Dictionary: 94 entries
INFO: Running with entropic power schedule (0xFF, 100).
INFO: Seed: 3306634474
INFO: Loaded 1 modules   (2372 inline 8-bit counters): 2372 [0xaaaad1a4a898, 0xaaaad1a4b1dc), 
INFO: Loaded 1 PC tables (2372 PCs): 2372 [0xaaaad1a4b1e0,0xaaaad1a54620), 
INFO:        2 files found in /b/runs/zlib__zlib_uncompress2_fuzzer/corpus
INFO: seed corpus: files: 2 min: 2b max: 2b total: 4b rss: 41Mb
#3	INITED cov: 40 ft: 41 corp: 2/4b exec/s: 0 rss: 42Mb
#14	NEW    cov: 46 ft: 54 corp: 3/5b lim: 4 exec/s: 0 rss: 42Mb L: 1/2 MS: 1 EraseBytes-
#2524	NEW    cov: 48 ft: 56 corp: 4/23b lim: 25 exec/s: 0 rss: 64Mb L: 18/18 MS: 5 ShuffleBytes-ChangeByte-ShuffleBytes-CrossOver-InsertRepeatedBytes-
#2586	REDUCE cov: 48 ft: 56 corp: 4/20b lim: 25 exec/s: 0 rss: 65Mb L: 15/15 MS: 2 ChangeByte-EraseBytes-
#2663	REDUCE cov: 48 ft: 56 corp: 4/15b lim: 25 exec/s: 0 rss: 65Mb L: 10/10 MS: 2 CopyPart-CrossOver-
#2725	REDUCE cov: 48 ft: 56 corp: 4/11b lim: 25 exec/s: 0 rss: 66Mb L: 6/6 MS: 2 ChangeBinInt-EraseBytes-
#2782	REDUCE cov: 48 ft: 56 corp: 4/9b lim: 25 exec/s: 0 rss: 67Mb L: 4/4 MS: 2 CopyPart-EraseBytes-
#2843	REDUCE cov: 48 ft: 56 corp: 4/7b lim: 25 exec/s: 0 rss: 67Mb L: 2/2 MS: 1 EraseBytes-
	NEW_FUNC[1/2]: 0xaaaad199cdd8 in adler32_z /b/zlib/adler32.c:61
	NEW_FUNC[2/2]: 0xaaaad199da70 in adler32 /b/zlib/adler32.c:128
#31765	REDUCE cov: 53 ft: 62 corp: 5/9b lim: 309 exec/s: 0 rss: 324Mb L: 2/2 MS: 2 ChangeBit-ChangeBit-
#31786	NEW    cov: 57 ft: 66 corp: 6/58b lim: 309 exec/s: 0 rss: 324Mb L: 49/49 MS: 1 InsertRepeatedBytes-
#31858	REDUCE cov: 57 ft: 66 corp: 6/41b lim: 309 exec/s: 0 rss: 325Mb L: 32/32 MS: 2 ChangeBinInt-EraseBytes-
#31880	REDUCE cov: 57 ft: 66 corp: 6/31b lim: 309 exec/s: 0 rss: 325Mb L: 22/22 MS: 2 ManualDict-EraseBytes- DE: "gray-listed"-
#31986	NEW    cov: 57 ft: 67 corp: 7/35b lim: 309 exec/s: 0 rss: 326Mb L: 4/22 MS: 1 CrossOver-
#31987	REDUCE cov: 57 ft: 67 corp: 7/25b lim: 309 exec/s: 0 rss: 326Mb L: 12/12 MS: 1 EraseBytes-
#32028	NEW    cov: 57 ft: 68 corp: 8/28b lim: 309 exec/s: 0 rss: 326Mb L: 3/12 MS: 1 EraseBytes-
#32041	REDUCE cov: 57 ft: 68 corp: 8/22b lim: 309 exec/s: 0 rss: 327Mb L: 6/6 MS: 3 ShuffleBytes-CopyPart-EraseBytes-
#34867	NEW    cov: 62 ft: 73 corp: 9/24b lim: 333 exec/s: 0 rss: 352Mb L: 2/6 MS: 1 ChangeBinInt-
	NEW_FUNC[1/2]: 0xaaaad19c7514 in inflate_fast /b/zlib/inffast.c:50
	NEW_FUNC[2/2]: 0xaaaad19d4074 in updatewindow /b/zlib/inflate.c:368
#34898	NEW    cov: 102 ft: 118 corp: 10/94b lim: 333 exec/s: 0 rss: 352Mb L: 70/70 MS: 1 InsertRepeatedBytes-
#34910	NEW    cov: 102 ft: 127 corp: 11/219b lim: 333 exec/s: 0 rss: 352Mb L: 125/125 MS: 2 ChangeBit-InsertRepeatedBytes-
#34916	NEW    cov: 108 ft: 142 corp: 12/344b lim: 333 exec/s: 0 rss: 352Mb L: 125/125 MS: 1 ChangeBinInt-
#34927	NEW    cov: 109 ft: 146 corp: 13/414b lim: 333 exec/s: 0 rss: 352Mb L: 70/125 MS: 1 ManualDict- DE: "file error"-
#34935	NEW    cov: 111 ft: 148 corp: 14/510b lim: 333 exec/s: 0 rss: 352Mb L: 96/125 MS: 3 CopyPart-ChangeBit-CrossOver-
#34957	NEW    cov: 115 ft: 157 corp: 15/547b lim: 333 exec/s: 0 rss: 352Mb L: 37/125 MS: 2 EraseBytes-EraseBytes-
	NEW_FUNC[1/1]: 0xaaaad19d6a38 in inflate_table /b/zlib/inftrees.c:34
#34960	NEW    cov: 138 ft: 184 corp: 16/677b lim: 333 exec/s: 0 rss: 353Mb L: 130/130 MS: 3 ChangeBit-CrossOver-CMP- DE: "\017\000"-
#34966	NEW    cov: 138 ft: 185 corp: 17/795b lim: 333 exec/s: 0 rss: 353Mb L: 118/130 MS: 1 EraseBytes-
#34972	REDUCE cov: 138 ft: 185 corp: 17/758b lim: 333 exec/s: 0 rss: 353Mb L: 88/130 MS: 1 EraseBytes-
#34973	NEW    cov: 145 ft: 193 corp: 18/828b lim: 333 exec/s: 0 rss: 353Mb L: 70/130 MS: 1 CMP- DE: "\033\000\000\000\000\000\000\000"-
#34990	REDUCE cov: 145 ft: 193 corp: 18/776b lim: 333 exec/s: 0 rss: 353Mb L: 66/130 MS: 2 ChangeBit-EraseBytes-
#34998	NEW    cov: 145 ft: 199 corp: 19/866b lim: 333 exec/s: 0 rss: 353Mb L: 90/130 MS: 3 EraseBytes-ShuffleBytes-CrossOver-
#35007	NEW    cov: 145 ft: 203 corp: 20/1037b lim: 333 exec/s: 0 rss: 353Mb L: 171/171 MS: 4 PersAutoDict-ChangeByte-InsertByte-InsertRepeatedBytes- DE: "file error"-
#35015	NEW    cov: 146 ft: 204 corp: 21/1108b lim: 333 exec/s: 0 rss: 353Mb L: 71/171 MS: 3 CrossOver-EraseBytes-InsertRepeatedBytes-
#35023	NEW    cov: 146 ft: 208 corp: 22/1148b lim: 333 exec/s: 0 rss: 353Mb L: 40/171 MS: 3 CrossOver-ChangeBit-ShuffleBytes-
#35030	NEW    cov: 146 ft: 211 corp: 23/1275b lim: 333 exec/s: 0 rss: 353Mb L: 127/171 MS: 2 ChangeBinInt-PersAutoDict- DE: "\017\000"-
#35034	NEW    cov: 147 ft: 213 corp: 24/1450b lim: 333 exec/s: 0 rss: 354Mb L: 175/175 MS: 4 CrossOver-ShuffleBytes-CopyPart-InsertRepeatedBytes-
#35079	REDUCE cov: 147 ft: 213 corp: 24/1442b lim: 333 exec/s: 0 rss: 354Mb L: 58/175 MS: 5 ChangeBinInt-ChangeBit-ManualDict-ChangeByte-EraseBytes- DE: "invalid match"-
#35090	NEW    cov: 148 ft: 215 corp: 25/1512b lim: 333 exec/s: 0 rss: 354Mb L: 70/175 MS: 1 ChangeBit-
#35095	NEW    cov: 148 ft: 218 corp: 26/1732b lim: 333 exec/s: 0 rss: 354Mb L: 220/220 MS: 5 CopyPart-ManualDict-CMP-EraseBytes-CopyPart- DE: "do {}"-"\377\377\377\377\377\377\377K"-
#35096	NEW    cov: 149 ft: 219 corp: 27/1804b lim: 333 exec/s: 0 rss: 354Mb L: 72/220 MS: 1 EraseBytes-
#35099	REDUCE cov: 149 ft: 219 corp: 27/1803b lim: 333 exec/s: 0 rss: 354Mb L: 89/220 MS: 3 ChangeByte-ChangeBit-EraseBytes-
#35106	REDUCE cov: 149 ft: 219 corp: 27/1800b lim: 333 exec/s: 0 rss: 354Mb L: 67/220 MS: 2 ChangeBit-EraseBytes-
#35117	REDUCE cov: 149 ft: 219 corp: 27/1760b lim: 333 exec/s: 0 rss: 355Mb L: 49/220 MS: 1 EraseBytes-
#35128	NEW    cov: 150 ft: 220 corp: 28/1887b lim: 333 exec/s: 0 rss: 355Mb L: 127/220 MS: 1 ChangeByte-
#35149	REDUCE cov: 150 ft: 220 corp: 28/1864b lim: 333 exec/s: 0 rss: 355Mb L: 65/220 MS: 1 EraseBytes-
#35152	REDUCE cov: 150 ft: 223 corp: 29/1989b lim: 333 exec/s: 0 rss: 355Mb L: 125/220 MS: 3 ChangeBinInt-CopyPart-CrossOver-
#35154	NEW    cov: 150 ft: 225 corp: 30/2085b lim: 333 exec/s: 0 rss: 355Mb L: 96/220 MS: 2 ShuffleBytes-ChangeByte-
#35156	NEW    cov: 158 ft: 238 corp: 31/2158b lim: 333 exec/s: 0 rss: 355Mb L: 73/220 MS: 2 EraseBytes-ManualDict- DE: " (last)"-
#35158	NEW    cov: 158 ft: 239 corp: 32/2333b lim: 333 exec/s: 0 rss: 355Mb L: 175/220 MS: 2 InsertRepeatedBytes-PersAutoDict- DE: "\017\000"-
#35160	REDUCE cov: 158 ft: 239 corp: 32/2326b lim: 333 exec/s: 0 rss: 355Mb L: 30/220 MS: 2 ManualDict-EraseBytes- DE: " : "-
#35175	NEW    cov: 158 ft: 244 corp: 33/2422b lim: 333 exec/s: 0 rss: 355Mb L: 96/220 MS: 5 ChangeBinInt-ManualDict-ChangeBit-CrossOver-ChangeByte- DE: "header crc mismatch"-
#35223	NEW    cov: 158 ft: 250 corp: 34/2593b lim: 333 exec/s: 0 rss: 356Mb L: 171/220 MS: 3 CrossOver-ChangeBit-ManualDict- DE: "invalid distance too far back"-
#35244	NEW    cov: 158 ft: 251 corp: 35/2768b lim: 333 exec/s: 0 rss: 356Mb L: 175/220 MS: 1 CrossOver-
#35245	NEW    cov: 158 ft: 252 corp: 36/2902b lim: 333 exec/s: 0 rss: 356Mb L: 134/220 MS: 1 PersAutoDict- DE: " (last)"-
#35258	REDUCE cov: 158 ft: 252 corp: 36/2877b lim: 333 exec/s: 0 rss: 356Mb L: 46/220 MS: 3 ChangeBit-ManualDict-EraseBytes- DE: "need lookahead"-
#35275	REDUCE cov: 158 ft: 257 corp: 37/2907b lim: 333 exec/s: 0 rss: 356Mb L: 30/220 MS: 2 ManualDict-CopyPart- DE: "block-listed"-
#35312	NEW    cov: 158 ft: 259 corp: 38/3139b lim: 333 exec/s: 0 rss: 357Mb L: 232/232 MS: 2 ChangeBinInt-CopyPart-
#35328	NEW    cov: 166 ft: 276 corp: 39/3273b lim: 333 exec/s: 0 rss: 357Mb L: 134/232 MS: 1 PersAutoDict- DE: " : "-
#35329	REDUCE cov: 166 ft: 277 corp: 40/3331b lim: 333 exec/s: 0 rss: 357Mb L: 58/232 MS: 1 ChangeByte-
#35366	REDUCE cov: 166 ft: 277 corp: 40/3307b lim: 333 exec/s: 0 rss: 357Mb L: 34/232 MS: 2 ChangeBinInt-EraseBytes-
#35424	NEW    cov: 167 ft: 281 corp: 41/3466b lim: 333 exec/s: 0 rss: 358Mb L: 159/232 MS: 3 ShuffleBytes-InsertRepeatedBytes-CrossOver-
#35441	NEW    cov: 168 ft: 282 corp: 42/3649b lim: 333 exec/s: 0 rss: 358Mb L: 183/232 MS: 2 ShuffleBytes-InsertRepeatedBytes-
#35442	NEW    cov: 169 ft: 288 corp: 43/3832b lim: 333 exec/s: 0 rss: 358Mb L: 183/232 MS: 1 CopyPart-
#35449	REDUCE cov: 169 ft: 288 corp: 43/3809b lim: 333 exec/s: 0 rss: 358Mb L: 23/232 MS: 2 CopyPart-EraseBytes-
#35460	NEW    cov: 172 ft: 293 corp: 44/3906b lim: 333 exec/s: 0 rss: 358Mb L: 97/232 MS: 1 EraseBytes-
#35471	NEW    cov: 172 ft: 294 corp: 45/3920b lim: 333 exec/s: 0 rss: 359Mb L: 14/232 MS: 1 CrossOver-
#35478	REDUCE cov: 172 ft: 294 corp: 45/3836b lim: 333 exec/s: 0 rss: 359Mb L: 87/232 MS: 2 ChangeBinInt-EraseBytes-
#35493	NEW    cov: 174 ft: 299 corp: 46/4038b lim: 333 exec/s: 0 rss: 359Mb L: 202/232 MS: 5 InsertByte-CrossOver-ShuffleBytes-InsertByte-CMP- DE: "\002\000\000\000\000\000\000\000"-
#35536	REDUCE cov: 174 ft: 299 corp: 46/4025b lim: 333 exec/s: 0 rss: 359Mb L: 17/232 MS: 3 ShuffleBytes-ChangeBinInt-EraseBytes-
#35537	NEW    cov: 174 ft: 300 corp: 47/4356b lim: 333 exec/s: 0 rss: 359Mb L: 331/331 MS: 1 CopyPart-
#35540	NEW    cov: 174 ft: 301 corp: 48/4423b lim: 333 exec/s: 0 rss: 359Mb L: 67/331 MS: 3 CrossOver-CMP-PersAutoDict- DE: "\377\377\377\377\377\377\377:"-"header crc mismatch"-
#35558	NEW    cov: 174 ft: 302 corp: 49/4609b lim: 333 exec/s: 0 rss: 359Mb L: 186/331 MS: 3 ShuffleBytes-CrossOver-ManualDict- DE: "incompatible version"-
#35599	NEW    cov: 174 ft: 303 corp: 50/4802b lim: 333 exec/s: 0 rss: 360Mb L: 193/331 MS: 1 CopyPart-
#35626	NEW    cov: 174 ft: 305 corp: 51/4985b lim: 333 exec/s: 0 rss: 360Mb L: 183/331 MS: 2 ManualDict-ChangeBinInt- DE: "invalid literal/lengths set"-
#35629	NEW    cov: 175 ft: 315 corp: 52/5099b lim: 333 exec/s: 0 rss: 360Mb L: 114/331 MS: 3 CrossOver-ChangeByte-InsertRepeatedBytes-
#35665	NEW    cov: 175 ft: 317 corp: 53/5218b lim: 333 exec/s: 0 rss: 360Mb L: 119/331 MS: 1 InsertRepeatedBytes-
#35670	NEW    cov: 175 ft: 318 corp: 54/5370b lim: 333 exec/s: 0 rss: 361Mb L: 152/331 MS: 5 CopyPart-InsertByte-CopyPart-EraseBytes-ManualDict- DE: "     */"-
#35671	REDUCE cov: 175 ft: 318 corp: 54/5352b lim: 333 exec/s: 0 rss: 361Mb L: 40/331 MS: 1 EraseBytes-
#35672	NEW    cov: 175 ft: 320 corp: 55/5366b lim: 333 exec/s: 0 rss: 361Mb L: 14/331 MS: 1 ShuffleBytes-
#35733	REDUCE cov: 175 ft: 320 corp: 55/5364b lim: 333 exec/s: 0 rss: 362Mb L: 125/331 MS: 1 EraseBytes-
#35736	NEW    cov: 175 ft: 324 corp: 56/5443b lim: 333 exec/s: 0 rss: 362Mb L: 79/331 MS: 3 PersAutoDict-ShuffleBytes-EraseBytes- DE: "header crc mismatch"-
#35739	NEW    cov: 177 ft: 326 corp: 57/5539b lim: 333 exec/s: 0 rss: 362Mb L: 96/331 MS: 3 EraseBytes-ChangeByte-CrossOver-
#35743	REDUCE cov: 179 ft: 328 corp: 58/5568b lim: 333 exec/s: 0 rss: 362Mb L: 29/331 MS: 4 PersAutoDict-ChangeBinInt-CrossOver-ShuffleBytes- DE: "do {}"-
#35790	REDUCE cov: 179 ft: 328 corp: 58/5557b lim: 333 exec/s: 0 rss: 362Mb L: 56/331 MS: 2 ChangeBinInt-EraseBytes-
#35837	NEW    cov: 179 ft: 329 corp: 59/5860b lim: 333 exec/s: 0 rss: 362Mb L: 303/331 MS: 2 ChangeByte-CopyPart-
#35878	NEW    cov: 179 ft: 331 corp: 60/5990b lim: 333 exec/s: 0 rss: 363Mb L: 130/331 MS: 1 CrossOver-
#35935	REDUCE cov: 179 ft: 331 corp: 60/5947b lim: 333 exec/s: 0 rss: 363Mb L: 177/331 MS: 2 CMP-EraseBytes- DE: "\377*"-
#35956	NEW    cov: 179 ft: 332 corp: 61/5961b lim: 333 exec/s: 0 rss: 364Mb L: 14/331 MS: 1 ChangeByte-
#35970	NEW    cov: 180 ft: 333 corp: 62/6073b lim: 333 exec/s: 0 rss: 364Mb L: 112/331 MS: 4 ChangeBinInt-ManualDict-CMP-CMP- DE: "block-listed"-"\377\377"-"\001\000"-
#35996	REDUCE cov: 180 ft: 333 corp: 62/6071b lim: 333 exec/s: 0 rss: 364Mb L: 95/331 MS: 1 EraseBytes-
#35997	NEW    cov: 180 ft: 334 corp: 63/6085b lim: 333 exec/s: 0 rss: 364Mb L: 14/331 MS: 1 PersAutoDict- DE: "\002\000\000\000\000\000\000\000"-
#36008	NEW    cov: 180 ft: 337 corp: 64/6157b lim: 333 exec/s: 0 rss: 365Mb L: 72/331 MS: 1 CopyPart-
#36016	REDUCE cov: 181 ft: 338 corp: 65/6181b lim: 333 exec/s: 0 rss: 365Mb L: 24/331 MS: 3 InsertRepeatedBytes-ChangeByte-CrossOver-
#36032	NEW    cov: 181 ft: 340 corp: 66/6356b lim: 333 exec/s: 0 rss: 365Mb L: 175/331 MS: 1 ShuffleBytes-
#36034	REDUCE cov: 181 ft: 340 corp: 66/6349b lim: 333 exec/s: 0 rss: 365Mb L: 65/331 MS: 2 EraseBytes-CopyPart-
#36039	NEW    cov: 181 ft: 341 corp: 67/6680b lim: 333 exec/s: 0 rss: 365Mb L: 331/331 MS: 5 CopyPart-CopyPart-ShuffleBytes-PersAutoDict-InsertRepeatedBytes- DE: "\377\377\377\377\377\377\377K"-
#36066	REDUCE cov: 181 ft: 341 corp: 67/6668b lim: 333 exec/s: 0 rss: 365Mb L: 22/331 MS: 2 ChangeByte-EraseBytes-
#36128	NEW    cov: 181 ft: 342 corp: 68/6851b lim: 333 exec/s: 0 rss: 366Mb L: 183/331 MS: 2 ChangeBinInt-ManualDict- DE: "lost buf"-
#36139	NEW    cov: 181 ft: 343 corp: 69/7034b lim: 333 exec/s: 0 rss: 366Mb L: 183/331 MS: 1 PersAutoDict- DE: "invalid distance too far back"-
#36146	REDUCE cov: 182 ft: 344 corp: 70/7131b lim: 333 exec/s: 0 rss: 366Mb L: 97/331 MS: 2 EraseBytes-InsertRepeatedBytes-
#36149	NEW    cov: 188 ft: 350 corp: 71/7272b lim: 333 exec/s: 0 rss: 366Mb L: 141/331 MS: 3 ShuffleBytes-InsertRepeatedBytes-CrossOver-
#36162	REDUCE cov: 188 ft: 351 corp: 72/7456b lim: 333 exec/s: 0 rss: 366Mb L: 184/331 MS: 3 ChangeBit-ShuffleBytes-InsertRepeatedBytes-
#36170	NEW    cov: 188 ft: 352 corp: 73/7785b lim: 333 exec/s: 0 rss: 366Mb L: 329/331 MS: 3 InsertRepeatedBytes-PersAutoDict-InsertByte- DE: "\377\377\377\377\377\377\377K"-
#36171	REDUCE cov: 188 ft: 352 corp: 73/7746b lim: 333 exec/s: 0 rss: 366Mb L: 48/331 MS: 1 EraseBytes-
#36187	REDUCE cov: 188 ft: 352 corp: 73/7736b lim: 333 exec/s: 0 rss: 366Mb L: 30/331 MS: 1 EraseBytes-
#36299	REDUCE cov: 188 ft: 352 corp: 73/7725b lim: 333 exec/s: 0 rss: 368Mb L: 182/331 MS: 2 CMP-EraseBytes- DE: "\021\000"-
#36325	REDUCE cov: 188 ft: 352 corp: 73/7645b lim: 333 exec/s: 0 rss: 368Mb L: 122/331 MS: 1 EraseBytes-
#36377	NEW    cov: 189 ft: 353 corp: 74/7667b lim: 333 exec/s: 0 rss: 369Mb L: 22/331 MS: 2 EraseBytes-ManualDict- DE: "   {"-
#36402	REDUCE cov: 189 ft: 353 corp: 74/7661b lim: 333 exec/s: 0 rss: 369Mb L: 169/331 MS: 5 PersAutoDict-ChangeBinInt-EraseBytes-ShuffleBytes-EraseBytes- DE: "invalid literal/lengths set"-
#36419	REDUCE cov: 198 ft: 365 corp: 75/7756b lim: 333 exec/s: 0 rss: 369Mb L: 95/331 MS: 2 ChangeByte-CMP- DE: "\024\000\000\000\000\000\000\000"-
#36465	REDUCE cov: 198 ft: 365 corp: 75/7753b lim: 333 exec/s: 0 rss: 369Mb L: 70/331 MS: 1 EraseBytes-
#36529	REDUCE cov: 198 ft: 365 corp: 75/7745b lim: 333 exec/s: 0 rss: 369Mb L: 48/331 MS: 4 PersAutoDict-ShuffleBytes-PersAutoDict-EraseBytes- DE: "do {}"-"gray-listed"-
#36545	REDUCE cov: 198 ft: 365 corp: 75/7685b lim: 333 exec/s: 0 rss: 369Mb L: 81/331 MS: 1 EraseBytes-
#36546	REDUCE cov: 198 ft: 365 corp: 75/7618b lim: 333 exec/s: 0 rss: 369Mb L: 104/331 MS: 1 EraseBytes-
#36568	REDUCE cov: 198 ft: 365 corp: 75/7574b lim: 333 exec/s: 0 rss: 369Mb L: 75/331 MS: 2 ShuffleBytes-EraseBytes-
#36572	NEW    cov: 200 ft: 368 corp: 76/7587b lim: 333 exec/s: 0 rss: 369Mb L: 13/331 MS: 4 ChangeASCIIInt-ManualDict-InsertRepeatedBytes-CrossOver- DE: "       subject to change. Applications should only use zlib.h."-
#36574	REDUCE cov: 200 ft: 368 corp: 76/7555b lim: 333 exec/s: 0 rss: 369Mb L: 63/331 MS: 2 ChangeBinInt-EraseBytes-
#36592	NEW    cov: 200 ft: 369 corp: 77/7572b lim: 333 exec/s: 0 rss: 369Mb L: 17/331 MS: 3 InsertByte-PersAutoDict-ChangeBit- DE: "\377*"-
#36616	REDUCE cov: 200 ft: 369 corp: 77/7570b lim: 333 exec/s: 0 rss: 369Mb L: 120/331 MS: 4 ManualDict-InsertByte-ChangeBit-EraseBytes- DE: "Code too clever"-
#36681	REDUCE cov: 200 ft: 371 corp: 78/7623b lim: 333 exec/s: 0 rss: 369Mb L: 53/331 MS: 5 ChangeBinInt-ManualDict-CopyPart-CrossOver-PersAutoDict- DE: "no flush?"-"do {}"-
#36698	NEW    cov: 200 ft: 375 corp: 79/7930b lim: 333 exec/s: 0 rss: 369Mb L: 307/331 MS: 2 ChangeByte-InsertRepeatedBytes-
#36836	REDUCE cov: 200 ft: 375 corp: 79/7922b lim: 333 exec/s: 0 rss: 369Mb L: 144/331 MS: 3 ChangeBinInt-ChangeASCIIInt-EraseBytes-
#36878	REDUCE cov: 200 ft: 375 corp: 79/7886b lim: 333 exec/s: 0 rss: 369Mb L: 147/331 MS: 2 ChangeASCIIInt-EraseBytes-
#36881	NEW    cov: 203 ft: 378 corp: 80/7903b lim: 333 exec/s: 0 rss: 369Mb L: 17/331 MS: 3 ChangeBinInt-ChangeByte-ChangeByte-
#36913	REDUCE cov: 204 ft: 379 corp: 81/7968b lim: 333 exec/s: 0 rss: 369Mb L: 65/331 MS: 2 ChangeBinInt-CopyPart-
#36917	NEW    cov: 204 ft: 380 corp: 82/8073b lim: 333 exec/s: 0 rss: 369Mb L: 105/331 MS: 4 EraseBytes-ChangeBit-PersAutoDict-ManualDict- DE: "     */"-"DEFLATE Compressed Data Format Specification"-
#36929	NEW    cov: 205 ft: 381 corp: 83/8305b lim: 333 exec/s: 0 rss: 370Mb L: 232/331 MS: 2 ManualDict-ChangeByte- DE: "'Deflate' Compressed Data Format Specification"-
#36993	REDUCE cov: 205 ft: 381 corp: 83/8279b lim: 333 exec/s: 0 rss: 370Mb L: 69/331 MS: 4 PersAutoDict-CMP-InsertByte-EraseBytes- DE: "\377\377\377\377\377\377\377:"-"\001\000\000\000\000\000\000="-
#37030	REDUCE cov: 205 ft: 381 corp: 83/8273b lim: 333 exec/s: 0 rss: 370Mb L: 17/331 MS: 2 PersAutoDict-EraseBytes- DE: "\377\377\377\377\377\377\377K"-
#37120	REDUCE cov: 205 ft: 381 corp: 83/8261b lim: 333 exec/s: 0 rss: 370Mb L: 57/331 MS: 5 ChangeBinInt-PersAutoDict-ChangeBinInt-CopyPart-EraseBytes- DE: " : "-
#37151	NEW    cov: 207 ft: 387 corp: 84/8275b lim: 333 exec/s: 0 rss: 370Mb L: 14/331 MS: 1 ChangeBinInt-
#37156	REDUCE cov: 207 ft: 387 corp: 84/8187b lim: 333 exec/s: 0 rss: 370Mb L: 219/331 MS: 5 ChangeByte-CopyPart-InsertRepeatedBytes-ChangeBit-EraseBytes-
#37218	NEW    cov: 207 ft: 388 corp: 85/8292b lim: 333 exec/s: 0 rss: 370Mb L: 105/331 MS: 2 ChangeByte-PersAutoDict- DE: "\001\000"-
#37224	REDUCE cov: 207 ft: 388 corp: 85/8244b lim: 333 exec/s: 0 rss: 370Mb L: 184/331 MS: 1 EraseBytes-
#37241	REDUCE cov: 209 ft: 393 corp: 86/8484b lim: 333 exec/s: 0 rss: 370Mb L: 240/331 MS: 2 ChangeBinInt-CopyPart-
#37249	REDUCE cov: 209 ft: 393 corp: 86/8460b lim: 333 exec/s: 0 rss: 370Mb L: 96/331 MS: 3 ChangeBinInt-ChangeBinInt-EraseBytes-
#37396	REDUCE cov: 209 ft: 393 corp: 86/8439b lim: 333 exec/s: 0 rss: 370Mb L: 104/331 MS: 2 ChangeBit-EraseBytes-
#37426	REDUCE cov: 209 ft: 393 corp: 86/8428b lim: 333 exec/s: 0 rss: 370Mb L: 208/331 MS: 5 InsertByte-ChangeBit-ChangeASCIIInt-CopyPart-EraseBytes-
#37427	REDUCE cov: 209 ft: 396 corp: 87/8465b lim: 333 exec/s: 0 rss: 370Mb L: 37/331 MS: 1 EraseBytes-
#37532	REDUCE cov: 209 ft: 397 corp: 88/8533b lim: 333 exec/s: 0 rss: 371Mb L: 68/331 MS: 5 ChangeBinInt-ChangeBit-InsertByte-ChangeByte-EraseBytes-
#37552	NEW    cov: 209 ft: 398 corp: 89/8735b lim: 333 exec/s: 0 rss: 371Mb L: 202/331 MS: 5 PersAutoDict-CopyPart-CrossOver-EraseBytes-CopyPart- DE: "lost buf"-
#37608	REDUCE cov: 209 ft: 398 corp: 89/8724b lim: 333 exec/s: 0 rss: 371Mb L: 19/331 MS: 1 EraseBytes-
#37614	NEW    cov: 209 ft: 400 corp: 90/8995b lim: 333 exec/s: 0 rss: 371Mb L: 271/331 MS: 1 CrossOver-
#37625	REDUCE cov: 209 ft: 400 corp: 90/8981b lim: 333 exec/s: 0 rss: 371Mb L: 43/331 MS: 1 EraseBytes-
#37627	REDUCE cov: 209 ft: 400 corp: 90/8980b lim: 333 exec/s: 0 rss: 371Mb L: 23/331 MS: 2 ChangeByte-EraseBytes-
#37646	NEW    cov: 209 ft: 401 corp: 91/9077b lim: 333 exec/s: 0 rss: 371Mb L: 97/331 MS: 4 PersAutoDict-ShuffleBytes-ChangeByte-PersAutoDict- DE: "DEFLATE Compressed Data Format Specification"-"file error"-
#37697	REDUCE cov: 209 ft: 401 corp: 91/9065b lim: 333 exec/s: 0 rss: 371Mb L: 58/331 MS: 1 EraseBytes-
#37717	NEW    cov: 209 ft: 402 corp: 92/9398b lim: 333 exec/s: 0 rss: 371Mb L: 333/333 MS: 5 ChangeByte-ChangeByte-CopyPart-ManualDict-ChangeByte- DE: "incompatible version"-
#37834	REDUCE cov: 209 ft: 402 corp: 92/9393b lim: 333 exec/s: 0 rss: 371Mb L: 44/333 MS: 2 ChangeBit-EraseBytes-
#37845	REDUCE cov: 209 ft: 402 corp: 92/9308b lim: 333 exec/s: 0 rss: 371Mb L: 123/333 MS: 1 EraseBytes-
#37876	REDUCE cov: 209 ft: 402 corp: 92/9236b lim: 333 exec/s: 0 rss: 371Mb L: 168/333 MS: 1 EraseBytes-
#37923	REDUCE cov: 209 ft: 402 corp: 92/9150b lim: 333 exec/s: 0 rss: 371Mb L: 82/333 MS: 2 InsertByte-CrossOver-
#37926	REDUCE cov: 209 ft: 402 corp: 92/9119b lim: 333 exec/s: 0 rss: 371Mb L: 298/333 MS: 3 ManualDict-ChangeByte-EraseBytes- DE: "invalid stored block lengths"-
#37927	REDUCE cov: 209 ft: 402 corp: 92/9117b lim: 333 exec/s: 0 rss: 371Mb L: 63/333 MS: 1 EraseBytes-
#37975	REDUCE cov: 209 ft: 402 corp: 92/9040b lim: 333 exec/s: 0 rss: 371Mb L: 98/333 MS: 3 ChangeByte-InsertByte-EraseBytes-
#38015	REDUCE cov: 209 ft: 402 corp: 92/9035b lim: 333 exec/s: 0 rss: 372Mb L: 17/333 MS: 5 ChangeBinInt-EraseBytes-PersAutoDict-InsertByte-CMP- DE: "\377\377"-"\373\377\377\377"-
#38026	REDUCE cov: 209 ft: 402 corp: 92/9031b lim: 333 exec/s: 0 rss: 372Mb L: 92/333 MS: 1 EraseBytes-
#38139	REDUCE cov: 209 ft: 402 corp: 92/8986b lim: 333 exec/s: 0 rss: 372Mb L: 124/333 MS: 3 ChangeByte-ChangeByte-EraseBytes-
#38146	REDUCE cov: 209 ft: 402 corp: 92/8982b lim: 333 exec/s: 0 rss: 372Mb L: 10/333 MS: 2 ChangeByte-EraseBytes-
#38158	REDUCE cov: 209 ft: 402 corp: 92/8954b lim: 333 exec/s: 0 rss: 372Mb L: 155/333 MS: 2 ShuffleBytes-EraseBytes-
#38162	NEW    cov: 209 ft: 403 corp: 93/9137b lim: 333 exec/s: 0 rss: 372Mb L: 183/333 MS: 4 ChangeBit-ChangeASCIIInt-CMP-ShuffleBytes- DE: "\003\000\000\000"-
#38188	REDUCE cov: 209 ft: 403 corp: 93/8999b lim: 333 exec/s: 0 rss: 372Mb L: 195/331 MS: 1 EraseBytes-
#38199	REDUCE cov: 209 ft: 403 corp: 93/8983b lim: 333 exec/s: 0 rss: 372Mb L: 66/331 MS: 1 EraseBytes-
#38205	REDUCE cov: 209 ft: 403 corp: 93/8961b lim: 333 exec/s: 0 rss: 372Mb L: 112/331 MS: 1 EraseBytes-
#38316	NEW    cov: 209 ft: 404 corp: 94/8998b lim: 333 exec/s: 0 rss: 372Mb L: 37/331 MS: 1 PersAutoDict- DE: "need lookahead"-
#38317	REDUCE cov: 209 ft: 405 corp: 95/9155b lim: 333 exec/s: 0 rss: 372Mb L: 157/331 MS: 1 PersAutoDict- DE: "\021\000"-
#38406	REDUCE cov: 209 ft: 405 corp: 95/9129b lim: 333 exec/s: 0 rss: 372Mb L: 27/331 MS: 4 CopyPart-ShuffleBytes-ShuffleBytes-EraseBytes-
#38423	NEW    cov: 209 ft: 406 corp: 96/9151b lim: 333 exec/s: 0 rss: 372Mb L: 22/331 MS: 2 CopyPart-PersAutoDict- DE: "\377*"-
#38430	REDUCE cov: 209 ft: 406 corp: 96/9150b lim: 333 exec/s: 0 rss: 373Mb L: 12/331 MS: 2 ChangeBinInt-EraseBytes-
#38456	REDUCE cov: 209 ft: 406 corp: 96/9139b lim: 333 exec/s: 0 rss: 373Mb L: 37/331 MS: 1 EraseBytes-
#38530	REDUCE cov: 209 ft: 406 corp: 96/9126b lim: 333 exec/s: 0 rss: 373Mb L: 17/331 MS: 4 ChangeBit-ChangeBit-CrossOver-InsertByte-
#38583	REDUCE cov: 209 ft: 406 corp: 96/9115b lim: 333 exec/s: 0 rss: 373Mb L: 171/331 MS: 3 InsertByte-InsertByte-EraseBytes-
#38615	REDUCE cov: 209 ft: 406 corp: 96/9101b lim: 333 exec/s: 0 rss: 373Mb L: 188/331 MS: 2 ChangeByte-EraseBytes-
#38678	NEW    cov: 209 ft: 407 corp: 97/9285b lim: 333 exec/s: 0 rss: 373Mb L: 184/331 MS: 3 PersAutoDict-ChangeBit-CopyPart- DE: "\024\000\000\000\000\000\000\000"-
#38769	REDUCE cov: 209 ft: 407 corp: 97/9270b lim: 333 exec/s: 0 rss: 373Mb L: 171/331 MS: 1 EraseBytes-
#38861	REDUCE cov: 209 ft: 407 corp: 97/9201b lim: 333 exec/s: 0 rss: 373Mb L: 115/331 MS: 2 ChangeBit-EraseBytes-
#38869	REDUCE cov: 209 ft: 408 corp: 98/9250b lim: 333 exec/s: 0 rss: 373Mb L: 49/331 MS: 3 CrossOver-InsertByte-CopyPart-
#38903	REDUCE cov: 209 ft: 408 corp: 98/9159b lim: 333 exec/s: 0 rss: 373Mb L: 97/331 MS: 4 ChangeBinInt-ChangeBit-ChangeBinInt-EraseBytes-
#39010	REDUCE cov: 209 ft: 408 corp: 98/9104b lim: 333 exec/s: 0 rss: 373Mb L: 75/331 MS: 2 PersAutoDict-EraseBytes- DE: "block-listed"-
#39071	NEW    cov: 209 ft: 414 corp: 99/9291b lim: 333 exec/s: 0 rss: 373Mb L: 187/331 MS: 1 InsertRepeatedBytes-
#39139	REDUCE cov: 209 ft: 414 corp: 99/9241b lim: 333 exec/s: 0 rss: 374Mb L: 65/331 MS: 3 PersAutoDict-ChangeByte-EraseBytes- DE: "block-listed"-
#39147	REDUCE cov: 209 ft: 414 corp: 99/9233b lim: 333 exec/s: 0 rss: 374Mb L: 9/331 MS: 3 ManualDict-EraseBytes-EraseBytes- DE: "allow-listed"-
#39173	REDUCE cov: 209 ft: 414 corp: 99/9228b lim: 333 exec/s: 0 rss: 374Mb L: 24/331 MS: 1 EraseBytes-
#39200	REDUCE cov: 209 ft: 414 corp: 99/9219b lim: 333 exec/s: 0 rss: 374Mb L: 88/331 MS: 2 ShuffleBytes-EraseBytes-
#39201	REDUCE cov: 209 ft: 414 corp: 99/9214b lim: 333 exec/s: 0 rss: 374Mb L: 32/331 MS: 1 EraseBytes-
#39224	REDUCE cov: 209 ft: 414 corp: 99/9195b lim: 333 exec/s: 0 rss: 374Mb L: 30/331 MS: 3 CrossOver-CMP-EraseBytes- DE: "0\000"-
#39258	REDUCE cov: 209 ft: 414 corp: 99/9186b lim: 333 exec/s: 0 rss: 374Mb L: 115/331 MS: 4 ChangeBit-ChangeByte-CrossOver-EraseBytes-
#39398	REDUCE cov: 209 ft: 415 corp: 100/9209b lim: 333 exec/s: 0 rss: 374Mb L: 23/331 MS: 5 ShuffleBytes-PersAutoDict-ShuffleBytes-ChangeByte-CrossOver- DE: "\377\377\377\377\377\377\377:"-
#39420	REDUCE cov: 209 ft: 415 corp: 100/9204b lim: 333 exec/s: 0 rss: 374Mb L: 110/331 MS: 2 PersAutoDict-CrossOver- DE: "header crc mismatch"-
#39551	NEW    cov: 209 ft: 420 corp: 101/9218b lim: 333 exec/s: 0 rss: 374Mb L: 14/331 MS: 1 CrossOver-
#39563	REDUCE cov: 209 ft: 420 corp: 101/9206b lim: 333 exec/s: 0 rss: 374Mb L: 111/331 MS: 2 ChangeByte-EraseBytes-
#39579	REDUCE cov: 209 ft: 421 corp: 102/9281b lim: 333 exec/s: 0 rss: 374Mb L: 75/331 MS: 1 ChangeBinInt-
#39625	REDUCE cov: 209 ft: 421 corp: 102/9267b lim: 333 exec/s: 0 rss: 374Mb L: 289/331 MS: 1 EraseBytes-
#39733	NEW    cov: 209 ft: 423 corp: 103/9330b lim: 333 exec/s: 0 rss: 374Mb L: 63/331 MS: 3 CMP-ShuffleBytes-InsertRepeatedBytes- DE: "\021\000\000\000\000\000\000\000"-
#39739	REDUCE cov: 209 ft: 423 corp: 103/9321b lim: 333 exec/s: 0 rss: 374Mb L: 56/331 MS: 1 EraseBytes-
#39749	REDUCE cov: 209 ft: 423 corp: 103/9313b lim: 333 exec/s: 0 rss: 374Mb L: 57/331 MS: 5 ChangeBit-CopyPart-ManualDict-EraseBytes-CMP- DE: "invalid code -- missing end-of-block"-"\373\377\377\377"-
#39802	REDUCE cov: 210 ft: 425 corp: 104/9435b lim: 333 exec/s: 0 rss: 375Mb L: 122/331 MS: 3 ChangeBit-CopyPart-ShuffleBytes-
#39909	REDUCE cov: 210 ft: 425 corp: 104/9399b lim: 333 exec/s: 0 rss: 375Mb L: 74/331 MS: 2 PersAutoDict-EraseBytes- DE: "invalid match"-
#39999	NEW    cov: 210 ft: 427 corp: 105/9561b lim: 333 exec/s: 0 rss: 375Mb L: 162/331 MS: 5 ChangeBit-ChangeByte-ChangeBit-CrossOver-PersAutoDict- DE: "\021\000"-
#40151	REDUCE cov: 210 ft: 427 corp: 105/9554b lim: 333 exec/s: 0 rss: 375Mb L: 176/331 MS: 2 ChangeByte-EraseBytes-
#40247	REDUCE cov: 210 ft: 429 corp: 106/9671b lim: 333 exec/s: 0 rss: 375Mb L: 117/331 MS: 1 InsertRepeatedBytes-
#40264	NEW    cov: 210 ft: 430 corp: 107/9788b lim: 333 exec/s: 0 rss: 375Mb L: 117/331 MS: 2 ChangeByte-PersAutoDict- DE: "do {}"-
#40275	REDUCE cov: 210 ft: 430 corp: 107/9778b lim: 333 exec/s: 0 rss: 375Mb L: 102/331 MS: 1 EraseBytes-
#40299	REDUCE cov: 210 ft: 430 corp: 107/9752b lim: 333 exec/s: 0 rss: 375Mb L: 91/331 MS: 4 CopyPart-CrossOver-ChangeByte-EraseBytes-
#40331	REDUCE cov: 211 ft: 431 corp: 108/9775b lim: 333 exec/s: 0 rss: 375Mb L: 23/331 MS: 2 ChangeBinInt-CopyPart-
#40372	REDUCE cov: 211 ft: 432 corp: 109/9831b lim: 333 exec/s: 0 rss: 375Mb L: 56/331 MS: 1 CrossOver-
#40378	REDUCE cov: 211 ft: 433 corp: 110/9869b lim: 333 exec/s: 0 rss: 375Mb L: 38/331 MS: 1 EraseBytes-
#40382	REDUCE cov: 211 ft: 433 corp: 110/9828b lim: 333 exec/s: 0 rss: 375Mb L: 64/331 MS: 4 CrossOver-CopyPart-CMP-EraseBytes- DE: "}\000\000\000\000\000\000\000"-
#40423	NEW    cov: 211 ft: 435 corp: 111/9956b lim: 333 exec/s: 0 rss: 375Mb L: 128/331 MS: 1 InsertRepeatedBytes-
#40430	REDUCE cov: 211 ft: 435 corp: 111/9876b lim: 333 exec/s: 0 rss: 375Mb L: 209/331 MS: 2 ShuffleBytes-EraseBytes-
#40481	REDUCE cov: 211 ft: 435 corp: 111/9858b lim: 333 exec/s: 0 rss: 375Mb L: 38/331 MS: 1 EraseBytes-
#40517	REDUCE cov: 211 ft: 435 corp: 111/9842b lim: 333 exec/s: 0 rss: 375Mb L: 112/331 MS: 1 EraseBytes-
#40518	REDUCE cov: 211 ft: 435 corp: 111/9837b lim: 333 exec/s: 0 rss: 375Mb L: 69/331 MS: 1 EraseBytes-
#40661	NEW    cov: 211 ft: 436 corp: 112/10010b lim: 333 exec/s: 0 rss: 376Mb L: 173/331 MS: 3 ChangeBinInt-InsertRepeatedBytes-ChangeBinInt-
#40662	REDUCE cov: 211 ft: 436 corp: 112/9877b lim: 333 exec/s: 0 rss: 376Mb L: 50/331 MS: 1 CrossOver-
#40715	NEW    cov: 211 ft: 437 corp: 113/9933b lim: 333 exec/s: 0 rss: 376Mb L: 56/331 MS: 3 ChangeByte-CrossOver-PersAutoDict- DE: "do {}"-
#40816	REDUCE cov: 211 ft: 437 corp: 113/9924b lim: 333 exec/s: 0 rss: 376Mb L: 72/331 MS: 1 EraseBytes-
#40818	REDUCE cov: 211 ft: 437 corp: 113/9919b lim: 333 exec/s: 0 rss: 376Mb L: 112/331 MS: 2 ChangeBinInt-EraseBytes-
#40874	REDUCE cov: 211 ft: 437 corp: 113/9878b lim: 333 exec/s: 0 rss: 376Mb L: 81/331 MS: 1 EraseBytes-
#41067	REDUCE cov: 211 ft: 437 corp: 113/9847b lim: 333 exec/s: 0 rss: 377Mb L: 164/331 MS: 3 ChangeByte-ChangeBit-EraseBytes-
#41092	REDUCE cov: 211 ft: 437 corp: 113/9841b lim: 333 exec/s: 0 rss: 377Mb L: 11/331 MS: 5 ShuffleBytes-CrossOver-InsertByte-CopyPart-EraseBytes-
#41234	REDUCE cov: 211 ft: 437 corp: 113/9814b lim: 333 exec/s: 0 rss: 377Mb L: 85/331 MS: 2 ChangeByte-EraseBytes-
#41390	REDUCE cov: 211 ft: 437 corp: 113/9803b lim: 333 exec/s: 0 rss: 377Mb L: 119/331 MS: 1 EraseBytes-
#41475	REDUCE cov: 211 ft: 437 corp: 113/9766b lim: 333 exec/s: 0 rss: 377Mb L: 74/331 MS: 5 ShuffleBytes-ChangeBit-PersAutoDict-PersAutoDict-EraseBytes- DE: "do {}"-"block-listed"-
#41533	REDUCE cov: 211 ft: 437 corp: 113/9751b lim: 333 exec/s: 0 rss: 378Mb L: 70/331 MS: 3 ChangeByte-ChangeBinInt-EraseBytes-
#41569	REDUCE cov: 211 ft: 437 corp: 113/9747b lim: 333 exec/s: 0 rss: 378Mb L: 65/331 MS: 1 EraseBytes-
#41585	REDUCE cov: 211 ft: 437 corp: 113/9680b lim: 333 exec/s: 0 rss: 378Mb L: 116/331 MS: 1 EraseBytes-
#41662	REDUCE cov: 211 ft: 437 corp: 113/9669b lim: 333 exec/s: 0 rss: 378Mb L: 85/331 MS: 2 ManualDict-EraseBytes- DE: "scan[2]?"-
#41738	REDUCE cov: 211 ft: 437 corp: 113/9654b lim: 333 exec/s: 0 rss: 378Mb L: 101/331 MS: 1 EraseBytes-
#41890	REDUCE cov: 211 ft: 437 corp: 113/9644b lim: 333 exec/s: 0 rss: 378Mb L: 91/331 MS: 2 CopyPart-EraseBytes-
#41915	REDUCE cov: 211 ft: 437 corp: 113/9618b lim: 333 exec/s: 0 rss: 378Mb L: 59/331 MS: 5 ChangeByte-ChangeASCIIInt-ChangeBit-ChangeByte-EraseBytes-
#41921	REDUCE cov: 211 ft: 437 corp: 113/9610b lim: 333 exec/s: 0 rss: 378Mb L: 29/331 MS: 1 EraseBytes-
#41962	REDUCE cov: 211 ft: 437 corp: 113/9596b lim: 333 exec/s: 0 rss: 378Mb L: 51/331 MS: 1 EraseBytes-
#42030	REDUCE cov: 211 ft: 437 corp: 113/9593b lim: 333 exec/s: 0 rss: 378Mb L: 37/331 MS: 3 ChangeBinInt-ChangeBit-EraseBytes-
#42066	REDUCE cov: 211 ft: 437 corp: 113/9588b lim: 333 exec/s: 0 rss: 378Mb L: 46/331 MS: 1 EraseBytes-
#42097	REDUCE cov: 211 ft: 437 corp: 113/9585b lim: 333 exec/s: 0 rss: 378Mb L: 8/331 MS: 1 EraseBytes-
#42103	REDUCE cov: 211 ft: 437 corp: 113/9583b lim: 333 exec/s: 0 rss: 378Mb L: 117/331 MS: 1 EraseBytes-
#42296	REDUCE cov: 211 ft: 437 corp: 113/9581b lim: 333 exec/s: 0 rss: 379Mb L: 42/331 MS: 3 PersAutoDict-ShuffleBytes-EraseBytes- DE: "block-listed"-
#42322	NEW    cov: 213 ft: 439 corp: 114/9638b lim: 333 exec/s: 0 rss: 379Mb L: 57/331 MS: 1 InsertByte-
#42323	REDUCE cov: 213 ft: 439 corp: 114/9617b lim: 333 exec/s: 0 rss: 379Mb L: 43/331 MS: 1 EraseBytes-
#42344	REDUCE cov: 214 ft: 440 corp: 115/9660b lim: 333 exec/s: 0 rss: 379Mb L: 43/331 MS: 1 ManualDict- DE: "longest match"-
#42360	REDUCE cov: 214 ft: 440 corp: 115/9640b lim: 333 exec/s: 0 rss: 379Mb L: 37/331 MS: 1 EraseBytes-
#42416	REDUCE cov: 214 ft: 443 corp: 116/9726b lim: 333 exec/s: 0 rss: 379Mb L: 86/331 MS: 1 CopyPart-
#42449	NEW    cov: 214 ft: 445 corp: 117/9851b lim: 333 exec/s: 0 rss: 379Mb L: 125/331 MS: 3 ChangeBit-PersAutoDict-EraseBytes- DE: "\002\000\000\000\000\000\000\000"-
#42521	REDUCE cov: 214 ft: 445 corp: 117/9845b lim: 333 exec/s: 0 rss: 379Mb L: 31/331 MS: 2 CopyPart-EraseBytes-
#42578	REDUCE cov: 214 ft: 445 corp: 117/9830b lim: 333 exec/s: 0 rss: 379Mb L: 119/331 MS: 2 ShuffleBytes-EraseBytes-
#42674	REDUCE cov: 214 ft: 445 corp: 117/9823b lim: 333 exec/s: 0 rss: 379Mb L: 35/331 MS: 1 EraseBytes-
#42757	REDUCE cov: 214 ft: 446 corp: 118/9915b lim: 333 exec/s: 0 rss: 379Mb L: 92/331 MS: 3 PersAutoDict-ChangeByte-EraseBytes- DE: "\024\000\000\000\000\000\000\000"-
#42804	NEW    cov: 214 ft: 450 corp: 119/9972b lim: 333 exec/s: 0 rss: 379Mb L: 57/331 MS: 2 InsertByte-CopyPart-
#42810	NEW    cov: 216 ft: 452 corp: 120/10159b lim: 333 exec/s: 0 rss: 379Mb L: 187/331 MS: 1 ChangeByte-
#42932	REDUCE cov: 216 ft: 452 corp: 120/10157b lim: 333 exec/s: 0 rss: 380Mb L: 20/331 MS: 2 ChangeByte-EraseBytes-
#42972	REDUCE cov: 216 ft: 452 corp: 120/10125b lim: 333 exec/s: 0 rss: 380Mb L: 72/331 MS: 5 EraseBytes-ChangeByte-ChangeByte-ChangeBit-ChangeByte-
#42980	REDUCE cov: 216 ft: 452 corp: 120/10121b lim: 333 exec/s: 0 rss: 380Mb L: 39/331 MS: 3 CrossOver-ChangeBinInt-CrossOver-
#42997	REDUCE cov: 216 ft: 452 corp: 120/10091b lim: 333 exec/s: 0 rss: 380Mb L: 97/331 MS: 2 CopyPart-EraseBytes-
#43104	NEW    cov: 216 ft: 453 corp: 121/10279b lim: 333 exec/s: 0 rss: 380Mb L: 188/331 MS: 2 ChangeBit-InsertByte-
#43143	REDUCE cov: 216 ft: 453 corp: 121/10271b lim: 333 exec/s: 0 rss: 380Mb L: 62/331 MS: 4 CMP-InsertRepeatedBytes-EraseBytes-EraseBytes- DE: "\001\020"-
#43243	REDUCE cov: 216 ft: 453 corp: 121/10267b lim: 333 exec/s: 0 rss: 380Mb L: 31/331 MS: 5 ChangeByte-InsertByte-ShuffleBytes-CopyPart-EraseBytes-
#43514	REDUCE cov: 216 ft: 453 corp: 121/10262b lim: 333 exec/s: 0 rss: 381Mb L: 91/331 MS: 1 EraseBytes-
#43607	REDUCE cov: 216 ft: 453 corp: 121/10252b lim: 333 exec/s: 0 rss: 381Mb L: 49/331 MS: 3 ChangeBinInt-ChangeByte-EraseBytes-
#43758	NEW    cov: 216 ft: 454 corp: 122/10347b lim: 333 exec/s: 0 rss: 381Mb L: 95/331 MS: 1 InsertRepeatedBytes-
#43796	REDUCE cov: 216 ft: 454 corp: 122/10340b lim: 333 exec/s: 0 rss: 381Mb L: 98/331 MS: 3 CopyPart-ShuffleBytes-EraseBytes-
#44033	REDUCE cov: 216 ft: 454 corp: 122/10338b lim: 333 exec/s: 0 rss: 381Mb L: 77/331 MS: 2 CopyPart-EraseBytes-
#44139	REDUCE cov: 216 ft: 454 corp: 122/10306b lim: 333 exec/s: 0 rss: 381Mb L: 130/331 MS: 1 EraseBytes-
#44363	REDUCE cov: 216 ft: 455 corp: 123/10336b lim: 333 exec/s: 0 rss: 382Mb L: 30/331 MS: 4 ChangeASCIIInt-ChangeByte-ChangeBinInt-ChangeByte-
#44409	NEW    cov: 216 ft: 456 corp: 124/10375b lim: 333 exec/s: 0 rss: 382Mb L: 39/331 MS: 1 InsertByte-
#44586	REDUCE cov: 216 ft: 456 corp: 124/10365b lim: 333 exec/s: 0 rss: 382Mb L: 65/331 MS: 2 PersAutoDict-EraseBytes- DE: "\377*"-
#44722	NEW    cov: 216 ft: 457 corp: 125/10554b lim: 333 exec/s: 0 rss: 382Mb L: 189/331 MS: 1 InsertByte-
#44755	NEW    cov: 216 ft: 458 corp: 126/10626b lim: 333 exec/s: 0 rss: 382Mb L: 72/331 MS: 3 ChangeBinInt-CopyPart-ChangeBinInt-
#44806	NEW    cov: 216 ft: 460 corp: 127/10847b lim: 333 exec/s: 0 rss: 382Mb L: 221/331 MS: 1 InsertRepeatedBytes-
#44849	REDUCE cov: 216 ft: 460 corp: 127/10839b lim: 333 exec/s: 0 rss: 382Mb L: 163/331 MS: 3 ChangeBit-ChangeByte-EraseBytes-
#44938	REDUCE cov: 216 ft: 461 corp: 128/11003b lim: 333 exec/s: 0 rss: 382Mb L: 164/331 MS: 4 CopyPart-InsertRepeatedBytes-InsertRepeatedBytes-ShuffleBytes-
#44969	REDUCE cov: 216 ft: 461 corp: 128/10995b lim: 333 exec/s: 0 rss: 382Mb L: 22/331 MS: 1 EraseBytes-
#45160	REDUCE cov: 216 ft: 461 corp: 128/10953b lim: 333 exec/s: 0 rss: 383Mb L: 70/331 MS: 1 EraseBytes-
#45242	REDUCE cov: 216 ft: 461 corp: 128/10935b lim: 333 exec/s: 0 rss: 383Mb L: 54/331 MS: 2 EraseBytes-CopyPart-
#45243	REDUCE cov: 216 ft: 461 corp: 128/10934b lim: 333 exec/s: 0 rss: 383Mb L: 47/331 MS: 1 EraseBytes-
#45270	REDUCE cov: 216 ft: 461 corp: 128/10920b lim: 333 exec/s: 0 rss: 383Mb L: 103/331 MS: 2 ChangeByte-EraseBytes-
#45271	REDUCE cov: 216 ft: 461 corp: 128/10919b lim: 333 exec/s: 0 rss: 383Mb L: 42/331 MS: 1 EraseBytes-
#45319	NEW    cov: 216 ft: 462 corp: 129/10989b lim: 333 exec/s: 0 rss: 383Mb L: 70/331 MS: 3 ChangeBinInt-ChangeBit-CopyPart-
#45320	REDUCE cov: 216 ft: 462 corp: 129/10943b lim: 333 exec/s: 0 rss: 383Mb L: 142/331 MS: 1 EraseBytes-
#45404	REDUCE cov: 216 ft: 462 corp: 129/10905b lim: 333 exec/s: 0 rss: 383Mb L: 57/331 MS: 4 ChangeBit-PersAutoDict-ManualDict-EraseBytes- DE: "scan[2]?"-"internal error: inflate stream corrupt"-
#45466	REDUCE cov: 216 ft: 462 corp: 129/10888b lim: 333 exec/s: 0 rss: 383Mb L: 39/331 MS: 2 ChangeByte-EraseBytes-
#45555	REDUCE cov: 216 ft: 462 corp: 129/10860b lim: 333 exec/s: 0 rss: 383Mb L: 44/331 MS: 4 InsertByte-ChangeByte-ChangeByte-EraseBytes-
#45578	REDUCE cov: 216 ft: 462 corp: 129/10856b lim: 333 exec/s: 0 rss: 383Mb L: 71/331 MS: 3 ChangeBit-ChangeBinInt-EraseBytes-
#45629	NEW    cov: 216 ft: 466 corp: 130/10865b lim: 333 exec/s: 0 rss: 383Mb L: 9/331 MS: 1 EraseBytes-
#45695	REDUCE cov: 216 ft: 466 corp: 130/10803b lim: 333 exec/s: 0 rss: 384Mb L: 95/331 MS: 1 EraseBytes-
#45752	REDUCE cov: 216 ft: 466 corp: 130/10794b lim: 333 exec/s: 0 rss: 384Mb L: 47/331 MS: 2 ChangeBit-EraseBytes-
#45964	REDUCE cov: 216 ft: 466 corp: 130/10781b lim: 333 exec/s: 0 rss: 384Mb L: 285/331 MS: 2 ChangeByte-EraseBytes-
#46115	REDUCE cov: 216 ft: 466 corp: 130/10780b lim: 333 exec/s: 0 rss: 385Mb L: 28/331 MS: 1 EraseBytes-
#46122	REDUCE cov: 216 ft: 466 corp: 130/10751b lim: 333 exec/s: 0 rss: 385Mb L: 83/331 MS: 2 ChangeByte-EraseBytes-
#46128	REDUCE cov: 216 ft: 466 corp: 130/10718b lim: 333 exec/s: 0 rss: 385Mb L: 42/331 MS: 1 EraseBytes-
#46129	NEW    cov: 216 ft: 467 corp: 131/10730b lim: 333 exec/s: 0 rss: 385Mb L: 12/331 MS: 1 EraseBytes-
#46130	REDUCE cov: 216 ft: 467 corp: 131/10720b lim: 333 exec/s: 0 rss: 385Mb L: 21/331 MS: 1 EraseBytes-
#46218	REDUCE cov: 216 ft: 467 corp: 131/10711b lim: 333 exec/s: 0 rss: 385Mb L: 63/331 MS: 3 InsertByte-EraseBytes-PersAutoDict- DE: "scan[2]?"-
#46234	NEW    cov: 216 ft: 469 corp: 132/10888b lim: 333 exec/s: 0 rss: 385Mb L: 177/331 MS: 1 InsertRepeatedBytes-
#46275	REDUCE cov: 216 ft: 469 corp: 132/10886b lim: 333 exec/s: 0 rss: 385Mb L: 22/331 MS: 1 EraseBytes-
#46296	REDUCE cov: 217 ft: 470 corp: 133/10928b lim: 333 exec/s: 0 rss: 385Mb L: 42/331 MS: 1 CrossOver-
#46329	REDUCE cov: 217 ft: 470 corp: 133/10911b lim: 333 exec/s: 0 rss: 385Mb L: 80/331 MS: 3 ChangeBit-ChangeBit-EraseBytes-
#46330	REDUCE cov: 217 ft: 470 corp: 133/10889b lim: 333 exec/s: 0 rss: 385Mb L: 162/331 MS: 1 EraseBytes-
#46461	REDUCE cov: 217 ft: 470 corp: 133/10839b lim: 333 exec/s: 0 rss: 385Mb L: 127/331 MS: 1 EraseBytes-
#46672	REDUCE cov: 217 ft: 470 corp: 133/10809b lim: 333 exec/s: 0 rss: 385Mb L: 202/331 MS: 1 EraseBytes-
#46701	REDUCE cov: 217 ft: 470 corp: 133/10798b lim: 333 exec/s: 0 rss: 385Mb L: 9/331 MS: 4 EraseBytes-ChangeBit-CopyPart-EraseBytes-
#46748	REDUCE cov: 217 ft: 470 corp: 133/10794b lim: 333 exec/s: 0 rss: 385Mb L: 38/331 MS: 2 PersAutoDict-EraseBytes- DE: "     */"-
#46782	NEW    cov: 218 ft: 471 corp: 134/10815b lim: 333 exec/s: 0 rss: 385Mb L: 21/331 MS: 4 EraseBytes-ManualDict-ChangeByte-ChangeBit- DE: "match[2]?"-
#46836	REDUCE cov: 218 ft: 471 corp: 134/10807b lim: 333 exec/s: 0 rss: 385Mb L: 39/331 MS: 4 ShuffleBytes-ShuffleBytes-ShuffleBytes-EraseBytes-
#46959	REDUCE cov: 218 ft: 471 corp: 134/10778b lim: 333 exec/s: 0 rss: 386Mb L: 41/331 MS: 3 ChangeBinInt-CrossOver-EraseBytes-
#47035	REDUCE cov: 218 ft: 471 corp: 134/10765b lim: 333 exec/s: 0 rss: 386Mb L: 24/331 MS: 1 EraseBytes-
#47200	REDUCE cov: 218 ft: 471 corp: 134/10757b lim: 333 exec/s: 0 rss: 386Mb L: 94/331 MS: 5 InsertRepeatedBytes-CrossOver-CopyPart-EraseBytes-ChangeBinInt-
#47236	REDUCE cov: 218 ft: 471 corp: 134/10752b lim: 333 exec/s: 0 rss: 386Mb L: 93/331 MS: 1 EraseBytes-
#47339	REDUCE cov: 218 ft: 471 corp: 134/10744b lim: 333 exec/s: 0 rss: 386Mb L: 22/331 MS: 3 ChangeByte-ShuffleBytes-EraseBytes-
#47362	REDUCE cov: 218 ft: 471 corp: 134/10737b lim: 333 exec/s: 0 rss: 386Mb L: 59/331 MS: 3 ShuffleBytes-ChangeBinInt-EraseBytes-
#47466	REDUCE cov: 218 ft: 471 corp: 134/10728b lim: 333 exec/s: 0 rss: 386Mb L: 33/331 MS: 4 ManualDict-PersAutoDict-EraseBytes-ChangeByte- DE: "tr_static_init: dist != 256"-"}\000\000\000\000\000\000\000"-
#47622	REDUCE cov: 218 ft: 471 corp: 134/10727b lim: 333 exec/s: 0 rss: 387Mb L: 8/331 MS: 1 EraseBytes-
#47773	REDUCE cov: 218 ft: 471 corp: 134/10706b lim: 333 exec/s: 0 rss: 387Mb L: 29/331 MS: 1 EraseBytes-
#47924	NEW    cov: 218 ft: 473 corp: 135/10902b lim: 333 exec/s: 0 rss: 387Mb L: 196/331 MS: 1 CrossOver-
#47937	REDUCE cov: 218 ft: 473 corp: 135/10894b lim: 333 exec/s: 0 rss: 387Mb L: 14/331 MS: 3 CopyPart-InsertByte-EraseBytes-
#48051	REDUCE cov: 218 ft: 473 corp: 135/10871b lim: 333 exec/s: 0 rss: 387Mb L: 148/331 MS: 4 InsertByte-ChangeBinInt-ChangeByte-EraseBytes-
#48054	REDUCE cov: 218 ft: 473 corp: 135/10855b lim: 333 exec/s: 0 rss: 387Mb L: 17/331 MS: 3 ChangeASCIIInt-ManualDict-EraseBytes- DE: "data error"-
#48056	REDUCE cov: 218 ft: 473 corp: 135/10841b lim: 333 exec/s: 0 rss: 387Mb L: 51/331 MS: 2 CopyPart-EraseBytes-
#48092	REDUCE cov: 218 ft: 473 corp: 135/10830b lim: 333 exec/s: 0 rss: 387Mb L: 46/331 MS: 1 EraseBytes-
#48128	REDUCE cov: 218 ft: 473 corp: 135/10827b lim: 333 exec/s: 0 rss: 388Mb L: 199/331 MS: 1 EraseBytes-
#48156	REDUCE cov: 218 ft: 473 corp: 135/10822b lim: 333 exec/s: 0 rss: 388Mb L: 39/331 MS: 3 InsertByte-ChangeByte-EraseBytes-
#48178	REDUCE cov: 218 ft: 473 corp: 135/10764b lim: 333 exec/s: 0 rss: 388Mb L: 39/331 MS: 2 CrossOver-EraseBytes-
#48354	REDUCE cov: 218 ft: 473 corp: 135/10729b lim: 333 exec/s: 0 rss: 388Mb L: 84/331 MS: 1 EraseBytes-
#48385	REDUCE cov: 218 ft: 473 corp: 135/10720b lim: 333 exec/s: 0 rss: 388Mb L: 14/331 MS: 1 EraseBytes-
#48492	REDUCE cov: 218 ft: 473 corp: 135/10688b lim: 333 exec/s: 0 rss: 388Mb L: 49/331 MS: 2 CopyPart-EraseBytes-
#48506	REDUCE cov: 218 ft: 473 corp: 135/10637b lim: 333 exec/s: 0 rss: 388Mb L: 170/331 MS: 4 CrossOver-CopyPart-ChangeByte-EraseBytes-
#48620	REDUCE cov: 218 ft: 473 corp: 135/10636b lim: 333 exec/s: 0 rss: 388Mb L: 21/331 MS: 4 CopyPart-CopyPart-CMP-EraseBytes- DE: "??"-
#48713	REDUCE cov: 218 ft: 473 corp: 135/10624b lim: 333 exec/s: 0 rss: 389Mb L: 187/331 MS: 3 ChangeByte-ChangeByte-EraseBytes-
#48964	REDUCE cov: 218 ft: 473 corp: 135/10610b lim: 333 exec/s: 0 rss: 389Mb L: 43/331 MS: 1 EraseBytes-
#49115	REDUCE cov: 218 ft: 473 corp: 135/10609b lim: 333 exec/s: 0 rss: 389Mb L: 13/331 MS: 1 EraseBytes-
#49142	REDUCE cov: 218 ft: 473 corp: 135/10584b lim: 333 exec/s: 0 rss: 389Mb L: 162/331 MS: 2 ChangeBinInt-EraseBytes-
#49173	REDUCE cov: 218 ft: 473 corp: 135/10583b lim: 333 exec/s: 0 rss: 389Mb L: 13/331 MS: 1 EraseBytes-
#49184	REDUCE cov: 218 ft: 473 corp: 135/10572b lim: 333 exec/s: 0 rss: 389Mb L: 69/331 MS: 1 EraseBytes-
#49187	REDUCE cov: 218 ft: 473 corp: 135/10513b lim: 333 exec/s: 0 rss: 389Mb L: 103/331 MS: 3 PersAutoDict-ManualDict-EraseBytes- DE: "??"-"+r"-
#49229	REDUCE cov: 218 ft: 473 corp: 135/10505b lim: 333 exec/s: 0 rss: 390Mb L: 57/331 MS: 2 ChangeByte-EraseBytes-
#49292	REDUCE cov: 218 ft: 473 corp: 135/10487b lim: 333 exec/s: 0 rss: 390Mb L: 44/331 MS: 3 ShuffleBytes-CrossOver-EraseBytes-
#49293	REDUCE cov: 218 ft: 473 corp: 135/10473b lim: 333 exec/s: 0 rss: 390Mb L: 49/331 MS: 1 EraseBytes-
#49419	REDUCE cov: 218 ft: 473 corp: 135/10436b lim: 333 exec/s: 0 rss: 390Mb L: 66/331 MS: 1 CrossOver-
#49610	REDUCE cov: 218 ft: 473 corp: 135/10430b lim: 333 exec/s: 0 rss: 390Mb L: 25/331 MS: 1 EraseBytes-
#49702	REDUCE cov: 218 ft: 473 corp: 135/10410b lim: 333 exec/s: 0 rss: 390Mb L: 27/331 MS: 2 ShuffleBytes-EraseBytes-
#49832	REDUCE cov: 218 ft: 473 corp: 135/10405b lim: 333 exec/s: 0 rss: 390Mb L: 69/331 MS: 5 ChangeBinInt-CrossOver-InsertByte-ShuffleBytes-EraseBytes-
#49858	REDUCE cov: 218 ft: 473 corp: 135/10400b lim: 333 exec/s: 0 rss: 391Mb L: 8/331 MS: 1 EraseBytes-
#50171	REDUCE cov: 218 ft: 473 corp: 135/10397b lim: 333 exec/s: 0 rss: 391Mb L: 14/331 MS: 3 ChangeBit-EraseBytes-ShuffleBytes-
#50215	REDUCE cov: 218 ft: 473 corp: 135/10390b lim: 333 exec/s: 0 rss: 391Mb L: 56/331 MS: 4 PersAutoDict-ChangeBit-EraseBytes-ManualDict- DE: "no flush?"-"already enough lookahead"-
#50353	REDUCE cov: 218 ft: 473 corp: 135/10367b lim: 333 exec/s: 0 rss: 391Mb L: 40/331 MS: 3 CopyPart-InsertByte-EraseBytes-
#50414	NEW    cov: 218 ft: 474 corp: 136/10383b lim: 333 exec/s: 0 rss: 391Mb L: 16/331 MS: 1 EraseBytes-
#50465	REDUCE cov: 218 ft: 474 corp: 136/10340b lim: 333 exec/s: 0 rss: 391Mb L: 242/331 MS: 1 CrossOver-
#50566	NEW    cov: 218 ft: 475 corp: 137/10515b lim: 333 exec/s: 0 rss: 392Mb L: 175/331 MS: 1 InsertRepeatedBytes-
#50644	REDUCE cov: 218 ft: 476 corp: 138/10542b lim: 333 exec/s: 0 rss: 392Mb L: 27/331 MS: 3 ChangeASCIIInt-ShuffleBytes-ChangeByte-
#50870	REDUCE cov: 218 ft: 476 corp: 138/10541b lim: 333 exec/s: 0 rss: 392Mb L: 45/331 MS: 1 EraseBytes-
#51181	REDUCE cov: 218 ft: 477 corp: 139/10563b lim: 333 exec/s: 0 rss: 393Mb L: 22/331 MS: 1 InsertByte-
#51186	REDUCE cov: 218 ft: 477 corp: 139/10559b lim: 333 exec/s: 0 rss: 393Mb L: 24/331 MS: 5 ChangeByte-InsertRepeatedBytes-CopyPart-InsertByte-CrossOver-
#51209	REDUCE cov: 218 ft: 477 corp: 139/10557b lim: 333 exec/s: 0 rss: 393Mb L: 25/331 MS: 3 ShuffleBytes-ShuffleBytes-EraseBytes-
#51213	REDUCE cov: 218 ft: 477 corp: 139/10548b lim: 333 exec/s: 0 rss: 393Mb L: 83/331 MS: 4 ChangeByte-CrossOver-CrossOver-EraseBytes-
#51234	REDUCE cov: 219 ft: 478 corp: 140/10552b lim: 333 exec/s: 0 rss: 393Mb L: 4/331 MS: 1 EraseBytes-
#51352	REDUCE cov: 219 ft: 478 corp: 140/10551b lim: 333 exec/s: 0 rss: 393Mb L: 58/331 MS: 3 CopyPart-ChangeByte-EraseBytes-
#51393	REDUCE cov: 219 ft: 478 corp: 140/10530b lim: 333 exec/s: 0 rss: 393Mb L: 143/331 MS: 1 EraseBytes-
#51549	REDUCE cov: 219 ft: 478 corp: 140/10485b lim: 333 exec/s: 0 rss: 393Mb L: 97/331 MS: 1 EraseBytes-
#51573	REDUCE cov: 219 ft: 479 corp: 141/10521b lim: 333 exec/s: 0 rss: 394Mb L: 36/331 MS: 4 ShuffleBytes-ChangeByte-InsertByte-EraseBytes-
#51619	REDUCE cov: 219 ft: 479 corp: 141/10502b lim: 333 exec/s: 0 rss: 394Mb L: 78/331 MS: 1 CrossOver-
#51665	REDUCE cov: 219 ft: 479 corp: 141/10501b lim: 333 exec/s: 0 rss: 394Mb L: 11/331 MS: 1 EraseBytes-
#51679	REDUCE cov: 219 ft: 479 corp: 141/10499b lim: 333 exec/s: 51679 rss: 394Mb L: 94/331 MS: 4 ChangeByte-ChangeByte-ShuffleBytes-EraseBytes-
#51889	REDUCE cov: 219 ft: 479 corp: 141/10489b lim: 333 exec/s: 51889 rss: 396Mb L: 11/331 MS: 5 PersAutoDict-ChangeBit-ChangeBinInt-ShuffleBytes-EraseBytes- DE: "\001\000\000\000\000\000\000="-
#51990	NEW    cov: 220 ft: 480 corp: 142/10515b lim: 333 exec/s: 51990 rss: 396Mb L: 26/331 MS: 1 PersAutoDict- DE: "\003\000\000\000"-
#52026	REDUCE cov: 220 ft: 480 corp: 142/10482b lim: 333 exec/s: 52026 rss: 396Mb L: 110/331 MS: 1 EraseBytes-
#52049	REDUCE cov: 220 ft: 481 corp: 143/10492b lim: 333 exec/s: 52049 rss: 396Mb L: 10/331 MS: 3 CrossOver-ChangeBinInt-ChangeBinInt-
#52221	REDUCE cov: 220 ft: 481 corp: 143/10483b lim: 333 exec/s: 52221 rss: 397Mb L: 15/331 MS: 2 InsertByte-EraseBytes-
#52300	REDUCE cov: 220 ft: 481 corp: 143/10469b lim: 333 exec/s: 52300 rss: 397Mb L: 163/331 MS: 4 InsertByte-ChangeBit-InsertRepeatedBytes-EraseBytes-
#52321	REDUCE cov: 220 ft: 481 corp: 143/10428b lim: 333 exec/s: 52321 rss: 397Mb L: 50/331 MS: 1 EraseBytes-
#52405	REDUCE cov: 220 ft: 481 corp: 143/10375b lim: 333 exec/s: 52405 rss: 397Mb L: 91/331 MS: 4 ManualDict-ShuffleBytes-ChangeBit-EraseBytes- DE: "data error"-
#52431	REDUCE cov: 220 ft: 481 corp: 143/10370b lim: 333 exec/s: 52431 rss: 397Mb L: 41/331 MS: 1 EraseBytes-
#52512	REDUCE cov: 220 ft: 481 corp: 143/10332b lim: 333 exec/s: 52512 rss: 397Mb L: 65/331 MS: 1 EraseBytes-
#52573	REDUCE cov: 220 ft: 481 corp: 143/10311b lim: 333 exec/s: 52573 rss: 397Mb L: 141/331 MS: 1 EraseBytes-
#52598	REDUCE cov: 220 ft: 481 corp: 143/10265b lim: 333 exec/s: 52598 rss: 398Mb L: 64/331 MS: 5 InsertByte-PersAutoDict-ManualDict-ShuffleBytes-CrossOver- DE: "\002\000\000\000\000\000\000\000"-"unexpected end of file"-
#52631	REDUCE cov: 220 ft: 481 corp: 143/10258b lim: 333 exec/s: 52631 rss: 398Mb L: 42/331 MS: 3 PersAutoDict-ChangeBinInt-EraseBytes- DE: "\003\000\000\000"-
#52682	REDUCE cov: 220 ft: 481 corp: 143/10242b lim: 333 exec/s: 52682 rss: 398Mb L: 173/331 MS: 1 EraseBytes-
#52713	REDUCE cov: 220 ft: 482 corp: 144/10247b lim: 333 exec/s: 52713 rss: 398Mb L: 5/331 MS: 1 EraseBytes-
#52742	REDUCE cov: 220 ft: 482 corp: 144/10246b lim: 333 exec/s: 52742 rss: 398Mb L: 37/331 MS: 4 ChangeBit-ChangeBinInt-ChangeBit-EraseBytes-
#52814	REDUCE cov: 220 ft: 482 corp: 144/10242b lim: 333 exec/s: 52814 rss: 398Mb L: 22/331 MS: 2 ChangeByte-EraseBytes-
#52839	REDUCE cov: 220 ft: 482 corp: 144/10238b lim: 333 exec/s: 52839 rss: 398Mb L: 172/331 MS: 5 ChangeBit-ChangeASCIIInt-ChangeASCIIInt-ChangeASCIIInt-EraseBytes-
#52885	REDUCE cov: 220 ft: 482 corp: 144/10219b lim: 333 exec/s: 52885 rss: 398Mb L: 75/331 MS: 1 EraseBytes-
#52981	REDUCE cov: 220 ft: 482 corp: 144/10203b lim: 333 exec/s: 52981 rss: 398Mb L: 79/331 MS: 1 EraseBytes-
#53127	REDUCE cov: 220 ft: 482 corp: 144/10196b lim: 333 exec/s: 53127 rss: 398Mb L: 15/331 MS: 1 EraseBytes-
#53163	REDUCE cov: 220 ft: 482 corp: 144/10139b lim: 333 exec/s: 53163 rss: 399Mb L: 70/331 MS: 1 CrossOver-
#53184	REDUCE cov: 220 ft: 482 corp: 144/10118b lim: 333 exec/s: 53184 rss: 399Mb L: 21/331 MS: 1 EraseBytes-
#53200	REDUCE cov: 220 ft: 482 corp: 144/10103b lim: 333 exec/s: 53200 rss: 399Mb L: 34/331 MS: 1 EraseBytes-
#53479	REDUCE cov: 220 ft: 483 corp: 145/10112b lim: 333 exec/s: 53479 rss: 399Mb L: 9/331 MS: 4 ChangeBinInt-PersAutoDict-ShuffleBytes-EraseBytes- DE: "}\000\000\000\000\000\000\000"-
#53495	REDUCE cov: 220 ft: 483 corp: 145/10108b lim: 333 exec/s: 53495 rss: 399Mb L: 35/331 MS: 1 EraseBytes-
#53548	REDUCE cov: 220 ft: 483 corp: 145/10091b lim: 333 exec/s: 53548 rss: 399Mb L: 53/331 MS: 3 InsertByte-PersAutoDict-EraseBytes- DE: "do {}"-
#53580	REDUCE cov: 220 ft: 483 corp: 145/10080b lim: 333 exec/s: 53580 rss: 399Mb L: 53/331 MS: 2 ChangeByte-EraseBytes-
#53674	REDUCE cov: 220 ft: 483 corp: 145/10072b lim: 333 exec/s: 53674 rss: 399Mb L: 45/331 MS: 4 ChangeByte-EraseBytes-ChangeBinInt-CrossOver-
#53813	REDUCE cov: 220 ft: 483 corp: 145/10059b lim: 333 exec/s: 53813 rss: 399Mb L: 22/331 MS: 4 ChangeBit-CrossOver-InsertByte-EraseBytes-
#53869	REDUCE cov: 220 ft: 483 corp: 145/10048b lim: 333 exec/s: 53869 rss: 399Mb L: 16/331 MS: 1 EraseBytes-
#54029	REDUCE cov: 220 ft: 483 corp: 145/10021b lim: 333 exec/s: 54029 rss: 400Mb L: 148/331 MS: 5 ChangeByte-CopyPart-ChangeBinInt-CrossOver-EraseBytes-
#54210	REDUCE cov: 220 ft: 483 corp: 145/10015b lim: 333 exec/s: 54210 rss: 400Mb L: 141/331 MS: 1 EraseBytes-
#54418	REDUCE cov: 220 ft: 483 corp: 145/10012b lim: 333 exec/s: 54418 rss: 400Mb L: 19/331 MS: 3 ShuffleBytes-ManualDict-EraseBytes- DE: " : (n % 5 == 4 ? "-
#54454	REDUCE cov: 220 ft: 483 corp: 145/10010b lim: 333 exec/s: 54454 rss: 400Mb L: 89/331 MS: 1 EraseBytes-
#54525	REDUCE cov: 220 ft: 483 corp: 145/10005b lim: 333 exec/s: 54525 rss: 400Mb L: 6/331 MS: 1 EraseBytes-
#54646	REDUCE cov: 220 ft: 483 corp: 145/9998b lim: 333 exec/s: 54646 rss: 400Mb L: 134/331 MS: 1 EraseBytes-
#54667	REDUCE cov: 220 ft: 483 corp: 145/9979b lim: 333 exec/s: 54667 rss: 400Mb L: 129/331 MS: 1 EraseBytes-
#54674	REDUCE cov: 220 ft: 483 corp: 145/9977b lim: 333 exec/s: 54674 rss: 400Mb L: 75/331 MS: 2 ChangeByte-EraseBytes-
#54685	REDUCE cov: 220 ft: 483 corp: 145/9973b lim: 333 exec/s: 54685 rss: 401Mb L: 18/331 MS: 1 EraseBytes-
#54686	REDUCE cov: 220 ft: 483 corp: 145/9972b lim: 333 exec/s: 54686 rss: 401Mb L: 18/331 MS: 1 EraseBytes-
#54772	REDUCE cov: 220 ft: 483 corp: 145/9956b lim: 333 exec/s: 54772 rss: 401Mb L: 38/331 MS: 1 EraseBytes-
#54823	REDUCE cov: 220 ft: 483 corp: 145/9954b lim: 333 exec/s: 54823 rss: 401Mb L: 15/331 MS: 1 EraseBytes-
#54849	REDUCE cov: 220 ft: 484 corp: 146/10019b lim: 333 exec/s: 54849 rss: 401Mb L: 65/331 MS: 1 ChangeBinInt-
#54882	REDUCE cov: 220 ft: 484 corp: 146/10010b lim: 333 exec/s: 54882 rss: 401Mb L: 63/331 MS: 3 ManualDict-InsertByte-EraseBytes- DE: "invalid bit length repeat"-
#55074	REDUCE cov: 220 ft: 484 corp: 146/9989b lim: 333 exec/s: 55074 rss: 401Mb L: 30/331 MS: 2 PersAutoDict-EraseBytes- DE: "\377\377"-
#55133	REDUCE cov: 220 ft: 484 corp: 146/9983b lim: 333 exec/s: 55133 rss: 401Mb L: 63/331 MS: 4 PersAutoDict-ChangeASCIIInt-ShuffleBytes-EraseBytes- DE: "match[2]?"-
#55316	REDUCE cov: 220 ft: 484 corp: 146/9978b lim: 333 exec/s: 55316 rss: 402Mb L: 48/331 MS: 3 ChangeByte-CopyPart-EraseBytes-
#55352	REDUCE cov: 220 ft: 484 corp: 146/9977b lim: 333 exec/s: 55352 rss: 402Mb L: 42/331 MS: 1 EraseBytes-
#55403	REDUCE cov: 220 ft: 484 corp: 146/9972b lim: 333 exec/s: 55403 rss: 402Mb L: 129/331 MS: 1 EraseBytes-
#55785	REDUCE cov: 220 ft: 484 corp: 146/9966b lim: 333 exec/s: 55785 rss: 402Mb L: 77/331 MS: 2 ChangeBit-EraseBytes-
#55822	REDUCE cov: 220 ft: 484 corp: 146/9962b lim: 333 exec/s: 55822 rss: 402Mb L: 28/331 MS: 2 ChangeBit-EraseBytes-
#55848	REDUCE cov: 220 ft: 484 corp: 146/9931b lim: 333 exec/s: 55848 rss: 402Mb L: 34/331 MS: 1 EraseBytes-
#55929	REDUCE cov: 220 ft: 484 corp: 146/9926b lim: 333 exec/s: 55929 rss: 402Mb L: 78/331 MS: 1 EraseBytes-
#55955	REDUCE cov: 220 ft: 484 corp: 146/9923b lim: 333 exec/s: 55955 rss: 402Mb L: 18/331 MS: 1 EraseBytes-
#55982	REDUCE cov: 220 ft: 484 corp: 146/9887b lim: 333 exec/s: 55982 rss: 403Mb L: 136/331 MS: 2 CrossOver-EraseBytes-
#55999	REDUCE cov: 220 ft: 484 corp: 146/9881b lim: 333 exec/s: 55999 rss: 403Mb L: 80/331 MS: 2 InsertByte-EraseBytes-
#56040	REDUCE cov: 220 ft: 484 corp: 146/9864b lim: 333 exec/s: 56040 rss: 403Mb L: 27/331 MS: 1 EraseBytes-
#56112	REDUCE cov: 220 ft: 484 corp: 146/9861b lim: 333 exec/s: 56112 rss: 403Mb L: 42/331 MS: 2 ChangeBit-EraseBytes-
#56118	REDUCE cov: 220 ft: 484 corp: 146/9843b lim: 333 exec/s: 56118 rss: 403Mb L: 57/331 MS: 1 EraseBytes-
#56119	REDUCE cov: 220 ft: 484 corp: 146/9839b lim: 333 exec/s: 56119 rss: 403Mb L: 33/331 MS: 1 EraseBytes-
#56147	REDUCE cov: 220 ft: 484 corp: 146/9836b lim: 333 exec/s: 56147 rss: 403Mb L: 60/331 MS: 3 ChangeBinInt-PersAutoDict-EraseBytes- DE: "\001\000\000\000\000\000\000="-
#56310	REDUCE cov: 220 ft: 484 corp: 146/9831b lim: 333 exec/s: 56310 rss: 403Mb L: 13/331 MS: 3 ChangeASCIIInt-ShuffleBytes-EraseBytes-
#56311	REDUCE cov: 220 ft: 484 corp: 146/9817b lim: 333 exec/s: 56311 rss: 404Mb L: 115/331 MS: 1 EraseBytes-
#56454	REDUCE cov: 220 ft: 484 corp: 146/9811b lim: 333 exec/s: 56454 rss: 404Mb L: 130/331 MS: 3 ChangeByte-ChangeByte-EraseBytes-
#56510	REDUCE cov: 220 ft: 484 corp: 146/9779b lim: 333 exec/s: 56510 rss: 404Mb L: 141/331 MS: 1 EraseBytes-
#56726	REDUCE cov: 220 ft: 484 corp: 146/9770b lim: 333 exec/s: 56726 rss: 404Mb L: 16/331 MS: 1 EraseBytes-
#56732	REDUCE cov: 220 ft: 486 corp: 147/9804b lim: 333 exec/s: 56732 rss: 404Mb L: 34/331 MS: 1 CopyPart-
#56847	REDUCE cov: 220 ft: 486 corp: 147/9761b lim: 333 exec/s: 56847 rss: 404Mb L: 288/331 MS: 5 EraseBytes-ChangeBit-InsertByte-InsertRepeatedBytes-ChangeBit-
#56890	REDUCE cov: 220 ft: 486 corp: 147/9741b lim: 333 exec/s: 56890 rss: 404Mb L: 84/331 MS: 3 ChangeBinInt-CrossOver-EraseBytes-
#56932	REDUCE cov: 220 ft: 486 corp: 147/9690b lim: 333 exec/s: 56932 rss: 404Mb L: 79/331 MS: 2 ShuffleBytes-EraseBytes-
#57018	REDUCE cov: 220 ft: 486 corp: 147/9688b lim: 333 exec/s: 57018 rss: 404Mb L: 75/331 MS: 1 EraseBytes-
#57109	REDUCE cov: 220 ft: 486 corp: 147/9684b lim: 333 exec/s: 57109 rss: 405Mb L: 32/331 MS: 1 EraseBytes-
#57272	REDUCE cov: 220 ft: 486 corp: 147/9666b lim: 333 exec/s: 57272 rss: 405Mb L: 52/331 MS: 3 ChangeBinInt-ChangeBit-EraseBytes-
#57278	REDUCE cov: 220 ft: 486 corp: 147/9662b lim: 333 exec/s: 57278 rss: 406Mb L: 61/331 MS: 1 EraseBytes-
#57323	REDUCE cov: 220 ft: 486 corp: 147/9658b lim: 333 exec/s: 57323 rss: 406Mb L: 59/331 MS: 5 CMP-CrossOver-PersAutoDict-ChangeBit-EraseBytes- DE: "\377\377\377\377\377\377\377\017"-"}\000\000\000\000\000\000\000"-
#57401	REDUCE cov: 220 ft: 486 corp: 147/9599b lim: 333 exec/s: 57401 rss: 406Mb L: 104/331 MS: 3 ManualDict-ChangeBinInt-EraseBytes- DE: "invalid distance too far back"-
#57593	REDUCE cov: 220 ft: 486 corp: 147/9598b lim: 333 exec/s: 57593 rss: 406Mb L: 8/331 MS: 2 InsertByte-EraseBytes-
#57699	REDUCE cov: 220 ft: 486 corp: 147/9597b lim: 333 exec/s: 57699 rss: 406Mb L: 15/331 MS: 1 EraseBytes-
#57726	REDUCE cov: 220 ft: 486 corp: 147/9587b lim: 333 exec/s: 57726 rss: 406Mb L: 65/331 MS: 2 ShuffleBytes-EraseBytes-
#57727	REDUCE cov: 220 ft: 486 corp: 147/9586b lim: 333 exec/s: 57727 rss: 407Mb L: 128/331 MS: 1 EraseBytes-
#57829	REDUCE cov: 220 ft: 486 corp: 147/9585b lim: 333 exec/s: 57829 rss: 407Mb L: 38/331 MS: 2 EraseBytes-InsertByte-
#57886	REDUCE cov: 220 ft: 486 corp: 147/9568b lim: 333 exec/s: 57886 rss: 407Mb L: 31/331 MS: 2 CMP-EraseBytes- DE: "\001\010"-
#57897	REDUCE cov: 220 ft: 486 corp: 147/9559b lim: 333 exec/s: 57897 rss: 407Mb L: 14/331 MS: 1 EraseBytes-
#57963	REDUCE cov: 220 ft: 486 corp: 147/9557b lim: 333 exec/s: 57963 rss: 407Mb L: 19/331 MS: 1 EraseBytes-
#58054	REDUCE cov: 220 ft: 486 corp: 147/9554b lim: 333 exec/s: 58054 rss: 407Mb L: 10/331 MS: 1 EraseBytes-
#58100	REDUCE cov: 220 ft: 486 corp: 147/9551b lim: 333 exec/s: 58100 rss: 407Mb L: 5/331 MS: 1 EraseBytes-
#58348	REDUCE cov: 220 ft: 486 corp: 147/9550b lim: 333 exec/s: 58348 rss: 407Mb L: 37/331 MS: 3 ShuffleBytes-ChangeBit-EraseBytes-
#58414	REDUCE cov: 220 ft: 486 corp: 147/9549b lim: 333 exec/s: 58414 rss: 408Mb L: 14/331 MS: 1 EraseBytes-
#58620	REDUCE cov: 220 ft: 486 corp: 147/9547b lim: 333 exec/s: 58620 rss: 408Mb L: 82/331 MS: 1 EraseBytes-
#58856	REDUCE cov: 220 ft: 486 corp: 147/9540b lim: 333 exec/s: 58856 rss: 408Mb L: 59/331 MS: 1 EraseBytes-
#59267	REDUCE cov: 220 ft: 486 corp: 147/9517b lim: 333 exec/s: 59267 rss: 409Mb L: 75/331 MS: 1 EraseBytes-
#59346	REDUCE cov: 220 ft: 486 corp: 147/9475b lim: 333 exec/s: 59346 rss: 409Mb L: 106/331 MS: 4 ChangeBinInt-CopyPart-ChangeByte-EraseBytes-
#59443	REDUCE cov: 220 ft: 486 corp: 147/9474b lim: 333 exec/s: 59443 rss: 409Mb L: 70/331 MS: 2 InsertByte-EraseBytes-
#59559	REDUCE cov: 220 ft: 487 corp: 148/9488b lim: 333 exec/s: 59559 rss: 409Mb L: 14/331 MS: 1 CrossOver-
#59700	REDUCE cov: 220 ft: 487 corp: 148/9487b lim: 333 exec/s: 59700 rss: 409Mb L: 77/331 MS: 1 EraseBytes-
#59821	REDUCE cov: 220 ft: 487 corp: 148/9485b lim: 333 exec/s: 59821 rss: 410Mb L: 6/331 MS: 1 EraseBytes-
#59833	REDUCE cov: 220 ft: 487 corp: 148/9479b lim: 333 exec/s: 59833 rss: 410Mb L: 69/331 MS: 2 ChangeBinInt-EraseBytes-
#59914	REDUCE cov: 220 ft: 487 corp: 148/9477b lim: 333 exec/s: 59914 rss: 410Mb L: 19/331 MS: 1 EraseBytes-
#60027	REDUCE cov: 220 ft: 487 corp: 148/9476b lim: 333 exec/s: 60027 rss: 410Mb L: 49/331 MS: 3 ShuffleBytes-InsertRepeatedBytes-EraseBytes-
#60079	REDUCE cov: 220 ft: 487 corp: 148/9475b lim: 333 exec/s: 60079 rss: 410Mb L: 93/331 MS: 2 CMP-EraseBytes- DE: "\377\377\377\377\377\377\377\377"-
#60200	REDUCE cov: 220 ft: 488 corp: 149/9519b lim: 333 exec/s: 60200 rss: 410Mb L: 44/331 MS: 1 EraseBytes-
#60276	REDUCE cov: 220 ft: 488 corp: 149/9455b lim: 333 exec/s: 60276 rss: 410Mb L: 132/331 MS: 1 EraseBytes-
#60289	REDUCE cov: 220 ft: 488 corp: 149/9429b lim: 333 exec/s: 60289 rss: 410Mb L: 44/331 MS: 3 ChangeByte-ChangeByte-EraseBytes-
#60416	REDUCE cov: 220 ft: 488 corp: 149/9412b lim: 333 exec/s: 60416 rss: 410Mb L: 63/331 MS: 2 InsertByte-EraseBytes-
#60432	REDUCE cov: 220 ft: 488 corp: 149/9410b lim: 333 exec/s: 60432 rss: 410Mb L: 23/331 MS: 1 EraseBytes-
#60488	REDUCE cov: 220 ft: 488 corp: 149/9400b lim: 333 exec/s: 60488 rss: 410Mb L: 24/331 MS: 1 EraseBytes-
#60525	REDUCE cov: 220 ft: 488 corp: 149/9389b lim: 333 exec/s: 60525 rss: 410Mb L: 57/331 MS: 2 InsertByte-EraseBytes-
#60536	REDUCE cov: 220 ft: 488 corp: 149/9387b lim: 333 exec/s: 60536 rss: 410Mb L: 67/331 MS: 1 EraseBytes-
#60747	REDUCE cov: 220 ft: 488 corp: 149/9375b lim: 333 exec/s: 60747 rss: 410Mb L: 47/331 MS: 1 EraseBytes-
#60878	NEW    cov: 250 ft: 520 corp: 150/9398b lim: 333 exec/s: 60878 rss: 410Mb L: 23/331 MS: 1 CrossOver-
#60889	REDUCE cov: 250 ft: 520 corp: 150/9395b lim: 333 exec/s: 60889 rss: 410Mb L: 46/331 MS: 1 EraseBytes-
#60901	REDUCE cov: 250 ft: 520 corp: 150/9394b lim: 333 exec/s: 60901 rss: 410Mb L: 69/331 MS: 2 ChangeBinInt-EraseBytes-
#61037	REDUCE cov: 250 ft: 520 corp: 150/9389b lim: 333 exec/s: 61037 rss: 410Mb L: 42/331 MS: 1 EraseBytes-
#61258	REDUCE cov: 250 ft: 520 corp: 150/9386b lim: 333 exec/s: 61258 rss: 411Mb L: 74/331 MS: 1 EraseBytes-
#61503	REDUCE cov: 250 ft: 520 corp: 150/9362b lim: 333 exec/s: 61503 rss: 411Mb L: 106/331 MS: 5 ManualDict-ChangeBinInt-CMP-ChangeBinInt-EraseBytes- DE: "     */"-"\264\001\000\000\000\000\000\000"-
#61605	REDUCE cov: 250 ft: 520 corp: 150/9356b lim: 333 exec/s: 61605 rss: 411Mb L: 13/331 MS: 2 EraseBytes-ManualDict- DE: ", "-
#61727	REDUCE cov: 250 ft: 520 corp: 150/9353b lim: 333 exec/s: 61727 rss: 411Mb L: 29/331 MS: 2 ChangeByte-EraseBytes-
#61778	NEW    cov: 251 ft: 522 corp: 151/9376b lim: 333 exec/s: 61778 rss: 411Mb L: 23/331 MS: 1 ChangeASCIIInt-
#61796	REDUCE cov: 251 ft: 522 corp: 151/9370b lim: 333 exec/s: 61796 rss: 411Mb L: 25/331 MS: 3 ShuffleBytes-PersAutoDict-EraseBytes- DE: "Code too clever"-
#61828	REDUCE cov: 251 ft: 522 corp: 151/9368b lim: 333 exec/s: 61828 rss: 411Mb L: 12/331 MS: 2 CopyPart-EraseBytes-
#61961	REDUCE cov: 251 ft: 522 corp: 151/9367b lim: 333 exec/s: 61961 rss: 411Mb L: 17/331 MS: 3 ChangeBit-CMP-EraseBytes- DE: "\000\000\000\000\000\000\000\000"-
#62032	REDUCE cov: 251 ft: 522 corp: 151/9343b lim: 333 exec/s: 62032 rss: 411Mb L: 80/331 MS: 1 EraseBytes-
#62399	REDUCE cov: 251 ft: 522 corp: 151/9316b lim: 333 exec/s: 62399 rss: 411Mb L: 128/331 MS: 2 ShuffleBytes-EraseBytes-
#62530	REDUCE cov: 251 ft: 522 corp: 151/9315b lim: 333 exec/s: 62530 rss: 411Mb L: 26/331 MS: 1 EraseBytes-
#62708	REDUCE cov: 251 ft: 522 corp: 151/9308b lim: 333 exec/s: 62708 rss: 411Mb L: 42/331 MS: 3 ChangeByte-CopyPart-EraseBytes-
#62714	REDUCE cov: 251 ft: 522 corp: 151/9307b lim: 333 exec/s: 62714 rss: 411Mb L: 14/331 MS: 1 EraseBytes-
#62881	REDUCE cov: 251 ft: 522 corp: 151/9297b lim: 333 exec/s: 62881 rss: 411Mb L: 87/331 MS: 2 ChangeByte-EraseBytes-
#63007	REDUCE cov: 251 ft: 522 corp: 151/9290b lim: 333 exec/s: 63007 rss: 411Mb L: 36/331 MS: 1 EraseBytes-
#63128	REDUCE cov: 251 ft: 524 corp: 152/9306b lim: 333 exec/s: 63128 rss: 411Mb L: 16/331 MS: 1 EraseBytes-
#63305	REDUCE cov: 251 ft: 524 corp: 152/9270b lim: 333 exec/s: 63305 rss: 411Mb L: 137/331 MS: 2 CrossOver-EraseBytes-
#63311	REDUCE cov: 251 ft: 524 corp: 152/9269b lim: 333 exec/s: 63311 rss: 411Mb L: 38/331 MS: 1 EraseBytes-
#63382	REDUCE cov: 251 ft: 524 corp: 152/9260b lim: 333 exec/s: 63382 rss: 411Mb L: 128/331 MS: 1 EraseBytes-
#63460	NEW    cov: 251 ft: 529 corp: 153/9291b lim: 333 exec/s: 63460 rss: 411Mb L: 31/331 MS: 3 CopyPart-EraseBytes-ChangeByte-
#63493	REDUCE cov: 251 ft: 529 corp: 153/9265b lim: 333 exec/s: 63493 rss: 411Mb L: 245/331 MS: 3 ChangeBit-ShuffleBytes-EraseBytes-
#63589	REDUCE cov: 251 ft: 529 corp: 153/9262b lim: 333 exec/s: 63589 rss: 411Mb L: 36/331 MS: 1 EraseBytes-
#63636	REDUCE cov: 251 ft: 529 corp: 153/9251b lim: 333 exec/s: 63636 rss: 411Mb L: 26/331 MS: 2 ShuffleBytes-EraseBytes-
#63749	NEW    cov: 251 ft: 530 corp: 154/9274b lim: 333 exec/s: 63749 rss: 411Mb L: 23/331 MS: 3 ChangeBit-ChangeByte-CrossOver-
#63841	NEW    cov: 252 ft: 533 corp: 155/9361b lim: 333 exec/s: 63841 rss: 411Mb L: 87/331 MS: 2 ChangeASCIIInt-InsertRepeatedBytes-
#63922	REDUCE cov: 252 ft: 533 corp: 155/9356b lim: 333 exec/s: 63922 rss: 411Mb L: 14/331 MS: 1 EraseBytes-
#63995	REDUCE cov: 252 ft: 533 corp: 155/9348b lim: 333 exec/s: 63995 rss: 411Mb L: 9/331 MS: 3 CopyPart-CrossOver-EraseBytes-
#64177	REDUCE cov: 252 ft: 533 corp: 155/9346b lim: 333 exec/s: 64177 rss: 411Mb L: 15/331 MS: 2 ChangeBit-EraseBytes-
#64223	REDUCE cov: 252 ft: 533 corp: 155/9341b lim: 333 exec/s: 64223 rss: 411Mb L: 11/331 MS: 1 EraseBytes-
#64239	REDUCE cov: 252 ft: 533 corp: 155/9330b lim: 333 exec/s: 64239 rss: 411Mb L: 117/331 MS: 1 EraseBytes-
#64390	NEW    cov: 252 ft: 537 corp: 156/9474b lim: 333 exec/s: 64390 rss: 411Mb L: 144/331 MS: 1 InsertRepeatedBytes-
#64526	REDUCE cov: 252 ft: 537 corp: 156/9466b lim: 333 exec/s: 64526 rss: 411Mb L: 34/331 MS: 1 EraseBytes-
#64587	NEW    cov: 252 ft: 538 corp: 157/9506b lim: 333 exec/s: 64587 rss: 411Mb L: 40/331 MS: 1 CopyPart-
#64947	REDUCE cov: 257 ft: 543 corp: 158/9568b lim: 333 exec/s: 64947 rss: 411Mb L: 62/331 MS: 5 PersAutoDict-ChangeBinInt-ChangeBinInt-ChangeBinInt-InsertRepeatedBytes- DE: "??"-
#65152	NEW    cov: 257 ft: 544 corp: 159/9693b lim: 333 exec/s: 65152 rss: 411Mb L: 125/331 MS: 5 ChangeBit-ChangeByte-ChangeBinInt-ManualDict-InsertRepeatedBytes- DE: "+r"-
#65227	REDUCE cov: 257 ft: 544 corp: 159/9688b lim: 333 exec/s: 65227 rss: 411Mb L: 20/331 MS: 5 PersAutoDict-CopyPart-ChangeBit-ShuffleBytes-EraseBytes- DE: "data error"-
#65483	REDUCE cov: 257 ft: 544 corp: 159/9673b lim: 333 exec/s: 65483 rss: 411Mb L: 41/331 MS: 1 EraseBytes-
#65591	REDUCE cov: 257 ft: 544 corp: 159/9664b lim: 333 exec/s: 65591 rss: 412Mb L: 178/331 MS: 3 ShuffleBytes-ChangeBinInt-EraseBytes-
#65728	REDUCE cov: 257 ft: 544 corp: 159/9659b lim: 333 exec/s: 65728 rss: 412Mb L: 82/331 MS: 2 PersAutoDict-EraseBytes- DE: "allow-listed"-
#65825	NEW    cov: 257 ft: 546 corp: 160/9690b lim: 333 exec/s: 65825 rss: 412Mb L: 31/331 MS: 2 EraseBytes-CopyPart-
#65892	REDUCE cov: 257 ft: 546 corp: 160/9673b lim: 333 exec/s: 65892 rss: 412Mb L: 43/331 MS: 2 ShuffleBytes-EraseBytes-
#66078	REDUCE cov: 257 ft: 546 corp: 160/9671b lim: 333 exec/s: 66078 rss: 412Mb L: 80/331 MS: 1 EraseBytes-
#66134	NEW    cov: 258 ft: 547 corp: 161/9690b lim: 333 exec/s: 66134 rss: 412Mb L: 19/331 MS: 1 EraseBytes-
#66205	NEW    cov: 258 ft: 549 corp: 162/9862b lim: 333 exec/s: 66205 rss: 412Mb L: 172/331 MS: 1 ManualDict- DE: "invalid stored block lengths"-
#66312	REDUCE cov: 258 ft: 549 corp: 162/9822b lim: 333 exec/s: 66312 rss: 412Mb L: 143/331 MS: 2 ChangeBinInt-EraseBytes-
#66319	NEW    cov: 258 ft: 551 corp: 163/9860b lim: 333 exec/s: 66319 rss: 412Mb L: 38/331 MS: 2 ChangeBit-InsertRepeatedBytes-
#66365	REDUCE cov: 258 ft: 551 corp: 163/9829b lim: 333 exec/s: 66365 rss: 412Mb L: 101/331 MS: 1 EraseBytes-
#66442	REDUCE cov: 258 ft: 551 corp: 163/9821b lim: 333 exec/s: 66442 rss: 412Mb L: 164/331 MS: 2 InsertByte-EraseBytes-
#66544	REDUCE cov: 258 ft: 551 corp: 163/9820b lim: 333 exec/s: 66544 rss: 412Mb L: 36/331 MS: 2 InsertByte-EraseBytes-
#66688	REDUCE cov: 258 ft: 551 corp: 163/9790b lim: 333 exec/s: 66688 rss: 412Mb L: 58/331 MS: 4 EraseBytes-ManualDict-ShuffleBytes-ChangeByte- DE: "no flush?"-
#66931	REDUCE cov: 258 ft: 551 corp: 163/9705b lim: 333 exec/s: 66931 rss: 412Mb L: 79/331 MS: 3 InsertByte-ChangeBinInt-CrossOver-
#66947	REDUCE cov: 258 ft: 551 corp: 163/9703b lim: 333 exec/s: 66947 rss: 412Mb L: 36/331 MS: 1 EraseBytes-
#67033	NEW    cov: 258 ft: 552 corp: 164/9730b lim: 333 exec/s: 67033 rss: 412Mb L: 27/331 MS: 1 PersAutoDict- DE: "}\000\000\000\000\000\000\000"-
#67039	REDUCE cov: 258 ft: 552 corp: 164/9727b lim: 333 exec/s: 67039 rss: 412Mb L: 90/331 MS: 1 EraseBytes-
#67046	REDUCE cov: 258 ft: 552 corp: 164/9726b lim: 333 exec/s: 67046 rss: 412Mb L: 66/331 MS: 2 CrossOver-EraseBytes-
#67201	REDUCE cov: 258 ft: 552 corp: 164/9709b lim: 333 exec/s: 67201 rss: 412Mb L: 127/331 MS: 5 ManualDict-CrossOver-ChangeByte-ChangeByte-EraseBytes- DE: ", "-
#67242	NEW    cov: 258 ft: 553 corp: 165/9747b lim: 333 exec/s: 67242 rss: 412Mb L: 38/331 MS: 1 PersAutoDict- DE: "\033\000\000\000\000\000\000\000"-
#67273	REDUCE cov: 258 ft: 553 corp: 165/9736b lim: 333 exec/s: 67273 rss: 412Mb L: 173/331 MS: 1 EraseBytes-
#67409	REDUCE cov: 258 ft: 555 corp: 166/9863b lim: 333 exec/s: 67409 rss: 412Mb L: 127/331 MS: 1 ChangeASCIIInt-
#67416	REDUCE cov: 258 ft: 555 corp: 166/9861b lim: 333 exec/s: 67416 rss: 412Mb L: 3/331 MS: 2 CrossOver-EraseBytes-
#67487	REDUCE cov: 258 ft: 555 corp: 166/9860b lim: 333 exec/s: 67487 rss: 412Mb L: 126/331 MS: 1 EraseBytes-
#67500	NEW    cov: 259 ft: 556 corp: 167/9867b lim: 333 exec/s: 67500 rss: 412Mb L: 7/331 MS: 3 EraseBytes-ChangeByte-InsertByte-
#67508	REDUCE cov: 259 ft: 556 corp: 167/9809b lim: 333 exec/s: 67508 rss: 412Mb L: 68/331 MS: 3 ChangeBit-CopyPart-EraseBytes-
#67525	REDUCE cov: 259 ft: 556 corp: 167/9803b lim: 333 exec/s: 67525 rss: 412Mb L: 121/331 MS: 2 ChangeByte-EraseBytes-
#67673	REDUCE cov: 259 ft: 557 corp: 168/9906b lim: 333 exec/s: 67673 rss: 412Mb L: 103/331 MS: 3 ChangeBit-ChangeASCIIInt-InsertRepeatedBytes-
#67729	REDUCE cov: 259 ft: 557 corp: 168/9872b lim: 333 exec/s: 67729 rss: 412Mb L: 50/331 MS: 1 EraseBytes-
#67799	REDUCE cov: 259 ft: 557 corp: 168/9867b lim: 333 exec/s: 67799 rss: 412Mb L: 9/331 MS: 5 InsertByte-CrossOver-EraseBytes-ChangeByte-ChangeBit-
#67862	REDUCE cov: 259 ft: 558 corp: 169/9936b lim: 333 exec/s: 67862 rss: 412Mb L: 69/331 MS: 3 ChangeBinInt-ChangeBit-InsertByte-
#68093	REDUCE cov: 259 ft: 558 corp: 169/9922b lim: 333 exec/s: 68093 rss: 412Mb L: 68/331 MS: 1 EraseBytes-
#68224	REDUCE cov: 260 ft: 559 corp: 170/10082b lim: 333 exec/s: 68224 rss: 413Mb L: 160/331 MS: 1 EraseBytes-
#68368	REDUCE cov: 260 ft: 559 corp: 170/10076b lim: 333 exec/s: 68368 rss: 413Mb L: 40/331 MS: 4 InsertByte-ChangeBit-ShuffleBytes-EraseBytes-
#68480	NEW    cov: 260 ft: 560 corp: 171/10110b lim: 333 exec/s: 68480 rss: 413Mb L: 34/331 MS: 2 EraseBytes-CrossOver-
#68481	NEW    cov: 260 ft: 561 corp: 172/10141b lim: 333 exec/s: 68481 rss: 413Mb L: 31/331 MS: 1 PersAutoDict- DE: "\002\000\000\000\000\000\000\000"-
#68661	REDUCE cov: 260 ft: 561 corp: 172/10133b lim: 333 exec/s: 68661 rss: 413Mb L: 14/331 MS: 5 InsertByte-EraseBytes-EraseBytes-EraseBytes-ChangeBinInt-
#68677	REDUCE cov: 260 ft: 561 corp: 172/10132b lim: 333 exec/s: 68677 rss: 413Mb L: 13/331 MS: 1 EraseBytes-
#68743	NEW    cov: 260 ft: 562 corp: 173/10155b lim: 333 exec/s: 68743 rss: 413Mb L: 23/331 MS: 1 ChangeASCIIInt-
#68754	NEW    cov: 260 ft: 565 corp: 174/10214b lim: 333 exec/s: 68754 rss: 413Mb L: 59/331 MS: 1 ManualDict- DE: "requested length does not fit in int"-
#68770	REDUCE cov: 260 ft: 565 corp: 174/10212b lim: 333 exec/s: 68770 rss: 413Mb L: 11/331 MS: 1 EraseBytes-
#68776	REDUCE cov: 260 ft: 565 corp: 174/10193b lim: 333 exec/s: 68776 rss: 413Mb L: 23/331 MS: 1 EraseBytes-
#68838	REDUCE cov: 260 ft: 565 corp: 174/10169b lim: 333 exec/s: 68838 rss: 413Mb L: 63/331 MS: 2 ShuffleBytes-EraseBytes-
#68843	REDUCE cov: 260 ft: 565 corp: 174/10166b lim: 333 exec/s: 68843 rss: 413Mb L: 27/331 MS: 5 PersAutoDict-ChangeByte-ChangeByte-CMP-EraseBytes- DE: "\377\377\377\377\377\377\377\377"-"\376\377\377\377\000\000\000\000"-
#68879	NEW    cov: 260 ft: 566 corp: 175/10197b lim: 333 exec/s: 68879 rss: 413Mb L: 31/331 MS: 1 PersAutoDict- DE: "\033\000\000\000\000\000\000\000"-
#69095	REDUCE cov: 260 ft: 566 corp: 175/10179b lim: 333 exec/s: 69095 rss: 413Mb L: 27/331 MS: 1 EraseBytes-
#69096	NEW    cov: 260 ft: 567 corp: 176/10216b lim: 333 exec/s: 69096 rss: 413Mb L: 37/331 MS: 1 CopyPart-
#69167	REDUCE cov: 260 ft: 567 corp: 176/10215b lim: 333 exec/s: 69167 rss: 413Mb L: 30/331 MS: 1 EraseBytes-
#69250	REDUCE cov: 260 ft: 567 corp: 176/10194b lim: 333 exec/s: 69250 rss: 413Mb L: 47/331 MS: 3 InsertRepeatedBytes-ManualDict-EraseBytes- DE: "data error"-
#69378	REDUCE cov: 260 ft: 567 corp: 176/10190b lim: 333 exec/s: 69378 rss: 413Mb L: 183/331 MS: 3 ChangeBit-InsertByte-EraseBytes-
#69395	NEW    cov: 260 ft: 568 corp: 177/10234b lim: 333 exec/s: 69395 rss: 413Mb L: 44/331 MS: 2 ShuffleBytes-CopyPart-
#69406	REDUCE cov: 260 ft: 568 corp: 177/10230b lim: 333 exec/s: 69406 rss: 413Mb L: 40/331 MS: 1 EraseBytes-
#69537	REDUCE cov: 260 ft: 568 corp: 177/10218b lim: 333 exec/s: 69537 rss: 413Mb L: 26/331 MS: 1 CrossOver-
#69554	NEW    cov: 260 ft: 573 corp: 178/10541b lim: 333 exec/s: 69554 rss: 413Mb L: 323/331 MS: 2 InsertRepeatedBytes-CopyPart-
#69611	NEW    cov: 260 ft: 576 corp: 179/10578b lim: 333 exec/s: 69611 rss: 413Mb L: 37/331 MS: 2 ShuffleBytes-ManualDict- DE: "header crc mismatch"-
#69629	NEW    cov: 260 ft: 578 corp: 180/10638b lim: 333 exec/s: 69629 rss: 413Mb L: 60/331 MS: 3 ManualDict-ChangeByte-ShuffleBytes- DE: "tr_static_init: length != 256"-
#69638	REDUCE cov: 260 ft: 579 corp: 181/10759b lim: 333 exec/s: 69638 rss: 413Mb L: 121/331 MS: 4 ChangeBit-CopyPart-ChangeASCIIInt-ChangeBit-
#69814	REDUCE cov: 260 ft: 579 corp: 181/10753b lim: 333 exec/s: 69814 rss: 413Mb L: 167/331 MS: 1 EraseBytes-
#69900	REDUCE cov: 260 ft: 579 corp: 181/10750b lim: 333 exec/s: 69900 rss: 413Mb L: 56/331 MS: 1 EraseBytes-
#70001	REDUCE cov: 260 ft: 579 corp: 181/10725b lim: 333 exec/s: 70001 rss: 413Mb L: 35/331 MS: 1 EraseBytes-
#70032	REDUCE cov: 260 ft: 579 corp: 181/10720b lim: 333 exec/s: 70032 rss: 413Mb L: 18/331 MS: 1 EraseBytes-
#70064	REDUCE cov: 260 ft: 579 corp: 181/10660b lim: 333 exec/s: 70064 rss: 413Mb L: 65/331 MS: 2 InsertByte-EraseBytes-
#70370	REDUCE cov: 260 ft: 579 corp: 181/10656b lim: 333 exec/s: 70370 rss: 413Mb L: 38/331 MS: 1 EraseBytes-
#70462	REDUCE cov: 260 ft: 579 corp: 181/10655b lim: 333 exec/s: 70462 rss: 413Mb L: 30/331 MS: 2 CrossOver-EraseBytes-
#70488	REDUCE cov: 260 ft: 579 corp: 181/10654b lim: 333 exec/s: 70488 rss: 413Mb L: 34/331 MS: 1 EraseBytes-
#70504	REDUCE cov: 260 ft: 579 corp: 181/10626b lim: 333 exec/s: 70504 rss: 413Mb L: 63/331 MS: 1 EraseBytes-
#70505	REDUCE cov: 260 ft: 579 corp: 181/10625b lim: 333 exec/s: 70505 rss: 413Mb L: 13/331 MS: 1 EraseBytes-
#70508	REDUCE cov: 260 ft: 579 corp: 181/10588b lim: 333 exec/s: 70508 rss: 413Mb L: 43/331 MS: 3 ChangeByte-CopyPart-EraseBytes-
#70516	REDUCE cov: 260 ft: 579 corp: 181/10586b lim: 333 exec/s: 70516 rss: 413Mb L: 10/331 MS: 3 CMP-InsertByte-EraseBytes- DE: "\001\000\377\210"-
#70816	REDUCE cov: 260 ft: 579 corp: 181/10585b lim: 333 exec/s: 70816 rss: 413Mb L: 37/331 MS: 5 ChangeBinInt-ShuffleBytes-ShuffleBytes-InsertByte-EraseBytes-
#70963	REDUCE cov: 260 ft: 579 corp: 181/10580b lim: 333 exec/s: 70963 rss: 413Mb L: 15/331 MS: 2 CMP-EraseBytes- DE: "m\000\000\000\000\000\000\000"-
#71039	NEW    cov: 261 ft: 581 corp: 182/10623b lim: 333 exec/s: 71039 rss: 413Mb L: 43/331 MS: 1 CrossOver-
#71087	REDUCE cov: 261 ft: 581 corp: 182/10615b lim: 333 exec/s: 71087 rss: 413Mb L: 10/331 MS: 3 InsertByte-InsertByte-EraseBytes-
#71198	REDUCE cov: 261 ft: 581 corp: 182/10580b lim: 333 exec/s: 71198 rss: 413Mb L: 61/331 MS: 1 EraseBytes-
#71314	REDUCE cov: 261 ft: 582 corp: 183/10609b lim: 333 exec/s: 71314 rss: 413Mb L: 29/331 MS: 1 PersAutoDict- DE: "\001\010"-
#71480	REDUCE cov: 261 ft: 582 corp: 183/10607b lim: 333 exec/s: 71480 rss: 413Mb L: 21/331 MS: 1 EraseBytes-
#71553	REDUCE cov: 261 ft: 582 corp: 183/10604b lim: 333 exec/s: 71553 rss: 413Mb L: 24/331 MS: 3 ManualDict-EraseBytes-EraseBytes- DE: " l %2d v %4x "-
#71645	REDUCE cov: 261 ft: 582 corp: 183/10544b lim: 333 exec/s: 71645 rss: 413Mb L: 99/331 MS: 2 InsertByte-EraseBytes-
#71650	REDUCE cov: 261 ft: 583 corp: 184/10753b lim: 333 exec/s: 71650 rss: 413Mb L: 209/331 MS: 5 InsertByte-CMP-ManualDict-InsertRepeatedBytes-InsertRepeatedBytes- DE: "\002\000"-"buffer error"-
#71682	REDUCE cov: 261 ft: 583 corp: 184/10739b lim: 333 exec/s: 71682 rss: 413Mb L: 92/331 MS: 2 ChangeBit-EraseBytes-
#71707	NEW    cov: 262 ft: 593 corp: 185/10768b lim: 333 exec/s: 71707 rss: 413Mb L: 29/331 MS: 5 EraseBytes-ShuffleBytes-PersAutoDict-EraseBytes-ChangeBinInt- DE: "\021\000\000\000\000\000\000\000"-
#71838	REDUCE cov: 262 ft: 593 corp: 185/10760b lim: 333 exec/s: 71838 rss: 413Mb L: 35/331 MS: 1 EraseBytes-
#71886	REDUCE cov: 262 ft: 593 corp: 185/10752b lim: 333 exec/s: 71886 rss: 413Mb L: 120/331 MS: 3 ShuffleBytes-ChangeByte-EraseBytes-
#71887	REDUCE cov: 262 ft: 593 corp: 185/10720b lim: 333 exec/s: 71887 rss: 413Mb L: 33/331 MS: 1 EraseBytes-
#71918	REDUCE cov: 262 ft: 593 corp: 185/10696b lim: 333 exec/s: 71918 rss: 413Mb L: 55/331 MS: 1 EraseBytes-
#72052	REDUCE cov: 262 ft: 593 corp: 185/10687b lim: 333 exec/s: 72052 rss: 413Mb L: 54/331 MS: 4 ManualDict-ManualDict-CrossOver-EraseBytes- DE: " : (n % 3 == 2 ? "-"+r"-
#72058	REDUCE cov: 262 ft: 593 corp: 185/10677b lim: 333 exec/s: 72058 rss: 413Mb L: 58/331 MS: 1 EraseBytes-
#72141	REDUCE cov: 262 ft: 593 corp: 185/10676b lim: 333 exec/s: 72141 rss: 413Mb L: 30/331 MS: 3 ShuffleBytes-PersAutoDict-EraseBytes- DE: "??"-
#72143	REDUCE cov: 262 ft: 593 corp: 185/10672b lim: 333 exec/s: 72143 rss: 413Mb L: 22/331 MS: 2 InsertByte-EraseBytes-
#72160	REDUCE cov: 262 ft: 593 corp: 185/10667b lim: 333 exec/s: 72160 rss: 413Mb L: 24/331 MS: 2 ShuffleBytes-EraseBytes-
#72436	REDUCE cov: 262 ft: 593 corp: 185/10665b lim: 333 exec/s: 72436 rss: 413Mb L: 29/331 MS: 1 EraseBytes-
#73086	REDUCE cov: 262 ft: 593 corp: 185/10627b lim: 333 exec/s: 73086 rss: 413Mb L: 171/331 MS: 5 InsertRepeatedBytes-CopyPart-CrossOver-EraseBytes-EraseBytes-
#73123	REDUCE cov: 263 ft: 594 corp: 186/10636b lim: 333 exec/s: 73123 rss: 413Mb L: 9/331 MS: 2 EraseBytes-EraseBytes-
#73259	REDUCE cov: 263 ft: 594 corp: 186/10603b lim: 333 exec/s: 73259 rss: 413Mb L: 150/331 MS: 1 EraseBytes-
#73525	REDUCE cov: 263 ft: 594 corp: 186/10590b lim: 333 exec/s: 73525 rss: 413Mb L: 29/331 MS: 1 EraseBytes-
#73536	NEW    cov: 263 ft: 596 corp: 187/10744b lim: 333 exec/s: 73536 rss: 413Mb L: 154/331 MS: 1 InsertRepeatedBytes-
#73637	REDUCE cov: 263 ft: 596 corp: 187/10740b lim: 333 exec/s: 73637 rss: 413Mb L: 30/331 MS: 1 EraseBytes-
#73743	NEW    cov: 263 ft: 601 corp: 188/10767b lim: 333 exec/s: 73743 rss: 413Mb L: 27/331 MS: 1 CopyPart-
#73915	REDUCE cov: 263 ft: 601 corp: 188/10766b lim: 333 exec/s: 73915 rss: 413Mb L: 5/331 MS: 2 EraseBytes-ShuffleBytes-
#73987	REDUCE cov: 263 ft: 601 corp: 188/10765b lim: 333 exec/s: 73987 rss: 413Mb L: 41/331 MS: 2 EraseBytes-CopyPart-
#74085	NEW    cov: 263 ft: 602 corp: 189/10829b lim: 333 exec/s: 74085 rss: 413Mb L: 64/331 MS: 3 ChangeBit-InsertByte-InsertByte-
#74091	REDUCE cov: 263 ft: 602 corp: 189/10785b lim: 333 exec/s: 74091 rss: 413Mb L: 55/331 MS: 1 EraseBytes-
#74542	REDUCE cov: 263 ft: 602 corp: 189/10781b lim: 333 exec/s: 74542 rss: 413Mb L: 11/331 MS: 1 EraseBytes-
#74569	REDUCE cov: 263 ft: 602 corp: 189/10779b lim: 333 exec/s: 74569 rss: 413Mb L: 36/331 MS: 2 ChangeBit-EraseBytes-
#74766	REDUCE cov: 263 ft: 602 corp: 189/10773b lim: 333 exec/s: 74766 rss: 413Mb L: 58/331 MS: 2 ChangeBit-EraseBytes-
#74783	NEW    cov: 263 ft: 603 corp: 190/11104b lim: 333 exec/s: 74783 rss: 413Mb L: 331/331 MS: 2 CopyPart-InsertByte-
#74794	REDUCE cov: 263 ft: 603 corp: 190/11085b lim: 333 exec/s: 74794 rss: 413Mb L: 152/331 MS: 1 EraseBytes-
#74815	REDUCE cov: 263 ft: 603 corp: 190/11083b lim: 333 exec/s: 74815 rss: 413Mb L: 13/331 MS: 1 EraseBytes-
#75107	REDUCE cov: 263 ft: 603 corp: 190/11058b lim: 333 exec/s: 75107 rss: 413Mb L: 33/331 MS: 2 ChangeByte-EraseBytes-
#75203	REDUCE cov: 263 ft: 603 corp: 190/11050b lim: 333 exec/s: 75203 rss: 413Mb L: 39/331 MS: 1 EraseBytes-
#75219	REDUCE cov: 263 ft: 603 corp: 190/11036b lim: 333 exec/s: 75219 rss: 413Mb L: 76/331 MS: 1 EraseBytes-
#75237	REDUCE cov: 263 ft: 603 corp: 190/11022b lim: 333 exec/s: 75237 rss: 413Mb L: 52/331 MS: 3 CrossOver-ChangeBinInt-EraseBytes-
#75263	REDUCE cov: 263 ft: 603 corp: 190/11014b lim: 333 exec/s: 75263 rss: 413Mb L: 18/331 MS: 1 EraseBytes-
#75443	NEW    cov: 263 ft: 604 corp: 191/11144b lim: 333 exec/s: 75443 rss: 413Mb L: 130/331 MS: 5 ChangeBinInt-ChangeBit-InsertByte-CopyPart-InsertRepeatedBytes-
#75639	REDUCE cov: 263 ft: 604 corp: 191/11139b lim: 333 exec/s: 75639 rss: 413Mb L: 149/331 MS: 1 EraseBytes-
#75820	REDUCE cov: 263 ft: 604 corp: 191/11136b lim: 333 exec/s: 75820 rss: 413Mb L: 114/331 MS: 1 EraseBytes-
#75986	REDUCE cov: 263 ft: 604 corp: 191/11133b lim: 333 exec/s: 75986 rss: 413Mb L: 31/331 MS: 1 EraseBytes-
#76108	REDUCE cov: 263 ft: 604 corp: 191/11131b lim: 333 exec/s: 76108 rss: 413Mb L: 141/331 MS: 2 ChangeByte-EraseBytes-
#76159	REDUCE cov: 263 ft: 604 corp: 191/11099b lim: 333 exec/s: 76159 rss: 413Mb L: 93/331 MS: 1 EraseBytes-
#76710	REDUCE cov: 263 ft: 604 corp: 191/11073b lim: 333 exec/s: 76710 rss: 413Mb L: 31/331 MS: 1 EraseBytes-
#76750	REDUCE cov: 263 ft: 604 corp: 191/11070b lim: 333 exec/s: 76750 rss: 413Mb L: 6/331 MS: 5 ChangeByte-ChangeASCIIInt-ChangeBit-ChangeByte-EraseBytes-
#76776	REDUCE cov: 263 ft: 604 corp: 191/11069b lim: 333 exec/s: 76776 rss: 413Mb L: 8/331 MS: 1 EraseBytes-
#76863	REDUCE cov: 263 ft: 604 corp: 191/11057b lim: 333 exec/s: 76863 rss: 413Mb L: 47/331 MS: 2 ChangeBinInt-EraseBytes-
#76891	REDUCE cov: 263 ft: 604 corp: 191/11044b lim: 333 exec/s: 76891 rss: 413Mb L: 24/331 MS: 3 ChangeBinInt-CopyPart-EraseBytes-
#76902	REDUCE cov: 263 ft: 605 corp: 192/11052b lim: 333 exec/s: 76902 rss: 413Mb L: 8/331 MS: 1 CMP- DE: "3?\000\000"-
#76933	REDUCE cov: 263 ft: 605 corp: 192/11043b lim: 333 exec/s: 76933 rss: 413Mb L: 20/331 MS: 1 EraseBytes-
#76981	REDUCE cov: 263 ft: 608 corp: 193/11073b lim: 333 exec/s: 76981 rss: 413Mb L: 30/331 MS: 3 ManualDict-ChangeBit-EraseBytes- DE: "header crc mismatch"-
#77010	REDUCE cov: 263 ft: 608 corp: 193/11067b lim: 333 exec/s: 77010 rss: 413Mb L: 56/331 MS: 4 InsertByte-ShuffleBytes-ChangeBinInt-EraseBytes-
#77386	REDUCE cov: 263 ft: 608 corp: 193/11065b lim: 333 exec/s: 77386 rss: 413Mb L: 4/331 MS: 1 EraseBytes-
#77397	REDUCE cov: 263 ft: 608 corp: 193/11060b lim: 333 exec/s: 77397 rss: 413Mb L: 23/331 MS: 1 EraseBytes-
#77418	REDUCE cov: 263 ft: 608 corp: 193/11057b lim: 333 exec/s: 77418 rss: 413Mb L: 72/331 MS: 1 EraseBytes-
#77584	REDUCE cov: 263 ft: 608 corp: 193/11053b lim: 333 exec/s: 77584 rss: 413Mb L: 26/331 MS: 1 EraseBytes-
#77635	REDUCE cov: 263 ft: 608 corp: 193/11047b lim: 333 exec/s: 77635 rss: 413Mb L: 34/331 MS: 1 EraseBytes-
#77811	REDUCE cov: 263 ft: 608 corp: 193/11023b lim: 333 exec/s: 77811 rss: 413Mb L: 101/331 MS: 1 EraseBytes-
#78093	REDUCE cov: 263 ft: 608 corp: 193/11021b lim: 333 exec/s: 78093 rss: 413Mb L: 20/331 MS: 2 ChangeByte-EraseBytes-
#78124	REDUCE cov: 263 ft: 608 corp: 193/11020b lim: 333 exec/s: 78124 rss: 413Mb L: 91/331 MS: 1 EraseBytes-
#78145	REDUCE cov: 263 ft: 608 corp: 193/11018b lim: 333 exec/s: 78145 rss: 413Mb L: 31/331 MS: 1 EraseBytes-
#78160	REDUCE cov: 263 ft: 608 corp: 193/10983b lim: 333 exec/s: 78160 rss: 413Mb L: 56/331 MS: 5 PersAutoDict-CrossOver-ChangeBinInt-PersAutoDict-EraseBytes- DE: "no flush?"-"m\000\000\000\000\000\000\000"-
#78221	REDUCE cov: 263 ft: 608 corp: 193/10977b lim: 333 exec/s: 78221 rss: 413Mb L: 115/331 MS: 1 EraseBytes-
#78388	REDUCE cov: 263 ft: 608 corp: 193/10974b lim: 333 exec/s: 78388 rss: 413Mb L: 53/331 MS: 2 CMP-EraseBytes- DE: "\003\000\000\000\000\000\000\000"-
#78447	REDUCE cov: 263 ft: 608 corp: 193/10971b lim: 333 exec/s: 78447 rss: 413Mb L: 38/331 MS: 4 ChangeBit-ManualDict-EraseBytes-InsertByte- DE: "pendingBuf overflow"-
#78474	REDUCE cov: 263 ft: 610 corp: 194/11026b lim: 333 exec/s: 78474 rss: 413Mb L: 55/331 MS: 2 ShuffleBytes-InsertRepeatedBytes-
#78475	REDUCE cov: 263 ft: 610 corp: 194/11024b lim: 333 exec/s: 78475 rss: 413Mb L: 59/331 MS: 1 EraseBytes-
#78561	REDUCE cov: 263 ft: 610 corp: 194/11022b lim: 333 exec/s: 78561 rss: 413Mb L: 67/331 MS: 1 EraseBytes-
#78863	REDUCE cov: 263 ft: 610 corp: 194/11014b lim: 333 exec/s: 78863 rss: 413Mb L: 36/331 MS: 2 ShuffleBytes-EraseBytes-
#78894	REDUCE cov: 263 ft: 610 corp: 194/11012b lim: 333 exec/s: 78894 rss: 413Mb L: 34/331 MS: 1 EraseBytes-
#79025	NEW    cov: 263 ft: 611 corp: 195/11021b lim: 333 exec/s: 79025 rss: 413Mb L: 9/331 MS: 1 CopyPart-
#79031	REDUCE cov: 263 ft: 611 corp: 195/11009b lim: 333 exec/s: 79031 rss: 413Mb L: 67/331 MS: 1 EraseBytes-
#79080	REDUCE cov: 263 ft: 611 corp: 195/10998b lim: 333 exec/s: 79080 rss: 413Mb L: 68/331 MS: 4 ChangeByte-ChangeBinInt-ShuffleBytes-EraseBytes-
#79186	REDUCE cov: 263 ft: 611 corp: 195/10995b lim: 333 exec/s: 79186 rss: 413Mb L: 5/331 MS: 1 EraseBytes-
#79280	REDUCE cov: 263 ft: 611 corp: 195/10992b lim: 333 exec/s: 79280 rss: 413Mb L: 37/331 MS: 4 InsertByte-InsertRepeatedBytes-CopyPart-CrossOver-
#79316	REDUCE cov: 263 ft: 611 corp: 195/10975b lim: 333 exec/s: 79316 rss: 413Mb L: 39/331 MS: 1 EraseBytes-
#79712	REDUCE cov: 263 ft: 611 corp: 195/10970b lim: 333 exec/s: 79712 rss: 413Mb L: 29/331 MS: 1 EraseBytes-
#79728	REDUCE cov: 263 ft: 611 corp: 195/10941b lim: 333 exec/s: 79728 rss: 413Mb L: 74/331 MS: 1 EraseBytes-
#79884	REDUCE cov: 263 ft: 611 corp: 195/10923b lim: 333 exec/s: 79884 rss: 413Mb L: 39/331 MS: 1 EraseBytes-
#80216	REDUCE cov: 263 ft: 611 corp: 195/10920b lim: 333 exec/s: 80216 rss: 413Mb L: 328/331 MS: 2 ChangeBinInt-EraseBytes-
#80227	REDUCE cov: 263 ft: 611 corp: 195/10915b lim: 333 exec/s: 80227 rss: 413Mb L: 62/331 MS: 1 EraseBytes-
#80373	NEW    cov: 263 ft: 612 corp: 196/10955b lim: 333 exec/s: 80373 rss: 413Mb L: 40/331 MS: 1 EraseBytes-
#80499	REDUCE cov: 263 ft: 612 corp: 196/10947b lim: 333 exec/s: 80499 rss: 413Mb L: 53/331 MS: 1 EraseBytes-
#80595	REDUCE cov: 263 ft: 612 corp: 196/10891b lim: 333 exec/s: 80595 rss: 413Mb L: 93/331 MS: 1 EraseBytes-
#80631	REDUCE cov: 263 ft: 612 corp: 196/10888b lim: 333 exec/s: 80631 rss: 413Mb L: 10/331 MS: 1 EraseBytes-
#80658	REDUCE cov: 263 ft: 612 corp: 196/10886b lim: 333 exec/s: 80658 rss: 413Mb L: 19/331 MS: 2 InsertRepeatedBytes-EraseBytes-
#81027	REDUCE cov: 263 ft: 612 corp: 196/10884b lim: 333 exec/s: 81027 rss: 413Mb L: 56/331 MS: 4 ChangeByte-InsertRepeatedBytes-EraseBytes-EraseBytes-
#81134	REDUCE cov: 263 ft: 612 corp: 196/10824b lim: 333 exec/s: 81134 rss: 413Mb L: 70/331 MS: 2 PersAutoDict-EraseBytes- DE: "\376\377\377\377\000\000\000\000"-
#81170	REDUCE cov: 263 ft: 612 corp: 196/10822b lim: 333 exec/s: 81170 rss: 413Mb L: 28/331 MS: 1 EraseBytes-
#81211	REDUCE cov: 263 ft: 612 corp: 196/10812b lim: 333 exec/s: 81211 rss: 413Mb L: 45/331 MS: 1 EraseBytes-
#81264	REDUCE cov: 263 ft: 612 corp: 196/10810b lim: 333 exec/s: 81264 rss: 413Mb L: 22/331 MS: 3 CMP-ChangeBinInt-EraseBytes- DE: "\015\000\000\000\000\000\000\000"-
#81366	REDUCE cov: 263 ft: 612 corp: 196/10802b lim: 333 exec/s: 81366 rss: 413Mb L: 16/331 MS: 2 ShuffleBytes-EraseBytes-
#81422	REDUCE cov: 263 ft: 612 corp: 196/10770b lim: 333 exec/s: 81422 rss: 413Mb L: 83/331 MS: 1 EraseBytes-
#81504	REDUCE cov: 263 ft: 612 corp: 196/10746b lim: 333 exec/s: 81504 rss: 413Mb L: 38/331 MS: 2 PersAutoDict-EraseBytes- DE: "lost buf"-
#81597	REDUCE cov: 263 ft: 612 corp: 196/10739b lim: 333 exec/s: 81597 rss: 413Mb L: 31/331 MS: 3 ChangeBit-ChangeByte-EraseBytes-
#81729	REDUCE cov: 263 ft: 612 corp: 196/10730b lim: 333 exec/s: 81729 rss: 413Mb L: 17/331 MS: 2 EraseBytes-InsertByte-
#81888	REDUCE cov: 263 ft: 612 corp: 196/10705b lim: 333 exec/s: 81888 rss: 413Mb L: 28/331 MS: 4 InsertByte-ChangeBit-ShuffleBytes-EraseBytes-
#82204	REDUCE cov: 263 ft: 612 corp: 196/10701b lim: 333 exec/s: 82204 rss: 413Mb L: 6/331 MS: 1 EraseBytes-
#82278	REDUCE cov: 263 ft: 612 corp: 196/10685b lim: 333 exec/s: 82278 rss: 413Mb L: 64/331 MS: 4 ChangeByte-ShuffleBytes-ChangeBit-EraseBytes-
#82549	REDUCE cov: 263 ft: 612 corp: 196/10683b lim: 333 exec/s: 82549 rss: 413Mb L: 24/331 MS: 1 EraseBytes-
#82620	REDUCE cov: 263 ft: 612 corp: 196/10676b lim: 333 exec/s: 82620 rss: 413Mb L: 31/331 MS: 1 EraseBytes-
#82717	REDUCE cov: 263 ft: 612 corp: 196/10665b lim: 333 exec/s: 82717 rss: 413Mb L: 95/331 MS: 2 ChangeASCIIInt-EraseBytes-
#83008	REDUCE cov: 263 ft: 612 corp: 196/10609b lim: 333 exec/s: 83008 rss: 413Mb L: 111/331 MS: 1 EraseBytes-
#83035	REDUCE cov: 263 ft: 612 corp: 196/10608b lim: 333 exec/s: 83035 rss: 413Mb L: 35/331 MS: 2 ChangeByte-EraseBytes-
#83117	REDUCE cov: 263 ft: 612 corp: 196/10596b lim: 333 exec/s: 83117 rss: 413Mb L: 19/331 MS: 2 PersAutoDict-EraseBytes- DE: "??"-
#83153	REDUCE cov: 263 ft: 612 corp: 196/10588b lim: 333 exec/s: 83153 rss: 413Mb L: 83/331 MS: 1 EraseBytes-
#83324	REDUCE cov: 263 ft: 612 corp: 196/10587b lim: 333 exec/s: 83324 rss: 413Mb L: 27/331 MS: 1 EraseBytes-
#83755	REDUCE cov: 263 ft: 612 corp: 196/10573b lim: 333 exec/s: 83755 rss: 413Mb L: 27/331 MS: 1 EraseBytes-
#83806	NEW    cov: 263 ft: 614 corp: 197/10580b lim: 333 exec/s: 83806 rss: 413Mb L: 7/331 MS: 1 ShuffleBytes-
#83827	REDUCE cov: 263 ft: 614 corp: 197/10573b lim: 333 exec/s: 83827 rss: 413Mb L: 40/331 MS: 1 EraseBytes-
#83852	REDUCE cov: 263 ft: 614 corp: 197/10523b lim: 333 exec/s: 83852 rss: 413Mb L: 159/331 MS: 5 CopyPart-ShuffleBytes-ChangeBinInt-ChangeBinInt-EraseBytes-
#84091	REDUCE cov: 263 ft: 614 corp: 197/10509b lim: 333 exec/s: 84091 rss: 413Mb L: 56/331 MS: 4 ChangeBinInt-ChangeBit-ShuffleBytes-EraseBytes-
#84582	REDUCE cov: 263 ft: 614 corp: 197/10508b lim: 333 exec/s: 84582 rss: 413Mb L: 13/331 MS: 1 EraseBytes-
#84654	REDUCE cov: 263 ft: 614 corp: 197/10495b lim: 333 exec/s: 84654 rss: 413Mb L: 43/331 MS: 2 CopyPart-EraseBytes-
#84841	REDUCE cov: 263 ft: 614 corp: 197/10493b lim: 333 exec/s: 84841 rss: 413Mb L: 41/331 MS: 2 ManualDict-EraseBytes- DE: " : (n % 3 == 2 ? "-
#84863	REDUCE cov: 263 ft: 614 corp: 197/10487b lim: 333 exec/s: 84863 rss: 413Mb L: 95/331 MS: 2 ChangeBinInt-EraseBytes-
#84945	REDUCE cov: 263 ft: 614 corp: 197/10471b lim: 333 exec/s: 84945 rss: 413Mb L: 40/331 MS: 2 InsertByte-EraseBytes-
#85036	NEW    cov: 263 ft: 615 corp: 198/10514b lim: 333 exec/s: 85036 rss: 413Mb L: 43/331 MS: 1 CrossOver-
#85133	REDUCE cov: 263 ft: 615 corp: 198/10508b lim: 333 exec/s: 85133 rss: 413Mb L: 33/331 MS: 2 ChangeBinInt-EraseBytes-
#85305	REDUCE cov: 263 ft: 615 corp: 198/10487b lim: 333 exec/s: 85305 rss: 413Mb L: 22/331 MS: 2 ChangeASCIIInt-EraseBytes-
#85561	REDUCE cov: 263 ft: 615 corp: 198/10486b lim: 333 exec/s: 85561 rss: 413Mb L: 57/331 MS: 1 EraseBytes-
#85829	REDUCE cov: 263 ft: 615 corp: 198/10480b lim: 333 exec/s: 85829 rss: 413Mb L: 115/331 MS: 3 ChangeBit-ChangeBit-EraseBytes-
#86038	REDUCE cov: 263 ft: 615 corp: 198/10457b lim: 333 exec/s: 86038 rss: 413Mb L: 92/331 MS: 4 CopyPart-ChangeBit-CrossOver-EraseBytes-
#86109	REDUCE cov: 263 ft: 615 corp: 198/10455b lim: 333 exec/s: 86109 rss: 413Mb L: 22/331 MS: 1 EraseBytes-
#86325	REDUCE cov: 263 ft: 615 corp: 198/10438b lim: 333 exec/s: 86325 rss: 413Mb L: 28/331 MS: 1 EraseBytes-
#86562	REDUCE cov: 263 ft: 615 corp: 198/10437b lim: 333 exec/s: 86562 rss: 413Mb L: 37/331 MS: 2 PersAutoDict-EraseBytes- DE: "\001\000\000\000\000\000\000="-
#86649	REDUCE cov: 263 ft: 615 corp: 198/10434b lim: 333 exec/s: 86649 rss: 413Mb L: 122/331 MS: 2 ChangeBit-EraseBytes-
#86655	REDUCE cov: 263 ft: 615 corp: 198/10418b lim: 333 exec/s: 86655 rss: 413Mb L: 67/331 MS: 1 EraseBytes-
#86658	REDUCE cov: 263 ft: 615 corp: 198/10406b lim: 333 exec/s: 86658 rss: 413Mb L: 23/331 MS: 3 InsertByte-ShuffleBytes-EraseBytes-
#86695	REDUCE cov: 263 ft: 615 corp: 198/10402b lim: 333 exec/s: 86695 rss: 413Mb L: 39/331 MS: 2 CMP-EraseBytes- DE: "\360\377\000\000\000\000\000\000"-
#86951	REDUCE cov: 263 ft: 615 corp: 198/10395b lim: 333 exec/s: 86951 rss: 413Mb L: 37/331 MS: 1 EraseBytes-
#87152	REDUCE cov: 263 ft: 615 corp: 198/10391b lim: 333 exec/s: 87152 rss: 413Mb L: 29/331 MS: 1 EraseBytes-
#87411	REDUCE cov: 263 ft: 615 corp: 198/10346b lim: 333 exec/s: 87411 rss: 413Mb L: 48/331 MS: 4 CopyPart-InsertByte-PersAutoDict-EraseBytes- DE: "block-listed"-
#87442	REDUCE cov: 263 ft: 615 corp: 198/10332b lim: 333 exec/s: 87442 rss: 413Mb L: 43/331 MS: 1 EraseBytes-
#87599	REDUCE cov: 263 ft: 615 corp: 198/10330b lim: 333 exec/s: 87599 rss: 413Mb L: 21/331 MS: 2 ChangeBit-EraseBytes-
#88096	REDUCE cov: 263 ft: 615 corp: 198/10308b lim: 333 exec/s: 88096 rss: 413Mb L: 37/331 MS: 2 ChangeBit-EraseBytes-
#88145	REDUCE cov: 263 ft: 615 corp: 198/10306b lim: 333 exec/s: 88145 rss: 413Mb L: 7/331 MS: 4 ChangeByte-ChangeASCIIInt-CopyPart-EraseBytes-
#88272	REDUCE cov: 263 ft: 615 corp: 198/10298b lim: 333 exec/s: 88272 rss: 413Mb L: 107/331 MS: 2 ManualDict-EraseBytes- DE: " inflate 1.3.1 Copyright 1995-2024 Mark Adler "-
#88338	REDUCE cov: 263 ft: 615 corp: 198/10292b lim: 333 exec/s: 88338 rss: 413Mb L: 23/331 MS: 1 EraseBytes-
#88659	REDUCE cov: 263 ft: 615 corp: 198/10287b lim: 333 exec/s: 88659 rss: 413Mb L: 25/331 MS: 1 EraseBytes-
#89070	REDUCE cov: 263 ft: 615 corp: 198/10226b lim: 333 exec/s: 89070 rss: 413Mb L: 114/331 MS: 1 EraseBytes-
#89117	REDUCE cov: 263 ft: 615 corp: 198/10215b lim: 333 exec/s: 89117 rss: 413Mb L: 25/331 MS: 2 ChangeBinInt-EraseBytes-
#89254	REDUCE cov: 263 ft: 615 corp: 198/10214b lim: 333 exec/s: 89254 rss: 413Mb L: 26/331 MS: 2 InsertByte-EraseBytes-
#89297	REDUCE cov: 263 ft: 615 corp: 198/10212b lim: 333 exec/s: 89297 rss: 413Mb L: 37/331 MS: 3 InsertRepeatedBytes-ShuffleBytes-CrossOver-
#89474	REDUCE cov: 263 ft: 615 corp: 198/10211b lim: 333 exec/s: 89474 rss: 413Mb L: 28/331 MS: 2 ShuffleBytes-EraseBytes-
#89482	REDUCE cov: 263 ft: 615 corp: 198/10210b lim: 333 exec/s: 89482 rss: 413Mb L: 10/331 MS: 3 InsertByte-InsertByte-EraseBytes-
#89868	REDUCE cov: 263 ft: 615 corp: 198/10204b lim: 333 exec/s: 89868 rss: 413Mb L: 31/331 MS: 1 EraseBytes-
#89891	REDUCE cov: 263 ft: 615 corp: 198/10202b lim: 333 exec/s: 89891 rss: 413Mb L: 24/331 MS: 3 ChangeASCIIInt-ChangeByte-EraseBytes-
#89912	REDUCE cov: 263 ft: 615 corp: 198/10192b lim: 333 exec/s: 89912 rss: 413Mb L: 64/331 MS: 1 EraseBytes-
#89973	REDUCE cov: 263 ft: 615 corp: 198/10174b lim: 333 exec/s: 89973 rss: 413Mb L: 58/331 MS: 1 EraseBytes-
#89999	REDUCE cov: 263 ft: 615 corp: 198/10148b lim: 333 exec/s: 89999 rss: 413Mb L: 48/331 MS: 1 EraseBytes-
#90177	REDUCE cov: 263 ft: 615 corp: 198/10139b lim: 333 exec/s: 90177 rss: 413Mb L: 49/331 MS: 3 ChangeBinInt-InsertByte-EraseBytes-
#90983	REDUCE cov: 263 ft: 615 corp: 198/10137b lim: 341 exec/s: 90983 rss: 413Mb L: 35/331 MS: 1 EraseBytes-
#91045	REDUCE cov: 263 ft: 616 corp: 199/10176b lim: 341 exec/s: 91045 rss: 413Mb L: 39/331 MS: 2 ShuffleBytes-ChangeBit-
#91107	REDUCE cov: 263 ft: 616 corp: 199/10162b lim: 341 exec/s: 91107 rss: 413Mb L: 75/331 MS: 2 CrossOver-EraseBytes-
#91323	REDUCE cov: 263 ft: 616 corp: 199/10161b lim: 341 exec/s: 91323 rss: 413Mb L: 49/331 MS: 1 EraseBytes-
#91800	REDUCE cov: 263 ft: 616 corp: 199/10152b lim: 341 exec/s: 91800 rss: 413Mb L: 86/331 MS: 2 ChangeASCIIInt-EraseBytes-
#91886	REDUCE cov: 263 ft: 616 corp: 199/10135b lim: 341 exec/s: 91886 rss: 413Mb L: 75/331 MS: 1 EraseBytes-
#92137	REDUCE cov: 263 ft: 616 corp: 199/10134b lim: 341 exec/s: 92137 rss: 413Mb L: 13/331 MS: 1 EraseBytes-
#92370	REDUCE cov: 263 ft: 616 corp: 199/10127b lim: 341 exec/s: 92370 rss: 413Mb L: 56/331 MS: 3 ChangeBit-ChangeBit-EraseBytes-
#92376	REDUCE cov: 263 ft: 616 corp: 199/10123b lim: 341 exec/s: 92376 rss: 413Mb L: 51/331 MS: 1 EraseBytes-
#92402	REDUCE cov: 263 ft: 616 corp: 199/10120b lim: 341 exec/s: 92402 rss: 413Mb L: 26/331 MS: 1 EraseBytes-
#92505	REDUCE cov: 263 ft: 616 corp: 199/10106b lim: 341 exec/s: 92505 rss: 414Mb L: 15/331 MS: 3 ShuffleBytes-InsertByte-EraseBytes-
#92741	REDUCE cov: 263 ft: 616 corp: 199/10104b lim: 341 exec/s: 92741 rss: 414Mb L: 65/331 MS: 1 EraseBytes-
#92762	REDUCE cov: 263 ft: 616 corp: 199/10101b lim: 341 exec/s: 92762 rss: 414Mb L: 10/331 MS: 1 EraseBytes-
#93413	REDUCE cov: 263 ft: 616 corp: 199/10096b lim: 341 exec/s: 93413 rss: 414Mb L: 12/331 MS: 1 EraseBytes-
#93649	REDUCE cov: 263 ft: 616 corp: 199/10095b lim: 341 exec/s: 93649 rss: 414Mb L: 39/331 MS: 1 EraseBytes-
#93730	REDUCE cov: 263 ft: 616 corp: 199/10094b lim: 341 exec/s: 93730 rss: 414Mb L: 13/331 MS: 1 EraseBytes-
#93771	REDUCE cov: 263 ft: 616 corp: 199/10080b lim: 341 exec/s: 93771 rss: 414Mb L: 25/331 MS: 1 EraseBytes-
#93938	REDUCE cov: 263 ft: 616 corp: 199/10066b lim: 341 exec/s: 93938 rss: 414Mb L: 25/331 MS: 2 ManualDict-EraseBytes- DE: "   {"-
#94335	REDUCE cov: 263 ft: 616 corp: 199/10058b lim: 341 exec/s: 94335 rss: 414Mb L: 23/331 MS: 2 ChangeASCIIInt-EraseBytes-
#94636	REDUCE cov: 263 ft: 616 corp: 199/10043b lim: 341 exec/s: 94636 rss: 414Mb L: 230/331 MS: 1 EraseBytes-
#94827	REDUCE cov: 263 ft: 616 corp: 199/10031b lim: 341 exec/s: 94827 rss: 414Mb L: 13/331 MS: 1 EraseBytes-
#94963	REDUCE cov: 263 ft: 616 corp: 199/10016b lim: 341 exec/s: 94963 rss: 414Mb L: 99/331 MS: 1 EraseBytes-
#95081	REDUCE cov: 263 ft: 616 corp: 199/10014b lim: 341 exec/s: 95081 rss: 414Mb L: 28/331 MS: 3 CopyPart-EraseBytes-ChangeBinInt-
#95167	REDUCE cov: 263 ft: 616 corp: 199/10013b lim: 341 exec/s: 95167 rss: 414Mb L: 30/331 MS: 1 EraseBytes-
#95169	REDUCE cov: 263 ft: 616 corp: 199/10006b lim: 341 exec/s: 95169 rss: 414Mb L: 17/331 MS: 2 ChangeBinInt-EraseBytes-
#95170	REDUCE cov: 263 ft: 616 corp: 199/10004b lim: 341 exec/s: 95170 rss: 414Mb L: 11/331 MS: 1 EraseBytes-
#95179	REDUCE cov: 263 ft: 616 corp: 199/10002b lim: 341 exec/s: 95179 rss: 414Mb L: 34/331 MS: 4 ChangeASCIIInt-ChangeBit-CopyPart-EraseBytes-
#95270	REDUCE cov: 263 ft: 616 corp: 199/9998b lim: 341 exec/s: 95270 rss: 414Mb L: 11/331 MS: 1 EraseBytes-
#95389	REDUCE cov: 263 ft: 617 corp: 200/10121b lim: 341 exec/s: 95389 rss: 414Mb L: 123/331 MS: 4 ChangeBinInt-ShuffleBytes-InsertByte-InsertRepeatedBytes-
#95435	REDUCE cov: 263 ft: 617 corp: 200/10116b lim: 341 exec/s: 95435 rss: 414Mb L: 24/331 MS: 1 EraseBytes-
#95616	REDUCE cov: 263 ft: 617 corp: 200/10115b lim: 341 exec/s: 95616 rss: 414Mb L: 25/331 MS: 1 EraseBytes-
#95662	REDUCE cov: 263 ft: 617 corp: 200/10102b lim: 341 exec/s: 95662 rss: 414Mb L: 56/331 MS: 1 EraseBytes-
#95688	REDUCE cov: 263 ft: 617 corp: 200/10098b lim: 341 exec/s: 95688 rss: 414Mb L: 110/331 MS: 1 EraseBytes-
#95997	REDUCE cov: 263 ft: 617 corp: 200/10097b lim: 341 exec/s: 95997 rss: 414Mb L: 9/331 MS: 4 InsertByte-ChangeBit-ChangeByte-EraseBytes-
#96048	REDUCE cov: 263 ft: 617 corp: 200/10095b lim: 341 exec/s: 96048 rss: 414Mb L: 7/331 MS: 1 EraseBytes-
#96059	REDUCE cov: 263 ft: 621 corp: 201/10119b lim: 341 exec/s: 96059 rss: 414Mb L: 24/331 MS: 1 ChangeByte-
#96188	REDUCE cov: 263 ft: 621 corp: 201/10118b lim: 341 exec/s: 96188 rss: 414Mb L: 38/331 MS: 4 ChangeBit-CopyPart-InsertByte-EraseBytes-
#96204	REDUCE cov: 263 ft: 621 corp: 201/10114b lim: 341 exec/s: 96204 rss: 414Mb L: 63/331 MS: 1 EraseBytes-
#96331	REDUCE cov: 263 ft: 621 corp: 201/10106b lim: 341 exec/s: 96331 rss: 414Mb L: 50/331 MS: 2 ShuffleBytes-EraseBytes-
#96418	REDUCE cov: 263 ft: 621 corp: 201/10099b lim: 341 exec/s: 96418 rss: 414Mb L: 156/331 MS: 2 CMP-EraseBytes- DE: "R?"-
#96499	REDUCE cov: 263 ft: 621 corp: 201/10096b lim: 341 exec/s: 96499 rss: 414Mb L: 32/331 MS: 1 EraseBytes-
#96701	REDUCE cov: 263 ft: 621 corp: 201/10080b lim: 341 exec/s: 96701 rss: 414Mb L: 59/331 MS: 2 CrossOver-EraseBytes-
#96920	REDUCE cov: 263 ft: 621 corp: 201/10040b lim: 341 exec/s: 96920 rss: 414Mb L: 67/331 MS: 4 ManualDict-ChangeByte-CMP-EraseBytes- DE: "no flush?"-"\313\000\000\000"-
#96996	REDUCE cov: 263 ft: 632 corp: 202/10057b lim: 341 exec/s: 96996 rss: 414Mb L: 17/331 MS: 1 ChangeBinInt-
#97172	REDUCE cov: 263 ft: 632 corp: 202/10043b lim: 341 exec/s: 97172 rss: 414Mb L: 41/331 MS: 1 EraseBytes-
#97308	REDUCE cov: 263 ft: 632 corp: 202/10038b lim: 341 exec/s: 97308 rss: 414Mb L: 22/331 MS: 1 EraseBytes-
#97439	REDUCE cov: 263 ft: 632 corp: 202/10037b lim: 341 exec/s: 97439 rss: 414Mb L: 18/331 MS: 1 EraseBytes-
#98035	REDUCE cov: 263 ft: 632 corp: 202/10035b lim: 341 exec/s: 98035 rss: 414Mb L: 21/331 MS: 1 EraseBytes-
#98396	REDUCE cov: 263 ft: 632 corp: 202/10015b lim: 341 exec/s: 98396 rss: 414Mb L: 91/331 MS: 1 EraseBytes-
#98881	REDUCE cov: 263 ft: 632 corp: 202/10008b lim: 341 exec/s: 98881 rss: 414Mb L: 7/331 MS: 5 ChangeByte-CopyPart-EraseBytes-EraseBytes-CMP- DE: "\010\000"-
#98907	REDUCE cov: 263 ft: 632 corp: 202/10000b lim: 341 exec/s: 98907 rss: 414Mb L: 49/331 MS: 1 EraseBytes-
#99147	REDUCE cov: 263 ft: 637 corp: 203/10031b lim: 341 exec/s: 99147 rss: 414Mb L: 31/331 MS: 5 InsertByte-CopyPart-CMP-ChangeBit-InsertByte- DE: "G\000\000\000\000\000\000\000"-
#99158	REDUCE cov: 263 ft: 637 corp: 203/10023b lim: 341 exec/s: 99158 rss: 414Mb L: 115/331 MS: 1 EraseBytes-
#99230	REDUCE cov: 263 ft: 637 corp: 203/10022b lim: 341 exec/s: 99230 rss: 414Mb L: 8/331 MS: 2 ChangeBit-EraseBytes-
#99383	REDUCE cov: 263 ft: 637 corp: 203/10010b lim: 341 exec/s: 99383 rss: 414Mb L: 51/331 MS: 3 ManualDict-EraseBytes-CopyPart- DE: "stream end"-
#99412	REDUCE cov: 263 ft: 638 corp: 204/10049b lim: 341 exec/s: 99412 rss: 414Mb L: 39/331 MS: 4 CopyPart-ManualDict-CrossOver-ChangeBinInt- DE: " l %2d v %4x "-
#99439	REDUCE cov: 263 ft: 638 corp: 204/10045b lim: 341 exec/s: 99439 rss: 414Mb L: 32/331 MS: 2 InsertByte-EraseBytes-
#99515	REDUCE cov: 263 ft: 638 corp: 204/10044b lim: 341 exec/s: 99515 rss: 414Mb L: 27/331 MS: 1 EraseBytes-
#99931	REDUCE cov: 263 ft: 638 corp: 204/10043b lim: 341 exec/s: 99931 rss: 414Mb L: 66/331 MS: 1 EraseBytes-
#99942	REDUCE cov: 263 ft: 638 corp: 204/10037b lim: 341 exec/s: 99942 rss: 414Mb L: 17/331 MS: 1 EraseBytes-
#100128	REDUCE cov: 263 ft: 638 corp: 204/10036b lim: 341 exec/s: 100128 rss: 414Mb L: 24/331 MS: 1 EraseBytes-
#100314	REDUCE cov: 263 ft: 638 corp: 204/10022b lim: 341 exec/s: 100314 rss: 414Mb L: 51/331 MS: 1 EraseBytes-
#100356	REDUCE cov: 263 ft: 638 corp: 204/10013b lim: 341 exec/s: 100356 rss: 414Mb L: 47/331 MS: 2 CopyPart-EraseBytes-
#100462	REDUCE cov: 263 ft: 638 corp: 204/10010b lim: 341 exec/s: 100462 rss: 414Mb L: 34/331 MS: 1 EraseBytes-
#100484	REDUCE cov: 263 ft: 638 corp: 204/9996b lim: 341 exec/s: 100484 rss: 414Mb L: 17/331 MS: 2 ShuffleBytes-EraseBytes-
#100640	REDUCE cov: 263 ft: 638 corp: 204/9988b lim: 341 exec/s: 100640 rss: 414Mb L: 9/331 MS: 1 EraseBytes-
#100676	REDUCE cov: 263 ft: 638 corp: 204/9986b lim: 341 exec/s: 100676 rss: 414Mb L: 139/331 MS: 1 EraseBytes-
#100899	REDUCE cov: 263 ft: 638 corp: 204/9981b lim: 341 exec/s: 100899 rss: 414Mb L: 46/331 MS: 3 ChangeBit-PersAutoDict-EraseBytes- DE: "data error"-
#100940	REDUCE cov: 263 ft: 638 corp: 204/9971b lim: 341 exec/s: 100940 rss: 414Mb L: 22/331 MS: 1 EraseBytes-
#100991	REDUCE cov: 263 ft: 638 corp: 204/9969b lim: 341 exec/s: 100991 rss: 414Mb L: 16/331 MS: 1 EraseBytes-
#100992	REDUCE cov: 263 ft: 638 corp: 204/9965b lim: 341 exec/s: 100992 rss: 414Mb L: 20/331 MS: 1 EraseBytes-
#101003	REDUCE cov: 263 ft: 638 corp: 204/9963b lim: 341 exec/s: 101003 rss: 414Mb L: 37/331 MS: 1 EraseBytes-
#101171	REDUCE cov: 263 ft: 638 corp: 204/9961b lim: 341 exec/s: 101171 rss: 414Mb L: 46/331 MS: 3 ChangeBit-InsertByte-EraseBytes-
#101342	REDUCE cov: 263 ft: 638 corp: 204/9952b lim: 341 exec/s: 101342 rss: 414Mb L: 37/331 MS: 1 EraseBytes-
#101349	REDUCE cov: 263 ft: 638 corp: 204/9946b lim: 341 exec/s: 101349 rss: 414Mb L: 18/331 MS: 2 CopyPart-EraseBytes-
#101530	NEW    cov: 264 ft: 646 corp: 205/10005b lim: 341 exec/s: 101530 rss: 414Mb L: 59/331 MS: 1 InsertRepeatedBytes-
#101608	REDUCE cov: 264 ft: 646 corp: 205/9967b lim: 341 exec/s: 101608 rss: 414Mb L: 77/331 MS: 3 ManualDict-ShuffleBytes-EraseBytes- DE: "invalid block type"-
#101704	REDUCE cov: 264 ft: 646 corp: 205/9959b lim: 341 exec/s: 101704 rss: 414Mb L: 20/331 MS: 1 EraseBytes-
#101785	REDUCE cov: 264 ft: 646 corp: 205/9958b lim: 341 exec/s: 101785 rss: 414Mb L: 6/331 MS: 1 EraseBytes-
#102138	REDUCE cov: 264 ft: 646 corp: 205/9956b lim: 341 exec/s: 102138 rss: 414Mb L: 47/331 MS: 3 ChangeBit-ChangeBit-EraseBytes-
#102307	REDUCE cov: 264 ft: 646 corp: 205/9953b lim: 341 exec/s: 102307 rss: 414Mb L: 14/331 MS: 4 PersAutoDict-CMP-CopyPart-EraseBytes- DE: "\377\377"-"\377\014"-
#102338	REDUCE cov: 264 ft: 646 corp: 205/9952b lim: 341 exec/s: 102338 rss: 414Mb L: 37/331 MS: 1 EraseBytes-
#102399	REDUCE cov: 264 ft: 646 corp: 205/9950b lim: 341 exec/s: 102399 rss: 414Mb L: 8/331 MS: 1 EraseBytes-
#102411	REDUCE cov: 264 ft: 646 corp: 205/9845b lim: 341 exec/s: 102411 rss: 414Mb L: 137/331 MS: 2 ChangeBit-EraseBytes-
#102502	REDUCE cov: 264 ft: 646 corp: 205/9816b lim: 341 exec/s: 102502 rss: 414Mb L: 38/331 MS: 1 EraseBytes-
#102663	REDUCE cov: 264 ft: 646 corp: 205/9815b lim: 341 exec/s: 102663 rss: 414Mb L: 12/331 MS: 1 EraseBytes-
#102974	REDUCE cov: 264 ft: 646 corp: 205/9807b lim: 341 exec/s: 102974 rss: 414Mb L: 14/331 MS: 1 EraseBytes-
#103154	REDUCE cov: 264 ft: 646 corp: 205/9806b lim: 341 exec/s: 103154 rss: 414Mb L: 22/331 MS: 5 ChangeBit-InsertRepeatedBytes-ShuffleBytes-ChangeBit-EraseBytes-
#103245	NEW    cov: 265 ft: 648 corp: 206/9948b lim: 341 exec/s: 103245 rss: 414Mb L: 142/331 MS: 1 InsertRepeatedBytes-
#103541	REDUCE cov: 265 ft: 648 corp: 206/9944b lim: 341 exec/s: 103541 rss: 414Mb L: 174/331 MS: 1 EraseBytes-
#104067	NEW    cov: 265 ft: 651 corp: 207/9963b lim: 341 exec/s: 104067 rss: 414Mb L: 19/331 MS: 1 PersAutoDict- DE: "buffer error"-
#104961	REDUCE cov: 265 ft: 651 corp: 207/9957b lim: 349 exec/s: 104961 rss: 414Mb L: 28/331 MS: 4 InsertByte-ChangeBit-PersAutoDict-EraseBytes- DE: "\021\000"-
#105038	REDUCE cov: 265 ft: 651 corp: 207/9943b lim: 349 exec/s: 105038 rss: 414Mb L: 72/331 MS: 2 CMP-EraseBytes- DE: "\000\000\000\000\000\000\000\001"-
#105056	REDUCE cov: 265 ft: 651 corp: 207/9931b lim: 349 exec/s: 105056 rss: 414Mb L: 25/331 MS: 3 ShuffleBytes-CrossOver-EraseBytes-
#105567	REDUCE cov: 265 ft: 651 corp: 207/9923b lim: 349 exec/s: 105567 rss: 414Mb L: 120/331 MS: 1 EraseBytes-
#105815	REDUCE cov: 265 ft: 651 corp: 207/9918b lim: 349 exec/s: 105815 rss: 414Mb L: 9/331 MS: 3 ChangeASCIIInt-InsertByte-EraseBytes-
#105973	REDUCE cov: 265 ft: 651 corp: 207/9916b lim: 349 exec/s: 105973 rss: 414Mb L: 12/331 MS: 3 PersAutoDict-ChangeBinInt-EraseBytes- DE: " : "-
#106075	REDUCE cov: 265 ft: 651 corp: 207/9910b lim: 349 exec/s: 106075 rss: 414Mb L: 224/331 MS: 2 CopyPart-EraseBytes-
#106206	REDUCE cov: 265 ft: 651 corp: 207/9904b lim: 349 exec/s: 106206 rss: 414Mb L: 53/331 MS: 1 EraseBytes-
#106222	REDUCE cov: 265 ft: 652 corp: 208/10049b lim: 349 exec/s: 106222 rss: 414Mb L: 145/331 MS: 1 InsertRepeatedBytes-
#106524	REDUCE cov: 265 ft: 652 corp: 208/10017b lim: 349 exec/s: 106524 rss: 414Mb L: 67/331 MS: 2 ManualDict-EraseBytes- DE: "Algorithms"-
#106784	REDUCE cov: 265 ft: 652 corp: 208/9995b lim: 349 exec/s: 106784 rss: 414Mb L: 34/331 MS: 5 EraseBytes-PersAutoDict-PersAutoDict-ChangeByte-CrossOver- DE: "\002\000"-"invalid match"-
#106822	REDUCE cov: 265 ft: 652 corp: 208/9994b lim: 349 exec/s: 106822 rss: 414Mb L: 7/331 MS: 3 InsertByte-ChangeBinInt-EraseBytes-
#106863	REDUCE cov: 265 ft: 652 corp: 208/9992b lim: 349 exec/s: 106863 rss: 414Mb L: 32/331 MS: 1 EraseBytes-
#107131	REDUCE cov: 265 ft: 656 corp: 209/10004b lim: 349 exec/s: 107131 rss: 414Mb L: 12/331 MS: 3 ChangeBinInt-PersAutoDict-InsertByte- DE: "R?"-
#107177	REDUCE cov: 265 ft: 656 corp: 209/10002b lim: 349 exec/s: 107177 rss: 414Mb L: 61/331 MS: 1 EraseBytes-
#107229	REDUCE cov: 265 ft: 656 corp: 209/9994b lim: 349 exec/s: 107229 rss: 414Mb L: 51/331 MS: 2 ChangeByte-EraseBytes-
#107330	REDUCE cov: 265 ft: 656 corp: 209/9991b lim: 349 exec/s: 107330 rss: 414Mb L: 16/331 MS: 1 EraseBytes-
#108006	REDUCE cov: 265 ft: 656 corp: 209/9990b lim: 349 exec/s: 108006 rss: 414Mb L: 51/331 MS: 1 EraseBytes-
#108603	REDUCE cov: 265 ft: 656 corp: 209/9984b lim: 349 exec/s: 108603 rss: 414Mb L: 28/331 MS: 2 ShuffleBytes-EraseBytes-
#108914	REDUCE cov: 265 ft: 656 corp: 209/9977b lim: 349 exec/s: 108914 rss: 414Mb L: 30/331 MS: 1 EraseBytes-
#108955	REDUCE cov: 265 ft: 656 corp: 209/9975b lim: 349 exec/s: 108955 rss: 414Mb L: 19/331 MS: 1 EraseBytes-
#108962	REDUCE cov: 265 ft: 656 corp: 209/9964b lim: 349 exec/s: 108962 rss: 414Mb L: 131/331 MS: 2 ChangeByte-EraseBytes-
#108993	REDUCE cov: 265 ft: 656 corp: 209/9962b lim: 349 exec/s: 108993 rss: 414Mb L: 9/331 MS: 1 EraseBytes-
#109134	REDUCE cov: 265 ft: 656 corp: 209/9961b lim: 349 exec/s: 109134 rss: 414Mb L: 29/331 MS: 1 EraseBytes-
#109431	REDUCE cov: 265 ft: 656 corp: 209/9939b lim: 349 exec/s: 109431 rss: 414Mb L: 109/331 MS: 2 CopyPart-EraseBytes-
#109772	REDUCE cov: 265 ft: 656 corp: 209/9936b lim: 349 exec/s: 109772 rss: 414Mb L: 45/331 MS: 1 CrossOver-
#110369	REDUCE cov: 265 ft: 656 corp: 209/9930b lim: 349 exec/s: 110369 rss: 414Mb L: 14/331 MS: 2 CopyPart-EraseBytes-
#111129	REDUCE cov: 265 ft: 656 corp: 209/9916b lim: 349 exec/s: 111129 rss: 414Mb L: 53/331 MS: 5 CopyPart-ChangeBit-CrossOver-EraseBytes-EraseBytes-
#111133	REDUCE cov: 265 ft: 656 corp: 209/9911b lim: 349 exec/s: 111133 rss: 414Mb L: 35/331 MS: 4 ChangeBit-ChangeBit-CopyPart-EraseBytes-
#111365	REDUCE cov: 265 ft: 656 corp: 209/9909b lim: 349 exec/s: 111365 rss: 414Mb L: 13/331 MS: 2 InsertByte-EraseBytes-
#111375	REDUCE cov: 265 ft: 656 corp: 209/9906b lim: 349 exec/s: 111375 rss: 414Mb L: 32/331 MS: 5 ManualDict-ShuffleBytes-InsertRepeatedBytes-EraseBytes-CrossOver- DE: "invalid distance code"-
#111671	REDUCE cov: 265 ft: 656 corp: 209/9900b lim: 349 exec/s: 111671 rss: 414Mb L: 33/331 MS: 1 EraseBytes-
#111887	REDUCE cov: 265 ft: 656 corp: 209/9898b lim: 349 exec/s: 111887 rss: 414Mb L: 18/331 MS: 1 EraseBytes-
#111948	REDUCE cov: 265 ft: 656 corp: 209/9882b lim: 349 exec/s: 111948 rss: 414Mb L: 106/331 MS: 1 EraseBytes-
#111960	REDUCE cov: 265 ft: 656 corp: 209/9877b lim: 349 exec/s: 111960 rss: 414Mb L: 11/331 MS: 2 ChangeByte-EraseBytes-
#111980	REDUCE cov: 265 ft: 656 corp: 209/9828b lim: 349 exec/s: 111980 rss: 414Mb L: 92/331 MS: 5 ChangeBinInt-PersAutoDict-InsertByte-InsertByte-EraseBytes- DE: "??"-
#112412	REDUCE cov: 265 ft: 656 corp: 209/9813b lim: 349 exec/s: 112412 rss: 414Mb L: 18/331 MS: 2 ChangeBinInt-EraseBytes-
#113114	REDUCE cov: 265 ft: 656 corp: 209/9750b lim: 349 exec/s: 113114 rss: 414Mb L: 89/331 MS: 2 ShuffleBytes-EraseBytes-
#113298	REDUCE cov: 265 ft: 656 corp: 209/9746b lim: 349 exec/s: 113298 rss: 414Mb L: 13/331 MS: 4 ChangeBit-EraseBytes-ChangeBit-ChangeBinInt-
#113379	REDUCE cov: 265 ft: 656 corp: 209/9742b lim: 349 exec/s: 113379 rss: 414Mb L: 13/331 MS: 1 EraseBytes-
#113412	REDUCE cov: 265 ft: 656 corp: 209/9733b lim: 349 exec/s: 113412 rss: 414Mb L: 38/331 MS: 3 ChangeBinInt-PersAutoDict-EraseBytes- DE: "file error"-
#113493	REDUCE cov: 265 ft: 656 corp: 209/9729b lim: 349 exec/s: 113493 rss: 414Mb L: 24/331 MS: 1 EraseBytes-
#113594	REDUCE cov: 265 ft: 657 corp: 210/9824b lim: 349 exec/s: 113594 rss: 414Mb L: 95/331 MS: 1 EraseBytes-
#113780	REDUCE cov: 265 ft: 657 corp: 210/9822b lim: 349 exec/s: 113780 rss: 414Mb L: 62/331 MS: 1 EraseBytes-
#115240	REDUCE cov: 265 ft: 657 corp: 210/9818b lim: 357 exec/s: 115240 rss: 414Mb L: 5/331 MS: 5 ChangeBit-InsertByte-ChangeByte-EraseBytes-ChangeByte-
#115927	NEW    cov: 265 ft: 659 corp: 211/9961b lim: 357 exec/s: 115927 rss: 414Mb L: 143/331 MS: 2 CrossOver-InsertRepeatedBytes-
#116040	REDUCE cov: 265 ft: 659 corp: 211/9940b lim: 357 exec/s: 116040 rss: 414Mb L: 85/331 MS: 3 InsertByte-InsertByte-EraseBytes-
#116476	REDUCE cov: 265 ft: 659 corp: 211/9928b lim: 357 exec/s: 116476 rss: 414Mb L: 57/331 MS: 1 EraseBytes-
#116883	REDUCE cov: 265 ft: 659 corp: 211/9925b lim: 357 exec/s: 116883 rss: 414Mb L: 17/331 MS: 2 CMP-EraseBytes- DE: "\000\000"-
#116889	REDUCE cov: 265 ft: 659 corp: 211/9917b lim: 357 exec/s: 116889 rss: 414Mb L: 24/331 MS: 1 EraseBytes-
#116940	REDUCE cov: 265 ft: 659 corp: 211/9914b lim: 357 exec/s: 116940 rss: 414Mb L: 20/331 MS: 1 EraseBytes-
#117506	REDUCE cov: 265 ft: 659 corp: 211/9911b lim: 357 exec/s: 117506 rss: 414Mb L: 32/331 MS: 1 EraseBytes-
#118596	REDUCE cov: 265 ft: 661 corp: 212/9964b lim: 365 exec/s: 118596 rss: 414Mb L: 53/331 MS: 5 ChangeBinInt-InsertByte-InsertByte-CopyPart-CopyPart-
#118852	REDUCE cov: 265 ft: 661 corp: 212/9954b lim: 365 exec/s: 118852 rss: 414Mb L: 55/331 MS: 1 EraseBytes-
#118963	REDUCE cov: 265 ft: 661 corp: 212/9950b lim: 365 exec/s: 118963 rss: 414Mb L: 9/331 MS: 1 EraseBytes-
#119084	REDUCE cov: 265 ft: 661 corp: 212/9947b lim: 365 exec/s: 119084 rss: 414Mb L: 46/331 MS: 1 EraseBytes-
#119085	REDUCE cov: 265 ft: 661 corp: 212/9934b lim: 365 exec/s: 119085 rss: 414Mb L: 107/331 MS: 1 EraseBytes-
#119396	REDUCE cov: 265 ft: 661 corp: 212/9932b lim: 365 exec/s: 119396 rss: 414Mb L: 44/331 MS: 1 EraseBytes-
#119434	REDUCE cov: 265 ft: 661 corp: 212/9922b lim: 365 exec/s: 119434 rss: 414Mb L: 43/331 MS: 3 CopyPart-ChangeBit-EraseBytes-
#119686	REDUCE cov: 265 ft: 661 corp: 212/9920b lim: 365 exec/s: 119686 rss: 414Mb L: 15/331 MS: 2 ChangeByte-EraseBytes-
#120022	REDUCE cov: 265 ft: 661 corp: 212/9910b lim: 365 exec/s: 120022 rss: 414Mb L: 67/331 MS: 1 EraseBytes-
#120233	REDUCE cov: 265 ft: 661 corp: 212/9908b lim: 365 exec/s: 120233 rss: 414Mb L: 93/331 MS: 1 EraseBytes-
#120364	REDUCE cov: 265 ft: 661 corp: 212/9895b lim: 365 exec/s: 120364 rss: 414Mb L: 157/331 MS: 1 EraseBytes-
#120436	REDUCE cov: 265 ft: 661 corp: 212/9892b lim: 365 exec/s: 120436 rss: 414Mb L: 65/331 MS: 2 CrossOver-EraseBytes-
#120603	REDUCE cov: 265 ft: 661 corp: 212/9885b lim: 365 exec/s: 120603 rss: 414Mb L: 86/331 MS: 2 ChangeByte-EraseBytes-
#120901	REDUCE cov: 265 ft: 661 corp: 212/9884b lim: 365 exec/s: 120901 rss: 414Mb L: 53/331 MS: 3 ManualDict-EraseBytes-InsertByte- DE: " inflate 1.3.1 Copyright 1995-2024 Mark Adler "-
#121367	REDUCE cov: 265 ft: 661 corp: 212/9882b lim: 365 exec/s: 121367 rss: 414Mb L: 28/331 MS: 1 EraseBytes-
#121481	REDUCE cov: 265 ft: 661 corp: 212/9826b lim: 365 exec/s: 121481 rss: 414Mb L: 35/331 MS: 4 CrossOver-ChangeByte-CrossOver-EraseBytes-
#121547	REDUCE cov: 265 ft: 661 corp: 212/9824b lim: 365 exec/s: 121547 rss: 414Mb L: 42/331 MS: 1 EraseBytes-
#122223	REDUCE cov: 265 ft: 661 corp: 212/9823b lim: 365 exec/s: 122223 rss: 414Mb L: 23/331 MS: 1 EraseBytes-
#122579	REDUCE cov: 265 ft: 661 corp: 212/9817b lim: 365 exec/s: 122579 rss: 414Mb L: 45/331 MS: 1 EraseBytes-
#122606	REDUCE cov: 265 ft: 661 corp: 212/9810b lim: 365 exec/s: 122606 rss: 414Mb L: 150/331 MS: 2 InsertByte-EraseBytes-
#122688	REDUCE cov: 265 ft: 661 corp: 212/9802b lim: 365 exec/s: 122688 rss: 414Mb L: 29/331 MS: 2 ChangeBinInt-EraseBytes-
#122746	REDUCE cov: 265 ft: 661 corp: 212/9800b lim: 365 exec/s: 122746 rss: 414Mb L: 55/331 MS: 3 InsertByte-EraseBytes-ChangeByte-
#123007	REDUCE cov: 265 ft: 661 corp: 212/9799b lim: 365 exec/s: 123007 rss: 414Mb L: 39/331 MS: 1 EraseBytes-
#123413	REDUCE cov: 265 ft: 661 corp: 212/9796b lim: 365 exec/s: 123413 rss: 414Mb L: 61/331 MS: 1 EraseBytes-
#124565	REDUCE cov: 265 ft: 661 corp: 212/9790b lim: 373 exec/s: 124565 rss: 414Mb L: 153/331 MS: 2 InsertByte-EraseBytes-
#124681	REDUCE cov: 265 ft: 661 corp: 212/9788b lim: 373 exec/s: 124681 rss: 414Mb L: 13/331 MS: 1 EraseBytes-
#124892	REDUCE cov: 265 ft: 661 corp: 212/9778b lim: 373 exec/s: 124892 rss: 414Mb L: 33/331 MS: 1 EraseBytes-
#124913	REDUCE cov: 265 ft: 661 corp: 212/9774b lim: 373 exec/s: 124913 rss: 414Mb L: 18/331 MS: 1 EraseBytes-
#125136	REDUCE cov: 265 ft: 661 corp: 212/9759b lim: 373 exec/s: 125136 rss: 414Mb L: 159/331 MS: 3 CopyPart-ChangeBinInt-EraseBytes-
#125272	REDUCE cov: 265 ft: 661 corp: 212/9753b lim: 373 exec/s: 125272 rss: 414Mb L: 103/331 MS: 1 EraseBytes-
#125343	REDUCE cov: 265 ft: 661 corp: 212/9736b lim: 373 exec/s: 125343 rss: 414Mb L: 44/331 MS: 1 EraseBytes-
#125366	REDUCE cov: 265 ft: 661 corp: 212/9730b lim: 373 exec/s: 125366 rss: 414Mb L: 27/331 MS: 3 CMP-ChangeBit-EraseBytes- DE: "3?"-
#125437	REDUCE cov: 265 ft: 661 corp: 212/9726b lim: 373 exec/s: 125437 rss: 414Mb L: 29/331 MS: 1 EraseBytes-
#125953	REDUCE cov: 265 ft: 661 corp: 212/9723b lim: 373 exec/s: 125953 rss: 414Mb L: 11/331 MS: 1 EraseBytes-
#126139	REDUCE cov: 265 ft: 661 corp: 212/9721b lim: 373 exec/s: 126139 rss: 414Mb L: 20/331 MS: 1 EraseBytes-
#126875	REDUCE cov: 265 ft: 661 corp: 212/9720b lim: 373 exec/s: 126875 rss: 414Mb L: 22/331 MS: 1 EraseBytes-
#126922	REDUCE cov: 265 ft: 661 corp: 212/9715b lim: 373 exec/s: 126922 rss: 414Mb L: 26/331 MS: 2 ShuffleBytes-EraseBytes-
#127538	REDUCE cov: 265 ft: 661 corp: 212/9714b lim: 373 exec/s: 127538 rss: 414Mb L: 71/331 MS: 1 EraseBytes-
#127724	REDUCE cov: 265 ft: 661 corp: 212/9710b lim: 373 exec/s: 127724 rss: 414Mb L: 49/331 MS: 1 EraseBytes-
#127880	REDUCE cov: 265 ft: 661 corp: 212/9697b lim: 373 exec/s: 127880 rss: 414Mb L: 54/331 MS: 1 EraseBytes-
#127933	REDUCE cov: 265 ft: 661 corp: 212/9692b lim: 373 exec/s: 127933 rss: 414Mb L: 20/331 MS: 3 CopyPart-ShuffleBytes-EraseBytes-
#128155	REDUCE cov: 265 ft: 661 corp: 212/9690b lim: 373 exec/s: 128155 rss: 414Mb L: 91/331 MS: 2 InsertRepeatedBytes-EraseBytes-
#128721	REDUCE cov: 265 ft: 661 corp: 212/9687b lim: 373 exec/s: 128721 rss: 414Mb L: 32/331 MS: 1 CrossOver-
#129137	REDUCE cov: 265 ft: 661 corp: 212/9686b lim: 373 exec/s: 129137 rss: 414Mb L: 17/331 MS: 1 EraseBytes-
#129176	REDUCE cov: 265 ft: 661 corp: 212/9685b lim: 373 exec/s: 129176 rss: 414Mb L: 30/331 MS: 4 ChangeBinInt-CopyPart-CrossOver-EraseBytes-
#129237	REDUCE cov: 265 ft: 661 corp: 212/9684b lim: 373 exec/s: 129237 rss: 414Mb L: 16/331 MS: 1 EraseBytes-
#129633	REDUCE cov: 265 ft: 661 corp: 212/9683b lim: 373 exec/s: 129633 rss: 414Mb L: 33/331 MS: 1 EraseBytes-
#129784	REDUCE cov: 265 ft: 661 corp: 212/9682b lim: 373 exec/s: 64892 rss: 414Mb L: 65/331 MS: 1 EraseBytes-
#129789	REDUCE cov: 265 ft: 661 corp: 212/9615b lim: 373 exec/s: 64894 rss: 414Mb L: 25/331 MS: 5 ChangeBit-EraseBytes-CopyPart-ShuffleBytes-CrossOver-
#129837	REDUCE cov: 265 ft: 661 corp: 212/9599b lim: 373 exec/s: 64918 rss: 414Mb L: 25/331 MS: 3 ChangeBinInt-ShuffleBytes-EraseBytes-
#130078	REDUCE cov: 265 ft: 661 corp: 212/9597b lim: 373 exec/s: 65039 rss: 414Mb L: 35/331 MS: 1 EraseBytes-
#130604	REDUCE cov: 265 ft: 661 corp: 212/9596b lim: 373 exec/s: 65302 rss: 414Mb L: 17/331 MS: 1 EraseBytes-
#130716	REDUCE cov: 265 ft: 661 corp: 212/9590b lim: 373 exec/s: 65358 rss: 414Mb L: 97/331 MS: 2 CopyPart-EraseBytes-
#130773	REDUCE cov: 265 ft: 661 corp: 212/9589b lim: 373 exec/s: 65386 rss: 414Mb L: 94/331 MS: 2 ManualDict-EraseBytes- DE: "invalid match"-
#131001	REDUCE cov: 265 ft: 661 corp: 212/9588b lim: 373 exec/s: 65500 rss: 414Mb L: 40/331 MS: 3 ManualDict-EraseBytes-InsertByte- DE: "tr_static_init: length != 256"-
#131072	pulse  cov: 265 ft: 661 corp: 212/9588b lim: 373 exec/s: 65536 rss: 414Mb
#131198	REDUCE cov: 265 ft: 661 corp: 212/9586b lim: 373 exec/s: 65599 rss: 414Mb L: 9/331 MS: 2 InsertByte-EraseBytes-
#131704	REDUCE cov: 265 ft: 661 corp: 212/9581b lim: 373 exec/s: 65852 rss: 414Mb L: 19/331 MS: 1 EraseBytes-
#132562	REDUCE cov: 265 ft: 661 corp: 212/9574b lim: 381 exec/s: 66281 rss: 415Mb L: 23/331 MS: 3 ChangeBinInt-ShuffleBytes-EraseBytes-
#132613	REDUCE cov: 265 ft: 661 corp: 212/9571b lim: 381 exec/s: 66306 rss: 415Mb L: 24/331 MS: 1 EraseBytes-
#133374	REDUCE cov: 266 ft: 663 corp: 213/9798b lim: 381 exec/s: 66687 rss: 415Mb L: 227/331 MS: 1 CopyPart-
#133465	REDUCE cov: 266 ft: 663 corp: 213/9796b lim: 381 exec/s: 66732 rss: 415Mb L: 21/331 MS: 1 EraseBytes-
#133481	REDUCE cov: 266 ft: 663 corp: 213/9764b lim: 381 exec/s: 66740 rss: 415Mb L: 109/331 MS: 1 EraseBytes-
#134592	REDUCE cov: 266 ft: 663 corp: 213/9760b lim: 389 exec/s: 67296 rss: 415Mb L: 36/331 MS: 1 EraseBytes-
#134854	REDUCE cov: 266 ft: 663 corp: 213/9747b lim: 389 exec/s: 67427 rss: 415Mb L: 275/331 MS: 2 ChangeByte-EraseBytes-
#135441	REDUCE cov: 266 ft: 663 corp: 213/9744b lim: 389 exec/s: 67720 rss: 415Mb L: 35/331 MS: 2 PersAutoDict-EraseBytes- DE: " l %2d v %4x "-
#135597	REDUCE cov: 266 ft: 663 corp: 213/9737b lim: 389 exec/s: 67798 rss: 415Mb L: 16/331 MS: 1 EraseBytes-
#135608	REDUCE cov: 266 ft: 663 corp: 213/9736b lim: 389 exec/s: 67804 rss: 415Mb L: 27/331 MS: 1 EraseBytes-
#136244	REDUCE cov: 266 ft: 663 corp: 213/9734b lim: 389 exec/s: 68122 rss: 415Mb L: 27/331 MS: 1 EraseBytes-
#137000	REDUCE cov: 266 ft: 663 corp: 213/9710b lim: 389 exec/s: 68500 rss: 415Mb L: 151/331 MS: 1 CrossOver-
#137121	REDUCE cov: 266 ft: 663 corp: 213/9684b lim: 389 exec/s: 68560 rss: 415Mb L: 28/331 MS: 1 EraseBytes-
#137202	REDUCE cov: 266 ft: 663 corp: 213/9680b lim: 389 exec/s: 68601 rss: 415Mb L: 29/331 MS: 1 EraseBytes-
#137309	REDUCE cov: 266 ft: 663 corp: 213/9636b lim: 389 exec/s: 68654 rss: 415Mb L: 53/331 MS: 2 InsertByte-EraseBytes-
#137607	REDUCE cov: 266 ft: 663 corp: 213/9598b lim: 389 exec/s: 68803 rss: 415Mb L: 105/331 MS: 3 ChangeBit-PersAutoDict-EraseBytes- DE: "\010\000"-
#137824	REDUCE cov: 266 ft: 663 corp: 213/9579b lim: 389 exec/s: 68912 rss: 415Mb L: 140/331 MS: 2 InsertByte-EraseBytes-
#138658	REDUCE cov: 266 ft: 663 corp: 213/9577b lim: 397 exec/s: 69329 rss: 415Mb L: 49/331 MS: 4 PersAutoDict-ChangeBinInt-ManualDict-EraseBytes- DE: "\360\377\000\000\000\000\000\000"-"invalid length"-
#138783	REDUCE cov: 266 ft: 663 corp: 213/9571b lim: 397 exec/s: 69391 rss: 415Mb L: 29/331 MS: 5 InsertByte-InsertByte-PersAutoDict-ChangeByte-EraseBytes- DE: "\377\377\377\377\377\377\377\377"-
#138829	REDUCE cov: 266 ft: 663 corp: 213/9570b lim: 397 exec/s: 69414 rss: 415Mb L: 24/331 MS: 1 EraseBytes-
#138831	REDUCE cov: 266 ft: 663 corp: 213/9534b lim: 397 exec/s: 69415 rss: 415Mb L: 49/331 MS: 2 ChangeBinInt-CrossOver-
#139025	REDUCE cov: 266 ft: 663 corp: 213/9532b lim: 397 exec/s: 69512 rss: 415Mb L: 11/331 MS: 4 ChangeASCIIInt-InsertByte-ShuffleBytes-EraseBytes-
#139181	REDUCE cov: 266 ft: 663 corp: 213/9530b lim: 397 exec/s: 69590 rss: 415Mb L: 25/331 MS: 1 EraseBytes-
#139233	NEW    cov: 267 ft: 665 corp: 214/9602b lim: 397 exec/s: 69616 rss: 415Mb L: 72/331 MS: 2 CopyPart-InsertRepeatedBytes-
#139494	REDUCE cov: 267 ft: 665 corp: 214/9600b lim: 397 exec/s: 69747 rss: 415Mb L: 54/331 MS: 1 EraseBytes-
#139584	REDUCE cov: 270 ft: 668 corp: 215/9620b lim: 397 exec/s: 69792 rss: 415Mb L: 20/331 MS: 5 ShuffleBytes-CMP-ManualDict-ChangeByte-ChangeBinInt- DE: "\003\000\000\000\000\000\000\000"-"Algorithms"-
#139730	REDUCE cov: 270 ft: 668 corp: 215/9617b lim: 397 exec/s: 69865 rss: 415Mb L: 22/331 MS: 1 EraseBytes-
#140071	REDUCE cov: 270 ft: 668 corp: 215/9574b lim: 397 exec/s: 70035 rss: 415Mb L: 67/331 MS: 1 EraseBytes-
#140367	REDUCE cov: 270 ft: 668 corp: 215/9573b lim: 397 exec/s: 70183 rss: 415Mb L: 152/331 MS: 1 EraseBytes-
#140523	REDUCE cov: 270 ft: 668 corp: 215/9570b lim: 397 exec/s: 70261 rss: 415Mb L: 8/331 MS: 1 EraseBytes-
#140611	REDUCE cov: 270 ft: 668 corp: 215/9567b lim: 397 exec/s: 70305 rss: 415Mb L: 42/331 MS: 3 CopyPart-EraseBytes-EraseBytes-
#140662	REDUCE cov: 270 ft: 668 corp: 215/9565b lim: 397 exec/s: 70331 rss: 415Mb L: 70/331 MS: 1 EraseBytes-
#140793	REDUCE cov: 270 ft: 668 corp: 215/9564b lim: 397 exec/s: 70396 rss: 415Mb L: 3/331 MS: 1 EraseBytes-
#141114	REDUCE cov: 270 ft: 668 corp: 215/9540b lim: 397 exec/s: 70557 rss: 415Mb L: 96/331 MS: 1 EraseBytes-
#141325	REDUCE cov: 270 ft: 668 corp: 215/9534b lim: 397 exec/s: 70662 rss: 415Mb L: 12/331 MS: 1 EraseBytes-
#141871	REDUCE cov: 270 ft: 668 corp: 215/9533b lim: 397 exec/s: 70935 rss: 415Mb L: 11/331 MS: 1 EraseBytes-
#142207	REDUCE cov: 270 ft: 668 corp: 215/9524b lim: 397 exec/s: 71103 rss: 415Mb L: 61/331 MS: 1 EraseBytes-
#142843	REDUCE cov: 270 ft: 668 corp: 215/9523b lim: 397 exec/s: 71421 rss: 415Mb L: 15/331 MS: 1 EraseBytes-
#142859	REDUCE cov: 270 ft: 668 corp: 215/9517b lim: 397 exec/s: 71429 rss: 415Mb L: 28/331 MS: 1 EraseBytes-
#143655	REDUCE cov: 270 ft: 668 corp: 215/9510b lim: 397 exec/s: 71827 rss: 415Mb L: 220/331 MS: 1 EraseBytes-
#143687	REDUCE cov: 270 ft: 668 corp: 215/9509b lim: 397 exec/s: 71843 rss: 415Mb L: 9/331 MS: 2 CopyPart-EraseBytes-
#143718	REDUCE cov: 270 ft: 668 corp: 215/9495b lim: 397 exec/s: 71859 rss: 415Mb L: 150/331 MS: 1 EraseBytes-
#144064	REDUCE cov: 270 ft: 668 corp: 215/9492b lim: 397 exec/s: 72032 rss: 415Mb L: 21/331 MS: 1 EraseBytes-
#144175	REDUCE cov: 270 ft: 668 corp: 215/9491b lim: 397 exec/s: 72087 rss: 415Mb L: 10/331 MS: 1 EraseBytes-
#144331	REDUCE cov: 270 ft: 668 corp: 215/9489b lim: 397 exec/s: 72165 rss: 415Mb L: 7/331 MS: 1 EraseBytes-
#144457	REDUCE cov: 270 ft: 668 corp: 215/9482b lim: 397 exec/s: 72228 rss: 415Mb L: 217/331 MS: 1 EraseBytes-
#144729	REDUCE cov: 270 ft: 668 corp: 215/9480b lim: 397 exec/s: 72364 rss: 415Mb L: 22/331 MS: 2 ChangeASCIIInt-EraseBytes-
#145005	REDUCE cov: 270 ft: 668 corp: 215/9479b lim: 397 exec/s: 72502 rss: 415Mb L: 28/331 MS: 1 EraseBytes-
#145427	REDUCE cov: 270 ft: 668 corp: 215/9474b lim: 397 exec/s: 72713 rss: 415Mb L: 23/331 MS: 2 CrossOver-EraseBytes-
#145724	REDUCE cov: 270 ft: 668 corp: 215/9472b lim: 397 exec/s: 72862 rss: 415Mb L: 94/331 MS: 2 ShuffleBytes-EraseBytes-
#146120	REDUCE cov: 270 ft: 668 corp: 215/9469b lim: 397 exec/s: 73060 rss: 415Mb L: 29/331 MS: 1 EraseBytes-
#146772	REDUCE cov: 270 ft: 668 corp: 215/9466b lim: 397 exec/s: 73386 rss: 415Mb L: 22/331 MS: 2 CMP-EraseBytes- DE: "\377\377"-
#146993	REDUCE cov: 270 ft: 668 corp: 215/9464b lim: 397 exec/s: 73496 rss: 415Mb L: 14/331 MS: 1 EraseBytes-
#147049	REDUCE cov: 270 ft: 668 corp: 215/9461b lim: 397 exec/s: 73524 rss: 415Mb L: 142/331 MS: 1 EraseBytes-
#147970	REDUCE cov: 270 ft: 668 corp: 215/9460b lim: 405 exec/s: 73985 rss: 415Mb L: 21/331 MS: 1 EraseBytes-
#148104	REDUCE cov: 270 ft: 668 corp: 215/9449b lim: 405 exec/s: 74052 rss: 415Mb L: 18/331 MS: 4 ChangeBinInt-InsertByte-ChangeBinInt-EraseBytes-
#148201	REDUCE cov: 270 ft: 668 corp: 215/9448b lim: 405 exec/s: 74100 rss: 415Mb L: 93/331 MS: 2 ChangeBit-CrossOver-
#148427	REDUCE cov: 270 ft: 668 corp: 215/9444b lim: 405 exec/s: 74213 rss: 415Mb L: 74/331 MS: 1 EraseBytes-
#148514	REDUCE cov: 270 ft: 668 corp: 215/9442b lim: 405 exec/s: 74257 rss: 415Mb L: 18/331 MS: 2 PersAutoDict-EraseBytes- DE: "no flush?"-
#148541	REDUCE cov: 270 ft: 668 corp: 215/9436b lim: 405 exec/s: 74270 rss: 415Mb L: 10/331 MS: 2 ShuffleBytes-EraseBytes-
#148598	REDUCE cov: 270 ft: 668 corp: 215/9435b lim: 405 exec/s: 74299 rss: 415Mb L: 11/331 MS: 2 ChangeBinInt-EraseBytes-
#148997	REDUCE cov: 270 ft: 668 corp: 215/9433b lim: 405 exec/s: 74498 rss: 415Mb L: 26/331 MS: 4 CrossOver-InsertRepeatedBytes-ChangeBinInt-EraseBytes-
#149269	REDUCE cov: 270 ft: 668 corp: 215/9431b lim: 405 exec/s: 74634 rss: 415Mb L: 18/331 MS: 2 ManualDict-EraseBytes- DE: "bad d_code"-
#149480	REDUCE cov: 270 ft: 668 corp: 215/9396b lim: 405 exec/s: 74740 rss: 415Mb L: 58/331 MS: 1 EraseBytes-
#149997	REDUCE cov: 270 ft: 668 corp: 215/9395b lim: 405 exec/s: 74998 rss: 415Mb L: 26/331 MS: 2 ChangeBit-EraseBytes-
#150011	REDUCE cov: 270 ft: 668 corp: 215/9384b lim: 405 exec/s: 75005 rss: 415Mb L: 42/331 MS: 4 ChangeBit-ChangeBit-ShuffleBytes-EraseBytes-
#150056	REDUCE cov: 270 ft: 668 corp: 215/9381b lim: 405 exec/s: 75028 rss: 415Mb L: 42/331 MS: 5 ChangeByte-ShuffleBytes-CrossOver-CopyPart-CrossOver-
#151361	REDUCE cov: 270 ft: 668 corp: 215/9376b lim: 413 exec/s: 75680 rss: 415Mb L: 19/331 MS: 5 ShuffleBytes-ShuffleBytes-ChangeASCIIInt-InsertByte-EraseBytes-
#151529	REDUCE cov: 270 ft: 668 corp: 215/9361b lim: 413 exec/s: 75764 rss: 415Mb L: 137/331 MS: 3 ShuffleBytes-ChangeBit-EraseBytes-
#152070	REDUCE cov: 270 ft: 668 corp: 215/9332b lim: 413 exec/s: 76035 rss: 415Mb L: 32/331 MS: 1 CrossOver-
#152171	REDUCE cov: 270 ft: 668 corp: 215/9329b lim: 413 exec/s: 76085 rss: 415Mb L: 16/331 MS: 1 EraseBytes-
#152260	REDUCE cov: 270 ft: 668 corp: 215/9321b lim: 413 exec/s: 76130 rss: 415Mb L: 30/331 MS: 4 ChangeBit-EraseBytes-ChangeBit-InsertByte-
#152318	REDUCE cov: 270 ft: 668 corp: 215/9299b lim: 413 exec/s: 76159 rss: 415Mb L: 25/331 MS: 3 EraseBytes-ChangeBinInt-InsertByte-
#152804	REDUCE cov: 270 ft: 668 corp: 215/9298b lim: 413 exec/s: 76402 rss: 415Mb L: 8/331 MS: 1 EraseBytes-
#152924	REDUCE cov: 270 ft: 668 corp: 215/9285b lim: 413 exec/s: 76462 rss: 415Mb L: 14/331 MS: 5 ChangeBit-InsertByte-EraseBytes-ManualDict-ShuffleBytes- DE: "allow list"-
#153050	REDUCE cov: 270 ft: 668 corp: 215/9283b lim: 413 exec/s: 76525 rss: 415Mb L: 14/331 MS: 1 EraseBytes-
#153236	REDUCE cov: 270 ft: 668 corp: 215/9282b lim: 413 exec/s: 76618 rss: 415Mb L: 28/331 MS: 1 EraseBytes-
#153298	REDUCE cov: 270 ft: 668 corp: 215/9276b lim: 413 exec/s: 76649 rss: 415Mb L: 26/331 MS: 2 ShuffleBytes-EraseBytes-
#153334	REDUCE cov: 270 ft: 668 corp: 215/9270b lim: 413 exec/s: 76667 rss: 415Mb L: 20/331 MS: 1 EraseBytes-
#153431	REDUCE cov: 270 ft: 668 corp: 215/9254b lim: 413 exec/s: 76715 rss: 415Mb L: 37/331 MS: 2 ChangeBinInt-EraseBytes-
#153728	REDUCE cov: 270 ft: 668 corp: 215/9253b lim: 413 exec/s: 76864 rss: 415Mb L: 33/331 MS: 2 ChangeBit-EraseBytes-
#153825	REDUCE cov: 270 ft: 668 corp: 215/9244b lim: 413 exec/s: 76912 rss: 415Mb L: 9/331 MS: 2 ChangeBit-EraseBytes-
#154551	REDUCE cov: 270 ft: 668 corp: 215/9242b lim: 413 exec/s: 77275 rss: 415Mb L: 42/331 MS: 1 EraseBytes-
#155043	REDUCE cov: 270 ft: 668 corp: 215/9235b lim: 413 exec/s: 77521 rss: 415Mb L: 44/331 MS: 2 ShuffleBytes-EraseBytes-
#155060	REDUCE cov: 270 ft: 668 corp: 215/9234b lim: 413 exec/s: 77530 rss: 415Mb L: 52/331 MS: 2 EraseBytes-CopyPart-
#155101	REDUCE cov: 270 ft: 668 corp: 215/9232b lim: 413 exec/s: 77550 rss: 415Mb L: 26/331 MS: 1 EraseBytes-
#155816	REDUCE cov: 270 ft: 668 corp: 215/9228b lim: 413 exec/s: 77908 rss: 415Mb L: 103/331 MS: 5 InsertByte-ShuffleBytes-ChangeByte-CrossOver-EraseBytes-
#156167	REDUCE cov: 270 ft: 668 corp: 215/9226b lim: 413 exec/s: 78083 rss: 415Mb L: 90/331 MS: 1 EraseBytes-
#156418	REDUCE cov: 270 ft: 668 corp: 215/9218b lim: 413 exec/s: 78209 rss: 415Mb L: 24/331 MS: 1 EraseBytes-
#156544	REDUCE cov: 270 ft: 668 corp: 215/9211b lim: 413 exec/s: 78272 rss: 415Mb L: 54/331 MS: 1 EraseBytes-
#156786	REDUCE cov: 270 ft: 668 corp: 215/9195b lim: 413 exec/s: 78393 rss: 415Mb L: 54/331 MS: 2 ShuffleBytes-EraseBytes-
#157437	REDUCE cov: 270 ft: 669 corp: 216/9208b lim: 413 exec/s: 78718 rss: 415Mb L: 13/331 MS: 1 ShuffleBytes-
#158285	REDUCE cov: 270 ft: 669 corp: 216/9207b lim: 421 exec/s: 79142 rss: 415Mb L: 23/331 MS: 3 PersAutoDict-ChangeByte-EraseBytes- DE: "do {}"-
#159354	REDUCE cov: 270 ft: 669 corp: 216/9206b lim: 429 exec/s: 79677 rss: 415Mb L: 23/331 MS: 4 ChangeBinInt-ChangeBit-ChangeBinInt-EraseBytes-
#159746	REDUCE cov: 270 ft: 669 corp: 216/9202b lim: 429 exec/s: 79873 rss: 415Mb L: 67/331 MS: 2 PersAutoDict-EraseBytes- DE: "0\000"-
#159762	REDUCE cov: 270 ft: 669 corp: 216/9201b lim: 429 exec/s: 79881 rss: 415Mb L: 8/331 MS: 1 EraseBytes-
#159964	REDUCE cov: 270 ft: 669 corp: 216/9168b lim: 429 exec/s: 79982 rss: 415Mb L: 104/331 MS: 2 ManualDict-EraseBytes- DE: "Algorithms"-
#160760	REDUCE cov: 270 ft: 669 corp: 216/9167b lim: 429 exec/s: 80380 rss: 415Mb L: 19/331 MS: 1 EraseBytes-
#160966	REDUCE cov: 270 ft: 669 corp: 216/9166b lim: 429 exec/s: 80483 rss: 415Mb L: 10/331 MS: 1 EraseBytes-
#161072	REDUCE cov: 270 ft: 669 corp: 216/9165b lim: 429 exec/s: 80536 rss: 415Mb L: 48/331 MS: 1 EraseBytes-
#161169	REDUCE cov: 270 ft: 669 corp: 216/9164b lim: 429 exec/s: 80584 rss: 415Mb L: 100/331 MS: 2 ChangeByte-EraseBytes-
#161265	REDUCE cov: 270 ft: 669 corp: 216/9162b lim: 429 exec/s: 80632 rss: 415Mb L: 24/331 MS: 1 EraseBytes-
#161482	REDUCE cov: 270 ft: 669 corp: 216/9160b lim: 429 exec/s: 80741 rss: 415Mb L: 27/331 MS: 2 ManualDict-EraseBytes- DE: "gray-listed"-
#162455	REDUCE cov: 270 ft: 669 corp: 216/9154b lim: 437 exec/s: 81227 rss: 415Mb L: 27/331 MS: 3 CrossOver-CMP-EraseBytes- DE: "\011\000\000\000"-
#162541	REDUCE cov: 270 ft: 669 corp: 216/9152b lim: 437 exec/s: 81270 rss: 415Mb L: 25/331 MS: 1 EraseBytes-
#163107	REDUCE cov: 270 ft: 669 corp: 216/9146b lim: 437 exec/s: 81553 rss: 415Mb L: 23/331 MS: 1 EraseBytes-
#163363	REDUCE cov: 270 ft: 669 corp: 216/9143b lim: 437 exec/s: 81681 rss: 415Mb L: 39/331 MS: 1 EraseBytes-
#164199	REDUCE cov: 270 ft: 669 corp: 216/9135b lim: 445 exec/s: 82099 rss: 415Mb L: 11/331 MS: 1 EraseBytes-
#164278	REDUCE cov: 270 ft: 669 corp: 216/9134b lim: 445 exec/s: 82139 rss: 415Mb L: 35/331 MS: 4 InsertByte-ChangeByte-ChangeBit-EraseBytes-
#164389	REDUCE cov: 270 ft: 669 corp: 216/9129b lim: 445 exec/s: 82194 rss: 415Mb L: 49/331 MS: 1 EraseBytes-
#164934	REDUCE cov: 270 ft: 669 corp: 216/9121b lim: 445 exec/s: 82467 rss: 415Mb L: 47/331 MS: 5 PersAutoDict-EraseBytes-CMP-InsertByte-EraseBytes- DE: "       subject to change. Applications should only use zlib.h."-"\377\377\377\377\377\377\377\377"-
#164936	REDUCE cov: 270 ft: 669 corp: 216/9087b lim: 445 exec/s: 82468 rss: 415Mb L: 294/331 MS: 2 ShuffleBytes-EraseBytes-
#165589	REDUCE cov: 270 ft: 669 corp: 216/9080b lim: 445 exec/s: 82794 rss: 415Mb L: 35/331 MS: 3 EraseBytes-CopyPart-ChangeBinInt-
#165850	REDUCE cov: 270 ft: 669 corp: 216/9072b lim: 445 exec/s: 82925 rss: 415Mb L: 32/331 MS: 1 EraseBytes-
#167161	REDUCE cov: 270 ft: 669 corp: 216/9071b lim: 453 exec/s: 83580 rss: 415Mb L: 13/331 MS: 1 EraseBytes-
#168653	REDUCE cov: 270 ft: 669 corp: 216/9070b lim: 461 exec/s: 84326 rss: 415Mb L: 9/331 MS: 2 InsertByte-EraseBytes-
#169699	REDUCE cov: 270 ft: 669 corp: 216/9069b lim: 469 exec/s: 84849 rss: 415Mb L: 22/331 MS: 1 EraseBytes-
#170215	REDUCE cov: 270 ft: 669 corp: 216/9068b lim: 469 exec/s: 85107 rss: 415Mb L: 12/331 MS: 1 EraseBytes-
#170397	REDUCE cov: 270 ft: 669 corp: 216/9064b lim: 469 exec/s: 85198 rss: 415Mb L: 38/331 MS: 2 InsertByte-EraseBytes-
#170874	REDUCE cov: 270 ft: 669 corp: 216/9063b lim: 469 exec/s: 85437 rss: 415Mb L: 50/331 MS: 2 ChangeBit-EraseBytes-
#172060	REDUCE cov: 270 ft: 669 corp: 216/9061b lim: 477 exec/s: 86030 rss: 415Mb L: 23/331 MS: 1 EraseBytes-
#172601	REDUCE cov: 270 ft: 669 corp: 216/9060b lim: 477 exec/s: 86300 rss: 415Mb L: 46/331 MS: 1 EraseBytes-
#173107	REDUCE cov: 270 ft: 669 corp: 216/9057b lim: 477 exec/s: 86553 rss: 415Mb L: 51/331 MS: 1 EraseBytes-
#173753	REDUCE cov: 270 ft: 669 corp: 216/9047b lim: 477 exec/s: 86876 rss: 415Mb L: 26/331 MS: 1 EraseBytes-
#173795	REDUCE cov: 270 ft: 669 corp: 216/9045b lim: 477 exec/s: 86897 rss: 415Mb L: 46/331 MS: 2 ChangeBinInt-EraseBytes-
#175806	REDUCE cov: 270 ft: 669 corp: 216/9044b lim: 493 exec/s: 87903 rss: 415Mb L: 17/331 MS: 1 EraseBytes-
#175889	REDUCE cov: 270 ft: 669 corp: 216/9023b lim: 493 exec/s: 87944 rss: 415Mb L: 196/331 MS: 3 ChangeBit-CMP-EraseBytes- DE: "\001\000\000\000"-
#176240	REDUCE cov: 270 ft: 669 corp: 216/9017b lim: 493 exec/s: 88120 rss: 415Mb L: 11/331 MS: 1 EraseBytes-
#176731	REDUCE cov: 270 ft: 669 corp: 216/8990b lim: 493 exec/s: 88365 rss: 415Mb L: 31/331 MS: 1 EraseBytes-
#176902	REDUCE cov: 270 ft: 669 corp: 216/8989b lim: 493 exec/s: 88451 rss: 415Mb L: 27/331 MS: 1 EraseBytes-
#177974	REDUCE cov: 270 ft: 669 corp: 216/8987b lim: 501 exec/s: 88987 rss: 415Mb L: 35/331 MS: 2 ChangeBit-EraseBytes-
#178681	REDUCE cov: 270 ft: 669 corp: 216/8986b lim: 501 exec/s: 89340 rss: 415Mb L: 24/331 MS: 2 ShuffleBytes-EraseBytes-
#179172	REDUCE cov: 270 ft: 669 corp: 216/8984b lim: 501 exec/s: 89586 rss: 415Mb L: 53/331 MS: 1 EraseBytes-
#179380	REDUCE cov: 270 ft: 669 corp: 216/8979b lim: 501 exec/s: 89690 rss: 415Mb L: 145/331 MS: 3 InsertByte-ChangeBinInt-EraseBytes-
#179803	REDUCE cov: 270 ft: 669 corp: 216/8968b lim: 501 exec/s: 89901 rss: 415Mb L: 24/331 MS: 3 ManualDict-ChangeBit-EraseBytes- DE: "gray list"-
#180055	REDUCE cov: 270 ft: 669 corp: 216/8967b lim: 501 exec/s: 90027 rss: 415Mb L: 41/331 MS: 2 PersAutoDict-EraseBytes- DE: "tr_static_init: dist != 256"-
#180147	REDUCE cov: 270 ft: 669 corp: 216/8963b lim: 501 exec/s: 90073 rss: 415Mb L: 26/331 MS: 2 ChangeBit-EraseBytes-
#180158	REDUCE cov: 270 ft: 669 corp: 216/8960b lim: 501 exec/s: 90079 rss: 415Mb L: 38/331 MS: 1 EraseBytes-
#180506	REDUCE cov: 270 ft: 669 corp: 216/8959b lim: 501 exec/s: 90253 rss: 415Mb L: 71/331 MS: 3 ShuffleBytes-ChangeBit-EraseBytes-
#180607	REDUCE cov: 270 ft: 669 corp: 216/8956b lim: 501 exec/s: 90303 rss: 415Mb L: 24/331 MS: 1 EraseBytes-
#180673	REDUCE cov: 270 ft: 669 corp: 216/8955b lim: 501 exec/s: 90336 rss: 415Mb L: 13/331 MS: 1 EraseBytes-
#181006	REDUCE cov: 270 ft: 669 corp: 216/8950b lim: 501 exec/s: 90503 rss: 415Mb L: 8/331 MS: 3 ChangeASCIIInt-ChangeBinInt-EraseBytes-
#181132	REDUCE cov: 270 ft: 671 corp: 217/9261b lim: 501 exec/s: 90566 rss: 415Mb L: 311/331 MS: 1 CopyPart-
#181173	NEW    cov: 270 ft: 673 corp: 218/9719b lim: 501 exec/s: 90586 rss: 415Mb L: 458/458 MS: 1 CopyPart-
#181769	REDUCE cov: 270 ft: 673 corp: 218/9708b lim: 501 exec/s: 90884 rss: 415Mb L: 19/458 MS: 1 EraseBytes-
#181770	REDUCE cov: 270 ft: 673 corp: 218/9706b lim: 501 exec/s: 90885 rss: 415Mb L: 44/458 MS: 1 EraseBytes-
#181887	REDUCE cov: 270 ft: 673 corp: 218/9705b lim: 501 exec/s: 90943 rss: 415Mb L: 23/458 MS: 2 ChangeASCIIInt-EraseBytes-
#181904	REDUCE cov: 270 ft: 673 corp: 218/9697b lim: 501 exec/s: 90952 rss: 415Mb L: 450/450 MS: 2 ShuffleBytes-EraseBytes-
#182535	REDUCE cov: 270 ft: 673 corp: 218/9696b lim: 501 exec/s: 91267 rss: 416Mb L: 22/450 MS: 1 EraseBytes-
#182720	REDUCE cov: 270 ft: 673 corp: 218/9695b lim: 501 exec/s: 91360 rss: 416Mb L: 62/450 MS: 5 PersAutoDict-ShuffleBytes-ChangeByte-ChangeByte-EraseBytes- DE: "\376\377\377\377\000\000\000\000"-
#183476	REDUCE cov: 270 ft: 674 corp: 219/10188b lim: 501 exec/s: 91738 rss: 416Mb L: 493/493 MS: 1 CopyPart-
#184022	REDUCE cov: 270 ft: 674 corp: 219/10186b lim: 501 exec/s: 92011 rss: 416Mb L: 10/493 MS: 1 EraseBytes-
#184200	REDUCE cov: 270 ft: 674 corp: 219/10184b lim: 501 exec/s: 92100 rss: 416Mb L: 19/493 MS: 3 ChangeByte-InsertByte-EraseBytes-
#184386	NEW    cov: 271 ft: 675 corp: 220/10344b lim: 501 exec/s: 92193 rss: 416Mb L: 160/493 MS: 1 CopyPart-
#184551	REDUCE cov: 271 ft: 675 corp: 220/10339b lim: 501 exec/s: 92275 rss: 416Mb L: 445/493 MS: 5 ShuffleBytes-ShuffleBytes-ShuffleBytes-EraseBytes-CopyPart-
#184902	REDUCE cov: 271 ft: 675 corp: 220/10337b lim: 501 exec/s: 92451 rss: 416Mb L: 39/493 MS: 1 EraseBytes-
#185123	REDUCE cov: 271 ft: 675 corp: 220/10335b lim: 501 exec/s: 92561 rss: 416Mb L: 17/493 MS: 1 EraseBytes-
#186283	REDUCE cov: 271 ft: 675 corp: 220/10312b lim: 509 exec/s: 93141 rss: 416Mb L: 44/493 MS: 5 ChangeByte-ChangeByte-ChangeBit-CrossOver-EraseBytes-
#186422	REDUCE cov: 271 ft: 675 corp: 220/10311b lim: 509 exec/s: 93211 rss: 416Mb L: 43/493 MS: 4 InsertRepeatedBytes-EraseBytes-ChangeBinInt-EraseBytes-
#186439	REDUCE cov: 271 ft: 675 corp: 220/10308b lim: 509 exec/s: 93219 rss: 416Mb L: 31/493 MS: 2 ShuffleBytes-EraseBytes-
#186440	REDUCE cov: 271 ft: 675 corp: 220/10289b lim: 509 exec/s: 93220 rss: 416Mb L: 131/493 MS: 1 EraseBytes-
#186551	REDUCE cov: 271 ft: 675 corp: 220/10280b lim: 509 exec/s: 93275 rss: 416Mb L: 436/493 MS: 1 EraseBytes-
#186878	REDUCE cov: 271 ft: 675 corp: 220/10277b lim: 509 exec/s: 93439 rss: 416Mb L: 433/493 MS: 2 InsertByte-EraseBytes-
#186890	REDUCE cov: 271 ft: 675 corp: 220/10248b lim: 509 exec/s: 93445 rss: 416Mb L: 36/493 MS: 2 ChangeBit-EraseBytes-
#187646	REDUCE cov: 271 ft: 675 corp: 220/10245b lim: 509 exec/s: 93823 rss: 416Mb L: 16/493 MS: 1 EraseBytes-
#187653	REDUCE cov: 271 ft: 675 corp: 220/10244b lim: 509 exec/s: 93826 rss: 416Mb L: 17/493 MS: 2 EraseBytes-CopyPart-
#187924	REDUCE cov: 271 ft: 675 corp: 220/10234b lim: 509 exec/s: 93962 rss: 416Mb L: 483/483 MS: 1 EraseBytes-
#188086	REDUCE cov: 271 ft: 675 corp: 220/10232b lim: 509 exec/s: 94043 rss: 416Mb L: 15/483 MS: 2 ChangeBit-EraseBytes-
#188985	REDUCE cov: 271 ft: 675 corp: 220/10228b lim: 517 exec/s: 94492 rss: 417Mb L: 8/483 MS: 4 EraseBytes-CopyPart-ChangeByte-ShuffleBytes-
#189189	REDUCE cov: 271 ft: 675 corp: 220/10227b lim: 517 exec/s: 94594 rss: 417Mb L: 7/483 MS: 4 InsertByte-EraseBytes-InsertByte-EraseBytes-
#189392	REDUCE cov: 271 ft: 675 corp: 220/10220b lim: 517 exec/s: 94696 rss: 417Mb L: 37/483 MS: 3 PersAutoDict-InsertByte-EraseBytes- DE: "\377\377"-
#189758	REDUCE cov: 271 ft: 675 corp: 220/10218b lim: 517 exec/s: 94879 rss: 417Mb L: 47/483 MS: 1 EraseBytes-
#190179	REDUCE cov: 271 ft: 675 corp: 220/10211b lim: 517 exec/s: 95089 rss: 417Mb L: 124/483 MS: 1 EraseBytes-
#190925	REDUCE cov: 271 ft: 675 corp: 220/10204b lim: 517 exec/s: 95462 rss: 417Mb L: 130/483 MS: 1 EraseBytes-
#191091	REDUCE cov: 271 ft: 675 corp: 220/10203b lim: 517 exec/s: 95545 rss: 417Mb L: 16/483 MS: 1 EraseBytes-
#191892	REDUCE cov: 271 ft: 675 corp: 220/10201b lim: 517 exec/s: 95946 rss: 417Mb L: 55/483 MS: 1 EraseBytes-
#192513	REDUCE cov: 271 ft: 675 corp: 220/10200b lim: 517 exec/s: 96256 rss: 417Mb L: 74/483 MS: 1 EraseBytes-
#192568	REDUCE cov: 271 ft: 675 corp: 220/10199b lim: 517 exec/s: 96284 rss: 417Mb L: 24/483 MS: 5 EraseBytes-ShuffleBytes-CrossOver-InsertByte-CopyPart-
#193025	REDUCE cov: 271 ft: 675 corp: 220/10196b lim: 517 exec/s: 96512 rss: 417Mb L: 21/483 MS: 2 ChangeBit-EraseBytes-
#193142	REDUCE cov: 271 ft: 675 corp: 220/10188b lim: 517 exec/s: 96571 rss: 417Mb L: 14/483 MS: 2 CrossOver-EraseBytes-
#193144	REDUCE cov: 271 ft: 675 corp: 220/10184b lim: 517 exec/s: 96572 rss: 417Mb L: 12/483 MS: 2 ChangeBinInt-EraseBytes-
#193276	REDUCE cov: 271 ft: 675 corp: 220/10183b lim: 517 exec/s: 96638 rss: 417Mb L: 22/483 MS: 2 ChangeASCIIInt-EraseBytes-
#194378	REDUCE cov: 271 ft: 675 corp: 220/10182b lim: 526 exec/s: 97189 rss: 417Mb L: 48/483 MS: 2 ChangeBinInt-EraseBytes-
#194499	REDUCE cov: 271 ft: 675 corp: 220/10178b lim: 526 exec/s: 97249 rss: 417Mb L: 39/483 MS: 1 EraseBytes-
#195605	REDUCE cov: 271 ft: 675 corp: 220/10176b lim: 535 exec/s: 97802 rss: 417Mb L: 25/483 MS: 1 EraseBytes-
#195746	REDUCE cov: 271 ft: 675 corp: 220/10173b lim: 535 exec/s: 97873 rss: 417Mb L: 47/483 MS: 1 EraseBytes-
#196767	REDUCE cov: 271 ft: 675 corp: 220/10172b lim: 544 exec/s: 98383 rss: 417Mb L: 6/483 MS: 1 EraseBytes-
#197174	REDUCE cov: 271 ft: 675 corp: 220/10166b lim: 544 exec/s: 98587 rss: 417Mb L: 22/483 MS: 2 EraseBytes-ChangeByte-
#197535	REDUCE cov: 271 ft: 675 corp: 220/10165b lim: 544 exec/s: 98767 rss: 417Mb L: 18/483 MS: 1 EraseBytes-
#198281	REDUCE cov: 271 ft: 675 corp: 220/10163b lim: 544 exec/s: 99140 rss: 417Mb L: 5/483 MS: 1 EraseBytes-
#199527	REDUCE cov: 271 ft: 675 corp: 220/10162b lim: 553 exec/s: 99763 rss: 418Mb L: 23/483 MS: 1 EraseBytes-
#199939	REDUCE cov: 271 ft: 675 corp: 220/10161b lim: 553 exec/s: 99969 rss: 418Mb L: 25/483 MS: 2 CMP-EraseBytes- DE: "\377\377\377\377\376\377\377\377"-
#200145	REDUCE cov: 271 ft: 675 corp: 220/10160b lim: 553 exec/s: 100072 rss: 418Mb L: 11/483 MS: 1 EraseBytes-
#201396	REDUCE cov: 271 ft: 675 corp: 220/10157b lim: 562 exec/s: 100698 rss: 418Mb L: 7/483 MS: 1 EraseBytes-
#201917	REDUCE cov: 271 ft: 675 corp: 220/10156b lim: 562 exec/s: 100958 rss: 419Mb L: 13/483 MS: 1 EraseBytes-
#201918	REDUCE cov: 271 ft: 675 corp: 220/10155b lim: 562 exec/s: 100959 rss: 419Mb L: 22/483 MS: 1 EraseBytes-
#202076	NEW    cov: 271 ft: 676 corp: 221/10583b lim: 562 exec/s: 101038 rss: 419Mb L: 428/483 MS: 3 ChangeByte-EraseBytes-CopyPart-
#202617	REDUCE cov: 271 ft: 676 corp: 221/10581b lim: 562 exec/s: 101308 rss: 419Mb L: 5/483 MS: 1 EraseBytes-
#203298	REDUCE cov: 271 ft: 676 corp: 221/10558b lim: 562 exec/s: 101649 rss: 419Mb L: 48/483 MS: 1 EraseBytes-
#203346	REDUCE cov: 271 ft: 676 corp: 221/10550b lim: 562 exec/s: 101673 rss: 419Mb L: 148/483 MS: 3 ChangeBinInt-EraseBytes-InsertRepeatedBytes-
#203823	REDUCE cov: 271 ft: 676 corp: 221/10549b lim: 562 exec/s: 101911 rss: 419Mb L: 24/483 MS: 2 ChangeBit-EraseBytes-
#204123	REDUCE cov: 271 ft: 676 corp: 221/10538b lim: 562 exec/s: 102061 rss: 419Mb L: 44/483 MS: 5 ShuffleBytes-EraseBytes-CopyPart-ChangeBit-InsertByte-
#204165	REDUCE cov: 271 ft: 676 corp: 221/10535b lim: 562 exec/s: 102082 rss: 419Mb L: 30/483 MS: 2 InsertByte-EraseBytes-
#204466	REDUCE cov: 271 ft: 676 corp: 221/10533b lim: 562 exec/s: 102233 rss: 419Mb L: 14/483 MS: 1 EraseBytes-
#204518	REDUCE cov: 271 ft: 676 corp: 221/10529b lim: 562 exec/s: 102259 rss: 419Mb L: 28/483 MS: 2 ChangeBinInt-EraseBytes-
#204939	REDUCE cov: 271 ft: 676 corp: 221/10525b lim: 562 exec/s: 102469 rss: 419Mb L: 100/483 MS: 1 EraseBytes-
#205630	REDUCE cov: 271 ft: 676 corp: 221/10520b lim: 562 exec/s: 102815 rss: 419Mb L: 8/483 MS: 1 EraseBytes-
#205697	REDUCE cov: 271 ft: 676 corp: 221/10519b lim: 562 exec/s: 102848 rss: 419Mb L: 49/483 MS: 2 ShuffleBytes-EraseBytes-
#206420	REDUCE cov: 271 ft: 676 corp: 221/10517b lim: 562 exec/s: 103210 rss: 419Mb L: 29/483 MS: 3 ChangeBinInt-InsertByte-EraseBytes-
#207046	REDUCE cov: 271 ft: 676 corp: 221/10516b lim: 562 exec/s: 103523 rss: 419Mb L: 21/483 MS: 1 EraseBytes-
#207607	REDUCE cov: 271 ft: 676 corp: 221/10510b lim: 562 exec/s: 103803 rss: 419Mb L: 108/483 MS: 1 EraseBytes-
#207813	REDUCE cov: 271 ft: 676 corp: 221/10509b lim: 562 exec/s: 103906 rss: 419Mb L: 24/483 MS: 1 EraseBytes-
#208304	REDUCE cov: 271 ft: 676 corp: 221/10508b lim: 562 exec/s: 104152 rss: 419Mb L: 26/483 MS: 1 EraseBytes-
#209040	REDUCE cov: 271 ft: 676 corp: 221/10506b lim: 562 exec/s: 104520 rss: 420Mb L: 63/483 MS: 1 EraseBytes-
#209971	REDUCE cov: 271 ft: 676 corp: 221/10504b lim: 571 exec/s: 104985 rss: 420Mb L: 16/483 MS: 1 EraseBytes-
#210243	REDUCE cov: 271 ft: 676 corp: 221/10498b lim: 571 exec/s: 105121 rss: 420Mb L: 13/483 MS: 2 ShuffleBytes-EraseBytes-
#210245	REDUCE cov: 271 ft: 676 corp: 221/10492b lim: 571 exec/s: 105122 rss: 420Mb L: 97/483 MS: 2 CrossOver-EraseBytes-
#210477	REDUCE cov: 271 ft: 676 corp: 221/10489b lim: 571 exec/s: 105238 rss: 420Mb L: 43/483 MS: 2 ChangeBit-EraseBytes-
#210942	REDUCE cov: 271 ft: 676 corp: 221/10487b lim: 571 exec/s: 105471 rss: 420Mb L: 22/483 MS: 5 ChangeBinInt-InsertByte-ShuffleBytes-ShuffleBytes-EraseBytes-
#211350	REDUCE cov: 271 ft: 676 corp: 221/10479b lim: 571 exec/s: 105675 rss: 420Mb L: 31/483 MS: 3 EraseBytes-InsertByte-EraseBytes-
#212715	REDUCE cov: 271 ft: 678 corp: 222/10568b lim: 580 exec/s: 106357 rss: 420Mb L: 89/483 MS: 5 ChangeBinInt-CopyPart-ChangeBit-ChangeBinInt-CopyPart-
#213913	REDUCE cov: 271 ft: 678 corp: 222/10539b lim: 589 exec/s: 106956 rss: 420Mb L: 76/483 MS: 3 ShuffleBytes-ChangeBit-EraseBytes-
#214634	REDUCE cov: 271 ft: 678 corp: 222/10529b lim: 589 exec/s: 107317 rss: 420Mb L: 12/483 MS: 1 EraseBytes-
#214735	REDUCE cov: 271 ft: 678 corp: 222/10527b lim: 589 exec/s: 107367 rss: 420Mb L: 14/483 MS: 1 EraseBytes-
#215112	REDUCE cov: 271 ft: 678 corp: 222/10521b lim: 589 exec/s: 107556 rss: 420Mb L: 477/477 MS: 2 ShuffleBytes-EraseBytes-
#215118	REDUCE cov: 271 ft: 678 corp: 222/10516b lim: 589 exec/s: 107559 rss: 420Mb L: 17/477 MS: 1 EraseBytes-
#215475	NEW    cov: 271 ft: 679 corp: 223/10607b lim: 589 exec/s: 107737 rss: 420Mb L: 91/477 MS: 2 InsertByte-InsertByte-
#215511	NEW    cov: 271 ft: 686 corp: 224/10726b lim: 589 exec/s: 107755 rss: 420Mb L: 119/477 MS: 1 CopyPart-
#215732	REDUCE cov: 271 ft: 686 corp: 224/10725b lim: 589 exec/s: 107866 rss: 420Mb L: 36/477 MS: 1 EraseBytes-
#216925	REDUCE cov: 271 ft: 686 corp: 224/10712b lim: 598 exec/s: 108462 rss: 420Mb L: 262/477 MS: 3 ChangeByte-EraseBytes-PersAutoDict- DE: "block-listed"-
#218306	REDUCE cov: 271 ft: 686 corp: 224/10711b lim: 607 exec/s: 109153 rss: 421Mb L: 90/477 MS: 1 EraseBytes-
#218727	REDUCE cov: 271 ft: 686 corp: 224/10710b lim: 607 exec/s: 109363 rss: 421Mb L: 13/477 MS: 1 EraseBytes-
#218923	REDUCE cov: 271 ft: 686 corp: 224/10705b lim: 607 exec/s: 109461 rss: 421Mb L: 19/477 MS: 1 EraseBytes-
#219510	REDUCE cov: 271 ft: 686 corp: 224/10644b lim: 607 exec/s: 109755 rss: 421Mb L: 367/477 MS: 2 EraseBytes-CopyPart-
#219731	REDUCE cov: 273 ft: 691 corp: 225/11212b lim: 607 exec/s: 109865 rss: 421Mb L: 568/568 MS: 1 CopyPart-
#220242	REDUCE cov: 273 ft: 691 corp: 225/11210b lim: 607 exec/s: 110121 rss: 421Mb L: 21/568 MS: 1 EraseBytes-
#220364	REDUCE cov: 273 ft: 691 corp: 225/11207b lim: 607 exec/s: 110182 rss: 421Mb L: 116/568 MS: 2 InsertByte-EraseBytes-
#220965	REDUCE cov: 273 ft: 691 corp: 225/11204b lim: 607 exec/s: 110482 rss: 421Mb L: 28/568 MS: 1 EraseBytes-
#221271	REDUCE cov: 273 ft: 691 corp: 225/11202b lim: 607 exec/s: 110635 rss: 421Mb L: 9/568 MS: 1 EraseBytes-
#221702	REDUCE cov: 273 ft: 691 corp: 225/11201b lim: 607 exec/s: 110851 rss: 421Mb L: 27/568 MS: 1 EraseBytes-
#221793	REDUCE cov: 273 ft: 691 corp: 225/11191b lim: 607 exec/s: 110896 rss: 421Mb L: 129/568 MS: 1 EraseBytes-
#222154	REDUCE cov: 273 ft: 691 corp: 225/11188b lim: 607 exec/s: 111077 rss: 421Mb L: 40/568 MS: 1 EraseBytes-
#222985	REDUCE cov: 273 ft: 691 corp: 225/11183b lim: 607 exec/s: 111492 rss: 421Mb L: 145/568 MS: 1 EraseBytes-
#223371	REDUCE cov: 273 ft: 691 corp: 225/11179b lim: 607 exec/s: 111685 rss: 421Mb L: 54/568 MS: 1 EraseBytes-
#223692	REDUCE cov: 273 ft: 691 corp: 225/11174b lim: 607 exec/s: 111846 rss: 421Mb L: 20/568 MS: 1 EraseBytes-
#224593	REDUCE cov: 273 ft: 691 corp: 225/11161b lim: 607 exec/s: 112296 rss: 422Mb L: 354/568 MS: 1 EraseBytes-
#224594	REDUCE cov: 273 ft: 691 corp: 225/11160b lim: 607 exec/s: 112297 rss: 422Mb L: 38/568 MS: 1 EraseBytes-
#225822	REDUCE cov: 273 ft: 691 corp: 225/11126b lim: 616 exec/s: 112911 rss: 422Mb L: 63/568 MS: 3 CrossOver-ShuffleBytes-EraseBytes-
#225853	REDUCE cov: 273 ft: 691 corp: 225/11123b lim: 616 exec/s: 112926 rss: 422Mb L: 60/568 MS: 1 EraseBytes-
#226154	REDUCE cov: 273 ft: 691 corp: 225/11118b lim: 616 exec/s: 113077 rss: 422Mb L: 22/568 MS: 1 EraseBytes-
#226786	REDUCE cov: 273 ft: 691 corp: 225/11115b lim: 616 exec/s: 113393 rss: 422Mb L: 26/568 MS: 2 CopyPart-EraseBytes-
#229292	REDUCE cov: 273 ft: 691 corp: 225/11086b lim: 634 exec/s: 114646 rss: 423Mb L: 404/568 MS: 1 EraseBytes-
#229354	REDUCE cov: 273 ft: 691 corp: 225/11083b lim: 634 exec/s: 114677 rss: 423Mb L: 16/568 MS: 2 InsertByte-EraseBytes-
#230936	REDUCE cov: 273 ft: 691 corp: 225/11081b lim: 643 exec/s: 115468 rss: 423Mb L: 8/568 MS: 2 ManualDict-EraseBytes- DE: ", "-
#231542	REDUCE cov: 273 ft: 691 corp: 225/11079b lim: 643 exec/s: 115771 rss: 423Mb L: 20/568 MS: 1 EraseBytes-
#232028	REDUCE cov: 273 ft: 691 corp: 225/11078b lim: 643 exec/s: 116014 rss: 423Mb L: 27/568 MS: 1 EraseBytes-
#232404	REDUCE cov: 273 ft: 692 corp: 226/11162b lim: 643 exec/s: 116202 rss: 423Mb L: 84/568 MS: 1 InsertRepeatedBytes-
#233101	REDUCE cov: 273 ft: 692 corp: 226/11155b lim: 643 exec/s: 116550 rss: 423Mb L: 60/568 MS: 2 ChangeBit-EraseBytes-
#233387	REDUCE cov: 273 ft: 692 corp: 226/11154b lim: 643 exec/s: 116693 rss: 423Mb L: 6/568 MS: 1 EraseBytes-
#235059	REDUCE cov: 273 ft: 692 corp: 226/11152b lim: 652 exec/s: 117529 rss: 423Mb L: 35/568 MS: 2 ChangeByte-EraseBytes-
#235356	REDUCE cov: 273 ft: 692 corp: 226/11145b lim: 652 exec/s: 117678 rss: 424Mb L: 67/568 MS: 2 EraseBytes-CrossOver-
#235612	REDUCE cov: 273 ft: 692 corp: 226/11142b lim: 652 exec/s: 117806 rss: 424Mb L: 148/568 MS: 1 EraseBytes-
#236469	REDUCE cov: 273 ft: 692 corp: 226/11140b lim: 652 exec/s: 118234 rss: 424Mb L: 127/568 MS: 2 ChangeBit-EraseBytes-
#236935	REDUCE cov: 273 ft: 692 corp: 226/11136b lim: 652 exec/s: 118467 rss: 424Mb L: 31/568 MS: 1 EraseBytes-
#238556	REDUCE cov: 273 ft: 692 corp: 226/11134b lim: 661 exec/s: 79518 rss: 424Mb L: 25/568 MS: 1 EraseBytes-
#239937	REDUCE cov: 273 ft: 692 corp: 226/11106b lim: 670 exec/s: 79979 rss: 424Mb L: 39/568 MS: 1 EraseBytes-
#240083	REDUCE cov: 273 ft: 692 corp: 226/11100b lim: 670 exec/s: 80027 rss: 424Mb L: 25/568 MS: 1 EraseBytes-
#240109	REDUCE cov: 273 ft: 692 corp: 226/11099b lim: 670 exec/s: 80036 rss: 424Mb L: 13/568 MS: 1 EraseBytes-
#240326	REDUCE cov: 273 ft: 692 corp: 226/11096b lim: 670 exec/s: 80108 rss: 424Mb L: 20/568 MS: 2 ChangeBinInt-EraseBytes-
#240638	REDUCE cov: 273 ft: 692 corp: 226/11079b lim: 670 exec/s: 80212 rss: 424Mb L: 67/568 MS: 2 ChangeBit-EraseBytes-
#240964	REDUCE cov: 273 ft: 692 corp: 226/11078b lim: 670 exec/s: 80321 rss: 424Mb L: 43/568 MS: 1 EraseBytes-
#241226	REDUCE cov: 273 ft: 692 corp: 226/11077b lim: 670 exec/s: 80408 rss: 424Mb L: 99/568 MS: 2 CopyPart-EraseBytes-
#241907	REDUCE cov: 273 ft: 692 corp: 226/11076b lim: 670 exec/s: 80635 rss: 424Mb L: 42/568 MS: 1 EraseBytes-
#241908	REDUCE cov: 273 ft: 692 corp: 226/11066b lim: 670 exec/s: 80636 rss: 424Mb L: 30/568 MS: 1 EraseBytes-
#241980	REDUCE cov: 273 ft: 692 corp: 226/11058b lim: 670 exec/s: 80660 rss: 424Mb L: 45/568 MS: 2 InsertByte-EraseBytes-
#242504	REDUCE cov: 273 ft: 692 corp: 226/11055b lim: 670 exec/s: 80834 rss: 425Mb L: 87/568 MS: 4 ChangeBinInt-ChangeBit-InsertByte-EraseBytes-
#242548	REDUCE cov: 273 ft: 692 corp: 226/11054b lim: 670 exec/s: 80849 rss: 425Mb L: 48/568 MS: 4 ChangeByte-InsertByte-ChangeBit-EraseBytes-
#243090	REDUCE cov: 273 ft: 692 corp: 226/11043b lim: 670 exec/s: 81030 rss: 425Mb L: 76/568 MS: 2 CopyPart-EraseBytes-
#243891	REDUCE cov: 273 ft: 692 corp: 226/11039b lim: 670 exec/s: 81297 rss: 425Mb L: 28/568 MS: 1 EraseBytes-
#244177	REDUCE cov: 273 ft: 692 corp: 226/11037b lim: 670 exec/s: 81392 rss: 425Mb L: 33/568 MS: 1 EraseBytes-
#244253	REDUCE cov: 273 ft: 692 corp: 226/11036b lim: 670 exec/s: 81417 rss: 425Mb L: 47/568 MS: 1 EraseBytes-
#244300	REDUCE cov: 273 ft: 692 corp: 226/11035b lim: 670 exec/s: 81433 rss: 425Mb L: 45/568 MS: 2 ChangeByte-EraseBytes-
#244434	REDUCE cov: 284 ft: 727 corp: 227/11273b lim: 670 exec/s: 81478 rss: 425Mb L: 238/568 MS: 4 InsertRepeatedBytes-ChangeBinInt-CrossOver-InsertRepeatedBytes-
#244546	REDUCE cov: 284 ft: 727 corp: 227/11269b lim: 670 exec/s: 81515 rss: 425Mb L: 22/568 MS: 2 ChangeASCIIInt-EraseBytes-
#245442	REDUCE cov: 284 ft: 727 corp: 227/11266b lim: 670 exec/s: 81814 rss: 425Mb L: 139/568 MS: 1 EraseBytes-
#246564	REDUCE cov: 284 ft: 727 corp: 227/11264b lim: 679 exec/s: 82188 rss: 425Mb L: 14/568 MS: 2 CrossOver-EraseBytes-
#246680	REDUCE cov: 284 ft: 727 corp: 227/11262b lim: 679 exec/s: 82226 rss: 425Mb L: 20/568 MS: 1 EraseBytes-
#247406	REDUCE cov: 284 ft: 727 corp: 227/11260b lim: 679 exec/s: 82468 rss: 425Mb L: 20/568 MS: 1 EraseBytes-
#247684	REDUCE cov: 284 ft: 727 corp: 227/11258b lim: 679 exec/s: 82561 rss: 425Mb L: 236/568 MS: 3 ShuffleBytes-PersAutoDict-EraseBytes- DE: "\015\000\000\000\000\000\000\000"-
#247967	REDUCE cov: 284 ft: 727 corp: 227/11253b lim: 679 exec/s: 82655 rss: 425Mb L: 62/568 MS: 3 CopyPart-ShuffleBytes-EraseBytes-
#249419	REDUCE cov: 284 ft: 727 corp: 227/11167b lim: 688 exec/s: 83139 rss: 425Mb L: 110/568 MS: 2 ShuffleBytes-EraseBytes-
#249463	REDUCE cov: 284 ft: 727 corp: 227/11140b lim: 688 exec/s: 83154 rss: 425Mb L: 64/568 MS: 4 PersAutoDict-ChangeBinInt-CopyPart-EraseBytes- DE: "\377*"-
#249695	REDUCE cov: 284 ft: 727 corp: 227/11130b lim: 688 exec/s: 83231 rss: 426Mb L: 66/568 MS: 2 ShuffleBytes-EraseBytes-
#251697	REDUCE cov: 284 ft: 727 corp: 227/11128b lim: 706 exec/s: 83899 rss: 426Mb L: 41/568 MS: 2 ChangeByte-EraseBytes-
#252408	REDUCE cov: 284 ft: 727 corp: 227/11110b lim: 706 exec/s: 84136 rss: 426Mb L: 92/568 MS: 1 EraseBytes-
#252569	REDUCE cov: 284 ft: 727 corp: 227/11105b lim: 706 exec/s: 84189 rss: 426Mb L: 57/568 MS: 1 EraseBytes-
#252576	REDUCE cov: 284 ft: 727 corp: 227/11104b lim: 706 exec/s: 84192 rss: 426Mb L: 7/568 MS: 2 EraseBytes-InsertByte-
#252919	REDUCE cov: 284 ft: 727 corp: 227/11095b lim: 706 exec/s: 84306 rss: 426Mb L: 51/568 MS: 3 CMP-InsertByte-EraseBytes- DE: "\031\000"-
#253275	REDUCE cov: 284 ft: 727 corp: 227/11086b lim: 706 exec/s: 84425 rss: 426Mb L: 74/568 MS: 1 EraseBytes-
#253328	REDUCE cov: 284 ft: 727 corp: 227/11085b lim: 706 exec/s: 84442 rss: 426Mb L: 11/568 MS: 3 EraseBytes-InsertByte-CopyPart-
#254354	REDUCE cov: 284 ft: 727 corp: 227/11082b lim: 715 exec/s: 84784 rss: 427Mb L: 10/568 MS: 1 EraseBytes-
#255001	REDUCE cov: 284 ft: 727 corp: 227/11079b lim: 715 exec/s: 85000 rss: 427Mb L: 21/568 MS: 2 ChangeBinInt-EraseBytes-
#255118	REDUCE cov: 284 ft: 727 corp: 227/11069b lim: 715 exec/s: 85039 rss: 427Mb L: 52/568 MS: 2 InsertByte-EraseBytes-
#255219	REDUCE cov: 284 ft: 727 corp: 227/11063b lim: 715 exec/s: 85073 rss: 427Mb L: 27/568 MS: 1 EraseBytes-
#256037	REDUCE cov: 284 ft: 727 corp: 227/11044b lim: 715 exec/s: 85345 rss: 427Mb L: 20/568 MS: 3 PersAutoDict-ChangeByte-EraseBytes- DE: "\377\377\377\377\376\377\377\377"-
#256378	REDUCE cov: 284 ft: 727 corp: 227/11043b lim: 715 exec/s: 85459 rss: 427Mb L: 17/568 MS: 1 EraseBytes-
#256399	REDUCE cov: 284 ft: 727 corp: 227/11042b lim: 715 exec/s: 85466 rss: 427Mb L: 13/568 MS: 1 EraseBytes-
#256510	REDUCE cov: 284 ft: 727 corp: 227/11040b lim: 715 exec/s: 85503 rss: 427Mb L: 18/568 MS: 1 EraseBytes-
#256948	REDUCE cov: 284 ft: 727 corp: 227/11008b lim: 715 exec/s: 85649 rss: 427Mb L: 204/568 MS: 3 ChangeBit-PersAutoDict-EraseBytes- DE: "'Deflate' Compressed Data Format Specification"-
#257965	REDUCE cov: 284 ft: 727 corp: 227/10918b lim: 724 exec/s: 85988 rss: 427Mb L: 114/568 MS: 2 ChangeBit-EraseBytes-
#258231	REDUCE cov: 284 ft: 727 corp: 227/10916b lim: 724 exec/s: 86077 rss: 427Mb L: 4/568 MS: 1 EraseBytes-
#258362	REDUCE cov: 284 ft: 727 corp: 227/10915b lim: 724 exec/s: 86120 rss: 428Mb L: 47/568 MS: 1 EraseBytes-
#258798	REDUCE cov: 284 ft: 727 corp: 227/10910b lim: 724 exec/s: 86266 rss: 428Mb L: 104/568 MS: 1 EraseBytes-
#259169	REDUCE cov: 284 ft: 727 corp: 227/10909b lim: 724 exec/s: 86389 rss: 428Mb L: 11/568 MS: 1 EraseBytes-
#260500	REDUCE cov: 284 ft: 727 corp: 227/10906b lim: 733 exec/s: 86833 rss: 428Mb L: 14/568 MS: 1 EraseBytes-
#261702	REDUCE cov: 284 ft: 727 corp: 227/10905b lim: 742 exec/s: 87234 rss: 428Mb L: 21/568 MS: 2 InsertByte-EraseBytes-
#262144	pulse  cov: 284 ft: 727 corp: 227/10905b lim: 742 exec/s: 87381 rss: 428Mb
#262655	REDUCE cov: 284 ft: 727 corp: 227/10903b lim: 751 exec/s: 87551 rss: 428Mb L: 15/568 MS: 3 ShuffleBytes-EraseBytes-InsertByte-
#264106	REDUCE cov: 284 ft: 728 corp: 228/10924b lim: 760 exec/s: 88035 rss: 428Mb L: 21/568 MS: 1 InsertByte-
#265007	REDUCE cov: 284 ft: 728 corp: 228/10914b lim: 760 exec/s: 88335 rss: 428Mb L: 135/568 MS: 1 EraseBytes-
#265476	REDUCE cov: 284 ft: 728 corp: 228/10901b lim: 760 exec/s: 88492 rss: 428Mb L: 51/568 MS: 4 EraseBytes-EraseBytes-InsertRepeatedBytes-InsertByte-
#265827	REDUCE cov: 284 ft: 728 corp: 228/10897b lim: 760 exec/s: 88609 rss: 428Mb L: 47/568 MS: 1 EraseBytes-
#266433	REDUCE cov: 284 ft: 728 corp: 228/10894b lim: 760 exec/s: 88811 rss: 428Mb L: 21/568 MS: 1 EraseBytes-
#266649	REDUCE cov: 284 ft: 728 corp: 228/10893b lim: 760 exec/s: 88883 rss: 428Mb L: 88/568 MS: 1 EraseBytes-
#268536	REDUCE cov: 284 ft: 728 corp: 228/10892b lim: 778 exec/s: 89512 rss: 429Mb L: 5/568 MS: 2 ChangeBit-EraseBytes-
#269129	REDUCE cov: 284 ft: 728 corp: 228/10890b lim: 778 exec/s: 89709 rss: 429Mb L: 55/568 MS: 3 ShuffleBytes-ChangeBinInt-EraseBytes-
#269240	REDUCE cov: 284 ft: 728 corp: 228/10886b lim: 778 exec/s: 89746 rss: 429Mb L: 23/568 MS: 1 EraseBytes-
#269566	REDUCE cov: 284 ft: 728 corp: 228/10883b lim: 778 exec/s: 89855 rss: 429Mb L: 22/568 MS: 1 EraseBytes-
#270938	REDUCE cov: 284 ft: 728 corp: 228/10873b lim: 787 exec/s: 90312 rss: 429Mb L: 104/568 MS: 2 CrossOver-CrossOver-
#271209	REDUCE cov: 284 ft: 728 corp: 228/10872b lim: 787 exec/s: 90403 rss: 429Mb L: 10/568 MS: 1 EraseBytes-
#272100	REDUCE cov: 284 ft: 728 corp: 228/10869b lim: 787 exec/s: 90700 rss: 429Mb L: 96/568 MS: 1 EraseBytes-
#274396	REDUCE cov: 284 ft: 730 corp: 229/10978b lim: 805 exec/s: 91465 rss: 429Mb L: 109/568 MS: 1 CrossOver-
#274897	REDUCE cov: 284 ft: 730 corp: 229/10972b lim: 805 exec/s: 91632 rss: 429Mb L: 110/568 MS: 1 EraseBytes-
#275663	REDUCE cov: 284 ft: 730 corp: 229/10970b lim: 805 exec/s: 91887 rss: 429Mb L: 19/568 MS: 1 EraseBytes-
#276000	REDUCE cov: 284 ft: 730 corp: 229/10958b lim: 805 exec/s: 92000 rss: 429Mb L: 92/568 MS: 2 InsertByte-EraseBytes-
#277031	REDUCE cov: 284 ft: 730 corp: 229/10957b lim: 814 exec/s: 92343 rss: 429Mb L: 23/568 MS: 1 EraseBytes-
#277132	REDUCE cov: 284 ft: 730 corp: 229/10956b lim: 814 exec/s: 92377 rss: 429Mb L: 37/568 MS: 1 EraseBytes-
#277613	REDUCE cov: 284 ft: 730 corp: 229/10955b lim: 814 exec/s: 92537 rss: 429Mb L: 19/568 MS: 1 EraseBytes-
#277644	REDUCE cov: 284 ft: 730 corp: 229/10953b lim: 814 exec/s: 92548 rss: 429Mb L: 45/568 MS: 1 EraseBytes-
#278705	REDUCE cov: 284 ft: 730 corp: 229/10952b lim: 823 exec/s: 92901 rss: 429Mb L: 10/568 MS: 1 EraseBytes-
#278731	REDUCE cov: 284 ft: 730 corp: 229/10949b lim: 823 exec/s: 92910 rss: 429Mb L: 45/568 MS: 1 EraseBytes-
#278798	REDUCE cov: 284 ft: 730 corp: 229/10947b lim: 823 exec/s: 92932 rss: 429Mb L: 86/568 MS: 2 ChangeBit-EraseBytes-
#279474	REDUCE cov: 284 ft: 730 corp: 229/10944b lim: 823 exec/s: 93158 rss: 429Mb L: 42/568 MS: 1 EraseBytes-
#279925	REDUCE cov: 284 ft: 730 corp: 229/10942b lim: 823 exec/s: 93308 rss: 430Mb L: 17/568 MS: 1 EraseBytes-
#280571	REDUCE cov: 284 ft: 730 corp: 229/10936b lim: 823 exec/s: 93523 rss: 430Mb L: 29/568 MS: 1 EraseBytes-
#280722	REDUCE cov: 284 ft: 730 corp: 229/10926b lim: 823 exec/s: 93574 rss: 430Mb L: 34/568 MS: 1 EraseBytes-
#281608	REDUCE cov: 284 ft: 731 corp: 230/11030b lim: 823 exec/s: 93869 rss: 430Mb L: 104/568 MS: 1 ShuffleBytes-
#281724	REDUCE cov: 284 ft: 731 corp: 230/11028b lim: 823 exec/s: 93908 rss: 430Mb L: 24/568 MS: 1 EraseBytes-
#284006	REDUCE cov: 284 ft: 731 corp: 230/11027b lim: 841 exec/s: 94668 rss: 430Mb L: 16/568 MS: 2 ChangeByte-EraseBytes-
#286002	REDUCE cov: 284 ft: 731 corp: 230/11026b lim: 859 exec/s: 95334 rss: 431Mb L: 21/568 MS: 1 EraseBytes-
#287578	REDUCE cov: 284 ft: 731 corp: 230/11025b lim: 868 exec/s: 95859 rss: 431Mb L: 20/568 MS: 1 EraseBytes-
#288151	REDUCE cov: 284 ft: 731 corp: 230/11009b lim: 868 exec/s: 96050 rss: 431Mb L: 46/568 MS: 3 InsertByte-ChangeBit-EraseBytes-
#288310	REDUCE cov: 284 ft: 731 corp: 230/11005b lim: 868 exec/s: 96103 rss: 431Mb L: 123/568 MS: 4 ChangeASCIIInt-ChangeASCIIInt-ChangeBit-EraseBytes-
#288956	REDUCE cov: 284 ft: 731 corp: 230/11000b lim: 868 exec/s: 96318 rss: 431Mb L: 99/568 MS: 1 EraseBytes-
#289168	REDUCE cov: 284 ft: 731 corp: 230/10999b lim: 868 exec/s: 96389 rss: 431Mb L: 22/568 MS: 2 ChangeBinInt-EraseBytes-
#289349	REDUCE cov: 284 ft: 731 corp: 230/10989b lim: 868 exec/s: 96449 rss: 431Mb L: 11/568 MS: 1 EraseBytes-
#289775	REDUCE cov: 284 ft: 731 corp: 230/10988b lim: 868 exec/s: 96591 rss: 431Mb L: 15/568 MS: 1 EraseBytes-
#289941	REDUCE cov: 284 ft: 731 corp: 230/10986b lim: 868 exec/s: 96647 rss: 431Mb L: 40/568 MS: 1 EraseBytes-
#290197	REDUCE cov: 284 ft: 731 corp: 230/10983b lim: 868 exec/s: 96732 rss: 431Mb L: 28/568 MS: 1 EraseBytes-
#290638	REDUCE cov: 284 ft: 731 corp: 230/10982b lim: 868 exec/s: 96879 rss: 431Mb L: 14/568 MS: 1 EraseBytes-
#290724	REDUCE cov: 284 ft: 731 corp: 230/10981b lim: 868 exec/s: 96908 rss: 431Mb L: 13/568 MS: 1 EraseBytes-
#291700	REDUCE cov: 284 ft: 731 corp: 230/10975b lim: 877 exec/s: 97233 rss: 431Mb L: 43/568 MS: 1 EraseBytes-
#292306	REDUCE cov: 284 ft: 731 corp: 230/10973b lim: 877 exec/s: 97435 rss: 431Mb L: 3/568 MS: 1 EraseBytes-
#293488	REDUCE cov: 284 ft: 731 corp: 230/10945b lim: 886 exec/s: 97829 rss: 431Mb L: 9/568 MS: 2 PersAutoDict-CrossOver- DE: "\264\001\000\000\000\000\000\000"-
#294292	REDUCE cov: 284 ft: 731 corp: 230/10907b lim: 886 exec/s: 98097 rss: 431Mb L: 85/568 MS: 4 ChangeBinInt-ShuffleBytes-ShuffleBytes-EraseBytes-
#294559	REDUCE cov: 284 ft: 734 corp: 231/10916b lim: 886 exec/s: 98186 rss: 431Mb L: 9/568 MS: 2 ChangeBinInt-EraseBytes-
#295935	REDUCE cov: 284 ft: 734 corp: 231/10914b lim: 895 exec/s: 98645 rss: 432Mb L: 12/568 MS: 1 EraseBytes-
#296606	REDUCE cov: 284 ft: 734 corp: 231/10913b lim: 895 exec/s: 98868 rss: 432Mb L: 11/568 MS: 1 EraseBytes-
#297563	REDUCE cov: 284 ft: 734 corp: 231/10905b lim: 904 exec/s: 99187 rss: 432Mb L: 17/568 MS: 2 PersAutoDict-EraseBytes- DE: "\021\000\000\000\000\000\000\000"-
#297584	NEW    cov: 284 ft: 735 corp: 232/11766b lim: 904 exec/s: 99194 rss: 432Mb L: 861/861 MS: 1 CopyPart-
#298072	REDUCE cov: 284 ft: 735 corp: 232/11765b lim: 904 exec/s: 99357 rss: 432Mb L: 10/861 MS: 3 InsertRepeatedBytes-ChangeBit-EraseBytes-
#301636	REDUCE cov: 284 ft: 735 corp: 232/11756b lim: 931 exec/s: 100545 rss: 433Mb L: 13/861 MS: 4 InsertByte-ManualDict-EraseBytes-InsertByte- DE: "(%02x %02x)"-
#302321	REDUCE cov: 284 ft: 735 corp: 232/11739b lim: 931 exec/s: 100773 rss: 433Mb L: 11/861 MS: 5 CopyPart-EraseBytes-EraseBytes-PersAutoDict-ChangeASCIIInt- DE: "3?"-
#302607	REDUCE cov: 284 ft: 735 corp: 232/11738b lim: 931 exec/s: 100869 rss: 433Mb L: 46/861 MS: 1 EraseBytes-
#302978	REDUCE cov: 284 ft: 735 corp: 232/11735b lim: 931 exec/s: 100992 rss: 433Mb L: 23/861 MS: 1 EraseBytes-
#303944	REDUCE cov: 284 ft: 735 corp: 232/11734b lim: 940 exec/s: 101314 rss: 433Mb L: 7/861 MS: 1 EraseBytes-
#303991	REDUCE cov: 284 ft: 735 corp: 232/11733b lim: 940 exec/s: 101330 rss: 433Mb L: 12/861 MS: 2 ChangeByte-EraseBytes-
#304327	REDUCE cov: 284 ft: 735 corp: 232/11729b lim: 940 exec/s: 101442 rss: 433Mb L: 32/861 MS: 1 EraseBytes-
#304628	REDUCE cov: 284 ft: 735 corp: 232/11722b lim: 940 exec/s: 101542 rss: 433Mb L: 85/861 MS: 1 EraseBytes-
#304696	REDUCE cov: 284 ft: 735 corp: 232/11721b lim: 940 exec/s: 101565 rss: 433Mb L: 48/861 MS: 3 EraseBytes-ChangeBinInt-InsertRepeatedBytes-
#304857	REDUCE cov: 284 ft: 735 corp: 232/11720b lim: 940 exec/s: 101619 rss: 433Mb L: 15/861 MS: 1 EraseBytes-
#305553	REDUCE cov: 284 ft: 735 corp: 232/11719b lim: 940 exec/s: 101851 rss: 433Mb L: 12/861 MS: 1 EraseBytes-
#306740	REDUCE cov: 284 ft: 735 corp: 232/11702b lim: 949 exec/s: 102246 rss: 434Mb L: 131/861 MS: 2 CMP-EraseBytes- DE: "@Q"-
#307066	REDUCE cov: 284 ft: 735 corp: 232/11698b lim: 949 exec/s: 102355 rss: 434Mb L: 41/861 MS: 1 EraseBytes-
#307152	REDUCE cov: 284 ft: 735 corp: 232/11697b lim: 949 exec/s: 102384 rss: 434Mb L: 53/861 MS: 1 EraseBytes-
#307299	REDUCE cov: 284 ft: 735 corp: 232/11695b lim: 949 exec/s: 102433 rss: 434Mb L: 20/861 MS: 2 CMP-EraseBytes- DE: "H?"-
#308703	REDUCE cov: 284 ft: 735 corp: 232/11694b lim: 958 exec/s: 102901 rss: 434Mb L: 8/861 MS: 4 ChangeBinInt-CopyPart-ShuffleBytes-EraseBytes-
#309204	REDUCE cov: 284 ft: 735 corp: 232/11689b lim: 958 exec/s: 103068 rss: 434Mb L: 34/861 MS: 1 EraseBytes-
#311195	REDUCE cov: 284 ft: 735 corp: 232/11684b lim: 976 exec/s: 103731 rss: 435Mb L: 31/861 MS: 1 EraseBytes-
#311649	REDUCE cov: 284 ft: 735 corp: 232/11656b lim: 976 exec/s: 103883 rss: 435Mb L: 46/861 MS: 4 ChangeByte-CMP-ChangeByte-EraseBytes- DE: "\377\377\377\377\377\377\377\377"-
#312950	NEW    cov: 284 ft: 736 corp: 233/11671b lim: 985 exec/s: 104316 rss: 435Mb L: 15/861 MS: 1 CopyPart-
#313706	REDUCE cov: 284 ft: 736 corp: 233/11661b lim: 985 exec/s: 104568 rss: 435Mb L: 10/861 MS: 1 EraseBytes-
#314657	REDUCE cov: 284 ft: 736 corp: 233/11658b lim: 994 exec/s: 104885 rss: 435Mb L: 83/861 MS: 1 EraseBytes-
#316228	REDUCE cov: 284 ft: 736 corp: 233/11653b lim: 1003 exec/s: 105409 rss: 435Mb L: 32/861 MS: 1 EraseBytes-
#316535	REDUCE cov: 284 ft: 736 corp: 233/11652b lim: 1003 exec/s: 105511 rss: 435Mb L: 20/861 MS: 2 InsertByte-EraseBytes-
#317990	REDUCE cov: 284 ft: 737 corp: 234/11665b lim: 1012 exec/s: 105996 rss: 436Mb L: 13/861 MS: 5 ChangeBit-ChangeBinInt-ChangeByte-ChangeBit-ChangeBit-
#318276	REDUCE cov: 284 ft: 737 corp: 234/11661b lim: 1012 exec/s: 106092 rss: 436Mb L: 34/861 MS: 1 EraseBytes-
#318282	REDUCE cov: 284 ft: 737 corp: 234/11660b lim: 1012 exec/s: 106094 rss: 436Mb L: 134/861 MS: 1 EraseBytes-
#318329	REDUCE cov: 284 ft: 737 corp: 234/11659b lim: 1012 exec/s: 106109 rss: 436Mb L: 19/861 MS: 2 ShuffleBytes-EraseBytes-
#318570	REDUCE cov: 284 ft: 737 corp: 234/11658b lim: 1012 exec/s: 106190 rss: 436Mb L: 129/861 MS: 1 EraseBytes-
#318802	REDUCE cov: 284 ft: 737 corp: 234/11657b lim: 1012 exec/s: 106267 rss: 436Mb L: 20/861 MS: 2 CrossOver-EraseBytes-
#318984	REDUCE cov: 284 ft: 737 corp: 234/11656b lim: 1012 exec/s: 106328 rss: 436Mb L: 23/861 MS: 2 ChangeBit-EraseBytes-
#319710	REDUCE cov: 284 ft: 737 corp: 234/11632b lim: 1012 exec/s: 106570 rss: 436Mb L: 107/861 MS: 1 EraseBytes-
#319942	REDUCE cov: 284 ft: 737 corp: 234/11631b lim: 1012 exec/s: 106647 rss: 436Mb L: 44/861 MS: 2 ShuffleBytes-EraseBytes-
#320034	REDUCE cov: 284 ft: 737 corp: 234/11630b lim: 1012 exec/s: 106678 rss: 436Mb L: 30/861 MS: 2 CopyPart-EraseBytes-
#321105	REDUCE cov: 284 ft: 737 corp: 234/11629b lim: 1021 exec/s: 107035 rss: 436Mb L: 20/861 MS: 1 EraseBytes-
#321831	REDUCE cov: 284 ft: 737 corp: 234/11627b lim: 1021 exec/s: 107277 rss: 436Mb L: 20/861 MS: 1 EraseBytes-
#322053	REDUCE cov: 284 ft: 737 corp: 234/11625b lim: 1021 exec/s: 107351 rss: 436Mb L: 21/861 MS: 2 PersAutoDict-EraseBytes- DE: "??"-
#322379	REDUCE cov: 284 ft: 737 corp: 234/11623b lim: 1021 exec/s: 107459 rss: 437Mb L: 10/861 MS: 1 EraseBytes-
#325295	REDUCE cov: 284 ft: 737 corp: 234/11622b lim: 1050 exec/s: 108431 rss: 437Mb L: 13/861 MS: 1 EraseBytes-
#326607	REDUCE cov: 284 ft: 737 corp: 234/11616b lim: 1060 exec/s: 108869 rss: 437Mb L: 86/861 MS: 2 ChangeBit-EraseBytes-
#326843	REDUCE cov: 284 ft: 737 corp: 234/11615b lim: 1060 exec/s: 108947 rss: 437Mb L: 12/861 MS: 1 EraseBytes-
#327514	REDUCE cov: 284 ft: 737 corp: 234/11614b lim: 1060 exec/s: 109171 rss: 437Mb L: 9/861 MS: 1 EraseBytes-
#328195	REDUCE cov: 284 ft: 737 corp: 234/11613b lim: 1060 exec/s: 109398 rss: 437Mb L: 12/861 MS: 1 EraseBytes-
#329381	REDUCE cov: 284 ft: 737 corp: 234/11605b lim: 1070 exec/s: 109793 rss: 438Mb L: 78/861 MS: 1 EraseBytes-
#330117	REDUCE cov: 284 ft: 737 corp: 234/11603b lim: 1070 exec/s: 110039 rss: 438Mb L: 17/861 MS: 1 EraseBytes-
#332418	REDUCE cov: 284 ft: 737 corp: 234/11595b lim: 1090 exec/s: 110806 rss: 438Mb L: 39/861 MS: 1 EraseBytes-
#332794	REDUCE cov: 284 ft: 737 corp: 234/11594b lim: 1090 exec/s: 110931 rss: 438Mb L: 15/861 MS: 1 EraseBytes-
#334630	REDUCE cov: 284 ft: 737 corp: 234/11593b lim: 1100 exec/s: 111543 rss: 438Mb L: 21/861 MS: 1 EraseBytes-
#336271	REDUCE cov: 284 ft: 737 corp: 234/11584b lim: 1110 exec/s: 112090 rss: 438Mb L: 120/861 MS: 1 EraseBytes-
#336687	REDUCE cov: 284 ft: 737 corp: 234/11580b lim: 1110 exec/s: 112229 rss: 438Mb L: 105/861 MS: 1 EraseBytes-
#337194	REDUCE cov: 284 ft: 737 corp: 234/11564b lim: 1110 exec/s: 112398 rss: 438Mb L: 94/861 MS: 2 ChangeBinInt-EraseBytes-
#339222	NEW    cov: 285 ft: 738 corp: 235/12610b lim: 1130 exec/s: 113074 rss: 439Mb L: 1046/1046 MS: 3 ShuffleBytes-ShuffleBytes-CopyPart-
#340673	REDUCE cov: 285 ft: 738 corp: 235/12604b lim: 1140 exec/s: 113557 rss: 439Mb L: 855/1046 MS: 1 EraseBytes-
#341159	REDUCE cov: 285 ft: 738 corp: 235/12602b lim: 1140 exec/s: 113719 rss: 439Mb L: 32/1046 MS: 1 EraseBytes-
#341565	REDUCE cov: 285 ft: 738 corp: 235/12601b lim: 1140 exec/s: 113855 rss: 439Mb L: 144/1046 MS: 1 EraseBytes-
#341904	REDUCE cov: 285 ft: 738 corp: 235/12600b lim: 1140 exec/s: 113968 rss: 439Mb L: 43/1046 MS: 4 ChangeBit-ChangeBinInt-CopyPart-EraseBytes-
#342208	REDUCE cov: 285 ft: 738 corp: 235/12591b lim: 1140 exec/s: 114069 rss: 439Mb L: 76/1046 MS: 4 EraseBytes-ChangeByte-ChangeBit-ChangeByte-
#343479	REDUCE cov: 285 ft: 738 corp: 235/12571b lim: 1150 exec/s: 114493 rss: 440Mb L: 835/1046 MS: 1 EraseBytes-
#343635	REDUCE cov: 285 ft: 738 corp: 235/12569b lim: 1150 exec/s: 114545 rss: 440Mb L: 72/1046 MS: 1 EraseBytes-
#343867	NEW    cov: 293 ft: 747 corp: 236/13639b lim: 1150 exec/s: 114622 rss: 440Mb L: 1070/1070 MS: 2 ChangeBit-CopyPart-
#344294	REDUCE cov: 293 ft: 747 corp: 236/13628b lim: 1150 exec/s: 114764 rss: 440Mb L: 28/1070 MS: 2 ChangeBit-EraseBytes-
#345488	NEW    cov: 293 ft: 748 corp: 237/14698b lim: 1160 exec/s: 115162 rss: 441Mb L: 1070/1070 MS: 4 ChangeBit-ShuffleBytes-ChangeBit-ChangeBinInt-
#346304	REDUCE cov: 293 ft: 748 corp: 237/14696b lim: 1160 exec/s: 115434 rss: 441Mb L: 40/1070 MS: 1 EraseBytes-
#346457	REDUCE cov: 293 ft: 748 corp: 237/14694b lim: 1160 exec/s: 115485 rss: 441Mb L: 19/1070 MS: 3 EraseBytes-ShuffleBytes-ChangeBinInt-
#346563	REDUCE cov: 293 ft: 748 corp: 237/14693b lim: 1160 exec/s: 115521 rss: 441Mb L: 40/1070 MS: 1 EraseBytes-
#347071	REDUCE cov: 293 ft: 748 corp: 237/14687b lim: 1160 exec/s: 115690 rss: 442Mb L: 1064/1070 MS: 3 ChangeByte-ChangeBit-EraseBytes-
#348167	REDUCE cov: 293 ft: 748 corp: 237/14686b lim: 1170 exec/s: 116055 rss: 443Mb L: 8/1070 MS: 1 EraseBytes-
#349678	REDUCE cov: 293 ft: 748 corp: 237/14680b lim: 1180 exec/s: 116559 rss: 444Mb L: 325/1070 MS: 1 EraseBytes-
#350569	REDUCE cov: 293 ft: 748 corp: 237/14675b lim: 1180 exec/s: 116856 rss: 444Mb L: 89/1070 MS: 1 EraseBytes-
#350860	REDUCE cov: 293 ft: 748 corp: 237/14673b lim: 1180 exec/s: 116953 rss: 444Mb L: 7/1070 MS: 1 EraseBytes-
#351056	REDUCE cov: 293 ft: 748 corp: 237/14672b lim: 1180 exec/s: 117018 rss: 444Mb L: 10/1070 MS: 1 EraseBytes-
#351333	NEW    cov: 293 ft: 749 corp: 238/15743b lim: 1180 exec/s: 87833 rss: 445Mb L: 1071/1071 MS: 2 InsertByte-ChangeByte-
#352069	REDUCE cov: 293 ft: 749 corp: 238/15741b lim: 1180 exec/s: 88017 rss: 445Mb L: 21/1071 MS: 1 EraseBytes-
#353020	NEW    cov: 293 ft: 753 corp: 239/15762b lim: 1180 exec/s: 88255 rss: 446Mb L: 21/1071 MS: 1 CopyPart-
#353736	REDUCE cov: 293 ft: 753 corp: 239/15761b lim: 1180 exec/s: 88434 rss: 447Mb L: 19/1071 MS: 1 EraseBytes-
#353837	NEW    cov: 294 ft: 754 corp: 240/16Kb lim: 1180 exec/s: 88459 rss: 447Mb L: 1071/1071 MS: 1 ChangeBit-
#353973	NEW    cov: 294 ft: 756 corp: 241/16Kb lim: 1180 exec/s: 88493 rss: 447Mb L: 22/1071 MS: 1 InsertByte-
#354459	REDUCE cov: 294 ft: 756 corp: 241/16Kb lim: 1180 exec/s: 88614 rss: 447Mb L: 21/1071 MS: 1 EraseBytes-
#354646	REDUCE cov: 294 ft: 756 corp: 241/16Kb lim: 1180 exec/s: 88661 rss: 448Mb L: 45/1071 MS: 2 ShuffleBytes-EraseBytes-
#356282	REDUCE cov: 294 ft: 756 corp: 241/16Kb lim: 1190 exec/s: 89070 rss: 449Mb L: 73/1071 MS: 1 EraseBytes-
#357763	REDUCE cov: 294 ft: 756 corp: 241/16Kb lim: 1200 exec/s: 89440 rss: 452Mb L: 25/1071 MS: 1 EraseBytes-
#358534	REDUCE cov: 294 ft: 756 corp: 241/16Kb lim: 1200 exec/s: 89633 rss: 452Mb L: 53/1071 MS: 1 EraseBytes-
#359335	REDUCE cov: 294 ft: 756 corp: 241/16Kb lim: 1200 exec/s: 89833 rss: 454Mb L: 7/1071 MS: 1 EraseBytes-
#359861	REDUCE cov: 294 ft: 756 corp: 241/16Kb lim: 1200 exec/s: 89965 rss: 454Mb L: 18/1071 MS: 1 EraseBytes-
#360667	REDUCE cov: 294 ft: 756 corp: 241/16Kb lim: 1200 exec/s: 90166 rss: 455Mb L: 72/1071 MS: 1 EraseBytes-
#361320	REDUCE cov: 294 ft: 756 corp: 241/16Kb lim: 1200 exec/s: 90330 rss: 456Mb L: 68/1071 MS: 3 CopyPart-ChangeBinInt-EraseBytes-
#362437	REDUCE cov: 294 ft: 756 corp: 241/16Kb lim: 1210 exec/s: 90609 rss: 458Mb L: 64/1071 MS: 2 ShuffleBytes-EraseBytes-
#362843	REDUCE cov: 294 ft: 756 corp: 241/16Kb lim: 1210 exec/s: 90710 rss: 458Mb L: 41/1071 MS: 1 EraseBytes-
#363306	REDUCE cov: 294 ft: 756 corp: 241/16Kb lim: 1210 exec/s: 90826 rss: 459Mb L: 92/1071 MS: 3 ShuffleBytes-ChangeBinInt-EraseBytes-
#364517	REDUCE cov: 294 ft: 756 corp: 241/16Kb lim: 1220 exec/s: 91129 rss: 460Mb L: 22/1071 MS: 1 EraseBytes-
#364588	REDUCE cov: 294 ft: 756 corp: 241/16Kb lim: 1220 exec/s: 91147 rss: 460Mb L: 26/1071 MS: 1 EraseBytes-
#365569	REDUCE cov: 294 ft: 756 corp: 241/16Kb lim: 1220 exec/s: 91392 rss: 461Mb L: 9/1071 MS: 1 EraseBytes-
#366195	REDUCE cov: 294 ft: 756 corp: 241/16Kb lim: 1220 exec/s: 91548 rss: 461Mb L: 1061/1071 MS: 1 EraseBytes-
#366692	NEW    cov: 294 ft: 757 corp: 242/17Kb lim: 1220 exec/s: 91673 rss: 461Mb L: 1051/1071 MS: 2 InsertByte-PersAutoDict- DE: "\011\000\000\000"-
#367248	REDUCE cov: 294 ft: 757 corp: 242/17Kb lim: 1220 exec/s: 91812 rss: 462Mb L: 822/1071 MS: 1 EraseBytes-
#367359	REDUCE cov: 294 ft: 757 corp: 242/17Kb lim: 1220 exec/s: 91839 rss: 462Mb L: 32/1071 MS: 1 EraseBytes-
#367476	REDUCE cov: 294 ft: 757 corp: 242/17Kb lim: 1220 exec/s: 91869 rss: 462Mb L: 17/1071 MS: 2 PersAutoDict-EraseBytes- DE: "gray list"-
#367762	REDUCE cov: 294 ft: 757 corp: 242/17Kb lim: 1220 exec/s: 91940 rss: 462Mb L: 8/1071 MS: 1 EraseBytes-
#368024	REDUCE cov: 294 ft: 757 corp: 242/17Kb lim: 1220 exec/s: 92006 rss: 462Mb L: 49/1071 MS: 2 EraseBytes-CopyPart-
#368560	REDUCE cov: 294 ft: 757 corp: 242/17Kb lim: 1220 exec/s: 92140 rss: 463Mb L: 40/1071 MS: 1 EraseBytes-
#369742	REDUCE cov: 294 ft: 758 corp: 243/17Kb lim: 1230 exec/s: 92435 rss: 464Mb L: 21/1071 MS: 2 EraseBytes-ShuffleBytes-
#370228	REDUCE cov: 294 ft: 758 corp: 243/17Kb lim: 1230 exec/s: 92557 rss: 464Mb L: 104/1071 MS: 1 EraseBytes-
#370669	REDUCE cov: 294 ft: 758 corp: 243/17Kb lim: 1230 exec/s: 92667 rss: 464Mb L: 101/1071 MS: 1 EraseBytes-
#371396	REDUCE cov: 294 ft: 758 corp: 243/17Kb lim: 1230 exec/s: 92849 rss: 465Mb L: 20/1071 MS: 2 CopyPart-EraseBytes-
#371862	REDUCE cov: 294 ft: 758 corp: 243/17Kb lim: 1230 exec/s: 92965 rss: 465Mb L: 16/1071 MS: 1 EraseBytes-
#372228	REDUCE cov: 294 ft: 758 corp: 243/17Kb lim: 1230 exec/s: 93057 rss: 465Mb L: 70/1071 MS: 1 EraseBytes-
#373877	REDUCE cov: 294 ft: 758 corp: 243/17Kb lim: 1240 exec/s: 93469 rss: 466Mb L: 37/1071 MS: 4 ChangeBinInt-ChangeBit-CrossOver-EraseBytes-
#374089	REDUCE cov: 294 ft: 758 corp: 243/17Kb lim: 1240 exec/s: 93522 rss: 466Mb L: 29/1071 MS: 2 ShuffleBytes-EraseBytes-
#376145	REDUCE cov: 294 ft: 758 corp: 243/17Kb lim: 1260 exec/s: 94036 rss: 467Mb L: 132/1071 MS: 1 EraseBytes-
#376585	REDUCE cov: 294 ft: 758 corp: 243/17Kb lim: 1260 exec/s: 94146 rss: 467Mb L: 32/1071 MS: 5 ShuffleBytes-CrossOver-EraseBytes-ChangeBit-ChangeBinInt-
#377171	NEW    cov: 294 ft: 765 corp: 244/18Kb lim: 1260 exec/s: 94292 rss: 467Mb L: 1165/1165 MS: 1 InsertRepeatedBytes-
#378002	NEW    cov: 294 ft: 766 corp: 245/19Kb lim: 1260 exec/s: 94500 rss: 468Mb L: 1158/1165 MS: 1 InsertRepeatedBytes-
#378444	NEW    cov: 295 ft: 767 corp: 246/20Kb lim: 1260 exec/s: 94611 rss: 468Mb L: 1242/1242 MS: 2 ChangeBinInt-InsertRepeatedBytes-
#378871	REDUCE cov: 295 ft: 767 corp: 246/20Kb lim: 1260 exec/s: 94717 rss: 468Mb L: 15/1242 MS: 2 ChangeByte-EraseBytes-
#379193	REDUCE cov: 295 ft: 767 corp: 246/20Kb lim: 1260 exec/s: 94798 rss: 469Mb L: 559/1242 MS: 2 CrossOver-EraseBytes-
#379891	NEW    cov: 295 ft: 774 corp: 247/22Kb lim: 1260 exec/s: 94972 rss: 469Mb L: 1249/1249 MS: 3 InsertRepeatedBytes-CrossOver-CrossOver-
#380282	REDUCE cov: 295 ft: 774 corp: 247/22Kb lim: 1260 exec/s: 95070 rss: 469Mb L: 9/1249 MS: 1 EraseBytes-
#380293	REDUCE cov: 295 ft: 774 corp: 247/22Kb lim: 1260 exec/s: 95073 rss: 469Mb L: 12/1249 MS: 1 EraseBytes-
#380304	REDUCE cov: 295 ft: 774 corp: 247/22Kb lim: 1260 exec/s: 95076 rss: 469Mb L: 90/1249 MS: 1 EraseBytes-
#380750	REDUCE cov: 295 ft: 774 corp: 247/22Kb lim: 1260 exec/s: 95187 rss: 470Mb L: 21/1249 MS: 1 EraseBytes-
#382181	REDUCE cov: 295 ft: 774 corp: 247/22Kb lim: 1270 exec/s: 95545 rss: 472Mb L: 19/1249 MS: 1 EraseBytes-
#382192	REDUCE cov: 295 ft: 774 corp: 247/22Kb lim: 1270 exec/s: 95548 rss: 472Mb L: 17/1249 MS: 1 EraseBytes-
#383148	REDUCE cov: 295 ft: 774 corp: 247/22Kb lim: 1270 exec/s: 95787 rss: 472Mb L: 18/1249 MS: 1 EraseBytes-
#383356	REDUCE cov: 295 ft: 774 corp: 247/22Kb lim: 1270 exec/s: 95839 rss: 473Mb L: 79/1249 MS: 3 EraseBytes-ShuffleBytes-CopyPart-
#383819	REDUCE cov: 295 ft: 774 corp: 247/22Kb lim: 1270 exec/s: 95954 rss: 473Mb L: 48/1249 MS: 3 ShuffleBytes-ChangeBit-EraseBytes-
#384365	NEW    cov: 295 ft: 775 corp: 248/23Kb lim: 1270 exec/s: 96091 rss: 474Mb L: 1242/1249 MS: 1 ChangeByte-
#385043	REDUCE cov: 295 ft: 777 corp: 249/23Kb lim: 1270 exec/s: 96260 rss: 475Mb L: 8/1249 MS: 3 ShuffleBytes-EraseBytes-CopyPart-
#385319	REDUCE cov: 295 ft: 777 corp: 249/23Kb lim: 1270 exec/s: 96329 rss: 475Mb L: 23/1249 MS: 1 EraseBytes-
#385368	REDUCE cov: 295 ft: 777 corp: 249/23Kb lim: 1270 exec/s: 96342 rss: 475Mb L: 94/1249 MS: 4 PersAutoDict-CopyPart-CrossOver-EraseBytes- DE: "3?"-
#387241	REDUCE cov: 295 ft: 777 corp: 249/23Kb lim: 1280 exec/s: 96810 rss: 478Mb L: 9/1249 MS: 3 ShuffleBytes-EraseBytes-InsertByte-
#389142	REDUCE cov: 295 ft: 777 corp: 249/23Kb lim: 1290 exec/s: 97285 rss: 480Mb L: 12/1249 MS: 1 EraseBytes-
#389230	REDUCE cov: 295 ft: 777 corp: 249/23Kb lim: 1290 exec/s: 97307 rss: 480Mb L: 26/1249 MS: 3 CopyPart-ChangeBit-EraseBytes-
#389709	REDUCE cov: 295 ft: 777 corp: 249/23Kb lim: 1290 exec/s: 97427 rss: 480Mb L: 16/1249 MS: 4 CrossOver-EraseBytes-ChangeByte-ChangeByte-
#389790	REDUCE cov: 295 ft: 777 corp: 249/23Kb lim: 1290 exec/s: 97447 rss: 480Mb L: 9/1249 MS: 1 EraseBytes-
#389976	REDUCE cov: 295 ft: 777 corp: 249/23Kb lim: 1290 exec/s: 97494 rss: 480Mb L: 74/1249 MS: 1 EraseBytes-
#391044	REDUCE cov: 295 ft: 777 corp: 249/23Kb lim: 1300 exec/s: 97761 rss: 481Mb L: 1230/1249 MS: 3 ChangeBinInt-ShuffleBytes-EraseBytes-
#392135	REDUCE cov: 295 ft: 777 corp: 249/23Kb lim: 1310 exec/s: 98033 rss: 482Mb L: 17/1249 MS: 1 EraseBytes-
#393911	REDUCE cov: 295 ft: 777 corp: 249/23Kb lim: 1320 exec/s: 98477 rss: 485Mb L: 20/1249 MS: 1 EraseBytes-
#396452	REDUCE cov: 295 ft: 777 corp: 249/23Kb lim: 1340 exec/s: 99113 rss: 486Mb L: 72/1249 MS: 1 EraseBytes-
#396583	REDUCE cov: 295 ft: 777 corp: 249/23Kb lim: 1340 exec/s: 99145 rss: 486Mb L: 17/1249 MS: 1 EraseBytes-
#396760	NEW    cov: 295 ft: 782 corp: 250/24Kb lim: 1340 exec/s: 99190 rss: 487Mb L: 1306/1306 MS: 2 CMP-InsertRepeatedBytes- DE: "\001\000\000\000"-
#397267	REDUCE cov: 295 ft: 782 corp: 250/24Kb lim: 1340 exec/s: 99316 rss: 487Mb L: 16/1306 MS: 2 ChangeByte-EraseBytes-
#398168	REDUCE cov: 295 ft: 782 corp: 250/24Kb lim: 1340 exec/s: 99542 rss: 487Mb L: 12/1306 MS: 1 EraseBytes-
#399579	REDUCE cov: 295 ft: 782 corp: 250/24Kb lim: 1350 exec/s: 99894 rss: 488Mb L: 85/1306 MS: 1 EraseBytes-
#400280	REDUCE cov: 295 ft: 783 corp: 251/24Kb lim: 1350 exec/s: 100070 rss: 488Mb L: 21/1306 MS: 1 CopyPart-
#400381	NEW    cov: 295 ft: 784 corp: 252/25Kb lim: 1350 exec/s: 100095 rss: 488Mb L: 950/1306 MS: 1 CrossOver-
#400402	REDUCE cov: 295 ft: 784 corp: 252/25Kb lim: 1350 exec/s: 100100 rss: 488Mb L: 823/1306 MS: 1 CrossOver-
#401089	REDUCE cov: 295 ft: 784 corp: 252/25Kb lim: 1350 exec/s: 100272 rss: 490Mb L: 11/1306 MS: 2 ShuffleBytes-EraseBytes-
#401271	REDUCE cov: 295 ft: 784 corp: 252/24Kb lim: 1350 exec/s: 100317 rss: 490Mb L: 463/1306 MS: 2 CopyPart-EraseBytes-
#401372	REDUCE cov: 295 ft: 784 corp: 252/24Kb lim: 1350 exec/s: 100343 rss: 490Mb L: 462/1306 MS: 1 EraseBytes-
#401875	REDUCE cov: 295 ft: 784 corp: 252/24Kb lim: 1350 exec/s: 100468 rss: 490Mb L: 20/1306 MS: 3 ChangeBinInt-ChangeBit-EraseBytes-
#402301	REDUCE cov: 295 ft: 784 corp: 252/24Kb lim: 1350 exec/s: 100575 rss: 490Mb L: 380/1306 MS: 1 EraseBytes-
#403272	REDUCE cov: 295 ft: 784 corp: 252/24Kb lim: 1350 exec/s: 100818 rss: 490Mb L: 47/1306 MS: 1 EraseBytes-
#403549	REDUCE cov: 295 ft: 784 corp: 252/24Kb lim: 1350 exec/s: 100887 rss: 490Mb L: 284/1306 MS: 2 InsertByte-EraseBytes-
#403921	REDUCE cov: 295 ft: 784 corp: 252/24Kb lim: 1350 exec/s: 100980 rss: 490Mb L: 166/1306 MS: 2 ChangeBinInt-EraseBytes-
#404847	REDUCE cov: 295 ft: 784 corp: 252/24Kb lim: 1350 exec/s: 101211 rss: 491Mb L: 20/1306 MS: 1 EraseBytes-
#405378	REDUCE cov: 295 ft: 784 corp: 252/24Kb lim: 1350 exec/s: 101344 rss: 491Mb L: 152/1306 MS: 1 EraseBytes-
#405839	REDUCE cov: 295 ft: 784 corp: 252/24Kb lim: 1350 exec/s: 101459 rss: 491Mb L: 138/1306 MS: 1 EraseBytes-
#406291	REDUCE cov: 295 ft: 784 corp: 252/24Kb lim: 1350 exec/s: 101572 rss: 491Mb L: 11/1306 MS: 2 ChangeByte-EraseBytes-
#406367	REDUCE cov: 295 ft: 784 corp: 252/24Kb lim: 1350 exec/s: 101591 rss: 491Mb L: 111/1306 MS: 1 EraseBytes-
#406938	REDUCE cov: 295 ft: 784 corp: 252/24Kb lim: 1350 exec/s: 101734 rss: 491Mb L: 24/1306 MS: 1 EraseBytes-
#408320	REDUCE cov: 295 ft: 784 corp: 252/24Kb lim: 1360 exec/s: 102080 rss: 492Mb L: 23/1306 MS: 2 CMP-EraseBytes- DE: "\377\377"-
#411426	REDUCE cov: 295 ft: 784 corp: 252/24Kb lim: 1390 exec/s: 102856 rss: 494Mb L: 20/1306 MS: 1 EraseBytes-
#411724	REDUCE cov: 295 ft: 784 corp: 252/24Kb lim: 1390 exec/s: 102931 rss: 494Mb L: 106/1306 MS: 3 PersAutoDict-CopyPart-EraseBytes- DE: "Code too clever"-
#411918	REDUCE cov: 295 ft: 784 corp: 252/24Kb lim: 1390 exec/s: 102979 rss: 494Mb L: 70/1306 MS: 4 ChangeByte-CopyPart-ChangeBit-EraseBytes-
#412564	REDUCE cov: 295 ft: 784 corp: 252/24Kb lim: 1390 exec/s: 103141 rss: 494Mb L: 62/1306 MS: 1 EraseBytes-
#413586	REDUCE cov: 295 ft: 784 corp: 252/24Kb lim: 1400 exec/s: 103396 rss: 494Mb L: 1142/1306 MS: 2 ChangeBinInt-EraseBytes-
#415223	REDUCE cov: 295 ft: 784 corp: 252/24Kb lim: 1410 exec/s: 83044 rss: 495Mb L: 16/1306 MS: 2 CMP-EraseBytes- DE: "\377\377\377\375"-
#415664	REDUCE cov: 295 ft: 784 corp: 252/24Kb lim: 1410 exec/s: 83132 rss: 495Mb L: 24/1306 MS: 1 EraseBytes-
#416085	REDUCE cov: 295 ft: 784 corp: 252/24Kb lim: 1410 exec/s: 83217 rss: 495Mb L: 9/1306 MS: 1 EraseBytes-
#417516	REDUCE cov: 295 ft: 784 corp: 252/24Kb lim: 1420 exec/s: 83503 rss: 495Mb L: 18/1306 MS: 1 EraseBytes-
#418622	REDUCE cov: 295 ft: 785 corp: 253/25Kb lim: 1430 exec/s: 83724 rss: 496Mb L: 1258/1306 MS: 1 CrossOver-
#418708	NEW    cov: 295 ft: 793 corp: 254/26Kb lim: 1430 exec/s: 83741 rss: 496Mb L: 1258/1306 MS: 1 ChangeBinInt-
#419425	REDUCE cov: 295 ft: 793 corp: 254/26Kb lim: 1430 exec/s: 83885 rss: 496Mb L: 86/1306 MS: 2 ShuffleBytes-EraseBytes-
#420086	REDUCE cov: 295 ft: 793 corp: 254/26Kb lim: 1430 exec/s: 84017 rss: 496Mb L: 54/1306 MS: 1 EraseBytes-
#420132	REDUCE cov: 295 ft: 793 corp: 254/26Kb lim: 1430 exec/s: 84026 rss: 496Mb L: 93/1306 MS: 1 EraseBytes-
#420404	REDUCE cov: 295 ft: 793 corp: 254/26Kb lim: 1430 exec/s: 84080 rss: 496Mb L: 475/1306 MS: 2 ChangeBit-EraseBytes-
#420648	REDUCE cov: 295 ft: 793 corp: 254/26Kb lim: 1430 exec/s: 84129 rss: 496Mb L: 9/1306 MS: 4 ChangeBit-EraseBytes-ChangeBinInt-ChangeByte-
#421224	REDUCE cov: 295 ft: 793 corp: 254/26Kb lim: 1430 exec/s: 84244 rss: 496Mb L: 15/1306 MS: 1 EraseBytes-
#421728	NEW    cov: 295 ft: 794 corp: 255/28Kb lim: 1430 exec/s: 84345 rss: 496Mb L: 1329/1329 MS: 4 ChangeByte-InsertRepeatedBytes-ShuffleBytes-PersAutoDict- DE: "need lookahead"-
#421859	NEW    cov: 295 ft: 795 corp: 256/29Kb lim: 1430 exec/s: 84371 rss: 496Mb L: 1297/1329 MS: 1 CopyPart-
#421962	REDUCE cov: 295 ft: 795 corp: 256/29Kb lim: 1430 exec/s: 84392 rss: 497Mb L: 40/1329 MS: 3 ChangeBit-ChangeBinInt-EraseBytes-
#422418	REDUCE cov: 295 ft: 795 corp: 256/29Kb lim: 1430 exec/s: 84483 rss: 497Mb L: 10/1329 MS: 1 EraseBytes-
#422469	REDUCE cov: 295 ft: 795 corp: 256/29Kb lim: 1430 exec/s: 84493 rss: 497Mb L: 20/1329 MS: 1 EraseBytes-
#422711	REDUCE cov: 295 ft: 795 corp: 256/29Kb lim: 1430 exec/s: 84542 rss: 497Mb L: 1277/1329 MS: 2 ShuffleBytes-EraseBytes-
#422883	REDUCE cov: 295 ft: 795 corp: 256/29Kb lim: 1430 exec/s: 84576 rss: 497Mb L: 76/1329 MS: 2 ShuffleBytes-EraseBytes-
#423064	NEW    cov: 295 ft: 796 corp: 257/30Kb lim: 1430 exec/s: 84612 rss: 497Mb L: 1375/1375 MS: 1 InsertRepeatedBytes-
#423380	REDUCE cov: 295 ft: 796 corp: 257/30Kb lim: 1430 exec/s: 84676 rss: 497Mb L: 12/1375 MS: 1 EraseBytes-
#424056	REDUCE cov: 295 ft: 796 corp: 257/30Kb lim: 1430 exec/s: 84811 rss: 498Mb L: 10/1375 MS: 1 EraseBytes-
#424302	REDUCE cov: 295 ft: 796 corp: 257/30Kb lim: 1430 exec/s: 84860 rss: 498Mb L: 22/1375 MS: 1 EraseBytes-
#425124	REDUCE cov: 295 ft: 796 corp: 257/30Kb lim: 1430 exec/s: 85024 rss: 498Mb L: 8/1375 MS: 2 CopyPart-EraseBytes-
#425345	REDUCE cov: 295 ft: 796 corp: 257/30Kb lim: 1430 exec/s: 85069 rss: 498Mb L: 25/1375 MS: 1 EraseBytes-
#426056	NEW    cov: 296 ft: 798 corp: 258/32Kb lim: 1430 exec/s: 85211 rss: 499Mb L: 1389/1389 MS: 1 CrossOver-
#426639	REDUCE cov: 296 ft: 798 corp: 258/32Kb lim: 1430 exec/s: 85327 rss: 499Mb L: 12/1389 MS: 3 ChangeByte-ChangeBinInt-EraseBytes-
#428971	REDUCE cov: 296 ft: 798 corp: 258/32Kb lim: 1450 exec/s: 85794 rss: 500Mb L: 11/1389 MS: 2 ShuffleBytes-EraseBytes-
#432318	REDUCE cov: 296 ft: 798 corp: 258/32Kb lim: 1480 exec/s: 86463 rss: 502Mb L: 1059/1389 MS: 2 ChangeBit-EraseBytes-
#433419	NEW    cov: 296 ft: 804 corp: 259/33Kb lim: 1490 exec/s: 86683 rss: 502Mb L: 1368/1389 MS: 1 CopyPart-
#434300	REDUCE cov: 296 ft: 804 corp: 259/33Kb lim: 1490 exec/s: 86860 rss: 502Mb L: 1257/1389 MS: 1 EraseBytes-
#435286	NEW    cov: 296 ft: 805 corp: 260/33Kb lim: 1490 exec/s: 87057 rss: 503Mb L: 25/1389 MS: 1 CopyPart-
#435947	REDUCE cov: 296 ft: 805 corp: 260/33Kb lim: 1490 exec/s: 87189 rss: 503Mb L: 814/1389 MS: 1 EraseBytes-
#436213	REDUCE cov: 296 ft: 805 corp: 260/33Kb lim: 1490 exec/s: 87242 rss: 503Mb L: 31/1389 MS: 1 EraseBytes-
#436554	REDUCE cov: 296 ft: 805 corp: 260/33Kb lim: 1490 exec/s: 87310 rss: 503Mb L: 9/1389 MS: 1 EraseBytes-
#437012	REDUCE cov: 296 ft: 805 corp: 260/33Kb lim: 1490 exec/s: 87402 rss: 504Mb L: 27/1389 MS: 3 ChangeByte-ChangeBinInt-EraseBytes-
#437813	NEW    cov: 296 ft: 806 corp: 261/34Kb lim: 1490 exec/s: 87562 rss: 504Mb L: 1375/1389 MS: 1 ChangeBit-
#441304	NEW    cov: 296 ft: 807 corp: 262/36Kb lim: 1520 exec/s: 88260 rss: 506Mb L: 1430/1430 MS: 1 CopyPart-
#441505	NEW    cov: 296 ft: 817 corp: 263/37Kb lim: 1520 exec/s: 88301 rss: 507Mb L: 1439/1439 MS: 1 ManualDict- DE: "gray list"-
#441922	NEW    cov: 296 ft: 819 corp: 264/39Kb lim: 1520 exec/s: 88384 rss: 508Mb L: 1447/1447 MS: 2 InsertRepeatedBytes-ChangeBit-
#442523	REDUCE cov: 296 ft: 819 corp: 264/39Kb lim: 1520 exec/s: 88504 rss: 508Mb L: 26/1447 MS: 1 EraseBytes-
#442926	NEW    cov: 296 ft: 820 corp: 265/40Kb lim: 1520 exec/s: 88585 rss: 509Mb L: 1269/1447 MS: 3 ManualDict-CrossOver-InsertRepeatedBytes- DE: "pendingBuf overflow"-
#443118	NEW    cov: 296 ft: 822 corp: 266/41Kb lim: 1520 exec/s: 88623 rss: 509Mb L: 1381/1447 MS: 2 ManualDict-ManualDict- DE: "Algorithms"-"Assembler code may have bugs -- use at your own risk"-
#444536	REDUCE cov: 296 ft: 822 corp: 266/41Kb lim: 1530 exec/s: 88907 rss: 509Mb L: 772/1447 MS: 3 InsertRepeatedBytes-InsertByte-EraseBytes-
#444543	REDUCE cov: 296 ft: 822 corp: 266/41Kb lim: 1530 exec/s: 88908 rss: 509Mb L: 770/1447 MS: 2 PersAutoDict-CrossOver- DE: "tr_static_init: dist != 256"-
#444726	REDUCE cov: 296 ft: 822 corp: 266/40Kb lim: 1530 exec/s: 88945 rss: 510Mb L: 608/1447 MS: 3 PersAutoDict-ChangeBit-EraseBytes- DE: "??"-
#445872	REDUCE cov: 296 ft: 822 corp: 266/40Kb lim: 1540 exec/s: 89174 rss: 510Mb L: 63/1447 MS: 1 EraseBytes-
#446353	NEW    cov: 296 ft: 823 corp: 267/40Kb lim: 1540 exec/s: 89270 rss: 511Mb L: 26/1447 MS: 1 InsertByte-
#446719	NEW    cov: 296 ft: 825 corp: 268/42Kb lim: 1540 exec/s: 89343 rss: 511Mb L: 1329/1447 MS: 1 ChangeBinInt-
#446757	REDUCE cov: 296 ft: 825 corp: 268/42Kb lim: 1540 exec/s: 89351 rss: 511Mb L: 482/1447 MS: 3 ChangeByte-CopyPart-EraseBytes-
#448308	REDUCE cov: 296 ft: 825 corp: 268/42Kb lim: 1550 exec/s: 89661 rss: 513Mb L: 101/1447 MS: 1 EraseBytes-
#448362	REDUCE cov: 296 ft: 825 corp: 268/42Kb lim: 1550 exec/s: 89672 rss: 513Mb L: 357/1447 MS: 4 ChangeByte-CrossOver-PersAutoDict-EraseBytes- DE: "\000\000"-
#448568	REDUCE cov: 296 ft: 825 corp: 268/42Kb lim: 1550 exec/s: 89713 rss: 513Mb L: 152/1447 MS: 1 EraseBytes-
#448880	REDUCE cov: 296 ft: 825 corp: 268/42Kb lim: 1550 exec/s: 89776 rss: 513Mb L: 16/1447 MS: 2 ChangeBit-EraseBytes-
#449331	REDUCE cov: 296 ft: 825 corp: 268/41Kb lim: 1550 exec/s: 89866 rss: 513Mb L: 37/1447 MS: 1 EraseBytes-
#449832	REDUCE cov: 296 ft: 825 corp: 268/41Kb lim: 1550 exec/s: 89966 rss: 513Mb L: 24/1447 MS: 1 EraseBytes-
#453969	REDUCE cov: 296 ft: 825 corp: 268/41Kb lim: 1590 exec/s: 90793 rss: 514Mb L: 1373/1447 MS: 2 ShuffleBytes-EraseBytes-
#455920	REDUCE cov: 296 ft: 825 corp: 268/41Kb lim: 1600 exec/s: 91184 rss: 514Mb L: 26/1447 MS: 1 EraseBytes-
#456206	REDUCE cov: 296 ft: 825 corp: 268/41Kb lim: 1600 exec/s: 91241 rss: 515Mb L: 22/1447 MS: 1 EraseBytes-
#456484	REDUCE cov: 296 ft: 825 corp: 268/41Kb lim: 1600 exec/s: 91296 rss: 515Mb L: 39/1447 MS: 3 InsertByte-CrossOver-EraseBytes-
#457395	REDUCE cov: 296 ft: 825 corp: 268/41Kb lim: 1600 exec/s: 91479 rss: 515Mb L: 6/1447 MS: 1 EraseBytes-
#458256	REDUCE cov: 296 ft: 825 corp: 268/41Kb lim: 1600 exec/s: 91651 rss: 515Mb L: 1293/1447 MS: 1 EraseBytes-
#458997	REDUCE cov: 296 ft: 825 corp: 268/41Kb lim: 1600 exec/s: 91799 rss: 516Mb L: 8/1447 MS: 1 EraseBytes-
#459479	REDUCE cov: 296 ft: 825 corp: 268/41Kb lim: 1600 exec/s: 91895 rss: 516Mb L: 16/1447 MS: 2 ChangeBit-EraseBytes-
#460005	REDUCE cov: 296 ft: 825 corp: 268/41Kb lim: 1600 exec/s: 92001 rss: 516Mb L: 30/1447 MS: 1 EraseBytes-
#460319	REDUCE cov: 296 ft: 826 corp: 269/43Kb lim: 1600 exec/s: 92063 rss: 516Mb L: 1532/1532 MS: 4 InsertRepeatedBytes-ChangeByte-ManualDict-CopyPart- DE: "Code too clever"-
#461811	NEW    cov: 296 ft: 827 corp: 270/44Kb lim: 1610 exec/s: 92362 rss: 517Mb L: 1449/1532 MS: 2 ChangeByte-ManualDict- DE: ": "-
#461819	REDUCE cov: 296 ft: 827 corp: 270/44Kb lim: 1610 exec/s: 92363 rss: 517Mb L: 345/1532 MS: 3 ChangeBit-ChangeByte-EraseBytes-
#463070	REDUCE cov: 296 ft: 827 corp: 270/44Kb lim: 1620 exec/s: 77178 rss: 517Mb L: 21/1532 MS: 1 EraseBytes-
#463131	REDUCE cov: 296 ft: 827 corp: 270/44Kb lim: 1620 exec/s: 77188 rss: 517Mb L: 40/1532 MS: 1 EraseBytes-
#463623	NEW    cov: 296 ft: 828 corp: 271/46Kb lim: 1620 exec/s: 77270 rss: 518Mb L: 1545/1545 MS: 2 CopyPart-CrossOver-
#466476	REDUCE cov: 296 ft: 828 corp: 271/46Kb lim: 1640 exec/s: 77746 rss: 518Mb L: 1447/1545 MS: 3 InsertByte-ChangeBit-EraseBytes-
#467682	REDUCE cov: 296 ft: 828 corp: 271/46Kb lim: 1650 exec/s: 77947 rss: 519Mb L: 1272/1545 MS: 1 EraseBytes-
#471963	REDUCE cov: 296 ft: 828 corp: 271/46Kb lim: 1690 exec/s: 78660 rss: 520Mb L: 40/1545 MS: 1 EraseBytes-
#472434	REDUCE cov: 296 ft: 828 corp: 271/46Kb lim: 1690 exec/s: 78739 rss: 520Mb L: 339/1545 MS: 1 EraseBytes-
#473070	REDUCE cov: 296 ft: 829 corp: 272/47Kb lim: 1690 exec/s: 78845 rss: 520Mb L: 1336/1545 MS: 1 InsertRepeatedBytes-
#473601	REDUCE cov: 296 ft: 829 corp: 272/47Kb lim: 1690 exec/s: 78933 rss: 520Mb L: 1338/1545 MS: 1 EraseBytes-
#474132	REDUCE cov: 296 ft: 829 corp: 272/47Kb lim: 1690 exec/s: 79022 rss: 521Mb L: 1220/1545 MS: 1 EraseBytes-
#475174	REDUCE cov: 296 ft: 829 corp: 272/47Kb lim: 1700 exec/s: 79195 rss: 521Mb L: 1415/1545 MS: 2 CrossOver-EraseBytes-
#476740	REDUCE cov: 296 ft: 829 corp: 272/47Kb lim: 1710 exec/s: 79456 rss: 521Mb L: 39/1545 MS: 1 EraseBytes-
#477711	REDUCE cov: 296 ft: 829 corp: 272/47Kb lim: 1710 exec/s: 79618 rss: 521Mb L: 324/1545 MS: 1 EraseBytes-
#478257	REDUCE cov: 296 ft: 829 corp: 272/47Kb lim: 1710 exec/s: 79709 rss: 521Mb L: 19/1545 MS: 1 EraseBytes-
#478686	NEW    cov: 296 ft: 830 corp: 273/48Kb lim: 1710 exec/s: 79781 rss: 521Mb L: 1636/1636 MS: 4 EraseBytes-ChangeBit-ChangeByte-CopyPart-
#481252	REDUCE cov: 296 ft: 830 corp: 273/48Kb lim: 1730 exec/s: 80208 rss: 523Mb L: 317/1636 MS: 1 EraseBytes-
#481398	REDUCE cov: 296 ft: 830 corp: 273/48Kb lim: 1730 exec/s: 80233 rss: 523Mb L: 352/1636 MS: 1 EraseBytes-
#481660	REDUCE cov: 296 ft: 830 corp: 273/48Kb lim: 1730 exec/s: 80276 rss: 523Mb L: 1181/1636 MS: 2 CMP-EraseBytes- DE: "\377\377\377\377\376\377\377\377"-
#482116	REDUCE cov: 296 ft: 830 corp: 273/48Kb lim: 1730 exec/s: 80352 rss: 523Mb L: 22/1636 MS: 1 EraseBytes-
#482937	REDUCE cov: 296 ft: 830 corp: 273/48Kb lim: 1730 exec/s: 80489 rss: 524Mb L: 18/1636 MS: 1 EraseBytes-
#483098	REDUCE cov: 296 ft: 830 corp: 273/48Kb lim: 1730 exec/s: 80516 rss: 524Mb L: 14/1636 MS: 1 EraseBytes-
#483259	REDUCE cov: 296 ft: 830 corp: 273/48Kb lim: 1730 exec/s: 80543 rss: 524Mb L: 15/1636 MS: 1 EraseBytes-
#488295	REDUCE cov: 296 ft: 830 corp: 273/48Kb lim: 1780 exec/s: 81382 rss: 525Mb L: 18/1636 MS: 1 EraseBytes-
#489626	REDUCE cov: 296 ft: 830 corp: 273/48Kb lim: 1790 exec/s: 81604 rss: 525Mb L: 23/1636 MS: 1 EraseBytes-
#491372	REDUCE cov: 296 ft: 830 corp: 273/48Kb lim: 1800 exec/s: 81895 rss: 525Mb L: 1116/1636 MS: 1 EraseBytes-
#491566	REDUCE cov: 296 ft: 830 corp: 273/48Kb lim: 1800 exec/s: 81927 rss: 525Mb L: 1126/1636 MS: 4 ShuffleBytes-ChangeByte-ShuffleBytes-EraseBytes-
#494404	NEW    cov: 296 ft: 831 corp: 274/49Kb lim: 1820 exec/s: 82400 rss: 525Mb L: 1413/1636 MS: 3 CrossOver-ChangeBit-CrossOver-
#495840	NEW    cov: 296 ft: 832 corp: 275/51Kb lim: 1830 exec/s: 82640 rss: 525Mb L: 1613/1636 MS: 1 CopyPart-
#497911	NEW    cov: 296 ft: 833 corp: 276/52Kb lim: 1850 exec/s: 82985 rss: 526Mb L: 1416/1636 MS: 1 CrossOver-
#498832	NEW    cov: 296 ft: 834 corp: 277/54Kb lim: 1850 exec/s: 83138 rss: 526Mb L: 1462/1636 MS: 1 InsertRepeatedBytes-
#498926	NEW    cov: 296 ft: 835 corp: 278/55Kb lim: 1850 exec/s: 83154 rss: 526Mb L: 1203/1636 MS: 4 CrossOver-ShuffleBytes-ChangeByte-EraseBytes-
#499007	NEW    cov: 296 ft: 837 corp: 279/56Kb lim: 1850 exec/s: 83167 rss: 526Mb L: 1416/1636 MS: 1 ChangeByte-
#499724	REDUCE cov: 296 ft: 837 corp: 279/56Kb lim: 1850 exec/s: 83287 rss: 526Mb L: 31/1636 MS: 2 InsertByte-EraseBytes-
#500060	NEW    cov: 296 ft: 845 corp: 280/58Kb lim: 1850 exec/s: 83343 rss: 526Mb L: 1416/1636 MS: 1 ChangeBinInt-
#500806	NEW    cov: 296 ft: 846 corp: 281/59Kb lim: 1850 exec/s: 83467 rss: 526Mb L: 1524/1636 MS: 1 InsertRepeatedBytes-
#501132	REDUCE cov: 296 ft: 846 corp: 281/59Kb lim: 1850 exec/s: 83522 rss: 526Mb L: 102/1636 MS: 1 EraseBytes-
#501758	REDUCE cov: 296 ft: 846 corp: 281/59Kb lim: 1850 exec/s: 83626 rss: 526Mb L: 1493/1636 MS: 1 CrossOver-
#501780	REDUCE cov: 296 ft: 846 corp: 281/59Kb lim: 1850 exec/s: 83630 rss: 526Mb L: 17/1636 MS: 2 ChangeByte-EraseBytes-
#502549	REDUCE cov: 296 ft: 846 corp: 281/59Kb lim: 1850 exec/s: 83758 rss: 527Mb L: 795/1636 MS: 4 CrossOver-InsertByte-CMP-EraseBytes- DE: "\001\000\000\000\000\000\000\003"-
#504594	REDUCE cov: 296 ft: 847 corp: 282/59Kb lim: 1870 exec/s: 72084 rss: 527Mb L: 15/1636 MS: 5 ChangeByte-CopyPart-PersAutoDict-ChangeBit-CopyPart- DE: "\377\377"-
#504870	REDUCE cov: 296 ft: 848 corp: 283/60Kb lim: 1870 exec/s: 72124 rss: 527Mb L: 795/1636 MS: 1 CopyPart-
#505006	REDUCE cov: 296 ft: 848 corp: 283/60Kb lim: 1870 exec/s: 72143 rss: 527Mb L: 88/1636 MS: 1 EraseBytes-
#505018	NEW    cov: 296 ft: 849 corp: 284/61Kb lim: 1870 exec/s: 72145 rss: 527Mb L: 1546/1636 MS: 2 ManualDict-InsertRepeatedBytes- DE: "do {}"-
#505616	REDUCE cov: 296 ft: 849 corp: 284/60Kb lim: 1870 exec/s: 72230 rss: 527Mb L: 699/1636 MS: 3 CopyPart-ChangeByte-CrossOver-
#505845	REDUCE cov: 296 ft: 849 corp: 284/60Kb lim: 1870 exec/s: 72263 rss: 527Mb L: 682/1636 MS: 4 ChangeASCIIInt-ChangeByte-ShuffleBytes-EraseBytes-
#505849	REDUCE cov: 296 ft: 849 corp: 284/60Kb lim: 1870 exec/s: 72264 rss: 527Mb L: 1321/1636 MS: 4 CrossOver-InsertByte-CopyPart-EraseBytes-
#506150	REDUCE cov: 296 ft: 849 corp: 284/60Kb lim: 1870 exec/s: 72307 rss: 527Mb L: 792/1636 MS: 1 EraseBytes-
#507141	REDUCE cov: 296 ft: 849 corp: 284/60Kb lim: 1870 exec/s: 72448 rss: 527Mb L: 1509/1636 MS: 1 EraseBytes-
#507343	REDUCE cov: 296 ft: 849 corp: 284/60Kb lim: 1870 exec/s: 72477 rss: 527Mb L: 1116/1636 MS: 2 ShuffleBytes-EraseBytes-
#507627	REDUCE cov: 296 ft: 849 corp: 284/60Kb lim: 1870 exec/s: 72518 rss: 527Mb L: 644/1636 MS: 4 CrossOver-InsertByte-ChangeByte-EraseBytes-
#508098	REDUCE cov: 296 ft: 849 corp: 284/59Kb lim: 1870 exec/s: 72585 rss: 528Mb L: 459/1636 MS: 1 EraseBytes-
#508265	REDUCE cov: 296 ft: 849 corp: 284/59Kb lim: 1870 exec/s: 72609 rss: 528Mb L: 22/1636 MS: 2 ChangeByte-EraseBytes-
#509003	REDUCE cov: 296 ft: 849 corp: 284/59Kb lim: 1870 exec/s: 72714 rss: 528Mb L: 592/1636 MS: 3 ChangeBit-ShuffleBytes-EraseBytes-
#509059	REDUCE cov: 296 ft: 849 corp: 284/59Kb lim: 1870 exec/s: 72722 rss: 528Mb L: 25/1636 MS: 1 EraseBytes-
#510781	REDUCE cov: 296 ft: 849 corp: 284/59Kb lim: 1880 exec/s: 72968 rss: 528Mb L: 1297/1636 MS: 2 ChangeBit-EraseBytes-
#511417	REDUCE cov: 296 ft: 849 corp: 284/59Kb lim: 1880 exec/s: 73059 rss: 528Mb L: 74/1636 MS: 1 EraseBytes-
#511890	REDUCE cov: 296 ft: 849 corp: 284/59Kb lim: 1880 exec/s: 73127 rss: 528Mb L: 1483/1636 MS: 3 PersAutoDict-ManualDict-EraseBytes- DE: " (last)"-"string length does not fit in int"-
#511898	REDUCE cov: 296 ft: 849 corp: 284/59Kb lim: 1880 exec/s: 73128 rss: 528Mb L: 699/1636 MS: 3 EraseBytes-InsertRepeatedBytes-ChangeBinInt-
#512433	REDUCE cov: 296 ft: 849 corp: 284/59Kb lim: 1880 exec/s: 73204 rss: 528Mb L: 1014/1636 MS: 5 ChangeBinInt-InsertByte-PersAutoDict-ManualDict-EraseBytes- DE: "R?"-"Can't open trees.h"-
#513099	REDUCE cov: 296 ft: 849 corp: 284/59Kb lim: 1880 exec/s: 73299 rss: 528Mb L: 565/1636 MS: 1 EraseBytes-
#515276	REDUCE cov: 296 ft: 849 corp: 284/59Kb lim: 1900 exec/s: 73610 rss: 528Mb L: 53/1636 MS: 2 ChangeBit-EraseBytes-
#515939	REDUCE cov: 296 ft: 849 corp: 284/59Kb lim: 1900 exec/s: 73705 rss: 529Mb L: 450/1636 MS: 3 InsertByte-ChangeBinInt-EraseBytes-
#516033	REDUCE cov: 296 ft: 849 corp: 284/59Kb lim: 1900 exec/s: 73719 rss: 529Mb L: 438/1636 MS: 4 ShuffleBytes-PersAutoDict-ManualDict-EraseBytes- DE: "\377\377\377\377\377\377\377\017"-" : (n % 3 == 2 ? "-
#516669	REDUCE cov: 296 ft: 849 corp: 284/59Kb lim: 1900 exec/s: 73809 rss: 529Mb L: 17/1636 MS: 1 EraseBytes-
#517180	REDUCE cov: 296 ft: 849 corp: 284/59Kb lim: 1900 exec/s: 73882 rss: 529Mb L: 50/1636 MS: 1 EraseBytes-
#517246	REDUCE cov: 296 ft: 849 corp: 284/59Kb lim: 1900 exec/s: 73892 rss: 529Mb L: 20/1636 MS: 1 EraseBytes-
#517631	REDUCE cov: 296 ft: 849 corp: 284/59Kb lim: 1900 exec/s: 73947 rss: 529Mb L: 397/1636 MS: 5 ManualDict-CMP-InsertByte-ChangeBit-EraseBytes- DE: "zcfree: ptr not found"-"\001\000\000\000\000\000\000F"-
#520502	REDUCE cov: 296 ft: 849 corp: 284/58Kb lim: 1920 exec/s: 74357 rss: 529Mb L: 293/1636 MS: 1 EraseBytes-
#520825	REDUCE cov: 296 ft: 849 corp: 284/58Kb lim: 1920 exec/s: 74403 rss: 529Mb L: 19/1636 MS: 3 ShuffleBytes-CopyPart-EraseBytes-
#521429	REDUCE cov: 296 ft: 849 corp: 284/58Kb lim: 1920 exec/s: 74489 rss: 529Mb L: 26/1636 MS: 4 CopyPart-ChangeBinInt-ChangeBit-EraseBytes-
#523171	REDUCE cov: 296 ft: 849 corp: 284/58Kb lim: 1930 exec/s: 74738 rss: 529Mb L: 326/1636 MS: 2 InsertRepeatedBytes-EraseBytes-
#523607	REDUCE cov: 296 ft: 849 corp: 284/58Kb lim: 1930 exec/s: 74801 rss: 529Mb L: 406/1636 MS: 1 EraseBytes-
#524288	pulse  cov: 296 ft: 849 corp: 284/58Kb lim: 1930 exec/s: 74898 rss: 529Mb
#524345	REDUCE cov: 296 ft: 849 corp: 284/58Kb lim: 1930 exec/s: 74906 rss: 529Mb L: 394/1636 MS: 3 InsertByte-ChangeBit-EraseBytes-
#525471	REDUCE cov: 296 ft: 849 corp: 284/58Kb lim: 1940 exec/s: 75067 rss: 529Mb L: 14/1636 MS: 1 EraseBytes-
#525502	REDUCE cov: 296 ft: 849 corp: 284/58Kb lim: 1940 exec/s: 75071 rss: 529Mb L: 18/1636 MS: 1 EraseBytes-
#526650	REDUCE cov: 296 ft: 849 corp: 284/58Kb lim: 1950 exec/s: 75235 rss: 529Mb L: 417/1636 MS: 3 InsertByte-ShuffleBytes-EraseBytes-
#528180	REDUCE cov: 296 ft: 849 corp: 284/58Kb lim: 1960 exec/s: 75454 rss: 529Mb L: 1392/1524 MS: 5 ChangeByte-PersAutoDict-ChangeByte-InsertRepeatedBytes-EraseBytes- DE: " : "-
#529398	REDUCE cov: 296 ft: 849 corp: 284/58Kb lim: 1970 exec/s: 75628 rss: 529Mb L: 1088/1524 MS: 3 ShuffleBytes-InsertByte-EraseBytes-
#530099	REDUCE cov: 296 ft: 849 corp: 284/58Kb lim: 1970 exec/s: 75728 rss: 529Mb L: 1372/1524 MS: 1 EraseBytes-
#530216	REDUCE cov: 296 ft: 849 corp: 284/58Kb lim: 1970 exec/s: 75745 rss: 529Mb L: 87/1524 MS: 2 ChangeByte-EraseBytes-
#531197	REDUCE cov: 296 ft: 849 corp: 284/58Kb lim: 1970 exec/s: 75885 rss: 529Mb L: 11/1524 MS: 1 EraseBytes-
#532350	REDUCE cov: 296 ft: 849 corp: 284/58Kb lim: 1980 exec/s: 76050 rss: 529Mb L: 1230/1524 MS: 3 InsertByte-InsertByte-EraseBytes-
#533137	REDUCE cov: 296 ft: 849 corp: 284/58Kb lim: 1980 exec/s: 76162 rss: 529Mb L: 28/1524 MS: 2 PersAutoDict-EraseBytes- DE: "unexpected end of file"-
#533823	REDUCE cov: 296 ft: 849 corp: 284/58Kb lim: 1980 exec/s: 76260 rss: 529Mb L: 315/1524 MS: 1 EraseBytes-
#533980	REDUCE cov: 296 ft: 849 corp: 284/58Kb lim: 1980 exec/s: 76282 rss: 529Mb L: 85/1524 MS: 2 ChangeBit-EraseBytes-
#534686	REDUCE cov: 296 ft: 850 corp: 285/58Kb lim: 1980 exec/s: 76383 rss: 529Mb L: 107/1524 MS: 1 InsertRepeatedBytes-
#534808	REDUCE cov: 296 ft: 850 corp: 285/58Kb lim: 1980 exec/s: 76401 rss: 529Mb L: 72/1524 MS: 2 ShuffleBytes-EraseBytes-
#535174	NEW    cov: 296 ft: 851 corp: 286/59Kb lim: 1980 exec/s: 76453 rss: 529Mb L: 1449/1524 MS: 1 CrossOver-
#535255	REDUCE cov: 296 ft: 851 corp: 286/59Kb lim: 1980 exec/s: 76465 rss: 529Mb L: 411/1524 MS: 1 EraseBytes-
#535291	REDUCE cov: 296 ft: 851 corp: 286/59Kb lim: 1980 exec/s: 76470 rss: 529Mb L: 7/1524 MS: 1 EraseBytes-
#535353	REDUCE cov: 296 ft: 851 corp: 286/59Kb lim: 1980 exec/s: 76479 rss: 529Mb L: 17/1524 MS: 2 ChangeByte-EraseBytes-
#535526	REDUCE cov: 296 ft: 851 corp: 286/59Kb lim: 1980 exec/s: 76503 rss: 529Mb L: 100/1524 MS: 3 ChangeByte-ChangeByte-EraseBytes-
#535542	REDUCE cov: 296 ft: 851 corp: 286/59Kb lim: 1980 exec/s: 76506 rss: 529Mb L: 67/1524 MS: 1 EraseBytes-
#536964	REDUCE cov: 296 ft: 851 corp: 286/59Kb lim: 1990 exec/s: 76709 rss: 529Mb L: 249/1524 MS: 2 ManualDict-EraseBytes- DE: "insufficient memory"-
#537572	REDUCE cov: 296 ft: 851 corp: 286/59Kb lim: 1990 exec/s: 76796 rss: 529Mb L: 1311/1524 MS: 3 EraseBytes-ChangeByte-InsertByte-
#537592	REDUCE cov: 296 ft: 851 corp: 286/59Kb lim: 1990 exec/s: 76798 rss: 529Mb L: 1413/1524 MS: 5 InsertRepeatedBytes-InsertByte-PersAutoDict-CopyPart-EraseBytes- DE: "\001\010"-
#537919	NEW    cov: 296 ft: 853 corp: 287/60Kb lim: 1990 exec/s: 76845 rss: 529Mb L: 1470/1524 MS: 2 ManualDict-ChangeBit- DE: "invalid distance code"-
#538193	REDUCE cov: 296 ft: 853 corp: 287/60Kb lim: 1990 exec/s: 76884 rss: 529Mb L: 49/1524 MS: 4 ChangeBinInt-InsertByte-PersAutoDict-EraseBytes- DE: "invalid distance code"-
#538241	REDUCE cov: 296 ft: 853 corp: 287/60Kb lim: 1990 exec/s: 76891 rss: 529Mb L: 1245/1524 MS: 3 CopyPart-EraseBytes-EraseBytes-
#538299	REDUCE cov: 296 ft: 853 corp: 287/60Kb lim: 1990 exec/s: 76899 rss: 529Mb L: 392/1524 MS: 3 ShuffleBytes-ChangeByte-EraseBytes-
#539375	REDUCE cov: 296 ft: 853 corp: 287/60Kb lim: 2000 exec/s: 77053 rss: 529Mb L: 35/1524 MS: 1 EraseBytes-
#540076	REDUCE cov: 296 ft: 853 corp: 287/60Kb lim: 2000 exec/s: 77153 rss: 529Mb L: 1397/1524 MS: 1 EraseBytes-
#541222	REDUCE cov: 296 ft: 853 corp: 287/60Kb lim: 2010 exec/s: 77317 rss: 529Mb L: 22/1524 MS: 1 EraseBytes-
#541922	REDUCE cov: 296 ft: 853 corp: 287/60Kb lim: 2010 exec/s: 77417 rss: 529Mb L: 808/1524 MS: 5 ChangeByte-ChangeBit-PersAutoDict-InsertByte-EraseBytes- DE: "\024\000\000\000\000\000\000\000"-
#542128	REDUCE cov: 296 ft: 853 corp: 287/60Kb lim: 2010 exec/s: 77446 rss: 529Mb L: 1418/1524 MS: 1 EraseBytes-
#543684	REDUCE cov: 296 ft: 853 corp: 287/60Kb lim: 2020 exec/s: 77669 rss: 529Mb L: 1023/1524 MS: 1 EraseBytes-
#544955	REDUCE cov: 296 ft: 853 corp: 287/60Kb lim: 2030 exec/s: 77850 rss: 529Mb L: 718/1524 MS: 1 EraseBytes-
#545128	REDUCE cov: 296 ft: 853 corp: 287/59Kb lim: 2030 exec/s: 68141 rss: 529Mb L: 844/1524 MS: 3 InsertByte-ChangeBinInt-EraseBytes-
#546312	REDUCE cov: 296 ft: 853 corp: 287/59Kb lim: 2040 exec/s: 68289 rss: 529Mb L: 685/1524 MS: 4 ChangeASCIIInt-InsertRepeatedBytes-ManualDict-EraseBytes- DE: "Assembler code may have bugs -- use at your own risk"-
#547724	REDUCE cov: 296 ft: 853 corp: 287/59Kb lim: 2050 exec/s: 68465 rss: 529Mb L: 17/1524 MS: 2 ChangeByte-EraseBytes-
#547800	REDUCE cov: 296 ft: 853 corp: 287/59Kb lim: 2050 exec/s: 68475 rss: 529Mb L: 20/1524 MS: 1 EraseBytes-
#548501	REDUCE cov: 296 ft: 853 corp: 287/59Kb lim: 2050 exec/s: 68562 rss: 529Mb L: 581/1524 MS: 1 EraseBytes-
#548512	REDUCE cov: 296 ft: 853 corp: 287/59Kb lim: 2050 exec/s: 68564 rss: 530Mb L: 528/1524 MS: 1 EraseBytes-
#548709	REDUCE cov: 296 ft: 853 corp: 287/59Kb lim: 2050 exec/s: 68588 rss: 530Mb L: 269/1524 MS: 2 ShuffleBytes-EraseBytes-
#548895	REDUCE cov: 296 ft: 853 corp: 287/59Kb lim: 2050 exec/s: 68611 rss: 530Mb L: 21/1524 MS: 1 EraseBytes-
#549726	REDUCE cov: 296 ft: 853 corp: 287/59Kb lim: 2050 exec/s: 68715 rss: 530Mb L: 1338/1524 MS: 1 EraseBytes-
#549998	REDUCE cov: 296 ft: 853 corp: 287/59Kb lim: 2050 exec/s: 68749 rss: 530Mb L: 1134/1524 MS: 2 ManualDict-EraseBytes- DE: "request does not fit in an int"-
#550531	REDUCE cov: 296 ft: 853 corp: 287/59Kb lim: 2050 exec/s: 68816 rss: 530Mb L: 23/1524 MS: 3 EraseBytes-ManualDict-EraseBytes- DE: "do {}"-
#550772	REDUCE cov: 296 ft: 853 corp: 287/59Kb lim: 2050 exec/s: 68846 rss: 530Mb L: 1024/1524 MS: 1 EraseBytes-
#550963	REDUCE cov: 296 ft: 853 corp: 287/59Kb lim: 2050 exec/s: 68870 rss: 530Mb L: 795/1524 MS: 1 EraseBytes-
#551874	REDUCE cov: 296 ft: 853 corp: 287/59Kb lim: 2050 exec/s: 68984 rss: 530Mb L: 16/1524 MS: 1 EraseBytes-
#553244	REDUCE cov: 296 ft: 853 corp: 287/59Kb lim: 2061 exec/s: 69155 rss: 530Mb L: 12/1524 MS: 5 CopyPart-ManualDict-ManualDict-EraseBytes-ChangeByte- DE: "buffer error"-"more < 2"-
#553695	REDUCE cov: 296 ft: 853 corp: 287/59Kb lim: 2061 exec/s: 69211 rss: 530Mb L: 1400/1524 MS: 1 CrossOver-
#558191	REDUCE cov: 296 ft: 853 corp: 287/59Kb lim: 2105 exec/s: 69773 rss: 530Mb L: 71/1524 MS: 1 EraseBytes-
#558237	REDUCE cov: 296 ft: 853 corp: 287/59Kb lim: 2105 exec/s: 69779 rss: 530Mb L: 683/1524 MS: 1 EraseBytes-
#558695	REDUCE cov: 296 ft: 853 corp: 287/59Kb lim: 2105 exec/s: 69836 rss: 530Mb L: 196/1524 MS: 3 CopyPart-ChangeBit-EraseBytes-
#558971	REDUCE cov: 296 ft: 853 corp: 287/59Kb lim: 2105 exec/s: 69871 rss: 530Mb L: 75/1524 MS: 1 EraseBytes-
#560672	REDUCE cov: 296 ft: 853 corp: 287/59Kb lim: 2116 exec/s: 70084 rss: 530Mb L: 1224/1524 MS: 1 EraseBytes-
#561739	REDUCE cov: 296 ft: 853 corp: 287/59Kb lim: 2116 exec/s: 70217 rss: 530Mb L: 15/1524 MS: 2 ShuffleBytes-EraseBytes-
#563176	REDUCE cov: 296 ft: 853 corp: 287/59Kb lim: 2127 exec/s: 70397 rss: 530Mb L: 1190/1524 MS: 2 ChangeBit-EraseBytes-
#565101	REDUCE cov: 296 ft: 853 corp: 287/59Kb lim: 2138 exec/s: 70637 rss: 530Mb L: 640/1524 MS: 5 CopyPart-PersAutoDict-InsertRepeatedBytes-ShuffleBytes-EraseBytes- DE: "\021\000"-
#566647	REDUCE cov: 296 ft: 853 corp: 287/59Kb lim: 2149 exec/s: 70830 rss: 530Mb L: 579/1524 MS: 1 EraseBytes-
#567054	REDUCE cov: 296 ft: 853 corp: 287/58Kb lim: 2149 exec/s: 70881 rss: 530Mb L: 341/1524 MS: 2 CrossOver-EraseBytes-
#568045	REDUCE cov: 296 ft: 853 corp: 287/58Kb lim: 2149 exec/s: 71005 rss: 530Mb L: 1498/1498 MS: 1 EraseBytes-
#568151	REDUCE cov: 296 ft: 853 corp: 287/58Kb lim: 2149 exec/s: 71018 rss: 530Mb L: 37/1498 MS: 1 EraseBytes-
#569613	REDUCE cov: 296 ft: 853 corp: 287/58Kb lim: 2160 exec/s: 71201 rss: 530Mb L: 24/1498 MS: 2 CopyPart-EraseBytes-
#570249	REDUCE cov: 296 ft: 853 corp: 287/58Kb lim: 2160 exec/s: 71281 rss: 530Mb L: 15/1498 MS: 1 EraseBytes-
#570736	REDUCE cov: 296 ft: 853 corp: 287/58Kb lim: 2160 exec/s: 71342 rss: 530Mb L: 93/1498 MS: 2 InsertByte-EraseBytes-
#571162	REDUCE cov: 296 ft: 853 corp: 287/58Kb lim: 2160 exec/s: 71395 rss: 530Mb L: 20/1498 MS: 1 EraseBytes-
#572368	REDUCE cov: 296 ft: 853 corp: 287/58Kb lim: 2171 exec/s: 71546 rss: 530Mb L: 21/1498 MS: 1 EraseBytes-
#573114	REDUCE cov: 296 ft: 853 corp: 287/58Kb lim: 2171 exec/s: 71639 rss: 530Mb L: 93/1498 MS: 1 EraseBytes-
#574265	REDUCE cov: 296 ft: 853 corp: 287/58Kb lim: 2182 exec/s: 71783 rss: 530Mb L: 391/1498 MS: 1 EraseBytes-
#575327	REDUCE cov: 296 ft: 853 corp: 287/58Kb lim: 2182 exec/s: 71915 rss: 530Mb L: 1042/1498 MS: 2 CrossOver-EraseBytes-
#578438	REDUCE cov: 296 ft: 853 corp: 287/58Kb lim: 2204 exec/s: 72304 rss: 530Mb L: 304/1498 MS: 1 EraseBytes-
#578814	REDUCE cov: 296 ft: 853 corp: 287/58Kb lim: 2204 exec/s: 72351 rss: 530Mb L: 30/1498 MS: 1 EraseBytes-
#580160	REDUCE cov: 296 ft: 853 corp: 287/58Kb lim: 2215 exec/s: 72520 rss: 530Mb L: 11/1498 MS: 1 EraseBytes-
#580676	REDUCE cov: 296 ft: 853 corp: 287/58Kb lim: 2215 exec/s: 72584 rss: 530Mb L: 1326/1498 MS: 1 EraseBytes-
#581822	REDUCE cov: 296 ft: 853 corp: 287/58Kb lim: 2226 exec/s: 72727 rss: 530Mb L: 19/1498 MS: 1 EraseBytes-
#583728	REDUCE cov: 296 ft: 853 corp: 287/58Kb lim: 2237 exec/s: 72966 rss: 530Mb L: 336/1498 MS: 1 EraseBytes-
#584209	REDUCE cov: 296 ft: 853 corp: 287/58Kb lim: 2237 exec/s: 73026 rss: 530Mb L: 25/1498 MS: 1 EraseBytes-
#585365	REDUCE cov: 296 ft: 853 corp: 287/58Kb lim: 2248 exec/s: 73170 rss: 530Mb L: 195/1498 MS: 1 EraseBytes-
#586180	REDUCE cov: 296 ft: 864 corp: 288/58Kb lim: 2248 exec/s: 73272 rss: 530Mb L: 159/1498 MS: 5 InsertByte-InsertRepeatedBytes-ChangeASCIIInt-CopyPart-ChangeBit-
#586932	REDUCE cov: 296 ft: 864 corp: 288/58Kb lim: 2248 exec/s: 73366 rss: 530Mb L: 18/1498 MS: 2 ShuffleBytes-EraseBytes-
#587482	REDUCE cov: 296 ft: 864 corp: 288/58Kb lim: 2248 exec/s: 73435 rss: 530Mb L: 89/1498 MS: 5 ChangeBit-ManualDict-ShuffleBytes-CMP-EraseBytes- DE: "already enough lookahead"-"\016\000\000\000"-
#587989	REDUCE cov: 296 ft: 864 corp: 288/58Kb lim: 2248 exec/s: 73498 rss: 530Mb L: 29/1498 MS: 2 ChangeBit-EraseBytes-
#588715	REDUCE cov: 296 ft: 864 corp: 288/58Kb lim: 2248 exec/s: 73589 rss: 530Mb L: 362/1498 MS: 1 EraseBytes-
#589856	REDUCE cov: 296 ft: 864 corp: 288/58Kb lim: 2259 exec/s: 73732 rss: 530Mb L: 306/1498 MS: 1 EraseBytes-
#591536	REDUCE cov: 296 ft: 864 corp: 288/58Kb lim: 2270 exec/s: 65726 rss: 530Mb L: 948/1498 MS: 5 ChangeBit-ChangeASCIIInt-CopyPart-ChangeByte-EraseBytes-
#592787	REDUCE cov: 296 ft: 864 corp: 288/58Kb lim: 2281 exec/s: 65865 rss: 530Mb L: 36/1498 MS: 1 EraseBytes-
#592833	REDUCE cov: 296 ft: 864 corp: 288/58Kb lim: 2281 exec/s: 65870 rss: 530Mb L: 1108/1498 MS: 1 EraseBytes-
#593710	REDUCE cov: 296 ft: 864 corp: 288/58Kb lim: 2281 exec/s: 65967 rss: 530Mb L: 1201/1498 MS: 2 InsertByte-EraseBytes-
#594114	REDUCE cov: 296 ft: 864 corp: 288/58Kb lim: 2281 exec/s: 66012 rss: 530Mb L: 11/1498 MS: 4 ChangeByte-ChangeBit-ManualDict-EraseBytes- DE: "allow list"-
#594255	REDUCE cov: 296 ft: 864 corp: 288/58Kb lim: 2281 exec/s: 66028 rss: 530Mb L: 924/1498 MS: 1 EraseBytes-
#594341	REDUCE cov: 296 ft: 864 corp: 288/58Kb lim: 2281 exec/s: 66037 rss: 530Mb L: 827/1498 MS: 1 EraseBytes-
#594383	REDUCE cov: 296 ft: 864 corp: 288/58Kb lim: 2281 exec/s: 66042 rss: 530Mb L: 305/1498 MS: 2 InsertByte-EraseBytes-
#595044	REDUCE cov: 296 ft: 864 corp: 288/58Kb lim: 2281 exec/s: 66116 rss: 530Mb L: 353/1498 MS: 1 EraseBytes-
#595551	REDUCE cov: 296 ft: 864 corp: 288/58Kb lim: 2281 exec/s: 66172 rss: 530Mb L: 9/1498 MS: 2 ChangeBit-EraseBytes-
#597117	NEW    cov: 296 ft: 865 corp: 289/58Kb lim: 2292 exec/s: 66346 rss: 530Mb L: 31/1498 MS: 1 CopyPart-
#597549	REDUCE cov: 296 ft: 865 corp: 289/58Kb lim: 2292 exec/s: 66394 rss: 530Mb L: 194/1498 MS: 2 ChangeByte-EraseBytes-
#598040	REDUCE cov: 296 ft: 865 corp: 289/58Kb lim: 2292 exec/s: 66448 rss: 530Mb L: 277/1498 MS: 1 EraseBytes-
#598336	REDUCE cov: 296 ft: 865 corp: 289/58Kb lim: 2292 exec/s: 66481 rss: 530Mb L: 27/1498 MS: 1 EraseBytes-
#598987	REDUCE cov: 296 ft: 865 corp: 289/58Kb lim: 2292 exec/s: 66554 rss: 530Mb L: 27/1498 MS: 1 EraseBytes-
#600378	REDUCE cov: 296 ft: 865 corp: 289/58Kb lim: 2303 exec/s: 66708 rss: 530Mb L: 233/1498 MS: 1 EraseBytes-
#602084	REDUCE cov: 296 ft: 865 corp: 289/58Kb lim: 2314 exec/s: 66898 rss: 530Mb L: 9/1498 MS: 1 EraseBytes-
#602450	REDUCE cov: 296 ft: 865 corp: 289/58Kb lim: 2314 exec/s: 66938 rss: 530Mb L: 812/1498 MS: 1 EraseBytes-
#604741	REDUCE cov: 296 ft: 865 corp: 289/58Kb lim: 2336 exec/s: 67193 rss: 530Mb L: 27/1498 MS: 1 EraseBytes-
#606132	REDUCE cov: 296 ft: 865 corp: 289/58Kb lim: 2347 exec/s: 67348 rss: 530Mb L: 13/1498 MS: 1 EraseBytes-
#607688	REDUCE cov: 296 ft: 865 corp: 289/58Kb lim: 2358 exec/s: 67520 rss: 530Mb L: 1471/1471 MS: 1 EraseBytes-
#608239	REDUCE cov: 296 ft: 865 corp: 289/58Kb lim: 2358 exec/s: 67582 rss: 530Mb L: 21/1471 MS: 1 EraseBytes-
#608405	REDUCE cov: 296 ft: 865 corp: 289/58Kb lim: 2358 exec/s: 67600 rss: 530Mb L: 152/1471 MS: 1 EraseBytes-
#609531	REDUCE cov: 296 ft: 865 corp: 289/58Kb lim: 2369 exec/s: 67725 rss: 530Mb L: 19/1471 MS: 1 EraseBytes-
#611212	REDUCE cov: 296 ft: 865 corp: 289/58Kb lim: 2380 exec/s: 67912 rss: 530Mb L: 74/1471 MS: 1 EraseBytes-
#611613	REDUCE cov: 296 ft: 865 corp: 289/58Kb lim: 2380 exec/s: 67957 rss: 530Mb L: 25/1471 MS: 1 EraseBytes-
#612850	REDUCE cov: 296 ft: 865 corp: 289/58Kb lim: 2391 exec/s: 68094 rss: 530Mb L: 7/1471 MS: 2 ChangeByte-EraseBytes-
#614562	REDUCE cov: 296 ft: 865 corp: 289/58Kb lim: 2402 exec/s: 68284 rss: 530Mb L: 17/1471 MS: 2 CrossOver-EraseBytes-
#614723	REDUCE cov: 296 ft: 865 corp: 289/58Kb lim: 2402 exec/s: 68302 rss: 530Mb L: 779/1471 MS: 1 EraseBytes-
#615894	REDUCE cov: 296 ft: 865 corp: 289/58Kb lim: 2413 exec/s: 68432 rss: 530Mb L: 261/1471 MS: 1 EraseBytes-
#617005	REDUCE cov: 296 ft: 865 corp: 289/58Kb lim: 2424 exec/s: 68556 rss: 530Mb L: 22/1471 MS: 1 EraseBytes-
#619841	REDUCE cov: 296 ft: 865 corp: 289/58Kb lim: 2446 exec/s: 68871 rss: 530Mb L: 10/1471 MS: 1 EraseBytes-
#623901	REDUCE cov: 296 ft: 865 corp: 289/58Kb lim: 2479 exec/s: 69322 rss: 530Mb L: 15/1471 MS: 5 EraseBytes-ChangeBit-ChangeByte-ChangeByte-ChangeByte-
#624169	REDUCE cov: 296 ft: 865 corp: 289/58Kb lim: 2479 exec/s: 69352 rss: 530Mb L: 484/1471 MS: 3 ShuffleBytes-ChangeBinInt-EraseBytes-
#624950	REDUCE cov: 296 ft: 865 corp: 289/58Kb lim: 2479 exec/s: 69438 rss: 530Mb L: 1169/1471 MS: 1 EraseBytes-
#625306	REDUCE cov: 296 ft: 865 corp: 289/58Kb lim: 2479 exec/s: 69478 rss: 530Mb L: 19/1471 MS: 1 EraseBytes-
#625388	REDUCE cov: 296 ft: 865 corp: 289/57Kb lim: 2479 exec/s: 69487 rss: 530Mb L: 188/1471 MS: 2 ManualDict-EraseBytes- DE: "inconsistent bit counts"-
#626294	REDUCE cov: 296 ft: 865 corp: 289/57Kb lim: 2479 exec/s: 69588 rss: 530Mb L: 142/1471 MS: 1 EraseBytes-
#626454	REDUCE cov: 296 ft: 865 corp: 289/57Kb lim: 2479 exec/s: 69606 rss: 530Mb L: 19/1471 MS: 5 CMP-ChangeBinInt-ChangeByte-ChangeBit-EraseBytes- DE: "\377\377\377\377\377\377\377\022"-
#626595	REDUCE cov: 296 ft: 865 corp: 289/57Kb lim: 2479 exec/s: 69621 rss: 530Mb L: 11/1471 MS: 1 EraseBytes-
#628397	REDUCE cov: 296 ft: 865 corp: 289/57Kb lim: 2490 exec/s: 69821 rss: 530Mb L: 1394/1471 MS: 2 ManualDict-EraseBytes- DE: "no future"-
#629119	REDUCE cov: 296 ft: 865 corp: 289/57Kb lim: 2490 exec/s: 69902 rss: 530Mb L: 76/1471 MS: 2 ChangeBinInt-EraseBytes-
#631611	REDUCE cov: 296 ft: 865 corp: 289/57Kb lim: 2512 exec/s: 70179 rss: 530Mb L: 447/1471 MS: 2 ShuffleBytes-EraseBytes-
#631957	REDUCE cov: 296 ft: 865 corp: 289/57Kb lim: 2512 exec/s: 70217 rss: 530Mb L: 15/1471 MS: 1 EraseBytes-
#633658	REDUCE cov: 296 ft: 865 corp: 289/57Kb lim: 2523 exec/s: 70406 rss: 530Mb L: 16/1471 MS: 1 EraseBytes-
#638074	REDUCE cov: 296 ft: 865 corp: 289/57Kb lim: 2556 exec/s: 70897 rss: 530Mb L: 1242/1471 MS: 1 EraseBytes-
#639525	REDUCE cov: 296 ft: 865 corp: 289/57Kb lim: 2567 exec/s: 71058 rss: 530Mb L: 15/1471 MS: 1 EraseBytes-
#640126	REDUCE cov: 296 ft: 865 corp: 289/57Kb lim: 2567 exec/s: 64012 rss: 530Mb L: 377/1471 MS: 1 EraseBytes-
#641520	REDUCE cov: 296 ft: 865 corp: 289/57Kb lim: 2578 exec/s: 64152 rss: 530Mb L: 1079/1471 MS: 4 ChangeBinInt-ShuffleBytes-ShuffleBytes-EraseBytes-
#643456	REDUCE cov: 296 ft: 865 corp: 289/57Kb lim: 2589 exec/s: 64345 rss: 530Mb L: 986/1471 MS: 1 EraseBytes-
#644587	REDUCE cov: 296 ft: 865 corp: 289/57Kb lim: 2600 exec/s: 64458 rss: 530Mb L: 264/1471 MS: 1 EraseBytes-
#645024	REDUCE cov: 296 ft: 865 corp: 289/57Kb lim: 2600 exec/s: 64502 rss: 530Mb L: 54/1471 MS: 2 PersAutoDict-EraseBytes- DE: "\377\377\377\377\377\377\377\022"-
#645860	REDUCE cov: 296 ft: 865 corp: 289/57Kb lim: 2600 exec/s: 64586 rss: 530Mb L: 47/1471 MS: 1 EraseBytes-
#646709	REDUCE cov: 296 ft: 865 corp: 289/57Kb lim: 2600 exec/s: 64670 rss: 530Mb L: 698/1471 MS: 4 InsertByte-PersAutoDict-ChangeASCIIInt-EraseBytes- DE: "(%02x %02x)"-
#651226	REDUCE cov: 296 ft: 865 corp: 289/57Kb lim: 2644 exec/s: 65122 rss: 530Mb L: 41/1471 MS: 2 EraseBytes-ChangeBinInt-
#651237	REDUCE cov: 296 ft: 865 corp: 289/57Kb lim: 2644 exec/s: 65123 rss: 530Mb L: 38/1471 MS: 1 CrossOver-
#652025	REDUCE cov: 296 ft: 865 corp: 289/57Kb lim: 2644 exec/s: 65202 rss: 530Mb L: 40/1471 MS: 3 InsertByte-CMP-EraseBytes- DE: "\001\000\000\000\000\000\000\000"-
#654471	REDUCE cov: 296 ft: 865 corp: 289/57Kb lim: 2666 exec/s: 65447 rss: 530Mb L: 657/1471 MS: 1 EraseBytes-
#656502	REDUCE cov: 296 ft: 865 corp: 289/57Kb lim: 2677 exec/s: 65650 rss: 530Mb L: 131/1471 MS: 1 EraseBytes-
#658628	REDUCE cov: 296 ft: 865 corp: 289/57Kb lim: 2688 exec/s: 65862 rss: 530Mb L: 91/1471 MS: 1 EraseBytes-
#663129	REDUCE cov: 296 ft: 866 corp: 290/58Kb lim: 2732 exec/s: 66312 rss: 530Mb L: 1297/1471 MS: 1 PersAutoDict- DE: " : "-
#664625	REDUCE cov: 296 ft: 866 corp: 290/58Kb lim: 2743 exec/s: 66462 rss: 530Mb L: 375/1471 MS: 1 EraseBytes-
#665284	REDUCE cov: 296 ft: 866 corp: 290/58Kb lim: 2743 exec/s: 66528 rss: 530Mb L: 618/1471 MS: 4 ChangeBit-ShuffleBytes-InsertByte-EraseBytes-
#665451	REDUCE cov: 296 ft: 866 corp: 290/58Kb lim: 2743 exec/s: 66545 rss: 530Mb L: 8/1471 MS: 2 ChangeBinInt-EraseBytes-
#666426	REDUCE cov: 296 ft: 866 corp: 290/58Kb lim: 2743 exec/s: 66642 rss: 530Mb L: 20/1471 MS: 5 ShuffleBytes-PersAutoDict-EraseBytes-CopyPart-ChangeBinInt- DE: "need lookahead"-
#667414	REDUCE cov: 296 ft: 866 corp: 290/58Kb lim: 2743 exec/s: 66741 rss: 530Mb L: 11/1471 MS: 3 ShuffleBytes-CopyPart-EraseBytes-
#668251	REDUCE cov: 296 ft: 866 corp: 290/58Kb lim: 2743 exec/s: 66825 rss: 530Mb L: 37/1471 MS: 2 CopyPart-EraseBytes-
#668539	REDUCE cov: 296 ft: 866 corp: 290/58Kb lim: 2743 exec/s: 66853 rss: 530Mb L: 17/1471 MS: 3 ChangeByte-InsertByte-EraseBytes-
#668801	REDUCE cov: 296 ft: 866 corp: 290/58Kb lim: 2743 exec/s: 66880 rss: 530Mb L: 1058/1471 MS: 2 ShuffleBytes-EraseBytes-
#669277	REDUCE cov: 296 ft: 866 corp: 290/58Kb lim: 2743 exec/s: 66927 rss: 530Mb L: 39/1471 MS: 1 EraseBytes-
#670338	REDUCE cov: 296 ft: 866 corp: 290/58Kb lim: 2743 exec/s: 67033 rss: 530Mb L: 27/1471 MS: 1 EraseBytes-
#670490	REDUCE cov: 296 ft: 866 corp: 290/58Kb lim: 2743 exec/s: 67049 rss: 530Mb L: 36/1471 MS: 2 ChangeBinInt-EraseBytes-
#672217	REDUCE cov: 296 ft: 866 corp: 290/58Kb lim: 2754 exec/s: 67221 rss: 530Mb L: 67/1471 MS: 2 ShuffleBytes-EraseBytes-
#672663	REDUCE cov: 296 ft: 866 corp: 290/58Kb lim: 2754 exec/s: 67266 rss: 530Mb L: 146/1471 MS: 1 EraseBytes-
#673129	REDUCE cov: 296 ft: 866 corp: 290/58Kb lim: 2754 exec/s: 67312 rss: 530Mb L: 67/1471 MS: 1 EraseBytes-
#675164	REDUCE cov: 296 ft: 866 corp: 290/58Kb lim: 2765 exec/s: 67516 rss: 530Mb L: 539/1471 MS: 5 EraseBytes-ShuffleBytes-InsertByte-ChangeByte-CopyPart-
#675305	REDUCE cov: 296 ft: 866 corp: 290/58Kb lim: 2765 exec/s: 67530 rss: 530Mb L: 10/1471 MS: 1 EraseBytes-
#675917	REDUCE cov: 296 ft: 866 corp: 290/58Kb lim: 2765 exec/s: 67591 rss: 530Mb L: 936/1471 MS: 2 ChangeBit-EraseBytes-
#676073	REDUCE cov: 296 ft: 866 corp: 290/58Kb lim: 2765 exec/s: 67607 rss: 530Mb L: 370/1471 MS: 1 EraseBytes-
#677056	REDUCE cov: 296 ft: 866 corp: 290/58Kb lim: 2765 exec/s: 67705 rss: 530Mb L: 291/1471 MS: 3 EraseBytes-CopyPart-EraseBytes-
#678612	REDUCE cov: 296 ft: 866 corp: 290/58Kb lim: 2776 exec/s: 67861 rss: 530Mb L: 1067/1471 MS: 1 EraseBytes-
#679518	REDUCE cov: 296 ft: 866 corp: 290/58Kb lim: 2776 exec/s: 67951 rss: 530Mb L: 20/1471 MS: 1 EraseBytes-
#679659	REDUCE cov: 296 ft: 866 corp: 290/58Kb lim: 2776 exec/s: 67965 rss: 530Mb L: 6/1471 MS: 1 EraseBytes-
#679725	REDUCE cov: 296 ft: 866 corp: 290/58Kb lim: 2776 exec/s: 67972 rss: 530Mb L: 24/1471 MS: 1 EraseBytes-
#679976	REDUCE cov: 296 ft: 866 corp: 290/58Kb lim: 2776 exec/s: 67997 rss: 530Mb L: 28/1471 MS: 1 EraseBytes-
#683563	REDUCE cov: 296 ft: 866 corp: 290/58Kb lim: 2809 exec/s: 68356 rss: 530Mb L: 14/1471 MS: 2 PersAutoDict-EraseBytes- DE: "allow-listed"-
#685649	REDUCE cov: 296 ft: 866 corp: 290/58Kb lim: 2820 exec/s: 68564 rss: 530Mb L: 473/1471 MS: 1 EraseBytes-
#685905	REDUCE cov: 296 ft: 866 corp: 290/58Kb lim: 2820 exec/s: 68590 rss: 530Mb L: 30/1471 MS: 1 EraseBytes-
#687798	REDUCE cov: 296 ft: 866 corp: 290/58Kb lim: 2831 exec/s: 68779 rss: 530Mb L: 22/1471 MS: 3 ChangeBit-ShuffleBytes-EraseBytes-
#688354	REDUCE cov: 296 ft: 866 corp: 290/58Kb lim: 2831 exec/s: 68835 rss: 530Mb L: 1026/1471 MS: 1 EraseBytes-
#691130	REDUCE cov: 296 ft: 866 corp: 290/58Kb lim: 2853 exec/s: 62830 rss: 530Mb L: 1390/1471 MS: 1 EraseBytes-
#691467	REDUCE cov: 296 ft: 866 corp: 290/58Kb lim: 2853 exec/s: 62860 rss: 530Mb L: 53/1471 MS: 2 InsertByte-EraseBytes-
#691809	REDUCE cov: 296 ft: 866 corp: 290/58Kb lim: 2853 exec/s: 62891 rss: 530Mb L: 45/1471 MS: 2 ManualDict-EraseBytes- DE: "+r"-
#692140	REDUCE cov: 296 ft: 866 corp: 290/58Kb lim: 2853 exec/s: 62921 rss: 530Mb L: 59/1471 MS: 1 EraseBytes-
#692331	REDUCE cov: 296 ft: 866 corp: 290/58Kb lim: 2853 exec/s: 62939 rss: 530Mb L: 26/1471 MS: 1 EraseBytes-
#695070	REDUCE cov: 296 ft: 866 corp: 290/58Kb lim: 2875 exec/s: 63188 rss: 530Mb L: 951/1471 MS: 4 ChangeByte-ChangeBit-ManualDict-EraseBytes- DE: "not enough codes"-
#695211	REDUCE cov: 296 ft: 866 corp: 290/58Kb lim: 2875 exec/s: 63201 rss: 530Mb L: 1309/1471 MS: 1 EraseBytes-
#696037	REDUCE cov: 296 ft: 866 corp: 290/58Kb lim: 2875 exec/s: 63276 rss: 530Mb L: 33/1471 MS: 1 EraseBytes-
#696338	REDUCE cov: 296 ft: 866 corp: 290/58Kb lim: 2875 exec/s: 63303 rss: 530Mb L: 1233/1471 MS: 1 EraseBytes-
#696809	REDUCE cov: 296 ft: 866 corp: 290/58Kb lim: 2875 exec/s: 63346 rss: 530Mb L: 23/1471 MS: 1 EraseBytes-
#698105	REDUCE cov: 296 ft: 866 corp: 290/58Kb lim: 2886 exec/s: 63464 rss: 530Mb L: 945/1471 MS: 1 EraseBytes-
#701386	REDUCE cov: 296 ft: 866 corp: 290/58Kb lim: 2908 exec/s: 63762 rss: 530Mb L: 64/1471 MS: 1 EraseBytes-
#702668	REDUCE cov: 296 ft: 866 corp: 290/58Kb lim: 2919 exec/s: 63878 rss: 530Mb L: 12/1471 MS: 2 ChangeByte-EraseBytes-
#703811	REDUCE cov: 296 ft: 866 corp: 290/58Kb lim: 2930 exec/s: 63982 rss: 530Mb L: 282/1471 MS: 3 ManualDict-ChangeBit-EraseBytes- DE: " : "-
#704132	REDUCE cov: 296 ft: 866 corp: 290/58Kb lim: 2930 exec/s: 64012 rss: 530Mb L: 22/1471 MS: 1 EraseBytes-
#705883	REDUCE cov: 296 ft: 866 corp: 290/58Kb lim: 2941 exec/s: 64171 rss: 530Mb L: 428/1471 MS: 1 EraseBytes-
#706194	REDUCE cov: 296 ft: 866 corp: 290/58Kb lim: 2941 exec/s: 64199 rss: 530Mb L: 351/1471 MS: 1 EraseBytes-
#709310	REDUCE cov: 296 ft: 866 corp: 290/58Kb lim: 2963 exec/s: 64482 rss: 530Mb L: 21/1471 MS: 1 EraseBytes-
#709616	REDUCE cov: 296 ft: 866 corp: 290/58Kb lim: 2963 exec/s: 64510 rss: 530Mb L: 34/1471 MS: 1 EraseBytes-
#711767	REDUCE cov: 296 ft: 866 corp: 290/58Kb lim: 2974 exec/s: 64706 rss: 530Mb L: 31/1471 MS: 1 EraseBytes-
#712733	REDUCE cov: 296 ft: 866 corp: 290/58Kb lim: 2974 exec/s: 64793 rss: 530Mb L: 1394/1471 MS: 1 EraseBytes-
#714342	REDUCE cov: 296 ft: 866 corp: 290/58Kb lim: 2985 exec/s: 64940 rss: 530Mb L: 15/1471 MS: 4 InsertByte-ShuffleBytes-InsertByte-EraseBytes-
#716895	REDUCE cov: 296 ft: 866 corp: 290/58Kb lim: 3007 exec/s: 65172 rss: 530Mb L: 20/1471 MS: 3 CopyPart-ShuffleBytes-EraseBytes-
#717696	REDUCE cov: 296 ft: 866 corp: 290/58Kb lim: 3007 exec/s: 65245 rss: 530Mb L: 13/1471 MS: 1 EraseBytes-
#719802	REDUCE cov: 296 ft: 866 corp: 290/58Kb lim: 3018 exec/s: 65436 rss: 530Mb L: 12/1471 MS: 1 EraseBytes-
#725043	REDUCE cov: 296 ft: 866 corp: 290/58Kb lim: 3062 exec/s: 65913 rss: 530Mb L: 1385/1471 MS: 1 EraseBytes-
#726519	REDUCE cov: 296 ft: 866 corp: 290/58Kb lim: 3073 exec/s: 66047 rss: 530Mb L: 1411/1471 MS: 1 EraseBytes-
#727130	REDUCE cov: 296 ft: 866 corp: 290/58Kb lim: 3073 exec/s: 66102 rss: 530Mb L: 558/1471 MS: 1 EraseBytes-
#728303	REDUCE cov: 296 ft: 866 corp: 290/58Kb lim: 3084 exec/s: 66209 rss: 530Mb L: 419/1471 MS: 3 PersAutoDict-PersAutoDict-EraseBytes- DE: "header crc mismatch"-": "-
#731765	REDUCE cov: 296 ft: 866 corp: 290/58Kb lim: 3117 exec/s: 66524 rss: 531Mb L: 51/1471 MS: 2 CMP-EraseBytes- DE: "\211\000"-
#734861	REDUCE cov: 296 ft: 866 corp: 290/58Kb lim: 3139 exec/s: 66805 rss: 531Mb L: 1191/1471 MS: 1 EraseBytes-
#735592	REDUCE cov: 296 ft: 866 corp: 290/58Kb lim: 3139 exec/s: 66872 rss: 531Mb L: 28/1471 MS: 1 EraseBytes-
#737864	REDUCE cov: 296 ft: 866 corp: 290/58Kb lim: 3161 exec/s: 67078 rss: 531Mb L: 45/1471 MS: 2 ChangeBit-EraseBytes-
#738592	REDUCE cov: 296 ft: 866 corp: 290/58Kb lim: 3161 exec/s: 67144 rss: 531Mb L: 23/1471 MS: 3 ShuffleBytes-CopyPart-EraseBytes-
#742669	REDUCE cov: 296 ft: 866 corp: 290/57Kb lim: 3194 exec/s: 61889 rss: 531Mb L: 1257/1471 MS: 2 ChangeByte-EraseBytes-
#743055	REDUCE cov: 296 ft: 866 corp: 290/57Kb lim: 3194 exec/s: 61921 rss: 531Mb L: 16/1471 MS: 1 EraseBytes-
#744023	REDUCE cov: 296 ft: 866 corp: 290/57Kb lim: 3194 exec/s: 62001 rss: 531Mb L: 17/1471 MS: 3 ChangeASCIIInt-CrossOver-EraseBytes-
#745374	REDUCE cov: 296 ft: 866 corp: 290/57Kb lim: 3205 exec/s: 62114 rss: 531Mb L: 9/1471 MS: 1 EraseBytes-
#746420	REDUCE cov: 296 ft: 866 corp: 290/57Kb lim: 3205 exec/s: 62201 rss: 531Mb L: 24/1471 MS: 1 EraseBytes-
#750071	REDUCE cov: 296 ft: 866 corp: 290/57Kb lim: 3238 exec/s: 62505 rss: 531Mb L: 37/1471 MS: 1 EraseBytes-
#751164	REDUCE cov: 296 ft: 869 corp: 291/57Kb lim: 3238 exec/s: 62597 rss: 531Mb L: 25/1471 MS: 3 InsertByte-ChangeByte-PersAutoDict- DE: "longest match"-
#752121	REDUCE cov: 296 ft: 869 corp: 291/57Kb lim: 3238 exec/s: 62676 rss: 531Mb L: 13/1471 MS: 2 ChangeBinInt-EraseBytes-
#756928	REDUCE cov: 296 ft: 869 corp: 291/57Kb lim: 3282 exec/s: 63077 rss: 531Mb L: 41/1471 MS: 2 ChangeBit-EraseBytes-
#757969	REDUCE cov: 296 ft: 869 corp: 291/57Kb lim: 3282 exec/s: 63164 rss: 531Mb L: 22/1471 MS: 1 EraseBytes-
#759195	REDUCE cov: 296 ft: 869 corp: 291/57Kb lim: 3293 exec/s: 63266 rss: 531Mb L: 16/1471 MS: 1 EraseBytes-
#760198	REDUCE cov: 296 ft: 869 corp: 291/57Kb lim: 3293 exec/s: 63349 rss: 531Mb L: 370/1471 MS: 3 ChangeBit-PersAutoDict-EraseBytes- DE: "\377\377\377\375"-
#761755	REDUCE cov: 296 ft: 869 corp: 291/57Kb lim: 3304 exec/s: 63479 rss: 531Mb L: 8/1471 MS: 2 CopyPart-EraseBytes-
#763111	REDUCE cov: 296 ft: 869 corp: 291/57Kb lim: 3315 exec/s: 63592 rss: 531Mb L: 8/1471 MS: 1 EraseBytes-
#764337	REDUCE cov: 296 ft: 869 corp: 291/57Kb lim: 3326 exec/s: 63694 rss: 531Mb L: 191/1471 MS: 1 EraseBytes-
#768883	REDUCE cov: 296 ft: 869 corp: 291/57Kb lim: 3370 exec/s: 64073 rss: 531Mb L: 14/1471 MS: 1 EraseBytes-
#769644	REDUCE cov: 296 ft: 869 corp: 291/57Kb lim: 3370 exec/s: 64137 rss: 531Mb L: 6/1471 MS: 1 EraseBytes-
#769860	REDUCE cov: 296 ft: 869 corp: 291/57Kb lim: 3370 exec/s: 64155 rss: 531Mb L: 5/1471 MS: 1 EraseBytes-
#772176	REDUCE cov: 296 ft: 869 corp: 291/57Kb lim: 3392 exec/s: 64348 rss: 531Mb L: 11/1471 MS: 1 EraseBytes-
#775753	REDUCE cov: 296 ft: 869 corp: 291/57Kb lim: 3425 exec/s: 64646 rss: 531Mb L: 178/1471 MS: 2 EraseBytes-ChangeBit-
#776844	REDUCE cov: 296 ft: 869 corp: 291/57Kb lim: 3425 exec/s: 64737 rss: 531Mb L: 1144/1471 MS: 1 EraseBytes-
#777015	REDUCE cov: 296 ft: 869 corp: 291/57Kb lim: 3425 exec/s: 64751 rss: 531Mb L: 14/1471 MS: 1 EraseBytes-
#781686	REDUCE cov: 296 ft: 869 corp: 291/57Kb lim: 3469 exec/s: 65140 rss: 531Mb L: 262/1471 MS: 1 EraseBytes-
#782477	REDUCE cov: 296 ft: 869 corp: 291/57Kb lim: 3469 exec/s: 65206 rss: 531Mb L: 13/1471 MS: 1 EraseBytes-
#782995	REDUCE cov: 296 ft: 869 corp: 291/57Kb lim: 3469 exec/s: 65249 rss: 531Mb L: 129/1471 MS: 3 ShuffleBytes-EraseBytes-ChangeByte-
#783005	REDUCE cov: 296 ft: 869 corp: 291/57Kb lim: 3469 exec/s: 65250 rss: 531Mb L: 71/1471 MS: 5 CrossOver-EraseBytes-CopyPart-ChangeASCIIInt-ChangeByte-
#783151	REDUCE cov: 296 ft: 869 corp: 291/57Kb lim: 3469 exec/s: 65262 rss: 531Mb L: 65/1471 MS: 1 EraseBytes-
#786579	REDUCE cov: 296 ft: 869 corp: 291/57Kb lim: 3502 exec/s: 65548 rss: 531Mb L: 268/1471 MS: 3 ShuffleBytes-ChangeBit-EraseBytes-
#786816	REDUCE cov: 296 ft: 869 corp: 291/57Kb lim: 3502 exec/s: 65568 rss: 531Mb L: 67/1471 MS: 2 CopyPart-EraseBytes-
#789917	REDUCE cov: 296 ft: 869 corp: 291/57Kb lim: 3524 exec/s: 65826 rss: 531Mb L: 87/1471 MS: 1 EraseBytes-
#790263	REDUCE cov: 296 ft: 869 corp: 291/57Kb lim: 3524 exec/s: 65855 rss: 531Mb L: 21/1471 MS: 1 EraseBytes-
#794411	REDUCE cov: 296 ft: 870 corp: 292/57Kb lim: 3557 exec/s: 61108 rss: 531Mb L: 100/1471 MS: 3 EraseBytes-InsertByte-InsertRepeatedBytes-
#794792	REDUCE cov: 296 ft: 870 corp: 292/57Kb lim: 3557 exec/s: 61137 rss: 531Mb L: 36/1471 MS: 1 EraseBytes-
#795714	REDUCE cov: 296 ft: 870 corp: 292/57Kb lim: 3557 exec/s: 61208 rss: 531Mb L: 6/1471 MS: 2 ChangeBinInt-EraseBytes-
#799540	REDUCE cov: 296 ft: 870 corp: 292/57Kb lim: 3590 exec/s: 61503 rss: 531Mb L: 187/1471 MS: 1 EraseBytes-
#802011	REDUCE cov: 296 ft: 870 corp: 292/57Kb lim: 3612 exec/s: 61693 rss: 531Mb L: 72/1471 MS: 1 EraseBytes-
#803353	REDUCE cov: 296 ft: 870 corp: 292/57Kb lim: 3623 exec/s: 61796 rss: 531Mb L: 1375/1471 MS: 2 ChangeByte-EraseBytes-
#803514	REDUCE cov: 296 ft: 870 corp: 292/57Kb lim: 3623 exec/s: 61808 rss: 531Mb L: 15/1471 MS: 1 EraseBytes-
#803715	REDUCE cov: 296 ft: 870 corp: 292/57Kb lim: 3623 exec/s: 61824 rss: 531Mb L: 287/1471 MS: 1 EraseBytes-
#803781	REDUCE cov: 296 ft: 870 corp: 292/57Kb lim: 3623 exec/s: 61829 rss: 531Mb L: 66/1471 MS: 1 EraseBytes-
#805332	REDUCE cov: 296 ft: 870 corp: 292/57Kb lim: 3634 exec/s: 61948 rss: 531Mb L: 1357/1471 MS: 1 EraseBytes-
#811233	REDUCE cov: 296 ft: 870 corp: 292/57Kb lim: 3689 exec/s: 62402 rss: 531Mb L: 19/1471 MS: 1 EraseBytes-
#812574	REDUCE cov: 296 ft: 870 corp: 292/57Kb lim: 3700 exec/s: 62505 rss: 531Mb L: 26/1471 MS: 1 EraseBytes-
#813845	REDUCE cov: 296 ft: 870 corp: 292/57Kb lim: 3711 exec/s: 62603 rss: 531Mb L: 256/1471 MS: 1 EraseBytes-
#817918	REDUCE cov: 296 ft: 870 corp: 292/57Kb lim: 3744 exec/s: 62916 rss: 531Mb L: 1357/1471 MS: 3 ChangeBinInt-ShuffleBytes-EraseBytes-
#818129	REDUCE cov: 296 ft: 870 corp: 292/57Kb lim: 3744 exec/s: 62933 rss: 531Mb L: 14/1471 MS: 1 EraseBytes-
#819405	REDUCE cov: 296 ft: 870 corp: 292/57Kb lim: 3755 exec/s: 63031 rss: 531Mb L: 49/1471 MS: 1 EraseBytes-
#819846	REDUCE cov: 296 ft: 870 corp: 292/57Kb lim: 3755 exec/s: 63065 rss: 531Mb L: 225/1471 MS: 1 EraseBytes-
#820805	REDUCE cov: 296 ft: 871 corp: 293/57Kb lim: 3755 exec/s: 63138 rss: 531Mb L: 62/1471 MS: 4 CMP-ChangeByte-EraseBytes-ManualDict- DE: "\221\370\000\000\000\000\000\000"-"too many codes"-
#823391	REDUCE cov: 296 ft: 871 corp: 293/57Kb lim: 3777 exec/s: 63337 rss: 531Mb L: 51/1471 MS: 1 EraseBytes-
#828387	REDUCE cov: 296 ft: 871 corp: 293/57Kb lim: 3821 exec/s: 63722 rss: 531Mb L: 35/1471 MS: 1 EraseBytes-
#829173	REDUCE cov: 296 ft: 871 corp: 293/57Kb lim: 3821 exec/s: 63782 rss: 531Mb L: 1374/1471 MS: 1 EraseBytes-
#831075	REDUCE cov: 296 ft: 871 corp: 293/57Kb lim: 3832 exec/s: 63928 rss: 531Mb L: 214/1471 MS: 2 InsertByte-EraseBytes-
#832957	REDUCE cov: 296 ft: 877 corp: 294/57Kb lim: 3843 exec/s: 64073 rss: 531Mb L: 106/1471 MS: 2 CMP-InsertByte- DE: "\001\000\000\000\000\000\000\027"-
#834809	REDUCE cov: 296 ft: 877 corp: 294/57Kb lim: 3854 exec/s: 64216 rss: 531Mb L: 21/1471 MS: 2 CrossOver-EraseBytes-
#836470	REDUCE cov: 296 ft: 877 corp: 294/57Kb lim: 3865 exec/s: 64343 rss: 531Mb L: 10/1471 MS: 1 EraseBytes-
#839003	REDUCE cov: 296 ft: 877 corp: 294/57Kb lim: 3887 exec/s: 64538 rss: 531Mb L: 168/1471 MS: 3 CrossOver-ChangeBit-EraseBytes-
#841380	REDUCE cov: 296 ft: 877 corp: 294/57Kb lim: 3909 exec/s: 64721 rss: 531Mb L: 95/1471 MS: 2 ChangeBit-EraseBytes-
#841662	REDUCE cov: 296 ft: 877 corp: 294/57Kb lim: 3909 exec/s: 64743 rss: 531Mb L: 25/1471 MS: 2 ChangeBit-EraseBytes-
#842148	REDUCE cov: 296 ft: 877 corp: 294/57Kb lim: 3909 exec/s: 64780 rss: 531Mb L: 123/1471 MS: 1 EraseBytes-
#845219	REDUCE cov: 296 ft: 877 corp: 294/57Kb lim: 3931 exec/s: 65016 rss: 531Mb L: 33/1471 MS: 1 EraseBytes-
#845801	REDUCE cov: 296 ft: 877 corp: 294/57Kb lim: 3931 exec/s: 65061 rss: 531Mb L: 43/1471 MS: 2 EraseBytes-ChangeBit-
#847973	REDUCE cov: 296 ft: 877 corp: 294/57Kb lim: 3942 exec/s: 60569 rss: 531Mb L: 8/1471 MS: 2 ChangeBinInt-EraseBytes-
#848305	REDUCE cov: 296 ft: 877 corp: 294/57Kb lim: 3942 exec/s: 60593 rss: 531Mb L: 12/1471 MS: 2 ChangeByte-EraseBytes-
#849526	REDUCE cov: 296 ft: 877 corp: 294/57Kb lim: 3953 exec/s: 60680 rss: 531Mb L: 326/1471 MS: 1 EraseBytes-
#854727	REDUCE cov: 296 ft: 877 corp: 294/57Kb lim: 3997 exec/s: 61051 rss: 531Mb L: 1210/1471 MS: 1 EraseBytes-
#855903	REDUCE cov: 296 ft: 877 corp: 294/57Kb lim: 4008 exec/s: 61135 rss: 531Mb L: 10/1471 MS: 1 EraseBytes-
#856651	REDUCE cov: 296 ft: 879 corp: 295/57Kb lim: 4008 exec/s: 61189 rss: 531Mb L: 105/1471 MS: 3 ChangeByte-ChangeBit-ChangeByte-
#857748	REDUCE cov: 296 ft: 879 corp: 295/57Kb lim: 4008 exec/s: 61267 rss: 531Mb L: 18/1471 MS: 2 CMP-EraseBytes- DE: "\377\377"-
#859897	REDUCE cov: 296 ft: 880 corp: 296/58Kb lim: 4019 exec/s: 61421 rss: 531Mb L: 1036/1471 MS: 4 ShuffleBytes-CopyPart-ShuffleBytes-CopyPart-
#861521	REDUCE cov: 296 ft: 880 corp: 296/58Kb lim: 4030 exec/s: 61537 rss: 531Mb L: 14/1471 MS: 4 ShuffleBytes-ChangeBinInt-EraseBytes-CopyPart-
#864157	REDUCE cov: 296 ft: 880 corp: 296/58Kb lim: 4052 exec/s: 61725 rss: 531Mb L: 104/1471 MS: 1 EraseBytes-
#865928	REDUCE cov: 296 ft: 880 corp: 296/58Kb lim: 4063 exec/s: 61852 rss: 531Mb L: 31/1471 MS: 1 EraseBytes-
#866049	REDUCE cov: 296 ft: 880 corp: 296/58Kb lim: 4063 exec/s: 61860 rss: 531Mb L: 44/1471 MS: 1 EraseBytes-
#866230	REDUCE cov: 296 ft: 880 corp: 296/58Kb lim: 4063 exec/s: 61873 rss: 531Mb L: 1457/1471 MS: 1 EraseBytes-
#868650	REDUCE cov: 296 ft: 880 corp: 296/58Kb lim: 4085 exec/s: 62046 rss: 531Mb L: 751/1471 MS: 5 CopyPart-ShuffleBytes-InsertByte-EraseBytes-EraseBytes-
#870683	REDUCE cov: 296 ft: 880 corp: 296/58Kb lim: 4096 exec/s: 62191 rss: 531Mb L: 721/1471 MS: 3 ChangeBinInt-ChangeBit-EraseBytes-
#871298	REDUCE cov: 296 ft: 880 corp: 296/58Kb lim: 4096 exec/s: 62235 rss: 531Mb L: 35/1471 MS: 5 CrossOver-PersAutoDict-CopyPart-ChangeBinInt-EraseBytes- DE: "scan[2]?"-
#872371	REDUCE cov: 296 ft: 880 corp: 296/58Kb lim: 4096 exec/s: 62312 rss: 531Mb L: 1353/1471 MS: 3 EraseBytes-ChangeBinInt-ChangeBinInt-
#872801	REDUCE cov: 296 ft: 881 corp: 297/58Kb lim: 4096 exec/s: 62342 rss: 531Mb L: 50/1471 MS: 5 ShuffleBytes-ChangeBinInt-ChangeByte-ChangeByte-InsertByte-
#874317	REDUCE cov: 296 ft: 881 corp: 297/58Kb lim: 4096 exec/s: 62451 rss: 531Mb L: 1405/1471 MS: 1 EraseBytes-
#876053	REDUCE cov: 296 ft: 881 corp: 297/58Kb lim: 4096 exec/s: 62575 rss: 531Mb L: 185/1471 MS: 1 EraseBytes-
#877244	REDUCE cov: 296 ft: 881 corp: 297/58Kb lim: 4096 exec/s: 62660 rss: 531Mb L: 47/1471 MS: 1 EraseBytes-
#878865	REDUCE cov: 296 ft: 881 corp: 297/58Kb lim: 4096 exec/s: 62776 rss: 531Mb L: 33/1471 MS: 1 EraseBytes-
#884016	REDUCE cov: 296 ft: 881 corp: 297/58Kb lim: 4096 exec/s: 63144 rss: 531Mb L: 18/1471 MS: 1 EraseBytes-
#884457	NEW    cov: 296 ft: 885 corp: 298/58Kb lim: 4096 exec/s: 63175 rss: 531Mb L: 58/1471 MS: 1 CopyPart-
#884698	REDUCE cov: 296 ft: 885 corp: 298/58Kb lim: 4096 exec/s: 63192 rss: 531Mb L: 715/1471 MS: 1 EraseBytes-
#885369	NEW    cov: 296 ft: 886 corp: 299/58Kb lim: 4096 exec/s: 63240 rss: 531Mb L: 60/1471 MS: 1 ManualDict- DE: ", "-
#890110	REDUCE cov: 296 ft: 886 corp: 299/58Kb lim: 4096 exec/s: 63579 rss: 531Mb L: 59/1471 MS: 1 EraseBytes-
#891336	REDUCE cov: 296 ft: 886 corp: 299/58Kb lim: 4096 exec/s: 63666 rss: 531Mb L: 19/1471 MS: 1 EraseBytes-
#893047	REDUCE cov: 296 ft: 886 corp: 299/58Kb lim: 4096 exec/s: 63789 rss: 531Mb L: 144/1471 MS: 1 EraseBytes-
#894903	REDUCE cov: 296 ft: 886 corp: 299/58Kb lim: 4096 exec/s: 63921 rss: 531Mb L: 9/1471 MS: 1 EraseBytes-
#895840	REDUCE cov: 296 ft: 886 corp: 299/58Kb lim: 4096 exec/s: 63988 rss: 531Mb L: 304/1471 MS: 2 InsertByte-EraseBytes-
#896164	REDUCE cov: 296 ft: 886 corp: 299/58Kb lim: 4096 exec/s: 64011 rss: 531Mb L: 12/1471 MS: 4 CMP-CopyPart-ShuffleBytes-EraseBytes- DE: "r\000\000\000"-
#899625	REDUCE cov: 296 ft: 886 corp: 299/58Kb lim: 4096 exec/s: 64258 rss: 531Mb L: 262/1471 MS: 1 EraseBytes-
#900926	REDUCE cov: 296 ft: 886 corp: 299/58Kb lim: 4096 exec/s: 64351 rss: 531Mb L: 53/1471 MS: 1 EraseBytes-
#901264	REDUCE cov: 296 ft: 886 corp: 299/58Kb lim: 4096 exec/s: 64376 rss: 531Mb L: 863/1471 MS: 3 ShuffleBytes-ChangeByte-EraseBytes-
#901535	REDUCE cov: 296 ft: 886 corp: 299/58Kb lim: 4096 exec/s: 60102 rss: 531Mb L: 51/1471 MS: 1 EraseBytes-
#903991	REDUCE cov: 296 ft: 886 corp: 299/58Kb lim: 4096 exec/s: 60266 rss: 531Mb L: 15/1471 MS: 1 EraseBytes-
#912312	REDUCE cov: 296 ft: 886 corp: 299/58Kb lim: 4096 exec/s: 60820 rss: 531Mb L: 27/1471 MS: 1 EraseBytes-
#918289	REDUCE cov: 296 ft: 886 corp: 299/58Kb lim: 4096 exec/s: 61219 rss: 531Mb L: 86/1471 MS: 2 ChangeBinInt-EraseBytes-
#919432	REDUCE cov: 296 ft: 891 corp: 300/58Kb lim: 4096 exec/s: 61295 rss: 531Mb L: 109/1471 MS: 3 ChangeByte-PersAutoDict-CrossOver- DE: "need lookahead"-
#922038	REDUCE cov: 296 ft: 891 corp: 300/58Kb lim: 4096 exec/s: 61469 rss: 531Mb L: 78/1471 MS: 1 EraseBytes-
#929229	REDUCE cov: 297 ft: 893 corp: 301/58Kb lim: 4096 exec/s: 61948 rss: 531Mb L: 78/1471 MS: 1 ChangeBinInt-
#929515	NEW    cov: 297 ft: 896 corp: 302/58Kb lim: 4096 exec/s: 61967 rss: 531Mb L: 63/1471 MS: 1 EraseBytes-
#933016	REDUCE cov: 297 ft: 896 corp: 302/58Kb lim: 4096 exec/s: 62201 rss: 531Mb L: 16/1471 MS: 1 EraseBytes-
#934832	REDUCE cov: 297 ft: 896 corp: 302/58Kb lim: 4096 exec/s: 62322 rss: 531Mb L: 69/1471 MS: 1 EraseBytes-
#935174	REDUCE cov: 297 ft: 896 corp: 302/58Kb lim: 4096 exec/s: 62344 rss: 531Mb L: 17/1471 MS: 2 PersAutoDict-EraseBytes- DE: " l %2d v %4x "-
#935860	NEW    cov: 298 ft: 897 corp: 303/58Kb lim: 4096 exec/s: 62390 rss: 531Mb L: 89/1471 MS: 1 CopyPart-
#935878	NEW    cov: 298 ft: 898 corp: 304/58Kb lim: 4096 exec/s: 62391 rss: 531Mb L: 176/1471 MS: 3 ShuffleBytes-ShuffleBytes-CopyPart-
#936284	NEW    cov: 298 ft: 899 corp: 305/59Kb lim: 4096 exec/s: 62418 rss: 531Mb L: 176/1471 MS: 1 ChangeBinInt-
#936530	NEW    cov: 298 ft: 900 corp: 306/59Kb lim: 4096 exec/s: 62435 rss: 531Mb L: 78/1471 MS: 1 ChangeBinInt-
#936561	NEW    cov: 298 ft: 910 corp: 307/59Kb lim: 4096 exec/s: 62437 rss: 531Mb L: 176/1471 MS: 1 ChangeByte-
#936633	NEW    cov: 298 ft: 911 corp: 308/59Kb lim: 4096 exec/s: 62442 rss: 531Mb L: 109/1471 MS: 2 CopyPart-CrossOver-
#936924	REDUCE cov: 298 ft: 911 corp: 308/59Kb lim: 4096 exec/s: 62461 rss: 531Mb L: 59/1471 MS: 1 EraseBytes-
#937120	REDUCE cov: 298 ft: 911 corp: 308/59Kb lim: 4096 exec/s: 62474 rss: 531Mb L: 155/1471 MS: 1 EraseBytes-
#937253	REDUCE cov: 298 ft: 911 corp: 308/59Kb lim: 4096 exec/s: 62483 rss: 531Mb L: 162/1471 MS: 3 CrossOver-CMP-EraseBytes- DE: "@?\000\000"-
#937311	NEW    cov: 299 ft: 912 corp: 309/59Kb lim: 4096 exec/s: 62487 rss: 531Mb L: 78/1471 MS: 3 ChangeBit-ChangeBinInt-ShuffleBytes-
#937643	REDUCE cov: 299 ft: 913 corp: 310/59Kb lim: 4096 exec/s: 62509 rss: 531Mb L: 155/1471 MS: 2 ChangeByte-CrossOver-
#937744	REDUCE cov: 299 ft: 913 corp: 310/59Kb lim: 4096 exec/s: 62516 rss: 531Mb L: 341/1471 MS: 1 EraseBytes-
#937991	REDUCE cov: 299 ft: 913 corp: 310/59Kb lim: 4096 exec/s: 62532 rss: 531Mb L: 26/1471 MS: 2 InsertByte-EraseBytes-
#938442	REDUCE cov: 299 ft: 914 corp: 311/59Kb lim: 4096 exec/s: 62562 rss: 531Mb L: 155/1471 MS: 1 ManualDict- DE: "need dictionary"-
#938709	REDUCE cov: 299 ft: 914 corp: 311/59Kb lim: 4096 exec/s: 62580 rss: 531Mb L: 168/1471 MS: 2 ChangeByte-EraseBytes-
#939296	REDUCE cov: 299 ft: 914 corp: 311/59Kb lim: 4096 exec/s: 62619 rss: 531Mb L: 150/1471 MS: 2 ChangeBinInt-EraseBytes-
#939327	REDUCE cov: 299 ft: 914 corp: 311/59Kb lim: 4096 exec/s: 62621 rss: 531Mb L: 130/1471 MS: 1 EraseBytes-
#939578	REDUCE cov: 299 ft: 914 corp: 311/59Kb lim: 4096 exec/s: 62638 rss: 531Mb L: 45/1471 MS: 1 EraseBytes-
#939614	REDUCE cov: 299 ft: 915 corp: 312/59Kb lim: 4096 exec/s: 62640 rss: 531Mb L: 130/1471 MS: 1 CopyPart-
#940138	REDUCE cov: 299 ft: 915 corp: 312/59Kb lim: 4096 exec/s: 62675 rss: 531Mb L: 86/1471 MS: 4 InsertByte-ShuffleBytes-PersAutoDict-EraseBytes- DE: "   {"-
#940369	NEW    cov: 300 ft: 918 corp: 313/59Kb lim: 4096 exec/s: 62691 rss: 531Mb L: 141/1471 MS: 1 InsertRepeatedBytes-
#940370	REDUCE cov: 300 ft: 918 corp: 313/59Kb lim: 4096 exec/s: 62691 rss: 531Mb L: 71/1471 MS: 1 EraseBytes-
#940401	NEW    cov: 300 ft: 919 corp: 314/60Kb lim: 4096 exec/s: 62693 rss: 531Mb L: 146/1471 MS: 1 CrossOver-
#940778	NEW    cov: 301 ft: 920 corp: 315/60Kb lim: 4096 exec/s: 62718 rss: 531Mb L: 174/1471 MS: 2 CopyPart-ChangeBinInt-
#940845	REDUCE cov: 301 ft: 920 corp: 315/60Kb lim: 4096 exec/s: 62723 rss: 531Mb L: 144/1471 MS: 2 PersAutoDict-EraseBytes- DE: "incompatible version"-
#941371	NEW    cov: 301 ft: 921 corp: 316/60Kb lim: 4096 exec/s: 62758 rss: 531Mb L: 256/1471 MS: 1 InsertRepeatedBytes-
#941382	REDUCE cov: 301 ft: 921 corp: 316/60Kb lim: 4096 exec/s: 62758 rss: 531Mb L: 160/1471 MS: 1 EraseBytes-
#941848	REDUCE cov: 301 ft: 921 corp: 316/60Kb lim: 4096 exec/s: 62789 rss: 531Mb L: 1205/1471 MS: 1 EraseBytes-
#942637	REDUCE cov: 301 ft: 921 corp: 316/60Kb lim: 4096 exec/s: 62842 rss: 531Mb L: 137/1471 MS: 4 CMP-ChangeByte-ChangeByte-EraseBytes- DE: "\000\032"-
#943006	REDUCE cov: 301 ft: 921 corp: 316/60Kb lim: 4096 exec/s: 62867 rss: 531Mb L: 255/1471 MS: 4 CrossOver-ChangeBinInt-InsertByte-EraseBytes-
#943028	REDUCE cov: 301 ft: 921 corp: 316/60Kb lim: 4096 exec/s: 62868 rss: 531Mb L: 108/1471 MS: 2 ChangeBit-EraseBytes-
#943947	REDUCE cov: 301 ft: 921 corp: 316/60Kb lim: 4096 exec/s: 62929 rss: 531Mb L: 159/1471 MS: 4 ManualDict-PersAutoDict-InsertByte-EraseBytes- DE: " l %2d v %4x "-"\377\377\377\375"-
#946528	REDUCE cov: 301 ft: 921 corp: 316/60Kb lim: 4096 exec/s: 63101 rss: 531Mb L: 85/1471 MS: 1 EraseBytes-
#946925	REDUCE cov: 301 ft: 921 corp: 316/60Kb lim: 4096 exec/s: 63128 rss: 531Mb L: 17/1471 MS: 2 PersAutoDict-EraseBytes- DE: "\000\000"-
#946941	REDUCE cov: 301 ft: 921 corp: 316/60Kb lim: 4096 exec/s: 63129 rss: 531Mb L: 12/1471 MS: 1 EraseBytes-
#948407	REDUCE cov: 301 ft: 921 corp: 316/60Kb lim: 4096 exec/s: 63227 rss: 531Mb L: 52/1471 MS: 1 EraseBytes-
#949433	REDUCE cov: 301 ft: 921 corp: 316/60Kb lim: 4096 exec/s: 63295 rss: 531Mb L: 145/1471 MS: 1 EraseBytes-
#949760	REDUCE cov: 301 ft: 921 corp: 316/60Kb lim: 4096 exec/s: 63317 rss: 531Mb L: 285/1471 MS: 2 CMP-EraseBytes- DE: ".\000\000\000\000\000\000\000"-
#949861	REDUCE cov: 301 ft: 921 corp: 316/60Kb lim: 4096 exec/s: 63324 rss: 531Mb L: 244/1471 MS: 1 EraseBytes-
#950598	REDUCE cov: 301 ft: 921 corp: 316/60Kb lim: 4096 exec/s: 63373 rss: 531Mb L: 121/1471 MS: 2 InsertRepeatedBytes-EraseBytes-
#950975	REDUCE cov: 301 ft: 921 corp: 316/60Kb lim: 4096 exec/s: 63398 rss: 531Mb L: 25/1471 MS: 2 ChangeBinInt-EraseBytes-
#951876	REDUCE cov: 301 ft: 921 corp: 316/60Kb lim: 4096 exec/s: 63458 rss: 531Mb L: 250/1471 MS: 1 EraseBytes-
#952593	REDUCE cov: 301 ft: 921 corp: 316/60Kb lim: 4096 exec/s: 63506 rss: 531Mb L: 104/1471 MS: 2 ChangeByte-EraseBytes-
#952970	REDUCE cov: 301 ft: 921 corp: 316/60Kb lim: 4096 exec/s: 63531 rss: 531Mb L: 73/1471 MS: 2 EraseBytes-CrossOver-
#953546	REDUCE cov: 301 ft: 921 corp: 316/60Kb lim: 4096 exec/s: 63569 rss: 531Mb L: 79/1471 MS: 1 EraseBytes-
#955522	REDUCE cov: 301 ft: 921 corp: 316/60Kb lim: 4096 exec/s: 63701 rss: 531Mb L: 164/1471 MS: 1 EraseBytes-
#955995	REDUCE cov: 301 ft: 921 corp: 316/60Kb lim: 4096 exec/s: 63733 rss: 531Mb L: 37/1471 MS: 3 ManualDict-ShuffleBytes-EraseBytes- DE: "unexpected end of file"-
#958052	REDUCE cov: 301 ft: 921 corp: 316/60Kb lim: 4096 exec/s: 63870 rss: 531Mb L: 95/1471 MS: 2 ChangeByte-EraseBytes-
#958651	REDUCE cov: 301 ft: 921 corp: 316/60Kb lim: 4096 exec/s: 63910 rss: 531Mb L: 103/1471 MS: 4 ShuffleBytes-PersAutoDict-PersAutoDict-EraseBytes- DE: "\001\010"-"\377\377"-
#960206	REDUCE cov: 301 ft: 921 corp: 316/60Kb lim: 4096 exec/s: 64013 rss: 531Mb L: 135/1471 MS: 5 InsertRepeatedBytes-EraseBytes-CopyPart-InsertByte-CrossOver-
#961167	REDUCE cov: 301 ft: 921 corp: 316/59Kb lim: 4096 exec/s: 64077 rss: 531Mb L: 78/1471 MS: 1 EraseBytes-
#962728	REDUCE cov: 301 ft: 921 corp: 316/59Kb lim: 4096 exec/s: 60170 rss: 531Mb L: 61/1471 MS: 1 EraseBytes-
#966385	REDUCE cov: 301 ft: 925 corp: 317/60Kb lim: 4096 exec/s: 60399 rss: 531Mb L: 71/1471 MS: 2 CMP-ChangeBinInt- DE: "\001\000\000\000\000\000\000\000"-
#966881	REDUCE cov: 301 ft: 925 corp: 317/60Kb lim: 4096 exec/s: 60430 rss: 531Mb L: 86/1471 MS: 1 EraseBytes-
#967323	REDUCE cov: 301 ft: 925 corp: 317/60Kb lim: 4096 exec/s: 60457 rss: 531Mb L: 15/1471 MS: 2 EraseBytes-ChangeByte-
#968729	REDUCE cov: 301 ft: 925 corp: 317/60Kb lim: 4096 exec/s: 60545 rss: 531Mb L: 131/1471 MS: 1 EraseBytes-
#968755	NEW    cov: 301 ft: 929 corp: 318/60Kb lim: 4096 exec/s: 60547 rss: 531Mb L: 281/1471 MS: 1 InsertRepeatedBytes-
#969677	REDUCE cov: 301 ft: 929 corp: 318/60Kb lim: 4096 exec/s: 60604 rss: 531Mb L: 119/1471 MS: 2 PersAutoDict-EraseBytes- DE: "allow list"-
#971023	REDUCE cov: 301 ft: 929 corp: 318/60Kb lim: 4096 exec/s: 60688 rss: 531Mb L: 23/1471 MS: 1 EraseBytes-
#971634	REDUCE cov: 301 ft: 929 corp: 318/60Kb lim: 4096 exec/s: 60727 rss: 531Mb L: 147/1471 MS: 1 EraseBytes-
#973101	REDUCE cov: 301 ft: 929 corp: 318/60Kb lim: 4096 exec/s: 60818 rss: 531Mb L: 173/1471 MS: 2 ChangeByte-EraseBytes-
#974202	REDUCE cov: 301 ft: 929 corp: 318/60Kb lim: 4096 exec/s: 60887 rss: 531Mb L: 90/1471 MS: 1 EraseBytes-
#974758	REDUCE cov: 301 ft: 929 corp: 318/60Kb lim: 4096 exec/s: 60922 rss: 531Mb L: 36/1471 MS: 1 EraseBytes-
#975604	REDUCE cov: 301 ft: 929 corp: 318/60Kb lim: 4096 exec/s: 60975 rss: 531Mb L: 14/1471 MS: 1 EraseBytes-
#977541	REDUCE cov: 301 ft: 929 corp: 318/60Kb lim: 4096 exec/s: 61096 rss: 531Mb L: 88/1471 MS: 2 EraseBytes-ChangeBinInt-
#979872	REDUCE cov: 301 ft: 929 corp: 318/60Kb lim: 4096 exec/s: 61242 rss: 531Mb L: 98/1471 MS: 1 EraseBytes-
#980218	REDUCE cov: 301 ft: 929 corp: 318/60Kb lim: 4096 exec/s: 61263 rss: 531Mb L: 17/1471 MS: 1 EraseBytes-
#983449	REDUCE cov: 301 ft: 929 corp: 318/60Kb lim: 4096 exec/s: 61465 rss: 531Mb L: 136/1471 MS: 1 EraseBytes-
#984050	REDUCE cov: 301 ft: 929 corp: 318/60Kb lim: 4096 exec/s: 61503 rss: 531Mb L: 678/1471 MS: 1 EraseBytes-
#986186	REDUCE cov: 301 ft: 929 corp: 318/60Kb lim: 4096 exec/s: 61636 rss: 531Mb L: 88/1471 MS: 1 EraseBytes-
#986324	REDUCE cov: 301 ft: 929 corp: 318/60Kb lim: 4096 exec/s: 61645 rss: 531Mb L: 86/1471 MS: 3 InsertByte-ChangeByte-EraseBytes-
#992320	REDUCE cov: 301 ft: 929 corp: 318/60Kb lim: 4096 exec/s: 62020 rss: 531Mb L: 81/1471 MS: 1 EraseBytes-
#993082	REDUCE cov: 301 ft: 929 corp: 318/60Kb lim: 4096 exec/s: 62067 rss: 531Mb L: 78/1471 MS: 2 EraseBytes-ChangeBinInt-
#993544	REDUCE cov: 301 ft: 929 corp: 318/60Kb lim: 4096 exec/s: 62096 rss: 531Mb L: 11/1471 MS: 2 CopyPart-EraseBytes-
#996372	REDUCE cov: 301 ft: 929 corp: 318/60Kb lim: 4096 exec/s: 62273 rss: 531Mb L: 126/1471 MS: 3 InsertByte-CMP-EraseBytes- DE: "\000\000\000\000\000\000\000:"-
#1000039	REDUCE cov: 301 ft: 929 corp: 318/60Kb lim: 4096 exec/s: 62502 rss: 531Mb L: 30/1471 MS: 2 ChangeByte-EraseBytes-
#1001405	REDUCE cov: 301 ft: 929 corp: 318/60Kb lim: 4096 exec/s: 62587 rss: 531Mb L: 109/1471 MS: 1 EraseBytes-
#1001741	REDUCE cov: 301 ft: 929 corp: 318/60Kb lim: 4096 exec/s: 62608 rss: 531Mb L: 24/1471 MS: 1 EraseBytes-
#1001963	REDUCE cov: 301 ft: 929 corp: 318/59Kb lim: 4096 exec/s: 62622 rss: 531Mb L: 118/1471 MS: 2 InsertByte-EraseBytes-
#1002849	REDUCE cov: 301 ft: 929 corp: 318/59Kb lim: 4096 exec/s: 62678 rss: 531Mb L: 11/1471 MS: 1 EraseBytes-
#1008049	REDUCE cov: 301 ft: 929 corp: 318/59Kb lim: 4096 exec/s: 63003 rss: 531Mb L: 603/1471 MS: 5 ChangeASCIIInt-ChangeBinInt-EraseBytes-ChangeBit-PersAutoDict- DE: "gray-listed"-
#1008846	REDUCE cov: 301 ft: 929 corp: 318/59Kb lim: 4096 exec/s: 63052 rss: 531Mb L: 60/1471 MS: 2 ChangeBinInt-EraseBytes-
#1009247	REDUCE cov: 301 ft: 929 corp: 318/59Kb lim: 4096 exec/s: 63077 rss: 531Mb L: 43/1471 MS: 1 EraseBytes-
#1009828	REDUCE cov: 301 ft: 929 corp: 318/59Kb lim: 4096 exec/s: 63114 rss: 531Mb L: 85/1471 MS: 1 EraseBytes-
#1010834	REDUCE cov: 301 ft: 929 corp: 318/59Kb lim: 4096 exec/s: 63177 rss: 531Mb L: 26/1471 MS: 1 EraseBytes-
#1014834	REDUCE cov: 301 ft: 929 corp: 318/59Kb lim: 4096 exec/s: 63427 rss: 531Mb L: 81/1471 MS: 5 CMP-InsertByte-ChangeBit-InsertRepeatedBytes-EraseBytes- DE: "\377\377\377\377\377\377\377\016"-
#1016315	REDUCE cov: 301 ft: 929 corp: 318/59Kb lim: 4096 exec/s: 63519 rss: 531Mb L: 78/1471 MS: 1 EraseBytes-
#1016801	REDUCE cov: 301 ft: 930 corp: 319/59Kb lim: 4096 exec/s: 63550 rss: 531Mb L: 81/1471 MS: 1 ChangeBinInt-
#1017557	REDUCE cov: 301 ft: 930 corp: 319/59Kb lim: 4096 exec/s: 63597 rss: 531Mb L: 73/1471 MS: 1 EraseBytes-
#1017574	REDUCE cov: 301 ft: 930 corp: 319/59Kb lim: 4096 exec/s: 63598 rss: 531Mb L: 115/1471 MS: 2 ShuffleBytes-EraseBytes-
#1019705	REDUCE cov: 301 ft: 930 corp: 319/59Kb lim: 4096 exec/s: 63731 rss: 531Mb L: 69/1471 MS: 1 EraseBytes-
#1020271	REDUCE cov: 301 ft: 930 corp: 319/59Kb lim: 4096 exec/s: 63766 rss: 531Mb L: 50/1471 MS: 1 EraseBytes-
#1022337	REDUCE cov: 301 ft: 930 corp: 319/59Kb lim: 4096 exec/s: 63896 rss: 531Mb L: 114/1471 MS: 1 EraseBytes-
#1023418	REDUCE cov: 301 ft: 930 corp: 319/59Kb lim: 4096 exec/s: 63963 rss: 531Mb L: 1080/1471 MS: 1 EraseBytes-
#1024119	REDUCE cov: 301 ft: 930 corp: 319/59Kb lim: 4096 exec/s: 64007 rss: 531Mb L: 64/1471 MS: 1 EraseBytes-
#1024689	REDUCE cov: 301 ft: 930 corp: 319/59Kb lim: 4096 exec/s: 64043 rss: 531Mb L: 40/1471 MS: 5 ChangeByte-ShuffleBytes-ShuffleBytes-PersAutoDict-EraseBytes- DE: " : "-
#1024896	REDUCE cov: 301 ft: 930 corp: 319/59Kb lim: 4096 exec/s: 64056 rss: 531Mb L: 105/1471 MS: 2 ChangeByte-EraseBytes-
#1026517	REDUCE cov: 301 ft: 930 corp: 319/59Kb lim: 4096 exec/s: 64157 rss: 531Mb L: 161/1471 MS: 1 EraseBytes-
#1026898	REDUCE cov: 301 ft: 930 corp: 319/59Kb lim: 4096 exec/s: 64181 rss: 531Mb L: 77/1471 MS: 1 EraseBytes-
#1028104	REDUCE cov: 301 ft: 930 corp: 319/59Kb lim: 4096 exec/s: 64256 rss: 531Mb L: 78/1471 MS: 1 EraseBytes-
#1029561	REDUCE cov: 301 ft: 930 corp: 319/59Kb lim: 4096 exec/s: 64347 rss: 531Mb L: 106/1471 MS: 2 ChangeBit-EraseBytes-
#1029617	REDUCE cov: 301 ft: 930 corp: 319/59Kb lim: 4096 exec/s: 64351 rss: 531Mb L: 67/1471 MS: 1 EraseBytes-
#1030968	REDUCE cov: 301 ft: 930 corp: 319/59Kb lim: 4096 exec/s: 64435 rss: 531Mb L: 15/1471 MS: 1 EraseBytes-
#1031459	REDUCE cov: 301 ft: 930 corp: 319/59Kb lim: 4096 exec/s: 64466 rss: 531Mb L: 18/1471 MS: 1 EraseBytes-
#1032210	REDUCE cov: 301 ft: 930 corp: 319/59Kb lim: 4096 exec/s: 64513 rss: 531Mb L: 67/1471 MS: 1 EraseBytes-
#1033383	REDUCE cov: 301 ft: 930 corp: 319/59Kb lim: 4096 exec/s: 64586 rss: 531Mb L: 36/1471 MS: 3 EraseBytes-PersAutoDict-ChangeBit- DE: "\016\000\000\000"-
#1033469	REDUCE cov: 301 ft: 930 corp: 319/59Kb lim: 4096 exec/s: 64591 rss: 531Mb L: 121/1471 MS: 1 EraseBytes-
#1033911	REDUCE cov: 301 ft: 930 corp: 319/59Kb lim: 4096 exec/s: 64619 rss: 531Mb L: 16/1471 MS: 2 ChangeASCIIInt-EraseBytes-
#1034182	REDUCE cov: 301 ft: 930 corp: 319/59Kb lim: 4096 exec/s: 64636 rss: 531Mb L: 1402/1471 MS: 1 EraseBytes-
#1036333	REDUCE cov: 301 ft: 930 corp: 319/59Kb lim: 4096 exec/s: 64770 rss: 531Mb L: 52/1471 MS: 1 EraseBytes-
#1038321	REDUCE cov: 301 ft: 930 corp: 319/59Kb lim: 4096 exec/s: 61077 rss: 531Mb L: 59/1471 MS: 3 ChangeBit-CrossOver-EraseBytes-
#1041612	REDUCE cov: 301 ft: 930 corp: 319/59Kb lim: 4096 exec/s: 61271 rss: 531Mb L: 256/1471 MS: 1 EraseBytes-
#1043068	REDUCE cov: 301 ft: 930 corp: 319/59Kb lim: 4096 exec/s: 61356 rss: 531Mb L: 14/1471 MS: 1 EraseBytes-
#1043214	REDUCE cov: 301 ft: 930 corp: 319/59Kb lim: 4096 exec/s: 61365 rss: 531Mb L: 16/1471 MS: 1 EraseBytes-
#1043870	REDUCE cov: 301 ft: 930 corp: 319/59Kb lim: 4096 exec/s: 61404 rss: 531Mb L: 127/1471 MS: 1 EraseBytes-
#1047896	REDUCE cov: 301 ft: 930 corp: 319/59Kb lim: 4096 exec/s: 61640 rss: 531Mb L: 94/1471 MS: 1 EraseBytes-
#1048576	pulse  cov: 301 ft: 930 corp: 319/59Kb lim: 4096 exec/s: 61680 rss: 531Mb
#1049009	REDUCE cov: 301 ft: 930 corp: 319/59Kb lim: 4096 exec/s: 61706 rss: 531Mb L: 113/1471 MS: 3 ChangeASCIIInt-CMP-EraseBytes- DE: "\377\377\377\377\377\377\377="-
#1053691	REDUCE cov: 301 ft: 930 corp: 319/59Kb lim: 4096 exec/s: 61981 rss: 531Mb L: 27/1471 MS: 2 EraseBytes-ShuffleBytes-
#1055242	REDUCE cov: 301 ft: 930 corp: 319/59Kb lim: 4096 exec/s: 62073 rss: 531Mb L: 240/1471 MS: 1 EraseBytes-
#1056898	REDUCE cov: 301 ft: 930 corp: 319/59Kb lim: 4096 exec/s: 62170 rss: 531Mb L: 70/1471 MS: 1 EraseBytes-
#1059455	REDUCE cov: 301 ft: 930 corp: 319/59Kb lim: 4096 exec/s: 62320 rss: 531Mb L: 47/1471 MS: 2 ChangeByte-EraseBytes-
#1059936	REDUCE cov: 301 ft: 930 corp: 319/59Kb lim: 4096 exec/s: 62349 rss: 531Mb L: 102/1471 MS: 1 EraseBytes-
#1064329	REDUCE cov: 301 ft: 930 corp: 319/59Kb lim: 4096 exec/s: 62607 rss: 531Mb L: 291/1471 MS: 3 InsertByte-EraseBytes-InsertRepeatedBytes-
#1066765	REDUCE cov: 301 ft: 930 corp: 319/59Kb lim: 4096 exec/s: 62750 rss: 531Mb L: 22/1471 MS: 1 EraseBytes-
#1071691	REDUCE cov: 301 ft: 930 corp: 319/59Kb lim: 4096 exec/s: 63040 rss: 531Mb L: 60/1471 MS: 1 EraseBytes-
#1072334	REDUCE cov: 301 ft: 930 corp: 319/59Kb lim: 4096 exec/s: 63078 rss: 531Mb L: 1056/1471 MS: 3 ManualDict-ShuffleBytes-EraseBytes- DE: "not enough room for search"-
#1072657	REDUCE cov: 301 ft: 931 corp: 320/59Kb lim: 4096 exec/s: 63097 rss: 531Mb L: 67/1471 MS: 3 ShuffleBytes-PersAutoDict-ChangeBit- DE: ", "-
#1072878	REDUCE cov: 301 ft: 931 corp: 320/59Kb lim: 4096 exec/s: 63110 rss: 531Mb L: 104/1471 MS: 1 EraseBytes-
#1077210	REDUCE cov: 301 ft: 931 corp: 320/59Kb lim: 4096 exec/s: 63365 rss: 531Mb L: 76/1471 MS: 2 ChangeBit-EraseBytes-
#1077516	REDUCE cov: 301 ft: 931 corp: 320/59Kb lim: 4096 exec/s: 63383 rss: 531Mb L: 75/1471 MS: 1 EraseBytes-
#1080597	REDUCE cov: 301 ft: 931 corp: 320/59Kb lim: 4096 exec/s: 63564 rss: 531Mb L: 48/1471 MS: 1 EraseBytes-
#1081268	REDUCE cov: 301 ft: 939 corp: 321/59Kb lim: 4096 exec/s: 63604 rss: 531Mb L: 112/1471 MS: 1 CopyPart-
#1082365	REDUCE cov: 301 ft: 939 corp: 321/59Kb lim: 4096 exec/s: 63668 rss: 531Mb L: 103/1471 MS: 2 InsertByte-EraseBytes-
#1083598	REDUCE cov: 301 ft: 939 corp: 321/59Kb lim: 4096 exec/s: 63741 rss: 531Mb L: 53/1471 MS: 3 ChangeBinInt-EraseBytes-InsertByte-
#1088760	REDUCE cov: 301 ft: 939 corp: 321/59Kb lim: 4096 exec/s: 64044 rss: 531Mb L: 133/1471 MS: 2 EraseBytes-PersAutoDict- DE: ".\000\000\000\000\000\000\000"-
#1091341	REDUCE cov: 301 ft: 939 corp: 321/59Kb lim: 4096 exec/s: 64196 rss: 531Mb L: 10/1471 MS: 1 EraseBytes-
#1092403	REDUCE cov: 301 ft: 939 corp: 321/59Kb lim: 4096 exec/s: 64259 rss: 531Mb L: 130/1471 MS: 2 InsertByte-EraseBytes-
#1094649	REDUCE cov: 301 ft: 939 corp: 321/59Kb lim: 4096 exec/s: 64391 rss: 531Mb L: 75/1471 MS: 1 EraseBytes-
#1095970	REDUCE cov: 301 ft: 939 corp: 321/59Kb lim: 4096 exec/s: 64468 rss: 531Mb L: 26/1471 MS: 1 EraseBytes-
#1100706	REDUCE cov: 301 ft: 939 corp: 321/59Kb lim: 4096 exec/s: 64747 rss: 531Mb L: 66/1471 MS: 1 EraseBytes-
#1102329	REDUCE cov: 301 ft: 939 corp: 321/59Kb lim: 4096 exec/s: 64842 rss: 531Mb L: 24/1471 MS: 3 ShuffleBytes-ChangeBinInt-EraseBytes-
#1102575	REDUCE cov: 301 ft: 939 corp: 321/59Kb lim: 4096 exec/s: 64857 rss: 531Mb L: 43/1471 MS: 1 EraseBytes-
#1106836	REDUCE cov: 301 ft: 946 corp: 322/59Kb lim: 4096 exec/s: 65108 rss: 531Mb L: 112/1471 MS: 1 CopyPart-
#1109082	REDUCE cov: 301 ft: 946 corp: 322/59Kb lim: 4096 exec/s: 65240 rss: 531Mb L: 1321/1471 MS: 1 EraseBytes-
#1112857	REDUCE cov: 301 ft: 946 corp: 322/59Kb lim: 4096 exec/s: 65462 rss: 531Mb L: 145/1471 MS: 5 ChangeByte-CopyPart-ChangeBinInt-InsertByte-EraseBytes-
#1113036	NEW    cov: 301 ft: 951 corp: 323/60Kb lim: 4096 exec/s: 65472 rss: 531Mb L: 290/1471 MS: 4 PersAutoDict-InsertRepeatedBytes-ChangeBinInt-CrossOver- DE: "no future"-
#1113372	REDUCE cov: 301 ft: 951 corp: 323/60Kb lim: 4096 exec/s: 65492 rss: 531Mb L: 267/1471 MS: 1 EraseBytes-
#1114313	REDUCE cov: 301 ft: 951 corp: 323/60Kb lim: 4096 exec/s: 65547 rss: 531Mb L: 8/1471 MS: 1 EraseBytes-
#1114808	REDUCE cov: 301 ft: 951 corp: 323/60Kb lim: 4096 exec/s: 65576 rss: 531Mb L: 223/1471 MS: 5 ChangeByte-ManualDict-ChangeByte-InsertRepeatedBytes-EraseBytes- DE: "   {"-
#1114864	REDUCE cov: 301 ft: 951 corp: 323/60Kb lim: 4096 exec/s: 65580 rss: 531Mb L: 95/1471 MS: 1 EraseBytes-
#1116720	REDUCE cov: 301 ft: 951 corp: 323/60Kb lim: 4096 exec/s: 65689 rss: 531Mb L: 170/1471 MS: 1 EraseBytes-
#1116909	REDUCE cov: 301 ft: 951 corp: 323/60Kb lim: 4096 exec/s: 65700 rss: 531Mb L: 144/1471 MS: 4 InsertRepeatedBytes-CrossOver-CMP-EraseBytes- DE: "\001\000\000\000\000\000\0054"-
#1117470	REDUCE cov: 301 ft: 951 corp: 323/60Kb lim: 4096 exec/s: 62081 rss: 531Mb L: 11/1471 MS: 1 EraseBytes-
#1117498	NEW    cov: 301 ft: 953 corp: 324/60Kb lim: 4096 exec/s: 62083 rss: 531Mb L: 234/1471 MS: 3 PersAutoDict-CrossOver-CopyPart- DE: "'Deflate' Compressed Data Format Specification"-
#1118179	REDUCE cov: 301 ft: 953 corp: 324/60Kb lim: 4096 exec/s: 62121 rss: 531Mb L: 1212/1471 MS: 1 EraseBytes-
#1118300	REDUCE cov: 301 ft: 953 corp: 324/60Kb lim: 4096 exec/s: 62127 rss: 531Mb L: 230/1471 MS: 1 EraseBytes-
#1119061	REDUCE cov: 301 ft: 953 corp: 324/60Kb lim: 4096 exec/s: 62170 rss: 531Mb L: 49/1471 MS: 1 EraseBytes-
#1119297	REDUCE cov: 301 ft: 953 corp: 324/60Kb lim: 4096 exec/s: 62183 rss: 531Mb L: 168/1471 MS: 1 EraseBytes-
#1120128	REDUCE cov: 301 ft: 953 corp: 324/60Kb lim: 4096 exec/s: 62229 rss: 531Mb L: 123/1471 MS: 1 EraseBytes-
#1120982	REDUCE cov: 302 ft: 954 corp: 325/60Kb lim: 4096 exec/s: 62276 rss: 531Mb L: 68/1471 MS: 4 InsertByte-EraseBytes-CopyPart-ChangeByte-
#1124779	REDUCE cov: 302 ft: 954 corp: 325/60Kb lim: 4096 exec/s: 62487 rss: 531Mb L: 98/1471 MS: 2 ChangeBinInt-EraseBytes-
#1125150	REDUCE cov: 302 ft: 954 corp: 325/60Kb lim: 4096 exec/s: 62508 rss: 531Mb L: 110/1471 MS: 1 EraseBytes-
#1126066	REDUCE cov: 302 ft: 954 corp: 325/60Kb lim: 4096 exec/s: 62559 rss: 531Mb L: 66/1471 MS: 1 EraseBytes-
#1126387	REDUCE cov: 302 ft: 954 corp: 325/60Kb lim: 4096 exec/s: 62577 rss: 531Mb L: 93/1471 MS: 1 EraseBytes-
#1127730	REDUCE cov: 302 ft: 954 corp: 325/60Kb lim: 4096 exec/s: 62651 rss: 531Mb L: 90/1471 MS: 3 ShuffleBytes-ChangeByte-EraseBytes-
#1128326	REDUCE cov: 302 ft: 954 corp: 325/60Kb lim: 4096 exec/s: 62684 rss: 531Mb L: 109/1471 MS: 1 EraseBytes-
#1128664	REDUCE cov: 302 ft: 954 corp: 325/60Kb lim: 4096 exec/s: 62703 rss: 531Mb L: 51/1471 MS: 3 InsertByte-ManualDict-EraseBytes- DE: " : (n % 3 == 2 ? "-
#1128928	REDUCE cov: 303 ft: 956 corp: 326/61Kb lim: 4096 exec/s: 62718 rss: 531Mb L: 948/1471 MS: 4 CopyPart-ShuffleBytes-ChangeBit-CrossOver-
#1129449	REDUCE cov: 303 ft: 956 corp: 326/60Kb lim: 4096 exec/s: 62747 rss: 531Mb L: 728/1471 MS: 1 EraseBytes-
#1131048	REDUCE cov: 303 ft: 956 corp: 326/60Kb lim: 4096 exec/s: 62836 rss: 531Mb L: 436/1471 MS: 4 ShuffleBytes-ChangeBit-ChangeByte-EraseBytes-
#1131651	REDUCE cov: 303 ft: 956 corp: 326/60Kb lim: 4096 exec/s: 62869 rss: 531Mb L: 432/1471 MS: 3 InsertRepeatedBytes-ChangeBinInt-EraseBytes-
#1132372	REDUCE cov: 303 ft: 959 corp: 327/60Kb lim: 4096 exec/s: 62909 rss: 531Mb L: 380/1471 MS: 1 EraseBytes-
#1136135	NEW    cov: 303 ft: 962 corp: 328/61Kb lim: 4096 exec/s: 63118 rss: 531Mb L: 476/1471 MS: 3 ChangeBit-ChangeByte-InsertRepeatedBytes-
#1136961	REDUCE cov: 303 ft: 962 corp: 328/61Kb lim: 4096 exec/s: 63164 rss: 531Mb L: 77/1471 MS: 1 EraseBytes-
#1137234	REDUCE cov: 303 ft: 964 corp: 329/62Kb lim: 4096 exec/s: 63179 rss: 531Mb L: 1384/1471 MS: 3 EraseBytes-ChangeByte-CopyPart-
#1138036	NEW    cov: 303 ft: 969 corp: 330/64Kb lim: 4096 exec/s: 63224 rss: 531Mb L: 1897/1897 MS: 2 ChangeBinInt-CopyPart-
#1139563	REDUCE cov: 303 ft: 969 corp: 330/64Kb lim: 4096 exec/s: 63309 rss: 531Mb L: 1670/1670 MS: 2 ChangeBit-EraseBytes-
#1140459	REDUCE cov: 303 ft: 969 corp: 330/64Kb lim: 4096 exec/s: 63358 rss: 531Mb L: 26/1670 MS: 1 EraseBytes-
#1142332	REDUCE cov: 303 ft: 969 corp: 330/63Kb lim: 4096 exec/s: 63462 rss: 531Mb L: 1315/1471 MS: 3 ShuffleBytes-CopyPart-EraseBytes-
#1142473	REDUCE cov: 303 ft: 969 corp: 330/63Kb lim: 4096 exec/s: 63470 rss: 531Mb L: 1364/1471 MS: 1 EraseBytes-
#1142735	REDUCE cov: 303 ft: 969 corp: 330/63Kb lim: 4096 exec/s: 63485 rss: 531Mb L: 318/1471 MS: 2 ShuffleBytes-EraseBytes-
#1143601	REDUCE cov: 303 ft: 969 corp: 330/63Kb lim: 4096 exec/s: 63533 rss: 531Mb L: 1393/1471 MS: 1 CrossOver-
#1147453	REDUCE cov: 303 ft: 971 corp: 331/64Kb lim: 4096 exec/s: 63747 rss: 531Mb L: 465/1471 MS: 2 InsertRepeatedBytes-CopyPart-
#1147629	NEW    cov: 303 ft: 972 corp: 332/66Kb lim: 4096 exec/s: 63757 rss: 531Mb L: 1821/1821 MS: 1 CrossOver-
#1149425	REDUCE cov: 303 ft: 972 corp: 332/66Kb lim: 4096 exec/s: 63856 rss: 531Mb L: 370/1821 MS: 1 EraseBytes-
#1150662	REDUCE cov: 303 ft: 972 corp: 332/66Kb lim: 4096 exec/s: 63925 rss: 531Mb L: 1349/1821 MS: 2 ManualDict-EraseBytes- DE: "unknown header flags set"-
#1152369	REDUCE cov: 303 ft: 973 corp: 333/66Kb lim: 4096 exec/s: 64020 rss: 531Mb L: 294/1821 MS: 2 ChangeBinInt-CopyPart-
#1153605	REDUCE cov: 303 ft: 973 corp: 333/66Kb lim: 4096 exec/s: 64089 rss: 531Mb L: 73/1821 MS: 1 EraseBytes-
#1154066	REDUCE cov: 303 ft: 973 corp: 333/66Kb lim: 4096 exec/s: 64114 rss: 531Mb L: 17/1821 MS: 1 EraseBytes-
#1155048	REDUCE cov: 303 ft: 973 corp: 333/66Kb lim: 4096 exec/s: 64169 rss: 531Mb L: 422/1821 MS: 2 InsertByte-EraseBytes-
#1156399	REDUCE cov: 303 ft: 973 corp: 333/66Kb lim: 4096 exec/s: 64244 rss: 531Mb L: 41/1821 MS: 1 EraseBytes-
#1156907	REDUCE cov: 303 ft: 973 corp: 333/66Kb lim: 4096 exec/s: 64272 rss: 531Mb L: 392/1821 MS: 3 PersAutoDict-ChangeBit-EraseBytes- DE: "not enough room for search"-
#1159724	REDUCE cov: 303 ft: 973 corp: 333/66Kb lim: 4096 exec/s: 64429 rss: 531Mb L: 355/1821 MS: 2 ShuffleBytes-EraseBytes-
#1159997	REDUCE cov: 303 ft: 973 corp: 333/66Kb lim: 4096 exec/s: 64444 rss: 531Mb L: 208/1821 MS: 3 ChangeBit-ChangeBit-EraseBytes-
#1161094	REDUCE cov: 303 ft: 973 corp: 333/66Kb lim: 4096 exec/s: 64505 rss: 531Mb L: 38/1821 MS: 2 PersAutoDict-EraseBytes- DE: "\360\377\000\000\000\000\000\000"-
#1162380	REDUCE cov: 303 ft: 973 corp: 333/65Kb lim: 4096 exec/s: 64576 rss: 531Mb L: 1637/1637 MS: 1 EraseBytes-
#1162948	REDUCE cov: 303 ft: 976 corp: 334/66Kb lim: 4096 exec/s: 64608 rss: 531Mb L: 696/1637 MS: 3 ChangeBit-PersAutoDict-CopyPart- DE: ": "-
#1165112	REDUCE cov: 303 ft: 976 corp: 334/66Kb lim: 4096 exec/s: 64728 rss: 531Mb L: 401/1637 MS: 4 ChangeBinInt-ChangeByte-InsertByte-EraseBytes-
#1166289	REDUCE cov: 303 ft: 976 corp: 334/66Kb lim: 4096 exec/s: 64793 rss: 531Mb L: 20/1637 MS: 2 ShuffleBytes-EraseBytes-
#1167180	REDUCE cov: 303 ft: 976 corp: 334/66Kb lim: 4096 exec/s: 64843 rss: 531Mb L: 1241/1637 MS: 1 EraseBytes-
#1170211	REDUCE cov: 303 ft: 976 corp: 334/66Kb lim: 4096 exec/s: 65011 rss: 531Mb L: 259/1637 MS: 1 EraseBytes-
#1170547	REDUCE cov: 303 ft: 976 corp: 334/66Kb lim: 4096 exec/s: 65030 rss: 531Mb L: 31/1637 MS: 1 EraseBytes-
#1172133	REDUCE cov: 303 ft: 976 corp: 334/66Kb lim: 4096 exec/s: 65118 rss: 531Mb L: 25/1637 MS: 1 EraseBytes-
#1173394	REDUCE cov: 303 ft: 976 corp: 334/66Kb lim: 4096 exec/s: 65188 rss: 531Mb L: 236/1637 MS: 1 EraseBytes-
#1174651	REDUCE cov: 303 ft: 976 corp: 334/66Kb lim: 4096 exec/s: 65258 rss: 531Mb L: 1201/1637 MS: 2 PersAutoDict-EraseBytes- DE: "\000\000"-
#1174992	REDUCE cov: 303 ft: 976 corp: 334/66Kb lim: 4096 exec/s: 65277 rss: 531Mb L: 14/1637 MS: 1 EraseBytes-
#1175089	REDUCE cov: 303 ft: 976 corp: 334/66Kb lim: 4096 exec/s: 65282 rss: 531Mb L: 1184/1637 MS: 2 ManualDict-EraseBytes- DE: "invalid distance too far back"-
#1180817	REDUCE cov: 303 ft: 976 corp: 334/66Kb lim: 4096 exec/s: 65600 rss: 531Mb L: 148/1637 MS: 3 CMP-ChangeByte-EraseBytes- DE: "e\000\000\000\000\000\000\000"-
#1182355	REDUCE cov: 303 ft: 976 corp: 334/66Kb lim: 4096 exec/s: 65686 rss: 531Mb L: 368/1637 MS: 3 ManualDict-ShuffleBytes-EraseBytes- DE: ", or "-
#1183327	REDUCE cov: 303 ft: 976 corp: 334/66Kb lim: 4096 exec/s: 65740 rss: 531Mb L: 99/1637 MS: 2 InsertByte-EraseBytes-
#1183389	REDUCE cov: 303 ft: 976 corp: 334/66Kb lim: 4096 exec/s: 65743 rss: 531Mb L: 997/1637 MS: 2 ShuffleBytes-EraseBytes-
#1184572	REDUCE cov: 303 ft: 976 corp: 334/66Kb lim: 4096 exec/s: 65809 rss: 531Mb L: 189/1637 MS: 3 ChangeBit-EraseBytes-ManualDict- DE: "header crc mismatch"-
#1186918	REDUCE cov: 303 ft: 976 corp: 334/66Kb lim: 4096 exec/s: 65939 rss: 531Mb L: 64/1637 MS: 1 EraseBytes-
#1191484	REDUCE cov: 303 ft: 976 corp: 334/66Kb lim: 4096 exec/s: 62709 rss: 531Mb L: 316/1637 MS: 1 EraseBytes-
#1193270	REDUCE cov: 303 ft: 976 corp: 334/66Kb lim: 4096 exec/s: 62803 rss: 531Mb L: 188/1637 MS: 1 EraseBytes-
#1193516	REDUCE cov: 303 ft: 976 corp: 334/66Kb lim: 4096 exec/s: 62816 rss: 531Mb L: 13/1637 MS: 1 EraseBytes-
#1194638	REDUCE cov: 303 ft: 976 corp: 334/66Kb lim: 4096 exec/s: 62875 rss: 531Mb L: 52/1637 MS: 2 ChangeByte-EraseBytes-
#1202184	REDUCE cov: 303 ft: 976 corp: 334/66Kb lim: 4096 exec/s: 63272 rss: 531Mb L: 243/1637 MS: 1 EraseBytes-
#1204840	REDUCE cov: 303 ft: 976 corp: 334/66Kb lim: 4096 exec/s: 63412 rss: 531Mb L: 13/1637 MS: 1 EraseBytes-
#1205511	REDUCE cov: 303 ft: 976 corp: 334/66Kb lim: 4096 exec/s: 63447 rss: 531Mb L: 103/1637 MS: 1 EraseBytes-
#1206897	REDUCE cov: 303 ft: 976 corp: 334/66Kb lim: 4096 exec/s: 63520 rss: 531Mb L: 17/1637 MS: 1 EraseBytes-
#1207388	REDUCE cov: 303 ft: 976 corp: 334/65Kb lim: 4096 exec/s: 63546 rss: 531Mb L: 929/1637 MS: 1 EraseBytes-
#1208399	REDUCE cov: 303 ft: 976 corp: 334/65Kb lim: 4096 exec/s: 63599 rss: 531Mb L: 1291/1637 MS: 1 EraseBytes-
#1209950	REDUCE cov: 303 ft: 976 corp: 334/65Kb lim: 4096 exec/s: 63681 rss: 531Mb L: 35/1637 MS: 1 EraseBytes-
#1211110	REDUCE cov: 303 ft: 976 corp: 334/65Kb lim: 4096 exec/s: 63742 rss: 531Mb L: 309/1637 MS: 5 CopyPart-ChangeBinInt-ShuffleBytes-InsertRepeatedBytes-EraseBytes-
#1211986	REDUCE cov: 303 ft: 976 corp: 334/65Kb lim: 4096 exec/s: 63788 rss: 531Mb L: 36/1637 MS: 1 EraseBytes-
#1215961	REDUCE cov: 303 ft: 976 corp: 334/65Kb lim: 4096 exec/s: 63997 rss: 531Mb L: 18/1637 MS: 5 ShuffleBytes-ShuffleBytes-CrossOver-ChangeBit-EraseBytes-
#1217424	REDUCE cov: 303 ft: 976 corp: 334/65Kb lim: 4096 exec/s: 64074 rss: 531Mb L: 1327/1637 MS: 3 ChangeBinInt-ChangeBit-EraseBytes-
#1217843	REDUCE cov: 303 ft: 976 corp: 334/65Kb lim: 4096 exec/s: 64097 rss: 531Mb L: 998/1637 MS: 4 ShuffleBytes-CrossOver-ChangeBit-EraseBytes-
#1217999	REDUCE cov: 303 ft: 976 corp: 334/65Kb lim: 4096 exec/s: 64105 rss: 531Mb L: 683/1637 MS: 1 EraseBytes-
#1218095	REDUCE cov: 303 ft: 976 corp: 334/65Kb lim: 4096 exec/s: 64110 rss: 531Mb L: 37/1637 MS: 1 EraseBytes-
#1218169	REDUCE cov: 303 ft: 981 corp: 335/67Kb lim: 4096 exec/s: 64114 rss: 531Mb L: 1616/1637 MS: 4 CopyPart-ManualDict-ManualDict-CopyPart- DE: "pendingBuf overflow"-"Can't open trees.h"-
#1218415	REDUCE cov: 303 ft: 981 corp: 335/67Kb lim: 4096 exec/s: 64127 rss: 531Mb L: 37/1637 MS: 1 EraseBytes-
#1218576	REDUCE cov: 303 ft: 981 corp: 335/67Kb lim: 4096 exec/s: 64135 rss: 531Mb L: 834/1637 MS: 1 EraseBytes-
#1219707	REDUCE cov: 303 ft: 981 corp: 335/67Kb lim: 4096 exec/s: 64195 rss: 531Mb L: 1607/1637 MS: 1 EraseBytes-
#1220059	REDUCE cov: 303 ft: 981 corp: 335/67Kb lim: 4096 exec/s: 64213 rss: 531Mb L: 666/1637 MS: 2 ManualDict-EraseBytes- DE: "       It is part of the implementation of this library and is"-
#1220279	REDUCE cov: 303 ft: 983 corp: 336/68Kb lim: 4096 exec/s: 64225 rss: 531Mb L: 1670/1670 MS: 5 ChangeBit-ManualDict-PersAutoDict-ChangeBit-ChangeByte- DE: "    /* WARNING: this file should *not* be used by applications."-"invalid distance too far back"-
#1223830	REDUCE cov: 303 ft: 983 corp: 336/68Kb lim: 4096 exec/s: 64412 rss: 531Mb L: 920/1670 MS: 1 EraseBytes-
#1224136	REDUCE cov: 303 ft: 983 corp: 336/68Kb lim: 4096 exec/s: 64428 rss: 531Mb L: 35/1670 MS: 1 EraseBytes-
#1229247	REDUCE cov: 303 ft: 983 corp: 336/68Kb lim: 4096 exec/s: 64697 rss: 531Mb L: 472/1670 MS: 1 EraseBytes-
#1230449	REDUCE cov: 303 ft: 983 corp: 336/68Kb lim: 4096 exec/s: 64760 rss: 531Mb L: 117/1670 MS: 2 ShuffleBytes-EraseBytes-
#1231982	REDUCE cov: 303 ft: 983 corp: 336/68Kb lim: 4096 exec/s: 64841 rss: 531Mb L: 1631/1637 MS: 3 ManualDict-CrossOver-EraseBytes- DE: "incorrect data check"-
#1238059	REDUCE cov: 303 ft: 983 corp: 336/68Kb lim: 4096 exec/s: 65161 rss: 531Mb L: 14/1637 MS: 2 ChangeBinInt-EraseBytes-
#1240291	REDUCE cov: 303 ft: 983 corp: 336/68Kb lim: 4096 exec/s: 65278 rss: 531Mb L: 48/1637 MS: 2 EraseBytes-CopyPart-
#1244115	REDUCE cov: 303 ft: 983 corp: 336/68Kb lim: 4096 exec/s: 65479 rss: 531Mb L: 29/1637 MS: 4 CopyPart-ShuffleBytes-PersAutoDict-EraseBytes- DE: "R?"-
#1247453	REDUCE cov: 303 ft: 983 corp: 336/68Kb lim: 4096 exec/s: 65655 rss: 531Mb L: 10/1637 MS: 3 EraseBytes-ChangeBinInt-ChangeASCIIInt-
#1256681	REDUCE cov: 303 ft: 983 corp: 336/68Kb lim: 4096 exec/s: 66141 rss: 531Mb L: 16/1637 MS: 3 InsertByte-ChangeASCIIInt-EraseBytes-
#1258658	REDUCE cov: 303 ft: 983 corp: 336/68Kb lim: 4096 exec/s: 66245 rss: 531Mb L: 89/1637 MS: 2 ChangeASCIIInt-EraseBytes-
#1260869	REDUCE cov: 303 ft: 983 corp: 336/68Kb lim: 4096 exec/s: 66361 rss: 531Mb L: 810/1637 MS: 1 EraseBytes-
#1261386	REDUCE cov: 303 ft: 983 corp: 336/68Kb lim: 4096 exec/s: 66388 rss: 531Mb L: 1160/1637 MS: 2 EraseBytes-CMP- DE: "\377\005"-
#1262928	REDUCE cov: 303 ft: 983 corp: 336/68Kb lim: 4096 exec/s: 63146 rss: 531Mb L: 816/1637 MS: 2 ChangeBit-EraseBytes-
#1264964	REDUCE cov: 303 ft: 983 corp: 336/68Kb lim: 4096 exec/s: 63248 rss: 531Mb L: 68/1637 MS: 1 EraseBytes-
#1265670	REDUCE cov: 303 ft: 983 corp: 336/68Kb lim: 4096 exec/s: 63283 rss: 531Mb L: 50/1637 MS: 1 EraseBytes-
#1266051	REDUCE cov: 303 ft: 983 corp: 336/68Kb lim: 4096 exec/s: 63302 rss: 531Mb L: 25/1637 MS: 1 EraseBytes-
#1266852	REDUCE cov: 303 ft: 983 corp: 336/68Kb lim: 4096 exec/s: 63342 rss: 531Mb L: 82/1637 MS: 1 EraseBytes-
#1268375	REDUCE cov: 303 ft: 983 corp: 336/68Kb lim: 4096 exec/s: 63418 rss: 531Mb L: 37/1637 MS: 3 ShuffleBytes-ChangeBit-EraseBytes-
#1271416	REDUCE cov: 303 ft: 983 corp: 336/68Kb lim: 4096 exec/s: 63570 rss: 531Mb L: 20/1637 MS: 1 EraseBytes-
#1275742	REDUCE cov: 303 ft: 983 corp: 336/68Kb lim: 4096 exec/s: 63787 rss: 531Mb L: 24/1637 MS: 1 EraseBytes-
#1278898	REDUCE cov: 303 ft: 983 corp: 336/68Kb lim: 4096 exec/s: 63944 rss: 531Mb L: 1602/1631 MS: 1 EraseBytes-
#1280325	REDUCE cov: 303 ft: 983 corp: 336/68Kb lim: 4096 exec/s: 64016 rss: 531Mb L: 50/1631 MS: 2 ChangeByte-EraseBytes-
#1283517	REDUCE cov: 303 ft: 983 corp: 336/68Kb lim: 4096 exec/s: 64175 rss: 531Mb L: 1614/1614 MS: 2 ChangeByte-EraseBytes-
#1286073	REDUCE cov: 303 ft: 983 corp: 336/68Kb lim: 4096 exec/s: 64303 rss: 531Mb L: 9/1614 MS: 1 EraseBytes-
#1290310	REDUCE cov: 303 ft: 983 corp: 336/68Kb lim: 4096 exec/s: 64515 rss: 531Mb L: 33/1614 MS: 2 ShuffleBytes-EraseBytes-
#1291041	REDUCE cov: 303 ft: 983 corp: 336/68Kb lim: 4096 exec/s: 64552 rss: 531Mb L: 27/1614 MS: 1 EraseBytes-
#1296267	REDUCE cov: 303 ft: 983 corp: 336/68Kb lim: 4096 exec/s: 64813 rss: 531Mb L: 20/1614 MS: 1 EraseBytes-
#1296943	REDUCE cov: 303 ft: 983 corp: 336/68Kb lim: 4096 exec/s: 64847 rss: 531Mb L: 85/1614 MS: 1 EraseBytes-
#1297235	REDUCE cov: 303 ft: 983 corp: 336/68Kb lim: 4096 exec/s: 64861 rss: 531Mb L: 1595/1607 MS: 2 ChangeBit-EraseBytes-
#1297396	REDUCE cov: 303 ft: 983 corp: 336/68Kb lim: 4096 exec/s: 64869 rss: 531Mb L: 23/1607 MS: 1 EraseBytes-
#1301159	REDUCE cov: 303 ft: 983 corp: 336/68Kb lim: 4096 exec/s: 65057 rss: 531Mb L: 531/1607 MS: 3 ChangeByte-CopyPart-EraseBytes-
#1303520	REDUCE cov: 303 ft: 983 corp: 336/68Kb lim: 4096 exec/s: 65176 rss: 531Mb L: 1576/1602 MS: 1 EraseBytes-
#1304206	REDUCE cov: 303 ft: 983 corp: 336/68Kb lim: 4096 exec/s: 65210 rss: 531Mb L: 639/1602 MS: 1 EraseBytes-
#1304437	REDUCE cov: 303 ft: 984 corp: 337/69Kb lim: 4096 exec/s: 65221 rss: 531Mb L: 1291/1602 MS: 1 ManualDict- DE: " l %2d v %4x "-
#1304844	REDUCE cov: 303 ft: 984 corp: 337/69Kb lim: 4096 exec/s: 65242 rss: 531Mb L: 1324/1602 MS: 2 ChangeBit-EraseBytes-
#1310070	REDUCE cov: 303 ft: 984 corp: 337/69Kb lim: 4096 exec/s: 65503 rss: 531Mb L: 19/1602 MS: 1 EraseBytes-
#1318062	REDUCE cov: 303 ft: 984 corp: 337/69Kb lim: 4096 exec/s: 65903 rss: 531Mb L: 26/1602 MS: 2 ChangeBit-EraseBytes-
#1318428	REDUCE cov: 303 ft: 984 corp: 337/69Kb lim: 4096 exec/s: 65921 rss: 531Mb L: 36/1602 MS: 1 EraseBytes-
#1318509	REDUCE cov: 303 ft: 984 corp: 337/69Kb lim: 4096 exec/s: 65925 rss: 531Mb L: 495/1602 MS: 1 EraseBytes-
#1322242	REDUCE cov: 303 ft: 985 corp: 338/71Kb lim: 4096 exec/s: 66112 rss: 531Mb L: 1730/1730 MS: 3 CopyPart-InsertRepeatedBytes-CopyPart-
#1322618	REDUCE cov: 303 ft: 985 corp: 338/71Kb lim: 4096 exec/s: 66130 rss: 531Mb L: 19/1730 MS: 1 EraseBytes-
#1322970	REDUCE cov: 303 ft: 985 corp: 338/71Kb lim: 4096 exec/s: 66148 rss: 531Mb L: 1345/1730 MS: 2 InsertByte-EraseBytes-
#1323071	NEW    cov: 303 ft: 986 corp: 339/74Kb lim: 4096 exec/s: 66153 rss: 531Mb L: 2731/2731 MS: 1 CopyPart-
#1323352	REDUCE cov: 303 ft: 986 corp: 339/74Kb lim: 4096 exec/s: 66167 rss: 531Mb L: 47/2731 MS: 1 EraseBytes-
#1323773	REDUCE cov: 303 ft: 986 corp: 339/73Kb lim: 4096 exec/s: 66188 rss: 531Mb L: 1649/2731 MS: 1 EraseBytes-
#1324876	REDUCE cov: 303 ft: 986 corp: 339/73Kb lim: 4096 exec/s: 66243 rss: 531Mb L: 231/2731 MS: 3 EraseBytes-InsertRepeatedBytes-PersAutoDict- DE: "\377\377\377\377\377\377\377\377"-
#1326762	REDUCE cov: 303 ft: 986 corp: 339/73Kb lim: 4096 exec/s: 66338 rss: 531Mb L: 11/2731 MS: 1 EraseBytes-
#1326948	REDUCE cov: 303 ft: 986 corp: 339/73Kb lim: 4096 exec/s: 66347 rss: 531Mb L: 2628/2628 MS: 1 EraseBytes-
#1328409	REDUCE cov: 303 ft: 986 corp: 339/73Kb lim: 4096 exec/s: 63257 rss: 531Mb L: 1610/2628 MS: 1 EraseBytes-
#1330460	REDUCE cov: 303 ft: 986 corp: 339/73Kb lim: 4096 exec/s: 63355 rss: 531Mb L: 23/2628 MS: 1 EraseBytes-
#1330703	REDUCE cov: 303 ft: 986 corp: 339/73Kb lim: 4096 exec/s: 63366 rss: 532Mb L: 25/2628 MS: 3 ChangeBit-EraseBytes-ChangeBit-
#1330949	REDUCE cov: 303 ft: 986 corp: 339/73Kb lim: 4096 exec/s: 63378 rss: 532Mb L: 1288/2628 MS: 1 EraseBytes-
#1331075	NEW    cov: 303 ft: 987 corp: 340/74Kb lim: 4096 exec/s: 63384 rss: 532Mb L: 1310/2628 MS: 1 PersAutoDict- DE: "insufficient memory"-
#1336993	REDUCE cov: 303 ft: 987 corp: 340/74Kb lim: 4096 exec/s: 63666 rss: 532Mb L: 19/2628 MS: 3 ChangeByte-EraseBytes-ChangeBit-
#1343444	REDUCE cov: 303 ft: 987 corp: 340/74Kb lim: 4096 exec/s: 63973 rss: 532Mb L: 21/2628 MS: 1 EraseBytes-
#1344176	REDUCE cov: 303 ft: 987 corp: 340/74Kb lim: 4096 exec/s: 64008 rss: 532Mb L: 2588/2588 MS: 2 ChangeByte-EraseBytes-
#1344750	REDUCE cov: 303 ft: 987 corp: 340/74Kb lim: 4096 exec/s: 64035 rss: 532Mb L: 24/2588 MS: 4 ChangeBit-InsertByte-InsertByte-EraseBytes-
#1345376	REDUCE cov: 303 ft: 987 corp: 340/74Kb lim: 4096 exec/s: 64065 rss: 532Mb L: 1221/2588 MS: 1 EraseBytes-
#1346527	REDUCE cov: 303 ft: 987 corp: 340/74Kb lim: 4096 exec/s: 64120 rss: 532Mb L: 47/2588 MS: 1 EraseBytes-
#1346588	REDUCE cov: 303 ft: 987 corp: 340/74Kb lim: 4096 exec/s: 64123 rss: 532Mb L: 1487/2588 MS: 1 EraseBytes-
#1346940	REDUCE cov: 303 ft: 988 corp: 341/75Kb lim: 4096 exec/s: 64140 rss: 532Mb L: 1270/2588 MS: 2 ChangeBit-CopyPart-
#1348481	REDUCE cov: 303 ft: 988 corp: 341/75Kb lim: 4096 exec/s: 64213 rss: 532Mb L: 228/2588 MS: 1 EraseBytes-
#1349572	REDUCE cov: 303 ft: 988 corp: 341/75Kb lim: 4096 exec/s: 64265 rss: 532Mb L: 69/2588 MS: 1 EraseBytes-
#1349686	REDUCE cov: 303 ft: 988 corp: 341/75Kb lim: 4096 exec/s: 64270 rss: 532Mb L: 1209/2588 MS: 4 ChangeByte-PersAutoDict-CrossOver-EraseBytes- DE: "    /* WARNING: this file should *not* be used by applications."-
#1349872	REDUCE cov: 303 ft: 988 corp: 341/75Kb lim: 4096 exec/s: 64279 rss: 532Mb L: 47/2588 MS: 1 EraseBytes-
#1351151	REDUCE cov: 303 ft: 988 corp: 341/75Kb lim: 4096 exec/s: 64340 rss: 532Mb L: 1147/2588 MS: 4 ChangeBinInt-ChangeASCIIInt-PersAutoDict-EraseBytes- DE: "     */"-
#1351368	REDUCE cov: 303 ft: 989 corp: 342/76Kb lim: 4096 exec/s: 64350 rss: 532Mb L: 1236/2588 MS: 2 ShuffleBytes-InsertRepeatedBytes-
#1351829	REDUCE cov: 303 ft: 989 corp: 342/76Kb lim: 4096 exec/s: 64372 rss: 532Mb L: 25/2588 MS: 1 EraseBytes-
#1352636	REDUCE cov: 303 ft: 989 corp: 342/76Kb lim: 4096 exec/s: 64411 rss: 532Mb L: 10/2588 MS: 2 EraseBytes-ChangeBinInt-
#1355435	REDUCE cov: 303 ft: 989 corp: 342/76Kb lim: 4096 exec/s: 64544 rss: 532Mb L: 941/2588 MS: 4 ManualDict-InsertRepeatedBytes-PersAutoDict-EraseBytes- DE: " inflate 1.3.1 Copyright 1995-2024 Mark Adler "-"\000\000"-
#1356113	REDUCE cov: 303 ft: 989 corp: 342/76Kb lim: 4096 exec/s: 64576 rss: 532Mb L: 52/2588 MS: 3 EraseBytes-InsertByte-ChangeASCIIInt-
#1357534	REDUCE cov: 303 ft: 989 corp: 342/76Kb lim: 4096 exec/s: 64644 rss: 532Mb L: 899/2588 MS: 1 EraseBytes-
#1358335	REDUCE cov: 303 ft: 989 corp: 342/76Kb lim: 4096 exec/s: 64682 rss: 532Mb L: 779/2588 MS: 1 EraseBytes-
#1358806	REDUCE cov: 303 ft: 989 corp: 342/76Kb lim: 4096 exec/s: 64705 rss: 532Mb L: 44/2588 MS: 1 EraseBytes-
#1360219	REDUCE cov: 303 ft: 989 corp: 342/76Kb lim: 4096 exec/s: 64772 rss: 532Mb L: 2488/2488 MS: 3 CrossOver-InsertRepeatedBytes-EraseBytes-
#1361693	REDUCE cov: 303 ft: 989 corp: 342/76Kb lim: 4096 exec/s: 64842 rss: 532Mb L: 24/2488 MS: 4 EraseBytes-ShuffleBytes-CrossOver-CopyPart-
#1361854	REDUCE cov: 303 ft: 989 corp: 342/76Kb lim: 4096 exec/s: 64850 rss: 532Mb L: 48/2488 MS: 1 EraseBytes-
#1362601	REDUCE cov: 303 ft: 989 corp: 342/76Kb lim: 4096 exec/s: 64885 rss: 532Mb L: 466/2488 MS: 2 EraseBytes-CopyPart-
#1363807	REDUCE cov: 303 ft: 989 corp: 342/76Kb lim: 4096 exec/s: 64943 rss: 532Mb L: 71/2488 MS: 1 EraseBytes-
#1365747	REDUCE cov: 303 ft: 989 corp: 342/76Kb lim: 4096 exec/s: 65035 rss: 532Mb L: 441/2488 MS: 5 ChangeByte-InsertRepeatedBytes-ChangeBinInt-ShuffleBytes-EraseBytes-
#1366849	REDUCE cov: 303 ft: 989 corp: 342/76Kb lim: 4096 exec/s: 65088 rss: 532Mb L: 2447/2447 MS: 2 ChangeBit-EraseBytes-
#1369645	REDUCE cov: 303 ft: 989 corp: 342/76Kb lim: 4096 exec/s: 65221 rss: 532Mb L: 371/2447 MS: 1 EraseBytes-
#1371447	REDUCE cov: 303 ft: 989 corp: 342/76Kb lim: 4096 exec/s: 65307 rss: 532Mb L: 1103/2447 MS: 2 InsertByte-EraseBytes-
#1371809	REDUCE cov: 303 ft: 989 corp: 342/76Kb lim: 4096 exec/s: 65324 rss: 532Mb L: 14/2447 MS: 2 CrossOver-EraseBytes-
#1375110	REDUCE cov: 303 ft: 989 corp: 342/76Kb lim: 4096 exec/s: 65481 rss: 532Mb L: 42/2447 MS: 1 EraseBytes-
#1375276	REDUCE cov: 303 ft: 989 corp: 342/76Kb lim: 4096 exec/s: 65489 rss: 532Mb L: 118/2447 MS: 1 EraseBytes-
#1375938	REDUCE cov: 303 ft: 990 corp: 343/80Kb lim: 4096 exec/s: 65520 rss: 532Mb L: 4042/4042 MS: 2 ManualDict-CopyPart- DE: " : (n % 5 == 4 ? "-
#1376014	REDUCE cov: 303 ft: 990 corp: 343/80Kb lim: 4096 exec/s: 65524 rss: 532Mb L: 224/4042 MS: 1 EraseBytes-
#1380540	REDUCE cov: 303 ft: 990 corp: 343/79Kb lim: 4096 exec/s: 65740 rss: 532Mb L: 257/4042 MS: 1 EraseBytes-
#1384811	REDUCE cov: 303 ft: 990 corp: 343/79Kb lim: 4096 exec/s: 65943 rss: 532Mb L: 187/4042 MS: 1 EraseBytes-
#1386218	REDUCE cov: 303 ft: 990 corp: 343/79Kb lim: 4096 exec/s: 66010 rss: 532Mb L: 2257/4042 MS: 2 ChangeBinInt-EraseBytes-
#1386284	REDUCE cov: 303 ft: 990 corp: 343/79Kb lim: 4096 exec/s: 66013 rss: 532Mb L: 23/4042 MS: 1 EraseBytes-
#1388106	REDUCE cov: 303 ft: 990 corp: 343/79Kb lim: 4096 exec/s: 66100 rss: 532Mb L: 1540/4042 MS: 2 InsertByte-EraseBytes-
#1390112	REDUCE cov: 303 ft: 990 corp: 343/79Kb lim: 4096 exec/s: 66195 rss: 533Mb L: 70/4042 MS: 1 EraseBytes-
#1391128	REDUCE cov: 303 ft: 990 corp: 343/79Kb lim: 4096 exec/s: 63233 rss: 533Mb L: 807/4042 MS: 1 CrossOver-
#1394044	REDUCE cov: 303 ft: 990 corp: 343/79Kb lim: 4096 exec/s: 63365 rss: 533Mb L: 25/4042 MS: 1 EraseBytes-
#1395955	REDUCE cov: 303 ft: 990 corp: 343/79Kb lim: 4096 exec/s: 63452 rss: 533Mb L: 93/4042 MS: 1 EraseBytes-
#1401681	REDUCE cov: 303 ft: 990 corp: 343/79Kb lim: 4096 exec/s: 63712 rss: 533Mb L: 1413/4042 MS: 1 EraseBytes-
#1406693	REDUCE cov: 303 ft: 990 corp: 343/79Kb lim: 4096 exec/s: 63940 rss: 533Mb L: 2217/4042 MS: 2 PersAutoDict-EraseBytes- DE: "stream end"-
#1413025	REDUCE cov: 303 ft: 990 corp: 343/79Kb lim: 4096 exec/s: 64228 rss: 533Mb L: 8/4042 MS: 2 ChangeASCIIInt-EraseBytes-
#1420368	REDUCE cov: 303 ft: 990 corp: 343/79Kb lim: 4096 exec/s: 64562 rss: 533Mb L: 3696/3696 MS: 3 EraseBytes-CopyPart-CopyPart-
#1427024	REDUCE cov: 303 ft: 990 corp: 343/79Kb lim: 4096 exec/s: 64864 rss: 534Mb L: 254/3696 MS: 1 EraseBytes-
#1427260	REDUCE cov: 303 ft: 990 corp: 343/78Kb lim: 4096 exec/s: 64875 rss: 534Mb L: 3471/3471 MS: 1 EraseBytes-
#1427616	REDUCE cov: 303 ft: 990 corp: 343/78Kb lim: 4096 exec/s: 64891 rss: 534Mb L: 156/3471 MS: 1 EraseBytes-
#1427745	REDUCE cov: 303 ft: 990 corp: 343/78Kb lim: 4096 exec/s: 64897 rss: 534Mb L: 22/3471 MS: 4 ChangeByte-ManualDict-ChangeBit-EraseBytes- DE: "scan[2]?"-
#1428419	NEW    cov: 303 ft: 995 corp: 344/78Kb lim: 4096 exec/s: 64928 rss: 534Mb L: 77/3471 MS: 4 CrossOver-CrossOver-ChangeBit-PersAutoDict- DE: "no future"-
#1428830	REDUCE cov: 303 ft: 995 corp: 344/78Kb lim: 4096 exec/s: 64946 rss: 534Mb L: 76/3471 MS: 1 EraseBytes-
#1431642	REDUCE cov: 303 ft: 995 corp: 344/78Kb lim: 4096 exec/s: 65074 rss: 534Mb L: 84/3471 MS: 2 ChangeByte-EraseBytes-
#1432849	REDUCE cov: 303 ft: 995 corp: 344/78Kb lim: 4096 exec/s: 65129 rss: 534Mb L: 889/3471 MS: 2 ChangeByte-EraseBytes-
#1433985	REDUCE cov: 303 ft: 995 corp: 344/78Kb lim: 4096 exec/s: 65181 rss: 534Mb L: 41/3471 MS: 1 EraseBytes-
#1436398	REDUCE cov: 303 ft: 996 corp: 345/80Kb lim: 4096 exec/s: 65290 rss: 534Mb L: 1488/3471 MS: 3 CopyPart-ChangeByte-PersAutoDict- DE: "match[2]?"-
#1440274	REDUCE cov: 303 ft: 996 corp: 345/80Kb lim: 4096 exec/s: 65467 rss: 534Mb L: 147/3471 MS: 1 EraseBytes-
#1441260	REDUCE cov: 303 ft: 996 corp: 345/80Kb lim: 4096 exec/s: 65511 rss: 534Mb L: 2198/3471 MS: 1 EraseBytes-
#1442589	REDUCE cov: 303 ft: 996 corp: 345/80Kb lim: 4096 exec/s: 65572 rss: 534Mb L: 194/3471 MS: 4 ShuffleBytes-ChangeBit-ChangeBit-EraseBytes-
#1444710	REDUCE cov: 303 ft: 996 corp: 345/80Kb lim: 4096 exec/s: 65668 rss: 534Mb L: 1511/3471 MS: 1 EraseBytes-
#1445706	REDUCE cov: 303 ft: 996 corp: 345/80Kb lim: 4096 exec/s: 65713 rss: 534Mb L: 475/3471 MS: 1 EraseBytes-
#1446657	REDUCE cov: 303 ft: 996 corp: 345/80Kb lim: 4096 exec/s: 65757 rss: 534Mb L: 12/3471 MS: 1 EraseBytes-
#1450694	REDUCE cov: 303 ft: 996 corp: 345/80Kb lim: 4096 exec/s: 65940 rss: 534Mb L: 68/3471 MS: 2 ShuffleBytes-EraseBytes-
#1452471	REDUCE cov: 303 ft: 996 corp: 345/80Kb lim: 4096 exec/s: 66021 rss: 534Mb L: 1269/3471 MS: 2 ChangeBit-EraseBytes-
#1453407	REDUCE cov: 303 ft: 996 corp: 345/80Kb lim: 4096 exec/s: 66063 rss: 534Mb L: 15/3471 MS: 1 EraseBytes-
#1453643	REDUCE cov: 303 ft: 996 corp: 345/80Kb lim: 4096 exec/s: 66074 rss: 534Mb L: 67/3471 MS: 1 EraseBytes-
#1457154	REDUCE cov: 303 ft: 996 corp: 345/80Kb lim: 4096 exec/s: 63354 rss: 534Mb L: 36/3471 MS: 1 EraseBytes-
#1461782	REDUCE cov: 303 ft: 996 corp: 345/80Kb lim: 4096 exec/s: 63555 rss: 534Mb L: 154/3471 MS: 3 ChangeBit-ChangeBit-EraseBytes-
#1462248	REDUCE cov: 303 ft: 996 corp: 345/80Kb lim: 4096 exec/s: 63576 rss: 534Mb L: 16/3471 MS: 1 EraseBytes-
#1470340	REDUCE cov: 303 ft: 996 corp: 345/80Kb lim: 4096 exec/s: 63927 rss: 534Mb L: 1267/3471 MS: 2 ChangeByte-EraseBytes-
#1470426	REDUCE cov: 303 ft: 996 corp: 345/80Kb lim: 4096 exec/s: 63931 rss: 534Mb L: 25/3471 MS: 1 EraseBytes-
#1471367	REDUCE cov: 303 ft: 996 corp: 345/80Kb lim: 4096 exec/s: 63972 rss: 535Mb L: 38/3471 MS: 1 EraseBytes-
#1472043	REDUCE cov: 303 ft: 996 corp: 345/80Kb lim: 4096 exec/s: 64001 rss: 535Mb L: 47/3471 MS: 1 EraseBytes-
#1472749	REDUCE cov: 303 ft: 996 corp: 345/80Kb lim: 4096 exec/s: 64032 rss: 535Mb L: 63/3471 MS: 1 EraseBytes-
#1476431	REDUCE cov: 303 ft: 997 corp: 346/83Kb lim: 4096 exec/s: 64192 rss: 535Mb L: 3593/3593 MS: 2 InsertByte-InsertRepeatedBytes-
#1478517	REDUCE cov: 303 ft: 997 corp: 346/83Kb lim: 4096 exec/s: 64283 rss: 535Mb L: 19/3593 MS: 1 EraseBytes-
#1481542	REDUCE cov: 303 ft: 997 corp: 346/82Kb lim: 4096 exec/s: 64414 rss: 535Mb L: 2858/3471 MS: 5 InsertRepeatedBytes-InsertRepeatedBytes-ChangeBinInt-ChangeBit-EraseBytes-
#1482378	REDUCE cov: 303 ft: 997 corp: 346/82Kb lim: 4096 exec/s: 64451 rss: 535Mb L: 69/3471 MS: 1 EraseBytes-
#1483959	REDUCE cov: 303 ft: 997 corp: 346/82Kb lim: 4096 exec/s: 64519 rss: 535Mb L: 2176/3471 MS: 1 EraseBytes-
#1485541	REDUCE cov: 303 ft: 997 corp: 346/82Kb lim: 4096 exec/s: 64588 rss: 535Mb L: 2484/3471 MS: 2 EraseBytes-CopyPart-
#1486272	REDUCE cov: 303 ft: 997 corp: 346/82Kb lim: 4096 exec/s: 64620 rss: 535Mb L: 34/3471 MS: 1 EraseBytes-
#1486908	REDUCE cov: 303 ft: 997 corp: 346/82Kb lim: 4096 exec/s: 64648 rss: 535Mb L: 18/3471 MS: 1 EraseBytes-
#1487214	REDUCE cov: 303 ft: 997 corp: 346/82Kb lim: 4096 exec/s: 64661 rss: 535Mb L: 3434/3434 MS: 1 EraseBytes-
#1487760	REDUCE cov: 303 ft: 997 corp: 346/82Kb lim: 4096 exec/s: 64685 rss: 535Mb L: 59/3434 MS: 1 EraseBytes-
#1488096	REDUCE cov: 303 ft: 997 corp: 346/82Kb lim: 4096 exec/s: 64699 rss: 535Mb L: 2143/3434 MS: 1 EraseBytes-
#1488757	REDUCE cov: 303 ft: 997 corp: 346/82Kb lim: 4096 exec/s: 64728 rss: 535Mb L: 22/3434 MS: 1 EraseBytes-
#1494603	REDUCE cov: 303 ft: 997 corp: 346/82Kb lim: 4096 exec/s: 64982 rss: 535Mb L: 53/3434 MS: 1 EraseBytes-
#1502830	REDUCE cov: 303 ft: 997 corp: 346/82Kb lim: 4096 exec/s: 65340 rss: 536Mb L: 3407/3407 MS: 2 EraseBytes-ManualDict- DE: "request does not fit in an int"-
#1503906	REDUCE cov: 303 ft: 997 corp: 346/82Kb lim: 4096 exec/s: 65387 rss: 536Mb L: 144/3407 MS: 1 EraseBytes-
#1509367	REDUCE cov: 303 ft: 997 corp: 346/82Kb lim: 4096 exec/s: 65624 rss: 536Mb L: 21/3407 MS: 1 EraseBytes-
#1517338	REDUCE cov: 303 ft: 997 corp: 346/82Kb lim: 4096 exec/s: 65971 rss: 537Mb L: 1027/3407 MS: 1 EraseBytes-
#1518701	REDUCE cov: 303 ft: 997 corp: 346/82Kb lim: 4096 exec/s: 66030 rss: 537Mb L: 88/3407 MS: 3 EraseBytes-ShuffleBytes-CrossOver-
#1520673	REDUCE cov: 303 ft: 997 corp: 346/82Kb lim: 4096 exec/s: 66116 rss: 537Mb L: 61/3407 MS: 2 CrossOver-EraseBytes-
#1521449	REDUCE cov: 303 ft: 997 corp: 346/82Kb lim: 4096 exec/s: 66149 rss: 537Mb L: 879/3407 MS: 1 EraseBytes-
#1524156	REDUCE cov: 303 ft: 997 corp: 346/82Kb lim: 4096 exec/s: 63506 rss: 537Mb L: 1481/3407 MS: 2 ChangeASCIIInt-EraseBytes-
#1524272	REDUCE cov: 303 ft: 997 corp: 346/81Kb lim: 4096 exec/s: 63511 rss: 537Mb L: 2081/3407 MS: 1 CrossOver-
#1527583	REDUCE cov: 303 ft: 997 corp: 346/81Kb lim: 4096 exec/s: 63649 rss: 537Mb L: 64/3407 MS: 1 EraseBytes-
#1528388	REDUCE cov: 303 ft: 997 corp: 346/81Kb lim: 4096 exec/s: 63682 rss: 537Mb L: 2168/3407 MS: 5 ChangeASCIIInt-ChangeByte-ChangeASCIIInt-ChangeBit-EraseBytes-
#1529179	REDUCE cov: 303 ft: 997 corp: 346/81Kb lim: 4096 exec/s: 63715 rss: 537Mb L: 1211/3407 MS: 1 EraseBytes-
#1530190	REDUCE cov: 303 ft: 997 corp: 346/81Kb lim: 4096 exec/s: 63757 rss: 537Mb L: 35/3407 MS: 1 EraseBytes-
#1533001	REDUCE cov: 303 ft: 997 corp: 346/81Kb lim: 4096 exec/s: 63875 rss: 537Mb L: 112/3407 MS: 1 EraseBytes-
#1534967	REDUCE cov: 303 ft: 997 corp: 346/81Kb lim: 4096 exec/s: 63956 rss: 537Mb L: 24/3407 MS: 1 EraseBytes-
#1542179	REDUCE cov: 303 ft: 997 corp: 346/81Kb lim: 4096 exec/s: 64257 rss: 537Mb L: 1978/3407 MS: 2 ChangeByte-EraseBytes-
#1547755	REDUCE cov: 303 ft: 997 corp: 346/81Kb lim: 4096 exec/s: 64489 rss: 537Mb L: 1369/3407 MS: 1 EraseBytes-
#1548251	REDUCE cov: 303 ft: 997 corp: 346/81Kb lim: 4096 exec/s: 64510 rss: 537Mb L: 308/3407 MS: 1 EraseBytes-
#1550569	REDUCE cov: 303 ft: 997 corp: 346/81Kb lim: 4096 exec/s: 64607 rss: 537Mb L: 20/3407 MS: 3 ManualDict-InsertByte-EraseBytes- DE: "   {"-
#1552755	REDUCE cov: 303 ft: 997 corp: 346/81Kb lim: 4096 exec/s: 64698 rss: 537Mb L: 15/3407 MS: 1 EraseBytes-
#1568101	REDUCE cov: 303 ft: 997 corp: 346/81Kb lim: 4096 exec/s: 65337 rss: 537Mb L: 28/3407 MS: 1 EraseBytes-
#1568978	REDUCE cov: 303 ft: 997 corp: 346/81Kb lim: 4096 exec/s: 65374 rss: 537Mb L: 20/3407 MS: 2 ShuffleBytes-EraseBytes-
#1570151	REDUCE cov: 303 ft: 997 corp: 346/81Kb lim: 4096 exec/s: 65422 rss: 537Mb L: 32/3407 MS: 3 EraseBytes-CrossOver-ChangeBinInt-
#1574972	REDUCE cov: 303 ft: 997 corp: 346/81Kb lim: 4096 exec/s: 65623 rss: 537Mb L: 1191/3407 MS: 1 EraseBytes-
#1575364	REDUCE cov: 303 ft: 997 corp: 346/81Kb lim: 4096 exec/s: 65640 rss: 537Mb L: 1880/3407 MS: 2 ChangeBinInt-EraseBytes-
#1576455	REDUCE cov: 303 ft: 997 corp: 346/81Kb lim: 4096 exec/s: 65685 rss: 537Mb L: 30/3407 MS: 1 EraseBytes-
#1577293	REDUCE cov: 303 ft: 997 corp: 346/81Kb lim: 4096 exec/s: 65720 rss: 537Mb L: 2808/2808 MS: 3 InsertRepeatedBytes-ChangeByte-EraseBytes-
#1579769	REDUCE cov: 303 ft: 997 corp: 346/81Kb lim: 4096 exec/s: 65823 rss: 537Mb L: 1865/2808 MS: 1 EraseBytes-
#1583700	REDUCE cov: 303 ft: 997 corp: 346/81Kb lim: 4096 exec/s: 65987 rss: 537Mb L: 46/2808 MS: 1 EraseBytes-
#1591262	REDUCE cov: 303 ft: 997 corp: 346/81Kb lim: 4096 exec/s: 66302 rss: 537Mb L: 624/2808 MS: 2 EraseBytes-InsertByte-
#1596094	REDUCE cov: 303 ft: 997 corp: 346/81Kb lim: 4096 exec/s: 63843 rss: 537Mb L: 307/2808 MS: 2 InsertRepeatedBytes-EraseBytes-
#1597197	REDUCE cov: 303 ft: 997 corp: 346/80Kb lim: 4096 exec/s: 63887 rss: 537Mb L: 600/2808 MS: 3 ShuffleBytes-CMP-EraseBytes- DE: ">N"-
#1604859	REDUCE cov: 303 ft: 997 corp: 346/80Kb lim: 4096 exec/s: 64194 rss: 537Mb L: 1449/2808 MS: 2 ShuffleBytes-EraseBytes-
#1613800	REDUCE cov: 303 ft: 997 corp: 346/80Kb lim: 4096 exec/s: 64552 rss: 537Mb L: 58/2808 MS: 1 EraseBytes-
#1621521	REDUCE cov: 303 ft: 997 corp: 346/80Kb lim: 4096 exec/s: 64860 rss: 537Mb L: 46/2808 MS: 1 EraseBytes-
#1629242	REDUCE cov: 303 ft: 997 corp: 346/80Kb lim: 4096 exec/s: 65169 rss: 537Mb L: 27/2808 MS: 1 EraseBytes-
#1636768	REDUCE cov: 303 ft: 997 corp: 346/80Kb lim: 4096 exec/s: 65470 rss: 537Mb L: 87/2808 MS: 1 EraseBytes-
#1637293	REDUCE cov: 303 ft: 997 corp: 346/80Kb lim: 4096 exec/s: 65491 rss: 537Mb L: 305/2808 MS: 5 ChangeBit-CopyPart-ChangeBinInt-ChangeByte-EraseBytes-
#1639034	REDUCE cov: 303 ft: 999 corp: 347/83Kb lim: 4096 exec/s: 65561 rss: 537Mb L: 2347/2808 MS: 1 CopyPart-
#1639240	REDUCE cov: 303 ft: 999 corp: 347/83Kb lim: 4096 exec/s: 65569 rss: 537Mb L: 15/2808 MS: 1 EraseBytes-
#1642727	REDUCE cov: 303 ft: 999 corp: 347/83Kb lim: 4096 exec/s: 65709 rss: 537Mb L: 304/2808 MS: 2 ChangeBit-EraseBytes-
#1645123	REDUCE cov: 303 ft: 999 corp: 347/83Kb lim: 4096 exec/s: 65804 rss: 537Mb L: 43/2808 MS: 1 EraseBytes-
#1646265	REDUCE cov: 303 ft: 999 corp: 347/83Kb lim: 4096 exec/s: 65850 rss: 537Mb L: 31/2808 MS: 2 InsertByte-EraseBytes-
#1647627	REDUCE cov: 303 ft: 999 corp: 347/83Kb lim: 4096 exec/s: 65905 rss: 537Mb L: 2166/2808 MS: 2 ChangeASCIIInt-EraseBytes-
#1648443	REDUCE cov: 303 ft: 999 corp: 347/83Kb lim: 4096 exec/s: 65937 rss: 537Mb L: 296/2808 MS: 1 EraseBytes-
#1651579	REDUCE cov: 303 ft: 999 corp: 347/83Kb lim: 4096 exec/s: 66063 rss: 537Mb L: 14/2808 MS: 1 EraseBytes-
#1662966	REDUCE cov: 303 ft: 999 corp: 347/83Kb lim: 4096 exec/s: 63960 rss: 537Mb L: 2791/2791 MS: 2 CopyPart-EraseBytes-
#1669627	REDUCE cov: 303 ft: 999 corp: 347/83Kb lim: 4096 exec/s: 64216 rss: 537Mb L: 92/2791 MS: 1 EraseBytes-
#1672898	REDUCE cov: 303 ft: 999 corp: 347/83Kb lim: 4096 exec/s: 64342 rss: 537Mb L: 47/2791 MS: 1 EraseBytes-
#1674164	REDUCE cov: 303 ft: 1000 corp: 348/85Kb lim: 4096 exec/s: 64390 rss: 537Mb L: 2340/2791 MS: 1 CopyPart-
#1676811	REDUCE cov: 303 ft: 1000 corp: 348/85Kb lim: 4096 exec/s: 64492 rss: 537Mb L: 68/2791 MS: 2 ChangeBit-EraseBytes-
#1680404	REDUCE cov: 303 ft: 1000 corp: 348/85Kb lim: 4096 exec/s: 64630 rss: 537Mb L: 2753/2753 MS: 3 ChangeByte-ChangeBinInt-EraseBytes-
#1680820	REDUCE cov: 303 ft: 1000 corp: 348/85Kb lim: 4096 exec/s: 64646 rss: 537Mb L: 240/2753 MS: 1 EraseBytes-
#1683381	REDUCE cov: 303 ft: 1000 corp: 348/85Kb lim: 4096 exec/s: 64745 rss: 537Mb L: 160/2753 MS: 1 EraseBytes-
#1684847	REDUCE cov: 303 ft: 1000 corp: 348/85Kb lim: 4096 exec/s: 64801 rss: 537Mb L: 39/2753 MS: 1 EraseBytes-
#1686023	REDUCE cov: 303 ft: 1000 corp: 348/85Kb lim: 4096 exec/s: 64847 rss: 537Mb L: 15/2753 MS: 1 EraseBytes-
#1690409	REDUCE cov: 303 ft: 1000 corp: 348/85Kb lim: 4096 exec/s: 65015 rss: 538Mb L: 21/2753 MS: 1 EraseBytes-
#1697390	REDUCE cov: 303 ft: 1000 corp: 348/85Kb lim: 4096 exec/s: 65284 rss: 538Mb L: 33/2753 MS: 1 EraseBytes-
#1698196	REDUCE cov: 303 ft: 1000 corp: 348/85Kb lim: 4096 exec/s: 65315 rss: 538Mb L: 17/2753 MS: 1 EraseBytes-
#1699437	REDUCE cov: 303 ft: 1000 corp: 348/85Kb lim: 4096 exec/s: 65362 rss: 538Mb L: 14/2753 MS: 1 EraseBytes-
#1701670	REDUCE cov: 303 ft: 1000 corp: 348/85Kb lim: 4096 exec/s: 65448 rss: 538Mb L: 563/2753 MS: 3 ManualDict-ChangeBit-EraseBytes- DE: "string length does not fit in int"-
#1706337	REDUCE cov: 303 ft: 1000 corp: 348/85Kb lim: 4096 exec/s: 65628 rss: 538Mb L: 41/2753 MS: 2 EraseBytes-ChangeBinInt-
#1706488	REDUCE cov: 303 ft: 1000 corp: 348/85Kb lim: 4096 exec/s: 65634 rss: 538Mb L: 67/2753 MS: 1 EraseBytes-
#1708879	REDUCE cov: 303 ft: 1000 corp: 348/85Kb lim: 4096 exec/s: 65726 rss: 538Mb L: 16/2753 MS: 1 EraseBytes-
#1710035	REDUCE cov: 303 ft: 1000 corp: 348/85Kb lim: 4096 exec/s: 65770 rss: 538Mb L: 82/2753 MS: 1 EraseBytes-
#1716166	REDUCE cov: 303 ft: 1000 corp: 348/85Kb lim: 4096 exec/s: 66006 rss: 538Mb L: 1163/2753 MS: 1 EraseBytes-
#1717934	REDUCE cov: 303 ft: 1000 corp: 348/85Kb lim: 4096 exec/s: 66074 rss: 538Mb L: 249/2753 MS: 3 ShuffleBytes-ChangeByte-EraseBytes-
#1722995	REDUCE cov: 303 ft: 1000 corp: 348/85Kb lim: 4096 exec/s: 66269 rss: 538Mb L: 186/2753 MS: 1 EraseBytes-
#1723101	REDUCE cov: 303 ft: 1000 corp: 348/85Kb lim: 4096 exec/s: 66273 rss: 538Mb L: 34/2753 MS: 1 EraseBytes-
#1730327	REDUCE cov: 303 ft: 1000 corp: 348/85Kb lim: 4096 exec/s: 66551 rss: 538Mb L: 222/2753 MS: 1 EraseBytes-
#1730423	REDUCE cov: 303 ft: 1000 corp: 348/85Kb lim: 4096 exec/s: 66554 rss: 538Mb L: 19/2753 MS: 1 EraseBytes-
#1732769	REDUCE cov: 303 ft: 1000 corp: 348/85Kb lim: 4096 exec/s: 64176 rss: 538Mb L: 156/2753 MS: 1 EraseBytes-
#1733425	REDUCE cov: 303 ft: 1000 corp: 348/85Kb lim: 4096 exec/s: 64200 rss: 538Mb L: 182/2753 MS: 1 EraseBytes-
#1739671	REDUCE cov: 303 ft: 1000 corp: 348/85Kb lim: 4096 exec/s: 64432 rss: 538Mb L: 10/2753 MS: 1 EraseBytes-
#1747742	REDUCE cov: 303 ft: 1000 corp: 348/85Kb lim: 4096 exec/s: 64731 rss: 538Mb L: 72/2753 MS: 1 EraseBytes-
#1749773	REDUCE cov: 303 ft: 1000 corp: 348/85Kb lim: 4096 exec/s: 64806 rss: 538Mb L: 343/2753 MS: 1 EraseBytes-
#1749796	REDUCE cov: 303 ft: 1000 corp: 348/85Kb lim: 4096 exec/s: 64807 rss: 538Mb L: 144/2753 MS: 3 ChangeBinInt-ShuffleBytes-EraseBytes-
#1753347	REDUCE cov: 303 ft: 1000 corp: 348/85Kb lim: 4096 exec/s: 64938 rss: 538Mb L: 2733/2733 MS: 1 EraseBytes-
#1753893	REDUCE cov: 303 ft: 1000 corp: 348/85Kb lim: 4096 exec/s: 64959 rss: 538Mb L: 19/2733 MS: 1 EraseBytes-
#1754194	REDUCE cov: 303 ft: 1000 corp: 348/85Kb lim: 4096 exec/s: 64970 rss: 538Mb L: 13/2733 MS: 1 EraseBytes-
#1757215	REDUCE cov: 303 ft: 1000 corp: 348/85Kb lim: 4096 exec/s: 65082 rss: 538Mb L: 186/2733 MS: 1 EraseBytes-
#1757347	REDUCE cov: 303 ft: 1000 corp: 348/85Kb lim: 4096 exec/s: 65086 rss: 538Mb L: 2337/2733 MS: 2 CrossOver-EraseBytes-
#1758201	REDUCE cov: 303 ft: 1000 corp: 348/85Kb lim: 4096 exec/s: 65118 rss: 538Mb L: 29/2733 MS: 4 EraseBytes-ChangeByte-CopyPart-ChangeByte-
#1762678	REDUCE cov: 303 ft: 1000 corp: 348/85Kb lim: 4096 exec/s: 65284 rss: 538Mb L: 5/2733 MS: 2 EraseBytes-CrossOver-
#1767975	REDUCE cov: 303 ft: 1000 corp: 348/85Kb lim: 4096 exec/s: 65480 rss: 538Mb L: 2152/2733 MS: 2 ShuffleBytes-EraseBytes-
#1768086	REDUCE cov: 303 ft: 1000 corp: 348/85Kb lim: 4096 exec/s: 65484 rss: 538Mb L: 328/2733 MS: 1 EraseBytes-
#1773353	REDUCE cov: 303 ft: 1000 corp: 348/85Kb lim: 4096 exec/s: 65679 rss: 538Mb L: 812/2733 MS: 2 ShuffleBytes-EraseBytes-
#1774849	REDUCE cov: 303 ft: 1000 corp: 348/85Kb lim: 4096 exec/s: 65735 rss: 538Mb L: 2180/2733 MS: 1 CrossOver-
#1778851	REDUCE cov: 303 ft: 1000 corp: 348/85Kb lim: 4096 exec/s: 65883 rss: 538Mb L: 1847/2733 MS: 2 CrossOver-ShuffleBytes-
#1779227	REDUCE cov: 303 ft: 1000 corp: 348/85Kb lim: 4096 exec/s: 65897 rss: 538Mb L: 128/2733 MS: 1 EraseBytes-
#1781148	REDUCE cov: 303 ft: 1000 corp: 348/84Kb lim: 4096 exec/s: 65968 rss: 538Mb L: 2678/2678 MS: 1 EraseBytes-
#1782117	REDUCE cov: 303 ft: 1000 corp: 348/84Kb lim: 4096 exec/s: 66004 rss: 538Mb L: 1439/2678 MS: 4 InsertRepeatedBytes-ChangeBinInt-ShuffleBytes-EraseBytes-
#1786683	REDUCE cov: 303 ft: 1000 corp: 348/84Kb lim: 4096 exec/s: 66173 rss: 538Mb L: 19/2678 MS: 1 EraseBytes-
#1792760	REDUCE cov: 303 ft: 1000 corp: 348/84Kb lim: 4096 exec/s: 66398 rss: 538Mb L: 18/2678 MS: 2 ChangeByte-EraseBytes-
#1796326	REDUCE cov: 303 ft: 1000 corp: 348/84Kb lim: 4096 exec/s: 64154 rss: 538Mb L: 2127/2678 MS: 1 EraseBytes-
#1797597	REDUCE cov: 303 ft: 1000 corp: 348/84Kb lim: 4096 exec/s: 64199 rss: 538Mb L: 1491/2678 MS: 1 EraseBytes-
#1798963	REDUCE cov: 303 ft: 1000 corp: 348/84Kb lim: 4096 exec/s: 64248 rss: 538Mb L: 99/2678 MS: 1 EraseBytes-
#1800447	REDUCE cov: 303 ft: 1000 corp: 348/84Kb lim: 4096 exec/s: 64301 rss: 538Mb L: 16/2678 MS: 4 ShuffleBytes-ChangeBinInt-InsertByte-EraseBytes-
#1803016	REDUCE cov: 303 ft: 1000 corp: 348/84Kb lim: 4096 exec/s: 64393 rss: 538Mb L: 1240/2678 MS: 4 ChangeByte-ChangeByte-InsertByte-EraseBytes-
#1810998	REDUCE cov: 303 ft: 1000 corp: 348/84Kb lim: 4096 exec/s: 64678 rss: 538Mb L: 1186/2678 MS: 2 ChangeBinInt-CrossOver-
#1812294	REDUCE cov: 303 ft: 1000 corp: 348/84Kb lim: 4096 exec/s: 64724 rss: 538Mb L: 235/2678 MS: 1 EraseBytes-
#1815560	REDUCE cov: 303 ft: 1000 corp: 348/84Kb lim: 4096 exec/s: 64841 rss: 538Mb L: 66/2678 MS: 1 EraseBytes-
#1823981	REDUCE cov: 303 ft: 1000 corp: 348/84Kb lim: 4096 exec/s: 65142 rss: 538Mb L: 1440/2678 MS: 1 EraseBytes-
#1827076	REDUCE cov: 303 ft: 1000 corp: 348/84Kb lim: 4096 exec/s: 65252 rss: 538Mb L: 1542/2678 MS: 5 ShuffleBytes-ChangeByte-CopyPart-ChangeBit-EraseBytes-
#1827248	REDUCE cov: 303 ft: 1000 corp: 348/84Kb lim: 4096 exec/s: 65258 rss: 538Mb L: 170/2678 MS: 2 EraseBytes-InsertRepeatedBytes-
#1828969	REDUCE cov: 303 ft: 1000 corp: 348/84Kb lim: 4096 exec/s: 65320 rss: 538Mb L: 4/2678 MS: 1 EraseBytes-
#1834065	REDUCE cov: 303 ft: 1000 corp: 348/84Kb lim: 4096 exec/s: 65502 rss: 538Mb L: 2088/2678 MS: 1 EraseBytes-
#1844011	REDUCE cov: 303 ft: 1000 corp: 348/84Kb lim: 4096 exec/s: 65857 rss: 538Mb L: 1424/2678 MS: 1 EraseBytes-
#1850257	REDUCE cov: 303 ft: 1000 corp: 348/84Kb lim: 4096 exec/s: 66080 rss: 538Mb L: 15/2678 MS: 1 EraseBytes-
#1864008	REDUCE cov: 303 ft: 1000 corp: 348/84Kb lim: 4096 exec/s: 64276 rss: 538Mb L: 109/2678 MS: 1 EraseBytes-
#1864050	REDUCE cov: 303 ft: 1000 corp: 348/84Kb lim: 4096 exec/s: 64277 rss: 538Mb L: 1409/2678 MS: 2 InsertRepeatedBytes-EraseBytes-
#1870282	REDUCE cov: 303 ft: 1000 corp: 348/84Kb lim: 4096 exec/s: 64492 rss: 538Mb L: 27/2678 MS: 2 ChangeBit-EraseBytes-
#1871769	REDUCE cov: 303 ft: 1000 corp: 348/84Kb lim: 4096 exec/s: 64543 rss: 538Mb L: 23/2678 MS: 2 ShuffleBytes-EraseBytes-
#1892337	REDUCE cov: 303 ft: 1000 corp: 348/84Kb lim: 4096 exec/s: 65253 rss: 538Mb L: 2170/2678 MS: 3 ManualDict-ShuffleBytes-EraseBytes- DE: "invalid distance too far back"-
#1897069	REDUCE cov: 303 ft: 1000 corp: 348/84Kb lim: 4096 exec/s: 65416 rss: 538Mb L: 2651/2651 MS: 2 ChangeBit-EraseBytes-
#1901585	REDUCE cov: 303 ft: 1000 corp: 348/84Kb lim: 4096 exec/s: 65571 rss: 538Mb L: 17/2651 MS: 1 EraseBytes-
#1906366	REDUCE cov: 303 ft: 1000 corp: 348/84Kb lim: 4096 exec/s: 65736 rss: 538Mb L: 154/2651 MS: 1 EraseBytes-
#1910267	REDUCE cov: 303 ft: 1000 corp: 348/84Kb lim: 4096 exec/s: 65871 rss: 538Mb L: 143/2651 MS: 1 EraseBytes-
#1914854	REDUCE cov: 303 ft: 1000 corp: 348/84Kb lim: 4096 exec/s: 66029 rss: 538Mb L: 2650/2650 MS: 2 PersAutoDict-EraseBytes- DE: "already enough lookahead"-
#1915270	REDUCE cov: 303 ft: 1000 corp: 348/84Kb lim: 4096 exec/s: 66043 rss: 538Mb L: 165/2650 MS: 1 EraseBytes-
#1924052	REDUCE cov: 303 ft: 1000 corp: 348/84Kb lim: 4096 exec/s: 66346 rss: 538Mb L: 1223/2650 MS: 2 ShuffleBytes-EraseBytes-
#1930723	REDUCE cov: 303 ft: 1000 corp: 348/84Kb lim: 4096 exec/s: 66576 rss: 538Mb L: 91/2650 MS: 1 EraseBytes-
#1932885	REDUCE cov: 303 ft: 1000 corp: 348/84Kb lim: 4096 exec/s: 64429 rss: 538Mb L: 24/2650 MS: 2 InsertByte-EraseBytes-
#1934587	REDUCE cov: 303 ft: 1000 corp: 348/84Kb lim: 4096 exec/s: 64486 rss: 538Mb L: 15/2650 MS: 2 EraseBytes-ChangeBit-
#1938413	REDUCE cov: 303 ft: 1000 corp: 348/84Kb lim: 4096 exec/s: 64613 rss: 538Mb L: 45/2650 MS: 1 EraseBytes-
#1940744	REDUCE cov: 303 ft: 1000 corp: 348/84Kb lim: 4096 exec/s: 64691 rss: 538Mb L: 1236/2650 MS: 1 EraseBytes-
#1946380	REDUCE cov: 303 ft: 1000 corp: 348/84Kb lim: 4096 exec/s: 64879 rss: 538Mb L: 7/2650 MS: 1 EraseBytes-
#1946761	REDUCE cov: 303 ft: 1000 corp: 348/84Kb lim: 4096 exec/s: 64892 rss: 538Mb L: 136/2650 MS: 1 EraseBytes-
#1950188	REDUCE cov: 303 ft: 1000 corp: 348/84Kb lim: 4096 exec/s: 65006 rss: 538Mb L: 67/2650 MS: 2 InsertByte-EraseBytes-
#1951649	REDUCE cov: 303 ft: 1000 corp: 348/84Kb lim: 4096 exec/s: 65054 rss: 538Mb L: 2086/2650 MS: 1 EraseBytes-
#1957444	REDUCE cov: 303 ft: 1000 corp: 348/84Kb lim: 4096 exec/s: 65248 rss: 538Mb L: 1372/2650 MS: 5 CopyPart-ManualDict-InsertRepeatedBytes-CopyPart-EraseBytes- DE: "invalid distance code"-
#1957730	REDUCE cov: 303 ft: 1000 corp: 348/84Kb lim: 4096 exec/s: 65257 rss: 538Mb L: 14/2650 MS: 1 EraseBytes-
#1959496	REDUCE cov: 303 ft: 1000 corp: 348/84Kb lim: 4096 exec/s: 65316 rss: 538Mb L: 36/2650 MS: 1 EraseBytes-
#1970994	REDUCE cov: 303 ft: 1000 corp: 348/84Kb lim: 4096 exec/s: 65699 rss: 538Mb L: 134/2650 MS: 3 ShuffleBytes-InsertByte-EraseBytes-
#1973590	REDUCE cov: 303 ft: 1000 corp: 348/84Kb lim: 4096 exec/s: 65786 rss: 538Mb L: 17/2650 MS: 1 EraseBytes-
#1974706	REDUCE cov: 303 ft: 1000 corp: 348/84Kb lim: 4096 exec/s: 65823 rss: 538Mb L: 127/2650 MS: 1 EraseBytes-
#1985552	REDUCE cov: 303 ft: 1000 corp: 348/84Kb lim: 4096 exec/s: 66185 rss: 538Mb L: 1176/2650 MS: 1 EraseBytes-
#1987149	REDUCE cov: 303 ft: 1000 corp: 348/84Kb lim: 4096 exec/s: 66238 rss: 538Mb L: 137/2650 MS: 2 ChangeASCIIInt-EraseBytes-
#1994160	REDUCE cov: 303 ft: 1000 corp: 348/84Kb lim: 4096 exec/s: 66472 rss: 538Mb L: 1215/2650 MS: 1 EraseBytes-
#2002492	REDUCE cov: 303 ft: 1000 corp: 348/84Kb lim: 4096 exec/s: 66749 rss: 538Mb L: 1141/2650 MS: 2 ShuffleBytes-EraseBytes-
#2003533	REDUCE cov: 303 ft: 1000 corp: 348/84Kb lim: 4096 exec/s: 64630 rss: 538Mb L: 1350/2650 MS: 1 EraseBytes-
#2005412	REDUCE cov: 303 ft: 1000 corp: 348/83Kb lim: 4096 exec/s: 64690 rss: 538Mb L: 2342/2342 MS: 4 ChangeBinInt-CopyPart-ChangeBinInt-EraseBytes-
#2005696	REDUCE cov: 303 ft: 1000 corp: 348/83Kb lim: 4096 exec/s: 64699 rss: 538Mb L: 2325/2340 MS: 4 InsertByte-ShuffleBytes-ManualDict-EraseBytes- DE: "scan[2]?"-
#2006367	REDUCE cov: 303 ft: 1000 corp: 348/83Kb lim: 4096 exec/s: 64721 rss: 538Mb L: 51/2340 MS: 1 EraseBytes-
#2007983	REDUCE cov: 303 ft: 1000 corp: 348/83Kb lim: 4096 exec/s: 64773 rss: 538Mb L: 108/2340 MS: 1 EraseBytes-
#2009530	REDUCE cov: 303 ft: 1000 corp: 348/83Kb lim: 4096 exec/s: 64823 rss: 538Mb L: 13/2340 MS: 2 ChangeBinInt-EraseBytes-
#2010087	REDUCE cov: 303 ft: 1000 corp: 348/83Kb lim: 4096 exec/s: 64841 rss: 538Mb L: 183/2340 MS: 2 InsertByte-EraseBytes-
#2016873	REDUCE cov: 303 ft: 1000 corp: 348/83Kb lim: 4096 exec/s: 65060 rss: 538Mb L: 852/2340 MS: 1 EraseBytes-
#2017854	REDUCE cov: 303 ft: 1000 corp: 348/83Kb lim: 4096 exec/s: 65092 rss: 538Mb L: 131/2340 MS: 1 EraseBytes-
#2018456	REDUCE cov: 303 ft: 1000 corp: 348/83Kb lim: 4096 exec/s: 65111 rss: 538Mb L: 1522/2340 MS: 2 InsertByte-EraseBytes-
#2028354	REDUCE cov: 303 ft: 1000 corp: 348/83Kb lim: 4096 exec/s: 65430 rss: 539Mb L: 84/2340 MS: 3 CrossOver-ChangeBinInt-EraseBytes-
#2029691	REDUCE cov: 303 ft: 1000 corp: 348/83Kb lim: 4096 exec/s: 65473 rss: 539Mb L: 52/2340 MS: 2 ChangeBinInt-EraseBytes-
#2032362	REDUCE cov: 303 ft: 1000 corp: 348/83Kb lim: 4096 exec/s: 65560 rss: 539Mb L: 2146/2340 MS: 1 EraseBytes-
#2035835	REDUCE cov: 303 ft: 1000 corp: 348/83Kb lim: 4096 exec/s: 65672 rss: 539Mb L: 49/2340 MS: 3 ChangeBit-ChangeASCIIInt-EraseBytes-
#2036241	REDUCE cov: 303 ft: 1000 corp: 348/83Kb lim: 4096 exec/s: 65685 rss: 539Mb L: 16/2340 MS: 1 EraseBytes-
#2038093	REDUCE cov: 303 ft: 1000 corp: 348/83Kb lim: 4096 exec/s: 65744 rss: 539Mb L: 1111/2340 MS: 2 ChangeBit-EraseBytes-
#2039639	REDUCE cov: 303 ft: 1000 corp: 348/83Kb lim: 4096 exec/s: 65794 rss: 539Mb L: 1414/2340 MS: 1 EraseBytes-
#2043406	REDUCE cov: 303 ft: 1000 corp: 348/83Kb lim: 4096 exec/s: 65916 rss: 539Mb L: 130/2340 MS: 2 EraseBytes-CopyPart-
#2065152	REDUCE cov: 303 ft: 1000 corp: 348/83Kb lim: 4096 exec/s: 66617 rss: 539Mb L: 114/2340 MS: 1 EraseBytes-
#2067382	REDUCE cov: 303 ft: 1000 corp: 348/83Kb lim: 4096 exec/s: 66689 rss: 539Mb L: 2298/2340 MS: 5 ChangeByte-ChangeBit-ChangeBinInt-EraseBytes-CopyPart-
#2070328	REDUCE cov: 303 ft: 1000 corp: 348/83Kb lim: 4096 exec/s: 66784 rss: 539Mb L: 1339/2340 MS: 1 EraseBytes-
#2074085	REDUCE cov: 303 ft: 1000 corp: 348/83Kb lim: 4096 exec/s: 64815 rss: 539Mb L: 7/2340 MS: 2 EraseBytes-InsertByte-
#2076161	REDUCE cov: 303 ft: 1000 corp: 348/83Kb lim: 4096 exec/s: 64880 rss: 539Mb L: 1549/2340 MS: 1 EraseBytes-
#2076677	REDUCE cov: 303 ft: 1000 corp: 348/83Kb lim: 4096 exec/s: 64896 rss: 539Mb L: 22/2340 MS: 1 EraseBytes-
#2078328	REDUCE cov: 303 ft: 1000 corp: 348/83Kb lim: 4096 exec/s: 64947 rss: 539Mb L: 1314/2340 MS: 1 EraseBytes-
#2082726	REDUCE cov: 303 ft: 1000 corp: 348/83Kb lim: 4096 exec/s: 65085 rss: 539Mb L: 1311/2340 MS: 3 InsertByte-ChangeByte-EraseBytes-
#2083028	REDUCE cov: 303 ft: 1000 corp: 348/83Kb lim: 4096 exec/s: 65094 rss: 539Mb L: 171/2340 MS: 2 ChangeBinInt-CrossOver-
#2088754	REDUCE cov: 303 ft: 1000 corp: 348/83Kb lim: 4096 exec/s: 65273 rss: 539Mb L: 151/2340 MS: 1 EraseBytes-
#2093365	REDUCE cov: 303 ft: 1000 corp: 348/83Kb lim: 4096 exec/s: 65417 rss: 539Mb L: 87/2340 MS: 1 EraseBytes-
#2097152	pulse  cov: 303 ft: 1000 corp: 348/83Kb lim: 4096 exec/s: 65536 rss: 539Mb
#2098311	REDUCE cov: 303 ft: 1000 corp: 348/83Kb lim: 4096 exec/s: 65572 rss: 539Mb L: 806/2340 MS: 1 EraseBytes-
#2104247	REDUCE cov: 303 ft: 1000 corp: 348/83Kb lim: 4096 exec/s: 65757 rss: 539Mb L: 105/2340 MS: 1 EraseBytes-
#2108828	REDUCE cov: 303 ft: 1000 corp: 348/83Kb lim: 4096 exec/s: 65900 rss: 539Mb L: 34/2340 MS: 1 EraseBytes-
#2113537	REDUCE cov: 303 ft: 1000 corp: 348/83Kb lim: 4096 exec/s: 66048 rss: 539Mb L: 438/2340 MS: 4 CopyPart-ChangeASCIIInt-InsertByte-EraseBytes-
#2116228	REDUCE cov: 303 ft: 1000 corp: 348/83Kb lim: 4096 exec/s: 66132 rss: 539Mb L: 22/2340 MS: 1 EraseBytes-
#2128135	REDUCE cov: 303 ft: 1000 corp: 348/83Kb lim: 4096 exec/s: 66504 rss: 539Mb L: 40/2340 MS: 2 ShuffleBytes-EraseBytes-
#2128356	REDUCE cov: 303 ft: 1000 corp: 348/83Kb lim: 4096 exec/s: 66511 rss: 539Mb L: 45/2340 MS: 1 EraseBytes-
#2129003	REDUCE cov: 303 ft: 1000 corp: 348/83Kb lim: 4096 exec/s: 66531 rss: 539Mb L: 18/2340 MS: 2 ChangeByte-EraseBytes-
#2136639	REDUCE cov: 303 ft: 1000 corp: 348/83Kb lim: 4096 exec/s: 66769 rss: 539Mb L: 126/2340 MS: 1 EraseBytes-
#2136985	REDUCE cov: 303 ft: 1000 corp: 348/83Kb lim: 4096 exec/s: 66780 rss: 539Mb L: 59/2340 MS: 1 EraseBytes-
#2137686	REDUCE cov: 303 ft: 1000 corp: 348/83Kb lim: 4096 exec/s: 66802 rss: 539Mb L: 96/2340 MS: 1 EraseBytes-
#2138865	REDUCE cov: 303 ft: 1000 corp: 348/83Kb lim: 4096 exec/s: 66839 rss: 539Mb L: 2271/2340 MS: 4 ChangeBit-ChangeBinInt-ChangeBit-EraseBytes-
#2143887	REDUCE cov: 303 ft: 1000 corp: 348/83Kb lim: 4096 exec/s: 64966 rss: 539Mb L: 26/2340 MS: 2 ChangeBit-EraseBytes-
#2151133	REDUCE cov: 303 ft: 1000 corp: 348/83Kb lim: 4096 exec/s: 65185 rss: 539Mb L: 778/2340 MS: 1 EraseBytes-
#2155825	REDUCE cov: 303 ft: 1000 corp: 348/83Kb lim: 4096 exec/s: 65328 rss: 539Mb L: 7/2340 MS: 2 EraseBytes-ChangeBinInt-
#2156196	REDUCE cov: 303 ft: 1000 corp: 348/83Kb lim: 4096 exec/s: 65339 rss: 539Mb L: 84/2340 MS: 1 EraseBytes-
#2162742	REDUCE cov: 303 ft: 1000 corp: 348/83Kb lim: 4096 exec/s: 65537 rss: 539Mb L: 184/2340 MS: 1 EraseBytes-
#2165308	REDUCE cov: 303 ft: 1000 corp: 348/83Kb lim: 4096 exec/s: 65615 rss: 539Mb L: 61/2340 MS: 1 EraseBytes-
#2165592	REDUCE cov: 303 ft: 1000 corp: 348/83Kb lim: 4096 exec/s: 65624 rss: 539Mb L: 44/2340 MS: 4 ChangeBit-ChangeASCIIInt-EraseBytes-ChangeBit-
#2168675	REDUCE cov: 303 ft: 1000 corp: 348/83Kb lim: 4096 exec/s: 65717 rss: 539Mb L: 2079/2340 MS: 3 ChangeBit-PersAutoDict-EraseBytes- DE: "no future"-
#2172919	REDUCE cov: 303 ft: 1000 corp: 348/83Kb lim: 4096 exec/s: 65846 rss: 539Mb L: 49/2340 MS: 4 ShuffleBytes-CrossOver-EraseBytes-CopyPart-
#2176661	REDUCE cov: 303 ft: 1000 corp: 348/83Kb lim: 4096 exec/s: 65959 rss: 539Mb L: 25/2340 MS: 2 ChangeByte-EraseBytes-
#2180639	REDUCE cov: 303 ft: 1000 corp: 348/83Kb lim: 4096 exec/s: 66079 rss: 539Mb L: 1318/2340 MS: 3 InsertRepeatedBytes-EraseBytes-CopyPart-
#2191428	REDUCE cov: 303 ft: 1000 corp: 348/83Kb lim: 4096 exec/s: 66406 rss: 539Mb L: 122/2340 MS: 4 ManualDict-InsertByte-ChangeByte-EraseBytes- DE: "bad compressed size"-
#2199069	REDUCE cov: 303 ft: 1000 corp: 348/83Kb lim: 4096 exec/s: 66638 rss: 539Mb L: 31/2340 MS: 1 EraseBytes-
#2200460	REDUCE cov: 303 ft: 1000 corp: 348/83Kb lim: 4096 exec/s: 66680 rss: 539Mb L: 110/2340 MS: 1 EraseBytes-
#2203616	REDUCE cov: 303 ft: 1000 corp: 348/83Kb lim: 4096 exec/s: 66776 rss: 539Mb L: 1261/2340 MS: 1 EraseBytes-
#2206407	REDUCE cov: 303 ft: 1000 corp: 348/83Kb lim: 4096 exec/s: 66860 rss: 539Mb L: 317/2340 MS: 1 EraseBytes-
#2207003	REDUCE cov: 303 ft: 1000 corp: 348/83Kb lim: 4096 exec/s: 66878 rss: 539Mb L: 994/2340 MS: 1 EraseBytes-
#2208354	REDUCE cov: 303 ft: 1000 corp: 348/83Kb lim: 4096 exec/s: 64951 rss: 539Mb L: 1272/2340 MS: 1 EraseBytes-
#2212661	REDUCE cov: 303 ft: 1000 corp: 348/83Kb lim: 4096 exec/s: 65078 rss: 539Mb L: 1314/2340 MS: 2 InsertByte-EraseBytes-
#2215252	REDUCE cov: 303 ft: 1000 corp: 348/83Kb lim: 4096 exec/s: 65154 rss: 539Mb L: 45/2340 MS: 1 EraseBytes-
#2222428	REDUCE cov: 303 ft: 1000 corp: 348/83Kb lim: 4096 exec/s: 65365 rss: 539Mb L: 1104/2340 MS: 1 EraseBytes-
#2228084	REDUCE cov: 303 ft: 1000 corp: 348/83Kb lim: 4096 exec/s: 65531 rss: 539Mb L: 232/2340 MS: 1 EraseBytes-
#2236505	REDUCE cov: 303 ft: 1000 corp: 348/83Kb lim: 4096 exec/s: 65779 rss: 539Mb L: 25/2340 MS: 1 EraseBytes-
#2236963	REDUCE cov: 303 ft: 1000 corp: 348/83Kb lim: 4096 exec/s: 65793 rss: 539Mb L: 231/2340 MS: 3 InsertByte-ShuffleBytes-EraseBytes-
#2240279	REDUCE cov: 303 ft: 1000 corp: 348/83Kb lim: 4096 exec/s: 65890 rss: 539Mb L: 35/2340 MS: 1 EraseBytes-
#2242460	REDUCE cov: 303 ft: 1000 corp: 348/83Kb lim: 4096 exec/s: 65954 rss: 539Mb L: 20/2340 MS: 1 EraseBytes-
#2244976	REDUCE cov: 303 ft: 1000 corp: 348/83Kb lim: 4096 exec/s: 66028 rss: 539Mb L: 82/2340 MS: 1 EraseBytes-
#2246147	REDUCE cov: 303 ft: 1000 corp: 348/83Kb lim: 4096 exec/s: 66063 rss: 539Mb L: 89/2340 MS: 1 EraseBytes-
#2250483	REDUCE cov: 303 ft: 1000 corp: 348/83Kb lim: 4096 exec/s: 66190 rss: 539Mb L: 777/2340 MS: 1 EraseBytes-
#2251839	REDUCE cov: 303 ft: 1000 corp: 348/83Kb lim: 4096 exec/s: 66230 rss: 539Mb L: 987/2340 MS: 1 EraseBytes-
#2252373	REDUCE cov: 303 ft: 1000 corp: 348/82Kb lim: 4096 exec/s: 66246 rss: 539Mb L: 950/2340 MS: 4 ChangeByte-ChangeByte-ChangeBinInt-EraseBytes-
#2252920	REDUCE cov: 303 ft: 1000 corp: 348/82Kb lim: 4096 exec/s: 66262 rss: 539Mb L: 21/2340 MS: 2 ChangeByte-EraseBytes-
#2256646	REDUCE cov: 303 ft: 1000 corp: 348/82Kb lim: 4096 exec/s: 66371 rss: 539Mb L: 1150/2340 MS: 1 EraseBytes-
#2258013	REDUCE cov: 303 ft: 1000 corp: 348/82Kb lim: 4096 exec/s: 66412 rss: 539Mb L: 94/2340 MS: 2 ShuffleBytes-EraseBytes-
#2268629	REDUCE cov: 303 ft: 1000 corp: 348/82Kb lim: 4096 exec/s: 66724 rss: 539Mb L: 70/2340 MS: 1 EraseBytes-
#2274325	REDUCE cov: 303 ft: 1000 corp: 348/82Kb lim: 4096 exec/s: 66891 rss: 539Mb L: 65/2340 MS: 1 EraseBytes-
#2276991	REDUCE cov: 303 ft: 1000 corp: 348/82Kb lim: 4096 exec/s: 66970 rss: 539Mb L: 38/2340 MS: 1 EraseBytes-
#2280832	REDUCE cov: 303 ft: 1000 corp: 348/82Kb lim: 4096 exec/s: 65166 rss: 539Mb L: 65/2340 MS: 1 EraseBytes-
#2281483	REDUCE cov: 303 ft: 1000 corp: 348/82Kb lim: 4096 exec/s: 65185 rss: 539Mb L: 16/2340 MS: 1 EraseBytes-
#2291096	REDUCE cov: 303 ft: 1000 corp: 348/82Kb lim: 4096 exec/s: 65459 rss: 539Mb L: 2184/2340 MS: 3 ChangeBinInt-EraseBytes-ChangeByte-
#2294042	REDUCE cov: 303 ft: 1000 corp: 348/82Kb lim: 4096 exec/s: 65544 rss: 539Mb L: 768/2340 MS: 1 EraseBytes-
#2295478	REDUCE cov: 303 ft: 1000 corp: 348/82Kb lim: 4096 exec/s: 65585 rss: 539Mb L: 122/2340 MS: 1 EraseBytes-
#2309145	REDUCE cov: 303 ft: 1000 corp: 348/82Kb lim: 4096 exec/s: 65975 rss: 539Mb L: 33/2340 MS: 2 ChangeBit-EraseBytes-
#2310666	REDUCE cov: 303 ft: 1000 corp: 348/82Kb lim: 4096 exec/s: 66019 rss: 539Mb L: 100/2340 MS: 1 EraseBytes-
#2313707	REDUCE cov: 303 ft: 1000 corp: 348/82Kb lim: 4096 exec/s: 66105 rss: 539Mb L: 56/2340 MS: 1 EraseBytes-
#2317665	REDUCE cov: 303 ft: 1000 corp: 348/82Kb lim: 4096 exec/s: 66219 rss: 539Mb L: 11/2340 MS: 3 ChangeASCIIInt-ChangeByte-EraseBytes-
#2326832	REDUCE cov: 303 ft: 1000 corp: 348/82Kb lim: 4096 exec/s: 66480 rss: 539Mb L: 1360/2340 MS: 2 ChangeByte-EraseBytes-
#2334203	REDUCE cov: 303 ft: 1000 corp: 348/82Kb lim: 4096 exec/s: 66691 rss: 539Mb L: 1219/2340 MS: 1 EraseBytes-
#2339004	REDUCE cov: 303 ft: 1000 corp: 348/82Kb lim: 4096 exec/s: 66828 rss: 539Mb L: 1260/2340 MS: 1 EraseBytes-
#2340395	REDUCE cov: 303 ft: 1000 corp: 348/82Kb lim: 4096 exec/s: 66868 rss: 539Mb L: 22/2340 MS: 1 EraseBytes-
#2341521	REDUCE cov: 303 ft: 1000 corp: 348/82Kb lim: 4096 exec/s: 66900 rss: 539Mb L: 239/2340 MS: 1 EraseBytes-
#2343812	REDUCE cov: 303 ft: 1000 corp: 348/82Kb lim: 4096 exec/s: 66966 rss: 539Mb L: 6/2340 MS: 1 EraseBytes-
#2355539	REDUCE cov: 303 ft: 1000 corp: 348/82Kb lim: 4096 exec/s: 65431 rss: 539Mb L: 2079/2340 MS: 2 ChangeBit-EraseBytes-
#2357630	REDUCE cov: 303 ft: 1000 corp: 348/82Kb lim: 4096 exec/s: 65489 rss: 539Mb L: 2074/2340 MS: 1 EraseBytes-
#2361657	REDUCE cov: 303 ft: 1000 corp: 348/82Kb lim: 4096 exec/s: 65601 rss: 539Mb L: 2325/2325 MS: 2 ManualDict-EraseBytes- DE: "     * Generated automatically by makefixed()."-
#2363903	REDUCE cov: 303 ft: 1000 corp: 348/82Kb lim: 4096 exec/s: 65663 rss: 539Mb L: 38/2325 MS: 1 EraseBytes-
#2367541	REDUCE cov: 303 ft: 1000 corp: 348/82Kb lim: 4096 exec/s: 65765 rss: 539Mb L: 32/2325 MS: 3 InsertByte-CopyPart-EraseBytes-
#2370217	REDUCE cov: 303 ft: 1000 corp: 348/82Kb lim: 4096 exec/s: 65839 rss: 539Mb L: 14/2325 MS: 1 EraseBytes-
#2372854	REDUCE cov: 303 ft: 1000 corp: 348/82Kb lim: 4096 exec/s: 65912 rss: 539Mb L: 40/2325 MS: 2 EraseBytes-ChangeBinInt-
#2374945	REDUCE cov: 303 ft: 1000 corp: 348/82Kb lim: 4096 exec/s: 65970 rss: 539Mb L: 9/2325 MS: 1 EraseBytes-
#2385768	REDUCE cov: 303 ft: 1000 corp: 348/82Kb lim: 4096 exec/s: 66271 rss: 539Mb L: 1289/2325 MS: 3 ChangeByte-ShuffleBytes-EraseBytes-
#2400759	REDUCE cov: 303 ft: 1000 corp: 348/82Kb lim: 4096 exec/s: 66687 rss: 539Mb L: 2059/2325 MS: 1 EraseBytes-
#2401330	REDUCE cov: 303 ft: 1000 corp: 348/82Kb lim: 4096 exec/s: 66703 rss: 539Mb L: 435/2325 MS: 1 EraseBytes-
#2406036	REDUCE cov: 303 ft: 1000 corp: 348/82Kb lim: 4096 exec/s: 66834 rss: 539Mb L: 46/2325 MS: 1 EraseBytes-
#2406242	REDUCE cov: 303 ft: 1000 corp: 348/82Kb lim: 4096 exec/s: 66840 rss: 539Mb L: 93/2325 MS: 1 EraseBytes-
#2407763	REDUCE cov: 303 ft: 1000 corp: 348/82Kb lim: 4096 exec/s: 66882 rss: 539Mb L: 117/2325 MS: 1 EraseBytes-
#2408420	REDUCE cov: 303 ft: 1000 corp: 348/82Kb lim: 4096 exec/s: 66900 rss: 539Mb L: 25/2325 MS: 2 ManualDict-EraseBytes- DE: "data error"-
#2408947	REDUCE cov: 303 ft: 1000 corp: 348/82Kb lim: 4096 exec/s: 66915 rss: 539Mb L: 67/2325 MS: 2 CrossOver-EraseBytes-
#2422504	REDUCE cov: 303 ft: 1000 corp: 348/82Kb lim: 4096 exec/s: 65473 rss: 539Mb L: 1175/2325 MS: 2 CopyPart-EraseBytes-
#2425555	REDUCE cov: 303 ft: 1000 corp: 348/82Kb lim: 4096 exec/s: 65555 rss: 539Mb L: 2176/2325 MS: 1 EraseBytes-
#2436437	REDUCE cov: 303 ft: 1000 corp: 348/82Kb lim: 4096 exec/s: 65849 rss: 539Mb L: 53/2325 MS: 2 ChangeBinInt-EraseBytes-
#2444124	REDUCE cov: 303 ft: 1000 corp: 348/82Kb lim: 4096 exec/s: 66057 rss: 539Mb L: 1246/2325 MS: 2 ChangeBinInt-EraseBytes-
#2444899	REDUCE cov: 303 ft: 1000 corp: 348/82Kb lim: 4096 exec/s: 66078 rss: 539Mb L: 2127/2325 MS: 5 ShuffleBytes-ChangeByte-InsertByte-CopyPart-EraseBytes-
#2445541	REDUCE cov: 303 ft: 1000 corp: 348/82Kb lim: 4096 exec/s: 66095 rss: 539Mb L: 23/2325 MS: 2 CopyPart-EraseBytes-
#2455487	REDUCE cov: 303 ft: 1000 corp: 348/82Kb lim: 4096 exec/s: 66364 rss: 539Mb L: 86/2325 MS: 1 EraseBytes-
#2458638	REDUCE cov: 303 ft: 1000 corp: 348/82Kb lim: 4096 exec/s: 66449 rss: 539Mb L: 326/2325 MS: 1 EraseBytes-
#2459424	REDUCE cov: 303 ft: 1000 corp: 348/82Kb lim: 4096 exec/s: 66470 rss: 539Mb L: 2004/2325 MS: 1 EraseBytes-
#2461091	REDUCE cov: 303 ft: 1000 corp: 348/82Kb lim: 4096 exec/s: 66515 rss: 539Mb L: 17/2325 MS: 2 ChangeByte-EraseBytes-
#2465714	REDUCE cov: 303 ft: 1000 corp: 348/82Kb lim: 4096 exec/s: 66640 rss: 539Mb L: 69/2325 MS: 3 ShuffleBytes-CopyPart-EraseBytes-
#2471155	REDUCE cov: 303 ft: 1000 corp: 348/82Kb lim: 4096 exec/s: 66787 rss: 539Mb L: 6/2325 MS: 1 EraseBytes-
#2474091	REDUCE cov: 303 ft: 1000 corp: 348/82Kb lim: 4096 exec/s: 66867 rss: 539Mb L: 1906/2325 MS: 1 CrossOver-
#2480022	REDUCE cov: 303 ft: 1000 corp: 348/82Kb lim: 4096 exec/s: 67027 rss: 539Mb L: 63/2325 MS: 1 EraseBytes-
#2483428	REDUCE cov: 303 ft: 1000 corp: 348/82Kb lim: 4096 exec/s: 65353 rss: 539Mb L: 407/2325 MS: 1 EraseBytes-
#2484105	REDUCE cov: 303 ft: 1000 corp: 348/82Kb lim: 4096 exec/s: 65371 rss: 539Mb L: 1623/2325 MS: 2 ShuffleBytes-EraseBytes-
#2484781	REDUCE cov: 303 ft: 1000 corp: 348/82Kb lim: 4096 exec/s: 65388 rss: 539Mb L: 2048/2325 MS: 1 EraseBytes-
#2491178	REDUCE cov: 303 ft: 1000 corp: 348/82Kb lim: 4096 exec/s: 65557 rss: 539Mb L: 2063/2325 MS: 2 CopyPart-EraseBytes-
#2506999	REDUCE cov: 303 ft: 1000 corp: 348/81Kb lim: 4096 exec/s: 65973 rss: 539Mb L: 203/2325 MS: 1 EraseBytes-
#2514401	REDUCE cov: 303 ft: 1000 corp: 348/81Kb lim: 4096 exec/s: 66168 rss: 539Mb L: 1275/2325 MS: 2 ShuffleBytes-EraseBytes-
#2518424	REDUCE cov: 303 ft: 1000 corp: 348/81Kb lim: 4096 exec/s: 66274 rss: 539Mb L: 42/2325 MS: 3 ChangeBit-ChangeBinInt-EraseBytes-
#2520967	REDUCE cov: 303 ft: 1000 corp: 348/81Kb lim: 4096 exec/s: 66341 rss: 539Mb L: 17/2325 MS: 3 ChangeByte-EraseBytes-ChangeBit-
#2525978	REDUCE cov: 303 ft: 1000 corp: 348/81Kb lim: 4096 exec/s: 66473 rss: 539Mb L: 2054/2325 MS: 1 EraseBytes-
#2527094	REDUCE cov: 303 ft: 1000 corp: 348/81Kb lim: 4096 exec/s: 66502 rss: 539Mb L: 13/2325 MS: 1 EraseBytes-
#2527825	REDUCE cov: 303 ft: 1000 corp: 348/81Kb lim: 4096 exec/s: 66521 rss: 539Mb L: 1207/2325 MS: 1 EraseBytes-
#2538351	REDUCE cov: 303 ft: 1000 corp: 348/81Kb lim: 4096 exec/s: 66798 rss: 539Mb L: 77/2325 MS: 1 EraseBytes-
#2540232	REDUCE cov: 303 ft: 1000 corp: 348/81Kb lim: 4096 exec/s: 66848 rss: 539Mb L: 279/2325 MS: 1 EraseBytes-
#2546694	REDUCE cov: 303 ft: 1000 corp: 348/81Kb lim: 4096 exec/s: 67018 rss: 539Mb L: 12/2325 MS: 2 ChangeBinInt-EraseBytes-
#2548350	REDUCE cov: 303 ft: 1000 corp: 348/81Kb lim: 4096 exec/s: 67061 rss: 539Mb L: 894/2325 MS: 1 EraseBytes-
#2548836	REDUCE cov: 303 ft: 1000 corp: 348/81Kb lim: 4096 exec/s: 67074 rss: 539Mb L: 31/2325 MS: 1 EraseBytes-
#2562017	REDUCE cov: 303 ft: 1000 corp: 348/81Kb lim: 4096 exec/s: 65692 rss: 539Mb L: 12/2325 MS: 1 EraseBytes-
#2572678	REDUCE cov: 303 ft: 1000 corp: 348/81Kb lim: 4096 exec/s: 65966 rss: 539Mb L: 1578/2325 MS: 1 EraseBytes-
#2572699	REDUCE cov: 303 ft: 1000 corp: 348/81Kb lim: 4096 exec/s: 65966 rss: 539Mb L: 29/2325 MS: 1 EraseBytes-
#2576465	REDUCE cov: 303 ft: 1000 corp: 348/81Kb lim: 4096 exec/s: 66063 rss: 539Mb L: 46/2325 MS: 1 EraseBytes-
#2582206	REDUCE cov: 303 ft: 1000 corp: 348/81Kb lim: 4096 exec/s: 66210 rss: 539Mb L: 112/2325 MS: 1 EraseBytes-
#2585132	REDUCE cov: 303 ft: 1000 corp: 348/81Kb lim: 4096 exec/s: 66285 rss: 539Mb L: 1286/2325 MS: 1 EraseBytes-
#2586748	REDUCE cov: 303 ft: 1000 corp: 348/81Kb lim: 4096 exec/s: 66326 rss: 539Mb L: 92/2325 MS: 1 EraseBytes-
#2587584	REDUCE cov: 303 ft: 1000 corp: 348/81Kb lim: 4096 exec/s: 66348 rss: 539Mb L: 712/2325 MS: 1 EraseBytes-
#2594411	REDUCE cov: 303 ft: 1000 corp: 348/81Kb lim: 4096 exec/s: 66523 rss: 539Mb L: 13/2325 MS: 2 ChangeBit-EraseBytes-
#2597227	REDUCE cov: 303 ft: 1000 corp: 348/81Kb lim: 4096 exec/s: 66595 rss: 539Mb L: 1067/2325 MS: 1 EraseBytes-
#2597898	REDUCE cov: 303 ft: 1000 corp: 348/81Kb lim: 4096 exec/s: 66612 rss: 539Mb L: 67/2325 MS: 1 EraseBytes-
#2599899	REDUCE cov: 303 ft: 1000 corp: 348/81Kb lim: 4096 exec/s: 66664 rss: 539Mb L: 1299/2325 MS: 1 EraseBytes-
#2600145	REDUCE cov: 303 ft: 1000 corp: 348/81Kb lim: 4096 exec/s: 66670 rss: 539Mb L: 63/2325 MS: 1 EraseBytes-
#2617751	REDUCE cov: 303 ft: 1000 corp: 348/81Kb lim: 4096 exec/s: 67121 rss: 539Mb L: 31/2325 MS: 1 EraseBytes-
#2618148	REDUCE cov: 303 ft: 1000 corp: 348/81Kb lim: 4096 exec/s: 67132 rss: 539Mb L: 22/2325 MS: 2 EraseBytes-ChangeBinInt-
#2624594	REDUCE cov: 303 ft: 1000 corp: 348/81Kb lim: 4096 exec/s: 65614 rss: 539Mb L: 12/2325 MS: 1 EraseBytes-
#2625520	REDUCE cov: 303 ft: 1000 corp: 348/81Kb lim: 4096 exec/s: 65638 rss: 539Mb L: 2031/2325 MS: 1 EraseBytes-
#2627002	REDUCE cov: 303 ft: 1000 corp: 348/81Kb lim: 4096 exec/s: 65675 rss: 539Mb L: 339/2325 MS: 2 ShuffleBytes-EraseBytes-
#2633754	REDUCE cov: 303 ft: 1000 corp: 348/81Kb lim: 4096 exec/s: 65843 rss: 539Mb L: 35/2325 MS: 2 CrossOver-EraseBytes-
#2638066	REDUCE cov: 303 ft: 1000 corp: 348/81Kb lim: 4096 exec/s: 65951 rss: 539Mb L: 1247/2325 MS: 2 InsertRepeatedBytes-EraseBytes-
#2639787	REDUCE cov: 303 ft: 1000 corp: 348/81Kb lim: 4096 exec/s: 65994 rss: 539Mb L: 1566/2325 MS: 1 EraseBytes-
#2645223	REDUCE cov: 303 ft: 1000 corp: 348/81Kb lim: 4096 exec/s: 66130 rss: 539Mb L: 91/2325 MS: 1 EraseBytes-
#2663994	REDUCE cov: 303 ft: 1000 corp: 348/81Kb lim: 4096 exec/s: 66599 rss: 539Mb L: 247/2325 MS: 1 EraseBytes-
#2666286	REDUCE cov: 303 ft: 1000 corp: 348/81Kb lim: 4096 exec/s: 66657 rss: 539Mb L: 37/2325 MS: 2 ShuffleBytes-EraseBytes-
#2668538	REDUCE cov: 303 ft: 1000 corp: 348/81Kb lim: 4096 exec/s: 66713 rss: 539Mb L: 30/2325 MS: 2 ChangeByte-EraseBytes-
#2672007	REDUCE cov: 303 ft: 1000 corp: 348/81Kb lim: 4096 exec/s: 66800 rss: 539Mb L: 1543/2325 MS: 4 ChangeASCIIInt-ChangeASCIIInt-ChangeByte-EraseBytes-
#2674714	REDUCE cov: 303 ft: 1000 corp: 348/81Kb lim: 4096 exec/s: 66867 rss: 539Mb L: 1495/2325 MS: 2 ShuffleBytes-CrossOver-
#2683730	REDUCE cov: 303 ft: 1000 corp: 348/81Kb lim: 4096 exec/s: 67093 rss: 539Mb L: 1456/2325 MS: 1 EraseBytes-
#2684551	REDUCE cov: 303 ft: 1000 corp: 348/81Kb lim: 4096 exec/s: 67113 rss: 539Mb L: 2310/2310 MS: 1 EraseBytes-
#2686130	REDUCE cov: 303 ft: 1000 corp: 348/81Kb lim: 4096 exec/s: 67153 rss: 539Mb L: 1447/2310 MS: 4 InsertRepeatedBytes-ChangeASCIIInt-ChangeASCIIInt-EraseBytes-
#2694197	REDUCE cov: 303 ft: 1000 corp: 348/81Kb lim: 4096 exec/s: 65712 rss: 539Mb L: 1388/2310 MS: 2 CrossOver-EraseBytes-
#2696668	REDUCE cov: 303 ft: 1000 corp: 348/81Kb lim: 4096 exec/s: 65772 rss: 539Mb L: 1214/2310 MS: 1 EraseBytes-
#2701924	REDUCE cov: 303 ft: 1000 corp: 348/81Kb lim: 4096 exec/s: 65900 rss: 539Mb L: 39/2310 MS: 1 EraseBytes-
#2708180	REDUCE cov: 303 ft: 1000 corp: 348/81Kb lim: 4096 exec/s: 66053 rss: 539Mb L: 16/2310 MS: 1 EraseBytes-
#2708701	REDUCE cov: 303 ft: 1000 corp: 348/81Kb lim: 4096 exec/s: 66065 rss: 539Mb L: 87/2310 MS: 1 EraseBytes-
#2709027	REDUCE cov: 303 ft: 1000 corp: 348/81Kb lim: 4096 exec/s: 66073 rss: 539Mb L: 67/2310 MS: 1 EraseBytes-
#2710518	REDUCE cov: 303 ft: 1000 corp: 348/81Kb lim: 4096 exec/s: 66110 rss: 539Mb L: 181/2310 MS: 1 EraseBytes-
#2721790	REDUCE cov: 303 ft: 1000 corp: 348/81Kb lim: 4096 exec/s: 66385 rss: 539Mb L: 21/2310 MS: 2 ChangeByte-EraseBytes-
#2735496	REDUCE cov: 303 ft: 1000 corp: 348/81Kb lim: 4096 exec/s: 66719 rss: 539Mb L: 1288/2310 MS: 1 EraseBytes-
#2741902	REDUCE cov: 303 ft: 1000 corp: 348/81Kb lim: 4096 exec/s: 66875 rss: 539Mb L: 20/2310 MS: 1 EraseBytes-
#2749903	REDUCE cov: 303 ft: 1000 corp: 348/81Kb lim: 4096 exec/s: 67070 rss: 539Mb L: 772/2310 MS: 1 EraseBytes-
#2751319	REDUCE cov: 303 ft: 1000 corp: 348/81Kb lim: 4096 exec/s: 67105 rss: 539Mb L: 81/2310 MS: 1 EraseBytes-
#2758775	REDUCE cov: 303 ft: 1000 corp: 348/81Kb lim: 4096 exec/s: 67287 rss: 539Mb L: 1368/2310 MS: 1 EraseBytes-
#2763216	REDUCE cov: 303 ft: 1000 corp: 348/81Kb lim: 4096 exec/s: 67395 rss: 539Mb L: 1264/2310 MS: 1 EraseBytes-
#2767724	REDUCE cov: 303 ft: 1000 corp: 348/81Kb lim: 4096 exec/s: 65898 rss: 539Mb L: 954/2310 MS: 3 ChangeBit-ChangeBinInt-EraseBytes-
#2768655	REDUCE cov: 303 ft: 1000 corp: 348/81Kb lim: 4096 exec/s: 65920 rss: 539Mb L: 20/2310 MS: 1 EraseBytes-
#2772891	REDUCE cov: 303 ft: 1000 corp: 348/81Kb lim: 4096 exec/s: 66021 rss: 539Mb L: 83/2310 MS: 1 EraseBytes-
#2784065	REDUCE cov: 303 ft: 1000 corp: 348/81Kb lim: 4096 exec/s: 66287 rss: 539Mb L: 1126/2310 MS: 4 CopyPart-ChangeBinInt-ChangeByte-EraseBytes-
#2789841	REDUCE cov: 303 ft: 1000 corp: 348/81Kb lim: 4096 exec/s: 66424 rss: 539Mb L: 1195/2310 MS: 1 EraseBytes-
#2792160	REDUCE cov: 303 ft: 1000 corp: 348/81Kb lim: 4096 exec/s: 66480 rss: 539Mb L: 2288/2288 MS: 4 ShuffleBytes-CrossOver-EraseBytes-CrossOver-
#2792826	REDUCE cov: 303 ft: 1000 corp: 348/81Kb lim: 4096 exec/s: 66495 rss: 539Mb L: 40/2288 MS: 1 EraseBytes-
#2794517	REDUCE cov: 303 ft: 1000 corp: 348/81Kb lim: 4096 exec/s: 66536 rss: 539Mb L: 11/2288 MS: 1 EraseBytes-
#2802898	REDUCE cov: 303 ft: 1000 corp: 348/81Kb lim: 4096 exec/s: 66735 rss: 539Mb L: 22/2288 MS: 1 EraseBytes-
#2804214	REDUCE cov: 303 ft: 1000 corp: 348/81Kb lim: 4096 exec/s: 66767 rss: 539Mb L: 44/2288 MS: 1 EraseBytes-
#2811970	REDUCE cov: 303 ft: 1000 corp: 348/81Kb lim: 4096 exec/s: 66951 rss: 539Mb L: 199/2288 MS: 1 EraseBytes-
#2817916	REDUCE cov: 303 ft: 1000 corp: 348/81Kb lim: 4096 exec/s: 67093 rss: 539Mb L: 45/2288 MS: 1 EraseBytes-
#2824232	REDUCE cov: 303 ft: 1000 corp: 348/81Kb lim: 4096 exec/s: 67243 rss: 539Mb L: 42/2288 MS: 1 EraseBytes-
#2825788	REDUCE cov: 303 ft: 1000 corp: 348/81Kb lim: 4096 exec/s: 67280 rss: 539Mb L: 64/2288 MS: 1 EraseBytes-
#2837512	REDUCE cov: 303 ft: 1000 corp: 348/81Kb lim: 4096 exec/s: 67559 rss: 539Mb L: 317/2288 MS: 4 CrossOver-EraseBytes-CopyPart-CopyPart-
#2843993	REDUCE cov: 303 ft: 1000 corp: 348/81Kb lim: 4096 exec/s: 66139 rss: 539Mb L: 21/2288 MS: 1 EraseBytes-
#2854279	REDUCE cov: 303 ft: 1000 corp: 348/81Kb lim: 4096 exec/s: 66378 rss: 539Mb L: 943/2288 MS: 1 EraseBytes-
#2855975	REDUCE cov: 303 ft: 1003 corp: 349/81Kb lim: 4096 exec/s: 66418 rss: 539Mb L: 107/2288 MS: 1 InsertRepeatedBytes-
#2858246	REDUCE cov: 303 ft: 1003 corp: 349/81Kb lim: 4096 exec/s: 66470 rss: 539Mb L: 1492/2288 MS: 1 EraseBytes-
#2874167	REDUCE cov: 303 ft: 1003 corp: 349/81Kb lim: 4096 exec/s: 66841 rss: 539Mb L: 37/2288 MS: 1 EraseBytes-
#2876523	REDUCE cov: 303 ft: 1003 corp: 349/81Kb lim: 4096 exec/s: 66895 rss: 539Mb L: 194/2288 MS: 1 EraseBytes-
#2877134	NEW    cov: 303 ft: 1004 corp: 350/81Kb lim: 4096 exec/s: 66910 rss: 539Mb L: 107/2288 MS: 1 ChangeBinInt-
#2881410	NEW    cov: 303 ft: 1005 corp: 351/81Kb lim: 4096 exec/s: 67009 rss: 539Mb L: 107/2288 MS: 1 ChangeByte-
#2892316	REDUCE cov: 303 ft: 1005 corp: 351/81Kb lim: 4096 exec/s: 67263 rss: 539Mb L: 804/2288 MS: 1 EraseBytes-
#2903642	REDUCE cov: 303 ft: 1005 corp: 351/81Kb lim: 4096 exec/s: 67526 rss: 539Mb L: 101/2288 MS: 1 EraseBytes-
#2906371	REDUCE cov: 303 ft: 1005 corp: 351/81Kb lim: 4096 exec/s: 67590 rss: 539Mb L: 1174/2288 MS: 4 CrossOver-ChangeByte-InsertByte-EraseBytes-
#2918082	REDUCE cov: 303 ft: 1005 corp: 351/81Kb lim: 4096 exec/s: 66320 rss: 539Mb L: 107/2288 MS: 1 EraseBytes-
#2920883	REDUCE cov: 303 ft: 1005 corp: 351/81Kb lim: 4096 exec/s: 66383 rss: 539Mb L: 26/2288 MS: 1 EraseBytes-
#2931220	REDUCE cov: 303 ft: 1005 corp: 351/81Kb lim: 4096 exec/s: 66618 rss: 539Mb L: 1359/2288 MS: 2 ChangeByte-EraseBytes-
#2938866	REDUCE cov: 303 ft: 1005 corp: 351/81Kb lim: 4096 exec/s: 66792 rss: 539Mb L: 106/2288 MS: 1 EraseBytes-
#2942180	REDUCE cov: 303 ft: 1005 corp: 351/81Kb lim: 4096 exec/s: 66867 rss: 539Mb L: 16/2288 MS: 4 PersAutoDict-ManualDict-ChangeBinInt-EraseBytes- DE: "invalid length"-"match[2]?"-
#2942837	REDUCE cov: 303 ft: 1005 corp: 351/81Kb lim: 4096 exec/s: 66882 rss: 539Mb L: 20/2288 MS: 2 InsertByte-EraseBytes-
#2944093	REDUCE cov: 303 ft: 1005 corp: 351/81Kb lim: 4096 exec/s: 66911 rss: 539Mb L: 102/2288 MS: 1 EraseBytes-
#2944899	REDUCE cov: 303 ft: 1005 corp: 351/81Kb lim: 4096 exec/s: 66929 rss: 539Mb L: 893/2288 MS: 1 EraseBytes-
#2953982	REDUCE cov: 303 ft: 1005 corp: 351/81Kb lim: 4096 exec/s: 67135 rss: 539Mb L: 1174/2288 MS: 3 ChangeByte-ChangeBit-EraseBytes-
#2956423	REDUCE cov: 303 ft: 1005 corp: 351/81Kb lim: 4096 exec/s: 67191 rss: 539Mb L: 96/2288 MS: 1 EraseBytes-
#2962480	REDUCE cov: 303 ft: 1005 corp: 351/81Kb lim: 4096 exec/s: 67329 rss: 539Mb L: 316/2288 MS: 2 CopyPart-EraseBytes-
#2967068	REDUCE cov: 303 ft: 1005 corp: 351/81Kb lim: 4096 exec/s: 67433 rss: 539Mb L: 9/2288 MS: 3 ShuffleBytes-CrossOver-EraseBytes-
#2969189	REDUCE cov: 303 ft: 1005 corp: 351/81Kb lim: 4096 exec/s: 67481 rss: 539Mb L: 66/2288 MS: 1 EraseBytes-
#2970382	REDUCE cov: 303 ft: 1005 corp: 351/81Kb lim: 4096 exec/s: 67508 rss: 539Mb L: 2033/2288 MS: 3 ChangeBit-ChangeBit-EraseBytes-
#2982025	REDUCE cov: 303 ft: 1005 corp: 351/81Kb lim: 4096 exec/s: 66267 rss: 539Mb L: 38/2288 MS: 3 PersAutoDict-PersAutoDict-EraseBytes- DE: ", "-"\211\000"-
#2989806	REDUCE cov: 303 ft: 1005 corp: 351/81Kb lim: 4096 exec/s: 66440 rss: 539Mb L: 125/2288 MS: 1 EraseBytes-
#2995215	REDUCE cov: 303 ft: 1005 corp: 351/81Kb lim: 4096 exec/s: 66560 rss: 539Mb L: 867/2288 MS: 4 ShuffleBytes-ChangeBit-ChangeBinInt-EraseBytes-
#3000051	REDUCE cov: 303 ft: 1005 corp: 351/81Kb lim: 4096 exec/s: 66667 rss: 539Mb L: 74/2288 MS: 1 EraseBytes-
#3000177	REDUCE cov: 303 ft: 1005 corp: 351/81Kb lim: 4096 exec/s: 66670 rss: 539Mb L: 101/2288 MS: 1 EraseBytes-
#3005713	REDUCE cov: 303 ft: 1005 corp: 351/81Kb lim: 4096 exec/s: 66793 rss: 539Mb L: 310/2288 MS: 1 EraseBytes-
#3012574	REDUCE cov: 303 ft: 1005 corp: 351/81Kb lim: 4096 exec/s: 66946 rss: 539Mb L: 100/2288 MS: 1 EraseBytes-
#3025241	REDUCE cov: 303 ft: 1005 corp: 351/81Kb lim: 4096 exec/s: 67227 rss: 539Mb L: 546/2288 MS: 2 ChangeBit-EraseBytes-
#3028687	REDUCE cov: 303 ft: 1005 corp: 351/81Kb lim: 4096 exec/s: 67304 rss: 539Mb L: 1201/2288 MS: 1 EraseBytes-
#3037333	REDUCE cov: 303 ft: 1005 corp: 351/81Kb lim: 4096 exec/s: 67496 rss: 539Mb L: 33/2288 MS: 1 EraseBytes-
#3037954	REDUCE cov: 303 ft: 1005 corp: 351/81Kb lim: 4096 exec/s: 67510 rss: 539Mb L: 183/2288 MS: 1 EraseBytes-
#3046466	REDUCE cov: 303 ft: 1005 corp: 351/81Kb lim: 4096 exec/s: 67699 rss: 539Mb L: 305/2288 MS: 2 CrossOver-EraseBytes-
#3048537	REDUCE cov: 303 ft: 1005 corp: 351/81Kb lim: 4096 exec/s: 67745 rss: 539Mb L: 76/2288 MS: 1 EraseBytes-
#3050058	REDUCE cov: 303 ft: 1005 corp: 351/81Kb lim: 4096 exec/s: 67779 rss: 539Mb L: 2006/2288 MS: 1 EraseBytes-
#3056804	REDUCE cov: 303 ft: 1005 corp: 351/81Kb lim: 4096 exec/s: 66452 rss: 539Mb L: 2016/2288 MS: 1 EraseBytes-
#3060861	REDUCE cov: 303 ft: 1005 corp: 351/81Kb lim: 4096 exec/s: 66540 rss: 539Mb L: 1035/2288 MS: 2 CrossOver-EraseBytes-
#3069268	REDUCE cov: 303 ft: 1005 corp: 351/81Kb lim: 4096 exec/s: 66723 rss: 539Mb L: 21/2288 MS: 2 InsertByte-EraseBytes-
#3079174	REDUCE cov: 303 ft: 1005 corp: 351/81Kb lim: 4096 exec/s: 66938 rss: 539Mb L: 85/2288 MS: 1 EraseBytes-
#3079656	REDUCE cov: 303 ft: 1005 corp: 351/81Kb lim: 4096 exec/s: 66949 rss: 539Mb L: 16/2288 MS: 2 ChangeBit-EraseBytes-
#3080068	REDUCE cov: 303 ft: 1005 corp: 351/81Kb lim: 4096 exec/s: 66958 rss: 539Mb L: 309/2288 MS: 2 InsertRepeatedBytes-EraseBytes-
#3085449	REDUCE cov: 303 ft: 1005 corp: 351/81Kb lim: 4096 exec/s: 67074 rss: 539Mb L: 1340/2288 MS: 1 EraseBytes-
#3087950	REDUCE cov: 303 ft: 1005 corp: 351/80Kb lim: 4096 exec/s: 67129 rss: 539Mb L: 928/2288 MS: 1 EraseBytes-
#3094036	REDUCE cov: 303 ft: 1005 corp: 351/80Kb lim: 4096 exec/s: 67261 rss: 539Mb L: 18/2288 MS: 1 EraseBytes-
#3094397	REDUCE cov: 303 ft: 1005 corp: 351/80Kb lim: 4096 exec/s: 67269 rss: 539Mb L: 85/2288 MS: 1 EraseBytes-
#3096286	REDUCE cov: 303 ft: 1005 corp: 351/80Kb lim: 4096 exec/s: 67310 rss: 539Mb L: 1331/2288 MS: 4 ChangeASCIIInt-ChangeBit-ChangeBinInt-EraseBytes-
#3105692	REDUCE cov: 303 ft: 1005 corp: 351/80Kb lim: 4096 exec/s: 67515 rss: 539Mb L: 36/2288 MS: 1 EraseBytes-
#3113038	REDUCE cov: 303 ft: 1005 corp: 351/80Kb lim: 4096 exec/s: 67674 rss: 539Mb L: 63/2288 MS: 1 EraseBytes-
#3123306	REDUCE cov: 303 ft: 1005 corp: 351/80Kb lim: 4096 exec/s: 66453 rss: 539Mb L: 41/2288 MS: 3 ChangeASCIIInt-ChangeBinInt-EraseBytes-
#3123353	REDUCE cov: 303 ft: 1005 corp: 351/80Kb lim: 4096 exec/s: 66454 rss: 539Mb L: 7/2288 MS: 2 ChangeByte-EraseBytes-
#3123744	REDUCE cov: 303 ft: 1005 corp: 351/80Kb lim: 4096 exec/s: 66462 rss: 539Mb L: 1486/2288 MS: 1 EraseBytes-
#3128240	REDUCE cov: 303 ft: 1005 corp: 351/80Kb lim: 4096 exec/s: 66558 rss: 539Mb L: 710/2288 MS: 1 EraseBytes-
#3137586	REDUCE cov: 303 ft: 1005 corp: 351/80Kb lim: 4096 exec/s: 66757 rss: 539Mb L: 1979/2288 MS: 1 EraseBytes-
#3137995	REDUCE cov: 303 ft: 1005 corp: 351/80Kb lim: 4096 exec/s: 66765 rss: 539Mb L: 2283/2283 MS: 4 ChangeBit-ShuffleBytes-ChangeBinInt-EraseBytes-
#3143142	REDUCE cov: 303 ft: 1005 corp: 351/80Kb lim: 4096 exec/s: 66875 rss: 539Mb L: 1313/2283 MS: 2 ChangeASCIIInt-EraseBytes-
#3159035	REDUCE cov: 303 ft: 1005 corp: 351/80Kb lim: 4096 exec/s: 67213 rss: 539Mb L: 1973/2283 MS: 3 ChangeASCIIInt-ChangeASCIIInt-EraseBytes-
#3161403	REDUCE cov: 303 ft: 1005 corp: 351/80Kb lim: 4096 exec/s: 67263 rss: 539Mb L: 14/2283 MS: 3 ChangeBinInt-EraseBytes-CrossOver-
#3162849	REDUCE cov: 303 ft: 1005 corp: 351/80Kb lim: 4096 exec/s: 67294 rss: 539Mb L: 80/2283 MS: 1 EraseBytes-
#3164418	REDUCE cov: 303 ft: 1009 corp: 352/80Kb lim: 4096 exec/s: 67328 rss: 539Mb L: 61/2283 MS: 4 ChangeBit-PersAutoDict-CopyPart-ChangeByte- DE: "\377\377"-
#3165354	REDUCE cov: 303 ft: 1009 corp: 352/80Kb lim: 4096 exec/s: 67347 rss: 539Mb L: 1164/2283 MS: 1 EraseBytes-
#3172111	REDUCE cov: 303 ft: 1009 corp: 352/80Kb lim: 4096 exec/s: 67491 rss: 539Mb L: 66/2283 MS: 2 ShuffleBytes-EraseBytes-
#3180932	REDUCE cov: 303 ft: 1009 corp: 352/80Kb lim: 4096 exec/s: 67679 rss: 539Mb L: 36/2283 MS: 1 EraseBytes-
#3182909	REDUCE cov: 303 ft: 1009 corp: 352/80Kb lim: 4096 exec/s: 67721 rss: 539Mb L: 1961/2283 MS: 2 ChangeByte-EraseBytes-
#3187140	REDUCE cov: 303 ft: 1009 corp: 352/80Kb lim: 4096 exec/s: 67811 rss: 539Mb L: 6/2283 MS: 1 EraseBytes-
#3194231	REDUCE cov: 303 ft: 1009 corp: 352/80Kb lim: 4096 exec/s: 66546 rss: 539Mb L: 264/2283 MS: 1 EraseBytes-
#3206094	REDUCE cov: 303 ft: 1009 corp: 352/80Kb lim: 4096 exec/s: 66793 rss: 539Mb L: 36/2283 MS: 3 InsertByte-PersAutoDict-EraseBytes- DE: "\373\377\377\377"-
#3210720	REDUCE cov: 303 ft: 1009 corp: 352/80Kb lim: 4096 exec/s: 66890 rss: 539Mb L: 1169/2283 MS: 1 EraseBytes-
#3211186	REDUCE cov: 303 ft: 1009 corp: 352/80Kb lim: 4096 exec/s: 66899 rss: 539Mb L: 2001/2283 MS: 1 EraseBytes-
#3212408	REDUCE cov: 303 ft: 1009 corp: 352/80Kb lim: 4096 exec/s: 66925 rss: 539Mb L: 78/2283 MS: 2 ShuffleBytes-EraseBytes-
#3214659	REDUCE cov: 303 ft: 1009 corp: 352/80Kb lim: 4096 exec/s: 66972 rss: 539Mb L: 681/2283 MS: 1 EraseBytes-
#3216997	REDUCE cov: 303 ft: 1009 corp: 352/80Kb lim: 4096 exec/s: 67020 rss: 539Mb L: 44/2283 MS: 3 ShuffleBytes-ShuffleBytes-EraseBytes-
#3221848	REDUCE cov: 303 ft: 1009 corp: 352/80Kb lim: 4096 exec/s: 67121 rss: 539Mb L: 1943/2283 MS: 1 EraseBytes-
#3224609	REDUCE cov: 303 ft: 1009 corp: 352/80Kb lim: 4096 exec/s: 67179 rss: 539Mb L: 71/2283 MS: 1 EraseBytes-
#3234521	REDUCE cov: 303 ft: 1009 corp: 352/80Kb lim: 4096 exec/s: 67385 rss: 539Mb L: 2277/2277 MS: 2 CopyPart-EraseBytes-
#3236692	REDUCE cov: 303 ft: 1009 corp: 352/80Kb lim: 4096 exec/s: 67431 rss: 539Mb L: 1292/2277 MS: 1 EraseBytes-
#3243908	REDUCE cov: 303 ft: 1009 corp: 352/80Kb lim: 4096 exec/s: 67581 rss: 539Mb L: 12/2277 MS: 1 EraseBytes-
#3246770	REDUCE cov: 303 ft: 1009 corp: 352/80Kb lim: 4096 exec/s: 67641 rss: 539Mb L: 71/2277 MS: 2 EraseBytes-ChangeBinInt-
#3247388	REDUCE cov: 303 ft: 1009 corp: 352/80Kb lim: 4096 exec/s: 67653 rss: 539Mb L: 624/2277 MS: 3 ChangeByte-CopyPart-EraseBytes-
#3248869	REDUCE cov: 303 ft: 1009 corp: 352/80Kb lim: 4096 exec/s: 67684 rss: 539Mb L: 555/2277 MS: 1 EraseBytes-
#3250385	REDUCE cov: 303 ft: 1009 corp: 352/80Kb lim: 4096 exec/s: 67716 rss: 539Mb L: 17/2277 MS: 1 EraseBytes-
#3259131	REDUCE cov: 303 ft: 1009 corp: 352/80Kb lim: 4096 exec/s: 67898 rss: 539Mb L: 1908/2277 MS: 1 EraseBytes-
#3262645	REDUCE cov: 303 ft: 1009 corp: 352/80Kb lim: 4096 exec/s: 66584 rss: 539Mb L: 1385/2277 MS: 4 CrossOver-ChangeASCIIInt-PersAutoDict-EraseBytes- DE: "invalid match"-
#3264211	REDUCE cov: 303 ft: 1009 corp: 352/80Kb lim: 4096 exec/s: 66616 rss: 539Mb L: 903/2277 MS: 1 EraseBytes-
#3265058	REDUCE cov: 303 ft: 1009 corp: 352/80Kb lim: 4096 exec/s: 66633 rss: 539Mb L: 57/2277 MS: 2 InsertByte-EraseBytes-
#3269516	REDUCE cov: 303 ft: 1009 corp: 352/80Kb lim: 4096 exec/s: 66724 rss: 539Mb L: 8/2277 MS: 3 InsertRepeatedBytes-ChangeBit-EraseBytes-
#3276359	REDUCE cov: 303 ft: 1009 corp: 352/80Kb lim: 4096 exec/s: 66864 rss: 539Mb L: 1877/2277 MS: 3 ChangeBinInt-ChangeByte-EraseBytes-
#3285582	REDUCE cov: 303 ft: 1009 corp: 352/80Kb lim: 4096 exec/s: 67052 rss: 539Mb L: 13/2277 MS: 3 InsertByte-ChangeBit-EraseBytes-
#3285756	REDUCE cov: 303 ft: 1009 corp: 352/80Kb lim: 4096 exec/s: 67056 rss: 539Mb L: 1348/2277 MS: 4 CopyPart-EraseBytes-ChangeByte-CopyPart-
#3293679	REDUCE cov: 303 ft: 1009 corp: 352/80Kb lim: 4096 exec/s: 67217 rss: 539Mb L: 1193/2277 MS: 3 ManualDict-PersAutoDict-EraseBytes- DE: ", "-"pendingBuf overflow"-
#3297148	REDUCE cov: 303 ft: 1009 corp: 352/80Kb lim: 4096 exec/s: 67288 rss: 539Mb L: 1824/2277 MS: 4 ChangeBinInt-ChangeBit-ShuffleBytes-EraseBytes-
#3304953	REDUCE cov: 303 ft: 1009 corp: 352/80Kb lim: 4096 exec/s: 67448 rss: 539Mb L: 1220/2277 MS: 5 ChangeASCIIInt-PersAutoDict-ChangeASCIIInt-ShuffleBytes-CrossOver- DE: "\377\377\377\377\377\377\377:"-
#3309559	REDUCE cov: 303 ft: 1009 corp: 352/80Kb lim: 4096 exec/s: 67542 rss: 539Mb L: 95/2277 MS: 1 EraseBytes-
#3312741	REDUCE cov: 303 ft: 1009 corp: 352/80Kb lim: 4096 exec/s: 67606 rss: 539Mb L: 1996/2277 MS: 2 ShuffleBytes-EraseBytes-
#3317772	REDUCE cov: 303 ft: 1009 corp: 352/80Kb lim: 4096 exec/s: 67709 rss: 539Mb L: 37/2277 MS: 1 EraseBytes-
#3318998	REDUCE cov: 303 ft: 1009 corp: 352/80Kb lim: 4096 exec/s: 67734 rss: 539Mb L: 791/2277 MS: 1 EraseBytes-
#3327210	REDUCE cov: 303 ft: 1009 corp: 352/80Kb lim: 4096 exec/s: 67902 rss: 539Mb L: 853/2277 MS: 2 ShuffleBytes-EraseBytes-
#3327611	REDUCE cov: 303 ft: 1009 corp: 352/80Kb lim: 4096 exec/s: 67910 rss: 539Mb L: 88/2277 MS: 1 EraseBytes-
#3328918	REDUCE cov: 303 ft: 1009 corp: 352/80Kb lim: 4096 exec/s: 67937 rss: 539Mb L: 1122/2277 MS: 2 ChangeByte-EraseBytes-
#3329676	REDUCE cov: 303 ft: 1009 corp: 352/80Kb lim: 4096 exec/s: 67952 rss: 539Mb L: 785/2277 MS: 3 ShuffleBytes-CopyPart-EraseBytes-
#3330122	REDUCE cov: 303 ft: 1009 corp: 352/80Kb lim: 4096 exec/s: 67961 rss: 539Mb L: 838/2277 MS: 1 EraseBytes-
#3331784	REDUCE cov: 303 ft: 1009 corp: 352/80Kb lim: 4096 exec/s: 67995 rss: 539Mb L: 18/2277 MS: 2 EraseBytes-ChangeBit-
#3333005	REDUCE cov: 303 ft: 1009 corp: 352/80Kb lim: 4096 exec/s: 68020 rss: 539Mb L: 32/2277 MS: 1 EraseBytes-
#3336687	REDUCE cov: 303 ft: 1009 corp: 352/80Kb lim: 4096 exec/s: 66733 rss: 539Mb L: 11/2277 MS: 2 ChangeBit-EraseBytes-
#3339708	REDUCE cov: 303 ft: 1009 corp: 352/79Kb lim: 4096 exec/s: 66794 rss: 539Mb L: 1241/2277 MS: 1 EraseBytes-
#3339749	REDUCE cov: 303 ft: 1009 corp: 352/79Kb lim: 4096 exec/s: 66794 rss: 539Mb L: 93/2277 MS: 1 EraseBytes-
#3349575	REDUCE cov: 303 ft: 1009 corp: 352/79Kb lim: 4096 exec/s: 66991 rss: 539Mb L: 1240/2277 MS: 1 EraseBytes-
#3352492	REDUCE cov: 303 ft: 1009 corp: 352/79Kb lim: 4096 exec/s: 67049 rss: 539Mb L: 101/2277 MS: 2 ChangeByte-EraseBytes-
#3353900	REDUCE cov: 303 ft: 1009 corp: 352/79Kb lim: 4096 exec/s: 67078 rss: 539Mb L: 1175/2277 MS: 3 CopyPart-CrossOver-EraseBytes-
#3354297	REDUCE cov: 303 ft: 1009 corp: 352/79Kb lim: 4096 exec/s: 67085 rss: 539Mb L: 1055/2277 MS: 2 PersAutoDict-EraseBytes- DE: "no flush?"-
#3354563	REDUCE cov: 303 ft: 1009 corp: 352/79Kb lim: 4096 exec/s: 67091 rss: 539Mb L: 27/2277 MS: 1 EraseBytes-
#3355674	REDUCE cov: 303 ft: 1009 corp: 352/79Kb lim: 4096 exec/s: 67113 rss: 539Mb L: 1792/2277 MS: 1 EraseBytes-
#3366363	REDUCE cov: 303 ft: 1009 corp: 352/79Kb lim: 4096 exec/s: 67327 rss: 539Mb L: 90/2277 MS: 4 ShuffleBytes-CopyPart-ShuffleBytes-EraseBytes-
#3372289	REDUCE cov: 303 ft: 1009 corp: 352/79Kb lim: 4096 exec/s: 67445 rss: 539Mb L: 28/2277 MS: 1 EraseBytes-
#3373961	REDUCE cov: 303 ft: 1009 corp: 352/79Kb lim: 4096 exec/s: 67479 rss: 539Mb L: 1059/2277 MS: 2 ChangeByte-EraseBytes-
#3377578	REDUCE cov: 303 ft: 1009 corp: 352/79Kb lim: 4096 exec/s: 67551 rss: 539Mb L: 750/2277 MS: 2 ManualDict-EraseBytes- DE: "crc32b %w0, %w0, %w1"-
#3384819	REDUCE cov: 303 ft: 1009 corp: 352/79Kb lim: 4096 exec/s: 67696 rss: 539Mb L: 14/2277 MS: 1 EraseBytes-
#3392290	REDUCE cov: 303 ft: 1009 corp: 352/79Kb lim: 4096 exec/s: 67845 rss: 539Mb L: 1789/2277 MS: 1 EraseBytes-
#3400017	REDUCE cov: 303 ft: 1009 corp: 352/79Kb lim: 4096 exec/s: 68000 rss: 539Mb L: 10/2277 MS: 2 ChangeByte-EraseBytes-
#3416434	REDUCE cov: 303 ft: 1009 corp: 352/79Kb lim: 4096 exec/s: 66988 rss: 539Mb L: 84/2277 MS: 2 ChangeBinInt-EraseBytes-
#3420725	REDUCE cov: 303 ft: 1009 corp: 352/79Kb lim: 4096 exec/s: 67073 rss: 539Mb L: 15/2277 MS: 1 EraseBytes-
#3425991	REDUCE cov: 303 ft: 1009 corp: 352/79Kb lim: 4096 exec/s: 67176 rss: 539Mb L: 24/2277 MS: 1 EraseBytes-
#3430847	REDUCE cov: 303 ft: 1009 corp: 352/79Kb lim: 4096 exec/s: 67271 rss: 539Mb L: 1061/2277 MS: 1 EraseBytes-
#3431429	REDUCE cov: 303 ft: 1012 corp: 353/80Kb lim: 4096 exec/s: 67282 rss: 539Mb L: 1320/2277 MS: 2 ShuffleBytes-CrossOver-
#3441188	REDUCE cov: 303 ft: 1012 corp: 353/80Kb lim: 4096 exec/s: 67474 rss: 539Mb L: 33/2277 MS: 4 CopyPart-InsertByte-EraseBytes-EraseBytes-
#3452989	REDUCE cov: 303 ft: 1012 corp: 353/80Kb lim: 4096 exec/s: 67705 rss: 539Mb L: 1036/2277 MS: 1 EraseBytes-
#3457226	REDUCE cov: 303 ft: 1012 corp: 353/80Kb lim: 4096 exec/s: 67788 rss: 539Mb L: 15/2277 MS: 2 EraseBytes-ChangeBit-
#3460177	REDUCE cov: 303 ft: 1012 corp: 353/80Kb lim: 4096 exec/s: 67846 rss: 539Mb L: 94/2277 MS: 1 EraseBytes-
#3465468	REDUCE cov: 303 ft: 1012 corp: 353/80Kb lim: 4096 exec/s: 67950 rss: 539Mb L: 34/2277 MS: 1 EraseBytes-
#3469255	REDUCE cov: 303 ft: 1012 corp: 353/80Kb lim: 4096 exec/s: 68024 rss: 539Mb L: 77/2277 MS: 2 PersAutoDict-EraseBytes- DE: "invalid distance code"-
#3470333	REDUCE cov: 303 ft: 1012 corp: 353/80Kb lim: 4096 exec/s: 68045 rss: 539Mb L: 1023/2277 MS: 3 InsertByte-ChangeASCIIInt-EraseBytes-
#3470559	REDUCE cov: 303 ft: 1012 corp: 353/80Kb lim: 4096 exec/s: 68050 rss: 539Mb L: 30/2277 MS: 1 EraseBytes-
#3477470	REDUCE cov: 303 ft: 1012 corp: 353/80Kb lim: 4096 exec/s: 66874 rss: 539Mb L: 1375/2277 MS: 1 EraseBytes-
#3483916	REDUCE cov: 303 ft: 1012 corp: 353/80Kb lim: 4096 exec/s: 66998 rss: 539Mb L: 1021/2277 MS: 1 EraseBytes-
#3485498	REDUCE cov: 303 ft: 1012 corp: 353/80Kb lim: 4096 exec/s: 67028 rss: 539Mb L: 1110/2277 MS: 2 ChangeBinInt-EraseBytes-
#3496734	REDUCE cov: 303 ft: 1012 corp: 353/80Kb lim: 4096 exec/s: 67244 rss: 539Mb L: 80/2277 MS: 1 EraseBytes-
#3503855	REDUCE cov: 303 ft: 1012 corp: 353/80Kb lim: 4096 exec/s: 67381 rss: 539Mb L: 975/2277 MS: 1 EraseBytes-
#3504781	REDUCE cov: 303 ft: 1012 corp: 353/80Kb lim: 4096 exec/s: 67399 rss: 539Mb L: 678/2277 MS: 1 EraseBytes-
#3507713	REDUCE cov: 303 ft: 1012 corp: 353/80Kb lim: 4096 exec/s: 67456 rss: 539Mb L: 297/2277 MS: 2 ShuffleBytes-EraseBytes-
#3508189	REDUCE cov: 303 ft: 1012 corp: 353/80Kb lim: 4096 exec/s: 67465 rss: 539Mb L: 69/2277 MS: 1 EraseBytes-
#3509555	REDUCE cov: 303 ft: 1012 corp: 353/80Kb lim: 4096 exec/s: 67491 rss: 539Mb L: 13/2277 MS: 1 EraseBytes-
#3515533	REDUCE cov: 303 ft: 1013 corp: 354/80Kb lim: 4096 exec/s: 67606 rss: 539Mb L: 216/2277 MS: 3 InsertRepeatedBytes-CopyPart-InsertRepeatedBytes-
#3515930	REDUCE cov: 303 ft: 1013 corp: 354/80Kb lim: 4096 exec/s: 67614 rss: 539Mb L: 207/2277 MS: 2 ShuffleBytes-EraseBytes-
#3516301	REDUCE cov: 303 ft: 1013 corp: 354/80Kb lim: 4096 exec/s: 67621 rss: 539Mb L: 1057/2277 MS: 1 EraseBytes-
#3516458	REDUCE cov: 303 ft: 1013 corp: 354/80Kb lim: 4096 exec/s: 67624 rss: 539Mb L: 150/2277 MS: 2 ChangeByte-EraseBytes-
#3516644	REDUCE cov: 303 ft: 1013 corp: 354/80Kb lim: 4096 exec/s: 67627 rss: 539Mb L: 969/2277 MS: 1 EraseBytes-
#3520100	REDUCE cov: 303 ft: 1013 corp: 354/80Kb lim: 4096 exec/s: 67694 rss: 539Mb L: 7/2277 MS: 1 EraseBytes-
#3521982	REDUCE cov: 303 ft: 1013 corp: 354/80Kb lim: 4096 exec/s: 67730 rss: 539Mb L: 146/2277 MS: 2 ChangeASCIIInt-EraseBytes-
#3524483	REDUCE cov: 303 ft: 1013 corp: 354/80Kb lim: 4096 exec/s: 67778 rss: 539Mb L: 32/2277 MS: 1 EraseBytes-
#3525990	REDUCE cov: 303 ft: 1013 corp: 354/80Kb lim: 4096 exec/s: 67807 rss: 539Mb L: 11/2277 MS: 2 ChangeBit-EraseBytes-
#3526287	REDUCE cov: 303 ft: 1013 corp: 354/80Kb lim: 4096 exec/s: 67813 rss: 539Mb L: 122/2277 MS: 2 CopyPart-EraseBytes-
#3528778	REDUCE cov: 303 ft: 1013 corp: 354/80Kb lim: 4096 exec/s: 67861 rss: 539Mb L: 34/2277 MS: 1 EraseBytes-
#3529304	REDUCE cov: 303 ft: 1013 corp: 354/80Kb lim: 4096 exec/s: 67871 rss: 539Mb L: 112/2277 MS: 1 EraseBytes-
#3532085	REDUCE cov: 303 ft: 1013 corp: 354/80Kb lim: 4096 exec/s: 67924 rss: 539Mb L: 99/2277 MS: 1 EraseBytes-
#3532361	REDUCE cov: 303 ft: 1013 corp: 354/80Kb lim: 4096 exec/s: 67930 rss: 539Mb L: 1318/2277 MS: 1 EraseBytes-
#3536202	REDUCE cov: 303 ft: 1013 corp: 354/80Kb lim: 4096 exec/s: 68003 rss: 539Mb L: 960/2277 MS: 1 EraseBytes-
#3538254	REDUCE cov: 303 ft: 1013 corp: 354/80Kb lim: 4096 exec/s: 68043 rss: 539Mb L: 1761/2277 MS: 2 ChangeBit-EraseBytes-
#3540231	REDUCE cov: 303 ft: 1013 corp: 354/80Kb lim: 4096 exec/s: 68081 rss: 539Mb L: 96/2277 MS: 2 ChangeASCIIInt-EraseBytes-
#3542392	REDUCE cov: 303 ft: 1013 corp: 354/80Kb lim: 4096 exec/s: 68122 rss: 539Mb L: 308/2277 MS: 1 EraseBytes-
#3544944	REDUCE cov: 303 ft: 1013 corp: 354/80Kb lim: 4096 exec/s: 68172 rss: 539Mb L: 93/2277 MS: 2 EraseBytes-ChangeByte-
#3552500	REDUCE cov: 303 ft: 1013 corp: 354/80Kb lim: 4096 exec/s: 67028 rss: 539Mb L: 95/2277 MS: 1 EraseBytes-
#3559031	REDUCE cov: 303 ft: 1013 corp: 354/80Kb lim: 4096 exec/s: 67151 rss: 539Mb L: 11/2277 MS: 1 EraseBytes-
#3562150	REDUCE cov: 303 ft: 1014 corp: 355/80Kb lim: 4096 exec/s: 67210 rss: 539Mb L: 95/2277 MS: 4 PersAutoDict-ManualDict-ChangeByte-ChangeBinInt- DE: "\377\377\377\377\377\377\377\377"-"zcfree: ptr not found"-
#3562447	REDUCE cov: 303 ft: 1014 corp: 355/80Kb lim: 4096 exec/s: 67215 rss: 539Mb L: 83/2277 MS: 2 CrossOver-EraseBytes-
#3562539	REDUCE cov: 303 ft: 1014 corp: 355/80Kb lim: 4096 exec/s: 67217 rss: 539Mb L: 60/2277 MS: 2 PersAutoDict-EraseBytes- DE: "invalid bit length repeat"-
#3563246	REDUCE cov: 303 ft: 1014 corp: 355/80Kb lim: 4096 exec/s: 67231 rss: 539Mb L: 33/2277 MS: 2 EraseBytes-InsertByte-
#3563729	REDUCE cov: 303 ft: 1014 corp: 355/80Kb lim: 4096 exec/s: 67240 rss: 539Mb L: 1117/2277 MS: 3 ChangeBit-ChangeBinInt-EraseBytes-
#3564680	REDUCE cov: 303 ft: 1014 corp: 355/80Kb lim: 4096 exec/s: 67258 rss: 539Mb L: 36/2277 MS: 1 EraseBytes-
#3564860	REDUCE cov: 303 ft: 1014 corp: 355/80Kb lim: 4096 exec/s: 67261 rss: 539Mb L: 34/2277 MS: 5 ChangeBinInt-CMP-CopyPart-ShuffleBytes-EraseBytes- DE: "\372\377\377\377"-
#3566681	REDUCE cov: 303 ft: 1014 corp: 355/80Kb lim: 4096 exec/s: 67295 rss: 539Mb L: 33/2277 MS: 1 EraseBytes-
#3566734	REDUCE cov: 303 ft: 1014 corp: 355/80Kb lim: 4096 exec/s: 67296 rss: 539Mb L: 31/2277 MS: 3 CMP-CMP-EraseBytes- DE: "\377\377\377\377\377\377\377\354"-"\377\377\377\023"-
#3566790	REDUCE cov: 303 ft: 1014 corp: 355/80Kb lim: 4096 exec/s: 67297 rss: 539Mb L: 21/2277 MS: 1 EraseBytes-
#3566947	REDUCE cov: 303 ft: 1014 corp: 355/80Kb lim: 4096 exec/s: 67300 rss: 539Mb L: 73/2277 MS: 2 PersAutoDict-EraseBytes- DE: "3?\000\000"-
#3568093	REDUCE cov: 303 ft: 1014 corp: 355/80Kb lim: 4096 exec/s: 67322 rss: 539Mb L: 20/2277 MS: 1 EraseBytes-
#3569330	REDUCE cov: 303 ft: 1014 corp: 355/80Kb lim: 4096 exec/s: 67345 rss: 539Mb L: 20/2277 MS: 2 ShuffleBytes-EraseBytes-
#3569946	REDUCE cov: 303 ft: 1014 corp: 355/80Kb lim: 4096 exec/s: 67357 rss: 539Mb L: 92/2277 MS: 1 EraseBytes-
#3570642	REDUCE cov: 303 ft: 1014 corp: 355/80Kb lim: 4096 exec/s: 67370 rss: 539Mb L: 79/2277 MS: 1 EraseBytes-
#3574478	REDUCE cov: 303 ft: 1014 corp: 355/80Kb lim: 4096 exec/s: 67442 rss: 539Mb L: 78/2277 MS: 1 EraseBytes-
#3574924	REDUCE cov: 303 ft: 1014 corp: 355/80Kb lim: 4096 exec/s: 67451 rss: 539Mb L: 115/2277 MS: 1 EraseBytes-
#3579265	REDUCE cov: 303 ft: 1014 corp: 355/80Kb lim: 4096 exec/s: 67533 rss: 539Mb L: 15/2277 MS: 1 EraseBytes-
#3582306	REDUCE cov: 303 ft: 1014 corp: 355/80Kb lim: 4096 exec/s: 67590 rss: 539Mb L: 13/2277 MS: 1 EraseBytes-
#3589662	REDUCE cov: 303 ft: 1014 corp: 355/80Kb lim: 4096 exec/s: 67729 rss: 539Mb L: 21/2277 MS: 1 EraseBytes-
#3592137	REDUCE cov: 303 ft: 1014 corp: 355/80Kb lim: 4096 exec/s: 67776 rss: 539Mb L: 5/2277 MS: 5 EraseBytes-ChangeByte-ChangeBinInt-EraseBytes-ChangeBinInt-
#3592653	REDUCE cov: 303 ft: 1014 corp: 355/80Kb lim: 4096 exec/s: 67785 rss: 539Mb L: 6/2277 MS: 1 EraseBytes-
#3605074	REDUCE cov: 303 ft: 1014 corp: 355/80Kb lim: 4096 exec/s: 68020 rss: 539Mb L: 62/2277 MS: 1 EraseBytes-
#3605896	REDUCE cov: 303 ft: 1014 corp: 355/80Kb lim: 4096 exec/s: 68035 rss: 539Mb L: 1339/2277 MS: 2 ShuffleBytes-EraseBytes-
#3611567	REDUCE cov: 303 ft: 1015 corp: 356/80Kb lim: 4096 exec/s: 68142 rss: 539Mb L: 82/2277 MS: 1 CrossOver-
#3615024	REDUCE cov: 303 ft: 1015 corp: 356/80Kb lim: 4096 exec/s: 68208 rss: 539Mb L: 935/2277 MS: 2 ChangeByte-EraseBytes-
#3640642	REDUCE cov: 303 ft: 1015 corp: 356/80Kb lim: 4096 exec/s: 67419 rss: 539Mb L: 115/2277 MS: 3 ShuffleBytes-ChangeByte-EraseBytes-
#3642358	REDUCE cov: 303 ft: 1015 corp: 356/80Kb lim: 4096 exec/s: 67451 rss: 539Mb L: 75/2277 MS: 1 EraseBytes-
#3643124	REDUCE cov: 303 ft: 1015 corp: 356/80Kb lim: 4096 exec/s: 67465 rss: 539Mb L: 918/2277 MS: 1 EraseBytes-
#3652753	REDUCE cov: 303 ft: 1015 corp: 356/80Kb lim: 4096 exec/s: 67643 rss: 539Mb L: 1730/2277 MS: 4 InsertByte-ShuffleBytes-ChangeBit-EraseBytes-
#3654084	REDUCE cov: 303 ft: 1015 corp: 356/80Kb lim: 4096 exec/s: 67668 rss: 539Mb L: 102/2277 MS: 1 EraseBytes-
#3656026	REDUCE cov: 303 ft: 1015 corp: 356/80Kb lim: 4096 exec/s: 67704 rss: 539Mb L: 11/2277 MS: 2 CrossOver-EraseBytes-
#3658808	REDUCE cov: 303 ft: 1015 corp: 356/80Kb lim: 4096 exec/s: 67755 rss: 539Mb L: 78/2277 MS: 2 EraseBytes-CrossOver-
#3664349	REDUCE cov: 303 ft: 1015 corp: 356/80Kb lim: 4096 exec/s: 67858 rss: 539Mb L: 361/2277 MS: 1 EraseBytes-
#3673512	REDUCE cov: 303 ft: 1015 corp: 356/80Kb lim: 4096 exec/s: 68028 rss: 539Mb L: 875/2277 MS: 3 ChangeBit-ChangeBit-EraseBytes-
#3674348	REDUCE cov: 303 ft: 1015 corp: 356/80Kb lim: 4096 exec/s: 68043 rss: 539Mb L: 132/2277 MS: 1 EraseBytes-
#3674830	REDUCE cov: 303 ft: 1015 corp: 356/80Kb lim: 4096 exec/s: 68052 rss: 539Mb L: 41/2277 MS: 2 EraseBytes-ChangeByte-
#3679851	REDUCE cov: 303 ft: 1015 corp: 356/80Kb lim: 4096 exec/s: 68145 rss: 539Mb L: 11/2277 MS: 1 EraseBytes-
#3685112	REDUCE cov: 303 ft: 1015 corp: 356/80Kb lim: 4096 exec/s: 68242 rss: 539Mb L: 65/2277 MS: 1 EraseBytes-
#3686288	REDUCE cov: 303 ft: 1015 corp: 356/80Kb lim: 4096 exec/s: 68264 rss: 539Mb L: 9/2277 MS: 1 EraseBytes-
#3688214	REDUCE cov: 303 ft: 1015 corp: 356/80Kb lim: 4096 exec/s: 68300 rss: 539Mb L: 77/2277 MS: 1 EraseBytes-
#3689945	REDUCE cov: 303 ft: 1015 corp: 356/80Kb lim: 4096 exec/s: 68332 rss: 539Mb L: 8/2277 MS: 1 EraseBytes-
#3695236	REDUCE cov: 303 ft: 1015 corp: 356/80Kb lim: 4096 exec/s: 67186 rss: 539Mb L: 99/2277 MS: 1 EraseBytes-
#3697627	REDUCE cov: 303 ft: 1015 corp: 356/80Kb lim: 4096 exec/s: 67229 rss: 539Mb L: 214/2277 MS: 1 EraseBytes-
#3709708	REDUCE cov: 303 ft: 1015 corp: 356/80Kb lim: 4096 exec/s: 67449 rss: 539Mb L: 31/2277 MS: 1 EraseBytes-
#3711344	REDUCE cov: 303 ft: 1015 corp: 356/80Kb lim: 4096 exec/s: 67478 rss: 539Mb L: 1189/2277 MS: 1 EraseBytes-
#3713711	REDUCE cov: 303 ft: 1015 corp: 356/80Kb lim: 4096 exec/s: 67522 rss: 539Mb L: 69/2277 MS: 2 ShuffleBytes-EraseBytes-
#3727927	REDUCE cov: 303 ft: 1015 corp: 356/80Kb lim: 4096 exec/s: 67780 rss: 539Mb L: 1481/2277 MS: 1 EraseBytes-
#3729195	REDUCE cov: 303 ft: 1015 corp: 356/80Kb lim: 4096 exec/s: 67803 rss: 539Mb L: 30/2277 MS: 3 ChangeByte-CopyPart-EraseBytes-
#3731031	REDUCE cov: 303 ft: 1015 corp: 356/80Kb lim: 4096 exec/s: 67836 rss: 539Mb L: 1096/2277 MS: 1 EraseBytes-
#3731292	REDUCE cov: 303 ft: 1015 corp: 356/80Kb lim: 4096 exec/s: 67841 rss: 539Mb L: 11/2277 MS: 1 EraseBytes-
#3751524	REDUCE cov: 303 ft: 1015 corp: 356/80Kb lim: 4096 exec/s: 68209 rss: 539Mb L: 50/2277 MS: 2 ChangeBinInt-EraseBytes-
#3752515	REDUCE cov: 303 ft: 1015 corp: 356/80Kb lim: 4096 exec/s: 68227 rss: 539Mb L: 1667/2277 MS: 1 EraseBytes-
#3757448	REDUCE cov: 303 ft: 1015 corp: 356/80Kb lim: 4096 exec/s: 68317 rss: 539Mb L: 29/2277 MS: 3 ChangeBinInt-ChangeByte-EraseBytes-
#3758121	REDUCE cov: 303 ft: 1015 corp: 356/80Kb lim: 4096 exec/s: 68329 rss: 539Mb L: 38/2277 MS: 3 EraseBytes-InsertByte-ChangeBit-
#3769203	REDUCE cov: 303 ft: 1015 corp: 356/80Kb lim: 4096 exec/s: 67307 rss: 539Mb L: 1316/2277 MS: 2 ChangeBit-EraseBytes-
#3776549	REDUCE cov: 303 ft: 1017 corp: 357/81Kb lim: 4096 exec/s: 67438 rss: 539Mb L: 1369/2277 MS: 1 InsertRepeatedBytes-
#3777035	REDUCE cov: 303 ft: 1017 corp: 357/81Kb lim: 4096 exec/s: 67447 rss: 539Mb L: 57/2277 MS: 1 EraseBytes-
#3779776	NEW    cov: 303 ft: 1018 corp: 358/82Kb lim: 4096 exec/s: 67496 rss: 539Mb L: 1369/2277 MS: 1 ShuffleBytes-
#3780547	NEW    cov: 303 ft: 1019 corp: 359/84Kb lim: 4096 exec/s: 67509 rss: 539Mb L: 1390/2277 MS: 1 ManualDict- DE: "invalid distance code"-
#3783338	NEW    cov: 303 ft: 1020 corp: 360/85Kb lim: 4096 exec/s: 67559 rss: 539Mb L: 1369/2277 MS: 1 ChangeBit-
#3795364	NEW    cov: 303 ft: 1021 corp: 361/87Kb lim: 4096 exec/s: 67774 rss: 539Mb L: 1639/2277 MS: 1 CopyPart-
#3795826	NEW    cov: 303 ft: 1022 corp: 362/88Kb lim: 4096 exec/s: 67782 rss: 539Mb L: 1763/2277 MS: 2 InsertRepeatedBytes-ManualDict- DE: "not enough codes"-
#3796267	REDUCE cov: 303 ft: 1022 corp: 362/88Kb lim: 4096 exec/s: 67790 rss: 539Mb L: 114/2277 MS: 1 EraseBytes-
#3796818	REDUCE cov: 303 ft: 1022 corp: 362/88Kb lim: 4096 exec/s: 67800 rss: 539Mb L: 1703/2277 MS: 1 EraseBytes-
#3796894	REDUCE cov: 303 ft: 1023 corp: 363/90Kb lim: 4096 exec/s: 67801 rss: 539Mb L: 1711/2277 MS: 1 CMP- DE: "\001\000\000\000\000\000\000\206"-
#3800281	REDUCE cov: 303 ft: 1025 corp: 364/92Kb lim: 4096 exec/s: 67862 rss: 539Mb L: 1813/2277 MS: 2 InsertRepeatedBytes-ChangeByte-
#3812547	REDUCE cov: 303 ft: 1025 corp: 364/92Kb lim: 4096 exec/s: 68081 rss: 541Mb L: 1019/2277 MS: 1 EraseBytes-
#3813754	REDUCE cov: 303 ft: 1025 corp: 364/92Kb lim: 4096 exec/s: 68102 rss: 541Mb L: 1589/2277 MS: 2 ChangeBit-EraseBytes-
#3825710	REDUCE cov: 303 ft: 1025 corp: 364/92Kb lim: 4096 exec/s: 67117 rss: 541Mb L: 68/2277 MS: 1 EraseBytes-
#3836977	REDUCE cov: 303 ft: 1025 corp: 364/92Kb lim: 4096 exec/s: 67315 rss: 541Mb L: 978/2277 MS: 2 ShuffleBytes-EraseBytes-
#3838493	REDUCE cov: 303 ft: 1025 corp: 364/92Kb lim: 4096 exec/s: 67341 rss: 541Mb L: 124/2277 MS: 1 EraseBytes-
#3848650	REDUCE cov: 303 ft: 1025 corp: 364/92Kb lim: 4096 exec/s: 67520 rss: 541Mb L: 63/2277 MS: 2 ChangeByte-EraseBytes-
#3853716	REDUCE cov: 303 ft: 1025 corp: 364/92Kb lim: 4096 exec/s: 67609 rss: 541Mb L: 70/2277 MS: 1 EraseBytes-
#3859787	REDUCE cov: 303 ft: 1025 corp: 364/92Kb lim: 4096 exec/s: 67715 rss: 541Mb L: 1522/2277 MS: 1 EraseBytes-
#3861488	REDUCE cov: 303 ft: 1025 corp: 364/92Kb lim: 4096 exec/s: 66577 rss: 541Mb L: 1673/2277 MS: 1 EraseBytes-
#3863819	REDUCE cov: 303 ft: 1025 corp: 364/92Kb lim: 4096 exec/s: 66617 rss: 541Mb L: 24/2277 MS: 1 EraseBytes-
#3871285	REDUCE cov: 303 ft: 1025 corp: 364/92Kb lim: 4096 exec/s: 66746 rss: 541Mb L: 1676/2277 MS: 1 EraseBytes-
#3878620	REDUCE cov: 303 ft: 1025 corp: 364/92Kb lim: 4096 exec/s: 66872 rss: 541Mb L: 110/2277 MS: 5 InsertByte-ChangeBinInt-CrossOver-PersAutoDict-EraseBytes- DE: "m\000\000\000\000\000\000\000"-
#3902351	REDUCE cov: 303 ft: 1025 corp: 364/92Kb lim: 4096 exec/s: 67281 rss: 541Mb L: 16/2277 MS: 1 EraseBytes-
#3908993	REDUCE cov: 303 ft: 1025 corp: 364/92Kb lim: 4096 exec/s: 66254 rss: 541Mb L: 1803/2277 MS: 2 ShuffleBytes-EraseBytes-
#3931929	REDUCE cov: 303 ft: 1025 corp: 364/92Kb lim: 4096 exec/s: 66642 rss: 541Mb L: 76/2277 MS: 1 EraseBytes-
#3937595	REDUCE cov: 303 ft: 1025 corp: 364/92Kb lim: 4096 exec/s: 66738 rss: 541Mb L: 8/2277 MS: 1 EraseBytes-
#3940411	REDUCE cov: 303 ft: 1025 corp: 364/92Kb lim: 4096 exec/s: 66786 rss: 541Mb L: 29/2277 MS: 1 EraseBytes-
#3943853	REDUCE cov: 303 ft: 1025 corp: 364/92Kb lim: 4096 exec/s: 66844 rss: 541Mb L: 51/2277 MS: 2 ChangeBinInt-EraseBytes-
#3956649	REDUCE cov: 303 ft: 1025 corp: 364/92Kb lim: 4096 exec/s: 67061 rss: 541Mb L: 95/2277 MS: 1 EraseBytes-
#3973165	REDUCE cov: 303 ft: 1025 corp: 364/91Kb lim: 4096 exec/s: 66219 rss: 541Mb L: 1368/2277 MS: 1 EraseBytes-
#3999127	REDUCE cov: 303 ft: 1026 corp: 365/93Kb lim: 4096 exec/s: 66652 rss: 541Mb L: 1805/2277 MS: 2 InsertByte-InsertByte-
#4002603	REDUCE cov: 303 ft: 1026 corp: 365/93Kb lim: 4096 exec/s: 66710 rss: 541Mb L: 1286/2277 MS: 1 EraseBytes-
#4018619	REDUCE cov: 303 ft: 1026 corp: 365/93Kb lim: 4096 exec/s: 65879 rss: 541Mb L: 193/2277 MS: 1 EraseBytes-
#4031841	REDUCE cov: 303 ft: 1026 corp: 365/93Kb lim: 4096 exec/s: 66095 rss: 541Mb L: 68/2277 MS: 2 ShuffleBytes-EraseBytes-
#4037467	REDUCE cov: 303 ft: 1026 corp: 365/93Kb lim: 4096 exec/s: 66187 rss: 541Mb L: 27/2277 MS: 1 EraseBytes-
#4041458	REDUCE cov: 303 ft: 1026 corp: 365/93Kb lim: 4096 exec/s: 66253 rss: 541Mb L: 62/2277 MS: 1 EraseBytes-
#4048284	REDUCE cov: 303 ft: 1026 corp: 365/93Kb lim: 4096 exec/s: 66365 rss: 541Mb L: 1222/2277 MS: 1 EraseBytes-
#4048577	REDUCE cov: 303 ft: 1026 corp: 365/93Kb lim: 4096 exec/s: 66370 rss: 541Mb L: 1603/2277 MS: 3 PersAutoDict-InsertByte-EraseBytes- DE: "\001\000"-
#4051904	REDUCE cov: 303 ft: 1026 corp: 365/93Kb lim: 4096 exec/s: 66424 rss: 541Mb L: 58/2277 MS: 2 CMP-EraseBytes- DE: "\000\000?P"-
#4056625	REDUCE cov: 303 ft: 1026 corp: 365/93Kb lim: 4096 exec/s: 65429 rss: 541Mb L: 30/2277 MS: 1 EraseBytes-
#4069741	REDUCE cov: 303 ft: 1026 corp: 365/93Kb lim: 4096 exec/s: 65640 rss: 541Mb L: 42/2277 MS: 1 EraseBytes-
#4070002	REDUCE cov: 303 ft: 1026 corp: 365/93Kb lim: 4096 exec/s: 65645 rss: 541Mb L: 1775/2277 MS: 1 EraseBytes-
#4071878	REDUCE cov: 303 ft: 1026 corp: 365/93Kb lim: 4096 exec/s: 65675 rss: 541Mb L: 947/2277 MS: 1 EraseBytes-
#4072392	REDUCE cov: 303 ft: 1026 corp: 365/93Kb lim: 4096 exec/s: 65683 rss: 541Mb L: 9/2277 MS: 4 CrossOver-ChangeBit-ChangeBinInt-EraseBytes-
#4094687	REDUCE cov: 303 ft: 1026 corp: 365/93Kb lim: 4096 exec/s: 66043 rss: 541Mb L: 42/2277 MS: 5 EraseBytes-ManualDict-ChangeBinInt-ChangeBinInt-CrossOver- DE: "stream end"-
#4096538	REDUCE cov: 303 ft: 1028 corp: 366/93Kb lim: 4096 exec/s: 66073 rss: 541Mb L: 11/2277 MS: 1 ChangeByte-
#4098844	REDUCE cov: 303 ft: 1028 corp: 366/93Kb lim: 4096 exec/s: 66110 rss: 541Mb L: 41/2277 MS: 1 EraseBytes-
#4105485	REDUCE cov: 303 ft: 1028 corp: 366/93Kb lim: 4096 exec/s: 65166 rss: 541Mb L: 1769/2277 MS: 1 EraseBytes-
#4125852	REDUCE cov: 303 ft: 1028 corp: 366/93Kb lim: 4096 exec/s: 65489 rss: 541Mb L: 1580/2277 MS: 2 EraseBytes-ChangeByte-
#4133078	REDUCE cov: 303 ft: 1028 corp: 366/93Kb lim: 4096 exec/s: 65604 rss: 541Mb L: 893/2277 MS: 1 EraseBytes-
#4136079	REDUCE cov: 303 ft: 1028 corp: 366/93Kb lim: 4096 exec/s: 65652 rss: 541Mb L: 1468/2277 MS: 1 EraseBytes-
#4144580	REDUCE cov: 303 ft: 1028 corp: 366/93Kb lim: 4096 exec/s: 65786 rss: 541Mb L: 37/2277 MS: 1 EraseBytes-
#4145376	REDUCE cov: 303 ft: 1028 corp: 366/93Kb lim: 4096 exec/s: 65799 rss: 541Mb L: 9/2277 MS: 1 EraseBytes-
#4149058	REDUCE cov: 303 ft: 1028 corp: 366/93Kb lim: 4096 exec/s: 65858 rss: 541Mb L: 1687/2277 MS: 2 ShuffleBytes-EraseBytes-
#4154144	REDUCE cov: 303 ft: 1028 corp: 366/93Kb lim: 4096 exec/s: 64908 rss: 541Mb L: 8/2277 MS: 1 EraseBytes-
#4157266	REDUCE cov: 303 ft: 1028 corp: 366/93Kb lim: 4096 exec/s: 64957 rss: 541Mb L: 1347/2277 MS: 2 ChangeBinInt-CrossOver-
#4167698	REDUCE cov: 303 ft: 1028 corp: 366/93Kb lim: 4096 exec/s: 65120 rss: 541Mb L: 1340/2277 MS: 2 ChangeByte-EraseBytes-
#4173590	REDUCE cov: 303 ft: 1028 corp: 366/93Kb lim: 4096 exec/s: 65212 rss: 541Mb L: 107/2277 MS: 2 EraseBytes-ChangeBit-
#4181442	REDUCE cov: 303 ft: 1028 corp: 366/93Kb lim: 4096 exec/s: 65335 rss: 541Mb L: 1548/2277 MS: 2 InsertByte-EraseBytes-
#4184138	REDUCE cov: 303 ft: 1028 corp: 366/93Kb lim: 4096 exec/s: 65377 rss: 541Mb L: 307/2277 MS: 1 EraseBytes-
#4185481	REDUCE cov: 303 ft: 1028 corp: 366/93Kb lim: 4096 exec/s: 65398 rss: 541Mb L: 230/2277 MS: 3 InsertByte-InsertByte-EraseBytes-
#4187274	REDUCE cov: 303 ft: 1028 corp: 366/93Kb lim: 4096 exec/s: 65426 rss: 541Mb L: 39/2277 MS: 3 ChangeBit-ChangeByte-EraseBytes-
#4191947	REDUCE cov: 303 ft: 1028 corp: 366/93Kb lim: 4096 exec/s: 65499 rss: 541Mb L: 1685/2277 MS: 3 ChangeBit-ShuffleBytes-EraseBytes-
#4194304	pulse  cov: 303 ft: 1028 corp: 366/93Kb lim: 4096 exec/s: 65536 rss: 541Mb
#4195238	REDUCE cov: 303 ft: 1028 corp: 366/93Kb lim: 4096 exec/s: 65550 rss: 541Mb L: 1646/2277 MS: 1 EraseBytes-
#4203466	REDUCE cov: 303 ft: 1028 corp: 366/93Kb lim: 4096 exec/s: 64668 rss: 541Mb L: 7/2277 MS: 3 InsertByte-ShuffleBytes-EraseBytes-
#4209363	REDUCE cov: 303 ft: 1028 corp: 366/93Kb lim: 4096 exec/s: 64759 rss: 541Mb L: 58/2277 MS: 2 ShuffleBytes-EraseBytes-
#4231340	REDUCE cov: 303 ft: 1028 corp: 366/93Kb lim: 4096 exec/s: 65097 rss: 541Mb L: 28/2277 MS: 2 EraseBytes-InsertByte-
#4235696	REDUCE cov: 303 ft: 1028 corp: 366/93Kb lim: 4096 exec/s: 65164 rss: 541Mb L: 79/2277 MS: 1 EraseBytes-
#4239433	REDUCE cov: 303 ft: 1029 corp: 367/93Kb lim: 4096 exec/s: 65222 rss: 541Mb L: 713/2277 MS: 2 ChangeBit-CrossOver-
#4239799	REDUCE cov: 303 ft: 1029 corp: 367/93Kb lim: 4096 exec/s: 65227 rss: 541Mb L: 515/2277 MS: 1 EraseBytes-
#4240831	REDUCE cov: 303 ft: 1029 corp: 367/93Kb lim: 4096 exec/s: 65243 rss: 541Mb L: 411/2277 MS: 2 CopyPart-EraseBytes-
#4240893	REDUCE cov: 303 ft: 1029 corp: 367/93Kb lim: 4096 exec/s: 65244 rss: 541Mb L: 360/2277 MS: 2 InsertRepeatedBytes-EraseBytes-
#4241399	REDUCE cov: 303 ft: 1029 corp: 367/93Kb lim: 4096 exec/s: 65252 rss: 541Mb L: 301/2277 MS: 1 EraseBytes-
#4241540	REDUCE cov: 303 ft: 1029 corp: 367/93Kb lim: 4096 exec/s: 65254 rss: 541Mb L: 272/2277 MS: 1 EraseBytes-
#4241576	REDUCE cov: 303 ft: 1029 corp: 367/93Kb lim: 4096 exec/s: 65255 rss: 541Mb L: 200/2277 MS: 1 EraseBytes-
#4242833	REDUCE cov: 303 ft: 1029 corp: 367/93Kb lim: 4096 exec/s: 65274 rss: 541Mb L: 187/2277 MS: 2 ChangeBit-EraseBytes-
#4245475	REDUCE cov: 303 ft: 1029 corp: 367/93Kb lim: 4096 exec/s: 64325 rss: 541Mb L: 182/2277 MS: 2 ChangeBit-EraseBytes-
#4246392	REDUCE cov: 303 ft: 1029 corp: 367/93Kb lim: 4096 exec/s: 64339 rss: 541Mb L: 177/2277 MS: 2 ChangeBinInt-EraseBytes-
#4248464	REDUCE cov: 303 ft: 1029 corp: 367/93Kb lim: 4096 exec/s: 64370 rss: 541Mb L: 173/2277 MS: 2 CopyPart-EraseBytes-
#4248726	REDUCE cov: 303 ft: 1029 corp: 367/93Kb lim: 4096 exec/s: 64374 rss: 541Mb L: 88/2277 MS: 2 InsertByte-EraseBytes-
#4251848	REDUCE cov: 303 ft: 1029 corp: 367/93Kb lim: 4096 exec/s: 64421 rss: 541Mb L: 36/2277 MS: 2 InsertByte-EraseBytes-
#4254119	REDUCE cov: 303 ft: 1029 corp: 367/93Kb lim: 4096 exec/s: 64456 rss: 541Mb L: 120/2277 MS: 1 EraseBytes-
#4255755	REDUCE cov: 303 ft: 1029 corp: 367/93Kb lim: 4096 exec/s: 64481 rss: 541Mb L: 31/2277 MS: 1 EraseBytes-
#4259556	REDUCE cov: 303 ft: 1029 corp: 367/93Kb lim: 4096 exec/s: 64538 rss: 541Mb L: 660/2277 MS: 1 EraseBytes-
#4263282	REDUCE cov: 303 ft: 1029 corp: 367/93Kb lim: 4096 exec/s: 64595 rss: 541Mb L: 78/2277 MS: 1 EraseBytes-
#4270499	REDUCE cov: 303 ft: 1029 corp: 367/93Kb lim: 4096 exec/s: 64704 rss: 541Mb L: 919/2277 MS: 2 InsertByte-EraseBytes-
#4271025	REDUCE cov: 303 ft: 1029 corp: 367/93Kb lim: 4096 exec/s: 64712 rss: 541Mb L: 73/2277 MS: 1 EraseBytes-
#4283902	REDUCE cov: 303 ft: 1029 corp: 367/93Kb lim: 4096 exec/s: 64907 rss: 541Mb L: 97/2277 MS: 2 EraseBytes-ChangeBit-
#4298999	REDUCE cov: 303 ft: 1029 corp: 367/93Kb lim: 4096 exec/s: 64164 rss: 541Mb L: 142/2277 MS: 2 InsertByte-EraseBytes-
#4303246	REDUCE cov: 303 ft: 1029 corp: 367/93Kb lim: 4096 exec/s: 64227 rss: 541Mb L: 76/2277 MS: 2 PersAutoDict-EraseBytes- DE: "\001\000\000\000\000\000\000\206"-
#4307602	REDUCE cov: 303 ft: 1029 corp: 367/93Kb lim: 4096 exec/s: 64292 rss: 541Mb L: 118/2277 MS: 1 EraseBytes-
#4320637	REDUCE cov: 303 ft: 1029 corp: 367/93Kb lim: 4096 exec/s: 64487 rss: 541Mb L: 1125/2277 MS: 5 CopyPart-ChangeByte-ChangeBit-EraseBytes-CopyPart-
#4324378	REDUCE cov: 303 ft: 1029 corp: 367/93Kb lim: 4096 exec/s: 64542 rss: 541Mb L: 15/2277 MS: 1 EraseBytes-
#4324652	REDUCE cov: 303 ft: 1029 corp: 367/93Kb lim: 4096 exec/s: 64547 rss: 541Mb L: 1317/2277 MS: 4 ShuffleBytes-CopyPart-ChangeBinInt-EraseBytes-
#4329453	REDUCE cov: 303 ft: 1029 corp: 367/93Kb lim: 4096 exec/s: 64618 rss: 541Mb L: 1757/2277 MS: 1 EraseBytes-
#4333054	REDUCE cov: 303 ft: 1029 corp: 367/93Kb lim: 4096 exec/s: 64672 rss: 541Mb L: 327/2277 MS: 1 EraseBytes-
#4340645	REDUCE cov: 303 ft: 1029 corp: 367/92Kb lim: 4096 exec/s: 63833 rss: 541Mb L: 1594/2277 MS: 1 EraseBytes-
#4344251	REDUCE cov: 303 ft: 1029 corp: 367/92Kb lim: 4096 exec/s: 63886 rss: 541Mb L: 27/2277 MS: 1 EraseBytes-
#4364567	REDUCE cov: 303 ft: 1029 corp: 367/92Kb lim: 4096 exec/s: 64184 rss: 541Mb L: 73/2277 MS: 1 CrossOver-
#4388278	REDUCE cov: 303 ft: 1029 corp: 367/92Kb lim: 4096 exec/s: 64533 rss: 541Mb L: 1145/2277 MS: 1 EraseBytes-
#4396010	REDUCE cov: 303 ft: 1029 corp: 367/92Kb lim: 4096 exec/s: 63710 rss: 541Mb L: 1725/2277 MS: 2 ChangeBit-EraseBytes-
#4397527	REDUCE cov: 303 ft: 1029 corp: 367/92Kb lim: 4096 exec/s: 63732 rss: 541Mb L: 63/2277 MS: 2 ShuffleBytes-EraseBytes-
#4406369	REDUCE cov: 303 ft: 1029 corp: 367/92Kb lim: 4096 exec/s: 63860 rss: 541Mb L: 68/2277 MS: 2 ManualDict-EraseBytes- DE: "       It is part of the implementation of this library and is"-
#4422049	REDUCE cov: 303 ft: 1029 corp: 367/92Kb lim: 4096 exec/s: 64087 rss: 541Mb L: 839/2277 MS: 5 InsertByte-ChangeASCIIInt-ShuffleBytes-InsertRepeatedBytes-EraseBytes-
#4423856	REDUCE cov: 303 ft: 1029 corp: 367/92Kb lim: 4096 exec/s: 64113 rss: 541Mb L: 62/2277 MS: 2 InsertRepeatedBytes-EraseBytes-
#4426782	REDUCE cov: 303 ft: 1029 corp: 367/92Kb lim: 4096 exec/s: 64156 rss: 541Mb L: 69/2277 MS: 1 EraseBytes-
#4436507	REDUCE cov: 303 ft: 1029 corp: 367/92Kb lim: 4096 exec/s: 63378 rss: 541Mb L: 17/2277 MS: 5 EraseBytes-ShuffleBytes-ChangeBinInt-ChangeByte-ChangeByte-
#4444985	REDUCE cov: 303 ft: 1029 corp: 367/92Kb lim: 4096 exec/s: 63499 rss: 541Mb L: 29/2277 MS: 3 CopyPart-ShuffleBytes-EraseBytes-
#4452383	REDUCE cov: 303 ft: 1029 corp: 367/92Kb lim: 4096 exec/s: 63605 rss: 541Mb L: 91/2277 MS: 3 ChangeBit-InsertByte-EraseBytes-
#4457859	REDUCE cov: 303 ft: 1029 corp: 367/92Kb lim: 4096 exec/s: 63683 rss: 541Mb L: 73/2277 MS: 1 EraseBytes-
#4459380	REDUCE cov: 303 ft: 1029 corp: 367/92Kb lim: 4096 exec/s: 63705 rss: 541Mb L: 9/2277 MS: 1 EraseBytes-
#4491211	REDUCE cov: 303 ft: 1029 corp: 367/92Kb lim: 4096 exec/s: 63256 rss: 541Mb L: 72/2277 MS: 1 EraseBytes-
#4508997	REDUCE cov: 303 ft: 1029 corp: 367/92Kb lim: 4096 exec/s: 63507 rss: 541Mb L: 7/2277 MS: 1 EraseBytes-
#4526268	REDUCE cov: 303 ft: 1029 corp: 367/92Kb lim: 4096 exec/s: 63750 rss: 541Mb L: 33/2277 MS: 1 EraseBytes-
#4526639	REDUCE cov: 303 ft: 1029 corp: 367/92Kb lim: 4096 exec/s: 63755 rss: 541Mb L: 1460/2277 MS: 1 EraseBytes-
#4530895	REDUCE cov: 303 ft: 1029 corp: 367/92Kb lim: 4096 exec/s: 63815 rss: 541Mb L: 59/2277 MS: 1 EraseBytes-
#4550557	REDUCE cov: 303 ft: 1029 corp: 367/92Kb lim: 4096 exec/s: 63202 rss: 541Mb L: 93/2277 MS: 2 ShuffleBytes-EraseBytes-
#4553263	REDUCE cov: 303 ft: 1029 corp: 367/92Kb lim: 4096 exec/s: 63239 rss: 541Mb L: 10/2277 MS: 1 EraseBytes-
#4565057	REDUCE cov: 303 ft: 1029 corp: 367/92Kb lim: 4096 exec/s: 63403 rss: 541Mb L: 29/2277 MS: 4 ChangeASCIIInt-EraseBytes-ChangeBinInt-ChangeBit-
#4568583	REDUCE cov: 303 ft: 1029 corp: 367/92Kb lim: 4096 exec/s: 63452 rss: 541Mb L: 1330/2277 MS: 1 EraseBytes-
#4570188	REDUCE cov: 303 ft: 1030 corp: 368/92Kb lim: 4096 exec/s: 63474 rss: 541Mb L: 157/2277 MS: 5 InsertRepeatedBytes-ShuffleBytes-CopyPart-CopyPart-CMP- DE: ">B"-
#4570479	REDUCE cov: 303 ft: 1030 corp: 368/92Kb lim: 4096 exec/s: 63478 rss: 541Mb L: 108/2277 MS: 1 EraseBytes-
#4578027	REDUCE cov: 303 ft: 1030 corp: 368/92Kb lim: 4096 exec/s: 63583 rss: 541Mb L: 56/2277 MS: 3 ShuffleBytes-CMP-EraseBytes- DE: "\376\377\377\377\000\000\000\000"-
#4591796	REDUCE cov: 303 ft: 1030 corp: 368/92Kb lim: 4096 exec/s: 62901 rss: 541Mb L: 97/2277 MS: 4 CopyPart-ChangeByte-EraseBytes-ChangeBit-
#4592103	REDUCE cov: 303 ft: 1030 corp: 368/92Kb lim: 4096 exec/s: 62905 rss: 541Mb L: 55/2277 MS: 2 InsertByte-EraseBytes-
#4592827	REDUCE cov: 303 ft: 1030 corp: 368/92Kb lim: 4096 exec/s: 62915 rss: 541Mb L: 29/2277 MS: 4 InsertByte-InsertByte-ChangeBinInt-EraseBytes-
#4595963	REDUCE cov: 303 ft: 1030 corp: 368/92Kb lim: 4096 exec/s: 62958 rss: 541Mb L: 61/2277 MS: 1 EraseBytes-
#4610700	REDUCE cov: 303 ft: 1030 corp: 368/92Kb lim: 4096 exec/s: 63160 rss: 541Mb L: 1186/2277 MS: 2 ChangeBinInt-EraseBytes-
#4626921	REDUCE cov: 303 ft: 1030 corp: 368/92Kb lim: 4096 exec/s: 63382 rss: 541Mb L: 28/2277 MS: 1 EraseBytes-
#4632652	REDUCE cov: 303 ft: 1030 corp: 368/92Kb lim: 4096 exec/s: 62603 rss: 541Mb L: 36/2277 MS: 1 EraseBytes-
#4634415	REDUCE cov: 303 ft: 1030 corp: 368/92Kb lim: 4096 exec/s: 62627 rss: 541Mb L: 58/2277 MS: 3 ChangeByte-CMP-EraseBytes- DE: "\377\377\377\377"-
#4634661	REDUCE cov: 303 ft: 1030 corp: 368/92Kb lim: 4096 exec/s: 62630 rss: 541Mb L: 1681/2277 MS: 1 EraseBytes-
#4643262	REDUCE cov: 303 ft: 1030 corp: 368/92Kb lim: 4096 exec/s: 62746 rss: 541Mb L: 1357/2277 MS: 1 EraseBytes-
#4648548	REDUCE cov: 303 ft: 1030 corp: 368/92Kb lim: 4096 exec/s: 62818 rss: 541Mb L: 153/2277 MS: 1 EraseBytes-
#4650459	REDUCE cov: 303 ft: 1030 corp: 368/92Kb lim: 4096 exec/s: 62844 rss: 541Mb L: 718/2277 MS: 1 EraseBytes-
#4656755	REDUCE cov: 303 ft: 1030 corp: 368/92Kb lim: 4096 exec/s: 62929 rss: 541Mb L: 1346/2277 MS: 1 EraseBytes-
#4657797	REDUCE cov: 303 ft: 1030 corp: 368/92Kb lim: 4096 exec/s: 62943 rss: 541Mb L: 104/2277 MS: 2 EraseBytes-ChangeBit-
#4658383	REDUCE cov: 303 ft: 1030 corp: 368/92Kb lim: 4096 exec/s: 62951 rss: 541Mb L: 824/2277 MS: 1 EraseBytes-
#4671121	REDUCE cov: 303 ft: 1030 corp: 368/92Kb lim: 4096 exec/s: 63123 rss: 541Mb L: 17/2277 MS: 3 CrossOver-EraseBytes-ChangeBinInt-
#4672607	REDUCE cov: 303 ft: 1030 corp: 368/92Kb lim: 4096 exec/s: 63143 rss: 541Mb L: 1316/2277 MS: 1 EraseBytes-
#4679433	REDUCE cov: 303 ft: 1030 corp: 368/92Kb lim: 4096 exec/s: 62392 rss: 541Mb L: 17/2277 MS: 1 EraseBytes-
#4700629	REDUCE cov: 303 ft: 1030 corp: 368/92Kb lim: 4096 exec/s: 62675 rss: 541Mb L: 68/2277 MS: 1 EraseBytes-
#4720281	REDUCE cov: 303 ft: 1030 corp: 368/92Kb lim: 4096 exec/s: 62937 rss: 541Mb L: 32/2277 MS: 2 ShuffleBytes-EraseBytes-
#4728042	REDUCE cov: 303 ft: 1030 corp: 368/92Kb lim: 4096 exec/s: 63040 rss: 541Mb L: 1276/2277 MS: 1 EraseBytes-
#4739933	REDUCE cov: 303 ft: 1030 corp: 368/92Kb lim: 4096 exec/s: 62367 rss: 541Mb L: 298/2277 MS: 1 EraseBytes-
#4766594	REDUCE cov: 303 ft: 1030 corp: 368/92Kb lim: 4096 exec/s: 62718 rss: 541Mb L: 1356/2277 MS: 1 EraseBytes-
#4771952	REDUCE cov: 303 ft: 1030 corp: 368/92Kb lim: 4096 exec/s: 62788 rss: 541Mb L: 90/2277 MS: 3 EraseBytes-ChangeBit-PersAutoDict- DE: "\033\000\000\000\000\000\000\000"-
#4779713	REDUCE cov: 303 ft: 1030 corp: 368/92Kb lim: 4096 exec/s: 62074 rss: 541Mb L: 94/2277 MS: 1 EraseBytes-
#4784099	REDUCE cov: 303 ft: 1030 corp: 368/92Kb lim: 4096 exec/s: 62131 rss: 541Mb L: 96/2277 MS: 1 EraseBytes-
#4784170	REDUCE cov: 303 ft: 1030 corp: 368/92Kb lim: 4096 exec/s: 62132 rss: 541Mb L: 7/2277 MS: 1 EraseBytes-
#4784741	REDUCE cov: 303 ft: 1030 corp: 368/92Kb lim: 4096 exec/s: 62139 rss: 541Mb L: 26/2277 MS: 1 EraseBytes-
#4784902	REDUCE cov: 303 ft: 1030 corp: 368/92Kb lim: 4096 exec/s: 62141 rss: 541Mb L: 537/2277 MS: 1 EraseBytes-
#4790758	REDUCE cov: 303 ft: 1030 corp: 368/92Kb lim: 4096 exec/s: 62217 rss: 541Mb L: 646/2277 MS: 1 EraseBytes-
#4801664	REDUCE cov: 303 ft: 1030 corp: 368/92Kb lim: 4096 exec/s: 62359 rss: 541Mb L: 89/2277 MS: 1 EraseBytes-
#4804902	REDUCE cov: 303 ft: 1030 corp: 368/92Kb lim: 4096 exec/s: 62401 rss: 541Mb L: 788/2277 MS: 3 ChangeASCIIInt-ChangeByte-EraseBytes-
#4821530	REDUCE cov: 303 ft: 1030 corp: 368/92Kb lim: 4096 exec/s: 62617 rss: 541Mb L: 1091/2277 MS: 3 ChangeBit-CopyPart-EraseBytes-
#4824496	REDUCE cov: 303 ft: 1030 corp: 368/92Kb lim: 4096 exec/s: 62655 rss: 541Mb L: 93/2277 MS: 1 EraseBytes-
#4859908	REDUCE cov: 303 ft: 1030 corp: 368/92Kb lim: 4096 exec/s: 62306 rss: 541Mb L: 1713/2277 MS: 2 ChangeBit-EraseBytes-
#4863052	REDUCE cov: 303 ft: 1030 corp: 368/92Kb lim: 4096 exec/s: 62346 rss: 541Mb L: 1571/2277 MS: 4 EraseBytes-ShuffleBytes-ShuffleBytes-CopyPart-
#4866494	REDUCE cov: 303 ft: 1030 corp: 368/92Kb lim: 4096 exec/s: 62390 rss: 541Mb L: 56/2277 MS: 2 CopyPart-EraseBytes-
#4885216	REDUCE cov: 303 ft: 1030 corp: 368/92Kb lim: 4096 exec/s: 61838 rss: 541Mb L: 1583/2277 MS: 2 ChangeBit-EraseBytes-
#4898302	REDUCE cov: 303 ft: 1030 corp: 368/92Kb lim: 4096 exec/s: 62003 rss: 541Mb L: 285/2277 MS: 1 EraseBytes-
#4908358	REDUCE cov: 303 ft: 1031 corp: 369/92Kb lim: 4096 exec/s: 62131 rss: 541Mb L: 104/2277 MS: 1 ChangeByte-
#4911864	REDUCE cov: 303 ft: 1031 corp: 369/92Kb lim: 4096 exec/s: 62175 rss: 541Mb L: 1321/2277 MS: 1 EraseBytes-
#4914001	REDUCE cov: 303 ft: 1031 corp: 369/92Kb lim: 4096 exec/s: 62202 rss: 541Mb L: 1671/2277 MS: 2 EraseBytes-CopyPart-
#4926188	REDUCE cov: 303 ft: 1031 corp: 369/92Kb lim: 4096 exec/s: 62356 rss: 541Mb L: 1536/2277 MS: 2 InsertRepeatedBytes-EraseBytes-
#4930139	REDUCE cov: 303 ft: 1031 corp: 369/92Kb lim: 4096 exec/s: 62406 rss: 541Mb L: 1384/2277 MS: 1 EraseBytes-
#4934675	REDUCE cov: 303 ft: 1031 corp: 369/92Kb lim: 4096 exec/s: 61683 rss: 541Mb L: 887/2277 MS: 1 EraseBytes-
#4935926	REDUCE cov: 303 ft: 1031 corp: 369/92Kb lim: 4096 exec/s: 61699 rss: 541Mb L: 14/2277 MS: 1 EraseBytes-
#4943912	REDUCE cov: 303 ft: 1031 corp: 369/92Kb lim: 4096 exec/s: 61798 rss: 541Mb L: 1668/2277 MS: 1 EraseBytes-
#4946353	REDUCE cov: 303 ft: 1031 corp: 369/92Kb lim: 4096 exec/s: 61829 rss: 541Mb L: 87/2277 MS: 1 EraseBytes-
#4972874	REDUCE cov: 303 ft: 1031 corp: 369/92Kb lim: 4096 exec/s: 62160 rss: 541Mb L: 57/2277 MS: 1 EraseBytes-
#4981400	REDUCE cov: 303 ft: 1031 corp: 369/92Kb lim: 4096 exec/s: 62267 rss: 541Mb L: 283/2277 MS: 1 EraseBytes-
#4996086	REDUCE cov: 303 ft: 1031 corp: 369/92Kb lim: 4096 exec/s: 61680 rss: 541Mb L: 56/2277 MS: 1 EraseBytes-
#5008803	REDUCE cov: 303 ft: 1031 corp: 369/92Kb lim: 4096 exec/s: 61837 rss: 541Mb L: 29/2277 MS: 2 ShuffleBytes-EraseBytes-
#5015869	REDUCE cov: 303 ft: 1031 corp: 369/92Kb lim: 4096 exec/s: 61924 rss: 541Mb L: 265/2277 MS: 1 EraseBytes-
#5020405	REDUCE cov: 303 ft: 1031 corp: 369/92Kb lim: 4096 exec/s: 61980 rss: 541Mb L: 65/2277 MS: 1 EraseBytes-
#5022826	REDUCE cov: 303 ft: 1031 corp: 369/92Kb lim: 4096 exec/s: 62010 rss: 541Mb L: 1220/2277 MS: 1 EraseBytes-
#5026987	REDUCE cov: 303 ft: 1031 corp: 369/92Kb lim: 4096 exec/s: 62061 rss: 541Mb L: 829/2277 MS: 1 EraseBytes-
#5036228	REDUCE cov: 303 ft: 1031 corp: 369/92Kb lim: 4096 exec/s: 62175 rss: 541Mb L: 1478/2277 MS: 1 EraseBytes-
#5050561	REDUCE cov: 303 ft: 1031 corp: 369/92Kb lim: 4096 exec/s: 61592 rss: 541Mb L: 1230/2277 MS: 3 EraseBytes-ManualDict-CopyPart- DE: "_tr_tally: bad match"-
#5051262	REDUCE cov: 303 ft: 1031 corp: 369/92Kb lim: 4096 exec/s: 61600 rss: 541Mb L: 514/2277 MS: 1 EraseBytes-
#5057418	REDUCE cov: 303 ft: 1031 corp: 369/92Kb lim: 4096 exec/s: 61675 rss: 541Mb L: 293/2277 MS: 1 EraseBytes-
#5061224	REDUCE cov: 303 ft: 1031 corp: 369/92Kb lim: 4096 exec/s: 61722 rss: 541Mb L: 777/2277 MS: 1 EraseBytes-
#5071410	REDUCE cov: 303 ft: 1031 corp: 369/92Kb lim: 4096 exec/s: 61846 rss: 541Mb L: 1677/2277 MS: 1 EraseBytes-
#5081136	REDUCE cov: 303 ft: 1031 corp: 369/92Kb lim: 4096 exec/s: 61965 rss: 541Mb L: 61/2277 MS: 1 EraseBytes-
#5091359	REDUCE cov: 303 ft: 1031 corp: 369/92Kb lim: 4096 exec/s: 61341 rss: 541Mb L: 8/2277 MS: 3 ChangeBit-CrossOver-EraseBytes-
#5102570	REDUCE cov: 303 ft: 1031 corp: 369/92Kb lim: 4096 exec/s: 61476 rss: 541Mb L: 728/2277 MS: 1 EraseBytes-
#5111257	REDUCE cov: 303 ft: 1031 corp: 369/92Kb lim: 4096 exec/s: 61581 rss: 541Mb L: 67/2277 MS: 2 PersAutoDict-EraseBytes- DE: "no flush?"-
#5112723	REDUCE cov: 303 ft: 1031 corp: 369/92Kb lim: 4096 exec/s: 61599 rss: 541Mb L: 27/2277 MS: 1 EraseBytes-
#5124739	REDUCE cov: 303 ft: 1031 corp: 369/92Kb lim: 4096 exec/s: 61743 rss: 541Mb L: 93/2277 MS: 1 EraseBytes-
#5126285	REDUCE cov: 303 ft: 1031 corp: 369/92Kb lim: 4096 exec/s: 61762 rss: 541Mb L: 182/2277 MS: 1 EraseBytes-
#5139023	REDUCE cov: 303 ft: 1031 corp: 369/91Kb lim: 4096 exec/s: 61915 rss: 541Mb L: 1059/2277 MS: 3 ShuffleBytes-ChangeBit-EraseBytes-
#5140659	REDUCE cov: 303 ft: 1031 corp: 369/91Kb lim: 4096 exec/s: 61198 rss: 541Mb L: 31/2277 MS: 1 EraseBytes-
#5146987	REDUCE cov: 303 ft: 1031 corp: 369/91Kb lim: 4096 exec/s: 61273 rss: 541Mb L: 228/2277 MS: 3 ChangeBit-CopyPart-EraseBytes-
#5165838	REDUCE cov: 303 ft: 1031 corp: 369/91Kb lim: 4096 exec/s: 61498 rss: 541Mb L: 21/2277 MS: 1 EraseBytes-
#5172131	REDUCE cov: 303 ft: 1031 corp: 369/91Kb lim: 4096 exec/s: 61572 rss: 541Mb L: 84/2277 MS: 3 ShuffleBytes-EraseBytes-InsertByte-
#5176946	REDUCE cov: 303 ft: 1031 corp: 369/91Kb lim: 4096 exec/s: 61630 rss: 541Mb L: 63/2277 MS: 5 EraseBytes-ChangeBinInt-InsertRepeatedBytes-CrossOver-EraseBytes-
#5187488	REDUCE cov: 303 ft: 1031 corp: 369/91Kb lim: 4096 exec/s: 61755 rss: 541Mb L: 24/2277 MS: 2 ShuffleBytes-EraseBytes-
#5188029	REDUCE cov: 303 ft: 1031 corp: 369/91Kb lim: 4096 exec/s: 61762 rss: 541Mb L: 66/2277 MS: 1 EraseBytes-
#5202635	REDUCE cov: 303 ft: 1031 corp: 369/91Kb lim: 4096 exec/s: 61207 rss: 541Mb L: 32/2277 MS: 1 EraseBytes-
#5203902	REDUCE cov: 303 ft: 1031 corp: 369/91Kb lim: 4096 exec/s: 61222 rss: 541Mb L: 315/2277 MS: 2 ShuffleBytes-EraseBytes-
#5208439	REDUCE cov: 303 ft: 1031 corp: 369/91Kb lim: 4096 exec/s: 61275 rss: 541Mb L: 1647/2277 MS: 2 ShuffleBytes-EraseBytes-
#5227651	REDUCE cov: 303 ft: 1031 corp: 369/91Kb lim: 4096 exec/s: 61501 rss: 541Mb L: 56/2277 MS: 2 ShuffleBytes-EraseBytes-
#5227994	REDUCE cov: 303 ft: 1031 corp: 369/91Kb lim: 4096 exec/s: 61505 rss: 541Mb L: 263/2277 MS: 3 ChangeByte-ShuffleBytes-EraseBytes-
#5245790	REDUCE cov: 303 ft: 1031 corp: 369/91Kb lim: 4096 exec/s: 60997 rss: 541Mb L: 16/2277 MS: 1 EraseBytes-
#5254766	REDUCE cov: 303 ft: 1031 corp: 369/91Kb lim: 4096 exec/s: 61101 rss: 541Mb L: 91/2277 MS: 1 EraseBytes-
#5260582	REDUCE cov: 303 ft: 1031 corp: 369/91Kb lim: 4096 exec/s: 61169 rss: 541Mb L: 58/2277 MS: 1 EraseBytes-
#5265378	REDUCE cov: 303 ft: 1031 corp: 369/91Kb lim: 4096 exec/s: 61225 rss: 541Mb L: 55/2277 MS: 1 EraseBytes-
#5266694	REDUCE cov: 303 ft: 1031 corp: 369/91Kb lim: 4096 exec/s: 61240 rss: 541Mb L: 1526/2277 MS: 1 EraseBytes-
#5269355	REDUCE cov: 303 ft: 1032 corp: 370/91Kb lim: 4096 exec/s: 61271 rss: 541Mb L: 55/2277 MS: 1 ChangeBit-
#5282452	REDUCE cov: 303 ft: 1032 corp: 370/91Kb lim: 4096 exec/s: 61423 rss: 541Mb L: 826/2277 MS: 2 ChangeBit-EraseBytes-
#5290093	REDUCE cov: 303 ft: 1032 corp: 370/91Kb lim: 4096 exec/s: 60805 rss: 541Mb L: 61/2277 MS: 1 EraseBytes-
#5329916	REDUCE cov: 303 ft: 1032 corp: 370/91Kb lim: 4096 exec/s: 61263 rss: 541Mb L: 1339/2277 MS: 3 ChangeBinInt-InsertByte-EraseBytes-
#5365978	REDUCE cov: 303 ft: 1032 corp: 370/91Kb lim: 4096 exec/s: 60977 rss: 541Mb L: 83/2277 MS: 2 ChangeBit-EraseBytes-
#5387399	REDUCE cov: 303 ft: 1032 corp: 370/91Kb lim: 4096 exec/s: 60532 rss: 541Mb L: 712/2277 MS: 1 EraseBytes-
#5397895	REDUCE cov: 303 ft: 1032 corp: 370/91Kb lim: 4096 exec/s: 60650 rss: 541Mb L: 129/2277 MS: 1 EraseBytes-
#5424231	REDUCE cov: 303 ft: 1032 corp: 370/91Kb lim: 4096 exec/s: 60946 rss: 541Mb L: 246/2277 MS: 1 EraseBytes-
#5425052	REDUCE cov: 303 ft: 1032 corp: 370/91Kb lim: 4096 exec/s: 60955 rss: 541Mb L: 254/2277 MS: 1 EraseBytes-
#5426418	REDUCE cov: 303 ft: 1032 corp: 370/91Kb lim: 4096 exec/s: 60970 rss: 541Mb L: 86/2277 MS: 1 EraseBytes-
#5440749	REDUCE cov: 303 ft: 1032 corp: 370/91Kb lim: 4096 exec/s: 60452 rss: 541Mb L: 1329/2277 MS: 1 EraseBytes-
#5458966	REDUCE cov: 303 ft: 1032 corp: 370/91Kb lim: 4096 exec/s: 60655 rss: 541Mb L: 1203/2277 MS: 2 EraseBytes-CopyPart-
#5461502	REDUCE cov: 303 ft: 1032 corp: 370/91Kb lim: 4096 exec/s: 60683 rss: 541Mb L: 1354/2277 MS: 1 EraseBytes-
#5475383	REDUCE cov: 303 ft: 1032 corp: 370/91Kb lim: 4096 exec/s: 60837 rss: 541Mb L: 19/2277 MS: 1 EraseBytes-
#5497124	REDUCE cov: 303 ft: 1032 corp: 370/91Kb lim: 4096 exec/s: 60407 rss: 541Mb L: 292/2277 MS: 1 EraseBytes-
#5524676	REDUCE cov: 303 ft: 1032 corp: 370/91Kb lim: 4096 exec/s: 60710 rss: 541Mb L: 1058/2277 MS: 2 ChangeBit-EraseBytes-
#5526592	REDUCE cov: 303 ft: 1032 corp: 370/91Kb lim: 4096 exec/s: 60731 rss: 541Mb L: 1457/2277 MS: 1 EraseBytes-
#5529108	REDUCE cov: 303 ft: 1032 corp: 370/91Kb lim: 4096 exec/s: 60759 rss: 541Mb L: 1109/2277 MS: 1 EraseBytes-
#5535554	REDUCE cov: 303 ft: 1032 corp: 370/91Kb lim: 4096 exec/s: 60830 rss: 541Mb L: 28/2277 MS: 1 EraseBytes-
#5541056	REDUCE cov: 303 ft: 1032 corp: 370/91Kb lim: 4096 exec/s: 60890 rss: 541Mb L: 1666/2277 MS: 2 InsertByte-EraseBytes-
#5550643	REDUCE cov: 303 ft: 1032 corp: 370/91Kb lim: 4096 exec/s: 60333 rss: 541Mb L: 234/2277 MS: 2 CopyPart-EraseBytes-
#5551539	REDUCE cov: 303 ft: 1032 corp: 370/91Kb lim: 4096 exec/s: 60342 rss: 541Mb L: 247/2277 MS: 1 EraseBytes-
#5562392	REDUCE cov: 303 ft: 1032 corp: 370/91Kb lim: 4096 exec/s: 60460 rss: 541Mb L: 18/2277 MS: 3 ChangeBit-CMP-EraseBytes- DE: "\001\000\000\000\000\000\000\000"-
#5570453	REDUCE cov: 303 ft: 1032 corp: 370/91Kb lim: 4096 exec/s: 60548 rss: 541Mb L: 668/2277 MS: 1 EraseBytes-
#5571559	NEW    cov: 303 ft: 1033 corp: 371/91Kb lim: 4096 exec/s: 60560 rss: 541Mb L: 55/2277 MS: 1 ChangeBinInt-
#5627515	REDUCE cov: 303 ft: 1033 corp: 371/91Kb lim: 4096 exec/s: 60510 rss: 541Mb L: 1309/2277 MS: 1 EraseBytes-
#5667146	REDUCE cov: 303 ft: 1033 corp: 371/91Kb lim: 4096 exec/s: 60288 rss: 541Mb L: 63/2277 MS: 1 EraseBytes-
#5676982	REDUCE cov: 303 ft: 1033 corp: 371/91Kb lim: 4096 exec/s: 60393 rss: 541Mb L: 63/2277 MS: 1 EraseBytes-
#5685973	REDUCE cov: 303 ft: 1033 corp: 371/91Kb lim: 4096 exec/s: 60489 rss: 541Mb L: 22/2277 MS: 1 EraseBytes-
#5686269	REDUCE cov: 303 ft: 1033 corp: 371/91Kb lim: 4096 exec/s: 60492 rss: 541Mb L: 55/2277 MS: 1 EraseBytes-
#5697910	REDUCE cov: 303 ft: 1033 corp: 371/91Kb lim: 4096 exec/s: 59978 rss: 541Mb L: 74/2277 MS: 1 EraseBytes-
#5709846	REDUCE cov: 303 ft: 1033 corp: 371/91Kb lim: 4096 exec/s: 60103 rss: 541Mb L: 54/2277 MS: 1 EraseBytes-
#5720077	REDUCE cov: 303 ft: 1033 corp: 371/91Kb lim: 4096 exec/s: 60211 rss: 541Mb L: 21/2277 MS: 1 EraseBytes-
#5732875	REDUCE cov: 303 ft: 1033 corp: 371/91Kb lim: 4096 exec/s: 60346 rss: 541Mb L: 1098/2277 MS: 3 EraseBytes-InsertByte-CopyPart-
#5763026	REDUCE cov: 303 ft: 1033 corp: 371/91Kb lim: 4096 exec/s: 60031 rss: 541Mb L: 1248/2277 MS: 1 EraseBytes-
#5780569	REDUCE cov: 303 ft: 1033 corp: 371/91Kb lim: 4096 exec/s: 60214 rss: 541Mb L: 34/2277 MS: 3 CopyPart-EraseBytes-ChangeBit-
#5780865	REDUCE cov: 303 ft: 1033 corp: 371/91Kb lim: 4096 exec/s: 60217 rss: 541Mb L: 64/2277 MS: 1 EraseBytes-
#5798471	REDUCE cov: 303 ft: 1033 corp: 371/91Kb lim: 4096 exec/s: 59778 rss: 541Mb L: 62/2277 MS: 1 EraseBytes-
#5822030	REDUCE cov: 303 ft: 1033 corp: 371/91Kb lim: 4096 exec/s: 60020 rss: 541Mb L: 1243/2277 MS: 4 ChangeBit-CopyPart-ChangeASCIIInt-EraseBytes-
#5842446	REDUCE cov: 303 ft: 1033 corp: 371/91Kb lim: 4096 exec/s: 59616 rss: 541Mb L: 1075/2277 MS: 1 EraseBytes-
#5857232	REDUCE cov: 303 ft: 1033 corp: 371/91Kb lim: 4096 exec/s: 59767 rss: 541Mb L: 1665/2277 MS: 1 EraseBytes-
#5863358	REDUCE cov: 303 ft: 1033 corp: 371/91Kb lim: 4096 exec/s: 59830 rss: 541Mb L: 1474/2277 MS: 1 EraseBytes-
#5866145	REDUCE cov: 303 ft: 1033 corp: 371/91Kb lim: 4096 exec/s: 59858 rss: 541Mb L: 71/2277 MS: 2 ShuffleBytes-EraseBytes-
#5866183	REDUCE cov: 303 ft: 1033 corp: 371/91Kb lim: 4096 exec/s: 59859 rss: 541Mb L: 1056/2277 MS: 3 ChangeBit-ShuffleBytes-EraseBytes-
#5883679	REDUCE cov: 303 ft: 1033 corp: 371/91Kb lim: 4096 exec/s: 60037 rss: 541Mb L: 26/2277 MS: 1 EraseBytes-
#5884140	REDUCE cov: 303 ft: 1033 corp: 371/91Kb lim: 4096 exec/s: 60042 rss: 541Mb L: 17/2277 MS: 1 EraseBytes-
#5892818	REDUCE cov: 303 ft: 1033 corp: 371/91Kb lim: 4096 exec/s: 59523 rss: 541Mb L: 24/2277 MS: 3 ChangeBit-ChangeBit-EraseBytes-
#5907200	REDUCE cov: 303 ft: 1033 corp: 371/91Kb lim: 4096 exec/s: 59668 rss: 541Mb L: 26/2277 MS: 2 EraseBytes-CrossOver-
#5920847	REDUCE cov: 303 ft: 1033 corp: 371/91Kb lim: 4096 exec/s: 59806 rss: 541Mb L: 869/2277 MS: 2 CopyPart-EraseBytes-
#5932163	REDUCE cov: 303 ft: 1033 corp: 371/91Kb lim: 4096 exec/s: 59920 rss: 541Mb L: 56/2277 MS: 1 EraseBytes-
#5938949	REDUCE cov: 303 ft: 1033 corp: 371/91Kb lim: 4096 exec/s: 59989 rss: 541Mb L: 91/2277 MS: 1 EraseBytes-
#5948085	REDUCE cov: 303 ft: 1033 corp: 371/91Kb lim: 4096 exec/s: 59480 rss: 541Mb L: 552/2277 MS: 1 EraseBytes-
#5955536	REDUCE cov: 303 ft: 1033 corp: 371/91Kb lim: 4096 exec/s: 59555 rss: 541Mb L: 61/2277 MS: 1 EraseBytes-
#5961318	REDUCE cov: 303 ft: 1033 corp: 371/91Kb lim: 4096 exec/s: 59613 rss: 541Mb L: 23/2277 MS: 2 ShuffleBytes-EraseBytes-
#5968324	REDUCE cov: 303 ft: 1033 corp: 371/91Kb lim: 4096 exec/s: 59683 rss: 541Mb L: 38/2277 MS: 1 EraseBytes-
#6004395	REDUCE cov: 303 ft: 1033 corp: 371/91Kb lim: 4096 exec/s: 59449 rss: 541Mb L: 54/2277 MS: 1 EraseBytes-
#6023982	REDUCE cov: 303 ft: 1033 corp: 371/91Kb lim: 4096 exec/s: 59643 rss: 541Mb L: 501/2277 MS: 2 InsertByte-EraseBytes-
#6035305	REDUCE cov: 303 ft: 1033 corp: 371/91Kb lim: 4096 exec/s: 59755 rss: 541Mb L: 499/2277 MS: 3 InsertByte-EraseBytes-InsertByte-
#6038552	REDUCE cov: 303 ft: 1033 corp: 371/91Kb lim: 4096 exec/s: 59787 rss: 541Mb L: 143/2277 MS: 2 InsertRepeatedBytes-EraseBytes-
#6055813	REDUCE cov: 303 ft: 1033 corp: 371/91Kb lim: 4096 exec/s: 59370 rss: 541Mb L: 14/2277 MS: 1 EraseBytes-
#6065199	REDUCE cov: 303 ft: 1033 corp: 371/91Kb lim: 4096 exec/s: 59462 rss: 541Mb L: 1309/2277 MS: 1 EraseBytes-
#6074050	REDUCE cov: 303 ft: 1033 corp: 371/91Kb lim: 4096 exec/s: 59549 rss: 541Mb L: 644/2277 MS: 1 EraseBytes-
#6101238	REDUCE cov: 303 ft: 1033 corp: 371/91Kb lim: 4096 exec/s: 59816 rss: 541Mb L: 304/2277 MS: 3 CopyPart-ShuffleBytes-EraseBytes-
#6102419	REDUCE cov: 303 ft: 1033 corp: 371/91Kb lim: 4096 exec/s: 59827 rss: 541Mb L: 25/2277 MS: 1 EraseBytes-
#6108195	REDUCE cov: 303 ft: 1033 corp: 371/91Kb lim: 4096 exec/s: 59302 rss: 541Mb L: 59/2277 MS: 1 EraseBytes-
#6120786	REDUCE cov: 303 ft: 1033 corp: 371/91Kb lim: 4096 exec/s: 59425 rss: 541Mb L: 899/2277 MS: 1 EraseBytes-
#6124733	REDUCE cov: 303 ft: 1033 corp: 371/91Kb lim: 4096 exec/s: 59463 rss: 541Mb L: 90/2277 MS: 2 ShuffleBytes-EraseBytes-
#6145454	REDUCE cov: 303 ft: 1033 corp: 371/91Kb lim: 4096 exec/s: 59664 rss: 541Mb L: 237/2277 MS: 1 EraseBytes-
#6146415	REDUCE cov: 303 ft: 1033 corp: 371/91Kb lim: 4096 exec/s: 59673 rss: 541Mb L: 58/2277 MS: 1 EraseBytes-
#6152013	REDUCE cov: 303 ft: 1033 corp: 371/91Kb lim: 4096 exec/s: 59728 rss: 541Mb L: 29/2277 MS: 3 ShuffleBytes-ChangeByte-EraseBytes-
#6153800	REDUCE cov: 303 ft: 1033 corp: 371/91Kb lim: 4096 exec/s: 59745 rss: 541Mb L: 82/2277 MS: 2 ChangeByte-EraseBytes-
#6168526	REDUCE cov: 303 ft: 1033 corp: 371/91Kb lim: 4096 exec/s: 59312 rss: 541Mb L: 74/2277 MS: 1 EraseBytes-
#6188569	REDUCE cov: 303 ft: 1033 corp: 371/91Kb lim: 4096 exec/s: 59505 rss: 541Mb L: 22/2277 MS: 3 CrossOver-EraseBytes-ChangeBit-
#6197703	REDUCE cov: 303 ft: 1033 corp: 371/91Kb lim: 4096 exec/s: 59593 rss: 541Mb L: 66/2277 MS: 4 CrossOver-InsertByte-ShuffleBytes-EraseBytes-
#6198066	REDUCE cov: 303 ft: 1033 corp: 371/91Kb lim: 4096 exec/s: 59596 rss: 541Mb L: 65/2277 MS: 3 CopyPart-ShuffleBytes-EraseBytes-
#6198593	REDUCE cov: 303 ft: 1033 corp: 371/91Kb lim: 4096 exec/s: 59601 rss: 541Mb L: 53/2277 MS: 2 ChangeASCIIInt-EraseBytes-
#6204927	REDUCE cov: 303 ft: 1033 corp: 371/91Kb lim: 4096 exec/s: 59094 rss: 541Mb L: 63/2277 MS: 4 InsertByte-ChangeByte-PersAutoDict-EraseBytes- DE: "R?"-
#6205048	REDUCE cov: 303 ft: 1033 corp: 371/91Kb lim: 4096 exec/s: 59095 rss: 541Mb L: 1275/2277 MS: 1 EraseBytes-
#6212304	REDUCE cov: 303 ft: 1033 corp: 371/91Kb lim: 4096 exec/s: 59164 rss: 541Mb L: 52/2277 MS: 1 EraseBytes-
#6212430	REDUCE cov: 303 ft: 1033 corp: 371/91Kb lim: 4096 exec/s: 59166 rss: 541Mb L: 43/2277 MS: 1 EraseBytes-
#6212565	REDUCE cov: 303 ft: 1033 corp: 371/91Kb lim: 4096 exec/s: 59167 rss: 541Mb L: 28/2277 MS: 5 ChangeBit-CMP-ManualDict-ChangeBinInt-EraseBytes- DE: "\377\004"-" 3_6?"-
#6220886	REDUCE cov: 303 ft: 1033 corp: 371/91Kb lim: 4096 exec/s: 59246 rss: 541Mb L: 80/2277 MS: 1 EraseBytes-
#6228912	REDUCE cov: 303 ft: 1033 corp: 371/91Kb lim: 4096 exec/s: 59322 rss: 541Mb L: 15/2277 MS: 1 EraseBytes-
#6229328	REDUCE cov: 303 ft: 1033 corp: 371/91Kb lim: 4096 exec/s: 59326 rss: 541Mb L: 13/2277 MS: 1 EraseBytes-
#6254504	REDUCE cov: 303 ft: 1033 corp: 371/91Kb lim: 4096 exec/s: 59004 rss: 541Mb L: 1350/2277 MS: 1 EraseBytes-
#6261140	REDUCE cov: 303 ft: 1033 corp: 371/91Kb lim: 4096 exec/s: 59067 rss: 541Mb L: 28/2277 MS: 1 EraseBytes-
#6280816	REDUCE cov: 303 ft: 1033 corp: 371/91Kb lim: 4096 exec/s: 59252 rss: 541Mb L: 821/2277 MS: 1 EraseBytes-
#6297347	REDUCE cov: 303 ft: 1033 corp: 371/91Kb lim: 4096 exec/s: 59408 rss: 541Mb L: 1505/2277 MS: 1 EraseBytes-
#6299824	REDUCE cov: 303 ft: 1033 corp: 371/91Kb lim: 4096 exec/s: 59432 rss: 541Mb L: 12/2277 MS: 2 CopyPart-EraseBytes-
#6304765	REDUCE cov: 303 ft: 1033 corp: 371/91Kb lim: 4096 exec/s: 58923 rss: 541Mb L: 23/2277 MS: 1 EraseBytes-
#6305006	REDUCE cov: 303 ft: 1033 corp: 371/91Kb lim: 4096 exec/s: 58925 rss: 541Mb L: 51/2277 MS: 1 EraseBytes-
#6306637	REDUCE cov: 303 ft: 1033 corp: 371/91Kb lim: 4096 exec/s: 58940 rss: 541Mb L: 61/2277 MS: 1 EraseBytes-
#6309773	REDUCE cov: 303 ft: 1035 corp: 372/95Kb lim: 4096 exec/s: 58969 rss: 541Mb L: 3974/3974 MS: 1 CopyPart-
#6325759	REDUCE cov: 303 ft: 1035 corp: 372/95Kb lim: 4096 exec/s: 59119 rss: 541Mb L: 79/3974 MS: 1 EraseBytes-
#6333561	REDUCE cov: 303 ft: 1035 corp: 372/95Kb lim: 4096 exec/s: 59192 rss: 541Mb L: 23/3974 MS: 2 ShuffleBytes-EraseBytes-
#6354887	REDUCE cov: 303 ft: 1035 corp: 372/95Kb lim: 4096 exec/s: 59391 rss: 541Mb L: 1347/3974 MS: 1 EraseBytes-
#6367174	REDUCE cov: 303 ft: 1035 corp: 372/95Kb lim: 4096 exec/s: 58955 rss: 541Mb L: 7/3974 MS: 2 EraseBytes-CMP- DE: "\372\377\377\377"-
#6367425	REDUCE cov: 303 ft: 1035 corp: 372/95Kb lim: 4096 exec/s: 58957 rss: 541Mb L: 51/3974 MS: 1 EraseBytes-
#6376356	REDUCE cov: 303 ft: 1035 corp: 372/95Kb lim: 4096 exec/s: 59040 rss: 541Mb L: 286/3974 MS: 1 EraseBytes-
#6385017	REDUCE cov: 303 ft: 1035 corp: 372/95Kb lim: 4096 exec/s: 59120 rss: 541Mb L: 3969/3969 MS: 1 EraseBytes-
#6402993	REDUCE cov: 303 ft: 1035 corp: 372/95Kb lim: 4096 exec/s: 59286 rss: 541Mb L: 1223/3969 MS: 1 CrossOver-
#6415204	REDUCE cov: 303 ft: 1035 corp: 372/95Kb lim: 4096 exec/s: 59400 rss: 541Mb L: 1663/3969 MS: 1 EraseBytes-
#6438637	REDUCE cov: 303 ft: 1035 corp: 372/95Kb lim: 4096 exec/s: 59070 rss: 541Mb L: 142/3969 MS: 3 EraseBytes-ShuffleBytes-InsertByte-
#6456328	REDUCE cov: 303 ft: 1035 corp: 372/95Kb lim: 4096 exec/s: 59232 rss: 541Mb L: 24/3969 MS: 1 EraseBytes-
#6492638	REDUCE cov: 303 ft: 1035 corp: 372/95Kb lim: 4096 exec/s: 59023 rss: 541Mb L: 12/3969 MS: 5 PersAutoDict-ShuffleBytes-EraseBytes-CMP-ShuffleBytes- DE: "\001\020"-"\001\000\000\004"-
#6493244	REDUCE cov: 303 ft: 1035 corp: 372/95Kb lim: 4096 exec/s: 59029 rss: 541Mb L: 17/3969 MS: 1 EraseBytes-
#6502085	REDUCE cov: 303 ft: 1035 corp: 372/95Kb lim: 4096 exec/s: 59109 rss: 541Mb L: 222/3969 MS: 1 EraseBytes-
#6509275	REDUCE cov: 303 ft: 1035 corp: 372/95Kb lim: 4096 exec/s: 59175 rss: 541Mb L: 1462/3969 MS: 5 ShuffleBytes-ShuffleBytes-ShuffleBytes-ShuffleBytes-EraseBytes-
#6518291	REDUCE cov: 303 ft: 1035 corp: 372/95Kb lim: 4096 exec/s: 59257 rss: 541Mb L: 15/3969 MS: 1 EraseBytes-
#6539412	REDUCE cov: 303 ft: 1035 corp: 372/95Kb lim: 4096 exec/s: 58913 rss: 541Mb L: 29/3969 MS: 1 EraseBytes-
#6545775	REDUCE cov: 303 ft: 1035 corp: 372/95Kb lim: 4096 exec/s: 58970 rss: 541Mb L: 43/3969 MS: 3 EraseBytes-CMP-PersAutoDict- DE: "Q?"-"data error"-
#6558987	REDUCE cov: 303 ft: 1035 corp: 372/95Kb lim: 4096 exec/s: 59089 rss: 541Mb L: 43/3969 MS: 2 EraseBytes-ChangeByte-
#6567504	REDUCE cov: 303 ft: 1035 corp: 372/95Kb lim: 4096 exec/s: 59166 rss: 541Mb L: 9/3969 MS: 2 ChangeByte-EraseBytes-
#6641225	REDUCE cov: 303 ft: 1035 corp: 372/95Kb lim: 4096 exec/s: 59296 rss: 541Mb L: 1343/3969 MS: 1 EraseBytes-
#6645753	REDUCE cov: 303 ft: 1035 corp: 372/95Kb lim: 4096 exec/s: 58811 rss: 541Mb L: 48/3969 MS: 3 EraseBytes-ShuffleBytes-InsertByte-
#6646159	REDUCE cov: 303 ft: 1035 corp: 372/95Kb lim: 4096 exec/s: 58815 rss: 541Mb L: 11/3969 MS: 1 EraseBytes-
#6684930	REDUCE cov: 303 ft: 1035 corp: 372/95Kb lim: 4096 exec/s: 59158 rss: 541Mb L: 86/3969 MS: 1 EraseBytes-
#6705032	REDUCE cov: 303 ft: 1035 corp: 372/95Kb lim: 4096 exec/s: 58816 rss: 541Mb L: 659/3969 MS: 2 CrossOver-EraseBytes-
#6717508	NEW    cov: 303 ft: 1036 corp: 373/95Kb lim: 4096 exec/s: 58925 rss: 541Mb L: 105/3969 MS: 1 InsertByte-
#6727250	REDUCE cov: 303 ft: 1036 corp: 373/95Kb lim: 4096 exec/s: 59010 rss: 541Mb L: 40/3969 MS: 2 ChangeByte-EraseBytes-
#6731861	REDUCE cov: 303 ft: 1036 corp: 373/95Kb lim: 4096 exec/s: 59051 rss: 541Mb L: 302/3969 MS: 1 EraseBytes-
#6741217	REDUCE cov: 303 ft: 1036 corp: 373/95Kb lim: 4096 exec/s: 59133 rss: 541Mb L: 658/3969 MS: 1 EraseBytes-
#6750898	REDUCE cov: 303 ft: 1036 corp: 373/95Kb lim: 4096 exec/s: 58703 rss: 541Mb L: 80/3969 MS: 1 EraseBytes-
#6762934	REDUCE cov: 303 ft: 1036 corp: 373/95Kb lim: 4096 exec/s: 58808 rss: 541Mb L: 635/3969 MS: 1 EraseBytes-
#6764850	REDUCE cov: 303 ft: 1036 corp: 373/95Kb lim: 4096 exec/s: 58824 rss: 541Mb L: 84/3969 MS: 1 EraseBytes-
#6771376	REDUCE cov: 303 ft: 1036 corp: 373/95Kb lim: 4096 exec/s: 58881 rss: 541Mb L: 1315/3969 MS: 1 EraseBytes-
#6783534	REDUCE cov: 303 ft: 1036 corp: 373/95Kb lim: 4096 exec/s: 58987 rss: 541Mb L: 1090/3969 MS: 3 ShuffleBytes-ManualDict-EraseBytes- DE: "invalid distances set"-
#6797780	REDUCE cov: 303 ft: 1036 corp: 373/95Kb lim: 4096 exec/s: 58601 rss: 541Mb L: 92/3969 MS: 1 EraseBytes-
#6808008	REDUCE cov: 303 ft: 1036 corp: 373/95Kb lim: 4096 exec/s: 58689 rss: 541Mb L: 496/3969 MS: 3 ChangeByte-PersAutoDict-EraseBytes- DE: ">B"-
#6815264	REDUCE cov: 303 ft: 1036 corp: 373/95Kb lim: 4096 exec/s: 58752 rss: 541Mb L: 1645/3969 MS: 1 EraseBytes-
#6827605	REDUCE cov: 303 ft: 1036 corp: 373/95Kb lim: 4096 exec/s: 58858 rss: 541Mb L: 1158/3969 MS: 1 EraseBytes-
#6840963	REDUCE cov: 303 ft: 1036 corp: 373/95Kb lim: 4096 exec/s: 58973 rss: 541Mb L: 597/3969 MS: 3 CopyPart-ChangeASCIIInt-EraseBytes-
#6855409	REDUCE cov: 303 ft: 1036 corp: 373/94Kb lim: 4096 exec/s: 58593 rss: 541Mb L: 293/3969 MS: 1 EraseBytes-
#6855665	REDUCE cov: 303 ft: 1036 corp: 373/94Kb lim: 4096 exec/s: 58595 rss: 541Mb L: 29/3969 MS: 1 EraseBytes-
#6867066	REDUCE cov: 303 ft: 1036 corp: 373/94Kb lim: 4096 exec/s: 58692 rss: 541Mb L: 39/3969 MS: 1 EraseBytes-
#6883278	REDUCE cov: 303 ft: 1036 corp: 373/94Kb lim: 4096 exec/s: 58831 rss: 541Mb L: 41/3969 MS: 2 ShuffleBytes-EraseBytes-
#6885641	REDUCE cov: 303 ft: 1036 corp: 373/94Kb lim: 4096 exec/s: 58851 rss: 541Mb L: 824/3969 MS: 3 ChangeASCIIInt-ShuffleBytes-EraseBytes-
#6889582	REDUCE cov: 303 ft: 1036 corp: 373/94Kb lim: 4096 exec/s: 58885 rss: 541Mb L: 39/3969 MS: 1 EraseBytes-
#6899018	REDUCE cov: 303 ft: 1036 corp: 373/94Kb lim: 4096 exec/s: 58965 rss: 541Mb L: 1314/3969 MS: 1 EraseBytes-
#6903770	REDUCE cov: 303 ft: 1036 corp: 373/94Kb lim: 4096 exec/s: 59006 rss: 541Mb L: 20/3969 MS: 2 CMP-EraseBytes- DE: "\217\000"-
#6936516	REDUCE cov: 303 ft: 1036 corp: 373/94Kb lim: 4096 exec/s: 58784 rss: 541Mb L: 1467/3969 MS: 1 EraseBytes-
#6951612	REDUCE cov: 303 ft: 1036 corp: 373/94Kb lim: 4096 exec/s: 58911 rss: 541Mb L: 3906/3906 MS: 1 EraseBytes-
#6960108	REDUCE cov: 303 ft: 1036 corp: 373/94Kb lim: 4096 exec/s: 58983 rss: 541Mb L: 11/3906 MS: 1 EraseBytes-
#6961359	REDUCE cov: 303 ft: 1036 corp: 373/94Kb lim: 4096 exec/s: 58994 rss: 541Mb L: 233/3906 MS: 1 EraseBytes-
#6961600	REDUCE cov: 303 ft: 1036 corp: 373/94Kb lim: 4096 exec/s: 58996 rss: 541Mb L: 492/3906 MS: 1 EraseBytes-
#6973339	REDUCE cov: 303 ft: 1036 corp: 373/94Kb lim: 4096 exec/s: 58599 rss: 541Mb L: 1343/3906 MS: 4 ShuffleBytes-ShuffleBytes-ChangeByte-EraseBytes-
#6974800	REDUCE cov: 303 ft: 1036 corp: 373/94Kb lim: 4096 exec/s: 58611 rss: 541Mb L: 530/3906 MS: 1 EraseBytes-
#6975581	REDUCE cov: 303 ft: 1036 corp: 373/94Kb lim: 4096 exec/s: 58618 rss: 541Mb L: 40/3906 MS: 1 EraseBytes-
#7005662	REDUCE cov: 303 ft: 1036 corp: 373/94Kb lim: 4096 exec/s: 58871 rss: 541Mb L: 1349/3906 MS: 1 EraseBytes-
#7008080	REDUCE cov: 303 ft: 1036 corp: 373/94Kb lim: 4096 exec/s: 58891 rss: 541Mb L: 2267/3906 MS: 3 ShuffleBytes-InsertRepeatedBytes-EraseBytes-
#7014312	REDUCE cov: 303 ft: 1036 corp: 373/94Kb lim: 4096 exec/s: 58943 rss: 541Mb L: 1156/3906 MS: 2 CopyPart-EraseBytes-
#7014728	REDUCE cov: 303 ft: 1036 corp: 373/94Kb lim: 4096 exec/s: 58947 rss: 541Mb L: 38/3906 MS: 1 EraseBytes-
#7017149	REDUCE cov: 303 ft: 1036 corp: 373/94Kb lim: 4096 exec/s: 58967 rss: 541Mb L: 61/3906 MS: 1 EraseBytes-
#7030125	REDUCE cov: 303 ft: 1036 corp: 373/94Kb lim: 4096 exec/s: 58584 rss: 541Mb L: 36/3906 MS: 1 EraseBytes-
#7049935	REDUCE cov: 303 ft: 1036 corp: 373/94Kb lim: 4096 exec/s: 58749 rss: 541Mb L: 11/3906 MS: 5 PersAutoDict-CrossOver-ChangeBinInt-EraseBytes-ChangeBinInt- DE: "\001\000\377\210"-
#7053511	REDUCE cov: 303 ft: 1036 corp: 373/94Kb lim: 4096 exec/s: 58779 rss: 541Mb L: 38/3906 MS: 1 EraseBytes-
#7067397	REDUCE cov: 303 ft: 1036 corp: 373/94Kb lim: 4096 exec/s: 58894 rss: 541Mb L: 77/3906 MS: 1 EraseBytes-
#7081118	REDUCE cov: 303 ft: 1036 corp: 373/94Kb lim: 4096 exec/s: 58521 rss: 541Mb L: 10/3906 MS: 1 EraseBytes-
#7087229	REDUCE cov: 303 ft: 1036 corp: 373/94Kb lim: 4096 exec/s: 58572 rss: 541Mb L: 39/3906 MS: 1 EraseBytes-
#7102630	REDUCE cov: 303 ft: 1036 corp: 373/94Kb lim: 4096 exec/s: 58699 rss: 541Mb L: 224/3906 MS: 1 EraseBytes-
#7126751	REDUCE cov: 303 ft: 1036 corp: 373/94Kb lim: 4096 exec/s: 58898 rss: 541Mb L: 854/3906 MS: 1 EraseBytes-
#7145507	REDUCE cov: 303 ft: 1036 corp: 373/94Kb lim: 4096 exec/s: 58569 rss: 541Mb L: 1462/3906 MS: 1 EraseBytes-
#7149728	REDUCE cov: 303 ft: 1036 corp: 373/94Kb lim: 4096 exec/s: 58604 rss: 541Mb L: 28/3906 MS: 1 EraseBytes-
#7153901	REDUCE cov: 303 ft: 1036 corp: 373/94Kb lim: 4096 exec/s: 58638 rss: 541Mb L: 321/3906 MS: 3 ShuffleBytes-ChangeBit-EraseBytes-
#7169518	REDUCE cov: 303 ft: 1036 corp: 373/94Kb lim: 4096 exec/s: 58766 rss: 541Mb L: 626/3906 MS: 2 ChangeBit-EraseBytes-
#7169674	REDUCE cov: 303 ft: 1036 corp: 373/94Kb lim: 4096 exec/s: 58767 rss: 541Mb L: 59/3906 MS: 1 EraseBytes-
#7185615	REDUCE cov: 303 ft: 1036 corp: 373/94Kb lim: 4096 exec/s: 58419 rss: 541Mb L: 1345/3906 MS: 1 EraseBytes-
#7210726	REDUCE cov: 303 ft: 1036 corp: 373/94Kb lim: 4096 exec/s: 58623 rss: 541Mb L: 1324/3906 MS: 1 EraseBytes-
#7250512	REDUCE cov: 303 ft: 1036 corp: 373/94Kb lim: 4096 exec/s: 58471 rss: 541Mb L: 53/3906 MS: 1 EraseBytes-
#7266038	REDUCE cov: 303 ft: 1036 corp: 373/94Kb lim: 4096 exec/s: 58128 rss: 541Mb L: 220/3906 MS: 1 EraseBytes-
#7268324	REDUCE cov: 303 ft: 1036 corp: 373/94Kb lim: 4096 exec/s: 58146 rss: 541Mb L: 68/3906 MS: 1 EraseBytes-
#7280865	REDUCE cov: 303 ft: 1036 corp: 373/94Kb lim: 4096 exec/s: 58246 rss: 541Mb L: 67/3906 MS: 1 EraseBytes-
#7292042	REDUCE cov: 303 ft: 1036 corp: 373/94Kb lim: 4096 exec/s: 58336 rss: 541Mb L: 1247/3906 MS: 2 ChangeBit-EraseBytes-
#7293891	REDUCE cov: 303 ft: 1036 corp: 373/94Kb lim: 4096 exec/s: 58351 rss: 541Mb L: 1170/3906 MS: 4 ShuffleBytes-InsertRepeatedBytes-ChangeBit-EraseBytes-
#7300825	REDUCE cov: 303 ft: 1036 corp: 373/94Kb lim: 4096 exec/s: 58406 rss: 541Mb L: 14/3906 MS: 4 CrossOver-CMP-EraseBytes-ChangeBinInt- DE: "\013\000"-
#7324796	REDUCE cov: 303 ft: 1036 corp: 373/94Kb lim: 4096 exec/s: 58133 rss: 541Mb L: 1341/3906 MS: 1 EraseBytes-
#7408097	REDUCE cov: 303 ft: 1036 corp: 373/94Kb lim: 4096 exec/s: 58331 rss: 541Mb L: 1456/3906 MS: 1 EraseBytes-
#7411117	REDUCE cov: 303 ft: 1036 corp: 373/94Kb lim: 4096 exec/s: 58355 rss: 541Mb L: 1636/3906 MS: 5 ChangeBit-ChangeByte-ChangeASCIIInt-ChangeASCIIInt-EraseBytes-
#7416991	REDUCE cov: 303 ft: 1036 corp: 373/94Kb lim: 4096 exec/s: 58401 rss: 541Mb L: 9/3906 MS: 4 CopyPart-ChangeByte-ShuffleBytes-EraseBytes-
#7419088	REDUCE cov: 303 ft: 1036 corp: 373/94Kb lim: 4096 exec/s: 58418 rss: 541Mb L: 45/3906 MS: 2 ShuffleBytes-EraseBytes-
#7419227	REDUCE cov: 303 ft: 1036 corp: 373/94Kb lim: 4096 exec/s: 58419 rss: 541Mb L: 35/3906 MS: 4 PersAutoDict-CopyPart-InsertByte-EraseBytes- DE: "+r"-
#7435000	REDUCE cov: 303 ft: 1036 corp: 373/94Kb lim: 4096 exec/s: 58085 rss: 541Mb L: 10/3906 MS: 3 ChangeByte-InsertByte-EraseBytes-
#7448697	REDUCE cov: 303 ft: 1036 corp: 373/94Kb lim: 4096 exec/s: 58192 rss: 541Mb L: 1313/3906 MS: 2 InsertByte-EraseBytes-
#7471350	REDUCE cov: 303 ft: 1036 corp: 373/94Kb lim: 4096 exec/s: 58369 rss: 541Mb L: 52/3906 MS: 3 ShuffleBytes-CopyPart-EraseBytes-
#7481816	REDUCE cov: 303 ft: 1036 corp: 373/94Kb lim: 4096 exec/s: 57998 rss: 541Mb L: 54/3906 MS: 1 EraseBytes-
#7500362	REDUCE cov: 303 ft: 1036 corp: 373/94Kb lim: 4096 exec/s: 58142 rss: 541Mb L: 835/3906 MS: 1 EraseBytes-
#7521053	REDUCE cov: 303 ft: 1036 corp: 373/94Kb lim: 4096 exec/s: 58302 rss: 541Mb L: 1154/3906 MS: 1 EraseBytes-
#7551561	REDUCE cov: 303 ft: 1036 corp: 373/94Kb lim: 4096 exec/s: 58088 rss: 541Mb L: 12/3906 MS: 3 ChangeBit-EraseBytes-InsertByte-
#7564472	REDUCE cov: 303 ft: 1036 corp: 373/94Kb lim: 4096 exec/s: 58188 rss: 541Mb L: 1254/3906 MS: 1 EraseBytes-
#7600793	REDUCE cov: 303 ft: 1036 corp: 373/94Kb lim: 4096 exec/s: 58021 rss: 541Mb L: 1245/3906 MS: 1 EraseBytes-
#7626670	REDUCE cov: 303 ft: 1036 corp: 373/94Kb lim: 4096 exec/s: 58218 rss: 541Mb L: 822/3906 MS: 2 PersAutoDict-EraseBytes- DE: "invalid length"-
#7651766	REDUCE cov: 303 ft: 1036 corp: 373/94Kb lim: 4096 exec/s: 57967 rss: 541Mb L: 37/3906 MS: 1 EraseBytes-
#7653397	REDUCE cov: 303 ft: 1036 corp: 373/94Kb lim: 4096 exec/s: 57980 rss: 541Mb L: 15/3906 MS: 1 EraseBytes-
#7662963	REDUCE cov: 303 ft: 1036 corp: 373/94Kb lim: 4096 exec/s: 58052 rss: 541Mb L: 1413/3906 MS: 1 EraseBytes-
#7700284	REDUCE cov: 303 ft: 1036 corp: 373/94Kb lim: 4096 exec/s: 58335 rss: 541Mb L: 1313/3906 MS: 1 EraseBytes-
#7751890	REDUCE cov: 303 ft: 1036 corp: 373/94Kb lim: 4096 exec/s: 58284 rss: 541Mb L: 1258/3906 MS: 1 CrossOver-
#7756387	REDUCE cov: 303 ft: 1036 corp: 373/94Kb lim: 4096 exec/s: 58318 rss: 541Mb L: 11/3906 MS: 2 ChangeByte-EraseBytes-
#7816008	REDUCE cov: 303 ft: 1036 corp: 373/94Kb lim: 4096 exec/s: 57896 rss: 541Mb L: 801/3906 MS: 1 EraseBytes-
#7816664	REDUCE cov: 303 ft: 1036 corp: 373/94Kb lim: 4096 exec/s: 57901 rss: 541Mb L: 9/3906 MS: 1 EraseBytes-
#7825137	REDUCE cov: 303 ft: 1036 corp: 373/94Kb lim: 4096 exec/s: 57963 rss: 541Mb L: 860/3906 MS: 3 ChangeASCIIInt-ShuffleBytes-EraseBytes-
#7847954	REDUCE cov: 303 ft: 1036 corp: 373/94Kb lim: 4096 exec/s: 58132 rss: 541Mb L: 525/3906 MS: 2 ChangeASCIIInt-EraseBytes-
#7869186	REDUCE cov: 303 ft: 1036 corp: 373/94Kb lim: 4096 exec/s: 57861 rss: 541Mb L: 792/3906 MS: 2 ChangeASCIIInt-EraseBytes-
#7869907	REDUCE cov: 303 ft: 1036 corp: 373/94Kb lim: 4096 exec/s: 57866 rss: 541Mb L: 36/3906 MS: 1 EraseBytes-
#7923773	REDUCE cov: 303 ft: 1036 corp: 373/94Kb lim: 4096 exec/s: 57837 rss: 541Mb L: 1056/3906 MS: 1 EraseBytes-
#7966909	REDUCE cov: 303 ft: 1036 corp: 373/94Kb lim: 4096 exec/s: 57731 rss: 541Mb L: 1177/3906 MS: 1 EraseBytes-
#7982001	REDUCE cov: 303 ft: 1036 corp: 373/94Kb lim: 4096 exec/s: 57840 rss: 541Mb L: 10/3906 MS: 2 EraseBytes-ChangeByte-
#8012454	REDUCE cov: 303 ft: 1036 corp: 373/94Kb lim: 4096 exec/s: 57643 rss: 541Mb L: 488/3906 MS: 3 EraseBytes-ChangeASCIIInt-CopyPart-
#8016390	REDUCE cov: 303 ft: 1036 corp: 373/94Kb lim: 4096 exec/s: 57671 rss: 541Mb L: 216/3906 MS: 1 EraseBytes-
#8030351	REDUCE cov: 303 ft: 1036 corp: 373/94Kb lim: 4096 exec/s: 57772 rss: 541Mb L: 62/3906 MS: 1 EraseBytes-
#8036192	REDUCE cov: 303 ft: 1036 corp: 373/94Kb lim: 4096 exec/s: 57814 rss: 541Mb L: 482/3906 MS: 1 EraseBytes-
#8037269	REDUCE cov: 303 ft: 1036 corp: 373/94Kb lim: 4096 exec/s: 57822 rss: 541Mb L: 461/3906 MS: 2 ShuffleBytes-EraseBytes-
#8039135	REDUCE cov: 303 ft: 1036 corp: 373/94Kb lim: 4096 exec/s: 57835 rss: 541Mb L: 1577/3906 MS: 1 EraseBytes-
#8040852	REDUCE cov: 303 ft: 1036 corp: 373/94Kb lim: 4096 exec/s: 57847 rss: 541Mb L: 1342/3906 MS: 2 EraseBytes-InsertByte-
#8046838	REDUCE cov: 303 ft: 1036 corp: 373/94Kb lim: 4096 exec/s: 57890 rss: 541Mb L: 611/3906 MS: 1 EraseBytes-
#8059910	REDUCE cov: 303 ft: 1036 corp: 373/94Kb lim: 4096 exec/s: 57984 rss: 541Mb L: 18/3906 MS: 2 CMP-EraseBytes- DE: "P?\000\000"-
#8065692	REDUCE cov: 303 ft: 1036 corp: 373/94Kb lim: 4096 exec/s: 58026 rss: 541Mb L: 1407/3906 MS: 2 ChangeBinInt-EraseBytes-
#8081198	REDUCE cov: 303 ft: 1036 corp: 373/94Kb lim: 4096 exec/s: 57722 rss: 541Mb L: 58/3906 MS: 1 EraseBytes-
#8086733	REDUCE cov: 303 ft: 1036 corp: 373/94Kb lim: 4096 exec/s: 57762 rss: 541Mb L: 1449/3906 MS: 5 CopyPart-PersAutoDict-EraseBytes-ChangeBinInt-EraseBytes- DE: "\217\000"-
#8118159	REDUCE cov: 303 ft: 1036 corp: 373/94Kb lim: 4096 exec/s: 57986 rss: 541Mb L: 27/3906 MS: 1 EraseBytes-
#8120485	REDUCE cov: 303 ft: 1036 corp: 373/94Kb lim: 4096 exec/s: 58003 rss: 541Mb L: 26/3906 MS: 1 EraseBytes-
#8124080	REDUCE cov: 303 ft: 1036 corp: 373/94Kb lim: 4096 exec/s: 57617 rss: 541Mb L: 8/3906 MS: 5 InsertByte-CrossOver-CopyPart-EraseBytes-EraseBytes-
#8150226	REDUCE cov: 303 ft: 1036 corp: 373/94Kb lim: 4096 exec/s: 57803 rss: 541Mb L: 17/3906 MS: 1 EraseBytes-
#8163430	REDUCE cov: 303 ft: 1036 corp: 373/94Kb lim: 4096 exec/s: 57896 rss: 541Mb L: 3896/3896 MS: 4 ShuffleBytes-ShuffleBytes-ManualDict-EraseBytes- DE: " inflate 1.3.1 Copyright 1995-2024 Mark Adler "-
#8205657	REDUCE cov: 303 ft: 1036 corp: 373/94Kb lim: 4096 exec/s: 57786 rss: 541Mb L: 91/3896 MS: 2 ChangeBit-EraseBytes-
#8238903	REDUCE cov: 303 ft: 1036 corp: 373/94Kb lim: 4096 exec/s: 57614 rss: 541Mb L: 30/3896 MS: 1 EraseBytes-
#8240646	REDUCE cov: 303 ft: 1036 corp: 373/94Kb lim: 4096 exec/s: 57626 rss: 541Mb L: 43/3896 MS: 3 ShuffleBytes-ChangeByte-EraseBytes-
#8245229	REDUCE cov: 303 ft: 1036 corp: 373/94Kb lim: 4096 exec/s: 57658 rss: 541Mb L: 206/3896 MS: 3 ChangeByte-EraseBytes-CrossOver-
#8284671	REDUCE cov: 303 ft: 1036 corp: 373/94Kb lim: 4096 exec/s: 57934 rss: 541Mb L: 1305/3896 MS: 2 ChangeByte-EraseBytes-
#8288517	REDUCE cov: 303 ft: 1036 corp: 373/94Kb lim: 4096 exec/s: 57559 rss: 541Mb L: 77/3896 MS: 1 EraseBytes-
#8304634	REDUCE cov: 303 ft: 1036 corp: 373/94Kb lim: 4096 exec/s: 57671 rss: 541Mb L: 35/3896 MS: 2 InsertByte-EraseBytes-
#8323787	REDUCE cov: 303 ft: 1036 corp: 373/93Kb lim: 4096 exec/s: 57804 rss: 541Mb L: 462/3896 MS: 3 ShuffleBytes-ChangeBit-EraseBytes-
#8326448	REDUCE cov: 303 ft: 1036 corp: 373/93Kb lim: 4096 exec/s: 57822 rss: 541Mb L: 1341/3896 MS: 1 EraseBytes-
#8330795	REDUCE cov: 303 ft: 1036 corp: 373/93Kb lim: 4096 exec/s: 57852 rss: 541Mb L: 8/3896 MS: 2 CopyPart-EraseBytes-
#8356964	REDUCE cov: 303 ft: 1036 corp: 373/93Kb lim: 4096 exec/s: 57634 rss: 541Mb L: 19/3896 MS: 4 PersAutoDict-ChangeBit-ShuffleBytes-EraseBytes- DE: " l %2d v %4x "-
#8379163	REDUCE cov: 303 ft: 1036 corp: 373/93Kb lim: 4096 exec/s: 57787 rss: 541Mb L: 8/3896 MS: 4 EraseBytes-ChangeBinInt-ChangeByte-EraseBytes-
#8388608	pulse  cov: 303 ft: 1036 corp: 373/93Kb lim: 4096 exec/s: 57852 rss: 541Mb
#8399869	REDUCE cov: 303 ft: 1036 corp: 373/93Kb lim: 4096 exec/s: 57533 rss: 541Mb L: 24/3896 MS: 1 EraseBytes-
#8431125	REDUCE cov: 303 ft: 1036 corp: 373/93Kb lim: 4096 exec/s: 57747 rss: 541Mb L: 52/3896 MS: 1 EraseBytes-
#8431816	REDUCE cov: 303 ft: 1036 corp: 373/93Kb lim: 4096 exec/s: 57752 rss: 541Mb L: 51/3896 MS: 1 EraseBytes-
#8450613	REDUCE cov: 303 ft: 1036 corp: 373/93Kb lim: 4096 exec/s: 57487 rss: 541Mb L: 1630/3896 MS: 2 ChangeByte-EraseBytes-
#8475694	REDUCE cov: 303 ft: 1036 corp: 373/93Kb lim: 4096 exec/s: 57657 rss: 541Mb L: 1286/3896 MS: 1 EraseBytes-
#8500515	REDUCE cov: 303 ft: 1036 corp: 373/93Kb lim: 4096 exec/s: 57826 rss: 541Mb L: 292/3896 MS: 1 EraseBytes-
#8506856	REDUCE cov: 303 ft: 1036 corp: 373/93Kb lim: 4096 exec/s: 57478 rss: 541Mb L: 22/3896 MS: 1 EraseBytes-
#8508767	REDUCE cov: 303 ft: 1036 corp: 373/93Kb lim: 4096 exec/s: 57491 rss: 541Mb L: 1244/3896 MS: 1 EraseBytes-
#8525018	REDUCE cov: 303 ft: 1036 corp: 373/93Kb lim: 4096 exec/s: 57601 rss: 541Mb L: 736/3896 MS: 1 EraseBytes-
#8539049	REDUCE cov: 303 ft: 1036 corp: 373/93Kb lim: 4096 exec/s: 57696 rss: 544Mb L: 1481/3896 MS: 1 EraseBytes-
#8546010	REDUCE cov: 303 ft: 1036 corp: 373/93Kb lim: 4096 exec/s: 57743 rss: 544Mb L: 612/3896 MS: 1 EraseBytes-
#8551443	REDUCE cov: 303 ft: 1037 corp: 374/93Kb lim: 4096 exec/s: 57780 rss: 544Mb L: 109/3896 MS: 3 InsertByte-CrossOver-InsertRepeatedBytes-
#8551512	REDUCE cov: 303 ft: 1037 corp: 374/93Kb lim: 4096 exec/s: 57780 rss: 544Mb L: 93/3896 MS: 4 PersAutoDict-ChangeBit-CopyPart-EraseBytes- DE: "\001\010"-
#8552755	REDUCE cov: 303 ft: 1037 corp: 374/93Kb lim: 4096 exec/s: 57788 rss: 544Mb L: 1279/3896 MS: 3 ChangeBinInt-EraseBytes-InsertByte-
#8554616	REDUCE cov: 303 ft: 1037 corp: 374/93Kb lim: 4096 exec/s: 57801 rss: 544Mb L: 69/3896 MS: 1 EraseBytes-
#8561557	REDUCE cov: 303 ft: 1037 corp: 374/93Kb lim: 4096 exec/s: 57460 rss: 544Mb L: 67/3896 MS: 1 EraseBytes-
#8564103	REDUCE cov: 303 ft: 1037 corp: 374/93Kb lim: 4096 exec/s: 57477 rss: 544Mb L: 63/3896 MS: 1 EraseBytes-
#8576445	REDUCE cov: 303 ft: 1037 corp: 374/93Kb lim: 4096 exec/s: 57560 rss: 544Mb L: 44/3896 MS: 2 CopyPart-EraseBytes-
#8592886	REDUCE cov: 303 ft: 1037 corp: 374/93Kb lim: 4096 exec/s: 57670 rss: 544Mb L: 16/3896 MS: 1 EraseBytes-
#8618042	REDUCE cov: 303 ft: 1037 corp: 374/93Kb lim: 4096 exec/s: 57453 rss: 544Mb L: 37/3896 MS: 1 EraseBytes-
#8625298	REDUCE cov: 303 ft: 1037 corp: 374/93Kb lim: 4096 exec/s: 57501 rss: 544Mb L: 25/3896 MS: 1 EraseBytes-
#8635931	REDUCE cov: 303 ft: 1037 corp: 374/93Kb lim: 4096 exec/s: 57572 rss: 544Mb L: 11/3896 MS: 3 EraseBytes-CrossOver-ChangeBinInt-
#8639907	REDUCE cov: 303 ft: 1037 corp: 374/93Kb lim: 4096 exec/s: 57599 rss: 544Mb L: 35/3896 MS: 1 EraseBytes-
#8648569	REDUCE cov: 303 ft: 1037 corp: 374/93Kb lim: 4096 exec/s: 57657 rss: 544Mb L: 33/3896 MS: 2 ShuffleBytes-EraseBytes-
#8661535	REDUCE cov: 303 ft: 1037 corp: 374/93Kb lim: 4096 exec/s: 57743 rss: 544Mb L: 31/3896 MS: 1 EraseBytes-
#8667486	REDUCE cov: 303 ft: 1037 corp: 374/93Kb lim: 4096 exec/s: 57783 rss: 544Mb L: 56/3896 MS: 1 EraseBytes-
#8674738	REDUCE cov: 303 ft: 1037 corp: 374/93Kb lim: 4096 exec/s: 57448 rss: 544Mb L: 1272/3896 MS: 2 CopyPart-EraseBytes-
#8681659	REDUCE cov: 303 ft: 1037 corp: 374/93Kb lim: 4096 exec/s: 57494 rss: 544Mb L: 1298/3896 MS: 1 EraseBytes-
#8697160	REDUCE cov: 303 ft: 1037 corp: 374/93Kb lim: 4096 exec/s: 57597 rss: 544Mb L: 8/3896 MS: 1 EraseBytes-
#8698991	REDUCE cov: 303 ft: 1037 corp: 374/93Kb lim: 4096 exec/s: 57609 rss: 544Mb L: 61/3896 MS: 1 EraseBytes-
#8706668	REDUCE cov: 303 ft: 1037 corp: 374/93Kb lim: 4096 exec/s: 57660 rss: 544Mb L: 15/3896 MS: 2 ChangeBit-EraseBytes-
#8708929	REDUCE cov: 303 ft: 1037 corp: 374/93Kb lim: 4096 exec/s: 57675 rss: 544Mb L: 1154/3896 MS: 1 EraseBytes-
#8711840	REDUCE cov: 303 ft: 1037 corp: 374/93Kb lim: 4096 exec/s: 57694 rss: 544Mb L: 50/3896 MS: 1 EraseBytes-
#8726636	REDUCE cov: 303 ft: 1037 corp: 374/93Kb lim: 4096 exec/s: 57412 rss: 544Mb L: 1047/3896 MS: 1 EraseBytes-
#8729382	REDUCE cov: 303 ft: 1037 corp: 374/93Kb lim: 4096 exec/s: 57430 rss: 544Mb L: 1448/3896 MS: 1 EraseBytes-
#8789388	REDUCE cov: 303 ft: 1037 corp: 374/93Kb lim: 4096 exec/s: 57446 rss: 544Mb L: 1290/3896 MS: 1 CrossOver-
#8806729	REDUCE cov: 303 ft: 1037 corp: 374/93Kb lim: 4096 exec/s: 57560 rss: 544Mb L: 7/3896 MS: 1 EraseBytes-
#8807855	REDUCE cov: 303 ft: 1037 corp: 374/93Kb lim: 4096 exec/s: 57567 rss: 544Mb L: 29/3896 MS: 1 EraseBytes-
#8818196	REDUCE cov: 303 ft: 1037 corp: 374/93Kb lim: 4096 exec/s: 57635 rss: 544Mb L: 37/3896 MS: 1 EraseBytes-
#8874122	REDUCE cov: 303 ft: 1037 corp: 374/93Kb lim: 4096 exec/s: 57624 rss: 544Mb L: 989/3896 MS: 1 EraseBytes-
#8891548	REDUCE cov: 303 ft: 1037 corp: 374/93Kb lim: 4096 exec/s: 57364 rss: 544Mb L: 204/3896 MS: 1 EraseBytes-
#8898019	REDUCE cov: 303 ft: 1037 corp: 374/93Kb lim: 4096 exec/s: 57406 rss: 544Mb L: 181/3896 MS: 1 EraseBytes-
#8902465	REDUCE cov: 303 ft: 1037 corp: 374/93Kb lim: 4096 exec/s: 57435 rss: 544Mb L: 6/3896 MS: 1 EraseBytes-
#8932528	REDUCE cov: 303 ft: 1037 corp: 374/93Kb lim: 4096 exec/s: 57629 rss: 544Mb L: 453/3896 MS: 3 ChangeBit-InsertByte-EraseBytes-
#8945944	REDUCE cov: 303 ft: 1037 corp: 374/93Kb lim: 4096 exec/s: 57345 rss: 544Mb L: 1626/3896 MS: 1 EraseBytes-
#8968525	REDUCE cov: 303 ft: 1037 corp: 374/93Kb lim: 4096 exec/s: 57490 rss: 544Mb L: 140/3896 MS: 1 EraseBytes-
#8969836	REDUCE cov: 303 ft: 1037 corp: 374/93Kb lim: 4096 exec/s: 57498 rss: 544Mb L: 197/3896 MS: 1 EraseBytes-
#9002587	REDUCE cov: 303 ft: 1037 corp: 374/93Kb lim: 4096 exec/s: 57341 rss: 544Mb L: 260/3896 MS: 1 EraseBytes-
#9003261	REDUCE cov: 303 ft: 1037 corp: 374/93Kb lim: 4096 exec/s: 57345 rss: 544Mb L: 1210/3896 MS: 4 ChangeByte-ShuffleBytes-ManualDict-EraseBytes- DE: "Code too clever"-
#9009162	REDUCE cov: 303 ft: 1037 corp: 374/93Kb lim: 4096 exec/s: 57383 rss: 544Mb L: 418/3896 MS: 1 EraseBytes-
#9013368	REDUCE cov: 303 ft: 1037 corp: 374/93Kb lim: 4096 exec/s: 57409 rss: 544Mb L: 1254/3896 MS: 1 EraseBytes-
#9013655	REDUCE cov: 303 ft: 1037 corp: 374/93Kb lim: 4096 exec/s: 57411 rss: 544Mb L: 37/3896 MS: 2 InsertRepeatedBytes-EraseBytes-
#9014381	REDUCE cov: 303 ft: 1037 corp: 374/93Kb lim: 4096 exec/s: 57416 rss: 544Mb L: 58/3896 MS: 1 EraseBytes-
#9031757	REDUCE cov: 303 ft: 1037 corp: 374/93Kb lim: 4096 exec/s: 57527 rss: 544Mb L: 30/3896 MS: 1 EraseBytes-
#9032963	REDUCE cov: 303 ft: 1037 corp: 374/93Kb lim: 4096 exec/s: 57534 rss: 544Mb L: 53/3896 MS: 1 EraseBytes-
#9046154	REDUCE cov: 303 ft: 1037 corp: 374/93Kb lim: 4096 exec/s: 57618 rss: 544Mb L: 3855/3855 MS: 1 CrossOver-
#9062480	REDUCE cov: 303 ft: 1037 corp: 374/93Kb lim: 4096 exec/s: 57357 rss: 544Mb L: 138/3855 MS: 1 EraseBytes-
#9071251	REDUCE cov: 303 ft: 1037 corp: 374/93Kb lim: 4096 exec/s: 57412 rss: 544Mb L: 59/3855 MS: 1 EraseBytes-
#9075064	REDUCE cov: 303 ft: 1037 corp: 374/93Kb lim: 4096 exec/s: 57437 rss: 544Mb L: 1625/3855 MS: 3 ChangeASCIIInt-ChangeByte-EraseBytes-
#9106986	REDUCE cov: 303 ft: 1037 corp: 374/93Kb lim: 4096 exec/s: 57276 rss: 544Mb L: 14/3855 MS: 2 ChangeBit-EraseBytes-
#9110537	REDUCE cov: 303 ft: 1037 corp: 374/93Kb lim: 4096 exec/s: 57298 rss: 544Mb L: 399/3855 MS: 1 EraseBytes-
#9127889	REDUCE cov: 303 ft: 1037 corp: 374/93Kb lim: 4096 exec/s: 57408 rss: 544Mb L: 459/3855 MS: 2 ChangeBit-EraseBytes-
#9129497	REDUCE cov: 303 ft: 1037 corp: 374/93Kb lim: 4096 exec/s: 57418 rss: 544Mb L: 32/3855 MS: 3 ChangeBit-ChangeBit-EraseBytes-
#9206858	REDUCE cov: 303 ft: 1037 corp: 374/93Kb lim: 4096 exec/s: 57542 rss: 544Mb L: 1337/3855 MS: 1 EraseBytes-
#9209379	REDUCE cov: 303 ft: 1037 corp: 374/93Kb lim: 4096 exec/s: 57558 rss: 544Mb L: 36/3855 MS: 1 EraseBytes-
#9222226	REDUCE cov: 303 ft: 1037 corp: 374/93Kb lim: 4096 exec/s: 57280 rss: 544Mb L: 22/3855 MS: 2 EraseBytes-ChangeBit-
#9223553	REDUCE cov: 303 ft: 1037 corp: 374/93Kb lim: 4096 exec/s: 57289 rss: 544Mb L: 735/3855 MS: 2 InsertByte-EraseBytes-
#9236839	REDUCE cov: 303 ft: 1037 corp: 374/93Kb lim: 4096 exec/s: 57371 rss: 544Mb L: 28/3855 MS: 1 EraseBytes-
#9238091	REDUCE cov: 303 ft: 1037 corp: 374/93Kb lim: 4096 exec/s: 57379 rss: 544Mb L: 15/3855 MS: 2 InsertByte-EraseBytes-
#9249478	REDUCE cov: 303 ft: 1037 corp: 374/93Kb lim: 4096 exec/s: 57450 rss: 544Mb L: 801/3855 MS: 2 ChangeByte-EraseBytes-
#9250039	REDUCE cov: 303 ft: 1037 corp: 374/93Kb lim: 4096 exec/s: 57453 rss: 544Mb L: 852/3855 MS: 1 EraseBytes-
#9270261	REDUCE cov: 303 ft: 1037 corp: 374/93Kb lim: 4096 exec/s: 57579 rss: 544Mb L: 1623/3855 MS: 2 InsertRepeatedBytes-EraseBytes-
#9308037	REDUCE cov: 303 ft: 1037 corp: 374/93Kb lim: 4096 exec/s: 57457 rss: 544Mb L: 31/3855 MS: 1 EraseBytes-
#9324139	REDUCE cov: 303 ft: 1037 corp: 374/93Kb lim: 4096 exec/s: 57556 rss: 544Mb L: 1180/3855 MS: 2 ShuffleBytes-EraseBytes-
#9336740	REDUCE cov: 303 ft: 1037 corp: 374/93Kb lim: 4096 exec/s: 57280 rss: 544Mb L: 1323/3855 MS: 1 EraseBytes-
#9356721	REDUCE cov: 303 ft: 1037 corp: 374/93Kb lim: 4096 exec/s: 57403 rss: 544Mb L: 733/3855 MS: 1 EraseBytes-
#9363684	REDUCE cov: 303 ft: 1037 corp: 374/93Kb lim: 4096 exec/s: 57445 rss: 544Mb L: 63/3855 MS: 3 PersAutoDict-EraseBytes-ChangeBit- DE: "invalid literal/lengths set"-
#9390345	REDUCE cov: 303 ft: 1037 corp: 374/93Kb lim: 4096 exec/s: 57258 rss: 544Mb L: 397/3855 MS: 1 EraseBytes-
#9390376	REDUCE cov: 303 ft: 1037 corp: 374/93Kb lim: 4096 exec/s: 57258 rss: 544Mb L: 1461/3855 MS: 1 EraseBytes-
#9400282	REDUCE cov: 303 ft: 1037 corp: 374/93Kb lim: 4096 exec/s: 57318 rss: 544Mb L: 1617/3855 MS: 1 EraseBytes-
#9425321	REDUCE cov: 303 ft: 1037 corp: 374/93Kb lim: 4096 exec/s: 57123 rss: 544Mb L: 6/3855 MS: 4 ChangeASCIIInt-InsertByte-EraseBytes-ChangeASCIIInt-
#9441797	REDUCE cov: 303 ft: 1037 corp: 374/93Kb lim: 4096 exec/s: 57223 rss: 544Mb L: 172/3855 MS: 1 EraseBytes-
#9456854	REDUCE cov: 303 ft: 1037 corp: 374/93Kb lim: 4096 exec/s: 57314 rss: 544Mb L: 1142/3855 MS: 2 InsertRepeatedBytes-EraseBytes-
#9458050	REDUCE cov: 303 ft: 1037 corp: 374/93Kb lim: 4096 exec/s: 57321 rss: 544Mb L: 58/3855 MS: 1 EraseBytes-
#9479371	REDUCE cov: 303 ft: 1037 corp: 374/93Kb lim: 4096 exec/s: 57450 rss: 544Mb L: 57/3855 MS: 1 EraseBytes-
#9551557	REDUCE cov: 303 ft: 1037 corp: 374/93Kb lim: 4096 exec/s: 57194 rss: 544Mb L: 1263/3855 MS: 1 EraseBytes-
#9564393	REDUCE cov: 303 ft: 1037 corp: 374/93Kb lim: 4096 exec/s: 57271 rss: 544Mb L: 65/3855 MS: 1 EraseBytes-
#9569519	REDUCE cov: 303 ft: 1037 corp: 374/93Kb lim: 4096 exec/s: 57302 rss: 544Mb L: 1320/3855 MS: 1 EraseBytes-
#9606080	REDUCE cov: 303 ft: 1037 corp: 374/93Kb lim: 4096 exec/s: 57179 rss: 544Mb L: 396/3855 MS: 1 EraseBytes-
#9619807	REDUCE cov: 303 ft: 1037 corp: 374/93Kb lim: 4096 exec/s: 57260 rss: 544Mb L: 390/3855 MS: 2 ShuffleBytes-EraseBytes-
#9633423	REDUCE cov: 303 ft: 1037 corp: 374/93Kb lim: 4096 exec/s: 57341 rss: 544Mb L: 730/3855 MS: 1 EraseBytes-
#9665335	REDUCE cov: 303 ft: 1037 corp: 374/93Kb lim: 4096 exec/s: 57191 rss: 548Mb L: 6/3855 MS: 2 CrossOver-EraseBytes-
#9671236	REDUCE cov: 303 ft: 1037 corp: 374/93Kb lim: 4096 exec/s: 57226 rss: 548Mb L: 30/3855 MS: 1 EraseBytes-
#9692432	REDUCE cov: 303 ft: 1037 corp: 374/93Kb lim: 4096 exec/s: 57351 rss: 548Mb L: 137/3855 MS: 1 EraseBytes-
#9695503	REDUCE cov: 303 ft: 1037 corp: 374/93Kb lim: 4096 exec/s: 57369 rss: 548Mb L: 1447/3855 MS: 1 EraseBytes-
#9700939	REDUCE cov: 303 ft: 1037 corp: 374/93Kb lim: 4096 exec/s: 57064 rss: 548Mb L: 1285/3855 MS: 1 EraseBytes-
#9705401	REDUCE cov: 303 ft: 1037 corp: 374/93Kb lim: 4096 exec/s: 57090 rss: 548Mb L: 18/3855 MS: 2 ChangeByte-EraseBytes-
#9718957	REDUCE cov: 303 ft: 1037 corp: 374/93Kb lim: 4096 exec/s: 57170 rss: 548Mb L: 35/3855 MS: 1 EraseBytes-
#9729873	REDUCE cov: 303 ft: 1037 corp: 374/93Kb lim: 4096 exec/s: 57234 rss: 548Mb L: 568/3855 MS: 1 EraseBytes-
#9742555	REDUCE cov: 303 ft: 1037 corp: 374/93Kb lim: 4096 exec/s: 57309 rss: 548Mb L: 13/3855 MS: 2 EraseBytes-ShuffleBytes-
#9749051	REDUCE cov: 303 ft: 1037 corp: 374/93Kb lim: 4096 exec/s: 57347 rss: 548Mb L: 7/3855 MS: 1 EraseBytes-
#9753767	REDUCE cov: 303 ft: 1037 corp: 374/93Kb lim: 4096 exec/s: 57375 rss: 548Mb L: 809/3855 MS: 1 EraseBytes-
#9775157	REDUCE cov: 303 ft: 1037 corp: 374/93Kb lim: 4096 exec/s: 57164 rss: 548Mb L: 29/3855 MS: 5 ChangeBit-EraseBytes-CrossOver-PersAutoDict-EraseBytes- DE: "\376\377\377\377\000\000\000\000"-
#9775928	REDUCE cov: 303 ft: 1037 corp: 374/93Kb lim: 4096 exec/s: 57169 rss: 548Mb L: 1369/3855 MS: 1 EraseBytes-
#9778236	REDUCE cov: 303 ft: 1037 corp: 374/93Kb lim: 4096 exec/s: 57182 rss: 548Mb L: 146/3855 MS: 3 ShuffleBytes-CopyPart-EraseBytes-
#9806002	REDUCE cov: 303 ft: 1037 corp: 374/93Kb lim: 4096 exec/s: 57345 rss: 548Mb L: 49/3855 MS: 1 EraseBytes-
#9814533	REDUCE cov: 303 ft: 1037 corp: 374/93Kb lim: 4096 exec/s: 57061 rss: 548Mb L: 1059/3855 MS: 1 EraseBytes-
#9815964	REDUCE cov: 303 ft: 1037 corp: 374/93Kb lim: 4096 exec/s: 57069 rss: 548Mb L: 91/3855 MS: 1 EraseBytes-
#9831250	REDUCE cov: 303 ft: 1037 corp: 374/93Kb lim: 4096 exec/s: 57158 rss: 548Mb L: 1447/3855 MS: 1 EraseBytes-
#9835226	REDUCE cov: 303 ft: 1037 corp: 374/93Kb lim: 4096 exec/s: 57181 rss: 548Mb L: 35/3855 MS: 1 EraseBytes-
#9843607	REDUCE cov: 303 ft: 1037 corp: 374/93Kb lim: 4096 exec/s: 57230 rss: 548Mb L: 1314/3855 MS: 1 EraseBytes-
#9857123	REDUCE cov: 303 ft: 1037 corp: 374/93Kb lim: 4096 exec/s: 57308 rss: 548Mb L: 1572/3855 MS: 1 EraseBytes-
#9864414	REDUCE cov: 303 ft: 1037 corp: 374/93Kb lim: 4096 exec/s: 57351 rss: 548Mb L: 117/3855 MS: 1 EraseBytes-
#9882795	REDUCE cov: 303 ft: 1037 corp: 374/93Kb lim: 4096 exec/s: 57125 rss: 548Mb L: 1225/3855 MS: 1 EraseBytes-
#9896541	REDUCE cov: 303 ft: 1037 corp: 374/93Kb lim: 4096 exec/s: 57205 rss: 548Mb L: 1221/3855 MS: 1 EraseBytes-
#9897808	REDUCE cov: 303 ft: 1037 corp: 374/93Kb lim: 4096 exec/s: 57212 rss: 548Mb L: 457/3855 MS: 2 InsertByte-EraseBytes-
#9898045	REDUCE cov: 303 ft: 1037 corp: 374/93Kb lim: 4096 exec/s: 57214 rss: 548Mb L: 75/3855 MS: 2 ChangeBinInt-EraseBytes-
#9905732	REDUCE cov: 303 ft: 1037 corp: 374/93Kb lim: 4096 exec/s: 57258 rss: 548Mb L: 25/3855 MS: 2 EraseBytes-ShuffleBytes-
#9926838	REDUCE cov: 303 ft: 1037 corp: 374/93Kb lim: 4096 exec/s: 57050 rss: 548Mb L: 151/3855 MS: 1 EraseBytes-
#9937199	REDUCE cov: 303 ft: 1037 corp: 374/93Kb lim: 4096 exec/s: 57110 rss: 548Mb L: 1257/3855 MS: 1 EraseBytes-
#9937910	REDUCE cov: 303 ft: 1037 corp: 374/92Kb lim: 4096 exec/s: 57114 rss: 548Mb L: 1309/3855 MS: 1 EraseBytes-
#9944946	REDUCE cov: 303 ft: 1037 corp: 374/92Kb lim: 4096 exec/s: 57154 rss: 548Mb L: 28/3855 MS: 1 EraseBytes-
#9967722	REDUCE cov: 303 ft: 1037 corp: 374/92Kb lim: 4096 exec/s: 57285 rss: 548Mb L: 744/3855 MS: 1 EraseBytes-
#9982633	REDUCE cov: 303 ft: 1037 corp: 374/92Kb lim: 4096 exec/s: 57043 rss: 548Mb L: 170/3855 MS: 1 EraseBytes-
#9983454	REDUCE cov: 303 ft: 1037 corp: 374/92Kb lim: 4096 exec/s: 57048 rss: 548Mb L: 34/3855 MS: 1 EraseBytes-
#10000026	REDUCE cov: 303 ft: 1037 corp: 374/92Kb lim: 4096 exec/s: 57143 rss: 548Mb L: 24/3855 MS: 2 ChangeBit-EraseBytes-
#10003043	REDUCE cov: 303 ft: 1037 corp: 374/92Kb lim: 4096 exec/s: 57160 rss: 548Mb L: 29/3855 MS: 2 CMP-EraseBytes- DE: "?Q"-
#10037994	REDUCE cov: 303 ft: 1037 corp: 374/92Kb lim: 4096 exec/s: 57034 rss: 548Mb L: 62/3855 MS: 1 EraseBytes-
#10066905	REDUCE cov: 303 ft: 1037 corp: 374/92Kb lim: 4096 exec/s: 57198 rss: 548Mb L: 608/3855 MS: 1 EraseBytes-
#10077841	REDUCE cov: 303 ft: 1037 corp: 374/92Kb lim: 4096 exec/s: 57260 rss: 548Mb L: 57/3855 MS: 1 EraseBytes-
#10078442	REDUCE cov: 303 ft: 1037 corp: 374/92Kb lim: 4096 exec/s: 57263 rss: 548Mb L: 1564/3855 MS: 1 EraseBytes-
#10090463	REDUCE cov: 303 ft: 1037 corp: 374/92Kb lim: 4096 exec/s: 57008 rss: 548Mb L: 282/3855 MS: 1 EraseBytes-
#10119239	REDUCE cov: 303 ft: 1037 corp: 374/92Kb lim: 4096 exec/s: 57170 rss: 548Mb L: 1290/3855 MS: 1 EraseBytes-
#10134782	REDUCE cov: 303 ft: 1037 corp: 374/92Kb lim: 4096 exec/s: 57258 rss: 548Mb L: 9/3855 MS: 3 ChangeByte-CopyPart-EraseBytes-
#10142719	REDUCE cov: 303 ft: 1037 corp: 374/92Kb lim: 4096 exec/s: 56981 rss: 548Mb L: 1207/3855 MS: 2 InsertRepeatedBytes-EraseBytes-
#10152001	REDUCE cov: 303 ft: 1037 corp: 374/92Kb lim: 4096 exec/s: 57033 rss: 548Mb L: 30/3855 MS: 2 CMP-EraseBytes- DE: "\377\377\377\377\377\377\377\377"-
#10166212	REDUCE cov: 303 ft: 1037 corp: 374/92Kb lim: 4096 exec/s: 57113 rss: 548Mb L: 1277/3855 MS: 1 EraseBytes-
#10193493	REDUCE cov: 303 ft: 1037 corp: 374/92Kb lim: 4096 exec/s: 57266 rss: 548Mb L: 8/3855 MS: 1 EraseBytes-
#10198491	REDUCE cov: 303 ft: 1037 corp: 374/92Kb lim: 4096 exec/s: 57294 rss: 548Mb L: 27/3855 MS: 3 EraseBytes-ChangeBit-InsertByte-
#10211403	REDUCE cov: 303 ft: 1037 corp: 374/92Kb lim: 4096 exec/s: 57046 rss: 548Mb L: 6/3855 MS: 2 InsertByte-EraseBytes-
#10248867	REDUCE cov: 303 ft: 1037 corp: 374/92Kb lim: 4096 exec/s: 57256 rss: 548Mb L: 15/3855 MS: 4 ChangeByte-CMP-ShuffleBytes-EraseBytes- DE: "\001\000\000\000\000\000\000\000"-
#10265124	REDUCE cov: 303 ft: 1037 corp: 374/92Kb lim: 4096 exec/s: 57028 rss: 548Mb L: 34/3855 MS: 2 ChangeByte-EraseBytes-
#10312675	REDUCE cov: 303 ft: 1037 corp: 374/92Kb lim: 4096 exec/s: 56976 rss: 548Mb L: 187/3855 MS: 1 EraseBytes-
#10320352	REDUCE cov: 303 ft: 1037 corp: 374/92Kb lim: 4096 exec/s: 57018 rss: 548Mb L: 71/3855 MS: 2 CopyPart-EraseBytes-
#10323488	REDUCE cov: 303 ft: 1037 corp: 374/92Kb lim: 4096 exec/s: 57035 rss: 548Mb L: 1433/3855 MS: 1 EraseBytes-
#10353399	REDUCE cov: 303 ft: 1037 corp: 374/92Kb lim: 4096 exec/s: 57201 rss: 548Mb L: 383/3855 MS: 1 EraseBytes-
#10354180	REDUCE cov: 303 ft: 1037 corp: 374/92Kb lim: 4096 exec/s: 57205 rss: 548Mb L: 18/3855 MS: 1 EraseBytes-
#10381681	REDUCE cov: 303 ft: 1037 corp: 374/92Kb lim: 4096 exec/s: 57042 rss: 548Mb L: 90/3855 MS: 1 EraseBytes-
#10385303	REDUCE cov: 303 ft: 1037 corp: 374/92Kb lim: 4096 exec/s: 57062 rss: 548Mb L: 367/3855 MS: 2 ChangeByte-EraseBytes-
#10427495	REDUCE cov: 303 ft: 1037 corp: 374/92Kb lim: 4096 exec/s: 56980 rss: 548Mb L: 17/3855 MS: 2 ChangeASCIIInt-EraseBytes-
#10437363	REDUCE cov: 303 ft: 1037 corp: 374/92Kb lim: 4096 exec/s: 57034 rss: 548Mb L: 1094/3855 MS: 3 EraseBytes-ChangeByte-CopyPart-
#10438525	REDUCE cov: 303 ft: 1037 corp: 374/92Kb lim: 4096 exec/s: 57041 rss: 548Mb L: 1382/3855 MS: 2 ShuffleBytes-EraseBytes-
#10441067	REDUCE cov: 303 ft: 1037 corp: 374/92Kb lim: 4096 exec/s: 57055 rss: 548Mb L: 5/3855 MS: 2 EraseBytes-CrossOver-
#10448379	REDUCE cov: 303 ft: 1037 corp: 374/92Kb lim: 4096 exec/s: 57094 rss: 548Mb L: 1191/3855 MS: 2 EraseBytes-CopyPart-
#10455315	REDUCE cov: 303 ft: 1037 corp: 374/92Kb lim: 4096 exec/s: 57132 rss: 548Mb L: 316/3855 MS: 1 EraseBytes-
#10461921	REDUCE cov: 303 ft: 1037 corp: 374/92Kb lim: 4096 exec/s: 57168 rss: 548Mb L: 186/3855 MS: 1 EraseBytes-
#10462722	REDUCE cov: 303 ft: 1037 corp: 374/92Kb lim: 4096 exec/s: 57173 rss: 548Mb L: 1471/3855 MS: 1 EraseBytes-
#10504983	REDUCE cov: 303 ft: 1037 corp: 374/92Kb lim: 4096 exec/s: 57092 rss: 548Mb L: 1268/3855 MS: 1 EraseBytes-
#10509124	REDUCE cov: 303 ft: 1037 corp: 374/92Kb lim: 4096 exec/s: 57114 rss: 548Mb L: 1203/3855 MS: 1 EraseBytes-
#10513917	REDUCE cov: 303 ft: 1037 corp: 374/92Kb lim: 4096 exec/s: 57140 rss: 548Mb L: 364/3855 MS: 3 ChangeASCIIInt-ChangeByte-EraseBytes-
#10514213	REDUCE cov: 303 ft: 1037 corp: 374/92Kb lim: 4096 exec/s: 57142 rss: 548Mb L: 343/3855 MS: 1 EraseBytes-
#10532834	REDUCE cov: 303 ft: 1037 corp: 374/92Kb lim: 4096 exec/s: 56934 rss: 548Mb L: 182/3855 MS: 1 EraseBytes-
#10540945	REDUCE cov: 303 ft: 1037 corp: 374/92Kb lim: 4096 exec/s: 56978 rss: 548Mb L: 14/3855 MS: 1 EraseBytes-
#10583826	REDUCE cov: 303 ft: 1037 corp: 374/92Kb lim: 4096 exec/s: 57209 rss: 548Mb L: 16/3855 MS: 1 EraseBytes-
#10619759	REDUCE cov: 303 ft: 1037 corp: 374/92Kb lim: 4096 exec/s: 57095 rss: 548Mb L: 126/3855 MS: 3 InsertByte-CrossOver-EraseBytes-
#10666121	REDUCE cov: 303 ft: 1037 corp: 374/92Kb lim: 4096 exec/s: 57038 rss: 548Mb L: 40/3855 MS: 2 ChangeByte-EraseBytes-
#10678082	REDUCE cov: 303 ft: 1037 corp: 374/92Kb lim: 4096 exec/s: 57102 rss: 548Mb L: 448/3855 MS: 1 EraseBytes-
#10696739	REDUCE cov: 303 ft: 1037 corp: 374/92Kb lim: 4096 exec/s: 57201 rss: 548Mb L: 1311/3855 MS: 2 CopyPart-EraseBytes-
#10714950	REDUCE cov: 303 ft: 1037 corp: 374/92Kb lim: 4096 exec/s: 56994 rss: 548Mb L: 850/3855 MS: 1 EraseBytes-
#10816671	REDUCE cov: 303 ft: 1037 corp: 374/92Kb lim: 4096 exec/s: 56929 rss: 548Mb L: 47/3855 MS: 1 EraseBytes-
#10838852	REDUCE cov: 303 ft: 1037 corp: 374/92Kb lim: 4096 exec/s: 57046 rss: 548Mb L: 1459/3855 MS: 1 EraseBytes-
#10847148	REDUCE cov: 303 ft: 1037 corp: 374/92Kb lim: 4096 exec/s: 57090 rss: 548Mb L: 85/3855 MS: 1 EraseBytes-
#10848684	REDUCE cov: 303 ft: 1037 corp: 374/92Kb lim: 4096 exec/s: 57098 rss: 548Mb L: 81/3855 MS: 1 EraseBytes-
#10856252	REDUCE cov: 303 ft: 1037 corp: 374/92Kb lim: 4096 exec/s: 57138 rss: 548Mb L: 25/3855 MS: 3 InsertByte-ChangeByte-EraseBytes-
#10887253	REDUCE cov: 303 ft: 1037 corp: 374/92Kb lim: 4096 exec/s: 57001 rss: 548Mb L: 1048/3855 MS: 1 EraseBytes-
#10894839	REDUCE cov: 303 ft: 1037 corp: 374/92Kb lim: 4096 exec/s: 57041 rss: 548Mb L: 24/3855 MS: 1 EraseBytes-
#10927026	REDUCE cov: 303 ft: 1037 corp: 374/92Kb lim: 4096 exec/s: 56911 rss: 548Mb L: 68/3855 MS: 2 EraseBytes-CMP- DE: "\010\000"-
#10937342	REDUCE cov: 303 ft: 1037 corp: 374/92Kb lim: 4096 exec/s: 56965 rss: 548Mb L: 1137/3855 MS: 1 EraseBytes-
#10982129	REDUCE cov: 303 ft: 1037 corp: 374/92Kb lim: 4096 exec/s: 56902 rss: 548Mb L: 6/3855 MS: 2 ChangeByte-EraseBytes-
#10991895	REDUCE cov: 303 ft: 1037 corp: 374/92Kb lim: 4096 exec/s: 56952 rss: 548Mb L: 1562/3855 MS: 1 EraseBytes-
#10993266	REDUCE cov: 303 ft: 1037 corp: 374/92Kb lim: 4096 exec/s: 56959 rss: 548Mb L: 83/3855 MS: 1 EraseBytes-
#10999932	REDUCE cov: 303 ft: 1037 corp: 374/92Kb lim: 4096 exec/s: 56994 rss: 548Mb L: 28/3855 MS: 1 EraseBytes-
#11052140	REDUCE cov: 303 ft: 1037 corp: 374/92Kb lim: 4096 exec/s: 56969 rss: 548Mb L: 14/3855 MS: 3 CrossOver-EraseBytes-ChangeBinInt-
#11057756	REDUCE cov: 303 ft: 1037 corp: 374/92Kb lim: 4096 exec/s: 56998 rss: 548Mb L: 1246/3855 MS: 1 EraseBytes-
#11058924	REDUCE cov: 303 ft: 1037 corp: 374/92Kb lim: 4096 exec/s: 57004 rss: 548Mb L: 11/3855 MS: 3 InsertByte-ShuffleBytes-EraseBytes-
#11157895	REDUCE cov: 303 ft: 1037 corp: 374/92Kb lim: 4096 exec/s: 56928 rss: 548Mb L: 22/3855 MS: 1 EraseBytes-
#11194171	REDUCE cov: 303 ft: 1037 corp: 374/92Kb lim: 4096 exec/s: 56823 rss: 548Mb L: 338/3855 MS: 1 EraseBytes-
#11219368	REDUCE cov: 303 ft: 1037 corp: 374/92Kb lim: 4096 exec/s: 56951 rss: 548Mb L: 14/3855 MS: 2 ChangeBinInt-EraseBytes-
#11232884	REDUCE cov: 303 ft: 1037 corp: 374/92Kb lim: 4096 exec/s: 57019 rss: 548Mb L: 1239/3855 MS: 1 EraseBytes-
#11238286	REDUCE cov: 303 ft: 1037 corp: 374/92Kb lim: 4096 exec/s: 57047 rss: 548Mb L: 1538/3855 MS: 2 ShuffleBytes-EraseBytes-
#11240997	REDUCE cov: 303 ft: 1037 corp: 374/92Kb lim: 4096 exec/s: 57060 rss: 548Mb L: 178/3855 MS: 1 EraseBytes-
#11279965	REDUCE cov: 303 ft: 1037 corp: 374/92Kb lim: 4096 exec/s: 56969 rss: 548Mb L: 10/3855 MS: 3 EraseBytes-ChangeBit-CopyPart-
#11280212	REDUCE cov: 303 ft: 1037 corp: 374/92Kb lim: 4096 exec/s: 56970 rss: 548Mb L: 290/3855 MS: 2 CopyPart-EraseBytes-
#11287055	REDUCE cov: 303 ft: 1037 corp: 374/92Kb lim: 4096 exec/s: 57005 rss: 548Mb L: 11/3855 MS: 3 InsertByte-ChangeBit-EraseBytes-
#11290932	REDUCE cov: 303 ft: 1037 corp: 374/92Kb lim: 4096 exec/s: 57024 rss: 548Mb L: 28/3855 MS: 2 EraseBytes-ShuffleBytes-
#11311619	REDUCE cov: 303 ft: 1037 corp: 374/92Kb lim: 4096 exec/s: 56842 rss: 548Mb L: 309/3855 MS: 2 ChangeBit-EraseBytes-
#11331200	REDUCE cov: 303 ft: 1037 corp: 374/92Kb lim: 4096 exec/s: 56940 rss: 548Mb L: 178/3855 MS: 1 EraseBytes-
#11331386	REDUCE cov: 303 ft: 1037 corp: 374/92Kb lim: 4096 exec/s: 56941 rss: 548Mb L: 22/3855 MS: 1 EraseBytes-
#11358552	REDUCE cov: 303 ft: 1037 corp: 374/92Kb lim: 4096 exec/s: 56792 rss: 548Mb L: 24/3855 MS: 1 EraseBytes-
#11363663	REDUCE cov: 303 ft: 1037 corp: 374/92Kb lim: 4096 exec/s: 56818 rss: 548Mb L: 175/3855 MS: 1 EraseBytes-
#11375484	REDUCE cov: 303 ft: 1037 corp: 374/92Kb lim: 4096 exec/s: 56877 rss: 548Mb L: 21/3855 MS: 1 EraseBytes-
#11398770	REDUCE cov: 303 ft: 1037 corp: 374/92Kb lim: 4096 exec/s: 56993 rss: 548Mb L: 1202/3855 MS: 1 EraseBytes-
#11417016	REDUCE cov: 303 ft: 1037 corp: 374/92Kb lim: 4096 exec/s: 56801 rss: 548Mb L: 1178/3855 MS: 1 EraseBytes-
#11422002	REDUCE cov: 303 ft: 1037 corp: 374/92Kb lim: 4096 exec/s: 56825 rss: 548Mb L: 817/3855 MS: 1 EraseBytes-
#11424488	REDUCE cov: 303 ft: 1037 corp: 374/92Kb lim: 4096 exec/s: 56838 rss: 548Mb L: 23/3855 MS: 1 EraseBytes-
#11460335	REDUCE cov: 303 ft: 1037 corp: 374/92Kb lim: 4096 exec/s: 57016 rss: 548Mb L: 1084/3855 MS: 2 ChangeBit-EraseBytes-
#11466541	REDUCE cov: 303 ft: 1037 corp: 374/92Kb lim: 4096 exec/s: 57047 rss: 548Mb L: 320/3855 MS: 1 EraseBytes-
#11475577	REDUCE cov: 303 ft: 1037 corp: 374/92Kb lim: 4096 exec/s: 56809 rss: 548Mb L: 21/3855 MS: 1 EraseBytes-
#11522978	REDUCE cov: 303 ft: 1037 corp: 374/92Kb lim: 4096 exec/s: 56763 rss: 548Mb L: 984/3855 MS: 1 EraseBytes-
#11526444	REDUCE cov: 303 ft: 1037 corp: 374/92Kb lim: 4096 exec/s: 56780 rss: 548Mb L: 83/3855 MS: 1 EraseBytes-
#11553356	REDUCE cov: 303 ft: 1037 corp: 374/92Kb lim: 4096 exec/s: 56913 rss: 548Mb L: 1606/3855 MS: 2 ShuffleBytes-EraseBytes-
#11568022	REDUCE cov: 303 ft: 1037 corp: 374/92Kb lim: 4096 exec/s: 56985 rss: 548Mb L: 1254/3855 MS: 1 EraseBytes-
#11596048	REDUCE cov: 303 ft: 1037 corp: 374/92Kb lim: 4096 exec/s: 56843 rss: 548Mb L: 789/3855 MS: 1 EraseBytes-
#11624139	REDUCE cov: 303 ft: 1037 corp: 374/92Kb lim: 4096 exec/s: 56981 rss: 548Mb L: 20/3855 MS: 1 EraseBytes-
#11642025	REDUCE cov: 303 ft: 1037 corp: 374/92Kb lim: 4096 exec/s: 56790 rss: 548Mb L: 65/3855 MS: 1 EraseBytes-
#11658017	REDUCE cov: 303 ft: 1037 corp: 374/92Kb lim: 4096 exec/s: 56868 rss: 548Mb L: 83/3855 MS: 2 CopyPart-EraseBytes-
#11658544	REDUCE cov: 303 ft: 1037 corp: 374/92Kb lim: 4096 exec/s: 56870 rss: 548Mb L: 18/3855 MS: 2 CopyPart-EraseBytes-
#11672361	REDUCE cov: 303 ft: 1037 corp: 374/92Kb lim: 4096 exec/s: 56938 rss: 548Mb L: 21/3855 MS: 2 EraseBytes-CopyPart-
#11683903	REDUCE cov: 303 ft: 1037 corp: 374/92Kb lim: 4096 exec/s: 56994 rss: 548Mb L: 285/3855 MS: 2 EraseBytes-ChangeByte-
#11691349	REDUCE cov: 303 ft: 1037 corp: 374/92Kb lim: 4096 exec/s: 56754 rss: 548Mb L: 168/3855 MS: 1 EraseBytes-
#11713385	REDUCE cov: 303 ft: 1037 corp: 374/92Kb lim: 4096 exec/s: 56861 rss: 548Mb L: 1369/3855 MS: 1 EraseBytes-
#11776961	REDUCE cov: 303 ft: 1037 corp: 374/92Kb lim: 4096 exec/s: 56893 rss: 548Mb L: 9/3855 MS: 1 EraseBytes-
#11790059	REDUCE cov: 303 ft: 1037 corp: 374/92Kb lim: 4096 exec/s: 56956 rss: 548Mb L: 1129/3855 MS: 3 ChangeByte-ChangeBinInt-EraseBytes-
#11822985	REDUCE cov: 303 ft: 1037 corp: 374/92Kb lim: 4096 exec/s: 56841 rss: 548Mb L: 169/3855 MS: 1 EraseBytes-
#11837031	REDUCE cov: 303 ft: 1037 corp: 374/92Kb lim: 4096 exec/s: 56908 rss: 548Mb L: 1601/3855 MS: 1 EraseBytes-
#11849738	REDUCE cov: 303 ft: 1037 corp: 374/92Kb lim: 4096 exec/s: 56697 rss: 548Mb L: 1215/3855 MS: 2 InsertByte-EraseBytes-
#11880307	REDUCE cov: 303 ft: 1037 corp: 374/92Kb lim: 4096 exec/s: 56843 rss: 548Mb L: 11/3855 MS: 4 ShuffleBytes-ChangeBit-ChangeByte-EraseBytes-
#11902229	REDUCE cov: 303 ft: 1037 corp: 374/92Kb lim: 4096 exec/s: 56948 rss: 548Mb L: 32/3855 MS: 2 ChangeByte-EraseBytes-
#11905918	REDUCE cov: 303 ft: 1037 corp: 374/92Kb lim: 4096 exec/s: 56694 rss: 548Mb L: 7/3855 MS: 4 InsertByte-EraseBytes-CopyPart-ChangeByte-
#11937279	REDUCE cov: 303 ft: 1037 corp: 374/92Kb lim: 4096 exec/s: 56844 rss: 548Mb L: 1055/3855 MS: 1 EraseBytes-
#11937690	REDUCE cov: 303 ft: 1037 corp: 374/92Kb lim: 4096 exec/s: 56846 rss: 548Mb L: 32/3855 MS: 1 EraseBytes-
#11939291	REDUCE cov: 303 ft: 1037 corp: 374/92Kb lim: 4096 exec/s: 56853 rss: 548Mb L: 149/3855 MS: 1 EraseBytes-
#11943707	REDUCE cov: 303 ft: 1037 corp: 374/92Kb lim: 4096 exec/s: 56874 rss: 548Mb L: 230/3855 MS: 1 EraseBytes-
#12041522	REDUCE cov: 303 ft: 1037 corp: 374/92Kb lim: 4096 exec/s: 56799 rss: 548Mb L: 67/3855 MS: 5 EraseBytes-ChangeBit-ChangeBit-InsertByte-CopyPart-
#12070483	REDUCE cov: 303 ft: 1037 corp: 374/92Kb lim: 4096 exec/s: 56668 rss: 548Mb L: 61/3855 MS: 1 EraseBytes-
#12088136	REDUCE cov: 303 ft: 1037 corp: 374/92Kb lim: 4096 exec/s: 56751 rss: 548Mb L: 19/3855 MS: 3 ChangeASCIIInt-EraseBytes-CopyPart-
#12104785	REDUCE cov: 303 ft: 1037 corp: 374/92Kb lim: 4096 exec/s: 56829 rss: 548Mb L: 30/3855 MS: 4 ShuffleBytes-ChangeBinInt-InsertByte-EraseBytes-
#12109906	REDUCE cov: 303 ft: 1037 corp: 374/92Kb lim: 4096 exec/s: 56854 rss: 548Mb L: 1198/3855 MS: 1 EraseBytes-
#12111563	REDUCE cov: 303 ft: 1037 corp: 374/92Kb lim: 4096 exec/s: 56861 rss: 548Mb L: 7/3855 MS: 2 ChangeBit-EraseBytes-
#12170376	REDUCE cov: 303 ft: 1037 corp: 374/92Kb lim: 4096 exec/s: 56870 rss: 548Mb L: 289/3855 MS: 3 ChangeBinInt-ShuffleBytes-EraseBytes-
#12210482	REDUCE cov: 303 ft: 1037 corp: 374/92Kb lim: 4096 exec/s: 56792 rss: 548Mb L: 1304/3855 MS: 1 EraseBytes-
#12219619	REDUCE cov: 303 ft: 1037 corp: 374/92Kb lim: 4096 exec/s: 56835 rss: 548Mb L: 31/3855 MS: 2 ChangeBit-EraseBytes-
#12240065	REDUCE cov: 303 ft: 1037 corp: 374/92Kb lim: 4096 exec/s: 56666 rss: 548Mb L: 1288/3855 MS: 1 EraseBytes-
#12261272	REDUCE cov: 303 ft: 1037 corp: 374/92Kb lim: 4096 exec/s: 56765 rss: 548Mb L: 10/3855 MS: 2 EraseBytes-CopyPart-
#12294205	REDUCE cov: 303 ft: 1037 corp: 374/92Kb lim: 4096 exec/s: 56655 rss: 548Mb L: 306/3855 MS: 3 CMP-EraseBytes-ManualDict- DE: "\001\000\000\002"-"allow list"-
#12307488	REDUCE cov: 303 ft: 1037 corp: 374/92Kb lim: 4096 exec/s: 56716 rss: 548Mb L: 1266/3855 MS: 3 ChangeBit-CrossOver-EraseBytes-
#12342624	REDUCE cov: 303 ft: 1037 corp: 374/92Kb lim: 4096 exec/s: 56617 rss: 548Mb L: 1187/3855 MS: 1 EraseBytes-
#12352555	REDUCE cov: 303 ft: 1037 corp: 374/92Kb lim: 4096 exec/s: 56663 rss: 548Mb L: 30/3855 MS: 1 EraseBytes-
#12358376	REDUCE cov: 303 ft: 1037 corp: 374/92Kb lim: 4096 exec/s: 56689 rss: 548Mb L: 29/3855 MS: 1 EraseBytes-
#12361008	REDUCE cov: 303 ft: 1037 corp: 374/92Kb lim: 4096 exec/s: 56701 rss: 548Mb L: 56/3855 MS: 2 ShuffleBytes-EraseBytes-
#12363254	REDUCE cov: 303 ft: 1037 corp: 374/92Kb lim: 4096 exec/s: 56712 rss: 548Mb L: 604/3855 MS: 1 EraseBytes-
#12365095	REDUCE cov: 303 ft: 1037 corp: 374/92Kb lim: 4096 exec/s: 56720 rss: 548Mb L: 29/3855 MS: 1 EraseBytes-
#12391766	REDUCE cov: 303 ft: 1037 corp: 374/92Kb lim: 4096 exec/s: 56583 rss: 548Mb L: 27/3855 MS: 1 EraseBytes-
#12416634	REDUCE cov: 303 ft: 1037 corp: 374/92Kb lim: 4096 exec/s: 56696 rss: 548Mb L: 61/3855 MS: 3 ManualDict-ChangeBit-EraseBytes- DE: "_tr_tally: bad match"-
#12443955	REDUCE cov: 303 ft: 1037 corp: 374/92Kb lim: 4096 exec/s: 56563 rss: 548Mb L: 1425/3855 MS: 1 EraseBytes-
#12454001	REDUCE cov: 303 ft: 1037 corp: 374/92Kb lim: 4096 exec/s: 56609 rss: 548Mb L: 9/3855 MS: 1 EraseBytes-
#12461228	REDUCE cov: 303 ft: 1037 corp: 374/92Kb lim: 4096 exec/s: 56641 rss: 548Mb L: 1050/3855 MS: 2 ShuffleBytes-EraseBytes-
#12494869	REDUCE cov: 303 ft: 1037 corp: 374/92Kb lim: 4096 exec/s: 56537 rss: 548Mb L: 52/3855 MS: 1 EraseBytes-
#12501301	REDUCE cov: 303 ft: 1037 corp: 374/92Kb lim: 4096 exec/s: 56566 rss: 548Mb L: 1597/3855 MS: 2 ShuffleBytes-EraseBytes-
#12522508	REDUCE cov: 303 ft: 1037 corp: 374/92Kb lim: 4096 exec/s: 56662 rss: 548Mb L: 164/3855 MS: 2 ChangeBit-EraseBytes-
#12535304	REDUCE cov: 303 ft: 1037 corp: 374/92Kb lim: 4096 exec/s: 56720 rss: 548Mb L: 55/3855 MS: 1 EraseBytes-
#12555135	REDUCE cov: 303 ft: 1037 corp: 374/92Kb lim: 4096 exec/s: 56554 rss: 548Mb L: 298/3855 MS: 1 EraseBytes-
#12562456	REDUCE cov: 303 ft: 1037 corp: 374/92Kb lim: 4096 exec/s: 56587 rss: 548Mb L: 1274/3855 MS: 1 EraseBytes-
#12565277	REDUCE cov: 303 ft: 1037 corp: 374/92Kb lim: 4096 exec/s: 56600 rss: 548Mb L: 55/3855 MS: 1 EraseBytes-
#12583353	REDUCE cov: 303 ft: 1037 corp: 374/92Kb lim: 4096 exec/s: 56681 rss: 548Mb L: 3829/3829 MS: 1 EraseBytes-
#12606844	REDUCE cov: 303 ft: 1037 corp: 374/92Kb lim: 4096 exec/s: 56532 rss: 548Mb L: 23/3829 MS: 1 EraseBytes-
#12613290	REDUCE cov: 303 ft: 1037 corp: 374/92Kb lim: 4096 exec/s: 56561 rss: 548Mb L: 1531/3829 MS: 1 EraseBytes-
#12658757	REDUCE cov: 303 ft: 1037 corp: 374/92Kb lim: 4096 exec/s: 56765 rss: 548Mb L: 8/3829 MS: 2 ChangeBit-EraseBytes-
#12669938	REDUCE cov: 303 ft: 1037 corp: 374/92Kb lim: 4096 exec/s: 56562 rss: 548Mb L: 31/3829 MS: 1 EraseBytes-
#12688909	REDUCE cov: 303 ft: 1037 corp: 374/92Kb lim: 4096 exec/s: 56646 rss: 548Mb L: 1437/3829 MS: 1 EraseBytes-
#12696180	REDUCE cov: 303 ft: 1037 corp: 374/92Kb lim: 4096 exec/s: 56679 rss: 548Mb L: 20/3829 MS: 1 EraseBytes-
#12699656	REDUCE cov: 303 ft: 1037 corp: 374/92Kb lim: 4096 exec/s: 56694 rss: 548Mb L: 27/3829 MS: 1 EraseBytes-
#12711052	REDUCE cov: 303 ft: 1037 corp: 374/92Kb lim: 4096 exec/s: 56493 rss: 548Mb L: 54/3829 MS: 1 EraseBytes-
#12743103	REDUCE cov: 303 ft: 1037 corp: 374/92Kb lim: 4096 exec/s: 56636 rss: 548Mb L: 72/3829 MS: 1 EraseBytes-
#12744460	REDUCE cov: 303 ft: 1037 corp: 374/92Kb lim: 4096 exec/s: 56642 rss: 548Mb L: 57/3829 MS: 2 EraseBytes-ChangeBinInt-
#12765312	REDUCE cov: 303 ft: 1037 corp: 374/92Kb lim: 4096 exec/s: 56483 rss: 548Mb L: 65/3829 MS: 2 CMP-EraseBytes- DE: "\376\377\377\377\000\000\000\000"-
#12765838	REDUCE cov: 303 ft: 1037 corp: 374/91Kb lim: 4096 exec/s: 56486 rss: 548Mb L: 22/3829 MS: 1 EraseBytes-
#12804124	REDUCE cov: 303 ft: 1037 corp: 374/91Kb lim: 4096 exec/s: 56655 rss: 548Mb L: 766/3829 MS: 1 EraseBytes-
#12816201	REDUCE cov: 303 ft: 1037 corp: 374/91Kb lim: 4096 exec/s: 56459 rss: 548Mb L: 6/3829 MS: 2 EraseBytes-PersAutoDict- DE: "\010\000"-
#12838512	REDUCE cov: 303 ft: 1037 corp: 374/91Kb lim: 4096 exec/s: 56557 rss: 548Mb L: 446/3829 MS: 1 EraseBytes-
#12866338	REDUCE cov: 303 ft: 1037 corp: 374/91Kb lim: 4096 exec/s: 56679 rss: 548Mb L: 1359/3829 MS: 1 EraseBytes-
#12903489	REDUCE cov: 303 ft: 1037 corp: 374/91Kb lim: 4096 exec/s: 56594 rss: 548Mb L: 85/3829 MS: 1 EraseBytes-
#12932730	REDUCE cov: 303 ft: 1037 corp: 374/91Kb lim: 4096 exec/s: 56474 rss: 548Mb L: 1287/3829 MS: 1 EraseBytes-
#12935896	REDUCE cov: 303 ft: 1037 corp: 374/91Kb lim: 4096 exec/s: 56488 rss: 548Mb L: 1017/3829 MS: 1 EraseBytes-
#12944533	REDUCE cov: 303 ft: 1037 corp: 374/91Kb lim: 4096 exec/s: 56526 rss: 548Mb L: 972/3829 MS: 2 ShuffleBytes-EraseBytes-
#12944925	REDUCE cov: 303 ft: 1037 corp: 374/91Kb lim: 4096 exec/s: 56528 rss: 548Mb L: 600/3829 MS: 2 EraseBytes-InsertByte-
#12945416	REDUCE cov: 303 ft: 1037 corp: 374/91Kb lim: 4096 exec/s: 56530 rss: 548Mb L: 160/3829 MS: 1 EraseBytes-
#12990479	REDUCE cov: 303 ft: 1037 corp: 374/91Kb lim: 4096 exec/s: 56480 rss: 548Mb L: 79/3829 MS: 3 ChangeByte-CopyPart-EraseBytes-
#13001781	REDUCE cov: 303 ft: 1037 corp: 374/91Kb lim: 4096 exec/s: 56529 rss: 548Mb L: 1220/3829 MS: 2 InsertByte-EraseBytes-
#13019697	REDUCE cov: 303 ft: 1037 corp: 374/91Kb lim: 4096 exec/s: 56607 rss: 548Mb L: 1296/3829 MS: 1 EraseBytes-
#13107544	REDUCE cov: 303 ft: 1037 corp: 374/91Kb lim: 4096 exec/s: 56498 rss: 548Mb L: 13/3829 MS: 2 CrossOver-EraseBytes-
#13144080	REDUCE cov: 303 ft: 1037 corp: 374/91Kb lim: 4096 exec/s: 56655 rss: 548Mb L: 1444/3829 MS: 1 EraseBytes-
#13153799	REDUCE cov: 303 ft: 1037 corp: 374/91Kb lim: 4096 exec/s: 56454 rss: 548Mb L: 3797/3797 MS: 4 ChangeByte-CrossOver-ChangeBit-EraseBytes-
#13162796	REDUCE cov: 303 ft: 1037 corp: 374/91Kb lim: 4096 exec/s: 56492 rss: 548Mb L: 5/3797 MS: 2 EraseBytes-ChangeBit-
#13164492	REDUCE cov: 303 ft: 1037 corp: 374/91Kb lim: 4096 exec/s: 56499 rss: 548Mb L: 1286/3797 MS: 1 EraseBytes-
#13175448	REDUCE cov: 303 ft: 1037 corp: 374/91Kb lim: 4096 exec/s: 56546 rss: 548Mb L: 1184/3797 MS: 1 EraseBytes-
#13178111	REDUCE cov: 303 ft: 1037 corp: 374/91Kb lim: 4096 exec/s: 56558 rss: 548Mb L: 220/3797 MS: 3 ChangeByte-EraseBytes-InsertRepeatedBytes-
#13208882	REDUCE cov: 303 ft: 1037 corp: 374/91Kb lim: 4096 exec/s: 56448 rss: 548Mb L: 19/3797 MS: 1 EraseBytes-
#13209149	REDUCE cov: 303 ft: 1037 corp: 374/91Kb lim: 4096 exec/s: 56449 rss: 548Mb L: 9/3797 MS: 2 ChangeByte-EraseBytes-
#13247720	REDUCE cov: 303 ft: 1037 corp: 374/91Kb lim: 4096 exec/s: 56614 rss: 548Mb L: 1051/3797 MS: 1 EraseBytes-
#13267366	REDUCE cov: 303 ft: 1037 corp: 374/91Kb lim: 4096 exec/s: 56456 rss: 548Mb L: 1280/3797 MS: 1 EraseBytes-
#13294232	REDUCE cov: 303 ft: 1037 corp: 374/91Kb lim: 4096 exec/s: 56571 rss: 548Mb L: 74/3797 MS: 1 EraseBytes-
#13324349	REDUCE cov: 303 ft: 1037 corp: 374/91Kb lim: 4096 exec/s: 56459 rss: 548Mb L: 1117/3797 MS: 2 PersAutoDict-EraseBytes- DE: "\001\000\000\000\000\000\000F"-
#13343352	REDUCE cov: 303 ft: 1037 corp: 374/91Kb lim: 4096 exec/s: 56539 rss: 548Mb L: 812/3797 MS: 3 ShuffleBytes-ChangeByte-EraseBytes-
#13363228	REDUCE cov: 303 ft: 1037 corp: 374/91Kb lim: 4096 exec/s: 56384 rss: 548Mb L: 22/3797 MS: 1 EraseBytes-
#13373344	REDUCE cov: 303 ft: 1037 corp: 374/91Kb lim: 4096 exec/s: 56427 rss: 548Mb L: 562/3797 MS: 1 EraseBytes-
#13374920	REDUCE cov: 303 ft: 1037 corp: 374/91Kb lim: 4096 exec/s: 56434 rss: 548Mb L: 15/3797 MS: 1 EraseBytes-
#13387216	REDUCE cov: 303 ft: 1037 corp: 374/91Kb lim: 4096 exec/s: 56486 rss: 548Mb L: 60/3797 MS: 1 EraseBytes-
#13389383	REDUCE cov: 303 ft: 1037 corp: 374/91Kb lim: 4096 exec/s: 56495 rss: 548Mb L: 558/3797 MS: 2 ShuffleBytes-EraseBytes-
#13398261	REDUCE cov: 303 ft: 1037 corp: 374/91Kb lim: 4096 exec/s: 56532 rss: 548Mb L: 1525/3797 MS: 3 ChangeBit-ChangeBinInt-EraseBytes-
#13405302	REDUCE cov: 303 ft: 1037 corp: 374/91Kb lim: 4096 exec/s: 56562 rss: 548Mb L: 64/3797 MS: 1 EraseBytes-
#13428258	REDUCE cov: 303 ft: 1037 corp: 374/91Kb lim: 4096 exec/s: 56421 rss: 548Mb L: 76/3797 MS: 1 EraseBytes-
#13438574	REDUCE cov: 303 ft: 1037 corp: 374/91Kb lim: 4096 exec/s: 56464 rss: 548Mb L: 1002/3797 MS: 1 EraseBytes-
#13439860	REDUCE cov: 303 ft: 1037 corp: 374/91Kb lim: 4096 exec/s: 56470 rss: 548Mb L: 99/3797 MS: 1 EraseBytes-
#13441012	REDUCE cov: 303 ft: 1037 corp: 374/91Kb lim: 4096 exec/s: 56474 rss: 548Mb L: 807/3797 MS: 2 ShuffleBytes-EraseBytes-
#13441168	REDUCE cov: 303 ft: 1037 corp: 374/91Kb lim: 4096 exec/s: 56475 rss: 548Mb L: 1425/3797 MS: 1 EraseBytes-
#13465140	REDUCE cov: 303 ft: 1037 corp: 374/91Kb lim: 4096 exec/s: 56339 rss: 548Mb L: 1167/3797 MS: 2 ChangeBinInt-EraseBytes-
#13493161	REDUCE cov: 303 ft: 1037 corp: 374/91Kb lim: 4096 exec/s: 56456 rss: 548Mb L: 52/3797 MS: 1 EraseBytes-
#13500042	REDUCE cov: 303 ft: 1037 corp: 374/91Kb lim: 4096 exec/s: 56485 rss: 548Mb L: 49/3797 MS: 1 EraseBytes-
#13521424	REDUCE cov: 303 ft: 1037 corp: 374/91Kb lim: 4096 exec/s: 56339 rss: 548Mb L: 26/3797 MS: 2 ChangeByte-EraseBytes-
#13567795	REDUCE cov: 303 ft: 1037 corp: 374/91Kb lim: 4096 exec/s: 56297 rss: 548Mb L: 46/3797 MS: 1 EraseBytes-
#13596506	REDUCE cov: 303 ft: 1037 corp: 374/91Kb lim: 4096 exec/s: 56417 rss: 548Mb L: 1048/3797 MS: 1 EraseBytes-
#13602803	REDUCE cov: 303 ft: 1037 corp: 374/91Kb lim: 4096 exec/s: 56443 rss: 548Mb L: 92/3797 MS: 2 ChangeBit-EraseBytes-
#13675250	REDUCE cov: 303 ft: 1037 corp: 374/91Kb lim: 4096 exec/s: 56509 rss: 548Mb L: 27/3797 MS: 2 EraseBytes-ShuffleBytes-
#13677811	REDUCE cov: 303 ft: 1037 corp: 374/91Kb lim: 4096 exec/s: 56519 rss: 548Mb L: 53/3797 MS: 1 EraseBytes-
#13678387	REDUCE cov: 303 ft: 1037 corp: 374/91Kb lim: 4096 exec/s: 56289 rss: 548Mb L: 50/3797 MS: 1 EraseBytes-
#13712378	REDUCE cov: 303 ft: 1037 corp: 374/91Kb lim: 4096 exec/s: 56429 rss: 548Mb L: 302/3797 MS: 1 EraseBytes-
#13714474	REDUCE cov: 303 ft: 1037 corp: 374/91Kb lim: 4096 exec/s: 56438 rss: 548Mb L: 559/3797 MS: 1 EraseBytes-
#13742455	REDUCE cov: 303 ft: 1037 corp: 374/91Kb lim: 4096 exec/s: 56321 rss: 548Mb L: 733/3797 MS: 1 EraseBytes-
#13777761	REDUCE cov: 303 ft: 1037 corp: 374/91Kb lim: 4096 exec/s: 56466 rss: 548Mb L: 66/3797 MS: 1 EraseBytes-
#13791227	REDUCE cov: 303 ft: 1037 corp: 374/91Kb lim: 4096 exec/s: 56290 rss: 548Mb L: 1420/3797 MS: 1 EraseBytes-
#13976908	REDUCE cov: 303 ft: 1037 corp: 374/91Kb lim: 4096 exec/s: 56358 rss: 548Mb L: 52/3797 MS: 1 EraseBytes-
#13994055	REDUCE cov: 303 ft: 1037 corp: 374/91Kb lim: 4096 exec/s: 56427 rss: 548Mb L: 6/3797 MS: 2 EraseBytes-ChangeByte-
#14006177	REDUCE cov: 304 ft: 1038 corp: 375/91Kb lim: 4096 exec/s: 56249 rss: 548Mb L: 80/3797 MS: 2 ManualDict-ChangeBinInt- DE: "    /* WARNING: this file should *not* be used by applications."-
#14063673	REDUCE cov: 304 ft: 1038 corp: 375/91Kb lim: 4096 exec/s: 56254 rss: 548Mb L: 1417/3797 MS: 1 EraseBytes-
#14073739	REDUCE cov: 304 ft: 1038 corp: 375/91Kb lim: 4096 exec/s: 56294 rss: 548Mb L: 1522/3797 MS: 1 EraseBytes-
#14096891	REDUCE cov: 304 ft: 1038 corp: 375/91Kb lim: 4096 exec/s: 56387 rss: 548Mb L: 1248/3797 MS: 2 CrossOver-EraseBytes-
#14133322	REDUCE cov: 304 ft: 1038 corp: 375/91Kb lim: 4096 exec/s: 56308 rss: 548Mb L: 1206/3797 MS: 1 EraseBytes-
#14167990	REDUCE cov: 304 ft: 1038 corp: 375/91Kb lim: 4096 exec/s: 56222 rss: 548Mb L: 67/3797 MS: 3 ChangeBinInt-ChangeByte-EraseBytes-
#14168691	REDUCE cov: 304 ft: 1038 corp: 375/91Kb lim: 4096 exec/s: 56224 rss: 548Mb L: 284/3797 MS: 1 EraseBytes-
#14177119	REDUCE cov: 304 ft: 1038 corp: 375/91Kb lim: 4096 exec/s: 56258 rss: 548Mb L: 61/3797 MS: 3 ShuffleBytes-EraseBytes-CrossOver-
#14226201	REDUCE cov: 304 ft: 1038 corp: 375/91Kb lim: 4096 exec/s: 56230 rss: 548Mb L: 1588/3797 MS: 2 ChangeBit-EraseBytes-
#14232284	REDUCE cov: 304 ft: 1038 corp: 375/91Kb lim: 4096 exec/s: 56254 rss: 548Mb L: 57/3797 MS: 3 ChangeByte-PersAutoDict-EraseBytes- DE: ", "-
#14250226	REDUCE cov: 304 ft: 1038 corp: 375/91Kb lim: 4096 exec/s: 56325 rss: 548Mb L: 6/3797 MS: 2 ChangeBit-EraseBytes-
#14277713	REDUCE cov: 304 ft: 1038 corp: 375/91Kb lim: 4096 exec/s: 56211 rss: 548Mb L: 930/3797 MS: 2 ChangeBit-EraseBytes-
#14284514	REDUCE cov: 304 ft: 1038 corp: 375/91Kb lim: 4096 exec/s: 56238 rss: 548Mb L: 64/3797 MS: 1 EraseBytes-
#14297221	REDUCE cov: 304 ft: 1038 corp: 375/91Kb lim: 4096 exec/s: 56288 rss: 548Mb L: 54/3797 MS: 2 ShuffleBytes-EraseBytes-
#14299462	REDUCE cov: 304 ft: 1038 corp: 375/91Kb lim: 4096 exec/s: 56297 rss: 548Mb L: 21/3797 MS: 1 EraseBytes-
#14304158	REDUCE cov: 304 ft: 1038 corp: 375/91Kb lim: 4096 exec/s: 56315 rss: 548Mb L: 49/3797 MS: 1 EraseBytes-
#14311459	REDUCE cov: 304 ft: 1038 corp: 375/91Kb lim: 4096 exec/s: 56344 rss: 548Mb L: 48/3797 MS: 1 EraseBytes-
#14348652	REDUCE cov: 304 ft: 1038 corp: 375/91Kb lim: 4096 exec/s: 56269 rss: 548Mb L: 1414/3797 MS: 3 ChangeByte-EraseBytes-CopyPart-
#14397223	REDUCE cov: 304 ft: 1038 corp: 375/91Kb lim: 4096 exec/s: 56239 rss: 548Mb L: 157/3797 MS: 1 EraseBytes-
#14413299	REDUCE cov: 304 ft: 1038 corp: 375/91Kb lim: 4096 exec/s: 56301 rss: 548Mb L: 1272/3797 MS: 1 EraseBytes-
#14417426	REDUCE cov: 304 ft: 1038 corp: 375/91Kb lim: 4096 exec/s: 56318 rss: 548Mb L: 1388/3797 MS: 2 ShuffleBytes-EraseBytes-
#14434060	REDUCE cov: 304 ft: 1038 corp: 375/91Kb lim: 4096 exec/s: 56383 rss: 548Mb L: 41/3797 MS: 4 EraseBytes-ChangeBinInt-CopyPart-ShuffleBytes-
#14438731	REDUCE cov: 304 ft: 1038 corp: 375/91Kb lim: 4096 exec/s: 56181 rss: 548Mb L: 1235/3797 MS: 1 EraseBytes-
#14448642	REDUCE cov: 304 ft: 1038 corp: 375/91Kb lim: 4096 exec/s: 56220 rss: 548Mb L: 176/3797 MS: 1 EraseBytes-
#14450913	REDUCE cov: 304 ft: 1038 corp: 375/91Kb lim: 4096 exec/s: 56229 rss: 548Mb L: 63/3797 MS: 1 EraseBytes-
#14479974	REDUCE cov: 304 ft: 1038 corp: 375/91Kb lim: 4096 exec/s: 56342 rss: 548Mb L: 709/3797 MS: 1 EraseBytes-
#14494345	REDUCE cov: 304 ft: 1038 corp: 375/91Kb lim: 4096 exec/s: 56179 rss: 548Mb L: 40/3797 MS: 1 EraseBytes-
#14495757	REDUCE cov: 304 ft: 1038 corp: 375/91Kb lim: 4096 exec/s: 56185 rss: 548Mb L: 9/3797 MS: 2 CopyPart-EraseBytes-
#14627864	REDUCE cov: 304 ft: 1038 corp: 375/91Kb lim: 4096 exec/s: 56261 rss: 548Mb L: 79/3797 MS: 2 ShuffleBytes-EraseBytes-
#14629181	REDUCE cov: 304 ft: 1038 corp: 375/91Kb lim: 4096 exec/s: 56266 rss: 548Mb L: 1419/3797 MS: 2 ShuffleBytes-EraseBytes-
#14644353	REDUCE cov: 304 ft: 1038 corp: 375/91Kb lim: 4096 exec/s: 56324 rss: 548Mb L: 61/3797 MS: 2 CMP-EraseBytes- DE: "\333\004\000\000"-
#14662204	REDUCE cov: 304 ft: 1038 corp: 375/91Kb lim: 4096 exec/s: 56177 rss: 548Mb L: 38/3797 MS: 1 EraseBytes-
#14676400	REDUCE cov: 304 ft: 1038 corp: 375/91Kb lim: 4096 exec/s: 56231 rss: 548Mb L: 1185/3797 MS: 1 EraseBytes-
#14733261	REDUCE cov: 304 ft: 1038 corp: 375/91Kb lim: 4096 exec/s: 56233 rss: 548Mb L: 83/3797 MS: 1 EraseBytes-
#14750248	REDUCE cov: 304 ft: 1038 corp: 375/91Kb lim: 4096 exec/s: 56298 rss: 548Mb L: 1385/3797 MS: 2 ChangeASCIIInt-EraseBytes-
#14772144	REDUCE cov: 304 ft: 1038 corp: 375/91Kb lim: 4096 exec/s: 56167 rss: 548Mb L: 945/3797 MS: 1 EraseBytes-
#14775321	REDUCE cov: 304 ft: 1038 corp: 375/91Kb lim: 4096 exec/s: 56179 rss: 548Mb L: 82/3797 MS: 2 PersAutoDict-EraseBytes- DE: "\377\377\377\377"-
#14834468	REDUCE cov: 304 ft: 1038 corp: 375/91Kb lim: 4096 exec/s: 56191 rss: 548Mb L: 28/3797 MS: 2 InsertByte-EraseBytes-
#14867784	REDUCE cov: 304 ft: 1038 corp: 375/91Kb lim: 4096 exec/s: 56317 rss: 548Mb L: 15/3797 MS: 1 EraseBytes-
#14873436	REDUCE cov: 304 ft: 1038 corp: 375/91Kb lim: 4096 exec/s: 56126 rss: 548Mb L: 8/3797 MS: 2 EraseBytes-ChangeByte-
#14874939	REDUCE cov: 304 ft: 1038 corp: 375/91Kb lim: 4096 exec/s: 56131 rss: 548Mb L: 1141/3797 MS: 3 EraseBytes-ChangeBinInt-ChangeBinInt-
#14888353	REDUCE cov: 304 ft: 1038 corp: 375/91Kb lim: 4096 exec/s: 56182 rss: 548Mb L: 3787/3787 MS: 4 ShuffleBytes-ChangeBit-ChangeByte-EraseBytes-
#14906644	REDUCE cov: 304 ft: 1038 corp: 375/91Kb lim: 4096 exec/s: 56251 rss: 548Mb L: 1418/3787 MS: 1 EraseBytes-
#14932566	REDUCE cov: 304 ft: 1038 corp: 375/91Kb lim: 4096 exec/s: 56137 rss: 548Mb L: 429/3787 MS: 2 ChangeBit-EraseBytes-
#14942027	REDUCE cov: 304 ft: 1038 corp: 375/91Kb lim: 4096 exec/s: 56173 rss: 548Mb L: 19/3787 MS: 1 EraseBytes-
#14949719	REDUCE cov: 304 ft: 1038 corp: 375/91Kb lim: 4096 exec/s: 56201 rss: 548Mb L: 1047/3787 MS: 2 ChangeByte-EraseBytes-
#14976385	REDUCE cov: 304 ft: 1038 corp: 375/91Kb lim: 4096 exec/s: 56091 rss: 548Mb L: 52/3787 MS: 1 EraseBytes-
#15060671	REDUCE cov: 304 ft: 1038 corp: 375/91Kb lim: 4096 exec/s: 56196 rss: 548Mb L: 59/3787 MS: 1 EraseBytes-
#15070588	REDUCE cov: 304 ft: 1038 corp: 375/91Kb lim: 4096 exec/s: 56233 rss: 548Mb L: 289/3787 MS: 2 ChangeBit-EraseBytes-
#15126814	REDUCE cov: 304 ft: 1038 corp: 375/91Kb lim: 4096 exec/s: 56233 rss: 548Mb L: 35/3787 MS: 1 EraseBytes-
#15129672	REDUCE cov: 304 ft: 1038 corp: 375/91Kb lim: 4096 exec/s: 56244 rss: 548Mb L: 1351/3787 MS: 3 ChangeBinInt-EraseBytes-CopyPart-
#15152153	REDUCE cov: 304 ft: 1038 corp: 375/91Kb lim: 4096 exec/s: 56119 rss: 548Mb L: 1276/3787 MS: 1 EraseBytes-
#15165974	REDUCE cov: 304 ft: 1038 corp: 375/91Kb lim: 4096 exec/s: 56170 rss: 548Mb L: 1325/3787 MS: 1 EraseBytes-
#15180085	REDUCE cov: 304 ft: 1038 corp: 375/91Kb lim: 4096 exec/s: 56222 rss: 548Mb L: 793/3787 MS: 1 EraseBytes-
#15207361	REDUCE cov: 304 ft: 1038 corp: 375/91Kb lim: 4096 exec/s: 56115 rss: 548Mb L: 32/3787 MS: 1 EraseBytes-
#15208857	REDUCE cov: 304 ft: 1038 corp: 375/91Kb lim: 4096 exec/s: 56121 rss: 548Mb L: 1186/3787 MS: 1 EraseBytes-
#15230309	REDUCE cov: 304 ft: 1038 corp: 375/91Kb lim: 4096 exec/s: 56200 rss: 548Mb L: 20/3787 MS: 2 EraseBytes-InsertByte-
#15235010	REDUCE cov: 304 ft: 1038 corp: 375/91Kb lim: 4096 exec/s: 56217 rss: 548Mb L: 22/3787 MS: 1 EraseBytes-
#15259736	REDUCE cov: 304 ft: 1038 corp: 375/91Kb lim: 4096 exec/s: 56101 rss: 548Mb L: 7/3787 MS: 1 EraseBytes-
#15265418	REDUCE cov: 304 ft: 1038 corp: 375/91Kb lim: 4096 exec/s: 56122 rss: 548Mb L: 1515/3787 MS: 2 CrossOver-EraseBytes-
#15267699	REDUCE cov: 304 ft: 1038 corp: 375/91Kb lim: 4096 exec/s: 56131 rss: 548Mb L: 1296/3787 MS: 1 EraseBytes-
#15270710	REDUCE cov: 304 ft: 1038 corp: 375/91Kb lim: 4096 exec/s: 56142 rss: 548Mb L: 26/3787 MS: 1 EraseBytes-
#15290156	REDUCE cov: 304 ft: 1038 corp: 375/91Kb lim: 4096 exec/s: 56213 rss: 548Mb L: 81/3787 MS: 1 EraseBytes-
#15327497	REDUCE cov: 304 ft: 1038 corp: 375/91Kb lim: 4096 exec/s: 56144 rss: 548Mb L: 116/3787 MS: 1 EraseBytes-
#15357093	REDUCE cov: 304 ft: 1038 corp: 375/91Kb lim: 4096 exec/s: 56047 rss: 548Mb L: 1252/3787 MS: 1 EraseBytes-
#15374700	REDUCE cov: 304 ft: 1038 corp: 375/91Kb lim: 4096 exec/s: 56112 rss: 548Mb L: 1221/3787 MS: 2 ShuffleBytes-EraseBytes-
#15380986	REDUCE cov: 304 ft: 1038 corp: 375/91Kb lim: 4096 exec/s: 56134 rss: 548Mb L: 65/3787 MS: 1 EraseBytes-
#15406947	REDUCE cov: 304 ft: 1038 corp: 375/91Kb lim: 4096 exec/s: 56025 rss: 548Mb L: 27/3787 MS: 1 EraseBytes-
#15477363	REDUCE cov: 304 ft: 1038 corp: 375/91Kb lim: 4096 exec/s: 56077 rss: 548Mb L: 20/3787 MS: 1 EraseBytes-
#15490299	REDUCE cov: 304 ft: 1038 corp: 375/91Kb lim: 4096 exec/s: 56124 rss: 548Mb L: 297/3787 MS: 1 EraseBytes-
#15585420	REDUCE cov: 304 ft: 1038 corp: 375/91Kb lim: 4096 exec/s: 56062 rss: 548Mb L: 1113/3787 MS: 1 EraseBytes-
#15586962	REDUCE cov: 304 ft: 1038 corp: 375/91Kb lim: 4096 exec/s: 56068 rss: 548Mb L: 1499/3787 MS: 2 ShuffleBytes-EraseBytes-
#15602860	NEW    cov: 304 ft: 1039 corp: 376/93Kb lim: 4096 exec/s: 55924 rss: 548Mb L: 2529/3787 MS: 3 CrossOver-CrossOver-CopyPart-
#15603243	REDUCE cov: 304 ft: 1039 corp: 376/93Kb lim: 4096 exec/s: 55925 rss: 548Mb L: 2335/3787 MS: 3 CMP-ManualDict-EraseBytes- DE: ")\000"-" : (n % 3 == 2 ? "-
#15604255	REDUCE cov: 304 ft: 1039 corp: 376/92Kb lim: 4096 exec/s: 55929 rss: 548Mb L: 2017/3787 MS: 2 ManualDict-EraseBytes- DE: "stream error"-
#15610616	REDUCE cov: 304 ft: 1039 corp: 376/92Kb lim: 4096 exec/s: 55952 rss: 548Mb L: 1703/3787 MS: 1 EraseBytes-
#15611118	REDUCE cov: 304 ft: 1039 corp: 376/92Kb lim: 4096 exec/s: 55953 rss: 548Mb L: 1564/3787 MS: 2 ShuffleBytes-EraseBytes-
#15616634	REDUCE cov: 304 ft: 1039 corp: 376/92Kb lim: 4096 exec/s: 55973 rss: 548Mb L: 1536/3787 MS: 1 EraseBytes-
#15647125	REDUCE cov: 304 ft: 1039 corp: 376/92Kb lim: 4096 exec/s: 56082 rss: 548Mb L: 1457/3787 MS: 1 EraseBytes-
#15673306	REDUCE cov: 304 ft: 1039 corp: 376/92Kb lim: 4096 exec/s: 55976 rss: 548Mb L: 1410/3787 MS: 1 EraseBytes-
#15673317	REDUCE cov: 304 ft: 1039 corp: 376/92Kb lim: 4096 exec/s: 55976 rss: 548Mb L: 1285/3787 MS: 1 EraseBytes-
#15675434	REDUCE cov: 304 ft: 1039 corp: 376/92Kb lim: 4096 exec/s: 55983 rss: 548Mb L: 15/3787 MS: 2 EraseBytes-CrossOver-
#15710529	REDUCE cov: 304 ft: 1039 corp: 376/92Kb lim: 4096 exec/s: 55909 rss: 548Mb L: 1224/3787 MS: 5 PersAutoDict-EraseBytes-InsertByte-CopyPart-CrossOver- DE: "invalid block type"-
#15719790	REDUCE cov: 304 ft: 1039 corp: 376/92Kb lim: 4096 exec/s: 55942 rss: 548Mb L: 1150/3787 MS: 1 EraseBytes-
#15762457	REDUCE cov: 304 ft: 1039 corp: 376/92Kb lim: 4096 exec/s: 56094 rss: 548Mb L: 1104/3787 MS: 2 ChangeASCIIInt-EraseBytes-
#15804798	REDUCE cov: 304 ft: 1039 corp: 376/92Kb lim: 4096 exec/s: 56045 rss: 548Mb L: 28/3787 MS: 1 EraseBytes-
#15809054	REDUCE cov: 304 ft: 1039 corp: 376/92Kb lim: 4096 exec/s: 56060 rss: 548Mb L: 49/3787 MS: 1 EraseBytes-
#15827790	REDUCE cov: 304 ft: 1039 corp: 376/92Kb lim: 4096 exec/s: 55928 rss: 548Mb L: 1077/3787 MS: 1 EraseBytes-
#15847761	REDUCE cov: 304 ft: 1039 corp: 376/92Kb lim: 4096 exec/s: 55999 rss: 548Mb L: 19/3787 MS: 1 EraseBytes-
#15863832	REDUCE cov: 304 ft: 1039 corp: 376/92Kb lim: 4096 exec/s: 56055 rss: 548Mb L: 51/3787 MS: 1 EraseBytes-
#15870228	REDUCE cov: 304 ft: 1039 corp: 376/92Kb lim: 4096 exec/s: 56078 rss: 548Mb L: 1251/3787 MS: 1 EraseBytes-
#15877550	REDUCE cov: 304 ft: 1039 corp: 376/92Kb lim: 4096 exec/s: 55906 rss: 548Mb L: 1064/3787 MS: 2 EraseBytes-CopyPart-
#15879486	REDUCE cov: 304 ft: 1039 corp: 376/92Kb lim: 4096 exec/s: 55913 rss: 548Mb L: 168/3787 MS: 1 EraseBytes-
#15895313	REDUCE cov: 304 ft: 1039 corp: 376/92Kb lim: 4096 exec/s: 55969 rss: 548Mb L: 14/3787 MS: 2 ShuffleBytes-EraseBytes-
#15916589	REDUCE cov: 304 ft: 1039 corp: 376/92Kb lim: 4096 exec/s: 56044 rss: 548Mb L: 1212/3787 MS: 1 EraseBytes-
#15916690	REDUCE cov: 304 ft: 1039 corp: 376/92Kb lim: 4096 exec/s: 56044 rss: 548Mb L: 1441/3787 MS: 1 EraseBytes-
#15960532	REDUCE cov: 304 ft: 1039 corp: 376/91Kb lim: 4096 exec/s: 56001 rss: 548Mb L: 1231/3787 MS: 2 ShuffleBytes-EraseBytes-
#15986088	REDUCE cov: 304 ft: 1039 corp: 376/91Kb lim: 4096 exec/s: 55895 rss: 548Mb L: 1030/3787 MS: 1 EraseBytes-
#15999149	REDUCE cov: 304 ft: 1039 corp: 376/91Kb lim: 4096 exec/s: 55941 rss: 548Mb L: 81/3787 MS: 1 EraseBytes-
#16007160	REDUCE cov: 304 ft: 1039 corp: 376/91Kb lim: 4096 exec/s: 55969 rss: 548Mb L: 703/3787 MS: 1 EraseBytes-
#16017931	REDUCE cov: 304 ft: 1039 corp: 376/91Kb lim: 4096 exec/s: 56006 rss: 548Mb L: 61/3787 MS: 1 EraseBytes-
#16024727	REDUCE cov: 304 ft: 1039 corp: 376/91Kb lim: 4096 exec/s: 56030 rss: 548Mb L: 284/3787 MS: 1 EraseBytes-
#16036378	REDUCE cov: 304 ft: 1039 corp: 376/91Kb lim: 4096 exec/s: 55875 rss: 548Mb L: 1480/3787 MS: 1 EraseBytes-
#16038485	REDUCE cov: 304 ft: 1039 corp: 376/91Kb lim: 4096 exec/s: 55883 rss: 548Mb L: 1022/3787 MS: 2 CMP-EraseBytes- DE: "\377\377\377\011"-
#16044436	REDUCE cov: 304 ft: 1039 corp: 376/91Kb lim: 4096 exec/s: 55903 rss: 548Mb L: 1183/3787 MS: 1 EraseBytes-
#16097102	REDUCE cov: 304 ft: 1039 corp: 376/91Kb lim: 4096 exec/s: 55892 rss: 548Mb L: 3785/3785 MS: 1 EraseBytes-
#16112628	REDUCE cov: 304 ft: 1039 corp: 376/91Kb lim: 4096 exec/s: 55946 rss: 548Mb L: 1224/3785 MS: 1 EraseBytes-
#16238451	REDUCE cov: 304 ft: 1039 corp: 376/91Kb lim: 4096 exec/s: 55994 rss: 548Mb L: 286/3785 MS: 3 ChangeBit-InsertRepeatedBytes-EraseBytes-
#16250563	REDUCE cov: 304 ft: 1039 corp: 376/91Kb lim: 4096 exec/s: 56036 rss: 548Mb L: 1050/3785 MS: 2 EraseBytes-CrossOver-
#16265109	REDUCE cov: 304 ft: 1039 corp: 376/91Kb lim: 4096 exec/s: 55893 rss: 548Mb L: 62/3785 MS: 1 EraseBytes-
#16273233	REDUCE cov: 304 ft: 1039 corp: 376/91Kb lim: 4096 exec/s: 55921 rss: 548Mb L: 975/3785 MS: 4 InsertByte-ChangeBinInt-ChangeASCIIInt-EraseBytes-
#16348650	REDUCE cov: 304 ft: 1039 corp: 376/91Kb lim: 4096 exec/s: 55988 rss: 548Mb L: 17/3785 MS: 2 EraseBytes-ChangeByte-
#16349421	REDUCE cov: 304 ft: 1039 corp: 376/91Kb lim: 4096 exec/s: 55991 rss: 548Mb L: 19/3785 MS: 1 EraseBytes-
#16366352	REDUCE cov: 304 ft: 1039 corp: 376/91Kb lim: 4096 exec/s: 55857 rss: 548Mb L: 16/3785 MS: 1 EraseBytes-
#16416614	REDUCE cov: 304 ft: 1039 corp: 376/91Kb lim: 4096 exec/s: 55838 rss: 548Mb L: 1216/3785 MS: 2 InsertByte-EraseBytes-
#16421676	REDUCE cov: 304 ft: 1039 corp: 376/91Kb lim: 4096 exec/s: 55856 rss: 548Mb L: 10/3785 MS: 2 ChangeBinInt-EraseBytes-
#16426742	REDUCE cov: 304 ft: 1039 corp: 376/91Kb lim: 4096 exec/s: 55873 rss: 548Mb L: 955/3785 MS: 1 EraseBytes-
#16434394	REDUCE cov: 304 ft: 1039 corp: 376/91Kb lim: 4096 exec/s: 55899 rss: 548Mb L: 1331/3785 MS: 2 InsertByte-EraseBytes-
#16464417	REDUCE cov: 304 ft: 1039 corp: 376/91Kb lim: 4096 exec/s: 56001 rss: 548Mb L: 5/3785 MS: 3 ChangeBit-InsertByte-EraseBytes-
#16510699	REDUCE cov: 304 ft: 1039 corp: 376/91Kb lim: 4096 exec/s: 55968 rss: 548Mb L: 74/3785 MS: 2 EraseBytes-ChangeASCIIInt-
#16511300	REDUCE cov: 304 ft: 1039 corp: 376/91Kb lim: 4096 exec/s: 55970 rss: 548Mb L: 78/3785 MS: 1 EraseBytes-
#16519431	REDUCE cov: 304 ft: 1039 corp: 376/91Kb lim: 4096 exec/s: 55998 rss: 548Mb L: 68/3785 MS: 1 EraseBytes-
#16524718	REDUCE cov: 304 ft: 1040 corp: 377/92Kb lim: 4096 exec/s: 55826 rss: 548Mb L: 913/3785 MS: 2 CopyPart-CopyPart-
#16556719	REDUCE cov: 304 ft: 1040 corp: 377/92Kb lim: 4096 exec/s: 55934 rss: 548Mb L: 1271/3785 MS: 1 EraseBytes-
#16564320	REDUCE cov: 304 ft: 1040 corp: 377/92Kb lim: 4096 exec/s: 55960 rss: 548Mb L: 879/3785 MS: 1 EraseBytes-
#16621426	REDUCE cov: 304 ft: 1040 corp: 377/92Kb lim: 4096 exec/s: 55964 rss: 548Mb L: 775/3785 MS: 1 EraseBytes-
#16631407	REDUCE cov: 304 ft: 1040 corp: 377/92Kb lim: 4096 exec/s: 55810 rss: 548Mb L: 1293/3785 MS: 1 EraseBytes-
#16634399	REDUCE cov: 304 ft: 1040 corp: 377/92Kb lim: 4096 exec/s: 55820 rss: 548Mb L: 89/3785 MS: 2 ChangeBit-EraseBytes-
#16701825	REDUCE cov: 304 ft: 1040 corp: 377/92Kb lim: 4096 exec/s: 55858 rss: 548Mb L: 1586/3785 MS: 1 EraseBytes-
#16732612	REDUCE cov: 304 ft: 1040 corp: 377/92Kb lim: 4096 exec/s: 55961 rss: 548Mb L: 954/3785 MS: 2 ShuffleBytes-EraseBytes-
#16768145	REDUCE cov: 304 ft: 1040 corp: 377/92Kb lim: 4096 exec/s: 55893 rss: 548Mb L: 11/3785 MS: 3 InsertByte-ChangeBit-EraseBytes-
#16770021	REDUCE cov: 304 ft: 1040 corp: 377/92Kb lim: 4096 exec/s: 55900 rss: 548Mb L: 152/3785 MS: 1 EraseBytes-
#16777216	pulse  cov: 304 ft: 1040 corp: 377/92Kb lim: 4096 exec/s: 55924 rss: 548Mb
#16793188	REDUCE cov: 304 ft: 1040 corp: 377/92Kb lim: 4096 exec/s: 55791 rss: 548Mb L: 1423/3785 MS: 2 ShuffleBytes-EraseBytes-
#16800401	REDUCE cov: 304 ft: 1040 corp: 377/92Kb lim: 4096 exec/s: 55815 rss: 548Mb L: 318/3785 MS: 3 InsertByte-ShuffleBytes-EraseBytes-
#16834125	REDUCE cov: 304 ft: 1040 corp: 377/92Kb lim: 4096 exec/s: 55927 rss: 548Mb L: 141/3785 MS: 4 ChangeByte-ChangeByte-EraseBytes-InsertByte-
#16838121	REDUCE cov: 304 ft: 1040 corp: 377/92Kb lim: 4096 exec/s: 55940 rss: 548Mb L: 769/3785 MS: 1 EraseBytes-
#16854259	REDUCE cov: 304 ft: 1040 corp: 377/92Kb lim: 4096 exec/s: 55808 rss: 548Mb L: 951/3785 MS: 3 InsertByte-ShuffleBytes-EraseBytes-
#16857790	REDUCE cov: 304 ft: 1040 corp: 377/92Kb lim: 4096 exec/s: 55820 rss: 548Mb L: 950/3785 MS: 1 EraseBytes-
#17022368	REDUCE cov: 304 ft: 1040 corp: 377/92Kb lim: 4096 exec/s: 55811 rss: 548Mb L: 732/3785 MS: 3 CMP-ChangeByte-EraseBytes- DE: "\377\377\377\377"-
#17045030	REDUCE cov: 304 ft: 1040 corp: 377/92Kb lim: 4096 exec/s: 55885 rss: 548Mb L: 1307/3785 MS: 2 ChangeBinInt-EraseBytes-
#17053743	REDUCE cov: 304 ft: 1040 corp: 377/92Kb lim: 4096 exec/s: 55913 rss: 548Mb L: 1189/3785 MS: 3 CMP-EraseBytes-CrossOver- DE: ">Q"-
#17116349	REDUCE cov: 304 ft: 1040 corp: 377/92Kb lim: 4096 exec/s: 55935 rss: 548Mb L: 30/3785 MS: 1 EraseBytes-
#17167045	REDUCE cov: 304 ft: 1040 corp: 377/92Kb lim: 4096 exec/s: 55918 rss: 548Mb L: 45/3785 MS: 1 EraseBytes-
#17206344	REDUCE cov: 304 ft: 1040 corp: 377/92Kb lim: 4096 exec/s: 55864 rss: 548Mb L: 285/3785 MS: 4 ChangeBinInt-EraseBytes-InsertRepeatedBytes-EraseBytes-
#17251886	REDUCE cov: 304 ft: 1040 corp: 377/92Kb lim: 4096 exec/s: 55831 rss: 548Mb L: 1182/3785 MS: 2 ChangeBit-EraseBytes-
#17274462	REDUCE cov: 304 ft: 1040 corp: 377/92Kb lim: 4096 exec/s: 55904 rss: 548Mb L: 680/3785 MS: 1 EraseBytes-
#17311523	REDUCE cov: 304 ft: 1040 corp: 377/92Kb lim: 4096 exec/s: 55843 rss: 548Mb L: 1260/3785 MS: 1 EraseBytes-
#17341444	REDUCE cov: 304 ft: 1040 corp: 377/92Kb lim: 4096 exec/s: 55760 rss: 548Mb L: 940/3785 MS: 1 EraseBytes-
#17360508	REDUCE cov: 304 ft: 1040 corp: 377/92Kb lim: 4096 exec/s: 55821 rss: 548Mb L: 918/3785 MS: 4 PersAutoDict-ShuffleBytes-CrossOver-EraseBytes- DE: "3?"-
#17374854	REDUCE cov: 304 ft: 1040 corp: 377/92Kb lim: 4096 exec/s: 55867 rss: 548Mb L: 556/3785 MS: 1 EraseBytes-
#17393910	REDUCE cov: 304 ft: 1040 corp: 377/92Kb lim: 4096 exec/s: 55749 rss: 548Mb L: 888/3785 MS: 1 EraseBytes-
#17419387	REDUCE cov: 304 ft: 1040 corp: 377/92Kb lim: 4096 exec/s: 55831 rss: 548Mb L: 57/3785 MS: 2 EraseBytes-PersAutoDict- DE: "zcfree: ptr not found"-
#17465590	REDUCE cov: 304 ft: 1040 corp: 377/92Kb lim: 4096 exec/s: 55800 rss: 548Mb L: 280/3785 MS: 3 ChangeBit-ChangeBinInt-EraseBytes-
#17472691	REDUCE cov: 304 ft: 1040 corp: 377/92Kb lim: 4096 exec/s: 55823 rss: 548Mb L: 634/3785 MS: 1 EraseBytes-
#17491939	REDUCE cov: 304 ft: 1040 corp: 377/92Kb lim: 4096 exec/s: 55884 rss: 548Mb L: 710/3785 MS: 3 ChangeBinInt-CrossOver-EraseBytes-
#17493850	REDUCE cov: 304 ft: 1040 corp: 377/92Kb lim: 4096 exec/s: 55890 rss: 548Mb L: 276/3785 MS: 1 EraseBytes-
#17515251	REDUCE cov: 304 ft: 1040 corp: 377/92Kb lim: 4096 exec/s: 55781 rss: 548Mb L: 212/3785 MS: 1 EraseBytes-
#17612698	REDUCE cov: 304 ft: 1040 corp: 377/92Kb lim: 4096 exec/s: 55736 rss: 548Mb L: 1573/3785 MS: 2 EraseBytes-InsertRepeatedBytes-
#17616674	REDUCE cov: 304 ft: 1040 corp: 377/92Kb lim: 4096 exec/s: 55748 rss: 548Mb L: 88/3785 MS: 1 EraseBytes-
#17619274	REDUCE cov: 304 ft: 1040 corp: 377/92Kb lim: 4096 exec/s: 55757 rss: 548Mb L: 927/3785 MS: 5 InsertByte-ShuffleBytes-InsertByte-ChangeBit-EraseBytes-
#17677240	REDUCE cov: 304 ft: 1040 corp: 377/92Kb lim: 4096 exec/s: 55764 rss: 548Mb L: 44/3785 MS: 1 EraseBytes-
#17677991	REDUCE cov: 304 ft: 1040 corp: 377/92Kb lim: 4096 exec/s: 55766 rss: 548Mb L: 3763/3763 MS: 1 EraseBytes-
#17688756	REDUCE cov: 304 ft: 1040 corp: 377/92Kb lim: 4096 exec/s: 55800 rss: 548Mb L: 89/3763 MS: 5 ShuffleBytes-EraseBytes-InsertByte-InsertByte-InsertRepeatedBytes-
#17703207	REDUCE cov: 304 ft: 1040 corp: 377/92Kb lim: 4096 exec/s: 55846 rss: 548Mb L: 626/3763 MS: 1 EraseBytes-
#17728849	REDUCE cov: 304 ft: 1040 corp: 377/92Kb lim: 4096 exec/s: 55751 rss: 548Mb L: 294/3763 MS: 2 ChangeBit-EraseBytes-
#17743930	REDUCE cov: 304 ft: 1040 corp: 377/92Kb lim: 4096 exec/s: 55798 rss: 548Mb L: 882/3763 MS: 1 EraseBytes-
#17767796	REDUCE cov: 304 ft: 1040 corp: 377/92Kb lim: 4096 exec/s: 55873 rss: 548Mb L: 908/3763 MS: 1 EraseBytes-
#17784902	REDUCE cov: 304 ft: 1040 corp: 377/92Kb lim: 4096 exec/s: 55752 rss: 548Mb L: 25/3763 MS: 1 EraseBytes-
#17822339	REDUCE cov: 304 ft: 1040 corp: 377/92Kb lim: 4096 exec/s: 55869 rss: 548Mb L: 590/3763 MS: 2 ShuffleBytes-EraseBytes-
#17830595	REDUCE cov: 304 ft: 1040 corp: 377/92Kb lim: 4096 exec/s: 55720 rss: 548Mb L: 1479/3763 MS: 1 EraseBytes-
#17863947	REDUCE cov: 304 ft: 1040 corp: 377/92Kb lim: 4096 exec/s: 55824 rss: 548Mb L: 21/3763 MS: 2 ChangeBit-EraseBytes-
#17866338	REDUCE cov: 304 ft: 1040 corp: 377/92Kb lim: 4096 exec/s: 55832 rss: 548Mb L: 10/3763 MS: 1 EraseBytes-
#17906449	REDUCE cov: 304 ft: 1040 corp: 377/92Kb lim: 4096 exec/s: 55783 rss: 548Mb L: 1165/3763 MS: 1 EraseBytes-
#17936710	REDUCE cov: 304 ft: 1040 corp: 377/92Kb lim: 4096 exec/s: 55704 rss: 548Mb L: 864/3763 MS: 1 EraseBytes-
#17942861	REDUCE cov: 304 ft: 1040 corp: 377/92Kb lim: 4096 exec/s: 55723 rss: 548Mb L: 855/3763 MS: 1 EraseBytes-
#17950908	REDUCE cov: 304 ft: 1040 corp: 377/91Kb lim: 4096 exec/s: 55748 rss: 548Mb L: 1260/3763 MS: 2 ChangeByte-EraseBytes-
#17976504	REDUCE cov: 304 ft: 1040 corp: 377/91Kb lim: 4096 exec/s: 55827 rss: 548Mb L: 1128/3763 MS: 1 EraseBytes-
#17993661	REDUCE cov: 304 ft: 1040 corp: 377/91Kb lim: 4096 exec/s: 55707 rss: 548Mb L: 846/3763 MS: 2 ShuffleBytes-EraseBytes-
#17998047	REDUCE cov: 304 ft: 1040 corp: 377/91Kb lim: 4096 exec/s: 55721 rss: 548Mb L: 935/3763 MS: 1 EraseBytes-
#18005773	REDUCE cov: 304 ft: 1040 corp: 377/91Kb lim: 4096 exec/s: 55745 rss: 548Mb L: 832/3763 MS: 1 EraseBytes-
#18026189	REDUCE cov: 304 ft: 1040 corp: 377/91Kb lim: 4096 exec/s: 55808 rss: 548Mb L: 18/3763 MS: 1 EraseBytes-
#18072535	REDUCE cov: 304 ft: 1040 corp: 377/91Kb lim: 4096 exec/s: 55779 rss: 548Mb L: 57/3763 MS: 1 EraseBytes-
#18097798	REDUCE cov: 304 ft: 1040 corp: 377/91Kb lim: 4096 exec/s: 55685 rss: 548Mb L: 890/3763 MS: 3 ShuffleBytes-ChangeBit-EraseBytes-
#18126720	REDUCE cov: 304 ft: 1040 corp: 377/91Kb lim: 4096 exec/s: 55774 rss: 548Mb L: 1187/3763 MS: 2 EraseBytes-InsertByte-
#18154506	REDUCE cov: 304 ft: 1040 corp: 377/91Kb lim: 4096 exec/s: 55688 rss: 548Mb L: 1248/3763 MS: 1 EraseBytes-
#18188742	REDUCE cov: 304 ft: 1040 corp: 377/91Kb lim: 4096 exec/s: 55793 rss: 548Mb L: 730/3763 MS: 1 EraseBytes-
#18218983	REDUCE cov: 304 ft: 1040 corp: 377/91Kb lim: 4096 exec/s: 55715 rss: 548Mb L: 1242/3763 MS: 1 EraseBytes-
#18261589	REDUCE cov: 304 ft: 1040 corp: 377/91Kb lim: 4096 exec/s: 55675 rss: 548Mb L: 65/3763 MS: 1 EraseBytes-
#18280462	REDUCE cov: 304 ft: 1040 corp: 377/91Kb lim: 4096 exec/s: 55733 rss: 548Mb L: 22/3763 MS: 3 EraseBytes-ChangeBit-ChangeBit-
#18362909	REDUCE cov: 304 ft: 1040 corp: 377/91Kb lim: 4096 exec/s: 55645 rss: 548Mb L: 21/3763 MS: 2 InsertByte-EraseBytes-
#18485065	REDUCE cov: 304 ft: 1040 corp: 377/91Kb lim: 4096 exec/s: 55677 rss: 548Mb L: 586/3763 MS: 1 EraseBytes-
#18563863	REDUCE cov: 304 ft: 1040 corp: 377/91Kb lim: 4096 exec/s: 55747 rss: 548Mb L: 1265/3763 MS: 3 PersAutoDict-EraseBytes-CopyPart- DE: ": "-
#18614374	REDUCE cov: 304 ft: 1040 corp: 377/91Kb lim: 4096 exec/s: 55731 rss: 548Mb L: 1247/3763 MS: 1 EraseBytes-
#18673355	REDUCE cov: 304 ft: 1040 corp: 377/91Kb lim: 4096 exec/s: 55741 rss: 548Mb L: 811/3763 MS: 1 EraseBytes-
#18689012	REDUCE cov: 304 ft: 1040 corp: 377/91Kb lim: 4096 exec/s: 55622 rss: 548Mb L: 1185/3763 MS: 2 CopyPart-EraseBytes-
#18742863	REDUCE cov: 304 ft: 1040 corp: 377/91Kb lim: 4096 exec/s: 55616 rss: 548Mb L: 799/3763 MS: 1 EraseBytes-
#18802275	REDUCE cov: 304 ft: 1040 corp: 377/91Kb lim: 4096 exec/s: 55628 rss: 548Mb L: 48/3763 MS: 2 ChangeASCIIInt-EraseBytes-
#18864017	REDUCE cov: 304 ft: 1040 corp: 377/91Kb lim: 4096 exec/s: 55646 rss: 548Mb L: 28/3763 MS: 2 ChangeBinInt-EraseBytes-
#18921193	REDUCE cov: 304 ft: 1040 corp: 377/91Kb lim: 4096 exec/s: 55650 rss: 548Mb L: 1421/3763 MS: 1 EraseBytes-
#18996239	REDUCE cov: 304 ft: 1040 corp: 377/91Kb lim: 4096 exec/s: 55707 rss: 548Mb L: 53/3763 MS: 1 EraseBytes-
#18997653	REDUCE cov: 304 ft: 1040 corp: 377/91Kb lim: 4096 exec/s: 55711 rss: 548Mb L: 18/3763 MS: 4 InsertByte-EraseBytes-InsertByte-ShuffleBytes-
#19039024	REDUCE cov: 304 ft: 1040 corp: 377/91Kb lim: 4096 exec/s: 55669 rss: 548Mb L: 211/3763 MS: 1 EraseBytes-
#19050912	REDUCE cov: 304 ft: 1040 corp: 377/91Kb lim: 4096 exec/s: 55704 rss: 548Mb L: 696/3763 MS: 3 ChangeBit-InsertRepeatedBytes-EraseBytes-
#19105449	REDUCE cov: 304 ft: 1040 corp: 377/91Kb lim: 4096 exec/s: 55701 rss: 548Mb L: 147/3763 MS: 2 ChangeBit-EraseBytes-
#19145775	REDUCE cov: 304 ft: 1040 corp: 377/91Kb lim: 4096 exec/s: 55656 rss: 548Mb L: 35/3763 MS: 1 EraseBytes-
#19165376	REDUCE cov: 304 ft: 1040 corp: 377/91Kb lim: 4096 exec/s: 55713 rss: 548Mb L: 1214/3763 MS: 1 EraseBytes-
#19242869	REDUCE cov: 304 ft: 1040 corp: 377/91Kb lim: 4096 exec/s: 55615 rss: 548Mb L: 1327/3763 MS: 3 ChangeByte-EraseBytes-CopyPart-
#19325281	REDUCE cov: 304 ft: 1040 corp: 377/91Kb lim: 4096 exec/s: 55692 rss: 548Mb L: 784/3763 MS: 2 ShuffleBytes-EraseBytes-
#19330242	REDUCE cov: 304 ft: 1040 corp: 377/91Kb lim: 4096 exec/s: 55706 rss: 548Mb L: 1044/3763 MS: 1 EraseBytes-
#19337334	REDUCE cov: 304 ft: 1040 corp: 377/91Kb lim: 4096 exec/s: 55727 rss: 548Mb L: 1253/3763 MS: 2 ChangeBit-EraseBytes-
#19356832	REDUCE cov: 304 ft: 1040 corp: 377/91Kb lim: 4096 exec/s: 55623 rss: 548Mb L: 62/3763 MS: 3 PersAutoDict-CMP-EraseBytes- DE: "\377\377\377\377\376\377\377\377"-"\000\000\000\010"-
#19387773	REDUCE cov: 304 ft: 1040 corp: 377/91Kb lim: 4096 exec/s: 55711 rss: 548Mb L: 1186/3763 MS: 1 EraseBytes-
#19408384	REDUCE cov: 304 ft: 1040 corp: 377/91Kb lim: 4096 exec/s: 55611 rss: 548Mb L: 56/3763 MS: 1 EraseBytes-
#19427807	REDUCE cov: 304 ft: 1040 corp: 377/91Kb lim: 4096 exec/s: 55667 rss: 548Mb L: 66/3763 MS: 3 InsertRepeatedBytes-ManualDict-EraseBytes- DE: "unknown header flags set"-
#19487118	REDUCE cov: 304 ft: 1040 corp: 377/91Kb lim: 4096 exec/s: 55677 rss: 548Mb L: 798/3763 MS: 1 EraseBytes-
#19491994	REDUCE cov: 304 ft: 1040 corp: 377/91Kb lim: 4096 exec/s: 55691 rss: 548Mb L: 1240/3763 MS: 1 EraseBytes-
#19523925	REDUCE cov: 304 ft: 1040 corp: 377/91Kb lim: 4096 exec/s: 55623 rss: 548Mb L: 701/3763 MS: 1 EraseBytes-
#19570029	REDUCE cov: 304 ft: 1040 corp: 377/91Kb lim: 4096 exec/s: 55596 rss: 548Mb L: 275/3763 MS: 4 ChangeByte-ChangeBit-ChangeByte-EraseBytes-
#19581220	REDUCE cov: 304 ft: 1040 corp: 377/91Kb lim: 4096 exec/s: 55628 rss: 548Mb L: 794/3763 MS: 1 EraseBytes-
#19598174	REDUCE cov: 304 ft: 1040 corp: 377/91Kb lim: 4096 exec/s: 55676 rss: 548Mb L: 6/3763 MS: 4 ChangeBit-EraseBytes-CrossOver-ChangeBit-
#19693150	REDUCE cov: 304 ft: 1040 corp: 377/91Kb lim: 4096 exec/s: 55630 rss: 548Mb L: 1238/3763 MS: 1 EraseBytes-
#19699267	REDUCE cov: 304 ft: 1040 corp: 377/91Kb lim: 4096 exec/s: 55647 rss: 548Mb L: 18/3763 MS: 2 EraseBytes-CrossOver-
#19780808	REDUCE cov: 304 ft: 1040 corp: 377/91Kb lim: 4096 exec/s: 55564 rss: 548Mb L: 281/3763 MS: 1 EraseBytes-
#19806004	REDUCE cov: 304 ft: 1040 corp: 377/91Kb lim: 4096 exec/s: 55634 rss: 548Mb L: 60/3763 MS: 1 EraseBytes-
#19869810	REDUCE cov: 304 ft: 1040 corp: 377/91Kb lim: 4096 exec/s: 55657 rss: 548Mb L: 694/3763 MS: 1 EraseBytes-
#19915656	REDUCE cov: 304 ft: 1040 corp: 377/91Kb lim: 4096 exec/s: 55630 rss: 548Mb L: 1184/3763 MS: 1 EraseBytes-
#19929140	REDUCE cov: 304 ft: 1040 corp: 377/91Kb lim: 4096 exec/s: 55667 rss: 548Mb L: 13/3763 MS: 4 ChangeByte-CrossOver-ChangeASCIIInt-EraseBytes-
#19941647	REDUCE cov: 304 ft: 1040 corp: 377/91Kb lim: 4096 exec/s: 55547 rss: 548Mb L: 29/3763 MS: 2 EraseBytes-ChangeByte-
#19945379	REDUCE cov: 304 ft: 1040 corp: 377/91Kb lim: 4096 exec/s: 55558 rss: 548Mb L: 47/3763 MS: 2 CrossOver-EraseBytes-
#20120160	REDUCE cov: 304 ft: 1040 corp: 377/91Kb lim: 4096 exec/s: 55580 rss: 548Mb L: 208/3763 MS: 1 EraseBytes-
#20120471	REDUCE cov: 304 ft: 1040 corp: 377/91Kb lim: 4096 exec/s: 55581 rss: 548Mb L: 1256/3763 MS: 1 EraseBytes-
#20184647	REDUCE cov: 304 ft: 1040 corp: 377/91Kb lim: 4096 exec/s: 55605 rss: 548Mb L: 779/3763 MS: 1 EraseBytes-
#20206903	REDUCE cov: 304 ft: 1040 corp: 377/91Kb lim: 4096 exec/s: 55666 rss: 548Mb L: 64/3763 MS: 1 EraseBytes-
#20228799	REDUCE cov: 304 ft: 1040 corp: 377/91Kb lim: 4096 exec/s: 55573 rss: 548Mb L: 1175/3763 MS: 1 EraseBytes-
#20230682	REDUCE cov: 304 ft: 1040 corp: 377/91Kb lim: 4096 exec/s: 55578 rss: 548Mb L: 1152/3763 MS: 3 EraseBytes-CopyPart-CopyPart-
#20240556	REDUCE cov: 304 ft: 1040 corp: 377/91Kb lim: 4096 exec/s: 55605 rss: 548Mb L: 8/3763 MS: 4 EraseBytes-InsertByte-EraseBytes-ChangeBit-
#20253792	REDUCE cov: 304 ft: 1040 corp: 377/91Kb lim: 4096 exec/s: 55642 rss: 548Mb L: 920/3763 MS: 1 EraseBytes-
#20323595	REDUCE cov: 304 ft: 1040 corp: 377/91Kb lim: 4096 exec/s: 55528 rss: 548Mb L: 17/3763 MS: 3 ChangeBit-EraseBytes-CopyPart-
#20326792	REDUCE cov: 304 ft: 1040 corp: 377/91Kb lim: 4096 exec/s: 55537 rss: 548Mb L: 1203/3763 MS: 2 ChangeBinInt-EraseBytes-
#20350168	REDUCE cov: 304 ft: 1040 corp: 377/91Kb lim: 4096 exec/s: 55601 rss: 548Mb L: 1205/3763 MS: 1 EraseBytes-
#20378385	REDUCE cov: 304 ft: 1040 corp: 377/91Kb lim: 4096 exec/s: 55376 rss: 548Mb L: 7/3763 MS: 2 ChangeBinInt-EraseBytes-
#20389418	REDUCE cov: 304 ft: 1040 corp: 377/91Kb lim: 4096 exec/s: 55406 rss: 548Mb L: 584/3763 MS: 3 ChangeBit-ChangeBinInt-EraseBytes-
#20411379	REDUCE cov: 304 ft: 1040 corp: 377/91Kb lim: 4096 exec/s: 55465 rss: 548Mb L: 773/3763 MS: 1 EraseBytes-
#20415131	REDUCE cov: 304 ft: 1040 corp: 377/91Kb lim: 4096 exec/s: 55475 rss: 548Mb L: 25/3763 MS: 2 ChangeByte-EraseBytes-
#20425977	REDUCE cov: 304 ft: 1040 corp: 377/91Kb lim: 4096 exec/s: 55505 rss: 548Mb L: 1184/3763 MS: 1 EraseBytes-
#20431878	REDUCE cov: 304 ft: 1040 corp: 377/91Kb lim: 4096 exec/s: 55370 rss: 548Mb L: 6/3763 MS: 1 EraseBytes-
#20438084	REDUCE cov: 304 ft: 1040 corp: 377/91Kb lim: 4096 exec/s: 55387 rss: 548Mb L: 5/3763 MS: 1 EraseBytes-
#20452965	REDUCE cov: 304 ft: 1040 corp: 377/91Kb lim: 4096 exec/s: 55428 rss: 548Mb L: 63/3763 MS: 1 EraseBytes-
#20480086	REDUCE cov: 304 ft: 1040 corp: 377/91Kb lim: 4096 exec/s: 55501 rss: 548Mb L: 1174/3763 MS: 1 EraseBytes-
#20541189	REDUCE cov: 304 ft: 1040 corp: 377/91Kb lim: 4096 exec/s: 55367 rss: 548Mb L: 781/3763 MS: 3 ChangeByte-InsertByte-EraseBytes-
#20599346	REDUCE cov: 304 ft: 1040 corp: 377/91Kb lim: 4096 exec/s: 55374 rss: 548Mb L: 1472/3763 MS: 2 ChangeByte-EraseBytes-
#20628407	REDUCE cov: 304 ft: 1040 corp: 377/91Kb lim: 4096 exec/s: 55452 rss: 548Mb L: 3748/3748 MS: 1 EraseBytes-
#20632819	REDUCE cov: 304 ft: 1040 corp: 377/91Kb lim: 4096 exec/s: 55464 rss: 548Mb L: 865/3748 MS: 2 ManualDict-EraseBytes- DE: "+r"-
#20664965	REDUCE cov: 304 ft: 1040 corp: 377/91Kb lim: 4096 exec/s: 55402 rss: 548Mb L: 575/3748 MS: 1 EraseBytes-
#20684521	REDUCE cov: 304 ft: 1040 corp: 377/91Kb lim: 4096 exec/s: 55454 rss: 548Mb L: 1572/3748 MS: 1 EraseBytes-
#20743493	REDUCE cov: 304 ft: 1040 corp: 377/91Kb lim: 4096 exec/s: 55463 rss: 548Mb L: 92/3748 MS: 2 EraseBytes-ChangeByte-
#20744774	REDUCE cov: 304 ft: 1040 corp: 377/91Kb lim: 4096 exec/s: 55467 rss: 548Mb L: 55/3748 MS: 1 EraseBytes-
#20762285	REDUCE cov: 304 ft: 1040 corp: 377/91Kb lim: 4096 exec/s: 55366 rss: 548Mb L: 1241/3748 MS: 1 EraseBytes-
#20782772	REDUCE cov: 304 ft: 1040 corp: 377/91Kb lim: 4096 exec/s: 55420 rss: 548Mb L: 151/3748 MS: 2 ChangeBinInt-EraseBytes-
#20788740	REDUCE cov: 304 ft: 1040 corp: 377/91Kb lim: 4096 exec/s: 55436 rss: 548Mb L: 859/3748 MS: 3 ChangeBit-ShuffleBytes-EraseBytes-
#20803911	REDUCE cov: 304 ft: 1040 corp: 377/91Kb lim: 4096 exec/s: 55477 rss: 548Mb L: 768/3748 MS: 1 EraseBytes-
#20833492	REDUCE cov: 304 ft: 1040 corp: 377/91Kb lim: 4096 exec/s: 55408 rss: 548Mb L: 17/3748 MS: 1 EraseBytes-
#20865278	REDUCE cov: 304 ft: 1040 corp: 377/91Kb lim: 4096 exec/s: 55345 rss: 548Mb L: 769/3748 MS: 1 EraseBytes-
#20866124	REDUCE cov: 304 ft: 1040 corp: 377/91Kb lim: 4096 exec/s: 55347 rss: 548Mb L: 1383/3748 MS: 1 EraseBytes-
#20914700	REDUCE cov: 304 ft: 1040 corp: 377/91Kb lim: 4096 exec/s: 55476 rss: 548Mb L: 51/3748 MS: 1 EraseBytes-
#20947266	REDUCE cov: 304 ft: 1040 corp: 377/91Kb lim: 4096 exec/s: 55416 rss: 548Mb L: 62/3748 MS: 1 EraseBytes-
#20956187	REDUCE cov: 304 ft: 1040 corp: 377/91Kb lim: 4096 exec/s: 55439 rss: 548Mb L: 112/3748 MS: 1 EraseBytes-
#21002363	REDUCE cov: 304 ft: 1040 corp: 377/91Kb lim: 4096 exec/s: 55415 rss: 548Mb L: 756/3748 MS: 1 EraseBytes-
#21026715	REDUCE cov: 304 ft: 1041 corp: 378/95Kb lim: 4096 exec/s: 55333 rss: 548Mb L: 4067/4067 MS: 2 ChangeBinInt-CopyPart-
#21040241	REDUCE cov: 304 ft: 1041 corp: 378/95Kb lim: 4096 exec/s: 55369 rss: 548Mb L: 1458/4067 MS: 1 EraseBytes-
#21045192	REDUCE cov: 304 ft: 1041 corp: 378/95Kb lim: 4096 exec/s: 55382 rss: 548Mb L: 750/4067 MS: 1 EraseBytes-
#21113734	REDUCE cov: 304 ft: 1041 corp: 378/95Kb lim: 4096 exec/s: 55416 rss: 548Mb L: 9/4067 MS: 2 EraseBytes-InsertByte-
#21115285	REDUCE cov: 304 ft: 1041 corp: 378/95Kb lim: 4096 exec/s: 55420 rss: 548Mb L: 1455/4067 MS: 1 EraseBytes-
#21126011	REDUCE cov: 304 ft: 1041 corp: 378/95Kb lim: 4096 exec/s: 55448 rss: 548Mb L: 730/4067 MS: 1 EraseBytes-
#21182727	REDUCE cov: 304 ft: 1041 corp: 378/95Kb lim: 4096 exec/s: 55452 rss: 548Mb L: 46/4067 MS: 1 EraseBytes-
#21195855	REDUCE cov: 304 ft: 1041 corp: 378/95Kb lim: 4096 exec/s: 55341 rss: 548Mb L: 1083/4067 MS: 3 ChangeBit-ShuffleBytes-EraseBytes-
#21203583	REDUCE cov: 304 ft: 1041 corp: 378/95Kb lim: 4096 exec/s: 55361 rss: 548Mb L: 32/4067 MS: 3 CopyPart-EraseBytes-ChangeBit-
#21209784	REDUCE cov: 304 ft: 1041 corp: 378/95Kb lim: 4096 exec/s: 55378 rss: 548Mb L: 1205/4067 MS: 1 EraseBytes-
#21214815	REDUCE cov: 304 ft: 1041 corp: 378/95Kb lim: 4096 exec/s: 55391 rss: 548Mb L: 573/4067 MS: 1 EraseBytes-
#21238821	REDUCE cov: 304 ft: 1041 corp: 378/95Kb lim: 4096 exec/s: 55453 rss: 548Mb L: 698/4067 MS: 1 EraseBytes-
#21257080	REDUCE cov: 304 ft: 1041 corp: 378/95Kb lim: 4096 exec/s: 55356 rss: 548Mb L: 19/4067 MS: 4 ChangeByte-CrossOver-CopyPart-EraseBytes-
#21297156	REDUCE cov: 304 ft: 1041 corp: 378/95Kb lim: 4096 exec/s: 55317 rss: 548Mb L: 15/4067 MS: 1 EraseBytes-
#21297927	REDUCE cov: 304 ft: 1041 corp: 378/95Kb lim: 4096 exec/s: 55319 rss: 548Mb L: 16/4067 MS: 1 EraseBytes-
#21309164	REDUCE cov: 304 ft: 1041 corp: 378/95Kb lim: 4096 exec/s: 55348 rss: 548Mb L: 87/4067 MS: 2 ChangeBinInt-EraseBytes-
#21336581	REDUCE cov: 304 ft: 1041 corp: 378/95Kb lim: 4096 exec/s: 55419 rss: 548Mb L: 1162/4067 MS: 2 EraseBytes-ChangeASCIIInt-
#21386152	REDUCE cov: 304 ft: 1041 corp: 378/95Kb lim: 4096 exec/s: 55404 rss: 548Mb L: 722/4067 MS: 1 EraseBytes-
#21390354	REDUCE cov: 304 ft: 1041 corp: 378/95Kb lim: 4096 exec/s: 55415 rss: 548Mb L: 80/4067 MS: 2 ShuffleBytes-EraseBytes-
#21412190	REDUCE cov: 304 ft: 1041 corp: 378/95Kb lim: 4096 exec/s: 55328 rss: 548Mb L: 14/4067 MS: 1 EraseBytes-
#21504946	REDUCE cov: 304 ft: 1041 corp: 378/95Kb lim: 4096 exec/s: 55425 rss: 548Mb L: 292/4067 MS: 1 EraseBytes-
#21530857	REDUCE cov: 304 ft: 1041 corp: 378/95Kb lim: 4096 exec/s: 55349 rss: 548Mb L: 12/4067 MS: 1 EraseBytes-
#21552598	REDUCE cov: 304 ft: 1041 corp: 378/95Kb lim: 4096 exec/s: 55405 rss: 548Mb L: 569/4067 MS: 1 EraseBytes-
#21596426	REDUCE cov: 304 ft: 1041 corp: 378/95Kb lim: 4096 exec/s: 55375 rss: 548Mb L: 291/4067 MS: 3 ShuffleBytes-ChangeBinInt-EraseBytes-
#21597227	REDUCE cov: 304 ft: 1041 corp: 378/95Kb lim: 4096 exec/s: 55377 rss: 548Mb L: 727/4067 MS: 1 EraseBytes-
#21638880	REDUCE cov: 304 ft: 1041 corp: 378/95Kb lim: 4096 exec/s: 55342 rss: 548Mb L: 3743/4067 MS: 3 ChangeBinInt-ChangeBinInt-EraseBytes-
#21676926	REDUCE cov: 304 ft: 1041 corp: 378/95Kb lim: 4096 exec/s: 55298 rss: 548Mb L: 1175/4067 MS: 1 EraseBytes-
#21705323	REDUCE cov: 304 ft: 1041 corp: 378/95Kb lim: 4096 exec/s: 55370 rss: 548Mb L: 1142/4067 MS: 2 ChangeBit-EraseBytes-
#21755029	REDUCE cov: 304 ft: 1041 corp: 378/95Kb lim: 4096 exec/s: 55356 rss: 548Mb L: 719/4067 MS: 1 EraseBytes-
#21777401	REDUCE cov: 304 ft: 1041 corp: 378/95Kb lim: 4096 exec/s: 55413 rss: 548Mb L: 1246/4067 MS: 2 InsertByte-EraseBytes-
#21813207	REDUCE cov: 304 ft: 1041 corp: 378/95Kb lim: 4096 exec/s: 55363 rss: 548Mb L: 80/4067 MS: 1 EraseBytes-
#21978013	REDUCE cov: 304 ft: 1041 corp: 378/95Kb lim: 4096 exec/s: 55360 rss: 548Mb L: 715/4067 MS: 1 EraseBytes-
#22030320	REDUCE cov: 304 ft: 1041 corp: 378/95Kb lim: 4096 exec/s: 55352 rss: 548Mb L: 142/4067 MS: 2 CrossOver-EraseBytes-
#22102786	REDUCE cov: 304 ft: 1041 corp: 378/95Kb lim: 4096 exec/s: 55256 rss: 548Mb L: 1420/4067 MS: 1 EraseBytes-
#22143223	REDUCE cov: 304 ft: 1041 corp: 378/95Kb lim: 4096 exec/s: 55358 rss: 548Mb L: 17/4067 MS: 2 EraseBytes-ChangeBinInt-
#22145295	REDUCE cov: 304 ft: 1041 corp: 378/95Kb lim: 4096 exec/s: 55363 rss: 548Mb L: 1560/4067 MS: 2 ShuffleBytes-EraseBytes-
#22169477	REDUCE cov: 304 ft: 1041 corp: 378/95Kb lim: 4096 exec/s: 55285 rss: 548Mb L: 1209/4067 MS: 2 ShuffleBytes-EraseBytes-
#22228849	REDUCE cov: 304 ft: 1041 corp: 378/95Kb lim: 4096 exec/s: 55295 rss: 548Mb L: 14/4067 MS: 2 EraseBytes-ChangeByte-
#22276450	REDUCE cov: 304 ft: 1041 corp: 378/95Kb lim: 4096 exec/s: 55276 rss: 548Mb L: 1237/4067 MS: 1 EraseBytes-
#22321968	REDUCE cov: 304 ft: 1041 corp: 378/95Kb lim: 4096 exec/s: 55252 rss: 548Mb L: 19/4067 MS: 3 CopyPart-EraseBytes-ChangeBit-
#22377789	REDUCE cov: 304 ft: 1041 corp: 378/95Kb lim: 4096 exec/s: 55253 rss: 548Mb L: 1211/4067 MS: 1 EraseBytes-
#22516045	REDUCE cov: 304 ft: 1041 corp: 378/95Kb lim: 4096 exec/s: 55321 rss: 548Mb L: 1438/4067 MS: 1 CrossOver-
#22614907	REDUCE cov: 304 ft: 1041 corp: 378/95Kb lim: 4096 exec/s: 55293 rss: 548Mb L: 707/4067 MS: 2 ChangeASCIIInt-EraseBytes-
#22663123	REDUCE cov: 304 ft: 1041 corp: 378/95Kb lim: 4096 exec/s: 55275 rss: 548Mb L: 283/4067 MS: 1 EraseBytes-
#22735234	REDUCE cov: 304 ft: 1041 corp: 378/95Kb lim: 4096 exec/s: 55316 rss: 548Mb L: 1299/4067 MS: 1 EraseBytes-
#22744300	REDUCE cov: 304 ft: 1041 corp: 378/95Kb lim: 4096 exec/s: 55338 rss: 548Mb L: 1409/4067 MS: 1 EraseBytes-
#22785402	REDUCE cov: 304 ft: 1041 corp: 378/95Kb lim: 4096 exec/s: 55304 rss: 548Mb L: 1227/4067 MS: 2 EraseBytes-ChangeBinInt-
#22866263	REDUCE cov: 304 ft: 1041 corp: 378/95Kb lim: 4096 exec/s: 55232 rss: 548Mb L: 1434/4067 MS: 1 EraseBytes-
#22880295	REDUCE cov: 304 ft: 1041 corp: 378/95Kb lim: 4096 exec/s: 55266 rss: 548Mb L: 17/4067 MS: 2 ChangeBinInt-EraseBytes-
#22951247	REDUCE cov: 304 ft: 1041 corp: 378/95Kb lim: 4096 exec/s: 55304 rss: 548Mb L: 51/4067 MS: 2 EraseBytes-InsertByte-
#22992401	REDUCE cov: 304 ft: 1041 corp: 378/95Kb lim: 4096 exec/s: 55270 rss: 548Mb L: 274/4067 MS: 4 CMP-CopyPart-ShuffleBytes-EraseBytes- DE: "C?\000\000"-
#23014477	REDUCE cov: 304 ft: 1041 corp: 378/95Kb lim: 4096 exec/s: 55323 rss: 548Mb L: 137/4067 MS: 1 EraseBytes-
#23046363	REDUCE cov: 304 ft: 1041 corp: 378/95Kb lim: 4096 exec/s: 55267 rss: 548Mb L: 271/4067 MS: 1 EraseBytes-
#23079571	REDUCE cov: 304 ft: 1041 corp: 378/95Kb lim: 4096 exec/s: 55214 rss: 548Mb L: 687/4067 MS: 3 InsertByte-ChangeBinInt-EraseBytes-
#23084232	REDUCE cov: 304 ft: 1041 corp: 378/95Kb lim: 4096 exec/s: 55225 rss: 548Mb L: 61/4067 MS: 1 EraseBytes-
#23085758	REDUCE cov: 304 ft: 1041 corp: 378/94Kb lim: 4096 exec/s: 55229 rss: 548Mb L: 1427/4067 MS: 1 EraseBytes-
#23114790	REDUCE cov: 304 ft: 1041 corp: 378/94Kb lim: 4096 exec/s: 55298 rss: 548Mb L: 1214/4067 MS: 2 ShuffleBytes-EraseBytes-
#23120701	REDUCE cov: 304 ft: 1041 corp: 378/94Kb lim: 4096 exec/s: 55312 rss: 548Mb L: 1407/4067 MS: 1 EraseBytes-
#23161533	REDUCE cov: 304 ft: 1041 corp: 378/94Kb lim: 4096 exec/s: 55278 rss: 548Mb L: 622/4067 MS: 2 ShuffleBytes-EraseBytes-
#23178009	REDUCE cov: 304 ft: 1041 corp: 378/94Kb lim: 4096 exec/s: 55317 rss: 548Mb L: 45/4067 MS: 1 EraseBytes-
#23186317	REDUCE cov: 304 ft: 1041 corp: 378/94Kb lim: 4096 exec/s: 55205 rss: 548Mb L: 1548/4067 MS: 3 ChangeBinInt-ShuffleBytes-EraseBytes-
#23319459	REDUCE cov: 304 ft: 1041 corp: 378/94Kb lim: 4096 exec/s: 55259 rss: 548Mb L: 1408/4067 MS: 2 EraseBytes-InsertByte-
#23320677	REDUCE cov: 304 ft: 1041 corp: 378/94Kb lim: 4096 exec/s: 55262 rss: 548Mb L: 685/4067 MS: 3 ChangeByte-EraseBytes-CopyPart-
#23324173	REDUCE cov: 304 ft: 1041 corp: 378/94Kb lim: 4096 exec/s: 55270 rss: 548Mb L: 1242/4067 MS: 1 EraseBytes-
#23363518	REDUCE cov: 304 ft: 1041 corp: 378/94Kb lim: 4096 exec/s: 55232 rss: 548Mb L: 12/4067 MS: 5 CopyPart-ChangeByte-ChangeByte-InsertByte-EraseBytes-
#23421584	REDUCE cov: 304 ft: 1041 corp: 378/94Kb lim: 4096 exec/s: 55239 rss: 548Mb L: 1432/4067 MS: 1 EraseBytes-
#23440616	REDUCE cov: 304 ft: 1041 corp: 378/94Kb lim: 4096 exec/s: 55284 rss: 548Mb L: 285/4067 MS: 2 CopyPart-EraseBytes-
#23492844	REDUCE cov: 304 ft: 1041 corp: 378/94Kb lim: 4096 exec/s: 55277 rss: 548Mb L: 556/4067 MS: 3 ChangeByte-ChangeBinInt-EraseBytes-
#23569460	REDUCE cov: 304 ft: 1041 corp: 378/94Kb lim: 4096 exec/s: 55197 rss: 548Mb L: 1544/4067 MS: 1 EraseBytes-
#23577261	REDUCE cov: 304 ft: 1041 corp: 378/94Kb lim: 4096 exec/s: 55216 rss: 548Mb L: 620/4067 MS: 1 EraseBytes-
#23578507	REDUCE cov: 304 ft: 1041 corp: 378/94Kb lim: 4096 exec/s: 55218 rss: 548Mb L: 552/4067 MS: 1 EraseBytes-
#23826183	REDUCE cov: 304 ft: 1041 corp: 378/94Kb lim: 4096 exec/s: 55281 rss: 548Mb L: 44/4067 MS: 1 EraseBytes-
#23869305	REDUCE cov: 304 ft: 1041 corp: 378/94Kb lim: 4096 exec/s: 55253 rss: 548Mb L: 1180/4067 MS: 2 ChangeASCIIInt-EraseBytes-
#23877961	REDUCE cov: 304 ft: 1041 corp: 378/94Kb lim: 4096 exec/s: 55273 rss: 548Mb L: 670/4067 MS: 1 EraseBytes-
#23914872	REDUCE cov: 304 ft: 1041 corp: 378/94Kb lim: 4096 exec/s: 55230 rss: 548Mb L: 1239/4067 MS: 1 EraseBytes-
#23984989	REDUCE cov: 304 ft: 1041 corp: 378/94Kb lim: 4096 exec/s: 55264 rss: 548Mb L: 53/4067 MS: 2 PersAutoDict-EraseBytes- DE: "\001\010"-
#23985720	REDUCE cov: 304 ft: 1041 corp: 378/94Kb lim: 4096 exec/s: 55266 rss: 548Mb L: 694/4067 MS: 1 EraseBytes-
#24007043	REDUCE cov: 304 ft: 1041 corp: 378/94Kb lim: 4096 exec/s: 55188 rss: 548Mb L: 56/4067 MS: 3 ChangeByte-ShuffleBytes-EraseBytes-
#24083304	REDUCE cov: 304 ft: 1041 corp: 378/94Kb lim: 4096 exec/s: 55236 rss: 548Mb L: 1114/4067 MS: 1 EraseBytes-
#24093111	REDUCE cov: 304 ft: 1041 corp: 378/94Kb lim: 4096 exec/s: 55259 rss: 548Mb L: 132/4067 MS: 2 InsertByte-EraseBytes-
#24155212	REDUCE cov: 304 ft: 1041 corp: 378/94Kb lim: 4096 exec/s: 55148 rss: 548Mb L: 1276/4067 MS: 1 EraseBytes-
#24173278	REDUCE cov: 304 ft: 1041 corp: 378/94Kb lim: 4096 exec/s: 55190 rss: 548Mb L: 1081/4067 MS: 1 EraseBytes-
#24179479	REDUCE cov: 304 ft: 1041 corp: 378/94Kb lim: 4096 exec/s: 55204 rss: 548Mb L: 4018/4018 MS: 1 EraseBytes-
#24228855	REDUCE cov: 304 ft: 1041 corp: 378/94Kb lim: 4096 exec/s: 55191 rss: 548Mb L: 86/4018 MS: 1 EraseBytes-
#24284391	REDUCE cov: 304 ft: 1041 corp: 378/94Kb lim: 4096 exec/s: 55191 rss: 548Mb L: 567/4018 MS: 1 EraseBytes-
#24295187	REDUCE cov: 304 ft: 1041 corp: 378/94Kb lim: 4096 exec/s: 55216 rss: 548Mb L: 129/4018 MS: 1 EraseBytes-
#24311344	REDUCE cov: 304 ft: 1041 corp: 378/94Kb lim: 4096 exec/s: 55253 rss: 548Mb L: 1211/4018 MS: 2 ChangeBit-EraseBytes-
#24345160	REDUCE cov: 304 ft: 1041 corp: 378/94Kb lim: 4096 exec/s: 55204 rss: 548Mb L: 52/4018 MS: 1 EraseBytes-
#24386921	REDUCE cov: 304 ft: 1041 corp: 378/94Kb lim: 4096 exec/s: 55174 rss: 548Mb L: 191/4018 MS: 1 EraseBytes-
#24429827	REDUCE cov: 304 ft: 1041 corp: 378/94Kb lim: 4096 exec/s: 55146 rss: 548Mb L: 174/4018 MS: 1 EraseBytes-
#24565848	REDUCE cov: 304 ft: 1041 corp: 378/94Kb lim: 4096 exec/s: 55204 rss: 548Mb L: 3738/4018 MS: 1 EraseBytes-
#24586654	REDUCE cov: 304 ft: 1041 corp: 378/94Kb lim: 4096 exec/s: 55127 rss: 548Mb L: 1210/4018 MS: 1 EraseBytes-
#24639859	REDUCE cov: 304 ft: 1041 corp: 378/94Kb lim: 4096 exec/s: 55122 rss: 548Mb L: 553/4018 MS: 5 InsertRepeatedBytes-ManualDict-EraseBytes-ShuffleBytes-EraseBytes- DE: "   {"-
#24729005	REDUCE cov: 304 ft: 1041 corp: 378/94Kb lim: 4096 exec/s: 55198 rss: 548Mb L: 4003/4003 MS: 1 EraseBytes-
#24812811	REDUCE cov: 304 ft: 1041 corp: 378/94Kb lim: 4096 exec/s: 55139 rss: 548Mb L: 109/4003 MS: 1 EraseBytes-
#24861232	REDUCE cov: 304 ft: 1041 corp: 378/94Kb lim: 4096 exec/s: 55124 rss: 548Mb L: 1183/4003 MS: 1 EraseBytes-
#24876538	REDUCE cov: 304 ft: 1041 corp: 378/94Kb lim: 4096 exec/s: 55158 rss: 548Mb L: 551/4003 MS: 1 EraseBytes-
#24883714	REDUCE cov: 304 ft: 1041 corp: 378/94Kb lim: 4096 exec/s: 55174 rss: 548Mb L: 1182/4003 MS: 1 EraseBytes-
#24982205	REDUCE cov: 304 ft: 1041 corp: 378/94Kb lim: 4096 exec/s: 55148 rss: 548Mb L: 51/4003 MS: 1 EraseBytes-
#25009511	REDUCE cov: 304 ft: 1041 corp: 378/94Kb lim: 4096 exec/s: 55087 rss: 548Mb L: 73/4003 MS: 1 EraseBytes-
#25043172	REDUCE cov: 304 ft: 1041 corp: 378/94Kb lim: 4096 exec/s: 55161 rss: 548Mb L: 1430/4003 MS: 1 EraseBytes-
#25068215	REDUCE cov: 304 ft: 1041 corp: 378/94Kb lim: 4096 exec/s: 55094 rss: 548Mb L: 1233/4003 MS: 3 ChangeByte-ShuffleBytes-EraseBytes-
#25071735	REDUCE cov: 304 ft: 1041 corp: 378/94Kb lim: 4096 exec/s: 55102 rss: 548Mb L: 57/4003 MS: 5 ChangeByte-CrossOver-EraseBytes-ChangeByte-ChangeBit-
#25139117	REDUCE cov: 304 ft: 1041 corp: 378/94Kb lim: 4096 exec/s: 55009 rss: 548Mb L: 1177/4003 MS: 2 EraseBytes-CopyPart-
#25283439	REDUCE cov: 304 ft: 1041 corp: 378/94Kb lim: 4096 exec/s: 55083 rss: 548Mb L: 316/4003 MS: 2 ShuffleBytes-EraseBytes-
#25379526	REDUCE cov: 304 ft: 1041 corp: 378/94Kb lim: 4096 exec/s: 55053 rss: 548Mb L: 234/4003 MS: 2 EraseBytes-CopyPart-
#25480292	REDUCE cov: 304 ft: 1041 corp: 378/94Kb lim: 4096 exec/s: 55033 rss: 548Mb L: 1418/4003 MS: 1 EraseBytes-
#25505715	REDUCE cov: 304 ft: 1041 corp: 378/94Kb lim: 4096 exec/s: 54969 rss: 548Mb L: 7/4003 MS: 3 CopyPart-EraseBytes-ChangeByte-
#25507991	REDUCE cov: 304 ft: 1041 corp: 378/94Kb lim: 4096 exec/s: 54974 rss: 548Mb L: 48/4003 MS: 1 EraseBytes-
#25613812	REDUCE cov: 304 ft: 1041 corp: 378/94Kb lim: 4096 exec/s: 54965 rss: 548Mb L: 853/4003 MS: 1 EraseBytes-
#25786803	REDUCE cov: 304 ft: 1041 corp: 378/94Kb lim: 4096 exec/s: 54982 rss: 548Mb L: 1426/4003 MS: 1 EraseBytes-
#25799585	REDUCE cov: 304 ft: 1041 corp: 378/94Kb lim: 4096 exec/s: 55009 rss: 548Mb L: 15/4003 MS: 2 CopyPart-EraseBytes-
#25928421	REDUCE cov: 304 ft: 1041 corp: 378/94Kb lim: 4096 exec/s: 55049 rss: 548Mb L: 82/4003 MS: 1 EraseBytes-
#25981173	REDUCE cov: 304 ft: 1041 corp: 378/94Kb lim: 4096 exec/s: 55044 rss: 548Mb L: 49/4003 MS: 2 ChangeBit-EraseBytes-
#26115274	REDUCE cov: 304 ft: 1041 corp: 378/94Kb lim: 4096 exec/s: 54979 rss: 548Mb L: 9/4003 MS: 1 EraseBytes-
#26199401	REDUCE cov: 304 ft: 1041 corp: 378/94Kb lim: 4096 exec/s: 55040 rss: 548Mb L: 1259/4003 MS: 2 ChangeBit-CrossOver-
#26328163	REDUCE cov: 304 ft: 1041 corp: 378/94Kb lim: 4096 exec/s: 54964 rss: 548Mb L: 6/4003 MS: 2 EraseBytes-ChangeBit-
#26381019	REDUCE cov: 304 ft: 1041 corp: 378/94Kb lim: 4096 exec/s: 54960 rss: 548Mb L: 128/4003 MS: 1 EraseBytes-
#26480630	REDUCE cov: 304 ft: 1041 corp: 378/94Kb lim: 4096 exec/s: 54939 rss: 548Mb L: 1141/4003 MS: 1 EraseBytes-
#26568236	REDUCE cov: 304 ft: 1041 corp: 378/94Kb lim: 4096 exec/s: 55006 rss: 548Mb L: 78/4003 MS: 1 EraseBytes-
#26604597	REDUCE cov: 304 ft: 1041 corp: 378/94Kb lim: 4096 exec/s: 54968 rss: 548Mb L: 1164/4003 MS: 1 EraseBytes-
#26621699	REDUCE cov: 304 ft: 1041 corp: 378/94Kb lim: 4096 exec/s: 55003 rss: 548Mb L: 126/4003 MS: 2 ChangeByte-EraseBytes-
#26641560	REDUCE cov: 304 ft: 1041 corp: 378/94Kb lim: 4096 exec/s: 55044 rss: 548Mb L: 565/4003 MS: 1 EraseBytes-
#26723282	REDUCE cov: 304 ft: 1041 corp: 378/94Kb lim: 4096 exec/s: 54986 rss: 548Mb L: 54/4003 MS: 2 EraseBytes-ChangeByte-
#26760808	REDUCE cov: 304 ft: 1041 corp: 378/94Kb lim: 4096 exec/s: 54950 rss: 548Mb L: 1173/4003 MS: 1 EraseBytes-
#26765719	REDUCE cov: 304 ft: 1041 corp: 378/94Kb lim: 4096 exec/s: 54960 rss: 548Mb L: 844/4003 MS: 1 EraseBytes-
#26881207	REDUCE cov: 304 ft: 1041 corp: 378/94Kb lim: 4096 exec/s: 54971 rss: 548Mb L: 1406/4003 MS: 3 ChangeBinInt-ChangeBinInt-EraseBytes-
#26905399	REDUCE cov: 304 ft: 1041 corp: 378/94Kb lim: 4096 exec/s: 55021 rss: 548Mb L: 54/4003 MS: 2 ChangeBinInt-EraseBytes-
#26933601	REDUCE cov: 304 ft: 1041 corp: 378/94Kb lim: 4096 exec/s: 54966 rss: 548Mb L: 26/4003 MS: 2 ChangeBinInt-EraseBytes-
#27080598	REDUCE cov: 304 ft: 1041 corp: 378/94Kb lim: 4096 exec/s: 54930 rss: 548Mb L: 100/4003 MS: 2 EraseBytes-InsertByte-
#27100670	REDUCE cov: 304 ft: 1041 corp: 378/94Kb lim: 4096 exec/s: 54970 rss: 548Mb L: 31/4003 MS: 2 InsertByte-EraseBytes-
#27137946	REDUCE cov: 304 ft: 1041 corp: 378/94Kb lim: 4096 exec/s: 54935 rss: 548Mb L: 312/4003 MS: 1 EraseBytes-
#27206373	REDUCE cov: 304 ft: 1041 corp: 378/94Kb lim: 4096 exec/s: 54962 rss: 548Mb L: 1147/4003 MS: 2 InsertByte-EraseBytes-
#27211405	REDUCE cov: 304 ft: 1041 corp: 378/94Kb lim: 4096 exec/s: 54972 rss: 548Mb L: 1165/4003 MS: 2 ShuffleBytes-EraseBytes-
#27260881	REDUCE cov: 304 ft: 1041 corp: 378/94Kb lim: 4096 exec/s: 54961 rss: 548Mb L: 52/4003 MS: 1 EraseBytes-
#27494948	REDUCE cov: 304 ft: 1041 corp: 378/94Kb lim: 4096 exec/s: 54989 rss: 548Mb L: 10/4003 MS: 2 ShuffleBytes-EraseBytes-
#27564894	REDUCE cov: 304 ft: 1041 corp: 378/94Kb lim: 4096 exec/s: 54910 rss: 548Mb L: 1543/4003 MS: 1 EraseBytes-
#27661391	REDUCE cov: 304 ft: 1041 corp: 378/94Kb lim: 4096 exec/s: 54992 rss: 548Mb L: 290/4003 MS: 2 ShuffleBytes-EraseBytes-
#27673543	REDUCE cov: 304 ft: 1041 corp: 378/94Kb lim: 4096 exec/s: 54907 rss: 548Mb L: 15/4003 MS: 2 EraseBytes-InsertByte-
#27785869	REDUCE cov: 304 ft: 1041 corp: 378/94Kb lim: 4096 exec/s: 54912 rss: 548Mb L: 3733/4003 MS: 1 EraseBytes-
#27824386	REDUCE cov: 304 ft: 1041 corp: 378/94Kb lim: 4096 exec/s: 54988 rss: 548Mb L: 28/4003 MS: 2 EraseBytes-ChangeBinInt-
#27881242	REDUCE cov: 304 ft: 1041 corp: 378/94Kb lim: 4096 exec/s: 54992 rss: 548Mb L: 44/4003 MS: 1 EraseBytes-
#27936088	REDUCE cov: 304 ft: 1041 corp: 378/94Kb lim: 4096 exec/s: 54992 rss: 548Mb L: 24/4003 MS: 1 EraseBytes-
#28075054	REDUCE cov: 304 ft: 1041 corp: 378/94Kb lim: 4096 exec/s: 54941 rss: 548Mb L: 1156/4003 MS: 1 EraseBytes-
#28140475	REDUCE cov: 304 ft: 1041 corp: 378/94Kb lim: 4096 exec/s: 54961 rss: 548Mb L: 16/4003 MS: 1 EraseBytes-
#28143876	REDUCE cov: 304 ft: 1041 corp: 378/94Kb lim: 4096 exec/s: 54968 rss: 548Mb L: 25/4003 MS: 1 EraseBytes-
#28146482	REDUCE cov: 304 ft: 1041 corp: 378/94Kb lim: 4096 exec/s: 54973 rss: 548Mb L: 616/4003 MS: 1 EraseBytes-
#28183369	REDUCE cov: 304 ft: 1041 corp: 378/94Kb lim: 4096 exec/s: 54938 rss: 548Mb L: 1415/4003 MS: 2 ChangeBit-EraseBytes-
#28359630	REDUCE cov: 304 ft: 1041 corp: 378/94Kb lim: 4096 exec/s: 54960 rss: 548Mb L: 1398/4003 MS: 1 EraseBytes-
#28415142	REDUCE cov: 304 ft: 1041 corp: 378/94Kb lim: 4096 exec/s: 54961 rss: 548Mb L: 838/4003 MS: 2 EraseBytes-CrossOver-
#28446914	REDUCE cov: 304 ft: 1041 corp: 378/94Kb lim: 4096 exec/s: 54916 rss: 548Mb L: 668/4003 MS: 2 ChangeBinInt-EraseBytes-
#28494827	REDUCE cov: 304 ft: 1041 corp: 378/94Kb lim: 4096 exec/s: 54903 rss: 548Mb L: 189/4003 MS: 3 ShuffleBytes-ChangeBit-EraseBytes-
#28642048	REDUCE cov: 304 ft: 1041 corp: 378/94Kb lim: 4096 exec/s: 54869 rss: 548Mb L: 705/4003 MS: 1 EraseBytes-
#28689344	REDUCE cov: 304 ft: 1041 corp: 378/94Kb lim: 4096 exec/s: 54960 rss: 548Mb L: 416/4003 MS: 1 EraseBytes-
#28700360	REDUCE cov: 304 ft: 1041 corp: 378/94Kb lim: 4096 exec/s: 54876 rss: 548Mb L: 1410/4003 MS: 1 EraseBytes-
#28716827	REDUCE cov: 304 ft: 1041 corp: 378/94Kb lim: 4096 exec/s: 54907 rss: 548Mb L: 1354/4003 MS: 2 CopyPart-EraseBytes-
#28732568	REDUCE cov: 304 ft: 1041 corp: 378/94Kb lim: 4096 exec/s: 54937 rss: 548Mb L: 1255/4003 MS: 1 EraseBytes-
#29074124	REDUCE cov: 304 ft: 1041 corp: 378/94Kb lim: 4096 exec/s: 54856 rss: 548Mb L: 121/4003 MS: 1 EraseBytes-
#29156986	REDUCE cov: 304 ft: 1041 corp: 378/94Kb lim: 4096 exec/s: 54909 rss: 548Mb L: 5/4003 MS: 2 CMP-EraseBytes- DE: "\003\000\000\000"-
#29288238	REDUCE cov: 304 ft: 1041 corp: 378/94Kb lim: 4096 exec/s: 54846 rss: 548Mb L: 1316/4003 MS: 2 EraseBytes-ChangeBit-
#29312829	REDUCE cov: 304 ft: 1041 corp: 378/94Kb lim: 4096 exec/s: 54892 rss: 548Mb L: 43/4003 MS: 1 EraseBytes-
#29373900	REDUCE cov: 304 ft: 1041 corp: 378/94Kb lim: 4096 exec/s: 54904 rss: 548Mb L: 1078/4003 MS: 1 EraseBytes-
#29425871	REDUCE cov: 304 ft: 1041 corp: 378/94Kb lim: 4096 exec/s: 54899 rss: 548Mb L: 42/4003 MS: 1 EraseBytes-
#29455308	REDUCE cov: 304 ft: 1041 corp: 378/94Kb lim: 4096 exec/s: 54851 rss: 548Mb L: 1107/4003 MS: 2 EraseBytes-CrossOver-
#29548939	REDUCE cov: 304 ft: 1041 corp: 378/94Kb lim: 4096 exec/s: 54923 rss: 548Mb L: 1209/4003 MS: 1 EraseBytes-
#29604302	REDUCE cov: 304 ft: 1041 corp: 378/94Kb lim: 4096 exec/s: 54924 rss: 548Mb L: 34/4003 MS: 3 ChangeASCIIInt-PersAutoDict-EraseBytes- DE: ">N"-
#29636183	REDUCE cov: 304 ft: 1041 corp: 378/94Kb lim: 4096 exec/s: 54881 rss: 548Mb L: 838/4003 MS: 1 EraseBytes-
#29645050	REDUCE cov: 304 ft: 1041 corp: 378/94Kb lim: 4096 exec/s: 54898 rss: 548Mb L: 185/4003 MS: 2 CopyPart-EraseBytes-
#29656676	REDUCE cov: 304 ft: 1041 corp: 378/94Kb lim: 4096 exec/s: 54919 rss: 548Mb L: 1542/4003 MS: 1 EraseBytes-
#29673057	REDUCE cov: 304 ft: 1041 corp: 378/94Kb lim: 4096 exec/s: 54848 rss: 548Mb L: 1397/4003 MS: 1 EraseBytes-
#29764780	REDUCE cov: 304 ft: 1041 corp: 378/94Kb lim: 4096 exec/s: 54815 rss: 548Mb L: 1220/4003 MS: 3 CopyPart-EraseBytes-CMP- DE: "\377\377\377\377\376\377\377\377"-
#29868681	REDUCE cov: 304 ft: 1041 corp: 378/94Kb lim: 4096 exec/s: 54905 rss: 548Mb L: 1164/4003 MS: 1 EraseBytes-
#29956933	REDUCE cov: 304 ft: 1041 corp: 378/94Kb lim: 4096 exec/s: 54866 rss: 548Mb L: 41/4003 MS: 2 ShuffleBytes-EraseBytes-
#29973089	REDUCE cov: 304 ft: 1041 corp: 378/94Kb lim: 4096 exec/s: 54895 rss: 548Mb L: 1162/4003 MS: 1 EraseBytes-
#30016146	REDUCE cov: 304 ft: 1041 corp: 378/94Kb lim: 4096 exec/s: 54874 rss: 548Mb L: 27/4003 MS: 2 PersAutoDict-EraseBytes- DE: "\002\000"-
#30096554	REDUCE cov: 304 ft: 1041 corp: 378/94Kb lim: 4096 exec/s: 54820 rss: 548Mb L: 1517/4003 MS: 3 ShuffleBytes-ChangeBit-EraseBytes-
#30151745	REDUCE cov: 304 ft: 1041 corp: 378/94Kb lim: 4096 exec/s: 54821 rss: 548Mb L: 48/4003 MS: 1 EraseBytes-
#30184416	REDUCE cov: 304 ft: 1041 corp: 378/94Kb lim: 4096 exec/s: 54880 rss: 548Mb L: 32/4003 MS: 1 EraseBytes-
#30185502	REDUCE cov: 304 ft: 1041 corp: 378/94Kb lim: 4096 exec/s: 54882 rss: 548Mb L: 1204/4003 MS: 1 EraseBytes-
#30211263	REDUCE cov: 304 ft: 1041 corp: 378/94Kb lim: 4096 exec/s: 54829 rss: 548Mb L: 25/4003 MS: 1 EraseBytes-
#30256156	REDUCE cov: 304 ft: 1041 corp: 378/94Kb lim: 4096 exec/s: 54811 rss: 548Mb L: 11/4003 MS: 3 CopyPart-ChangeBit-EraseBytes-
#30262863	REDUCE cov: 304 ft: 1041 corp: 378/94Kb lim: 4096 exec/s: 54824 rss: 548Mb L: 119/4003 MS: 2 ShuffleBytes-EraseBytes-
#30283479	REDUCE cov: 304 ft: 1041 corp: 378/94Kb lim: 4096 exec/s: 54861 rss: 548Mb L: 30/4003 MS: 1 EraseBytes-
#30401906	REDUCE cov: 304 ft: 1041 corp: 378/94Kb lim: 4096 exec/s: 54877 rss: 548Mb L: 768/4003 MS: 2 ChangeBinInt-EraseBytes-
#30459857	REDUCE cov: 304 ft: 1041 corp: 378/94Kb lim: 4096 exec/s: 54882 rss: 548Mb L: 1262/4003 MS: 1 EraseBytes-
#30549778	REDUCE cov: 304 ft: 1041 corp: 378/94Kb lim: 4096 exec/s: 54846 rss: 548Mb L: 1404/4003 MS: 1 EraseBytes-
#30552059	REDUCE cov: 304 ft: 1041 corp: 378/94Kb lim: 4096 exec/s: 54851 rss: 548Mb L: 410/4003 MS: 1 EraseBytes-
#30790605	REDUCE cov: 304 ft: 1041 corp: 378/94Kb lim: 4096 exec/s: 54885 rss: 548Mb L: 1155/4003 MS: 1 EraseBytes-
#30792026	REDUCE cov: 304 ft: 1041 corp: 378/94Kb lim: 4096 exec/s: 54887 rss: 548Mb L: 1207/4003 MS: 1 EraseBytes-
#30941198	REDUCE cov: 304 ft: 1041 corp: 378/94Kb lim: 4096 exec/s: 54860 rss: 548Mb L: 561/4003 MS: 2 CopyPart-EraseBytes-
#30954539	REDUCE cov: 304 ft: 1041 corp: 378/94Kb lim: 4096 exec/s: 54786 rss: 548Mb L: 10/4003 MS: 1 EraseBytes-
#30965731	REDUCE cov: 304 ft: 1041 corp: 378/94Kb lim: 4096 exec/s: 54806 rss: 548Mb L: 30/4003 MS: 2 ChangeASCIIInt-EraseBytes-
#31034238	REDUCE cov: 304 ft: 1041 corp: 378/94Kb lim: 4096 exec/s: 54830 rss: 548Mb L: 1106/4003 MS: 2 ShuffleBytes-EraseBytes-
#31048094	REDUCE cov: 304 ft: 1041 corp: 378/94Kb lim: 4096 exec/s: 54855 rss: 548Mb L: 20/4003 MS: 1 EraseBytes-
#31054955	REDUCE cov: 304 ft: 1042 corp: 379/95Kb lim: 4096 exec/s: 54867 rss: 548Mb L: 1327/4003 MS: 1 CrossOver-
#31139971	REDUCE cov: 304 ft: 1042 corp: 379/95Kb lim: 4096 exec/s: 54823 rss: 548Mb L: 1163/4003 MS: 1 EraseBytes-
#31192548	REDUCE cov: 304 ft: 1042 corp: 379/95Kb lim: 4096 exec/s: 54819 rss: 548Mb L: 183/4003 MS: 2 ChangeBit-EraseBytes-
#31230790	REDUCE cov: 304 ft: 1042 corp: 379/95Kb lim: 4096 exec/s: 54790 rss: 548Mb L: 3998/3998 MS: 2 ChangeBit-EraseBytes-
#31440543	REDUCE cov: 304 ft: 1042 corp: 379/95Kb lim: 4096 exec/s: 54774 rss: 548Mb L: 28/3998 MS: 3 EraseBytes-InsertByte-ChangeBit-
#31484849	REDUCE cov: 304 ft: 1042 corp: 379/95Kb lim: 4096 exec/s: 54756 rss: 548Mb L: 388/3998 MS: 1 EraseBytes-
#31542942	REDUCE cov: 304 ft: 1042 corp: 379/95Kb lim: 4096 exec/s: 54762 rss: 548Mb L: 832/3998 MS: 3 ChangeByte-ChangeBinInt-EraseBytes-
#31607253	REDUCE cov: 304 ft: 1042 corp: 379/95Kb lim: 4096 exec/s: 54778 rss: 548Mb L: 1276/3998 MS: 1 EraseBytes-
#31663004	REDUCE cov: 304 ft: 1042 corp: 379/95Kb lim: 4096 exec/s: 54780 rss: 548Mb L: 27/3998 MS: 1 EraseBytes-
#31689810	REDUCE cov: 304 ft: 1042 corp: 379/95Kb lim: 4096 exec/s: 54731 rss: 548Mb L: 17/3998 MS: 1 EraseBytes-
#31872638	REDUCE cov: 304 ft: 1042 corp: 379/95Kb lim: 4096 exec/s: 54763 rss: 548Mb L: 833/3998 MS: 3 CMP-ChangeASCIIInt-EraseBytes- DE: "\001\005"-
#32005117	REDUCE cov: 304 ft: 1042 corp: 379/95Kb lim: 4096 exec/s: 54803 rss: 548Mb L: 1044/3998 MS: 4 ChangeBit-EraseBytes-CrossOver-CopyPart-
#32218723	REDUCE cov: 304 ft: 1042 corp: 379/95Kb lim: 4096 exec/s: 54793 rss: 548Mb L: 29/3998 MS: 1 EraseBytes-
#32267655	REDUCE cov: 304 ft: 1043 corp: 380/95Kb lim: 4096 exec/s: 54783 rss: 548Mb L: 69/3998 MS: 2 ChangeBinInt-PersAutoDict- DE: "zcfree: ptr not found"-
#32294441	REDUCE cov: 304 ft: 1043 corp: 380/95Kb lim: 4096 exec/s: 54736 rss: 548Mb L: 551/3998 MS: 1 EraseBytes-
#32332082	REDUCE cov: 304 ft: 1043 corp: 380/95Kb lim: 4096 exec/s: 54707 rss: 548Mb L: 1230/3998 MS: 1 EraseBytes-
#32334073	REDUCE cov: 304 ft: 1043 corp: 380/95Kb lim: 4096 exec/s: 54710 rss: 548Mb L: 68/3998 MS: 1 EraseBytes-
#32345144	REDUCE cov: 304 ft: 1043 corp: 380/95Kb lim: 4096 exec/s: 54729 rss: 548Mb L: 385/3998 MS: 1 EraseBytes-
#32359040	REDUCE cov: 304 ft: 1043 corp: 380/95Kb lim: 4096 exec/s: 54753 rss: 548Mb L: 62/3998 MS: 1 EraseBytes-
#32364541	REDUCE cov: 304 ft: 1043 corp: 380/95Kb lim: 4096 exec/s: 54762 rss: 548Mb L: 1353/3998 MS: 1 EraseBytes-
#32474443	REDUCE cov: 304 ft: 1043 corp: 380/95Kb lim: 4096 exec/s: 54762 rss: 548Mb L: 206/3998 MS: 2 EraseBytes-InsertByte-
#32615756	REDUCE cov: 304 ft: 1043 corp: 380/95Kb lim: 4096 exec/s: 54724 rss: 548Mb L: 53/3998 MS: 3 CopyPart-CopyPart-EraseBytes-
#32624507	REDUCE cov: 304 ft: 1043 corp: 380/95Kb lim: 4096 exec/s: 54739 rss: 548Mb L: 1269/3998 MS: 1 EraseBytes-
#32704839	REDUCE cov: 304 ft: 1043 corp: 380/95Kb lim: 4096 exec/s: 54781 rss: 548Mb L: 60/3998 MS: 2 ShuffleBytes-EraseBytes-
#32733547	REDUCE cov: 304 ft: 1043 corp: 380/95Kb lim: 4096 exec/s: 54738 rss: 548Mb L: 108/3998 MS: 3 ShuffleBytes-ChangeByte-EraseBytes-
#32740173	REDUCE cov: 304 ft: 1043 corp: 380/95Kb lim: 4096 exec/s: 54749 rss: 548Mb L: 1325/3998 MS: 1 EraseBytes-
#32751794	REDUCE cov: 304 ft: 1043 corp: 380/95Kb lim: 4096 exec/s: 54768 rss: 548Mb L: 612/3998 MS: 1 EraseBytes-
#32780810	REDUCE cov: 304 ft: 1043 corp: 380/95Kb lim: 4096 exec/s: 54725 rss: 548Mb L: 1099/3998 MS: 1 CrossOver-
#32845936	REDUCE cov: 304 ft: 1043 corp: 380/95Kb lim: 4096 exec/s: 54743 rss: 548Mb L: 858/3998 MS: 1 EraseBytes-
#32875201	DONE   cov: 304 ft: 1043 corp: 380/95Kb lim: 4096 exec/s: 54700 rss: 548Mb
###### Recommended dictionary. ######
"\017\000" # Uses: 18532
"\033\000\000\000\000\000\000\000" # Uses: 18046
"\377\377\377\377\377\377\377K" # Uses: 17770
"\002\000\000\000\000\000\000\000" # Uses: 18108
"\377\377\377\377\377\377\377:" # Uses: 18030
"\377*" # Uses: 18628
"\377\377" # Uses: 18464
"\001\000" # Uses: 18477
"\021\000" # Uses: 18741
"\024\000\000\000\000\000\000\000" # Uses: 18092
"\001\000\000\000\000\000\000=" # Uses: 17956
"\373\377\377\377" # Uses: 18377
"\003\000\000\000" # Uses: 18159
"0\000" # Uses: 18197
"\021\000\000\000\000\000\000\000" # Uses: 17928
"}\000\000\000\000\000\000\000" # Uses: 18040
"\001\020" # Uses: 18546
"??" # Uses: 18659
"\377\377\377\377\377\377\377\017" # Uses: 17692
"\001\010" # Uses: 18515
"\377\377\377\377\377\377\377\377" # Uses: 17753
"\264\001\000\000\000\000\000\000" # Uses: 17760
"\000\000\000\000\000\000\000\000" # Uses: 17917
"\376\377\377\377\000\000\000\000" # Uses: 17926
"\001\000\377\210" # Uses: 18229
"m\000\000\000\000\000\000\000" # Uses: 17961
"\002\000" # Uses: 18792
"3?\000\000" # Uses: 18342
"\003\000\000\000\000\000\000\000" # Uses: 17877
"\015\000\000\000\000\000\000\000" # Uses: 17771
"\360\377\000\000\000\000\000\000" # Uses: 17801
"R?" # Uses: 18439
"\313\000\000\000" # Uses: 18263
"\010\000" # Uses: 18460
"G\000\000\000\000\000\000\000" # Uses: 17619
"\377\014" # Uses: 18730
"\000\000\000\000\000\000\000\001" # Uses: 17755
"\000\000" # Uses: 18444
"3?" # Uses: 18295
"\011\000\000\000" # Uses: 18123
"\001\000\000\000" # Uses: 18126
"\377\377\377\377\376\377\377\377" # Uses: 17637
"\031\000" # Uses: 18185
"@Q" # Uses: 18166
"H?" # Uses: 18437
"\377\377\377\375" # Uses: 18303
"\001\000\000\000\000\000\000\003" # Uses: 17653
"\001\000\000\000\000\000\000F" # Uses: 17743
"\016\000\000\000" # Uses: 17969
"\377\377\377\377\377\377\377\022" # Uses: 17560
"\001\000\000\000\000\000\000\000" # Uses: 17191
"\211\000" # Uses: 17741
"\221\370\000\000\000\000\000\000" # Uses: 17170
"\001\000\000\000\000\000\000\027" # Uses: 17136
"r\000\000\000" # Uses: 17606
"@?\000\000" # Uses: 17776
"\000\032" # Uses: 17553
".\000\000\000\000\000\000\000" # Uses: 17316
"\000\000\000\000\000\000\000:" # Uses: 17088
"\377\377\377\377\377\377\377\016" # Uses: 17129
"\377\377\377\377\377\377\377=" # Uses: 17054
"\001\000\000\000\000\000\0054" # Uses: 17132
"e\000\000\000\000\000\000\000" # Uses: 17071
"\377\005" # Uses: 17388
">N" # Uses: 17077
"\372\377\377\377" # Uses: 15805
"\377\377\377\377\377\377\377\354" # Uses: 15406
"\377\377\377\023" # Uses: 15929
"\001\000\000\000\000\000\000\206" # Uses: 15402
"\000\000?P" # Uses: 15617
">B" # Uses: 15300
"\377\377\377\377" # Uses: 15190
"\377\004" # Uses: 14594
"\001\000\000\004" # Uses: 14254
"Q?" # Uses: 14086
"\217\000" # Uses: 14035
"\013\000" # Uses: 13817
"P?\000\000" # Uses: 13480
"?Q" # Uses: 12337
"\001\000\000\002" # Uses: 10943
"\333\004\000\000" # Uses: 9562
")\000" # Uses: 9241
"\377\377\377\011" # Uses: 8896
">Q" # Uses: 8404
"\000\000\000\010" # Uses: 7153
"C?\000\000" # Uses: 5224
"\001\005" # Uses: 565
###### End of recommended dictionary. ######
Done 32875201 runs in 601 second(s)
stat::number_of_executed_units: 32875201
stat::average_exec_per_sec:     54700
stat::new_units_added:          4141
stat::slowest_unit_time_sec:    0
stat::peak_rss_mb:              549
