Dictionary: 247 entries
INFO: Running with entropic power schedule (0xFF, 100).
INFO: Seed: 3230602561
INFO: Loaded 1 modules   (8888 inline 8-bit counters): 8888 [0xaaaabc62e710, 0xaaaabc6309c8), 
INFO: Loaded 1 PC tables (8888 PCs): 8888 [0xaaaabc6309c8,0xaaaabc653548), 
INFO:       19 files found in /b/runs/lcms2__cmsOpenProfileFromMem/corpus
INFO: seed corpus: files: 19 min: 158b max: 61676b total: 193859b rss: 42Mb
#21	INITED cov: 92 ft: 150 corp: 9/57Kb exec/s: 0 rss: 45Mb
#27	NEW    cov: 93 ft: 151 corp: 10/58Kb lim: 28484 exec/s: 0 rss: 45Mb L: 569/28484 MS: 1 InsertByte-
#33	NEW    cov: 94 ft: 153 corp: 11/58Kb lim: 28484 exec/s: 0 rss: 45Mb L: 409/28484 MS: 1 InsertRepeatedBytes-
#41	NEW    cov: 95 ft: 158 corp: 12/58Kb lim: 28484 exec/s: 0 rss: 45Mb L: 298/28484 MS: 3 ChangeByte-ChangeByte-EraseBytes-
#43	NEW    cov: 96 ft: 159 corp: 13/59Kb lim: 28484 exec/s: 0 rss: 46Mb L: 870/28484 MS: 2 ManualDict-CrossOver- DE: "LUT_1D_SIZE"-
#46	NEW    cov: 97 ft: 160 corp: 14/59Kb lim: 28484 exec/s: 0 rss: 46Mb L: 100/28484 MS: 3 InsertByte-ManualDict-EraseBytes- DE: "Tell error; probably corrupted file"-
#52	REDUCE cov: 97 ft: 160 corp: 14/59Kb lim: 28484 exec/s: 0 rss: 46Mb L: 567/28484 MS: 1 EraseBytes-
#53	NEW    cov: 97 ft: 161 corp: 15/60Kb lim: 28484 exec/s: 0 rss: 46Mb L: 298/28484 MS: 1 EraseBytes-
#63	NEW    cov: 97 ft: 164 corp: 16/81Kb lim: 28484 exec/s: 0 rss: 47Mb L: 21485/28484 MS: 5 PersAutoDict-CopyPart-ChangeByte-CMP-CrossOver- DE: "Tell error; probably corrupted file"-"\364\011\000\000"-
#66	REDUCE cov: 97 ft: 164 corp: 16/81Kb lim: 28484 exec/s: 0 rss: 47Mb L: 191/28484 MS: 3 ChangeASCIIInt-InsertRepeatedBytes-EraseBytes-
#92	REDUCE cov: 98 ft: 165 corp: 17/82Kb lim: 28484 exec/s: 0 rss: 47Mb L: 1001/28484 MS: 1 CopyPart-
#96	NEW    cov: 98 ft: 172 corp: 18/82Kb lim: 28484 exec/s: 0 rss: 47Mb L: 666/28484 MS: 4 CopyPart-ChangeByte-CMP-ChangeBit- DE: "\001\000\000\000\000\000\000\012"-
#102	NEW    cov: 100 ft: 174 corp: 19/82Kb lim: 28484 exec/s: 0 rss: 48Mb L: 158/28484 MS: 1 ManualDict- DE: "Duplicate tag found"-
#113	NEW    cov: 100 ft: 175 corp: 20/83Kb lim: 28484 exec/s: 0 rss: 48Mb L: 158/28484 MS: 1 PersAutoDict- DE: "\001\000\000\000\000\000\000\012"-
#120	REDUCE cov: 100 ft: 175 corp: 20/74Kb lim: 28484 exec/s: 0 rss: 48Mb L: 13224/28484 MS: 2 ChangeByte-EraseBytes-
#121	REDUCE cov: 100 ft: 175 corp: 20/72Kb lim: 28484 exec/s: 0 rss: 49Mb L: 10860/28484 MS: 1 EraseBytes-
#131	REDUCE cov: 100 ft: 175 corp: 20/72Kb lim: 28484 exec/s: 0 rss: 49Mb L: 228/28484 MS: 5 PersAutoDict-ManualDict-InsertByte-ChangeBinInt-EraseBytes- DE: "\001\000\000\000\000\000\000\012"-"CMYK_Y"-
#183	NEW    cov: 100 ft: 176 corp: 21/73Kb lim: 28484 exec/s: 0 rss: 50Mb L: 571/28484 MS: 2 CMP-CopyPart- DE: "\003\024"-
#205	REDUCE cov: 100 ft: 176 corp: 21/73Kb lim: 28484 exec/s: 0 rss: 50Mb L: 189/28484 MS: 2 ChangeBit-EraseBytes-
#221	NEW    cov: 100 ft: 177 corp: 22/73Kb lim: 28484 exec/s: 0 rss: 50Mb L: 633/28484 MS: 1 InsertRepeatedBytes-
#232	NEW    cov: 101 ft: 178 corp: 23/74Kb lim: 28484 exec/s: 0 rss: 50Mb L: 659/28484 MS: 1 CopyPart-
#240	REDUCE cov: 101 ft: 178 corp: 23/74Kb lim: 28484 exec/s: 0 rss: 50Mb L: 378/28484 MS: 3 InsertRepeatedBytes-ChangeByte-EraseBytes-
#245	NEW    cov: 101 ft: 187 corp: 24/100Kb lim: 28484 exec/s: 0 rss: 51Mb L: 26398/28484 MS: 5 CopyPart-ChangeBinInt-CrossOver-CrossOver-EraseBytes-
#272	REDUCE cov: 101 ft: 187 corp: 24/95Kb lim: 28484 exec/s: 0 rss: 52Mb L: 21542/28484 MS: 2 ChangeBit-CrossOver-
#273	REDUCE cov: 101 ft: 187 corp: 24/95Kb lim: 28484 exec/s: 0 rss: 52Mb L: 215/28484 MS: 1 EraseBytes-
#286	REDUCE cov: 101 ft: 188 corp: 25/95Kb lim: 28484 exec/s: 0 rss: 53Mb L: 602/28484 MS: 3 ManualDict-CMP-PersAutoDict- DE: "Couldn't read profile from NULL pointer"-"ZYXg"-"Tell error; probably corrupted file"-
#318	NEW    cov: 101 ft: 199 corp: 26/96Kb lim: 28484 exec/s: 0 rss: 53Mb L: 1053/28484 MS: 2 ShuffleBytes-CopyPart-
#382	REDUCE cov: 101 ft: 199 corp: 26/94Kb lim: 28484 exec/s: 0 rss: 54Mb L: 8398/28484 MS: 4 CrossOver-InsertRepeatedBytes-ChangeByte-EraseBytes-
#386	REDUCE cov: 101 ft: 199 corp: 26/94Kb lim: 28484 exec/s: 0 rss: 54Mb L: 245/28484 MS: 4 CMP-ChangeASCIIInt-ChangeByte-EraseBytes- DE: "\000\000\000\000\000\000U\333"-
#403	REDUCE cov: 101 ft: 199 corp: 26/94Kb lim: 28484 exec/s: 0 rss: 54Mb L: 186/28484 MS: 2 ChangeBinInt-EraseBytes-
#419	REDUCE cov: 101 ft: 199 corp: 26/94Kb lim: 28484 exec/s: 0 rss: 54Mb L: 637/28484 MS: 1 EraseBytes-
#431	REDUCE cov: 101 ft: 199 corp: 26/93Kb lim: 28484 exec/s: 0 rss: 54Mb L: 535/28484 MS: 2 ChangeBinInt-EraseBytes-
#468	REDUCE cov: 101 ft: 199 corp: 26/93Kb lim: 28484 exec/s: 0 rss: 54Mb L: 130/28484 MS: 2 ChangeBinInt-EraseBytes-
#480	REDUCE cov: 101 ft: 199 corp: 26/90Kb lim: 28484 exec/s: 0 rss: 55Mb L: 4454/28484 MS: 2 CopyPart-EraseBytes-
#526	REDUCE cov: 101 ft: 199 corp: 26/89Kb lim: 28484 exec/s: 0 rss: 56Mb L: 3530/28484 MS: 1 EraseBytes-
#549	REDUCE cov: 101 ft: 199 corp: 26/89Kb lim: 28484 exec/s: 0 rss: 56Mb L: 90/28484 MS: 3 ManualDict-ManualDict-EraseBytes- DE: "CGATS.17"-"LUT is not suitable to be saved as LUT8"-
#649	REDUCE cov: 101 ft: 199 corp: 26/88Kb lim: 28484 exec/s: 0 rss: 57Mb L: 387/28484 MS: 5 ChangeASCIIInt-ChangeBinInt-ChangeASCIIInt-ChangeASCIIInt-EraseBytes-
#686	NEW    cov: 102 ft: 200 corp: 27/89Kb lim: 28484 exec/s: 0 rss: 58Mb L: 667/28484 MS: 2 ChangeByte-InsertByte-
#702	NEW    cov: 102 ft: 202 corp: 28/92Kb lim: 28484 exec/s: 0 rss: 58Mb L: 3240/28484 MS: 1 ManualDict- DE: "Little CMS"-
#727	REDUCE cov: 102 ft: 202 corp: 28/92Kb lim: 28484 exec/s: 0 rss: 58Mb L: 635/28484 MS: 5 ChangeBit-ManualDict-ChangeBit-ShuffleBytes-EraseBytes- DE: "Sample data expected"-
#735	REDUCE cov: 102 ft: 202 corp: 28/92Kb lim: 28484 exec/s: 0 rss: 58Mb L: 50/28484 MS: 3 ManualDict-ChangeBit-EraseBytes- DE: "Relative colorimetric"-
#784	REDUCE cov: 102 ft: 202 corp: 28/92Kb lim: 28484 exec/s: 0 rss: 59Mb L: 588/28484 MS: 4 ShuffleBytes-ManualDict-InsertRepeatedBytes-EraseBytes- DE: "Seek error; probably corrupted file"-
#817	REDUCE cov: 104 ft: 204 corp: 29/92Kb lim: 28484 exec/s: 0 rss: 59Mb L: 211/28484 MS: 3 InsertRepeatedBytes-ShuffleBytes-ChangeBinInt-
#868	REDUCE cov: 104 ft: 204 corp: 29/92Kb lim: 28484 exec/s: 0 rss: 60Mb L: 37/28484 MS: 1 EraseBytes-
#908	REDUCE cov: 104 ft: 204 corp: 29/92Kb lim: 28484 exec/s: 0 rss: 60Mb L: 194/28484 MS: 5 ChangeBit-EraseBytes-ChangeByte-ShuffleBytes-InsertRepeatedBytes-
#926	REDUCE cov: 104 ft: 205 corp: 30/94Kb lim: 28484 exec/s: 0 rss: 60Mb L: 2062/28484 MS: 3 EraseBytes-PersAutoDict-ManualDict- DE: "Sample data expected"-"Value"-
#930	NEW    cov: 104 ft: 206 corp: 31/95Kb lim: 28484 exec/s: 0 rss: 60Mb L: 666/28484 MS: 4 ChangeByte-ShuffleBytes-ShuffleBytes-ChangeBit-
#986	REDUCE cov: 105 ft: 207 corp: 32/95Kb lim: 28484 exec/s: 0 rss: 61Mb L: 176/28484 MS: 1 EraseBytes-
#1058	REDUCE cov: 105 ft: 207 corp: 32/95Kb lim: 28484 exec/s: 0 rss: 62Mb L: 283/28484 MS: 2 InsertByte-EraseBytes-
#1064	NEW    cov: 105 ft: 208 corp: 33/96Kb lim: 28484 exec/s: 0 rss: 62Mb L: 666/28484 MS: 1 PersAutoDict- DE: "Little CMS"-
#1101	REDUCE cov: 105 ft: 208 corp: 33/95Kb lim: 28484 exec/s: 0 rss: 63Mb L: 806/28484 MS: 2 CrossOver-EraseBytes-
#1166	REDUCE cov: 105 ft: 208 corp: 33/95Kb lim: 28484 exec/s: 0 rss: 63Mb L: 612/28484 MS: 5 EraseBytes-ShuffleBytes-ChangeBit-ChangeBit-InsertRepeatedBytes-
#1217	REDUCE cov: 105 ft: 208 corp: 33/93Kb lim: 28484 exec/s: 0 rss: 64Mb L: 19370/28484 MS: 1 EraseBytes-
#1377	NEW    cov: 106 ft: 209 corp: 34/94Kb lim: 28484 exec/s: 0 rss: 66Mb L: 739/28484 MS: 5 CopyPart-ChangeASCIIInt-ChangeBit-InsertRepeatedBytes-CrossOver-
#1401	REDUCE cov: 106 ft: 209 corp: 34/94Kb lim: 28484 exec/s: 0 rss: 66Mb L: 1531/28484 MS: 4 ChangeByte-ChangeByte-ManualDict-EraseBytes- DE: "Too many recursion levels"-
#1466	REDUCE cov: 106 ft: 209 corp: 34/93Kb lim: 28484 exec/s: 0 rss: 67Mb L: 559/28484 MS: 5 ChangeBinInt-ChangeBinInt-ChangeBit-PersAutoDict-EraseBytes- DE: "Value"-
#1498	REDUCE cov: 106 ft: 209 corp: 34/93Kb lim: 28484 exec/s: 0 rss: 67Mb L: 861/28484 MS: 2 InsertRepeatedBytes-EraseBytes-
#1514	REDUCE cov: 106 ft: 209 corp: 34/92Kb lim: 28484 exec/s: 0 rss: 67Mb L: 510/28484 MS: 1 EraseBytes-
#1569	REDUCE cov: 106 ft: 209 corp: 34/92Kb lim: 28484 exec/s: 0 rss: 68Mb L: 492/28484 MS: 5 ShuffleBytes-InsertRepeatedBytes-ChangeBinInt-CopyPart-EraseBytes-
#1594	REDUCE cov: 106 ft: 209 corp: 34/92Kb lim: 28484 exec/s: 0 rss: 68Mb L: 748/28484 MS: 5 ManualDict-ShuffleBytes-CopyPart-EraseBytes-EraseBytes- DE: "3 index 5 get 3 index 5 get exch sub div "-
#1600	REDUCE cov: 106 ft: 210 corp: 35/92Kb lim: 28484 exec/s: 0 rss: 68Mb L: 215/28484 MS: 1 CopyPart-
#1749	REDUCE cov: 106 ft: 210 corp: 35/92Kb lim: 28484 exec/s: 0 rss: 70Mb L: 588/28484 MS: 4 CMP-InsertRepeatedBytes-ChangeByte-EraseBytes- DE: "\004\000\000\000\000\000\000\000"-
#1762	REDUCE cov: 106 ft: 210 corp: 35/92Kb lim: 28484 exec/s: 0 rss: 70Mb L: 385/28484 MS: 3 CMP-PersAutoDict-EraseBytes- DE: "\001\000\000\017"-"Duplicate tag found"-
#1783	REDUCE cov: 106 ft: 210 corp: 35/92Kb lim: 28484 exec/s: 0 rss: 70Mb L: 324/28484 MS: 1 EraseBytes-
#1790	REDUCE cov: 106 ft: 210 corp: 35/92Kb lim: 28484 exec/s: 0 rss: 70Mb L: 29/28484 MS: 2 ManualDict-EraseBytes- DE: "Lab identity built-in"-
#1801	REDUCE cov: 106 ft: 211 corp: 36/92Kb lim: 28484 exec/s: 0 rss: 70Mb L: 395/28484 MS: 1 EraseBytes-
#1805	REDUCE cov: 106 ft: 211 corp: 36/91Kb lim: 28484 exec/s: 0 rss: 70Mb L: 2593/28484 MS: 4 ManualDict-ChangeBit-InsertRepeatedBytes-EraseBytes- DE: "LUT is not suitable to be saved as LUT16"-
#1854	NEW    cov: 107 ft: 214 corp: 37/92Kb lim: 28484 exec/s: 0 rss: 71Mb L: 576/28484 MS: 4 InsertByte-ChangeBit-ChangeBit-CMP- DE: "gXYZ"-
#1870	REDUCE cov: 107 ft: 214 corp: 37/92Kb lim: 28484 exec/s: 0 rss: 71Mb L: 610/28484 MS: 1 EraseBytes-
#1926	NEW    cov: 108 ft: 215 corp: 38/92Kb lim: 28484 exec/s: 0 rss: 72Mb L: 128/28484 MS: 1 EraseBytes-
#2092	NEW    cov: 109 ft: 216 corp: 39/92Kb lim: 28484 exec/s: 0 rss: 73Mb L: 158/28484 MS: 1 PersAutoDict- DE: "\364\011\000\000"-
#2108	NEW    cov: 110 ft: 217 corp: 40/92Kb lim: 28484 exec/s: 0 rss: 73Mb L: 162/28484 MS: 1 CMP- DE: "\015\000\000\000"-
#2136	REDUCE cov: 110 ft: 217 corp: 40/92Kb lim: 28484 exec/s: 0 rss: 73Mb L: 571/28484 MS: 3 InsertRepeatedBytes-CMP-EraseBytes- DE: "hN@c"-
#2146	REDUCE cov: 110 ft: 217 corp: 40/92Kb lim: 28484 exec/s: 0 rss: 74Mb L: 401/28484 MS: 5 ChangeBinInt-ChangeASCIIInt-ChangeByte-ChangeByte-EraseBytes-
#2154	REDUCE cov: 110 ft: 218 corp: 41/93Kb lim: 28484 exec/s: 0 rss: 74Mb L: 1176/28484 MS: 3 ChangeASCIIInt-CopyPart-CrossOver-
#2301	NEW    cov: 110 ft: 220 corp: 42/95Kb lim: 28484 exec/s: 0 rss: 75Mb L: 1624/28484 MS: 2 EraseBytes-CrossOver-
#2334	REDUCE cov: 110 ft: 220 corp: 42/95Kb lim: 28484 exec/s: 0 rss: 75Mb L: 423/28484 MS: 3 ShuffleBytes-CMP-EraseBytes- DE: "\001\000\000\000\000\000\000\010"-
#2688	NEW    cov: 111 ft: 221 corp: 43/95Kb lim: 28484 exec/s: 0 rss: 79Mb L: 674/28484 MS: 4 CMP-PersAutoDict-CopyPart-CMP- DE: "\001\000\000\000\000\000\000v"-"\015\000\000\000"-"\000\000\000\000\000\000\000\327"-
#2769	REDUCE cov: 111 ft: 221 corp: 43/95Kb lim: 28484 exec/s: 0 rss: 80Mb L: 611/28484 MS: 1 EraseBytes-
#2782	NEW    cov: 111 ft: 222 corp: 44/95Kb lim: 28484 exec/s: 0 rss: 80Mb L: 313/28484 MS: 3 ChangeBit-CrossOver-EraseBytes-
#2839	REDUCE cov: 111 ft: 222 corp: 44/95Kb lim: 28484 exec/s: 0 rss: 81Mb L: 930/28484 MS: 2 ChangeASCIIInt-EraseBytes-
#2908	REDUCE cov: 111 ft: 222 corp: 44/95Kb lim: 28484 exec/s: 0 rss: 81Mb L: 521/28484 MS: 4 ChangeBinInt-ChangeBit-ChangeByte-EraseBytes-
#2919	REDUCE cov: 111 ft: 222 corp: 44/95Kb lim: 28484 exec/s: 0 rss: 82Mb L: 171/28484 MS: 1 EraseBytes-
#2946	REDUCE cov: 111 ft: 222 corp: 44/95Kb lim: 28484 exec/s: 0 rss: 82Mb L: 291/28484 MS: 2 ShuffleBytes-EraseBytes-
#2947	REDUCE cov: 111 ft: 223 corp: 45/95Kb lim: 28484 exec/s: 0 rss: 82Mb L: 360/28484 MS: 1 EraseBytes-
#3084	REDUCE cov: 111 ft: 223 corp: 45/95Kb lim: 28484 exec/s: 0 rss: 83Mb L: 382/28484 MS: 2 CopyPart-EraseBytes-
#3087	REDUCE cov: 111 ft: 223 corp: 45/95Kb lim: 28484 exec/s: 0 rss: 83Mb L: 391/28484 MS: 3 ChangeBinInt-CMP-EraseBytes- DE: "\370\000\000\000"-
#3201	REDUCE cov: 111 ft: 223 corp: 45/95Kb lim: 28484 exec/s: 0 rss: 85Mb L: 317/28484 MS: 4 ShuffleBytes-CopyPart-ChangeASCIIInt-EraseBytes-
#3273	REDUCE cov: 111 ft: 223 corp: 45/95Kb lim: 28484 exec/s: 0 rss: 85Mb L: 259/28484 MS: 2 PersAutoDict-EraseBytes- DE: "LUT is not suitable to be saved as LUT8"-
#3288	REDUCE cov: 111 ft: 223 corp: 45/95Kb lim: 28484 exec/s: 0 rss: 85Mb L: 390/28484 MS: 5 CopyPart-InsertByte-ShuffleBytes-ShuffleBytes-EraseBytes-
#3304	REDUCE cov: 111 ft: 223 corp: 45/94Kb lim: 28484 exec/s: 0 rss: 85Mb L: 539/28484 MS: 1 EraseBytes-
#3345	NEW    cov: 111 ft: 225 corp: 46/95Kb lim: 28484 exec/s: 0 rss: 86Mb L: 622/28484 MS: 1 CopyPart-
#3391	REDUCE cov: 111 ft: 225 corp: 46/95Kb lim: 28484 exec/s: 0 rss: 86Mb L: 829/28484 MS: 1 EraseBytes-
#3430	REDUCE cov: 111 ft: 225 corp: 46/95Kb lim: 28484 exec/s: 0 rss: 87Mb L: 301/28484 MS: 4 ManualDict-ShuffleBytes-ChangeASCIIInt-EraseBytes- DE: ", "-
#3446	REDUCE cov: 111 ft: 227 corp: 47/95Kb lim: 28484 exec/s: 0 rss: 87Mb L: 705/28484 MS: 1 InsertRepeatedBytes-
#3522	NEW    cov: 111 ft: 231 corp: 48/96Kb lim: 28484 exec/s: 0 rss: 88Mb L: 667/28484 MS: 1 CopyPart-
#3598	NEW    cov: 112 ft: 232 corp: 49/96Kb lim: 28484 exec/s: 0 rss: 89Mb L: 158/28484 MS: 1 ChangeBinInt-
#3670	REDUCE cov: 113 ft: 233 corp: 50/97Kb lim: 28484 exec/s: 0 rss: 90Mb L: 555/28484 MS: 2 ChangeBit-EraseBytes-
#3816	REDUCE cov: 113 ft: 233 corp: 50/97Kb lim: 28484 exec/s: 0 rss: 92Mb L: 552/28484 MS: 1 EraseBytes-
#3827	REDUCE cov: 113 ft: 233 corp: 50/97Kb lim: 28484 exec/s: 0 rss: 92Mb L: 165/28484 MS: 1 EraseBytes-
#3873	NEW    cov: 113 ft: 234 corp: 51/97Kb lim: 28484 exec/s: 0 rss: 92Mb L: 667/28484 MS: 1 ManualDict- DE: "Bad dictionary Name/Value"-
#4046	NEW    cov: 113 ft: 235 corp: 52/98Kb lim: 28484 exec/s: 0 rss: 93Mb L: 750/28484 MS: 3 PersAutoDict-ChangeASCIIInt-InsertRepeatedBytes- DE: ", "-
#4052	REDUCE cov: 113 ft: 235 corp: 52/98Kb lim: 28484 exec/s: 0 rss: 93Mb L: 257/28484 MS: 1 EraseBytes-
#4053	REDUCE cov: 113 ft: 235 corp: 52/98Kb lim: 28484 exec/s: 0 rss: 93Mb L: 28/28484 MS: 1 EraseBytes-
#4370	REDUCE cov: 113 ft: 236 corp: 53/98Kb lim: 28484 exec/s: 0 rss: 95Mb L: 552/28484 MS: 2 ChangeASCIIInt-ChangeByte-
#4385	REDUCE cov: 113 ft: 236 corp: 53/98Kb lim: 28484 exec/s: 0 rss: 96Mb L: 139/28484 MS: 5 CopyPart-ChangeASCIIInt-EraseBytes-ChangeByte-ManualDict- DE: "2 index 3 get 4 index 3 get 3 index 3 get sub mul sub "-
#4394	REDUCE cov: 113 ft: 236 corp: 53/98Kb lim: 28484 exec/s: 0 rss: 96Mb L: 736/28484 MS: 4 CopyPart-PersAutoDict-ShuffleBytes-EraseBytes- DE: "CGATS.17"-
#4600	REDUCE cov: 113 ft: 236 corp: 53/98Kb lim: 28484 exec/s: 0 rss: 98Mb L: 18/28484 MS: 1 EraseBytes-
#4757	REDUCE cov: 113 ft: 236 corp: 53/98Kb lim: 28484 exec/s: 0 rss: 100Mb L: 532/28484 MS: 2 ManualDict-EraseBytes- DE: "Invalid hexadecimal number"-
#4768	REDUCE cov: 113 ft: 236 corp: 53/98Kb lim: 28484 exec/s: 0 rss: 100Mb L: 508/28484 MS: 1 EraseBytes-
#4939	REDUCE cov: 113 ft: 236 corp: 53/98Kb lim: 28484 exec/s: 0 rss: 101Mb L: 288/28484 MS: 1 EraseBytes-
#5064	REDUCE cov: 113 ft: 236 corp: 53/98Kb lim: 28484 exec/s: 0 rss: 102Mb L: 511/28484 MS: 5 PersAutoDict-ChangeASCIIInt-ChangeASCIIInt-CrossOver-EraseBytes- DE: "Invalid hexadecimal number"-
#5101	REDUCE cov: 113 ft: 236 corp: 53/98Kb lim: 28484 exec/s: 0 rss: 103Mb L: 538/28484 MS: 2 CopyPart-EraseBytes-
#5199	REDUCE cov: 113 ft: 236 corp: 53/98Kb lim: 28484 exec/s: 0 rss: 103Mb L: 294/28484 MS: 3 ChangeASCIIInt-ChangeBit-EraseBytes-
#5256	REDUCE cov: 113 ft: 237 corp: 54/99Kb lim: 28484 exec/s: 0 rss: 104Mb L: 894/28484 MS: 2 ChangeASCIIInt-CrossOver-
#5302	REDUCE cov: 113 ft: 237 corp: 54/95Kb lim: 28484 exec/s: 0 rss: 105Mb L: 15018/28484 MS: 1 EraseBytes-
#5519	REDUCE cov: 113 ft: 237 corp: 54/95Kb lim: 28484 exec/s: 0 rss: 107Mb L: 704/28484 MS: 2 CrossOver-EraseBytes-
#5652	REDUCE cov: 113 ft: 238 corp: 55/95Kb lim: 28484 exec/s: 0 rss: 108Mb L: 577/28484 MS: 3 ChangeBinInt-ManualDict-CMP- DE: "Relative colorimetric preserving black ink"-"rXYZ"-
#5848	REDUCE cov: 113 ft: 238 corp: 55/95Kb lim: 28484 exec/s: 0 rss: 109Mb L: 255/28484 MS: 1 EraseBytes-
#6018	REDUCE cov: 113 ft: 238 corp: 55/95Kb lim: 28484 exec/s: 0 rss: 111Mb L: 664/28484 MS: 5 ManualDict-ChangeBinInt-ChangeASCIIInt-ChangeByte-EraseBytes- DE: "#2"-
#6044	REDUCE cov: 113 ft: 238 corp: 55/95Kb lim: 28484 exec/s: 0 rss: 112Mb L: 666/28484 MS: 1 EraseBytes-
#6220	REDUCE cov: 113 ft: 238 corp: 55/95Kb lim: 28484 exec/s: 0 rss: 112Mb L: 588/28484 MS: 1 EraseBytes-
#6268	REDUCE cov: 113 ft: 238 corp: 55/94Kb lim: 28484 exec/s: 0 rss: 113Mb L: 172/28484 MS: 3 ChangeBit-ChangeBit-EraseBytes-
#6353	REDUCE cov: 113 ft: 238 corp: 55/94Kb lim: 28484 exec/s: 0 rss: 115Mb L: 243/28484 MS: 5 ChangeBit-ChangeByte-ChangeByte-ChangeASCIIInt-EraseBytes-
#6437	NEW    cov: 113 ft: 239 corp: 56/96Kb lim: 28484 exec/s: 0 rss: 116Mb L: 1234/28484 MS: 4 CopyPart-CrossOver-ChangeASCIIInt-ChangeBit-
#6714	REDUCE cov: 113 ft: 239 corp: 56/96Kb lim: 28484 exec/s: 0 rss: 118Mb L: 14/28484 MS: 2 PersAutoDict-EraseBytes- DE: "ZYXg"-
#6858	REDUCE cov: 113 ft: 239 corp: 56/95Kb lim: 28484 exec/s: 0 rss: 119Mb L: 135/28484 MS: 4 CopyPart-CrossOver-ShuffleBytes-EraseBytes-
#6889	REDUCE cov: 113 ft: 239 corp: 56/95Kb lim: 28484 exec/s: 0 rss: 120Mb L: 268/28484 MS: 1 EraseBytes-
#6916	REDUCE cov: 113 ft: 239 corp: 56/95Kb lim: 28484 exec/s: 0 rss: 120Mb L: 397/28484 MS: 2 InsertRepeatedBytes-EraseBytes-
#7065	REDUCE cov: 113 ft: 239 corp: 56/95Kb lim: 28484 exec/s: 0 rss: 122Mb L: 156/28484 MS: 4 CopyPart-ChangeByte-InsertByte-EraseBytes-
#7258	REDUCE cov: 113 ft: 239 corp: 56/95Kb lim: 28484 exec/s: 0 rss: 124Mb L: 522/28484 MS: 3 ChangeBinInt-ShuffleBytes-EraseBytes-
#7373	REDUCE cov: 113 ft: 239 corp: 56/95Kb lim: 28484 exec/s: 0 rss: 125Mb L: 626/28484 MS: 5 ManualDict-ChangeBinInt-InsertByte-ChangeBinInt-EraseBytes- DE: "NUMBER_OF_FIELDS"-
#7424	REDUCE cov: 113 ft: 239 corp: 56/95Kb lim: 28484 exec/s: 0 rss: 125Mb L: 251/28484 MS: 1 EraseBytes-
#7449	REDUCE cov: 113 ft: 239 corp: 56/95Kb lim: 28484 exec/s: 0 rss: 125Mb L: 565/28484 MS: 5 ManualDict-ManualDict-CrossOver-CopyPart-CrossOver- DE: "Absolute colorimetric"-"DOMAIN_MAX"-
#7736	REDUCE cov: 113 ft: 239 corp: 56/95Kb lim: 28484 exec/s: 0 rss: 129Mb L: 347/28484 MS: 2 CopyPart-EraseBytes-
#8259	REDUCE cov: 113 ft: 239 corp: 56/95Kb lim: 28484 exec/s: 0 rss: 133Mb L: 540/28484 MS: 3 EraseBytes-ChangeBinInt-InsertRepeatedBytes-
#8302	REDUCE cov: 113 ft: 239 corp: 56/95Kb lim: 28484 exec/s: 0 rss: 134Mb L: 560/28484 MS: 3 ChangeBit-CopyPart-EraseBytes-
#8338	REDUCE cov: 113 ft: 239 corp: 56/95Kb lim: 28484 exec/s: 0 rss: 134Mb L: 254/28484 MS: 1 EraseBytes-
#8411	REDUCE cov: 113 ft: 239 corp: 56/95Kb lim: 28484 exec/s: 0 rss: 135Mb L: 335/28484 MS: 3 ManualDict-EraseBytes-PersAutoDict- DE: "AllocateDataSet: too much data"-"Value"-
#8427	REDUCE cov: 113 ft: 239 corp: 56/95Kb lim: 28484 exec/s: 0 rss: 135Mb L: 142/28484 MS: 1 EraseBytes-
#8501	REDUCE cov: 113 ft: 239 corp: 56/95Kb lim: 28484 exec/s: 0 rss: 135Mb L: 129/28484 MS: 4 ShuffleBytes-ChangeByte-EraseBytes-InsertRepeatedBytes-
#9033	REDUCE cov: 113 ft: 239 corp: 56/95Kb lim: 28484 exec/s: 0 rss: 141Mb L: 247/28484 MS: 2 ChangeASCIIInt-EraseBytes-
#9084	REDUCE cov: 113 ft: 239 corp: 56/95Kb lim: 28484 exec/s: 0 rss: 141Mb L: 546/28484 MS: 1 EraseBytes-
#9636	REDUCE cov: 113 ft: 239 corp: 56/95Kb lim: 28484 exec/s: 0 rss: 145Mb L: 12/28484 MS: 2 InsertByte-EraseBytes-
#9707	REDUCE cov: 113 ft: 239 corp: 56/95Kb lim: 28484 exec/s: 0 rss: 146Mb L: 373/28484 MS: 1 EraseBytes-
#9805	REDUCE cov: 113 ft: 239 corp: 56/95Kb lim: 28484 exec/s: 0 rss: 147Mb L: 802/28484 MS: 3 ChangeASCIIInt-ManualDict-EraseBytes- DE: "MD5"-
#9982	REDUCE cov: 113 ft: 239 corp: 56/95Kb lim: 28484 exec/s: 0 rss: 148Mb L: 780/28484 MS: 2 PersAutoDict-EraseBytes- DE: "\003\024"-
#10125	REDUCE cov: 113 ft: 239 corp: 56/95Kb lim: 28484 exec/s: 0 rss: 149Mb L: 7/28484 MS: 3 CopyPart-CrossOver-EraseBytes-
#10131	REDUCE cov: 113 ft: 239 corp: 56/95Kb lim: 28484 exec/s: 0 rss: 149Mb L: 285/28484 MS: 1 EraseBytes-
#10305	REDUCE cov: 113 ft: 239 corp: 56/95Kb lim: 28484 exec/s: 0 rss: 151Mb L: 489/28484 MS: 4 ChangeBit-ShuffleBytes-CrossOver-EraseBytes-
#10502	REDUCE cov: 113 ft: 239 corp: 56/94Kb lim: 28484 exec/s: 0 rss: 153Mb L: 469/28484 MS: 2 CMP-EraseBytes- DE: "\002\000\000\000\000\000\000\000"-
#10603	REDUCE cov: 113 ft: 239 corp: 56/94Kb lim: 28484 exec/s: 0 rss: 153Mb L: 192/28484 MS: 1 EraseBytes-
#10722	NEW    cov: 113 ft: 241 corp: 57/95Kb lim: 28484 exec/s: 0 rss: 154Mb L: 134/28484 MS: 4 ChangeBinInt-PersAutoDict-ShuffleBytes-EraseBytes- DE: "#2"-
#11189	REDUCE cov: 113 ft: 241 corp: 57/94Kb lim: 28484 exec/s: 0 rss: 159Mb L: 948/28484 MS: 2 ManualDict-EraseBytes- DE: "PRINT_CONDITIONS"-
#11315	REDUCE cov: 113 ft: 241 corp: 57/94Kb lim: 28484 exec/s: 0 rss: 160Mb L: 214/28484 MS: 1 EraseBytes-
#11382	REDUCE cov: 113 ft: 241 corp: 57/94Kb lim: 28484 exec/s: 0 rss: 160Mb L: 139/28484 MS: 2 ManualDict-EraseBytes- DE: "$INCLUDE"-
#11618	REDUCE cov: 113 ft: 241 corp: 57/94Kb lim: 28484 exec/s: 0 rss: 163Mb L: 6/28484 MS: 1 EraseBytes-
#11626	REDUCE cov: 113 ft: 241 corp: 57/94Kb lim: 28484 exec/s: 0 rss: 163Mb L: 712/28484 MS: 3 ChangeByte-EraseBytes-ManualDict- DE: "Invalid output color space"-
#12232	REDUCE cov: 113 ft: 241 corp: 57/94Kb lim: 28484 exec/s: 0 rss: 168Mb L: 551/28484 MS: 1 EraseBytes-
#13358	REDUCE cov: 113 ft: 241 corp: 57/94Kb lim: 28484 exec/s: 0 rss: 178Mb L: 5/28484 MS: 1 EraseBytes-
#13379	REDUCE cov: 113 ft: 241 corp: 57/94Kb lim: 28484 exec/s: 0 rss: 178Mb L: 558/28484 MS: 1 EraseBytes-
#13587	REDUCE cov: 113 ft: 242 corp: 58/95Kb lim: 28484 exec/s: 0 rss: 180Mb L: 489/28484 MS: 3 ChangeBinInt-ShuffleBytes-ShuffleBytes-
#13603	REDUCE cov: 113 ft: 242 corp: 58/94Kb lim: 28484 exec/s: 0 rss: 180Mb L: 266/28484 MS: 1 EraseBytes-
#13719	REDUCE cov: 113 ft: 242 corp: 58/94Kb lim: 28484 exec/s: 0 rss: 180Mb L: 541/28484 MS: 1 EraseBytes-
#14539	REDUCE cov: 113 ft: 242 corp: 58/94Kb lim: 28484 exec/s: 0 rss: 187Mb L: 838/28484 MS: 5 InsertRepeatedBytes-PersAutoDict-CMP-EraseBytes-ManualDict- DE: "MD5"-"\000\000\000\000\000\000\001\377"-"Lab identity built-in"-
#15342	REDUCE cov: 113 ft: 242 corp: 58/94Kb lim: 28484 exec/s: 0 rss: 195Mb L: 265/28484 MS: 3 ChangeByte-CrossOver-EraseBytes-
#15387	REDUCE cov: 113 ft: 242 corp: 58/94Kb lim: 28484 exec/s: 0 rss: 195Mb L: 613/28484 MS: 5 ShuffleBytes-ChangeASCIIInt-EraseBytes-ChangeBit-CopyPart-
#15683	REDUCE cov: 113 ft: 242 corp: 58/94Kb lim: 28484 exec/s: 0 rss: 198Mb L: 403/28484 MS: 1 EraseBytes-
#16009	REDUCE cov: 113 ft: 242 corp: 58/94Kb lim: 28484 exec/s: 0 rss: 202Mb L: 3/28484 MS: 1 EraseBytes-
#16150	REDUCE cov: 113 ft: 242 corp: 58/94Kb lim: 28484 exec/s: 0 rss: 204Mb L: 541/28484 MS: 1 EraseBytes-
#16236	REDUCE cov: 113 ft: 242 corp: 58/94Kb lim: 28484 exec/s: 0 rss: 204Mb L: 152/28484 MS: 1 EraseBytes-
#16441	REDUCE cov: 113 ft: 242 corp: 58/94Kb lim: 28484 exec/s: 0 rss: 207Mb L: 287/28484 MS: 5 CMP-ChangeBit-ChangeBinInt-ChangeASCIIInt-EraseBytes- DE: "\000\000\000\000\000\000\000\003"-
#16822	REDUCE cov: 113 ft: 242 corp: 58/94Kb lim: 28484 exec/s: 0 rss: 210Mb L: 513/28484 MS: 1 EraseBytes-
#17153	REDUCE cov: 113 ft: 242 corp: 58/94Kb lim: 28484 exec/s: 0 rss: 214Mb L: 2/28484 MS: 1 EraseBytes-
#17282	REDUCE cov: 113 ft: 242 corp: 58/94Kb lim: 28484 exec/s: 0 rss: 215Mb L: 128/28484 MS: 4 CMP-ManualDict-PersAutoDict-EraseBytes- DE: "\001\000\000\000\000\000\000\020"-"DOMAIN_MAX"-"\370\000\000\000"-
#17319	REDUCE cov: 113 ft: 242 corp: 58/94Kb lim: 28484 exec/s: 0 rss: 216Mb L: 347/28484 MS: 2 ChangeASCIIInt-EraseBytes-
#17392	REDUCE cov: 113 ft: 242 corp: 58/94Kb lim: 28484 exec/s: 0 rss: 216Mb L: 247/28484 MS: 3 ManualDict-InsertByte-EraseBytes- DE: "AddToList: out of memory"-
#17437	REDUCE cov: 113 ft: 242 corp: 58/94Kb lim: 28484 exec/s: 0 rss: 217Mb L: 670/28484 MS: 5 ChangeASCIIInt-ShuffleBytes-ManualDict-ChangeASCIIInt-EraseBytes- DE: "Linearization built-in"-
#17518	REDUCE cov: 113 ft: 242 corp: 58/94Kb lim: 28484 exec/s: 0 rss: 217Mb L: 1/28484 MS: 1 EraseBytes-
#17529	REDUCE cov: 113 ft: 242 corp: 58/94Kb lim: 28484 exec/s: 0 rss: 218Mb L: 622/28484 MS: 1 EraseBytes-
#17671	REDUCE cov: 113 ft: 243 corp: 59/94Kb lim: 28484 exec/s: 0 rss: 220Mb L: 513/28484 MS: 2 ManualDict-CMP- DE: "good enough"-"A2A0"-
#17717	REDUCE cov: 113 ft: 243 corp: 59/94Kb lim: 28484 exec/s: 0 rss: 220Mb L: 573/28484 MS: 1 EraseBytes-
#17785	REDUCE cov: 113 ft: 243 corp: 59/94Kb lim: 28484 exec/s: 0 rss: 221Mb L: 220/28484 MS: 3 ShuffleBytes-ChangeByte-EraseBytes-
#18024	REDUCE cov: 113 ft: 243 corp: 59/94Kb lim: 28484 exec/s: 0 rss: 223Mb L: 238/28484 MS: 4 ChangeBit-ChangeBinInt-PersAutoDict-EraseBytes- DE: "\003\024"-
#18224	REDUCE cov: 113 ft: 243 corp: 59/94Kb lim: 28484 exec/s: 0 rss: 225Mb L: 537/28484 MS: 5 ManualDict-InsertRepeatedBytes-EraseBytes-InsertRepeatedBytes-InsertRepeatedBytes- DE: "get "-
#18280	REDUCE cov: 113 ft: 243 corp: 59/94Kb lim: 28484 exec/s: 0 rss: 225Mb L: 183/28484 MS: 1 EraseBytes-
#18352	REDUCE cov: 113 ft: 244 corp: 60/94Kb lim: 28484 exec/s: 0 rss: 226Mb L: 342/28484 MS: 2 ChangeByte-CopyPart-
#19045	NEW    cov: 113 ft: 245 corp: 61/95Kb lim: 28484 exec/s: 0 rss: 231Mb L: 580/28484 MS: 3 PersAutoDict-CMP-CrossOver- DE: "\015\000\000\000"-"\000\000\000\000\000\000\000\017"-
#19820	REDUCE cov: 113 ft: 245 corp: 61/95Kb lim: 28484 exec/s: 0 rss: 238Mb L: 25136/28484 MS: 5 ChangeByte-ChangeBit-CopyPart-InsertRepeatedBytes-EraseBytes-
#19936	REDUCE cov: 113 ft: 245 corp: 61/95Kb lim: 28484 exec/s: 0 rss: 239Mb L: 152/28484 MS: 1 EraseBytes-
#20049	REDUCE cov: 113 ft: 245 corp: 61/95Kb lim: 28484 exec/s: 0 rss: 241Mb L: 485/28484 MS: 3 ManualDict-ChangeByte-EraseBytes- DE: " : "-
#20425	REDUCE cov: 113 ft: 245 corp: 61/95Kb lim: 28484 exec/s: 0 rss: 244Mb L: 128/28484 MS: 1 EraseBytes-
#20729	REDUCE cov: 113 ft: 245 corp: 61/95Kb lim: 28484 exec/s: 0 rss: 247Mb L: 343/28484 MS: 4 PersAutoDict-ChangeBinInt-CrossOver-EraseBytes- DE: "gXYZ"-
#21136	REDUCE cov: 113 ft: 245 corp: 61/95Kb lim: 28484 exec/s: 0 rss: 250Mb L: 552/28484 MS: 2 CopyPart-EraseBytes-
#21303	REDUCE cov: 113 ft: 245 corp: 61/95Kb lim: 28484 exec/s: 0 rss: 252Mb L: 147/28484 MS: 2 InsertByte-EraseBytes-
#21497	REDUCE cov: 113 ft: 245 corp: 61/95Kb lim: 28484 exec/s: 0 rss: 253Mb L: 268/28484 MS: 4 ChangeByte-ChangeBinInt-CrossOver-EraseBytes-
#21573	REDUCE cov: 113 ft: 245 corp: 61/95Kb lim: 28484 exec/s: 0 rss: 254Mb L: 132/28484 MS: 1 EraseBytes-
#21799	REDUCE cov: 113 ft: 245 corp: 61/95Kb lim: 28484 exec/s: 0 rss: 256Mb L: 503/28484 MS: 1 EraseBytes-
#21991	REDUCE cov: 113 ft: 245 corp: 61/95Kb lim: 28484 exec/s: 0 rss: 257Mb L: 536/28484 MS: 2 ChangeASCIIInt-EraseBytes-
#22177	REDUCE cov: 113 ft: 245 corp: 61/95Kb lim: 28484 exec/s: 0 rss: 259Mb L: 547/28484 MS: 1 EraseBytes-
#22238	NEW    cov: 113 ft: 246 corp: 62/95Kb lim: 28484 exec/s: 0 rss: 260Mb L: 489/28484 MS: 1 ChangeBinInt-
#22324	REDUCE cov: 114 ft: 250 corp: 63/96Kb lim: 28484 exec/s: 0 rss: 260Mb L: 540/28484 MS: 1 CopyPart-
#22341	REDUCE cov: 114 ft: 250 corp: 63/95Kb lim: 28484 exec/s: 0 rss: 260Mb L: 14484/28484 MS: 2 PersAutoDict-EraseBytes- DE: "good enough"-
#22636	REDUCE cov: 114 ft: 250 corp: 63/95Kb lim: 28484 exec/s: 0 rss: 264Mb L: 444/28484 MS: 5 ChangeBit-ChangeASCIIInt-PersAutoDict-ManualDict-EraseBytes- DE: "Little CMS"-"get "-
#24003	REDUCE cov: 114 ft: 251 corp: 64/96Kb lim: 28484 exec/s: 0 rss: 278Mb L: 773/28484 MS: 2 CopyPart-CopyPart-
#24033	REDUCE cov: 114 ft: 252 corp: 65/96Kb lim: 28484 exec/s: 0 rss: 278Mb L: 545/28484 MS: 5 CopyPart-ChangeBinInt-InsertRepeatedBytes-InsertByte-CopyPart-
#24598	REDUCE cov: 114 ft: 252 corp: 65/96Kb lim: 28484 exec/s: 0 rss: 283Mb L: 641/28484 MS: 5 ShuffleBytes-ChangeByte-ChangeASCIIInt-ChangeByte-EraseBytes-
#24985	REDUCE cov: 114 ft: 252 corp: 65/96Kb lim: 28484 exec/s: 0 rss: 286Mb L: 264/28484 MS: 2 ChangeBit-EraseBytes-
#25089	REDUCE cov: 114 ft: 252 corp: 65/96Kb lim: 28484 exec/s: 0 rss: 287Mb L: 134/28484 MS: 4 ShuffleBytes-ManualDict-ChangeBit-EraseBytes- DE: "not an ICC profile, invalid signature"-
#25140	REDUCE cov: 114 ft: 252 corp: 65/96Kb lim: 28484 exec/s: 0 rss: 288Mb L: 546/28484 MS: 1 EraseBytes-
#26254	REDUCE cov: 114 ft: 252 corp: 65/96Kb lim: 28484 exec/s: 0 rss: 298Mb L: 146/28484 MS: 4 CrossOver-ChangeByte-CMP-EraseBytes- DE: "\001\000\000\305"-
#26350	REDUCE cov: 114 ft: 252 corp: 65/96Kb lim: 28484 exec/s: 0 rss: 299Mb L: 2590/28484 MS: 1 EraseBytes-
#26360	REDUCE cov: 114 ft: 253 corp: 66/97Kb lim: 28484 exec/s: 0 rss: 299Mb L: 517/28484 MS: 5 ChangeByte-InsertByte-ManualDict-ManualDict-InsertRepeatedBytes- DE: "Software"-"CMYK_Y"-
#26918	REDUCE cov: 114 ft: 253 corp: 66/97Kb lim: 28484 exec/s: 0 rss: 303Mb L: 676/28484 MS: 3 ChangeByte-PersAutoDict-EraseBytes- DE: "Software"-
#27081	REDUCE cov: 114 ft: 253 corp: 66/96Kb lim: 28484 exec/s: 0 rss: 305Mb L: 289/28484 MS: 3 ChangeBit-ChangeBinInt-EraseBytes-
#27232	REDUCE cov: 114 ft: 253 corp: 66/96Kb lim: 28484 exec/s: 0 rss: 306Mb L: 531/28484 MS: 1 EraseBytes-
#27633	REDUCE cov: 114 ft: 253 corp: 66/96Kb lim: 28484 exec/s: 0 rss: 309Mb L: 255/28484 MS: 1 EraseBytes-
#27889	REDUCE cov: 114 ft: 253 corp: 66/96Kb lim: 28484 exec/s: 0 rss: 311Mb L: 478/28484 MS: 1 EraseBytes-
#27926	REDUCE cov: 114 ft: 253 corp: 66/96Kb lim: 28484 exec/s: 0 rss: 311Mb L: 411/28484 MS: 2 PersAutoDict-EraseBytes- DE: "Bad dictionary Name/Value"-
#28247	REDUCE cov: 114 ft: 253 corp: 66/96Kb lim: 28484 exec/s: 0 rss: 314Mb L: 180/28484 MS: 1 EraseBytes-
#28272	REDUCE cov: 114 ft: 253 corp: 66/96Kb lim: 28484 exec/s: 0 rss: 314Mb L: 501/28484 MS: 5 ChangeASCIIInt-InsertRepeatedBytes-CopyPart-ChangeBit-EraseBytes-
#28481	REDUCE cov: 114 ft: 253 corp: 66/96Kb lim: 28484 exec/s: 0 rss: 315Mb L: 178/28484 MS: 4 ManualDict-ManualDict-ShuffleBytes-EraseBytes- DE: "Perceptual"-"Perceptual"-
#28699	REDUCE cov: 114 ft: 253 corp: 66/96Kb lim: 28484 exec/s: 0 rss: 317Mb L: 230/28484 MS: 3 ChangeBinInt-InsertByte-EraseBytes-
#28877	REDUCE cov: 114 ft: 253 corp: 66/96Kb lim: 28484 exec/s: 0 rss: 319Mb L: 130/28484 MS: 3 CrossOver-ShuffleBytes-EraseBytes-
#29572	REDUCE cov: 114 ft: 253 corp: 66/96Kb lim: 28484 exec/s: 0 rss: 324Mb L: 213/28484 MS: 5 ShuffleBytes-ChangeByte-InsertRepeatedBytes-ChangeBinInt-EraseBytes-
#29678	REDUCE cov: 114 ft: 253 corp: 66/96Kb lim: 28484 exec/s: 0 rss: 325Mb L: 194/28484 MS: 1 EraseBytes-
#30018	REDUCE cov: 114 ft: 253 corp: 66/96Kb lim: 28484 exec/s: 0 rss: 328Mb L: 128/28484 MS: 5 ChangeBinInt-InsertByte-CMP-CrossOver-EraseBytes- DE: "\001\000\000#"-
#30560	REDUCE cov: 114 ft: 253 corp: 66/96Kb lim: 28484 exec/s: 0 rss: 334Mb L: 557/28484 MS: 2 InsertByte-EraseBytes-
#30584	REDUCE cov: 114 ft: 253 corp: 66/96Kb lim: 28484 exec/s: 0 rss: 334Mb L: 479/28484 MS: 4 ManualDict-ChangeBinInt-ShuffleBytes-EraseBytes- DE: "4 -1 roll "-
#30647	REDUCE cov: 114 ft: 253 corp: 66/96Kb lim: 28484 exec/s: 0 rss: 334Mb L: 383/28484 MS: 3 ChangeASCIIInt-ChangeBit-EraseBytes-
#31404	REDUCE cov: 114 ft: 256 corp: 67/96Kb lim: 28484 exec/s: 0 rss: 341Mb L: 139/28484 MS: 2 ChangeASCIIInt-EraseBytes-
#31666	REDUCE cov: 114 ft: 256 corp: 67/96Kb lim: 28484 exec/s: 0 rss: 344Mb L: 726/28484 MS: 2 ShuffleBytes-EraseBytes-
#31707	REDUCE cov: 114 ft: 256 corp: 67/96Kb lim: 28484 exec/s: 0 rss: 344Mb L: 545/28484 MS: 1 EraseBytes-
#32417	REDUCE cov: 114 ft: 256 corp: 67/96Kb lim: 28484 exec/s: 0 rss: 348Mb L: 240/28484 MS: 5 ManualDict-CopyPart-ChangeBit-ChangeBit-EraseBytes- DE: "CGATS.17"-
#34375	REDUCE cov: 114 ft: 256 corp: 67/96Kb lim: 28498 exec/s: 0 rss: 365Mb L: 429/28484 MS: 3 ManualDict-ChangeBit-EraseBytes- DE: "XYY_X"-
#34426	REDUCE cov: 114 ft: 256 corp: 67/96Kb lim: 28498 exec/s: 0 rss: 365Mb L: 404/28484 MS: 1 EraseBytes-
#36025	REDUCE cov: 114 ft: 257 corp: 68/96Kb lim: 28512 exec/s: 0 rss: 371Mb L: 565/28484 MS: 4 ManualDict-CrossOver-CopyPart-ChangeBit- DE: "END_DATA"-
#36052	REDUCE cov: 114 ft: 257 corp: 68/96Kb lim: 28512 exec/s: 0 rss: 371Mb L: 537/28484 MS: 2 CrossOver-EraseBytes-
#36103	REDUCE cov: 114 ft: 257 corp: 68/96Kb lim: 28512 exec/s: 0 rss: 371Mb L: 502/28484 MS: 1 EraseBytes-
#36117	REDUCE cov: 114 ft: 257 corp: 68/96Kb lim: 28512 exec/s: 0 rss: 371Mb L: 482/28484 MS: 4 PersAutoDict-ChangeByte-InsertByte-EraseBytes- DE: "get "-
#36802	REDUCE cov: 114 ft: 257 corp: 68/96Kb lim: 28512 exec/s: 0 rss: 372Mb L: 14353/28484 MS: 5 ChangeBinInt-ShuffleBytes-InsertByte-ManualDict-EraseBytes- DE: " } bind "-
#37093	REDUCE cov: 114 ft: 257 corp: 68/96Kb lim: 28512 exec/s: 0 rss: 372Mb L: 324/28484 MS: 1 EraseBytes-
#37512	REDUCE cov: 114 ft: 257 corp: 68/96Kb lim: 28512 exec/s: 0 rss: 372Mb L: 659/28484 MS: 4 EraseBytes-ManualDict-ShuffleBytes-PersAutoDict- DE: "{ 1 } bind "-"AllocateDataSet: too much data"-
#37553	REDUCE cov: 114 ft: 257 corp: 68/96Kb lim: 28512 exec/s: 0 rss: 372Mb L: 476/28484 MS: 1 EraseBytes-
#39119	NEW    cov: 114 ft: 258 corp: 69/97Kb lim: 28526 exec/s: 0 rss: 379Mb L: 565/28484 MS: 1 ChangeBit-
#39242	REDUCE cov: 114 ft: 258 corp: 69/97Kb lim: 28526 exec/s: 0 rss: 379Mb L: 477/28484 MS: 3 ShuffleBytes-ChangeBit-EraseBytes-
#39902	REDUCE cov: 114 ft: 258 corp: 69/97Kb lim: 28526 exec/s: 0 rss: 379Mb L: 654/28484 MS: 5 ShuffleBytes-InsertRepeatedBytes-ManualDict-EraseBytes-EraseBytes- DE: "TABLE_NAME"-
#42203	REDUCE cov: 114 ft: 258 corp: 69/97Kb lim: 28540 exec/s: 0 rss: 381Mb L: 631/28484 MS: 1 EraseBytes-
#42279	REDUCE cov: 114 ft: 258 corp: 69/97Kb lim: 28540 exec/s: 0 rss: 381Mb L: 186/28484 MS: 1 EraseBytes-
#43001	REDUCE cov: 114 ft: 258 corp: 69/97Kb lim: 28540 exec/s: 0 rss: 383Mb L: 311/28484 MS: 2 ShuffleBytes-EraseBytes-
#43454	REDUCE cov: 114 ft: 258 corp: 69/97Kb lim: 28540 exec/s: 0 rss: 383Mb L: 299/28484 MS: 3 ChangeByte-CMP-EraseBytes- DE: "Wy\000l"-
#43758	REDUCE cov: 114 ft: 258 corp: 69/97Kb lim: 28540 exec/s: 0 rss: 383Mb L: 164/28484 MS: 4 ChangeByte-ChangeASCIIInt-ShuffleBytes-EraseBytes-
#44372	REDUCE cov: 114 ft: 258 corp: 69/97Kb lim: 28540 exec/s: 0 rss: 383Mb L: 130/28484 MS: 4 ShuffleBytes-EraseBytes-CMP-PersAutoDict- DE: "\021\000\000\000\000\000\000\000"-"END_DATA"-
#44589	REDUCE cov: 114 ft: 258 corp: 69/97Kb lim: 28540 exec/s: 0 rss: 383Mb L: 524/28484 MS: 2 ShuffleBytes-EraseBytes-
#45730	REDUCE cov: 114 ft: 258 corp: 69/96Kb lim: 28540 exec/s: 0 rss: 384Mb L: 409/28484 MS: 1 EraseBytes-
#46102	REDUCE cov: 114 ft: 258 corp: 69/96Kb lim: 28540 exec/s: 0 rss: 384Mb L: 243/28484 MS: 2 CMP-EraseBytes- DE: "\001\000\000\000\000\000\000\017"-
#46843	REDUCE cov: 114 ft: 258 corp: 69/96Kb lim: 28540 exec/s: 0 rss: 386Mb L: 542/28484 MS: 1 EraseBytes-
#47094	REDUCE cov: 114 ft: 258 corp: 69/96Kb lim: 28540 exec/s: 0 rss: 386Mb L: 172/28484 MS: 1 EraseBytes-
#47125	REDUCE cov: 114 ft: 258 corp: 69/96Kb lim: 28540 exec/s: 0 rss: 386Mb L: 532/28484 MS: 1 EraseBytes-
#49327	REDUCE cov: 114 ft: 258 corp: 69/96Kb lim: 28554 exec/s: 0 rss: 386Mb L: 516/28484 MS: 2 ShuffleBytes-EraseBytes-
#49349	REDUCE cov: 114 ft: 258 corp: 69/96Kb lim: 28554 exec/s: 0 rss: 386Mb L: 629/28484 MS: 2 EraseBytes-CrossOver-
#52403	NEW    cov: 114 ft: 259 corp: 70/97Kb lim: 28582 exec/s: 0 rss: 387Mb L: 565/28484 MS: 4 ChangeASCIIInt-CopyPart-ChangeBinInt-PersAutoDict- DE: "\001\000\000\000\000\000\000\012"-
#53335	REDUCE cov: 114 ft: 259 corp: 70/97Kb lim: 28582 exec/s: 0 rss: 387Mb L: 431/28484 MS: 2 ChangeByte-EraseBytes-
#53672	REDUCE cov: 114 ft: 259 corp: 70/97Kb lim: 28582 exec/s: 0 rss: 387Mb L: 278/28484 MS: 2 ChangeASCIIInt-EraseBytes-
#54183	REDUCE cov: 114 ft: 259 corp: 70/97Kb lim: 28582 exec/s: 0 rss: 387Mb L: 168/28484 MS: 1 EraseBytes-
#54239	REDUCE cov: 114 ft: 259 corp: 70/97Kb lim: 28582 exec/s: 0 rss: 387Mb L: 325/28484 MS: 1 EraseBytes-
#54487	REDUCE cov: 114 ft: 259 corp: 70/97Kb lim: 28582 exec/s: 0 rss: 387Mb L: 583/28484 MS: 3 ChangeByte-InsertRepeatedBytes-EraseBytes-
#54608	REDUCE cov: 114 ft: 259 corp: 70/97Kb lim: 28582 exec/s: 0 rss: 388Mb L: 228/28484 MS: 1 EraseBytes-
#55262	REDUCE cov: 114 ft: 259 corp: 70/97Kb lim: 28582 exec/s: 0 rss: 391Mb L: 138/28484 MS: 4 ChangeBit-CMP-ChangeBinInt-EraseBytes- DE: "kumi"-
#55458	REDUCE cov: 114 ft: 259 corp: 70/97Kb lim: 28582 exec/s: 0 rss: 391Mb L: 532/28484 MS: 1 EraseBytes-
#55470	REDUCE cov: 114 ft: 259 corp: 70/97Kb lim: 28582 exec/s: 0 rss: 391Mb L: 167/28484 MS: 2 InsertByte-EraseBytes-
#55791	REDUCE cov: 114 ft: 259 corp: 70/97Kb lim: 28582 exec/s: 55791 rss: 391Mb L: 575/28484 MS: 1 EraseBytes-
#56705	REDUCE cov: 114 ft: 259 corp: 70/97Kb lim: 28582 exec/s: 56705 rss: 392Mb L: 235/28484 MS: 2 ChangeASCIIInt-EraseBytes-
#56744	REDUCE cov: 114 ft: 259 corp: 70/97Kb lim: 28582 exec/s: 56744 rss: 392Mb L: 198/28484 MS: 4 ChangeBinInt-PersAutoDict-ShuffleBytes-EraseBytes- DE: "\001\000\000\017"-
#57409	REDUCE cov: 114 ft: 259 corp: 70/97Kb lim: 28582 exec/s: 57409 rss: 392Mb L: 656/28484 MS: 5 ChangeBinInt-ChangeByte-EraseBytes-ChangeByte-CrossOver-
#57420	REDUCE cov: 114 ft: 259 corp: 70/97Kb lim: 28582 exec/s: 57420 rss: 392Mb L: 478/28484 MS: 1 EraseBytes-
#58648	NEW    cov: 114 ft: 260 corp: 71/97Kb lim: 28582 exec/s: 58648 rss: 392Mb L: 142/28484 MS: 3 ChangeBinInt-ChangeBit-ManualDict- DE: "3 index "-
#59407	REDUCE cov: 114 ft: 260 corp: 71/97Kb lim: 28582 exec/s: 59407 rss: 392Mb L: 515/28484 MS: 4 InsertByte-ChangeBinInt-ChangeBit-EraseBytes-
#60288	REDUCE cov: 114 ft: 260 corp: 71/97Kb lim: 28582 exec/s: 60288 rss: 392Mb L: 497/28484 MS: 1 EraseBytes-
#60401	REDUCE cov: 114 ft: 260 corp: 71/97Kb lim: 28582 exec/s: 60401 rss: 392Mb L: 259/28484 MS: 3 ChangeBinInt-ShuffleBytes-EraseBytes-
#60702	REDUCE cov: 114 ft: 260 corp: 71/97Kb lim: 28582 exec/s: 60702 rss: 392Mb L: 166/28484 MS: 1 EraseBytes-
#61594	REDUCE cov: 114 ft: 260 corp: 71/97Kb lim: 28582 exec/s: 61594 rss: 392Mb L: 2561/28484 MS: 2 ChangeASCIIInt-EraseBytes-
#62252	REDUCE cov: 114 ft: 260 corp: 71/97Kb lim: 28582 exec/s: 62252 rss: 392Mb L: 392/28484 MS: 3 ManualDict-CrossOver-EraseBytes- DE: "DIFFUSE_GEOMETRY"-
#63513	REDUCE cov: 114 ft: 260 corp: 71/97Kb lim: 28582 exec/s: 63513 rss: 395Mb L: 535/28484 MS: 1 EraseBytes-
#64264	REDUCE cov: 114 ft: 260 corp: 71/97Kb lim: 28582 exec/s: 64264 rss: 395Mb L: 556/28484 MS: 1 EraseBytes-
#67475	REDUCE cov: 114 ft: 260 corp: 71/97Kb lim: 28610 exec/s: 67475 rss: 396Mb L: 133/28484 MS: 1 EraseBytes-
#69121	REDUCE cov: 114 ft: 260 corp: 71/97Kb lim: 28624 exec/s: 69121 rss: 396Mb L: 478/28484 MS: 1 EraseBytes-
#71193	REDUCE cov: 114 ft: 260 corp: 71/97Kb lim: 28638 exec/s: 71193 rss: 397Mb L: 558/28484 MS: 2 ShuffleBytes-EraseBytes-
#71207	REDUCE cov: 114 ft: 260 corp: 71/97Kb lim: 28638 exec/s: 71207 rss: 397Mb L: 552/28484 MS: 4 EraseBytes-CopyPart-ChangeBit-PersAutoDict- DE: "not an ICC profile, invalid signature"-
#72350	REDUCE cov: 114 ft: 260 corp: 71/97Kb lim: 28638 exec/s: 72350 rss: 397Mb L: 130/28484 MS: 3 ChangeBit-ChangeBinInt-EraseBytes-
#72651	REDUCE cov: 114 ft: 260 corp: 71/97Kb lim: 28638 exec/s: 72651 rss: 397Mb L: 540/28484 MS: 1 EraseBytes-
#72747	REDUCE cov: 114 ft: 260 corp: 71/97Kb lim: 28638 exec/s: 72747 rss: 397Mb L: 534/28484 MS: 1 EraseBytes-
#72748	REDUCE cov: 114 ft: 260 corp: 71/97Kb lim: 28638 exec/s: 72748 rss: 397Mb L: 532/28484 MS: 1 EraseBytes-
#73399	REDUCE cov: 114 ft: 260 corp: 71/97Kb lim: 28638 exec/s: 73399 rss: 397Mb L: 205/28484 MS: 1 EraseBytes-
#77485	REDUCE cov: 114 ft: 260 corp: 71/97Kb lim: 28666 exec/s: 77485 rss: 399Mb L: 301/28484 MS: 1 EraseBytes-
#77822	REDUCE cov: 114 ft: 260 corp: 71/97Kb lim: 28666 exec/s: 77822 rss: 399Mb L: 625/28484 MS: 2 ChangeByte-EraseBytes-
#78893	REDUCE cov: 114 ft: 260 corp: 71/97Kb lim: 28666 exec/s: 78893 rss: 400Mb L: 277/28484 MS: 1 EraseBytes-
#79601	REDUCE cov: 114 ft: 260 corp: 71/97Kb lim: 28666 exec/s: 79601 rss: 400Mb L: 714/28484 MS: 3 ChangeASCIIInt-ChangeBit-EraseBytes-
#81818	REDUCE cov: 114 ft: 260 corp: 71/96Kb lim: 28680 exec/s: 81818 rss: 400Mb L: 218/28484 MS: 2 EraseBytes-CMP- DE: "\276\002\000\000"-
#82407	REDUCE cov: 114 ft: 260 corp: 71/96Kb lim: 28680 exec/s: 82407 rss: 400Mb L: 570/28484 MS: 4 PersAutoDict-InsertRepeatedBytes-InsertRepeatedBytes-EraseBytes- DE: "AddToList: out of memory"-
#83703	REDUCE cov: 114 ft: 260 corp: 71/96Kb lim: 28680 exec/s: 83703 rss: 402Mb L: 221/28484 MS: 1 EraseBytes-
#86475	REDUCE cov: 114 ft: 260 corp: 71/96Kb lim: 28694 exec/s: 86475 rss: 402Mb L: 480/28484 MS: 2 InsertRepeatedBytes-EraseBytes-
#86863	REDUCE cov: 114 ft: 260 corp: 71/96Kb lim: 28694 exec/s: 86863 rss: 402Mb L: 129/28484 MS: 3 ChangeBit-ChangeByte-EraseBytes-
#90985	REDUCE cov: 114 ft: 260 corp: 71/96Kb lim: 28722 exec/s: 90985 rss: 402Mb L: 157/28484 MS: 2 ChangeBit-EraseBytes-
#95438	REDUCE cov: 114 ft: 260 corp: 71/96Kb lim: 28764 exec/s: 95438 rss: 402Mb L: 552/28484 MS: 3 ChangeByte-ShuffleBytes-EraseBytes-
#97334	REDUCE cov: 114 ft: 260 corp: 71/96Kb lim: 28778 exec/s: 97334 rss: 402Mb L: 503/28484 MS: 1 EraseBytes-
#100323	REDUCE cov: 114 ft: 260 corp: 71/96Kb lim: 28806 exec/s: 100323 rss: 402Mb L: 617/28484 MS: 4 PersAutoDict-ChangeBinInt-EraseBytes-ManualDict- DE: "Perceptual"-"BEGIN_DATA_FORMAT"-
#101858	REDUCE cov: 114 ft: 262 corp: 72/97Kb lim: 28820 exec/s: 101858 rss: 402Mb L: 570/28484 MS: 5 ChangeByte-ChangeBit-ManualDict-ChangeASCIIInt-CopyPart- DE: "Saturation preserving black plane"-
#102046	REDUCE cov: 114 ft: 262 corp: 72/97Kb lim: 28820 exec/s: 102046 rss: 402Mb L: 557/28484 MS: 3 ChangeByte-ChangeBinInt-EraseBytes-
#103765	REDUCE cov: 114 ft: 262 corp: 72/97Kb lim: 28834 exec/s: 103765 rss: 404Mb L: 517/28484 MS: 4 CopyPart-ManualDict-ShuffleBytes-EraseBytes- DE: "LUT_IN_VIDEO_RANGE"-
#104707	REDUCE cov: 114 ft: 262 corp: 72/97Kb lim: 28834 exec/s: 104707 rss: 404Mb L: 544/28484 MS: 2 ChangeByte-EraseBytes-
#104750	REDUCE cov: 114 ft: 262 corp: 72/97Kb lim: 28834 exec/s: 104750 rss: 404Mb L: 539/28484 MS: 3 CrossOver-ChangeByte-EraseBytes-
#105631	REDUCE cov: 114 ft: 262 corp: 72/97Kb lim: 28834 exec/s: 105631 rss: 404Mb L: 505/28484 MS: 1 EraseBytes-
#105754	REDUCE cov: 114 ft: 262 corp: 72/97Kb lim: 28834 exec/s: 105754 rss: 404Mb L: 477/28484 MS: 3 InsertByte-ChangeASCIIInt-EraseBytes-
#106432	REDUCE cov: 114 ft: 262 corp: 72/97Kb lim: 28834 exec/s: 106432 rss: 404Mb L: 397/28484 MS: 3 EraseBytes-ChangeByte-PersAutoDict- DE: "ZYXg"-
#107789	REDUCE cov: 114 ft: 262 corp: 72/97Kb lim: 28834 exec/s: 107789 rss: 407Mb L: 598/28484 MS: 2 ChangeBit-EraseBytes-
#107822	REDUCE cov: 114 ft: 262 corp: 72/97Kb lim: 28834 exec/s: 107822 rss: 407Mb L: 574/28484 MS: 3 ChangeByte-EraseBytes-InsertByte-
#108638	REDUCE cov: 114 ft: 262 corp: 72/97Kb lim: 28834 exec/s: 108638 rss: 407Mb L: 605/28484 MS: 1 EraseBytes-
#108731	REDUCE cov: 114 ft: 262 corp: 72/97Kb lim: 28834 exec/s: 108731 rss: 407Mb L: 542/28484 MS: 3 InsertRepeatedBytes-ChangeBit-EraseBytes-
#110479	REDUCE cov: 114 ft: 262 corp: 72/97Kb lim: 28848 exec/s: 110479 rss: 407Mb L: 191/28484 MS: 3 ShuffleBytes-CopyPart-EraseBytes-
#110863	REDUCE cov: 114 ft: 262 corp: 72/97Kb lim: 28848 exec/s: 110863 rss: 407Mb L: 420/28484 MS: 4 ChangeByte-ChangeByte-EraseBytes-InsertRepeatedBytes-
#112114	REDUCE cov: 114 ft: 263 corp: 73/97Kb lim: 28848 exec/s: 112114 rss: 407Mb L: 397/28484 MS: 1 CopyPart-
#113897	REDUCE cov: 114 ft: 263 corp: 73/97Kb lim: 28862 exec/s: 113897 rss: 407Mb L: 462/28484 MS: 3 ManualDict-ManualDict-EraseBytes- DE: "cmsSmoothToneCurve: Too many points."-"Descriptions"-
#114253	REDUCE cov: 114 ft: 263 corp: 73/97Kb lim: 28862 exec/s: 114253 rss: 407Mb L: 548/28484 MS: 1 EraseBytes-
#115533	REDUCE cov: 114 ft: 263 corp: 73/97Kb lim: 28862 exec/s: 115533 rss: 407Mb L: 544/28484 MS: 5 ChangeASCIIInt-ManualDict-ChangeByte-ChangeASCIIInt-EraseBytes- DE: "SPECTRAL_PCT"-
#116984	REDUCE cov: 114 ft: 263 corp: 73/97Kb lim: 28876 exec/s: 116984 rss: 407Mb L: 294/28484 MS: 1 EraseBytes-
#118165	REDUCE cov: 114 ft: 263 corp: 73/97Kb lim: 28876 exec/s: 118165 rss: 407Mb L: 543/28484 MS: 1 EraseBytes-
#118547	REDUCE cov: 114 ft: 263 corp: 73/97Kb lim: 28876 exec/s: 118547 rss: 407Mb L: 128/28484 MS: 2 ChangeBit-EraseBytes-
#120375	REDUCE cov: 114 ft: 263 corp: 73/97Kb lim: 28890 exec/s: 120375 rss: 407Mb L: 535/28484 MS: 3 ChangeBit-PersAutoDict-EraseBytes- DE: "2 index 3 get 4 index 3 get 3 index 3 get sub mul sub "-
#121352	REDUCE cov: 114 ft: 263 corp: 73/97Kb lim: 28890 exec/s: 121352 rss: 408Mb L: 171/28484 MS: 2 ShuffleBytes-EraseBytes-
#123938	REDUCE cov: 114 ft: 263 corp: 73/97Kb lim: 28904 exec/s: 123938 rss: 408Mb L: 477/28484 MS: 1 EraseBytes-
#126076	REDUCE cov: 114 ft: 263 corp: 73/97Kb lim: 28918 exec/s: 126076 rss: 410Mb L: 533/28484 MS: 3 EraseBytes-ShuffleBytes-CopyPart-
#127519	REDUCE cov: 114 ft: 263 corp: 73/97Kb lim: 28932 exec/s: 127519 rss: 410Mb L: 538/28484 MS: 3 ChangeASCIIInt-CrossOver-EraseBytes-
#127826	REDUCE cov: 114 ft: 263 corp: 73/97Kb lim: 28932 exec/s: 127826 rss: 410Mb L: 540/28484 MS: 2 EraseBytes-PersAutoDict- DE: "\001\000\000\017"-
#129507	REDUCE cov: 114 ft: 263 corp: 73/97Kb lim: 28946 exec/s: 129507 rss: 410Mb L: 247/28484 MS: 1 EraseBytes-
#130349	REDUCE cov: 114 ft: 263 corp: 73/97Kb lim: 28946 exec/s: 130349 rss: 410Mb L: 158/28484 MS: 2 ChangeBit-EraseBytes-
#132252	REDUCE cov: 114 ft: 263 corp: 73/97Kb lim: 28960 exec/s: 132252 rss: 410Mb L: 2553/28484 MS: 3 ManualDict-EraseBytes-CrossOver- DE: "ORIGINATOR"-
#134105	REDUCE cov: 114 ft: 263 corp: 73/97Kb lim: 28974 exec/s: 134105 rss: 410Mb L: 496/28484 MS: 3 EraseBytes-ManualDict-PersAutoDict- DE: "LAB_B"-"LUT_IN_VIDEO_RANGE"-
#134359	NEW    cov: 114 ft: 264 corp: 74/98Kb lim: 28974 exec/s: 134359 rss: 410Mb L: 943/28484 MS: 4 InsertRepeatedBytes-ShuffleBytes-ChangeByte-CopyPart-
#135525	REDUCE cov: 114 ft: 264 corp: 74/98Kb lim: 28974 exec/s: 135525 rss: 410Mb L: 161/28484 MS: 1 EraseBytes-
#137134	REDUCE cov: 114 ft: 264 corp: 74/98Kb lim: 28988 exec/s: 137134 rss: 412Mb L: 573/28484 MS: 4 InsertRepeatedBytes-ChangeASCIIInt-ChangeBit-EraseBytes-
#138622	REDUCE cov: 114 ft: 264 corp: 74/98Kb lim: 29002 exec/s: 138622 rss: 413Mb L: 898/28484 MS: 3 ManualDict-ShuffleBytes-EraseBytes- DE: "D_BLUE"-
#141373	REDUCE cov: 114 ft: 264 corp: 74/98Kb lim: 29016 exec/s: 141373 rss: 414Mb L: 202/28484 MS: 1 EraseBytes-
#141926	REDUCE cov: 114 ft: 264 corp: 74/98Kb lim: 29016 exec/s: 141926 rss: 414Mb L: 143/28484 MS: 3 ChangeBit-ChangeBinInt-EraseBytes-
#145632	REDUCE cov: 114 ft: 264 corp: 74/98Kb lim: 29044 exec/s: 145632 rss: 414Mb L: 152/28484 MS: 1 EraseBytes-
#146211	REDUCE cov: 114 ft: 264 corp: 74/98Kb lim: 29044 exec/s: 146211 rss: 414Mb L: 543/28484 MS: 4 ChangeASCIIInt-ShuffleBytes-ShuffleBytes-EraseBytes-
#149790	REDUCE cov: 114 ft: 273 corp: 75/99Kb lim: 29072 exec/s: 149790 rss: 414Mb L: 1243/28484 MS: 4 EraseBytes-CopyPart-ChangeBinInt-CrossOver-
#150464	NEW    cov: 114 ft: 274 corp: 76/100Kb lim: 29072 exec/s: 150464 rss: 414Mb L: 1244/28484 MS: 4 ChangeByte-ChangeASCIIInt-InsertByte-ChangeBit-
#150465	REDUCE cov: 114 ft: 274 corp: 76/100Kb lim: 29072 exec/s: 150465 rss: 414Mb L: 755/28484 MS: 1 EraseBytes-
#150732	NEW    cov: 114 ft: 275 corp: 77/101Kb lim: 29072 exec/s: 150732 rss: 414Mb L: 1244/28484 MS: 2 ChangeBinInt-ChangeBinInt-
#150914	REDUCE cov: 114 ft: 275 corp: 77/101Kb lim: 29072 exec/s: 150914 rss: 414Mb L: 477/28484 MS: 2 CopyPart-EraseBytes-
#150986	REDUCE cov: 114 ft: 275 corp: 77/100Kb lim: 29072 exec/s: 150986 rss: 414Mb L: 651/28484 MS: 2 ManualDict-EraseBytes- DE: "LUT_3D_SIZE"-
#151272	REDUCE cov: 114 ft: 275 corp: 77/100Kb lim: 29072 exec/s: 151272 rss: 414Mb L: 1056/28484 MS: 1 EraseBytes-
#151594	REDUCE cov: 114 ft: 275 corp: 77/100Kb lim: 29072 exec/s: 151594 rss: 414Mb L: 618/28484 MS: 2 InsertByte-EraseBytes-
#151771	REDUCE cov: 114 ft: 279 corp: 78/101Kb lim: 29072 exec/s: 151771 rss: 414Mb L: 1121/28484 MS: 2 ShuffleBytes-CrossOver-
#152149	REDUCE cov: 114 ft: 279 corp: 78/101Kb lim: 29072 exec/s: 152149 rss: 414Mb L: 640/28484 MS: 3 ChangeBit-ShuffleBytes-EraseBytes-
#152182	REDUCE cov: 114 ft: 280 corp: 79/101Kb lim: 29072 exec/s: 152182 rss: 414Mb L: 640/28484 MS: 3 ChangeBinInt-ChangeByte-ChangeBinInt-
#152419	NEW    cov: 114 ft: 286 corp: 80/102Kb lim: 29072 exec/s: 152419 rss: 414Mb L: 1163/28484 MS: 2 CrossOver-ManualDict- DE: "Relative colorimetric preserving black ink"-
#152641	REDUCE cov: 114 ft: 286 corp: 80/102Kb lim: 29072 exec/s: 152641 rss: 414Mb L: 427/28484 MS: 2 InsertByte-EraseBytes-
#153263	NEW    cov: 114 ft: 287 corp: 81/103Kb lim: 29072 exec/s: 153263 rss: 414Mb L: 640/28484 MS: 2 ChangeBinInt-ChangeBinInt-
#153659	NEW    cov: 114 ft: 288 corp: 82/104Kb lim: 29072 exec/s: 153659 rss: 414Mb L: 1184/28484 MS: 1 CrossOver-
#153737	REDUCE cov: 114 ft: 288 corp: 82/104Kb lim: 29072 exec/s: 153737 rss: 414Mb L: 128/28484 MS: 3 PersAutoDict-CopyPart-EraseBytes- DE: "kumi"-
#153845	NEW    cov: 114 ft: 289 corp: 83/105Kb lim: 29072 exec/s: 153845 rss: 414Mb L: 1121/28484 MS: 3 CopyPart-ShuffleBytes-ChangeBinInt-
#154138	REDUCE cov: 114 ft: 289 corp: 83/105Kb lim: 29072 exec/s: 154138 rss: 414Mb L: 596/28484 MS: 3 ChangeBinInt-CopyPart-EraseBytes-
#154641	NEW    cov: 114 ft: 290 corp: 84/106Kb lim: 29072 exec/s: 154641 rss: 414Mb L: 1121/28484 MS: 3 PersAutoDict-ChangeBit-ChangeBinInt- DE: "DOMAIN_MAX"-
#154847	REDUCE cov: 114 ft: 290 corp: 84/106Kb lim: 29072 exec/s: 154847 rss: 414Mb L: 623/28484 MS: 1 EraseBytes-
#154924	REDUCE cov: 114 ft: 290 corp: 84/106Kb lim: 29072 exec/s: 154924 rss: 414Mb L: 543/28484 MS: 2 EraseBytes-InsertByte-
#154938	NEW    cov: 114 ft: 291 corp: 85/107Kb lim: 29072 exec/s: 154938 rss: 414Mb L: 1163/28484 MS: 4 ChangeBinInt-ManualDict-PersAutoDict-CopyPart- DE: "InkLimiting: Limit should be between 1..400"-"good enough"-
#155007	NEW    cov: 114 ft: 292 corp: 86/109Kb lim: 29072 exec/s: 155007 rss: 414Mb L: 1214/28484 MS: 4 InsertRepeatedBytes-ChangeBit-CopyPart-ChangeBinInt-
#155170	NEW    cov: 114 ft: 302 corp: 87/111Kb lim: 29072 exec/s: 155170 rss: 414Mb L: 2007/28484 MS: 3 CopyPart-ChangeBinInt-CopyPart-
#155293	NEW    cov: 114 ft: 303 corp: 88/113Kb lim: 29072 exec/s: 155293 rss: 414Mb L: 2083/28484 MS: 3 InsertByte-ShuffleBytes-InsertRepeatedBytes-
#155436	NEW    cov: 114 ft: 304 corp: 89/114Kb lim: 29072 exec/s: 155436 rss: 414Mb L: 1163/28484 MS: 3 ChangeByte-ChangeBit-CrossOver-
#155800	REDUCE cov: 114 ft: 304 corp: 89/114Kb lim: 29072 exec/s: 155800 rss: 415Mb L: 996/28484 MS: 4 ShuffleBytes-InsertRepeatedBytes-CrossOver-EraseBytes-
#155851	NEW    cov: 114 ft: 305 corp: 90/115Kb lim: 29072 exec/s: 155851 rss: 415Mb L: 1572/28484 MS: 1 EraseBytes-
#155968	REDUCE cov: 114 ft: 305 corp: 90/115Kb lim: 29072 exec/s: 155968 rss: 415Mb L: 1527/28484 MS: 2 CrossOver-EraseBytes-
#155980	REDUCE cov: 114 ft: 306 corp: 91/116Kb lim: 29072 exec/s: 155980 rss: 415Mb L: 1752/28484 MS: 2 ManualDict-CrossOver- DE: "Mismatched alpha channels"-
#156131	REDUCE cov: 114 ft: 307 corp: 92/118Kb lim: 29072 exec/s: 156131 rss: 415Mb L: 1527/28484 MS: 1 ShuffleBytes-
#156232	NEW    cov: 114 ft: 308 corp: 93/119Kb lim: 29072 exec/s: 156232 rss: 415Mb L: 1163/28484 MS: 1 ShuffleBytes-
#156329	REDUCE cov: 114 ft: 308 corp: 93/119Kb lim: 29072 exec/s: 156329 rss: 415Mb L: 1165/28484 MS: 2 ChangeASCIIInt-EraseBytes-
#156411	REDUCE cov: 114 ft: 308 corp: 93/119Kb lim: 29072 exec/s: 156411 rss: 415Mb L: 585/28484 MS: 2 ManualDict-EraseBytes- DE: "LUT is not suitable to be saved as LUT16"-
#156557	REDUCE cov: 114 ft: 308 corp: 93/119Kb lim: 29072 exec/s: 156557 rss: 415Mb L: 745/28484 MS: 1 EraseBytes-
#156737	REDUCE cov: 114 ft: 308 corp: 93/118Kb lim: 29072 exec/s: 156737 rss: 416Mb L: 1162/28484 MS: 5 InsertRepeatedBytes-ChangeBinInt-InsertRepeatedBytes-PersAutoDict-EraseBytes- DE: "CGATS.17"-
#156787	REDUCE cov: 114 ft: 308 corp: 93/118Kb lim: 29072 exec/s: 156787 rss: 416Mb L: 1118/28484 MS: 5 PersAutoDict-ChangeASCIIInt-ChangeASCIIInt-InsertByte-EraseBytes- DE: "LUT_3D_SIZE"-
#157138	REDUCE cov: 114 ft: 308 corp: 93/118Kb lim: 29072 exec/s: 157138 rss: 417Mb L: 1122/28484 MS: 1 EraseBytes-
#158150	REDUCE cov: 114 ft: 308 corp: 93/118Kb lim: 29072 exec/s: 158150 rss: 417Mb L: 572/28484 MS: 2 ChangeASCIIInt-EraseBytes-
#158689	NEW    cov: 114 ft: 309 corp: 94/119Kb lim: 29072 exec/s: 158689 rss: 418Mb L: 1974/28484 MS: 4 ChangeByte-PersAutoDict-ChangeASCIIInt-CopyPart- DE: "Bad dictionary Name/Value"-
#158755	REDUCE cov: 114 ft: 309 corp: 94/119Kb lim: 29072 exec/s: 158755 rss: 418Mb L: 1194/28484 MS: 1 EraseBytes-
#158853	REDUCE cov: 114 ft: 309 corp: 94/119Kb lim: 29072 exec/s: 158853 rss: 418Mb L: 1242/28484 MS: 3 InsertByte-ChangeBinInt-EraseBytes-
#158855	REDUCE cov: 114 ft: 309 corp: 94/119Kb lim: 29072 exec/s: 158855 rss: 418Mb L: 1127/28484 MS: 2 ChangeByte-EraseBytes-
#159216	REDUCE cov: 114 ft: 309 corp: 94/118Kb lim: 29072 exec/s: 159216 rss: 419Mb L: 1551/28484 MS: 1 EraseBytes-
#160082	REDUCE cov: 114 ft: 309 corp: 94/118Kb lim: 29072 exec/s: 160082 rss: 420Mb L: 1087/28484 MS: 1 EraseBytes-
#160259	REDUCE cov: 114 ft: 309 corp: 94/118Kb lim: 29072 exec/s: 160259 rss: 420Mb L: 533/28484 MS: 2 InsertRepeatedBytes-EraseBytes-
#160297	REDUCE cov: 114 ft: 309 corp: 94/118Kb lim: 29072 exec/s: 160297 rss: 420Mb L: 938/28484 MS: 3 ChangeBit-ChangeByte-EraseBytes-
#160484	REDUCE cov: 114 ft: 309 corp: 94/118Kb lim: 29072 exec/s: 160484 rss: 420Mb L: 1756/28484 MS: 2 ChangeBinInt-EraseBytes-
#160742	REDUCE cov: 114 ft: 310 corp: 95/119Kb lim: 29072 exec/s: 160742 rss: 420Mb L: 1127/28484 MS: 3 ChangeASCIIInt-ChangeByte-ChangeBit-
#161518	REDUCE cov: 114 ft: 310 corp: 95/119Kb lim: 29072 exec/s: 80759 rss: 422Mb L: 1105/28484 MS: 1 EraseBytes-
#161914	REDUCE cov: 114 ft: 310 corp: 95/119Kb lim: 29072 exec/s: 80957 rss: 422Mb L: 588/28484 MS: 1 EraseBytes-
#161996	REDUCE cov: 114 ft: 310 corp: 95/119Kb lim: 29072 exec/s: 80998 rss: 422Mb L: 920/28484 MS: 2 InsertRepeatedBytes-EraseBytes-
#162027	REDUCE cov: 114 ft: 310 corp: 95/119Kb lim: 29072 exec/s: 81013 rss: 422Mb L: 1588/28484 MS: 1 EraseBytes-
#163059	REDUCE cov: 114 ft: 310 corp: 95/118Kb lim: 29072 exec/s: 81529 rss: 423Mb L: 1322/28484 MS: 2 CMP-EraseBytes- DE: "\001\000\000\000\000\000\000\011"-
#163395	REDUCE cov: 114 ft: 310 corp: 95/118Kb lim: 29072 exec/s: 81697 rss: 424Mb L: 880/28484 MS: 1 EraseBytes-
#163426	REDUCE cov: 114 ft: 310 corp: 95/118Kb lim: 29072 exec/s: 81713 rss: 424Mb L: 1054/28484 MS: 1 EraseBytes-
#164045	REDUCE cov: 114 ft: 310 corp: 95/118Kb lim: 29072 exec/s: 82022 rss: 425Mb L: 1031/28484 MS: 4 ShuffleBytes-InsertRepeatedBytes-ChangeByte-EraseBytes-
#164067	REDUCE cov: 114 ft: 310 corp: 95/118Kb lim: 29072 exec/s: 82033 rss: 425Mb L: 1122/28484 MS: 2 ShuffleBytes-EraseBytes-
#164838	REDUCE cov: 114 ft: 310 corp: 95/118Kb lim: 29072 exec/s: 82419 rss: 425Mb L: 152/28484 MS: 1 EraseBytes-
#165490	REDUCE cov: 114 ft: 310 corp: 95/118Kb lim: 29072 exec/s: 82745 rss: 427Mb L: 573/28484 MS: 2 ChangeBit-EraseBytes-
#165671	REDUCE cov: 114 ft: 312 corp: 96/119Kb lim: 29072 exec/s: 82835 rss: 427Mb L: 1551/28484 MS: 1 ChangeBit-
#166154	REDUCE cov: 114 ft: 312 corp: 96/119Kb lim: 29072 exec/s: 83077 rss: 427Mb L: 1100/28484 MS: 3 ChangeByte-ChangeASCIIInt-EraseBytes-
#166685	REDUCE cov: 114 ft: 314 corp: 97/120Kb lim: 29072 exec/s: 83342 rss: 428Mb L: 1171/28484 MS: 1 CopyPart-
#166686	REDUCE cov: 114 ft: 314 corp: 97/120Kb lim: 29072 exec/s: 83343 rss: 428Mb L: 1164/28484 MS: 1 EraseBytes-
#167327	REDUCE cov: 114 ft: 318 corp: 98/121Kb lim: 29072 exec/s: 83663 rss: 428Mb L: 1031/28484 MS: 1 CopyPart-
#167480	REDUCE cov: 114 ft: 318 corp: 98/121Kb lim: 29072 exec/s: 83740 rss: 428Mb L: 986/28484 MS: 3 CrossOver-ShuffleBytes-EraseBytes-
#169040	REDUCE cov: 114 ft: 318 corp: 98/121Kb lim: 29086 exec/s: 84520 rss: 430Mb L: 559/28484 MS: 5 ChangeByte-ShuffleBytes-CMP-CopyPart-EraseBytes- DE: "\000\000\000\000\000\000\000\023"-
#169146	REDUCE cov: 114 ft: 318 corp: 98/121Kb lim: 29086 exec/s: 84573 rss: 431Mb L: 842/28484 MS: 1 EraseBytes-
#170148	REDUCE cov: 114 ft: 318 corp: 98/121Kb lim: 29086 exec/s: 85074 rss: 432Mb L: 839/28484 MS: 2 ChangeBit-EraseBytes-
#170223	REDUCE cov: 114 ft: 318 corp: 98/121Kb lim: 29086 exec/s: 85111 rss: 432Mb L: 751/28484 MS: 5 CopyPart-ChangeByte-EraseBytes-ChangeBit-ChangeBit-
#170274	REDUCE cov: 114 ft: 318 corp: 98/121Kb lim: 29086 exec/s: 85137 rss: 432Mb L: 650/28484 MS: 1 EraseBytes-
#170290	REDUCE cov: 114 ft: 318 corp: 98/120Kb lim: 29086 exec/s: 85145 rss: 432Mb L: 1439/28484 MS: 1 EraseBytes-
#170908	REDUCE cov: 114 ft: 318 corp: 98/120Kb lim: 29086 exec/s: 85454 rss: 433Mb L: 1422/28484 MS: 3 CrossOver-ChangeBit-EraseBytes-
#172094	REDUCE cov: 114 ft: 318 corp: 98/120Kb lim: 29086 exec/s: 86047 rss: 434Mb L: 832/28484 MS: 1 EraseBytes-
#172810	REDUCE cov: 114 ft: 318 corp: 98/120Kb lim: 29086 exec/s: 86405 rss: 436Mb L: 804/28484 MS: 1 EraseBytes-
#173673	REDUCE cov: 114 ft: 318 corp: 98/120Kb lim: 29086 exec/s: 86836 rss: 437Mb L: 1188/28484 MS: 3 PersAutoDict-ChangeBit-EraseBytes- DE: "Seek error; probably corrupted file"-
#173711	REDUCE cov: 114 ft: 319 corp: 99/121Kb lim: 29086 exec/s: 86855 rss: 437Mb L: 840/28484 MS: 3 ChangeByte-CopyPart-EraseBytes-
#174127	REDUCE cov: 114 ft: 319 corp: 99/121Kb lim: 29086 exec/s: 87063 rss: 437Mb L: 990/28484 MS: 1 EraseBytes-
#174318	REDUCE cov: 114 ft: 319 corp: 99/121Kb lim: 29086 exec/s: 87159 rss: 437Mb L: 709/28484 MS: 1 EraseBytes-
#174325	NEW    cov: 114 ft: 320 corp: 100/122Kb lim: 29086 exec/s: 87162 rss: 438Mb L: 884/28484 MS: 2 InsertRepeatedBytes-ChangeBit-
#174981	REDUCE cov: 114 ft: 320 corp: 100/121Kb lim: 29086 exec/s: 87490 rss: 438Mb L: 1011/28484 MS: 1 EraseBytes-
#175062	REDUCE cov: 114 ft: 320 corp: 100/121Kb lim: 29086 exec/s: 87531 rss: 438Mb L: 1398/28484 MS: 1 EraseBytes-
#175521	REDUCE cov: 114 ft: 322 corp: 101/123Kb lim: 29086 exec/s: 87760 rss: 438Mb L: 1294/28484 MS: 4 ChangeBit-ChangeByte-ChangeBit-CopyPart-
#176922	REDUCE cov: 114 ft: 322 corp: 101/123Kb lim: 29086 exec/s: 88461 rss: 440Mb L: 1043/28484 MS: 1 EraseBytes-
#178019	REDUCE cov: 114 ft: 322 corp: 101/123Kb lim: 29086 exec/s: 89009 rss: 442Mb L: 968/28484 MS: 2 ChangeByte-EraseBytes-
#178387	NEW    cov: 114 ft: 326 corp: 102/124Kb lim: 29086 exec/s: 89193 rss: 442Mb L: 1294/28484 MS: 3 ChangeBinInt-ChangeBit-ManualDict- DE: "MEASUREMENT_GEOMETRY"-
#178823	NEW    cov: 114 ft: 330 corp: 103/125Kb lim: 29086 exec/s: 89411 rss: 443Mb L: 1294/28484 MS: 1 ManualDict- DE: "Undefined"-
#178861	REDUCE cov: 114 ft: 330 corp: 103/125Kb lim: 29086 exec/s: 89430 rss: 443Mb L: 542/28484 MS: 3 ChangeByte-ChangeBinInt-EraseBytes-
#179613	REDUCE cov: 114 ft: 330 corp: 103/125Kb lim: 29086 exec/s: 89806 rss: 443Mb L: 1151/28484 MS: 2 ChangeBinInt-EraseBytes-
#181231	NEW    cov: 114 ft: 331 corp: 104/127Kb lim: 29100 exec/s: 90615 rss: 446Mb L: 1459/28484 MS: 3 ChangeByte-EraseBytes-CopyPart-
#181252	REDUCE cov: 114 ft: 331 corp: 104/127Kb lim: 29100 exec/s: 90626 rss: 446Mb L: 532/28484 MS: 1 EraseBytes-
#182774	REDUCE cov: 114 ft: 331 corp: 104/126Kb lim: 29114 exec/s: 91387 rss: 449Mb L: 829/28484 MS: 2 ChangeASCIIInt-EraseBytes-
#182938	REDUCE cov: 114 ft: 331 corp: 104/126Kb lim: 29114 exec/s: 91469 rss: 449Mb L: 1061/28484 MS: 4 ShuffleBytes-CMP-ChangeASCIIInt-EraseBytes- DE: "\235\001\000\000"-
#183446	REDUCE cov: 114 ft: 331 corp: 104/126Kb lim: 29114 exec/s: 91723 rss: 449Mb L: 1025/28484 MS: 3 ChangeBinInt-CMP-EraseBytes- DE: "\377\377\377\377\377\377\377\377"-
#184152	REDUCE cov: 114 ft: 331 corp: 104/126Kb lim: 29114 exec/s: 92076 rss: 450Mb L: 548/28484 MS: 1 EraseBytes-
#184564	REDUCE cov: 114 ft: 331 corp: 104/125Kb lim: 29114 exec/s: 92282 rss: 450Mb L: 854/28484 MS: 2 ChangeASCIIInt-EraseBytes-
#184821	REDUCE cov: 114 ft: 331 corp: 104/125Kb lim: 29114 exec/s: 92410 rss: 450Mb L: 1422/28484 MS: 2 ShuffleBytes-EraseBytes-
#184958	REDUCE cov: 114 ft: 331 corp: 104/125Kb lim: 29114 exec/s: 92479 rss: 451Mb L: 1388/28484 MS: 2 CrossOver-EraseBytes-
#187809	REDUCE cov: 114 ft: 331 corp: 104/125Kb lim: 29142 exec/s: 93904 rss: 456Mb L: 538/28484 MS: 1 EraseBytes-
#188333	REDUCE cov: 114 ft: 331 corp: 104/125Kb lim: 29142 exec/s: 94166 rss: 456Mb L: 1260/28484 MS: 4 ChangeByte-ChangeByte-ChangeASCIIInt-EraseBytes-
#189511	REDUCE cov: 114 ft: 331 corp: 104/125Kb lim: 29142 exec/s: 94755 rss: 457Mb L: 1057/28484 MS: 3 CrossOver-ChangeBit-EraseBytes-
#191053	REDUCE cov: 114 ft: 331 corp: 104/125Kb lim: 29156 exec/s: 95526 rss: 459Mb L: 842/28484 MS: 2 ChangeByte-EraseBytes-
#192129	REDUCE cov: 114 ft: 331 corp: 104/125Kb lim: 29156 exec/s: 96064 rss: 461Mb L: 743/28484 MS: 1 EraseBytes-
#192470	REDUCE cov: 114 ft: 332 corp: 105/126Kb lim: 29156 exec/s: 96235 rss: 461Mb L: 1947/28484 MS: 1 CrossOver-
#193510	REDUCE cov: 114 ft: 332 corp: 105/126Kb lim: 29156 exec/s: 96755 rss: 461Mb L: 1878/28484 MS: 5 CopyPart-CMP-InsertByte-CMP-EraseBytes- DE: "\000\000\000\000\000\000\000\033"-"dahc"-
#193626	REDUCE cov: 114 ft: 332 corp: 105/126Kb lim: 29156 exec/s: 96813 rss: 461Mb L: 461/28484 MS: 1 EraseBytes-
#193863	REDUCE cov: 114 ft: 332 corp: 105/126Kb lim: 29156 exec/s: 96931 rss: 461Mb L: 1025/28484 MS: 2 ChangeBit-EraseBytes-
#195395	REDUCE cov: 114 ft: 332 corp: 105/126Kb lim: 29170 exec/s: 97697 rss: 462Mb L: 128/28484 MS: 2 ChangeBinInt-EraseBytes-
#196656	REDUCE cov: 114 ft: 332 corp: 105/126Kb lim: 29170 exec/s: 98328 rss: 464Mb L: 830/28484 MS: 1 CrossOver-
#197985	REDUCE cov: 114 ft: 332 corp: 105/126Kb lim: 29170 exec/s: 98992 rss: 464Mb L: 1473/28484 MS: 4 ChangeByte-ShuffleBytes-ChangeBinInt-EraseBytes-
#198006	REDUCE cov: 114 ft: 332 corp: 105/126Kb lim: 29170 exec/s: 99003 rss: 464Mb L: 1245/28484 MS: 1 EraseBytes-
#199885	REDUCE cov: 114 ft: 332 corp: 105/126Kb lim: 29184 exec/s: 99942 rss: 465Mb L: 190/28484 MS: 4 ChangeASCIIInt-CMP-InsertRepeatedBytes-EraseBytes- DE: "\012\000\000\000\000\000\000\000"-
#200131	REDUCE cov: 114 ft: 332 corp: 105/126Kb lim: 29184 exec/s: 100065 rss: 465Mb L: 1050/28484 MS: 1 EraseBytes-
#206729	REDUCE cov: 114 ft: 332 corp: 105/126Kb lim: 29240 exec/s: 68909 rss: 470Mb L: 1032/28484 MS: 3 ShuffleBytes-CMP-EraseBytes- DE: "\006\322PL"-
#207131	REDUCE cov: 114 ft: 332 corp: 105/126Kb lim: 29240 exec/s: 69043 rss: 470Mb L: 580/28484 MS: 2 ChangeBinInt-EraseBytes-
#208860	REDUCE cov: 115 ft: 333 corp: 106/126Kb lim: 29254 exec/s: 69620 rss: 470Mb L: 538/28484 MS: 4 CrossOver-ShuffleBytes-ChangeByte-CMP- DE: "link"-
#209124	REDUCE cov: 115 ft: 333 corp: 106/126Kb lim: 29254 exec/s: 69708 rss: 470Mb L: 301/28484 MS: 4 ChangeByte-PersAutoDict-ManualDict-EraseBytes- DE: "Lab identity built-in"-"floor cvi "-
#209502	REDUCE cov: 115 ft: 333 corp: 106/126Kb lim: 29254 exec/s: 69834 rss: 471Mb L: 1325/28484 MS: 3 CMP-ChangeBinInt-EraseBytes- DE: "\003\360"-
#209989	REDUCE cov: 115 ft: 333 corp: 106/126Kb lim: 29254 exec/s: 69996 rss: 473Mb L: 932/28484 MS: 2 ChangeBinInt-EraseBytes-
#210003	REDUCE cov: 115 ft: 333 corp: 106/126Kb lim: 29254 exec/s: 70001 rss: 473Mb L: 245/28484 MS: 4 CopyPart-ChangeASCIIInt-ShuffleBytes-EraseBytes-
#210496	REDUCE cov: 115 ft: 333 corp: 106/126Kb lim: 29254 exec/s: 70165 rss: 474Mb L: 201/28484 MS: 3 ChangeBit-ChangeBinInt-EraseBytes-
#210857	REDUCE cov: 115 ft: 333 corp: 106/126Kb lim: 29254 exec/s: 70285 rss: 474Mb L: 157/28484 MS: 1 EraseBytes-
#211920	REDUCE cov: 115 ft: 333 corp: 106/126Kb lim: 29254 exec/s: 70640 rss: 474Mb L: 145/28484 MS: 3 ChangeByte-CMP-EraseBytes- DE: " \002\000\000\000\000\000\000"-
#212053	REDUCE cov: 115 ft: 333 corp: 106/126Kb lim: 29254 exec/s: 70684 rss: 474Mb L: 134/28484 MS: 3 ManualDict-EraseBytes-InsertRepeatedBytes- DE: "{4 index 5 get div 2 index 5 get mul "-
#212532	REDUCE cov: 115 ft: 333 corp: 106/125Kb lim: 29254 exec/s: 70844 rss: 474Mb L: 680/28484 MS: 4 ChangeBit-PersAutoDict-ChangeASCIIInt-EraseBytes- DE: "Lab identity built-in"-
#214228	REDUCE cov: 115 ft: 334 corp: 107/127Kb lim: 29268 exec/s: 71409 rss: 474Mb L: 1462/28484 MS: 1 CrossOver-
#216020	REDUCE cov: 115 ft: 334 corp: 107/127Kb lim: 29282 exec/s: 72006 rss: 474Mb L: 786/28484 MS: 2 ChangeByte-EraseBytes-
#217243	NEW    cov: 116 ft: 335 corp: 108/127Kb lim: 29282 exec/s: 72414 rss: 474Mb L: 467/28484 MS: 3 EraseBytes-ShuffleBytes-CMP- DE: "nmcl"-
#217959	REDUCE cov: 116 ft: 335 corp: 108/127Kb lim: 29282 exec/s: 72653 rss: 474Mb L: 864/28484 MS: 1 EraseBytes-
#218101	REDUCE cov: 116 ft: 335 corp: 108/127Kb lim: 29282 exec/s: 72700 rss: 474Mb L: 293/28484 MS: 2 ChangeBit-EraseBytes-
#218520	REDUCE cov: 116 ft: 335 corp: 108/127Kb lim: 29282 exec/s: 72840 rss: 474Mb L: 948/28484 MS: 4 ShuffleBytes-ShuffleBytes-ChangeBinInt-EraseBytes-
#218827	REDUCE cov: 116 ft: 335 corp: 108/127Kb lim: 29282 exec/s: 72942 rss: 475Mb L: 894/28484 MS: 2 PersAutoDict-EraseBytes- DE: "\000\000\000\000\000\000\000\003"-
#218864	REDUCE cov: 116 ft: 335 corp: 108/127Kb lim: 29282 exec/s: 72954 rss: 475Mb L: 282/28484 MS: 2 ChangeBit-EraseBytes-
#220070	REDUCE cov: 116 ft: 335 corp: 108/127Kb lim: 29282 exec/s: 73356 rss: 475Mb L: 925/28484 MS: 1 EraseBytes-
#220348	REDUCE cov: 116 ft: 335 corp: 108/127Kb lim: 29282 exec/s: 73449 rss: 475Mb L: 965/28484 MS: 3 ChangeByte-InsertRepeatedBytes-EraseBytes-
#220717	REDUCE cov: 116 ft: 335 corp: 108/127Kb lim: 29282 exec/s: 73572 rss: 475Mb L: 217/28484 MS: 4 CopyPart-ChangeByte-CrossOver-EraseBytes-
#221450	REDUCE cov: 116 ft: 335 corp: 108/127Kb lim: 29282 exec/s: 73816 rss: 475Mb L: 143/28484 MS: 3 ChangeByte-EraseBytes-PersAutoDict- DE: "Linearization built-in"-
#221816	REDUCE cov: 116 ft: 335 corp: 108/126Kb lim: 29282 exec/s: 73938 rss: 475Mb L: 1312/28484 MS: 1 EraseBytes-
#221932	REDUCE cov: 116 ft: 335 corp: 108/126Kb lim: 29282 exec/s: 73977 rss: 475Mb L: 129/28484 MS: 1 EraseBytes-
#222896	REDUCE cov: 116 ft: 335 corp: 108/126Kb lim: 29282 exec/s: 74298 rss: 475Mb L: 565/28484 MS: 4 ChangeBit-CopyPart-CopyPart-EraseBytes-
#224764	REDUCE cov: 116 ft: 335 corp: 108/126Kb lim: 29296 exec/s: 74921 rss: 477Mb L: 700/28484 MS: 3 ChangeBinInt-ManualDict-EraseBytes- DE: "{ 1 } bind "-
#224806	REDUCE cov: 116 ft: 335 corp: 108/126Kb lim: 29296 exec/s: 74935 rss: 477Mb L: 1043/28484 MS: 2 ShuffleBytes-EraseBytes-
#224998	REDUCE cov: 116 ft: 335 corp: 108/126Kb lim: 29296 exec/s: 74999 rss: 477Mb L: 794/28484 MS: 2 CrossOver-EraseBytes-
#225174	REDUCE cov: 116 ft: 335 corp: 108/126Kb lim: 29296 exec/s: 75058 rss: 477Mb L: 554/28484 MS: 1 EraseBytes-
#225761	REDUCE cov: 116 ft: 336 corp: 109/127Kb lim: 29296 exec/s: 75253 rss: 477Mb L: 1246/28484 MS: 2 ChangeBinInt-InsertByte-
#226237	REDUCE cov: 116 ft: 336 corp: 109/127Kb lim: 29296 exec/s: 75412 rss: 477Mb L: 891/28484 MS: 1 EraseBytes-
#226568	NEW    cov: 116 ft: 338 corp: 110/129Kb lim: 29296 exec/s: 75522 rss: 477Mb L: 1499/28484 MS: 1 CopyPart-
#227179	REDUCE cov: 116 ft: 338 corp: 110/129Kb lim: 29296 exec/s: 75726 rss: 477Mb L: 496/28484 MS: 1 EraseBytes-
#227332	REDUCE cov: 116 ft: 338 corp: 110/129Kb lim: 29296 exec/s: 75777 rss: 477Mb L: 147/28484 MS: 3 ShuffleBytes-ChangeBit-EraseBytes-
#228670	REDUCE cov: 116 ft: 338 corp: 110/128Kb lim: 29296 exec/s: 76223 rss: 478Mb L: 1096/28484 MS: 3 ManualDict-ChangeByte-EraseBytes- DE: "Wrong input color space on transform"-
#229396	REDUCE cov: 116 ft: 338 corp: 110/128Kb lim: 29296 exec/s: 76465 rss: 478Mb L: 1104/28484 MS: 1 EraseBytes-
#229397	REDUCE cov: 116 ft: 338 corp: 110/128Kb lim: 29296 exec/s: 76465 rss: 478Mb L: 1313/28484 MS: 1 EraseBytes-
#232229	REDUCE cov: 116 ft: 338 corp: 110/128Kb lim: 29324 exec/s: 77409 rss: 478Mb L: 954/28484 MS: 2 PersAutoDict-EraseBytes- DE: "Invalid output color space"-
#232495	REDUCE cov: 116 ft: 338 corp: 110/128Kb lim: 29324 exec/s: 77498 rss: 478Mb L: 128/28484 MS: 1 EraseBytes-
#233877	REDUCE cov: 116 ft: 338 corp: 110/128Kb lim: 29324 exec/s: 77959 rss: 478Mb L: 1164/28484 MS: 2 PersAutoDict-EraseBytes- DE: "Absolute colorimetric"-
#234539	REDUCE cov: 116 ft: 338 corp: 110/128Kb lim: 29324 exec/s: 78179 rss: 478Mb L: 609/28484 MS: 2 InsertRepeatedBytes-EraseBytes-
#234820	REDUCE cov: 116 ft: 338 corp: 110/128Kb lim: 29324 exec/s: 78273 rss: 478Mb L: 532/28484 MS: 1 EraseBytes-
#235163	REDUCE cov: 116 ft: 338 corp: 110/128Kb lim: 29324 exec/s: 78387 rss: 478Mb L: 828/28484 MS: 3 EraseBytes-ShuffleBytes-ManualDict- DE: "AllocateDataFormat: Unable to allocate dataFormat array"-
#239049	REDUCE cov: 116 ft: 338 corp: 110/128Kb lim: 29352 exec/s: 79683 rss: 478Mb L: 690/28484 MS: 1 EraseBytes-
#239135	REDUCE cov: 116 ft: 338 corp: 110/127Kb lim: 29352 exec/s: 79711 rss: 478Mb L: 697/28484 MS: 1 EraseBytes-
#239276	REDUCE cov: 116 ft: 338 corp: 110/127Kb lim: 29352 exec/s: 79758 rss: 478Mb L: 425/28484 MS: 1 EraseBytes-
#241268	REDUCE cov: 116 ft: 338 corp: 110/127Kb lim: 29366 exec/s: 80422 rss: 478Mb L: 187/28484 MS: 2 ChangeBit-EraseBytes-
#244319	REDUCE cov: 116 ft: 338 corp: 110/127Kb lim: 29394 exec/s: 81439 rss: 479Mb L: 767/28484 MS: 1 EraseBytes-
#254105	REDUCE cov: 116 ft: 338 corp: 110/127Kb lim: 29478 exec/s: 84701 rss: 479Mb L: 833/28484 MS: 1 EraseBytes-
#257156	REDUCE cov: 116 ft: 338 corp: 110/127Kb lim: 29506 exec/s: 85718 rss: 480Mb L: 566/28484 MS: 1 EraseBytes-
#257842	REDUCE cov: 116 ft: 338 corp: 110/127Kb lim: 29506 exec/s: 85947 rss: 480Mb L: 1149/28484 MS: 1 EraseBytes-
#260653	REDUCE cov: 116 ft: 338 corp: 110/127Kb lim: 29534 exec/s: 86884 rss: 480Mb L: 146/28484 MS: 1 EraseBytes-
#261840	REDUCE cov: 116 ft: 338 corp: 110/127Kb lim: 29534 exec/s: 87280 rss: 480Mb L: 574/28484 MS: 2 ChangeBit-EraseBytes-
#262144	pulse  cov: 116 ft: 338 corp: 110/127Kb lim: 29534 exec/s: 87381 rss: 480Mb
#263427	REDUCE cov: 116 ft: 338 corp: 110/127Kb lim: 29548 exec/s: 87809 rss: 480Mb L: 554/28484 MS: 2 PersAutoDict-EraseBytes- DE: "floor cvi "-
#267507	REDUCE cov: 116 ft: 338 corp: 110/127Kb lim: 29576 exec/s: 89169 rss: 481Mb L: 922/28484 MS: 5 CopyPart-ChangeASCIIInt-InsertRepeatedBytes-EraseBytes-InsertByte-
#267896	REDUCE cov: 116 ft: 338 corp: 110/127Kb lim: 29576 exec/s: 89298 rss: 481Mb L: 884/28484 MS: 4 ChangeBinInt-ChangeBinInt-ChangeByte-EraseBytes-
#268887	REDUCE cov: 116 ft: 338 corp: 110/127Kb lim: 29576 exec/s: 89629 rss: 481Mb L: 456/28484 MS: 1 EraseBytes-
#271093	REDUCE cov: 116 ft: 338 corp: 110/127Kb lim: 29590 exec/s: 90364 rss: 481Mb L: 844/28484 MS: 1 EraseBytes-
#272553	REDUCE cov: 116 ft: 338 corp: 110/127Kb lim: 29604 exec/s: 90851 rss: 481Mb L: 131/28484 MS: 5 CrossOver-PersAutoDict-InsertRepeatedBytes-ChangeBinInt-EraseBytes- DE: "get "-
#273850	REDUCE cov: 116 ft: 338 corp: 110/127Kb lim: 29604 exec/s: 91283 rss: 481Mb L: 688/28484 MS: 2 CMP-EraseBytes- DE: "!\000\000\000"-
#275042	REDUCE cov: 116 ft: 338 corp: 110/127Kb lim: 29604 exec/s: 91680 rss: 481Mb L: 746/28484 MS: 2 ChangeByte-EraseBytes-
#276624	REDUCE cov: 116 ft: 338 corp: 110/127Kb lim: 29618 exec/s: 92208 rss: 481Mb L: 129/28484 MS: 2 ChangeBinInt-EraseBytes-
#278586	REDUCE cov: 116 ft: 338 corp: 110/127Kb lim: 29632 exec/s: 69646 rss: 481Mb L: 565/28484 MS: 2 CMP-EraseBytes- DE: "B2A2"-
#285919	REDUCE cov: 116 ft: 338 corp: 110/127Kb lim: 29702 exec/s: 71479 rss: 482Mb L: 664/28484 MS: 3 ShuffleBytes-PersAutoDict-EraseBytes- DE: "$INCLUDE"-
#286455	REDUCE cov: 116 ft: 338 corp: 110/127Kb lim: 29702 exec/s: 71613 rss: 482Mb L: 592/28484 MS: 1 EraseBytes-
#286676	REDUCE cov: 116 ft: 338 corp: 110/127Kb lim: 29702 exec/s: 71669 rss: 482Mb L: 1060/28484 MS: 1 EraseBytes-
#289022	REDUCE cov: 116 ft: 338 corp: 110/127Kb lim: 29716 exec/s: 72255 rss: 482Mb L: 1144/28484 MS: 1 EraseBytes-
#290998	REDUCE cov: 116 ft: 338 corp: 110/127Kb lim: 29730 exec/s: 72749 rss: 482Mb L: 416/28484 MS: 1 EraseBytes-
#291594	REDUCE cov: 116 ft: 338 corp: 110/127Kb lim: 29730 exec/s: 72898 rss: 483Mb L: 1090/28484 MS: 1 EraseBytes-
#295100	REDUCE cov: 116 ft: 338 corp: 110/127Kb lim: 29758 exec/s: 73775 rss: 483Mb L: 1022/28484 MS: 1 EraseBytes-
#295531	REDUCE cov: 116 ft: 338 corp: 110/127Kb lim: 29758 exec/s: 73882 rss: 483Mb L: 537/28484 MS: 1 EraseBytes-
#296029	REDUCE cov: 116 ft: 338 corp: 110/126Kb lim: 29758 exec/s: 74007 rss: 483Mb L: 1056/28484 MS: 3 ChangeBit-ChangeByte-EraseBytes-
#297225	REDUCE cov: 116 ft: 338 corp: 110/126Kb lim: 29758 exec/s: 74306 rss: 483Mb L: 1222/28484 MS: 1 EraseBytes-
#298966	REDUCE cov: 116 ft: 338 corp: 110/126Kb lim: 29772 exec/s: 74741 rss: 483Mb L: 1192/28484 MS: 1 EraseBytes-
#300564	REDUCE cov: 116 ft: 338 corp: 110/126Kb lim: 29786 exec/s: 75141 rss: 483Mb L: 1076/28484 MS: 3 ChangeByte-ChangeByte-EraseBytes-
#301749	REDUCE cov: 116 ft: 338 corp: 110/126Kb lim: 29786 exec/s: 75437 rss: 483Mb L: 128/28484 MS: 5 EraseBytes-InsertByte-CMP-PersAutoDict-InsertRepeatedBytes- DE: "1A2B"-", "-
#304180	REDUCE cov: 116 ft: 338 corp: 110/126Kb lim: 29800 exec/s: 76045 rss: 483Mb L: 734/28484 MS: 1 EraseBytes-
#306782	REDUCE cov: 116 ft: 338 corp: 110/126Kb lim: 29814 exec/s: 76695 rss: 484Mb L: 717/28484 MS: 2 ChangeASCIIInt-EraseBytes-
#306939	REDUCE cov: 116 ft: 338 corp: 110/126Kb lim: 29814 exec/s: 76734 rss: 484Mb L: 858/28484 MS: 2 InsertByte-EraseBytes-
#307190	REDUCE cov: 116 ft: 338 corp: 110/126Kb lim: 29814 exec/s: 76797 rss: 484Mb L: 755/28484 MS: 1 EraseBytes-
#308886	REDUCE cov: 116 ft: 338 corp: 110/126Kb lim: 29828 exec/s: 77221 rss: 484Mb L: 796/28484 MS: 1 EraseBytes-
#310778	REDUCE cov: 116 ft: 338 corp: 110/126Kb lim: 29842 exec/s: 77694 rss: 485Mb L: 844/28484 MS: 2 ShuffleBytes-EraseBytes-
#314680	REDUCE cov: 116 ft: 338 corp: 110/126Kb lim: 29870 exec/s: 78670 rss: 485Mb L: 1404/28484 MS: 2 ShuffleBytes-EraseBytes-
#319389	REDUCE cov: 116 ft: 338 corp: 110/126Kb lim: 29912 exec/s: 79847 rss: 485Mb L: 846/28484 MS: 4 InsertRepeatedBytes-ChangeASCIIInt-CopyPart-EraseBytes-
#319461	REDUCE cov: 116 ft: 340 corp: 111/128Kb lim: 29912 exec/s: 79865 rss: 485Mb L: 1794/28484 MS: 2 ChangeByte-CrossOver-
#321383	REDUCE cov: 116 ft: 340 corp: 111/127Kb lim: 29926 exec/s: 80345 rss: 485Mb L: 1190/28484 MS: 2 ChangeBit-EraseBytes-
#322712	REDUCE cov: 116 ft: 340 corp: 111/127Kb lim: 29926 exec/s: 80678 rss: 486Mb L: 569/28484 MS: 4 PersAutoDict-CrossOver-ManualDict-EraseBytes- DE: "\021\000\000\000\000\000\000\000"-"ceiling cvi "-
#323518	REDUCE cov: 116 ft: 340 corp: 111/127Kb lim: 29926 exec/s: 80879 rss: 486Mb L: 1347/28484 MS: 1 EraseBytes-
#324946	REDUCE cov: 116 ft: 340 corp: 111/127Kb lim: 29940 exec/s: 81236 rss: 486Mb L: 757/28484 MS: 3 ManualDict-ChangeBit-EraseBytes- DE: "AS IS"-
#326139	REDUCE cov: 116 ft: 340 corp: 111/127Kb lim: 29940 exec/s: 81534 rss: 486Mb L: 840/28484 MS: 3 ChangeByte-InsertByte-EraseBytes-
#326686	REDUCE cov: 116 ft: 340 corp: 111/127Kb lim: 29940 exec/s: 81671 rss: 486Mb L: 535/28484 MS: 2 ShuffleBytes-EraseBytes-
#327427	REDUCE cov: 116 ft: 340 corp: 111/126Kb lim: 29940 exec/s: 81856 rss: 486Mb L: 612/28484 MS: 1 EraseBytes-
#328779	REDUCE cov: 116 ft: 340 corp: 111/126Kb lim: 29940 exec/s: 82194 rss: 486Mb L: 1024/28484 MS: 2 ChangeByte-EraseBytes-
#328989	REDUCE cov: 116 ft: 340 corp: 111/126Kb lim: 29940 exec/s: 82247 rss: 486Mb L: 413/28484 MS: 5 EraseBytes-ChangeByte-ManualDict-ChangeBit-CMP- DE: "RelativeColorimetric"-"\001\000\000\000\000\000\002\336"-
#329043	REDUCE cov: 116 ft: 340 corp: 111/126Kb lim: 29940 exec/s: 82260 rss: 486Mb L: 939/28484 MS: 4 ChangeByte-ShuffleBytes-CMP-EraseBytes- DE: "\377\377\377\377\377\377\000_"-
#329569	REDUCE cov: 116 ft: 340 corp: 111/126Kb lim: 29940 exec/s: 82392 rss: 486Mb L: 715/28484 MS: 1 EraseBytes-
#330152	REDUCE cov: 116 ft: 340 corp: 111/126Kb lim: 29940 exec/s: 82538 rss: 486Mb L: 952/28484 MS: 3 ChangeByte-ChangeByte-EraseBytes-
#331197	REDUCE cov: 116 ft: 340 corp: 111/126Kb lim: 29940 exec/s: 82799 rss: 486Mb L: 1081/28484 MS: 5 ShuffleBytes-ManualDict-InsertRepeatedBytes-ChangeBit-EraseBytes- DE: "Saturation"-
#333714	REDUCE cov: 116 ft: 340 corp: 111/126Kb lim: 29954 exec/s: 83428 rss: 487Mb L: 532/28484 MS: 2 ChangeBinInt-EraseBytes-
#339102	REDUCE cov: 116 ft: 340 corp: 111/126Kb lim: 29996 exec/s: 84775 rss: 487Mb L: 860/28484 MS: 3 CMP-PersAutoDict-EraseBytes- DE: "\377\377"-"rXYZ"-
#340313	REDUCE cov: 116 ft: 340 corp: 111/126Kb lim: 29996 exec/s: 85078 rss: 487Mb L: 786/28484 MS: 1 EraseBytes-
#340860	REDUCE cov: 116 ft: 340 corp: 111/126Kb lim: 29996 exec/s: 85215 rss: 487Mb L: 868/28484 MS: 2 EraseBytes-ChangeBinInt-
#344233	REDUCE cov: 116 ft: 340 corp: 111/126Kb lim: 30024 exec/s: 86058 rss: 487Mb L: 537/28484 MS: 3 ShuffleBytes-ShuffleBytes-EraseBytes-
#350256	REDUCE cov: 116 ft: 340 corp: 111/126Kb lim: 30080 exec/s: 87564 rss: 488Mb L: 1029/28484 MS: 3 ShuffleBytes-ChangeBinInt-EraseBytes-
#352289	REDUCE cov: 116 ft: 341 corp: 112/127Kb lim: 30094 exec/s: 88072 rss: 488Mb L: 1173/28484 MS: 3 ChangeASCIIInt-ChangeASCIIInt-CopyPart-
#353826	REDUCE cov: 116 ft: 341 corp: 112/127Kb lim: 30108 exec/s: 88456 rss: 488Mb L: 647/28484 MS: 2 ManualDict-EraseBytes- DE: "STDEV_B"-
#355353	REDUCE cov: 116 ft: 341 corp: 112/127Kb lim: 30122 exec/s: 71070 rss: 488Mb L: 1010/28484 MS: 2 PersAutoDict-EraseBytes- DE: "MD5"-
#359086	REDUCE cov: 116 ft: 341 corp: 112/127Kb lim: 30150 exec/s: 71817 rss: 488Mb L: 615/28484 MS: 3 ChangeByte-ChangeByte-EraseBytes-
#359157	REDUCE cov: 116 ft: 341 corp: 112/127Kb lim: 30150 exec/s: 71831 rss: 488Mb L: 789/28484 MS: 1 EraseBytes-
#361790	REDUCE cov: 116 ft: 341 corp: 112/127Kb lim: 30164 exec/s: 72358 rss: 489Mb L: 713/28484 MS: 3 ShuffleBytes-EraseBytes-CopyPart-
#362116	REDUCE cov: 116 ft: 341 corp: 112/127Kb lim: 30164 exec/s: 72423 rss: 489Mb L: 815/28484 MS: 1 EraseBytes-
#362891	REDUCE cov: 116 ft: 341 corp: 112/126Kb lim: 30164 exec/s: 72578 rss: 489Mb L: 780/28484 MS: 5 PersAutoDict-ManualDict-ChangeBit-ChangeByte-EraseBytes- DE: "Mismatched alpha channels"-" } bind "-
#363608	REDUCE cov: 116 ft: 341 corp: 112/126Kb lim: 30164 exec/s: 72721 rss: 489Mb L: 1092/28484 MS: 2 ChangeASCIIInt-EraseBytes-
#363700	REDUCE cov: 116 ft: 341 corp: 112/126Kb lim: 30164 exec/s: 72740 rss: 489Mb L: 695/28484 MS: 2 InsertByte-EraseBytes-
#363796	REDUCE cov: 116 ft: 341 corp: 112/126Kb lim: 30164 exec/s: 72759 rss: 489Mb L: 689/28484 MS: 1 EraseBytes-
#367852	REDUCE cov: 116 ft: 341 corp: 112/126Kb lim: 30192 exec/s: 73570 rss: 490Mb L: 1018/28484 MS: 1 EraseBytes-
#369549	REDUCE cov: 116 ft: 341 corp: 112/126Kb lim: 30206 exec/s: 73909 rss: 490Mb L: 144/28484 MS: 2 ChangeBit-EraseBytes-
#370088	REDUCE cov: 116 ft: 341 corp: 112/126Kb lim: 30206 exec/s: 74017 rss: 490Mb L: 681/28484 MS: 4 ChangeBit-ShuffleBytes-InsertRepeatedBytes-EraseBytes-
#371207	REDUCE cov: 116 ft: 341 corp: 112/126Kb lim: 30206 exec/s: 74241 rss: 490Mb L: 190/28484 MS: 4 PersAutoDict-ChangeASCIIInt-InsertByte-EraseBytes- DE: "Lab identity built-in"-
#375768	REDUCE cov: 116 ft: 341 corp: 112/126Kb lim: 30248 exec/s: 75153 rss: 490Mb L: 520/28484 MS: 1 EraseBytes-
#375949	REDUCE cov: 116 ft: 341 corp: 112/126Kb lim: 30248 exec/s: 75189 rss: 490Mb L: 605/28484 MS: 1 EraseBytes-
#376490	REDUCE cov: 116 ft: 341 corp: 112/126Kb lim: 30248 exec/s: 75298 rss: 490Mb L: 1164/28484 MS: 1 EraseBytes-
#377356	REDUCE cov: 116 ft: 341 corp: 112/126Kb lim: 30248 exec/s: 75471 rss: 490Mb L: 797/28484 MS: 1 EraseBytes-
#377829	REDUCE cov: 116 ft: 341 corp: 112/126Kb lim: 30248 exec/s: 75565 rss: 490Mb L: 1077/28484 MS: 3 ChangeASCIIInt-ChangeBit-EraseBytes-
#381850	REDUCE cov: 116 ft: 341 corp: 112/126Kb lim: 30276 exec/s: 76370 rss: 490Mb L: 533/28484 MS: 1 EraseBytes-
#383601	REDUCE cov: 116 ft: 341 corp: 112/126Kb lim: 30290 exec/s: 76720 rss: 490Mb L: 1023/28484 MS: 1 EraseBytes-
#383827	REDUCE cov: 116 ft: 341 corp: 112/126Kb lim: 30290 exec/s: 76765 rss: 490Mb L: 159/28484 MS: 1 EraseBytes-
#386938	REDUCE cov: 116 ft: 341 corp: 112/126Kb lim: 30318 exec/s: 77387 rss: 490Mb L: 557/28484 MS: 1 EraseBytes-
#388191	REDUCE cov: 116 ft: 341 corp: 112/126Kb lim: 30318 exec/s: 77638 rss: 490Mb L: 561/28484 MS: 3 InsertRepeatedBytes-ChangeByte-EraseBytes-
#388332	REDUCE cov: 116 ft: 341 corp: 112/126Kb lim: 30318 exec/s: 77666 rss: 490Mb L: 536/28484 MS: 1 EraseBytes-
#389023	REDUCE cov: 116 ft: 341 corp: 112/126Kb lim: 30318 exec/s: 77804 rss: 490Mb L: 946/28484 MS: 1 EraseBytes-
#391173	REDUCE cov: 116 ft: 341 corp: 112/126Kb lim: 30332 exec/s: 78234 rss: 490Mb L: 1285/28484 MS: 5 ShuffleBytes-InsertRepeatedBytes-InsertByte-InsertByte-EraseBytes-
#394168	REDUCE cov: 116 ft: 341 corp: 112/126Kb lim: 30360 exec/s: 78833 rss: 491Mb L: 680/28484 MS: 5 PersAutoDict-InsertRepeatedBytes-ChangeByte-EraseBytes-CopyPart- DE: "Undefined"-
#396709	REDUCE cov: 116 ft: 341 corp: 112/126Kb lim: 30374 exec/s: 79341 rss: 491Mb L: 497/28484 MS: 1 EraseBytes-
#401086	REDUCE cov: 116 ft: 341 corp: 112/126Kb lim: 30416 exec/s: 80217 rss: 491Mb L: 986/28484 MS: 2 CrossOver-EraseBytes-
#403467	REDUCE cov: 116 ft: 341 corp: 112/126Kb lim: 30430 exec/s: 80693 rss: 491Mb L: 151/28484 MS: 1 EraseBytes-
#410793	REDUCE cov: 116 ft: 341 corp: 112/126Kb lim: 30500 exec/s: 82158 rss: 491Mb L: 1219/28484 MS: 1 EraseBytes-
#413093	REDUCE cov: 116 ft: 341 corp: 112/126Kb lim: 30514 exec/s: 82618 rss: 491Mb L: 533/28484 MS: 5 InsertByte-EraseBytes-ChangeBit-ChangeBit-InsertRepeatedBytes-
#414635	REDUCE cov: 116 ft: 341 corp: 112/126Kb lim: 30528 exec/s: 82927 rss: 491Mb L: 561/28484 MS: 2 ChangeBinInt-EraseBytes-
#414821	REDUCE cov: 116 ft: 341 corp: 112/125Kb lim: 30528 exec/s: 82964 rss: 491Mb L: 695/28484 MS: 1 EraseBytes-
#416407	REDUCE cov: 116 ft: 341 corp: 112/125Kb lim: 30542 exec/s: 83281 rss: 491Mb L: 713/28484 MS: 1 EraseBytes-
#416931	REDUCE cov: 116 ft: 341 corp: 112/125Kb lim: 30542 exec/s: 83386 rss: 491Mb L: 585/28484 MS: 4 PersAutoDict-ChangeBinInt-ChangeByte-EraseBytes- DE: "A2A0"-
#419022	REDUCE cov: 116 ft: 341 corp: 112/125Kb lim: 30556 exec/s: 83804 rss: 491Mb L: 1032/28484 MS: 1 EraseBytes-
#421409	REDUCE cov: 116 ft: 341 corp: 112/125Kb lim: 30570 exec/s: 84281 rss: 491Mb L: 500/28484 MS: 2 ChangeBit-EraseBytes-
#421691	REDUCE cov: 116 ft: 341 corp: 112/125Kb lim: 30570 exec/s: 84338 rss: 491Mb L: 661/28484 MS: 2 ShuffleBytes-EraseBytes-
#423353	REDUCE cov: 116 ft: 341 corp: 112/125Kb lim: 30584 exec/s: 84670 rss: 491Mb L: 549/28484 MS: 2 ChangeBinInt-EraseBytes-
#425031	REDUCE cov: 116 ft: 341 corp: 112/125Kb lim: 30598 exec/s: 85006 rss: 491Mb L: 1166/28484 MS: 3 ShuffleBytes-ChangeBinInt-EraseBytes-
#426333	REDUCE cov: 116 ft: 341 corp: 112/125Kb lim: 30598 exec/s: 85266 rss: 491Mb L: 132/28484 MS: 2 EraseBytes-CMP- DE: "\001\000\000\000\000\000\010\325"-
#431409	REDUCE cov: 116 ft: 342 corp: 113/126Kb lim: 30640 exec/s: 71901 rss: 491Mb L: 1145/28484 MS: 1 CopyPart-
#432356	REDUCE cov: 116 ft: 342 corp: 113/126Kb lim: 30640 exec/s: 72059 rss: 491Mb L: 495/28484 MS: 2 ChangeASCIIInt-EraseBytes-
#434997	REDUCE cov: 116 ft: 342 corp: 113/126Kb lim: 30654 exec/s: 72499 rss: 491Mb L: 282/28484 MS: 1 EraseBytes-
#436989	REDUCE cov: 116 ft: 342 corp: 113/126Kb lim: 30668 exec/s: 72831 rss: 491Mb L: 266/28484 MS: 2 ManualDict-EraseBytes- DE: "RGB_R"-
#438542	REDUCE cov: 116 ft: 342 corp: 113/126Kb lim: 30682 exec/s: 73090 rss: 491Mb L: 1046/28484 MS: 3 InsertRepeatedBytes-PersAutoDict-EraseBytes- DE: "\377\377\377\377\377\377\377\377"-
#440702	REDUCE cov: 116 ft: 342 corp: 113/126Kb lim: 30696 exec/s: 73450 rss: 491Mb L: 539/28484 MS: 5 ChangeByte-ChangeByte-CopyPart-ShuffleBytes-EraseBytes-
#442953	REDUCE cov: 116 ft: 342 corp: 113/126Kb lim: 30710 exec/s: 73825 rss: 491Mb L: 664/28484 MS: 1 EraseBytes-
#444549	REDUCE cov: 116 ft: 342 corp: 113/126Kb lim: 30724 exec/s: 74091 rss: 491Mb L: 644/28484 MS: 1 EraseBytes-
#445552	REDUCE cov: 116 ft: 342 corp: 113/126Kb lim: 30724 exec/s: 74258 rss: 491Mb L: 144/28484 MS: 3 CMP-ChangeBinInt-EraseBytes- DE: "r\002"-
#445956	REDUCE cov: 116 ft: 342 corp: 113/126Kb lim: 30724 exec/s: 74326 rss: 491Mb L: 513/28484 MS: 4 ChangeASCIIInt-InsertRepeatedBytes-InsertByte-EraseBytes-
#446691	REDUCE cov: 116 ft: 342 corp: 113/126Kb lim: 30724 exec/s: 74448 rss: 491Mb L: 1113/28484 MS: 5 ChangeASCIIInt-ShuffleBytes-ChangeASCIIInt-CopyPart-EraseBytes-
#447353	REDUCE cov: 116 ft: 342 corp: 113/126Kb lim: 30724 exec/s: 74558 rss: 491Mb L: 239/28484 MS: 2 ChangeByte-EraseBytes-
#461199	REDUCE cov: 116 ft: 342 corp: 113/126Kb lim: 30850 exec/s: 76866 rss: 492Mb L: 514/28484 MS: 1 EraseBytes-
#461601	REDUCE cov: 116 ft: 342 corp: 113/126Kb lim: 30850 exec/s: 76933 rss: 492Mb L: 722/28484 MS: 2 CrossOver-EraseBytes-
#467665	REDUCE cov: 116 ft: 342 corp: 113/126Kb lim: 30906 exec/s: 77944 rss: 492Mb L: 496/28484 MS: 4 ChangeASCIIInt-ChangeBit-ChangeByte-EraseBytes-
#468851	REDUCE cov: 116 ft: 342 corp: 113/126Kb lim: 30906 exec/s: 78141 rss: 492Mb L: 936/28484 MS: 1 EraseBytes-
#469820	REDUCE cov: 116 ft: 342 corp: 113/126Kb lim: 30906 exec/s: 78303 rss: 492Mb L: 185/28484 MS: 4 CMP-ChangeBit-ChangeByte-EraseBytes- DE: "P\004\000\000\000\000\000\000"-
#473883	REDUCE cov: 116 ft: 342 corp: 113/125Kb lim: 30934 exec/s: 78980 rss: 492Mb L: 483/28484 MS: 3 ChangeASCIIInt-CopyPart-EraseBytes-
#478561	REDUCE cov: 116 ft: 342 corp: 113/125Kb lim: 30976 exec/s: 79760 rss: 492Mb L: 498/28484 MS: 3 InsertByte-ChangeASCIIInt-EraseBytes-
#479637	REDUCE cov: 116 ft: 342 corp: 113/125Kb lim: 30976 exec/s: 79939 rss: 492Mb L: 682/28484 MS: 1 EraseBytes-
#480510	REDUCE cov: 116 ft: 342 corp: 113/125Kb lim: 30976 exec/s: 80085 rss: 492Mb L: 477/28484 MS: 3 InsertByte-ShuffleBytes-EraseBytes-
#483937	REDUCE cov: 116 ft: 342 corp: 113/125Kb lim: 31004 exec/s: 80656 rss: 492Mb L: 532/28484 MS: 2 EraseBytes-InsertRepeatedBytes-
#485839	REDUCE cov: 116 ft: 342 corp: 113/125Kb lim: 31018 exec/s: 80973 rss: 492Mb L: 559/28484 MS: 2 ShuffleBytes-EraseBytes-
#485852	REDUCE cov: 116 ft: 342 corp: 113/125Kb lim: 31018 exec/s: 80975 rss: 492Mb L: 525/28484 MS: 3 ChangeBit-CopyPart-EraseBytes-
#486966	REDUCE cov: 116 ft: 342 corp: 113/125Kb lim: 31018 exec/s: 81161 rss: 492Mb L: 541/28484 MS: 4 ChangeBit-ChangeBit-EraseBytes-CopyPart-
#489672	REDUCE cov: 116 ft: 342 corp: 113/125Kb lim: 31032 exec/s: 81612 rss: 492Mb L: 147/28484 MS: 1 EraseBytes-
#490475	REDUCE cov: 116 ft: 342 corp: 113/125Kb lim: 31032 exec/s: 81745 rss: 492Mb L: 547/28484 MS: 3 ChangeByte-ManualDict-EraseBytes- DE: "InkLimiting: Limit should be between 1..400"-
#490822	REDUCE cov: 116 ft: 342 corp: 113/125Kb lim: 31032 exec/s: 81803 rss: 492Mb L: 538/28484 MS: 2 InsertByte-EraseBytes-
#492064	REDUCE cov: 116 ft: 342 corp: 113/125Kb lim: 31032 exec/s: 82010 rss: 492Mb L: 468/28484 MS: 2 ShuffleBytes-EraseBytes-
#492400	REDUCE cov: 116 ft: 342 corp: 113/125Kb lim: 31032 exec/s: 82066 rss: 492Mb L: 934/28484 MS: 1 EraseBytes-
#493422	REDUCE cov: 116 ft: 342 corp: 113/125Kb lim: 31032 exec/s: 82237 rss: 492Mb L: 544/28484 MS: 2 ManualDict-EraseBytes- DE: "Number expected"-
#496194	REDUCE cov: 116 ft: 342 corp: 113/125Kb lim: 31046 exec/s: 82699 rss: 492Mb L: 692/28484 MS: 2 ChangeBinInt-EraseBytes-
#498432	REDUCE cov: 116 ft: 342 corp: 113/125Kb lim: 31060 exec/s: 83072 rss: 492Mb L: 241/28484 MS: 3 ChangeBinInt-InsertRepeatedBytes-EraseBytes-
#501138	REDUCE cov: 116 ft: 342 corp: 113/125Kb lim: 31074 exec/s: 83523 rss: 492Mb L: 385/28484 MS: 1 EraseBytes-
#507594	REDUCE cov: 116 ft: 342 corp: 113/125Kb lim: 31130 exec/s: 72513 rss: 492Mb L: 458/28484 MS: 1 EraseBytes-
#519788	REDUCE cov: 116 ft: 342 corp: 113/125Kb lim: 31242 exec/s: 74255 rss: 493Mb L: 766/28484 MS: 4 ChangeBinInt-InsertRepeatedBytes-CrossOver-EraseBytes-
#523664	REDUCE cov: 116 ft: 342 corp: 113/125Kb lim: 31270 exec/s: 74809 rss: 493Mb L: 499/28484 MS: 1 EraseBytes-
#523891	REDUCE cov: 116 ft: 342 corp: 113/125Kb lim: 31270 exec/s: 74841 rss: 493Mb L: 1180/28484 MS: 2 ChangeBit-EraseBytes-
#524288	pulse  cov: 116 ft: 342 corp: 113/125Kb lim: 31270 exec/s: 74898 rss: 493Mb
#534368	REDUCE cov: 116 ft: 342 corp: 113/125Kb lim: 31368 exec/s: 76338 rss: 496Mb L: 663/28484 MS: 2 InsertRepeatedBytes-EraseBytes-
#535204	REDUCE cov: 116 ft: 342 corp: 113/125Kb lim: 31368 exec/s: 76457 rss: 496Mb L: 510/28484 MS: 1 EraseBytes-
#536162	REDUCE cov: 116 ft: 342 corp: 113/125Kb lim: 31368 exec/s: 76594 rss: 496Mb L: 996/28484 MS: 3 ChangeBit-ChangeBinInt-EraseBytes-
#536269	REDUCE cov: 116 ft: 342 corp: 113/125Kb lim: 31368 exec/s: 76609 rss: 496Mb L: 791/28484 MS: 2 ChangeBit-EraseBytes-
#538632	REDUCE cov: 116 ft: 342 corp: 113/125Kb lim: 31382 exec/s: 76947 rss: 496Mb L: 487/28484 MS: 3 ChangeBinInt-InsertRepeatedBytes-EraseBytes-
#540619	REDUCE cov: 116 ft: 342 corp: 113/125Kb lim: 31396 exec/s: 77231 rss: 496Mb L: 649/28484 MS: 2 ShuffleBytes-EraseBytes-
#548930	REDUCE cov: 116 ft: 342 corp: 113/125Kb lim: 31466 exec/s: 78418 rss: 497Mb L: 640/28484 MS: 1 EraseBytes-
#549781	REDUCE cov: 116 ft: 342 corp: 113/125Kb lim: 31466 exec/s: 78540 rss: 497Mb L: 593/28484 MS: 1 EraseBytes-
#550238	REDUCE cov: 116 ft: 342 corp: 113/125Kb lim: 31466 exec/s: 78605 rss: 497Mb L: 567/28484 MS: 2 ChangeBit-EraseBytes-
#555245	REDUCE cov: 116 ft: 342 corp: 113/125Kb lim: 31508 exec/s: 69405 rss: 497Mb L: 912/28484 MS: 2 ChangeBinInt-EraseBytes-
#566796	REDUCE cov: 116 ft: 342 corp: 113/125Kb lim: 31620 exec/s: 70849 rss: 497Mb L: 978/28484 MS: 1 EraseBytes-
#567676	REDUCE cov: 116 ft: 342 corp: 113/124Kb lim: 31620 exec/s: 70959 rss: 497Mb L: 528/28484 MS: 5 EraseBytes-CMP-InsertByte-ShuffleBytes-InsertRepeatedBytes- DE: "\000\000\000\000\000\000\004\266"-
#568337	REDUCE cov: 116 ft: 342 corp: 113/124Kb lim: 31620 exec/s: 71042 rss: 497Mb L: 373/28484 MS: 1 EraseBytes-
#574749	REDUCE cov: 116 ft: 342 corp: 113/124Kb lim: 31676 exec/s: 71843 rss: 497Mb L: 1007/28484 MS: 2 ShuffleBytes-EraseBytes-
#577098	REDUCE cov: 116 ft: 342 corp: 113/124Kb lim: 31690 exec/s: 72137 rss: 497Mb L: 489/28484 MS: 4 InsertRepeatedBytes-ChangeBit-ChangeByte-EraseBytes-
#578519	REDUCE cov: 116 ft: 342 corp: 113/124Kb lim: 31704 exec/s: 72314 rss: 497Mb L: 1016/28484 MS: 1 EraseBytes-
#581938	REDUCE cov: 116 ft: 342 corp: 113/124Kb lim: 31732 exec/s: 72742 rss: 497Mb L: 1206/28484 MS: 4 ChangeASCIIInt-ChangeBit-ShuffleBytes-EraseBytes-
#585739	REDUCE cov: 116 ft: 342 corp: 113/124Kb lim: 31760 exec/s: 73217 rss: 497Mb L: 910/28484 MS: 1 EraseBytes-
#591190	REDUCE cov: 116 ft: 342 corp: 113/124Kb lim: 31802 exec/s: 73898 rss: 497Mb L: 1011/28484 MS: 1 EraseBytes-
#593288	REDUCE cov: 116 ft: 342 corp: 113/124Kb lim: 31816 exec/s: 74161 rss: 497Mb L: 1182/28484 MS: 3 ChangeASCIIInt-ChangeBinInt-EraseBytes-
#593430	REDUCE cov: 116 ft: 342 corp: 113/124Kb lim: 31816 exec/s: 74178 rss: 497Mb L: 432/28484 MS: 2 ChangeASCIIInt-EraseBytes-
#604444	REDUCE cov: 116 ft: 342 corp: 113/124Kb lim: 31914 exec/s: 75555 rss: 497Mb L: 613/28484 MS: 4 ChangeByte-CMP-ManualDict-EraseBytes- DE: "j\000\000\000\000\000\000\000"-"   >>"-
#608405	REDUCE cov: 116 ft: 342 corp: 113/124Kb lim: 31942 exec/s: 76050 rss: 497Mb L: 1096/28484 MS: 1 EraseBytes-
#614276	REDUCE cov: 116 ft: 342 corp: 113/124Kb lim: 31998 exec/s: 68252 rss: 497Mb L: 178/28484 MS: 1 EraseBytes-
#614687	REDUCE cov: 116 ft: 342 corp: 113/124Kb lim: 31998 exec/s: 68298 rss: 497Mb L: 465/28484 MS: 1 EraseBytes-
#617972	REDUCE cov: 116 ft: 342 corp: 113/124Kb lim: 32026 exec/s: 68663 rss: 497Mb L: 717/28484 MS: 5 ManualDict-PersAutoDict-ShuffleBytes-ManualDict-EraseBytes- DE: "Shaper size expected"-"link"-"Keyword expected"-
#624663	REDUCE cov: 116 ft: 342 corp: 113/124Kb lim: 32082 exec/s: 69407 rss: 497Mb L: 184/28484 MS: 1 EraseBytes-
#630636	REDUCE cov: 116 ft: 342 corp: 113/124Kb lim: 32138 exec/s: 70070 rss: 497Mb L: 581/28484 MS: 3 ChangeBit-ChangeASCIIInt-EraseBytes-
#633169	REDUCE cov: 116 ft: 342 corp: 113/124Kb lim: 32152 exec/s: 70352 rss: 497Mb L: 540/28484 MS: 3 ChangeBinInt-CMP-EraseBytes- DE: "\036\002"-
#640460	REDUCE cov: 116 ft: 342 corp: 113/124Kb lim: 32222 exec/s: 71162 rss: 497Mb L: 141/28484 MS: 1 EraseBytes-
#646541	REDUCE cov: 116 ft: 342 corp: 113/124Kb lim: 32278 exec/s: 71837 rss: 497Mb L: 959/28484 MS: 1 EraseBytes-
#646555	REDUCE cov: 116 ft: 342 corp: 113/124Kb lim: 32278 exec/s: 71839 rss: 497Mb L: 535/28484 MS: 4 PersAutoDict-ChangeBinInt-CopyPart-EraseBytes- DE: "RelativeColorimetric"-
#647281	REDUCE cov: 116 ft: 342 corp: 113/124Kb lim: 32278 exec/s: 71920 rss: 497Mb L: 155/28484 MS: 1 EraseBytes-
#647652	REDUCE cov: 116 ft: 342 corp: 113/124Kb lim: 32278 exec/s: 71961 rss: 497Mb L: 976/28484 MS: 1 EraseBytes-
#653943	REDUCE cov: 116 ft: 342 corp: 113/124Kb lim: 32334 exec/s: 72660 rss: 498Mb L: 901/28484 MS: 1 EraseBytes-
#654529	REDUCE cov: 116 ft: 342 corp: 113/124Kb lim: 32334 exec/s: 72725 rss: 498Mb L: 528/28484 MS: 1 EraseBytes-
#656986	REDUCE cov: 116 ft: 342 corp: 113/124Kb lim: 32348 exec/s: 72998 rss: 498Mb L: 898/28484 MS: 2 ChangeASCIIInt-EraseBytes-
#658962	REDUCE cov: 116 ft: 342 corp: 113/124Kb lim: 32362 exec/s: 73218 rss: 498Mb L: 219/28484 MS: 1 EraseBytes-
#671063	REDUCE cov: 116 ft: 342 corp: 113/124Kb lim: 32474 exec/s: 74562 rss: 498Mb L: 172/28484 MS: 1 EraseBytes-
#714529	REDUCE cov: 116 ft: 343 corp: 114/125Kb lim: 32903 exec/s: 71452 rss: 498Mb L: 1523/28484 MS: 1 CopyPart-
#717090	REDUCE cov: 116 ft: 343 corp: 114/125Kb lim: 32918 exec/s: 71709 rss: 498Mb L: 725/28484 MS: 1 EraseBytes-
#723177	REDUCE cov: 116 ft: 343 corp: 114/125Kb lim: 32978 exec/s: 72317 rss: 498Mb L: 1275/28484 MS: 2 ChangeBinInt-EraseBytes-
#735529	REDUCE cov: 116 ft: 343 corp: 114/125Kb lim: 33098 exec/s: 73552 rss: 498Mb L: 889/28484 MS: 2 InsertByte-EraseBytes-
#740306	REDUCE cov: 116 ft: 343 corp: 114/125Kb lim: 33143 exec/s: 74030 rss: 498Mb L: 1127/28484 MS: 2 ChangeASCIIInt-EraseBytes-
#745552	REDUCE cov: 116 ft: 343 corp: 114/125Kb lim: 33188 exec/s: 74555 rss: 498Mb L: 532/28484 MS: 1 EraseBytes-
#750954	REDUCE cov: 116 ft: 343 corp: 114/125Kb lim: 33233 exec/s: 75095 rss: 498Mb L: 422/28484 MS: 2 ChangeByte-EraseBytes-
#750995	REDUCE cov: 116 ft: 343 corp: 114/125Kb lim: 33233 exec/s: 75099 rss: 498Mb L: 1068/28484 MS: 1 EraseBytes-
#756972	REDUCE cov: 116 ft: 343 corp: 114/125Kb lim: 33278 exec/s: 75697 rss: 498Mb L: 865/28484 MS: 2 ChangeByte-EraseBytes-
#761345	REDUCE cov: 117 ft: 344 corp: 115/126Kb lim: 33308 exec/s: 76134 rss: 498Mb L: 1016/28484 MS: 3 ChangeBit-CopyPart-CMP- DE: "psid"-
#761568	NEW    cov: 117 ft: 345 corp: 116/127Kb lim: 33308 exec/s: 76156 rss: 498Mb L: 1269/28484 MS: 3 CrossOver-ShuffleBytes-CopyPart-
#761909	NEW    cov: 117 ft: 346 corp: 117/128Kb lim: 33308 exec/s: 76190 rss: 498Mb L: 1289/28484 MS: 1 PersAutoDict- DE: "RelativeColorimetric"-
#762552	REDUCE cov: 117 ft: 347 corp: 118/130Kb lim: 33308 exec/s: 76255 rss: 498Mb L: 2228/28484 MS: 3 ShuffleBytes-ShuffleBytes-CrossOver-
#763454	REDUCE cov: 117 ft: 347 corp: 118/130Kb lim: 33308 exec/s: 76345 rss: 498Mb L: 839/28484 MS: 2 ChangeByte-EraseBytes-
#763473	REDUCE cov: 117 ft: 347 corp: 118/130Kb lim: 33308 exec/s: 76347 rss: 498Mb L: 584/28484 MS: 4 CopyPart-CMP-ShuffleBytes-EraseBytes- DE: "\377\377\377\377\377\377\377\025"-
#763529	REDUCE cov: 117 ft: 347 corp: 118/129Kb lim: 33308 exec/s: 76352 rss: 498Mb L: 1736/28484 MS: 1 EraseBytes-
#763578	REDUCE cov: 117 ft: 347 corp: 118/129Kb lim: 33308 exec/s: 76357 rss: 498Mb L: 560/28484 MS: 4 ChangeBit-ManualDict-EraseBytes-CopyPart- DE: "Undefined DATA_FORMAT"-
#763792	REDUCE cov: 117 ft: 347 corp: 118/129Kb lim: 33308 exec/s: 76379 rss: 498Mb L: 1137/28484 MS: 4 PersAutoDict-CrossOver-EraseBytes-InsertByte- DE: "\000\000\000\000\000\000\000\017"-
#764729	REDUCE cov: 117 ft: 347 corp: 118/129Kb lim: 33308 exec/s: 76472 rss: 498Mb L: 1658/28484 MS: 2 InsertRepeatedBytes-EraseBytes-
#767960	REDUCE cov: 117 ft: 347 corp: 118/129Kb lim: 33338 exec/s: 76796 rss: 498Mb L: 1147/28484 MS: 1 EraseBytes-
#770243	REDUCE cov: 117 ft: 347 corp: 118/129Kb lim: 33353 exec/s: 70022 rss: 499Mb L: 608/28484 MS: 3 ChangeBit-ChangeASCIIInt-EraseBytes-
#770506	REDUCE cov: 117 ft: 347 corp: 118/128Kb lim: 33353 exec/s: 70046 rss: 499Mb L: 784/28484 MS: 3 ChangeASCIIInt-ChangeBit-EraseBytes-
#771613	REDUCE cov: 117 ft: 347 corp: 118/128Kb lim: 33353 exec/s: 70146 rss: 499Mb L: 451/28484 MS: 2 PersAutoDict-EraseBytes- DE: "\370\000\000\000"-
#771709	REDUCE cov: 117 ft: 347 corp: 118/128Kb lim: 33353 exec/s: 70155 rss: 499Mb L: 930/28484 MS: 1 EraseBytes-
#772786	REDUCE cov: 117 ft: 347 corp: 118/128Kb lim: 33353 exec/s: 70253 rss: 499Mb L: 999/28484 MS: 2 CMP-EraseBytes- DE: "\001\000\000\254"-
#772812	REDUCE cov: 117 ft: 347 corp: 118/128Kb lim: 33353 exec/s: 70255 rss: 499Mb L: 415/28484 MS: 1 EraseBytes-
#776466	REDUCE cov: 117 ft: 347 corp: 118/128Kb lim: 33383 exec/s: 70587 rss: 499Mb L: 798/28484 MS: 4 ShuffleBytes-CMP-CMP-EraseBytes- DE: "\000\000\000\000\000\000\000\223"-"\017\001\000\000\000\000\000\000"-
#777382	REDUCE cov: 117 ft: 347 corp: 118/128Kb lim: 33383 exec/s: 70671 rss: 499Mb L: 545/28484 MS: 1 EraseBytes-
#779154	REDUCE cov: 117 ft: 347 corp: 118/128Kb lim: 33398 exec/s: 70832 rss: 499Mb L: 473/28484 MS: 2 CrossOver-EraseBytes-
#787550	REDUCE cov: 117 ft: 347 corp: 118/128Kb lim: 33473 exec/s: 71595 rss: 499Mb L: 551/28484 MS: 1 EraseBytes-
#794752	REDUCE cov: 117 ft: 347 corp: 118/128Kb lim: 33533 exec/s: 72250 rss: 499Mb L: 1067/28484 MS: 2 PersAutoDict-EraseBytes- DE: "Invalid output color space"-
#797699	REDUCE cov: 117 ft: 347 corp: 118/128Kb lim: 33548 exec/s: 72518 rss: 499Mb L: 899/28484 MS: 2 ChangeByte-EraseBytes-
#797918	REDUCE cov: 117 ft: 348 corp: 119/129Kb lim: 33548 exec/s: 72538 rss: 499Mb L: 1120/28484 MS: 4 ManualDict-ChangeBinInt-ShuffleBytes-CrossOver- DE: "#0"-
#801720	REDUCE cov: 117 ft: 348 corp: 119/129Kb lim: 33578 exec/s: 72883 rss: 500Mb L: 1032/28484 MS: 2 ManualDict-EraseBytes- DE: "ORIGINATOR"-
#805929	REDUCE cov: 117 ft: 348 corp: 119/129Kb lim: 33608 exec/s: 73266 rss: 500Mb L: 774/28484 MS: 4 InsertRepeatedBytes-ManualDict-ShuffleBytes-EraseBytes- DE: "Codes"-
#806175	REDUCE cov: 117 ft: 348 corp: 119/129Kb lim: 33608 exec/s: 73288 rss: 500Mb L: 1013/28484 MS: 1 EraseBytes-
#806426	REDUCE cov: 117 ft: 348 corp: 119/129Kb lim: 33608 exec/s: 73311 rss: 500Mb L: 604/28484 MS: 1 EraseBytes-
#807448	REDUCE cov: 117 ft: 348 corp: 119/128Kb lim: 33608 exec/s: 73404 rss: 500Mb L: 633/28484 MS: 2 ManualDict-EraseBytes- DE: "MEASUREMENT_GEOMETRY"-
#810890	REDUCE cov: 117 ft: 348 corp: 119/128Kb lim: 33638 exec/s: 73717 rss: 500Mb L: 1137/28484 MS: 2 ChangeASCIIInt-EraseBytes-
#811451	REDUCE cov: 117 ft: 348 corp: 119/128Kb lim: 33638 exec/s: 73768 rss: 500Mb L: 777/28484 MS: 1 EraseBytes-
#833437	REDUCE cov: 117 ft: 348 corp: 119/128Kb lim: 33848 exec/s: 75767 rss: 500Mb L: 540/28484 MS: 1 EraseBytes-
#838314	REDUCE cov: 117 ft: 348 corp: 119/128Kb lim: 33893 exec/s: 76210 rss: 500Mb L: 596/28484 MS: 2 ChangeASCIIInt-EraseBytes-
#840810	REDUCE cov: 117 ft: 348 corp: 119/128Kb lim: 33908 exec/s: 76437 rss: 500Mb L: 750/28484 MS: 1 EraseBytes-
#846492	REDUCE cov: 117 ft: 348 corp: 119/128Kb lim: 33953 exec/s: 76953 rss: 500Mb L: 392/28484 MS: 2 InsertByte-EraseBytes-
#846825	REDUCE cov: 117 ft: 348 corp: 119/128Kb lim: 33953 exec/s: 76984 rss: 500Mb L: 470/28484 MS: 3 ChangeByte-InsertByte-EraseBytes-
#849396	REDUCE cov: 117 ft: 348 corp: 119/128Kb lim: 33968 exec/s: 70783 rss: 500Mb L: 628/28484 MS: 1 EraseBytes-
#849882	REDUCE cov: 117 ft: 348 corp: 119/128Kb lim: 33968 exec/s: 70823 rss: 500Mb L: 223/28484 MS: 1 EraseBytes-
#853652	REDUCE cov: 117 ft: 348 corp: 119/128Kb lim: 33998 exec/s: 71137 rss: 500Mb L: 483/28484 MS: 5 ChangeBinInt-ChangeASCIIInt-ShuffleBytes-EraseBytes-InsertByte-
#853729	REDUCE cov: 117 ft: 348 corp: 119/128Kb lim: 33998 exec/s: 71144 rss: 500Mb L: 738/28484 MS: 2 EraseBytes-InsertRepeatedBytes-
#858920	REDUCE cov: 117 ft: 348 corp: 119/128Kb lim: 34043 exec/s: 71576 rss: 501Mb L: 604/28484 MS: 1 EraseBytes-
#860391	REDUCE cov: 117 ft: 348 corp: 119/128Kb lim: 34043 exec/s: 71699 rss: 501Mb L: 645/28484 MS: 1 EraseBytes-
#861156	REDUCE cov: 117 ft: 348 corp: 119/128Kb lim: 34043 exec/s: 71763 rss: 501Mb L: 648/28484 MS: 5 ShuffleBytes-ChangeBinInt-ShuffleBytes-ChangeBit-EraseBytes-
#868776	REDUCE cov: 117 ft: 348 corp: 119/128Kb lim: 34118 exec/s: 72398 rss: 501Mb L: 316/28484 MS: 5 CrossOver-ChangeBinInt-ManualDict-ChangeBit-EraseBytes- DE: "Duplicate tag found"-
#869458	REDUCE cov: 117 ft: 348 corp: 119/128Kb lim: 34118 exec/s: 72454 rss: 501Mb L: 588/28484 MS: 2 ChangeASCIIInt-EraseBytes-
#871744	REDUCE cov: 117 ft: 348 corp: 119/128Kb lim: 34133 exec/s: 72645 rss: 501Mb L: 917/28484 MS: 1 EraseBytes-
#875885	REDUCE cov: 117 ft: 348 corp: 119/128Kb lim: 34163 exec/s: 72990 rss: 501Mb L: 171/28484 MS: 1 EraseBytes-
#876891	REDUCE cov: 117 ft: 348 corp: 119/128Kb lim: 34163 exec/s: 73074 rss: 501Mb L: 195/28484 MS: 1 EraseBytes-
#878204	REDUCE cov: 117 ft: 348 corp: 119/128Kb lim: 34163 exec/s: 73183 rss: 501Mb L: 537/28484 MS: 3 ChangeBit-ChangeASCIIInt-EraseBytes-
#881481	REDUCE cov: 117 ft: 348 corp: 119/128Kb lim: 34193 exec/s: 73456 rss: 501Mb L: 614/28484 MS: 2 ChangeByte-EraseBytes-
#883031	REDUCE cov: 117 ft: 348 corp: 119/128Kb lim: 34208 exec/s: 73585 rss: 501Mb L: 534/28484 MS: 5 ChangeBinInt-ChangeASCIIInt-ChangeASCIIInt-ShuffleBytes-EraseBytes-
#883958	REDUCE cov: 117 ft: 348 corp: 119/128Kb lim: 34208 exec/s: 73663 rss: 501Mb L: 541/28484 MS: 2 InsertRepeatedBytes-EraseBytes-
#895361	REDUCE cov: 117 ft: 348 corp: 119/128Kb lim: 34313 exec/s: 74613 rss: 501Mb L: 194/28484 MS: 3 ChangeBinInt-ShuffleBytes-EraseBytes-
#907333	REDUCE cov: 117 ft: 348 corp: 119/128Kb lim: 34418 exec/s: 75611 rss: 501Mb L: 781/28484 MS: 2 ChangeBit-EraseBytes-
#911120	REDUCE cov: 117 ft: 348 corp: 119/128Kb lim: 34448 exec/s: 75926 rss: 501Mb L: 427/28484 MS: 2 ChangeBit-EraseBytes-
#911828	REDUCE cov: 117 ft: 348 corp: 119/128Kb lim: 34448 exec/s: 75985 rss: 501Mb L: 887/28484 MS: 3 ChangeBit-CopyPart-EraseBytes-
#914191	REDUCE cov: 117 ft: 348 corp: 119/128Kb lim: 34463 exec/s: 76182 rss: 501Mb L: 646/28484 MS: 3 ChangeBinInt-ChangeBinInt-EraseBytes-
#914820	REDUCE cov: 117 ft: 348 corp: 119/128Kb lim: 34463 exec/s: 76235 rss: 501Mb L: 516/28484 MS: 4 PersAutoDict-ChangeASCIIInt-PersAutoDict-EraseBytes- DE: "Little CMS"-"psid"-
#915076	REDUCE cov: 117 ft: 348 corp: 119/128Kb lim: 34463 exec/s: 76256 rss: 501Mb L: 992/28484 MS: 1 EraseBytes-
#918682	REDUCE cov: 117 ft: 348 corp: 119/128Kb lim: 34493 exec/s: 76556 rss: 501Mb L: 422/28484 MS: 1 EraseBytes-
#926948	REDUCE cov: 117 ft: 348 corp: 119/127Kb lim: 34568 exec/s: 71303 rss: 501Mb L: 621/28484 MS: 1 EraseBytes-
#928370	REDUCE cov: 117 ft: 348 corp: 119/127Kb lim: 34568 exec/s: 71413 rss: 501Mb L: 385/28484 MS: 2 ChangeByte-EraseBytes-
#928834	REDUCE cov: 117 ft: 348 corp: 119/127Kb lim: 34568 exec/s: 71448 rss: 501Mb L: 952/28484 MS: 4 ChangeBit-ShuffleBytes-InsertRepeatedBytes-EraseBytes-
#929020	REDUCE cov: 117 ft: 348 corp: 119/127Kb lim: 34568 exec/s: 71463 rss: 501Mb L: 915/28484 MS: 1 EraseBytes-
#929551	REDUCE cov: 117 ft: 348 corp: 119/127Kb lim: 34568 exec/s: 71503 rss: 501Mb L: 1101/28484 MS: 1 EraseBytes-
#933294	REDUCE cov: 117 ft: 348 corp: 119/127Kb lim: 34598 exec/s: 71791 rss: 501Mb L: 645/28484 MS: 3 ChangeByte-ShuffleBytes-EraseBytes-
#936596	REDUCE cov: 117 ft: 348 corp: 119/127Kb lim: 34628 exec/s: 72045 rss: 501Mb L: 476/28484 MS: 2 ShuffleBytes-EraseBytes-
#940695	REDUCE cov: 117 ft: 348 corp: 119/127Kb lim: 34658 exec/s: 72361 rss: 501Mb L: 578/28484 MS: 4 ChangeBinInt-ChangeBit-EraseBytes-InsertByte-
#941669	REDUCE cov: 117 ft: 348 corp: 119/127Kb lim: 34658 exec/s: 72436 rss: 501Mb L: 524/28484 MS: 4 ManualDict-ManualDict-CrossOver-EraseBytes- DE: "$INCLUDE"-"D_VIS"-
#950468	REDUCE cov: 117 ft: 348 corp: 119/127Kb lim: 34733 exec/s: 73112 rss: 501Mb L: 584/28484 MS: 4 ShuffleBytes-ChangeASCIIInt-ChangeBinInt-EraseBytes-
#954288	REDUCE cov: 117 ft: 348 corp: 119/127Kb lim: 34763 exec/s: 73406 rss: 501Mb L: 491/28484 MS: 5 PersAutoDict-ChangeBit-ChangeBinInt-ShuffleBytes-EraseBytes- DE: "dahc"-
#956399	REDUCE cov: 117 ft: 348 corp: 119/127Kb lim: 34778 exec/s: 73569 rss: 501Mb L: 461/28484 MS: 1 EraseBytes-
#958400	REDUCE cov: 117 ft: 348 corp: 119/127Kb lim: 34793 exec/s: 73723 rss: 501Mb L: 545/28484 MS: 1 EraseBytes-
#965171	REDUCE cov: 117 ft: 348 corp: 119/127Kb lim: 34853 exec/s: 74243 rss: 502Mb L: 152/28484 MS: 1 EraseBytes-
#969703	REDUCE cov: 117 ft: 348 corp: 119/127Kb lim: 34898 exec/s: 74592 rss: 502Mb L: 305/28484 MS: 2 PersAutoDict-EraseBytes- DE: "\017\001\000\000\000\000\000\000"-
#970360	REDUCE cov: 117 ft: 348 corp: 119/127Kb lim: 34898 exec/s: 74643 rss: 502Mb L: 149/28484 MS: 2 PersAutoDict-EraseBytes- DE: "Linearization built-in"-
#973657	REDUCE cov: 117 ft: 348 corp: 119/127Kb lim: 34928 exec/s: 74896 rss: 502Mb L: 851/28484 MS: 2 ChangeBinInt-EraseBytes-
#975828	REDUCE cov: 117 ft: 348 corp: 119/127Kb lim: 34943 exec/s: 75063 rss: 502Mb L: 755/28484 MS: 1 EraseBytes-
#990526	REDUCE cov: 117 ft: 348 corp: 119/127Kb lim: 35078 exec/s: 76194 rss: 502Mb L: 532/28484 MS: 3 ChangeByte-ChangeBinInt-EraseBytes-
#1000217	REDUCE cov: 117 ft: 348 corp: 119/127Kb lim: 35168 exec/s: 76939 rss: 502Mb L: 542/28484 MS: 1 EraseBytes-
#1013394	REDUCE cov: 117 ft: 348 corp: 119/127Kb lim: 35288 exec/s: 72385 rss: 502Mb L: 932/28484 MS: 2 CopyPart-EraseBytes-
#1015491	REDUCE cov: 117 ft: 348 corp: 119/127Kb lim: 35303 exec/s: 72535 rss: 502Mb L: 542/28484 MS: 2 ShuffleBytes-EraseBytes-
#1020247	REDUCE cov: 117 ft: 348 corp: 119/127Kb lim: 35348 exec/s: 72874 rss: 502Mb L: 620/28484 MS: 1 EraseBytes-
#1022148	REDUCE cov: 117 ft: 348 corp: 119/127Kb lim: 35363 exec/s: 73010 rss: 502Mb L: 851/28484 MS: 1 EraseBytes-
#1022959	REDUCE cov: 117 ft: 348 corp: 119/127Kb lim: 35363 exec/s: 73068 rss: 502Mb L: 160/28484 MS: 1 EraseBytes-
#1027005	REDUCE cov: 117 ft: 348 corp: 119/127Kb lim: 35393 exec/s: 73357 rss: 502Mb L: 894/28484 MS: 1 EraseBytes-
#1031491	REDUCE cov: 117 ft: 348 corp: 119/127Kb lim: 35423 exec/s: 73677 rss: 502Mb L: 615/28484 MS: 1 EraseBytes-
#1031957	REDUCE cov: 117 ft: 348 corp: 119/127Kb lim: 35423 exec/s: 73711 rss: 502Mb L: 579/28484 MS: 1 EraseBytes-
#1043938	REDUCE cov: 117 ft: 348 corp: 119/127Kb lim: 35528 exec/s: 74567 rss: 502Mb L: 478/28484 MS: 1 EraseBytes-
#1045588	REDUCE cov: 117 ft: 348 corp: 119/127Kb lim: 35543 exec/s: 74684 rss: 502Mb L: 843/28484 MS: 5 ChangeByte-CMP-PersAutoDict-ChangeASCIIInt-EraseBytes- DE: "\007\000\000\000\000\000\000\000"-"nmcl"-
#1048576	pulse  cov: 117 ft: 348 corp: 119/127Kb lim: 35558 exec/s: 74898 rss: 502Mb
#1049387	REDUCE cov: 117 ft: 348 corp: 119/127Kb lim: 35573 exec/s: 74956 rss: 502Mb L: 864/28484 MS: 4 ChangeBit-CMP-ChangeBinInt-EraseBytes- DE: "+\000"-
#1049423	REDUCE cov: 117 ft: 348 corp: 119/127Kb lim: 35573 exec/s: 74958 rss: 502Mb L: 143/28484 MS: 1 EraseBytes-
#1054310	REDUCE cov: 117 ft: 348 corp: 119/127Kb lim: 35618 exec/s: 75307 rss: 502Mb L: 532/28484 MS: 2 InsertRepeatedBytes-EraseBytes-
#1057106	REDUCE cov: 117 ft: 348 corp: 119/127Kb lim: 35633 exec/s: 75507 rss: 502Mb L: 858/28484 MS: 1 EraseBytes-
#1060772	REDUCE cov: 117 ft: 348 corp: 119/127Kb lim: 35663 exec/s: 75769 rss: 502Mb L: 293/28484 MS: 1 EraseBytes-
#1062809	REDUCE cov: 117 ft: 348 corp: 119/127Kb lim: 35678 exec/s: 75914 rss: 502Mb L: 438/28484 MS: 2 ChangeBinInt-EraseBytes-
#1063530	REDUCE cov: 117 ft: 348 corp: 119/127Kb lim: 35678 exec/s: 75966 rss: 502Mb L: 148/28484 MS: 1 EraseBytes-
#1075743	REDUCE cov: 117 ft: 348 corp: 119/127Kb lim: 35798 exec/s: 76838 rss: 502Mb L: 502/28484 MS: 3 ChangeByte-ChangeByte-EraseBytes-
#1076629	REDUCE cov: 117 ft: 348 corp: 119/127Kb lim: 35798 exec/s: 76902 rss: 502Mb L: 1089/28484 MS: 1 EraseBytes-
#1079763	REDUCE cov: 117 ft: 348 corp: 119/127Kb lim: 35828 exec/s: 77125 rss: 502Mb L: 536/28484 MS: 4 ChangeASCIIInt-PersAutoDict-ChangeBinInt-EraseBytes- DE: "cmsSmoothToneCurve: Too many points."-
#1081816	REDUCE cov: 117 ft: 348 corp: 119/127Kb lim: 35843 exec/s: 72121 rss: 502Mb L: 586/28484 MS: 3 ChangeBit-ChangeBinInt-EraseBytes-
#1082283	REDUCE cov: 117 ft: 348 corp: 119/127Kb lim: 35843 exec/s: 72152 rss: 502Mb L: 743/28484 MS: 2 ChangeByte-EraseBytes-
#1089094	REDUCE cov: 117 ft: 348 corp: 119/126Kb lim: 35903 exec/s: 72606 rss: 502Mb L: 362/28484 MS: 1 EraseBytes-
#1089225	REDUCE cov: 117 ft: 348 corp: 119/126Kb lim: 35903 exec/s: 72615 rss: 502Mb L: 781/28484 MS: 1 EraseBytes-
#1091832	REDUCE cov: 117 ft: 348 corp: 119/126Kb lim: 35918 exec/s: 72788 rss: 502Mb L: 337/28484 MS: 2 CrossOver-EraseBytes-
#1099104	REDUCE cov: 117 ft: 348 corp: 119/126Kb lim: 35978 exec/s: 73273 rss: 502Mb L: 286/28484 MS: 2 ChangeBit-EraseBytes-
#1101709	REDUCE cov: 117 ft: 348 corp: 119/126Kb lim: 35993 exec/s: 73447 rss: 502Mb L: 535/28484 MS: 5 ShuffleBytes-ShuffleBytes-PersAutoDict-PersAutoDict-EraseBytes- DE: "hN@c"-"TABLE_NAME"-
#1106562	REDUCE cov: 117 ft: 348 corp: 119/126Kb lim: 36038 exec/s: 73770 rss: 502Mb L: 426/28484 MS: 3 EraseBytes-ShuffleBytes-ManualDict- DE: "LAB_B"-
#1109019	REDUCE cov: 117 ft: 348 corp: 119/126Kb lim: 36053 exec/s: 73934 rss: 502Mb L: 543/28484 MS: 2 ChangeBit-EraseBytes-
#1119181	REDUCE cov: 117 ft: 348 corp: 119/126Kb lim: 36143 exec/s: 74612 rss: 503Mb L: 572/28484 MS: 2 ChangeBit-EraseBytes-
#1119193	REDUCE cov: 117 ft: 349 corp: 120/128Kb lim: 36143 exec/s: 74612 rss: 503Mb L: 1380/28484 MS: 2 ManualDict-CopyPart- DE: "CMYK_Y"-
#1120559	REDUCE cov: 117 ft: 349 corp: 120/128Kb lim: 36143 exec/s: 74703 rss: 503Mb L: 461/28484 MS: 1 EraseBytes-
#1121276	REDUCE cov: 117 ft: 349 corp: 120/128Kb lim: 36143 exec/s: 74751 rss: 503Mb L: 146/28484 MS: 2 ChangeBit-EraseBytes-
#1122086	REDUCE cov: 117 ft: 349 corp: 120/128Kb lim: 36143 exec/s: 74805 rss: 503Mb L: 623/28484 MS: 5 EraseBytes-InsertByte-ChangeBit-ManualDict-ManualDict- DE: "STDEV_Z"-"XYZ_Z"-
#1129722	REDUCE cov: 117 ft: 349 corp: 120/128Kb lim: 36218 exec/s: 75314 rss: 503Mb L: 1321/28484 MS: 1 EraseBytes-
#1133344	REDUCE cov: 117 ft: 349 corp: 120/128Kb lim: 36248 exec/s: 75556 rss: 504Mb L: 532/28484 MS: 2 InsertByte-EraseBytes-
#1136047	REDUCE cov: 117 ft: 349 corp: 120/127Kb lim: 36263 exec/s: 75736 rss: 504Mb L: 774/28484 MS: 3 EraseBytes-ChangeBit-ManualDict- DE: "dup "-
#1137838	REDUCE cov: 117 ft: 350 corp: 121/128Kb lim: 36278 exec/s: 75855 rss: 504Mb L: 976/28484 MS: 1 CopyPart-
#1142659	REDUCE cov: 117 ft: 350 corp: 121/128Kb lim: 36323 exec/s: 76177 rss: 504Mb L: 460/28484 MS: 1 EraseBytes-
#1146262	REDUCE cov: 117 ft: 350 corp: 121/128Kb lim: 36353 exec/s: 76417 rss: 504Mb L: 852/28484 MS: 3 ChangeByte-ChangeBinInt-EraseBytes-
#1154088	REDUCE cov: 117 ft: 350 corp: 121/128Kb lim: 36428 exec/s: 76939 rss: 504Mb L: 533/28484 MS: 1 EraseBytes-
#1156266	REDUCE cov: 117 ft: 350 corp: 121/128Kb lim: 36443 exec/s: 77084 rss: 504Mb L: 466/28484 MS: 3 ManualDict-ChangeByte-EraseBytes- DE: "Couldn't create tone curve with zero segments and no table"-
#1166167	REDUCE cov: 117 ft: 350 corp: 121/128Kb lim: 36533 exec/s: 72885 rss: 504Mb L: 360/28484 MS: 1 EraseBytes-
#1169025	REDUCE cov: 117 ft: 350 corp: 121/128Kb lim: 36548 exec/s: 73064 rss: 504Mb L: 565/28484 MS: 3 PersAutoDict-ShuffleBytes-EraseBytes- DE: "SPECTRAL_PCT"-
#1171756	REDUCE cov: 117 ft: 350 corp: 121/128Kb lim: 36563 exec/s: 73234 rss: 504Mb L: 1100/28484 MS: 1 EraseBytes-
#1171808	REDUCE cov: 117 ft: 350 corp: 121/128Kb lim: 36563 exec/s: 73238 rss: 504Mb L: 231/28484 MS: 2 PersAutoDict-EraseBytes- DE: "Bad dictionary Name/Value"-
#1172879	REDUCE cov: 117 ft: 350 corp: 121/128Kb lim: 36563 exec/s: 73304 rss: 504Mb L: 488/28484 MS: 1 EraseBytes-
#1174725	REDUCE cov: 117 ft: 350 corp: 121/128Kb lim: 36578 exec/s: 73420 rss: 504Mb L: 434/28484 MS: 1 EraseBytes-
#1178173	REDUCE cov: 117 ft: 350 corp: 121/128Kb lim: 36608 exec/s: 73635 rss: 504Mb L: 964/28484 MS: 3 ChangeBinInt-ShuffleBytes-EraseBytes-
#1179179	REDUCE cov: 117 ft: 350 corp: 121/128Kb lim: 36608 exec/s: 73698 rss: 504Mb L: 230/28484 MS: 1 EraseBytes-
#1192691	REDUCE cov: 117 ft: 350 corp: 121/128Kb lim: 36728 exec/s: 74543 rss: 504Mb L: 1029/28484 MS: 2 ShuffleBytes-EraseBytes-
#1196027	REDUCE cov: 117 ft: 350 corp: 121/128Kb lim: 36758 exec/s: 74751 rss: 504Mb L: 521/28484 MS: 1 EraseBytes-
#1202708	REDUCE cov: 117 ft: 350 corp: 121/128Kb lim: 36818 exec/s: 75169 rss: 504Mb L: 492/28484 MS: 1 EraseBytes-
#1214259	REDUCE cov: 117 ft: 350 corp: 121/128Kb lim: 36923 exec/s: 75891 rss: 504Mb L: 587/28484 MS: 1 EraseBytes-
#1215178	REDUCE cov: 117 ft: 350 corp: 121/128Kb lim: 36923 exec/s: 75948 rss: 504Mb L: 128/28484 MS: 4 EraseBytes-ChangeByte-ChangeBinInt-InsertByte-
#1222655	REDUCE cov: 117 ft: 350 corp: 121/128Kb lim: 36983 exec/s: 76415 rss: 504Mb L: 1108/28484 MS: 2 ShuffleBytes-EraseBytes-
#1225967	REDUCE cov: 117 ft: 350 corp: 121/128Kb lim: 37013 exec/s: 76622 rss: 504Mb L: 998/28484 MS: 2 ChangeASCIIInt-EraseBytes-
#1231019	REDUCE cov: 117 ft: 350 corp: 121/128Kb lim: 37058 exec/s: 76938 rss: 504Mb L: 938/28484 MS: 2 InsertRepeatedBytes-EraseBytes-
#1232005	REDUCE cov: 117 ft: 350 corp: 121/128Kb lim: 37058 exec/s: 77000 rss: 504Mb L: 532/28484 MS: 1 EraseBytes-
#1233462	REDUCE cov: 117 ft: 350 corp: 121/128Kb lim: 37058 exec/s: 77091 rss: 504Mb L: 994/28484 MS: 2 ManualDict-EraseBytes- DE: "Relative colorimetric"-
#1233736	REDUCE cov: 117 ft: 350 corp: 121/128Kb lim: 37058 exec/s: 77108 rss: 504Mb L: 410/28484 MS: 4 EraseBytes-ChangeByte-ManualDict-InsertByte- DE: "KEYWORD"-
#1238257	REDUCE cov: 117 ft: 350 corp: 121/128Kb lim: 37103 exec/s: 72838 rss: 504Mb L: 517/28484 MS: 1 CrossOver-
#1249003	REDUCE cov: 117 ft: 350 corp: 121/128Kb lim: 37208 exec/s: 73470 rss: 504Mb L: 695/28484 MS: 1 EraseBytes-
#1249179	REDUCE cov: 117 ft: 350 corp: 121/128Kb lim: 37208 exec/s: 73481 rss: 504Mb L: 709/28484 MS: 1 EraseBytes-
#1252490	REDUCE cov: 117 ft: 350 corp: 121/128Kb lim: 37238 exec/s: 73675 rss: 504Mb L: 983/28484 MS: 1 EraseBytes-
#1259483	REDUCE cov: 117 ft: 350 corp: 121/128Kb lim: 37298 exec/s: 74087 rss: 504Mb L: 922/28484 MS: 3 ShuffleBytes-ChangeByte-EraseBytes-
#1262331	REDUCE cov: 117 ft: 350 corp: 121/128Kb lim: 37313 exec/s: 74254 rss: 504Mb L: 508/28484 MS: 3 CMP-ChangeByte-EraseBytes- DE: "\001\361"-
#1262952	REDUCE cov: 117 ft: 350 corp: 121/127Kb lim: 37313 exec/s: 74291 rss: 504Mb L: 904/28484 MS: 1 EraseBytes-
#1279183	REDUCE cov: 117 ft: 350 corp: 121/127Kb lim: 37463 exec/s: 75246 rss: 504Mb L: 815/28484 MS: 1 EraseBytes-
#1279729	REDUCE cov: 117 ft: 350 corp: 121/127Kb lim: 37463 exec/s: 75278 rss: 504Mb L: 1024/28484 MS: 1 EraseBytes-
#1283124	REDUCE cov: 117 ft: 350 corp: 121/127Kb lim: 37493 exec/s: 75477 rss: 504Mb L: 14316/28484 MS: 5 CopyPart-PersAutoDict-ShuffleBytes-ChangeBit-EraseBytes- DE: "STDEV_B"-
#1290260	REDUCE cov: 117 ft: 350 corp: 121/127Kb lim: 37553 exec/s: 75897 rss: 504Mb L: 916/28484 MS: 1 EraseBytes-
#1294348	REDUCE cov: 117 ft: 350 corp: 121/127Kb lim: 37583 exec/s: 76138 rss: 504Mb L: 731/28484 MS: 3 PersAutoDict-ChangeBinInt-EraseBytes- DE: "P\004\000\000\000\000\000\000"-
#1295875	REDUCE cov: 117 ft: 350 corp: 121/127Kb lim: 37598 exec/s: 76227 rss: 504Mb L: 597/28484 MS: 2 ShuffleBytes-EraseBytes-
#1296383	REDUCE cov: 117 ft: 350 corp: 121/127Kb lim: 37598 exec/s: 76257 rss: 505Mb L: 712/28484 MS: 3 CopyPart-ChangeByte-EraseBytes-
#1296959	REDUCE cov: 117 ft: 350 corp: 121/127Kb lim: 37598 exec/s: 76291 rss: 505Mb L: 906/28484 MS: 1 EraseBytes-
#1301675	REDUCE cov: 117 ft: 350 corp: 121/127Kb lim: 37643 exec/s: 76569 rss: 505Mb L: 486/28484 MS: 1 EraseBytes-
#1304010	REDUCE cov: 117 ft: 350 corp: 121/127Kb lim: 37658 exec/s: 76706 rss: 505Mb L: 513/28484 MS: 5 CrossOver-ShuffleBytes-InsertRepeatedBytes-PersAutoDict-EraseBytes- DE: "gXYZ"-
#1309437	REDUCE cov: 117 ft: 350 corp: 121/127Kb lim: 37703 exec/s: 77025 rss: 505Mb L: 485/28484 MS: 2 CMP-EraseBytes- DE: "\000\000\000\000\000\000\003\023"-
#1311463	REDUCE cov: 117 ft: 350 corp: 121/127Kb lim: 37718 exec/s: 77144 rss: 506Mb L: 807/28484 MS: 1 EraseBytes-
#1312891	REDUCE cov: 117 ft: 350 corp: 121/127Kb lim: 37718 exec/s: 77228 rss: 506Mb L: 451/28484 MS: 3 ManualDict-PersAutoDict-EraseBytes- DE: "D_BLUE"-"\001\000\000\000\000\000\000\011"-
#1318732	REDUCE cov: 117 ft: 350 corp: 121/127Kb lim: 37763 exec/s: 73262 rss: 506Mb L: 337/28484 MS: 1 EraseBytes-
#1319028	REDUCE cov: 117 ft: 350 corp: 121/127Kb lim: 37763 exec/s: 73279 rss: 506Mb L: 878/28484 MS: 1 EraseBytes-
#1327597	REDUCE cov: 117 ft: 350 corp: 121/127Kb lim: 37838 exec/s: 73755 rss: 507Mb L: 456/28484 MS: 4 EraseBytes-ManualDict-ChangeByte-CrossOver- DE: "LAB_C"-
#1339448	REDUCE cov: 117 ft: 350 corp: 121/127Kb lim: 37943 exec/s: 74413 rss: 507Mb L: 714/28484 MS: 1 EraseBytes-
#1347232	REDUCE cov: 117 ft: 350 corp: 121/127Kb lim: 38018 exec/s: 74846 rss: 508Mb L: 553/28484 MS: 4 EraseBytes-ChangeBinInt-ChangeByte-PersAutoDict- DE: "kumi"-
#1356828	REDUCE cov: 117 ft: 350 corp: 121/127Kb lim: 38108 exec/s: 75379 rss: 508Mb L: 830/28484 MS: 1 EraseBytes-
#1362699	REDUCE cov: 117 ft: 350 corp: 121/127Kb lim: 38153 exec/s: 75705 rss: 508Mb L: 459/28484 MS: 1 EraseBytes-
#1388156	REDUCE cov: 117 ft: 350 corp: 121/127Kb lim: 38393 exec/s: 77119 rss: 509Mb L: 818/28484 MS: 2 ChangeBit-EraseBytes-
#1399887	REDUCE cov: 117 ft: 350 corp: 121/127Kb lim: 38498 exec/s: 73678 rss: 509Mb L: 689/28484 MS: 1 EraseBytes-
#1401788	REDUCE cov: 117 ft: 350 corp: 121/126Kb lim: 38513 exec/s: 73778 rss: 509Mb L: 414/28484 MS: 1 EraseBytes-
#1405124	REDUCE cov: 117 ft: 350 corp: 121/126Kb lim: 38543 exec/s: 73953 rss: 509Mb L: 629/28484 MS: 1 EraseBytes-
#1430700	REDUCE cov: 117 ft: 350 corp: 121/126Kb lim: 38783 exec/s: 75300 rss: 509Mb L: 784/28484 MS: 1 EraseBytes-
#1437837	REDUCE cov: 117 ft: 350 corp: 121/126Kb lim: 38843 exec/s: 75675 rss: 509Mb L: 476/28484 MS: 2 ChangeBinInt-EraseBytes-
#1442270	REDUCE cov: 117 ft: 350 corp: 121/126Kb lim: 38873 exec/s: 75908 rss: 509Mb L: 1043/28484 MS: 3 ShuffleBytes-ShuffleBytes-EraseBytes-
#1448512	REDUCE cov: 117 ft: 350 corp: 121/126Kb lim: 38933 exec/s: 76237 rss: 509Mb L: 719/28484 MS: 2 ShuffleBytes-EraseBytes-
#1453731	REDUCE cov: 117 ft: 350 corp: 121/126Kb lim: 38978 exec/s: 76512 rss: 509Mb L: 288/28484 MS: 4 ChangeByte-EraseBytes-ManualDict-EraseBytes- DE: "At"-
#1472693	REDUCE cov: 117 ft: 350 corp: 121/126Kb lim: 39158 exec/s: 77510 rss: 509Mb L: 240/28484 MS: 2 ChangeBit-EraseBytes-
#1473654	REDUCE cov: 117 ft: 350 corp: 121/126Kb lim: 39158 exec/s: 77560 rss: 509Mb L: 563/28484 MS: 1 EraseBytes-
#1476700	REDUCE cov: 117 ft: 350 corp: 121/126Kb lim: 39188 exec/s: 73835 rss: 509Mb L: 313/28484 MS: 1 EraseBytes-
#1482261	REDUCE cov: 117 ft: 350 corp: 121/126Kb lim: 39233 exec/s: 74113 rss: 509Mb L: 760/28484 MS: 1 EraseBytes-
#1493057	REDUCE cov: 117 ft: 350 corp: 121/126Kb lim: 39338 exec/s: 74652 rss: 509Mb L: 664/28484 MS: 1 EraseBytes-
#1498543	REDUCE cov: 117 ft: 350 corp: 121/126Kb lim: 39383 exec/s: 74927 rss: 509Mb L: 899/28484 MS: 1 EraseBytes-
#1510106	REDUCE cov: 117 ft: 350 corp: 121/126Kb lim: 39488 exec/s: 75505 rss: 509Mb L: 652/28484 MS: 3 EraseBytes-ChangeByte-ChangeASCIIInt-
#1513982	REDUCE cov: 117 ft: 350 corp: 121/126Kb lim: 39518 exec/s: 75699 rss: 510Mb L: 237/28484 MS: 1 EraseBytes-
#1517199	REDUCE cov: 117 ft: 350 corp: 121/126Kb lim: 39548 exec/s: 75859 rss: 510Mb L: 477/28484 MS: 2 CrossOver-EraseBytes-
#1522075	REDUCE cov: 117 ft: 350 corp: 121/126Kb lim: 39593 exec/s: 76103 rss: 510Mb L: 1075/28484 MS: 1 EraseBytes-
#1528641	REDUCE cov: 117 ft: 350 corp: 121/126Kb lim: 39653 exec/s: 76432 rss: 510Mb L: 407/28484 MS: 1 EraseBytes-
#1532223	REDUCE cov: 117 ft: 350 corp: 121/126Kb lim: 39683 exec/s: 76611 rss: 510Mb L: 882/28484 MS: 2 ShuffleBytes-EraseBytes-
#1548775	REDUCE cov: 117 ft: 350 corp: 121/126Kb lim: 39833 exec/s: 77438 rss: 510Mb L: 270/28484 MS: 2 EraseBytes-InsertByte-
#1557451	REDUCE cov: 117 ft: 350 corp: 121/126Kb lim: 39908 exec/s: 74164 rss: 510Mb L: 289/28484 MS: 1 EraseBytes-
#1565519	REDUCE cov: 117 ft: 351 corp: 122/127Kb lim: 39983 exec/s: 74548 rss: 510Mb L: 1169/28484 MS: 3 PersAutoDict-CopyPart-EraseBytes- DE: "\006\322PL"-
#1575180	REDUCE cov: 117 ft: 351 corp: 122/127Kb lim: 40073 exec/s: 75008 rss: 510Mb L: 1012/28484 MS: 1 EraseBytes-
#1590148	REDUCE cov: 117 ft: 351 corp: 122/127Kb lim: 40208 exec/s: 75721 rss: 510Mb L: 541/28484 MS: 3 PersAutoDict-ChangeBinInt-EraseBytes- DE: "STDEV_Z"-
#1593080	REDUCE cov: 117 ft: 351 corp: 122/127Kb lim: 40223 exec/s: 75860 rss: 510Mb L: 806/28484 MS: 2 ManualDict-EraseBytes- DE: "CMYK_M"-
#1596838	REDUCE cov: 117 ft: 351 corp: 122/127Kb lim: 40253 exec/s: 76039 rss: 510Mb L: 551/28484 MS: 3 InsertByte-ManualDict-EraseBytes- DE: "PS"-
#1600194	REDUCE cov: 117 ft: 351 corp: 122/127Kb lim: 40283 exec/s: 76199 rss: 510Mb L: 395/28484 MS: 1 EraseBytes-
#1604730	REDUCE cov: 117 ft: 351 corp: 122/127Kb lim: 40328 exec/s: 76415 rss: 510Mb L: 550/28484 MS: 1 EraseBytes-
#1606252	REDUCE cov: 117 ft: 351 corp: 122/127Kb lim: 40343 exec/s: 76488 rss: 510Mb L: 975/28484 MS: 2 ShuffleBytes-EraseBytes-
#1631824	REDUCE cov: 117 ft: 351 corp: 122/127Kb lim: 40583 exec/s: 77705 rss: 510Mb L: 1063/28484 MS: 2 ChangeBit-EraseBytes-
#1641125	REDUCE cov: 117 ft: 351 corp: 122/127Kb lim: 40673 exec/s: 74596 rss: 510Mb L: 683/28484 MS: 1 EraseBytes-
#1642606	REDUCE cov: 117 ft: 351 corp: 122/127Kb lim: 40673 exec/s: 74663 rss: 510Mb L: 697/28484 MS: 1 EraseBytes-
#1655437	REDUCE cov: 117 ft: 351 corp: 122/127Kb lim: 40793 exec/s: 75247 rss: 511Mb L: 1031/28484 MS: 1 EraseBytes-
#1656453	REDUCE cov: 117 ft: 351 corp: 122/127Kb lim: 40793 exec/s: 75293 rss: 511Mb L: 136/28484 MS: 1 EraseBytes-
#1657364	REDUCE cov: 117 ft: 351 corp: 122/127Kb lim: 40793 exec/s: 75334 rss: 511Mb L: 976/28484 MS: 1 EraseBytes-
#1657590	REDUCE cov: 117 ft: 351 corp: 122/127Kb lim: 40793 exec/s: 75345 rss: 511Mb L: 952/28484 MS: 1 EraseBytes-
#1659951	REDUCE cov: 117 ft: 351 corp: 122/127Kb lim: 40808 exec/s: 75452 rss: 511Mb L: 1005/28484 MS: 1 EraseBytes-
#1671267	REDUCE cov: 117 ft: 351 corp: 122/127Kb lim: 40913 exec/s: 75966 rss: 511Mb L: 865/28484 MS: 1 EraseBytes-
#1676023	REDUCE cov: 117 ft: 351 corp: 122/127Kb lim: 40958 exec/s: 76182 rss: 511Mb L: 456/28484 MS: 1 EraseBytes-
#1679119	REDUCE cov: 117 ft: 351 corp: 122/127Kb lim: 40988 exec/s: 76323 rss: 511Mb L: 841/28484 MS: 1 EraseBytes-
#1683896	REDUCE cov: 117 ft: 351 corp: 122/127Kb lim: 41033 exec/s: 76540 rss: 511Mb L: 414/28484 MS: 2 ChangeBit-EraseBytes-
#1686217	REDUCE cov: 117 ft: 351 corp: 122/127Kb lim: 41048 exec/s: 76646 rss: 511Mb L: 976/28484 MS: 1 EraseBytes-
#1714373	REDUCE cov: 117 ft: 351 corp: 122/127Kb lim: 41318 exec/s: 74537 rss: 511Mb L: 436/28484 MS: 1 EraseBytes-
#1718069	REDUCE cov: 117 ft: 351 corp: 122/127Kb lim: 41348 exec/s: 74698 rss: 511Mb L: 420/28484 MS: 1 EraseBytes-
#1720160	REDUCE cov: 117 ft: 351 corp: 122/127Kb lim: 41363 exec/s: 74789 rss: 511Mb L: 257/28484 MS: 1 EraseBytes-
#1724421	REDUCE cov: 117 ft: 351 corp: 122/127Kb lim: 41393 exec/s: 74974 rss: 511Mb L: 487/28484 MS: 1 EraseBytes-
#1728687	REDUCE cov: 117 ft: 351 corp: 122/127Kb lim: 41423 exec/s: 75160 rss: 511Mb L: 225/28484 MS: 1 EraseBytes-
#1735918	REDUCE cov: 117 ft: 351 corp: 122/127Kb lim: 41483 exec/s: 75474 rss: 511Mb L: 414/28484 MS: 1 EraseBytes-
#1755493	REDUCE cov: 117 ft: 351 corp: 122/127Kb lim: 41678 exec/s: 76325 rss: 511Mb L: 1137/28484 MS: 2 ChangeBit-EraseBytes-
#1760474	REDUCE cov: 117 ft: 351 corp: 122/127Kb lim: 41723 exec/s: 76542 rss: 511Mb L: 463/28484 MS: 1 EraseBytes-
#1776880	REDUCE cov: 117 ft: 351 corp: 122/127Kb lim: 41873 exec/s: 77255 rss: 511Mb L: 412/28484 MS: 1 EraseBytes-
#1785741	REDUCE cov: 117 ft: 351 corp: 122/127Kb lim: 41948 exec/s: 77640 rss: 511Mb L: 952/28484 MS: 1 EraseBytes-
#1788728	REDUCE cov: 117 ft: 351 corp: 122/127Kb lim: 41963 exec/s: 77770 rss: 511Mb L: 416/28484 MS: 2 ChangeBinInt-EraseBytes-
#1792164	REDUCE cov: 117 ft: 351 corp: 122/126Kb lim: 41993 exec/s: 77920 rss: 511Mb L: 505/28484 MS: 1 EraseBytes-
#1796606	REDUCE cov: 117 ft: 351 corp: 122/126Kb lim: 42023 exec/s: 74858 rss: 511Mb L: 940/28484 MS: 2 CMP-EraseBytes- DE: "\335URC"-
#1804943	REDUCE cov: 117 ft: 351 corp: 122/126Kb lim: 42098 exec/s: 75205 rss: 512Mb L: 474/28484 MS: 2 CrossOver-EraseBytes-
#1819673	REDUCE cov: 117 ft: 351 corp: 122/126Kb lim: 42233 exec/s: 75819 rss: 512Mb L: 459/28484 MS: 1 EraseBytes-
#1825191	REDUCE cov: 117 ft: 351 corp: 122/126Kb lim: 42278 exec/s: 76049 rss: 512Mb L: 724/28484 MS: 3 CMP-ChangeBinInt-EraseBytes- DE: " \000\000\000"-
#1830717	REDUCE cov: 117 ft: 351 corp: 122/126Kb lim: 42323 exec/s: 76279 rss: 512Mb L: 534/28484 MS: 1 EraseBytes-
#1833910	REDUCE cov: 117 ft: 351 corp: 122/126Kb lim: 42353 exec/s: 76412 rss: 513Mb L: 592/28484 MS: 3 ChangeBit-CrossOver-EraseBytes-
#1835277	REDUCE cov: 117 ft: 351 corp: 122/126Kb lim: 42353 exec/s: 76469 rss: 513Mb L: 1077/28484 MS: 2 CMP-EraseBytes- DE: "psid"-
#1840094	REDUCE cov: 117 ft: 351 corp: 122/126Kb lim: 42398 exec/s: 76670 rss: 513Mb L: 863/28484 MS: 2 ShuffleBytes-EraseBytes-
#1852411	REDUCE cov: 117 ft: 351 corp: 122/126Kb lim: 42518 exec/s: 77183 rss: 513Mb L: 969/28484 MS: 2 ChangeASCIIInt-EraseBytes-
#1861047	REDUCE cov: 117 ft: 351 corp: 122/126Kb lim: 42593 exec/s: 77543 rss: 513Mb L: 621/28484 MS: 1 EraseBytes-
#1863854	REDUCE cov: 117 ft: 351 corp: 122/126Kb lim: 42608 exec/s: 77660 rss: 513Mb L: 385/28484 MS: 2 ChangeByte-EraseBytes-
#1864402	REDUCE cov: 117 ft: 351 corp: 122/126Kb lim: 42608 exec/s: 77683 rss: 513Mb L: 228/28484 MS: 3 ShuffleBytes-ShuffleBytes-EraseBytes-
#1876772	REDUCE cov: 117 ft: 351 corp: 122/126Kb lim: 42728 exec/s: 75070 rss: 513Mb L: 392/28484 MS: 5 ChangeBit-ShuffleBytes-InsertByte-CopyPart-EraseBytes-
#1889368	REDUCE cov: 117 ft: 351 corp: 122/126Kb lim: 42848 exec/s: 75574 rss: 513Mb L: 1065/28484 MS: 1 EraseBytes-
#1895519	REDUCE cov: 117 ft: 351 corp: 122/126Kb lim: 42908 exec/s: 75820 rss: 513Mb L: 514/28484 MS: 1 EraseBytes-
#1897916	REDUCE cov: 117 ft: 351 corp: 122/126Kb lim: 42923 exec/s: 75916 rss: 513Mb L: 880/28484 MS: 1 EraseBytes-
#1905388	REDUCE cov: 117 ft: 351 corp: 122/126Kb lim: 42983 exec/s: 76215 rss: 513Mb L: 611/28484 MS: 2 ChangeBinInt-EraseBytes-
#1908466	REDUCE cov: 117 ft: 351 corp: 122/126Kb lim: 43013 exec/s: 76338 rss: 513Mb L: 782/28484 MS: 3 ChangeBinInt-ChangeByte-EraseBytes-
#1927327	REDUCE cov: 117 ft: 351 corp: 122/126Kb lim: 43193 exec/s: 77093 rss: 513Mb L: 325/28484 MS: 1 EraseBytes-
#1929328	REDUCE cov: 117 ft: 351 corp: 122/126Kb lim: 43208 exec/s: 77173 rss: 513Mb L: 583/28484 MS: 1 EraseBytes-
#1929628	REDUCE cov: 117 ft: 351 corp: 122/126Kb lim: 43208 exec/s: 77185 rss: 513Mb L: 375/28484 MS: 5 ChangeBit-EraseBytes-InsertRepeatedBytes-ShuffleBytes-ManualDict- DE: "LUT_3D_INPUT_RANGE"-
#1930924	REDUCE cov: 117 ft: 351 corp: 122/126Kb lim: 43208 exec/s: 77236 rss: 513Mb L: 805/28484 MS: 1 EraseBytes-
#1931705	REDUCE cov: 117 ft: 351 corp: 122/126Kb lim: 43208 exec/s: 77268 rss: 513Mb L: 722/28484 MS: 1 EraseBytes-
#1935342	REDUCE cov: 117 ft: 351 corp: 122/126Kb lim: 43238 exec/s: 77413 rss: 513Mb L: 639/28484 MS: 2 EraseBytes-InsertRepeatedBytes-
#1955684	REDUCE cov: 117 ft: 351 corp: 122/126Kb lim: 43433 exec/s: 75218 rss: 514Mb L: 462/28484 MS: 2 CMP-EraseBytes- DE: "2D2B"-
#1973121	REDUCE cov: 117 ft: 351 corp: 122/126Kb lim: 43598 exec/s: 75889 rss: 514Mb L: 769/28484 MS: 2 ChangeByte-EraseBytes-
#1980534	REDUCE cov: 117 ft: 351 corp: 122/126Kb lim: 43658 exec/s: 76174 rss: 514Mb L: 470/28484 MS: 2 ChangeBinInt-EraseBytes-
#1983341	REDUCE cov: 117 ft: 351 corp: 122/126Kb lim: 43673 exec/s: 76282 rss: 514Mb L: 458/28484 MS: 2 ChangeBinInt-EraseBytes-
#1984352	REDUCE cov: 117 ft: 351 corp: 122/126Kb lim: 43673 exec/s: 76321 rss: 514Mb L: 626/28484 MS: 1 EraseBytes-
#1989693	REDUCE cov: 117 ft: 351 corp: 122/126Kb lim: 43718 exec/s: 76526 rss: 514Mb L: 215/28484 MS: 1 EraseBytes-
#1990395	REDUCE cov: 117 ft: 351 corp: 122/126Kb lim: 43718 exec/s: 76553 rss: 514Mb L: 527/28484 MS: 2 ShuffleBytes-EraseBytes-
#2029441	REDUCE cov: 117 ft: 351 corp: 122/126Kb lim: 44093 exec/s: 78055 rss: 514Mb L: 503/28484 MS: 1 EraseBytes-
#2036439	REDUCE cov: 117 ft: 351 corp: 122/126Kb lim: 44153 exec/s: 75423 rss: 514Mb L: 856/28484 MS: 3 ChangeASCIIInt-EraseBytes-ManualDict- DE: "LUT is not suitable to be saved as LUT16"-
#2036530	REDUCE cov: 117 ft: 351 corp: 122/126Kb lim: 44153 exec/s: 75427 rss: 514Mb L: 950/28484 MS: 1 EraseBytes-
#2038842	REDUCE cov: 117 ft: 351 corp: 122/126Kb lim: 44168 exec/s: 75512 rss: 514Mb L: 845/28484 MS: 2 PersAutoDict-EraseBytes- DE: "\006\322PL"-
#2047334	REDUCE cov: 117 ft: 351 corp: 122/126Kb lim: 44243 exec/s: 75827 rss: 514Mb L: 757/28484 MS: 2 PersAutoDict-EraseBytes- DE: "ceiling cvi "-
#2048362	REDUCE cov: 117 ft: 352 corp: 123/127Kb lim: 44243 exec/s: 75865 rss: 514Mb L: 1283/28484 MS: 3 ChangeBinInt-ShuffleBytes-CopyPart-
#2050083	REDUCE cov: 117 ft: 352 corp: 123/127Kb lim: 44258 exec/s: 75929 rss: 514Mb L: 605/28484 MS: 1 EraseBytes-
#2058350	REDUCE cov: 117 ft: 352 corp: 123/127Kb lim: 44333 exec/s: 76235 rss: 514Mb L: 673/28484 MS: 2 ChangeByte-EraseBytes-
#2074728	REDUCE cov: 117 ft: 352 corp: 123/127Kb lim: 44483 exec/s: 76841 rss: 514Mb L: 625/28484 MS: 3 InsertRepeatedBytes-ChangeBit-EraseBytes-
#2079929	REDUCE cov: 117 ft: 352 corp: 123/127Kb lim: 44528 exec/s: 77034 rss: 514Mb L: 412/28484 MS: 1 EraseBytes-
#2081275	REDUCE cov: 117 ft: 352 corp: 123/127Kb lim: 44528 exec/s: 77084 rss: 514Mb L: 712/28484 MS: 1 EraseBytes-
#2091659	REDUCE cov: 117 ft: 352 corp: 123/127Kb lim: 44618 exec/s: 77468 rss: 514Mb L: 832/28484 MS: 4 CopyPart-ChangeBit-ChangeBit-EraseBytes-
#2095080	REDUCE cov: 117 ft: 352 corp: 123/127Kb lim: 44648 exec/s: 77595 rss: 514Mb L: 809/28484 MS: 1 EraseBytes-
#2097152	pulse  cov: 117 ft: 352 corp: 123/127Kb lim: 44663 exec/s: 77672 rss: 514Mb
#2099152	REDUCE cov: 117 ft: 352 corp: 123/127Kb lim: 44678 exec/s: 77746 rss: 514Mb L: 277/28484 MS: 2 ChangeASCIIInt-EraseBytes-
#2099944	REDUCE cov: 117 ft: 352 corp: 123/127Kb lim: 44678 exec/s: 77775 rss: 514Mb L: 186/28484 MS: 2 ChangeBinInt-EraseBytes-
#2106215	REDUCE cov: 117 ft: 352 corp: 123/127Kb lim: 44738 exec/s: 78007 rss: 514Mb L: 151/28484 MS: 1 EraseBytes-
#2106556	REDUCE cov: 117 ft: 352 corp: 123/127Kb lim: 44738 exec/s: 78020 rss: 514Mb L: 773/28484 MS: 1 EraseBytes-
#2107327	REDUCE cov: 117 ft: 352 corp: 123/127Kb lim: 44738 exec/s: 78049 rss: 514Mb L: 507/28484 MS: 1 EraseBytes-
#2124018	REDUCE cov: 117 ft: 352 corp: 123/127Kb lim: 44903 exec/s: 75857 rss: 514Mb L: 1007/28484 MS: 1 EraseBytes-
#2126574	REDUCE cov: 117 ft: 352 corp: 123/127Kb lim: 44918 exec/s: 75949 rss: 514Mb L: 265/28484 MS: 1 EraseBytes-
#2127445	REDUCE cov: 117 ft: 352 corp: 123/127Kb lim: 44918 exec/s: 75980 rss: 514Mb L: 700/28484 MS: 1 EraseBytes-
#2129396	REDUCE cov: 117 ft: 352 corp: 123/127Kb lim: 44933 exec/s: 76049 rss: 514Mb L: 819/28484 MS: 1 EraseBytes-
#2129941	REDUCE cov: 117 ft: 352 corp: 123/127Kb lim: 44933 exec/s: 76069 rss: 514Mb L: 1041/28484 MS: 5 ChangeByte-ChangeByte-ShuffleBytes-ManualDict-EraseBytes- DE: "LUT size expected"-
#2147277	REDUCE cov: 117 ft: 352 corp: 123/127Kb lim: 45098 exec/s: 76688 rss: 514Mb L: 688/28484 MS: 1 EraseBytes-
#2150203	REDUCE cov: 117 ft: 352 corp: 123/127Kb lim: 45113 exec/s: 76792 rss: 514Mb L: 745/28484 MS: 1 EraseBytes-
#2151179	REDUCE cov: 117 ft: 352 corp: 123/126Kb lim: 45113 exec/s: 76827 rss: 514Mb L: 535/28484 MS: 1 EraseBytes-
#2170692	REDUCE cov: 117 ft: 352 corp: 123/126Kb lim: 45293 exec/s: 77524 rss: 514Mb L: 762/28484 MS: 3 ShuffleBytes-ChangeASCIIInt-EraseBytes-
#2177754	REDUCE cov: 117 ft: 352 corp: 123/126Kb lim: 45353 exec/s: 77776 rss: 514Mb L: 937/28484 MS: 2 ChangeASCIIInt-EraseBytes-
#2178011	REDUCE cov: 117 ft: 352 corp: 123/126Kb lim: 45353 exec/s: 77786 rss: 514Mb L: 1033/28484 MS: 2 ChangeByte-EraseBytes-
#2185977	REDUCE cov: 117 ft: 352 corp: 123/126Kb lim: 45428 exec/s: 78070 rss: 514Mb L: 688/28484 MS: 1 EraseBytes-
#2190729	REDUCE cov: 117 ft: 352 corp: 123/126Kb lim: 45473 exec/s: 78240 rss: 514Mb L: 710/28484 MS: 2 ChangeBit-EraseBytes-
#2202593	REDUCE cov: 117 ft: 352 corp: 123/126Kb lim: 45578 exec/s: 75951 rss: 514Mb L: 138/28484 MS: 4 ShuffleBytes-ChangeBit-ChangeBit-EraseBytes-
#2209034	REDUCE cov: 117 ft: 352 corp: 123/126Kb lim: 45638 exec/s: 76173 rss: 514Mb L: 140/28484 MS: 1 EraseBytes-
#2213155	REDUCE cov: 117 ft: 352 corp: 123/126Kb lim: 45668 exec/s: 76315 rss: 514Mb L: 580/28484 MS: 1 EraseBytes-
#2215807	REDUCE cov: 117 ft: 352 corp: 123/126Kb lim: 45683 exec/s: 76407 rss: 514Mb L: 544/28484 MS: 2 ShuffleBytes-EraseBytes-
#2218223	REDUCE cov: 117 ft: 352 corp: 123/126Kb lim: 45698 exec/s: 76490 rss: 514Mb L: 520/28484 MS: 1 EraseBytes-
#2218275	REDUCE cov: 117 ft: 352 corp: 123/126Kb lim: 45698 exec/s: 76492 rss: 514Mb L: 399/28484 MS: 2 PersAutoDict-EraseBytes- DE: "SPECTRAL_PCT"-
#2227782	REDUCE cov: 117 ft: 352 corp: 123/126Kb lim: 45788 exec/s: 76820 rss: 514Mb L: 866/28484 MS: 2 InsertRepeatedBytes-EraseBytes-
#2236748	REDUCE cov: 117 ft: 352 corp: 123/126Kb lim: 45863 exec/s: 77129 rss: 514Mb L: 492/28484 MS: 1 EraseBytes-
#2240359	REDUCE cov: 117 ft: 352 corp: 123/126Kb lim: 45893 exec/s: 77253 rss: 514Mb L: 858/28484 MS: 1 EraseBytes-
#2244245	REDUCE cov: 117 ft: 352 corp: 123/126Kb lim: 45923 exec/s: 77387 rss: 514Mb L: 395/28484 MS: 1 EraseBytes-
#2256216	REDUCE cov: 117 ft: 352 corp: 123/126Kb lim: 46028 exec/s: 77800 rss: 514Mb L: 793/28484 MS: 1 EraseBytes-
#2267515	REDUCE cov: 117 ft: 352 corp: 123/126Kb lim: 46133 exec/s: 78190 rss: 515Mb L: 927/28484 MS: 4 InsertByte-ChangeBit-ManualDict-EraseBytes- DE: "MEASUREMENT_GEOMETRY"-
#2274461	REDUCE cov: 117 ft: 352 corp: 123/126Kb lim: 46193 exec/s: 75815 rss: 515Mb L: 497/28484 MS: 1 EraseBytes-
#2287667	REDUCE cov: 117 ft: 352 corp: 123/126Kb lim: 46313 exec/s: 76255 rss: 515Mb L: 136/28484 MS: 1 EraseBytes-
#2292008	REDUCE cov: 117 ft: 352 corp: 123/126Kb lim: 46343 exec/s: 76400 rss: 515Mb L: 138/28484 MS: 1 EraseBytes-
#2292080	REDUCE cov: 117 ft: 352 corp: 123/126Kb lim: 46343 exec/s: 76402 rss: 515Mb L: 926/28484 MS: 2 ChangeBit-EraseBytes-
#2302016	REDUCE cov: 117 ft: 352 corp: 123/125Kb lim: 46433 exec/s: 76733 rss: 515Mb L: 561/28484 MS: 1 EraseBytes-
#2317477	REDUCE cov: 117 ft: 352 corp: 123/125Kb lim: 46583 exec/s: 77249 rss: 515Mb L: 476/28484 MS: 1 EraseBytes-
#2322438	REDUCE cov: 117 ft: 352 corp: 123/125Kb lim: 46628 exec/s: 77414 rss: 516Mb L: 480/28484 MS: 1 EraseBytes-
#2340809	REDUCE cov: 117 ft: 352 corp: 123/125Kb lim: 46808 exec/s: 78026 rss: 517Mb L: 473/28484 MS: 1 EraseBytes-
#2349300	REDUCE cov: 117 ft: 352 corp: 123/125Kb lim: 46883 exec/s: 78310 rss: 517Mb L: 467/28484 MS: 1 EraseBytes-
#2384216	REDUCE cov: 117 ft: 352 corp: 123/125Kb lim: 47228 exec/s: 76910 rss: 518Mb L: 556/28484 MS: 1 EraseBytes-
#2401082	REDUCE cov: 117 ft: 352 corp: 123/125Kb lim: 47393 exec/s: 77454 rss: 518Mb L: 392/28484 MS: 1 EraseBytes-
#2412772	REDUCE cov: 117 ft: 352 corp: 123/125Kb lim: 47498 exec/s: 77831 rss: 518Mb L: 757/28484 MS: 5 ChangeBinInt-ChangeBit-ChangeBinInt-ShuffleBytes-EraseBytes-
#2413901	REDUCE cov: 117 ft: 352 corp: 123/125Kb lim: 47498 exec/s: 77867 rss: 518Mb L: 142/28484 MS: 4 ChangeBinInt-PersAutoDict-InsertByte-EraseBytes- DE: ", "-
#2434347	REDUCE cov: 117 ft: 352 corp: 123/125Kb lim: 47693 exec/s: 78527 rss: 518Mb L: 458/28484 MS: 1 EraseBytes-
#2444325	REDUCE cov: 117 ft: 352 corp: 123/125Kb lim: 47783 exec/s: 76385 rss: 518Mb L: 745/28484 MS: 3 ShuffleBytes-ChangeBit-EraseBytes-
#2468102	REDUCE cov: 117 ft: 352 corp: 123/125Kb lim: 48008 exec/s: 77128 rss: 518Mb L: 673/28484 MS: 2 ChangeASCIIInt-EraseBytes-
#2479139	REDUCE cov: 117 ft: 352 corp: 123/125Kb lim: 48113 exec/s: 77473 rss: 518Mb L: 661/28484 MS: 2 PersAutoDict-EraseBytes- DE: "\000\000\000\000\000\000\003\023"-
#2500327	REDUCE cov: 117 ft: 352 corp: 123/125Kb lim: 48323 exec/s: 78135 rss: 518Mb L: 676/28484 MS: 3 ChangeBinInt-ChangeBinInt-EraseBytes-
#2501368	REDUCE cov: 117 ft: 352 corp: 123/125Kb lim: 48323 exec/s: 78167 rss: 518Mb L: 597/28484 MS: 1 EraseBytes-
#2505054	REDUCE cov: 117 ft: 352 corp: 123/125Kb lim: 48353 exec/s: 78282 rss: 518Mb L: 394/28484 MS: 1 EraseBytes-
#2505865	REDUCE cov: 117 ft: 352 corp: 123/125Kb lim: 48353 exec/s: 78308 rss: 518Mb L: 747/28484 MS: 1 EraseBytes-
#2506756	REDUCE cov: 117 ft: 352 corp: 123/125Kb lim: 48353 exec/s: 78336 rss: 518Mb L: 735/28484 MS: 1 EraseBytes-
#2520558	REDUCE cov: 117 ft: 352 corp: 123/125Kb lim: 48488 exec/s: 76380 rss: 519Mb L: 549/28484 MS: 2 ChangeByte-EraseBytes-
#2551699	REDUCE cov: 117 ft: 352 corp: 123/125Kb lim: 48788 exec/s: 77324 rss: 519Mb L: 146/28484 MS: 1 EraseBytes-
#2562057	REDUCE cov: 117 ft: 352 corp: 123/125Kb lim: 48878 exec/s: 77638 rss: 519Mb L: 544/28484 MS: 3 ShuffleBytes-PersAutoDict-EraseBytes- DE: ", "-
#2563170	REDUCE cov: 117 ft: 352 corp: 123/125Kb lim: 48878 exec/s: 77671 rss: 519Mb L: 1004/28484 MS: 3 ChangeByte-ChangeBinInt-EraseBytes-
#2580141	REDUCE cov: 117 ft: 352 corp: 123/125Kb lim: 49043 exec/s: 78186 rss: 520Mb L: 573/28484 MS: 1 EraseBytes-
#2594567	REDUCE cov: 117 ft: 352 corp: 123/125Kb lim: 49178 exec/s: 78623 rss: 520Mb L: 637/28484 MS: 1 EraseBytes-
#2599008	REDUCE cov: 117 ft: 352 corp: 123/125Kb lim: 49208 exec/s: 78757 rss: 520Mb L: 1049/28484 MS: 1 EraseBytes-
#2609734	REDUCE cov: 117 ft: 352 corp: 123/125Kb lim: 49313 exec/s: 76756 rss: 520Mb L: 532/28484 MS: 1 EraseBytes-
#2624309	REDUCE cov: 117 ft: 352 corp: 123/125Kb lim: 49448 exec/s: 77185 rss: 520Mb L: 144/28484 MS: 5 ChangeASCIIInt-ChangeBit-InsertByte-CrossOver-EraseBytes-
#2625926	REDUCE cov: 117 ft: 352 corp: 123/125Kb lim: 49463 exec/s: 77233 rss: 520Mb L: 866/28484 MS: 2 ShuffleBytes-EraseBytes-
#2627608	REDUCE cov: 117 ft: 352 corp: 123/125Kb lim: 49478 exec/s: 77282 rss: 520Mb L: 649/28484 MS: 2 ChangeASCIIInt-EraseBytes-
#2627846	REDUCE cov: 117 ft: 352 corp: 123/125Kb lim: 49478 exec/s: 77289 rss: 520Mb L: 604/28484 MS: 3 PersAutoDict-ChangeBinInt-EraseBytes- DE: "+\000"-
#2649172	REDUCE cov: 117 ft: 352 corp: 123/125Kb lim: 49688 exec/s: 77916 rss: 520Mb L: 953/28484 MS: 1 EraseBytes-
#2661363	REDUCE cov: 117 ft: 352 corp: 123/125Kb lim: 49808 exec/s: 78275 rss: 521Mb L: 549/28484 MS: 1 EraseBytes-
#2664614	REDUCE cov: 117 ft: 352 corp: 123/125Kb lim: 49838 exec/s: 78371 rss: 521Mb L: 672/28484 MS: 1 EraseBytes-
#2668226	REDUCE cov: 117 ft: 352 corp: 123/125Kb lim: 49868 exec/s: 78477 rss: 521Mb L: 580/28484 MS: 2 ShuffleBytes-EraseBytes-
#2680760	REDUCE cov: 117 ft: 352 corp: 123/125Kb lim: 49988 exec/s: 78845 rss: 521Mb L: 476/28484 MS: 4 ChangeBinInt-ChangeBit-ChangeBit-EraseBytes-
#2720476	REDUCE cov: 117 ft: 352 corp: 123/125Kb lim: 50378 exec/s: 77727 rss: 522Mb L: 699/28484 MS: 1 EraseBytes-
#2728407	REDUCE cov: 117 ft: 352 corp: 123/125Kb lim: 50453 exec/s: 77954 rss: 522Mb L: 561/28484 MS: 1 EraseBytes-
#2800273	REDUCE cov: 117 ft: 352 corp: 123/125Kb lim: 51158 exec/s: 77785 rss: 523Mb L: 535/28484 MS: 1 EraseBytes-
#2806830	REDUCE cov: 117 ft: 352 corp: 123/125Kb lim: 51218 exec/s: 77967 rss: 523Mb L: 233/28484 MS: 2 PersAutoDict-EraseBytes- DE: "\001\000\000\000\000\000\000v"-
#2808577	REDUCE cov: 117 ft: 352 corp: 123/125Kb lim: 51233 exec/s: 78016 rss: 523Mb L: 969/28484 MS: 2 PersAutoDict-EraseBytes- DE: "LUT is not suitable to be saved as LUT8"-
#2814867	REDUCE cov: 117 ft: 352 corp: 123/125Kb lim: 51293 exec/s: 78190 rss: 523Mb L: 412/28484 MS: 5 ManualDict-ChangeASCIIInt-ChangeBit-ChangeBinInt-EraseBytes- DE: "AllocateDataSet: too much data"-
#2823183	REDUCE cov: 117 ft: 352 corp: 123/125Kb lim: 51368 exec/s: 78421 rss: 523Mb L: 537/28484 MS: 1 EraseBytes-
#2823294	REDUCE cov: 117 ft: 352 corp: 123/125Kb lim: 51368 exec/s: 78424 rss: 523Mb L: 1005/28484 MS: 1 EraseBytes-
#2870897	REDUCE cov: 117 ft: 352 corp: 123/125Kb lim: 51833 exec/s: 77591 rss: 523Mb L: 483/28484 MS: 3 ChangeByte-ChangeBit-EraseBytes-
#2877239	REDUCE cov: 117 ft: 352 corp: 123/125Kb lim: 51893 exec/s: 77763 rss: 523Mb L: 258/28484 MS: 2 ShuffleBytes-EraseBytes-
#2896741	REDUCE cov: 117 ft: 352 corp: 123/125Kb lim: 52073 exec/s: 78290 rss: 524Mb L: 637/28484 MS: 2 ManualDict-EraseBytes- DE: "LUT is not suitable to be saved as LUT8"-
#2903399	REDUCE cov: 117 ft: 352 corp: 123/124Kb lim: 52133 exec/s: 78470 rss: 524Mb L: 544/28484 MS: 3 ChangeBinInt-ShuffleBytes-EraseBytes-
#2915105	REDUCE cov: 117 ft: 352 corp: 123/124Kb lim: 52238 exec/s: 78786 rss: 524Mb L: 456/28484 MS: 1 EraseBytes-
#2923752	REDUCE cov: 117 ft: 352 corp: 123/124Kb lim: 52313 exec/s: 79020 rss: 524Mb L: 265/28484 MS: 2 ManualDict-EraseBytes- DE: "3 1 roll "-
#2936073	REDUCE cov: 117 ft: 352 corp: 123/124Kb lim: 52433 exec/s: 79353 rss: 524Mb L: 147/28484 MS: 1 EraseBytes-
#2973340	REDUCE cov: 117 ft: 352 corp: 123/124Kb lim: 52793 exec/s: 78245 rss: 524Mb L: 633/28484 MS: 2 PersAutoDict-EraseBytes- DE: "Shaper size expected"-
#2976067	REDUCE cov: 117 ft: 352 corp: 123/124Kb lim: 52808 exec/s: 78317 rss: 524Mb L: 537/28484 MS: 2 ChangeBinInt-EraseBytes-
#2980461	REDUCE cov: 117 ft: 352 corp: 123/124Kb lim: 52838 exec/s: 78433 rss: 524Mb L: 373/28484 MS: 4 InsertByte-InsertByte-EraseBytes-ManualDict- DE: "Named color CSA"-
#3028517	REDUCE cov: 117 ft: 352 corp: 123/124Kb lim: 53303 exec/s: 77654 rss: 524Mb L: 893/28484 MS: 1 EraseBytes-
#3034880	REDUCE cov: 117 ft: 352 corp: 123/124Kb lim: 53363 exec/s: 77817 rss: 524Mb L: 158/28484 MS: 3 EraseBytes-ChangeBinInt-InsertByte-
#3102081	REDUCE cov: 117 ft: 352 corp: 123/124Kb lim: 54023 exec/s: 77552 rss: 525Mb L: 855/28484 MS: 1 EraseBytes-
#3139702	REDUCE cov: 117 ft: 352 corp: 123/124Kb lim: 54383 exec/s: 78492 rss: 525Mb L: 532/28484 MS: 1 EraseBytes-
#3181103	REDUCE cov: 117 ft: 352 corp: 123/124Kb lim: 54788 exec/s: 79527 rss: 525Mb L: 603/28484 MS: 1 EraseBytes-
#3185025	REDUCE cov: 117 ft: 352 corp: 123/124Kb lim: 54818 exec/s: 77683 rss: 525Mb L: 640/28484 MS: 2 ChangeBit-EraseBytes-
#3193080	REDUCE cov: 117 ft: 352 corp: 123/124Kb lim: 54893 exec/s: 77880 rss: 525Mb L: 2548/28484 MS: 5 CopyPart-PersAutoDict-ChangeByte-ChangeByte-EraseBytes- DE: "LAB_B"-
#3236012	REDUCE cov: 117 ft: 352 corp: 123/124Kb lim: 55313 exec/s: 78927 rss: 526Mb L: 614/28484 MS: 2 CrossOver-EraseBytes-
#3238893	REDUCE cov: 117 ft: 352 corp: 123/124Kb lim: 55328 exec/s: 78997 rss: 526Mb L: 157/28484 MS: 1 EraseBytes-
#3241045	REDUCE cov: 117 ft: 352 corp: 123/124Kb lim: 55343 exec/s: 79049 rss: 526Mb L: 402/28484 MS: 2 CopyPart-EraseBytes-
#3243531	REDUCE cov: 117 ft: 352 corp: 123/124Kb lim: 55358 exec/s: 79110 rss: 526Mb L: 856/28484 MS: 1 EraseBytes-
#3252518	REDUCE cov: 117 ft: 352 corp: 123/124Kb lim: 55433 exec/s: 79329 rss: 526Mb L: 845/28484 MS: 2 ChangeASCIIInt-EraseBytes-
#3281435	REDUCE cov: 117 ft: 352 corp: 123/124Kb lim: 55718 exec/s: 78129 rss: 526Mb L: 482/28484 MS: 2 PersAutoDict-EraseBytes- DE: "CMYK_Y"-
#3301141	REDUCE cov: 117 ft: 352 corp: 123/124Kb lim: 55913 exec/s: 78598 rss: 526Mb L: 992/28484 MS: 1 EraseBytes-
#3361552	REDUCE cov: 117 ft: 352 corp: 123/124Kb lim: 56513 exec/s: 78175 rss: 527Mb L: 222/28484 MS: 1 EraseBytes-
#3367445	REDUCE cov: 117 ft: 352 corp: 123/124Kb lim: 56558 exec/s: 78312 rss: 527Mb L: 685/28484 MS: 3 ChangeBinInt-ChangeBinInt-EraseBytes-
#3398462	REDUCE cov: 117 ft: 352 corp: 123/124Kb lim: 56858 exec/s: 79034 rss: 527Mb L: 809/28484 MS: 2 EraseBytes-ManualDict- DE: " ["-
#3441996	REDUCE cov: 117 ft: 352 corp: 123/124Kb lim: 57278 exec/s: 78227 rss: 527Mb L: 956/28484 MS: 4 ChangeASCIIInt-ChangeBinInt-ChangeBinInt-EraseBytes-
#3470887	REDUCE cov: 117 ft: 352 corp: 123/124Kb lim: 57563 exec/s: 78883 rss: 527Mb L: 532/28484 MS: 1 EraseBytes-
#3480491	REDUCE cov: 117 ft: 353 corp: 124/125Kb lim: 57653 exec/s: 79102 rss: 527Mb L: 958/28484 MS: 4 ChangeBit-CopyPart-ChangeBinInt-ChangeASCIIInt-
#3483477	REDUCE cov: 117 ft: 353 corp: 124/125Kb lim: 57668 exec/s: 79169 rss: 527Mb L: 229/28484 MS: 1 EraseBytes-
#3504125	REDUCE cov: 117 ft: 353 corp: 124/125Kb lim: 57863 exec/s: 77869 rss: 527Mb L: 773/28484 MS: 3 CMP-ChangeASCIIInt-EraseBytes- DE: "\001\000\000\000\000\000\001\221"-
#3560931	REDUCE cov: 117 ft: 353 corp: 124/125Kb lim: 58418 exec/s: 79131 rss: 527Mb L: 1033/28484 MS: 1 EraseBytes-
#3573837	REDUCE cov: 117 ft: 353 corp: 124/125Kb lim: 58538 exec/s: 79418 rss: 527Mb L: 400/28484 MS: 1 EraseBytes-
#3574902	REDUCE cov: 117 ft: 353 corp: 124/125Kb lim: 58538 exec/s: 79442 rss: 527Mb L: 182/28484 MS: 5 ChangeBinInt-ChangeASCIIInt-ChangeBinInt-ChangeBit-EraseBytes-
#3623898	REDUCE cov: 117 ft: 353 corp: 124/125Kb lim: 59018 exec/s: 78780 rss: 527Mb L: 1009/28484 MS: 1 EraseBytes-
#3638824	REDUCE cov: 117 ft: 353 corp: 124/125Kb lim: 59153 exec/s: 79104 rss: 527Mb L: 597/28484 MS: 1 EraseBytes-
#3658345	REDUCE cov: 117 ft: 353 corp: 124/125Kb lim: 59333 exec/s: 79529 rss: 527Mb L: 461/28484 MS: 1 EraseBytes-
#3783191	REDUCE cov: 117 ft: 353 corp: 124/125Kb lim: 60563 exec/s: 78816 rss: 527Mb L: 530/28484 MS: 1 EraseBytes-
#3815502	REDUCE cov: 117 ft: 353 corp: 124/125Kb lim: 60878 exec/s: 79489 rss: 527Mb L: 957/28484 MS: 1 EraseBytes-
#3819628	REDUCE cov: 117 ft: 353 corp: 124/125Kb lim: 60908 exec/s: 79575 rss: 527Mb L: 944/28484 MS: 1 EraseBytes-
#3852241	REDUCE cov: 117 ft: 353 corp: 124/125Kb lim: 61223 exec/s: 78617 rss: 527Mb L: 448/28484 MS: 3 EraseBytes-ChangeBinInt-InsertRepeatedBytes-
#3860997	REDUCE cov: 117 ft: 353 corp: 124/125Kb lim: 61298 exec/s: 78795 rss: 527Mb L: 457/28484 MS: 1 EraseBytes-
#3940200	REDUCE cov: 117 ft: 353 corp: 124/125Kb lim: 62078 exec/s: 78804 rss: 527Mb L: 993/28484 MS: 3 ChangeByte-ChangeByte-EraseBytes-
#3960517	REDUCE cov: 117 ft: 353 corp: 124/125Kb lim: 62273 exec/s: 79210 rss: 527Mb L: 253/28484 MS: 2 ChangeBinInt-EraseBytes-
#3977289	REDUCE cov: 117 ft: 353 corp: 124/125Kb lim: 62438 exec/s: 79545 rss: 527Mb L: 922/28484 MS: 2 EraseBytes-ChangeByte-
#3983246	REDUCE cov: 117 ft: 353 corp: 124/125Kb lim: 62483 exec/s: 79664 rss: 527Mb L: 25130/28484 MS: 2 CopyPart-EraseBytes-
#4005527	REDUCE cov: 117 ft: 353 corp: 124/125Kb lim: 62693 exec/s: 80110 rss: 527Mb L: 415/28484 MS: 1 EraseBytes-
#4014433	REDUCE cov: 117 ft: 353 corp: 124/125Kb lim: 62768 exec/s: 78714 rss: 527Mb L: 522/28484 MS: 1 EraseBytes-
#4025134	REDUCE cov: 117 ft: 353 corp: 124/125Kb lim: 62873 exec/s: 78924 rss: 527Mb L: 761/28484 MS: 1 EraseBytes-
#4046060	REDUCE cov: 117 ft: 353 corp: 124/125Kb lim: 63068 exec/s: 79334 rss: 527Mb L: 479/28484 MS: 1 EraseBytes-
#4126602	REDUCE cov: 117 ft: 353 corp: 124/125Kb lim: 63863 exec/s: 79357 rss: 527Mb L: 910/28484 MS: 2 EraseBytes-ChangeBit-
#4151304	REDUCE cov: 117 ft: 353 corp: 124/125Kb lim: 64103 exec/s: 79832 rss: 527Mb L: 447/28484 MS: 2 CopyPart-EraseBytes-
#4161812	REDUCE cov: 117 ft: 353 corp: 124/125Kb lim: 64193 exec/s: 80034 rss: 527Mb L: 577/28484 MS: 3 ChangeBinInt-ChangeBinInt-EraseBytes-
#4182768	REDUCE cov: 117 ft: 353 corp: 124/125Kb lim: 64388 exec/s: 78920 rss: 527Mb L: 532/28484 MS: 1 EraseBytes-
#4194304	pulse  cov: 117 ft: 353 corp: 124/125Kb lim: 64493 exec/s: 79137 rss: 527Mb
#4201754	REDUCE cov: 117 ft: 353 corp: 124/124Kb lim: 64568 exec/s: 79278 rss: 527Mb L: 803/28484 MS: 1 EraseBytes-
#4204805	REDUCE cov: 117 ft: 353 corp: 124/124Kb lim: 64598 exec/s: 79335 rss: 527Mb L: 610/28484 MS: 1 EraseBytes-
#4241436	REDUCE cov: 117 ft: 353 corp: 124/124Kb lim: 64958 exec/s: 80027 rss: 527Mb L: 496/28484 MS: 1 EraseBytes-
#4241513	REDUCE cov: 117 ft: 353 corp: 124/124Kb lim: 64958 exec/s: 80028 rss: 527Mb L: 932/28484 MS: 2 ChangeASCIIInt-EraseBytes-
#4252874	REDUCE cov: 117 ft: 353 corp: 124/124Kb lim: 65063 exec/s: 80242 rss: 527Mb L: 831/28484 MS: 1 EraseBytes-
#4287060	REDUCE cov: 117 ft: 353 corp: 124/124Kb lim: 65393 exec/s: 79390 rss: 527Mb L: 228/28484 MS: 1 EraseBytes-
#4288432	REDUCE cov: 117 ft: 353 corp: 124/124Kb lim: 65393 exec/s: 79415 rss: 527Mb L: 603/28484 MS: 2 EraseBytes-CopyPart-
#4290148	REDUCE cov: 117 ft: 353 corp: 124/124Kb lim: 65408 exec/s: 79447 rss: 527Mb L: 642/28484 MS: 1 EraseBytes-
#4296729	REDUCE cov: 117 ft: 353 corp: 124/124Kb lim: 65468 exec/s: 79569 rss: 527Mb L: 862/28484 MS: 1 EraseBytes-
#4320756	REDUCE cov: 117 ft: 353 corp: 124/124Kb lim: 65536 exec/s: 80014 rss: 528Mb L: 440/28484 MS: 2 CrossOver-EraseBytes-
#4323335	REDUCE cov: 117 ft: 353 corp: 124/124Kb lim: 65536 exec/s: 80061 rss: 528Mb L: 205/28484 MS: 4 ChangeBit-ChangeByte-ShuffleBytes-EraseBytes-
#4335532	REDUCE cov: 117 ft: 353 corp: 124/124Kb lim: 65536 exec/s: 80287 rss: 529Mb L: 459/28484 MS: 2 ChangeByte-EraseBytes-
#4357543	REDUCE cov: 117 ft: 353 corp: 124/124Kb lim: 65536 exec/s: 79228 rss: 529Mb L: 599/28484 MS: 1 EraseBytes-
#4375625	REDUCE cov: 117 ft: 353 corp: 124/124Kb lim: 65536 exec/s: 79556 rss: 529Mb L: 486/28484 MS: 2 PersAutoDict-EraseBytes- DE: "\000\000\000\000\000\000\001\377"-
#4385129	REDUCE cov: 117 ft: 353 corp: 124/124Kb lim: 65536 exec/s: 79729 rss: 529Mb L: 826/28484 MS: 4 ShuffleBytes-ChangeBit-ChangeByte-EraseBytes-
#4396585	REDUCE cov: 117 ft: 353 corp: 124/124Kb lim: 65536 exec/s: 79937 rss: 529Mb L: 472/28484 MS: 1 EraseBytes-
#4428462	REDUCE cov: 117 ft: 353 corp: 124/124Kb lim: 65536 exec/s: 80517 rss: 529Mb L: 569/28484 MS: 2 EraseBytes-CopyPart-
#4430827	REDUCE cov: 117 ft: 353 corp: 124/124Kb lim: 65536 exec/s: 80560 rss: 529Mb L: 792/28484 MS: 5 CrossOver-CMP-PersAutoDict-ChangeBinInt-EraseBytes- DE: "`es\220"-"\000\000\000\000\000\000\003\023"-
#4450624	REDUCE cov: 117 ft: 353 corp: 124/124Kb lim: 65536 exec/s: 79475 rss: 529Mb L: 170/28484 MS: 2 InsertRepeatedBytes-EraseBytes-
#4480890	REDUCE cov: 117 ft: 353 corp: 124/124Kb lim: 65536 exec/s: 80015 rss: 529Mb L: 222/28484 MS: 1 EraseBytes-
#4489496	REDUCE cov: 117 ft: 353 corp: 124/124Kb lim: 65536 exec/s: 80169 rss: 529Mb L: 457/28484 MS: 1 EraseBytes-
#4498938	REDUCE cov: 117 ft: 353 corp: 124/124Kb lim: 65536 exec/s: 80338 rss: 529Mb L: 518/28484 MS: 2 ShuffleBytes-EraseBytes-
#4499625	REDUCE cov: 117 ft: 353 corp: 124/124Kb lim: 65536 exec/s: 80350 rss: 529Mb L: 192/28484 MS: 2 ManualDict-EraseBytes- DE: "MD5"-
#4552418	REDUCE cov: 117 ft: 353 corp: 124/124Kb lim: 65536 exec/s: 79866 rss: 529Mb L: 413/28484 MS: 3 PersAutoDict-ChangeASCIIInt-EraseBytes- DE: "MEASUREMENT_GEOMETRY"-
#4561508	REDUCE cov: 117 ft: 353 corp: 124/124Kb lim: 65536 exec/s: 80026 rss: 529Mb L: 261/28484 MS: 5 EraseBytes-CrossOver-CopyPart-CrossOver-ChangeASCIIInt-
#4589935	REDUCE cov: 117 ft: 353 corp: 124/124Kb lim: 65536 exec/s: 80525 rss: 529Mb L: 532/28484 MS: 2 ShuffleBytes-EraseBytes-
#4595212	REDUCE cov: 117 ft: 353 corp: 124/124Kb lim: 65536 exec/s: 80617 rss: 529Mb L: 921/28484 MS: 2 CMP-EraseBytes- DE: "\376\377\377\377"-
#4606699	REDUCE cov: 117 ft: 353 corp: 124/124Kb lim: 65536 exec/s: 80819 rss: 529Mb L: 754/28484 MS: 2 ManualDict-EraseBytes- DE: "CHISQ_DOF"-
#4623114	REDUCE cov: 117 ft: 353 corp: 124/124Kb lim: 65536 exec/s: 79708 rss: 529Mb L: 512/28484 MS: 5 CrossOver-ChangeBit-ChangeBinInt-ShuffleBytes-EraseBytes-
#4658155	REDUCE cov: 117 ft: 353 corp: 124/124Kb lim: 65536 exec/s: 80313 rss: 529Mb L: 579/28484 MS: 1 EraseBytes-
#4704177	REDUCE cov: 117 ft: 353 corp: 124/124Kb lim: 65536 exec/s: 79731 rss: 529Mb L: 844/28484 MS: 2 ChangeBit-EraseBytes-
#4777644	REDUCE cov: 117 ft: 353 corp: 124/124Kb lim: 65536 exec/s: 80977 rss: 529Mb L: 780/28484 MS: 2 ChangeASCIIInt-EraseBytes-
#4782401	REDUCE cov: 117 ft: 353 corp: 124/124Kb lim: 65536 exec/s: 81057 rss: 529Mb L: 216/28484 MS: 2 ChangeByte-EraseBytes-
#4785065	REDUCE cov: 117 ft: 353 corp: 124/124Kb lim: 65536 exec/s: 79751 rss: 529Mb L: 565/28484 MS: 4 CMP-ChangeASCIIInt-ChangeBit-EraseBytes- DE: "\001\000\000\000\000\000\002\264"-
#4794946	REDUCE cov: 117 ft: 353 corp: 124/124Kb lim: 65536 exec/s: 79915 rss: 529Mb L: 985/28484 MS: 1 EraseBytes-
#4801161	REDUCE cov: 117 ft: 353 corp: 124/124Kb lim: 65536 exec/s: 80019 rss: 529Mb L: 475/28484 MS: 5 CopyPart-ChangeBinInt-EraseBytes-ChangeBinInt-InsertRepeatedBytes-
#4895712	REDUCE cov: 117 ft: 353 corp: 124/124Kb lim: 65536 exec/s: 80257 rss: 530Mb L: 472/28484 MS: 1 EraseBytes-
#4910306	REDUCE cov: 117 ft: 353 corp: 124/124Kb lim: 65536 exec/s: 80496 rss: 530Mb L: 437/28484 MS: 4 ChangeBinInt-CopyPart-PersAutoDict-EraseBytes- DE: "LUT_3D_SIZE"-
#4946508	REDUCE cov: 117 ft: 353 corp: 124/124Kb lim: 65536 exec/s: 81090 rss: 530Mb L: 210/28484 MS: 2 ChangeASCIIInt-EraseBytes-
#4981416	REDUCE cov: 117 ft: 353 corp: 124/124Kb lim: 65536 exec/s: 80345 rss: 530Mb L: 141/28484 MS: 3 CopyPart-CrossOver-EraseBytes-
#5019579	REDUCE cov: 117 ft: 353 corp: 124/124Kb lim: 65536 exec/s: 80960 rss: 530Mb L: 961/28484 MS: 3 ManualDict-InsertByte-EraseBytes- DE: "MANUFACTURE"-
#5053241	REDUCE cov: 117 ft: 353 corp: 124/124Kb lim: 65536 exec/s: 80210 rss: 530Mb L: 460/28484 MS: 2 EraseBytes-InsertRepeatedBytes-
#5089102	REDUCE cov: 117 ft: 353 corp: 124/124Kb lim: 65536 exec/s: 80779 rss: 530Mb L: 541/28484 MS: 1 EraseBytes-
#5093093	REDUCE cov: 117 ft: 353 corp: 124/123Kb lim: 65536 exec/s: 80842 rss: 530Mb L: 450/28484 MS: 1 EraseBytes-
#5124024	REDUCE cov: 117 ft: 353 corp: 124/123Kb lim: 65536 exec/s: 81333 rss: 530Mb L: 573/28484 MS: 1 EraseBytes-
#5136988	REDUCE cov: 117 ft: 353 corp: 124/123Kb lim: 65536 exec/s: 80265 rss: 530Mb L: 756/28484 MS: 4 PersAutoDict-ChangeByte-ShuffleBytes-EraseBytes- DE: "\000\000\000\000\000\000\001\377"-
#5202699	REDUCE cov: 117 ft: 353 corp: 124/123Kb lim: 65536 exec/s: 81292 rss: 530Mb L: 505/28484 MS: 1 EraseBytes-
#5225855	REDUCE cov: 117 ft: 353 corp: 124/123Kb lim: 65536 exec/s: 80397 rss: 530Mb L: 567/28484 MS: 1 EraseBytes-
#5239771	REDUCE cov: 117 ft: 353 corp: 124/123Kb lim: 65536 exec/s: 80611 rss: 530Mb L: 981/28484 MS: 1 EraseBytes-
#5248047	REDUCE cov: 117 ft: 353 corp: 124/123Kb lim: 65536 exec/s: 80739 rss: 530Mb L: 713/28484 MS: 1 EraseBytes-
#5259641	REDUCE cov: 117 ft: 353 corp: 124/123Kb lim: 65536 exec/s: 80917 rss: 531Mb L: 457/28484 MS: 4 EraseBytes-ChangeASCIIInt-CopyPart-ManualDict- DE: "LAB_A"-
#5260042	REDUCE cov: 117 ft: 353 corp: 124/123Kb lim: 65536 exec/s: 80923 rss: 531Mb L: 204/28484 MS: 1 EraseBytes-
#5271853	REDUCE cov: 117 ft: 353 corp: 124/123Kb lim: 65536 exec/s: 81105 rss: 531Mb L: 696/28484 MS: 1 EraseBytes-
#5295429	REDUCE cov: 117 ft: 353 corp: 124/123Kb lim: 65536 exec/s: 81468 rss: 531Mb L: 257/28484 MS: 1 EraseBytes-
#5305885	REDUCE cov: 117 ft: 353 corp: 124/123Kb lim: 65536 exec/s: 81629 rss: 531Mb L: 969/28484 MS: 1 EraseBytes-
#5330298	REDUCE cov: 117 ft: 353 corp: 124/123Kb lim: 65536 exec/s: 80762 rss: 531Mb L: 469/28484 MS: 3 ManualDict-CopyPart-EraseBytes- DE: "Extra symbols found in file"-
#5337985	REDUCE cov: 117 ft: 353 corp: 124/123Kb lim: 65536 exec/s: 80878 rss: 531Mb L: 402/28484 MS: 2 ChangeByte-EraseBytes-
#5349191	REDUCE cov: 117 ft: 353 corp: 124/123Kb lim: 65536 exec/s: 81048 rss: 531Mb L: 723/28484 MS: 1 EraseBytes-
#5394182	REDUCE cov: 117 ft: 353 corp: 124/123Kb lim: 65536 exec/s: 81730 rss: 531Mb L: 213/28484 MS: 1 EraseBytes-
#5400208	REDUCE cov: 117 ft: 353 corp: 124/123Kb lim: 65536 exec/s: 80600 rss: 531Mb L: 537/28484 MS: 1 EraseBytes-
#5401291	REDUCE cov: 117 ft: 353 corp: 124/123Kb lim: 65536 exec/s: 80616 rss: 531Mb L: 535/28484 MS: 3 PersAutoDict-EraseBytes-ChangeBit- DE: "LAB_C"-
#5405993	REDUCE cov: 117 ft: 353 corp: 124/123Kb lim: 65536 exec/s: 80686 rss: 531Mb L: 537/28484 MS: 2 ChangeByte-EraseBytes-
#5440281	REDUCE cov: 117 ft: 354 corp: 125/124Kb lim: 65536 exec/s: 81198 rss: 531Mb L: 1129/28484 MS: 3 CrossOver-CopyPart-CopyPart-
#5492428	REDUCE cov: 117 ft: 354 corp: 125/124Kb lim: 65536 exec/s: 80771 rss: 531Mb L: 536/28484 MS: 2 ChangeASCIIInt-EraseBytes-
#5512605	REDUCE cov: 117 ft: 354 corp: 125/124Kb lim: 65536 exec/s: 81067 rss: 531Mb L: 1104/28484 MS: 2 InsertByte-EraseBytes-
#5515913	REDUCE cov: 117 ft: 354 corp: 125/124Kb lim: 65536 exec/s: 81116 rss: 531Mb L: 185/28484 MS: 3 ChangeASCIIInt-ChangeByte-EraseBytes-
#5518527	REDUCE cov: 117 ft: 354 corp: 125/124Kb lim: 65536 exec/s: 81154 rss: 531Mb L: 630/28484 MS: 4 ChangeBinInt-InsertByte-ChangeByte-EraseBytes-
#5534308	REDUCE cov: 117 ft: 354 corp: 125/124Kb lim: 65536 exec/s: 81386 rss: 531Mb L: 140/28484 MS: 1 EraseBytes-
#5550109	REDUCE cov: 117 ft: 354 corp: 125/124Kb lim: 65536 exec/s: 81619 rss: 532Mb L: 505/28484 MS: 1 EraseBytes-
#5598832	REDUCE cov: 117 ft: 354 corp: 125/124Kb lim: 65536 exec/s: 81142 rss: 532Mb L: 1075/28484 MS: 3 ChangeByte-ChangeASCIIInt-EraseBytes-
#5678699	REDUCE cov: 117 ft: 354 corp: 125/124Kb lim: 65536 exec/s: 81124 rss: 532Mb L: 354/28484 MS: 2 InsertRepeatedBytes-EraseBytes-
#5685413	REDUCE cov: 117 ft: 354 corp: 125/124Kb lim: 65536 exec/s: 81220 rss: 532Mb L: 873/28484 MS: 4 EraseBytes-CopyPart-ChangeByte-ChangeByte-
#5696779	REDUCE cov: 117 ft: 354 corp: 125/124Kb lim: 65536 exec/s: 81382 rss: 532Mb L: 743/28484 MS: 1 EraseBytes-
#5726192	REDUCE cov: 117 ft: 354 corp: 125/124Kb lim: 65536 exec/s: 81802 rss: 532Mb L: 245/28484 MS: 3 ManualDict-ShuffleBytes-EraseBytes- DE: "LAB_DE_94"-
#5732850	REDUCE cov: 117 ft: 354 corp: 125/124Kb lim: 65536 exec/s: 81897 rss: 532Mb L: 217/28484 MS: 3 ChangeBit-PersAutoDict-EraseBytes- DE: "Software"-
#5768787	REDUCE cov: 117 ft: 354 corp: 125/124Kb lim: 65536 exec/s: 81250 rss: 532Mb L: 209/28484 MS: 2 ChangeByte-EraseBytes-
#5777744	REDUCE cov: 117 ft: 354 corp: 125/124Kb lim: 65536 exec/s: 81376 rss: 532Mb L: 168/28484 MS: 2 ChangeBit-EraseBytes-
#5830342	REDUCE cov: 117 ft: 354 corp: 125/124Kb lim: 65536 exec/s: 82117 rss: 532Mb L: 867/28484 MS: 3 ChangeByte-ShuffleBytes-EraseBytes-
#5867778	REDUCE cov: 117 ft: 354 corp: 125/124Kb lim: 65536 exec/s: 81496 rss: 532Mb L: 479/28484 MS: 1 EraseBytes-
#5894340	REDUCE cov: 117 ft: 354 corp: 125/124Kb lim: 65536 exec/s: 81865 rss: 532Mb L: 136/28484 MS: 2 ChangeBit-EraseBytes-
#5975927	REDUCE cov: 117 ft: 355 corp: 126/125Kb lim: 65536 exec/s: 81862 rss: 532Mb L: 1490/28484 MS: 2 CopyPart-CopyPart-
#5980594	REDUCE cov: 117 ft: 355 corp: 126/125Kb lim: 65536 exec/s: 81925 rss: 532Mb L: 445/28484 MS: 2 ChangeASCIIInt-EraseBytes-
#5983282	REDUCE cov: 117 ft: 355 corp: 126/125Kb lim: 65536 exec/s: 81962 rss: 532Mb L: 1202/28484 MS: 3 PersAutoDict-ChangeASCIIInt-EraseBytes- DE: "\006\322PL"-
#6035468	REDUCE cov: 117 ft: 355 corp: 126/125Kb lim: 65536 exec/s: 81560 rss: 532Mb L: 197/28484 MS: 1 EraseBytes-
#6060479	REDUCE cov: 117 ft: 355 corp: 126/125Kb lim: 65536 exec/s: 81898 rss: 532Mb L: 241/28484 MS: 1 EraseBytes-
#6093255	REDUCE cov: 117 ft: 355 corp: 126/125Kb lim: 65536 exec/s: 82341 rss: 532Mb L: 1197/28484 MS: 1 EraseBytes-
#6100346	REDUCE cov: 117 ft: 355 corp: 126/125Kb lim: 65536 exec/s: 81337 rss: 532Mb L: 896/28484 MS: 1 EraseBytes-
#6131507	REDUCE cov: 117 ft: 355 corp: 126/125Kb lim: 65536 exec/s: 81753 rss: 533Mb L: 194/28484 MS: 1 EraseBytes-
#6179914	REDUCE cov: 117 ft: 355 corp: 126/125Kb lim: 65536 exec/s: 82398 rss: 533Mb L: 872/28484 MS: 2 ChangeBit-EraseBytes-
#6238991	REDUCE cov: 117 ft: 355 corp: 126/125Kb lim: 65536 exec/s: 82091 rss: 533Mb L: 1121/28484 MS: 2 ChangeBinInt-EraseBytes-
#6286462	REDUCE cov: 117 ft: 355 corp: 126/125Kb lim: 65536 exec/s: 81642 rss: 534Mb L: 353/28484 MS: 1 EraseBytes-
#6336959	REDUCE cov: 117 ft: 355 corp: 126/125Kb lim: 65536 exec/s: 82298 rss: 534Mb L: 533/28484 MS: 2 ShuffleBytes-EraseBytes-
#6344020	REDUCE cov: 117 ft: 355 corp: 126/125Kb lim: 65536 exec/s: 82389 rss: 534Mb L: 795/28484 MS: 1 EraseBytes-
#6359943	REDUCE cov: 117 ft: 355 corp: 126/125Kb lim: 65536 exec/s: 81537 rss: 534Mb L: 461/28484 MS: 3 CMP-InsertByte-EraseBytes- DE: "\032\001\000\000\000\000\000\000"-
#6390315	REDUCE cov: 117 ft: 355 corp: 126/125Kb lim: 65536 exec/s: 81927 rss: 534Mb L: 661/28484 MS: 2 ShuffleBytes-EraseBytes-
#6398165	REDUCE cov: 117 ft: 355 corp: 126/125Kb lim: 65536 exec/s: 82027 rss: 534Mb L: 817/28484 MS: 5 ChangeByte-ChangeBit-CMP-ChangeByte-EraseBytes- DE: "\377\377"-
#6413741	REDUCE cov: 117 ft: 355 corp: 126/125Kb lim: 65536 exec/s: 82227 rss: 534Mb L: 783/28484 MS: 1 EraseBytes-
#6414598	REDUCE cov: 117 ft: 355 corp: 126/125Kb lim: 65536 exec/s: 82238 rss: 534Mb L: 493/28484 MS: 2 ChangeBit-EraseBytes-
#6439169	REDUCE cov: 117 ft: 355 corp: 126/125Kb lim: 65536 exec/s: 82553 rss: 534Mb L: 792/28484 MS: 1 EraseBytes-
#6464060	REDUCE cov: 117 ft: 355 corp: 126/125Kb lim: 65536 exec/s: 81823 rss: 535Mb L: 606/28484 MS: 1 EraseBytes-
#6491782	REDUCE cov: 117 ft: 355 corp: 126/125Kb lim: 65536 exec/s: 82174 rss: 535Mb L: 457/28484 MS: 2 ChangeBit-EraseBytes-
#6506608	REDUCE cov: 117 ft: 355 corp: 126/125Kb lim: 65536 exec/s: 82362 rss: 535Mb L: 208/28484 MS: 1 EraseBytes-
#6560629	REDUCE cov: 117 ft: 355 corp: 126/125Kb lim: 65536 exec/s: 82007 rss: 535Mb L: 229/28484 MS: 1 EraseBytes-
#6595691	REDUCE cov: 117 ft: 355 corp: 126/125Kb lim: 65536 exec/s: 82446 rss: 535Mb L: 533/28484 MS: 2 ShuffleBytes-EraseBytes-
#6644302	REDUCE cov: 117 ft: 355 corp: 126/124Kb lim: 65536 exec/s: 82028 rss: 535Mb L: 775/28484 MS: 1 EraseBytes-
#6664473	REDUCE cov: 117 ft: 355 corp: 126/124Kb lim: 65536 exec/s: 82277 rss: 535Mb L: 684/28484 MS: 1 EraseBytes-
#6701259	REDUCE cov: 117 ft: 355 corp: 126/124Kb lim: 65536 exec/s: 81722 rss: 535Mb L: 901/28484 MS: 1 EraseBytes-
#6755375	REDUCE cov: 117 ft: 355 corp: 126/124Kb lim: 65536 exec/s: 82382 rss: 535Mb L: 771/28484 MS: 1 EraseBytes-
#6760681	REDUCE cov: 117 ft: 355 corp: 126/124Kb lim: 65536 exec/s: 82447 rss: 535Mb L: 933/28484 MS: 1 EraseBytes-
#6790320	REDUCE cov: 117 ft: 355 corp: 126/124Kb lim: 65536 exec/s: 81811 rss: 535Mb L: 372/28484 MS: 4 ManualDict-PersAutoDict-PersAutoDict-EraseBytes- DE: "cmsSmoothToneCurve: Function smooth2 failed."-"\370\000\000\000"-"\000\000\000\000\000\000\000\327"-
#6816979	REDUCE cov: 117 ft: 355 corp: 126/124Kb lim: 65536 exec/s: 82132 rss: 535Mb L: 421/28484 MS: 4 ChangeBinInt-InsertByte-ChangeByte-EraseBytes-
#6829481	REDUCE cov: 117 ft: 355 corp: 126/124Kb lim: 65536 exec/s: 82282 rss: 535Mb L: 211/28484 MS: 2 CopyPart-EraseBytes-
#6893172	REDUCE cov: 117 ft: 355 corp: 126/124Kb lim: 65536 exec/s: 82061 rss: 535Mb L: 438/28484 MS: 1 EraseBytes-
#6927028	REDUCE cov: 117 ft: 355 corp: 126/124Kb lim: 65536 exec/s: 82464 rss: 535Mb L: 192/28484 MS: 1 EraseBytes-
#6961505	REDUCE cov: 117 ft: 355 corp: 126/124Kb lim: 65536 exec/s: 81900 rss: 535Mb L: 476/28484 MS: 2 ManualDict-EraseBytes- DE: "TABLE_NAME"-
#7036321	REDUCE cov: 117 ft: 355 corp: 126/124Kb lim: 65536 exec/s: 81817 rss: 535Mb L: 558/28484 MS: 1 EraseBytes-
#7039739	REDUCE cov: 117 ft: 355 corp: 126/124Kb lim: 65536 exec/s: 81857 rss: 535Mb L: 447/28484 MS: 3 ChangeByte-CrossOver-EraseBytes-
#7087704	REDUCE cov: 117 ft: 355 corp: 126/124Kb lim: 65536 exec/s: 82415 rss: 535Mb L: 594/28484 MS: 5 ChangeASCIIInt-ChangeASCIIInt-ManualDict-ManualDict-EraseBytes- DE: "String expected"-"{ 1 } bind "-
#7121150	REDUCE cov: 117 ft: 355 corp: 126/124Kb lim: 65536 exec/s: 81852 rss: 536Mb L: 423/28484 MS: 1 EraseBytes-
#7157988	REDUCE cov: 117 ft: 355 corp: 126/124Kb lim: 65536 exec/s: 82275 rss: 536Mb L: 413/28484 MS: 3 ChangeByte-InsertRepeatedBytes-EraseBytes-
#7176548	REDUCE cov: 117 ft: 355 corp: 126/124Kb lim: 65536 exec/s: 82489 rss: 536Mb L: 532/28484 MS: 5 EraseBytes-ShuffleBytes-ShuffleBytes-ChangeASCIIInt-CMP- DE: "\000\000\000\000\000\000\001\306"-
#7219384	REDUCE cov: 117 ft: 355 corp: 126/124Kb lim: 65536 exec/s: 82038 rss: 536Mb L: 241/28484 MS: 1 EraseBytes-
#7273130	REDUCE cov: 117 ft: 355 corp: 126/124Kb lim: 65536 exec/s: 82649 rss: 536Mb L: 731/28484 MS: 1 EraseBytes-
#7358230	REDUCE cov: 117 ft: 355 corp: 126/124Kb lim: 65536 exec/s: 82676 rss: 536Mb L: 687/28484 MS: 5 ChangeASCIIInt-ChangeASCIIInt-ChangeBit-ChangeBinInt-EraseBytes-
#7363377	REDUCE cov: 117 ft: 355 corp: 126/124Kb lim: 65536 exec/s: 82734 rss: 536Mb L: 402/28484 MS: 2 ChangeBit-EraseBytes-
#7388888	REDUCE cov: 117 ft: 355 corp: 126/124Kb lim: 65536 exec/s: 82098 rss: 536Mb L: 157/28484 MS: 1 EraseBytes-
#7390355	REDUCE cov: 117 ft: 355 corp: 126/124Kb lim: 65536 exec/s: 82115 rss: 536Mb L: 525/28484 MS: 2 ShuffleBytes-EraseBytes-
#7441876	REDUCE cov: 117 ft: 355 corp: 126/124Kb lim: 65536 exec/s: 82687 rss: 536Mb L: 860/28484 MS: 1 EraseBytes-
#7512788	REDUCE cov: 117 ft: 355 corp: 126/124Kb lim: 65536 exec/s: 82558 rss: 536Mb L: 501/28484 MS: 2 ChangeBit-EraseBytes-
#7517969	REDUCE cov: 117 ft: 355 corp: 126/124Kb lim: 65536 exec/s: 82615 rss: 536Mb L: 412/28484 MS: 1 EraseBytes-
#7530180	REDUCE cov: 117 ft: 355 corp: 126/124Kb lim: 65536 exec/s: 82749 rss: 536Mb L: 549/28484 MS: 1 EraseBytes-
#7645153	REDUCE cov: 117 ft: 355 corp: 126/124Kb lim: 65536 exec/s: 82205 rss: 536Mb L: 722/28484 MS: 3 ChangeBinInt-InsertRepeatedBytes-EraseBytes-
#7658634	REDUCE cov: 117 ft: 355 corp: 126/124Kb lim: 65536 exec/s: 82350 rss: 536Mb L: 1049/28484 MS: 1 EraseBytes-
#7687508	REDUCE cov: 117 ft: 355 corp: 126/124Kb lim: 65536 exec/s: 82661 rss: 536Mb L: 350/28484 MS: 4 InsertRepeatedBytes-EraseBytes-ChangeBit-CopyPart-
#7720604	REDUCE cov: 117 ft: 355 corp: 126/124Kb lim: 65536 exec/s: 82134 rss: 536Mb L: 240/28484 MS: 1 EraseBytes-
#7796480	REDUCE cov: 117 ft: 355 corp: 126/124Kb lim: 65536 exec/s: 82068 rss: 536Mb L: 339/28484 MS: 1 EraseBytes-
#7801921	REDUCE cov: 117 ft: 355 corp: 126/124Kb lim: 65536 exec/s: 82125 rss: 536Mb L: 675/28484 MS: 1 EraseBytes-
#7805672	REDUCE cov: 117 ft: 355 corp: 126/124Kb lim: 65536 exec/s: 82164 rss: 536Mb L: 193/28484 MS: 1 EraseBytes-
#7806388	REDUCE cov: 117 ft: 355 corp: 126/124Kb lim: 65536 exec/s: 82172 rss: 536Mb L: 228/28484 MS: 1 EraseBytes-
#7860910	REDUCE cov: 117 ft: 355 corp: 126/124Kb lim: 65536 exec/s: 82746 rss: 536Mb L: 409/28484 MS: 2 EraseBytes-InsertByte-
#7861819	REDUCE cov: 117 ft: 355 corp: 126/124Kb lim: 65536 exec/s: 82755 rss: 536Mb L: 517/28484 MS: 4 PersAutoDict-ShuffleBytes-InsertRepeatedBytes-EraseBytes- DE: "Value"-
#7874535	REDUCE cov: 117 ft: 355 corp: 126/124Kb lim: 65536 exec/s: 82889 rss: 536Mb L: 587/28484 MS: 1 EraseBytes-
#7952311	REDUCE cov: 117 ft: 355 corp: 126/124Kb lim: 65536 exec/s: 82836 rss: 536Mb L: 889/28484 MS: 1 EraseBytes-
#8012328	REDUCE cov: 117 ft: 355 corp: 126/124Kb lim: 65536 exec/s: 82601 rss: 536Mb L: 489/28484 MS: 2 CMP-EraseBytes- DE: "\016\000"-
#8070360	REDUCE cov: 117 ft: 355 corp: 126/124Kb lim: 65536 exec/s: 82350 rss: 536Mb L: 836/28484 MS: 2 ChangeBit-EraseBytes-
#8155086	REDUCE cov: 117 ft: 355 corp: 126/124Kb lim: 65536 exec/s: 82374 rss: 536Mb L: 686/28484 MS: 1 EraseBytes-
#8216362	REDUCE cov: 117 ft: 355 corp: 126/124Kb lim: 65536 exec/s: 82993 rss: 536Mb L: 210/28484 MS: 1 EraseBytes-
#8252170	REDUCE cov: 117 ft: 355 corp: 126/124Kb lim: 65536 exec/s: 82521 rss: 536Mb L: 747/28484 MS: 3 ChangeASCIIInt-ChangeASCIIInt-EraseBytes-
#8255458	REDUCE cov: 117 ft: 355 corp: 126/124Kb lim: 65536 exec/s: 82554 rss: 536Mb L: 397/28484 MS: 3 ChangeByte-ChangeByte-EraseBytes-
#8288297	REDUCE cov: 117 ft: 355 corp: 126/124Kb lim: 65536 exec/s: 82882 rss: 536Mb L: 788/28484 MS: 4 CMP-ChangeBit-ChangeByte-EraseBytes- DE: "\002\017"-
#8383333	REDUCE cov: 117 ft: 355 corp: 126/124Kb lim: 65536 exec/s: 83003 rss: 536Mb L: 776/28484 MS: 1 EraseBytes-
#8388608	pulse  cov: 117 ft: 355 corp: 126/124Kb lim: 65536 exec/s: 83055 rss: 536Mb
#8410472	REDUCE cov: 117 ft: 355 corp: 126/124Kb lim: 65536 exec/s: 82455 rss: 536Mb L: 481/28484 MS: 4 EraseBytes-ChangeASCIIInt-ChangeBinInt-CopyPart-
#8416418	REDUCE cov: 117 ft: 355 corp: 126/124Kb lim: 65536 exec/s: 82513 rss: 536Mb L: 373/28484 MS: 1 EraseBytes-
#8425599	REDUCE cov: 117 ft: 355 corp: 126/124Kb lim: 65536 exec/s: 82603 rss: 536Mb L: 594/28484 MS: 1 EraseBytes-
#8433245	REDUCE cov: 117 ft: 355 corp: 126/124Kb lim: 65536 exec/s: 82678 rss: 536Mb L: 985/28484 MS: 1 EraseBytes-
#8442004	REDUCE cov: 117 ft: 355 corp: 126/124Kb lim: 65536 exec/s: 82764 rss: 536Mb L: 447/28484 MS: 4 ChangeByte-EraseBytes-CrossOver-ChangeBinInt-
#8447180	REDUCE cov: 117 ft: 355 corp: 126/124Kb lim: 65536 exec/s: 82815 rss: 536Mb L: 973/28484 MS: 1 EraseBytes-
#8550007	REDUCE cov: 117 ft: 355 corp: 126/124Kb lim: 65536 exec/s: 83009 rss: 536Mb L: 555/28484 MS: 2 ChangeBit-EraseBytes-
#8551104	REDUCE cov: 117 ft: 355 corp: 126/124Kb lim: 65536 exec/s: 83020 rss: 536Mb L: 575/28484 MS: 2 ChangeASCIIInt-EraseBytes-
#8657980	REDUCE cov: 117 ft: 355 corp: 126/124Kb lim: 65536 exec/s: 82456 rss: 538Mb L: 146/28484 MS: 1 EraseBytes-
#8667923	REDUCE cov: 117 ft: 355 corp: 126/124Kb lim: 65536 exec/s: 82551 rss: 538Mb L: 437/28484 MS: 3 ManualDict-ShuffleBytes-EraseBytes- DE: "InkLimiting: Only CMYK currently supported"-
#8730086	REDUCE cov: 117 ft: 355 corp: 126/123Kb lim: 65536 exec/s: 83143 rss: 538Mb L: 465/28484 MS: 3 ChangeASCIIInt-ShuffleBytes-EraseBytes-
#8843685	REDUCE cov: 117 ft: 355 corp: 126/123Kb lim: 65536 exec/s: 82651 rss: 538Mb L: 748/28484 MS: 4 ChangeBit-ChangeASCIIInt-PersAutoDict-EraseBytes- DE: "\364\011\000\000"-
#8863186	REDUCE cov: 117 ft: 355 corp: 126/123Kb lim: 65536 exec/s: 82833 rss: 538Mb L: 949/28484 MS: 1 EraseBytes-
#8888742	REDUCE cov: 117 ft: 355 corp: 126/123Kb lim: 65536 exec/s: 83072 rss: 538Mb L: 416/28484 MS: 1 EraseBytes-
#8900318	REDUCE cov: 117 ft: 355 corp: 126/123Kb lim: 65536 exec/s: 83180 rss: 538Mb L: 677/28484 MS: 1 EraseBytes-
#8900898	REDUCE cov: 117 ft: 355 corp: 126/123Kb lim: 65536 exec/s: 83185 rss: 538Mb L: 349/28484 MS: 5 CopyPart-ChangeASCIIInt-EraseBytes-ChangeByte-EraseBytes-
#8919166	REDUCE cov: 117 ft: 355 corp: 126/123Kb lim: 65536 exec/s: 82584 rss: 538Mb L: 832/28484 MS: 3 ChangeByte-ChangeBit-EraseBytes-
#9058032	REDUCE cov: 117 ft: 355 corp: 126/123Kb lim: 65536 exec/s: 83101 rss: 538Mb L: 563/28484 MS: 1 EraseBytes-
#9075638	REDUCE cov: 117 ft: 355 corp: 126/123Kb lim: 65536 exec/s: 83262 rss: 538Mb L: 392/28484 MS: 1 EraseBytes-
#9134296	REDUCE cov: 117 ft: 355 corp: 126/123Kb lim: 65536 exec/s: 83039 rss: 538Mb L: 582/28484 MS: 3 ChangeBinInt-ChangeBit-EraseBytes-
#9157152	REDUCE cov: 117 ft: 355 corp: 126/123Kb lim: 65536 exec/s: 83246 rss: 538Mb L: 325/28484 MS: 1 EraseBytes-
#9187070	REDUCE cov: 117 ft: 355 corp: 126/123Kb lim: 65536 exec/s: 82766 rss: 538Mb L: 437/28484 MS: 3 CMP-InsertRepeatedBytes-EraseBytes- DE: "\377\377\377/"-
#9221432	REDUCE cov: 117 ft: 355 corp: 126/123Kb lim: 65536 exec/s: 83075 rss: 538Mb L: 199/28484 MS: 2 ChangeBinInt-EraseBytes-
#9230277	REDUCE cov: 117 ft: 355 corp: 126/123Kb lim: 65536 exec/s: 83155 rss: 538Mb L: 433/28484 MS: 5 ShuffleBytes-ChangeASCIIInt-PersAutoDict-ChangeBinInt-EraseBytes- DE: "rXYZ"-
#9317478	REDUCE cov: 117 ft: 355 corp: 126/123Kb lim: 65536 exec/s: 83191 rss: 538Mb L: 551/28484 MS: 1 EraseBytes-
#9320392	REDUCE cov: 117 ft: 355 corp: 126/123Kb lim: 65536 exec/s: 83217 rss: 538Mb L: 196/28484 MS: 4 ManualDict-ChangeASCIIInt-ChangeBinInt-EraseBytes- DE: "length 1 sub "-
#9331168	REDUCE cov: 117 ft: 355 corp: 126/123Kb lim: 65536 exec/s: 83314 rss: 538Mb L: 425/28484 MS: 1 EraseBytes-
#9367869	REDUCE cov: 117 ft: 355 corp: 126/123Kb lim: 65536 exec/s: 82901 rss: 538Mb L: 175/28484 MS: 1 EraseBytes-
#9404100	REDUCE cov: 117 ft: 355 corp: 126/123Kb lim: 65536 exec/s: 83222 rss: 538Mb L: 477/28484 MS: 1 EraseBytes-
#9442907	REDUCE cov: 117 ft: 355 corp: 126/123Kb lim: 65536 exec/s: 82832 rss: 538Mb L: 413/28484 MS: 2 ChangeByte-EraseBytes-
#9447003	REDUCE cov: 117 ft: 355 corp: 126/123Kb lim: 65536 exec/s: 82868 rss: 538Mb L: 920/28484 MS: 1 EraseBytes-
#9557359	REDUCE cov: 117 ft: 355 corp: 126/123Kb lim: 65536 exec/s: 83107 rss: 538Mb L: 674/28484 MS: 1 EraseBytes-
#9575051	REDUCE cov: 117 ft: 355 corp: 126/123Kb lim: 65536 exec/s: 83261 rss: 538Mb L: 853/28484 MS: 2 ChangeBit-EraseBytes-
#9784442	REDUCE cov: 117 ft: 355 corp: 126/123Kb lim: 65536 exec/s: 82919 rss: 538Mb L: 897/28484 MS: 1 EraseBytes-
#9790094	REDUCE cov: 117 ft: 355 corp: 126/123Kb lim: 65536 exec/s: 82966 rss: 538Mb L: 421/28484 MS: 2 ChangeByte-EraseBytes-
#9928115	REDUCE cov: 117 ft: 355 corp: 126/123Kb lim: 65536 exec/s: 83429 rss: 538Mb L: 313/28484 MS: 1 EraseBytes-
#9984342	REDUCE cov: 117 ft: 356 corp: 127/124Kb lim: 65536 exec/s: 83202 rss: 538Mb L: 1061/28484 MS: 2 CMP-CopyPart- DE: "\031\002\000\000\000\000\000\000"-
#10036933	REDUCE cov: 117 ft: 356 corp: 127/124Kb lim: 65536 exec/s: 83641 rss: 538Mb L: 205/28484 MS: 1 EraseBytes-
#10096524	REDUCE cov: 117 ft: 356 corp: 127/124Kb lim: 65536 exec/s: 83442 rss: 538Mb L: 409/28484 MS: 1 EraseBytes-
#10126501	REDUCE cov: 117 ft: 356 corp: 127/124Kb lim: 65536 exec/s: 83690 rss: 538Mb L: 145/28484 MS: 2 ManualDict-EraseBytes- DE: "**** CORRUPTED FORMAT STRING ***"-
#10143107	REDUCE cov: 117 ft: 356 corp: 127/124Kb lim: 65536 exec/s: 83140 rss: 538Mb L: 650/28484 MS: 1 EraseBytes-
#10213388	REDUCE cov: 117 ft: 356 corp: 127/124Kb lim: 65536 exec/s: 83716 rss: 538Mb L: 808/28484 MS: 1 EraseBytes-
#10286189	REDUCE cov: 117 ft: 356 corp: 127/124Kb lim: 65536 exec/s: 83627 rss: 538Mb L: 764/28484 MS: 1 EraseBytes-
#10291958	REDUCE cov: 117 ft: 356 corp: 127/124Kb lim: 65536 exec/s: 83674 rss: 538Mb L: 530/28484 MS: 4 CopyPart-EraseBytes-CrossOver-PersAutoDict- DE: "\016\000"-
#10331854	REDUCE cov: 117 ft: 356 corp: 127/124Kb lim: 65536 exec/s: 83321 rss: 538Mb L: 885/28484 MS: 1 EraseBytes-
#10348383	REDUCE cov: 117 ft: 356 corp: 127/124Kb lim: 65536 exec/s: 83454 rss: 538Mb L: 536/28484 MS: 4 ShuffleBytes-ShuffleBytes-ChangeBit-EraseBytes-
#10387619	REDUCE cov: 117 ft: 356 corp: 127/124Kb lim: 65536 exec/s: 83100 rss: 538Mb L: 523/28484 MS: 1 EraseBytes-
#10441481	REDUCE cov: 117 ft: 356 corp: 127/124Kb lim: 65536 exec/s: 83531 rss: 538Mb L: 535/28484 MS: 2 ChangeByte-EraseBytes-
#10483047	REDUCE cov: 117 ft: 356 corp: 127/124Kb lim: 65536 exec/s: 83198 rss: 538Mb L: 570/28484 MS: 1 EraseBytes-
#10544358	REDUCE cov: 117 ft: 356 corp: 127/124Kb lim: 65536 exec/s: 83685 rss: 538Mb L: 1049/28484 MS: 1 EraseBytes-
#10555479	REDUCE cov: 117 ft: 356 corp: 127/124Kb lim: 65536 exec/s: 83114 rss: 538Mb L: 648/28484 MS: 1 EraseBytes-
#10676746	REDUCE cov: 117 ft: 356 corp: 127/124Kb lim: 65536 exec/s: 83412 rss: 538Mb L: 700/28484 MS: 2 ChangeASCIIInt-EraseBytes-
#10749797	REDUCE cov: 117 ft: 356 corp: 127/124Kb lim: 65536 exec/s: 83331 rss: 538Mb L: 663/28484 MS: 1 EraseBytes-
#10768860	REDUCE cov: 117 ft: 356 corp: 127/124Kb lim: 65536 exec/s: 83479 rss: 538Mb L: 456/28484 MS: 3 ChangeBinInt-ChangeBit-EraseBytes-
#10817746	REDUCE cov: 117 ft: 356 corp: 127/124Kb lim: 65536 exec/s: 83213 rss: 538Mb L: 660/28484 MS: 1 EraseBytes-
#10847264	REDUCE cov: 117 ft: 356 corp: 127/124Kb lim: 65536 exec/s: 83440 rss: 538Mb L: 761/28484 MS: 3 ChangeBinInt-ChangeBinInt-EraseBytes-
#10903160	REDUCE cov: 117 ft: 356 corp: 127/124Kb lim: 65536 exec/s: 83230 rss: 538Mb L: 204/28484 MS: 1 EraseBytes-
#10928828	REDUCE cov: 117 ft: 356 corp: 127/124Kb lim: 65536 exec/s: 83426 rss: 538Mb L: 301/28484 MS: 3 PersAutoDict-ChangeASCIIInt-EraseBytes- DE: "get "-
#10992064	REDUCE cov: 117 ft: 356 corp: 127/124Kb lim: 65536 exec/s: 83273 rss: 538Mb L: 264/28484 MS: 1 EraseBytes-
#10995102	REDUCE cov: 117 ft: 356 corp: 127/124Kb lim: 65536 exec/s: 83296 rss: 538Mb L: 600/28484 MS: 3 CMP-ShuffleBytes-EraseBytes- DE: "\012\000\000\000\000\000\000\000"-
#11020888	REDUCE cov: 117 ft: 356 corp: 127/124Kb lim: 65536 exec/s: 83491 rss: 538Mb L: 1013/28484 MS: 1 EraseBytes-
#11066834	REDUCE cov: 117 ft: 356 corp: 127/124Kb lim: 65536 exec/s: 83209 rss: 538Mb L: 521/28484 MS: 1 EraseBytes-
#11182133	REDUCE cov: 117 ft: 356 corp: 127/124Kb lim: 65536 exec/s: 83448 rss: 538Mb L: 1013/28484 MS: 4 ChangeByte-ChangeBit-CopyPart-EraseBytes-
#11287884	REDUCE cov: 117 ft: 356 corp: 127/124Kb lim: 65536 exec/s: 83613 rss: 538Mb L: 533/28484 MS: 1 EraseBytes-
#11321600	REDUCE cov: 117 ft: 356 corp: 127/124Kb lim: 65536 exec/s: 83863 rss: 538Mb L: 989/28484 MS: 1 EraseBytes-
#11344208	REDUCE cov: 117 ft: 356 corp: 127/124Kb lim: 65536 exec/s: 83413 rss: 538Mb L: 817/28484 MS: 3 ChangeBit-InsertRepeatedBytes-EraseBytes-
#11424455	REDUCE cov: 117 ft: 356 corp: 127/124Kb lim: 65536 exec/s: 83390 rss: 538Mb L: 725/28484 MS: 2 CMP-EraseBytes- DE: "\260\001\000\000\000\000\000\000"-
#11430526	REDUCE cov: 117 ft: 356 corp: 127/124Kb lim: 65536 exec/s: 83434 rss: 538Mb L: 539/28484 MS: 1 EraseBytes-
#11565083	REDUCE cov: 117 ft: 356 corp: 127/124Kb lim: 65536 exec/s: 83804 rss: 539Mb L: 796/28484 MS: 2 ChangeASCIIInt-EraseBytes-
#11651209	REDUCE cov: 117 ft: 356 corp: 127/124Kb lim: 65536 exec/s: 83821 rss: 539Mb L: 815/28484 MS: 1 EraseBytes-
#11672441	REDUCE cov: 117 ft: 356 corp: 127/124Kb lim: 65536 exec/s: 83974 rss: 539Mb L: 133/28484 MS: 2 ShuffleBytes-EraseBytes-
#11746893	REDUCE cov: 117 ft: 356 corp: 127/124Kb lim: 65536 exec/s: 83906 rss: 539Mb L: 540/28484 MS: 2 ChangeBit-EraseBytes-
#11750074	REDUCE cov: 117 ft: 356 corp: 127/124Kb lim: 65536 exec/s: 83929 rss: 539Mb L: 989/28484 MS: 1 EraseBytes-
#11858795	REDUCE cov: 117 ft: 356 corp: 127/124Kb lim: 65536 exec/s: 83512 rss: 539Mb L: 518/28484 MS: 1 EraseBytes-
#11885202	REDUCE cov: 117 ft: 357 corp: 128/125Kb lim: 65536 exec/s: 83698 rss: 539Mb L: 1034/28484 MS: 2 ChangeASCIIInt-CopyPart-
#11888544	REDUCE cov: 117 ft: 357 corp: 128/125Kb lim: 65536 exec/s: 83722 rss: 539Mb L: 998/28484 MS: 2 ChangeBit-EraseBytes-
#11956741	REDUCE cov: 117 ft: 357 corp: 128/125Kb lim: 65536 exec/s: 83613 rss: 539Mb L: 713/28484 MS: 2 ChangeASCIIInt-EraseBytes-
#11960422	REDUCE cov: 117 ft: 357 corp: 128/125Kb lim: 65536 exec/s: 83639 rss: 539Mb L: 289/28484 MS: 1 EraseBytes-
#12004566	REDUCE cov: 117 ft: 357 corp: 128/125Kb lim: 65536 exec/s: 83948 rss: 539Mb L: 277/28484 MS: 4 ChangeBinInt-ChangeASCIIInt-CMP-EraseBytes- DE: "T\000\000\000"-
#12038092	REDUCE cov: 117 ft: 357 corp: 128/125Kb lim: 65536 exec/s: 83597 rss: 539Mb L: 462/28484 MS: 1 EraseBytes-
#12046222	REDUCE cov: 117 ft: 357 corp: 128/124Kb lim: 65536 exec/s: 83654 rss: 539Mb L: 399/28484 MS: 5 ChangeBinInt-ShuffleBytes-ChangeByte-EraseBytes-ChangeByte-
#12060550	REDUCE cov: 117 ft: 357 corp: 128/124Kb lim: 65536 exec/s: 83753 rss: 539Mb L: 914/28484 MS: 3 ChangeASCIIInt-ManualDict-EraseBytes- DE: "dup "-
#12060826	REDUCE cov: 117 ft: 357 corp: 128/124Kb lim: 65536 exec/s: 83755 rss: 539Mb L: 506/28484 MS: 1 EraseBytes-
#12063913	REDUCE cov: 117 ft: 357 corp: 128/124Kb lim: 65536 exec/s: 83777 rss: 539Mb L: 393/28484 MS: 2 ChangeByte-EraseBytes-
#12175050	REDUCE cov: 117 ft: 357 corp: 128/124Kb lim: 65536 exec/s: 83965 rss: 539Mb L: 412/28484 MS: 2 InsertByte-EraseBytes-
#12200457	REDUCE cov: 117 ft: 357 corp: 128/124Kb lim: 65536 exec/s: 83564 rss: 539Mb L: 181/28484 MS: 2 ShuffleBytes-EraseBytes-
#12241513	REDUCE cov: 117 ft: 357 corp: 128/124Kb lim: 65536 exec/s: 83845 rss: 539Mb L: 901/28484 MS: 1 EraseBytes-
#12241859	REDUCE cov: 117 ft: 357 corp: 128/124Kb lim: 65536 exec/s: 83848 rss: 539Mb L: 648/28484 MS: 1 EraseBytes-
#12286131	REDUCE cov: 117 ft: 357 corp: 128/124Kb lim: 65536 exec/s: 83579 rss: 539Mb L: 701/28484 MS: 2 ChangeASCIIInt-EraseBytes-
#12306427	REDUCE cov: 117 ft: 357 corp: 128/124Kb lim: 65536 exec/s: 83717 rss: 539Mb L: 929/28484 MS: 1 EraseBytes-
#12339118	REDUCE cov: 117 ft: 357 corp: 128/124Kb lim: 65536 exec/s: 83939 rss: 539Mb L: 392/28484 MS: 1 EraseBytes-
#12493230	REDUCE cov: 117 ft: 357 corp: 128/124Kb lim: 65536 exec/s: 83847 rss: 539Mb L: 529/28484 MS: 2 ChangeASCIIInt-EraseBytes-
#12505122	REDUCE cov: 117 ft: 357 corp: 128/124Kb lim: 65536 exec/s: 83926 rss: 539Mb L: 735/28484 MS: 2 PersAutoDict-EraseBytes- DE: "\001\000\000\000\000\000\000\012"-
#12549331	REDUCE cov: 117 ft: 357 corp: 128/124Kb lim: 65536 exec/s: 83662 rss: 539Mb L: 516/28484 MS: 4 InsertByte-ShuffleBytes-ChangeByte-EraseBytes-
#12646193	REDUCE cov: 117 ft: 357 corp: 128/124Kb lim: 65536 exec/s: 83749 rss: 539Mb L: 133/28484 MS: 2 EraseBytes-PersAutoDict- DE: "MD5"-
#12658045	REDUCE cov: 117 ft: 357 corp: 128/124Kb lim: 65536 exec/s: 83828 rss: 539Mb L: 532/28484 MS: 2 ChangeBinInt-EraseBytes-
#12699523	REDUCE cov: 117 ft: 357 corp: 128/124Kb lim: 65536 exec/s: 84102 rss: 539Mb L: 501/28484 MS: 3 ManualDict-PersAutoDict-EraseBytes- DE: "NUMBER_OF_SETS"-"rXYZ"-
#12721134	REDUCE cov: 117 ft: 357 corp: 128/124Kb lim: 65536 exec/s: 83691 rss: 539Mb L: 265/28484 MS: 1 EraseBytes-
#12726875	REDUCE cov: 117 ft: 357 corp: 128/124Kb lim: 65536 exec/s: 83729 rss: 539Mb L: 422/28484 MS: 1 EraseBytes-
#12731896	REDUCE cov: 117 ft: 357 corp: 128/124Kb lim: 65536 exec/s: 83762 rss: 539Mb L: 517/28484 MS: 1 EraseBytes-
#12744557	REDUCE cov: 117 ft: 357 corp: 128/124Kb lim: 65536 exec/s: 83845 rss: 539Mb L: 533/28484 MS: 1 EraseBytes-
#12852428	REDUCE cov: 117 ft: 357 corp: 128/124Kb lim: 65536 exec/s: 84002 rss: 539Mb L: 669/28484 MS: 1 EraseBytes-
#13354465	REDUCE cov: 117 ft: 357 corp: 128/124Kb lim: 65536 exec/s: 83990 rss: 539Mb L: 441/28484 MS: 2 CrossOver-EraseBytes-
#13378337	REDUCE cov: 117 ft: 357 corp: 128/124Kb lim: 65536 exec/s: 84140 rss: 539Mb L: 394/28484 MS: 2 ChangeByte-EraseBytes-
#13396863	REDUCE cov: 117 ft: 357 corp: 128/124Kb lim: 65536 exec/s: 84257 rss: 539Mb L: 320/28484 MS: 1 EraseBytes-
#13447414	REDUCE cov: 117 ft: 357 corp: 128/124Kb lim: 65536 exec/s: 84046 rss: 539Mb L: 412/28484 MS: 1 EraseBytes-
#13450185	REDUCE cov: 117 ft: 357 corp: 128/124Kb lim: 65536 exec/s: 84063 rss: 539Mb L: 965/28484 MS: 1 EraseBytes-
#13476191	REDUCE cov: 117 ft: 357 corp: 128/124Kb lim: 65536 exec/s: 84226 rss: 539Mb L: 640/28484 MS: 1 EraseBytes-
#13573048	REDUCE cov: 117 ft: 357 corp: 128/124Kb lim: 65536 exec/s: 84304 rss: 539Mb L: 499/28484 MS: 2 ShuffleBytes-EraseBytes-
#13574949	REDUCE cov: 117 ft: 357 corp: 128/124Kb lim: 65536 exec/s: 84316 rss: 539Mb L: 457/28484 MS: 1 EraseBytes-
#13587260	REDUCE cov: 117 ft: 357 corp: 128/124Kb lim: 65536 exec/s: 84392 rss: 539Mb L: 919/28484 MS: 1 EraseBytes-
#13777994	REDUCE cov: 117 ft: 357 corp: 128/124Kb lim: 65536 exec/s: 84012 rss: 539Mb L: 784/28484 MS: 4 ChangeByte-ChangeBinInt-ShuffleBytes-EraseBytes-
#13812836	REDUCE cov: 117 ft: 357 corp: 128/124Kb lim: 65536 exec/s: 84224 rss: 539Mb L: 204/28484 MS: 2 ChangeByte-EraseBytes-
#13859790	REDUCE cov: 117 ft: 357 corp: 128/124Kb lim: 65536 exec/s: 83998 rss: 539Mb L: 899/28484 MS: 4 CMP-ChangeBinInt-EraseBytes-CopyPart- DE: "ahcx"-
#13894231	REDUCE cov: 117 ft: 357 corp: 128/124Kb lim: 65536 exec/s: 84207 rss: 539Mb L: 875/28484 MS: 1 EraseBytes-
#13923518	REDUCE cov: 117 ft: 357 corp: 128/124Kb lim: 65536 exec/s: 84384 rss: 540Mb L: 839/28484 MS: 2 CMP-EraseBytes- DE: "\377\377\377\377\377\377\003\323"-
#14060584	REDUCE cov: 117 ft: 357 corp: 128/124Kb lim: 65536 exec/s: 84195 rss: 540Mb L: 665/28484 MS: 1 EraseBytes-
#14104645	REDUCE cov: 117 ft: 357 corp: 128/124Kb lim: 65536 exec/s: 84458 rss: 540Mb L: 748/28484 MS: 1 EraseBytes-
#14184443	REDUCE cov: 117 ft: 357 corp: 128/124Kb lim: 65536 exec/s: 84431 rss: 540Mb L: 941/28484 MS: 3 ChangeASCIIInt-ChangeByte-EraseBytes-
#14211745	REDUCE cov: 117 ft: 357 corp: 128/124Kb lim: 65536 exec/s: 84093 rss: 540Mb L: 917/28484 MS: 2 ShuffleBytes-EraseBytes-
#14233726	REDUCE cov: 117 ft: 357 corp: 128/124Kb lim: 65536 exec/s: 84223 rss: 540Mb L: 902/28484 MS: 1 EraseBytes-
#14245023	REDUCE cov: 117 ft: 357 corp: 128/124Kb lim: 65536 exec/s: 84290 rss: 540Mb L: 834/28484 MS: 2 ChangeBinInt-EraseBytes-
#14318139	REDUCE cov: 117 ft: 357 corp: 128/124Kb lim: 65536 exec/s: 84224 rss: 540Mb L: 929/28484 MS: 1 EraseBytes-
#14580435	REDUCE cov: 117 ft: 357 corp: 128/124Kb lim: 65536 exec/s: 84279 rss: 540Mb L: 861/28484 MS: 1 EraseBytes-
#14587061	REDUCE cov: 117 ft: 357 corp: 128/124Kb lim: 65536 exec/s: 84318 rss: 540Mb L: 653/28484 MS: 1 EraseBytes-
#14679557	REDUCE cov: 117 ft: 357 corp: 128/124Kb lim: 65536 exec/s: 84365 rss: 540Mb L: 739/28484 MS: 1 EraseBytes-
#14688536	REDUCE cov: 117 ft: 357 corp: 128/124Kb lim: 65536 exec/s: 84416 rss: 540Mb L: 253/28484 MS: 4 ChangeBinInt-ChangeBinInt-ShuffleBytes-EraseBytes-
#14706687	REDUCE cov: 117 ft: 357 corp: 128/124Kb lim: 65536 exec/s: 84521 rss: 540Mb L: 171/28484 MS: 1 EraseBytes-
#14724949	REDUCE cov: 117 ft: 357 corp: 128/124Kb lim: 65536 exec/s: 84626 rss: 540Mb L: 767/28484 MS: 2 ChangeBit-EraseBytes-
#14726360	REDUCE cov: 117 ft: 357 corp: 128/124Kb lim: 65536 exec/s: 84634 rss: 540Mb L: 182/28484 MS: 1 EraseBytes-
#14743241	REDUCE cov: 117 ft: 357 corp: 128/124Kb lim: 65536 exec/s: 84247 rss: 540Mb L: 516/28484 MS: 1 EraseBytes-
#14818692	REDUCE cov: 117 ft: 357 corp: 128/124Kb lim: 65536 exec/s: 84197 rss: 540Mb L: 917/28484 MS: 1 EraseBytes-
#14865738	REDUCE cov: 117 ft: 357 corp: 128/124Kb lim: 65536 exec/s: 84464 rss: 540Mb L: 890/28484 MS: 1 EraseBytes-
#14887794	REDUCE cov: 117 ft: 357 corp: 128/124Kb lim: 65536 exec/s: 84589 rss: 540Mb L: 907/28484 MS: 1 EraseBytes-
#14920054	REDUCE cov: 117 ft: 357 corp: 128/124Kb lim: 65536 exec/s: 84294 rss: 540Mb L: 755/28484 MS: 5 PersAutoDict-ShuffleBytes-ChangeASCIIInt-ManualDict-EraseBytes- DE: "ZYXg"-"Relative colorimetric"-
#14940874	REDUCE cov: 117 ft: 357 corp: 128/124Kb lim: 65536 exec/s: 84411 rss: 540Mb L: 905/28484 MS: 5 ChangeASCIIInt-PersAutoDict-ManualDict-ChangeBinInt-EraseBytes- DE: "Undefined"-"Named color CSA"-
#14969136	REDUCE cov: 117 ft: 357 corp: 128/124Kb lim: 65536 exec/s: 84571 rss: 540Mb L: 878/28484 MS: 2 ChangeBinInt-EraseBytes-
#14971892	REDUCE cov: 117 ft: 357 corp: 128/124Kb lim: 65536 exec/s: 84586 rss: 540Mb L: 641/28484 MS: 1 EraseBytes-
#14991609	REDUCE cov: 117 ft: 357 corp: 128/124Kb lim: 65536 exec/s: 84698 rss: 540Mb L: 895/28484 MS: 2 InsertByte-EraseBytes-
#15023535	REDUCE cov: 117 ft: 357 corp: 128/124Kb lim: 65536 exec/s: 84401 rss: 540Mb L: 629/28484 MS: 1 EraseBytes-
#15027232	REDUCE cov: 117 ft: 357 corp: 128/124Kb lim: 65536 exec/s: 84422 rss: 540Mb L: 688/28484 MS: 2 ChangeASCIIInt-EraseBytes-
#15036513	REDUCE cov: 117 ft: 357 corp: 128/124Kb lim: 65536 exec/s: 84474 rss: 540Mb L: 605/28484 MS: 1 EraseBytes-
#15079194	REDUCE cov: 117 ft: 357 corp: 128/124Kb lim: 65536 exec/s: 84714 rss: 540Mb L: 687/28484 MS: 1 EraseBytes-
#15232585	REDUCE cov: 117 ft: 357 corp: 128/123Kb lim: 65536 exec/s: 84625 rss: 540Mb L: 871/28484 MS: 1 EraseBytes-
#15272096	REDUCE cov: 117 ft: 357 corp: 128/123Kb lim: 65536 exec/s: 84376 rss: 540Mb L: 517/28484 MS: 1 EraseBytes-
#15356744	REDUCE cov: 117 ft: 357 corp: 128/123Kb lim: 65536 exec/s: 84377 rss: 540Mb L: 743/28484 MS: 3 ChangeBit-ShuffleBytes-EraseBytes-
#15467303	REDUCE cov: 117 ft: 357 corp: 128/123Kb lim: 65536 exec/s: 84520 rss: 540Mb L: 494/28484 MS: 4 ChangeASCIIInt-ChangeBit-ChangeBit-EraseBytes-
#15474714	REDUCE cov: 117 ft: 357 corp: 128/123Kb lim: 65536 exec/s: 84561 rss: 540Mb L: 881/28484 MS: 1 EraseBytes-
#15486670	REDUCE cov: 117 ft: 357 corp: 128/123Kb lim: 65536 exec/s: 84626 rss: 540Mb L: 478/28484 MS: 1 EraseBytes-
#15638730	REDUCE cov: 117 ft: 357 corp: 128/123Kb lim: 65536 exec/s: 84533 rss: 540Mb L: 145/28484 MS: 5 ChangeBit-CMP-InsertByte-ManualDict-EraseBytes- DE: "\377\377\377\377\377\377\001\341"-"Duplicate tag found"-
#15710856	REDUCE cov: 117 ft: 357 corp: 128/123Kb lim: 65536 exec/s: 84466 rss: 540Mb L: 482/28484 MS: 1 EraseBytes-
#15781377	REDUCE cov: 117 ft: 357 corp: 128/123Kb lim: 65536 exec/s: 84392 rss: 540Mb L: 835/28484 MS: 1 EraseBytes-
#15828003	REDUCE cov: 117 ft: 357 corp: 128/123Kb lim: 65536 exec/s: 84641 rss: 540Mb L: 845/28484 MS: 1 EraseBytes-
#15878806	REDUCE cov: 117 ft: 357 corp: 128/123Kb lim: 65536 exec/s: 84461 rss: 540Mb L: 809/28484 MS: 3 ChangeBinInt-PersAutoDict-EraseBytes- DE: "\015\000\000\000"-
#16087195	REDUCE cov: 117 ft: 357 corp: 128/123Kb lim: 65536 exec/s: 84669 rss: 540Mb L: 740/28484 MS: 4 PersAutoDict-PersAutoDict-ChangeASCIIInt-EraseBytes- DE: "LAB_C"-"`es\220"-
#16100315	REDUCE cov: 117 ft: 357 corp: 128/123Kb lim: 65536 exec/s: 84738 rss: 540Mb L: 521/28484 MS: 5 ChangeASCIIInt-PersAutoDict-CopyPart-CopyPart-EraseBytes- DE: "\001\000\000\000\000\000\010\325"-
#16100521	REDUCE cov: 117 ft: 357 corp: 128/123Kb lim: 65536 exec/s: 84739 rss: 540Mb L: 318/28484 MS: 1 EraseBytes-
#16125095	REDUCE cov: 117 ft: 357 corp: 128/123Kb lim: 65536 exec/s: 84868 rss: 540Mb L: 324/28484 MS: 4 ChangeBit-CMP-CopyPart-EraseBytes- DE: "\000\000\000\000\000\000\002\334"-
#16129402	REDUCE cov: 117 ft: 357 corp: 128/123Kb lim: 65536 exec/s: 84891 rss: 540Mb L: 727/28484 MS: 2 ChangeBit-EraseBytes-
#16133958	REDUCE cov: 117 ft: 357 corp: 128/123Kb lim: 65536 exec/s: 84915 rss: 540Mb L: 602/28484 MS: 1 EraseBytes-
#16151344	REDUCE cov: 117 ft: 357 corp: 128/123Kb lim: 65536 exec/s: 84562 rss: 540Mb L: 914/28484 MS: 1 EraseBytes-
#16193361	REDUCE cov: 117 ft: 357 corp: 128/123Kb lim: 65536 exec/s: 84781 rss: 540Mb L: 277/28484 MS: 2 ChangeBit-EraseBytes-
#16204522	REDUCE cov: 117 ft: 357 corp: 128/123Kb lim: 65536 exec/s: 84840 rss: 540Mb L: 728/28484 MS: 1 EraseBytes-
#16247411	REDUCE cov: 117 ft: 358 corp: 129/124Kb lim: 65536 exec/s: 84621 rss: 540Mb L: 1023/28484 MS: 4 ChangeBit-PersAutoDict-ShuffleBytes-CopyPart- DE: "LAB_DE_94"-
#16300392	REDUCE cov: 117 ft: 358 corp: 129/124Kb lim: 65536 exec/s: 84897 rss: 540Mb L: 459/28484 MS: 1 EraseBytes-
#16305424	REDUCE cov: 117 ft: 358 corp: 129/124Kb lim: 65536 exec/s: 84924 rss: 540Mb L: 663/28484 MS: 2 EraseBytes-ChangeASCIIInt-
#16593076	REDUCE cov: 117 ft: 358 corp: 129/124Kb lim: 65536 exec/s: 84658 rss: 543Mb L: 785/28484 MS: 2 ShuffleBytes-EraseBytes-
#16594297	REDUCE cov: 117 ft: 358 corp: 129/124Kb lim: 65536 exec/s: 84664 rss: 543Mb L: 680/28484 MS: 1 EraseBytes-
#16716353	REDUCE cov: 117 ft: 358 corp: 129/124Kb lim: 65536 exec/s: 84854 rss: 543Mb L: 730/28484 MS: 1 EraseBytes-
#16777216	pulse  cov: 117 ft: 358 corp: 129/124Kb lim: 65536 exec/s: 84733 rss: 543Mb
#16820870	REDUCE cov: 117 ft: 358 corp: 129/124Kb lim: 65536 exec/s: 84953 rss: 543Mb L: 534/28484 MS: 2 ManualDict-EraseBytes- DE: "SAMPLE_ID"-
#16871080	REDUCE cov: 117 ft: 358 corp: 129/124Kb lim: 65536 exec/s: 84779 rss: 543Mb L: 487/28484 MS: 5 EraseBytes-InsertByte-ShuffleBytes-PersAutoDict-CrossOver- DE: "Wrong input color space on transform"-
#16881558	REDUCE cov: 117 ft: 358 corp: 129/124Kb lim: 65536 exec/s: 84831 rss: 543Mb L: 417/28484 MS: 3 PersAutoDict-ChangeASCIIInt-EraseBytes- DE: "\276\002\000\000"-
#16933481	REDUCE cov: 117 ft: 358 corp: 129/124Kb lim: 65536 exec/s: 84667 rss: 543Mb L: 260/28484 MS: 3 ManualDict-CopyPart-EraseBytes- DE: "KEYWORD"-
#16952749	REDUCE cov: 117 ft: 358 corp: 129/124Kb lim: 65536 exec/s: 84763 rss: 543Mb L: 258/28484 MS: 3 ChangeBit-ShuffleBytes-EraseBytes-
#16956355	REDUCE cov: 117 ft: 358 corp: 129/124Kb lim: 65536 exec/s: 84781 rss: 543Mb L: 394/28484 MS: 1 EraseBytes-
#17078516	REDUCE cov: 117 ft: 358 corp: 129/124Kb lim: 65536 exec/s: 84967 rss: 543Mb L: 456/28484 MS: 1 EraseBytes-
#17167247	REDUCE cov: 117 ft: 358 corp: 129/124Kb lim: 65536 exec/s: 84986 rss: 543Mb L: 703/28484 MS: 1 EraseBytes-
#17189238	REDUCE cov: 117 ft: 358 corp: 129/124Kb lim: 65536 exec/s: 84676 rss: 543Mb L: 181/28484 MS: 1 EraseBytes-
#17209602	REDUCE cov: 117 ft: 358 corp: 129/124Kb lim: 65536 exec/s: 84776 rss: 543Mb L: 761/28484 MS: 4 PersAutoDict-CMP-InsertRepeatedBytes-EraseBytes- DE: "$INCLUDE"-"\001\000\000\000\000\000\002\271"-
#17279933	REDUCE cov: 117 ft: 358 corp: 129/124Kb lim: 65536 exec/s: 84705 rss: 543Mb L: 456/28484 MS: 1 EraseBytes-
#17319910	REDUCE cov: 117 ft: 358 corp: 129/124Kb lim: 65536 exec/s: 84901 rss: 543Mb L: 1011/28484 MS: 2 PersAutoDict-EraseBytes- DE: "Keyword expected"-
#17342466	REDUCE cov: 117 ft: 358 corp: 129/124Kb lim: 65536 exec/s: 85012 rss: 543Mb L: 834/28484 MS: 1 EraseBytes-
#17349067	REDUCE cov: 117 ft: 358 corp: 129/124Kb lim: 65536 exec/s: 85044 rss: 543Mb L: 255/28484 MS: 1 EraseBytes-
#17362349	REDUCE cov: 117 ft: 358 corp: 129/124Kb lim: 65536 exec/s: 84694 rss: 543Mb L: 653/28484 MS: 2 ShuffleBytes-EraseBytes-
#17378835	REDUCE cov: 117 ft: 358 corp: 129/124Kb lim: 65536 exec/s: 84774 rss: 543Mb L: 590/28484 MS: 1 EraseBytes-
#17477396	REDUCE cov: 117 ft: 358 corp: 129/124Kb lim: 65536 exec/s: 84841 rss: 543Mb L: 410/28484 MS: 1 EraseBytes-
#17512347	REDUCE cov: 117 ft: 358 corp: 129/124Kb lim: 65536 exec/s: 85011 rss: 543Mb L: 243/28484 MS: 1 EraseBytes-
#17537315	REDUCE cov: 117 ft: 358 corp: 129/124Kb lim: 65536 exec/s: 84721 rss: 543Mb L: 386/28484 MS: 3 ChangeASCIIInt-ChangeBit-EraseBytes-
#17579716	REDUCE cov: 117 ft: 358 corp: 129/124Kb lim: 65536 exec/s: 84926 rss: 543Mb L: 393/28484 MS: 1 EraseBytes-
#17626928	REDUCE cov: 117 ft: 358 corp: 129/124Kb lim: 65536 exec/s: 84744 rss: 543Mb L: 230/28484 MS: 2 PersAutoDict-EraseBytes- DE: "\377\377\377\377\377\377\000_"-
#17805559	REDUCE cov: 117 ft: 358 corp: 129/124Kb lim: 65536 exec/s: 84788 rss: 543Mb L: 987/28484 MS: 1 EraseBytes-
#17836978	REDUCE cov: 117 ft: 358 corp: 129/124Kb lim: 65536 exec/s: 84937 rss: 543Mb L: 332/28484 MS: 4 ChangeASCIIInt-ChangeBit-ChangeASCIIInt-EraseBytes-
#17838505	REDUCE cov: 117 ft: 358 corp: 129/124Kb lim: 65536 exec/s: 84945 rss: 543Mb L: 810/28484 MS: 2 ChangeBit-EraseBytes-
#17841282	REDUCE cov: 117 ft: 358 corp: 129/124Kb lim: 65536 exec/s: 84958 rss: 543Mb L: 490/28484 MS: 2 ManualDict-EraseBytes- DE: "Codes"-
#17918243	REDUCE cov: 117 ft: 358 corp: 129/124Kb lim: 65536 exec/s: 84520 rss: 543Mb L: 641/28484 MS: 1 EraseBytes-
#17987534	REDUCE cov: 117 ft: 358 corp: 129/124Kb lim: 65536 exec/s: 84846 rss: 543Mb L: 484/28484 MS: 1 EraseBytes-
#18203595	REDUCE cov: 117 ft: 358 corp: 129/124Kb lim: 65536 exec/s: 84667 rss: 545Mb L: 727/28484 MS: 1 EraseBytes-
#18215491	REDUCE cov: 117 ft: 358 corp: 129/123Kb lim: 65536 exec/s: 84723 rss: 545Mb L: 396/28484 MS: 1 EraseBytes-
#18250103	REDUCE cov: 117 ft: 358 corp: 129/123Kb lim: 65536 exec/s: 84491 rss: 545Mb L: 195/28484 MS: 2 ChangeBit-EraseBytes-
#18258945	REDUCE cov: 117 ft: 358 corp: 129/123Kb lim: 65536 exec/s: 84532 rss: 545Mb L: 217/28484 MS: 2 ChangeBinInt-EraseBytes-
#18306248	REDUCE cov: 117 ft: 358 corp: 129/123Kb lim: 65536 exec/s: 84751 rss: 545Mb L: 180/28484 MS: 3 ShuffleBytes-ShuffleBytes-EraseBytes-
#18341825	REDUCE cov: 117 ft: 358 corp: 129/123Kb lim: 65536 exec/s: 84524 rss: 545Mb L: 786/28484 MS: 2 ChangeBinInt-EraseBytes-
#18371221	REDUCE cov: 117 ft: 358 corp: 129/123Kb lim: 65536 exec/s: 84660 rss: 545Mb L: 628/28484 MS: 1 EraseBytes-
#18380924	REDUCE cov: 117 ft: 358 corp: 129/123Kb lim: 65536 exec/s: 84704 rss: 545Mb L: 579/28484 MS: 3 ShuffleBytes-ShuffleBytes-EraseBytes-
#18407756	REDUCE cov: 117 ft: 358 corp: 129/123Kb lim: 65536 exec/s: 84439 rss: 545Mb L: 456/28484 MS: 2 EraseBytes-CMP- DE: "\001\000\000\000\000\000\000\002"-
#18667694	REDUCE cov: 117 ft: 358 corp: 129/123Kb lim: 65536 exec/s: 84469 rss: 545Mb L: 474/28484 MS: 3 EraseBytes-ManualDict-ManualDict- DE: "COMPUTATIONAL_PARAMETER"-"At"-
#18695855	REDUCE cov: 117 ft: 358 corp: 129/123Kb lim: 65536 exec/s: 84596 rss: 545Mb L: 252/28484 MS: 1 EraseBytes-
#18727337	REDUCE cov: 117 ft: 358 corp: 129/123Kb lim: 65536 exec/s: 84739 rss: 545Mb L: 456/28484 MS: 2 EraseBytes-InsertByte-
#18750325	REDUCE cov: 117 ft: 358 corp: 129/123Kb lim: 65536 exec/s: 84460 rss: 545Mb L: 384/28484 MS: 3 EraseBytes-ChangeBit-PersAutoDict- DE: "Absolute colorimetric"-
#18767378	REDUCE cov: 117 ft: 358 corp: 129/123Kb lim: 65536 exec/s: 84537 rss: 545Mb L: 392/28484 MS: 3 EraseBytes-ChangeBinInt-PersAutoDict- DE: "B2A2"-
#18812015	REDUCE cov: 117 ft: 358 corp: 129/123Kb lim: 65536 exec/s: 84738 rss: 545Mb L: 902/28484 MS: 2 ChangeByte-EraseBytes-
#19088841	REDUCE cov: 117 ft: 358 corp: 129/123Kb lim: 65536 exec/s: 84839 rss: 545Mb L: 866/28484 MS: 1 EraseBytes-
#19100007	REDUCE cov: 117 ft: 358 corp: 129/123Kb lim: 65536 exec/s: 84513 rss: 545Mb L: 193/28484 MS: 1 EraseBytes-
#19118479	REDUCE cov: 117 ft: 358 corp: 129/123Kb lim: 65536 exec/s: 84595 rss: 545Mb L: 472/28484 MS: 2 ChangeBit-EraseBytes-
#19144100	REDUCE cov: 117 ft: 358 corp: 129/123Kb lim: 65536 exec/s: 84708 rss: 545Mb L: 725/28484 MS: 1 EraseBytes-
#19149161	REDUCE cov: 117 ft: 358 corp: 129/123Kb lim: 65536 exec/s: 84730 rss: 545Mb L: 316/28484 MS: 1 EraseBytes-
#19215537	REDUCE cov: 117 ft: 358 corp: 129/123Kb lim: 65536 exec/s: 84649 rss: 545Mb L: 192/28484 MS: 1 EraseBytes-
#19293067	REDUCE cov: 117 ft: 358 corp: 129/123Kb lim: 65536 exec/s: 84618 rss: 545Mb L: 444/28484 MS: 5 InsertRepeatedBytes-ChangeBinInt-InsertByte-ChangeBinInt-EraseBytes-
#19377648	REDUCE cov: 117 ft: 358 corp: 129/123Kb lim: 65536 exec/s: 84618 rss: 545Mb L: 689/28484 MS: 1 EraseBytes-
#19381939	REDUCE cov: 117 ft: 358 corp: 129/123Kb lim: 65536 exec/s: 84637 rss: 545Mb L: 567/28484 MS: 1 EraseBytes-
#19427945	REDUCE cov: 117 ft: 358 corp: 129/123Kb lim: 65536 exec/s: 84838 rss: 545Mb L: 639/28484 MS: 1 EraseBytes-
#19481363	REDUCE cov: 117 ft: 358 corp: 129/123Kb lim: 65536 exec/s: 84701 rss: 545Mb L: 194/28484 MS: 3 ChangeASCIIInt-EraseBytes-PersAutoDict- DE: "\001\000\000\000\000\000\000\020"-
#19597939	REDUCE cov: 117 ft: 358 corp: 129/123Kb lim: 65536 exec/s: 84839 rss: 545Mb L: 460/28484 MS: 1 EraseBytes-
#19642925	REDUCE cov: 117 ft: 358 corp: 129/123Kb lim: 65536 exec/s: 84667 rss: 545Mb L: 668/28484 MS: 1 EraseBytes-
#19697693	REDUCE cov: 117 ft: 358 corp: 129/123Kb lim: 65536 exec/s: 84539 rss: 545Mb L: 169/28484 MS: 3 ChangeBinInt-ChangeASCIIInt-EraseBytes-
#19848969	REDUCE cov: 117 ft: 358 corp: 129/123Kb lim: 65536 exec/s: 84463 rss: 545Mb L: 432/28484 MS: 1 EraseBytes-
#19912075	REDUCE cov: 117 ft: 358 corp: 129/123Kb lim: 65536 exec/s: 84732 rss: 545Mb L: 963/28484 MS: 1 EraseBytes-
#20015247	REDUCE cov: 117 ft: 358 corp: 129/123Kb lim: 65536 exec/s: 84452 rss: 545Mb L: 675/28484 MS: 2 ChangeASCIIInt-EraseBytes-
#20445928	REDUCE cov: 117 ft: 358 corp: 129/123Kb lim: 65536 exec/s: 84487 rss: 545Mb L: 677/28484 MS: 1 EraseBytes-
#20473274	REDUCE cov: 117 ft: 358 corp: 129/123Kb lim: 65536 exec/s: 84600 rss: 545Mb L: 656/28484 MS: 1 EraseBytes-
#20550286	REDUCE cov: 117 ft: 358 corp: 129/123Kb lim: 65536 exec/s: 84569 rss: 545Mb L: 555/28484 MS: 2 ManualDict-EraseBytes- DE: "TITLE"-
#20568499	REDUCE cov: 117 ft: 358 corp: 129/123Kb lim: 65536 exec/s: 84644 rss: 545Mb L: 617/28484 MS: 3 ShuffleBytes-ShuffleBytes-EraseBytes-
#20622746	REDUCE cov: 117 ft: 358 corp: 129/123Kb lim: 65536 exec/s: 84519 rss: 545Mb L: 644/28484 MS: 2 ShuffleBytes-EraseBytes-
#20688712	REDUCE cov: 117 ft: 358 corp: 129/123Kb lim: 65536 exec/s: 84443 rss: 545Mb L: 543/28484 MS: 1 EraseBytes-
#20762802	REDUCE cov: 117 ft: 358 corp: 129/123Kb lim: 65536 exec/s: 84401 rss: 545Mb L: 457/28484 MS: 5 ChangeByte-ChangeByte-ChangeBinInt-CMP-EraseBytes- DE: "\000\000\000\016"-
#20802348	REDUCE cov: 117 ft: 358 corp: 129/123Kb lim: 65536 exec/s: 84562 rss: 545Mb L: 495/28484 MS: 1 EraseBytes-
#20831962	REDUCE cov: 117 ft: 358 corp: 129/123Kb lim: 65536 exec/s: 84682 rss: 545Mb L: 408/28484 MS: 4 ShuffleBytes-ChangeBit-ChangeByte-EraseBytes-
#21061485	REDUCE cov: 117 ft: 358 corp: 129/123Kb lim: 65536 exec/s: 84584 rss: 545Mb L: 324/28484 MS: 3 InsertByte-ShuffleBytes-EraseBytes-
#21146771	REDUCE cov: 117 ft: 358 corp: 129/123Kb lim: 65536 exec/s: 84587 rss: 545Mb L: 810/28484 MS: 1 EraseBytes-
#21262468	REDUCE cov: 117 ft: 358 corp: 129/123Kb lim: 65536 exec/s: 84374 rss: 545Mb L: 927/28484 MS: 2 ChangeBit-EraseBytes-
#21268259	REDUCE cov: 117 ft: 358 corp: 129/123Kb lim: 65536 exec/s: 84397 rss: 545Mb L: 774/28484 MS: 1 EraseBytes-
#21420595	REDUCE cov: 117 ft: 358 corp: 129/123Kb lim: 65536 exec/s: 84666 rss: 545Mb L: 471/28484 MS: 1 EraseBytes-
#21427171	REDUCE cov: 117 ft: 358 corp: 129/123Kb lim: 65536 exec/s: 84692 rss: 545Mb L: 596/28484 MS: 1 EraseBytes-
#21453357	REDUCE cov: 117 ft: 358 corp: 129/123Kb lim: 65536 exec/s: 84462 rss: 545Mb L: 876/28484 MS: 1 EraseBytes-
#21455266	REDUCE cov: 117 ft: 358 corp: 129/123Kb lim: 65536 exec/s: 84469 rss: 545Mb L: 663/28484 MS: 4 ChangeBinInt-ManualDict-ChangeBinInt-EraseBytes- DE: "Unsupported parametric curve"-
#21496842	REDUCE cov: 117 ft: 358 corp: 129/123Kb lim: 65536 exec/s: 84633 rss: 545Mb L: 456/28484 MS: 1 EraseBytes-
#21501633	REDUCE cov: 117 ft: 358 corp: 129/123Kb lim: 65536 exec/s: 84652 rss: 545Mb L: 651/28484 MS: 1 EraseBytes-
#21542468	REDUCE cov: 117 ft: 358 corp: 129/123Kb lim: 65536 exec/s: 84480 rss: 545Mb L: 240/28484 MS: 5 ChangeByte-ChangeBit-ChangeBinInt-PersAutoDict-EraseBytes- DE: "\032\001\000\000\000\000\000\000"-
#21600630	REDUCE cov: 117 ft: 358 corp: 129/123Kb lim: 65536 exec/s: 84708 rss: 545Mb L: 842/28484 MS: 2 ChangeBit-EraseBytes-
#21607926	REDUCE cov: 117 ft: 358 corp: 129/123Kb lim: 65536 exec/s: 84736 rss: 545Mb L: 802/28484 MS: 1 EraseBytes-
#21650297	REDUCE cov: 117 ft: 358 corp: 129/123Kb lim: 65536 exec/s: 84571 rss: 545Mb L: 762/28484 MS: 1 EraseBytes-
#21750823	REDUCE cov: 117 ft: 358 corp: 129/123Kb lim: 65536 exec/s: 84633 rss: 545Mb L: 837/28484 MS: 1 EraseBytes-
#21829122	REDUCE cov: 117 ft: 358 corp: 129/123Kb lim: 65536 exec/s: 84609 rss: 545Mb L: 721/28484 MS: 4 ChangeByte-ChangeBinInt-ChangeBit-EraseBytes-
#21937613	REDUCE cov: 117 ft: 358 corp: 129/123Kb lim: 65536 exec/s: 84375 rss: 545Mb L: 457/28484 MS: 1 EraseBytes-
#21956109	REDUCE cov: 117 ft: 358 corp: 129/123Kb lim: 65536 exec/s: 84446 rss: 545Mb L: 157/28484 MS: 1 EraseBytes-
#22370475	REDUCE cov: 117 ft: 358 corp: 129/123Kb lim: 65536 exec/s: 84416 rss: 545Mb L: 818/28484 MS: 1 EraseBytes-
#22537357	REDUCE cov: 117 ft: 358 corp: 129/123Kb lim: 65536 exec/s: 84409 rss: 546Mb L: 806/28484 MS: 2 ShuffleBytes-EraseBytes-
#22570572	REDUCE cov: 117 ft: 358 corp: 129/123Kb lim: 65536 exec/s: 84218 rss: 546Mb L: 384/28484 MS: 5 ChangeASCIIInt-ChangeBit-ChangeASCIIInt-CMP-EraseBytes- DE: "\003\000"-
#22635253	REDUCE cov: 117 ft: 358 corp: 129/123Kb lim: 65536 exec/s: 84459 rss: 546Mb L: 796/28484 MS: 1 EraseBytes-
#22655609	REDUCE cov: 117 ft: 358 corp: 129/123Kb lim: 65536 exec/s: 84221 rss: 546Mb L: 181/28484 MS: 1 EraseBytes-
#22751285	REDUCE cov: 117 ft: 358 corp: 129/123Kb lim: 65536 exec/s: 84264 rss: 546Mb L: 605/28484 MS: 1 EraseBytes-
#22780428	REDUCE cov: 117 ft: 358 corp: 129/123Kb lim: 65536 exec/s: 84371 rss: 546Mb L: 739/28484 MS: 3 InsertByte-ShuffleBytes-EraseBytes-
#22970284	REDUCE cov: 117 ft: 358 corp: 129/122Kb lim: 65536 exec/s: 84449 rss: 546Mb L: 715/28484 MS: 1 EraseBytes-
#23063581	REDUCE cov: 117 ft: 358 corp: 129/122Kb lim: 65536 exec/s: 84481 rss: 546Mb L: 552/28484 MS: 2 ChangeASCIIInt-EraseBytes-
#23199757	REDUCE cov: 117 ft: 358 corp: 129/122Kb lim: 65536 exec/s: 84362 rss: 546Mb L: 476/28484 MS: 1 EraseBytes-
#23363288	REDUCE cov: 117 ft: 358 corp: 129/122Kb lim: 65536 exec/s: 84344 rss: 546Mb L: 665/28484 MS: 1 EraseBytes-
#23490534	REDUCE cov: 117 ft: 358 corp: 129/122Kb lim: 65536 exec/s: 84498 rss: 546Mb L: 654/28484 MS: 1 EraseBytes-
#23535260	REDUCE cov: 117 ft: 358 corp: 129/122Kb lim: 65536 exec/s: 84659 rss: 546Mb L: 770/28484 MS: 1 EraseBytes-
#23615327	REDUCE cov: 117 ft: 358 corp: 129/122Kb lim: 65536 exec/s: 84642 rss: 546Mb L: 338/28484 MS: 2 ShuffleBytes-EraseBytes-
#23684013	REDUCE cov: 117 ft: 358 corp: 129/122Kb lim: 65536 exec/s: 84284 rss: 546Mb L: 727/28484 MS: 1 EraseBytes-
#23713744	REDUCE cov: 117 ft: 358 corp: 129/122Kb lim: 65536 exec/s: 84390 rss: 546Mb L: 709/28484 MS: 1 EraseBytes-
#23778065	REDUCE cov: 117 ft: 358 corp: 129/122Kb lim: 65536 exec/s: 84319 rss: 546Mb L: 724/28484 MS: 1 EraseBytes-
#23851136	REDUCE cov: 117 ft: 358 corp: 129/122Kb lim: 65536 exec/s: 84578 rss: 546Mb L: 593/28484 MS: 1 EraseBytes-
#23856307	REDUCE cov: 117 ft: 358 corp: 129/122Kb lim: 65536 exec/s: 84297 rss: 546Mb L: 144/28484 MS: 1 EraseBytes-
#23884233	REDUCE cov: 117 ft: 358 corp: 129/122Kb lim: 65536 exec/s: 84396 rss: 546Mb L: 144/28484 MS: 1 EraseBytes-
#23960853	REDUCE cov: 117 ft: 358 corp: 129/122Kb lim: 65536 exec/s: 84369 rss: 546Mb L: 569/28484 MS: 5 ChangeASCIIInt-CopyPart-ChangeByte-EraseBytes-ChangeByte-
#23977431	REDUCE cov: 117 ft: 359 corp: 130/124Kb lim: 65536 exec/s: 84427 rss: 546Mb L: 1424/28484 MS: 3 ChangeASCIIInt-ChangeBit-CrossOver-
#23983956	REDUCE cov: 117 ft: 359 corp: 130/124Kb lim: 65536 exec/s: 84450 rss: 546Mb L: 1350/28484 MS: 5 ChangeBit-ChangeASCIIInt-ChangeASCIIInt-ChangeASCIIInt-EraseBytes-
#23987672	REDUCE cov: 117 ft: 359 corp: 130/124Kb lim: 65536 exec/s: 84463 rss: 546Mb L: 1326/28484 MS: 1 EraseBytes-
#23989468	REDUCE cov: 117 ft: 359 corp: 130/123Kb lim: 65536 exec/s: 84469 rss: 546Mb L: 1133/28484 MS: 1 EraseBytes-
#24014604	REDUCE cov: 117 ft: 359 corp: 130/123Kb lim: 65536 exec/s: 84558 rss: 546Mb L: 557/28484 MS: 1 EraseBytes-
#24023931	REDUCE cov: 117 ft: 359 corp: 130/123Kb lim: 65536 exec/s: 84591 rss: 546Mb L: 545/28484 MS: 2 EraseBytes-ChangeBit-
#24106038	REDUCE cov: 117 ft: 359 corp: 130/123Kb lim: 65536 exec/s: 84582 rss: 546Mb L: 1118/28484 MS: 2 ChangeBit-EraseBytes-
#24200391	REDUCE cov: 117 ft: 359 corp: 130/123Kb lim: 65536 exec/s: 84321 rss: 546Mb L: 529/28484 MS: 3 ChangeASCIIInt-CopyPart-EraseBytes-
#24224962	REDUCE cov: 117 ft: 359 corp: 130/123Kb lim: 65536 exec/s: 84407 rss: 546Mb L: 459/28484 MS: 1 EraseBytes-
#24250053	REDUCE cov: 117 ft: 359 corp: 130/123Kb lim: 65536 exec/s: 84494 rss: 546Mb L: 840/28484 MS: 1 EraseBytes-
#24376860	REDUCE cov: 117 ft: 359 corp: 130/123Kb lim: 65536 exec/s: 84348 rss: 546Mb L: 533/28484 MS: 2 EraseBytes-PersAutoDict- DE: "Invalid output color space"-
#24473171	REDUCE cov: 117 ft: 359 corp: 130/123Kb lim: 65536 exec/s: 84390 rss: 546Mb L: 830/28484 MS: 1 EraseBytes-
#24484317	REDUCE cov: 117 ft: 359 corp: 130/123Kb lim: 65536 exec/s: 84428 rss: 546Mb L: 560/28484 MS: 1 EraseBytes-
#24531969	REDUCE cov: 117 ft: 359 corp: 130/123Kb lim: 65536 exec/s: 84592 rss: 546Mb L: 192/28484 MS: 2 ManualDict-EraseBytes- DE: "Couldn't link the profiles"-
#24544715	REDUCE cov: 117 ft: 359 corp: 130/123Kb lim: 65536 exec/s: 84636 rss: 546Mb L: 627/28484 MS: 1 EraseBytes-
#24607178	REDUCE cov: 117 ft: 359 corp: 130/123Kb lim: 65536 exec/s: 84560 rss: 546Mb L: 517/28484 MS: 3 ChangeByte-ChangeByte-EraseBytes-
#24672579	REDUCE cov: 117 ft: 359 corp: 130/123Kb lim: 65536 exec/s: 84495 rss: 546Mb L: 758/28484 MS: 1 EraseBytes-
#24681680	REDUCE cov: 117 ft: 359 corp: 130/123Kb lim: 65536 exec/s: 84526 rss: 546Mb L: 533/28484 MS: 1 EraseBytes-
#24721581	REDUCE cov: 117 ft: 359 corp: 130/123Kb lim: 65536 exec/s: 84662 rss: 546Mb L: 541/28484 MS: 1 EraseBytes-
#24738257	REDUCE cov: 117 ft: 359 corp: 130/123Kb lim: 65536 exec/s: 84430 rss: 546Mb L: 825/28484 MS: 1 EraseBytes-
#24780233	REDUCE cov: 117 ft: 359 corp: 130/123Kb lim: 65536 exec/s: 84574 rss: 546Mb L: 685/28484 MS: 1 EraseBytes-
#24780749	REDUCE cov: 117 ft: 359 corp: 130/123Kb lim: 65536 exec/s: 84575 rss: 546Mb L: 514/28484 MS: 1 EraseBytes-
#24790097	REDUCE cov: 117 ft: 359 corp: 130/123Kb lim: 65536 exec/s: 84607 rss: 546Mb L: 478/28484 MS: 3 ShuffleBytes-ChangeBit-EraseBytes-
#24826793	REDUCE cov: 117 ft: 359 corp: 130/123Kb lim: 65536 exec/s: 84444 rss: 546Mb L: 517/28484 MS: 1 EraseBytes-
#24832929	REDUCE cov: 117 ft: 359 corp: 130/123Kb lim: 65536 exec/s: 84465 rss: 546Mb L: 478/28484 MS: 1 EraseBytes-
#24943582	REDUCE cov: 117 ft: 359 corp: 130/123Kb lim: 65536 exec/s: 84554 rss: 546Mb L: 510/28484 MS: 3 ChangeBinInt-ChangeBinInt-EraseBytes-
#25303755	REDUCE cov: 117 ft: 359 corp: 130/123Kb lim: 65536 exec/s: 84627 rss: 546Mb L: 638/28484 MS: 3 EraseBytes-ManualDict-CrossOver- DE: "XYZ_X"-
#25365130	REDUCE cov: 117 ft: 359 corp: 130/123Kb lim: 65536 exec/s: 84550 rss: 546Mb L: 642/28484 MS: 5 ChangeASCIIInt-ChangeBinInt-PersAutoDict-PersAutoDict-EraseBytes- DE: "psid"-"SAMPLE_ID"-
#25474976	REDUCE cov: 117 ft: 359 corp: 130/123Kb lim: 65536 exec/s: 84634 rss: 546Mb L: 712/28484 MS: 1 EraseBytes-
#25534188	REDUCE cov: 117 ft: 359 corp: 130/123Kb lim: 65536 exec/s: 84550 rss: 546Mb L: 626/28484 MS: 2 ShuffleBytes-EraseBytes-
#25616029	REDUCE cov: 117 ft: 359 corp: 130/123Kb lim: 65536 exec/s: 84541 rss: 546Mb L: 618/28484 MS: 1 EraseBytes-
#25666160	REDUCE cov: 117 ft: 359 corp: 130/123Kb lim: 65536 exec/s: 84706 rss: 546Mb L: 372/28484 MS: 1 EraseBytes-
#25666742	REDUCE cov: 117 ft: 359 corp: 130/123Kb lim: 65536 exec/s: 84708 rss: 546Mb L: 602/28484 MS: 2 ChangeBit-EraseBytes-
#25792138	REDUCE cov: 117 ft: 359 corp: 130/123Kb lim: 65536 exec/s: 84564 rss: 546Mb L: 180/28484 MS: 1 EraseBytes-
#26040109	REDUCE cov: 117 ft: 359 corp: 130/123Kb lim: 65536 exec/s: 84545 rss: 546Mb L: 568/28484 MS: 1 EraseBytes-
#26119225	REDUCE cov: 117 ft: 359 corp: 130/123Kb lim: 65536 exec/s: 84802 rss: 546Mb L: 700/28484 MS: 1 EraseBytes-
#26278496	REDUCE cov: 117 ft: 359 corp: 130/123Kb lim: 65536 exec/s: 84769 rss: 546Mb L: 498/28484 MS: 1 EraseBytes-
#26286864	REDUCE cov: 117 ft: 359 corp: 130/123Kb lim: 65536 exec/s: 84796 rss: 546Mb L: 477/28484 MS: 3 ChangeASCIIInt-PersAutoDict-EraseBytes- DE: "\001\000\000\305"-
#26308800	REDUCE cov: 117 ft: 359 corp: 130/123Kb lim: 65536 exec/s: 84594 rss: 546Mb L: 772/28484 MS: 1 EraseBytes-
#26713426	REDUCE cov: 117 ft: 359 corp: 130/123Kb lim: 65536 exec/s: 84804 rss: 547Mb L: 1109/28484 MS: 1 EraseBytes-
#26783772	REDUCE cov: 117 ft: 359 corp: 130/123Kb lim: 65536 exec/s: 84758 rss: 547Mb L: 1099/28484 MS: 1 EraseBytes-
#26892874	REDUCE cov: 117 ft: 359 corp: 130/123Kb lim: 65536 exec/s: 84835 rss: 547Mb L: 620/28484 MS: 2 ChangeByte-EraseBytes-
#26972914	REDUCE cov: 117 ft: 359 corp: 130/123Kb lim: 65536 exec/s: 84820 rss: 547Mb L: 156/28484 MS: 5 ChangeBit-ChangeASCIIInt-ChangeByte-PersAutoDict-EraseBytes- DE: "\000\000\000\000\000\000U\333"-
#27021595	REDUCE cov: 117 ft: 359 corp: 130/123Kb lim: 65536 exec/s: 84707 rss: 547Mb L: 676/28484 MS: 1 EraseBytes-
#27032036	REDUCE cov: 117 ft: 359 corp: 130/123Kb lim: 65536 exec/s: 84739 rss: 547Mb L: 360/28484 MS: 1 EraseBytes-
#27034728	REDUCE cov: 117 ft: 359 corp: 130/123Kb lim: 65536 exec/s: 84748 rss: 547Mb L: 1051/28484 MS: 2 ChangeByte-EraseBytes-
#27301319	REDUCE cov: 117 ft: 359 corp: 130/123Kb lim: 65536 exec/s: 84786 rss: 547Mb L: 1032/28484 MS: 1 EraseBytes-
#27506170	REDUCE cov: 117 ft: 359 corp: 130/123Kb lim: 65536 exec/s: 84895 rss: 547Mb L: 447/28484 MS: 1 EraseBytes-
#27517167	REDUCE cov: 117 ft: 359 corp: 130/123Kb lim: 65536 exec/s: 84929 rss: 547Mb L: 606/28484 MS: 2 ChangeByte-EraseBytes-
#27571404	REDUCE cov: 117 ft: 359 corp: 130/123Kb lim: 65536 exec/s: 84835 rss: 547Mb L: 829/28484 MS: 2 CMP-EraseBytes- DE: "\377\377\377\377\377\377\377\016"-
#27685975	REDUCE cov: 117 ft: 359 corp: 130/123Kb lim: 65536 exec/s: 84926 rss: 547Mb L: 691/28484 MS: 1 EraseBytes-
#27761096	REDUCE cov: 117 ft: 359 corp: 130/123Kb lim: 65536 exec/s: 84896 rss: 547Mb L: 180/28484 MS: 1 EraseBytes-
#27826644	REDUCE cov: 117 ft: 359 corp: 130/123Kb lim: 65536 exec/s: 84837 rss: 547Mb L: 664/28484 MS: 3 ChangeBit-ChangeBinInt-EraseBytes-
#27907170	REDUCE cov: 117 ft: 359 corp: 130/123Kb lim: 65536 exec/s: 84824 rss: 547Mb L: 673/28484 MS: 1 EraseBytes-
#28162166	REDUCE cov: 117 ft: 359 corp: 130/123Kb lim: 65536 exec/s: 85082 rss: 547Mb L: 762/28484 MS: 1 EraseBytes-
#28342412	REDUCE cov: 117 ft: 359 corp: 130/123Kb lim: 65536 exec/s: 85112 rss: 547Mb L: 594/28484 MS: 1 EraseBytes-
#28363205	REDUCE cov: 117 ft: 359 corp: 130/123Kb lim: 65536 exec/s: 84919 rss: 547Mb L: 903/28484 MS: 3 ChangeASCIIInt-ChangeASCIIInt-EraseBytes-
#28457046	REDUCE cov: 117 ft: 359 corp: 130/123Kb lim: 65536 exec/s: 84946 rss: 547Mb L: 879/28484 MS: 1 EraseBytes-
#28587828	REDUCE cov: 117 ft: 359 corp: 130/123Kb lim: 65536 exec/s: 85082 rss: 547Mb L: 427/28484 MS: 2 InsertByte-EraseBytes-
#28652024	REDUCE cov: 117 ft: 359 corp: 130/123Kb lim: 65536 exec/s: 85020 rss: 547Mb L: 659/28484 MS: 1 EraseBytes-
#28745577	REDUCE cov: 117 ft: 359 corp: 130/123Kb lim: 65536 exec/s: 85046 rss: 547Mb L: 398/28484 MS: 3 EraseBytes-ChangeBinInt-PersAutoDict- DE: "\000\000\000\000\000\000\000\223"-
#28748585	REDUCE cov: 117 ft: 359 corp: 130/123Kb lim: 65536 exec/s: 85054 rss: 547Mb L: 423/28484 MS: 3 PersAutoDict-ShuffleBytes-EraseBytes- DE: "\001\000\000\000\000\000\002\264"-
#28894951	REDUCE cov: 117 ft: 359 corp: 130/123Kb lim: 65536 exec/s: 84985 rss: 548Mb L: 418/28484 MS: 1 EraseBytes-
#29034812	REDUCE cov: 117 ft: 359 corp: 130/123Kb lim: 65536 exec/s: 85146 rss: 548Mb L: 416/28484 MS: 1 EraseBytes-
#29107203	REDUCE cov: 117 ft: 359 corp: 130/123Kb lim: 65536 exec/s: 85108 rss: 548Mb L: 582/28484 MS: 1 EraseBytes-
#29143241	REDUCE cov: 117 ft: 359 corp: 130/123Kb lim: 65536 exec/s: 84965 rss: 548Mb L: 412/28484 MS: 3 CopyPart-ChangeBit-EraseBytes-
#29176744	REDUCE cov: 117 ft: 359 corp: 130/123Kb lim: 65536 exec/s: 85063 rss: 548Mb L: 867/28484 MS: 3 ChangeBinInt-ChangeByte-EraseBytes-
#29244142	REDUCE cov: 117 ft: 359 corp: 130/123Kb lim: 65536 exec/s: 85012 rss: 548Mb L: 777/28484 MS: 3 InsertByte-EraseBytes-CopyPart-
#29342674	REDUCE cov: 117 ft: 359 corp: 130/123Kb lim: 65536 exec/s: 85051 rss: 548Mb L: 544/28484 MS: 2 ChangeBit-EraseBytes-
#29456395	REDUCE cov: 117 ft: 359 corp: 130/123Kb lim: 65536 exec/s: 85134 rss: 548Mb L: 1014/28484 MS: 1 EraseBytes-
#29805446	REDUCE cov: 117 ft: 359 corp: 130/122Kb lim: 65536 exec/s: 85158 rss: 548Mb L: 647/28484 MS: 1 EraseBytes-
#29878639	REDUCE cov: 117 ft: 359 corp: 130/122Kb lim: 65536 exec/s: 85124 rss: 548Mb L: 548/28484 MS: 3 ChangeBit-ChangeByte-EraseBytes-
#30104725	REDUCE cov: 117 ft: 359 corp: 130/122Kb lim: 65536 exec/s: 85282 rss: 548Mb L: 411/28484 MS: 1 EraseBytes-
#30280893	REDUCE cov: 117 ft: 359 corp: 130/122Kb lim: 65536 exec/s: 85298 rss: 548Mb L: 806/28484 MS: 3 CopyPart-ChangeBinInt-EraseBytes-
#30318678	REDUCE cov: 117 ft: 359 corp: 130/122Kb lim: 65536 exec/s: 85164 rss: 548Mb L: 365/28484 MS: 5 PersAutoDict-CopyPart-InsertRepeatedBytes-EraseBytes-EraseBytes- DE: "AS IS"-
#30462614	REDUCE cov: 117 ft: 359 corp: 130/122Kb lim: 65536 exec/s: 85329 rss: 548Mb L: 324/28484 MS: 1 EraseBytes-
#30723950	REDUCE cov: 117 ft: 359 corp: 130/122Kb lim: 65536 exec/s: 85344 rss: 548Mb L: 794/28484 MS: 1 EraseBytes-
#30818521	REDUCE cov: 117 ft: 359 corp: 130/122Kb lim: 65536 exec/s: 85134 rss: 548Mb L: 316/28484 MS: 1 EraseBytes-
#30826167	REDUCE cov: 117 ft: 359 corp: 130/122Kb lim: 65536 exec/s: 85155 rss: 548Mb L: 244/28484 MS: 1 EraseBytes-
#31073229	REDUCE cov: 117 ft: 359 corp: 130/122Kb lim: 65536 exec/s: 85366 rss: 548Mb L: 536/28484 MS: 2 ChangeASCIIInt-EraseBytes-
#31080425	REDUCE cov: 117 ft: 359 corp: 130/122Kb lim: 65536 exec/s: 85151 rss: 548Mb L: 224/28484 MS: 1 EraseBytes-
#31097716	REDUCE cov: 117 ft: 359 corp: 130/122Kb lim: 65536 exec/s: 85199 rss: 548Mb L: 558/28484 MS: 1 EraseBytes-
#31192487	REDUCE cov: 117 ft: 359 corp: 130/122Kb lim: 65536 exec/s: 85225 rss: 548Mb L: 196/28484 MS: 1 EraseBytes-
#31447845	REDUCE cov: 117 ft: 359 corp: 130/122Kb lim: 65536 exec/s: 85224 rss: 548Mb L: 503/28484 MS: 3 EraseBytes-CrossOver-InsertRepeatedBytes-
#31458541	REDUCE cov: 117 ft: 359 corp: 130/122Kb lim: 65536 exec/s: 85253 rss: 548Mb L: 635/28484 MS: 1 EraseBytes-
#31498232	REDUCE cov: 117 ft: 359 corp: 130/122Kb lim: 65536 exec/s: 85361 rss: 548Mb L: 713/28484 MS: 1 EraseBytes-
#31500758	REDUCE cov: 117 ft: 359 corp: 130/122Kb lim: 65536 exec/s: 85367 rss: 548Mb L: 734/28484 MS: 1 EraseBytes-
#31548031	REDUCE cov: 117 ft: 359 corp: 130/122Kb lim: 65536 exec/s: 85264 rss: 548Mb L: 467/28484 MS: 3 ChangeByte-PersAutoDict-EraseBytes- DE: "SPECTRAL_PCT"-
#31558278	REDUCE cov: 117 ft: 359 corp: 130/122Kb lim: 65536 exec/s: 85292 rss: 548Mb L: 623/28484 MS: 2 ChangeBit-EraseBytes-
#31559193	REDUCE cov: 117 ft: 359 corp: 130/122Kb lim: 65536 exec/s: 85295 rss: 548Mb L: 443/28484 MS: 5 InsertByte-ChangeASCIIInt-ChangeBit-ShuffleBytes-EraseBytes-
#31567679	REDUCE cov: 117 ft: 359 corp: 130/122Kb lim: 65536 exec/s: 85318 rss: 548Mb L: 758/28484 MS: 1 EraseBytes-
#31630360	REDUCE cov: 117 ft: 359 corp: 130/122Kb lim: 65536 exec/s: 85257 rss: 548Mb L: 618/28484 MS: 1 EraseBytes-
#31657723	REDUCE cov: 117 ft: 359 corp: 130/122Kb lim: 65536 exec/s: 85330 rss: 548Mb L: 722/28484 MS: 3 ShuffleBytes-EraseBytes-CopyPart-
#31895530	REDUCE cov: 117 ft: 360 corp: 131/123Kb lim: 65536 exec/s: 85282 rss: 548Mb L: 980/28484 MS: 2 ChangeByte-CopyPart-
#31915816	REDUCE cov: 117 ft: 360 corp: 131/123Kb lim: 65536 exec/s: 85336 rss: 548Mb L: 431/28484 MS: 1 EraseBytes-
#31936587	REDUCE cov: 117 ft: 360 corp: 131/123Kb lim: 65536 exec/s: 85391 rss: 548Mb L: 616/28484 MS: 1 EraseBytes-
#31948174	REDUCE cov: 117 ft: 360 corp: 131/123Kb lim: 65536 exec/s: 85422 rss: 548Mb L: 698/28484 MS: 2 ChangeBit-EraseBytes-
#31973995	REDUCE cov: 117 ft: 360 corp: 131/123Kb lim: 65536 exec/s: 85263 rss: 548Mb L: 404/28484 MS: 1 EraseBytes-
#32367416	REDUCE cov: 117 ft: 360 corp: 131/123Kb lim: 65536 exec/s: 85402 rss: 548Mb L: 604/28484 MS: 1 EraseBytes-
#32779662	REDUCE cov: 117 ft: 360 corp: 131/123Kb lim: 65536 exec/s: 85363 rss: 549Mb L: 616/28484 MS: 1 EraseBytes-
#32897934	REDUCE cov: 117 ft: 360 corp: 131/123Kb lim: 65536 exec/s: 85449 rss: 549Mb L: 392/28484 MS: 2 ChangeBit-EraseBytes-
#32928466	REDUCE cov: 117 ft: 360 corp: 131/123Kb lim: 65536 exec/s: 85306 rss: 549Mb L: 392/28484 MS: 2 ChangeBit-EraseBytes-
#32970497	REDUCE cov: 117 ft: 360 corp: 131/123Kb lim: 65536 exec/s: 85415 rss: 549Mb L: 645/28484 MS: 1 EraseBytes-
#33040903	REDUCE cov: 117 ft: 360 corp: 131/123Kb lim: 65536 exec/s: 85377 rss: 549Mb L: 372/28484 MS: 1 EraseBytes-
#33087534	REDUCE cov: 117 ft: 360 corp: 131/123Kb lim: 65536 exec/s: 85277 rss: 549Mb L: 353/28484 MS: 1 EraseBytes-
#33167871	REDUCE cov: 117 ft: 360 corp: 131/123Kb lim: 65536 exec/s: 85264 rss: 549Mb L: 351/28484 MS: 2 ChangeByte-EraseBytes-
#33203084	REDUCE cov: 117 ft: 360 corp: 131/123Kb lim: 65536 exec/s: 85354 rss: 549Mb L: 168/28484 MS: 3 ManualDict-ShuffleBytes-EraseBytes- DE: "LUT_3D_INPUT_RANGE"-
#33372925	REDUCE cov: 117 ft: 360 corp: 131/123Kb lim: 65536 exec/s: 85352 rss: 549Mb L: 633/28484 MS: 1 EraseBytes-
#33465941	REDUCE cov: 117 ft: 360 corp: 131/123Kb lim: 65536 exec/s: 85372 rss: 549Mb L: 350/28484 MS: 1 EraseBytes-
#33516299	REDUCE cov: 117 ft: 360 corp: 131/123Kb lim: 65536 exec/s: 85283 rss: 549Mb L: 132/28484 MS: 3 ChangeBinInt-ShuffleBytes-EraseBytes-
#33554432	pulse  cov: 117 ft: 360 corp: 131/123Kb lim: 65536 exec/s: 85380 rss: 549Mb
#33599260	REDUCE cov: 117 ft: 360 corp: 131/123Kb lim: 65536 exec/s: 85277 rss: 549Mb L: 546/28484 MS: 1 EraseBytes-
#33607157	REDUCE cov: 117 ft: 360 corp: 131/123Kb lim: 65536 exec/s: 85297 rss: 549Mb L: 855/28484 MS: 2 ChangeBinInt-EraseBytes-
#33622938	REDUCE cov: 117 ft: 360 corp: 131/123Kb lim: 65536 exec/s: 85337 rss: 549Mb L: 608/28484 MS: 1 EraseBytes-
#33674729	REDUCE cov: 117 ft: 360 corp: 131/123Kb lim: 65536 exec/s: 85252 rss: 549Mb L: 524/28484 MS: 1 EraseBytes-
#33746535	REDUCE cov: 117 ft: 360 corp: 131/123Kb lim: 65536 exec/s: 85434 rss: 549Mb L: 1002/28484 MS: 1 EraseBytes-
#33907273	REDUCE cov: 117 ft: 360 corp: 131/123Kb lim: 65536 exec/s: 85408 rss: 549Mb L: 493/28484 MS: 3 ChangeBinInt-EraseBytes-CrossOver-
#33980080	REDUCE cov: 117 ft: 360 corp: 131/123Kb lim: 65536 exec/s: 85377 rss: 549Mb L: 170/28484 MS: 2 CopyPart-EraseBytes-
#33983691	REDUCE cov: 117 ft: 360 corp: 131/123Kb lim: 65536 exec/s: 85386 rss: 549Mb L: 621/28484 MS: 1 EraseBytes-
#34016752	REDUCE cov: 117 ft: 360 corp: 131/123Kb lim: 65536 exec/s: 85255 rss: 549Mb L: 532/28484 MS: 1 EraseBytes-
#34039938	REDUCE cov: 117 ft: 360 corp: 131/123Kb lim: 65536 exec/s: 85313 rss: 549Mb L: 347/28484 MS: 1 EraseBytes-
#34041546	REDUCE cov: 117 ft: 360 corp: 131/123Kb lim: 65536 exec/s: 85317 rss: 549Mb L: 483/28484 MS: 3 ChangeByte-EraseBytes-ChangeBit-
#34208663	REDUCE cov: 117 ft: 360 corp: 131/123Kb lim: 65536 exec/s: 85308 rss: 549Mb L: 478/28484 MS: 2 ChangeASCIIInt-EraseBytes-
#34299384	REDUCE cov: 117 ft: 360 corp: 131/123Kb lim: 65536 exec/s: 85321 rss: 549Mb L: 721/28484 MS: 1 EraseBytes-
#34436700	REDUCE cov: 117 ft: 360 corp: 131/123Kb lim: 65536 exec/s: 85239 rss: 549Mb L: 686/28484 MS: 1 EraseBytes-
#34806721	REDUCE cov: 117 ft: 360 corp: 131/123Kb lim: 65536 exec/s: 85310 rss: 549Mb L: 662/28484 MS: 1 EraseBytes-
#34913791	REDUCE cov: 117 ft: 360 corp: 131/123Kb lim: 65536 exec/s: 85363 rss: 549Mb L: 497/28484 MS: 5 CrossOver-ChangeASCIIInt-PersAutoDict-EraseBytes-InsertByte- DE: "MD5"-
#34998337	REDUCE cov: 117 ft: 360 corp: 131/123Kb lim: 65536 exec/s: 85361 rss: 549Mb L: 709/28484 MS: 1 EraseBytes-
#35001056	REDUCE cov: 117 ft: 360 corp: 131/123Kb lim: 65536 exec/s: 85368 rss: 549Mb L: 481/28484 MS: 4 PersAutoDict-InsertByte-InsertRepeatedBytes-EraseBytes- DE: "4 -1 roll "-
#35015927	REDUCE cov: 117 ft: 360 corp: 131/122Kb lim: 65536 exec/s: 85404 rss: 549Mb L: 584/28484 MS: 1 EraseBytes-
#35078848	REDUCE cov: 117 ft: 360 corp: 131/122Kb lim: 65536 exec/s: 85349 rss: 549Mb L: 697/28484 MS: 1 EraseBytes-
#35151113	REDUCE cov: 117 ft: 360 corp: 131/122Kb lim: 65536 exec/s: 85318 rss: 549Mb L: 476/28484 MS: 5 InsertRepeatedBytes-CrossOver-ChangeBit-CMP-EraseBytes- DE: "\005\000\000\000\000\000\000\000"-
#35158514	REDUCE cov: 117 ft: 360 corp: 131/122Kb lim: 65536 exec/s: 85336 rss: 549Mb L: 474/28484 MS: 1 EraseBytes-
#35212850	REDUCE cov: 117 ft: 360 corp: 131/122Kb lim: 65536 exec/s: 85261 rss: 549Mb L: 472/28484 MS: 1 EraseBytes-
#35401089	REDUCE cov: 117 ft: 360 corp: 131/122Kb lim: 65536 exec/s: 85303 rss: 549Mb L: 661/28484 MS: 4 ChangeByte-ShuffleBytes-InsertByte-EraseBytes-
#35664275	REDUCE cov: 117 ft: 360 corp: 131/122Kb lim: 65536 exec/s: 85321 rss: 549Mb L: 956/28484 MS: 1 EraseBytes-
#35790041	REDUCE cov: 117 ft: 360 corp: 131/122Kb lim: 65536 exec/s: 85417 rss: 549Mb L: 471/28484 MS: 1 EraseBytes-
#35864127	REDUCE cov: 117 ft: 360 corp: 131/122Kb lim: 65536 exec/s: 85390 rss: 549Mb L: 689/28484 MS: 1 EraseBytes-
#35991334	REDUCE cov: 117 ft: 360 corp: 131/122Kb lim: 65536 exec/s: 85287 rss: 549Mb L: 774/28484 MS: 2 ChangeASCIIInt-EraseBytes-
#36017181	REDUCE cov: 117 ft: 360 corp: 131/122Kb lim: 65536 exec/s: 85348 rss: 549Mb L: 679/28484 MS: 2 ChangeASCIIInt-EraseBytes-
#36033474	REDUCE cov: 117 ft: 360 corp: 131/122Kb lim: 65536 exec/s: 85387 rss: 549Mb L: 649/28484 MS: 3 ShuffleBytes-ChangeBinInt-EraseBytes-
#36123435	REDUCE cov: 117 ft: 360 corp: 131/122Kb lim: 65536 exec/s: 85398 rss: 549Mb L: 459/28484 MS: 1 EraseBytes-
#36123701	REDUCE cov: 117 ft: 360 corp: 131/122Kb lim: 65536 exec/s: 85398 rss: 549Mb L: 908/28484 MS: 1 EraseBytes-
#36216568	REDUCE cov: 117 ft: 360 corp: 131/122Kb lim: 65536 exec/s: 85416 rss: 549Mb L: 337/28484 MS: 2 ChangeASCIIInt-EraseBytes-
#36221529	REDUCE cov: 117 ft: 360 corp: 131/122Kb lim: 65536 exec/s: 85428 rss: 549Mb L: 512/28484 MS: 1 EraseBytes-
#36235455	REDUCE cov: 117 ft: 360 corp: 131/122Kb lim: 65536 exec/s: 85259 rss: 549Mb L: 667/28484 MS: 1 EraseBytes-
#36261561	REDUCE cov: 117 ft: 360 corp: 131/122Kb lim: 65536 exec/s: 85321 rss: 549Mb L: 831/28484 MS: 1 EraseBytes-
#36295042	REDUCE cov: 117 ft: 360 corp: 131/122Kb lim: 65536 exec/s: 85400 rss: 549Mb L: 340/28484 MS: 1 EraseBytes-
#36379709	REDUCE cov: 117 ft: 360 corp: 131/122Kb lim: 65536 exec/s: 85398 rss: 549Mb L: 333/28484 MS: 2 PersAutoDict-EraseBytes- DE: "COMPUTATIONAL_PARAMETER"-
#36424101	REDUCE cov: 117 ft: 360 corp: 131/122Kb lim: 65536 exec/s: 85302 rss: 549Mb L: 331/28484 MS: 2 InsertByte-EraseBytes-
#36435677	REDUCE cov: 117 ft: 360 corp: 131/122Kb lim: 65536 exec/s: 85329 rss: 549Mb L: 168/28484 MS: 1 EraseBytes-
#36505713	REDUCE cov: 117 ft: 360 corp: 131/122Kb lim: 65536 exec/s: 85293 rss: 549Mb L: 328/28484 MS: 1 EraseBytes-
#36686169	REDUCE cov: 117 ft: 360 corp: 131/122Kb lim: 65536 exec/s: 85316 rss: 549Mb L: 757/28484 MS: 1 EraseBytes-
#37111835	REDUCE cov: 117 ft: 360 corp: 131/122Kb lim: 65536 exec/s: 85314 rss: 549Mb L: 500/28484 MS: 1 EraseBytes-
#37126806	REDUCE cov: 117 ft: 360 corp: 131/122Kb lim: 65536 exec/s: 85348 rss: 549Mb L: 590/28484 MS: 1 EraseBytes-
#37502222	REDUCE cov: 117 ft: 360 corp: 131/122Kb lim: 65536 exec/s: 85232 rss: 549Mb L: 580/28484 MS: 1 EraseBytes-
#37653443	REDUCE cov: 117 ft: 360 corp: 131/122Kb lim: 65536 exec/s: 85381 rss: 549Mb L: 532/28484 MS: 1 EraseBytes-
#37897239	REDUCE cov: 117 ft: 360 corp: 131/122Kb lim: 65536 exec/s: 85354 rss: 550Mb L: 372/28484 MS: 1 EraseBytes-
#38230055	REDUCE cov: 117 ft: 360 corp: 131/122Kb lim: 65536 exec/s: 85334 rss: 550Mb L: 497/28484 MS: 1 EraseBytes-
#38350727	REDUCE cov: 117 ft: 360 corp: 131/122Kb lim: 65536 exec/s: 85223 rss: 550Mb L: 568/28484 MS: 2 ChangeASCIIInt-EraseBytes-
#38683123	REDUCE cov: 117 ft: 360 corp: 131/122Kb lim: 65536 exec/s: 85205 rss: 550Mb L: 534/28484 MS: 1 EraseBytes-
#38827674	REDUCE cov: 117 ft: 360 corp: 131/122Kb lim: 65536 exec/s: 85335 rss: 550Mb L: 650/28484 MS: 1 EraseBytes-
#38914143	REDUCE cov: 117 ft: 360 corp: 131/122Kb lim: 65536 exec/s: 85338 rss: 550Mb L: 626/28484 MS: 4 ChangeBinInt-ChangeBinInt-ChangeBinInt-EraseBytes-
#39014122	REDUCE cov: 117 ft: 360 corp: 131/122Kb lim: 65536 exec/s: 85370 rss: 550Mb L: 184/28484 MS: 4 ChangeBinInt-ChangeByte-ChangeBit-EraseBytes-
#39087384	REDUCE cov: 117 ft: 360 corp: 131/122Kb lim: 65536 exec/s: 85343 rss: 550Mb L: 172/28484 MS: 2 ShuffleBytes-EraseBytes-
#39339809	REDUCE cov: 117 ft: 360 corp: 131/120Kb lim: 65536 exec/s: 85335 rss: 550Mb L: 12066/28484 MS: 5 ChangeBit-ShuffleBytes-EraseBytes-CopyPart-CMP- DE: "\001\000"-
#39362538	REDUCE cov: 117 ft: 360 corp: 131/117Kb lim: 65536 exec/s: 85385 rss: 550Mb L: 9066/28484 MS: 4 ChangeBit-InsertRepeatedBytes-CMP-EraseBytes- DE: "\000\000\000\000\000\000\000\010"-
#39362828	REDUCE cov: 117 ft: 360 corp: 131/117Kb lim: 65536 exec/s: 85385 rss: 550Mb L: 9013/28484 MS: 5 ShuffleBytes-CrossOver-CrossOver-ChangeBinInt-EraseBytes-
#39367641	REDUCE cov: 117 ft: 360 corp: 131/116Kb lim: 65536 exec/s: 85396 rss: 550Mb L: 8477/28484 MS: 3 ChangeByte-PersAutoDict-EraseBytes- DE: "$INCLUDE"-
#39405461	REDUCE cov: 117 ft: 360 corp: 131/116Kb lim: 65536 exec/s: 85293 rss: 550Mb L: 8469/28484 MS: 5 ChangeASCIIInt-PersAutoDict-ChangeASCIIInt-ChangeBinInt-EraseBytes- DE: "CHISQ_DOF"-
#39425461	REDUCE cov: 117 ft: 360 corp: 131/112Kb lim: 65536 exec/s: 85336 rss: 550Mb L: 4242/28484 MS: 5 ChangeBinInt-ChangeByte-CMP-ChangeBinInt-EraseBytes- DE: "\016\000"-
#39451662	REDUCE cov: 117 ft: 360 corp: 131/112Kb lim: 65536 exec/s: 85393 rss: 550Mb L: 4041/28484 MS: 1 EraseBytes-
#39476398	REDUCE cov: 117 ft: 360 corp: 131/111Kb lim: 65536 exec/s: 85262 rss: 550Mb L: 2769/28484 MS: 1 EraseBytes-
#39491386	REDUCE cov: 117 ft: 360 corp: 131/111Kb lim: 65536 exec/s: 85294 rss: 550Mb L: 2649/28484 MS: 3 CMP-ChangeByte-EraseBytes- DE: "NNNN"-
#39497937	REDUCE cov: 117 ft: 360 corp: 131/111Kb lim: 65536 exec/s: 85308 rss: 550Mb L: 614/28484 MS: 1 EraseBytes-
#39533530	REDUCE cov: 117 ft: 360 corp: 131/110Kb lim: 65536 exec/s: 85385 rss: 550Mb L: 2482/28484 MS: 3 ChangeBinInt-ChangeASCIIInt-EraseBytes-
#39538959	REDUCE cov: 117 ft: 360 corp: 131/110Kb lim: 65536 exec/s: 85397 rss: 550Mb L: 1695/28484 MS: 4 ManualDict-ChangeBinInt-InsertByte-EraseBytes- DE: "US"-
#39570815	REDUCE cov: 117 ft: 360 corp: 131/110Kb lim: 65536 exec/s: 85281 rss: 550Mb L: 602/28484 MS: 1 EraseBytes-
#39586211	REDUCE cov: 117 ft: 360 corp: 131/109Kb lim: 65536 exec/s: 85315 rss: 550Mb L: 1357/28484 MS: 1 EraseBytes-
#39621647	REDUCE cov: 117 ft: 360 corp: 131/109Kb lim: 65536 exec/s: 85391 rss: 550Mb L: 757/28484 MS: 1 EraseBytes-
#39622371	REDUCE cov: 117 ft: 360 corp: 131/109Kb lim: 65536 exec/s: 85393 rss: 550Mb L: 596/28484 MS: 4 ManualDict-ChangeByte-ChangeByte-EraseBytes- DE: "LUT_3D_SIZE"-
#39703987	REDUCE cov: 117 ft: 360 corp: 131/109Kb lim: 65536 exec/s: 85384 rss: 550Mb L: 360/28484 MS: 1 EraseBytes-
#39749107	REDUCE cov: 117 ft: 360 corp: 131/109Kb lim: 65536 exec/s: 85298 rss: 550Mb L: 578/28484 MS: 5 ChangeBinInt-ChangeBit-ChangeASCIIInt-ManualDict-EraseBytes- DE: "RGB_R"-
#39827738	REDUCE cov: 117 ft: 360 corp: 131/109Kb lim: 65536 exec/s: 85284 rss: 550Mb L: 578/28484 MS: 1 EraseBytes-
#39868284	REDUCE cov: 117 ft: 360 corp: 131/109Kb lim: 65536 exec/s: 85371 rss: 550Mb L: 144/28484 MS: 1 EraseBytes-
#39889660	REDUCE cov: 117 ft: 360 corp: 131/109Kb lim: 65536 exec/s: 85416 rss: 550Mb L: 410/28484 MS: 1 EraseBytes-
#40015542	REDUCE cov: 117 ft: 360 corp: 131/109Kb lim: 65536 exec/s: 85320 rss: 550Mb L: 516/28484 MS: 2 InsertByte-EraseBytes-
#40063399	REDUCE cov: 117 ft: 360 corp: 131/109Kb lim: 65536 exec/s: 85423 rss: 550Mb L: 655/28484 MS: 2 ChangeBinInt-EraseBytes-
#40096185	REDUCE cov: 117 ft: 360 corp: 131/109Kb lim: 65536 exec/s: 85311 rss: 550Mb L: 505/28484 MS: 1 EraseBytes-
#40521839	REDUCE cov: 117 ft: 360 corp: 131/108Kb lim: 65536 exec/s: 85309 rss: 550Mb L: 508/28484 MS: 4 ChangeByte-ChangeByte-ChangeBinInt-EraseBytes-
#40545455	REDUCE cov: 117 ft: 360 corp: 131/108Kb lim: 65536 exec/s: 85358 rss: 550Mb L: 492/28484 MS: 1 EraseBytes-
#40686878	REDUCE cov: 117 ft: 360 corp: 131/108Kb lim: 65536 exec/s: 85476 rss: 551Mb L: 482/28484 MS: 3 CopyPart-InsertRepeatedBytes-EraseBytes-
#40688132	REDUCE cov: 117 ft: 360 corp: 131/108Kb lim: 65536 exec/s: 85479 rss: 551Mb L: 466/28484 MS: 4 CMP-InsertByte-ChangeBit-EraseBytes- DE: "brts"-
#40738603	REDUCE cov: 117 ft: 360 corp: 131/108Kb lim: 65536 exec/s: 85405 rss: 551Mb L: 566/28484 MS: 1 EraseBytes-
#41065689	REDUCE cov: 117 ft: 360 corp: 131/108Kb lim: 65536 exec/s: 85375 rss: 551Mb L: 637/28484 MS: 1 EraseBytes-
#41100582	REDUCE cov: 117 ft: 360 corp: 131/108Kb lim: 65536 exec/s: 85448 rss: 551Mb L: 894/28484 MS: 3 EraseBytes-ChangeASCIIInt-CopyPart-
#41111421	REDUCE cov: 117 ft: 360 corp: 131/108Kb lim: 65536 exec/s: 85470 rss: 551Mb L: 320/28484 MS: 4 CopyPart-ChangeASCIIInt-ChangeBit-EraseBytes-
#41147375	REDUCE cov: 117 ft: 360 corp: 131/108Kb lim: 65536 exec/s: 85367 rss: 551Mb L: 456/28484 MS: 4 InsertByte-CrossOver-ChangeByte-EraseBytes-
#41203046	REDUCE cov: 117 ft: 360 corp: 131/108Kb lim: 65536 exec/s: 85483 rss: 551Mb L: 505/28484 MS: 1 EraseBytes-
#41322249	REDUCE cov: 117 ft: 360 corp: 131/108Kb lim: 65536 exec/s: 85376 rss: 551Mb L: 497/28484 MS: 3 PersAutoDict-InsertRepeatedBytes-EraseBytes- DE: "D_BLUE"-
#41339810	REDUCE cov: 117 ft: 360 corp: 131/108Kb lim: 65536 exec/s: 85412 rss: 551Mb L: 160/28484 MS: 1 EraseBytes-
#41373621	REDUCE cov: 117 ft: 360 corp: 131/108Kb lim: 65536 exec/s: 85482 rss: 551Mb L: 451/28484 MS: 1 EraseBytes-
#41385187	REDUCE cov: 117 ft: 360 corp: 131/108Kb lim: 65536 exec/s: 85506 rss: 551Mb L: 449/28484 MS: 1 EraseBytes-
#41466515	REDUCE cov: 117 ft: 360 corp: 131/108Kb lim: 65536 exec/s: 85497 rss: 551Mb L: 508/28484 MS: 3 ChangeByte-CrossOver-EraseBytes-
#41554672	REDUCE cov: 117 ft: 360 corp: 131/108Kb lim: 65536 exec/s: 85503 rss: 551Mb L: 819/28484 MS: 2 ChangeASCIIInt-EraseBytes-
#41773496	REDUCE cov: 117 ft: 360 corp: 131/108Kb lim: 65536 exec/s: 85426 rss: 551Mb L: 491/28484 MS: 4 ShuffleBytes-ManualDict-PersAutoDict-EraseBytes- DE: "Invalid hexadecimal number"-"{4 index 5 get div 2 index 5 get mul "-
#42001247	REDUCE cov: 117 ft: 360 corp: 131/108Kb lim: 65536 exec/s: 85542 rss: 551Mb L: 476/28484 MS: 1 EraseBytes-
#42208668	REDUCE cov: 117 ft: 360 corp: 131/108Kb lim: 65536 exec/s: 85442 rss: 551Mb L: 554/28484 MS: 1 EraseBytes-
#42465001	REDUCE cov: 117 ft: 360 corp: 131/108Kb lim: 65536 exec/s: 85442 rss: 551Mb L: 479/28484 MS: 3 ShuffleBytes-ManualDict-EraseBytes- DE: "Too many recursion levels"-
#42580302	REDUCE cov: 117 ft: 360 corp: 131/108Kb lim: 65536 exec/s: 85502 rss: 551Mb L: 476/28484 MS: 1 EraseBytes-
#42605668	REDUCE cov: 117 ft: 360 corp: 131/108Kb lim: 65536 exec/s: 85382 rss: 551Mb L: 532/28484 MS: 1 EraseBytes-
#42674546	REDUCE cov: 117 ft: 360 corp: 131/108Kb lim: 65536 exec/s: 85520 rss: 551Mb L: 443/28484 MS: 3 EraseBytes-ShuffleBytes-ManualDict- DE: "Too few data; probably corrupted profile"-
#42686759	REDUCE cov: 117 ft: 360 corp: 131/108Kb lim: 65536 exec/s: 85373 rss: 551Mb L: 440/28484 MS: 3 InsertRepeatedBytes-ChangeBinInt-EraseBytes-
#42780075	REDUCE cov: 117 ft: 360 corp: 131/108Kb lim: 65536 exec/s: 85389 rss: 551Mb L: 542/28484 MS: 1 EraseBytes-
#42861491	REDUCE cov: 117 ft: 360 corp: 131/108Kb lim: 65536 exec/s: 85381 rss: 551Mb L: 901/28484 MS: 1 EraseBytes-
#42871327	REDUCE cov: 117 ft: 360 corp: 131/108Kb lim: 65536 exec/s: 85401 rss: 551Mb L: 314/28484 MS: 1 EraseBytes-
#42907838	REDUCE cov: 117 ft: 360 corp: 131/108Kb lim: 65536 exec/s: 85473 rss: 551Mb L: 456/28484 MS: 1 EraseBytes-
#43318209	REDUCE cov: 117 ft: 360 corp: 131/108Kb lim: 65536 exec/s: 85440 rss: 551Mb L: 228/28484 MS: 1 EraseBytes-
#43338200	REDUCE cov: 117 ft: 360 corp: 131/108Kb lim: 65536 exec/s: 85479 rss: 551Mb L: 858/28484 MS: 1 EraseBytes-
#43506426	REDUCE cov: 117 ft: 360 corp: 131/108Kb lim: 65536 exec/s: 85474 rss: 551Mb L: 807/28484 MS: 1 EraseBytes-
#43543288	REDUCE cov: 117 ft: 360 corp: 131/107Kb lim: 65536 exec/s: 85378 rss: 551Mb L: 1888/28484 MS: 2 CrossOver-EraseBytes-
#43557120	REDUCE cov: 117 ft: 360 corp: 131/107Kb lim: 65536 exec/s: 85406 rss: 551Mb L: 544/28484 MS: 2 ChangeBinInt-EraseBytes-
#43584619	REDUCE cov: 117 ft: 360 corp: 131/106Kb lim: 65536 exec/s: 85460 rss: 551Mb L: 1217/28484 MS: 4 ChangeBit-CopyPart-CrossOver-EraseBytes-
#43644253	REDUCE cov: 117 ft: 360 corp: 131/106Kb lim: 65536 exec/s: 85409 rss: 551Mb L: 1017/28484 MS: 4 InsertByte-InsertRepeatedBytes-PersAutoDict-EraseBytes- DE: "\012\000\000\000\000\000\000\000"-
#43752117	REDUCE cov: 117 ft: 360 corp: 131/106Kb lim: 65536 exec/s: 85453 rss: 551Mb L: 870/28484 MS: 4 CopyPart-ManualDict-ChangeBit-EraseBytes- DE: "   >>"-
#43829311	REDUCE cov: 117 ft: 360 corp: 131/106Kb lim: 65536 exec/s: 85437 rss: 551Mb L: 459/28484 MS: 4 EraseBytes-InsertRepeatedBytes-ChangeBinInt-CopyPart-
#43876502	REDUCE cov: 117 ft: 360 corp: 131/106Kb lim: 65536 exec/s: 85362 rss: 551Mb L: 846/28484 MS: 1 EraseBytes-
#43901483	REDUCE cov: 117 ft: 360 corp: 131/106Kb lim: 65536 exec/s: 85411 rss: 551Mb L: 578/28484 MS: 1 EraseBytes-
#43961306	REDUCE cov: 117 ft: 360 corp: 131/105Kb lim: 65536 exec/s: 85361 rss: 551Mb L: 572/28484 MS: 3 ManualDict-EraseBytes-CopyPart- DE: "SPECTRAL_PCT"-
#44022317	REDUCE cov: 117 ft: 360 corp: 131/105Kb lim: 65536 exec/s: 85480 rss: 551Mb L: 473/28484 MS: 1 EraseBytes-
#44294378	REDUCE cov: 117 ft: 360 corp: 131/105Kb lim: 65536 exec/s: 85345 rss: 552Mb L: 541/28484 MS: 1 EraseBytes-
#44395359	REDUCE cov: 117 ft: 360 corp: 131/105Kb lim: 65536 exec/s: 85375 rss: 552Mb L: 537/28484 MS: 1 EraseBytes-
#44462416	REDUCE cov: 117 ft: 360 corp: 131/105Kb lim: 65536 exec/s: 85340 rss: 552Mb L: 889/28484 MS: 2 ChangeASCIIInt-EraseBytes-
#45013644	REDUCE cov: 117 ft: 360 corp: 131/105Kb lim: 65536 exec/s: 85414 rss: 552Mb L: 770/28484 MS: 3 ShuffleBytes-ChangeByte-EraseBytes-
#45169565	REDUCE cov: 117 ft: 360 corp: 131/105Kb lim: 65536 exec/s: 85386 rss: 552Mb L: 396/28484 MS: 1 EraseBytes-
#45561351	REDUCE cov: 117 ft: 360 corp: 131/105Kb lim: 65536 exec/s: 85480 rss: 552Mb L: 536/28484 MS: 1 EraseBytes-
#45847791	REDUCE cov: 117 ft: 360 corp: 131/105Kb lim: 65536 exec/s: 85536 rss: 552Mb L: 834/28484 MS: 5 ShuffleBytes-ChangeByte-ChangeASCIIInt-InsertByte-EraseBytes-
#46127877	REDUCE cov: 117 ft: 360 corp: 131/105Kb lim: 65536 exec/s: 85421 rss: 552Mb L: 746/28484 MS: 1 EraseBytes-
#46189964	REDUCE cov: 117 ft: 360 corp: 131/105Kb lim: 65536 exec/s: 85536 rss: 552Mb L: 312/28484 MS: 2 ChangeByte-EraseBytes-
#46583046	REDUCE cov: 117 ft: 360 corp: 131/105Kb lim: 65536 exec/s: 85473 rss: 552Mb L: 395/28484 MS: 2 EraseBytes-CopyPart-
#46590837	REDUCE cov: 117 ft: 360 corp: 131/105Kb lim: 65536 exec/s: 85487 rss: 552Mb L: 348/28484 MS: 1 EraseBytes-
#46736950	REDUCE cov: 117 ft: 360 corp: 131/105Kb lim: 65536 exec/s: 85442 rss: 552Mb L: 157/28484 MS: 3 ChangeASCIIInt-ChangeByte-EraseBytes-
#46818706	REDUCE cov: 117 ft: 360 corp: 131/105Kb lim: 65536 exec/s: 85435 rss: 552Mb L: 822/28484 MS: 1 EraseBytes-
#46913772	REDUCE cov: 117 ft: 360 corp: 131/105Kb lim: 65536 exec/s: 85453 rss: 552Mb L: 636/28484 MS: 1 EraseBytes-
#46917823	REDUCE cov: 117 ft: 360 corp: 131/105Kb lim: 65536 exec/s: 85460 rss: 552Mb L: 650/28484 MS: 1 EraseBytes-
#47128222	REDUCE cov: 117 ft: 360 corp: 131/105Kb lim: 65536 exec/s: 85377 rss: 552Mb L: 734/28484 MS: 4 EraseBytes-ManualDict-ChangeBit-CopyPart- DE: "STDEV_Z"-
#47274731	REDUCE cov: 117 ft: 360 corp: 131/105Kb lim: 65536 exec/s: 85487 rss: 552Mb L: 394/28484 MS: 4 PersAutoDict-InsertRepeatedBytes-EraseBytes-CrossOver- DE: "#0"-
#47433627	REDUCE cov: 117 ft: 360 corp: 131/105Kb lim: 65536 exec/s: 85465 rss: 552Mb L: 532/28484 MS: 1 EraseBytes-
#47618423	REDUCE cov: 117 ft: 360 corp: 131/105Kb lim: 65536 exec/s: 85490 rss: 552Mb L: 540/28484 MS: 1 EraseBytes-
#47835939	REDUCE cov: 117 ft: 360 corp: 131/105Kb lim: 65536 exec/s: 85421 rss: 552Mb L: 477/28484 MS: 1 EraseBytes-
#47847300	REDUCE cov: 117 ft: 360 corp: 131/105Kb lim: 65536 exec/s: 85441 rss: 552Mb L: 392/28484 MS: 1 EraseBytes-
#47943016	REDUCE cov: 117 ft: 360 corp: 131/105Kb lim: 65536 exec/s: 85459 rss: 552Mb L: 469/28484 MS: 1 EraseBytes-
#47946613	REDUCE cov: 117 ft: 360 corp: 131/105Kb lim: 65536 exec/s: 85466 rss: 552Mb L: 532/28484 MS: 2 CopyPart-EraseBytes-
#48199525	REDUCE cov: 117 ft: 360 corp: 131/105Kb lim: 65536 exec/s: 85460 rss: 552Mb L: 624/28484 MS: 2 ChangeByte-EraseBytes-
#48444358	REDUCE cov: 117 ft: 360 corp: 131/105Kb lim: 65536 exec/s: 85439 rss: 552Mb L: 388/28484 MS: 3 CopyPart-PersAutoDict-EraseBytes- DE: "length 1 sub "-
#48458937	REDUCE cov: 117 ft: 360 corp: 131/105Kb lim: 65536 exec/s: 85465 rss: 552Mb L: 337/28484 MS: 4 ShuffleBytes-ChangeByte-CMP-EraseBytes- DE: "\020\000"-
#48467998	REDUCE cov: 117 ft: 360 corp: 131/105Kb lim: 65536 exec/s: 85481 rss: 552Mb L: 336/28484 MS: 1 EraseBytes-
#48616777	REDUCE cov: 117 ft: 360 corp: 131/105Kb lim: 65536 exec/s: 85442 rss: 552Mb L: 333/28484 MS: 4 ChangeBinInt-ChangeBit-ChangeByte-EraseBytes-
#48642616	REDUCE cov: 117 ft: 360 corp: 131/105Kb lim: 65536 exec/s: 85487 rss: 552Mb L: 321/28484 MS: 4 ChangeBit-CrossOver-CMP-EraseBytes- DE: "\265\001\000\000"-
#48801682	REDUCE cov: 117 ft: 360 corp: 131/105Kb lim: 65536 exec/s: 85467 rss: 552Mb L: 456/28484 MS: 1 EraseBytes-
#48856053	REDUCE cov: 117 ft: 360 corp: 131/105Kb lim: 65536 exec/s: 85412 rss: 552Mb L: 316/28484 MS: 1 EraseBytes-
#48927159	REDUCE cov: 117 ft: 361 corp: 132/106Kb lim: 65536 exec/s: 85536 rss: 552Mb L: 1060/28484 MS: 1 CopyPart-
#49343286	REDUCE cov: 117 ft: 361 corp: 132/106Kb lim: 65536 exec/s: 85516 rss: 552Mb L: 1059/28484 MS: 2 ChangeBinInt-EraseBytes-
#49450874	REDUCE cov: 117 ft: 361 corp: 132/106Kb lim: 65536 exec/s: 85555 rss: 552Mb L: 619/28484 MS: 3 ShuffleBytes-ChangeBit-EraseBytes-
#49602540	REDUCE cov: 117 ft: 361 corp: 132/106Kb lim: 65536 exec/s: 85521 rss: 552Mb L: 607/28484 MS: 1 EraseBytes-
#49931741	REDUCE cov: 117 ft: 361 corp: 132/106Kb lim: 65536 exec/s: 85499 rss: 552Mb L: 722/28484 MS: 1 EraseBytes-
#49999707	REDUCE cov: 117 ft: 361 corp: 132/106Kb lim: 65536 exec/s: 85469 rss: 552Mb L: 574/28484 MS: 1 EraseBytes-
#50264483	REDUCE cov: 117 ft: 361 corp: 132/106Kb lim: 65536 exec/s: 85483 rss: 552Mb L: 336/28484 MS: 1 EraseBytes-
#50419195	REDUCE cov: 117 ft: 361 corp: 132/106Kb lim: 65536 exec/s: 85601 rss: 552Mb L: 534/28484 MS: 2 CMP-EraseBytes- DE: "\011\000\000\000\000\000\000\000"-
#50430775	REDUCE cov: 117 ft: 361 corp: 132/106Kb lim: 65536 exec/s: 85475 rss: 552Mb L: 302/28484 MS: 5 ShuffleBytes-ManualDict-ShuffleBytes-EraseBytes-ChangeBinInt- DE: "3 -1 roll "-
#50465816	REDUCE cov: 117 ft: 361 corp: 132/106Kb lim: 65536 exec/s: 85535 rss: 552Mb L: 156/28484 MS: 1 EraseBytes-
#50558309	REDUCE cov: 117 ft: 361 corp: 132/106Kb lim: 65536 exec/s: 85547 rss: 552Mb L: 501/28484 MS: 3 EraseBytes-CMP-CopyPart- DE: "\327\001\000\000"-
#50851832	REDUCE cov: 117 ft: 361 corp: 132/106Kb lim: 65536 exec/s: 85609 rss: 552Mb L: 293/28484 MS: 3 ChangeBit-ManualDict-EraseBytes- DE: "BCHS built-in"-
#50862270	REDUCE cov: 117 ft: 361 corp: 132/106Kb lim: 65536 exec/s: 85482 rss: 552Mb L: 254/28484 MS: 3 ChangeASCIIInt-ChangeByte-EraseBytes-
#50903121	REDUCE cov: 117 ft: 361 corp: 132/106Kb lim: 65536 exec/s: 85551 rss: 552Mb L: 222/28484 MS: 5 CopyPart-ChangeBinInt-ChangeByte-ChangeBinInt-EraseBytes-
#50962965	REDUCE cov: 117 ft: 361 corp: 132/106Kb lim: 65536 exec/s: 85508 rss: 552Mb L: 795/28484 MS: 4 ChangeByte-ChangeBit-ChangeBit-EraseBytes-
#50970040	REDUCE cov: 117 ft: 361 corp: 132/106Kb lim: 65536 exec/s: 85520 rss: 552Mb L: 475/28484 MS: 5 CopyPart-EraseBytes-ManualDict-ShuffleBytes-CrossOver- DE: "Bad dictionary Name/Value"-
#50972171	REDUCE cov: 117 ft: 361 corp: 132/106Kb lim: 65536 exec/s: 85523 rss: 552Mb L: 465/28484 MS: 1 EraseBytes-
#51062929	REDUCE cov: 117 ft: 361 corp: 132/106Kb lim: 65536 exec/s: 85532 rss: 552Mb L: 1035/28484 MS: 1 EraseBytes-
#51079910	REDUCE cov: 117 ft: 361 corp: 132/106Kb lim: 65536 exec/s: 85560 rss: 552Mb L: 324/28484 MS: 1 EraseBytes-
#51207431	REDUCE cov: 117 ft: 361 corp: 132/106Kb lim: 65536 exec/s: 85488 rss: 552Mb L: 462/28484 MS: 1 EraseBytes-
#51242989	REDUCE cov: 117 ft: 361 corp: 132/106Kb lim: 65536 exec/s: 85547 rss: 552Mb L: 458/28484 MS: 3 ChangeByte-CrossOver-EraseBytes-
#51373104	DONE   cov: 117 ft: 361 corp: 132/106Kb lim: 65536 exec/s: 85479 rss: 552Mb
###### Recommended dictionary. ######
"\364\011\000\000" # Uses: 22956
"\001\000\000\000\000\000\000\012" # Uses: 22872
"\003\024" # Uses: 22902
"ZYXg" # Uses: 22820
"\000\000\000\000\000\000U\333" # Uses: 22934
"\004\000\000\000\000\000\000\000" # Uses: 22849
"\001\000\000\017" # Uses: 22776
"gXYZ" # Uses: 22759
"\015\000\000\000" # Uses: 23235
"hN@c" # Uses: 22924
"\001\000\000\000\000\000\000\010" # Uses: 23026
"\001\000\000\000\000\000\000v" # Uses: 22825
"\000\000\000\000\000\000\000\327" # Uses: 22970
"\370\000\000\000" # Uses: 22895
"rXYZ" # Uses: 22886
"\002\000\000\000\000\000\000\000" # Uses: 22842
"\000\000\000\000\000\000\001\377" # Uses: 22770
"\000\000\000\000\000\000\000\003" # Uses: 22789
"\001\000\000\000\000\000\000\020" # Uses: 22963
"A2A0" # Uses: 22655
"\000\000\000\000\000\000\000\017" # Uses: 22763
"\001\000\000\305" # Uses: 22548
"\001\000\000#" # Uses: 23083
"Wy\000l" # Uses: 23020
"\021\000\000\000\000\000\000\000" # Uses: 22722
"\001\000\000\000\000\000\000\017" # Uses: 22865
"kumi" # Uses: 22816
"\276\002\000\000" # Uses: 22846
"\001\000\000\000\000\000\000\011" # Uses: 22784
"\000\000\000\000\000\000\000\023" # Uses: 22625
"\235\001\000\000" # Uses: 22624
"\377\377\377\377\377\377\377\377" # Uses: 22527
"\000\000\000\000\000\000\000\033" # Uses: 22912
"dahc" # Uses: 22658
"\012\000\000\000\000\000\000\000" # Uses: 22715
"\006\322PL" # Uses: 22777
"link" # Uses: 22781
"\003\360" # Uses: 22559
" \002\000\000\000\000\000\000" # Uses: 22914
"nmcl" # Uses: 22736
"!\000\000\000" # Uses: 22434
"B2A2" # Uses: 22397
"1A2B" # Uses: 22511
"\001\000\000\000\000\000\002\336" # Uses: 22473
"\377\377\377\377\377\377\000_" # Uses: 22532
"\377\377" # Uses: 22588
"\001\000\000\000\000\000\010\325" # Uses: 22227
"r\002" # Uses: 22388
"P\004\000\000\000\000\000\000" # Uses: 22286
"\000\000\000\000\000\000\004\266" # Uses: 22423
"j\000\000\000\000\000\000\000" # Uses: 22446
"\036\002" # Uses: 22125
"psid" # Uses: 22348
"\377\377\377\377\377\377\377\025" # Uses: 22287
"\001\000\000\254" # Uses: 22034
"\000\000\000\000\000\000\000\223" # Uses: 22221
"\017\001\000\000\000\000\000\000" # Uses: 22361
"\007\000\000\000\000\000\000\000" # Uses: 22309
"+\000" # Uses: 22222
"\001\361" # Uses: 21821
"\000\000\000\000\000\000\003\023" # Uses: 21630
"\335URC" # Uses: 21577
" \000\000\000" # Uses: 21549
"2D2B" # Uses: 21744
"\001\000\000\000\000\000\001\221" # Uses: 20586
"`es\220" # Uses: 20246
"\376\377\377\377" # Uses: 20475
"\001\000\000\000\000\000\002\264" # Uses: 19952
"\032\001\000\000\000\000\000\000" # Uses: 19352
"\000\000\000\000\000\000\001\306" # Uses: 18807
"\016\000" # Uses: 18328
"\002\017" # Uses: 18360
"\377\377\377/" # Uses: 18042
"\031\002\000\000\000\000\000\000" # Uses: 17534
"\260\001\000\000\000\000\000\000" # Uses: 16995
"T\000\000\000" # Uses: 16645
"ahcx" # Uses: 15748
"\377\377\377\377\377\377\003\323" # Uses: 15699
"\377\377\377\377\377\377\001\341" # Uses: 14788
"\000\000\000\000\000\000\002\334" # Uses: 14909
"\001\000\000\000\000\000\002\271" # Uses: 14113
"\001\000\000\000\000\000\000\002" # Uses: 13783
"\000\000\000\016" # Uses: 12742
"\003\000" # Uses: 12089
"\377\377\377\377\377\377\377\016" # Uses: 9919
"\005\000\000\000\000\000\000\000" # Uses: 6625
"\001\000" # Uses: 4854
"\000\000\000\000\000\000\000\010" # Uses: 4812
"NNNN" # Uses: 4886
"brts" # Uses: 4336
"\020\000" # Uses: 1208
"\265\001\000\000" # Uses: 1140
"\011\000\000\000\000\000\000\000" # Uses: 373
"\327\001\000\000" # Uses: 341
###### End of recommended dictionary. ######
Done 51373104 runs in 601 second(s)
stat::number_of_executed_units: 51373104
stat::average_exec_per_sec:     85479
stat::new_units_added:          1802
stat::slowest_unit_time_sec:    0
stat::peak_rss_mb:              552
