Dictionary: 52 entries
INFO: Running with entropic power schedule (0xFF, 100).
INFO: Seed: 2233663059
INFO: Loaded 1 modules   (1814 inline 8-bit counters): 1814 [0xaaaab6baae78, 0xaaaab6bab58e), 
INFO: Loaded 1 PC tables (1814 PCs): 1814 [0xaaaab6bab590,0xaaaab6bb26f0), 
INFO:      261 files found in /b/runs/jansson__json_loadb/corpus
INFO: seed corpus: files: 261 min: 1b max: 1185b total: 11629b rss: 42Mb
#262	INITED cov: 333 ft: 571 corp: 99/1670b exec/s: 0 rss: 47Mb
#271	NEW    cov: 333 ft: 572 corp: 100/1684b lim: 64 exec/s: 0 rss: 47Mb L: 14/64 MS: 4 ChangeBit-CopyPart-ShuffleBytes-ChangeBit-
#283	NEW    cov: 336 ft: 585 corp: 101/1690b lim: 64 exec/s: 0 rss: 47Mb L: 6/64 MS: 2 ChangeASCIIInt-ShuffleBytes-
#317	NEW    cov: 338 ft: 587 corp: 102/1710b lim: 64 exec/s: 0 rss: 47Mb L: 20/64 MS: 4 ChangeBit-CopyPart-CrossOver-ChangeByte-
#322	NEW    cov: 338 ft: 588 corp: 103/1713b lim: 64 exec/s: 0 rss: 47Mb L: 3/64 MS: 5 ShuffleBytes-ChangeByte-ChangeByte-EraseBytes-CopyPart-
#329	NEW    cov: 339 ft: 589 corp: 104/1728b lim: 64 exec/s: 0 rss: 47Mb L: 15/64 MS: 2 CrossOver-CMP- DE: "\000:"-
#345	NEW    cov: 339 ft: 592 corp: 105/1756b lim: 64 exec/s: 0 rss: 47Mb L: 28/64 MS: 1 CMP- DE: "\001\000\000\000\000\000\000\000"-
#346	NEW    cov: 341 ft: 594 corp: 106/1758b lim: 64 exec/s: 0 rss: 47Mb L: 2/64 MS: 1 ChangeByte-
#362	REDUCE cov: 341 ft: 594 corp: 106/1747b lim: 64 exec/s: 0 rss: 47Mb L: 33/64 MS: 1 EraseBytes-
#393	NEW    cov: 342 ft: 595 corp: 107/1781b lim: 64 exec/s: 0 rss: 47Mb L: 34/64 MS: 1 InsertByte-
#467	REDUCE cov: 342 ft: 595 corp: 107/1780b lim: 64 exec/s: 0 rss: 47Mb L: 6/64 MS: 4 ChangeByte-ChangeByte-CopyPart-EraseBytes-
#474	NEW    cov: 342 ft: 596 corp: 108/1827b lim: 64 exec/s: 0 rss: 47Mb L: 47/64 MS: 2 ShuffleBytes-InsertRepeatedBytes-
#510	NEW    cov: 342 ft: 598 corp: 109/1842b lim: 64 exec/s: 0 rss: 47Mb L: 15/64 MS: 1 EraseBytes-
	NEW_FUNC[1/1]: 0xaaaab6b4db44 in json_real /b/jansson/src/value.c:923
#516	NEW    cov: 348 ft: 604 corp: 110/1846b lim: 64 exec/s: 0 rss: 48Mb L: 4/64 MS: 1 ShuffleBytes-
#532	REDUCE cov: 348 ft: 604 corp: 110/1841b lim: 64 exec/s: 0 rss: 48Mb L: 30/64 MS: 1 EraseBytes-
#550	NEW    cov: 348 ft: 609 corp: 111/1873b lim: 64 exec/s: 0 rss: 48Mb L: 32/64 MS: 3 ChangeBit-CrossOver-ManualDict- DE: "premature end of input"-
#560	REDUCE cov: 350 ft: 611 corp: 112/1885b lim: 64 exec/s: 0 rss: 48Mb L: 12/64 MS: 5 CopyPart-ChangeBinInt-EraseBytes-EraseBytes-CrossOver-
#568	NEW    cov: 351 ft: 613 corp: 113/1938b lim: 64 exec/s: 0 rss: 48Mb L: 53/64 MS: 3 ManualDict-PersAutoDict-CrossOver- DE: "Garbage after format string"-"\000:"-
#590	NEW    cov: 351 ft: 615 corp: 114/1953b lim: 64 exec/s: 0 rss: 48Mb L: 15/64 MS: 2 CrossOver-CopyPart-
#605	REDUCE cov: 351 ft: 615 corp: 114/1945b lim: 64 exec/s: 0 rss: 48Mb L: 25/64 MS: 5 InsertByte-ChangeASCIIInt-ManualDict-ChangeBinInt-EraseBytes- DE: "CryptReleaseContext"-
#612	REDUCE cov: 351 ft: 615 corp: 114/1932b lim: 64 exec/s: 0 rss: 48Mb L: 29/64 MS: 2 CMP-EraseBytes- DE: "\377\377\377\377\377\377\377\007"-
#620	NEW    cov: 355 ft: 645 corp: 115/1946b lim: 64 exec/s: 0 rss: 48Mb L: 14/64 MS: 3 EraseBytes-ChangeBit-InsertByte-
#635	NEW    cov: 355 ft: 646 corp: 116/1973b lim: 64 exec/s: 0 rss: 48Mb L: 27/64 MS: 5 ChangeByte-ChangeBinInt-ChangeASCIIInt-InsertRepeatedBytes-ShuffleBytes-
#639	NEW    cov: 355 ft: 650 corp: 117/1981b lim: 64 exec/s: 0 rss: 48Mb L: 8/64 MS: 4 InsertByte-InsertByte-InsertByte-ShuffleBytes-
#705	REDUCE cov: 355 ft: 650 corp: 117/1976b lim: 64 exec/s: 0 rss: 48Mb L: 37/64 MS: 1 EraseBytes-
#722	NEW    cov: 356 ft: 651 corp: 118/2022b lim: 64 exec/s: 0 rss: 48Mb L: 46/64 MS: 2 CrossOver-ChangeBit-
#730	NEW    cov: 356 ft: 652 corp: 119/2060b lim: 64 exec/s: 0 rss: 48Mb L: 38/64 MS: 3 ChangeBinInt-ChangeByte-CrossOver-
#739	NEW    cov: 356 ft: 654 corp: 120/2072b lim: 64 exec/s: 0 rss: 48Mb L: 12/64 MS: 4 CopyPart-CrossOver-ManualDict-ChangeByte- DE: "<buffer>"-
#746	NEW    cov: 356 ft: 655 corp: 121/2075b lim: 64 exec/s: 0 rss: 48Mb L: 3/64 MS: 2 ChangeByte-ChangeBinInt-
#752	NEW    cov: 357 ft: 656 corp: 122/2080b lim: 64 exec/s: 0 rss: 48Mb L: 5/64 MS: 1 ChangeByte-
#753	NEW    cov: 357 ft: 666 corp: 123/2090b lim: 64 exec/s: 0 rss: 48Mb L: 10/64 MS: 1 CrossOver-
#754	REDUCE cov: 357 ft: 666 corp: 123/2082b lim: 64 exec/s: 0 rss: 48Mb L: 19/64 MS: 1 EraseBytes-
#758	NEW    cov: 357 ft: 667 corp: 124/2136b lim: 64 exec/s: 0 rss: 48Mb L: 54/64 MS: 4 InsertByte-InsertRepeatedBytes-CrossOver-PersAutoDict- DE: "CryptReleaseContext"-
#769	REDUCE cov: 357 ft: 667 corp: 124/2132b lim: 64 exec/s: 0 rss: 48Mb L: 34/64 MS: 1 EraseBytes-
#778	NEW    cov: 358 ft: 668 corp: 125/2183b lim: 64 exec/s: 0 rss: 48Mb L: 51/64 MS: 4 ChangeByte-ManualDict-EraseBytes-InsertRepeatedBytes- DE: ": "-
#810	NEW    cov: 358 ft: 669 corp: 126/2202b lim: 64 exec/s: 0 rss: 48Mb L: 19/64 MS: 2 ChangeBit-CMP- DE: "\376\377\377\376"-
#837	NEW    cov: 359 ft: 670 corp: 127/2210b lim: 64 exec/s: 0 rss: 48Mb L: 8/64 MS: 2 ChangeBinInt-CopyPart-
#906	NEW    cov: 359 ft: 675 corp: 128/2262b lim: 64 exec/s: 0 rss: 48Mb L: 52/64 MS: 4 InsertRepeatedBytes-ChangeByte-EraseBytes-ManualDict- DE: "CryptAcquireContextA"-
#935	NEW    cov: 359 ft: 676 corp: 129/2326b lim: 64 exec/s: 0 rss: 48Mb L: 64/64 MS: 4 CopyPart-CrossOver-ChangeBinInt-CrossOver-
#946	REDUCE cov: 359 ft: 676 corp: 129/2323b lim: 64 exec/s: 0 rss: 48Mb L: 16/64 MS: 1 EraseBytes-
#995	NEW    cov: 359 ft: 678 corp: 130/2350b lim: 64 exec/s: 0 rss: 48Mb L: 27/64 MS: 4 ChangeBit-CopyPart-CopyPart-ManualDict- DE: "CryptReleaseContext"-
#1011	NEW    cov: 359 ft: 680 corp: 131/2369b lim: 64 exec/s: 0 rss: 48Mb L: 19/64 MS: 1 ShuffleBytes-
#1014	REDUCE cov: 359 ft: 680 corp: 131/2367b lim: 64 exec/s: 0 rss: 48Mb L: 11/64 MS: 3 CrossOver-ChangeASCIIInt-EraseBytes-
#1040	NEW    cov: 359 ft: 683 corp: 132/2430b lim: 64 exec/s: 0 rss: 48Mb L: 63/64 MS: 1 CopyPart-
#1051	NEW    cov: 360 ft: 684 corp: 133/2437b lim: 64 exec/s: 0 rss: 48Mb L: 7/64 MS: 1 ChangeByte-
#1081	REDUCE cov: 360 ft: 684 corp: 133/2417b lim: 64 exec/s: 0 rss: 48Mb L: 34/64 MS: 5 CMP-ShuffleBytes-CopyPart-InsertRepeatedBytes-EraseBytes- DE: "\\\000\000\000"-
#1097	REDUCE cov: 360 ft: 684 corp: 133/2415b lim: 64 exec/s: 0 rss: 48Mb L: 8/64 MS: 1 EraseBytes-
#1128	NEW    cov: 361 ft: 685 corp: 134/2434b lim: 64 exec/s: 0 rss: 48Mb L: 19/64 MS: 1 InsertByte-
#1129	NEW    cov: 361 ft: 686 corp: 135/2444b lim: 64 exec/s: 0 rss: 48Mb L: 10/64 MS: 1 ChangeByte-
#1137	REDUCE cov: 361 ft: 686 corp: 135/2430b lim: 64 exec/s: 0 rss: 48Mb L: 33/64 MS: 3 CopyPart-CrossOver-EraseBytes-
#1138	NEW    cov: 361 ft: 690 corp: 136/2442b lim: 64 exec/s: 0 rss: 48Mb L: 12/64 MS: 1 ChangeBit-
#1157	REDUCE cov: 361 ft: 690 corp: 136/2426b lim: 64 exec/s: 0 rss: 49Mb L: 35/64 MS: 4 CopyPart-InsertByte-ShuffleBytes-EraseBytes-
#1163	NEW    cov: 361 ft: 694 corp: 137/2473b lim: 64 exec/s: 0 rss: 49Mb L: 47/64 MS: 1 InsertRepeatedBytes-
#1174	REDUCE cov: 361 ft: 694 corp: 137/2460b lim: 64 exec/s: 0 rss: 49Mb L: 19/64 MS: 1 EraseBytes-
#1176	NEW    cov: 361 ft: 696 corp: 138/2465b lim: 64 exec/s: 0 rss: 49Mb L: 5/64 MS: 2 CrossOver-ShuffleBytes-
#1234	REDUCE cov: 361 ft: 696 corp: 138/2448b lim: 64 exec/s: 0 rss: 49Mb L: 18/64 MS: 3 ManualDict-ChangeBit-CrossOver- DE: "{[siIbfFOon"-
#1307	REDUCE cov: 361 ft: 697 corp: 139/2511b lim: 64 exec/s: 0 rss: 49Mb L: 63/64 MS: 3 CMP-InsertRepeatedBytes-PersAutoDict- DE: "\001\000\000\""-"{[siIbfFOon"-
#1309	REDUCE cov: 361 ft: 697 corp: 139/2489b lim: 64 exec/s: 0 rss: 49Mb L: 42/64 MS: 2 PersAutoDict-CrossOver- DE: "\376\377\377\376"-
#1345	REDUCE cov: 361 ft: 697 corp: 139/2488b lim: 64 exec/s: 0 rss: 49Mb L: 25/64 MS: 1 EraseBytes-
#1470	NEW    cov: 361 ft: 699 corp: 140/2545b lim: 64 exec/s: 0 rss: 49Mb L: 57/64 MS: 5 InsertByte-InsertByte-InsertByte-PersAutoDict-InsertRepeatedBytes- DE: "\000:"-
#1476	NEW    cov: 362 ft: 700 corp: 141/2564b lim: 64 exec/s: 0 rss: 49Mb L: 19/64 MS: 1 PersAutoDict- DE: "\377\377\377\377\377\377\377\007"-
#1512	NEW    cov: 364 ft: 702 corp: 142/2587b lim: 64 exec/s: 0 rss: 49Mb L: 23/64 MS: 1 EraseBytes-
#1523	REDUCE cov: 364 ft: 702 corp: 142/2584b lim: 64 exec/s: 0 rss: 49Mb L: 5/64 MS: 1 EraseBytes-
#1564	REDUCE cov: 364 ft: 702 corp: 142/2580b lim: 64 exec/s: 0 rss: 49Mb L: 8/64 MS: 1 EraseBytes-
#1610	REDUCE cov: 364 ft: 702 corp: 142/2575b lim: 64 exec/s: 0 rss: 49Mb L: 13/64 MS: 1 EraseBytes-
#1631	NEW    cov: 364 ft: 706 corp: 143/2596b lim: 64 exec/s: 0 rss: 49Mb L: 21/64 MS: 1 CopyPart-
#1636	NEW    cov: 364 ft: 707 corp: 144/2608b lim: 64 exec/s: 0 rss: 49Mb L: 12/64 MS: 5 CrossOver-CMP-CrossOver-ChangeBinInt-ShuffleBytes- DE: "\001/"-
#1719	REDUCE cov: 364 ft: 707 corp: 144/2596b lim: 64 exec/s: 0 rss: 49Mb L: 15/64 MS: 3 ChangeBit-InsertByte-EraseBytes-
#1740	REDUCE cov: 364 ft: 707 corp: 144/2583b lim: 64 exec/s: 0 rss: 49Mb L: 51/63 MS: 1 EraseBytes-
#1784	REDUCE cov: 364 ft: 707 corp: 144/2570b lim: 64 exec/s: 0 rss: 49Mb L: 25/63 MS: 4 InsertByte-ShuffleBytes-ChangeBinInt-EraseBytes-
#1811	NEW    cov: 364 ft: 708 corp: 145/2613b lim: 64 exec/s: 0 rss: 49Mb L: 43/63 MS: 2 ChangeASCIIInt-InsertRepeatedBytes-
#1858	REDUCE cov: 364 ft: 708 corp: 145/2606b lim: 64 exec/s: 0 rss: 49Mb L: 22/63 MS: 2 ChangeByte-EraseBytes-
#1933	REDUCE cov: 364 ft: 708 corp: 145/2581b lim: 64 exec/s: 0 rss: 49Mb L: 13/63 MS: 5 InsertRepeatedBytes-CMP-ChangeByte-InsertByte-CrossOver- DE: "!\000\000\000"-
#1944	NEW    cov: 364 ft: 709 corp: 146/2613b lim: 64 exec/s: 0 rss: 49Mb L: 32/63 MS: 1 PersAutoDict- DE: "{[siIbfFOon"-
#1978	NEW    cov: 364 ft: 712 corp: 147/2631b lim: 64 exec/s: 0 rss: 49Mb L: 18/63 MS: 4 CrossOver-ChangeASCIIInt-ChangeByte-CrossOver-
#2004	NEW    cov: 364 ft: 726 corp: 148/2671b lim: 64 exec/s: 0 rss: 49Mb L: 40/63 MS: 1 EraseBytes-
#2011	NEW    cov: 364 ft: 734 corp: 149/2680b lim: 64 exec/s: 0 rss: 49Mb L: 9/63 MS: 2 ChangeByte-CrossOver-
#2029	NEW    cov: 364 ft: 738 corp: 150/2731b lim: 64 exec/s: 0 rss: 49Mb L: 51/63 MS: 3 ChangeASCIIInt-ChangeASCIIInt-ChangeBinInt-
#2040	REDUCE cov: 364 ft: 738 corp: 150/2730b lim: 64 exec/s: 0 rss: 49Mb L: 14/63 MS: 1 EraseBytes-
#2042	REDUCE cov: 364 ft: 738 corp: 150/2728b lim: 64 exec/s: 0 rss: 49Mb L: 3/63 MS: 2 ChangeBit-EraseBytes-
#2043	NEW    cov: 364 ft: 739 corp: 151/2773b lim: 64 exec/s: 0 rss: 49Mb L: 45/63 MS: 1 CMP- DE: "byt"-
#2049	NEW    cov: 365 ft: 740 corp: 152/2776b lim: 64 exec/s: 0 rss: 49Mb L: 3/63 MS: 1 CrossOver-
#2058	NEW    cov: 365 ft: 741 corp: 153/2805b lim: 64 exec/s: 0 rss: 49Mb L: 29/63 MS: 4 PersAutoDict-CrossOver-CopyPart-ShuffleBytes- DE: "byt"-
#2069	NEW    cov: 365 ft: 749 corp: 154/2819b lim: 64 exec/s: 0 rss: 49Mb L: 14/63 MS: 1 CopyPart-
#2094	NEW    cov: 365 ft: 751 corp: 155/2868b lim: 64 exec/s: 0 rss: 49Mb L: 49/63 MS: 5 CrossOver-InsertRepeatedBytes-ManualDict-ChangeBit-InsertByte- DE: "<string>"-
#2140	REDUCE cov: 365 ft: 751 corp: 155/2867b lim: 64 exec/s: 0 rss: 49Mb L: 5/63 MS: 1 CrossOver-
	NEW_FUNC[1/4]: 0xaaaab6b2fd40 in hashlittle /b/jansson/src/lookup3.h:198
	NEW_FUNC[2/4]: 0xaaaab6b31650 in hashtable_find_pair /b/jansson/src/hashtable.c:72
#2162	REDUCE cov: 378 ft: 764 corp: 156/2891b lim: 64 exec/s: 0 rss: 49Mb L: 24/63 MS: 2 InsertByte-InsertByte-
#2168	REDUCE cov: 378 ft: 764 corp: 156/2890b lim: 64 exec/s: 0 rss: 49Mb L: 6/63 MS: 1 EraseBytes-
#2202	NEW    cov: 378 ft: 767 corp: 157/2909b lim: 64 exec/s: 0 rss: 49Mb L: 19/63 MS: 4 ShuffleBytes-ChangeByte-CopyPart-CrossOver-
#2284	NEW    cov: 378 ft: 777 corp: 158/2949b lim: 64 exec/s: 0 rss: 50Mb L: 40/63 MS: 2 ChangeBit-ChangeByte-
#2325	REDUCE cov: 378 ft: 777 corp: 158/2934b lim: 64 exec/s: 0 rss: 50Mb L: 19/63 MS: 1 EraseBytes-
#2355	REDUCE cov: 378 ft: 778 corp: 159/2992b lim: 64 exec/s: 0 rss: 50Mb L: 58/63 MS: 5 ShuffleBytes-ChangeBinInt-ShuffleBytes-InsertRepeatedBytes-PersAutoDict- DE: "\000:"-
#2358	REDUCE cov: 378 ft: 778 corp: 159/2991b lim: 64 exec/s: 0 rss: 50Mb L: 46/63 MS: 3 ShuffleBytes-InsertRepeatedBytes-EraseBytes-
#2409	REDUCE cov: 378 ft: 778 corp: 159/2972b lim: 64 exec/s: 0 rss: 50Mb L: 44/63 MS: 1 EraseBytes-
#2435	NEW    cov: 379 ft: 779 corp: 160/2980b lim: 64 exec/s: 0 rss: 50Mb L: 8/63 MS: 1 ShuffleBytes-
#2446	NEW    cov: 379 ft: 781 corp: 161/3004b lim: 64 exec/s: 0 rss: 50Mb L: 24/63 MS: 1 ChangeBinInt-
#2485	REDUCE cov: 379 ft: 781 corp: 161/2993b lim: 64 exec/s: 0 rss: 50Mb L: 40/63 MS: 4 CopyPart-InsertByte-PersAutoDict-EraseBytes- DE: "\376\377\377\376"-
#2502	REDUCE cov: 379 ft: 781 corp: 161/2987b lim: 64 exec/s: 0 rss: 50Mb L: 8/63 MS: 2 ChangeASCIIInt-EraseBytes-
#2567	REDUCE cov: 379 ft: 781 corp: 161/2963b lim: 64 exec/s: 0 rss: 50Mb L: 20/63 MS: 5 InsertRepeatedBytes-ChangeByte-ChangeByte-ChangeBinInt-CrossOver-
#2578	REDUCE cov: 379 ft: 781 corp: 161/2959b lim: 64 exec/s: 0 rss: 50Mb L: 36/63 MS: 1 EraseBytes-
#2681	NEW    cov: 379 ft: 783 corp: 162/3017b lim: 64 exec/s: 0 rss: 50Mb L: 58/63 MS: 3 InsertRepeatedBytes-ChangeByte-CMP- DE: "u\000\000\000"-
#2699	REDUCE cov: 379 ft: 783 corp: 162/3016b lim: 64 exec/s: 0 rss: 50Mb L: 32/63 MS: 3 ChangeBit-ChangeBit-EraseBytes-
#2705	REDUCE cov: 379 ft: 783 corp: 162/3014b lim: 64 exec/s: 0 rss: 50Mb L: 41/63 MS: 1 EraseBytes-
#2759	REDUCE cov: 379 ft: 784 corp: 163/3052b lim: 64 exec/s: 0 rss: 50Mb L: 38/63 MS: 4 ChangeBit-InsertRepeatedBytes-ChangeByte-EraseBytes-
#2776	REDUCE cov: 379 ft: 786 corp: 164/3061b lim: 64 exec/s: 0 rss: 50Mb L: 9/63 MS: 2 ChangeASCIIInt-InsertByte-
#2777	REDUCE cov: 379 ft: 786 corp: 164/3054b lim: 64 exec/s: 0 rss: 50Mb L: 38/63 MS: 1 EraseBytes-
#2813	REDUCE cov: 379 ft: 786 corp: 164/3046b lim: 64 exec/s: 0 rss: 50Mb L: 20/63 MS: 1 EraseBytes-
#2846	REDUCE cov: 379 ft: 786 corp: 164/3042b lim: 64 exec/s: 0 rss: 50Mb L: 54/63 MS: 3 ChangeBit-InsertByte-EraseBytes-
#2895	NEW    cov: 380 ft: 788 corp: 165/3080b lim: 64 exec/s: 0 rss: 50Mb L: 38/63 MS: 4 ChangeBit-InsertByte-InsertByte-InsertRepeatedBytes-
#2901	REDUCE cov: 380 ft: 788 corp: 165/3072b lim: 64 exec/s: 0 rss: 50Mb L: 16/63 MS: 1 EraseBytes-
#2910	REDUCE cov: 380 ft: 788 corp: 165/3071b lim: 64 exec/s: 0 rss: 50Mb L: 11/63 MS: 4 InsertByte-ShuffleBytes-CopyPart-EraseBytes-
#2962	NEW    cov: 380 ft: 790 corp: 166/3098b lim: 64 exec/s: 0 rss: 50Mb L: 27/63 MS: 2 ChangeBit-CopyPart-
#2974	REDUCE cov: 380 ft: 790 corp: 166/3093b lim: 64 exec/s: 0 rss: 50Mb L: 12/63 MS: 2 CopyPart-EraseBytes-
#2991	REDUCE cov: 380 ft: 790 corp: 166/3080b lim: 64 exec/s: 0 rss: 50Mb L: 29/63 MS: 2 ChangeByte-EraseBytes-
#3028	NEW    cov: 380 ft: 799 corp: 167/3094b lim: 64 exec/s: 0 rss: 50Mb L: 14/63 MS: 2 ChangeByte-CrossOver-
#3029	REDUCE cov: 380 ft: 799 corp: 167/3091b lim: 64 exec/s: 0 rss: 50Mb L: 10/63 MS: 1 EraseBytes-
#3123	NEW    cov: 380 ft: 800 corp: 168/3141b lim: 64 exec/s: 0 rss: 50Mb L: 50/63 MS: 4 ChangeBit-CMP-ShuffleBytes-PersAutoDict- DE: "ar"-"!\000\000\000"-
#3147	NEW    cov: 380 ft: 807 corp: 169/3150b lim: 64 exec/s: 0 rss: 50Mb L: 9/63 MS: 4 CMP-EraseBytes-InsertRepeatedBytes-CrossOver- DE: "Un"-
#3243	REDUCE cov: 380 ft: 807 corp: 169/3148b lim: 64 exec/s: 0 rss: 50Mb L: 17/63 MS: 1 EraseBytes-
#3299	REDUCE cov: 380 ft: 807 corp: 169/3141b lim: 64 exec/s: 0 rss: 50Mb L: 18/63 MS: 1 EraseBytes-
#3350	NEW    cov: 380 ft: 812 corp: 170/3150b lim: 64 exec/s: 0 rss: 50Mb L: 9/63 MS: 1 CopyPart-
#3421	REDUCE cov: 380 ft: 812 corp: 170/3148b lim: 64 exec/s: 0 rss: 50Mb L: 8/63 MS: 1 EraseBytes-
#3428	REDUCE cov: 380 ft: 812 corp: 170/3142b lim: 64 exec/s: 0 rss: 50Mb L: 29/63 MS: 2 CMP-EraseBytes- DE: "\000\000\000\000\000\000\000\001"-
#3470	NEW    cov: 381 ft: 813 corp: 171/3144b lim: 64 exec/s: 0 rss: 50Mb L: 2/63 MS: 2 CrossOver-EraseBytes-
#3480	REDUCE cov: 381 ft: 813 corp: 171/3132b lim: 64 exec/s: 0 rss: 50Mb L: 18/63 MS: 5 ChangeBit-InsertByte-InsertRepeatedBytes-InsertRepeatedBytes-CrossOver-
#3532	REDUCE cov: 381 ft: 813 corp: 171/3127b lim: 64 exec/s: 0 rss: 51Mb L: 10/63 MS: 2 ChangeBinInt-EraseBytes-
#3584	REDUCE cov: 381 ft: 813 corp: 171/3126b lim: 64 exec/s: 0 rss: 51Mb L: 19/63 MS: 2 ChangeByte-EraseBytes-
#3625	REDUCE cov: 382 ft: 814 corp: 172/3148b lim: 64 exec/s: 0 rss: 51Mb L: 22/63 MS: 1 ShuffleBytes-
#3657	NEW    cov: 382 ft: 815 corp: 173/3157b lim: 64 exec/s: 0 rss: 51Mb L: 9/63 MS: 2 ChangeASCIIInt-CopyPart-
#3663	NEW    cov: 382 ft: 816 corp: 174/3182b lim: 64 exec/s: 0 rss: 51Mb L: 25/63 MS: 1 CrossOver-
#3796	REDUCE cov: 382 ft: 816 corp: 174/3176b lim: 64 exec/s: 0 rss: 51Mb L: 18/63 MS: 3 ManualDict-InsertByte-EraseBytes- DE: "<stdin>"-
#3861	REDUCE cov: 382 ft: 816 corp: 174/3170b lim: 64 exec/s: 0 rss: 51Mb L: 34/63 MS: 5 PersAutoDict-ChangeByte-ChangeBinInt-ShuffleBytes-EraseBytes- DE: "byt"-
#3870	NEW    cov: 384 ft: 818 corp: 175/3172b lim: 64 exec/s: 0 rss: 51Mb L: 2/63 MS: 4 CrossOver-ChangeByte-ChangeBinInt-CopyPart-
#3876	REDUCE cov: 384 ft: 818 corp: 175/3149b lim: 64 exec/s: 0 rss: 51Mb L: 40/58 MS: 1 EraseBytes-
#3984	REDUCE cov: 384 ft: 818 corp: 175/3148b lim: 64 exec/s: 0 rss: 51Mb L: 30/58 MS: 3 InsertByte-ShuffleBytes-EraseBytes-
#3991	NEW    cov: 385 ft: 819 corp: 176/3152b lim: 64 exec/s: 0 rss: 51Mb L: 4/58 MS: 2 InsertByte-EraseBytes-
#3992	NEW    cov: 385 ft: 839 corp: 177/3168b lim: 64 exec/s: 0 rss: 51Mb L: 16/58 MS: 1 InsertRepeatedBytes-
#3998	REDUCE cov: 385 ft: 839 corp: 177/3167b lim: 64 exec/s: 0 rss: 51Mb L: 5/58 MS: 1 EraseBytes-
#4099	REDUCE cov: 385 ft: 839 corp: 177/3162b lim: 64 exec/s: 0 rss: 51Mb L: 25/58 MS: 1 EraseBytes-
#4116	REDUCE cov: 385 ft: 839 corp: 177/3161b lim: 64 exec/s: 0 rss: 51Mb L: 18/58 MS: 2 InsertByte-EraseBytes-
#4217	NEW    cov: 385 ft: 841 corp: 178/3169b lim: 64 exec/s: 0 rss: 51Mb L: 8/58 MS: 1 EraseBytes-
#4271	REDUCE cov: 385 ft: 841 corp: 178/3166b lim: 64 exec/s: 0 rss: 51Mb L: 26/58 MS: 4 CrossOver-ShuffleBytes-PersAutoDict-EraseBytes- DE: "<stdin>"-
#4326	REDUCE cov: 385 ft: 842 corp: 179/3200b lim: 64 exec/s: 0 rss: 51Mb L: 34/58 MS: 5 CopyPart-CMP-EraseBytes-CMP-InsertRepeatedBytes- DE: "ULL"-"\377\377\377\377"-
#4384	REDUCE cov: 385 ft: 842 corp: 179/3199b lim: 64 exec/s: 0 rss: 51Mb L: 18/58 MS: 3 InsertByte-CopyPart-EraseBytes-
#4386	REDUCE cov: 385 ft: 842 corp: 179/3198b lim: 64 exec/s: 0 rss: 51Mb L: 18/58 MS: 2 ManualDict-EraseBytes- DE: "<buffer>"-
#4405	REDUCE cov: 385 ft: 842 corp: 179/3195b lim: 64 exec/s: 0 rss: 51Mb L: 15/58 MS: 4 CrossOver-CMP-CopyPart-CrossOver- DE: "\001\000\000\""-
#4412	REDUCE cov: 385 ft: 842 corp: 179/3188b lim: 64 exec/s: 0 rss: 51Mb L: 45/58 MS: 2 InsertRepeatedBytes-EraseBytes-
#4454	REDUCE cov: 385 ft: 842 corp: 179/3179b lim: 64 exec/s: 0 rss: 51Mb L: 10/58 MS: 2 CrossOver-EraseBytes-
#4463	NEW    cov: 385 ft: 844 corp: 180/3212b lim: 64 exec/s: 0 rss: 51Mb L: 33/58 MS: 4 CrossOver-ShuffleBytes-ChangeBinInt-EraseBytes-
#4468	NEW    cov: 385 ft: 850 corp: 181/3271b lim: 64 exec/s: 0 rss: 51Mb L: 59/59 MS: 5 CopyPart-ChangeASCIIInt-InsertRepeatedBytes-ChangeByte-InsertRepeatedBytes-
#4472	REDUCE cov: 385 ft: 850 corp: 181/3264b lim: 64 exec/s: 0 rss: 51Mb L: 25/59 MS: 4 ShuffleBytes-ShuffleBytes-InsertByte-EraseBytes-
#4491	REDUCE cov: 385 ft: 850 corp: 181/3251b lim: 64 exec/s: 0 rss: 51Mb L: 16/59 MS: 4 ChangeBit-PersAutoDict-ChangeBinInt-EraseBytes- DE: "\000:"-
#4503	REDUCE cov: 385 ft: 850 corp: 181/3250b lim: 64 exec/s: 0 rss: 51Mb L: 2/59 MS: 2 InsertByte-EraseBytes-
#4532	NEW    cov: 387 ft: 852 corp: 182/3311b lim: 64 exec/s: 0 rss: 51Mb L: 61/61 MS: 4 ShuffleBytes-ChangeByte-CrossOver-PersAutoDict- DE: "CryptReleaseContext"-
#4543	NEW    cov: 387 ft: 853 corp: 183/3346b lim: 64 exec/s: 0 rss: 51Mb L: 35/61 MS: 1 CrossOver-
#4585	NEW    cov: 387 ft: 854 corp: 184/3385b lim: 64 exec/s: 0 rss: 51Mb L: 39/61 MS: 2 InsertByte-PersAutoDict- DE: "<buffer>"-
#4613	REDUCE cov: 387 ft: 854 corp: 184/3379b lim: 64 exec/s: 0 rss: 51Mb L: 44/61 MS: 3 ChangeBinInt-ManualDict-EraseBytes- DE: "CryptGenRandom"-
#4679	REDUCE cov: 387 ft: 854 corp: 184/3374b lim: 64 exec/s: 0 rss: 51Mb L: 13/61 MS: 1 EraseBytes-
#4681	REDUCE cov: 387 ft: 854 corp: 184/3373b lim: 64 exec/s: 0 rss: 52Mb L: 23/61 MS: 2 ChangeASCIIInt-EraseBytes-
#4754	NEW    cov: 388 ft: 855 corp: 185/3376b lim: 64 exec/s: 0 rss: 52Mb L: 3/61 MS: 3 ShuffleBytes-ChangeBit-EraseBytes-
#4807	NEW    cov: 389 ft: 856 corp: 186/3398b lim: 64 exec/s: 0 rss: 52Mb L: 22/61 MS: 3 ManualDict-ChangeByte-InsertRepeatedBytes- DE: "<string>"-
#4828	REDUCE cov: 389 ft: 856 corp: 186/3397b lim: 64 exec/s: 0 rss: 52Mb L: 3/61 MS: 1 EraseBytes-
#4833	NEW    cov: 389 ft: 857 corp: 187/3402b lim: 64 exec/s: 0 rss: 52Mb L: 5/61 MS: 5 CopyPart-PersAutoDict-CrossOver-EraseBytes-CrossOver- DE: "ULL"-
#4930	NEW    cov: 389 ft: 863 corp: 188/3430b lim: 64 exec/s: 0 rss: 52Mb L: 28/61 MS: 2 InsertByte-CopyPart-
#4960	REDUCE cov: 389 ft: 863 corp: 188/3426b lim: 64 exec/s: 0 rss: 52Mb L: 32/61 MS: 5 ChangeByte-CrossOver-CMP-ChangeByte-EraseBytes- DE: "\000\001"-
#5006	REDUCE cov: 389 ft: 863 corp: 188/3406b lim: 64 exec/s: 0 rss: 52Mb L: 29/61 MS: 1 EraseBytes-
#5027	REDUCE cov: 389 ft: 863 corp: 188/3405b lim: 64 exec/s: 0 rss: 52Mb L: 2/61 MS: 1 EraseBytes-
#5028	REDUCE cov: 389 ft: 863 corp: 188/3399b lim: 64 exec/s: 0 rss: 52Mb L: 22/61 MS: 1 EraseBytes-
#5120	REDUCE cov: 389 ft: 863 corp: 188/3398b lim: 64 exec/s: 0 rss: 52Mb L: 57/61 MS: 2 ShuffleBytes-EraseBytes-
#5199	REDUCE cov: 389 ft: 863 corp: 188/3376b lim: 64 exec/s: 0 rss: 52Mb L: 22/61 MS: 4 ShuffleBytes-ChangeBinInt-InsertRepeatedBytes-CrossOver-
#5215	REDUCE cov: 389 ft: 863 corp: 188/3357b lim: 64 exec/s: 0 rss: 52Mb L: 14/61 MS: 1 CrossOver-
#5242	REDUCE cov: 390 ft: 864 corp: 189/3368b lim: 64 exec/s: 0 rss: 52Mb L: 11/61 MS: 2 InsertByte-ChangeByte-
#5243	NEW    cov: 391 ft: 865 corp: 190/3373b lim: 64 exec/s: 0 rss: 52Mb L: 5/61 MS: 1 CopyPart-
#5339	REDUCE cov: 391 ft: 865 corp: 190/3370b lim: 64 exec/s: 0 rss: 52Mb L: 11/61 MS: 1 EraseBytes-
#5379	REDUCE cov: 391 ft: 865 corp: 190/3361b lim: 64 exec/s: 0 rss: 52Mb L: 35/61 MS: 5 InsertByte-InsertRepeatedBytes-ChangeByte-ChangeByte-EraseBytes-
#5405	REDUCE cov: 391 ft: 865 corp: 190/3358b lim: 64 exec/s: 0 rss: 52Mb L: 3/61 MS: 1 EraseBytes-
#5423	NEW    cov: 391 ft: 874 corp: 191/3405b lim: 64 exec/s: 0 rss: 52Mb L: 47/61 MS: 3 CMP-InsertByte-CMP- DE: "fal"-"\000\000\000\000\000\000\000\001"-
#5479	REDUCE cov: 391 ft: 874 corp: 191/3385b lim: 64 exec/s: 0 rss: 52Mb L: 9/61 MS: 1 CrossOver-
#5494	NEW    cov: 391 ft: 876 corp: 192/3447b lim: 64 exec/s: 0 rss: 52Mb L: 62/62 MS: 5 CrossOver-InsertByte-CopyPart-CopyPart-ChangeBinInt-
#5590	REDUCE cov: 391 ft: 876 corp: 192/3432b lim: 64 exec/s: 0 rss: 52Mb L: 19/62 MS: 1 CrossOver-
#5691	REDUCE cov: 391 ft: 876 corp: 192/3429b lim: 64 exec/s: 0 rss: 52Mb L: 7/62 MS: 1 EraseBytes-
#5812	REDUCE cov: 391 ft: 876 corp: 192/3426b lim: 64 exec/s: 0 rss: 52Mb L: 48/62 MS: 1 EraseBytes-
#5829	REDUCE cov: 391 ft: 876 corp: 192/3408b lim: 64 exec/s: 0 rss: 52Mb L: 33/62 MS: 2 ChangeBit-EraseBytes-
#5892	REDUCE cov: 391 ft: 876 corp: 192/3398b lim: 64 exec/s: 0 rss: 52Mb L: 19/62 MS: 3 CrossOver-CrossOver-EraseBytes-
	NEW_FUNC[1/2]: 0xaaaab6b2f020 in hashtable_set /b/jansson/src/hashtable.c:228
	NEW_FUNC[2/2]: 0xaaaab6b46578 in json_object_setn_new_nocheck /b/jansson/src/value.c:125
#5927	NEW    cov: 406 ft: 904 corp: 193/3454b lim: 64 exec/s: 0 rss: 52Mb L: 56/62 MS: 5 InsertByte-InsertRepeatedBytes-InsertByte-ChangeByte-InsertByte-
#5928	NEW    cov: 406 ft: 907 corp: 194/3504b lim: 64 exec/s: 0 rss: 52Mb L: 50/62 MS: 1 InsertRepeatedBytes-
#5941	REDUCE cov: 406 ft: 907 corp: 194/3503b lim: 64 exec/s: 0 rss: 52Mb L: 61/61 MS: 3 ChangeBit-ChangeBinInt-EraseBytes-
#5963	REDUCE cov: 406 ft: 907 corp: 194/3490b lim: 64 exec/s: 0 rss: 52Mb L: 27/61 MS: 2 EraseBytes-ShuffleBytes-
#5969	NEW    cov: 406 ft: 909 corp: 195/3518b lim: 64 exec/s: 0 rss: 52Mb L: 28/61 MS: 1 CopyPart-
#6110	REDUCE cov: 406 ft: 909 corp: 195/3517b lim: 64 exec/s: 0 rss: 52Mb L: 3/61 MS: 1 EraseBytes-
#6241	NEW    cov: 406 ft: 910 corp: 196/3533b lim: 64 exec/s: 0 rss: 53Mb L: 16/61 MS: 1 CopyPart-
#6293	REDUCE cov: 406 ft: 910 corp: 196/3530b lim: 64 exec/s: 0 rss: 53Mb L: 11/61 MS: 2 ChangeBit-EraseBytes-
#6354	REDUCE cov: 406 ft: 910 corp: 196/3527b lim: 64 exec/s: 0 rss: 53Mb L: 15/61 MS: 1 EraseBytes-
#6455	REDUCE cov: 406 ft: 910 corp: 196/3526b lim: 64 exec/s: 0 rss: 53Mb L: 2/61 MS: 1 EraseBytes-
#6459	REDUCE cov: 406 ft: 910 corp: 196/3525b lim: 64 exec/s: 0 rss: 53Mb L: 5/61 MS: 4 ChangeByte-ChangeBinInt-ChangeASCIIInt-EraseBytes-
#6485	REDUCE cov: 406 ft: 911 corp: 197/3539b lim: 64 exec/s: 0 rss: 53Mb L: 14/61 MS: 1 ChangeBinInt-
#6506	REDUCE cov: 406 ft: 911 corp: 197/3532b lim: 64 exec/s: 0 rss: 53Mb L: 31/61 MS: 1 EraseBytes-
#6507	REDUCE cov: 406 ft: 911 corp: 197/3529b lim: 64 exec/s: 0 rss: 53Mb L: 10/61 MS: 1 EraseBytes-
#6585	REDUCE cov: 406 ft: 911 corp: 197/3523b lim: 64 exec/s: 0 rss: 53Mb L: 35/61 MS: 3 ShuffleBytes-ChangeASCIIInt-EraseBytes-
#6621	REDUCE cov: 406 ft: 911 corp: 197/3521b lim: 64 exec/s: 0 rss: 53Mb L: 3/61 MS: 1 EraseBytes-
#6705	REDUCE cov: 406 ft: 911 corp: 197/3520b lim: 64 exec/s: 0 rss: 53Mb L: 4/61 MS: 4 InsertByte-EraseBytes-ChangeBinInt-EraseBytes-
#6727	NEW    cov: 407 ft: 912 corp: 198/3534b lim: 64 exec/s: 0 rss: 53Mb L: 14/61 MS: 2 ChangeBit-EraseBytes-
#6774	NEW    cov: 407 ft: 913 corp: 199/3565b lim: 64 exec/s: 0 rss: 53Mb L: 31/61 MS: 2 ChangeBinInt-EraseBytes-
#6785	REDUCE cov: 407 ft: 913 corp: 199/3564b lim: 64 exec/s: 0 rss: 53Mb L: 2/61 MS: 1 EraseBytes-
#6795	NEW    cov: 407 ft: 918 corp: 200/3625b lim: 64 exec/s: 0 rss: 54Mb L: 61/61 MS: 5 ChangeByte-CopyPart-InsertByte-InsertRepeatedBytes-PersAutoDict- DE: "<stdin>"-
#6856	NEW    cov: 407 ft: 919 corp: 201/3641b lim: 64 exec/s: 0 rss: 54Mb L: 16/61 MS: 1 ChangeByte-
#6911	REDUCE cov: 407 ft: 919 corp: 201/3631b lim: 64 exec/s: 0 rss: 54Mb L: 29/61 MS: 5 PersAutoDict-ManualDict-InsertRepeatedBytes-PersAutoDict-EraseBytes- DE: "Un"-"<callback>"-"fal"-
#6960	REDUCE cov: 407 ft: 919 corp: 201/3628b lim: 64 exec/s: 0 rss: 54Mb L: 19/61 MS: 4 ShuffleBytes-ManualDict-ShuffleBytes-EraseBytes- DE: "<callback>"-
#7011	NEW    cov: 408 ft: 920 corp: 202/3638b lim: 64 exec/s: 0 rss: 54Mb L: 10/61 MS: 1 EraseBytes-
#7067	NEW    cov: 408 ft: 921 corp: 203/3647b lim: 64 exec/s: 0 rss: 54Mb L: 9/61 MS: 1 CopyPart-
#7149	REDUCE cov: 408 ft: 921 corp: 203/3640b lim: 64 exec/s: 0 rss: 54Mb L: 18/61 MS: 2 ChangeByte-EraseBytes-
#7162	REDUCE cov: 408 ft: 922 corp: 204/3649b lim: 64 exec/s: 0 rss: 54Mb L: 9/61 MS: 3 CopyPart-EraseBytes-ChangeBinInt-
#7178	REDUCE cov: 408 ft: 922 corp: 204/3642b lim: 64 exec/s: 0 rss: 54Mb L: 18/61 MS: 1 EraseBytes-
#7334	REDUCE cov: 408 ft: 922 corp: 204/3638b lim: 64 exec/s: 0 rss: 54Mb L: 29/61 MS: 1 EraseBytes-
#7360	NEW    cov: 408 ft: 923 corp: 205/3642b lim: 64 exec/s: 0 rss: 54Mb L: 4/61 MS: 1 CrossOver-
#7371	REDUCE cov: 408 ft: 923 corp: 205/3641b lim: 64 exec/s: 0 rss: 54Mb L: 3/61 MS: 1 EraseBytes-
#7373	REDUCE cov: 408 ft: 923 corp: 205/3639b lim: 64 exec/s: 0 rss: 54Mb L: 14/61 MS: 2 ShuffleBytes-EraseBytes-
#7440	REDUCE cov: 408 ft: 923 corp: 205/3636b lim: 64 exec/s: 0 rss: 55Mb L: 12/61 MS: 2 ChangeBinInt-EraseBytes-
#7482	REDUCE cov: 408 ft: 923 corp: 205/3635b lim: 64 exec/s: 0 rss: 55Mb L: 10/61 MS: 2 ChangeBit-EraseBytes-
#7494	REDUCE cov: 408 ft: 923 corp: 205/3630b lim: 64 exec/s: 0 rss: 55Mb L: 9/61 MS: 2 ChangeByte-CrossOver-
#7495	REDUCE cov: 408 ft: 923 corp: 205/3623b lim: 64 exec/s: 0 rss: 55Mb L: 54/61 MS: 1 EraseBytes-
	NEW_FUNC[1/1]: 0xaaaab6b4e240 in json_true /b/jansson/src/value.c:977
#7536	NEW    cov: 411 ft: 926 corp: 206/3630b lim: 64 exec/s: 0 rss: 55Mb L: 7/61 MS: 1 InsertByte-
#7667	NEW    cov: 411 ft: 927 corp: 207/3659b lim: 64 exec/s: 0 rss: 55Mb L: 29/61 MS: 1 EraseBytes-
#7673	NEW    cov: 413 ft: 929 corp: 208/3690b lim: 64 exec/s: 0 rss: 55Mb L: 31/61 MS: 1 EraseBytes-
#7990	NEW    cov: 413 ft: 931 corp: 209/3719b lim: 64 exec/s: 0 rss: 55Mb L: 29/61 MS: 2 InsertByte-CMP- DE: "false"-
#8059	REDUCE cov: 413 ft: 931 corp: 209/3716b lim: 64 exec/s: 0 rss: 55Mb L: 20/61 MS: 4 PersAutoDict-CMP-ShuffleBytes-EraseBytes- DE: "\001\000\000\000\000\000\000\000"-"tr"-
#8290	NEW    cov: 413 ft: 933 corp: 210/3747b lim: 64 exec/s: 0 rss: 55Mb L: 31/61 MS: 1 PersAutoDict- DE: "Garbage after format string"-
#8496	NEW    cov: 413 ft: 934 corp: 211/3810b lim: 64 exec/s: 0 rss: 55Mb L: 63/63 MS: 1 InsertRepeatedBytes-
#8559	REDUCE cov: 413 ft: 934 corp: 211/3808b lim: 64 exec/s: 0 rss: 55Mb L: 10/63 MS: 3 ChangeByte-ChangeBit-EraseBytes-
#8570	REDUCE cov: 413 ft: 934 corp: 211/3805b lim: 64 exec/s: 0 rss: 55Mb L: 17/63 MS: 1 EraseBytes-
#8637	REDUCE cov: 413 ft: 934 corp: 211/3804b lim: 64 exec/s: 0 rss: 55Mb L: 2/63 MS: 2 ChangeBit-EraseBytes-
#8648	REDUCE cov: 413 ft: 934 corp: 211/3802b lim: 64 exec/s: 0 rss: 55Mb L: 9/63 MS: 1 EraseBytes-
#8688	REDUCE cov: 413 ft: 934 corp: 211/3800b lim: 64 exec/s: 0 rss: 55Mb L: 7/63 MS: 5 ChangeByte-InsertByte-ShuffleBytes-CrossOver-EraseBytes-
#8729	REDUCE cov: 413 ft: 934 corp: 211/3796b lim: 64 exec/s: 0 rss: 56Mb L: 50/63 MS: 1 EraseBytes-
#8791	REDUCE cov: 413 ft: 934 corp: 211/3790b lim: 64 exec/s: 0 rss: 56Mb L: 26/63 MS: 2 CrossOver-EraseBytes-
#8813	REDUCE cov: 413 ft: 934 corp: 211/3784b lim: 64 exec/s: 0 rss: 56Mb L: 16/63 MS: 2 ShuffleBytes-EraseBytes-
#8936	REDUCE cov: 413 ft: 936 corp: 212/3809b lim: 64 exec/s: 0 rss: 56Mb L: 25/63 MS: 3 ShuffleBytes-ShuffleBytes-ManualDict- DE: "too big integer"-
#8980	REDUCE cov: 413 ft: 944 corp: 213/3836b lim: 64 exec/s: 0 rss: 56Mb L: 27/63 MS: 4 ChangeByte-CopyPart-ChangeBinInt-CopyPart-
#8986	REDUCE cov: 413 ft: 944 corp: 213/3830b lim: 64 exec/s: 0 rss: 56Mb L: 29/63 MS: 1 EraseBytes-
#9042	NEW    cov: 413 ft: 947 corp: 214/3859b lim: 64 exec/s: 0 rss: 56Mb L: 29/63 MS: 1 CopyPart-
#9123	REDUCE cov: 413 ft: 947 corp: 214/3858b lim: 64 exec/s: 0 rss: 56Mb L: 8/63 MS: 1 EraseBytes-
#9330	REDUCE cov: 413 ft: 947 corp: 214/3850b lim: 64 exec/s: 0 rss: 56Mb L: 14/63 MS: 2 ChangeBit-EraseBytes-
#9331	REDUCE cov: 413 ft: 947 corp: 214/3847b lim: 64 exec/s: 0 rss: 56Mb L: 6/63 MS: 1 EraseBytes-
#9357	REDUCE cov: 413 ft: 947 corp: 214/3843b lim: 64 exec/s: 0 rss: 56Mb L: 15/63 MS: 1 EraseBytes-
#9455	REDUCE cov: 413 ft: 947 corp: 214/3842b lim: 64 exec/s: 0 rss: 56Mb L: 7/63 MS: 3 PersAutoDict-InsertByte-EraseBytes- DE: "!\000\000\000"-
#9511	REDUCE cov: 413 ft: 947 corp: 214/3837b lim: 64 exec/s: 0 rss: 56Mb L: 56/63 MS: 1 EraseBytes-
#9517	REDUCE cov: 413 ft: 947 corp: 214/3833b lim: 64 exec/s: 0 rss: 56Mb L: 6/63 MS: 1 EraseBytes-
	NEW_FUNC[1/1]: 0xaaaab6b4e26c in json_false /b/jansson/src/value.c:982
#9546	NEW    cov: 416 ft: 950 corp: 215/3846b lim: 64 exec/s: 0 rss: 56Mb L: 13/63 MS: 4 ChangeBit-ChangeBit-EraseBytes-CMP- DE: "false"-
#9577	REDUCE cov: 416 ft: 950 corp: 215/3844b lim: 64 exec/s: 0 rss: 56Mb L: 17/63 MS: 1 EraseBytes-
#9628	REDUCE cov: 416 ft: 950 corp: 215/3843b lim: 64 exec/s: 0 rss: 56Mb L: 8/63 MS: 1 EraseBytes-
#9866	NEW    cov: 417 ft: 951 corp: 216/3854b lim: 64 exec/s: 0 rss: 56Mb L: 11/63 MS: 3 ShuffleBytes-CrossOver-CrossOver-
#10074	REDUCE cov: 417 ft: 951 corp: 216/3849b lim: 64 exec/s: 0 rss: 56Mb L: 51/63 MS: 3 InsertByte-ChangeASCIIInt-EraseBytes-
#10132	REDUCE cov: 417 ft: 951 corp: 216/3833b lim: 64 exec/s: 0 rss: 57Mb L: 41/63 MS: 3 CopyPart-EraseBytes-PersAutoDict- DE: "tr"-
#10149	REDUCE cov: 417 ft: 952 corp: 217/3861b lim: 64 exec/s: 0 rss: 57Mb L: 28/63 MS: 2 ChangeBit-InsertRepeatedBytes-
#10190	NEW    cov: 418 ft: 953 corp: 218/3920b lim: 64 exec/s: 0 rss: 57Mb L: 59/63 MS: 1 ChangeBit-
#10231	REDUCE cov: 418 ft: 953 corp: 218/3912b lim: 64 exec/s: 0 rss: 57Mb L: 20/63 MS: 1 EraseBytes-
#10232	NEW    cov: 418 ft: 965 corp: 219/3953b lim: 64 exec/s: 0 rss: 57Mb L: 41/63 MS: 1 CopyPart-
#10248	REDUCE cov: 418 ft: 965 corp: 219/3949b lim: 64 exec/s: 0 rss: 57Mb L: 23/63 MS: 1 EraseBytes-
#10311	REDUCE cov: 418 ft: 965 corp: 219/3945b lim: 64 exec/s: 0 rss: 57Mb L: 16/63 MS: 3 ChangeBinInt-InsertByte-CrossOver-
#10342	REDUCE cov: 418 ft: 970 corp: 220/3956b lim: 64 exec/s: 0 rss: 57Mb L: 11/63 MS: 1 ChangeBinInt-
#10473	REDUCE cov: 418 ft: 970 corp: 220/3953b lim: 64 exec/s: 0 rss: 57Mb L: 19/63 MS: 1 EraseBytes-
#10566	REDUCE cov: 418 ft: 970 corp: 220/3952b lim: 64 exec/s: 0 rss: 57Mb L: 49/63 MS: 3 CopyPart-InsertRepeatedBytes-EraseBytes-
#10578	REDUCE cov: 418 ft: 970 corp: 220/3943b lim: 64 exec/s: 0 rss: 57Mb L: 10/63 MS: 2 ChangeByte-EraseBytes-
#10639	REDUCE cov: 418 ft: 970 corp: 220/3927b lim: 64 exec/s: 0 rss: 57Mb L: 45/63 MS: 1 EraseBytes-
#10754	REDUCE cov: 418 ft: 970 corp: 220/3926b lim: 64 exec/s: 0 rss: 57Mb L: 4/63 MS: 5 CopyPart-CopyPart-InsertByte-ChangeBit-EraseBytes-
#10792	REDUCE cov: 418 ft: 970 corp: 220/3925b lim: 64 exec/s: 0 rss: 57Mb L: 15/63 MS: 3 InsertByte-ChangeBinInt-EraseBytes-
#10793	REDUCE cov: 418 ft: 970 corp: 220/3921b lim: 64 exec/s: 0 rss: 57Mb L: 4/63 MS: 1 EraseBytes-
#10830	REDUCE cov: 418 ft: 970 corp: 220/3920b lim: 64 exec/s: 0 rss: 57Mb L: 19/63 MS: 2 ChangeByte-EraseBytes-
#10952	REDUCE cov: 418 ft: 970 corp: 220/3913b lim: 64 exec/s: 0 rss: 57Mb L: 10/63 MS: 2 ChangeBit-EraseBytes-
#10973	REDUCE cov: 418 ft: 970 corp: 220/3911b lim: 64 exec/s: 0 rss: 57Mb L: 26/63 MS: 1 EraseBytes-
#10990	NEW    cov: 419 ft: 972 corp: 221/3959b lim: 64 exec/s: 0 rss: 57Mb L: 48/63 MS: 2 CMP-CopyPart- DE: "ULL"-
#10996	REDUCE cov: 419 ft: 972 corp: 221/3956b lim: 64 exec/s: 0 rss: 58Mb L: 56/63 MS: 1 EraseBytes-
#11049	NEW    cov: 420 ft: 973 corp: 222/4004b lim: 64 exec/s: 0 rss: 58Mb L: 48/63 MS: 3 CopyPart-PersAutoDict-CrossOver- DE: "premature end of input"-
#11092	REDUCE cov: 420 ft: 976 corp: 223/4035b lim: 64 exec/s: 0 rss: 58Mb L: 31/63 MS: 3 PersAutoDict-ChangeByte-EraseBytes- DE: "too big integer"-
#11150	NEW    cov: 421 ft: 977 corp: 224/4070b lim: 64 exec/s: 0 rss: 58Mb L: 35/63 MS: 3 InsertRepeatedBytes-PersAutoDict-ChangeByte- DE: "fal"-
#11397	REDUCE cov: 421 ft: 977 corp: 224/4050b lim: 64 exec/s: 0 rss: 58Mb L: 21/63 MS: 2 ChangeByte-EraseBytes-
#11413	NEW    cov: 422 ft: 978 corp: 225/4101b lim: 64 exec/s: 0 rss: 58Mb L: 51/63 MS: 1 CMP- DE: "fal"-
#11419	REDUCE cov: 422 ft: 978 corp: 225/4076b lim: 64 exec/s: 0 rss: 58Mb L: 29/63 MS: 1 EraseBytes-
#11555	NEW    cov: 422 ft: 980 corp: 226/4101b lim: 64 exec/s: 0 rss: 58Mb L: 25/63 MS: 1 CopyPart-
#11557	REDUCE cov: 422 ft: 980 corp: 226/4100b lim: 64 exec/s: 0 rss: 58Mb L: 6/63 MS: 2 ChangeBit-EraseBytes-
#11565	REDUCE cov: 422 ft: 980 corp: 226/4098b lim: 64 exec/s: 0 rss: 58Mb L: 8/63 MS: 3 PersAutoDict-ChangeBinInt-EraseBytes- DE: "ULL"-
#11614	REDUCE cov: 422 ft: 980 corp: 226/4096b lim: 64 exec/s: 0 rss: 58Mb L: 19/63 MS: 4 ChangeASCIIInt-ChangeBit-PersAutoDict-EraseBytes- DE: "ar"-
#11638	REDUCE cov: 423 ft: 981 corp: 227/4153b lim: 64 exec/s: 0 rss: 58Mb L: 57/63 MS: 4 ChangeBinInt-ChangeBit-ChangeByte-CrossOver-
#11684	REDUCE cov: 423 ft: 981 corp: 227/4151b lim: 64 exec/s: 0 rss: 58Mb L: 15/63 MS: 1 EraseBytes-
#11702	REDUCE cov: 423 ft: 981 corp: 227/4147b lim: 64 exec/s: 0 rss: 58Mb L: 12/63 MS: 3 ChangeBit-ChangeByte-EraseBytes-
#11704	REDUCE cov: 423 ft: 981 corp: 227/4145b lim: 64 exec/s: 0 rss: 58Mb L: 32/63 MS: 2 CMP-EraseBytes- DE: "\000\000\0000"-
#11790	REDUCE cov: 423 ft: 982 corp: 228/4190b lim: 64 exec/s: 0 rss: 58Mb L: 45/63 MS: 1 CopyPart-
#11927	NEW    cov: 423 ft: 983 corp: 229/4237b lim: 64 exec/s: 0 rss: 58Mb L: 47/63 MS: 2 ChangeBinInt-CMP- DE: "\000["-
#11994	NEW    cov: 424 ft: 984 corp: 230/4287b lim: 64 exec/s: 0 rss: 58Mb L: 50/63 MS: 2 InsertByte-InsertByte-
#12037	REDUCE cov: 424 ft: 986 corp: 231/4349b lim: 64 exec/s: 0 rss: 58Mb L: 62/63 MS: 3 CopyPart-ChangeASCIIInt-InsertRepeatedBytes-
#12061	REDUCE cov: 424 ft: 986 corp: 231/4342b lim: 64 exec/s: 0 rss: 58Mb L: 18/63 MS: 4 CopyPart-PersAutoDict-ChangeBinInt-EraseBytes- DE: "\001/"-
#12217	NEW    cov: 424 ft: 987 corp: 232/4369b lim: 64 exec/s: 0 rss: 58Mb L: 27/63 MS: 1 CrossOver-
#12244	REDUCE cov: 424 ft: 987 corp: 232/4341b lim: 64 exec/s: 0 rss: 58Mb L: 20/63 MS: 2 ChangeASCIIInt-CrossOver-
#12248	NEW    cov: 424 ft: 989 corp: 233/4350b lim: 64 exec/s: 0 rss: 58Mb L: 9/63 MS: 4 ChangeASCIIInt-CMP-CrossOver-CopyPart- DE: "\000\000"-
#12315	REDUCE cov: 424 ft: 989 corp: 233/4344b lim: 64 exec/s: 0 rss: 58Mb L: 39/63 MS: 2 ChangeBinInt-EraseBytes-
#12406	REDUCE cov: 424 ft: 989 corp: 233/4341b lim: 64 exec/s: 0 rss: 58Mb L: 45/63 MS: 1 EraseBytes-
#12443	NEW    cov: 424 ft: 990 corp: 234/4348b lim: 64 exec/s: 0 rss: 58Mb L: 7/63 MS: 2 ShuffleBytes-CrossOver-
#12450	NEW    cov: 424 ft: 991 corp: 235/4381b lim: 64 exec/s: 0 rss: 58Mb L: 33/63 MS: 2 ChangeByte-ChangeBinInt-
#12506	REDUCE cov: 424 ft: 991 corp: 235/4376b lim: 64 exec/s: 0 rss: 58Mb L: 29/63 MS: 1 EraseBytes-
#12593	NEW    cov: 424 ft: 992 corp: 236/4381b lim: 64 exec/s: 0 rss: 58Mb L: 5/63 MS: 2 ChangeBit-ShuffleBytes-
#12641	REDUCE cov: 424 ft: 992 corp: 236/4378b lim: 64 exec/s: 0 rss: 59Mb L: 50/63 MS: 3 ChangeByte-ChangeBit-CrossOver-
#12797	NEW    cov: 424 ft: 993 corp: 237/4433b lim: 64 exec/s: 0 rss: 59Mb L: 55/63 MS: 1 CopyPart-
#12814	REDUCE cov: 424 ft: 993 corp: 237/4430b lim: 64 exec/s: 0 rss: 59Mb L: 11/63 MS: 2 PersAutoDict-CrossOver- DE: "fal"-
#12871	REDUCE cov: 425 ft: 994 corp: 238/4454b lim: 64 exec/s: 0 rss: 59Mb L: 24/63 MS: 2 CopyPart-ShuffleBytes-
#12927	REDUCE cov: 425 ft: 994 corp: 238/4453b lim: 64 exec/s: 0 rss: 59Mb L: 4/63 MS: 1 EraseBytes-
#12964	REDUCE cov: 425 ft: 994 corp: 238/4452b lim: 64 exec/s: 0 rss: 59Mb L: 2/63 MS: 2 ChangeBinInt-EraseBytes-
#13061	REDUCE cov: 425 ft: 994 corp: 238/4434b lim: 64 exec/s: 0 rss: 59Mb L: 38/63 MS: 2 ChangeByte-EraseBytes-
#13097	REDUCE cov: 425 ft: 994 corp: 238/4423b lim: 64 exec/s: 0 rss: 59Mb L: 48/63 MS: 1 EraseBytes-
#13163	REDUCE cov: 425 ft: 994 corp: 238/4411b lim: 64 exec/s: 0 rss: 59Mb L: 33/63 MS: 1 EraseBytes-
#13187	REDUCE cov: 425 ft: 994 corp: 238/4407b lim: 64 exec/s: 0 rss: 59Mb L: 5/63 MS: 4 ChangeByte-CopyPart-ChangeByte-EraseBytes-
#13217	REDUCE cov: 425 ft: 994 corp: 238/4396b lim: 64 exec/s: 0 rss: 59Mb L: 34/63 MS: 5 CMP-PersAutoDict-InsertByte-CopyPart-EraseBytes- DE: "\377\377\377\007"-"tr"-
#13248	NEW    cov: 426 ft: 995 corp: 239/4404b lim: 64 exec/s: 0 rss: 59Mb L: 8/63 MS: 1 EraseBytes-
#13267	NEW    cov: 426 ft: 996 corp: 240/4462b lim: 64 exec/s: 0 rss: 59Mb L: 58/63 MS: 4 PersAutoDict-EraseBytes-ManualDict-InsertRepeatedBytes- DE: "false"-"CryptAcquireContextA"-
#13370	NEW    cov: 429 ft: 999 corp: 241/4500b lim: 64 exec/s: 0 rss: 59Mb L: 38/63 MS: 3 CMP-CMP-PersAutoDict- DE: "rue"-"\000\000\000\377"-"false"-
#13394	REDUCE cov: 429 ft: 999 corp: 241/4492b lim: 64 exec/s: 0 rss: 59Mb L: 11/63 MS: 4 ChangeASCIIInt-InsertByte-InsertByte-EraseBytes-
#13399	REDUCE cov: 429 ft: 999 corp: 241/4488b lim: 64 exec/s: 0 rss: 59Mb L: 53/63 MS: 5 PersAutoDict-ChangeBit-ShuffleBytes-ChangeASCIIInt-EraseBytes- DE: "\000\000\000\000\000\000\000\001"-
#13480	REDUCE cov: 429 ft: 999 corp: 241/4482b lim: 64 exec/s: 0 rss: 59Mb L: 17/63 MS: 1 EraseBytes-
#13511	REDUCE cov: 429 ft: 999 corp: 241/4465b lim: 64 exec/s: 0 rss: 59Mb L: 30/63 MS: 1 EraseBytes-
#13557	REDUCE cov: 429 ft: 999 corp: 241/4463b lim: 64 exec/s: 0 rss: 59Mb L: 6/63 MS: 1 EraseBytes-
#13655	REDUCE cov: 429 ft: 999 corp: 241/4452b lim: 64 exec/s: 0 rss: 59Mb L: 14/63 MS: 3 ChangeByte-CopyPart-EraseBytes-
#13751	REDUCE cov: 429 ft: 999 corp: 241/4451b lim: 64 exec/s: 0 rss: 59Mb L: 4/63 MS: 1 EraseBytes-
#13816	REDUCE cov: 429 ft: 999 corp: 241/4398b lim: 64 exec/s: 0 rss: 59Mb L: 10/62 MS: 5 PersAutoDict-ChangeByte-ChangeBit-ShuffleBytes-CrossOver- DE: ": "-
#13839	NEW    cov: 429 ft: 1001 corp: 242/4411b lim: 64 exec/s: 0 rss: 59Mb L: 13/62 MS: 3 ShuffleBytes-EraseBytes-CopyPart-
#13909	REDUCE cov: 429 ft: 1001 corp: 242/4407b lim: 64 exec/s: 0 rss: 59Mb L: 27/62 MS: 5 ManualDict-ChangeByte-InsertByte-CopyPart-EraseBytes- DE: "<buffer>"-
#14051	REDUCE cov: 429 ft: 1001 corp: 242/4406b lim: 64 exec/s: 0 rss: 59Mb L: 9/62 MS: 2 ShuffleBytes-EraseBytes-
#14061	REDUCE cov: 429 ft: 1001 corp: 242/4404b lim: 64 exec/s: 0 rss: 59Mb L: 31/62 MS: 5 ChangeByte-CrossOver-ManualDict-ManualDict-CrossOver- DE: "wrong arguments"-"':' expected"-
#14112	NEW    cov: 430 ft: 1002 corp: 243/4456b lim: 64 exec/s: 0 rss: 59Mb L: 52/62 MS: 1 CopyPart-
#14195	REDUCE cov: 430 ft: 1002 corp: 243/4453b lim: 64 exec/s: 0 rss: 59Mb L: 9/62 MS: 3 ShuffleBytes-ChangeByte-EraseBytes-
#14242	REDUCE cov: 430 ft: 1002 corp: 243/4441b lim: 64 exec/s: 0 rss: 59Mb L: 35/62 MS: 2 CMP-EraseBytes- DE: "ffa"-
#14369	REDUCE cov: 430 ft: 1003 corp: 244/4476b lim: 64 exec/s: 0 rss: 60Mb L: 35/62 MS: 2 CMP-InsertByte- DE: "\001\000\001\000"-
#14415	REDUCE cov: 430 ft: 1003 corp: 244/4472b lim: 64 exec/s: 0 rss: 60Mb L: 16/62 MS: 1 EraseBytes-
#14467	REDUCE cov: 430 ft: 1003 corp: 244/4470b lim: 64 exec/s: 0 rss: 60Mb L: 5/62 MS: 2 ChangeByte-EraseBytes-
#14550	REDUCE cov: 430 ft: 1004 corp: 245/4515b lim: 64 exec/s: 0 rss: 60Mb L: 45/62 MS: 3 ShuffleBytes-CopyPart-EraseBytes-
#14666	NEW    cov: 432 ft: 1006 corp: 246/4538b lim: 64 exec/s: 0 rss: 60Mb L: 23/62 MS: 1 InsertRepeatedBytes-
	NEW_FUNC[1/1]: 0xaaaab6b45c80 in json_null /b/jansson/src/value.c:987
#14712	NEW    cov: 434 ft: 1008 corp: 247/4545b lim: 64 exec/s: 0 rss: 60Mb L: 7/62 MS: 1 InsertByte-
#14750	REDUCE cov: 434 ft: 1008 corp: 247/4527b lim: 64 exec/s: 0 rss: 60Mb L: 5/62 MS: 3 CopyPart-InsertByte-CrossOver-
#14771	REDUCE cov: 434 ft: 1008 corp: 247/4510b lim: 64 exec/s: 0 rss: 60Mb L: 21/62 MS: 1 EraseBytes-
#14807	REDUCE cov: 434 ft: 1008 corp: 247/4506b lim: 64 exec/s: 0 rss: 60Mb L: 8/62 MS: 1 EraseBytes-
#14833	REDUCE cov: 434 ft: 1008 corp: 247/4505b lim: 64 exec/s: 0 rss: 60Mb L: 4/62 MS: 1 EraseBytes-
#14860	REDUCE cov: 434 ft: 1008 corp: 247/4503b lim: 64 exec/s: 0 rss: 60Mb L: 28/62 MS: 2 ShuffleBytes-EraseBytes-
#14886	REDUCE cov: 434 ft: 1008 corp: 247/4501b lim: 64 exec/s: 0 rss: 60Mb L: 5/62 MS: 1 EraseBytes-
#14888	REDUCE cov: 434 ft: 1008 corp: 247/4500b lim: 64 exec/s: 0 rss: 60Mb L: 6/62 MS: 2 EraseBytes-ChangeByte-
#14914	NEW    cov: 434 ft: 1010 corp: 248/4542b lim: 64 exec/s: 0 rss: 60Mb L: 42/62 MS: 1 EraseBytes-
#14988	REDUCE cov: 434 ft: 1010 corp: 248/4527b lim: 64 exec/s: 0 rss: 60Mb L: 35/62 MS: 4 ChangeBit-ChangeASCIIInt-ChangeBit-EraseBytes-
#15054	REDUCE cov: 435 ft: 1011 corp: 249/4556b lim: 64 exec/s: 0 rss: 60Mb L: 29/62 MS: 1 ChangeBit-
#15245	REDUCE cov: 435 ft: 1011 corp: 249/4542b lim: 64 exec/s: 0 rss: 60Mb L: 14/62 MS: 1 EraseBytes-
#15316	REDUCE cov: 435 ft: 1011 corp: 249/4539b lim: 64 exec/s: 0 rss: 60Mb L: 32/62 MS: 1 EraseBytes-
#15439	REDUCE cov: 435 ft: 1011 corp: 249/4536b lim: 64 exec/s: 0 rss: 61Mb L: 26/62 MS: 3 CrossOver-ChangeBinInt-EraseBytes-
#15451	REDUCE cov: 435 ft: 1011 corp: 249/4514b lim: 64 exec/s: 0 rss: 61Mb L: 23/62 MS: 2 ChangeBinInt-CrossOver-
#15589	REDUCE cov: 435 ft: 1011 corp: 249/4511b lim: 64 exec/s: 0 rss: 61Mb L: 11/62 MS: 3 ChangeByte-CMP-EraseBytes- DE: "n\000\000\000"-
#15606	REDUCE cov: 435 ft: 1011 corp: 249/4499b lim: 64 exec/s: 0 rss: 61Mb L: 34/62 MS: 2 ChangeBit-CrossOver-
#15715	REDUCE cov: 435 ft: 1011 corp: 249/4493b lim: 64 exec/s: 0 rss: 61Mb L: 23/62 MS: 4 ChangeByte-ChangeBit-ChangeByte-EraseBytes-
#15722	REDUCE cov: 435 ft: 1011 corp: 249/4473b lim: 64 exec/s: 0 rss: 61Mb L: 30/62 MS: 2 CopyPart-EraseBytes-
#15726	REDUCE cov: 435 ft: 1011 corp: 249/4467b lim: 64 exec/s: 0 rss: 61Mb L: 21/62 MS: 4 ChangeBinInt-InsertByte-ChangeBit-EraseBytes-
#15747	REDUCE cov: 435 ft: 1011 corp: 249/4466b lim: 64 exec/s: 0 rss: 61Mb L: 3/62 MS: 1 EraseBytes-
#15804	REDUCE cov: 435 ft: 1013 corp: 250/4519b lim: 64 exec/s: 0 rss: 61Mb L: 53/62 MS: 2 ChangeByte-CopyPart-
#15840	REDUCE cov: 435 ft: 1013 corp: 250/4512b lim: 64 exec/s: 0 rss: 61Mb L: 13/62 MS: 1 EraseBytes-
#15866	REDUCE cov: 435 ft: 1013 corp: 250/4509b lim: 64 exec/s: 0 rss: 61Mb L: 6/62 MS: 1 EraseBytes-
#15887	NEW    cov: 435 ft: 1015 corp: 251/4550b lim: 64 exec/s: 0 rss: 61Mb L: 41/62 MS: 1 CopyPart-
#15905	REDUCE cov: 435 ft: 1016 corp: 252/4565b lim: 64 exec/s: 0 rss: 61Mb L: 15/62 MS: 3 ChangeBit-ChangeBit-CMP- DE: "efgh"-
#15917	REDUCE cov: 435 ft: 1016 corp: 252/4564b lim: 64 exec/s: 0 rss: 61Mb L: 18/62 MS: 2 CopyPart-EraseBytes-
#15978	REDUCE cov: 435 ft: 1016 corp: 252/4560b lim: 64 exec/s: 0 rss: 61Mb L: 4/62 MS: 1 EraseBytes-
#16104	REDUCE cov: 435 ft: 1016 corp: 252/4559b lim: 64 exec/s: 0 rss: 61Mb L: 8/62 MS: 1 EraseBytes-
#16241	REDUCE cov: 435 ft: 1016 corp: 252/4558b lim: 64 exec/s: 0 rss: 61Mb L: 10/62 MS: 2 EraseBytes-CMP- DE: "oooo"-
#16277	REDUCE cov: 435 ft: 1016 corp: 252/4550b lim: 64 exec/s: 0 rss: 62Mb L: 8/62 MS: 1 EraseBytes-
#16353	REDUCE cov: 435 ft: 1016 corp: 252/4547b lim: 64 exec/s: 0 rss: 62Mb L: 4/62 MS: 1 EraseBytes-
#16638	REDUCE cov: 436 ft: 1017 corp: 253/4555b lim: 64 exec/s: 0 rss: 62Mb L: 8/62 MS: 5 ManualDict-ChangeBinInt-ChangeBinInt-PersAutoDict-CrossOver- DE: "<validation>"-"\377\377\377\377"-
#16647	REDUCE cov: 436 ft: 1017 corp: 253/4553b lim: 64 exec/s: 0 rss: 62Mb L: 46/62 MS: 4 PersAutoDict-ChangeBit-ShuffleBytes-EraseBytes- DE: "oooo"-
#16648	REDUCE cov: 436 ft: 1017 corp: 253/4552b lim: 64 exec/s: 0 rss: 62Mb L: 8/62 MS: 1 EraseBytes-
#16690	REDUCE cov: 436 ft: 1017 corp: 253/4544b lim: 64 exec/s: 0 rss: 62Mb L: 18/62 MS: 2 ChangeBinInt-EraseBytes-
#16756	REDUCE cov: 436 ft: 1017 corp: 253/4534b lim: 64 exec/s: 0 rss: 62Mb L: 13/62 MS: 1 EraseBytes-
#16769	REDUCE cov: 436 ft: 1017 corp: 253/4526b lim: 64 exec/s: 0 rss: 62Mb L: 8/62 MS: 3 ChangeBinInt-CrossOver-EraseBytes-
#16811	NEW    cov: 436 ft: 1018 corp: 254/4543b lim: 64 exec/s: 0 rss: 62Mb L: 17/62 MS: 2 CopyPart-CopyPart-
#16864	REDUCE cov: 436 ft: 1018 corp: 254/4541b lim: 64 exec/s: 0 rss: 62Mb L: 29/62 MS: 3 ChangeBit-ChangeByte-EraseBytes-
#16893	REDUCE cov: 436 ft: 1018 corp: 254/4539b lim: 64 exec/s: 0 rss: 62Mb L: 6/62 MS: 4 PersAutoDict-InsertByte-EraseBytes-EraseBytes- DE: "\000\001"-
#17010	REDUCE cov: 436 ft: 1018 corp: 254/4512b lim: 64 exec/s: 0 rss: 62Mb L: 30/62 MS: 2 ChangeByte-EraseBytes-
#17122	REDUCE cov: 436 ft: 1018 corp: 254/4506b lim: 64 exec/s: 0 rss: 62Mb L: 21/62 MS: 2 PersAutoDict-EraseBytes- DE: "ar"-
#17144	REDUCE cov: 436 ft: 1018 corp: 254/4500b lim: 64 exec/s: 0 rss: 62Mb L: 27/62 MS: 2 ChangeASCIIInt-EraseBytes-
#17150	REDUCE cov: 436 ft: 1018 corp: 254/4492b lim: 64 exec/s: 0 rss: 62Mb L: 44/62 MS: 1 EraseBytes-
#17297	REDUCE cov: 436 ft: 1020 corp: 255/4530b lim: 64 exec/s: 0 rss: 62Mb L: 38/62 MS: 2 PersAutoDict-InsertRepeatedBytes- DE: "<stdin>"-
#17318	REDUCE cov: 436 ft: 1020 corp: 255/4527b lim: 64 exec/s: 0 rss: 62Mb L: 50/62 MS: 1 EraseBytes-
#17444	REDUCE cov: 436 ft: 1020 corp: 255/4525b lim: 64 exec/s: 0 rss: 62Mb L: 33/62 MS: 1 EraseBytes-
#17562	REDUCE cov: 436 ft: 1020 corp: 255/4524b lim: 64 exec/s: 0 rss: 62Mb L: 9/62 MS: 3 ChangeASCIIInt-ChangeBit-EraseBytes-
#18133	REDUCE cov: 436 ft: 1020 corp: 255/4521b lim: 64 exec/s: 0 rss: 62Mb L: 16/62 MS: 1 EraseBytes-
#18156	NEW    cov: 436 ft: 1022 corp: 256/4545b lim: 64 exec/s: 0 rss: 62Mb L: 24/62 MS: 3 InsertByte-InsertRepeatedBytes-ChangeByte-
#18284	REDUCE cov: 436 ft: 1022 corp: 256/4543b lim: 64 exec/s: 0 rss: 62Mb L: 8/62 MS: 3 ChangeBinInt-ShuffleBytes-EraseBytes-
#18380	REDUCE cov: 436 ft: 1022 corp: 256/4542b lim: 64 exec/s: 0 rss: 63Mb L: 24/62 MS: 1 EraseBytes-
#18407	NEW    cov: 436 ft: 1026 corp: 257/4577b lim: 64 exec/s: 0 rss: 63Mb L: 35/62 MS: 2 InsertByte-CrossOver-
#18438	REDUCE cov: 436 ft: 1026 corp: 257/4566b lim: 64 exec/s: 0 rss: 63Mb L: 13/62 MS: 1 EraseBytes-
#18564	REDUCE cov: 436 ft: 1026 corp: 257/4565b lim: 64 exec/s: 0 rss: 63Mb L: 5/62 MS: 1 EraseBytes-
#18588	REDUCE cov: 436 ft: 1030 corp: 258/4620b lim: 64 exec/s: 0 rss: 63Mb L: 55/62 MS: 4 CopyPart-ChangeBinInt-ManualDict-CopyPart- DE: "unexpected newline"-
#18647	NEW    cov: 436 ft: 1036 corp: 259/4656b lim: 64 exec/s: 0 rss: 63Mb L: 36/62 MS: 4 ShuffleBytes-ManualDict-ChangeBit-CrossOver- DE: "NULL root value"-
#18703	REDUCE cov: 436 ft: 1036 corp: 259/4653b lim: 64 exec/s: 0 rss: 63Mb L: 52/62 MS: 1 EraseBytes-
#18770	NEW    cov: 436 ft: 1037 corp: 260/4673b lim: 64 exec/s: 0 rss: 63Mb L: 20/62 MS: 2 EraseBytes-ChangeByte-
#18901	REDUCE cov: 436 ft: 1037 corp: 260/4667b lim: 64 exec/s: 0 rss: 63Mb L: 34/62 MS: 1 EraseBytes-
#18922	REDUCE cov: 436 ft: 1037 corp: 260/4666b lim: 64 exec/s: 0 rss: 63Mb L: 17/62 MS: 1 EraseBytes-
#18988	REDUCE cov: 436 ft: 1037 corp: 260/4663b lim: 64 exec/s: 0 rss: 63Mb L: 26/62 MS: 1 EraseBytes-
#19002	REDUCE cov: 436 ft: 1037 corp: 260/4653b lim: 64 exec/s: 0 rss: 63Mb L: 16/62 MS: 4 ChangeBit-CMP-ShuffleBytes-EraseBytes- DE: "\000\000\000{"-
#19053	REDUCE cov: 436 ft: 1037 corp: 260/4644b lim: 64 exec/s: 0 rss: 63Mb L: 10/62 MS: 1 EraseBytes-
#19060	NEW    cov: 436 ft: 1044 corp: 261/4679b lim: 64 exec/s: 0 rss: 63Mb L: 35/62 MS: 2 ChangeBinInt-CopyPart-
#19175	NEW    cov: 436 ft: 1046 corp: 262/4743b lim: 64 exec/s: 0 rss: 64Mb L: 64/64 MS: 5 ChangeByte-InsertByte-CopyPart-ChangeBit-ChangeBit-
#19286	REDUCE cov: 436 ft: 1047 corp: 263/4758b lim: 64 exec/s: 0 rss: 64Mb L: 15/64 MS: 1 CopyPart-
#19287	REDUCE cov: 436 ft: 1047 corp: 263/4755b lim: 64 exec/s: 0 rss: 64Mb L: 43/64 MS: 1 EraseBytes-
#19313	REDUCE cov: 436 ft: 1047 corp: 263/4748b lim: 64 exec/s: 0 rss: 64Mb L: 11/64 MS: 1 EraseBytes-
#19381	REDUCE cov: 436 ft: 1047 corp: 263/4746b lim: 64 exec/s: 0 rss: 64Mb L: 27/64 MS: 3 ManualDict-ChangeBinInt-EraseBytes- DE: "<format>"-
#19429	NEW    cov: 438 ft: 1049 corp: 264/4764b lim: 64 exec/s: 0 rss: 64Mb L: 18/64 MS: 3 ChangeByte-ChangeBinInt-CopyPart-
#19607	REDUCE cov: 438 ft: 1049 corp: 264/4762b lim: 64 exec/s: 0 rss: 64Mb L: 16/64 MS: 3 InsertByte-CopyPart-EraseBytes-
#19608	REDUCE cov: 438 ft: 1049 corp: 264/4757b lim: 64 exec/s: 0 rss: 64Mb L: 20/64 MS: 1 EraseBytes-
#19725	REDUCE cov: 438 ft: 1049 corp: 264/4755b lim: 64 exec/s: 0 rss: 64Mb L: 27/64 MS: 2 CrossOver-EraseBytes-
#19766	REDUCE cov: 438 ft: 1049 corp: 264/4743b lim: 64 exec/s: 0 rss: 64Mb L: 39/64 MS: 1 EraseBytes-
#19790	REDUCE cov: 438 ft: 1049 corp: 264/4741b lim: 64 exec/s: 0 rss: 64Mb L: 29/64 MS: 4 ShuffleBytes-ShuffleBytes-InsertByte-EraseBytes-
#19801	REDUCE cov: 438 ft: 1049 corp: 264/4737b lim: 64 exec/s: 0 rss: 64Mb L: 22/64 MS: 1 EraseBytes-
#19899	REDUCE cov: 438 ft: 1049 corp: 264/4710b lim: 64 exec/s: 0 rss: 64Mb L: 37/62 MS: 3 ShuffleBytes-ChangeByte-EraseBytes-
#19967	REDUCE cov: 438 ft: 1049 corp: 264/4705b lim: 64 exec/s: 0 rss: 64Mb L: 33/62 MS: 3 InsertRepeatedBytes-ChangeByte-EraseBytes-
#19969	REDUCE cov: 438 ft: 1049 corp: 264/4695b lim: 64 exec/s: 0 rss: 64Mb L: 26/62 MS: 2 ShuffleBytes-EraseBytes-
#20050	REDUCE cov: 438 ft: 1049 corp: 264/4691b lim: 64 exec/s: 0 rss: 64Mb L: 12/62 MS: 1 EraseBytes-
#20071	REDUCE cov: 438 ft: 1049 corp: 264/4687b lim: 64 exec/s: 0 rss: 64Mb L: 18/62 MS: 1 EraseBytes-
#20128	REDUCE cov: 438 ft: 1049 corp: 264/4674b lim: 64 exec/s: 0 rss: 64Mb L: 30/62 MS: 2 CMP-EraseBytes- DE: "\377\377\377\377\377\377\377\377"-
#20289	REDUCE cov: 438 ft: 1049 corp: 264/4669b lim: 64 exec/s: 0 rss: 64Mb L: 11/62 MS: 1 EraseBytes-
#20315	REDUCE cov: 438 ft: 1049 corp: 264/4668b lim: 64 exec/s: 0 rss: 64Mb L: 36/62 MS: 1 EraseBytes-
#20346	REDUCE cov: 438 ft: 1049 corp: 264/4667b lim: 64 exec/s: 0 rss: 65Mb L: 7/62 MS: 1 EraseBytes-
#20357	REDUCE cov: 438 ft: 1049 corp: 264/4662b lim: 64 exec/s: 0 rss: 65Mb L: 10/62 MS: 1 CrossOver-
#20506	REDUCE cov: 438 ft: 1050 corp: 265/4675b lim: 64 exec/s: 0 rss: 65Mb L: 13/62 MS: 4 ChangeByte-InsertByte-InsertByte-ShuffleBytes-
#20545	REDUCE cov: 438 ft: 1050 corp: 265/4671b lim: 64 exec/s: 0 rss: 65Mb L: 12/62 MS: 4 InsertByte-ChangeByte-ChangeBinInt-EraseBytes-
#20610	REDUCE cov: 438 ft: 1050 corp: 265/4667b lim: 64 exec/s: 0 rss: 65Mb L: 46/62 MS: 5 PersAutoDict-CopyPart-ChangeBit-ChangeBinInt-CrossOver- DE: "\001\000\000\""-
#20628	REDUCE cov: 438 ft: 1050 corp: 265/4661b lim: 64 exec/s: 0 rss: 65Mb L: 26/62 MS: 3 ChangeByte-ChangeBinInt-EraseBytes-
#20694	REDUCE cov: 438 ft: 1050 corp: 265/4649b lim: 64 exec/s: 0 rss: 65Mb L: 14/62 MS: 1 EraseBytes-
#20917	REDUCE cov: 438 ft: 1050 corp: 265/4643b lim: 64 exec/s: 0 rss: 65Mb L: 8/62 MS: 3 PersAutoDict-ChangeASCIIInt-EraseBytes- DE: "\000["-
#21209	REDUCE cov: 438 ft: 1050 corp: 265/4642b lim: 64 exec/s: 0 rss: 65Mb L: 7/62 MS: 2 CMP-EraseBytes- DE: "\000\000\0000"-
#21211	REDUCE cov: 438 ft: 1050 corp: 265/4637b lim: 64 exec/s: 0 rss: 65Mb L: 7/62 MS: 2 ChangeASCIIInt-EraseBytes-
#21232	NEW    cov: 439 ft: 1052 corp: 266/4643b lim: 64 exec/s: 0 rss: 65Mb L: 6/62 MS: 1 ChangeByte-
#21248	REDUCE cov: 439 ft: 1052 corp: 266/4641b lim: 64 exec/s: 0 rss: 65Mb L: 17/62 MS: 1 EraseBytes-
#21290	REDUCE cov: 439 ft: 1052 corp: 266/4620b lim: 64 exec/s: 0 rss: 65Mb L: 30/62 MS: 2 InsertRepeatedBytes-CrossOver-
#21382	REDUCE cov: 439 ft: 1052 corp: 266/4617b lim: 64 exec/s: 0 rss: 66Mb L: 32/62 MS: 2 CMP-EraseBytes- DE: "u\000\000\000"-
#21522	REDUCE cov: 439 ft: 1052 corp: 266/4607b lim: 64 exec/s: 0 rss: 66Mb L: 28/62 MS: 5 CrossOver-InsertByte-ChangeByte-CopyPart-EraseBytes-
#21609	REDUCE cov: 439 ft: 1052 corp: 266/4597b lim: 64 exec/s: 0 rss: 66Mb L: 23/62 MS: 2 CrossOver-EraseBytes-
#21614	REDUCE cov: 439 ft: 1052 corp: 266/4590b lim: 64 exec/s: 0 rss: 66Mb L: 27/62 MS: 5 ShuffleBytes-ManualDict-ManualDict-ChangeASCIIInt-CrossOver- DE: "<internal>"-"premature end of input"-
#22075	REDUCE cov: 439 ft: 1052 corp: 266/4588b lim: 64 exec/s: 0 rss: 66Mb L: 6/62 MS: 1 EraseBytes-
#22088	REDUCE cov: 439 ft: 1052 corp: 266/4587b lim: 64 exec/s: 0 rss: 66Mb L: 10/62 MS: 3 ChangeBit-PersAutoDict-EraseBytes- DE: "\000["-
#22094	REDUCE cov: 439 ft: 1053 corp: 267/4643b lim: 64 exec/s: 0 rss: 66Mb L: 56/62 MS: 1 ManualDict- DE: "0x"-
#22228	REDUCE cov: 439 ft: 1053 corp: 267/4626b lim: 64 exec/s: 0 rss: 66Mb L: 18/62 MS: 4 PersAutoDict-ChangeASCIIInt-InsertByte-EraseBytes- DE: "n\000\000\000"-
#22300	REDUCE cov: 439 ft: 1053 corp: 267/4611b lim: 64 exec/s: 0 rss: 66Mb L: 28/62 MS: 2 ChangeByte-EraseBytes-
#22452	NEW    cov: 439 ft: 1057 corp: 268/4666b lim: 64 exec/s: 0 rss: 66Mb L: 55/62 MS: 2 ChangeASCIIInt-CopyPart-
#22483	REDUCE cov: 439 ft: 1057 corp: 268/4656b lim: 64 exec/s: 0 rss: 66Mb L: 40/62 MS: 1 CrossOver-
#22495	REDUCE cov: 439 ft: 1057 corp: 268/4645b lim: 64 exec/s: 0 rss: 66Mb L: 27/62 MS: 2 ChangeByte-EraseBytes-
#22576	REDUCE cov: 439 ft: 1057 corp: 268/4637b lim: 64 exec/s: 0 rss: 66Mb L: 10/62 MS: 1 EraseBytes-
#22667	REDUCE cov: 439 ft: 1057 corp: 268/4636b lim: 64 exec/s: 0 rss: 66Mb L: 9/62 MS: 1 EraseBytes-
#22740	REDUCE cov: 439 ft: 1057 corp: 268/4635b lim: 64 exec/s: 0 rss: 66Mb L: 3/62 MS: 3 CopyPart-PersAutoDict-EraseBytes- DE: "ar"-
#22831	NEW    cov: 440 ft: 1059 corp: 269/4664b lim: 64 exec/s: 0 rss: 66Mb L: 29/62 MS: 1 ChangeASCIIInt-
#23143	REDUCE cov: 440 ft: 1059 corp: 269/4662b lim: 64 exec/s: 0 rss: 67Mb L: 5/62 MS: 2 InsertByte-EraseBytes-
#23359	REDUCE cov: 440 ft: 1059 corp: 269/4661b lim: 64 exec/s: 0 rss: 67Mb L: 5/62 MS: 1 EraseBytes-
#23505	NEW    cov: 440 ft: 1061 corp: 270/4682b lim: 64 exec/s: 0 rss: 67Mb L: 21/62 MS: 1 CrossOver-
#23605	REDUCE cov: 440 ft: 1061 corp: 270/4673b lim: 64 exec/s: 0 rss: 67Mb L: 19/62 MS: 5 ChangeByte-ChangeBinInt-ChangeBit-PersAutoDict-EraseBytes- DE: "\000\000"-
#23606	REDUCE cov: 440 ft: 1063 corp: 271/4689b lim: 64 exec/s: 0 rss: 67Mb L: 16/62 MS: 1 CopyPart-
#23663	REDUCE cov: 440 ft: 1063 corp: 271/4682b lim: 64 exec/s: 0 rss: 67Mb L: 10/62 MS: 2 PersAutoDict-EraseBytes- DE: "\377\377\377\377"-
#23719	REDUCE cov: 440 ft: 1063 corp: 271/4678b lim: 64 exec/s: 0 rss: 67Mb L: 8/62 MS: 1 EraseBytes-
#23845	REDUCE cov: 440 ft: 1063 corp: 271/4676b lim: 64 exec/s: 0 rss: 67Mb L: 30/62 MS: 1 EraseBytes-
#23899	REDUCE cov: 440 ft: 1063 corp: 271/4664b lim: 64 exec/s: 0 rss: 67Mb L: 20/62 MS: 4 CopyPart-ChangeBinInt-ManualDict-EraseBytes- DE: "0x"-
#23965	REDUCE cov: 440 ft: 1063 corp: 271/4663b lim: 64 exec/s: 0 rss: 67Mb L: 8/62 MS: 1 EraseBytes-
#24051	REDUCE cov: 440 ft: 1063 corp: 271/4647b lim: 64 exec/s: 0 rss: 67Mb L: 24/62 MS: 1 EraseBytes-
#24242	REDUCE cov: 440 ft: 1063 corp: 271/4643b lim: 64 exec/s: 0 rss: 68Mb L: 19/62 MS: 1 EraseBytes-
#24343	REDUCE cov: 440 ft: 1064 corp: 272/4655b lim: 64 exec/s: 0 rss: 68Mb L: 12/62 MS: 1 PersAutoDict- DE: "fal"-
#24379	REDUCE cov: 440 ft: 1064 corp: 272/4654b lim: 64 exec/s: 0 rss: 68Mb L: 9/62 MS: 1 EraseBytes-
#24771	REDUCE cov: 440 ft: 1064 corp: 272/4651b lim: 64 exec/s: 0 rss: 68Mb L: 24/62 MS: 2 CopyPart-EraseBytes-
#24782	REDUCE cov: 440 ft: 1065 corp: 273/4704b lim: 64 exec/s: 0 rss: 68Mb L: 53/62 MS: 1 CrossOver-
#24783	REDUCE cov: 440 ft: 1065 corp: 273/4701b lim: 64 exec/s: 0 rss: 68Mb L: 15/62 MS: 1 EraseBytes-
#24799	REDUCE cov: 440 ft: 1065 corp: 273/4697b lim: 64 exec/s: 0 rss: 68Mb L: 14/62 MS: 1 EraseBytes-
#24825	REDUCE cov: 440 ft: 1065 corp: 273/4694b lim: 64 exec/s: 0 rss: 68Mb L: 27/62 MS: 1 EraseBytes-
#24852	REDUCE cov: 440 ft: 1065 corp: 273/4688b lim: 64 exec/s: 0 rss: 68Mb L: 14/62 MS: 2 ShuffleBytes-EraseBytes-
#24863	NEW    cov: 440 ft: 1067 corp: 274/4733b lim: 64 exec/s: 0 rss: 68Mb L: 45/62 MS: 1 CopyPart-
#24874	REDUCE cov: 440 ft: 1067 corp: 274/4732b lim: 64 exec/s: 0 rss: 68Mb L: 23/62 MS: 1 EraseBytes-
#25086	NEW    cov: 440 ft: 1068 corp: 275/4750b lim: 64 exec/s: 0 rss: 68Mb L: 18/62 MS: 2 ChangeBit-EraseBytes-
#25232	REDUCE cov: 440 ft: 1068 corp: 275/4749b lim: 64 exec/s: 0 rss: 68Mb L: 13/62 MS: 1 EraseBytes-
#25262	REDUCE cov: 440 ft: 1068 corp: 275/4733b lim: 64 exec/s: 0 rss: 68Mb L: 32/62 MS: 5 ChangeByte-ChangeByte-ShuffleBytes-CMP-EraseBytes- DE: "true"-
#25284	REDUCE cov: 440 ft: 1068 corp: 275/4732b lim: 64 exec/s: 0 rss: 68Mb L: 11/62 MS: 2 ShuffleBytes-EraseBytes-
#25447	REDUCE cov: 440 ft: 1068 corp: 275/4730b lim: 64 exec/s: 0 rss: 68Mb L: 5/62 MS: 3 ChangeBit-ShuffleBytes-EraseBytes-
#25520	REDUCE cov: 440 ft: 1068 corp: 275/4708b lim: 64 exec/s: 0 rss: 68Mb L: 24/62 MS: 3 ShuffleBytes-ChangeByte-EraseBytes-
#25537	REDUCE cov: 440 ft: 1071 corp: 276/4743b lim: 64 exec/s: 0 rss: 68Mb L: 35/62 MS: 2 ChangeBinInt-CrossOver-
#25683	REDUCE cov: 440 ft: 1071 corp: 276/4741b lim: 64 exec/s: 0 rss: 68Mb L: 5/62 MS: 1 EraseBytes-
#26009	REDUCE cov: 440 ft: 1071 corp: 276/4739b lim: 64 exec/s: 0 rss: 69Mb L: 28/62 MS: 1 EraseBytes-
#26071	REDUCE cov: 440 ft: 1071 corp: 276/4735b lim: 64 exec/s: 0 rss: 69Mb L: 28/62 MS: 2 InsertByte-EraseBytes-
#26377	REDUCE cov: 440 ft: 1071 corp: 276/4734b lim: 64 exec/s: 0 rss: 69Mb L: 8/62 MS: 1 EraseBytes-
#26723	REDUCE cov: 440 ft: 1071 corp: 276/4733b lim: 64 exec/s: 0 rss: 69Mb L: 8/62 MS: 1 EraseBytes-
#26785	NEW    cov: 440 ft: 1076 corp: 277/4775b lim: 64 exec/s: 0 rss: 69Mb L: 42/62 MS: 2 EraseBytes-CopyPart-
#26929	REDUCE cov: 440 ft: 1076 corp: 277/4761b lim: 64 exec/s: 0 rss: 69Mb L: 18/62 MS: 4 CrossOver-ChangeByte-CrossOver-EraseBytes-
#26935	REDUCE cov: 440 ft: 1076 corp: 277/4746b lim: 64 exec/s: 0 rss: 69Mb L: 12/62 MS: 1 CrossOver-
#27022	REDUCE cov: 440 ft: 1076 corp: 277/4744b lim: 64 exec/s: 0 rss: 69Mb L: 8/62 MS: 2 ChangeBit-EraseBytes-
#27105	REDUCE cov: 440 ft: 1076 corp: 277/4731b lim: 64 exec/s: 0 rss: 69Mb L: 42/62 MS: 3 InsertRepeatedBytes-CMP-EraseBytes- DE: "!\000\000\000"-
#27107	REDUCE cov: 440 ft: 1077 corp: 278/4761b lim: 64 exec/s: 0 rss: 69Mb L: 30/62 MS: 2 ChangeByte-CMP- DE: "\377\377\377+"-
#27218	NEW    cov: 440 ft: 1078 corp: 279/4792b lim: 64 exec/s: 0 rss: 69Mb L: 31/62 MS: 1 CopyPart-
#27254	REDUCE cov: 440 ft: 1078 corp: 279/4782b lim: 64 exec/s: 0 rss: 69Mb L: 16/62 MS: 1 EraseBytes-
#27255	REDUCE cov: 440 ft: 1078 corp: 279/4781b lim: 64 exec/s: 0 rss: 69Mb L: 4/62 MS: 1 EraseBytes-
#27262	REDUCE cov: 440 ft: 1078 corp: 279/4780b lim: 64 exec/s: 0 rss: 69Mb L: 6/62 MS: 2 InsertByte-EraseBytes-
#27270	REDUCE cov: 440 ft: 1078 corp: 279/4778b lim: 64 exec/s: 0 rss: 69Mb L: 17/62 MS: 3 CopyPart-ShuffleBytes-EraseBytes-
#27311	REDUCE cov: 440 ft: 1078 corp: 279/4765b lim: 64 exec/s: 27311 rss: 69Mb L: 24/62 MS: 1 EraseBytes-
#27322	REDUCE cov: 440 ft: 1078 corp: 279/4761b lim: 64 exec/s: 27322 rss: 69Mb L: 12/62 MS: 1 EraseBytes-
#27378	REDUCE cov: 440 ft: 1078 corp: 279/4760b lim: 64 exec/s: 27378 rss: 69Mb L: 2/62 MS: 1 EraseBytes-
#27379	REDUCE cov: 440 ft: 1078 corp: 279/4759b lim: 64 exec/s: 27379 rss: 69Mb L: 7/62 MS: 1 EraseBytes-
#27810	REDUCE cov: 440 ft: 1078 corp: 279/4745b lim: 64 exec/s: 27810 rss: 70Mb L: 42/62 MS: 1 EraseBytes-
#28122	REDUCE cov: 440 ft: 1078 corp: 279/4744b lim: 64 exec/s: 28122 rss: 70Mb L: 5/62 MS: 2 ShuffleBytes-EraseBytes-
#28123	REDUCE cov: 440 ft: 1078 corp: 279/4740b lim: 64 exec/s: 28123 rss: 70Mb L: 20/62 MS: 1 EraseBytes-
#28132	REDUCE cov: 440 ft: 1078 corp: 279/4737b lim: 64 exec/s: 28132 rss: 70Mb L: 53/62 MS: 4 ShuffleBytes-ChangeBinInt-InsertRepeatedBytes-EraseBytes-
#28203	REDUCE cov: 440 ft: 1078 corp: 279/4735b lim: 64 exec/s: 28203 rss: 70Mb L: 27/62 MS: 1 EraseBytes-
#28276	REDUCE cov: 440 ft: 1079 corp: 280/4761b lim: 64 exec/s: 28276 rss: 70Mb L: 26/62 MS: 3 CopyPart-CrossOver-CopyPart-
#28378	REDUCE cov: 440 ft: 1079 corp: 280/4759b lim: 64 exec/s: 28378 rss: 70Mb L: 22/62 MS: 2 ChangeBinInt-EraseBytes-
#28459	REDUCE cov: 440 ft: 1079 corp: 280/4756b lim: 64 exec/s: 28459 rss: 70Mb L: 5/62 MS: 1 EraseBytes-
#28495	REDUCE cov: 440 ft: 1079 corp: 280/4755b lim: 64 exec/s: 28495 rss: 71Mb L: 7/62 MS: 1 EraseBytes-
#28507	REDUCE cov: 440 ft: 1079 corp: 280/4752b lim: 64 exec/s: 28507 rss: 71Mb L: 8/62 MS: 2 InsertByte-EraseBytes-
#28568	REDUCE cov: 440 ft: 1079 corp: 280/4750b lim: 64 exec/s: 28568 rss: 71Mb L: 14/62 MS: 1 EraseBytes-
#28679	NEW    cov: 440 ft: 1081 corp: 281/4805b lim: 64 exec/s: 28679 rss: 71Mb L: 55/62 MS: 1 CopyPart-
#28905	REDUCE cov: 440 ft: 1081 corp: 281/4793b lim: 64 exec/s: 28905 rss: 71Mb L: 9/62 MS: 1 CrossOver-
#28921	REDUCE cov: 440 ft: 1081 corp: 281/4789b lim: 64 exec/s: 28921 rss: 71Mb L: 25/62 MS: 1 EraseBytes-
#28950	REDUCE cov: 440 ft: 1081 corp: 281/4788b lim: 64 exec/s: 28950 rss: 71Mb L: 34/62 MS: 4 ChangeBinInt-ChangeBit-PersAutoDict-EraseBytes- DE: "':' expected"-
#29106	NEW    cov: 440 ft: 1082 corp: 282/4802b lim: 64 exec/s: 29106 rss: 71Mb L: 14/62 MS: 1 CopyPart-
#29135	REDUCE cov: 440 ft: 1082 corp: 282/4801b lim: 64 exec/s: 29135 rss: 71Mb L: 10/62 MS: 4 ChangeByte-ChangeBit-ChangeBit-EraseBytes-
#29826	REDUCE cov: 440 ft: 1082 corp: 282/4791b lim: 70 exec/s: 29826 rss: 71Mb L: 13/62 MS: 1 CrossOver-
#29827	REDUCE cov: 440 ft: 1082 corp: 282/4788b lim: 70 exec/s: 29827 rss: 71Mb L: 15/62 MS: 1 EraseBytes-
#29966	REDUCE cov: 440 ft: 1083 corp: 283/4820b lim: 70 exec/s: 29966 rss: 71Mb L: 32/62 MS: 4 ChangeBinInt-PersAutoDict-ShuffleBytes-CrossOver- DE: "\001/"-
#30047	REDUCE cov: 440 ft: 1083 corp: 283/4819b lim: 70 exec/s: 30047 rss: 71Mb L: 16/62 MS: 1 EraseBytes-
#30668	REDUCE cov: 440 ft: 1083 corp: 283/4818b lim: 76 exec/s: 30668 rss: 72Mb L: 6/62 MS: 1 EraseBytes-
#30824	NEW    cov: 440 ft: 1086 corp: 284/4894b lim: 76 exec/s: 30824 rss: 72Mb L: 76/76 MS: 1 CopyPart-
#31195	REDUCE cov: 440 ft: 1086 corp: 284/4884b lim: 76 exec/s: 31195 rss: 81Mb L: 43/76 MS: 2 InsertRepeatedBytes-EraseBytes-
#31201	REDUCE cov: 440 ft: 1086 corp: 284/4882b lim: 76 exec/s: 31201 rss: 81Mb L: 74/74 MS: 1 EraseBytes-
#31282	REDUCE cov: 440 ft: 1087 corp: 285/4921b lim: 76 exec/s: 31282 rss: 81Mb L: 39/74 MS: 1 EraseBytes-
#31318	REDUCE cov: 440 ft: 1087 corp: 285/4920b lim: 76 exec/s: 31318 rss: 81Mb L: 10/74 MS: 1 EraseBytes-
#31327	REDUCE cov: 440 ft: 1087 corp: 285/4918b lim: 76 exec/s: 31327 rss: 81Mb L: 39/74 MS: 4 ChangeASCIIInt-ChangeBit-ChangeBinInt-EraseBytes-
#31424	NEW    cov: 440 ft: 1090 corp: 286/4942b lim: 76 exec/s: 31424 rss: 81Mb L: 24/74 MS: 2 ManualDict-CopyPart- DE: "<stdin>"-
#31428	REDUCE cov: 440 ft: 1090 corp: 286/4938b lim: 76 exec/s: 31428 rss: 81Mb L: 9/74 MS: 4 ChangeBinInt-EraseBytes-CopyPart-ShuffleBytes-
#31484	REDUCE cov: 440 ft: 1090 corp: 286/4933b lim: 76 exec/s: 31484 rss: 81Mb L: 8/74 MS: 1 EraseBytes-
#31565	REDUCE cov: 440 ft: 1090 corp: 286/4929b lim: 76 exec/s: 31565 rss: 81Mb L: 70/70 MS: 1 EraseBytes-
#31706	REDUCE cov: 440 ft: 1090 corp: 286/4927b lim: 76 exec/s: 31706 rss: 81Mb L: 10/70 MS: 1 EraseBytes-
#32059	REDUCE cov: 440 ft: 1090 corp: 286/4922b lim: 76 exec/s: 32059 rss: 82Mb L: 28/70 MS: 3 CopyPart-CopyPart-EraseBytes-
#32191	REDUCE cov: 440 ft: 1090 corp: 286/4908b lim: 76 exec/s: 32191 rss: 82Mb L: 19/70 MS: 2 InsertByte-EraseBytes-
#32267	REDUCE cov: 440 ft: 1090 corp: 286/4907b lim: 76 exec/s: 32267 rss: 82Mb L: 27/70 MS: 1 EraseBytes-
#32298	REDUCE cov: 440 ft: 1090 corp: 286/4906b lim: 76 exec/s: 32298 rss: 82Mb L: 4/70 MS: 1 EraseBytes-
#32311	REDUCE cov: 440 ft: 1090 corp: 286/4902b lim: 76 exec/s: 32311 rss: 82Mb L: 41/70 MS: 3 InsertByte-ShuffleBytes-EraseBytes-
#32367	REDUCE cov: 440 ft: 1090 corp: 286/4899b lim: 76 exec/s: 32367 rss: 82Mb L: 17/70 MS: 1 EraseBytes-
#32412	REDUCE cov: 440 ft: 1090 corp: 286/4892b lim: 76 exec/s: 32412 rss: 82Mb L: 46/70 MS: 5 CopyPart-ChangeBinInt-ChangeBinInt-ShuffleBytes-EraseBytes-
#32546	REDUCE cov: 440 ft: 1090 corp: 286/4888b lim: 76 exec/s: 32546 rss: 82Mb L: 13/70 MS: 4 ChangeASCIIInt-ChangeASCIIInt-CopyPart-EraseBytes-
#32562	REDUCE cov: 440 ft: 1090 corp: 286/4887b lim: 76 exec/s: 32562 rss: 82Mb L: 28/70 MS: 1 EraseBytes-
#32870	NEW    cov: 440 ft: 1095 corp: 287/4904b lim: 76 exec/s: 32870 rss: 82Mb L: 17/70 MS: 3 PersAutoDict-ChangeASCIIInt-CMP- DE: "rue"-"br"-
#32881	REDUCE cov: 440 ft: 1111 corp: 288/4912b lim: 76 exec/s: 32881 rss: 82Mb L: 8/70 MS: 1 CopyPart-
#32892	REDUCE cov: 440 ft: 1111 corp: 288/4911b lim: 76 exec/s: 32892 rss: 82Mb L: 7/70 MS: 1 EraseBytes-
#32903	REDUCE cov: 440 ft: 1111 corp: 288/4906b lim: 76 exec/s: 32903 rss: 82Mb L: 22/70 MS: 1 EraseBytes-
#33111	NEW    cov: 440 ft: 1112 corp: 289/4922b lim: 76 exec/s: 33111 rss: 82Mb L: 16/70 MS: 3 InsertByte-InsertByte-PersAutoDict- DE: "Un"-
#33129	REDUCE cov: 440 ft: 1112 corp: 289/4917b lim: 76 exec/s: 33129 rss: 82Mb L: 16/70 MS: 3 ChangeBit-PersAutoDict-CrossOver- DE: "rue"-
#33240	REDUCE cov: 440 ft: 1112 corp: 289/4914b lim: 76 exec/s: 33240 rss: 82Mb L: 25/70 MS: 1 EraseBytes-
#33258	REDUCE cov: 440 ft: 1112 corp: 289/4910b lim: 76 exec/s: 33258 rss: 83Mb L: 5/70 MS: 3 ChangeASCIIInt-ShuffleBytes-EraseBytes-
#33360	REDUCE cov: 440 ft: 1112 corp: 289/4897b lim: 76 exec/s: 33360 rss: 83Mb L: 13/70 MS: 2 PersAutoDict-EraseBytes- DE: "<buffer>"-
#33731	REDUCE cov: 440 ft: 1112 corp: 289/4884b lim: 76 exec/s: 33731 rss: 83Mb L: 21/70 MS: 1 EraseBytes-
#33812	REDUCE cov: 440 ft: 1112 corp: 289/4883b lim: 76 exec/s: 33812 rss: 83Mb L: 15/70 MS: 1 EraseBytes-
#33833	REDUCE cov: 440 ft: 1112 corp: 289/4882b lim: 76 exec/s: 33833 rss: 83Mb L: 5/70 MS: 1 EraseBytes-
#33834	REDUCE cov: 440 ft: 1112 corp: 289/4877b lim: 76 exec/s: 33834 rss: 83Mb L: 19/70 MS: 1 EraseBytes-
#33855	REDUCE cov: 440 ft: 1112 corp: 289/4875b lim: 76 exec/s: 33855 rss: 83Mb L: 6/70 MS: 1 EraseBytes-
#33907	NEW    cov: 440 ft: 1113 corp: 290/4885b lim: 76 exec/s: 33907 rss: 83Mb L: 10/70 MS: 2 ChangeASCIIInt-CopyPart-
#33963	NEW    cov: 440 ft: 1114 corp: 291/4916b lim: 76 exec/s: 33963 rss: 83Mb L: 31/70 MS: 1 CopyPart-
#33975	REDUCE cov: 440 ft: 1114 corp: 291/4915b lim: 76 exec/s: 33975 rss: 84Mb L: 14/70 MS: 2 InsertByte-CrossOver-
#34176	REDUCE cov: 440 ft: 1114 corp: 291/4914b lim: 76 exec/s: 34176 rss: 84Mb L: 7/70 MS: 1 EraseBytes-
#34196	REDUCE cov: 440 ft: 1114 corp: 291/4913b lim: 76 exec/s: 34196 rss: 84Mb L: 17/70 MS: 5 CopyPart-EraseBytes-InsertByte-ChangeByte-EraseBytes-
#34288	REDUCE cov: 440 ft: 1114 corp: 291/4912b lim: 76 exec/s: 34288 rss: 84Mb L: 5/70 MS: 2 ChangeBit-EraseBytes-
#34899	REDUCE cov: 440 ft: 1114 corp: 291/4911b lim: 82 exec/s: 34899 rss: 84Mb L: 16/70 MS: 1 EraseBytes-
#34955	REDUCE cov: 440 ft: 1114 corp: 291/4909b lim: 82 exec/s: 34955 rss: 84Mb L: 8/70 MS: 1 EraseBytes-
#34956	REDUCE cov: 440 ft: 1114 corp: 291/4907b lim: 82 exec/s: 34956 rss: 84Mb L: 2/70 MS: 1 EraseBytes-
#34992	REDUCE cov: 440 ft: 1114 corp: 291/4906b lim: 82 exec/s: 34992 rss: 84Mb L: 9/70 MS: 1 EraseBytes-
#35188	REDUCE cov: 440 ft: 1116 corp: 292/4934b lim: 82 exec/s: 35188 rss: 84Mb L: 28/70 MS: 1 CopyPart-
#35239	REDUCE cov: 440 ft: 1116 corp: 292/4930b lim: 82 exec/s: 35239 rss: 84Mb L: 31/70 MS: 1 EraseBytes-
#35370	REDUCE cov: 440 ft: 1117 corp: 293/4960b lim: 82 exec/s: 35370 rss: 84Mb L: 30/70 MS: 1 ChangeByte-
#35416	REDUCE cov: 440 ft: 1117 corp: 293/4958b lim: 82 exec/s: 35416 rss: 84Mb L: 19/70 MS: 1 EraseBytes-
#35693	REDUCE cov: 440 ft: 1117 corp: 293/4953b lim: 82 exec/s: 35693 rss: 84Mb L: 17/70 MS: 2 CMP-EraseBytes- DE: "%\000\000\000\000\000\000\000"-
#35820	REDUCE cov: 440 ft: 1117 corp: 293/4950b lim: 82 exec/s: 35820 rss: 84Mb L: 22/70 MS: 2 ChangeByte-EraseBytes-
#36006	REDUCE cov: 440 ft: 1117 corp: 293/4945b lim: 82 exec/s: 36006 rss: 84Mb L: 9/70 MS: 1 EraseBytes-
#36048	REDUCE cov: 440 ft: 1118 corp: 294/4993b lim: 82 exec/s: 36048 rss: 84Mb L: 48/70 MS: 2 ShuffleBytes-CopyPart-
#36276	REDUCE cov: 440 ft: 1118 corp: 294/4977b lim: 82 exec/s: 36276 rss: 85Mb L: 28/70 MS: 3 PersAutoDict-ChangeByte-EraseBytes- DE: "\\\000\000\000"-
#36547	REDUCE cov: 440 ft: 1118 corp: 294/4976b lim: 82 exec/s: 36547 rss: 85Mb L: 14/70 MS: 1 EraseBytes-
#36593	REDUCE cov: 440 ft: 1118 corp: 294/4966b lim: 82 exec/s: 36593 rss: 85Mb L: 21/70 MS: 1 EraseBytes-
#36595	REDUCE cov: 440 ft: 1118 corp: 294/4965b lim: 82 exec/s: 36595 rss: 85Mb L: 38/70 MS: 2 ChangeBinInt-EraseBytes-
#36611	REDUCE cov: 440 ft: 1118 corp: 294/4961b lim: 82 exec/s: 36611 rss: 85Mb L: 6/70 MS: 1 EraseBytes-
#36677	REDUCE cov: 440 ft: 1118 corp: 294/4960b lim: 82 exec/s: 36677 rss: 85Mb L: 6/70 MS: 1 EraseBytes-
#36858	REDUCE cov: 440 ft: 1118 corp: 294/4959b lim: 82 exec/s: 36858 rss: 85Mb L: 34/70 MS: 1 EraseBytes-
#36872	REDUCE cov: 440 ft: 1118 corp: 294/4955b lim: 82 exec/s: 36872 rss: 85Mb L: 25/70 MS: 4 ChangeBit-ChangeBit-ManualDict-EraseBytes- DE: "<stdin>"-
#36880	REDUCE cov: 440 ft: 1118 corp: 294/4949b lim: 82 exec/s: 36880 rss: 85Mb L: 7/70 MS: 3 ChangeBit-ChangeASCIIInt-EraseBytes-
#37056	NEW    cov: 440 ft: 1119 corp: 295/5028b lim: 82 exec/s: 37056 rss: 85Mb L: 79/79 MS: 1 CopyPart-
#37077	REDUCE cov: 440 ft: 1119 corp: 295/5026b lim: 82 exec/s: 37077 rss: 85Mb L: 4/79 MS: 1 EraseBytes-
#37091	REDUCE cov: 440 ft: 1119 corp: 295/5022b lim: 82 exec/s: 37091 rss: 85Mb L: 2/79 MS: 4 EraseBytes-EraseBytes-ShuffleBytes-ShuffleBytes-
#37097	REDUCE cov: 440 ft: 1119 corp: 295/5018b lim: 82 exec/s: 37097 rss: 85Mb L: 14/79 MS: 1 EraseBytes-
#37189	REDUCE cov: 440 ft: 1119 corp: 295/5014b lim: 82 exec/s: 37189 rss: 85Mb L: 49/79 MS: 2 CrossOver-EraseBytes-
#37195	REDUCE cov: 440 ft: 1119 corp: 295/5007b lim: 82 exec/s: 37195 rss: 85Mb L: 20/79 MS: 1 EraseBytes-
#37221	NEW    cov: 440 ft: 1120 corp: 296/5032b lim: 82 exec/s: 37221 rss: 85Mb L: 25/79 MS: 1 CrossOver-
#37318	REDUCE cov: 440 ft: 1120 corp: 296/5031b lim: 82 exec/s: 37318 rss: 85Mb L: 34/79 MS: 2 ShuffleBytes-EraseBytes-
#37532	REDUCE cov: 440 ft: 1120 corp: 296/5030b lim: 82 exec/s: 37532 rss: 85Mb L: 38/79 MS: 4 ShuffleBytes-ManualDict-ManualDict-EraseBytes- DE: "Garbage after format string"-"maximum parsing depth reached"-
#37555	REDUCE cov: 440 ft: 1120 corp: 296/5028b lim: 82 exec/s: 37555 rss: 85Mb L: 25/79 MS: 3 ChangeASCIIInt-CopyPart-EraseBytes-
#37566	REDUCE cov: 440 ft: 1120 corp: 296/5026b lim: 82 exec/s: 37566 rss: 85Mb L: 17/79 MS: 1 EraseBytes-
#37572	REDUCE cov: 440 ft: 1120 corp: 296/5019b lim: 82 exec/s: 37572 rss: 85Mb L: 26/79 MS: 1 EraseBytes-
#37664	REDUCE cov: 440 ft: 1120 corp: 296/5018b lim: 82 exec/s: 37664 rss: 85Mb L: 6/79 MS: 2 ShuffleBytes-EraseBytes-
#37823	REDUCE cov: 440 ft: 1120 corp: 296/5017b lim: 82 exec/s: 37823 rss: 85Mb L: 16/79 MS: 4 ChangeByte-CopyPart-PersAutoDict-EraseBytes- DE: "%\000\000\000\000\000\000\000"-
#37895	REDUCE cov: 440 ft: 1124 corp: 297/5098b lim: 82 exec/s: 37895 rss: 86Mb L: 81/81 MS: 2 ManualDict-CopyPart- DE: "unexpected token"-
#38189	REDUCE cov: 440 ft: 1124 corp: 297/5094b lim: 82 exec/s: 38189 rss: 86Mb L: 10/81 MS: 4 CopyPart-CopyPart-InsertByte-EraseBytes-
#38271	NEW    cov: 440 ft: 1140 corp: 298/5141b lim: 82 exec/s: 38271 rss: 86Mb L: 47/81 MS: 2 EraseBytes-CopyPart-
#38387	REDUCE cov: 440 ft: 1140 corp: 298/5138b lim: 82 exec/s: 38387 rss: 86Mb L: 14/81 MS: 1 EraseBytes-
#38733	REDUCE cov: 440 ft: 1140 corp: 298/5137b lim: 82 exec/s: 38733 rss: 86Mb L: 2/81 MS: 1 EraseBytes-
#38909	REDUCE cov: 440 ft: 1140 corp: 298/5135b lim: 82 exec/s: 38909 rss: 86Mb L: 11/81 MS: 1 EraseBytes-
#38971	REDUCE cov: 440 ft: 1140 corp: 298/5134b lim: 82 exec/s: 38971 rss: 86Mb L: 3/81 MS: 2 ChangeByte-EraseBytes-
#39111	REDUCE cov: 440 ft: 1140 corp: 298/5133b lim: 82 exec/s: 39111 rss: 86Mb L: 14/81 MS: 5 ChangeBinInt-ChangeByte-CrossOver-PersAutoDict-EraseBytes- DE: "\000\001"-
#39133	NEW    cov: 440 ft: 1142 corp: 299/5188b lim: 82 exec/s: 39133 rss: 86Mb L: 55/81 MS: 2 ShuffleBytes-ChangeBit-
#39304	REDUCE cov: 440 ft: 1142 corp: 299/5185b lim: 82 exec/s: 39304 rss: 86Mb L: 6/81 MS: 1 EraseBytes-
#39365	REDUCE cov: 440 ft: 1142 corp: 299/5183b lim: 82 exec/s: 39365 rss: 87Mb L: 5/81 MS: 1 EraseBytes-
#39370	REDUCE cov: 440 ft: 1142 corp: 299/5179b lim: 82 exec/s: 39370 rss: 87Mb L: 11/81 MS: 5 ChangeByte-InsertByte-CopyPart-ChangeByte-EraseBytes-
#39426	REDUCE cov: 440 ft: 1142 corp: 299/5178b lim: 82 exec/s: 39426 rss: 87Mb L: 7/81 MS: 1 EraseBytes-
#39467	REDUCE cov: 440 ft: 1142 corp: 299/5171b lim: 82 exec/s: 39467 rss: 87Mb L: 15/81 MS: 1 EraseBytes-
#39502	REDUCE cov: 440 ft: 1142 corp: 299/5168b lim: 82 exec/s: 39502 rss: 87Mb L: 8/81 MS: 5 InsertByte-InsertByte-ChangeByte-ChangeASCIIInt-EraseBytes-
#39843	REDUCE cov: 440 ft: 1142 corp: 299/5167b lim: 82 exec/s: 39843 rss: 87Mb L: 5/81 MS: 1 EraseBytes-
#39854	REDUCE cov: 440 ft: 1142 corp: 299/5166b lim: 82 exec/s: 39854 rss: 87Mb L: 15/81 MS: 1 EraseBytes-
#40007	REDUCE cov: 440 ft: 1142 corp: 299/5163b lim: 82 exec/s: 40007 rss: 87Mb L: 11/81 MS: 3 ShuffleBytes-ChangeASCIIInt-EraseBytes-
#40095	REDUCE cov: 440 ft: 1142 corp: 299/5162b lim: 82 exec/s: 40095 rss: 88Mb L: 23/81 MS: 3 ShuffleBytes-ChangeASCIIInt-EraseBytes-
#40099	NEW    cov: 440 ft: 1143 corp: 300/5199b lim: 82 exec/s: 40099 rss: 88Mb L: 37/81 MS: 4 ChangeBit-CopyPart-EraseBytes-EraseBytes-
#40150	REDUCE cov: 440 ft: 1143 corp: 300/5198b lim: 82 exec/s: 40150 rss: 88Mb L: 12/81 MS: 1 CrossOver-
#40441	NEW    cov: 440 ft: 1144 corp: 301/5233b lim: 82 exec/s: 40441 rss: 88Mb L: 35/81 MS: 1 EraseBytes-
#40512	REDUCE cov: 440 ft: 1144 corp: 301/5227b lim: 82 exec/s: 40512 rss: 88Mb L: 13/81 MS: 1 EraseBytes-
#40583	REDUCE cov: 440 ft: 1144 corp: 301/5226b lim: 82 exec/s: 40583 rss: 88Mb L: 4/81 MS: 1 EraseBytes-
#40594	NEW    cov: 440 ft: 1145 corp: 302/5265b lim: 82 exec/s: 40594 rss: 88Mb L: 39/81 MS: 1 EraseBytes-
#40755	REDUCE cov: 440 ft: 1145 corp: 302/5263b lim: 82 exec/s: 40755 rss: 88Mb L: 3/81 MS: 1 EraseBytes-
#40776	REDUCE cov: 440 ft: 1145 corp: 302/5260b lim: 82 exec/s: 40776 rss: 88Mb L: 5/81 MS: 1 EraseBytes-
#41167	REDUCE cov: 440 ft: 1148 corp: 303/5292b lim: 82 exec/s: 41167 rss: 88Mb L: 32/81 MS: 1 CopyPart-
#41173	NEW    cov: 440 ft: 1149 corp: 304/5331b lim: 82 exec/s: 41173 rss: 88Mb L: 39/81 MS: 1 ChangeBinInt-
#41230	REDUCE cov: 440 ft: 1149 corp: 304/5330b lim: 82 exec/s: 41230 rss: 88Mb L: 34/81 MS: 2 ChangeBinInt-EraseBytes-
#41320	REDUCE cov: 440 ft: 1149 corp: 304/5327b lim: 82 exec/s: 41320 rss: 88Mb L: 18/81 MS: 5 PersAutoDict-InsertByte-CopyPart-CrossOver-EraseBytes- DE: "n\000\000\000"-
#41451	REDUCE cov: 440 ft: 1149 corp: 304/5326b lim: 82 exec/s: 41451 rss: 89Mb L: 9/81 MS: 1 EraseBytes-
#41529	REDUCE cov: 440 ft: 1149 corp: 304/5325b lim: 82 exec/s: 41529 rss: 89Mb L: 24/81 MS: 3 ChangeBit-CopyPart-EraseBytes-
#41548	REDUCE cov: 440 ft: 1149 corp: 304/5323b lim: 82 exec/s: 41548 rss: 89Mb L: 12/81 MS: 4 PersAutoDict-ChangeBinInt-ChangeBit-EraseBytes- DE: "\001\000\000\""-
#41569	REDUCE cov: 440 ft: 1149 corp: 304/5322b lim: 82 exec/s: 41569 rss: 89Mb L: 4/81 MS: 1 EraseBytes-
#41590	REDUCE cov: 440 ft: 1149 corp: 304/5321b lim: 82 exec/s: 41590 rss: 89Mb L: 9/81 MS: 1 EraseBytes-
#41692	REDUCE cov: 440 ft: 1149 corp: 304/5317b lim: 82 exec/s: 41692 rss: 89Mb L: 48/81 MS: 2 ManualDict-EraseBytes- DE: "invalid escape"-
#41709	REDUCE cov: 440 ft: 1149 corp: 304/5308b lim: 82 exec/s: 41709 rss: 89Mb L: 25/81 MS: 2 CrossOver-EraseBytes-
#41791	REDUCE cov: 440 ft: 1149 corp: 304/5299b lim: 82 exec/s: 41791 rss: 89Mb L: 39/81 MS: 2 ManualDict-EraseBytes- DE: "<unknown>"-
#41828	REDUCE cov: 440 ft: 1149 corp: 304/5296b lim: 82 exec/s: 41828 rss: 89Mb L: 11/81 MS: 2 ChangeByte-EraseBytes-
#42039	NEW    cov: 440 ft: 1151 corp: 305/5324b lim: 82 exec/s: 42039 rss: 89Mb L: 28/81 MS: 1 CopyPart-
#42090	REDUCE cov: 440 ft: 1151 corp: 305/5320b lim: 82 exec/s: 42090 rss: 89Mb L: 11/81 MS: 1 EraseBytes-
#42362	REDUCE cov: 440 ft: 1151 corp: 305/5318b lim: 82 exec/s: 42362 rss: 90Mb L: 9/81 MS: 2 CopyPart-EraseBytes-
#42524	REDUCE cov: 440 ft: 1151 corp: 305/5317b lim: 82 exec/s: 42524 rss: 90Mb L: 3/81 MS: 2 ChangeBinInt-EraseBytes-
#42616	REDUCE cov: 440 ft: 1151 corp: 305/5316b lim: 82 exec/s: 42616 rss: 90Mb L: 9/81 MS: 2 CMP-EraseBytes- DE: "-\000\000\000"-
#42863	REDUCE cov: 440 ft: 1151 corp: 305/5293b lim: 82 exec/s: 42863 rss: 90Mb L: 39/81 MS: 2 ChangeByte-EraseBytes-
#42915	REDUCE cov: 440 ft: 1151 corp: 305/5292b lim: 82 exec/s: 42915 rss: 90Mb L: 2/81 MS: 2 ChangeByte-EraseBytes-
#43081	REDUCE cov: 440 ft: 1151 corp: 305/5290b lim: 82 exec/s: 43081 rss: 90Mb L: 11/81 MS: 1 EraseBytes-
#43260	REDUCE cov: 440 ft: 1151 corp: 305/5280b lim: 82 exec/s: 43260 rss: 90Mb L: 17/81 MS: 4 ChangeBinInt-CMP-ChangeByte-EraseBytes- DE: "\377\377\377\377\377\377\377\012"-
#43271	REDUCE cov: 440 ft: 1153 corp: 306/5294b lim: 82 exec/s: 43271 rss: 90Mb L: 14/81 MS: 1 ChangeBinInt-
#43647	NEW    cov: 440 ft: 1154 corp: 307/5334b lim: 82 exec/s: 43647 rss: 90Mb L: 40/81 MS: 1 InsertByte-
#43738	REDUCE cov: 440 ft: 1154 corp: 307/5332b lim: 82 exec/s: 43738 rss: 90Mb L: 46/81 MS: 1 EraseBytes-
#43810	REDUCE cov: 440 ft: 1154 corp: 307/5331b lim: 82 exec/s: 43810 rss: 91Mb L: 13/81 MS: 2 CopyPart-EraseBytes-
#43976	REDUCE cov: 440 ft: 1157 corp: 308/5345b lim: 82 exec/s: 43976 rss: 91Mb L: 14/81 MS: 1 CrossOver-
#44712	REDUCE cov: 440 ft: 1157 corp: 308/5339b lim: 88 exec/s: 44712 rss: 91Mb L: 11/81 MS: 1 EraseBytes-
#44733	REDUCE cov: 440 ft: 1157 corp: 308/5338b lim: 88 exec/s: 44733 rss: 91Mb L: 7/81 MS: 1 EraseBytes-
#44749	NEW    cov: 440 ft: 1158 corp: 309/5381b lim: 88 exec/s: 44749 rss: 91Mb L: 43/81 MS: 1 InsertByte-
#44895	REDUCE cov: 440 ft: 1158 corp: 309/5377b lim: 88 exec/s: 44895 rss: 91Mb L: 4/81 MS: 1 EraseBytes-
#44941	REDUCE cov: 440 ft: 1158 corp: 309/5374b lim: 88 exec/s: 44941 rss: 91Mb L: 6/81 MS: 1 EraseBytes-
#45152	REDUCE cov: 440 ft: 1158 corp: 309/5373b lim: 88 exec/s: 45152 rss: 91Mb L: 4/81 MS: 1 EraseBytes-
#45348	NEW    cov: 440 ft: 1159 corp: 310/5405b lim: 88 exec/s: 45348 rss: 91Mb L: 32/81 MS: 1 ChangeByte-
#45454	REDUCE cov: 440 ft: 1159 corp: 310/5402b lim: 88 exec/s: 45454 rss: 91Mb L: 26/81 MS: 1 EraseBytes-
#45525	REDUCE cov: 440 ft: 1159 corp: 310/5393b lim: 88 exec/s: 45525 rss: 91Mb L: 30/81 MS: 1 EraseBytes-
#45651	REDUCE cov: 440 ft: 1159 corp: 310/5386b lim: 88 exec/s: 45651 rss: 91Mb L: 39/81 MS: 1 EraseBytes-
#46273	REDUCE cov: 440 ft: 1159 corp: 310/5385b lim: 94 exec/s: 46273 rss: 92Mb L: 4/81 MS: 2 ShuffleBytes-EraseBytes-
#46435	REDUCE cov: 440 ft: 1159 corp: 310/5384b lim: 94 exec/s: 46435 rss: 92Mb L: 27/81 MS: 2 ChangeASCIIInt-EraseBytes-
#46606	REDUCE cov: 440 ft: 1159 corp: 310/5382b lim: 94 exec/s: 46606 rss: 92Mb L: 44/81 MS: 1 EraseBytes-
#46787	REDUCE cov: 440 ft: 1159 corp: 310/5380b lim: 94 exec/s: 46787 rss: 92Mb L: 26/81 MS: 1 EraseBytes-
#46933	REDUCE cov: 440 ft: 1159 corp: 310/5374b lim: 94 exec/s: 46933 rss: 92Mb L: 12/81 MS: 1 EraseBytes-
#47016	REDUCE cov: 440 ft: 1159 corp: 310/5370b lim: 94 exec/s: 47016 rss: 93Mb L: 10/81 MS: 3 CopyPart-CopyPart-EraseBytes-
#47163	REDUCE cov: 440 ft: 1159 corp: 310/5363b lim: 94 exec/s: 47163 rss: 93Mb L: 44/81 MS: 2 CopyPart-EraseBytes-
#47410	NEW    cov: 440 ft: 1161 corp: 311/5409b lim: 94 exec/s: 47410 rss: 93Mb L: 46/81 MS: 2 CopyPart-EraseBytes-
#47641	REDUCE cov: 440 ft: 1161 corp: 311/5400b lim: 94 exec/s: 47641 rss: 93Mb L: 46/81 MS: 1 EraseBytes-
#48162	REDUCE cov: 440 ft: 1161 corp: 311/5397b lim: 94 exec/s: 48162 rss: 93Mb L: 11/81 MS: 1 EraseBytes-
#48244	NEW    cov: 440 ft: 1162 corp: 312/5451b lim: 94 exec/s: 48244 rss: 93Mb L: 54/81 MS: 2 PersAutoDict-ChangeByte- DE: "<string>"-
#48406	REDUCE cov: 440 ft: 1162 corp: 312/5440b lim: 94 exec/s: 48406 rss: 93Mb L: 13/81 MS: 2 CopyPart-EraseBytes-
#48495	REDUCE cov: 440 ft: 1162 corp: 312/5427b lim: 94 exec/s: 48495 rss: 93Mb L: 17/81 MS: 4 ChangeByte-CrossOver-ChangeByte-EraseBytes-
#48616	REDUCE cov: 440 ft: 1162 corp: 312/5425b lim: 94 exec/s: 48616 rss: 93Mb L: 8/81 MS: 1 EraseBytes-
#48742	NEW    cov: 440 ft: 1163 corp: 313/5463b lim: 94 exec/s: 48742 rss: 93Mb L: 38/81 MS: 1 CrossOver-
#48927	REDUCE cov: 440 ft: 1163 corp: 313/5462b lim: 94 exec/s: 48927 rss: 93Mb L: 3/81 MS: 5 ChangeBinInt-ChangeBinInt-ChangeByte-ChangeBit-EraseBytes-
#48978	NEW    cov: 440 ft: 1164 corp: 314/5495b lim: 94 exec/s: 48978 rss: 93Mb L: 33/81 MS: 1 InsertByte-
#48999	REDUCE cov: 440 ft: 1164 corp: 314/5492b lim: 94 exec/s: 48999 rss: 93Mb L: 3/81 MS: 1 EraseBytes-
#49101	REDUCE cov: 440 ft: 1164 corp: 314/5489b lim: 94 exec/s: 49101 rss: 93Mb L: 8/81 MS: 2 ChangeBit-EraseBytes-
#49248	NEW    cov: 440 ft: 1166 corp: 315/5503b lim: 94 exec/s: 49248 rss: 94Mb L: 14/81 MS: 2 EraseBytes-CopyPart-
#49395	NEW    cov: 440 ft: 1167 corp: 316/5544b lim: 94 exec/s: 49395 rss: 94Mb L: 41/81 MS: 2 ChangeBit-InsertByte-
#49673	REDUCE cov: 440 ft: 1167 corp: 316/5539b lim: 94 exec/s: 49673 rss: 94Mb L: 9/81 MS: 3 CrossOver-ChangeBit-EraseBytes-
#49727	NEW    cov: 440 ft: 1168 corp: 317/5619b lim: 94 exec/s: 49727 rss: 94Mb L: 80/81 MS: 4 ChangeBit-InsertByte-CopyPart-InsertRepeatedBytes-
#50431	REDUCE cov: 440 ft: 1168 corp: 317/5618b lim: 100 exec/s: 50431 rss: 94Mb L: 2/81 MS: 4 ChangeBinInt-ChangeByte-ChangeByte-EraseBytes-
#50639	REDUCE cov: 440 ft: 1168 corp: 317/5615b lim: 100 exec/s: 50639 rss: 94Mb L: 6/81 MS: 3 ShuffleBytes-ChangeByte-EraseBytes-
#50776	REDUCE cov: 440 ft: 1168 corp: 317/5613b lim: 100 exec/s: 50776 rss: 94Mb L: 14/81 MS: 2 ChangeBit-EraseBytes-
#51218	REDUCE cov: 440 ft: 1168 corp: 317/5612b lim: 100 exec/s: 51218 rss: 95Mb L: 7/81 MS: 2 ChangeASCIIInt-EraseBytes-
#51517	REDUCE cov: 440 ft: 1168 corp: 317/5611b lim: 100 exec/s: 51517 rss: 95Mb L: 12/81 MS: 4 ChangeASCIIInt-CrossOver-InsertByte-EraseBytes-
#51609	REDUCE cov: 440 ft: 1168 corp: 317/5610b lim: 100 exec/s: 51609 rss: 95Mb L: 20/81 MS: 2 InsertByte-EraseBytes-
#51620	REDUCE cov: 440 ft: 1168 corp: 317/5608b lim: 100 exec/s: 51620 rss: 95Mb L: 20/81 MS: 1 EraseBytes-
#51686	REDUCE cov: 440 ft: 1168 corp: 317/5606b lim: 100 exec/s: 51686 rss: 95Mb L: 25/81 MS: 1 EraseBytes-
#52427	REDUCE cov: 440 ft: 1168 corp: 317/5605b lim: 106 exec/s: 52427 rss: 96Mb L: 26/81 MS: 1 EraseBytes-
#52528	REDUCE cov: 440 ft: 1179 corp: 318/5623b lim: 106 exec/s: 52528 rss: 96Mb L: 18/81 MS: 1 CMP- DE: "{\000\000\000"-
#52647	REDUCE cov: 440 ft: 1179 corp: 318/5621b lim: 106 exec/s: 52647 rss: 96Mb L: 17/81 MS: 4 InsertByte-EraseBytes-ChangeBit-CopyPart-
#52873	REDUCE cov: 440 ft: 1179 corp: 318/5618b lim: 106 exec/s: 52873 rss: 96Mb L: 25/81 MS: 1 EraseBytes-
#53175	REDUCE cov: 440 ft: 1179 corp: 318/5615b lim: 106 exec/s: 53175 rss: 96Mb L: 14/81 MS: 2 CrossOver-EraseBytes-
#53242	REDUCE cov: 440 ft: 1179 corp: 318/5613b lim: 106 exec/s: 53242 rss: 96Mb L: 26/81 MS: 2 CrossOver-EraseBytes-
#54733	REDUCE cov: 440 ft: 1179 corp: 318/5612b lim: 118 exec/s: 54733 rss: 96Mb L: 4/81 MS: 1 EraseBytes-
#54819	REDUCE cov: 440 ft: 1179 corp: 318/5611b lim: 118 exec/s: 54819 rss: 96Mb L: 37/81 MS: 1 EraseBytes-
#54856	REDUCE cov: 440 ft: 1179 corp: 318/5609b lim: 118 exec/s: 54856 rss: 97Mb L: 2/81 MS: 2 PersAutoDict-EraseBytes- DE: "\000["-
#54896	REDUCE cov: 440 ft: 1179 corp: 318/5605b lim: 118 exec/s: 54896 rss: 97Mb L: 22/81 MS: 5 ChangeBit-CMP-ChangeBit-ChangeBit-EraseBytes- DE: "\031\000\000\000\000\000\000\000"-
#55187	REDUCE cov: 440 ft: 1179 corp: 318/5601b lim: 118 exec/s: 55187 rss: 97Mb L: 22/81 MS: 1 EraseBytes-
#55423	REDUCE cov: 440 ft: 1179 corp: 318/5594b lim: 118 exec/s: 55423 rss: 97Mb L: 16/81 MS: 1 EraseBytes-
#55526	REDUCE cov: 440 ft: 1179 corp: 318/5593b lim: 118 exec/s: 55526 rss: 97Mb L: 38/81 MS: 3 CrossOver-ShuffleBytes-EraseBytes-
#55577	NEW    cov: 440 ft: 1180 corp: 319/5685b lim: 118 exec/s: 55577 rss: 97Mb L: 92/92 MS: 1 InsertRepeatedBytes-
#55730	REDUCE cov: 440 ft: 1180 corp: 319/5684b lim: 118 exec/s: 55730 rss: 97Mb L: 2/92 MS: 3 ChangeBit-ChangeBit-EraseBytes-
#55769	REDUCE cov: 440 ft: 1180 corp: 319/5683b lim: 118 exec/s: 55769 rss: 97Mb L: 78/92 MS: 4 ChangeBit-ChangeBinInt-PersAutoDict-EraseBytes- DE: "wrong arguments"-
#56161	REDUCE cov: 440 ft: 1180 corp: 319/5682b lim: 118 exec/s: 56161 rss: 97Mb L: 6/92 MS: 2 ChangeBit-EraseBytes-
#56163	REDUCE cov: 440 ft: 1180 corp: 319/5679b lim: 118 exec/s: 56163 rss: 97Mb L: 51/92 MS: 2 ChangeByte-EraseBytes-
#56354	REDUCE cov: 440 ft: 1180 corp: 319/5676b lim: 118 exec/s: 56354 rss: 97Mb L: 15/92 MS: 1 EraseBytes-
#56401	REDUCE cov: 440 ft: 1185 corp: 320/5778b lim: 118 exec/s: 56401 rss: 97Mb L: 102/102 MS: 2 CopyPart-InsertRepeatedBytes-
#56431	REDUCE cov: 440 ft: 1186 corp: 321/5870b lim: 118 exec/s: 56431 rss: 97Mb L: 92/102 MS: 5 ManualDict-ChangeASCIIInt-ChangeBinInt-PersAutoDict-ManualDict- DE: "0x"-"premature end of input"-"Unexpected end of format string"-
#56476	NEW    cov: 440 ft: 1187 corp: 322/5915b lim: 118 exec/s: 56476 rss: 97Mb L: 45/102 MS: 5 CopyPart-CopyPart-CopyPart-CopyPart-CopyPart-
#56497	NEW    cov: 440 ft: 1197 corp: 323/5947b lim: 118 exec/s: 56497 rss: 98Mb L: 32/102 MS: 1 ShuffleBytes-
#56523	REDUCE cov: 440 ft: 1197 corp: 323/5946b lim: 118 exec/s: 56523 rss: 98Mb L: 7/102 MS: 1 EraseBytes-
#56540	REDUCE cov: 440 ft: 1197 corp: 323/5945b lim: 118 exec/s: 56540 rss: 98Mb L: 13/102 MS: 2 ShuffleBytes-EraseBytes-
#56541	REDUCE cov: 440 ft: 1197 corp: 323/5943b lim: 118 exec/s: 56541 rss: 98Mb L: 13/102 MS: 1 EraseBytes-
#56682	REDUCE cov: 440 ft: 1197 corp: 323/5942b lim: 118 exec/s: 56682 rss: 98Mb L: 8/102 MS: 1 EraseBytes-
#56943	NEW    cov: 442 ft: 1199 corp: 324/5987b lim: 118 exec/s: 56943 rss: 98Mb L: 45/102 MS: 1 CrossOver-
#56961	REDUCE cov: 442 ft: 1199 corp: 324/5985b lim: 118 exec/s: 56961 rss: 98Mb L: 20/102 MS: 3 PersAutoDict-ShuffleBytes-EraseBytes- DE: "\377\377\377\007"-
#56966	REDUCE cov: 442 ft: 1199 corp: 324/5984b lim: 118 exec/s: 56966 rss: 98Mb L: 8/102 MS: 5 ChangeASCIIInt-ChangeBit-CrossOver-InsertByte-EraseBytes-
#56978	REDUCE cov: 442 ft: 1199 corp: 324/5983b lim: 118 exec/s: 56978 rss: 98Mb L: 6/102 MS: 2 ChangeBinInt-EraseBytes-
#57114	REDUCE cov: 442 ft: 1199 corp: 324/5971b lim: 118 exec/s: 57114 rss: 98Mb L: 18/102 MS: 1 EraseBytes-
#57321	NEW    cov: 442 ft: 1200 corp: 325/6028b lim: 118 exec/s: 57321 rss: 98Mb L: 57/102 MS: 2 CopyPart-CopyPart-
#57434	REDUCE cov: 442 ft: 1200 corp: 325/6027b lim: 118 exec/s: 57434 rss: 99Mb L: 14/102 MS: 3 ManualDict-CopyPart-EraseBytes- DE: "<callback>"-
#57616	NEW    cov: 442 ft: 1207 corp: 326/6088b lim: 118 exec/s: 57616 rss: 99Mb L: 61/102 MS: 2 CopyPart-CopyPart-
#57648	REDUCE cov: 442 ft: 1207 corp: 326/6087b lim: 118 exec/s: 57648 rss: 99Mb L: 3/102 MS: 2 CrossOver-EraseBytes-
#57769	REDUCE cov: 442 ft: 1207 corp: 326/6081b lim: 118 exec/s: 57769 rss: 99Mb L: 12/102 MS: 1 EraseBytes-
#57806	REDUCE cov: 442 ft: 1207 corp: 326/6078b lim: 118 exec/s: 57806 rss: 99Mb L: 26/102 MS: 2 CopyPart-EraseBytes-
#58053	REDUCE cov: 442 ft: 1207 corp: 326/6077b lim: 118 exec/s: 58053 rss: 99Mb L: 3/102 MS: 2 EraseBytes-ShuffleBytes-
#58199	NEW    cov: 442 ft: 1208 corp: 327/6183b lim: 118 exec/s: 58199 rss: 99Mb L: 106/106 MS: 1 InsertRepeatedBytes-
#58280	REDUCE cov: 442 ft: 1208 corp: 327/6178b lim: 118 exec/s: 58280 rss: 100Mb L: 12/106 MS: 1 EraseBytes-
#59203	REDUCE cov: 442 ft: 1208 corp: 327/6177b lim: 124 exec/s: 59203 rss: 100Mb L: 35/106 MS: 3 ShuffleBytes-PersAutoDict-EraseBytes- DE: "invalid escape"-
#59255	REDUCE cov: 442 ft: 1208 corp: 327/6168b lim: 124 exec/s: 59255 rss: 100Mb L: 32/106 MS: 2 CMP-EraseBytes- DE: "\377\000\000\000"-
#59266	REDUCE cov: 442 ft: 1208 corp: 327/6167b lim: 124 exec/s: 59266 rss: 100Mb L: 12/106 MS: 1 EraseBytes-
#59802	NEW    cov: 442 ft: 1209 corp: 328/6263b lim: 124 exec/s: 59802 rss: 100Mb L: 96/106 MS: 1 InsertRepeatedBytes-
#59915	REDUCE cov: 442 ft: 1209 corp: 328/6261b lim: 124 exec/s: 59915 rss: 101Mb L: 9/106 MS: 3 CopyPart-ChangeBit-EraseBytes-
#60089	REDUCE cov: 442 ft: 1209 corp: 328/6258b lim: 124 exec/s: 60089 rss: 101Mb L: 5/106 MS: 4 ChangeASCIIInt-CopyPart-InsertByte-EraseBytes-
#60450	REDUCE cov: 442 ft: 1209 corp: 328/6250b lim: 124 exec/s: 60450 rss: 101Mb L: 33/106 MS: 1 EraseBytes-
#60466	REDUCE cov: 442 ft: 1209 corp: 328/6248b lim: 124 exec/s: 60466 rss: 101Mb L: 10/106 MS: 1 EraseBytes-
#60492	NEW    cov: 442 ft: 1210 corp: 329/6354b lim: 124 exec/s: 60492 rss: 101Mb L: 106/106 MS: 1 ChangeByte-
#60664	REDUCE cov: 442 ft: 1210 corp: 329/6351b lim: 124 exec/s: 60664 rss: 101Mb L: 13/106 MS: 2 ChangeBinInt-EraseBytes-
#60738	REDUCE cov: 442 ft: 1210 corp: 329/6350b lim: 124 exec/s: 60738 rss: 101Mb L: 25/106 MS: 4 ChangeASCIIInt-ChangeASCIIInt-ChangeBit-EraseBytes-
#60789	REDUCE cov: 442 ft: 1210 corp: 329/6349b lim: 124 exec/s: 60789 rss: 101Mb L: 3/106 MS: 1 EraseBytes-
#60825	REDUCE cov: 442 ft: 1210 corp: 329/6348b lim: 124 exec/s: 60825 rss: 101Mb L: 2/106 MS: 1 EraseBytes-
#60827	REDUCE cov: 442 ft: 1210 corp: 329/6346b lim: 124 exec/s: 60827 rss: 101Mb L: 18/106 MS: 2 ChangeBit-EraseBytes-
#60879	REDUCE cov: 442 ft: 1210 corp: 329/6342b lim: 124 exec/s: 60879 rss: 101Mb L: 10/106 MS: 2 PersAutoDict-EraseBytes- DE: "\031\000\000\000\000\000\000\000"-
#60945	REDUCE cov: 442 ft: 1210 corp: 329/6341b lim: 124 exec/s: 60945 rss: 101Mb L: 15/106 MS: 1 EraseBytes-
#61184	REDUCE cov: 442 ft: 1211 corp: 330/6385b lim: 124 exec/s: 61184 rss: 101Mb L: 44/106 MS: 4 ChangeByte-ShuffleBytes-ChangeASCIIInt-CrossOver-
#61240	REDUCE cov: 442 ft: 1219 corp: 331/6401b lim: 124 exec/s: 61240 rss: 102Mb L: 16/106 MS: 1 CopyPart-
#61266	REDUCE cov: 442 ft: 1219 corp: 331/6397b lim: 124 exec/s: 61266 rss: 102Mb L: 38/106 MS: 1 EraseBytes-
#61267	REDUCE cov: 442 ft: 1219 corp: 331/6395b lim: 124 exec/s: 61267 rss: 102Mb L: 44/106 MS: 1 EraseBytes-
#61680	NEW    cov: 442 ft: 1221 corp: 332/6449b lim: 124 exec/s: 61680 rss: 102Mb L: 54/106 MS: 3 ChangeBinInt-ChangeASCIIInt-EraseBytes-
#61706	REDUCE cov: 442 ft: 1221 corp: 332/6447b lim: 124 exec/s: 61706 rss: 102Mb L: 3/106 MS: 1 EraseBytes-
#61754	NEW    cov: 442 ft: 1222 corp: 333/6462b lim: 124 exec/s: 61754 rss: 102Mb L: 15/106 MS: 3 ShuffleBytes-ShuffleBytes-CopyPart-
#61780	NEW    cov: 442 ft: 1223 corp: 334/6526b lim: 124 exec/s: 61780 rss: 102Mb L: 64/106 MS: 1 EraseBytes-
#61923	REDUCE cov: 442 ft: 1223 corp: 334/6514b lim: 124 exec/s: 61923 rss: 102Mb L: 42/106 MS: 3 ShuffleBytes-ChangeByte-EraseBytes-
#61950	REDUCE cov: 442 ft: 1223 corp: 334/6510b lim: 124 exec/s: 61950 rss: 102Mb L: 8/106 MS: 2 InsertByte-EraseBytes-
#61971	REDUCE cov: 442 ft: 1223 corp: 334/6509b lim: 124 exec/s: 61971 rss: 102Mb L: 23/106 MS: 1 EraseBytes-
#61997	REDUCE cov: 442 ft: 1223 corp: 334/6506b lim: 124 exec/s: 61997 rss: 102Mb L: 7/106 MS: 1 EraseBytes-
#62481	REDUCE cov: 442 ft: 1223 corp: 334/6499b lim: 124 exec/s: 62481 rss: 103Mb L: 27/106 MS: 4 ChangeASCIIInt-InsertRepeatedBytes-CrossOver-EraseBytes-
#62491	REDUCE cov: 442 ft: 1223 corp: 334/6498b lim: 124 exec/s: 62491 rss: 103Mb L: 24/106 MS: 5 ChangeBit-ChangeByte-ChangeBinInt-ChangeBit-EraseBytes-
#62882	NEW    cov: 442 ft: 1224 corp: 335/6580b lim: 124 exec/s: 62882 rss: 103Mb L: 82/106 MS: 1 CopyPart-
#63428	REDUCE cov: 442 ft: 1224 corp: 335/6579b lim: 124 exec/s: 63428 rss: 104Mb L: 23/106 MS: 1 EraseBytes-
#63551	REDUCE cov: 442 ft: 1224 corp: 335/6576b lim: 124 exec/s: 63551 rss: 104Mb L: 43/106 MS: 3 ShuffleBytes-InsertRepeatedBytes-EraseBytes-
#63593	REDUCE cov: 442 ft: 1224 corp: 335/6570b lim: 124 exec/s: 63593 rss: 104Mb L: 19/106 MS: 2 ShuffleBytes-EraseBytes-
#63614	REDUCE cov: 442 ft: 1224 corp: 335/6560b lim: 124 exec/s: 63614 rss: 104Mb L: 31/106 MS: 1 EraseBytes-
#63731	NEW    cov: 442 ft: 1228 corp: 336/6579b lim: 124 exec/s: 63731 rss: 104Mb L: 19/106 MS: 2 ChangeASCIIInt-CopyPart-
#63942	REDUCE cov: 442 ft: 1228 corp: 336/6577b lim: 124 exec/s: 63942 rss: 104Mb L: 9/106 MS: 1 EraseBytes-
#64373	REDUCE cov: 442 ft: 1228 corp: 336/6575b lim: 124 exec/s: 64373 rss: 104Mb L: 14/106 MS: 1 EraseBytes-
#64449	REDUCE cov: 442 ft: 1228 corp: 336/6572b lim: 124 exec/s: 64449 rss: 104Mb L: 20/106 MS: 1 EraseBytes-
#64638	REDUCE cov: 442 ft: 1228 corp: 336/6571b lim: 124 exec/s: 64638 rss: 105Mb L: 48/106 MS: 4 ChangeBinInt-CopyPart-CopyPart-EraseBytes-
#65004	REDUCE cov: 442 ft: 1228 corp: 336/6551b lim: 124 exec/s: 65004 rss: 105Mb L: 35/106 MS: 1 EraseBytes-
#65335	REDUCE cov: 442 ft: 1228 corp: 336/6548b lim: 124 exec/s: 65335 rss: 105Mb L: 13/106 MS: 1 EraseBytes-
#65496	REDUCE cov: 442 ft: 1228 corp: 336/6547b lim: 124 exec/s: 65496 rss: 105Mb L: 5/106 MS: 1 EraseBytes-
#65508	REDUCE cov: 442 ft: 1228 corp: 336/6543b lim: 124 exec/s: 65508 rss: 105Mb L: 30/106 MS: 2 ShuffleBytes-EraseBytes-
#65764	REDUCE cov: 442 ft: 1228 corp: 336/6541b lim: 124 exec/s: 65764 rss: 105Mb L: 33/106 MS: 1 EraseBytes-
#65980	REDUCE cov: 442 ft: 1228 corp: 336/6539b lim: 124 exec/s: 65980 rss: 106Mb L: 18/106 MS: 1 EraseBytes-
#65986	REDUCE cov: 442 ft: 1228 corp: 336/6533b lim: 124 exec/s: 65986 rss: 106Mb L: 35/106 MS: 1 EraseBytes-
#66062	REDUCE cov: 442 ft: 1228 corp: 336/6524b lim: 124 exec/s: 66062 rss: 106Mb L: 10/106 MS: 1 EraseBytes-
#66213	REDUCE cov: 442 ft: 1228 corp: 336/6510b lim: 124 exec/s: 66213 rss: 106Mb L: 29/106 MS: 1 EraseBytes-
#66354	REDUCE cov: 442 ft: 1228 corp: 336/6509b lim: 124 exec/s: 66354 rss: 106Mb L: 12/106 MS: 1 EraseBytes-
#66480	REDUCE cov: 442 ft: 1228 corp: 336/6508b lim: 124 exec/s: 66480 rss: 106Mb L: 19/106 MS: 1 EraseBytes-
#66521	REDUCE cov: 442 ft: 1228 corp: 336/6507b lim: 124 exec/s: 66521 rss: 106Mb L: 15/106 MS: 1 EraseBytes-
#66522	REDUCE cov: 442 ft: 1228 corp: 336/6506b lim: 124 exec/s: 66522 rss: 106Mb L: 28/106 MS: 1 EraseBytes-
#66618	REDUCE cov: 442 ft: 1228 corp: 336/6505b lim: 124 exec/s: 66618 rss: 106Mb L: 8/106 MS: 1 EraseBytes-
#66731	REDUCE cov: 442 ft: 1228 corp: 336/6503b lim: 124 exec/s: 66731 rss: 106Mb L: 8/106 MS: 3 ChangeByte-InsertByte-EraseBytes-
#66812	REDUCE cov: 442 ft: 1228 corp: 336/6500b lim: 124 exec/s: 66812 rss: 107Mb L: 26/106 MS: 1 EraseBytes-
#66866	REDUCE cov: 442 ft: 1228 corp: 336/6496b lim: 124 exec/s: 66866 rss: 107Mb L: 14/106 MS: 4 ChangeByte-ShuffleBytes-ShuffleBytes-EraseBytes-
#67032	REDUCE cov: 442 ft: 1228 corp: 336/6495b lim: 124 exec/s: 67032 rss: 107Mb L: 8/106 MS: 1 EraseBytes-
#67159	REDUCE cov: 442 ft: 1228 corp: 336/6494b lim: 124 exec/s: 67159 rss: 107Mb L: 11/106 MS: 2 CopyPart-EraseBytes-
#67371	REDUCE cov: 442 ft: 1228 corp: 336/6493b lim: 124 exec/s: 67371 rss: 107Mb L: 17/106 MS: 2 ChangeBit-EraseBytes-
#68197	REDUCE cov: 442 ft: 1228 corp: 336/6491b lim: 130 exec/s: 68197 rss: 107Mb L: 11/106 MS: 1 EraseBytes-
#68379	REDUCE cov: 442 ft: 1228 corp: 336/6488b lim: 130 exec/s: 68379 rss: 107Mb L: 3/106 MS: 2 ShuffleBytes-EraseBytes-
#68475	NEW    cov: 442 ft: 1229 corp: 337/6530b lim: 130 exec/s: 68475 rss: 107Mb L: 42/106 MS: 1 CopyPart-
#68501	REDUCE cov: 442 ft: 1229 corp: 337/6529b lim: 130 exec/s: 68501 rss: 107Mb L: 16/106 MS: 1 EraseBytes-
#68547	REDUCE cov: 442 ft: 1229 corp: 337/6528b lim: 130 exec/s: 68547 rss: 107Mb L: 37/106 MS: 1 EraseBytes-
#68678	NEW    cov: 442 ft: 1230 corp: 338/6589b lim: 130 exec/s: 68678 rss: 108Mb L: 61/106 MS: 1 CopyPart-
#68774	REDUCE cov: 442 ft: 1230 corp: 338/6584b lim: 130 exec/s: 68774 rss: 108Mb L: 56/106 MS: 1 EraseBytes-
#68786	REDUCE cov: 442 ft: 1230 corp: 338/6582b lim: 130 exec/s: 68786 rss: 108Mb L: 10/106 MS: 2 ShuffleBytes-EraseBytes-
#68813	REDUCE cov: 442 ft: 1230 corp: 338/6579b lim: 130 exec/s: 68813 rss: 108Mb L: 42/106 MS: 2 ManualDict-EraseBytes- DE: "duplicate object key"-
#68845	REDUCE cov: 442 ft: 1230 corp: 338/6576b lim: 130 exec/s: 68845 rss: 108Mb L: 11/106 MS: 2 CrossOver-EraseBytes-
#69032	REDUCE cov: 442 ft: 1230 corp: 338/6572b lim: 130 exec/s: 69032 rss: 108Mb L: 23/106 MS: 2 ChangeBit-EraseBytes-
#69054	REDUCE cov: 442 ft: 1230 corp: 338/6571b lim: 130 exec/s: 69054 rss: 108Mb L: 5/106 MS: 2 ShuffleBytes-EraseBytes-
#69141	REDUCE cov: 442 ft: 1230 corp: 338/6568b lim: 130 exec/s: 69141 rss: 108Mb L: 8/106 MS: 2 ChangeBit-EraseBytes-
#69572	REDUCE cov: 442 ft: 1230 corp: 338/6565b lim: 130 exec/s: 69572 rss: 108Mb L: 8/106 MS: 1 EraseBytes-
#69711	NEW    cov: 442 ft: 1239 corp: 339/6617b lim: 130 exec/s: 69711 rss: 108Mb L: 52/106 MS: 4 InsertByte-CopyPart-CopyPart-CopyPart-
#69738	REDUCE cov: 442 ft: 1239 corp: 339/6615b lim: 130 exec/s: 69738 rss: 108Mb L: 24/106 MS: 2 ChangeASCIIInt-EraseBytes-
#69809	REDUCE cov: 442 ft: 1239 corp: 339/6614b lim: 130 exec/s: 69809 rss: 108Mb L: 3/106 MS: 1 EraseBytes-
#69840	REDUCE cov: 442 ft: 1239 corp: 339/6613b lim: 130 exec/s: 69840 rss: 108Mb L: 11/106 MS: 1 EraseBytes-
#70389	REDUCE cov: 442 ft: 1253 corp: 340/6743b lim: 130 exec/s: 70389 rss: 109Mb L: 130/130 MS: 4 CrossOver-InsertByte-ChangeBit-InsertRepeatedBytes-
#70730	REDUCE cov: 443 ft: 1254 corp: 341/6773b lim: 130 exec/s: 70730 rss: 109Mb L: 30/130 MS: 1 CrossOver-
#70939	NEW    cov: 443 ft: 1261 corp: 342/6788b lim: 130 exec/s: 70939 rss: 110Mb L: 15/130 MS: 4 ChangeASCIIInt-ChangeBinInt-EraseBytes-ChangeBinInt-
#70955	REDUCE cov: 443 ft: 1261 corp: 342/6787b lim: 130 exec/s: 70955 rss: 110Mb L: 4/130 MS: 1 EraseBytes-
#71051	REDUCE cov: 443 ft: 1261 corp: 342/6780b lim: 130 exec/s: 71051 rss: 110Mb L: 48/130 MS: 1 EraseBytes-
#71092	REDUCE cov: 443 ft: 1261 corp: 342/6779b lim: 130 exec/s: 71092 rss: 110Mb L: 6/130 MS: 1 EraseBytes-
#71138	NEW    cov: 443 ft: 1262 corp: 343/6904b lim: 130 exec/s: 71138 rss: 110Mb L: 125/130 MS: 1 CopyPart-
#71184	REDUCE cov: 443 ft: 1262 corp: 343/6902b lim: 130 exec/s: 71184 rss: 110Mb L: 7/130 MS: 1 EraseBytes-
#71236	REDUCE cov: 443 ft: 1262 corp: 343/6900b lim: 130 exec/s: 71236 rss: 110Mb L: 3/130 MS: 2 ShuffleBytes-EraseBytes-
#71280	REDUCE cov: 443 ft: 1262 corp: 343/6886b lim: 130 exec/s: 71280 rss: 110Mb L: 34/130 MS: 4 ManualDict-ChangeBinInt-InsertRepeatedBytes-CrossOver- DE: "':' expected"-
#71433	REDUCE cov: 443 ft: 1262 corp: 343/6879b lim: 130 exec/s: 71433 rss: 110Mb L: 7/130 MS: 3 ChangeBit-ShuffleBytes-EraseBytes-
#72284	REDUCE cov: 443 ft: 1262 corp: 343/6870b lim: 137 exec/s: 72284 rss: 111Mb L: 33/130 MS: 1 EraseBytes-
#72320	NEW    cov: 443 ft: 1263 corp: 344/6976b lim: 137 exec/s: 72320 rss: 111Mb L: 106/130 MS: 1 CrossOver-
#72651	NEW    cov: 443 ft: 1265 corp: 345/7015b lim: 137 exec/s: 72651 rss: 111Mb L: 39/130 MS: 1 InsertRepeatedBytes-
#72657	REDUCE cov: 443 ft: 1265 corp: 345/7011b lim: 137 exec/s: 72657 rss: 111Mb L: 6/130 MS: 1 EraseBytes-
#72703	REDUCE cov: 443 ft: 1265 corp: 345/7009b lim: 137 exec/s: 72703 rss: 111Mb L: 20/130 MS: 1 EraseBytes-
#73466	REDUCE cov: 443 ft: 1265 corp: 345/7008b lim: 144 exec/s: 73466 rss: 112Mb L: 15/130 MS: 3 ChangeASCIIInt-CrossOver-EraseBytes-
#73483	REDUCE cov: 443 ft: 1265 corp: 345/7002b lim: 144 exec/s: 73483 rss: 112Mb L: 74/130 MS: 2 ChangeASCIIInt-EraseBytes-
#73544	REDUCE cov: 443 ft: 1265 corp: 345/7000b lim: 144 exec/s: 73544 rss: 112Mb L: 8/130 MS: 1 EraseBytes-
#73855	REDUCE cov: 443 ft: 1265 corp: 345/6994b lim: 144 exec/s: 73855 rss: 112Mb L: 28/130 MS: 1 EraseBytes-
#73966	REDUCE cov: 443 ft: 1265 corp: 345/6986b lim: 144 exec/s: 73966 rss: 112Mb L: 44/130 MS: 1 EraseBytes-
#74148	REDUCE cov: 443 ft: 1265 corp: 345/6984b lim: 144 exec/s: 74148 rss: 112Mb L: 8/130 MS: 2 ShuffleBytes-EraseBytes-
#74544	REDUCE cov: 443 ft: 1265 corp: 345/6975b lim: 144 exec/s: 74544 rss: 112Mb L: 19/130 MS: 1 EraseBytes-
#74749	REDUCE cov: 443 ft: 1265 corp: 345/6974b lim: 144 exec/s: 74749 rss: 113Mb L: 13/130 MS: 5 ManualDict-PersAutoDict-ManualDict-InsertRepeatedBytes-CrossOver- DE: "']' expected"-"\000:"-"NULL object value"-
#74921	REDUCE cov: 443 ft: 1266 corp: 346/7044b lim: 144 exec/s: 74921 rss: 113Mb L: 70/130 MS: 2 ChangeASCIIInt-InsertRepeatedBytes-
#74938	NEW    cov: 443 ft: 1270 corp: 347/7125b lim: 144 exec/s: 74938 rss: 113Mb L: 81/130 MS: 2 ChangeASCIIInt-CopyPart-
#75410	REDUCE cov: 443 ft: 1270 corp: 347/7120b lim: 144 exec/s: 75410 rss: 113Mb L: 39/130 MS: 2 CMP-CrossOver- DE: "fal"-
#75878	REDUCE cov: 443 ft: 1270 corp: 347/7100b lim: 144 exec/s: 75878 rss: 114Mb L: 50/130 MS: 3 PersAutoDict-CopyPart-EraseBytes- DE: "<validation>"-
#76029	REDUCE cov: 443 ft: 1270 corp: 347/7099b lim: 144 exec/s: 76029 rss: 114Mb L: 29/130 MS: 1 EraseBytes-
#76065	NEW    cov: 443 ft: 1271 corp: 348/7173b lim: 144 exec/s: 76065 rss: 114Mb L: 74/130 MS: 1 CopyPart-
#76075	NEW    cov: 443 ft: 1273 corp: 349/7307b lim: 144 exec/s: 76075 rss: 114Mb L: 134/134 MS: 5 ChangeASCIIInt-EraseBytes-ManualDict-ChangeBit-InsertRepeatedBytes- DE: "duplicate object key"-
#76681	REDUCE cov: 443 ft: 1273 corp: 349/7306b lim: 144 exec/s: 76681 rss: 114Mb L: 13/134 MS: 1 EraseBytes-
#76777	REDUCE cov: 443 ft: 1273 corp: 349/7305b lim: 144 exec/s: 76777 rss: 114Mb L: 4/134 MS: 1 EraseBytes-
#77223	REDUCE cov: 443 ft: 1273 corp: 349/7293b lim: 144 exec/s: 77223 rss: 114Mb L: 14/134 MS: 1 EraseBytes-
#77290	REDUCE cov: 443 ft: 1273 corp: 349/7288b lim: 144 exec/s: 77290 rss: 114Mb L: 7/134 MS: 2 InsertByte-EraseBytes-
#77423	REDUCE cov: 443 ft: 1273 corp: 349/7287b lim: 144 exec/s: 77423 rss: 115Mb L: 12/134 MS: 3 InsertByte-ChangeBit-EraseBytes-
#77424	REDUCE cov: 443 ft: 1275 corp: 350/7293b lim: 144 exec/s: 77424 rss: 115Mb L: 6/134 MS: 1 CopyPart-
#77575	NEW    cov: 443 ft: 1278 corp: 351/7407b lim: 144 exec/s: 77575 rss: 115Mb L: 114/134 MS: 1 CopyPart-
#77721	REDUCE cov: 443 ft: 1278 corp: 351/7406b lim: 144 exec/s: 77721 rss: 115Mb L: 7/134 MS: 1 EraseBytes-
#77757	REDUCE cov: 443 ft: 1278 corp: 351/7405b lim: 144 exec/s: 77757 rss: 115Mb L: 20/134 MS: 1 EraseBytes-
#78078	REDUCE cov: 443 ft: 1278 corp: 351/7400b lim: 144 exec/s: 78078 rss: 115Mb L: 21/134 MS: 1 EraseBytes-
#78095	REDUCE cov: 443 ft: 1278 corp: 351/7398b lim: 144 exec/s: 78095 rss: 115Mb L: 37/134 MS: 2 CMP-EraseBytes- DE: "kkkkk"-
#78171	REDUCE cov: 443 ft: 1278 corp: 351/7397b lim: 144 exec/s: 78171 rss: 115Mb L: 14/134 MS: 1 EraseBytes-
#78197	NEW    cov: 443 ft: 1279 corp: 352/7522b lim: 144 exec/s: 78197 rss: 116Mb L: 125/134 MS: 1 CrossOver-
#78438	REDUCE cov: 443 ft: 1279 corp: 352/7521b lim: 144 exec/s: 78438 rss: 116Mb L: 7/134 MS: 1 EraseBytes-
#78519	NEW    cov: 443 ft: 1280 corp: 353/7635b lim: 144 exec/s: 78519 rss: 116Mb L: 114/134 MS: 1 ChangeBinInt-
#78523	NEW    cov: 443 ft: 1281 corp: 354/7694b lim: 144 exec/s: 78523 rss: 116Mb L: 59/134 MS: 4 CrossOver-ShuffleBytes-ShuffleBytes-CopyPart-
#78777	REDUCE cov: 443 ft: 1281 corp: 354/7692b lim: 144 exec/s: 78777 rss: 116Mb L: 17/134 MS: 4 EraseBytes-CopyPart-CopyPart-CopyPart-
#79618	REDUCE cov: 443 ft: 1281 corp: 354/7691b lim: 151 exec/s: 79618 rss: 117Mb L: 4/134 MS: 1 EraseBytes-
#79829	REDUCE cov: 443 ft: 1281 corp: 354/7689b lim: 151 exec/s: 79829 rss: 117Mb L: 10/134 MS: 1 EraseBytes-
#80036	REDUCE cov: 443 ft: 1281 corp: 354/7682b lim: 151 exec/s: 80036 rss: 118Mb L: 85/134 MS: 2 ChangeASCIIInt-EraseBytes-
#80122	REDUCE cov: 443 ft: 1281 corp: 354/7681b lim: 151 exec/s: 80122 rss: 118Mb L: 26/134 MS: 1 EraseBytes-
#80218	REDUCE cov: 443 ft: 1281 corp: 354/7680b lim: 151 exec/s: 80218 rss: 118Mb L: 4/134 MS: 1 EraseBytes-
#80229	REDUCE cov: 443 ft: 1281 corp: 354/7679b lim: 151 exec/s: 80229 rss: 118Mb L: 11/134 MS: 1 EraseBytes-
#80935	REDUCE cov: 443 ft: 1281 corp: 354/7676b lim: 158 exec/s: 80935 rss: 119Mb L: 11/134 MS: 1 EraseBytes-
#81068	REDUCE cov: 443 ft: 1281 corp: 354/7667b lim: 158 exec/s: 81068 rss: 119Mb L: 33/134 MS: 3 PersAutoDict-InsertByte-EraseBytes- DE: "Un"-
#81265	REDUCE cov: 443 ft: 1281 corp: 354/7665b lim: 158 exec/s: 81265 rss: 119Mb L: 104/134 MS: 2 CopyPart-EraseBytes-
#81761	REDUCE cov: 443 ft: 1281 corp: 354/7664b lim: 158 exec/s: 81761 rss: 119Mb L: 19/134 MS: 1 EraseBytes-
#82212	REDUCE cov: 443 ft: 1281 corp: 354/7656b lim: 158 exec/s: 82212 rss: 120Mb L: 77/134 MS: 1 EraseBytes-
#82374	REDUCE cov: 443 ft: 1281 corp: 354/7654b lim: 158 exec/s: 82374 rss: 120Mb L: 7/134 MS: 2 ChangeByte-EraseBytes-
#82704	REDUCE cov: 443 ft: 1283 corp: 355/7811b lim: 158 exec/s: 82704 rss: 120Mb L: 157/157 MS: 5 CrossOver-CMP-ManualDict-CopyPart-CopyPart- DE: "\030\000\000\000\000\000\000\000"-"invalid Unicode escape '%.6s'"-
#82710	REDUCE cov: 443 ft: 1283 corp: 355/7806b lim: 158 exec/s: 82710 rss: 120Mb L: 11/157 MS: 1 EraseBytes-
#82731	REDUCE cov: 443 ft: 1283 corp: 355/7805b lim: 158 exec/s: 82731 rss: 120Mb L: 8/157 MS: 1 EraseBytes-
#82897	REDUCE cov: 443 ft: 1283 corp: 355/7804b lim: 158 exec/s: 82897 rss: 120Mb L: 9/157 MS: 1 EraseBytes-
#83422	NEW    cov: 443 ft: 1284 corp: 356/7828b lim: 158 exec/s: 83422 rss: 120Mb L: 24/157 MS: 5 ChangeByte-InsertByte-CrossOver-CrossOver-EraseBytes-
#83439	REDUCE cov: 443 ft: 1284 corp: 356/7826b lim: 158 exec/s: 83439 rss: 120Mb L: 11/157 MS: 2 ChangeByte-EraseBytes-
#83790	NEW    cov: 443 ft: 1285 corp: 357/7858b lim: 158 exec/s: 83790 rss: 121Mb L: 32/157 MS: 1 ChangeBinInt-
#84136	NEW    cov: 444 ft: 1286 corp: 358/7900b lim: 158 exec/s: 84136 rss: 121Mb L: 42/157 MS: 1 CrossOver-
#84212	REDUCE cov: 444 ft: 1286 corp: 358/7898b lim: 158 exec/s: 84212 rss: 121Mb L: 5/157 MS: 1 EraseBytes-
#84618	REDUCE cov: 444 ft: 1286 corp: 358/7897b lim: 158 exec/s: 84618 rss: 121Mb L: 22/157 MS: 1 EraseBytes-
#84809	REDUCE cov: 444 ft: 1286 corp: 358/7895b lim: 158 exec/s: 84809 rss: 121Mb L: 5/157 MS: 1 EraseBytes-
#84840	REDUCE cov: 444 ft: 1286 corp: 358/7891b lim: 158 exec/s: 84840 rss: 121Mb L: 15/157 MS: 1 EraseBytes-
#85016	REDUCE cov: 444 ft: 1286 corp: 358/7887b lim: 158 exec/s: 85016 rss: 121Mb L: 34/157 MS: 1 EraseBytes-
#85552	REDUCE cov: 444 ft: 1286 corp: 358/7883b lim: 158 exec/s: 85552 rss: 122Mb L: 11/157 MS: 1 EraseBytes-
#85713	REDUCE cov: 444 ft: 1286 corp: 358/7882b lim: 158 exec/s: 85713 rss: 122Mb L: 17/157 MS: 1 EraseBytes-
#85726	REDUCE cov: 444 ft: 1286 corp: 358/7872b lim: 158 exec/s: 85726 rss: 122Mb L: 28/157 MS: 3 ChangeASCIIInt-ShuffleBytes-CrossOver-
#85753	REDUCE cov: 444 ft: 1286 corp: 358/7869b lim: 158 exec/s: 85753 rss: 122Mb L: 6/157 MS: 2 CopyPart-EraseBytes-
#86036	REDUCE cov: 444 ft: 1291 corp: 359/8023b lim: 158 exec/s: 86036 rss: 122Mb L: 154/157 MS: 3 CopyPart-InsertRepeatedBytes-InsertRepeatedBytes-
#86723	REDUCE cov: 444 ft: 1291 corp: 359/8020b lim: 158 exec/s: 86723 rss: 122Mb L: 6/157 MS: 2 EraseBytes-ChangeByte-
#87093	REDUCE cov: 444 ft: 1291 corp: 359/8002b lim: 158 exec/s: 87093 rss: 123Mb L: 136/157 MS: 5 InsertRepeatedBytes-ShuffleBytes-ChangeBinInt-EraseBytes-CopyPart-
#87459	REDUCE cov: 444 ft: 1291 corp: 359/8000b lim: 158 exec/s: 87459 rss: 123Mb L: 6/157 MS: 1 EraseBytes-
#87473	REDUCE cov: 444 ft: 1291 corp: 359/7994b lim: 158 exec/s: 87473 rss: 123Mb L: 72/157 MS: 4 CMP-CopyPart-ShuffleBytes-EraseBytes- DE: "\001\000\000l"-
#87539	REDUCE cov: 444 ft: 1291 corp: 359/7991b lim: 158 exec/s: 87539 rss: 123Mb L: 8/157 MS: 1 EraseBytes-
#88610	NEW    cov: 444 ft: 1307 corp: 360/8152b lim: 165 exec/s: 88610 rss: 124Mb L: 161/161 MS: 1 CopyPart-
#88776	REDUCE cov: 444 ft: 1307 corp: 360/8151b lim: 165 exec/s: 88776 rss: 124Mb L: 13/161 MS: 1 EraseBytes-
#88860	REDUCE cov: 444 ft: 1307 corp: 360/8150b lim: 165 exec/s: 88860 rss: 124Mb L: 7/161 MS: 4 PersAutoDict-EraseBytes-InsertByte-EraseBytes- DE: ": "-
#88956	REDUCE cov: 444 ft: 1307 corp: 360/8149b lim: 165 exec/s: 88956 rss: 124Mb L: 8/161 MS: 1 EraseBytes-
#88972	REDUCE cov: 444 ft: 1307 corp: 360/8148b lim: 165 exec/s: 88972 rss: 124Mb L: 7/161 MS: 1 EraseBytes-
#89179	REDUCE cov: 444 ft: 1307 corp: 360/8145b lim: 165 exec/s: 89179 rss: 124Mb L: 31/161 MS: 2 ChangeByte-EraseBytes-
#89370	REDUCE cov: 444 ft: 1307 corp: 360/8144b lim: 165 exec/s: 89370 rss: 125Mb L: 12/161 MS: 1 EraseBytes-
#89729	REDUCE cov: 444 ft: 1307 corp: 360/8136b lim: 165 exec/s: 89729 rss: 125Mb L: 84/161 MS: 4 ChangeByte-PersAutoDict-CopyPart-EraseBytes- DE: "CryptReleaseContext"-
#90065	REDUCE cov: 444 ft: 1307 corp: 360/8135b lim: 165 exec/s: 90065 rss: 125Mb L: 11/161 MS: 1 EraseBytes-
#90176	REDUCE cov: 444 ft: 1307 corp: 360/8132b lim: 165 exec/s: 90176 rss: 125Mb L: 9/161 MS: 1 EraseBytes-
#90672	REDUCE cov: 444 ft: 1307 corp: 360/8113b lim: 165 exec/s: 90672 rss: 126Mb L: 55/161 MS: 1 EraseBytes-
#91404	REDUCE cov: 444 ft: 1311 corp: 361/8124b lim: 172 exec/s: 91404 rss: 126Mb L: 11/161 MS: 2 CMP-PersAutoDict- DE: "null"-"ULL"-
#91645	REDUCE cov: 444 ft: 1311 corp: 361/8123b lim: 172 exec/s: 91645 rss: 126Mb L: 4/161 MS: 1 EraseBytes-
#91706	REDUCE cov: 444 ft: 1311 corp: 361/8122b lim: 172 exec/s: 91706 rss: 126Mb L: 44/161 MS: 1 EraseBytes-
#91782	REDUCE cov: 444 ft: 1311 corp: 361/8121b lim: 172 exec/s: 91782 rss: 127Mb L: 5/161 MS: 1 EraseBytes-
#91984	REDUCE cov: 444 ft: 1311 corp: 361/8115b lim: 172 exec/s: 91984 rss: 127Mb L: 12/161 MS: 2 PersAutoDict-EraseBytes- DE: "\000\000\0000"-
#92005	REDUCE cov: 444 ft: 1311 corp: 361/8114b lim: 172 exec/s: 92005 rss: 127Mb L: 16/161 MS: 1 EraseBytes-
#92622	REDUCE cov: 444 ft: 1311 corp: 361/8112b lim: 172 exec/s: 92622 rss: 127Mb L: 19/161 MS: 2 ChangeBinInt-EraseBytes-
#92993	REDUCE cov: 444 ft: 1311 corp: 361/8101b lim: 172 exec/s: 92993 rss: 127Mb L: 24/161 MS: 1 EraseBytes-
#93454	REDUCE cov: 444 ft: 1311 corp: 361/8100b lim: 172 exec/s: 93454 rss: 128Mb L: 56/161 MS: 1 EraseBytes-
#93631	REDUCE cov: 444 ft: 1311 corp: 361/8094b lim: 172 exec/s: 93631 rss: 128Mb L: 10/161 MS: 2 ChangeASCIIInt-EraseBytes-
#93672	REDUCE cov: 444 ft: 1311 corp: 361/8088b lim: 172 exec/s: 93672 rss: 128Mb L: 13/161 MS: 1 EraseBytes-
#94078	REDUCE cov: 444 ft: 1311 corp: 361/8087b lim: 172 exec/s: 47039 rss: 128Mb L: 4/161 MS: 1 EraseBytes-
#94425	REDUCE cov: 444 ft: 1311 corp: 361/8085b lim: 172 exec/s: 47212 rss: 128Mb L: 18/161 MS: 2 ChangeASCIIInt-EraseBytes-
#94711	REDUCE cov: 444 ft: 1311 corp: 361/8078b lim: 172 exec/s: 47355 rss: 129Mb L: 11/161 MS: 1 EraseBytes-
#94748	REDUCE cov: 444 ft: 1311 corp: 361/8067b lim: 172 exec/s: 47374 rss: 129Mb L: 73/161 MS: 2 CopyPart-EraseBytes-
#95330	REDUCE cov: 444 ft: 1311 corp: 361/8066b lim: 172 exec/s: 47665 rss: 129Mb L: 63/161 MS: 2 ChangeByte-EraseBytes-
#95486	REDUCE cov: 444 ft: 1312 corp: 362/8210b lim: 172 exec/s: 47743 rss: 129Mb L: 144/161 MS: 1 InsertRepeatedBytes-
#95532	REDUCE cov: 444 ft: 1317 corp: 363/8265b lim: 172 exec/s: 47766 rss: 129Mb L: 55/161 MS: 1 CopyPart-
#96303	REDUCE cov: 444 ft: 1317 corp: 363/8264b lim: 179 exec/s: 48151 rss: 130Mb L: 14/161 MS: 1 EraseBytes-
#96659	REDUCE cov: 444 ft: 1317 corp: 363/8256b lim: 179 exec/s: 48329 rss: 130Mb L: 22/161 MS: 1 EraseBytes-
#96891	REDUCE cov: 444 ft: 1317 corp: 363/8255b lim: 179 exec/s: 48445 rss: 130Mb L: 3/161 MS: 2 InsertByte-EraseBytes-
#96893	REDUCE cov: 444 ft: 1317 corp: 363/8247b lim: 179 exec/s: 48446 rss: 130Mb L: 25/161 MS: 2 ChangeASCIIInt-EraseBytes-
#97027	REDUCE cov: 444 ft: 1317 corp: 363/8246b lim: 179 exec/s: 48513 rss: 130Mb L: 8/161 MS: 4 EraseBytes-InsertByte-ChangeBit-PersAutoDict- DE: "rue"-
#97120	NEW    cov: 444 ft: 1318 corp: 364/8261b lim: 179 exec/s: 48560 rss: 130Mb L: 15/161 MS: 3 ChangeBit-ChangeByte-CopyPart-
#97186	REDUCE cov: 444 ft: 1318 corp: 364/8252b lim: 179 exec/s: 48593 rss: 130Mb L: 37/161 MS: 1 EraseBytes-
#98023	REDUCE cov: 444 ft: 1318 corp: 364/8250b lim: 186 exec/s: 49011 rss: 131Mb L: 21/161 MS: 2 InsertRepeatedBytes-CrossOver-
#98324	REDUCE cov: 444 ft: 1318 corp: 364/8224b lim: 186 exec/s: 49162 rss: 132Mb L: 47/161 MS: 1 EraseBytes-
#98355	NEW    cov: 444 ft: 1320 corp: 365/8292b lim: 186 exec/s: 49177 rss: 132Mb L: 68/161 MS: 1 InsertRepeatedBytes-
#98412	REDUCE cov: 444 ft: 1320 corp: 365/8252b lim: 186 exec/s: 49206 rss: 132Mb L: 74/161 MS: 2 CopyPart-EraseBytes-
#98713	REDUCE cov: 444 ft: 1323 corp: 366/8400b lim: 186 exec/s: 49356 rss: 132Mb L: 148/161 MS: 1 InsertRepeatedBytes-
#98844	REDUCE cov: 444 ft: 1323 corp: 366/8399b lim: 186 exec/s: 49422 rss: 132Mb L: 6/161 MS: 1 EraseBytes-
#99005	REDUCE cov: 444 ft: 1323 corp: 366/8391b lim: 186 exec/s: 49502 rss: 133Mb L: 21/161 MS: 1 EraseBytes-
#99512	NEW    cov: 444 ft: 1329 corp: 367/8550b lim: 186 exec/s: 49756 rss: 133Mb L: 159/161 MS: 2 ChangeASCIIInt-CopyPart-
#99554	REDUCE cov: 444 ft: 1329 corp: 367/8549b lim: 186 exec/s: 49777 rss: 133Mb L: 27/161 MS: 2 ChangeBinInt-EraseBytes-
#99855	REDUCE cov: 444 ft: 1329 corp: 367/8548b lim: 186 exec/s: 49927 rss: 133Mb L: 30/161 MS: 1 EraseBytes-
#100051	REDUCE cov: 444 ft: 1329 corp: 367/8544b lim: 186 exec/s: 50025 rss: 134Mb L: 27/161 MS: 1 EraseBytes-
#100245	REDUCE cov: 444 ft: 1329 corp: 367/8541b lim: 186 exec/s: 50122 rss: 134Mb L: 5/161 MS: 4 ChangeASCIIInt-ChangeBinInt-ChangeASCIIInt-EraseBytes-
#100351	REDUCE cov: 444 ft: 1329 corp: 367/8539b lim: 186 exec/s: 50175 rss: 134Mb L: 16/161 MS: 1 EraseBytes-
#100372	REDUCE cov: 444 ft: 1329 corp: 367/8537b lim: 186 exec/s: 50186 rss: 134Mb L: 6/161 MS: 1 EraseBytes-
#100393	REDUCE cov: 444 ft: 1329 corp: 367/8510b lim: 186 exec/s: 50196 rss: 134Mb L: 98/161 MS: 1 EraseBytes-
#101116	NEW    cov: 444 ft: 1332 corp: 368/8649b lim: 193 exec/s: 50558 rss: 135Mb L: 139/161 MS: 3 CopyPart-CopyPart-CopyPart-
#101256	REDUCE cov: 444 ft: 1332 corp: 368/8645b lim: 193 exec/s: 50628 rss: 135Mb L: 40/161 MS: 5 CopyPart-ChangeASCIIInt-ChangeBit-CopyPart-EraseBytes-
#101327	REDUCE cov: 444 ft: 1332 corp: 368/8640b lim: 193 exec/s: 50663 rss: 135Mb L: 76/161 MS: 1 EraseBytes-
#101450	NEW    cov: 444 ft: 1336 corp: 369/8685b lim: 193 exec/s: 50725 rss: 135Mb L: 45/161 MS: 3 ShuffleBytes-ChangeBit-CopyPart-
#101697	NEW    cov: 444 ft: 1337 corp: 370/8726b lim: 193 exec/s: 50848 rss: 135Mb L: 41/161 MS: 2 ChangeASCIIInt-CrossOver-
#101799	REDUCE cov: 444 ft: 1337 corp: 370/8721b lim: 193 exec/s: 50899 rss: 135Mb L: 21/161 MS: 2 ShuffleBytes-EraseBytes-
#102620	REDUCE cov: 444 ft: 1337 corp: 370/8720b lim: 200 exec/s: 51310 rss: 136Mb L: 105/161 MS: 1 EraseBytes-
#102652	REDUCE cov: 444 ft: 1337 corp: 370/8719b lim: 200 exec/s: 51326 rss: 136Mb L: 6/161 MS: 2 CrossOver-EraseBytes-
#102738	REDUCE cov: 444 ft: 1337 corp: 370/8717b lim: 200 exec/s: 51369 rss: 136Mb L: 4/161 MS: 1 EraseBytes-
#102749	REDUCE cov: 444 ft: 1338 corp: 371/8728b lim: 200 exec/s: 51374 rss: 136Mb L: 11/161 MS: 1 CrossOver-
#102785	REDUCE cov: 444 ft: 1338 corp: 371/8727b lim: 200 exec/s: 51392 rss: 136Mb L: 44/161 MS: 1 EraseBytes-
#102981	REDUCE cov: 444 ft: 1338 corp: 371/8724b lim: 200 exec/s: 51490 rss: 136Mb L: 8/161 MS: 1 EraseBytes-
#103178	REDUCE cov: 444 ft: 1338 corp: 371/8721b lim: 200 exec/s: 51589 rss: 136Mb L: 25/161 MS: 2 ChangeBit-EraseBytes-
#103189	REDUCE cov: 444 ft: 1338 corp: 371/8720b lim: 200 exec/s: 51594 rss: 136Mb L: 43/161 MS: 1 EraseBytes-
#103592	REDUCE cov: 444 ft: 1338 corp: 371/8719b lim: 200 exec/s: 51796 rss: 137Mb L: 43/161 MS: 3 InsertByte-ShuffleBytes-EraseBytes-
#103604	REDUCE cov: 444 ft: 1338 corp: 371/8718b lim: 200 exec/s: 51802 rss: 137Mb L: 24/161 MS: 2 ChangeByte-EraseBytes-
#103630	REDUCE cov: 444 ft: 1338 corp: 371/8717b lim: 200 exec/s: 51815 rss: 137Mb L: 26/161 MS: 1 EraseBytes-
#103666	REDUCE cov: 444 ft: 1339 corp: 372/8810b lim: 200 exec/s: 51833 rss: 137Mb L: 93/161 MS: 1 InsertRepeatedBytes-
#103732	REDUCE cov: 444 ft: 1339 corp: 372/8807b lim: 200 exec/s: 51866 rss: 137Mb L: 10/161 MS: 1 EraseBytes-
#104098	REDUCE cov: 444 ft: 1339 corp: 372/8806b lim: 200 exec/s: 52049 rss: 137Mb L: 30/161 MS: 1 EraseBytes-
#104514	REDUCE cov: 444 ft: 1339 corp: 372/8805b lim: 200 exec/s: 52257 rss: 138Mb L: 6/161 MS: 1 EraseBytes-
#104696	REDUCE cov: 444 ft: 1339 corp: 372/8782b lim: 200 exec/s: 52348 rss: 138Mb L: 70/161 MS: 2 ChangeBit-EraseBytes-
#104703	REDUCE cov: 444 ft: 1339 corp: 372/8777b lim: 200 exec/s: 52351 rss: 138Mb L: 12/161 MS: 2 InsertByte-EraseBytes-
#104962	REDUCE cov: 444 ft: 1339 corp: 372/8753b lim: 200 exec/s: 52481 rss: 138Mb L: 31/161 MS: 4 ChangeASCIIInt-InsertByte-InsertByte-EraseBytes-
#106141	REDUCE cov: 444 ft: 1339 corp: 372/8751b lim: 207 exec/s: 53070 rss: 139Mb L: 6/161 MS: 4 ShuffleBytes-ChangeBit-ChangeBit-EraseBytes-
#107148	REDUCE cov: 444 ft: 1339 corp: 372/8750b lim: 214 exec/s: 53574 rss: 140Mb L: 6/161 MS: 2 InsertByte-EraseBytes-
#107149	REDUCE cov: 444 ft: 1339 corp: 372/8743b lim: 214 exec/s: 53574 rss: 140Mb L: 8/161 MS: 1 EraseBytes-
#107246	REDUCE cov: 444 ft: 1339 corp: 372/8740b lim: 214 exec/s: 53623 rss: 140Mb L: 21/161 MS: 2 ChangeBinInt-EraseBytes-
#107392	REDUCE cov: 444 ft: 1339 corp: 372/8739b lim: 214 exec/s: 53696 rss: 140Mb L: 5/161 MS: 1 EraseBytes-
#107479	REDUCE cov: 444 ft: 1339 corp: 372/8738b lim: 214 exec/s: 53739 rss: 140Mb L: 16/161 MS: 2 CrossOver-EraseBytes-
#107590	REDUCE cov: 444 ft: 1342 corp: 373/8843b lim: 214 exec/s: 53795 rss: 140Mb L: 105/161 MS: 1 CopyPart-
#107816	REDUCE cov: 444 ft: 1342 corp: 373/8842b lim: 214 exec/s: 53908 rss: 140Mb L: 16/161 MS: 1 EraseBytes-
#108037	NEW    cov: 444 ft: 1343 corp: 374/8876b lim: 214 exec/s: 54018 rss: 140Mb L: 34/161 MS: 1 CrossOver-
#108426	REDUCE cov: 444 ft: 1343 corp: 374/8875b lim: 214 exec/s: 54213 rss: 141Mb L: 41/161 MS: 4 CrossOver-ChangeByte-ShuffleBytes-EraseBytes-
#108522	NEW    cov: 444 ft: 1344 corp: 375/8934b lim: 214 exec/s: 54261 rss: 141Mb L: 59/161 MS: 1 ChangeBit-
#109728	REDUCE cov: 444 ft: 1344 corp: 375/8933b lim: 221 exec/s: 54864 rss: 142Mb L: 12/161 MS: 1 EraseBytes-
#109765	REDUCE cov: 444 ft: 1344 corp: 375/8912b lim: 221 exec/s: 54882 rss: 142Mb L: 84/161 MS: 2 InsertByte-EraseBytes-
#110036	REDUCE cov: 444 ft: 1345 corp: 376/8947b lim: 221 exec/s: 55018 rss: 142Mb L: 35/161 MS: 1 EraseBytes-
#110252	NEW    cov: 444 ft: 1346 corp: 377/9103b lim: 221 exec/s: 55126 rss: 142Mb L: 156/161 MS: 1 CopyPart-
#110578	REDUCE cov: 444 ft: 1346 corp: 377/9102b lim: 221 exec/s: 55289 rss: 143Mb L: 147/161 MS: 1 EraseBytes-
#111105	REDUCE cov: 444 ft: 1346 corp: 377/9100b lim: 221 exec/s: 55552 rss: 143Mb L: 22/161 MS: 2 ChangeASCIIInt-EraseBytes-
#111121	REDUCE cov: 444 ft: 1346 corp: 377/9099b lim: 221 exec/s: 55560 rss: 143Mb L: 5/161 MS: 1 EraseBytes-
#111702	REDUCE cov: 444 ft: 1346 corp: 377/9098b lim: 221 exec/s: 55851 rss: 149Mb L: 7/161 MS: 1 EraseBytes-
#112064	REDUCE cov: 444 ft: 1346 corp: 377/9096b lim: 221 exec/s: 56032 rss: 149Mb L: 9/161 MS: 2 ChangeBit-EraseBytes-
#112210	NEW    cov: 444 ft: 1347 corp: 378/9288b lim: 221 exec/s: 56105 rss: 150Mb L: 192/192 MS: 1 CopyPart-
#112268	REDUCE cov: 444 ft: 1347 corp: 378/9281b lim: 221 exec/s: 56134 rss: 150Mb L: 34/192 MS: 3 ShuffleBytes-ChangeBinInt-EraseBytes-
#112630	REDUCE cov: 448 ft: 1371 corp: 379/9313b lim: 221 exec/s: 56315 rss: 150Mb L: 32/192 MS: 2 InsertByte-CopyPart-
#112651	REDUCE cov: 448 ft: 1371 corp: 379/9309b lim: 221 exec/s: 56325 rss: 150Mb L: 21/192 MS: 1 EraseBytes-
#112653	REDUCE cov: 448 ft: 1371 corp: 379/9307b lim: 221 exec/s: 56326 rss: 150Mb L: 56/192 MS: 2 ChangeBinInt-EraseBytes-
#112909	REDUCE cov: 448 ft: 1371 corp: 379/9306b lim: 221 exec/s: 56454 rss: 150Mb L: 10/192 MS: 1 EraseBytes-
#113348	REDUCE cov: 448 ft: 1371 corp: 379/9295b lim: 221 exec/s: 56674 rss: 150Mb L: 39/192 MS: 4 InsertByte-CMP-CMP-EraseBytes- DE: "\377\377\377\377"-"n\000\000\000"-
#113974	REDUCE cov: 448 ft: 1371 corp: 379/9290b lim: 221 exec/s: 56987 rss: 151Mb L: 22/192 MS: 1 EraseBytes-
#114325	REDUCE cov: 448 ft: 1371 corp: 379/9289b lim: 221 exec/s: 57162 rss: 151Mb L: 31/192 MS: 1 EraseBytes-
#114448	REDUCE cov: 448 ft: 1372 corp: 380/9324b lim: 221 exec/s: 57224 rss: 151Mb L: 35/192 MS: 3 ChangeBit-ChangeASCIIInt-CopyPart-
#114459	REDUCE cov: 448 ft: 1372 corp: 380/9321b lim: 221 exec/s: 57229 rss: 151Mb L: 8/192 MS: 1 EraseBytes-
#114527	REDUCE cov: 448 ft: 1372 corp: 380/9320b lim: 221 exec/s: 57263 rss: 151Mb L: 14/192 MS: 3 ChangeASCIIInt-ChangeBinInt-EraseBytes-
#114768	REDUCE cov: 448 ft: 1372 corp: 380/9317b lim: 221 exec/s: 57384 rss: 152Mb L: 36/192 MS: 1 EraseBytes-
#114794	REDUCE cov: 448 ft: 1372 corp: 380/9314b lim: 221 exec/s: 57397 rss: 152Mb L: 31/192 MS: 1 EraseBytes-
#115286	REDUCE cov: 448 ft: 1372 corp: 380/9313b lim: 221 exec/s: 57643 rss: 152Mb L: 13/192 MS: 2 ChangeBit-EraseBytes-
#116028	REDUCE cov: 448 ft: 1372 corp: 380/9310b lim: 228 exec/s: 58014 rss: 153Mb L: 29/192 MS: 2 CMP-EraseBytes- DE: "\000\012"-
#116591	REDUCE cov: 448 ft: 1372 corp: 380/9308b lim: 228 exec/s: 58295 rss: 153Mb L: 10/192 MS: 3 ChangeBinInt-ChangeBinInt-EraseBytes-
#116782	REDUCE cov: 448 ft: 1372 corp: 380/9301b lim: 228 exec/s: 58391 rss: 153Mb L: 35/192 MS: 1 EraseBytes-
#116944	REDUCE cov: 448 ft: 1372 corp: 380/9292b lim: 228 exec/s: 58472 rss: 153Mb L: 34/192 MS: 2 ChangeBinInt-EraseBytes-
#116986	REDUCE cov: 448 ft: 1372 corp: 380/9284b lim: 228 exec/s: 58493 rss: 153Mb L: 22/192 MS: 2 CrossOver-CopyPart-
#117127	REDUCE cov: 448 ft: 1372 corp: 380/9282b lim: 228 exec/s: 58563 rss: 154Mb L: 74/192 MS: 1 EraseBytes-
#117133	REDUCE cov: 448 ft: 1372 corp: 380/9281b lim: 228 exec/s: 58566 rss: 154Mb L: 4/192 MS: 1 EraseBytes-
#117324	REDUCE cov: 448 ft: 1372 corp: 380/9280b lim: 228 exec/s: 58662 rss: 154Mb L: 10/192 MS: 1 EraseBytes-
#117400	REDUCE cov: 448 ft: 1372 corp: 380/9268b lim: 228 exec/s: 58700 rss: 154Mb L: 93/192 MS: 1 EraseBytes-
#117473	REDUCE cov: 448 ft: 1372 corp: 380/9249b lim: 228 exec/s: 58736 rss: 154Mb L: 40/192 MS: 3 ShuffleBytes-ChangeASCIIInt-EraseBytes-
#117820	REDUCE cov: 448 ft: 1372 corp: 380/9247b lim: 228 exec/s: 58910 rss: 154Mb L: 4/192 MS: 2 ChangeASCIIInt-EraseBytes-
#118366	REDUCE cov: 448 ft: 1372 corp: 380/9234b lim: 228 exec/s: 59183 rss: 154Mb L: 22/192 MS: 1 EraseBytes-
#118507	REDUCE cov: 448 ft: 1372 corp: 380/9229b lim: 228 exec/s: 59253 rss: 155Mb L: 9/192 MS: 1 EraseBytes-
#118583	REDUCE cov: 448 ft: 1372 corp: 380/9227b lim: 228 exec/s: 59291 rss: 155Mb L: 18/192 MS: 1 EraseBytes-
#119334	REDUCE cov: 448 ft: 1372 corp: 380/9220b lim: 235 exec/s: 59667 rss: 155Mb L: 52/192 MS: 1 EraseBytes-
#119336	REDUCE cov: 448 ft: 1372 corp: 380/9212b lim: 235 exec/s: 59668 rss: 155Mb L: 26/192 MS: 2 ManualDict-EraseBytes- DE: "CryptGenRandom"-
#119340	REDUCE cov: 448 ft: 1372 corp: 380/9211b lim: 235 exec/s: 59670 rss: 155Mb L: 6/192 MS: 4 CopyPart-ChangeASCIIInt-EraseBytes-EraseBytes-
#119387	REDUCE cov: 448 ft: 1381 corp: 381/9359b lim: 235 exec/s: 59693 rss: 155Mb L: 148/192 MS: 2 CopyPart-ManualDict- DE: "<root>"-
#119629	REDUCE cov: 448 ft: 1399 corp: 382/9436b lim: 235 exec/s: 59814 rss: 156Mb L: 77/192 MS: 2 ChangeByte-CopyPart-
#120005	REDUCE cov: 448 ft: 1399 corp: 382/9427b lim: 235 exec/s: 60002 rss: 156Mb L: 150/192 MS: 1 EraseBytes-
#120066	REDUCE cov: 448 ft: 1399 corp: 382/9426b lim: 235 exec/s: 60033 rss: 156Mb L: 14/192 MS: 1 EraseBytes-
#120247	REDUCE cov: 448 ft: 1399 corp: 382/9425b lim: 235 exec/s: 60123 rss: 157Mb L: 26/192 MS: 1 EraseBytes-
#120352	REDUCE cov: 448 ft: 1399 corp: 382/9422b lim: 235 exec/s: 60176 rss: 157Mb L: 13/192 MS: 5 CMP-InsertByte-CopyPart-EraseBytes-EraseBytes- DE: "Anul"-
#121123	REDUCE cov: 448 ft: 1399 corp: 382/9421b lim: 242 exec/s: 60561 rss: 157Mb L: 3/192 MS: 1 EraseBytes-
#121224	REDUCE cov: 448 ft: 1399 corp: 382/9418b lim: 242 exec/s: 60612 rss: 157Mb L: 35/192 MS: 1 EraseBytes-
#121440	REDUCE cov: 448 ft: 1399 corp: 382/9417b lim: 242 exec/s: 60720 rss: 157Mb L: 17/192 MS: 1 EraseBytes-
#122045	REDUCE cov: 448 ft: 1399 corp: 382/9416b lim: 242 exec/s: 61022 rss: 158Mb L: 12/192 MS: 5 ChangeBit-ChangeBinInt-CrossOver-EraseBytes-EraseBytes-
#122081	REDUCE cov: 448 ft: 1399 corp: 382/9415b lim: 242 exec/s: 61040 rss: 158Mb L: 4/192 MS: 1 EraseBytes-
#122082	REDUCE cov: 448 ft: 1400 corp: 383/9438b lim: 242 exec/s: 61041 rss: 158Mb L: 23/192 MS: 1 EraseBytes-
#122523	REDUCE cov: 448 ft: 1400 corp: 383/9437b lim: 242 exec/s: 61261 rss: 158Mb L: 7/192 MS: 1 EraseBytes-
#122634	REDUCE cov: 448 ft: 1400 corp: 383/9435b lim: 242 exec/s: 61317 rss: 159Mb L: 4/192 MS: 1 EraseBytes-
#123320	REDUCE cov: 448 ft: 1400 corp: 383/9433b lim: 242 exec/s: 61660 rss: 159Mb L: 9/192 MS: 1 EraseBytes-
#123372	REDUCE cov: 448 ft: 1400 corp: 383/9431b lim: 242 exec/s: 61686 rss: 159Mb L: 9/192 MS: 2 ChangeASCIIInt-EraseBytes-
#123458	REDUCE cov: 448 ft: 1400 corp: 383/9429b lim: 242 exec/s: 61729 rss: 159Mb L: 9/192 MS: 1 EraseBytes-
#123584	REDUCE cov: 448 ft: 1400 corp: 383/9428b lim: 242 exec/s: 61792 rss: 159Mb L: 8/192 MS: 1 EraseBytes-
#123645	REDUCE cov: 448 ft: 1400 corp: 383/9425b lim: 242 exec/s: 61822 rss: 159Mb L: 41/192 MS: 1 EraseBytes-
#123911	NEW    cov: 449 ft: 1401 corp: 384/9459b lim: 242 exec/s: 61955 rss: 160Mb L: 34/192 MS: 1 ChangeByte-
#123923	REDUCE cov: 449 ft: 1401 corp: 384/9429b lim: 242 exec/s: 61961 rss: 160Mb L: 40/192 MS: 2 ChangeByte-EraseBytes-
#124185	REDUCE cov: 449 ft: 1401 corp: 384/9426b lim: 242 exec/s: 62092 rss: 160Mb L: 53/192 MS: 2 CopyPart-EraseBytes-
#124276	REDUCE cov: 449 ft: 1401 corp: 384/9425b lim: 242 exec/s: 62138 rss: 160Mb L: 3/192 MS: 1 EraseBytes-
#124317	REDUCE cov: 449 ft: 1401 corp: 384/9424b lim: 242 exec/s: 62158 rss: 160Mb L: 21/192 MS: 1 EraseBytes-
#124418	REDUCE cov: 449 ft: 1401 corp: 384/9420b lim: 242 exec/s: 62209 rss: 160Mb L: 4/192 MS: 1 EraseBytes-
#125489	REDUCE cov: 449 ft: 1401 corp: 384/9418b lim: 249 exec/s: 62744 rss: 160Mb L: 10/192 MS: 1 EraseBytes-
#125665	NEW    cov: 449 ft: 1402 corp: 385/9453b lim: 249 exec/s: 62832 rss: 161Mb L: 35/192 MS: 1 CopyPart-
#126080	REDUCE cov: 449 ft: 1404 corp: 386/9518b lim: 249 exec/s: 63040 rss: 161Mb L: 65/192 MS: 5 CrossOver-ManualDict-CrossOver-CrossOver-CopyPart- DE: ": "-
#126291	REDUCE cov: 449 ft: 1404 corp: 386/9514b lim: 249 exec/s: 63145 rss: 161Mb L: 31/192 MS: 1 EraseBytes-
#126388	REDUCE cov: 449 ft: 1404 corp: 386/9513b lim: 249 exec/s: 63194 rss: 161Mb L: 6/192 MS: 2 CopyPart-EraseBytes-
#126499	REDUCE cov: 449 ft: 1404 corp: 386/9496b lim: 249 exec/s: 63249 rss: 161Mb L: 27/192 MS: 1 EraseBytes-
#126520	REDUCE cov: 449 ft: 1404 corp: 386/9488b lim: 249 exec/s: 63260 rss: 161Mb L: 19/192 MS: 1 EraseBytes-
#126566	REDUCE cov: 449 ft: 1404 corp: 386/9487b lim: 249 exec/s: 63283 rss: 161Mb L: 10/192 MS: 1 EraseBytes-
#126657	REDUCE cov: 449 ft: 1404 corp: 386/9486b lim: 249 exec/s: 63328 rss: 161Mb L: 7/192 MS: 1 EraseBytes-
#126773	NEW    cov: 449 ft: 1407 corp: 387/9702b lim: 249 exec/s: 63386 rss: 162Mb L: 216/216 MS: 1 CopyPart-
#126896	REDUCE cov: 449 ft: 1407 corp: 387/9700b lim: 249 exec/s: 63448 rss: 162Mb L: 190/216 MS: 3 ShuffleBytes-EraseBytes-CopyPart-
#127378	REDUCE cov: 449 ft: 1407 corp: 387/9698b lim: 249 exec/s: 63689 rss: 162Mb L: 7/216 MS: 2 InsertByte-EraseBytes-
#127564	REDUCE cov: 449 ft: 1407 corp: 387/9697b lim: 249 exec/s: 63782 rss: 162Mb L: 55/216 MS: 1 EraseBytes-
#127765	REDUCE cov: 449 ft: 1407 corp: 387/9696b lim: 249 exec/s: 63882 rss: 162Mb L: 40/216 MS: 1 EraseBytes-
#127963	REDUCE cov: 449 ft: 1407 corp: 387/9691b lim: 249 exec/s: 63981 rss: 163Mb L: 26/216 MS: 3 ChangeByte-ChangeBinInt-EraseBytes-
#128026	NEW    cov: 449 ft: 1408 corp: 388/9922b lim: 249 exec/s: 64013 rss: 163Mb L: 231/231 MS: 3 CrossOver-CMP-CopyPart- DE: "\377\377\377\377\377\377\377\273"-
#128657	REDUCE cov: 449 ft: 1408 corp: 388/9879b lim: 249 exec/s: 64328 rss: 164Mb L: 105/231 MS: 1 EraseBytes-
#129383	REDUCE cov: 449 ft: 1408 corp: 388/9878b lim: 256 exec/s: 64691 rss: 165Mb L: 5/231 MS: 1 EraseBytes-
#129464	REDUCE cov: 449 ft: 1408 corp: 388/9874b lim: 256 exec/s: 64732 rss: 165Mb L: 102/231 MS: 1 EraseBytes-
#129475	REDUCE cov: 449 ft: 1408 corp: 388/9872b lim: 256 exec/s: 64737 rss: 165Mb L: 18/231 MS: 1 EraseBytes-
#129591	REDUCE cov: 449 ft: 1408 corp: 388/9868b lim: 256 exec/s: 64795 rss: 165Mb L: 36/231 MS: 1 EraseBytes-
#129703	REDUCE cov: 449 ft: 1408 corp: 388/9867b lim: 256 exec/s: 64851 rss: 165Mb L: 5/231 MS: 2 InsertByte-EraseBytes-
#130389	REDUCE cov: 449 ft: 1408 corp: 388/9860b lim: 256 exec/s: 65194 rss: 166Mb L: 32/231 MS: 1 EraseBytes-
#130820	REDUCE cov: 449 ft: 1408 corp: 388/9856b lim: 256 exec/s: 65410 rss: 166Mb L: 36/231 MS: 1 EraseBytes-
#130941	REDUCE cov: 449 ft: 1408 corp: 388/9823b lim: 256 exec/s: 65470 rss: 166Mb L: 32/231 MS: 1 CrossOver-
#130952	REDUCE cov: 449 ft: 1408 corp: 388/9817b lim: 256 exec/s: 65476 rss: 166Mb L: 13/231 MS: 1 EraseBytes-
#131065	REDUCE cov: 449 ft: 1408 corp: 388/9813b lim: 256 exec/s: 65532 rss: 166Mb L: 31/231 MS: 3 InsertByte-ShuffleBytes-EraseBytes-
#131072	pulse  cov: 449 ft: 1408 corp: 388/9813b lim: 256 exec/s: 65536 rss: 166Mb
#131737	REDUCE cov: 449 ft: 1408 corp: 388/9810b lim: 256 exec/s: 65868 rss: 167Mb L: 9/231 MS: 2 ChangeByte-EraseBytes-
#131833	REDUCE cov: 449 ft: 1408 corp: 388/9809b lim: 256 exec/s: 65916 rss: 167Mb L: 20/231 MS: 1 EraseBytes-
#131922	REDUCE cov: 449 ft: 1408 corp: 388/9802b lim: 256 exec/s: 65961 rss: 167Mb L: 25/231 MS: 4 ChangeBinInt-InsertRepeatedBytes-ChangeASCIIInt-EraseBytes-
#132718	REDUCE cov: 449 ft: 1408 corp: 388/9800b lim: 256 exec/s: 66359 rss: 167Mb L: 12/231 MS: 1 EraseBytes-
#132750	REDUCE cov: 449 ft: 1408 corp: 388/9798b lim: 256 exec/s: 66375 rss: 167Mb L: 40/231 MS: 2 InsertByte-EraseBytes-
#133066	REDUCE cov: 449 ft: 1408 corp: 388/9797b lim: 256 exec/s: 66533 rss: 168Mb L: 29/231 MS: 1 EraseBytes-
#133272	REDUCE cov: 449 ft: 1408 corp: 388/9791b lim: 256 exec/s: 66636 rss: 168Mb L: 133/231 MS: 1 CrossOver-
#133713	REDUCE cov: 449 ft: 1408 corp: 388/9781b lim: 256 exec/s: 66856 rss: 169Mb L: 16/231 MS: 1 EraseBytes-
#133870	REDUCE cov: 449 ft: 1408 corp: 388/9778b lim: 256 exec/s: 66935 rss: 169Mb L: 31/231 MS: 2 ChangeASCIIInt-EraseBytes-
#134085	REDUCE cov: 449 ft: 1408 corp: 388/9777b lim: 256 exec/s: 67042 rss: 169Mb L: 9/231 MS: 5 ChangeBinInt-ChangeBinInt-ChangeBit-ShuffleBytes-EraseBytes-
#134732	REDUCE cov: 449 ft: 1421 corp: 389/9798b lim: 256 exec/s: 67366 rss: 170Mb L: 21/231 MS: 2 CopyPart-ShuffleBytes-
#135013	REDUCE cov: 449 ft: 1421 corp: 389/9796b lim: 256 exec/s: 67506 rss: 170Mb L: 19/231 MS: 1 EraseBytes-
#135060	REDUCE cov: 450 ft: 1422 corp: 390/9823b lim: 256 exec/s: 67530 rss: 170Mb L: 27/231 MS: 2 PersAutoDict-ChangeBit- DE: "\377\377\377\377"-
#135071	REDUCE cov: 450 ft: 1422 corp: 390/9822b lim: 256 exec/s: 67535 rss: 170Mb L: 12/231 MS: 1 EraseBytes-
#135142	REDUCE cov: 450 ft: 1422 corp: 390/9821b lim: 256 exec/s: 67571 rss: 170Mb L: 4/231 MS: 1 EraseBytes-
#135228	REDUCE cov: 450 ft: 1422 corp: 390/9820b lim: 256 exec/s: 67614 rss: 170Mb L: 9/231 MS: 1 EraseBytes-
#135449	REDUCE cov: 450 ft: 1422 corp: 390/9819b lim: 256 exec/s: 67724 rss: 171Mb L: 31/231 MS: 1 EraseBytes-
#137008	REDUCE cov: 450 ft: 1422 corp: 390/9781b lim: 264 exec/s: 68504 rss: 171Mb L: 67/231 MS: 4 ChangeASCIIInt-ChangeBit-ChangeBit-EraseBytes-
#137134	REDUCE cov: 450 ft: 1422 corp: 390/9780b lim: 264 exec/s: 68567 rss: 171Mb L: 15/231 MS: 1 EraseBytes-
#137295	REDUCE cov: 450 ft: 1423 corp: 391/9954b lim: 264 exec/s: 68647 rss: 172Mb L: 174/231 MS: 1 CopyPart-
#137379	REDUCE cov: 450 ft: 1426 corp: 392/9975b lim: 264 exec/s: 68689 rss: 172Mb L: 21/231 MS: 4 CopyPart-CopyPart-CopyPart-CopyPart-
#137595	REDUCE cov: 450 ft: 1426 corp: 392/9974b lim: 264 exec/s: 68797 rss: 172Mb L: 13/231 MS: 1 EraseBytes-
#137622	REDUCE cov: 450 ft: 1426 corp: 392/9964b lim: 264 exec/s: 68811 rss: 172Mb L: 33/231 MS: 2 PersAutoDict-EraseBytes- DE: "<string>"-
#138064	REDUCE cov: 450 ft: 1427 corp: 393/10214b lim: 264 exec/s: 69032 rss: 173Mb L: 250/250 MS: 2 InsertByte-CopyPart-
#138345	REDUCE cov: 450 ft: 1431 corp: 394/10239b lim: 264 exec/s: 69172 rss: 173Mb L: 25/250 MS: 1 ShuffleBytes-
#138531	NEW    cov: 450 ft: 1432 corp: 395/10248b lim: 264 exec/s: 69265 rss: 173Mb L: 9/250 MS: 1 InsertByte-
#138857	REDUCE cov: 450 ft: 1433 corp: 396/10260b lim: 264 exec/s: 69428 rss: 173Mb L: 12/250 MS: 1 CopyPart-
#138948	NEW    cov: 450 ft: 1434 corp: 397/10270b lim: 264 exec/s: 69474 rss: 173Mb L: 10/250 MS: 1 CopyPart-
#139324	REDUCE cov: 450 ft: 1434 corp: 397/10268b lim: 264 exec/s: 69662 rss: 173Mb L: 26/250 MS: 1 EraseBytes-
#139693	REDUCE cov: 450 ft: 1434 corp: 397/10267b lim: 264 exec/s: 69846 rss: 174Mb L: 5/250 MS: 4 ShuffleBytes-ChangeBinInt-CopyPart-EraseBytes-
#139704	REDUCE cov: 450 ft: 1434 corp: 397/10266b lim: 264 exec/s: 69852 rss: 174Mb L: 25/250 MS: 1 EraseBytes-
#140020	REDUCE cov: 450 ft: 1434 corp: 397/10262b lim: 264 exec/s: 70010 rss: 174Mb L: 12/250 MS: 1 EraseBytes-
#140023	REDUCE cov: 450 ft: 1435 corp: 398/10466b lim: 264 exec/s: 70011 rss: 174Mb L: 204/250 MS: 3 EraseBytes-InsertRepeatedBytes-CopyPart-
#140254	REDUCE cov: 450 ft: 1435 corp: 398/10465b lim: 264 exec/s: 70127 rss: 174Mb L: 7/250 MS: 1 EraseBytes-
#140348	REDUCE cov: 450 ft: 1435 corp: 398/10443b lim: 264 exec/s: 70174 rss: 174Mb L: 182/250 MS: 4 ChangeByte-InsertRepeatedBytes-CMP-EraseBytes- DE: "\377\377\377\377"-
#140684	REDUCE cov: 450 ft: 1435 corp: 398/10442b lim: 264 exec/s: 70342 rss: 175Mb L: 19/250 MS: 1 EraseBytes-
#140830	REDUCE cov: 450 ft: 1435 corp: 398/10440b lim: 264 exec/s: 70415 rss: 175Mb L: 23/250 MS: 1 EraseBytes-
#140897	REDUCE cov: 450 ft: 1435 corp: 398/10438b lim: 264 exec/s: 70448 rss: 176Mb L: 4/250 MS: 2 ChangeByte-EraseBytes-
#141078	REDUCE cov: 450 ft: 1435 corp: 398/10396b lim: 264 exec/s: 70539 rss: 176Mb L: 140/250 MS: 1 EraseBytes-
#141339	REDUCE cov: 450 ft: 1435 corp: 398/10395b lim: 264 exec/s: 70669 rss: 176Mb L: 17/250 MS: 1 EraseBytes-
#141515	REDUCE cov: 450 ft: 1435 corp: 398/10394b lim: 264 exec/s: 70757 rss: 176Mb L: 6/250 MS: 1 EraseBytes-
#141566	REDUCE cov: 450 ft: 1435 corp: 398/10393b lim: 264 exec/s: 70783 rss: 176Mb L: 4/250 MS: 1 EraseBytes-
#141647	REDUCE cov: 450 ft: 1435 corp: 398/10391b lim: 264 exec/s: 70823 rss: 176Mb L: 11/250 MS: 1 EraseBytes-
#142083	REDUCE cov: 450 ft: 1435 corp: 398/10390b lim: 264 exec/s: 71041 rss: 177Mb L: 13/250 MS: 1 EraseBytes-
#142404	REDUCE cov: 450 ft: 1435 corp: 398/10388b lim: 264 exec/s: 71202 rss: 177Mb L: 28/250 MS: 1 EraseBytes-
#142757	REDUCE cov: 450 ft: 1435 corp: 398/10387b lim: 264 exec/s: 71378 rss: 177Mb L: 6/250 MS: 3 ShuffleBytes-ChangeBit-EraseBytes-
#142792	REDUCE cov: 450 ft: 1435 corp: 398/10383b lim: 264 exec/s: 71396 rss: 178Mb L: 27/250 MS: 5 ShuffleBytes-ChangeASCIIInt-InsertByte-PersAutoDict-EraseBytes- DE: ": "-
#143033	NEW    cov: 450 ft: 1438 corp: 399/10524b lim: 264 exec/s: 71516 rss: 178Mb L: 141/250 MS: 1 InsertRepeatedBytes-
#143069	REDUCE cov: 450 ft: 1438 corp: 399/10518b lim: 264 exec/s: 71534 rss: 178Mb L: 9/250 MS: 1 EraseBytes-
#143292	REDUCE cov: 450 ft: 1438 corp: 399/10516b lim: 264 exec/s: 71646 rss: 178Mb L: 31/250 MS: 3 CopyPart-CMP-EraseBytes- DE: "faF"-
#143628	REDUCE cov: 450 ft: 1438 corp: 399/10514b lim: 264 exec/s: 71814 rss: 178Mb L: 35/250 MS: 1 EraseBytes-
#144424	REDUCE cov: 450 ft: 1438 corp: 399/10513b lim: 264 exec/s: 72212 rss: 179Mb L: 5/250 MS: 1 EraseBytes-
#144875	REDUCE cov: 450 ft: 1440 corp: 400/10558b lim: 264 exec/s: 48291 rss: 180Mb L: 45/250 MS: 1 CopyPart-
#144901	REDUCE cov: 450 ft: 1440 corp: 400/10552b lim: 264 exec/s: 48300 rss: 180Mb L: 71/250 MS: 1 EraseBytes-
#145310	REDUCE cov: 450 ft: 1440 corp: 400/10550b lim: 264 exec/s: 48436 rss: 180Mb L: 19/250 MS: 4 ChangeBinInt-ChangeBinInt-EraseBytes-InsertByte-
#145871	REDUCE cov: 450 ft: 1440 corp: 400/10549b lim: 264 exec/s: 48623 rss: 181Mb L: 8/250 MS: 1 EraseBytes-
#145977	REDUCE cov: 450 ft: 1454 corp: 401/10629b lim: 264 exec/s: 48659 rss: 181Mb L: 80/250 MS: 1 CrossOver-
#146165	REDUCE cov: 450 ft: 1454 corp: 401/10625b lim: 264 exec/s: 48721 rss: 181Mb L: 6/250 MS: 3 InsertByte-InsertByte-EraseBytes-
#146192	REDUCE cov: 450 ft: 1454 corp: 401/10616b lim: 264 exec/s: 48730 rss: 181Mb L: 65/250 MS: 2 ChangeBit-EraseBytes-
#146249	REDUCE cov: 450 ft: 1454 corp: 401/10611b lim: 264 exec/s: 48749 rss: 181Mb L: 24/250 MS: 2 ShuffleBytes-EraseBytes-
#146366	REDUCE cov: 450 ft: 1454 corp: 401/10610b lim: 264 exec/s: 48788 rss: 181Mb L: 34/250 MS: 2 CMP-EraseBytes- DE: "fa"-
#146367	REDUCE cov: 450 ft: 1454 corp: 401/10607b lim: 264 exec/s: 48789 rss: 181Mb L: 48/250 MS: 1 EraseBytes-
#146408	NEW    cov: 450 ft: 1457 corp: 402/10640b lim: 264 exec/s: 48802 rss: 181Mb L: 33/250 MS: 1 InsertByte-
#146569	NEW    cov: 450 ft: 1459 corp: 403/10727b lim: 264 exec/s: 48856 rss: 181Mb L: 87/250 MS: 1 CopyPart-
#146625	REDUCE cov: 450 ft: 1460 corp: 404/10789b lim: 264 exec/s: 48875 rss: 181Mb L: 62/250 MS: 1 CopyPart-
#147096	NEW    cov: 450 ft: 1461 corp: 405/10821b lim: 264 exec/s: 49032 rss: 182Mb L: 32/250 MS: 1 ShuffleBytes-
#147117	REDUCE cov: 450 ft: 1461 corp: 405/10812b lim: 264 exec/s: 49039 rss: 182Mb L: 138/250 MS: 1 EraseBytes-
#147173	REDUCE cov: 450 ft: 1462 corp: 406/11047b lim: 264 exec/s: 49057 rss: 182Mb L: 235/250 MS: 1 CopyPart-
#148282	REDUCE cov: 450 ft: 1462 corp: 406/11042b lim: 272 exec/s: 49427 rss: 183Mb L: 169/250 MS: 4 ChangeByte-CopyPart-CrossOver-EraseBytes-
#148883	NEW    cov: 450 ft: 1463 corp: 407/11073b lim: 272 exec/s: 49627 rss: 184Mb L: 31/250 MS: 1 EraseBytes-
#149035	REDUCE cov: 450 ft: 1463 corp: 407/11071b lim: 272 exec/s: 49678 rss: 184Mb L: 53/250 MS: 2 CopyPart-EraseBytes-
#150916	REDUCE cov: 450 ft: 1463 corp: 407/11068b lim: 288 exec/s: 50305 rss: 186Mb L: 24/250 MS: 1 EraseBytes-
#151172	REDUCE cov: 450 ft: 1463 corp: 407/11067b lim: 288 exec/s: 50390 rss: 187Mb L: 42/250 MS: 1 EraseBytes-
#151299	REDUCE cov: 450 ft: 1463 corp: 407/11060b lim: 288 exec/s: 50433 rss: 187Mb L: 20/250 MS: 2 ShuffleBytes-EraseBytes-
#151725	REDUCE cov: 450 ft: 1463 corp: 407/11059b lim: 288 exec/s: 50575 rss: 187Mb L: 8/250 MS: 1 EraseBytes-
#151776	REDUCE cov: 450 ft: 1463 corp: 407/11057b lim: 288 exec/s: 50592 rss: 187Mb L: 43/250 MS: 1 EraseBytes-
#152204	REDUCE cov: 450 ft: 1463 corp: 407/11056b lim: 288 exec/s: 50734 rss: 188Mb L: 92/250 MS: 3 ChangeASCIIInt-ManualDict-EraseBytes- DE: "invalid token"-
#153320	REDUCE cov: 450 ft: 1463 corp: 407/11055b lim: 296 exec/s: 51106 rss: 189Mb L: 4/250 MS: 1 EraseBytes-
#153477	REDUCE cov: 450 ft: 1463 corp: 407/11054b lim: 296 exec/s: 51159 rss: 189Mb L: 4/250 MS: 2 ChangeASCIIInt-EraseBytes-
#154128	REDUCE cov: 450 ft: 1463 corp: 407/11053b lim: 296 exec/s: 51376 rss: 190Mb L: 21/250 MS: 1 EraseBytes-
#154499	REDUCE cov: 450 ft: 1463 corp: 407/11052b lim: 296 exec/s: 51499 rss: 190Mb L: 4/250 MS: 1 EraseBytes-
#154540	REDUCE cov: 450 ft: 1463 corp: 407/11051b lim: 296 exec/s: 51513 rss: 190Mb L: 35/250 MS: 1 EraseBytes-
#155604	REDUCE cov: 450 ft: 1463 corp: 407/11050b lim: 304 exec/s: 51868 rss: 192Mb L: 24/250 MS: 4 ChangeBinInt-ChangeByte-ShuffleBytes-EraseBytes-
#155930	NEW    cov: 450 ft: 1464 corp: 408/11062b lim: 304 exec/s: 51976 rss: 192Mb L: 12/250 MS: 1 CopyPart-
#156142	REDUCE cov: 450 ft: 1464 corp: 408/11053b lim: 304 exec/s: 52047 rss: 192Mb L: 141/250 MS: 2 ChangeASCIIInt-EraseBytes-
#156788	REDUCE cov: 450 ft: 1464 corp: 408/11050b lim: 304 exec/s: 52262 rss: 193Mb L: 14/250 MS: 1 EraseBytes-
#157564	REDUCE cov: 450 ft: 1464 corp: 408/11049b lim: 304 exec/s: 52521 rss: 193Mb L: 23/250 MS: 1 EraseBytes-
#157832	REDUCE cov: 450 ft: 1464 corp: 408/11048b lim: 304 exec/s: 52610 rss: 193Mb L: 24/250 MS: 3 CopyPart-ChangeByte-EraseBytes-
#157887	NEW    cov: 452 ft: 1471 corp: 409/11092b lim: 304 exec/s: 52629 rss: 193Mb L: 44/250 MS: 5 CMP-EraseBytes-ChangeASCIIInt-CrossOver-CrossOver- DE: "fals"-
#157923	REDUCE cov: 452 ft: 1471 corp: 409/11089b lim: 304 exec/s: 52641 rss: 194Mb L: 64/250 MS: 1 EraseBytes-
#158199	REDUCE cov: 452 ft: 1471 corp: 409/11085b lim: 304 exec/s: 52733 rss: 194Mb L: 27/250 MS: 1 EraseBytes-
#158927	REDUCE cov: 452 ft: 1471 corp: 409/11084b lim: 304 exec/s: 52975 rss: 196Mb L: 24/250 MS: 3 InsertByte-ChangeByte-EraseBytes-
#159023	REDUCE cov: 452 ft: 1471 corp: 409/11083b lim: 304 exec/s: 53007 rss: 196Mb L: 8/250 MS: 1 EraseBytes-
#159083	NEW    cov: 454 ft: 1473 corp: 410/11170b lim: 304 exec/s: 53027 rss: 196Mb L: 87/250 MS: 5 PersAutoDict-ShuffleBytes-ChangeBinInt-ShuffleBytes-CMP- DE: "\001/"-"null"-
#159869	REDUCE cov: 454 ft: 1473 corp: 410/11169b lim: 304 exec/s: 53289 rss: 196Mb L: 22/250 MS: 1 EraseBytes-
#159935	REDUCE cov: 454 ft: 1473 corp: 410/11168b lim: 304 exec/s: 53311 rss: 197Mb L: 27/250 MS: 1 EraseBytes-
#160196	NEW    cov: 454 ft: 1505 corp: 411/11295b lim: 304 exec/s: 53398 rss: 197Mb L: 127/250 MS: 1 CopyPart-
#160544	REDUCE cov: 454 ft: 1505 corp: 411/11294b lim: 304 exec/s: 53514 rss: 197Mb L: 11/250 MS: 3 ChangeByte-ChangeBit-EraseBytes-
#160755	REDUCE cov: 454 ft: 1505 corp: 411/11293b lim: 304 exec/s: 53585 rss: 198Mb L: 37/250 MS: 1 EraseBytes-
#161446	NEW    cov: 454 ft: 1507 corp: 412/11438b lim: 304 exec/s: 53815 rss: 199Mb L: 145/250 MS: 1 CopyPart-
#161702	NEW    cov: 454 ft: 1524 corp: 413/11709b lim: 304 exec/s: 53900 rss: 199Mb L: 271/271 MS: 1 CopyPart-
#161869	REDUCE cov: 454 ft: 1524 corp: 413/11708b lim: 304 exec/s: 53956 rss: 200Mb L: 8/271 MS: 2 ChangeByte-EraseBytes-
#161980	NEW    cov: 455 ft: 1528 corp: 414/11754b lim: 304 exec/s: 53993 rss: 200Mb L: 46/271 MS: 1 CMP- DE: "ue"-
#162017	REDUCE cov: 455 ft: 1528 corp: 414/11730b lim: 304 exec/s: 54005 rss: 200Mb L: 44/271 MS: 2 CMP-EraseBytes- DE: "\000\000\000["-
#162318	REDUCE cov: 455 ft: 1528 corp: 414/11728b lim: 304 exec/s: 54106 rss: 200Mb L: 11/271 MS: 1 EraseBytes-
#163389	NEW    cov: 455 ft: 1549 corp: 415/11766b lim: 312 exec/s: 54463 rss: 201Mb L: 38/271 MS: 1 EraseBytes-
#163405	NEW    cov: 455 ft: 1550 corp: 416/11824b lim: 312 exec/s: 54468 rss: 201Mb L: 58/271 MS: 1 ManualDict- DE: "'}' expected"-
#163483	REDUCE cov: 455 ft: 1550 corp: 416/11823b lim: 312 exec/s: 54494 rss: 201Mb L: 16/271 MS: 3 ChangeASCIIInt-ChangeBinInt-EraseBytes-
#163954	REDUCE cov: 455 ft: 1551 corp: 417/12086b lim: 312 exec/s: 54651 rss: 201Mb L: 263/271 MS: 1 CopyPart-
#164020	NEW    cov: 455 ft: 1552 corp: 418/12396b lim: 312 exec/s: 54673 rss: 202Mb L: 310/310 MS: 1 CopyPart-
#164892	REDUCE cov: 455 ft: 1552 corp: 418/12394b lim: 320 exec/s: 54964 rss: 203Mb L: 12/310 MS: 2 ShuffleBytes-EraseBytes-
#165293	REDUCE cov: 455 ft: 1553 corp: 419/12687b lim: 320 exec/s: 55097 rss: 203Mb L: 293/310 MS: 1 CopyPart-
#165309	REDUCE cov: 455 ft: 1553 corp: 419/12674b lim: 320 exec/s: 55103 rss: 203Mb L: 74/310 MS: 1 EraseBytes-
#165646	REDUCE cov: 455 ft: 1553 corp: 419/12672b lim: 320 exec/s: 55215 rss: 203Mb L: 28/310 MS: 2 CopyPart-EraseBytes-
#165838	REDUCE cov: 455 ft: 1553 corp: 419/12671b lim: 320 exec/s: 55279 rss: 203Mb L: 20/310 MS: 2 ChangeBit-EraseBytes-
#166350	REDUCE cov: 455 ft: 1553 corp: 419/12668b lim: 320 exec/s: 55450 rss: 204Mb L: 23/310 MS: 2 ChangeASCIIInt-EraseBytes-
#166492	REDUCE cov: 455 ft: 1553 corp: 419/12667b lim: 320 exec/s: 55497 rss: 204Mb L: 7/310 MS: 2 ChangeASCIIInt-EraseBytes-
#166734	REDUCE cov: 455 ft: 1553 corp: 419/12658b lim: 320 exec/s: 55578 rss: 204Mb L: 23/310 MS: 2 InsertByte-EraseBytes-
#167463	REDUCE cov: 455 ft: 1553 corp: 419/12657b lim: 320 exec/s: 55821 rss: 205Mb L: 9/310 MS: 4 ChangeByte-CopyPart-CopyPart-EraseBytes-
#169035	REDUCE cov: 455 ft: 1553 corp: 419/12652b lim: 328 exec/s: 56345 rss: 207Mb L: 69/310 MS: 2 ShuffleBytes-EraseBytes-
#169241	REDUCE cov: 455 ft: 1553 corp: 419/12651b lim: 328 exec/s: 56413 rss: 207Mb L: 29/310 MS: 1 EraseBytes-
#169514	REDUCE cov: 455 ft: 1553 corp: 419/12648b lim: 328 exec/s: 56504 rss: 207Mb L: 15/310 MS: 3 ChangeByte-ChangeByte-EraseBytes-
#169941	REDUCE cov: 455 ft: 1553 corp: 419/12638b lim: 328 exec/s: 56647 rss: 208Mb L: 33/310 MS: 2 ShuffleBytes-EraseBytes-
#172257	REDUCE cov: 455 ft: 1553 corp: 419/12629b lim: 344 exec/s: 57419 rss: 209Mb L: 46/310 MS: 1 EraseBytes-
#172728	REDUCE cov: 455 ft: 1553 corp: 419/12626b lim: 344 exec/s: 57576 rss: 210Mb L: 39/310 MS: 1 EraseBytes-
#172915	REDUCE cov: 455 ft: 1553 corp: 419/12617b lim: 344 exec/s: 57638 rss: 211Mb L: 13/310 MS: 2 ChangeBinInt-EraseBytes-
#172957	REDUCE cov: 455 ft: 1553 corp: 419/12616b lim: 344 exec/s: 57652 rss: 211Mb L: 22/310 MS: 2 ChangeASCIIInt-EraseBytes-
#172966	REDUCE cov: 455 ft: 1553 corp: 419/12609b lim: 344 exec/s: 57655 rss: 211Mb L: 27/310 MS: 4 ShuffleBytes-ManualDict-ChangeBit-EraseBytes- DE: ": "-
#173022	REDUCE cov: 455 ft: 1553 corp: 419/12605b lim: 344 exec/s: 57674 rss: 212Mb L: 26/310 MS: 1 EraseBytes-
#173169	REDUCE cov: 455 ft: 1553 corp: 419/12602b lim: 344 exec/s: 57723 rss: 212Mb L: 71/310 MS: 2 PersAutoDict-EraseBytes- DE: "-\000\000\000"-
#173325	REDUCE cov: 455 ft: 1553 corp: 419/12598b lim: 344 exec/s: 57775 rss: 212Mb L: 140/310 MS: 1 EraseBytes-
#173406	REDUCE cov: 455 ft: 1553 corp: 419/12593b lim: 344 exec/s: 57802 rss: 212Mb L: 12/310 MS: 1 EraseBytes-
#173642	REDUCE cov: 455 ft: 1553 corp: 419/12587b lim: 344 exec/s: 57880 rss: 212Mb L: 71/310 MS: 1 EraseBytes-
#174028	NEW    cov: 455 ft: 1554 corp: 420/12605b lim: 344 exec/s: 58009 rss: 212Mb L: 18/310 MS: 1 CopyPart-
#174269	REDUCE cov: 455 ft: 1554 corp: 420/12601b lim: 344 exec/s: 58089 rss: 213Mb L: 22/310 MS: 1 EraseBytes-
#174590	REDUCE cov: 455 ft: 1554 corp: 420/12600b lim: 344 exec/s: 58196 rss: 213Mb L: 10/310 MS: 1 EraseBytes-
#175181	REDUCE cov: 455 ft: 1554 corp: 420/12599b lim: 344 exec/s: 58393 rss: 213Mb L: 24/310 MS: 1 EraseBytes-
#175256	REDUCE cov: 455 ft: 1554 corp: 420/12597b lim: 344 exec/s: 58418 rss: 214Mb L: 21/310 MS: 5 ChangeByte-CopyPart-CrossOver-ShuffleBytes-EraseBytes-
#175992	REDUCE cov: 455 ft: 1554 corp: 420/12596b lim: 344 exec/s: 58664 rss: 215Mb L: 3/310 MS: 1 EraseBytes-
#176128	REDUCE cov: 455 ft: 1554 corp: 420/12594b lim: 344 exec/s: 58709 rss: 215Mb L: 22/310 MS: 1 EraseBytes-
#176429	REDUCE cov: 455 ft: 1554 corp: 420/12591b lim: 344 exec/s: 58809 rss: 216Mb L: 232/310 MS: 1 EraseBytes-
#176691	REDUCE cov: 455 ft: 1554 corp: 420/12590b lim: 344 exec/s: 58897 rss: 216Mb L: 10/310 MS: 2 EraseBytes-InsertByte-
#177157	REDUCE cov: 455 ft: 1554 corp: 420/12589b lim: 344 exec/s: 59052 rss: 217Mb L: 34/310 MS: 1 EraseBytes-
#177430	REDUCE cov: 455 ft: 1554 corp: 420/12587b lim: 344 exec/s: 59143 rss: 222Mb L: 32/310 MS: 3 CopyPart-ManualDict-EraseBytes- DE: "<stream>"-
#177801	REDUCE cov: 455 ft: 1554 corp: 420/12566b lim: 344 exec/s: 59267 rss: 222Mb L: 25/310 MS: 1 EraseBytes-
#178492	REDUCE cov: 455 ft: 1554 corp: 420/12563b lim: 344 exec/s: 59497 rss: 224Mb L: 34/310 MS: 1 EraseBytes-
#179843	REDUCE cov: 455 ft: 1554 corp: 420/12560b lim: 352 exec/s: 59947 rss: 225Mb L: 19/310 MS: 1 EraseBytes-
#180767	REDUCE cov: 455 ft: 1554 corp: 420/12558b lim: 360 exec/s: 60255 rss: 226Mb L: 22/310 MS: 4 InsertByte-CopyPart-ChangeASCIIInt-EraseBytes-
#181318	REDUCE cov: 455 ft: 1555 corp: 421/12817b lim: 360 exec/s: 60439 rss: 227Mb L: 259/310 MS: 1 CopyPart-
#181325	REDUCE cov: 455 ft: 1555 corp: 421/12814b lim: 360 exec/s: 60441 rss: 227Mb L: 16/310 MS: 2 CrossOver-EraseBytes-
#181489	REDUCE cov: 455 ft: 1555 corp: 421/12802b lim: 360 exec/s: 60496 rss: 227Mb L: 22/310 MS: 4 ChangeASCIIInt-CMP-ShuffleBytes-EraseBytes- DE: "null"-
#181492	REDUCE cov: 455 ft: 1555 corp: 421/12795b lim: 360 exec/s: 60497 rss: 227Mb L: 12/310 MS: 3 ChangeASCIIInt-EraseBytes-ChangeByte-
#182128	REDUCE cov: 455 ft: 1555 corp: 421/12794b lim: 360 exec/s: 60709 rss: 228Mb L: 44/310 MS: 1 EraseBytes-
#183029	REDUCE cov: 455 ft: 1555 corp: 421/12792b lim: 368 exec/s: 61009 rss: 229Mb L: 5/310 MS: 1 EraseBytes-
#183170	NEW    cov: 455 ft: 1562 corp: 422/12810b lim: 368 exec/s: 61056 rss: 229Mb L: 18/310 MS: 1 ChangeByte-
#183221	REDUCE cov: 455 ft: 1562 corp: 422/12809b lim: 368 exec/s: 61073 rss: 230Mb L: 13/310 MS: 1 EraseBytes-
#183579	NEW    cov: 455 ft: 1578 corp: 423/12848b lim: 368 exec/s: 61193 rss: 230Mb L: 39/310 MS: 3 InsertByte-PersAutoDict-CopyPart- DE: "0x"-
#183690	REDUCE cov: 455 ft: 1578 corp: 423/12844b lim: 368 exec/s: 61230 rss: 230Mb L: 27/310 MS: 1 EraseBytes-
#183873	NEW    cov: 455 ft: 1595 corp: 424/13194b lim: 368 exec/s: 61291 rss: 230Mb L: 350/350 MS: 3 ChangeBit-CMP-CrossOver- DE: "\000\000\000\000\000\000\000\000"-
#184989	REDUCE cov: 455 ft: 1595 corp: 424/13193b lim: 376 exec/s: 61663 rss: 232Mb L: 6/350 MS: 1 EraseBytes-
#185011	REDUCE cov: 455 ft: 1595 corp: 424/13191b lim: 376 exec/s: 61670 rss: 232Mb L: 42/350 MS: 2 ChangeBit-EraseBytes-
#185080	REDUCE cov: 455 ft: 1596 corp: 425/13344b lim: 376 exec/s: 61693 rss: 232Mb L: 153/350 MS: 4 CopyPart-CrossOver-PersAutoDict-InsertRepeatedBytes- DE: "null"-
#185282	REDUCE cov: 455 ft: 1596 corp: 425/13329b lim: 376 exec/s: 61760 rss: 233Mb L: 33/350 MS: 2 ChangeASCIIInt-EraseBytes-
#185323	REDUCE cov: 455 ft: 1599 corp: 426/13407b lim: 376 exec/s: 61774 rss: 233Mb L: 78/350 MS: 1 CopyPart-
#185596	REDUCE cov: 455 ft: 1599 corp: 426/13399b lim: 376 exec/s: 61865 rss: 233Mb L: 50/350 MS: 3 ManualDict-ShuffleBytes-EraseBytes- DE: "']' expected"-
#185634	REDUCE cov: 455 ft: 1599 corp: 426/13398b lim: 376 exec/s: 61878 rss: 233Mb L: 8/350 MS: 3 InsertByte-InsertByte-EraseBytes-
#185741	REDUCE cov: 455 ft: 1599 corp: 426/13396b lim: 376 exec/s: 61913 rss: 234Mb L: 15/350 MS: 2 CrossOver-EraseBytes-
#186074	REDUCE cov: 455 ft: 1599 corp: 426/13394b lim: 376 exec/s: 62024 rss: 234Mb L: 11/350 MS: 3 CrossOver-InsertByte-EraseBytes-
#186231	REDUCE cov: 455 ft: 1600 corp: 427/13418b lim: 376 exec/s: 62077 rss: 234Mb L: 24/350 MS: 2 CopyPart-CopyPart-
#188552	REDUCE cov: 455 ft: 1600 corp: 427/13417b lim: 392 exec/s: 62850 rss: 237Mb L: 12/350 MS: 1 EraseBytes-
#188813	REDUCE cov: 455 ft: 1600 corp: 427/13416b lim: 392 exec/s: 62937 rss: 237Mb L: 11/350 MS: 1 EraseBytes-
#188879	REDUCE cov: 455 ft: 1600 corp: 427/13415b lim: 392 exec/s: 62959 rss: 237Mb L: 10/350 MS: 1 EraseBytes-
#188915	REDUCE cov: 455 ft: 1600 corp: 427/13404b lim: 392 exec/s: 62971 rss: 238Mb L: 60/350 MS: 1 EraseBytes-
#188957	REDUCE cov: 455 ft: 1600 corp: 427/13403b lim: 392 exec/s: 62985 rss: 238Mb L: 6/350 MS: 2 ChangeBit-EraseBytes-
#189038	REDUCE cov: 455 ft: 1600 corp: 427/13401b lim: 392 exec/s: 63012 rss: 238Mb L: 19/350 MS: 1 EraseBytes-
#189045	REDUCE cov: 455 ft: 1600 corp: 427/13397b lim: 392 exec/s: 63015 rss: 238Mb L: 27/350 MS: 2 ChangeByte-EraseBytes-
#189286	REDUCE cov: 455 ft: 1600 corp: 427/13395b lim: 392 exec/s: 63095 rss: 238Mb L: 27/350 MS: 1 EraseBytes-
#189338	REDUCE cov: 455 ft: 1600 corp: 427/13383b lim: 392 exec/s: 63112 rss: 238Mb L: 27/350 MS: 2 ChangeByte-EraseBytes-
#189509	REDUCE cov: 455 ft: 1600 corp: 427/13382b lim: 392 exec/s: 63169 rss: 238Mb L: 30/350 MS: 1 EraseBytes-
#189516	REDUCE cov: 455 ft: 1600 corp: 427/13362b lim: 392 exec/s: 63172 rss: 238Mb L: 125/350 MS: 2 CMP-CrossOver- DE: "\001\000\000z"-
#189717	REDUCE cov: 455 ft: 1600 corp: 427/13361b lim: 392 exec/s: 63239 rss: 239Mb L: 25/350 MS: 1 EraseBytes-
#189799	REDUCE cov: 455 ft: 1600 corp: 427/13352b lim: 392 exec/s: 63266 rss: 239Mb L: 38/350 MS: 2 ShuffleBytes-EraseBytes-
#190360	REDUCE cov: 455 ft: 1600 corp: 427/13340b lim: 392 exec/s: 63453 rss: 239Mb L: 38/350 MS: 1 EraseBytes-
#190471	REDUCE cov: 455 ft: 1600 corp: 427/13335b lim: 392 exec/s: 63490 rss: 239Mb L: 20/350 MS: 1 EraseBytes-
#190872	REDUCE cov: 455 ft: 1600 corp: 427/13333b lim: 392 exec/s: 63624 rss: 240Mb L: 9/350 MS: 1 EraseBytes-
#190978	REDUCE cov: 455 ft: 1600 corp: 427/13332b lim: 392 exec/s: 63659 rss: 240Mb L: 5/350 MS: 1 EraseBytes-
#191016	REDUCE cov: 455 ft: 1600 corp: 427/13328b lim: 392 exec/s: 63672 rss: 240Mb L: 39/350 MS: 3 ChangeByte-CopyPart-EraseBytes-
#191187	NEW    cov: 455 ft: 1605 corp: 428/13367b lim: 392 exec/s: 63729 rss: 240Mb L: 39/350 MS: 1 ShuffleBytes-
#191373	REDUCE cov: 455 ft: 1605 corp: 428/13364b lim: 392 exec/s: 63791 rss: 241Mb L: 19/350 MS: 1 EraseBytes-
#191754	REDUCE cov: 455 ft: 1605 corp: 428/13360b lim: 392 exec/s: 63918 rss: 241Mb L: 36/350 MS: 1 EraseBytes-
#191977	REDUCE cov: 455 ft: 1605 corp: 428/13357b lim: 392 exec/s: 63992 rss: 241Mb L: 7/350 MS: 3 ChangeBit-ChangeBinInt-EraseBytes-
#192063	REDUCE cov: 455 ft: 1607 corp: 429/13440b lim: 392 exec/s: 64021 rss: 241Mb L: 83/350 MS: 1 CopyPart-
#192460	REDUCE cov: 455 ft: 1607 corp: 429/13432b lim: 392 exec/s: 64153 rss: 242Mb L: 34/350 MS: 2 ChangeBit-EraseBytes-
#192970	NEW    cov: 455 ft: 1623 corp: 430/13790b lim: 392 exec/s: 64323 rss: 242Mb L: 358/358 MS: 5 CrossOver-ManualDict-ChangeBit-CopyPart-CopyPart- DE: "too big negative integer"-
#193971	REDUCE cov: 455 ft: 1623 corp: 430/13789b lim: 400 exec/s: 64657 rss: 244Mb L: 11/358 MS: 1 EraseBytes-
#194122	REDUCE cov: 455 ft: 1623 corp: 430/13787b lim: 400 exec/s: 64707 rss: 244Mb L: 10/358 MS: 1 EraseBytes-
#194485	REDUCE cov: 455 ft: 1623 corp: 430/13751b lim: 400 exec/s: 64828 rss: 244Mb L: 235/358 MS: 3 InsertByte-ShuffleBytes-EraseBytes-
#194501	REDUCE cov: 455 ft: 1623 corp: 430/13746b lim: 400 exec/s: 64833 rss: 244Mb L: 15/358 MS: 1 EraseBytes-
#194553	REDUCE cov: 455 ft: 1623 corp: 430/13745b lim: 400 exec/s: 64851 rss: 244Mb L: 5/358 MS: 2 ChangeByte-EraseBytes-
#195276	REDUCE cov: 455 ft: 1623 corp: 430/13742b lim: 400 exec/s: 65092 rss: 245Mb L: 50/358 MS: 3 PersAutoDict-PersAutoDict-EraseBytes- DE: "<stdin>"-"\000\000"-
#195523	REDUCE cov: 455 ft: 1623 corp: 430/13733b lim: 400 exec/s: 65174 rss: 246Mb L: 13/358 MS: 2 CopyPart-EraseBytes-
#195646	REDUCE cov: 455 ft: 1623 corp: 430/13729b lim: 400 exec/s: 65215 rss: 246Mb L: 3/358 MS: 3 ShuffleBytes-EraseBytes-EraseBytes-
#195657	REDUCE cov: 455 ft: 1623 corp: 430/13726b lim: 400 exec/s: 65219 rss: 246Mb L: 22/358 MS: 1 EraseBytes-
#195986	REDUCE cov: 455 ft: 1624 corp: 431/13790b lim: 400 exec/s: 65328 rss: 246Mb L: 64/358 MS: 4 EraseBytes-CopyPart-ManualDict-CrossOver- DE: "{[siIbfFOon"-
#196162	REDUCE cov: 455 ft: 1624 corp: 431/13786b lim: 400 exec/s: 65387 rss: 246Mb L: 10/358 MS: 1 EraseBytes-
#196424	NEW    cov: 455 ft: 1625 corp: 432/13816b lim: 400 exec/s: 65474 rss: 247Mb L: 30/358 MS: 2 ChangeByte-CopyPart-
#196569	REDUCE cov: 455 ft: 1625 corp: 432/13815b lim: 400 exec/s: 65523 rss: 247Mb L: 37/358 MS: 5 ChangeBinInt-PersAutoDict-ManualDict-ChangeBit-EraseBytes- DE: "\377\377\377\377\377\377\377\273"-"NULL object"-
#196600	REDUCE cov: 455 ft: 1625 corp: 432/13814b lim: 400 exec/s: 65533 rss: 247Mb L: 9/358 MS: 1 EraseBytes-
#196698	NEW    cov: 455 ft: 1628 corp: 433/13872b lim: 400 exec/s: 65566 rss: 248Mb L: 58/358 MS: 3 PersAutoDict-CrossOver-CopyPart- DE: "%\000\000\000\000\000\000\000"-
#197207	REDUCE cov: 455 ft: 1628 corp: 433/13855b lim: 400 exec/s: 65735 rss: 249Mb L: 63/358 MS: 4 InsertByte-CrossOver-InsertRepeatedBytes-EraseBytes-
#197383	REDUCE cov: 455 ft: 1628 corp: 433/13852b lim: 400 exec/s: 65794 rss: 249Mb L: 9/358 MS: 1 EraseBytes-
#197859	REDUCE cov: 455 ft: 1637 corp: 434/13903b lim: 400 exec/s: 65953 rss: 250Mb L: 51/358 MS: 1 CopyPart-
#198266	REDUCE cov: 455 ft: 1637 corp: 434/13902b lim: 400 exec/s: 66088 rss: 250Mb L: 7/358 MS: 2 ChangeBit-EraseBytes-
#198302	REDUCE cov: 455 ft: 1637 corp: 434/13901b lim: 400 exec/s: 66100 rss: 250Mb L: 11/358 MS: 1 EraseBytes-
#198368	REDUCE cov: 455 ft: 1637 corp: 434/13893b lim: 400 exec/s: 66122 rss: 250Mb L: 84/358 MS: 1 EraseBytes-
#198705	REDUCE cov: 455 ft: 1637 corp: 434/13891b lim: 400 exec/s: 66235 rss: 251Mb L: 20/358 MS: 2 ChangeBinInt-EraseBytes-
#199701	REDUCE cov: 455 ft: 1637 corp: 434/13888b lim: 408 exec/s: 66567 rss: 252Mb L: 21/358 MS: 1 EraseBytes-
#200197	REDUCE cov: 455 ft: 1637 corp: 434/13879b lim: 408 exec/s: 66732 rss: 252Mb L: 21/358 MS: 1 EraseBytes-
#200358	REDUCE cov: 455 ft: 1637 corp: 434/13878b lim: 408 exec/s: 66786 rss: 252Mb L: 12/358 MS: 1 EraseBytes-
#200979	REDUCE cov: 455 ft: 1637 corp: 434/13875b lim: 408 exec/s: 66993 rss: 253Mb L: 28/358 MS: 1 EraseBytes-
#201520	REDUCE cov: 455 ft: 1637 corp: 434/13874b lim: 408 exec/s: 67173 rss: 253Mb L: 3/358 MS: 1 EraseBytes-
#201562	REDUCE cov: 455 ft: 1637 corp: 434/13870b lim: 408 exec/s: 67187 rss: 253Mb L: 24/358 MS: 2 ChangeByte-EraseBytes-
#201768	REDUCE cov: 455 ft: 1637 corp: 434/13869b lim: 408 exec/s: 67256 rss: 253Mb L: 40/358 MS: 1 EraseBytes-
#202144	REDUCE cov: 455 ft: 1637 corp: 434/13868b lim: 408 exec/s: 67381 rss: 254Mb L: 8/358 MS: 1 EraseBytes-
#202615	REDUCE cov: 455 ft: 1637 corp: 434/13867b lim: 408 exec/s: 67538 rss: 255Mb L: 9/358 MS: 1 EraseBytes-
#203297	REDUCE cov: 455 ft: 1637 corp: 434/13861b lim: 408 exec/s: 67765 rss: 255Mb L: 68/358 MS: 2 ShuffleBytes-EraseBytes-
#204083	REDUCE cov: 455 ft: 1637 corp: 434/13857b lim: 408 exec/s: 51020 rss: 256Mb L: 10/358 MS: 1 EraseBytes-
#204121	REDUCE cov: 455 ft: 1637 corp: 434/13854b lim: 408 exec/s: 51030 rss: 256Mb L: 32/358 MS: 3 ChangeBinInt-ChangeBit-EraseBytes-
#204398	REDUCE cov: 455 ft: 1637 corp: 434/13852b lim: 408 exec/s: 51099 rss: 256Mb L: 7/358 MS: 2 ShuffleBytes-EraseBytes-
#204454	REDUCE cov: 455 ft: 1637 corp: 434/13851b lim: 408 exec/s: 51113 rss: 256Mb L: 12/358 MS: 1 EraseBytes-
#205295	REDUCE cov: 455 ft: 1637 corp: 434/13844b lim: 416 exec/s: 51323 rss: 258Mb L: 20/358 MS: 1 EraseBytes-
#205496	REDUCE cov: 455 ft: 1637 corp: 434/13843b lim: 416 exec/s: 51374 rss: 258Mb L: 9/358 MS: 1 EraseBytes-
#205872	REDUCE cov: 455 ft: 1637 corp: 434/13841b lim: 416 exec/s: 51468 rss: 259Mb L: 40/358 MS: 1 EraseBytes-
#205910	REDUCE cov: 455 ft: 1637 corp: 434/13838b lim: 416 exec/s: 51477 rss: 259Mb L: 23/358 MS: 3 PersAutoDict-ShuffleBytes-EraseBytes- DE: "\001\000\000z"-
#205948	REDUCE cov: 455 ft: 1637 corp: 434/13837b lim: 416 exec/s: 51487 rss: 259Mb L: 10/358 MS: 3 CMP-InsertByte-EraseBytes- DE: "easf"-
#206224	REDUCE cov: 455 ft: 1637 corp: 434/13833b lim: 416 exec/s: 51556 rss: 259Mb L: 78/358 MS: 1 EraseBytes-
#206750	REDUCE cov: 455 ft: 1637 corp: 434/13832b lim: 416 exec/s: 51687 rss: 259Mb L: 30/358 MS: 1 EraseBytes-
#207841	REDUCE cov: 455 ft: 1637 corp: 434/13820b lim: 424 exec/s: 51960 rss: 261Mb L: 46/358 MS: 1 EraseBytes-
#208099	REDUCE cov: 455 ft: 1637 corp: 434/13816b lim: 424 exec/s: 52024 rss: 261Mb L: 23/358 MS: 3 CopyPart-ChangeByte-EraseBytes-
#208160	REDUCE cov: 455 ft: 1637 corp: 434/13811b lim: 424 exec/s: 52040 rss: 261Mb L: 29/358 MS: 1 EraseBytes-
#208496	REDUCE cov: 455 ft: 1638 corp: 435/14193b lim: 424 exec/s: 52124 rss: 262Mb L: 382/382 MS: 1 CopyPart-
#208595	REDUCE cov: 455 ft: 1638 corp: 435/14181b lim: 424 exec/s: 52148 rss: 262Mb L: 16/382 MS: 4 ChangeASCIIInt-ChangeASCIIInt-ChangeBinInt-EraseBytes-
#209402	REDUCE cov: 455 ft: 1638 corp: 435/14180b lim: 432 exec/s: 52350 rss: 263Mb L: 55/382 MS: 2 ChangeByte-EraseBytes-
#209453	NEW    cov: 455 ft: 1639 corp: 436/14581b lim: 432 exec/s: 52363 rss: 263Mb L: 401/401 MS: 1 CopyPart-
#209647	REDUCE cov: 455 ft: 1639 corp: 436/14580b lim: 432 exec/s: 52411 rss: 264Mb L: 11/401 MS: 4 ShuffleBytes-ChangeASCIIInt-CopyPart-EraseBytes-
#209698	REDUCE cov: 455 ft: 1639 corp: 436/14578b lim: 432 exec/s: 52424 rss: 264Mb L: 94/401 MS: 1 EraseBytes-
#210146	NEW    cov: 455 ft: 1640 corp: 437/15006b lim: 432 exec/s: 52536 rss: 265Mb L: 428/428 MS: 3 InsertRepeatedBytes-ShuffleBytes-ChangeBinInt-
#210573	REDUCE cov: 455 ft: 1640 corp: 437/14983b lim: 432 exec/s: 52643 rss: 266Mb L: 335/428 MS: 2 ManualDict-EraseBytes- DE: "NULL object key"-
#210834	REDUCE cov: 455 ft: 1640 corp: 437/14981b lim: 432 exec/s: 52708 rss: 266Mb L: 5/428 MS: 1 EraseBytes-
#211520	REDUCE cov: 455 ft: 1640 corp: 437/14980b lim: 432 exec/s: 52880 rss: 267Mb L: 26/428 MS: 1 EraseBytes-
#212258	REDUCE cov: 455 ft: 1640 corp: 437/14977b lim: 432 exec/s: 53064 rss: 268Mb L: 16/428 MS: 3 ShuffleBytes-ShuffleBytes-EraseBytes-
#212294	REDUCE cov: 455 ft: 1640 corp: 437/14976b lim: 432 exec/s: 53073 rss: 268Mb L: 7/428 MS: 1 EraseBytes-
#212570	REDUCE cov: 455 ft: 1640 corp: 437/14963b lim: 432 exec/s: 53142 rss: 268Mb L: 101/428 MS: 1 EraseBytes-
#212758	REDUCE cov: 455 ft: 1640 corp: 437/14962b lim: 432 exec/s: 53189 rss: 268Mb L: 6/428 MS: 3 ChangeBit-ChangeByte-EraseBytes-
#214129	REDUCE cov: 455 ft: 1640 corp: 437/14961b lim: 440 exec/s: 53532 rss: 271Mb L: 5/428 MS: 1 EraseBytes-
#214195	REDUCE cov: 455 ft: 1640 corp: 437/14960b lim: 440 exec/s: 53548 rss: 271Mb L: 4/428 MS: 1 EraseBytes-
#214560	REDUCE cov: 455 ft: 1640 corp: 437/14959b lim: 440 exec/s: 53640 rss: 274Mb L: 4/428 MS: 1 EraseBytes-
#215981	REDUCE cov: 455 ft: 1640 corp: 437/14958b lim: 448 exec/s: 53995 rss: 275Mb L: 8/428 MS: 1 EraseBytes-
#216263	REDUCE cov: 455 ft: 1640 corp: 437/14947b lim: 448 exec/s: 54065 rss: 275Mb L: 76/428 MS: 2 ChangeBinInt-EraseBytes-
#216354	REDUCE cov: 455 ft: 1640 corp: 437/14940b lim: 448 exec/s: 54088 rss: 275Mb L: 54/428 MS: 1 EraseBytes-
#216906	REDUCE cov: 455 ft: 1640 corp: 437/14937b lim: 448 exec/s: 54226 rss: 276Mb L: 8/428 MS: 2 ChangeBinInt-EraseBytes-
#217783	NEW    cov: 455 ft: 1641 corp: 438/15132b lim: 456 exec/s: 54445 rss: 277Mb L: 195/428 MS: 2 ShuffleBytes-CopyPart-
#218955	REDUCE cov: 455 ft: 1641 corp: 438/15128b lim: 464 exec/s: 54738 rss: 279Mb L: 7/428 MS: 2 ChangeASCIIInt-EraseBytes-
#219841	REDUCE cov: 455 ft: 1641 corp: 438/15127b lim: 472 exec/s: 54960 rss: 280Mb L: 19/428 MS: 1 EraseBytes-
#220012	REDUCE cov: 455 ft: 1641 corp: 438/15126b lim: 472 exec/s: 55003 rss: 280Mb L: 15/428 MS: 1 EraseBytes-
#220269	REDUCE cov: 455 ft: 1642 corp: 439/15172b lim: 472 exec/s: 55067 rss: 281Mb L: 46/428 MS: 2 ChangeByte-CopyPart-
#221350	REDUCE cov: 455 ft: 1642 corp: 439/15167b lim: 480 exec/s: 55337 rss: 282Mb L: 32/428 MS: 1 EraseBytes-
#221456	REDUCE cov: 455 ft: 1642 corp: 439/15162b lim: 480 exec/s: 55364 rss: 282Mb L: 41/428 MS: 1 EraseBytes-
#221642	REDUCE cov: 455 ft: 1642 corp: 439/15161b lim: 480 exec/s: 55410 rss: 282Mb L: 5/428 MS: 1 EraseBytes-
#222748	REDUCE cov: 455 ft: 1642 corp: 439/15158b lim: 488 exec/s: 55687 rss: 284Mb L: 43/428 MS: 1 EraseBytes-
#224084	REDUCE cov: 455 ft: 1642 corp: 439/15157b lim: 496 exec/s: 56021 rss: 286Mb L: 12/428 MS: 1 EraseBytes-
#224085	REDUCE cov: 455 ft: 1642 corp: 439/15154b lim: 496 exec/s: 56021 rss: 286Mb L: 33/428 MS: 1 EraseBytes-
#224121	REDUCE cov: 455 ft: 1642 corp: 439/15153b lim: 496 exec/s: 56030 rss: 286Mb L: 33/428 MS: 1 EraseBytes-
#224813	REDUCE cov: 455 ft: 1642 corp: 439/15150b lim: 496 exec/s: 56203 rss: 287Mb L: 25/428 MS: 2 CMP-EraseBytes- DE: "\001\000\000\000\000\000\000\001"-
#224814	REDUCE cov: 455 ft: 1642 corp: 439/15148b lim: 496 exec/s: 56203 rss: 287Mb L: 193/428 MS: 1 EraseBytes-
#224855	REDUCE cov: 455 ft: 1642 corp: 439/15146b lim: 496 exec/s: 56213 rss: 287Mb L: 31/428 MS: 1 EraseBytes-
#224922	REDUCE cov: 455 ft: 1642 corp: 439/15142b lim: 496 exec/s: 56230 rss: 287Mb L: 16/428 MS: 2 ChangeASCIIInt-EraseBytes-
#225203	REDUCE cov: 455 ft: 1644 corp: 440/15151b lim: 496 exec/s: 56300 rss: 288Mb L: 9/428 MS: 1 EraseBytes-
#225632	NEW    cov: 455 ft: 1645 corp: 441/15217b lim: 496 exec/s: 56408 rss: 288Mb L: 66/428 MS: 4 InsertByte-PersAutoDict-ChangeByte-CopyPart- DE: "<format>"-
#225899	REDUCE cov: 455 ft: 1645 corp: 441/15212b lim: 496 exec/s: 56474 rss: 289Mb L: 22/428 MS: 2 ManualDict-EraseBytes- DE: "<unknown>"-
#226115	REDUCE cov: 455 ft: 1645 corp: 441/15211b lim: 496 exec/s: 56528 rss: 289Mb L: 19/428 MS: 1 EraseBytes-
#226237	REDUCE cov: 455 ft: 1645 corp: 441/15201b lim: 496 exec/s: 56559 rss: 289Mb L: 54/428 MS: 2 ChangeASCIIInt-EraseBytes-
#227416	REDUCE cov: 455 ft: 1645 corp: 441/15198b lim: 504 exec/s: 56854 rss: 291Mb L: 13/428 MS: 4 CopyPart-ChangeBinInt-CopyPart-EraseBytes-
#228972	REDUCE cov: 455 ft: 1645 corp: 441/15196b lim: 512 exec/s: 57243 rss: 294Mb L: 61/428 MS: 1 EraseBytes-
#229084	REDUCE cov: 455 ft: 1645 corp: 441/15193b lim: 512 exec/s: 57271 rss: 294Mb L: 30/428 MS: 2 ChangeByte-EraseBytes-
#229835	REDUCE cov: 455 ft: 1645 corp: 441/15192b lim: 512 exec/s: 57458 rss: 294Mb L: 133/428 MS: 1 EraseBytes-
#230726	REDUCE cov: 455 ft: 1645 corp: 441/15178b lim: 512 exec/s: 57681 rss: 295Mb L: 37/428 MS: 1 EraseBytes-
#230772	REDUCE cov: 455 ft: 1645 corp: 441/15176b lim: 512 exec/s: 57693 rss: 295Mb L: 22/428 MS: 1 EraseBytes-
#231283	REDUCE cov: 455 ft: 1645 corp: 441/15174b lim: 512 exec/s: 57820 rss: 296Mb L: 31/428 MS: 1 EraseBytes-
#231389	NEW    cov: 455 ft: 1646 corp: 442/15654b lim: 512 exec/s: 57847 rss: 296Mb L: 480/480 MS: 1 CopyPart-
#231595	REDUCE cov: 455 ft: 1646 corp: 442/15644b lim: 512 exec/s: 57898 rss: 296Mb L: 51/480 MS: 1 EraseBytes-
#231686	REDUCE cov: 455 ft: 1646 corp: 442/15634b lim: 512 exec/s: 57921 rss: 296Mb L: 22/480 MS: 1 EraseBytes-
#231723	REDUCE cov: 455 ft: 1646 corp: 442/15631b lim: 512 exec/s: 57930 rss: 297Mb L: 10/480 MS: 2 ShuffleBytes-EraseBytes-
#231759	REDUCE cov: 455 ft: 1646 corp: 442/15628b lim: 512 exec/s: 57939 rss: 297Mb L: 9/480 MS: 1 EraseBytes-
#232127	REDUCE cov: 455 ft: 1646 corp: 442/15616b lim: 512 exec/s: 58031 rss: 297Mb L: 27/480 MS: 3 CMP-ChangeByte-EraseBytes- DE: "\"\000\000\000"-
#232348	REDUCE cov: 455 ft: 1646 corp: 442/15609b lim: 512 exec/s: 58087 rss: 297Mb L: 15/480 MS: 1 EraseBytes-
#232670	REDUCE cov: 455 ft: 1647 corp: 443/15645b lim: 512 exec/s: 58167 rss: 298Mb L: 36/480 MS: 2 InsertByte-EraseBytes-
#233011	REDUCE cov: 455 ft: 1647 corp: 443/15642b lim: 512 exec/s: 58252 rss: 299Mb L: 28/480 MS: 1 EraseBytes-
#233213	REDUCE cov: 455 ft: 1647 corp: 443/15625b lim: 512 exec/s: 58303 rss: 299Mb L: 49/480 MS: 2 CrossOver-EraseBytes-
#234044	REDUCE cov: 455 ft: 1647 corp: 443/15603b lim: 512 exec/s: 58511 rss: 300Mb L: 42/480 MS: 1 EraseBytes-
#234360	REDUCE cov: 455 ft: 1647 corp: 443/15588b lim: 512 exec/s: 58590 rss: 301Mb L: 34/480 MS: 1 EraseBytes-
#234836	REDUCE cov: 455 ft: 1647 corp: 443/15586b lim: 512 exec/s: 58709 rss: 302Mb L: 34/480 MS: 1 EraseBytes-
#234992	REDUCE cov: 455 ft: 1647 corp: 443/15474b lim: 512 exec/s: 58748 rss: 303Mb L: 238/480 MS: 1 EraseBytes-
#235043	REDUCE cov: 455 ft: 1647 corp: 443/15473b lim: 512 exec/s: 58760 rss: 303Mb L: 11/480 MS: 1 EraseBytes-
#235361	NEW    cov: 455 ft: 1648 corp: 444/15917b lim: 512 exec/s: 58840 rss: 303Mb L: 444/480 MS: 3 CMP-ChangeASCIIInt-CopyPart- DE: "q\000\000\000"-
#236132	REDUCE cov: 455 ft: 1648 corp: 444/15913b lim: 512 exec/s: 59033 rss: 304Mb L: 11/480 MS: 1 EraseBytes-
#236396	REDUCE cov: 455 ft: 1648 corp: 444/15875b lim: 512 exec/s: 59099 rss: 305Mb L: 193/480 MS: 4 ShuffleBytes-ShuffleBytes-ShuffleBytes-EraseBytes-
#236752	REDUCE cov: 455 ft: 1648 corp: 444/15874b lim: 512 exec/s: 59188 rss: 306Mb L: 59/480 MS: 1 EraseBytes-
#237049	REDUCE cov: 456 ft: 1649 corp: 445/15949b lim: 512 exec/s: 59262 rss: 307Mb L: 75/480 MS: 2 PersAutoDict-CopyPart- DE: "\376\377\377\376"-
#237861	REDUCE cov: 456 ft: 1649 corp: 445/15947b lim: 512 exec/s: 59465 rss: 308Mb L: 4/480 MS: 2 CopyPart-EraseBytes-
#239192	REDUCE cov: 456 ft: 1649 corp: 445/15945b lim: 521 exec/s: 59798 rss: 311Mb L: 17/480 MS: 1 EraseBytes-
#239983	REDUCE cov: 456 ft: 1649 corp: 445/15944b lim: 521 exec/s: 59995 rss: 312Mb L: 7/480 MS: 1 EraseBytes-
#240386	REDUCE cov: 456 ft: 1649 corp: 445/15940b lim: 521 exec/s: 60096 rss: 314Mb L: 30/480 MS: 3 ChangeBinInt-ChangeASCIIInt-CrossOver-
#242177	REDUCE cov: 456 ft: 1649 corp: 445/15939b lim: 530 exec/s: 60544 rss: 316Mb L: 10/480 MS: 1 EraseBytes-
#242263	REDUCE cov: 456 ft: 1649 corp: 445/15938b lim: 530 exec/s: 60565 rss: 316Mb L: 18/480 MS: 1 EraseBytes-
#242434	REDUCE cov: 456 ft: 1649 corp: 445/15935b lim: 530 exec/s: 60608 rss: 316Mb L: 5/480 MS: 1 EraseBytes-
#242525	REDUCE cov: 456 ft: 1649 corp: 445/15926b lim: 530 exec/s: 60631 rss: 317Mb L: 22/480 MS: 1 EraseBytes-
#242806	REDUCE cov: 456 ft: 1649 corp: 445/15916b lim: 530 exec/s: 60701 rss: 317Mb L: 91/480 MS: 1 EraseBytes-
#242959	REDUCE cov: 456 ft: 1649 corp: 445/15887b lim: 530 exec/s: 60739 rss: 317Mb L: 451/451 MS: 3 EraseBytes-ShuffleBytes-CopyPart-
#243001	NEW    cov: 456 ft: 1650 corp: 446/16Kb lim: 530 exec/s: 60750 rss: 318Mb L: 516/516 MS: 2 ShuffleBytes-CopyPart-
#243143	REDUCE cov: 456 ft: 1650 corp: 446/16Kb lim: 530 exec/s: 60785 rss: 318Mb L: 27/516 MS: 2 ChangeASCIIInt-EraseBytes-
#243273	REDUCE cov: 456 ft: 1650 corp: 446/16Kb lim: 530 exec/s: 60818 rss: 318Mb L: 24/516 MS: 5 InsertRepeatedBytes-InsertByte-InsertByte-CrossOver-EraseBytes-
#243414	REDUCE cov: 456 ft: 1650 corp: 446/16371b lim: 530 exec/s: 60853 rss: 319Mb L: 175/516 MS: 1 CrossOver-
#243476	NEW    cov: 456 ft: 1652 corp: 447/16Kb lim: 530 exec/s: 60869 rss: 319Mb L: 75/516 MS: 2 ChangeBit-CopyPart-
#243652	REDUCE cov: 456 ft: 1652 corp: 447/16Kb lim: 530 exec/s: 60913 rss: 319Mb L: 7/516 MS: 1 EraseBytes-
#243750	REDUCE cov: 456 ft: 1652 corp: 447/16Kb lim: 530 exec/s: 60937 rss: 320Mb L: 16/516 MS: 3 ChangeByte-CopyPart-EraseBytes-
#244101	REDUCE cov: 456 ft: 1652 corp: 447/16Kb lim: 530 exec/s: 61025 rss: 320Mb L: 51/516 MS: 1 EraseBytes-
#244318	REDUCE cov: 456 ft: 1652 corp: 447/16Kb lim: 530 exec/s: 61079 rss: 320Mb L: 8/516 MS: 2 ChangeASCIIInt-EraseBytes-
#244594	REDUCE cov: 456 ft: 1652 corp: 447/16Kb lim: 530 exec/s: 61148 rss: 321Mb L: 6/516 MS: 1 EraseBytes-
#244625	REDUCE cov: 456 ft: 1652 corp: 447/16Kb lim: 530 exec/s: 61156 rss: 321Mb L: 11/516 MS: 1 EraseBytes-
#245121	REDUCE cov: 456 ft: 1652 corp: 447/16Kb lim: 530 exec/s: 61280 rss: 322Mb L: 19/516 MS: 1 EraseBytes-
#246337	REDUCE cov: 456 ft: 1653 corp: 448/16Kb lim: 539 exec/s: 61584 rss: 325Mb L: 76/516 MS: 1 ChangeByte-
#246628	REDUCE cov: 456 ft: 1653 corp: 448/16Kb lim: 539 exec/s: 49325 rss: 327Mb L: 9/516 MS: 1 EraseBytes-
#246739	REDUCE cov: 456 ft: 1653 corp: 448/16Kb lim: 539 exec/s: 49347 rss: 327Mb L: 16/516 MS: 1 EraseBytes-
#246880	REDUCE cov: 456 ft: 1653 corp: 448/16Kb lim: 539 exec/s: 49376 rss: 327Mb L: 99/516 MS: 1 EraseBytes-
#246981	REDUCE cov: 456 ft: 1653 corp: 448/16Kb lim: 539 exec/s: 49396 rss: 327Mb L: 10/516 MS: 1 EraseBytes-
#247632	REDUCE cov: 456 ft: 1653 corp: 448/16Kb lim: 539 exec/s: 49526 rss: 329Mb L: 6/516 MS: 1 EraseBytes-
#247823	REDUCE cov: 456 ft: 1653 corp: 448/16Kb lim: 539 exec/s: 49564 rss: 329Mb L: 19/516 MS: 1 EraseBytes-
#248184	REDUCE cov: 456 ft: 1653 corp: 448/16Kb lim: 539 exec/s: 49636 rss: 330Mb L: 6/516 MS: 1 EraseBytes-
#248660	REDUCE cov: 456 ft: 1653 corp: 448/16Kb lim: 539 exec/s: 49732 rss: 330Mb L: 101/516 MS: 1 EraseBytes-
#249341	REDUCE cov: 456 ft: 1653 corp: 448/16Kb lim: 539 exec/s: 49868 rss: 331Mb L: 35/516 MS: 1 EraseBytes-
#249690	NEW    cov: 456 ft: 1657 corp: 449/16Kb lim: 539 exec/s: 49938 rss: 332Mb L: 54/516 MS: 4 CrossOver-PersAutoDict-CMP-EraseBytes- DE: "fals"-"nul"-
#250237	NEW    cov: 456 ft: 1658 corp: 450/16Kb lim: 539 exec/s: 50047 rss: 334Mb L: 45/516 MS: 2 ChangeASCIIInt-CopyPart-
#250243	REDUCE cov: 456 ft: 1658 corp: 450/16Kb lim: 539 exec/s: 50048 rss: 334Mb L: 6/516 MS: 1 EraseBytes-
#250429	REDUCE cov: 456 ft: 1658 corp: 450/16Kb lim: 539 exec/s: 50085 rss: 335Mb L: 250/516 MS: 1 EraseBytes-
#250541	NEW    cov: 456 ft: 1659 corp: 451/16Kb lim: 539 exec/s: 50108 rss: 336Mb L: 155/516 MS: 2 CrossOver-InsertRepeatedBytes-
#251752	REDUCE cov: 456 ft: 1659 corp: 451/16Kb lim: 548 exec/s: 50350 rss: 338Mb L: 33/516 MS: 1 EraseBytes-
#252011	REDUCE cov: 456 ft: 1659 corp: 451/16Kb lim: 548 exec/s: 50402 rss: 339Mb L: 139/516 MS: 4 PersAutoDict-ChangeByte-ChangeASCIIInt-EraseBytes- DE: "efgh"-
#252634	REDUCE cov: 456 ft: 1659 corp: 451/16Kb lim: 548 exec/s: 50526 rss: 340Mb L: 73/516 MS: 3 InsertRepeatedBytes-ChangeASCIIInt-EraseBytes-
#252990	REDUCE cov: 456 ft: 1659 corp: 451/16Kb lim: 548 exec/s: 50598 rss: 340Mb L: 60/516 MS: 1 EraseBytes-
#253222	REDUCE cov: 456 ft: 1659 corp: 451/16Kb lim: 548 exec/s: 50644 rss: 341Mb L: 23/516 MS: 2 ShuffleBytes-EraseBytes-
#253368	REDUCE cov: 456 ft: 1659 corp: 451/16Kb lim: 548 exec/s: 50673 rss: 341Mb L: 10/516 MS: 1 EraseBytes-
#254355	REDUCE cov: 456 ft: 1659 corp: 451/16Kb lim: 557 exec/s: 50871 rss: 343Mb L: 49/516 MS: 2 ChangeBinInt-EraseBytes-
#254456	REDUCE cov: 456 ft: 1659 corp: 451/16Kb lim: 557 exec/s: 50891 rss: 343Mb L: 12/516 MS: 1 CrossOver-
#254733	REDUCE cov: 456 ft: 1659 corp: 451/16Kb lim: 557 exec/s: 50946 rss: 343Mb L: 13/516 MS: 2 ChangeBit-EraseBytes-
#254880	REDUCE cov: 456 ft: 1659 corp: 451/16Kb lim: 557 exec/s: 50976 rss: 344Mb L: 9/516 MS: 2 PersAutoDict-EraseBytes- DE: "n\000\000\000"-
#255086	REDUCE cov: 456 ft: 1659 corp: 451/16Kb lim: 557 exec/s: 51017 rss: 345Mb L: 64/516 MS: 1 EraseBytes-
#255178	REDUCE cov: 456 ft: 1659 corp: 451/16Kb lim: 557 exec/s: 51035 rss: 345Mb L: 369/516 MS: 2 ChangeASCIIInt-EraseBytes-
#255391	REDUCE cov: 456 ft: 1660 corp: 452/16Kb lim: 557 exec/s: 51078 rss: 346Mb L: 151/516 MS: 3 InsertRepeatedBytes-ChangeByte-CopyPart-
#256967	REDUCE cov: 456 ft: 1660 corp: 452/16Kb lim: 566 exec/s: 51393 rss: 348Mb L: 6/516 MS: 1 EraseBytes-
#257138	REDUCE cov: 456 ft: 1660 corp: 452/16Kb lim: 566 exec/s: 51427 rss: 348Mb L: 67/516 MS: 1 EraseBytes-
#257429	REDUCE cov: 456 ft: 1660 corp: 452/16Kb lim: 566 exec/s: 51485 rss: 349Mb L: 6/516 MS: 1 EraseBytes-
#257451	REDUCE cov: 456 ft: 1660 corp: 452/16Kb lim: 566 exec/s: 51490 rss: 349Mb L: 19/516 MS: 2 ChangeByte-EraseBytes-
#257768	REDUCE cov: 456 ft: 1660 corp: 452/16Kb lim: 566 exec/s: 51553 rss: 350Mb L: 58/516 MS: 2 CopyPart-EraseBytes-
#257950	REDUCE cov: 456 ft: 1660 corp: 452/16Kb lim: 566 exec/s: 51590 rss: 350Mb L: 7/516 MS: 2 CopyPart-EraseBytes-
#259161	REDUCE cov: 456 ft: 1660 corp: 452/16Kb lim: 575 exec/s: 51832 rss: 353Mb L: 31/516 MS: 1 EraseBytes-
#259224	REDUCE cov: 456 ft: 1660 corp: 452/16Kb lim: 575 exec/s: 51844 rss: 353Mb L: 13/516 MS: 3 ShuffleBytes-ChangeASCIIInt-EraseBytes-
#259740	REDUCE cov: 456 ft: 1660 corp: 452/16Kb lim: 575 exec/s: 51948 rss: 354Mb L: 17/516 MS: 1 EraseBytes-
#259847	REDUCE cov: 456 ft: 1660 corp: 452/16Kb lim: 575 exec/s: 51969 rss: 354Mb L: 19/516 MS: 2 ShuffleBytes-EraseBytes-
#260078	REDUCE cov: 456 ft: 1660 corp: 452/16Kb lim: 575 exec/s: 52015 rss: 355Mb L: 21/516 MS: 1 EraseBytes-
#260909	REDUCE cov: 456 ft: 1660 corp: 452/16Kb lim: 575 exec/s: 52181 rss: 356Mb L: 14/516 MS: 1 EraseBytes-
#261170	REDUCE cov: 456 ft: 1660 corp: 452/16Kb lim: 575 exec/s: 52234 rss: 356Mb L: 20/516 MS: 1 EraseBytes-
#261461	REDUCE cov: 456 ft: 1660 corp: 452/16Kb lim: 575 exec/s: 52292 rss: 356Mb L: 5/516 MS: 1 EraseBytes-
#261933	REDUCE cov: 456 ft: 1660 corp: 452/16Kb lim: 575 exec/s: 52386 rss: 356Mb L: 50/516 MS: 2 ChangeBinInt-EraseBytes-
#262144	pulse  cov: 456 ft: 1660 corp: 452/16Kb lim: 575 exec/s: 52428 rss: 357Mb
#262689	REDUCE cov: 456 ft: 1660 corp: 452/16Kb lim: 575 exec/s: 52537 rss: 358Mb L: 14/516 MS: 1 EraseBytes-
#262871	REDUCE cov: 456 ft: 1660 corp: 452/16Kb lim: 575 exec/s: 52574 rss: 359Mb L: 16/516 MS: 2 ManualDict-EraseBytes- DE: ": "-
#263758	REDUCE cov: 456 ft: 1660 corp: 452/16Kb lim: 575 exec/s: 52751 rss: 360Mb L: 4/516 MS: 2 ShuffleBytes-EraseBytes-
#264114	REDUCE cov: 456 ft: 1660 corp: 452/16Kb lim: 575 exec/s: 52822 rss: 361Mb L: 203/516 MS: 1 EraseBytes-
#264120	REDUCE cov: 456 ft: 1660 corp: 452/16Kb lim: 575 exec/s: 52824 rss: 361Mb L: 20/516 MS: 1 EraseBytes-
#264187	REDUCE cov: 456 ft: 1660 corp: 452/16Kb lim: 575 exec/s: 52837 rss: 361Mb L: 24/516 MS: 2 ChangeBinInt-EraseBytes-
#264453	REDUCE cov: 456 ft: 1660 corp: 452/16Kb lim: 575 exec/s: 52890 rss: 362Mb L: 253/516 MS: 1 EraseBytes-
#266249	REDUCE cov: 456 ft: 1660 corp: 452/16Kb lim: 584 exec/s: 53249 rss: 366Mb L: 13/516 MS: 1 EraseBytes-
#266655	REDUCE cov: 456 ft: 1660 corp: 452/16Kb lim: 584 exec/s: 53331 rss: 367Mb L: 18/516 MS: 1 CrossOver-
#266864	REDUCE cov: 456 ft: 1666 corp: 453/16Kb lim: 584 exec/s: 53372 rss: 367Mb L: 350/516 MS: 4 CrossOver-ManualDict-ChangeBit-CopyPart- DE: "duplicate object key"-
#266946	NEW    cov: 456 ft: 1667 corp: 454/17Kb lim: 584 exec/s: 53389 rss: 367Mb L: 576/576 MS: 2 EraseBytes-CopyPart-
#267292	REDUCE cov: 456 ft: 1667 corp: 454/17Kb lim: 584 exec/s: 53458 rss: 368Mb L: 18/576 MS: 1 EraseBytes-
#267423	REDUCE cov: 456 ft: 1667 corp: 454/17Kb lim: 584 exec/s: 53484 rss: 369Mb L: 6/576 MS: 1 EraseBytes-
#267849	REDUCE cov: 456 ft: 1667 corp: 454/17Kb lim: 584 exec/s: 53569 rss: 370Mb L: 57/576 MS: 1 EraseBytes-
#268940	REDUCE cov: 456 ft: 1667 corp: 454/17Kb lim: 593 exec/s: 53788 rss: 372Mb L: 41/576 MS: 1 EraseBytes-
#269081	REDUCE cov: 456 ft: 1669 corp: 455/17Kb lim: 593 exec/s: 53816 rss: 372Mb L: 97/576 MS: 1 CopyPart-
#269173	REDUCE cov: 456 ft: 1669 corp: 455/17Kb lim: 593 exec/s: 53834 rss: 372Mb L: 18/576 MS: 2 CMP-EraseBytes- DE: "\005\000\000\000\000\000\000\000"-
#269524	REDUCE cov: 456 ft: 1669 corp: 455/17Kb lim: 593 exec/s: 53904 rss: 373Mb L: 12/576 MS: 1 EraseBytes-
#269591	REDUCE cov: 456 ft: 1669 corp: 455/17Kb lim: 593 exec/s: 53918 rss: 373Mb L: 324/576 MS: 2 ManualDict-EraseBytes- DE: "too big integer"-
#269667	REDUCE cov: 456 ft: 1669 corp: 455/17Kb lim: 593 exec/s: 53933 rss: 373Mb L: 7/576 MS: 1 EraseBytes-
#269745	REDUCE cov: 456 ft: 1669 corp: 455/17Kb lim: 593 exec/s: 53949 rss: 373Mb L: 123/576 MS: 3 ChangeByte-ManualDict-EraseBytes- DE: "<buffer>"-
#270653	REDUCE cov: 456 ft: 1669 corp: 455/17Kb lim: 602 exec/s: 54130 rss: 375Mb L: 13/576 MS: 3 ChangeBinInt-CMP-EraseBytes- DE: "ooooo"-
#270654	REDUCE cov: 456 ft: 1669 corp: 455/17Kb lim: 602 exec/s: 54130 rss: 375Mb L: 67/576 MS: 1 EraseBytes-
#270778	REDUCE cov: 456 ft: 1669 corp: 455/17Kb lim: 602 exec/s: 54155 rss: 375Mb L: 40/576 MS: 4 ShuffleBytes-ChangeBit-ChangeBit-EraseBytes-
#271419	REDUCE cov: 456 ft: 1669 corp: 455/17Kb lim: 602 exec/s: 54283 rss: 377Mb L: 39/576 MS: 1 EraseBytes-
#271435	REDUCE cov: 456 ft: 1669 corp: 455/17Kb lim: 602 exec/s: 54287 rss: 377Mb L: 321/576 MS: 1 EraseBytes-
#271516	REDUCE cov: 456 ft: 1669 corp: 455/17Kb lim: 602 exec/s: 54303 rss: 377Mb L: 6/576 MS: 1 EraseBytes-
#272379	REDUCE cov: 456 ft: 1670 corp: 456/17Kb lim: 602 exec/s: 54475 rss: 378Mb L: 27/576 MS: 3 CopyPart-ShuffleBytes-EraseBytes-
#273225	REDUCE cov: 456 ft: 1670 corp: 456/17Kb lim: 602 exec/s: 54645 rss: 380Mb L: 27/576 MS: 1 EraseBytes-
#273516	REDUCE cov: 456 ft: 1670 corp: 456/17Kb lim: 602 exec/s: 54703 rss: 381Mb L: 9/576 MS: 1 EraseBytes-
#273952	REDUCE cov: 456 ft: 1672 corp: 457/17Kb lim: 602 exec/s: 54790 rss: 382Mb L: 27/576 MS: 1 CopyPart-
#274343	REDUCE cov: 456 ft: 1672 corp: 457/17Kb lim: 602 exec/s: 54868 rss: 383Mb L: 18/576 MS: 1 EraseBytes-
#275104	REDUCE cov: 456 ft: 1672 corp: 457/17Kb lim: 602 exec/s: 55020 rss: 386Mb L: 5/576 MS: 1 EraseBytes-
#275496	REDUCE cov: 456 ft: 1672 corp: 457/17Kb lim: 602 exec/s: 55099 rss: 386Mb L: 22/576 MS: 2 ChangeBit-EraseBytes-
#275722	REDUCE cov: 456 ft: 1672 corp: 457/17Kb lim: 602 exec/s: 55144 rss: 386Mb L: 8/576 MS: 1 EraseBytes-
#276403	REDUCE cov: 456 ft: 1672 corp: 457/17Kb lim: 602 exec/s: 55280 rss: 388Mb L: 4/576 MS: 1 EraseBytes-
#276469	REDUCE cov: 456 ft: 1674 corp: 458/17Kb lim: 602 exec/s: 55293 rss: 388Mb L: 497/576 MS: 1 CopyPart-
#276811	REDUCE cov: 456 ft: 1674 corp: 458/17Kb lim: 602 exec/s: 55362 rss: 389Mb L: 17/576 MS: 2 CMP-EraseBytes- DE: "ug"-
#276943	REDUCE cov: 456 ft: 1674 corp: 458/17Kb lim: 602 exec/s: 55388 rss: 389Mb L: 28/576 MS: 2 PersAutoDict-EraseBytes- DE: "fal"-
#277310	REDUCE cov: 456 ft: 1674 corp: 458/17Kb lim: 602 exec/s: 55462 rss: 390Mb L: 130/576 MS: 2 ManualDict-EraseBytes- DE: "wrong arguments"-
#277909	REDUCE cov: 456 ft: 1674 corp: 458/17Kb lim: 602 exec/s: 55581 rss: 393Mb L: 26/576 MS: 2 ChangeASCIIInt-EraseBytes-
#278605	REDUCE cov: 456 ft: 1674 corp: 458/17Kb lim: 602 exec/s: 55721 rss: 395Mb L: 19/576 MS: 1 EraseBytes-
#278766	REDUCE cov: 456 ft: 1674 corp: 458/17Kb lim: 602 exec/s: 55753 rss: 395Mb L: 108/576 MS: 1 EraseBytes-
#279517	REDUCE cov: 456 ft: 1674 corp: 458/17Kb lim: 602 exec/s: 55903 rss: 396Mb L: 20/576 MS: 1 EraseBytes-
#279969	REDUCE cov: 456 ft: 1674 corp: 458/17Kb lim: 602 exec/s: 55993 rss: 396Mb L: 15/576 MS: 2 ShuffleBytes-EraseBytes-
#280590	REDUCE cov: 456 ft: 1674 corp: 458/17Kb lim: 602 exec/s: 56118 rss: 398Mb L: 8/576 MS: 1 EraseBytes-
#281306	NEW    cov: 456 ft: 1675 corp: 459/18Kb lim: 602 exec/s: 56261 rss: 399Mb L: 418/576 MS: 1 EraseBytes-
#281352	NEW    cov: 456 ft: 1676 corp: 460/18Kb lim: 602 exec/s: 56270 rss: 399Mb L: 418/576 MS: 1 CopyPart-
#281511	REDUCE cov: 456 ft: 1676 corp: 460/18Kb lim: 602 exec/s: 56302 rss: 399Mb L: 128/576 MS: 4 InsertRepeatedBytes-CMP-ShuffleBytes-EraseBytes- DE: "\001\000\000\000\000\000\000\001"-
#281582	REDUCE cov: 456 ft: 1676 corp: 460/18Kb lim: 602 exec/s: 56316 rss: 399Mb L: 61/576 MS: 1 EraseBytes-
#281594	REDUCE cov: 456 ft: 1676 corp: 460/18Kb lim: 602 exec/s: 56318 rss: 399Mb L: 4/576 MS: 2 ChangeBinInt-EraseBytes-
#281875	REDUCE cov: 456 ft: 1676 corp: 460/18Kb lim: 602 exec/s: 56375 rss: 400Mb L: 9/576 MS: 1 EraseBytes-
#281881	REDUCE cov: 456 ft: 1676 corp: 460/18Kb lim: 602 exec/s: 56376 rss: 400Mb L: 23/576 MS: 1 EraseBytes-
#282864	REDUCE cov: 456 ft: 1678 corp: 461/18Kb lim: 611 exec/s: 56572 rss: 401Mb L: 168/576 MS: 3 CopyPart-ChangeASCIIInt-EraseBytes-
#283820	REDUCE cov: 456 ft: 1678 corp: 461/18Kb lim: 620 exec/s: 56764 rss: 403Mb L: 92/576 MS: 1 EraseBytes-
#284396	REDUCE cov: 456 ft: 1678 corp: 461/18Kb lim: 620 exec/s: 56879 rss: 404Mb L: 22/576 MS: 1 EraseBytes-
#285667	NEW    cov: 456 ft: 1679 corp: 462/18Kb lim: 629 exec/s: 57133 rss: 406Mb L: 61/576 MS: 1 CrossOver-
#285940	REDUCE cov: 456 ft: 1679 corp: 462/18Kb lim: 629 exec/s: 57188 rss: 407Mb L: 39/576 MS: 3 ManualDict-ChangeBinInt-EraseBytes- DE: "unexpected token"-
#286931	REDUCE cov: 456 ft: 1679 corp: 462/18Kb lim: 638 exec/s: 57386 rss: 408Mb L: 112/576 MS: 1 EraseBytes-
#287062	REDUCE cov: 456 ft: 1679 corp: 462/18Kb lim: 638 exec/s: 57412 rss: 409Mb L: 36/576 MS: 1 EraseBytes-
#287483	REDUCE cov: 456 ft: 1679 corp: 462/18Kb lim: 638 exec/s: 57496 rss: 410Mb L: 46/576 MS: 1 EraseBytes-
#289464	REDUCE cov: 456 ft: 1679 corp: 462/18Kb lim: 656 exec/s: 57892 rss: 413Mb L: 14/576 MS: 1 EraseBytes-
#290242	REDUCE cov: 456 ft: 1679 corp: 462/18Kb lim: 656 exec/s: 58048 rss: 414Mb L: 8/576 MS: 3 ChangeASCIIInt-ChangeBit-EraseBytes-
#291660	REDUCE cov: 456 ft: 1679 corp: 462/18Kb lim: 665 exec/s: 58332 rss: 417Mb L: 21/576 MS: 3 ChangeASCIIInt-ChangeBit-EraseBytes-
#291776	REDUCE cov: 456 ft: 1679 corp: 462/18Kb lim: 665 exec/s: 58355 rss: 417Mb L: 21/576 MS: 1 EraseBytes-
#291997	REDUCE cov: 456 ft: 1679 corp: 462/18Kb lim: 665 exec/s: 58399 rss: 418Mb L: 23/576 MS: 1 EraseBytes-
#292424	REDUCE cov: 456 ft: 1679 corp: 462/18Kb lim: 665 exec/s: 58484 rss: 418Mb L: 19/576 MS: 2 ChangeASCIIInt-EraseBytes-
#292697	REDUCE cov: 456 ft: 1679 corp: 462/18Kb lim: 665 exec/s: 58539 rss: 419Mb L: 88/576 MS: 3 CrossOver-PersAutoDict-EraseBytes- DE: "\001\000\001\000"-
#292728	REDUCE cov: 456 ft: 1679 corp: 462/18Kb lim: 665 exec/s: 58545 rss: 419Mb L: 45/576 MS: 1 EraseBytes-
#293424	NEW    cov: 456 ft: 1683 corp: 463/19Kb lim: 665 exec/s: 58684 rss: 420Mb L: 593/593 MS: 1 CopyPart-
#293816	REDUCE cov: 456 ft: 1683 corp: 463/19Kb lim: 665 exec/s: 58763 rss: 421Mb L: 387/593 MS: 2 ChangeBinInt-EraseBytes-
#293867	REDUCE cov: 456 ft: 1685 corp: 464/19Kb lim: 665 exec/s: 58773 rss: 421Mb L: 65/593 MS: 1 CopyPart-
#294738	REDUCE cov: 456 ft: 1685 corp: 464/19Kb lim: 665 exec/s: 58947 rss: 422Mb L: 37/593 MS: 1 EraseBytes-
#294905	REDUCE cov: 456 ft: 1685 corp: 464/19Kb lim: 665 exec/s: 58981 rss: 422Mb L: 39/593 MS: 2 CopyPart-EraseBytes-
#295912	REDUCE cov: 456 ft: 1685 corp: 464/19Kb lim: 674 exec/s: 59182 rss: 424Mb L: 26/593 MS: 2 ChangeASCIIInt-EraseBytes-
#296284	REDUCE cov: 456 ft: 1685 corp: 464/19Kb lim: 674 exec/s: 59256 rss: 425Mb L: 132/593 MS: 2 ChangeBit-EraseBytes-
#297010	REDUCE cov: 456 ft: 1685 corp: 464/19Kb lim: 674 exec/s: 59402 rss: 426Mb L: 88/593 MS: 1 EraseBytes-
#297501	REDUCE cov: 456 ft: 1702 corp: 465/19Kb lim: 674 exec/s: 59500 rss: 427Mb L: 85/593 MS: 1 CopyPart-
#297593	REDUCE cov: 456 ft: 1704 corp: 466/19Kb lim: 674 exec/s: 59518 rss: 427Mb L: 250/593 MS: 2 ShuffleBytes-CopyPart-
#297715	REDUCE cov: 456 ft: 1704 corp: 466/19Kb lim: 674 exec/s: 59543 rss: 427Mb L: 17/593 MS: 2 CopyPart-EraseBytes-
#297737	NEW    cov: 456 ft: 1706 corp: 467/19Kb lim: 674 exec/s: 59547 rss: 427Mb L: 89/593 MS: 2 ChangeASCIIInt-CopyPart-
#297805	REDUCE cov: 456 ft: 1706 corp: 467/19Kb lim: 674 exec/s: 59561 rss: 427Mb L: 21/593 MS: 3 InsertByte-ShuffleBytes-EraseBytes-
#297826	REDUCE cov: 456 ft: 1706 corp: 467/19Kb lim: 674 exec/s: 59565 rss: 427Mb L: 39/593 MS: 1 EraseBytes-
#298007	REDUCE cov: 456 ft: 1706 corp: 467/19Kb lim: 674 exec/s: 59601 rss: 428Mb L: 8/593 MS: 1 EraseBytes-
#298768	REDUCE cov: 456 ft: 1706 corp: 467/19Kb lim: 674 exec/s: 59753 rss: 430Mb L: 5/593 MS: 1 EraseBytes-
#298889	REDUCE cov: 456 ft: 1706 corp: 467/19Kb lim: 674 exec/s: 59777 rss: 430Mb L: 117/593 MS: 1 EraseBytes-
#299665	REDUCE cov: 456 ft: 1706 corp: 467/19Kb lim: 674 exec/s: 59933 rss: 431Mb L: 99/593 MS: 1 EraseBytes-
#299691	REDUCE cov: 456 ft: 1706 corp: 467/19Kb lim: 674 exec/s: 59938 rss: 431Mb L: 10/593 MS: 1 EraseBytes-
#299777	NEW    cov: 456 ft: 1707 corp: 468/20Kb lim: 674 exec/s: 59955 rss: 431Mb L: 639/639 MS: 1 CopyPart-
#300208	REDUCE cov: 456 ft: 1707 corp: 468/20Kb lim: 674 exec/s: 60041 rss: 433Mb L: 23/639 MS: 1 EraseBytes-
#300259	REDUCE cov: 456 ft: 1707 corp: 468/20Kb lim: 674 exec/s: 60051 rss: 433Mb L: 144/639 MS: 1 EraseBytes-
#300371	REDUCE cov: 456 ft: 1707 corp: 468/20Kb lim: 674 exec/s: 60074 rss: 433Mb L: 19/639 MS: 2 ShuffleBytes-EraseBytes-
#300432	REDUCE cov: 456 ft: 1708 corp: 469/20Kb lim: 674 exec/s: 60086 rss: 434Mb L: 53/639 MS: 1 CopyPart-
#300510	NEW    cov: 456 ft: 1710 corp: 470/20Kb lim: 674 exec/s: 60102 rss: 434Mb L: 319/639 MS: 3 CrossOver-ChangeASCIIInt-CopyPart-
#300637	NEW    cov: 456 ft: 1712 corp: 471/20Kb lim: 674 exec/s: 60127 rss: 434Mb L: 175/639 MS: 2 CrossOver-CopyPart-
#300713	REDUCE cov: 456 ft: 1712 corp: 471/20Kb lim: 674 exec/s: 60142 rss: 434Mb L: 30/639 MS: 1 EraseBytes-
#301024	NEW    cov: 456 ft: 1713 corp: 472/21Kb lim: 674 exec/s: 60204 rss: 435Mb L: 347/639 MS: 1 CopyPart-
#301266	REDUCE cov: 456 ft: 1713 corp: 472/21Kb lim: 674 exec/s: 60253 rss: 435Mb L: 6/639 MS: 2 PersAutoDict-EraseBytes- DE: "oooo"-
#301278	NEW    cov: 456 ft: 1715 corp: 473/21Kb lim: 674 exec/s: 60255 rss: 435Mb L: 360/639 MS: 2 InsertByte-CrossOver-
#301525	REDUCE cov: 456 ft: 1715 corp: 473/21Kb lim: 674 exec/s: 60305 rss: 435Mb L: 13/639 MS: 2 ChangeASCIIInt-EraseBytes-
#301696	REDUCE cov: 456 ft: 1715 corp: 473/21Kb lim: 674 exec/s: 60339 rss: 436Mb L: 146/639 MS: 1 EraseBytes-
#301723	REDUCE cov: 456 ft: 1715 corp: 473/21Kb lim: 674 exec/s: 60344 rss: 436Mb L: 313/639 MS: 2 ChangeBit-EraseBytes-
#301759	NEW    cov: 456 ft: 1716 corp: 474/22Kb lim: 674 exec/s: 60351 rss: 436Mb L: 631/639 MS: 1 CopyPart-
#302825	REDUCE cov: 456 ft: 1716 corp: 474/22Kb lim: 683 exec/s: 60565 rss: 437Mb L: 22/639 MS: 1 EraseBytes-
#302903	NEW    cov: 456 ft: 1717 corp: 475/22Kb lim: 683 exec/s: 60580 rss: 437Mb L: 521/639 MS: 3 ChangeBit-PersAutoDict-CopyPart- DE: "too big integer"-
#303089	REDUCE cov: 456 ft: 1717 corp: 475/22Kb lim: 683 exec/s: 60617 rss: 438Mb L: 229/639 MS: 1 EraseBytes-
#303900	REDUCE cov: 456 ft: 1717 corp: 475/22Kb lim: 683 exec/s: 60780 rss: 440Mb L: 470/639 MS: 1 EraseBytes-
#304177	REDUCE cov: 456 ft: 1717 corp: 475/22Kb lim: 683 exec/s: 60835 rss: 440Mb L: 400/639 MS: 2 InsertByte-EraseBytes-
#304243	REDUCE cov: 456 ft: 1717 corp: 475/22Kb lim: 683 exec/s: 60848 rss: 441Mb L: 229/639 MS: 1 EraseBytes-
#305619	REDUCE cov: 456 ft: 1717 corp: 475/22Kb lim: 692 exec/s: 61123 rss: 444Mb L: 9/639 MS: 1 EraseBytes-
#306080	REDUCE cov: 456 ft: 1717 corp: 475/22Kb lim: 692 exec/s: 61216 rss: 445Mb L: 12/639 MS: 1 EraseBytes-
#306177	NEW    cov: 456 ft: 1718 corp: 476/22Kb lim: 692 exec/s: 61235 rss: 445Mb L: 465/639 MS: 2 ChangeBinInt-CopyPart-
#306403	REDUCE cov: 456 ft: 1730 corp: 477/22Kb lim: 692 exec/s: 51067 rss: 445Mb L: 25/639 MS: 1 CopyPart-
#307005	REDUCE cov: 456 ft: 1730 corp: 477/22Kb lim: 692 exec/s: 51167 rss: 446Mb L: 6/639 MS: 2 ChangeByte-EraseBytes-
#307106	REDUCE cov: 456 ft: 1730 corp: 477/22Kb lim: 692 exec/s: 51184 rss: 446Mb L: 37/639 MS: 1 EraseBytes-
#307127	NEW    cov: 456 ft: 1739 corp: 478/23Kb lim: 692 exec/s: 51187 rss: 446Mb L: 643/643 MS: 1 CopyPart-
#307588	REDUCE cov: 456 ft: 1739 corp: 478/23Kb lim: 692 exec/s: 51264 rss: 448Mb L: 79/643 MS: 1 EraseBytes-
#307751	REDUCE cov: 456 ft: 1739 corp: 478/23Kb lim: 692 exec/s: 51291 rss: 448Mb L: 43/643 MS: 3 CrossOver-CopyPart-EraseBytes-
#307874	NEW    cov: 456 ft: 1740 corp: 479/23Kb lim: 692 exec/s: 51312 rss: 448Mb L: 91/643 MS: 3 CopyPart-EraseBytes-ShuffleBytes-
#308582	REDUCE cov: 456 ft: 1740 corp: 479/23Kb lim: 692 exec/s: 51430 rss: 449Mb L: 31/643 MS: 3 ShuffleBytes-PersAutoDict-EraseBytes- DE: "\000\001"-
#308679	REDUCE cov: 456 ft: 1740 corp: 479/23Kb lim: 692 exec/s: 51446 rss: 450Mb L: 23/643 MS: 2 ChangeBit-EraseBytes-
#308765	REDUCE cov: 456 ft: 1740 corp: 479/23Kb lim: 692 exec/s: 51460 rss: 450Mb L: 24/643 MS: 1 EraseBytes-
#308797	NEW    cov: 456 ft: 1741 corp: 480/23Kb lim: 692 exec/s: 51466 rss: 450Mb L: 148/643 MS: 2 PersAutoDict-InsertRepeatedBytes- DE: "<format>"-
#310058	REDUCE cov: 456 ft: 1741 corp: 480/23Kb lim: 701 exec/s: 51676 rss: 453Mb L: 32/643 MS: 1 EraseBytes-
#310284	NEW    cov: 456 ft: 1745 corp: 481/23Kb lim: 701 exec/s: 51714 rss: 453Mb L: 147/643 MS: 1 CopyPart-
#311973	NEW    cov: 456 ft: 1748 corp: 482/24Kb lim: 710 exec/s: 51995 rss: 453Mb L: 259/643 MS: 4 CopyPart-CopyPart-EraseBytes-CopyPart-
#312179	REDUCE cov: 456 ft: 1748 corp: 482/24Kb lim: 710 exec/s: 52029 rss: 453Mb L: 20/643 MS: 1 EraseBytes-
#313725	NEW    cov: 456 ft: 1750 corp: 483/24Kb lim: 719 exec/s: 52287 rss: 454Mb L: 42/643 MS: 1 CopyPart-
#314071	REDUCE cov: 456 ft: 1750 corp: 483/24Kb lim: 719 exec/s: 52345 rss: 455Mb L: 35/643 MS: 1 EraseBytes-
#314398	REDUCE cov: 456 ft: 1750 corp: 483/24Kb lim: 719 exec/s: 52399 rss: 455Mb L: 228/643 MS: 2 ChangeASCIIInt-EraseBytes-
#314459	REDUCE cov: 456 ft: 1750 corp: 483/24Kb lim: 719 exec/s: 52409 rss: 455Mb L: 72/643 MS: 1 EraseBytes-
#315572	NEW    cov: 456 ft: 1752 corp: 484/24Kb lim: 728 exec/s: 52595 rss: 457Mb L: 468/643 MS: 3 ChangeASCIIInt-ManualDict-CopyPart- DE: "']' expected"-
#315986	REDUCE cov: 456 ft: 1752 corp: 484/24Kb lim: 728 exec/s: 52664 rss: 458Mb L: 31/643 MS: 4 ChangeBit-ChangeBinInt-ChangeByte-EraseBytes-
#316278	REDUCE cov: 456 ft: 1752 corp: 484/24Kb lim: 728 exec/s: 52713 rss: 458Mb L: 19/643 MS: 2 ShuffleBytes-EraseBytes-
#316304	REDUCE cov: 456 ft: 1752 corp: 484/24Kb lim: 728 exec/s: 52717 rss: 458Mb L: 26/643 MS: 1 EraseBytes-
#316645	REDUCE cov: 456 ft: 1752 corp: 484/24Kb lim: 728 exec/s: 52774 rss: 458Mb L: 66/643 MS: 1 EraseBytes-
#316926	REDUCE cov: 456 ft: 1752 corp: 484/24Kb lim: 728 exec/s: 52821 rss: 459Mb L: 125/643 MS: 1 EraseBytes-
#317237	REDUCE cov: 456 ft: 1752 corp: 484/24Kb lim: 728 exec/s: 52872 rss: 460Mb L: 52/643 MS: 1 EraseBytes-
#317238	NEW    cov: 456 ft: 1753 corp: 485/24Kb lim: 728 exec/s: 52873 rss: 460Mb L: 148/643 MS: 1 CopyPart-
#317731	NEW    cov: 456 ft: 1754 corp: 486/24Kb lim: 728 exec/s: 52955 rss: 461Mb L: 99/643 MS: 3 ChangeASCIIInt-PersAutoDict-ManualDict- DE: "br"-"']' expected"-
#317733	REDUCE cov: 456 ft: 1754 corp: 486/24Kb lim: 728 exec/s: 52955 rss: 461Mb L: 86/643 MS: 2 InsertByte-EraseBytes-
#318536	NEW    cov: 456 ft: 1755 corp: 487/25Kb lim: 728 exec/s: 53089 rss: 462Mb L: 614/643 MS: 3 CopyPart-PersAutoDict-CopyPart- DE: "\377\377\377+"-
#318585	REDUCE cov: 456 ft: 1755 corp: 487/25Kb lim: 728 exec/s: 53097 rss: 462Mb L: 17/643 MS: 4 ChangeByte-ShuffleBytes-ChangeBit-EraseBytes-
#318791	REDUCE cov: 456 ft: 1755 corp: 487/25Kb lim: 728 exec/s: 53131 rss: 462Mb L: 11/643 MS: 1 EraseBytes-
#318797	NEW    cov: 456 ft: 1759 corp: 488/25Kb lim: 728 exec/s: 53132 rss: 462Mb L: 149/643 MS: 1 CopyPart-
#319648	NEW    cov: 456 ft: 1760 corp: 489/25Kb lim: 728 exec/s: 53274 rss: 464Mb L: 132/643 MS: 1 EraseBytes-
#319905	REDUCE cov: 456 ft: 1760 corp: 489/25Kb lim: 728 exec/s: 53317 rss: 464Mb L: 58/643 MS: 2 ChangeByte-EraseBytes-
#320061	REDUCE cov: 456 ft: 1760 corp: 489/25Kb lim: 728 exec/s: 53343 rss: 464Mb L: 8/643 MS: 1 EraseBytes-
#320902	REDUCE cov: 456 ft: 1760 corp: 489/25Kb lim: 728 exec/s: 53483 rss: 466Mb L: 23/643 MS: 1 EraseBytes-
#322359	REDUCE cov: 456 ft: 1760 corp: 489/25Kb lim: 737 exec/s: 53726 rss: 468Mb L: 115/643 MS: 2 ChangeASCIIInt-EraseBytes-
#322610	REDUCE cov: 456 ft: 1760 corp: 489/25Kb lim: 737 exec/s: 53768 rss: 469Mb L: 21/643 MS: 1 EraseBytes-
#323007	NEW    cov: 456 ft: 1761 corp: 490/25Kb lim: 737 exec/s: 53834 rss: 470Mb L: 153/643 MS: 2 CMP-ChangeByte- DE: "\000\000\000]"-
#323218	NEW    cov: 456 ft: 1764 corp: 491/25Kb lim: 737 exec/s: 53869 rss: 470Mb L: 153/643 MS: 1 ChangeBinInt-
#323280	REDUCE cov: 456 ft: 1764 corp: 491/25Kb lim: 737 exec/s: 53880 rss: 471Mb L: 5/643 MS: 2 EraseBytes-CopyPart-
#324791	REDUCE cov: 456 ft: 1764 corp: 491/25Kb lim: 746 exec/s: 54131 rss: 473Mb L: 51/643 MS: 1 EraseBytes-
#324867	REDUCE cov: 456 ft: 1764 corp: 491/25Kb lim: 746 exec/s: 54144 rss: 473Mb L: 556/639 MS: 1 EraseBytes-
#325131	REDUCE cov: 456 ft: 1764 corp: 491/25Kb lim: 746 exec/s: 54188 rss: 474Mb L: 24/639 MS: 4 ChangeASCIIInt-ShuffleBytes-CrossOver-ChangeByte-
#325233	REDUCE cov: 456 ft: 1764 corp: 491/25Kb lim: 746 exec/s: 54205 rss: 474Mb L: 38/639 MS: 2 InsertByte-EraseBytes-
#325971	REDUCE cov: 456 ft: 1764 corp: 491/25Kb lim: 746 exec/s: 54328 rss: 474Mb L: 55/639 MS: 3 ChangeBit-ShuffleBytes-EraseBytes-
#325988	REDUCE cov: 456 ft: 1764 corp: 491/25Kb lim: 746 exec/s: 54331 rss: 474Mb L: 11/639 MS: 2 PersAutoDict-EraseBytes- DE: "\000\000\000]"-
#326494	REDUCE cov: 456 ft: 1764 corp: 491/25Kb lim: 746 exec/s: 54415 rss: 475Mb L: 310/639 MS: 1 EraseBytes-
#326605	REDUCE cov: 456 ft: 1764 corp: 491/25Kb lim: 746 exec/s: 54434 rss: 475Mb L: 9/639 MS: 1 EraseBytes-
#326641	REDUCE cov: 456 ft: 1764 corp: 491/25Kb lim: 746 exec/s: 54440 rss: 476Mb L: 9/639 MS: 1 EraseBytes-
#326688	REDUCE cov: 456 ft: 1764 corp: 491/25Kb lim: 746 exec/s: 54448 rss: 476Mb L: 15/639 MS: 2 CMP-EraseBytes- DE: "Adup"-
#326739	REDUCE cov: 456 ft: 1764 corp: 491/25Kb lim: 746 exec/s: 54456 rss: 476Mb L: 21/639 MS: 1 EraseBytes-
#327826	REDUCE cov: 456 ft: 1764 corp: 491/25Kb lim: 755 exec/s: 54637 rss: 478Mb L: 10/639 MS: 2 ShuffleBytes-EraseBytes-
#328537	REDUCE cov: 456 ft: 1764 corp: 491/25Kb lim: 755 exec/s: 54756 rss: 479Mb L: 146/639 MS: 1 EraseBytes-
#328748	NEW    cov: 456 ft: 1766 corp: 492/26Kb lim: 755 exec/s: 54791 rss: 479Mb L: 468/639 MS: 1 ChangeASCIIInt-
#328949	REDUCE cov: 456 ft: 1766 corp: 492/26Kb lim: 755 exec/s: 54824 rss: 480Mb L: 259/639 MS: 1 EraseBytes-
#329460	NEW    cov: 456 ft: 1786 corp: 493/26Kb lim: 755 exec/s: 54910 rss: 481Mb L: 188/639 MS: 1 CopyPart-
#330321	NEW    cov: 464 ft: 1797 corp: 494/26Kb lim: 755 exec/s: 55053 rss: 482Mb L: 256/639 MS: 1 InsertRepeatedBytes-
#330603	REDUCE cov: 464 ft: 1797 corp: 494/26Kb lim: 755 exec/s: 55100 rss: 484Mb L: 90/639 MS: 2 ChangeBit-CrossOver-
#330659	REDUCE cov: 464 ft: 1797 corp: 494/26Kb lim: 755 exec/s: 55109 rss: 484Mb L: 515/639 MS: 1 EraseBytes-
#330771	REDUCE cov: 464 ft: 1798 corp: 495/26Kb lim: 755 exec/s: 55128 rss: 484Mb L: 147/639 MS: 2 InsertByte-ChangeByte-
#330958	REDUCE cov: 464 ft: 1798 corp: 495/26Kb lim: 755 exec/s: 55159 rss: 484Mb L: 14/639 MS: 2 ChangeASCIIInt-EraseBytes-
#331471	REDUCE cov: 464 ft: 1798 corp: 495/26Kb lim: 755 exec/s: 55245 rss: 484Mb L: 96/639 MS: 3 ChangeASCIIInt-ChangeASCIIInt-EraseBytes-
#331532	REDUCE cov: 464 ft: 1799 corp: 496/26Kb lim: 755 exec/s: 55255 rss: 484Mb L: 125/639 MS: 1 CopyPart-
#331569	REDUCE cov: 464 ft: 1799 corp: 496/26Kb lim: 755 exec/s: 55261 rss: 484Mb L: 432/639 MS: 2 ShuffleBytes-EraseBytes-
#332800	REDUCE cov: 464 ft: 1799 corp: 496/26Kb lim: 764 exec/s: 55466 rss: 484Mb L: 346/639 MS: 1 EraseBytes-
#332946	REDUCE cov: 464 ft: 1799 corp: 496/26Kb lim: 764 exec/s: 55491 rss: 484Mb L: 26/639 MS: 1 EraseBytes-
#332957	REDUCE cov: 464 ft: 1799 corp: 496/26Kb lim: 764 exec/s: 55492 rss: 484Mb L: 192/639 MS: 1 EraseBytes-
#334418	REDUCE cov: 464 ft: 1799 corp: 496/26Kb lim: 773 exec/s: 55736 rss: 485Mb L: 19/639 MS: 1 EraseBytes-
#334589	REDUCE cov: 464 ft: 1799 corp: 496/26Kb lim: 773 exec/s: 55764 rss: 485Mb L: 12/639 MS: 1 EraseBytes-
#335158	REDUCE cov: 464 ft: 1799 corp: 496/26Kb lim: 773 exec/s: 55859 rss: 485Mb L: 21/639 MS: 1 EraseBytes-
#335589	NEW    cov: 464 ft: 1804 corp: 497/27Kb lim: 773 exec/s: 55931 rss: 485Mb L: 257/639 MS: 1 InsertByte-
#336281	REDUCE cov: 464 ft: 1804 corp: 497/26Kb lim: 773 exec/s: 56046 rss: 485Mb L: 128/639 MS: 2 InsertByte-EraseBytes-
#336458	REDUCE cov: 464 ft: 1804 corp: 497/26Kb lim: 773 exec/s: 56076 rss: 485Mb L: 7/639 MS: 2 CMP-EraseBytes- DE: "\000\000\000\377"-
#336518	REDUCE cov: 464 ft: 1806 corp: 498/27Kb lim: 773 exec/s: 56086 rss: 485Mb L: 759/759 MS: 5 PersAutoDict-InsertByte-CrossOver-CrossOver-CrossOver- DE: "tr"-
#336519	REDUCE cov: 464 ft: 1811 corp: 499/27Kb lim: 773 exec/s: 56086 rss: 485Mb L: 45/759 MS: 1 CopyPart-
#336971	REDUCE cov: 464 ft: 1812 corp: 500/27Kb lim: 773 exec/s: 56161 rss: 485Mb L: 157/759 MS: 2 CopyPart-ChangeBit-
#337117	REDUCE cov: 464 ft: 1812 corp: 500/27Kb lim: 773 exec/s: 56186 rss: 485Mb L: 26/759 MS: 1 EraseBytes-
#337134	NEW    cov: 464 ft: 1829 corp: 501/27Kb lim: 773 exec/s: 56189 rss: 485Mb L: 61/759 MS: 2 CopyPart-CopyPart-
#337661	REDUCE cov: 464 ft: 1829 corp: 501/27Kb lim: 773 exec/s: 56276 rss: 485Mb L: 351/759 MS: 2 ChangeASCIIInt-EraseBytes-
#338453	NEW    cov: 464 ft: 1831 corp: 502/28Kb lim: 773 exec/s: 56408 rss: 485Mb L: 257/759 MS: 2 ChangeBit-PersAutoDict- DE: "Un"-
#338574	REDUCE cov: 464 ft: 1831 corp: 502/28Kb lim: 773 exec/s: 56429 rss: 485Mb L: 66/759 MS: 1 EraseBytes-
#339167	REDUCE cov: 464 ft: 1831 corp: 502/28Kb lim: 773 exec/s: 56527 rss: 485Mb L: 29/759 MS: 3 ChangeBit-ChangeASCIIInt-EraseBytes-
#339253	REDUCE cov: 464 ft: 1831 corp: 502/28Kb lim: 773 exec/s: 56542 rss: 485Mb L: 8/759 MS: 1 EraseBytes-
#340126	REDUCE cov: 464 ft: 1831 corp: 502/28Kb lim: 773 exec/s: 56687 rss: 487Mb L: 20/759 MS: 3 ManualDict-ChangeBinInt-EraseBytes- DE: "advapi32.dll"-
#340142	REDUCE cov: 464 ft: 1831 corp: 502/28Kb lim: 773 exec/s: 56690 rss: 487Mb L: 34/759 MS: 1 EraseBytes-
#341173	REDUCE cov: 464 ft: 1831 corp: 502/28Kb lim: 782 exec/s: 56862 rss: 488Mb L: 18/759 MS: 1 EraseBytes-
#341469	REDUCE cov: 464 ft: 1831 corp: 502/28Kb lim: 782 exec/s: 56911 rss: 489Mb L: 84/759 MS: 1 EraseBytes-
#341595	REDUCE cov: 464 ft: 1831 corp: 502/28Kb lim: 782 exec/s: 56932 rss: 489Mb L: 479/759 MS: 1 EraseBytes-
#342717	REDUCE cov: 464 ft: 1831 corp: 502/28Kb lim: 791 exec/s: 57119 rss: 490Mb L: 22/759 MS: 2 ChangeBit-EraseBytes-
#342828	REDUCE cov: 464 ft: 1831 corp: 502/27Kb lim: 791 exec/s: 57138 rss: 491Mb L: 14/759 MS: 1 EraseBytes-
#343030	REDUCE cov: 464 ft: 1831 corp: 502/27Kb lim: 791 exec/s: 57171 rss: 491Mb L: 29/759 MS: 2 PersAutoDict-EraseBytes- DE: "rue"-
#343102	REDUCE cov: 464 ft: 1831 corp: 502/27Kb lim: 791 exec/s: 57183 rss: 491Mb L: 306/759 MS: 2 ShuffleBytes-EraseBytes-
#343199	REDUCE cov: 464 ft: 1831 corp: 502/27Kb lim: 791 exec/s: 57199 rss: 491Mb L: 67/759 MS: 2 PersAutoDict-EraseBytes- DE: "<internal>"-
#343202	REDUCE cov: 464 ft: 1831 corp: 502/27Kb lim: 791 exec/s: 57200 rss: 491Mb L: 508/759 MS: 3 ChangeBinInt-CMP-EraseBytes- DE: "\001\\"-
#343234	REDUCE cov: 464 ft: 1831 corp: 502/27Kb lim: 791 exec/s: 57205 rss: 491Mb L: 8/759 MS: 2 ChangeByte-EraseBytes-
#344943	NEW    cov: 464 ft: 1832 corp: 503/28Kb lim: 800 exec/s: 57490 rss: 497Mb L: 795/795 MS: 4 CopyPart-CopyPart-CopyPart-CopyPart-
#344986	REDUCE cov: 464 ft: 1832 corp: 503/28Kb lim: 800 exec/s: 57497 rss: 497Mb L: 23/795 MS: 3 EraseBytes-ChangeBit-CopyPart-
#345217	REDUCE cov: 464 ft: 1832 corp: 503/28Kb lim: 800 exec/s: 57536 rss: 497Mb L: 225/795 MS: 1 EraseBytes-
#345548	REDUCE cov: 464 ft: 1832 corp: 503/28Kb lim: 800 exec/s: 57591 rss: 497Mb L: 190/795 MS: 1 EraseBytes-
#345664	REDUCE cov: 464 ft: 1832 corp: 503/28Kb lim: 800 exec/s: 57610 rss: 498Mb L: 17/795 MS: 1 EraseBytes-
#346026	REDUCE cov: 464 ft: 1832 corp: 503/28Kb lim: 800 exec/s: 57671 rss: 499Mb L: 25/795 MS: 2 ChangeASCIIInt-EraseBytes-
#347907	REDUCE cov: 464 ft: 1832 corp: 503/28Kb lim: 818 exec/s: 57984 rss: 501Mb L: 164/795 MS: 1 EraseBytes-
#347993	REDUCE cov: 464 ft: 1832 corp: 503/28Kb lim: 818 exec/s: 57998 rss: 501Mb L: 124/795 MS: 1 EraseBytes-
#348514	REDUCE cov: 464 ft: 1832 corp: 503/28Kb lim: 818 exec/s: 58085 rss: 501Mb L: 60/795 MS: 1 EraseBytes-
#348615	REDUCE cov: 464 ft: 1832 corp: 503/28Kb lim: 818 exec/s: 58102 rss: 501Mb L: 453/795 MS: 1 EraseBytes-
#348691	REDUCE cov: 464 ft: 1832 corp: 503/28Kb lim: 818 exec/s: 58115 rss: 501Mb L: 18/795 MS: 1 EraseBytes-
#348988	REDUCE cov: 464 ft: 1832 corp: 503/28Kb lim: 818 exec/s: 58164 rss: 501Mb L: 5/795 MS: 2 EraseBytes-InsertByte-
#349994	NEW    cov: 464 ft: 1837 corp: 504/28Kb lim: 827 exec/s: 58332 rss: 501Mb L: 284/795 MS: 1 CopyPart-
#350090	REDUCE cov: 464 ft: 1837 corp: 504/28Kb lim: 827 exec/s: 58348 rss: 501Mb L: 17/795 MS: 1 EraseBytes-
#350501	REDUCE cov: 464 ft: 1837 corp: 504/28Kb lim: 827 exec/s: 58416 rss: 501Mb L: 144/795 MS: 1 EraseBytes-
#350957	REDUCE cov: 464 ft: 1837 corp: 504/28Kb lim: 827 exec/s: 58492 rss: 501Mb L: 151/795 MS: 1 EraseBytes-
#351618	REDUCE cov: 464 ft: 1840 corp: 505/29Kb lim: 827 exec/s: 58603 rss: 501Mb L: 793/795 MS: 1 CopyPart-
#351824	REDUCE cov: 464 ft: 1840 corp: 505/29Kb lim: 827 exec/s: 58637 rss: 501Mb L: 478/795 MS: 1 EraseBytes-
#351925	REDUCE cov: 464 ft: 1840 corp: 505/29Kb lim: 827 exec/s: 58654 rss: 501Mb L: 6/795 MS: 1 EraseBytes-
#352924	REDUCE cov: 464 ft: 1840 corp: 505/29Kb lim: 836 exec/s: 58820 rss: 501Mb L: 622/795 MS: 4 InsertByte-ShuffleBytes-EraseBytes-CopyPart-
#352945	REDUCE cov: 464 ft: 1840 corp: 505/29Kb lim: 836 exec/s: 58824 rss: 501Mb L: 129/795 MS: 1 EraseBytes-
#353141	REDUCE cov: 464 ft: 1841 corp: 506/30Kb lim: 836 exec/s: 58856 rss: 501Mb L: 801/801 MS: 1 CopyPart-
#353837	REDUCE cov: 464 ft: 1841 corp: 506/30Kb lim: 836 exec/s: 58972 rss: 501Mb L: 34/801 MS: 1 EraseBytes-
#353934	NEW    cov: 464 ft: 1842 corp: 507/31Kb lim: 836 exec/s: 58989 rss: 501Mb L: 809/809 MS: 2 ChangeASCIIInt-InsertRepeatedBytes-
#354150	REDUCE cov: 464 ft: 1842 corp: 507/31Kb lim: 836 exec/s: 59025 rss: 501Mb L: 17/809 MS: 1 EraseBytes-
#354303	REDUCE cov: 464 ft: 1842 corp: 507/31Kb lim: 836 exec/s: 59050 rss: 501Mb L: 30/809 MS: 3 ManualDict-CMP-EraseBytes- DE: "<root>"-"\376\377\377\377"-
#354545	REDUCE cov: 464 ft: 1842 corp: 507/31Kb lim: 836 exec/s: 59090 rss: 501Mb L: 75/809 MS: 2 CrossOver-EraseBytes-
#354906	REDUCE cov: 464 ft: 1842 corp: 507/31Kb lim: 836 exec/s: 59151 rss: 501Mb L: 30/809 MS: 1 EraseBytes-
#355797	REDUCE cov: 464 ft: 1842 corp: 507/31Kb lim: 836 exec/s: 59299 rss: 503Mb L: 566/809 MS: 1 EraseBytes-
#356548	REDUCE cov: 464 ft: 1842 corp: 507/31Kb lim: 836 exec/s: 59424 rss: 505Mb L: 27/809 MS: 1 EraseBytes-
#356694	REDUCE cov: 464 ft: 1842 corp: 507/31Kb lim: 836 exec/s: 59449 rss: 505Mb L: 17/809 MS: 1 EraseBytes-
#356696	REDUCE cov: 464 ft: 1842 corp: 507/31Kb lim: 836 exec/s: 59449 rss: 505Mb L: 568/809 MS: 2 ChangeBit-EraseBytes-
#356897	REDUCE cov: 464 ft: 1842 corp: 507/31Kb lim: 836 exec/s: 59482 rss: 505Mb L: 6/809 MS: 1 EraseBytes-
#358344	REDUCE cov: 464 ft: 1842 corp: 507/31Kb lim: 845 exec/s: 51192 rss: 509Mb L: 26/809 MS: 2 InsertByte-EraseBytes-
#358675	REDUCE cov: 464 ft: 1842 corp: 507/31Kb lim: 845 exec/s: 51239 rss: 510Mb L: 8/809 MS: 1 EraseBytes-
#359962	REDUCE cov: 464 ft: 1842 corp: 507/31Kb lim: 854 exec/s: 51423 rss: 511Mb L: 94/809 MS: 2 ChangeByte-EraseBytes-
#360593	REDUCE cov: 464 ft: 1842 corp: 507/31Kb lim: 854 exec/s: 51513 rss: 513Mb L: 20/809 MS: 1 EraseBytes-
#360749	REDUCE cov: 464 ft: 1842 corp: 507/31Kb lim: 854 exec/s: 51535 rss: 513Mb L: 17/809 MS: 1 EraseBytes-
#360876	REDUCE cov: 464 ft: 1842 corp: 507/31Kb lim: 854 exec/s: 51553 rss: 514Mb L: 37/809 MS: 2 ChangeByte-EraseBytes-
#361701	REDUCE cov: 464 ft: 1842 corp: 507/31Kb lim: 854 exec/s: 51671 rss: 516Mb L: 72/809 MS: 5 InsertByte-EraseBytes-PersAutoDict-ChangeASCIIInt-CopyPart- DE: "Adup"-
#361797	REDUCE cov: 464 ft: 1842 corp: 507/31Kb lim: 854 exec/s: 51685 rss: 516Mb L: 7/809 MS: 1 EraseBytes-
#362838	NEW    cov: 464 ft: 1844 corp: 508/31Kb lim: 863 exec/s: 51834 rss: 519Mb L: 69/809 MS: 1 CopyPart-
#363665	REDUCE cov: 464 ft: 1844 corp: 508/31Kb lim: 863 exec/s: 51952 rss: 519Mb L: 124/809 MS: 2 InsertByte-EraseBytes-
#363941	REDUCE cov: 464 ft: 1844 corp: 508/31Kb lim: 863 exec/s: 51991 rss: 519Mb L: 4/809 MS: 1 EraseBytes-
#364231	REDUCE cov: 464 ft: 1844 corp: 508/31Kb lim: 863 exec/s: 52033 rss: 519Mb L: 53/809 MS: 5 CrossOver-ChangeBinInt-CopyPart-ChangeASCIIInt-EraseBytes-
#364732	REDUCE cov: 464 ft: 1844 corp: 508/31Kb lim: 863 exec/s: 52104 rss: 519Mb L: 25/809 MS: 1 EraseBytes-
#365133	REDUCE cov: 464 ft: 1844 corp: 508/31Kb lim: 863 exec/s: 52161 rss: 519Mb L: 46/809 MS: 1 EraseBytes-
#365194	REDUCE cov: 464 ft: 1844 corp: 508/31Kb lim: 863 exec/s: 52170 rss: 519Mb L: 261/809 MS: 1 EraseBytes-
#365400	REDUCE cov: 464 ft: 1844 corp: 508/31Kb lim: 863 exec/s: 52200 rss: 519Mb L: 304/809 MS: 1 EraseBytes-
#366136	REDUCE cov: 464 ft: 1844 corp: 508/31Kb lim: 863 exec/s: 52305 rss: 519Mb L: 6/809 MS: 1 EraseBytes-
#366827	REDUCE cov: 464 ft: 1844 corp: 508/31Kb lim: 863 exec/s: 52403 rss: 519Mb L: 23/809 MS: 1 EraseBytes-
#367908	REDUCE cov: 464 ft: 1844 corp: 508/31Kb lim: 872 exec/s: 52558 rss: 519Mb L: 803/803 MS: 1 EraseBytes-
#368269	REDUCE cov: 464 ft: 1844 corp: 508/31Kb lim: 872 exec/s: 52609 rss: 519Mb L: 18/803 MS: 1 EraseBytes-
#369976	REDUCE cov: 464 ft: 1844 corp: 508/31Kb lim: 881 exec/s: 52853 rss: 519Mb L: 17/803 MS: 2 ChangeBit-EraseBytes-
#370157	REDUCE cov: 464 ft: 1845 corp: 509/31Kb lim: 881 exec/s: 52879 rss: 519Mb L: 55/803 MS: 1 CopyPart-
#370909	REDUCE cov: 464 ft: 1845 corp: 509/31Kb lim: 881 exec/s: 52987 rss: 519Mb L: 146/803 MS: 2 ChangeBit-EraseBytes-
#371758	REDUCE cov: 464 ft: 1845 corp: 509/31Kb lim: 881 exec/s: 53108 rss: 519Mb L: 22/803 MS: 4 ChangeByte-InsertByte-InsertByte-EraseBytes-
#373571	REDUCE cov: 464 ft: 1845 corp: 509/31Kb lim: 899 exec/s: 53367 rss: 520Mb L: 135/803 MS: 3 ChangeBinInt-ChangeByte-EraseBytes-
#374208	REDUCE cov: 464 ft: 1845 corp: 509/31Kb lim: 899 exec/s: 53458 rss: 522Mb L: 5/803 MS: 2 CrossOver-EraseBytes-
#374274	REDUCE cov: 464 ft: 1845 corp: 509/31Kb lim: 899 exec/s: 53467 rss: 522Mb L: 5/803 MS: 1 EraseBytes-
#374695	REDUCE cov: 464 ft: 1845 corp: 509/31Kb lim: 899 exec/s: 53527 rss: 522Mb L: 30/803 MS: 1 EraseBytes-
#375247	REDUCE cov: 464 ft: 1845 corp: 509/31Kb lim: 899 exec/s: 53606 rss: 522Mb L: 25/803 MS: 2 ChangeASCIIInt-EraseBytes-
#375564	REDUCE cov: 464 ft: 1845 corp: 509/31Kb lim: 899 exec/s: 53652 rss: 523Mb L: 34/803 MS: 2 ChangeASCIIInt-EraseBytes-
#375870	REDUCE cov: 464 ft: 1845 corp: 509/31Kb lim: 899 exec/s: 53695 rss: 524Mb L: 23/803 MS: 1 EraseBytes-
#376071	REDUCE cov: 464 ft: 1845 corp: 509/31Kb lim: 899 exec/s: 53724 rss: 524Mb L: 33/803 MS: 1 EraseBytes-
#376330	REDUCE cov: 464 ft: 1845 corp: 509/31Kb lim: 899 exec/s: 53761 rss: 525Mb L: 71/803 MS: 4 PersAutoDict-ChangeBit-EraseBytes-CrossOver- DE: "\001/"-
#376654	REDUCE cov: 464 ft: 1845 corp: 509/31Kb lim: 899 exec/s: 53807 rss: 525Mb L: 29/803 MS: 4 InsertByte-ShuffleBytes-ShuffleBytes-EraseBytes-
#376695	REDUCE cov: 464 ft: 1845 corp: 509/31Kb lim: 899 exec/s: 53813 rss: 525Mb L: 21/803 MS: 1 EraseBytes-
#376699	REDUCE cov: 464 ft: 1845 corp: 509/30Kb lim: 899 exec/s: 53814 rss: 525Mb L: 164/803 MS: 4 ChangeBit-CopyPart-InsertByte-EraseBytes-
#376955	REDUCE cov: 464 ft: 1845 corp: 509/30Kb lim: 899 exec/s: 53850 rss: 525Mb L: 239/803 MS: 1 EraseBytes-
#376982	REDUCE cov: 464 ft: 1845 corp: 509/30Kb lim: 899 exec/s: 53854 rss: 525Mb L: 547/803 MS: 2 CopyPart-EraseBytes-
#377658	REDUCE cov: 464 ft: 1845 corp: 509/30Kb lim: 899 exec/s: 53951 rss: 528Mb L: 179/803 MS: 1 EraseBytes-
#379066	REDUCE cov: 464 ft: 1845 corp: 509/30Kb lim: 908 exec/s: 54152 rss: 528Mb L: 8/803 MS: 3 CopyPart-EraseBytes-EraseBytes-
#379292	REDUCE cov: 464 ft: 1845 corp: 509/30Kb lim: 908 exec/s: 54184 rss: 528Mb L: 25/803 MS: 1 EraseBytes-
#380698	REDUCE cov: 464 ft: 1845 corp: 509/30Kb lim: 917 exec/s: 54385 rss: 528Mb L: 142/803 MS: 1 EraseBytes-
#380809	REDUCE cov: 464 ft: 1845 corp: 509/30Kb lim: 917 exec/s: 54401 rss: 528Mb L: 29/803 MS: 1 EraseBytes-
#381518	REDUCE cov: 464 ft: 1845 corp: 509/30Kb lim: 917 exec/s: 54502 rss: 528Mb L: 9/803 MS: 4 InsertByte-CopyPart-ShuffleBytes-EraseBytes-
#382284	REDUCE cov: 464 ft: 1845 corp: 509/30Kb lim: 917 exec/s: 54612 rss: 528Mb L: 62/803 MS: 1 EraseBytes-
#382786	REDUCE cov: 464 ft: 1845 corp: 509/30Kb lim: 917 exec/s: 54683 rss: 528Mb L: 75/803 MS: 2 ChangeBinInt-EraseBytes-
#383052	REDUCE cov: 464 ft: 1845 corp: 509/30Kb lim: 917 exec/s: 54721 rss: 528Mb L: 27/803 MS: 1 EraseBytes-
#383903	REDUCE cov: 464 ft: 1845 corp: 509/30Kb lim: 917 exec/s: 54843 rss: 528Mb L: 15/803 MS: 1 EraseBytes-
#385394	REDUCE cov: 464 ft: 1845 corp: 509/30Kb lim: 926 exec/s: 55056 rss: 528Mb L: 155/803 MS: 1 EraseBytes-
#385791	REDUCE cov: 464 ft: 1845 corp: 509/30Kb lim: 926 exec/s: 55113 rss: 528Mb L: 334/803 MS: 2 InsertByte-EraseBytes-
#386152	REDUCE cov: 464 ft: 1845 corp: 509/30Kb lim: 926 exec/s: 55164 rss: 528Mb L: 18/803 MS: 1 EraseBytes-
#387148	REDUCE cov: 464 ft: 1845 corp: 509/30Kb lim: 935 exec/s: 55306 rss: 528Mb L: 16/803 MS: 1 EraseBytes-
#387680	REDUCE cov: 464 ft: 1845 corp: 509/30Kb lim: 935 exec/s: 55382 rss: 528Mb L: 9/803 MS: 2 ChangeASCIIInt-EraseBytes-
#387742	REDUCE cov: 464 ft: 1845 corp: 509/30Kb lim: 935 exec/s: 55391 rss: 528Mb L: 14/803 MS: 2 ChangeByte-EraseBytes-
#388013	REDUCE cov: 464 ft: 1845 corp: 509/30Kb lim: 935 exec/s: 55430 rss: 528Mb L: 87/803 MS: 1 EraseBytes-
#388349	NEW    cov: 464 ft: 1851 corp: 510/31Kb lim: 935 exec/s: 55478 rss: 528Mb L: 487/803 MS: 1 CopyPart-
#388376	REDUCE cov: 464 ft: 1851 corp: 510/31Kb lim: 935 exec/s: 55482 rss: 528Mb L: 37/803 MS: 2 ShuffleBytes-EraseBytes-
#388819	REDUCE cov: 464 ft: 1851 corp: 510/31Kb lim: 935 exec/s: 55545 rss: 528Mb L: 297/803 MS: 3 ChangeASCIIInt-ChangeBinInt-EraseBytes-
#389215	REDUCE cov: 464 ft: 1851 corp: 510/31Kb lim: 935 exec/s: 55602 rss: 529Mb L: 27/803 MS: 1 EraseBytes-
#389222	REDUCE cov: 464 ft: 1851 corp: 510/31Kb lim: 935 exec/s: 55603 rss: 529Mb L: 208/803 MS: 2 InsertByte-EraseBytes-
#389488	NEW    cov: 464 ft: 1869 corp: 511/31Kb lim: 935 exec/s: 55641 rss: 529Mb L: 487/803 MS: 1 CopyPart-
#389879	REDUCE cov: 464 ft: 1869 corp: 511/31Kb lim: 935 exec/s: 55697 rss: 530Mb L: 40/803 MS: 1 EraseBytes-
#390465	REDUCE cov: 464 ft: 1869 corp: 511/31Kb lim: 935 exec/s: 55780 rss: 531Mb L: 22/803 MS: 1 EraseBytes-
#391246	REDUCE cov: 464 ft: 1869 corp: 511/31Kb lim: 935 exec/s: 55892 rss: 532Mb L: 29/803 MS: 1 EraseBytes-
#391592	REDUCE cov: 464 ft: 1869 corp: 511/31Kb lim: 935 exec/s: 55941 rss: 533Mb L: 67/803 MS: 1 EraseBytes-
#391803	NEW    cov: 464 ft: 1870 corp: 512/32Kb lim: 935 exec/s: 55971 rss: 533Mb L: 828/828 MS: 1 CrossOver-
#392850	REDUCE cov: 464 ft: 1870 corp: 512/32Kb lim: 944 exec/s: 56121 rss: 536Mb L: 10/828 MS: 2 PersAutoDict-EraseBytes- DE: "\000\000\000\000\000\000\000\000"-
#393186	REDUCE cov: 464 ft: 1870 corp: 512/32Kb lim: 944 exec/s: 56169 rss: 536Mb L: 56/828 MS: 1 EraseBytes-
#394442	REDUCE cov: 464 ft: 1872 corp: 513/32Kb lim: 953 exec/s: 56348 rss: 536Mb L: 33/828 MS: 1 CopyPart-
#394748	REDUCE cov: 464 ft: 1872 corp: 513/32Kb lim: 953 exec/s: 56392 rss: 536Mb L: 203/828 MS: 1 EraseBytes-
#396249	REDUCE cov: 464 ft: 1872 corp: 513/32Kb lim: 962 exec/s: 56607 rss: 536Mb L: 3/828 MS: 1 EraseBytes-
#397750	REDUCE cov: 464 ft: 1872 corp: 513/32Kb lim: 971 exec/s: 56821 rss: 536Mb L: 123/828 MS: 1 EraseBytes-
#397811	REDUCE cov: 464 ft: 1872 corp: 513/32Kb lim: 971 exec/s: 56830 rss: 536Mb L: 52/828 MS: 1 EraseBytes-
#398042	REDUCE cov: 464 ft: 1872 corp: 513/32Kb lim: 971 exec/s: 56863 rss: 536Mb L: 134/828 MS: 1 EraseBytes-
#399268	REDUCE cov: 464 ft: 1872 corp: 513/32Kb lim: 980 exec/s: 57038 rss: 536Mb L: 19/828 MS: 1 EraseBytes-
#400069	REDUCE cov: 464 ft: 1872 corp: 513/32Kb lim: 980 exec/s: 57152 rss: 536Mb L: 463/828 MS: 1 EraseBytes-
#400311	REDUCE cov: 464 ft: 1872 corp: 513/32Kb lim: 980 exec/s: 57187 rss: 536Mb L: 44/828 MS: 2 ManualDict-EraseBytes- DE: "Unexpected end of format string"-
#401963	REDUCE cov: 464 ft: 1872 corp: 513/32Kb lim: 989 exec/s: 57423 rss: 536Mb L: 8/828 MS: 2 ChangeASCIIInt-EraseBytes-
#402175	REDUCE cov: 464 ft: 1872 corp: 513/32Kb lim: 989 exec/s: 57453 rss: 536Mb L: 20/828 MS: 2 ChangeBit-EraseBytes-
#402483	REDUCE cov: 464 ft: 1872 corp: 513/32Kb lim: 989 exec/s: 57497 rss: 536Mb L: 39/828 MS: 3 CrossOver-ChangeASCIIInt-EraseBytes-
#402559	REDUCE cov: 464 ft: 1872 corp: 513/32Kb lim: 989 exec/s: 57508 rss: 536Mb L: 404/828 MS: 1 EraseBytes-
#403222	NEW    cov: 464 ft: 1873 corp: 514/32Kb lim: 989 exec/s: 57603 rss: 536Mb L: 148/828 MS: 3 ChangeByte-CrossOver-CopyPart-
#403402	REDUCE cov: 464 ft: 1873 corp: 514/32Kb lim: 989 exec/s: 57628 rss: 536Mb L: 19/828 MS: 5 ChangeByte-CopyPart-ChangeASCIIInt-EraseBytes-EraseBytes-
#403517	REDUCE cov: 464 ft: 1873 corp: 514/32Kb lim: 989 exec/s: 57645 rss: 536Mb L: 395/828 MS: 5 ChangeASCIIInt-ChangeBit-CopyPart-CrossOver-CopyPart-
#403528	REDUCE cov: 464 ft: 1873 corp: 514/32Kb lim: 989 exec/s: 57646 rss: 536Mb L: 7/828 MS: 1 EraseBytes-
#403639	REDUCE cov: 464 ft: 1873 corp: 514/32Kb lim: 989 exec/s: 57662 rss: 536Mb L: 20/828 MS: 1 EraseBytes-
#403910	REDUCE cov: 464 ft: 1873 corp: 514/32Kb lim: 989 exec/s: 57701 rss: 536Mb L: 19/828 MS: 1 EraseBytes-
#404141	REDUCE cov: 464 ft: 1873 corp: 514/32Kb lim: 989 exec/s: 57734 rss: 536Mb L: 27/828 MS: 1 EraseBytes-
#404282	REDUCE cov: 464 ft: 1873 corp: 514/32Kb lim: 989 exec/s: 57754 rss: 536Mb L: 514/828 MS: 1 EraseBytes-
#405063	REDUCE cov: 464 ft: 1873 corp: 514/32Kb lim: 989 exec/s: 57866 rss: 536Mb L: 24/828 MS: 1 EraseBytes-
#405644	NEW    cov: 464 ft: 1875 corp: 515/32Kb lim: 989 exec/s: 57949 rss: 536Mb L: 148/828 MS: 1 CrossOver-
#405645	REDUCE cov: 464 ft: 1875 corp: 515/32Kb lim: 989 exec/s: 57949 rss: 536Mb L: 7/828 MS: 1 EraseBytes-
#405911	REDUCE cov: 464 ft: 1875 corp: 515/32Kb lim: 989 exec/s: 57987 rss: 536Mb L: 12/828 MS: 1 EraseBytes-
#406003	REDUCE cov: 464 ft: 1875 corp: 515/32Kb lim: 989 exec/s: 58000 rss: 536Mb L: 19/828 MS: 2 CopyPart-EraseBytes-
#406074	REDUCE cov: 464 ft: 1875 corp: 515/32Kb lim: 989 exec/s: 58010 rss: 536Mb L: 15/828 MS: 1 EraseBytes-
#406411	REDUCE cov: 464 ft: 1875 corp: 515/32Kb lim: 989 exec/s: 58058 rss: 537Mb L: 373/828 MS: 2 EraseBytes-CopyPart-
#407147	REDUCE cov: 464 ft: 1875 corp: 515/32Kb lim: 989 exec/s: 58163 rss: 539Mb L: 24/828 MS: 1 EraseBytes-
#407944	NEW    cov: 464 ft: 1876 corp: 516/33Kb lim: 989 exec/s: 58277 rss: 540Mb L: 793/828 MS: 2 ChangeASCIIInt-CopyPart-
#408211	REDUCE cov: 464 ft: 1876 corp: 516/33Kb lim: 989 exec/s: 58315 rss: 540Mb L: 121/828 MS: 2 CopyPart-EraseBytes-
#408862	REDUCE cov: 464 ft: 1876 corp: 516/33Kb lim: 989 exec/s: 58408 rss: 540Mb L: 230/828 MS: 1 EraseBytes-
#409773	REDUCE cov: 464 ft: 1876 corp: 516/33Kb lim: 998 exec/s: 58539 rss: 540Mb L: 14/828 MS: 1 EraseBytes-
#410119	REDUCE cov: 464 ft: 1878 corp: 517/33Kb lim: 998 exec/s: 58588 rss: 540Mb L: 280/828 MS: 1 CopyPart-
#410795	REDUCE cov: 464 ft: 1878 corp: 517/33Kb lim: 998 exec/s: 58685 rss: 540Mb L: 418/828 MS: 1 EraseBytes-
#411491	REDUCE cov: 464 ft: 1878 corp: 517/33Kb lim: 998 exec/s: 51436 rss: 540Mb L: 17/828 MS: 1 EraseBytes-
#411602	REDUCE cov: 464 ft: 1878 corp: 517/33Kb lim: 998 exec/s: 51450 rss: 540Mb L: 75/828 MS: 1 EraseBytes-
#411988	NEW    cov: 464 ft: 1886 corp: 518/33Kb lim: 998 exec/s: 51498 rss: 540Mb L: 259/828 MS: 1 ChangeBinInt-
#412302	NEW    cov: 464 ft: 1888 corp: 519/34Kb lim: 998 exec/s: 51537 rss: 540Mb L: 471/828 MS: 4 EraseBytes-ChangeBit-CrossOver-ManualDict- DE: "<buffer>"-
#412728	REDUCE cov: 464 ft: 1888 corp: 519/34Kb lim: 998 exec/s: 51591 rss: 540Mb L: 7/828 MS: 1 EraseBytes-
#412774	REDUCE cov: 464 ft: 1888 corp: 519/34Kb lim: 998 exec/s: 51596 rss: 540Mb L: 15/828 MS: 1 EraseBytes-
#413210	REDUCE cov: 464 ft: 1888 corp: 519/34Kb lim: 998 exec/s: 51651 rss: 540Mb L: 428/828 MS: 1 EraseBytes-
#413553	REDUCE cov: 464 ft: 1888 corp: 519/34Kb lim: 998 exec/s: 51694 rss: 540Mb L: 83/828 MS: 3 ChangeByte-ChangeBit-EraseBytes-
#413760	REDUCE cov: 464 ft: 1888 corp: 519/34Kb lim: 998 exec/s: 51720 rss: 540Mb L: 7/828 MS: 2 ChangeBit-EraseBytes-
#413932	NEW    cov: 464 ft: 1889 corp: 520/35Kb lim: 998 exec/s: 51741 rss: 540Mb L: 895/895 MS: 2 ChangeByte-CrossOver-
#414193	REDUCE cov: 464 ft: 1889 corp: 520/35Kb lim: 998 exec/s: 51774 rss: 541Mb L: 83/895 MS: 1 EraseBytes-
#414269	REDUCE cov: 464 ft: 1889 corp: 520/34Kb lim: 998 exec/s: 51783 rss: 541Mb L: 445/895 MS: 1 EraseBytes-
#414620	REDUCE cov: 464 ft: 1889 corp: 520/34Kb lim: 998 exec/s: 51827 rss: 541Mb L: 22/895 MS: 1 EraseBytes-
#414678	REDUCE cov: 464 ft: 1890 corp: 521/35Kb lim: 998 exec/s: 51834 rss: 541Mb L: 197/895 MS: 3 CMP-ChangeASCIIInt-CrossOver- DE: "NULL"-
#414971	NEW    cov: 464 ft: 1891 corp: 522/36Kb lim: 998 exec/s: 51871 rss: 541Mb L: 989/989 MS: 3 EraseBytes-CrossOver-CrossOver-
#416342	REDUCE cov: 464 ft: 1891 corp: 522/36Kb lim: 1007 exec/s: 52042 rss: 541Mb L: 15/989 MS: 1 EraseBytes-
#416669	NEW    cov: 464 ft: 1892 corp: 523/36Kb lim: 1007 exec/s: 52083 rss: 541Mb L: 487/989 MS: 2 ChangeBinInt-ChangeBinInt-
#416760	NEW    cov: 464 ft: 1894 corp: 524/37Kb lim: 1007 exec/s: 52095 rss: 541Mb L: 487/989 MS: 1 CrossOver-
#417003	REDUCE cov: 464 ft: 1894 corp: 524/37Kb lim: 1007 exec/s: 52125 rss: 541Mb L: 196/989 MS: 3 ChangeByte-ShuffleBytes-EraseBytes-
#417395	NEW    cov: 464 ft: 1901 corp: 525/37Kb lim: 1007 exec/s: 52174 rss: 541Mb L: 336/989 MS: 2 ChangeASCIIInt-CopyPart-
#418408	REDUCE cov: 464 ft: 1901 corp: 525/37Kb lim: 1016 exec/s: 52301 rss: 541Mb L: 136/989 MS: 3 ChangeASCIIInt-InsertByte-EraseBytes-
#419013	REDUCE cov: 464 ft: 1901 corp: 525/37Kb lim: 1016 exec/s: 52376 rss: 541Mb L: 30/989 MS: 5 ChangeBit-ChangeByte-ChangeBit-ShuffleBytes-EraseBytes-
#419070	REDUCE cov: 464 ft: 1901 corp: 525/37Kb lim: 1016 exec/s: 52383 rss: 541Mb L: 12/989 MS: 2 CrossOver-EraseBytes-
#419188	REDUCE cov: 464 ft: 1902 corp: 526/37Kb lim: 1016 exec/s: 52398 rss: 541Mb L: 105/989 MS: 3 ChangeBit-CrossOver-CopyPart-
#419289	REDUCE cov: 464 ft: 1902 corp: 526/37Kb lim: 1016 exec/s: 52411 rss: 541Mb L: 67/989 MS: 1 EraseBytes-
#419405	REDUCE cov: 464 ft: 1902 corp: 526/37Kb lim: 1016 exec/s: 52425 rss: 541Mb L: 30/989 MS: 1 EraseBytes-
#419434	REDUCE cov: 464 ft: 1905 corp: 527/38Kb lim: 1016 exec/s: 52429 rss: 541Mb L: 629/989 MS: 4 ManualDict-ManualDict-ManualDict-CopyPart- DE: "<args>"-"NULL string length argument"-"wrong arguments"-
#419545	REDUCE cov: 464 ft: 1905 corp: 527/38Kb lim: 1016 exec/s: 52443 rss: 541Mb L: 19/989 MS: 1 EraseBytes-
#419881	REDUCE cov: 464 ft: 1905 corp: 527/38Kb lim: 1016 exec/s: 52485 rss: 541Mb L: 21/989 MS: 1 EraseBytes-
#420475	REDUCE cov: 464 ft: 1905 corp: 527/38Kb lim: 1016 exec/s: 52559 rss: 541Mb L: 14/989 MS: 4 CrossOver-ChangeByte-ChangeASCIIInt-EraseBytes-
#420737	REDUCE cov: 464 ft: 1905 corp: 527/38Kb lim: 1016 exec/s: 52592 rss: 541Mb L: 192/989 MS: 2 CrossOver-CrossOver-
#420878	REDUCE cov: 464 ft: 1905 corp: 527/38Kb lim: 1016 exec/s: 52609 rss: 541Mb L: 17/989 MS: 1 EraseBytes-
#420924	REDUCE cov: 464 ft: 1905 corp: 527/38Kb lim: 1016 exec/s: 52615 rss: 541Mb L: 176/989 MS: 1 EraseBytes-
#421831	REDUCE cov: 464 ft: 1905 corp: 527/38Kb lim: 1025 exec/s: 52728 rss: 542Mb L: 25/989 MS: 2 ChangeASCIIInt-EraseBytes-
#422463	NEW    cov: 464 ft: 1906 corp: 528/38Kb lim: 1025 exec/s: 52807 rss: 542Mb L: 105/989 MS: 2 ChangeBit-ChangeByte-
#422774	REDUCE cov: 464 ft: 1906 corp: 528/38Kb lim: 1025 exec/s: 52846 rss: 542Mb L: 771/989 MS: 1 EraseBytes-
#423170	REDUCE cov: 464 ft: 1907 corp: 529/38Kb lim: 1025 exec/s: 52896 rss: 542Mb L: 25/989 MS: 1 CopyPart-
#423386	REDUCE cov: 464 ft: 1907 corp: 529/38Kb lim: 1025 exec/s: 52923 rss: 542Mb L: 19/989 MS: 1 EraseBytes-
#423752	REDUCE cov: 464 ft: 1907 corp: 529/38Kb lim: 1025 exec/s: 52969 rss: 542Mb L: 292/989 MS: 1 EraseBytes-
#424133	REDUCE cov: 464 ft: 1907 corp: 529/38Kb lim: 1025 exec/s: 53016 rss: 542Mb L: 28/989 MS: 1 EraseBytes-
#424350	REDUCE cov: 464 ft: 1907 corp: 529/38Kb lim: 1025 exec/s: 53043 rss: 542Mb L: 19/989 MS: 2 InsertByte-EraseBytes-
#424926	REDUCE cov: 464 ft: 1907 corp: 529/38Kb lim: 1025 exec/s: 53115 rss: 542Mb L: 26/989 MS: 1 EraseBytes-
#425617	REDUCE cov: 464 ft: 1907 corp: 529/38Kb lim: 1025 exec/s: 53202 rss: 542Mb L: 113/989 MS: 1 EraseBytes-
#426068	REDUCE cov: 464 ft: 1907 corp: 529/38Kb lim: 1025 exec/s: 53258 rss: 542Mb L: 19/989 MS: 1 EraseBytes-
#426519	REDUCE cov: 464 ft: 1907 corp: 529/38Kb lim: 1025 exec/s: 53314 rss: 542Mb L: 6/989 MS: 1 EraseBytes-
#426635	REDUCE cov: 464 ft: 1907 corp: 529/38Kb lim: 1025 exec/s: 53329 rss: 542Mb L: 43/989 MS: 1 EraseBytes-
#426953	REDUCE cov: 464 ft: 1907 corp: 529/38Kb lim: 1025 exec/s: 53369 rss: 542Mb L: 395/989 MS: 3 InsertByte-EraseBytes-CopyPart-
#427074	REDUCE cov: 464 ft: 1907 corp: 529/38Kb lim: 1025 exec/s: 53384 rss: 542Mb L: 98/989 MS: 1 EraseBytes-
#427161	NEW    cov: 464 ft: 1908 corp: 530/38Kb lim: 1025 exec/s: 53395 rss: 542Mb L: 630/989 MS: 2 InsertByte-ChangeBinInt-
#427667	REDUCE cov: 464 ft: 1908 corp: 530/38Kb lim: 1025 exec/s: 53458 rss: 542Mb L: 385/989 MS: 1 EraseBytes-
#428483	REDUCE cov: 464 ft: 1908 corp: 530/38Kb lim: 1025 exec/s: 53560 rss: 542Mb L: 89/989 MS: 1 EraseBytes-
#428654	REDUCE cov: 464 ft: 1908 corp: 530/38Kb lim: 1025 exec/s: 53581 rss: 542Mb L: 434/989 MS: 1 EraseBytes-
#429962	REDUCE cov: 464 ft: 1908 corp: 530/38Kb lim: 1035 exec/s: 53745 rss: 542Mb L: 21/989 MS: 3 ChangeASCIIInt-InsertByte-EraseBytes-
#430269	REDUCE cov: 464 ft: 1908 corp: 530/38Kb lim: 1035 exec/s: 53783 rss: 542Mb L: 15/989 MS: 2 ChangeByte-EraseBytes-
#430965	REDUCE cov: 464 ft: 1908 corp: 530/38Kb lim: 1035 exec/s: 53870 rss: 542Mb L: 7/989 MS: 1 EraseBytes-
#431431	REDUCE cov: 464 ft: 1908 corp: 530/38Kb lim: 1035 exec/s: 53928 rss: 542Mb L: 38/989 MS: 1 EraseBytes-
#431447	REDUCE cov: 464 ft: 1908 corp: 530/38Kb lim: 1035 exec/s: 53930 rss: 542Mb L: 25/989 MS: 1 EraseBytes-
#432204	REDUCE cov: 464 ft: 1908 corp: 530/38Kb lim: 1035 exec/s: 54025 rss: 542Mb L: 17/989 MS: 2 CrossOver-EraseBytes-
#434895	REDUCE cov: 464 ft: 1908 corp: 530/38Kb lim: 1055 exec/s: 54361 rss: 542Mb L: 779/989 MS: 1 EraseBytes-
#435336	REDUCE cov: 464 ft: 1908 corp: 530/38Kb lim: 1055 exec/s: 54417 rss: 542Mb L: 11/989 MS: 1 EraseBytes-
#435432	REDUCE cov: 464 ft: 1908 corp: 530/38Kb lim: 1055 exec/s: 54429 rss: 542Mb L: 26/989 MS: 1 EraseBytes-
#435547	REDUCE cov: 464 ft: 1908 corp: 530/38Kb lim: 1055 exec/s: 54443 rss: 542Mb L: 126/989 MS: 5 ChangeByte-CMP-ChangeBinInt-ShuffleBytes-EraseBytes- DE: "d\000"-
#435638	REDUCE cov: 464 ft: 1908 corp: 530/38Kb lim: 1055 exec/s: 54454 rss: 542Mb L: 880/989 MS: 1 EraseBytes-
#435775	REDUCE cov: 464 ft: 1908 corp: 530/38Kb lim: 1055 exec/s: 54471 rss: 542Mb L: 104/989 MS: 2 ChangeASCIIInt-EraseBytes-
#437406	REDUCE cov: 464 ft: 1908 corp: 530/38Kb lim: 1065 exec/s: 54675 rss: 542Mb L: 553/989 MS: 1 EraseBytes-
#437867	REDUCE cov: 464 ft: 1916 corp: 531/38Kb lim: 1065 exec/s: 54733 rss: 542Mb L: 85/989 MS: 1 CopyPart-
#438023	REDUCE cov: 464 ft: 1916 corp: 531/38Kb lim: 1065 exec/s: 54752 rss: 542Mb L: 60/989 MS: 1 EraseBytes-
#438049	REDUCE cov: 464 ft: 1916 corp: 531/38Kb lim: 1065 exec/s: 54756 rss: 542Mb L: 103/989 MS: 1 EraseBytes-
#438735	REDUCE cov: 464 ft: 1916 corp: 531/38Kb lim: 1065 exec/s: 54841 rss: 542Mb L: 18/989 MS: 1 EraseBytes-
#438771	REDUCE cov: 464 ft: 1916 corp: 531/38Kb lim: 1065 exec/s: 54846 rss: 542Mb L: 18/989 MS: 1 EraseBytes-
#438968	REDUCE cov: 464 ft: 1916 corp: 531/38Kb lim: 1065 exec/s: 54871 rss: 542Mb L: 14/989 MS: 2 ChangeByte-EraseBytes-
#439199	REDUCE cov: 464 ft: 1916 corp: 531/38Kb lim: 1065 exec/s: 54899 rss: 542Mb L: 347/989 MS: 1 EraseBytes-
#439216	REDUCE cov: 464 ft: 1916 corp: 531/38Kb lim: 1065 exec/s: 54902 rss: 542Mb L: 480/989 MS: 2 InsertRepeatedBytes-EraseBytes-
#439343	REDUCE cov: 464 ft: 1916 corp: 531/38Kb lim: 1065 exec/s: 54917 rss: 542Mb L: 675/989 MS: 2 ChangeASCIIInt-EraseBytes-
#439555	REDUCE cov: 464 ft: 1916 corp: 531/38Kb lim: 1065 exec/s: 54944 rss: 542Mb L: 4/989 MS: 2 ChangeBinInt-EraseBytes-
#440311	REDUCE cov: 464 ft: 1916 corp: 531/38Kb lim: 1065 exec/s: 55038 rss: 542Mb L: 150/989 MS: 1 EraseBytes-
#440454	REDUCE cov: 464 ft: 1916 corp: 531/38Kb lim: 1065 exec/s: 55056 rss: 542Mb L: 528/989 MS: 3 PersAutoDict-CMP-EraseBytes- DE: "\377\377\377\377\377\377\377\377"-"rue"-
#440486	REDUCE cov: 464 ft: 1916 corp: 531/38Kb lim: 1065 exec/s: 55060 rss: 542Mb L: 414/989 MS: 2 ChangeASCIIInt-EraseBytes-
#440823	REDUCE cov: 464 ft: 1916 corp: 531/38Kb lim: 1065 exec/s: 55102 rss: 542Mb L: 3/989 MS: 2 CopyPart-EraseBytes-
#440850	REDUCE cov: 464 ft: 1916 corp: 531/38Kb lim: 1065 exec/s: 55106 rss: 542Mb L: 131/989 MS: 2 ChangeASCIIInt-EraseBytes-
#441126	REDUCE cov: 464 ft: 1916 corp: 531/38Kb lim: 1065 exec/s: 55140 rss: 542Mb L: 223/989 MS: 1 EraseBytes-
#441208	REDUCE cov: 464 ft: 1916 corp: 531/38Kb lim: 1065 exec/s: 55151 rss: 542Mb L: 419/989 MS: 2 ManualDict-EraseBytes- DE: "NUL byte in object key not supported"-
#441550	REDUCE cov: 464 ft: 1916 corp: 531/38Kb lim: 1065 exec/s: 55193 rss: 542Mb L: 18/989 MS: 2 CrossOver-EraseBytes-
#441621	REDUCE cov: 464 ft: 1916 corp: 531/38Kb lim: 1065 exec/s: 55202 rss: 542Mb L: 464/989 MS: 1 EraseBytes-
#441714	REDUCE cov: 464 ft: 1916 corp: 531/38Kb lim: 1065 exec/s: 55214 rss: 542Mb L: 113/989 MS: 3 ManualDict-ChangeByte-EraseBytes- DE: "<stdin>"-
#442305	REDUCE cov: 464 ft: 1916 corp: 531/38Kb lim: 1065 exec/s: 55288 rss: 542Mb L: 51/989 MS: 1 EraseBytes-
#442566	REDUCE cov: 464 ft: 1916 corp: 531/38Kb lim: 1065 exec/s: 55320 rss: 542Mb L: 5/989 MS: 1 EraseBytes-
#444377	REDUCE cov: 464 ft: 1916 corp: 531/38Kb lim: 1075 exec/s: 55547 rss: 543Mb L: 46/989 MS: 1 EraseBytes-
#445608	REDUCE cov: 464 ft: 1916 corp: 531/38Kb lim: 1085 exec/s: 55701 rss: 543Mb L: 21/989 MS: 1 EraseBytes-
#445999	REDUCE cov: 464 ft: 1917 corp: 532/39Kb lim: 1085 exec/s: 55749 rss: 543Mb L: 1064/1064 MS: 1 CopyPart-
#446620	REDUCE cov: 464 ft: 1917 corp: 532/39Kb lim: 1085 exec/s: 55827 rss: 543Mb L: 461/1064 MS: 1 EraseBytes-
#447337	REDUCE cov: 464 ft: 1917 corp: 532/39Kb lim: 1085 exec/s: 55917 rss: 543Mb L: 31/1064 MS: 2 ShuffleBytes-EraseBytes-
#448425	REDUCE cov: 464 ft: 1918 corp: 533/39Kb lim: 1095 exec/s: 56053 rss: 543Mb L: 280/1064 MS: 3 InsertRepeatedBytes-ChangeASCIIInt-ChangeByte-
#448571	REDUCE cov: 464 ft: 1918 corp: 533/39Kb lim: 1095 exec/s: 56071 rss: 543Mb L: 395/1064 MS: 1 EraseBytes-
#449032	NEW    cov: 464 ft: 1919 corp: 534/40Kb lim: 1095 exec/s: 56129 rss: 543Mb L: 970/1064 MS: 1 CopyPart-
#449071	REDUCE cov: 464 ft: 1919 corp: 534/40Kb lim: 1095 exec/s: 56133 rss: 543Mb L: 133/1064 MS: 4 ChangeBit-ChangeBinInt-InsertByte-EraseBytes-
#450097	NEW    cov: 464 ft: 1921 corp: 535/41Kb lim: 1105 exec/s: 56262 rss: 543Mb L: 630/1064 MS: 1 CopyPart-
#450368	REDUCE cov: 464 ft: 1921 corp: 535/41Kb lim: 1105 exec/s: 56296 rss: 543Mb L: 25/1064 MS: 1 EraseBytes-
#451594	REDUCE cov: 464 ft: 1921 corp: 535/41Kb lim: 1115 exec/s: 56449 rss: 543Mb L: 129/1064 MS: 1 EraseBytes-
#451645	REDUCE cov: 464 ft: 1921 corp: 535/41Kb lim: 1115 exec/s: 56455 rss: 543Mb L: 11/1064 MS: 1 EraseBytes-
#451756	REDUCE cov: 464 ft: 1922 corp: 536/41Kb lim: 1115 exec/s: 56469 rss: 543Mb L: 21/1064 MS: 1 InsertRepeatedBytes-
#452068	REDUCE cov: 464 ft: 1922 corp: 536/41Kb lim: 1115 exec/s: 56508 rss: 543Mb L: 267/1064 MS: 2 ChangeASCIIInt-EraseBytes-
#452360	NEW    cov: 464 ft: 1923 corp: 537/41Kb lim: 1115 exec/s: 56545 rss: 543Mb L: 650/1064 MS: 2 ManualDict-ManualDict- DE: "NULL string argument"-"advapi32.dll"-
#452711	NEW    cov: 464 ft: 1933 corp: 538/42Kb lim: 1115 exec/s: 56588 rss: 543Mb L: 655/1064 MS: 1 PersAutoDict- DE: "kkkkk"-
#453093	REDUCE cov: 464 ft: 1933 corp: 538/42Kb lim: 1115 exec/s: 56636 rss: 543Mb L: 388/1064 MS: 2 ChangeASCIIInt-EraseBytes-
#453205	REDUCE cov: 464 ft: 1933 corp: 538/42Kb lim: 1115 exec/s: 56650 rss: 543Mb L: 863/1064 MS: 2 EraseBytes-CopyPart-
#453667	REDUCE cov: 464 ft: 1933 corp: 538/42Kb lim: 1115 exec/s: 56708 rss: 543Mb L: 71/1064 MS: 2 ShuffleBytes-EraseBytes-
#453668	REDUCE cov: 464 ft: 1933 corp: 538/42Kb lim: 1115 exec/s: 56708 rss: 543Mb L: 615/1064 MS: 1 EraseBytes-
#454544	REDUCE cov: 464 ft: 1936 corp: 539/42Kb lim: 1115 exec/s: 56818 rss: 543Mb L: 502/1064 MS: 1 CopyPart-
#455306	REDUCE cov: 464 ft: 1936 corp: 539/42Kb lim: 1115 exec/s: 56913 rss: 543Mb L: 20/1064 MS: 2 PersAutoDict-EraseBytes- DE: "efgh"-
#455322	REDUCE cov: 464 ft: 1936 corp: 539/42Kb lim: 1115 exec/s: 56915 rss: 543Mb L: 14/1064 MS: 1 EraseBytes-
#455913	REDUCE cov: 464 ft: 1936 corp: 539/42Kb lim: 1115 exec/s: 56989 rss: 543Mb L: 4/1064 MS: 1 EraseBytes-
#456214	REDUCE cov: 464 ft: 1936 corp: 539/42Kb lim: 1115 exec/s: 57026 rss: 543Mb L: 30/1064 MS: 1 EraseBytes-
#458126	REDUCE cov: 464 ft: 1936 corp: 539/42Kb lim: 1125 exec/s: 57265 rss: 543Mb L: 269/1064 MS: 2 CopyPart-EraseBytes-
#458771	REDUCE cov: 464 ft: 1936 corp: 539/42Kb lim: 1125 exec/s: 57346 rss: 543Mb L: 17/1064 MS: 5 InsertByte-CopyPart-EraseBytes-CopyPart-EraseBytes-
#458889	REDUCE cov: 464 ft: 1936 corp: 539/42Kb lim: 1125 exec/s: 57361 rss: 543Mb L: 46/1064 MS: 3 ShuffleBytes-ChangeByte-EraseBytes-
#459365	REDUCE cov: 464 ft: 1936 corp: 539/42Kb lim: 1125 exec/s: 57420 rss: 543Mb L: 13/1064 MS: 1 EraseBytes-
#460190	NEW    cov: 464 ft: 1940 corp: 540/43Kb lim: 1125 exec/s: 57523 rss: 543Mb L: 1067/1067 MS: 5 ChangeBinInt-ManualDict-CMP-InsertByte-CopyPart- DE: "duplicate object key"-"UL"-
#460276	REDUCE cov: 464 ft: 1940 corp: 540/43Kb lim: 1125 exec/s: 51141 rss: 543Mb L: 82/1067 MS: 1 EraseBytes-
#461169	REDUCE cov: 464 ft: 1940 corp: 540/43Kb lim: 1125 exec/s: 51241 rss: 543Mb L: 17/1067 MS: 3 ChangeByte-ChangeBinInt-EraseBytes-
#463630	REDUCE cov: 464 ft: 1940 corp: 540/43Kb lim: 1145 exec/s: 51514 rss: 544Mb L: 81/1067 MS: 1 EraseBytes-
#464187	REDUCE cov: 464 ft: 1940 corp: 540/43Kb lim: 1145 exec/s: 51576 rss: 544Mb L: 18/1067 MS: 2 ChangeBit-EraseBytes-
#464416	REDUCE cov: 464 ft: 1940 corp: 540/43Kb lim: 1145 exec/s: 51601 rss: 544Mb L: 192/1067 MS: 4 ShuffleBytes-ChangeBit-InsertRepeatedBytes-EraseBytes-
#465258	REDUCE cov: 464 ft: 1940 corp: 540/43Kb lim: 1145 exec/s: 51695 rss: 544Mb L: 15/1067 MS: 2 ChangeBit-EraseBytes-
#465344	REDUCE cov: 464 ft: 1940 corp: 540/43Kb lim: 1145 exec/s: 51704 rss: 544Mb L: 9/1067 MS: 1 EraseBytes-
#466036	REDUCE cov: 464 ft: 1940 corp: 540/43Kb lim: 1145 exec/s: 51781 rss: 544Mb L: 541/1067 MS: 2 EraseBytes-CopyPart-
#466757	REDUCE cov: 464 ft: 1940 corp: 540/43Kb lim: 1145 exec/s: 51861 rss: 544Mb L: 21/1067 MS: 1 EraseBytes-
#466965	REDUCE cov: 464 ft: 1940 corp: 540/43Kb lim: 1145 exec/s: 51885 rss: 544Mb L: 54/1067 MS: 3 CrossOver-CopyPart-EraseBytes-
#469166	REDUCE cov: 464 ft: 1940 corp: 540/43Kb lim: 1165 exec/s: 52129 rss: 544Mb L: 51/1067 MS: 1 EraseBytes-
#469203	REDUCE cov: 464 ft: 1940 corp: 540/43Kb lim: 1165 exec/s: 52133 rss: 544Mb L: 10/1067 MS: 2 ShuffleBytes-EraseBytes-
#469294	REDUCE cov: 464 ft: 1940 corp: 540/43Kb lim: 1165 exec/s: 52143 rss: 544Mb L: 5/1067 MS: 1 EraseBytes-
#469425	REDUCE cov: 464 ft: 1940 corp: 540/43Kb lim: 1165 exec/s: 52158 rss: 544Mb L: 27/1067 MS: 1 EraseBytes-
#469736	REDUCE cov: 464 ft: 1940 corp: 540/43Kb lim: 1165 exec/s: 52192 rss: 544Mb L: 390/1067 MS: 1 EraseBytes-
#470672	NEW    cov: 464 ft: 1942 corp: 541/44Kb lim: 1165 exec/s: 52296 rss: 544Mb L: 655/1067 MS: 1 ChangeBit-
#471239	REDUCE cov: 464 ft: 1942 corp: 541/44Kb lim: 1165 exec/s: 52359 rss: 544Mb L: 255/1067 MS: 2 CopyPart-EraseBytes-
#472250	REDUCE cov: 464 ft: 1942 corp: 541/44Kb lim: 1175 exec/s: 52472 rss: 544Mb L: 82/1067 MS: 1 EraseBytes-
#473437	REDUCE cov: 464 ft: 1942 corp: 541/44Kb lim: 1185 exec/s: 52604 rss: 544Mb L: 17/1067 MS: 2 ShuffleBytes-EraseBytes-
#473708	REDUCE cov: 464 ft: 1942 corp: 541/44Kb lim: 1185 exec/s: 52634 rss: 544Mb L: 39/1067 MS: 1 EraseBytes-
#473819	REDUCE cov: 464 ft: 1942 corp: 541/44Kb lim: 1185 exec/s: 52646 rss: 544Mb L: 27/1067 MS: 1 EraseBytes-
#474445	REDUCE cov: 464 ft: 1942 corp: 541/44Kb lim: 1185 exec/s: 52716 rss: 544Mb L: 50/1067 MS: 1 EraseBytes-
#475922	REDUCE cov: 464 ft: 1942 corp: 541/44Kb lim: 1195 exec/s: 52880 rss: 544Mb L: 68/1067 MS: 2 PersAutoDict-EraseBytes- DE: "<buffer>"-
#476242	REDUCE cov: 464 ft: 1942 corp: 541/44Kb lim: 1195 exec/s: 52915 rss: 544Mb L: 135/1067 MS: 5 EraseBytes-ChangeASCIIInt-InsertByte-InsertByte-CopyPart-
#476273	NEW    cov: 464 ft: 1944 corp: 542/44Kb lim: 1195 exec/s: 52919 rss: 544Mb L: 38/1067 MS: 1 CopyPart-
#476799	REDUCE cov: 464 ft: 1944 corp: 542/44Kb lim: 1195 exec/s: 52977 rss: 544Mb L: 75/1067 MS: 1 EraseBytes-
#476950	NEW    cov: 464 ft: 1945 corp: 543/44Kb lim: 1195 exec/s: 52994 rss: 544Mb L: 655/1067 MS: 1 ManualDict- DE: "NUL byte in object key not supported"-
#477243	REDUCE cov: 464 ft: 1945 corp: 543/44Kb lim: 1195 exec/s: 53027 rss: 544Mb L: 1049/1064 MS: 3 ChangeBit-CopyPart-EraseBytes-
#477685	REDUCE cov: 464 ft: 1945 corp: 543/44Kb lim: 1195 exec/s: 53076 rss: 544Mb L: 14/1064 MS: 2 CopyPart-EraseBytes-
#478473	REDUCE cov: 464 ft: 1945 corp: 543/44Kb lim: 1195 exec/s: 53163 rss: 544Mb L: 4/1064 MS: 3 ShuffleBytes-EraseBytes-EraseBytes-
#478606	REDUCE cov: 464 ft: 1945 corp: 543/44Kb lim: 1195 exec/s: 53178 rss: 544Mb L: 95/1064 MS: 3 ShuffleBytes-ShuffleBytes-EraseBytes-
#480334	REDUCE cov: 464 ft: 1945 corp: 543/44Kb lim: 1205 exec/s: 53370 rss: 544Mb L: 6/1064 MS: 3 ChangeByte-ShuffleBytes-EraseBytes-
#480665	NEW    cov: 464 ft: 1947 corp: 544/45Kb lim: 1205 exec/s: 53407 rss: 544Mb L: 802/1064 MS: 1 CrossOver-
#482391	REDUCE cov: 464 ft: 1947 corp: 544/45Kb lim: 1215 exec/s: 53599 rss: 544Mb L: 542/1064 MS: 1 EraseBytes-
#482568	REDUCE cov: 464 ft: 1947 corp: 544/45Kb lim: 1215 exec/s: 53618 rss: 544Mb L: 34/1064 MS: 2 ChangeASCIIInt-EraseBytes-
#483001	REDUCE cov: 464 ft: 1947 corp: 544/45Kb lim: 1215 exec/s: 53666 rss: 544Mb L: 61/1064 MS: 3 ChangeBit-ChangeByte-EraseBytes-
#484412	REDUCE cov: 464 ft: 1947 corp: 544/45Kb lim: 1225 exec/s: 53823 rss: 544Mb L: 14/1064 MS: 1 EraseBytes-
#484863	REDUCE cov: 464 ft: 1947 corp: 544/45Kb lim: 1225 exec/s: 53873 rss: 545Mb L: 8/1064 MS: 1 EraseBytes-
#486255	NEW    cov: 464 ft: 1948 corp: 545/45Kb lim: 1235 exec/s: 54028 rss: 545Mb L: 67/1064 MS: 2 ShuffleBytes-CopyPart-
#487136	NEW    cov: 464 ft: 1949 corp: 546/46Kb lim: 1235 exec/s: 54126 rss: 545Mb L: 873/1064 MS: 1 CopyPart-
#487725	REDUCE cov: 464 ft: 1950 corp: 547/46Kb lim: 1235 exec/s: 54191 rss: 545Mb L: 33/1064 MS: 4 CMP-ChangeBinInt-EraseBytes-EraseBytes- DE: "2\000"-
#487747	REDUCE cov: 464 ft: 1950 corp: 547/46Kb lim: 1235 exec/s: 54194 rss: 545Mb L: 55/1064 MS: 2 InsertByte-EraseBytes-
#489813	REDUCE cov: 464 ft: 1950 corp: 547/46Kb lim: 1255 exec/s: 54423 rss: 545Mb L: 66/1064 MS: 1 EraseBytes-
#489919	REDUCE cov: 464 ft: 1950 corp: 547/46Kb lim: 1255 exec/s: 54435 rss: 545Mb L: 29/1064 MS: 1 EraseBytes-
#490040	REDUCE cov: 464 ft: 1950 corp: 547/46Kb lim: 1255 exec/s: 54448 rss: 545Mb L: 44/1064 MS: 1 EraseBytes-
#490336	REDUCE cov: 464 ft: 1950 corp: 547/46Kb lim: 1255 exec/s: 54481 rss: 545Mb L: 40/1064 MS: 1 EraseBytes-
#490428	REDUCE cov: 464 ft: 1950 corp: 547/46Kb lim: 1255 exec/s: 54492 rss: 545Mb L: 6/1064 MS: 2 ChangeBit-EraseBytes-
#490449	REDUCE cov: 464 ft: 1950 corp: 547/46Kb lim: 1255 exec/s: 54494 rss: 545Mb L: 62/1064 MS: 1 EraseBytes-
#490730	REDUCE cov: 464 ft: 1950 corp: 547/46Kb lim: 1255 exec/s: 54525 rss: 545Mb L: 136/1064 MS: 1 EraseBytes-
#490740	NEW    cov: 464 ft: 1951 corp: 548/47Kb lim: 1255 exec/s: 54526 rss: 545Mb L: 982/1064 MS: 5 InsertRepeatedBytes-CopyPart-InsertByte-PersAutoDict-CopyPart- DE: "u\000\000\000"-
#491161	REDUCE cov: 464 ft: 1951 corp: 548/47Kb lim: 1255 exec/s: 54573 rss: 545Mb L: 35/1064 MS: 1 EraseBytes-
#491380	REDUCE cov: 464 ft: 1951 corp: 548/47Kb lim: 1255 exec/s: 54597 rss: 545Mb L: 846/1064 MS: 4 InsertByte-CopyPart-ManualDict-EraseBytes- DE: "'[' or '{' expected"-
#491671	REDUCE cov: 464 ft: 1951 corp: 548/47Kb lim: 1255 exec/s: 54630 rss: 545Mb L: 59/1064 MS: 1 EraseBytes-
#491700	REDUCE cov: 464 ft: 1951 corp: 548/47Kb lim: 1255 exec/s: 54633 rss: 545Mb L: 131/1064 MS: 4 CMP-ChangeBit-ChangeBinInt-EraseBytes- DE: "\376\377\377\377\377\377\377\377"-
#492703	NEW    cov: 464 ft: 1954 corp: 549/48Kb lim: 1255 exec/s: 54744 rss: 545Mb L: 1098/1098 MS: 3 InsertByte-ChangeASCIIInt-CopyPart-
#493080	REDUCE cov: 464 ft: 1954 corp: 549/48Kb lim: 1255 exec/s: 54786 rss: 545Mb L: 754/1098 MS: 2 ChangeByte-EraseBytes-
#493451	REDUCE cov: 464 ft: 1954 corp: 549/48Kb lim: 1255 exec/s: 54827 rss: 545Mb L: 13/1098 MS: 1 EraseBytes-
#493802	REDUCE cov: 464 ft: 1954 corp: 549/48Kb lim: 1255 exec/s: 54866 rss: 545Mb L: 4/1098 MS: 1 EraseBytes-
#494336	REDUCE cov: 464 ft: 1954 corp: 549/48Kb lim: 1255 exec/s: 54926 rss: 545Mb L: 89/1098 MS: 4 InsertRepeatedBytes-ShuffleBytes-EraseBytes-CopyPart-
#494377	NEW    cov: 464 ft: 1955 corp: 550/49Kb lim: 1255 exec/s: 54930 rss: 545Mb L: 1172/1172 MS: 1 CopyPart-
#495148	REDUCE cov: 464 ft: 1955 corp: 550/49Kb lim: 1255 exec/s: 55016 rss: 545Mb L: 42/1172 MS: 1 EraseBytes-
#495724	NEW    cov: 464 ft: 1956 corp: 551/50Kb lim: 1255 exec/s: 55080 rss: 545Mb L: 1157/1172 MS: 1 CopyPart-
#496360	REDUCE cov: 464 ft: 1956 corp: 551/50Kb lim: 1255 exec/s: 55151 rss: 545Mb L: 7/1172 MS: 1 EraseBytes-
#496546	REDUCE cov: 464 ft: 1956 corp: 551/50Kb lim: 1255 exec/s: 55171 rss: 545Mb L: 239/1172 MS: 1 EraseBytes-
#497137	REDUCE cov: 464 ft: 1956 corp: 551/50Kb lim: 1255 exec/s: 55237 rss: 545Mb L: 122/1172 MS: 1 EraseBytes-
#498119	REDUCE cov: 464 ft: 1956 corp: 551/50Kb lim: 1255 exec/s: 55346 rss: 545Mb L: 904/1172 MS: 2 CopyPart-EraseBytes-
#498315	REDUCE cov: 464 ft: 1956 corp: 551/50Kb lim: 1255 exec/s: 55368 rss: 545Mb L: 1091/1157 MS: 1 EraseBytes-
#500366	REDUCE cov: 464 ft: 1956 corp: 551/50Kb lim: 1275 exec/s: 55596 rss: 545Mb L: 392/1157 MS: 1 EraseBytes-
#500507	REDUCE cov: 464 ft: 1956 corp: 551/50Kb lim: 1275 exec/s: 55611 rss: 545Mb L: 13/1157 MS: 1 EraseBytes-
#500538	REDUCE cov: 464 ft: 1956 corp: 551/50Kb lim: 1275 exec/s: 55615 rss: 545Mb L: 37/1157 MS: 1 EraseBytes-
#500669	REDUCE cov: 464 ft: 1956 corp: 551/50Kb lim: 1275 exec/s: 55629 rss: 545Mb L: 34/1157 MS: 1 EraseBytes-
#500695	REDUCE cov: 464 ft: 1958 corp: 552/50Kb lim: 1275 exec/s: 55632 rss: 545Mb L: 69/1157 MS: 1 CopyPart-
#501038	REDUCE cov: 464 ft: 1958 corp: 552/49Kb lim: 1275 exec/s: 55670 rss: 545Mb L: 525/1157 MS: 3 ChangeASCIIInt-CMP-EraseBytes- DE: "\376\377\377\377"-
#503225	REDUCE cov: 464 ft: 1958 corp: 552/49Kb lim: 1295 exec/s: 55913 rss: 545Mb L: 727/1157 MS: 2 PersAutoDict-EraseBytes- DE: "fa"-
#505006	REDUCE cov: 464 ft: 1958 corp: 552/49Kb lim: 1305 exec/s: 56111 rss: 546Mb L: 151/1157 MS: 1 EraseBytes-
#505547	NEW    cov: 464 ft: 1962 corp: 553/50Kb lim: 1305 exec/s: 56171 rss: 546Mb L: 954/1157 MS: 1 CopyPart-
#505964	REDUCE cov: 464 ft: 1962 corp: 553/50Kb lim: 1305 exec/s: 56218 rss: 546Mb L: 73/1157 MS: 2 PersAutoDict-EraseBytes- DE: "'[' or '{' expected"-
#505975	REDUCE cov: 464 ft: 1962 corp: 553/50Kb lim: 1305 exec/s: 56219 rss: 546Mb L: 13/1157 MS: 1 EraseBytes-
#506491	REDUCE cov: 464 ft: 1962 corp: 553/50Kb lim: 1305 exec/s: 56276 rss: 546Mb L: 240/1157 MS: 1 EraseBytes-
#506973	REDUCE cov: 464 ft: 1962 corp: 553/50Kb lim: 1305 exec/s: 56330 rss: 546Mb L: 74/1157 MS: 2 ChangeBit-EraseBytes-
#507632	REDUCE cov: 464 ft: 1963 corp: 554/50Kb lim: 1305 exec/s: 56403 rss: 546Mb L: 72/1157 MS: 4 CopyPart-ShuffleBytes-CopyPart-CopyPart-
#508488	REDUCE cov: 464 ft: 1963 corp: 554/50Kb lim: 1305 exec/s: 56498 rss: 546Mb L: 5/1157 MS: 1 EraseBytes-
#509054	REDUCE cov: 464 ft: 1963 corp: 554/50Kb lim: 1305 exec/s: 56561 rss: 546Mb L: 168/1157 MS: 1 EraseBytes-
#509080	REDUCE cov: 464 ft: 1963 corp: 554/50Kb lim: 1305 exec/s: 56564 rss: 546Mb L: 384/1157 MS: 1 EraseBytes-
#509926	NEW    cov: 464 ft: 1964 corp: 555/51Kb lim: 1305 exec/s: 50992 rss: 546Mb L: 1079/1157 MS: 1 CopyPart-
#510308	REDUCE cov: 464 ft: 1964 corp: 555/51Kb lim: 1305 exec/s: 51030 rss: 546Mb L: 647/1157 MS: 2 ChangeByte-EraseBytes-
#510555	NEW    cov: 464 ft: 1965 corp: 556/51Kb lim: 1305 exec/s: 51055 rss: 546Mb L: 60/1157 MS: 2 ChangeASCIIInt-CopyPart-
#510897	REDUCE cov: 464 ft: 1965 corp: 556/51Kb lim: 1305 exec/s: 51089 rss: 546Mb L: 57/1157 MS: 2 EraseBytes-CopyPart-
#511108	REDUCE cov: 464 ft: 1966 corp: 557/51Kb lim: 1305 exec/s: 51110 rss: 546Mb L: 94/1157 MS: 1 CopyPart-
#511295	REDUCE cov: 464 ft: 1966 corp: 557/51Kb lim: 1305 exec/s: 51129 rss: 546Mb L: 52/1157 MS: 2 ChangeBit-EraseBytes-
#511681	REDUCE cov: 464 ft: 1966 corp: 557/51Kb lim: 1305 exec/s: 51168 rss: 546Mb L: 70/1157 MS: 1 EraseBytes-
#512242	REDUCE cov: 464 ft: 1966 corp: 557/51Kb lim: 1305 exec/s: 51224 rss: 546Mb L: 49/1157 MS: 1 EraseBytes-
#512358	REDUCE cov: 464 ft: 1968 corp: 558/52Kb lim: 1305 exec/s: 51235 rss: 546Mb L: 1061/1157 MS: 1 CopyPart-
#513205	REDUCE cov: 464 ft: 1969 corp: 559/54Kb lim: 1305 exec/s: 51320 rss: 546Mb L: 1105/1157 MS: 2 ChangeASCIIInt-ManualDict- DE: "CryptGenRandom"-
#513931	REDUCE cov: 464 ft: 1969 corp: 559/54Kb lim: 1305 exec/s: 51393 rss: 546Mb L: 12/1157 MS: 1 EraseBytes-
#514122	REDUCE cov: 464 ft: 1969 corp: 559/53Kb lim: 1305 exec/s: 51412 rss: 546Mb L: 101/1157 MS: 1 EraseBytes-
#514386	REDUCE cov: 464 ft: 1969 corp: 559/53Kb lim: 1305 exec/s: 51438 rss: 546Mb L: 474/1157 MS: 4 ChangeBit-CrossOver-PersAutoDict-EraseBytes- DE: "CryptGenRandom"-
#514617	REDUCE cov: 464 ft: 1969 corp: 559/53Kb lim: 1305 exec/s: 51461 rss: 546Mb L: 31/1157 MS: 1 EraseBytes-
#516078	REDUCE cov: 464 ft: 1969 corp: 559/53Kb lim: 1315 exec/s: 51607 rss: 546Mb L: 37/1157 MS: 1 EraseBytes-
#516210	REDUCE cov: 464 ft: 1969 corp: 559/53Kb lim: 1315 exec/s: 51621 rss: 546Mb L: 223/1157 MS: 2 ChangeBit-EraseBytes-
#516741	REDUCE cov: 464 ft: 1969 corp: 559/53Kb lim: 1315 exec/s: 51674 rss: 546Mb L: 501/1157 MS: 1 EraseBytes-
#516847	REDUCE cov: 464 ft: 1969 corp: 559/53Kb lim: 1315 exec/s: 51684 rss: 546Mb L: 28/1157 MS: 1 EraseBytes-
#517258	REDUCE cov: 464 ft: 1969 corp: 559/53Kb lim: 1315 exec/s: 51725 rss: 546Mb L: 26/1157 MS: 1 EraseBytes-
#517399	REDUCE cov: 464 ft: 1969 corp: 559/53Kb lim: 1315 exec/s: 51739 rss: 546Mb L: 30/1157 MS: 1 EraseBytes-
#517541	REDUCE cov: 464 ft: 1969 corp: 559/53Kb lim: 1315 exec/s: 51754 rss: 546Mb L: 4/1157 MS: 2 ChangeByte-EraseBytes-
#517567	REDUCE cov: 464 ft: 1969 corp: 559/53Kb lim: 1315 exec/s: 51756 rss: 546Mb L: 5/1157 MS: 1 EraseBytes-
#517694	REDUCE cov: 464 ft: 1969 corp: 559/53Kb lim: 1315 exec/s: 51769 rss: 546Mb L: 48/1157 MS: 2 ChangeBinInt-EraseBytes-
#518860	REDUCE cov: 464 ft: 1969 corp: 559/53Kb lim: 1325 exec/s: 51886 rss: 547Mb L: 38/1157 MS: 1 EraseBytes-
#518932	REDUCE cov: 464 ft: 1969 corp: 559/53Kb lim: 1325 exec/s: 51893 rss: 547Mb L: 22/1157 MS: 2 InsertByte-EraseBytes-
#519258	REDUCE cov: 464 ft: 1969 corp: 559/53Kb lim: 1325 exec/s: 51925 rss: 547Mb L: 24/1157 MS: 1 EraseBytes-
#520144	REDUCE cov: 464 ft: 1969 corp: 559/53Kb lim: 1325 exec/s: 52014 rss: 547Mb L: 177/1157 MS: 1 EraseBytes-
#520810	REDUCE cov: 464 ft: 1969 corp: 559/53Kb lim: 1325 exec/s: 52081 rss: 547Mb L: 11/1157 MS: 1 EraseBytes-
#521751	REDUCE cov: 464 ft: 1969 corp: 559/53Kb lim: 1325 exec/s: 52175 rss: 547Mb L: 37/1157 MS: 1 EraseBytes-
#521757	REDUCE cov: 464 ft: 1969 corp: 559/53Kb lim: 1325 exec/s: 52175 rss: 547Mb L: 32/1157 MS: 1 EraseBytes-
#521983	REDUCE cov: 464 ft: 1969 corp: 559/53Kb lim: 1325 exec/s: 52198 rss: 547Mb L: 732/1157 MS: 1 EraseBytes-
#523034	REDUCE cov: 464 ft: 1969 corp: 559/53Kb lim: 1335 exec/s: 52303 rss: 547Mb L: 46/1157 MS: 1 EraseBytes-
#523177	REDUCE cov: 464 ft: 1969 corp: 559/53Kb lim: 1335 exec/s: 52317 rss: 547Mb L: 9/1157 MS: 3 PersAutoDict-EraseBytes-CrossOver- DE: "\377\377\377\377\377\377\377\007"-
#523273	REDUCE cov: 464 ft: 1969 corp: 559/53Kb lim: 1335 exec/s: 52327 rss: 547Mb L: 650/1157 MS: 1 EraseBytes-
#523760	REDUCE cov: 464 ft: 1969 corp: 559/53Kb lim: 1335 exec/s: 52376 rss: 547Mb L: 16/1157 MS: 2 InsertByte-EraseBytes-
#523977	REDUCE cov: 464 ft: 1969 corp: 559/53Kb lim: 1335 exec/s: 52397 rss: 547Mb L: 1058/1157 MS: 2 ChangeBit-EraseBytes-
#524288	pulse  cov: 464 ft: 1969 corp: 559/53Kb lim: 1335 exec/s: 52428 rss: 547Mb
#524430	REDUCE cov: 464 ft: 1969 corp: 559/53Kb lim: 1335 exec/s: 52443 rss: 547Mb L: 19/1157 MS: 3 ManualDict-EraseBytes-EraseBytes- DE: "CryptAcquireContextA"-
#525066	REDUCE cov: 464 ft: 1969 corp: 559/53Kb lim: 1335 exec/s: 52506 rss: 547Mb L: 38/1157 MS: 1 EraseBytes-
#525363	REDUCE cov: 464 ft: 1969 corp: 559/53Kb lim: 1335 exec/s: 52536 rss: 547Mb L: 145/1157 MS: 2 ChangeBinInt-EraseBytes-
#525511	REDUCE cov: 464 ft: 1969 corp: 559/53Kb lim: 1335 exec/s: 52551 rss: 547Mb L: 990/1157 MS: 3 CrossOver-ChangeByte-EraseBytes-
#525728	REDUCE cov: 464 ft: 1969 corp: 559/53Kb lim: 1335 exec/s: 52572 rss: 547Mb L: 1091/1157 MS: 2 ShuffleBytes-EraseBytes-
#526744	REDUCE cov: 464 ft: 1969 corp: 559/53Kb lim: 1345 exec/s: 52674 rss: 547Mb L: 45/1157 MS: 1 EraseBytes-
#527295	REDUCE cov: 464 ft: 1972 corp: 560/54Kb lim: 1345 exec/s: 52729 rss: 548Mb L: 1002/1157 MS: 1 ManualDict- DE: "<validation>"-
#527361	NEW    cov: 464 ft: 1973 corp: 561/54Kb lim: 1345 exec/s: 52736 rss: 548Mb L: 116/1157 MS: 1 CopyPart-
#527498	REDUCE cov: 464 ft: 1973 corp: 561/54Kb lim: 1345 exec/s: 52749 rss: 548Mb L: 78/1157 MS: 2 CrossOver-EraseBytes-
#527965	REDUCE cov: 464 ft: 1973 corp: 561/54Kb lim: 1345 exec/s: 52796 rss: 548Mb L: 31/1157 MS: 2 ChangeASCIIInt-EraseBytes-
#528883	REDUCE cov: 464 ft: 1973 corp: 561/54Kb lim: 1345 exec/s: 52888 rss: 548Mb L: 98/1157 MS: 3 ChangeByte-ChangeASCIIInt-EraseBytes-
#531324	REDUCE cov: 464 ft: 1973 corp: 561/54Kb lim: 1365 exec/s: 53132 rss: 548Mb L: 28/1157 MS: 1 EraseBytes-
#531525	REDUCE cov: 464 ft: 1973 corp: 561/54Kb lim: 1365 exec/s: 53152 rss: 548Mb L: 86/1157 MS: 1 EraseBytes-
#532032	REDUCE cov: 464 ft: 1973 corp: 561/54Kb lim: 1365 exec/s: 53203 rss: 548Mb L: 462/1157 MS: 2 InsertRepeatedBytes-EraseBytes-
#532328	REDUCE cov: 464 ft: 1973 corp: 561/54Kb lim: 1365 exec/s: 53232 rss: 548Mb L: 113/1157 MS: 1 EraseBytes-
#533024	REDUCE cov: 464 ft: 1973 corp: 561/54Kb lim: 1365 exec/s: 53302 rss: 548Mb L: 10/1157 MS: 1 EraseBytes-
#533315	REDUCE cov: 464 ft: 1973 corp: 561/54Kb lim: 1365 exec/s: 53331 rss: 548Mb L: 969/1157 MS: 1 EraseBytes-
#534716	REDUCE cov: 464 ft: 1974 corp: 562/55Kb lim: 1375 exec/s: 53471 rss: 548Mb L: 1067/1157 MS: 1 InsertRepeatedBytes-
#534957	REDUCE cov: 464 ft: 1975 corp: 563/55Kb lim: 1375 exec/s: 53495 rss: 548Mb L: 66/1157 MS: 1 CopyPart-
#535228	REDUCE cov: 464 ft: 1975 corp: 563/55Kb lim: 1375 exec/s: 53522 rss: 548Mb L: 141/1157 MS: 1 EraseBytes-
#535480	REDUCE cov: 464 ft: 1975 corp: 563/55Kb lim: 1375 exec/s: 53548 rss: 548Mb L: 1036/1157 MS: 2 ManualDict-EraseBytes- DE: "']' expected"-
#535746	REDUCE cov: 464 ft: 1975 corp: 563/55Kb lim: 1375 exec/s: 53574 rss: 548Mb L: 42/1157 MS: 1 EraseBytes-
#535800	REDUCE cov: 464 ft: 1975 corp: 563/55Kb lim: 1375 exec/s: 53580 rss: 548Mb L: 237/1157 MS: 4 ChangeASCIIInt-ChangeASCIIInt-CMP-EraseBytes- DE: "baobj"-
#535951	REDUCE cov: 464 ft: 1975 corp: 563/55Kb lim: 1375 exec/s: 53595 rss: 548Mb L: 80/1157 MS: 1 EraseBytes-
#536327	REDUCE cov: 464 ft: 1975 corp: 563/55Kb lim: 1375 exec/s: 53632 rss: 548Mb L: 977/1157 MS: 1 EraseBytes-
#537133	REDUCE cov: 464 ft: 1975 corp: 563/55Kb lim: 1375 exec/s: 53713 rss: 548Mb L: 14/1157 MS: 1 EraseBytes-
#537475	REDUCE cov: 464 ft: 1975 corp: 563/55Kb lim: 1375 exec/s: 53747 rss: 548Mb L: 45/1157 MS: 2 ChangeASCIIInt-EraseBytes-
#537588	REDUCE cov: 464 ft: 1975 corp: 563/55Kb lim: 1375 exec/s: 53758 rss: 548Mb L: 645/1157 MS: 3 ChangeASCIIInt-ChangeASCIIInt-EraseBytes-
#537644	NEW    cov: 464 ft: 1981 corp: 564/56Kb lim: 1375 exec/s: 53764 rss: 548Mb L: 1225/1225 MS: 1 CopyPart-
#537661	REDUCE cov: 464 ft: 1981 corp: 564/56Kb lim: 1375 exec/s: 53766 rss: 548Mb L: 63/1225 MS: 2 ManualDict-EraseBytes- DE: "premature end of input"-
#537709	REDUCE cov: 464 ft: 1981 corp: 564/56Kb lim: 1375 exec/s: 53770 rss: 548Mb L: 12/1225 MS: 3 PersAutoDict-PersAutoDict-EraseBytes- DE: "\000\012"-"true"-
#537902	REDUCE cov: 464 ft: 1981 corp: 564/56Kb lim: 1375 exec/s: 53790 rss: 548Mb L: 35/1225 MS: 3 ShuffleBytes-EraseBytes-InsertByte-
#537978	REDUCE cov: 464 ft: 1981 corp: 564/56Kb lim: 1375 exec/s: 53797 rss: 548Mb L: 954/1225 MS: 1 EraseBytes-
#539355	REDUCE cov: 464 ft: 1981 corp: 564/56Kb lim: 1385 exec/s: 53935 rss: 548Mb L: 5/1225 MS: 2 CopyPart-EraseBytes-
#539851	REDUCE cov: 464 ft: 1982 corp: 565/57Kb lim: 1385 exec/s: 53985 rss: 548Mb L: 1242/1242 MS: 1 CopyPart-
#540467	NEW    cov: 464 ft: 1983 corp: 566/58Kb lim: 1385 exec/s: 54046 rss: 548Mb L: 1069/1242 MS: 1 CMP- DE: "pi"-
#541048	REDUCE cov: 464 ft: 1983 corp: 566/58Kb lim: 1385 exec/s: 54104 rss: 548Mb L: 11/1242 MS: 1 EraseBytes-
#541174	REDUCE cov: 464 ft: 1983 corp: 566/58Kb lim: 1385 exec/s: 54117 rss: 548Mb L: 13/1242 MS: 1 EraseBytes-
#541870	REDUCE cov: 464 ft: 1983 corp: 566/58Kb lim: 1385 exec/s: 54187 rss: 548Mb L: 32/1242 MS: 1 EraseBytes-
#542676	REDUCE cov: 464 ft: 1983 corp: 566/58Kb lim: 1385 exec/s: 54267 rss: 548Mb L: 347/1242 MS: 1 EraseBytes-
#542759	REDUCE cov: 464 ft: 1983 corp: 566/58Kb lim: 1385 exec/s: 54275 rss: 548Mb L: 930/1242 MS: 3 ShuffleBytes-ChangeASCIIInt-EraseBytes-
#544300	REDUCE cov: 464 ft: 1983 corp: 566/58Kb lim: 1395 exec/s: 54430 rss: 548Mb L: 795/1242 MS: 1 EraseBytes-
#544706	REDUCE cov: 464 ft: 1983 corp: 566/58Kb lim: 1395 exec/s: 54470 rss: 548Mb L: 33/1242 MS: 1 EraseBytes-
#545182	NEW    cov: 464 ft: 1985 corp: 567/58Kb lim: 1395 exec/s: 54518 rss: 548Mb L: 155/1242 MS: 1 CopyPart-
#546048	REDUCE cov: 464 ft: 1985 corp: 567/58Kb lim: 1395 exec/s: 54604 rss: 548Mb L: 899/1242 MS: 1 CrossOver-
#546539	REDUCE cov: 464 ft: 1985 corp: 567/58Kb lim: 1395 exec/s: 54653 rss: 548Mb L: 73/1242 MS: 1 EraseBytes-
#546625	REDUCE cov: 464 ft: 1985 corp: 567/58Kb lim: 1395 exec/s: 54662 rss: 548Mb L: 202/1242 MS: 1 EraseBytes-
#547156	REDUCE cov: 464 ft: 1985 corp: 567/58Kb lim: 1395 exec/s: 54715 rss: 548Mb L: 916/1242 MS: 1 EraseBytes-
#548327	REDUCE cov: 464 ft: 1985 corp: 567/58Kb lim: 1405 exec/s: 54832 rss: 549Mb L: 49/1242 MS: 1 EraseBytes-
#549013	REDUCE cov: 464 ft: 1985 corp: 567/58Kb lim: 1405 exec/s: 54901 rss: 549Mb L: 439/1242 MS: 1 EraseBytes-
#549365	REDUCE cov: 464 ft: 1985 corp: 567/58Kb lim: 1405 exec/s: 54936 rss: 549Mb L: 987/1242 MS: 2 ChangeByte-EraseBytes-
#549476	REDUCE cov: 464 ft: 1985 corp: 567/58Kb lim: 1405 exec/s: 54947 rss: 549Mb L: 19/1242 MS: 1 EraseBytes-
#549617	REDUCE cov: 464 ft: 1985 corp: 567/58Kb lim: 1405 exec/s: 54961 rss: 549Mb L: 4/1242 MS: 1 EraseBytes-
#549780	REDUCE cov: 464 ft: 1985 corp: 567/58Kb lim: 1405 exec/s: 54978 rss: 549Mb L: 316/1242 MS: 3 ChangeBit-ChangeASCIIInt-EraseBytes-
#550161	REDUCE cov: 464 ft: 1985 corp: 567/58Kb lim: 1405 exec/s: 55016 rss: 549Mb L: 796/1242 MS: 1 EraseBytes-
#550457	REDUCE cov: 464 ft: 1985 corp: 567/58Kb lim: 1405 exec/s: 50041 rss: 549Mb L: 27/1242 MS: 1 EraseBytes-
#551233	REDUCE cov: 464 ft: 1985 corp: 567/58Kb lim: 1405 exec/s: 50112 rss: 549Mb L: 606/1242 MS: 1 EraseBytes-
#551704	REDUCE cov: 464 ft: 1985 corp: 567/58Kb lim: 1405 exec/s: 50154 rss: 549Mb L: 29/1242 MS: 1 EraseBytes-
#552882	REDUCE cov: 464 ft: 1985 corp: 567/58Kb lim: 1415 exec/s: 50262 rss: 549Mb L: 17/1242 MS: 3 CopyPart-ChangeBinInt-EraseBytes-
#553349	REDUCE cov: 464 ft: 1985 corp: 567/58Kb lim: 1415 exec/s: 50304 rss: 549Mb L: 936/1242 MS: 2 CrossOver-EraseBytes-
#553865	REDUCE cov: 464 ft: 1985 corp: 567/58Kb lim: 1415 exec/s: 50351 rss: 549Mb L: 264/1242 MS: 1 EraseBytes-
#554846	REDUCE cov: 464 ft: 1985 corp: 567/58Kb lim: 1415 exec/s: 50440 rss: 549Mb L: 220/1242 MS: 1 EraseBytes-
#555507	REDUCE cov: 464 ft: 1985 corp: 567/58Kb lim: 1415 exec/s: 50500 rss: 549Mb L: 138/1242 MS: 1 EraseBytes-
#555573	REDUCE cov: 464 ft: 1986 corp: 568/59Kb lim: 1415 exec/s: 50506 rss: 549Mb L: 1307/1307 MS: 1 CopyPart-
#555674	REDUCE cov: 464 ft: 1986 corp: 568/59Kb lim: 1415 exec/s: 50515 rss: 549Mb L: 16/1307 MS: 1 EraseBytes-
#556701	REDUCE cov: 464 ft: 1986 corp: 568/59Kb lim: 1425 exec/s: 50609 rss: 549Mb L: 618/1307 MS: 2 CopyPart-EraseBytes-
#556807	REDUCE cov: 464 ft: 1986 corp: 568/59Kb lim: 1425 exec/s: 50618 rss: 549Mb L: 622/1307 MS: 1 EraseBytes-
#556878	REDUCE cov: 464 ft: 1986 corp: 568/59Kb lim: 1425 exec/s: 50625 rss: 549Mb L: 11/1307 MS: 1 EraseBytes-
#559202	REDUCE cov: 464 ft: 1986 corp: 568/59Kb lim: 1445 exec/s: 50836 rss: 549Mb L: 86/1307 MS: 4 InsertByte-PersAutoDict-ChangeBinInt-EraseBytes- DE: "NUL byte in object key not supported"-
#561288	REDUCE cov: 464 ft: 1986 corp: 568/59Kb lim: 1465 exec/s: 51026 rss: 549Mb L: 5/1307 MS: 1 EraseBytes-
#561895	NEW    cov: 464 ft: 1987 corp: 569/60Kb lim: 1465 exec/s: 51081 rss: 550Mb L: 1361/1361 MS: 2 ShuffleBytes-CopyPart-
#562052	REDUCE cov: 464 ft: 1987 corp: 569/60Kb lim: 1465 exec/s: 51095 rss: 550Mb L: 673/1361 MS: 2 CopyPart-EraseBytes-
#563033	REDUCE cov: 464 ft: 1987 corp: 569/60Kb lim: 1465 exec/s: 51184 rss: 550Mb L: 41/1361 MS: 1 EraseBytes-
#563935	REDUCE cov: 464 ft: 1987 corp: 569/60Kb lim: 1465 exec/s: 51266 rss: 550Mb L: 17/1361 MS: 2 InsertByte-EraseBytes-
#563976	REDUCE cov: 464 ft: 1987 corp: 569/60Kb lim: 1465 exec/s: 51270 rss: 550Mb L: 31/1361 MS: 1 EraseBytes-
#564473	REDUCE cov: 464 ft: 1987 corp: 569/60Kb lim: 1465 exec/s: 51315 rss: 550Mb L: 15/1361 MS: 2 InsertByte-EraseBytes-
#565588	REDUCE cov: 464 ft: 1987 corp: 569/60Kb lim: 1475 exec/s: 51417 rss: 550Mb L: 612/1361 MS: 5 ShuffleBytes-PersAutoDict-ChangeASCIIInt-CopyPart-EraseBytes- DE: "\001\000\000\000\000\000\000\001"-
#566604	REDUCE cov: 464 ft: 1987 corp: 569/59Kb lim: 1485 exec/s: 51509 rss: 550Mb L: 313/1361 MS: 1 EraseBytes-
#567646	REDUCE cov: 464 ft: 1987 corp: 569/59Kb lim: 1495 exec/s: 51604 rss: 550Mb L: 29/1361 MS: 2 CrossOver-EraseBytes-
#567737	REDUCE cov: 464 ft: 1987 corp: 569/59Kb lim: 1495 exec/s: 51612 rss: 550Mb L: 14/1361 MS: 1 EraseBytes-
#567848	NEW    cov: 464 ft: 1988 corp: 570/61Kb lim: 1495 exec/s: 51622 rss: 550Mb L: 1483/1483 MS: 1 CopyPart-
#568189	REDUCE cov: 464 ft: 1988 corp: 570/61Kb lim: 1495 exec/s: 51653 rss: 550Mb L: 21/1483 MS: 1 EraseBytes-
#568371	REDUCE cov: 464 ft: 1988 corp: 570/61Kb lim: 1495 exec/s: 51670 rss: 550Mb L: 59/1483 MS: 2 PersAutoDict-EraseBytes- DE: "tr"-
#568387	REDUCE cov: 464 ft: 1988 corp: 570/61Kb lim: 1495 exec/s: 51671 rss: 550Mb L: 556/1483 MS: 1 EraseBytes-
#568453	REDUCE cov: 464 ft: 1988 corp: 570/61Kb lim: 1495 exec/s: 51677 rss: 550Mb L: 9/1483 MS: 1 EraseBytes-
#569959	REDUCE cov: 464 ft: 1988 corp: 570/61Kb lim: 1505 exec/s: 51814 rss: 550Mb L: 10/1483 MS: 1 EraseBytes-
#571470	REDUCE cov: 464 ft: 1988 corp: 570/61Kb lim: 1515 exec/s: 51951 rss: 550Mb L: 272/1483 MS: 1 EraseBytes-
#572491	REDUCE cov: 464 ft: 1988 corp: 570/61Kb lim: 1525 exec/s: 52044 rss: 550Mb L: 9/1483 MS: 1 EraseBytes-
#572813	REDUCE cov: 464 ft: 1988 corp: 570/61Kb lim: 1525 exec/s: 52073 rss: 550Mb L: 881/1483 MS: 2 ManualDict-CrossOver- DE: "unexpected newline"-
#573549	REDUCE cov: 464 ft: 1988 corp: 570/61Kb lim: 1525 exec/s: 52140 rss: 550Mb L: 10/1483 MS: 1 EraseBytes-
#575255	REDUCE cov: 464 ft: 1988 corp: 570/61Kb lim: 1535 exec/s: 52295 rss: 550Mb L: 20/1483 MS: 1 EraseBytes-
#575337	REDUCE cov: 464 ft: 1988 corp: 570/61Kb lim: 1535 exec/s: 52303 rss: 550Mb L: 286/1483 MS: 2 CopyPart-EraseBytes-
#576603	REDUCE cov: 464 ft: 1988 corp: 570/61Kb lim: 1545 exec/s: 52418 rss: 550Mb L: 1469/1469 MS: 1 EraseBytes-
#576804	REDUCE cov: 464 ft: 1988 corp: 570/61Kb lim: 1545 exec/s: 52436 rss: 550Mb L: 16/1469 MS: 1 EraseBytes-
#577339	REDUCE cov: 464 ft: 1988 corp: 570/61Kb lim: 1545 exec/s: 52485 rss: 550Mb L: 1027/1469 MS: 5 EraseBytes-CopyPart-CopyPart-ShuffleBytes-EraseBytes-
#578610	REDUCE cov: 464 ft: 1988 corp: 570/61Kb lim: 1555 exec/s: 52600 rss: 550Mb L: 19/1469 MS: 1 EraseBytes-
#579107	REDUCE cov: 464 ft: 1988 corp: 570/61Kb lim: 1555 exec/s: 52646 rss: 550Mb L: 23/1469 MS: 2 ChangeASCIIInt-EraseBytes-
#579373	REDUCE cov: 464 ft: 1988 corp: 570/61Kb lim: 1555 exec/s: 52670 rss: 550Mb L: 374/1469 MS: 1 EraseBytes-
#579389	REDUCE cov: 464 ft: 1988 corp: 570/61Kb lim: 1555 exec/s: 52671 rss: 550Mb L: 227/1469 MS: 1 EraseBytes-
#581710	REDUCE cov: 464 ft: 1988 corp: 570/61Kb lim: 1575 exec/s: 52882 rss: 551Mb L: 298/1469 MS: 1 EraseBytes-
#581751	REDUCE cov: 464 ft: 1988 corp: 570/61Kb lim: 1575 exec/s: 52886 rss: 551Mb L: 54/1469 MS: 1 EraseBytes-
#582397	REDUCE cov: 464 ft: 1988 corp: 570/61Kb lim: 1575 exec/s: 52945 rss: 551Mb L: 44/1469 MS: 1 EraseBytes-
#582533	REDUCE cov: 464 ft: 1988 corp: 570/61Kb lim: 1575 exec/s: 52957 rss: 551Mb L: 791/1469 MS: 1 EraseBytes-
#583073	NEW    cov: 464 ft: 1989 corp: 571/61Kb lim: 1575 exec/s: 53006 rss: 551Mb L: 52/1469 MS: 5 CopyPart-ChangeASCIIInt-ChangeBinInt-EraseBytes-CopyPart-
#583564	REDUCE cov: 464 ft: 1989 corp: 571/61Kb lim: 1575 exec/s: 53051 rss: 551Mb L: 1032/1469 MS: 1 EraseBytes-
#583735	REDUCE cov: 464 ft: 1989 corp: 571/61Kb lim: 1575 exec/s: 53066 rss: 551Mb L: 79/1469 MS: 1 EraseBytes-
#584049	REDUCE cov: 464 ft: 1989 corp: 571/61Kb lim: 1575 exec/s: 53095 rss: 551Mb L: 61/1469 MS: 4 ChangeBinInt-EraseBytes-CopyPart-CopyPart-
#584155	REDUCE cov: 464 ft: 1989 corp: 571/61Kb lim: 1575 exec/s: 53105 rss: 551Mb L: 18/1469 MS: 1 EraseBytes-
#584282	REDUCE cov: 464 ft: 1989 corp: 571/61Kb lim: 1575 exec/s: 53116 rss: 551Mb L: 1304/1469 MS: 2 CMP-EraseBytes- DE: "y\000\000\000\000\000\000\000"-
#584478	REDUCE cov: 464 ft: 1989 corp: 571/61Kb lim: 1575 exec/s: 53134 rss: 551Mb L: 743/1469 MS: 1 EraseBytes-
#585249	REDUCE cov: 464 ft: 1989 corp: 571/61Kb lim: 1575 exec/s: 53204 rss: 551Mb L: 51/1469 MS: 1 EraseBytes-
#585485	REDUCE cov: 464 ft: 1989 corp: 571/61Kb lim: 1575 exec/s: 53225 rss: 551Mb L: 7/1469 MS: 1 EraseBytes-
#585836	REDUCE cov: 464 ft: 1990 corp: 572/61Kb lim: 1575 exec/s: 53257 rss: 551Mb L: 54/1469 MS: 1 CopyPart-
#586099	REDUCE cov: 464 ft: 1991 corp: 573/62Kb lim: 1575 exec/s: 53281 rss: 551Mb L: 1304/1469 MS: 3 ManualDict-ShuffleBytes-CopyPart- DE: "too big integer"-
#587870	REDUCE cov: 464 ft: 1991 corp: 573/62Kb lim: 1585 exec/s: 53442 rss: 552Mb L: 14/1469 MS: 1 EraseBytes-
#588511	REDUCE cov: 464 ft: 1991 corp: 573/62Kb lim: 1585 exec/s: 53501 rss: 552Mb L: 1216/1469 MS: 1 EraseBytes-
#588707	REDUCE cov: 464 ft: 1991 corp: 573/62Kb lim: 1585 exec/s: 53518 rss: 552Mb L: 284/1469 MS: 1 EraseBytes-
#589603	REDUCE cov: 464 ft: 1991 corp: 573/62Kb lim: 1585 exec/s: 53600 rss: 552Mb L: 17/1469 MS: 1 EraseBytes-
#590239	REDUCE cov: 464 ft: 1991 corp: 573/62Kb lim: 1585 exec/s: 53658 rss: 552Mb L: 42/1469 MS: 1 EraseBytes-
#590395	NEW    cov: 464 ft: 1996 corp: 574/63Kb lim: 1585 exec/s: 53672 rss: 552Mb L: 1456/1469 MS: 1 InsertRepeatedBytes-
#590512	REDUCE cov: 464 ft: 1996 corp: 574/63Kb lim: 1585 exec/s: 49209 rss: 552Mb L: 352/1469 MS: 2 CopyPart-EraseBytes-
#590656	REDUCE cov: 464 ft: 1996 corp: 574/63Kb lim: 1585 exec/s: 49221 rss: 552Mb L: 182/1469 MS: 4 InsertByte-InsertByte-InsertRepeatedBytes-EraseBytes-
#591898	REDUCE cov: 464 ft: 1996 corp: 574/63Kb lim: 1595 exec/s: 49324 rss: 552Mb L: 20/1469 MS: 2 CopyPart-EraseBytes-
#593239	REDUCE cov: 464 ft: 1996 corp: 574/63Kb lim: 1605 exec/s: 49436 rss: 552Mb L: 14/1469 MS: 1 EraseBytes-
#593462	REDUCE cov: 464 ft: 1996 corp: 574/63Kb lim: 1605 exec/s: 49455 rss: 552Mb L: 97/1469 MS: 3 ShuffleBytes-ChangeASCIIInt-EraseBytes-
#593823	REDUCE cov: 464 ft: 1996 corp: 574/63Kb lim: 1605 exec/s: 49485 rss: 552Mb L: 25/1469 MS: 1 EraseBytes-
#593974	REDUCE cov: 464 ft: 1996 corp: 574/63Kb lim: 1605 exec/s: 49497 rss: 552Mb L: 282/1469 MS: 1 EraseBytes-
#594325	REDUCE cov: 464 ft: 1999 corp: 575/63Kb lim: 1605 exec/s: 49527 rss: 552Mb L: 51/1469 MS: 1 CopyPart-
#595521	REDUCE cov: 464 ft: 1999 corp: 575/63Kb lim: 1615 exec/s: 49626 rss: 552Mb L: 89/1469 MS: 1 EraseBytes-
#595698	REDUCE cov: 464 ft: 2000 corp: 576/63Kb lim: 1615 exec/s: 49641 rss: 552Mb L: 43/1469 MS: 2 ChangeBinInt-EraseBytes-
#595699	REDUCE cov: 464 ft: 2000 corp: 576/63Kb lim: 1615 exec/s: 49641 rss: 552Mb L: 1099/1469 MS: 1 EraseBytes-
#595715	REDUCE cov: 464 ft: 2000 corp: 576/63Kb lim: 1615 exec/s: 49642 rss: 552Mb L: 78/1469 MS: 1 EraseBytes-
#596101	REDUCE cov: 464 ft: 2000 corp: 576/63Kb lim: 1615 exec/s: 49675 rss: 553Mb L: 5/1469 MS: 1 EraseBytes-
#596322	REDUCE cov: 464 ft: 2000 corp: 576/63Kb lim: 1615 exec/s: 49693 rss: 553Mb L: 257/1469 MS: 1 EraseBytes-
#596448	REDUCE cov: 464 ft: 2000 corp: 576/63Kb lim: 1615 exec/s: 49704 rss: 553Mb L: 40/1469 MS: 1 EraseBytes-
#596604	REDUCE cov: 464 ft: 2000 corp: 576/63Kb lim: 1615 exec/s: 49717 rss: 553Mb L: 174/1469 MS: 1 EraseBytes-
#596950	REDUCE cov: 464 ft: 2000 corp: 576/63Kb lim: 1615 exec/s: 49745 rss: 554Mb L: 24/1469 MS: 1 EraseBytes-
#597276	REDUCE cov: 464 ft: 2000 corp: 576/63Kb lim: 1615 exec/s: 49773 rss: 554Mb L: 601/1469 MS: 1 EraseBytes-
#598002	REDUCE cov: 464 ft: 2000 corp: 576/63Kb lim: 1615 exec/s: 49833 rss: 554Mb L: 32/1469 MS: 1 EraseBytes-
#598698	REDUCE cov: 464 ft: 2000 corp: 576/63Kb lim: 1615 exec/s: 49891 rss: 554Mb L: 10/1469 MS: 1 EraseBytes-
#598836	REDUCE cov: 464 ft: 2000 corp: 576/63Kb lim: 1615 exec/s: 49903 rss: 554Mb L: 372/1469 MS: 3 ChangeASCIIInt-ChangeASCIIInt-EraseBytes-
#598928	REDUCE cov: 464 ft: 2000 corp: 576/63Kb lim: 1615 exec/s: 49910 rss: 554Mb L: 69/1469 MS: 2 ChangeBinInt-EraseBytes-
#600119	REDUCE cov: 464 ft: 2000 corp: 576/62Kb lim: 1625 exec/s: 50009 rss: 554Mb L: 922/1469 MS: 1 EraseBytes-
#601590	REDUCE cov: 464 ft: 2000 corp: 576/62Kb lim: 1635 exec/s: 50132 rss: 554Mb L: 28/1469 MS: 1 EraseBytes-
#601808	REDUCE cov: 464 ft: 2000 corp: 576/62Kb lim: 1635 exec/s: 50150 rss: 554Mb L: 612/1469 MS: 3 CMP-ManualDict-EraseBytes- DE: "null"-"NULL object value"-
#601999	REDUCE cov: 464 ft: 2008 corp: 577/63Kb lim: 1635 exec/s: 50166 rss: 554Mb L: 1099/1469 MS: 1 CopyPart-
#603695	REDUCE cov: 464 ft: 2008 corp: 577/63Kb lim: 1645 exec/s: 50307 rss: 554Mb L: 861/1469 MS: 1 EraseBytes-
#603997	REDUCE cov: 464 ft: 2008 corp: 577/63Kb lim: 1645 exec/s: 50333 rss: 554Mb L: 775/1469 MS: 2 CrossOver-EraseBytes-
#604073	REDUCE cov: 464 ft: 2008 corp: 577/63Kb lim: 1645 exec/s: 50339 rss: 554Mb L: 20/1469 MS: 1 EraseBytes-
#606130	REDUCE cov: 464 ft: 2008 corp: 577/63Kb lim: 1665 exec/s: 50510 rss: 555Mb L: 980/1469 MS: 2 ShuffleBytes-EraseBytes-
#606341	REDUCE cov: 464 ft: 2008 corp: 577/63Kb lim: 1665 exec/s: 50528 rss: 555Mb L: 198/1469 MS: 1 EraseBytes-
#607137	REDUCE cov: 464 ft: 2008 corp: 577/63Kb lim: 1665 exec/s: 50594 rss: 555Mb L: 32/1469 MS: 1 EraseBytes-
#607953	REDUCE cov: 464 ft: 2008 corp: 577/63Kb lim: 1665 exec/s: 50662 rss: 555Mb L: 37/1469 MS: 1 EraseBytes-
#608634	REDUCE cov: 464 ft: 2008 corp: 577/63Kb lim: 1665 exec/s: 50719 rss: 555Mb L: 414/1469 MS: 1 EraseBytes-
#609175	REDUCE cov: 464 ft: 2008 corp: 577/63Kb lim: 1665 exec/s: 50764 rss: 555Mb L: 32/1469 MS: 1 EraseBytes-
#610047	REDUCE cov: 464 ft: 2009 corp: 578/64Kb lim: 1665 exec/s: 50837 rss: 555Mb L: 1256/1469 MS: 2 CopyPart-ChangeByte-
#610575	REDUCE cov: 464 ft: 2009 corp: 578/64Kb lim: 1665 exec/s: 50881 rss: 555Mb L: 129/1469 MS: 3 InsertByte-ChangeBit-EraseBytes-
#610908	REDUCE cov: 464 ft: 2009 corp: 578/63Kb lim: 1665 exec/s: 50909 rss: 555Mb L: 766/1469 MS: 3 ChangeBit-CopyPart-EraseBytes-
#611124	REDUCE cov: 464 ft: 2009 corp: 578/63Kb lim: 1665 exec/s: 50927 rss: 555Mb L: 736/1469 MS: 1 EraseBytes-
#612272	REDUCE cov: 464 ft: 2009 corp: 578/63Kb lim: 1675 exec/s: 51022 rss: 555Mb L: 442/1469 MS: 3 ShuffleBytes-ChangeASCIIInt-EraseBytes-
#612650	REDUCE cov: 464 ft: 2009 corp: 578/63Kb lim: 1675 exec/s: 51054 rss: 555Mb L: 349/1469 MS: 3 ManualDict-CrossOver-EraseBytes- DE: ": "-
#613137	REDUCE cov: 464 ft: 2009 corp: 578/63Kb lim: 1675 exec/s: 51094 rss: 555Mb L: 35/1469 MS: 2 ChangeASCIIInt-EraseBytes-
#614378	REDUCE cov: 464 ft: 2009 corp: 578/63Kb lim: 1685 exec/s: 51198 rss: 558Mb L: 141/1469 MS: 1 EraseBytes-
#614661	REDUCE cov: 464 ft: 2009 corp: 578/63Kb lim: 1685 exec/s: 51221 rss: 559Mb L: 524/1469 MS: 3 ShuffleBytes-ShuffleBytes-EraseBytes-
#615127	NEW    cov: 464 ft: 2011 corp: 579/65Kb lim: 1685 exec/s: 51260 rss: 559Mb L: 1684/1684 MS: 1 CopyPart-
#615482	REDUCE cov: 464 ft: 2014 corp: 580/66Kb lim: 1685 exec/s: 51290 rss: 559Mb L: 876/1684 MS: 5 CopyPart-InsertByte-EraseBytes-ChangeBinInt-CopyPart-
#615713	REDUCE cov: 464 ft: 2015 corp: 581/66Kb lim: 1685 exec/s: 51309 rss: 559Mb L: 99/1684 MS: 1 CopyPart-
#615724	REDUCE cov: 464 ft: 2015 corp: 581/66Kb lim: 1685 exec/s: 51310 rss: 559Mb L: 18/1684 MS: 1 EraseBytes-
#616693	REDUCE cov: 464 ft: 2015 corp: 581/66Kb lim: 1685 exec/s: 51391 rss: 559Mb L: 21/1684 MS: 4 ShuffleBytes-ChangeBit-CopyPart-EraseBytes-
#617209	REDUCE cov: 464 ft: 2044 corp: 582/66Kb lim: 1685 exec/s: 51434 rss: 559Mb L: 666/1684 MS: 1 CopyPart-
#617750	REDUCE cov: 464 ft: 2044 corp: 582/66Kb lim: 1685 exec/s: 51479 rss: 559Mb L: 33/1684 MS: 1 EraseBytes-
#617987	REDUCE cov: 464 ft: 2052 corp: 583/67Kb lim: 1685 exec/s: 51498 rss: 559Mb L: 180/1684 MS: 2 ChangeByte-CopyPart-
#618198	REDUCE cov: 464 ft: 2052 corp: 583/67Kb lim: 1685 exec/s: 51516 rss: 559Mb L: 448/1684 MS: 1 EraseBytes-
#618504	REDUCE cov: 464 ft: 2052 corp: 583/67Kb lim: 1685 exec/s: 51542 rss: 559Mb L: 70/1684 MS: 1 EraseBytes-
#618988	REDUCE cov: 464 ft: 2052 corp: 583/66Kb lim: 1685 exec/s: 51582 rss: 559Mb L: 322/1684 MS: 4 ManualDict-ChangeBinInt-InsertRepeatedBytes-EraseBytes- DE: "unexpected newline"-
#619743	REDUCE cov: 464 ft: 2052 corp: 583/66Kb lim: 1685 exec/s: 51645 rss: 559Mb L: 507/1684 MS: 5 InsertRepeatedBytes-PersAutoDict-InsertRepeatedBytes-InsertByte-EraseBytes- DE: "\001\000\000z"-
#620187	REDUCE cov: 464 ft: 2052 corp: 583/66Kb lim: 1685 exec/s: 51682 rss: 559Mb L: 597/1684 MS: 4 ManualDict-ManualDict-ShuffleBytes-EraseBytes- DE: "Invalid floating point value"-"<root>"-
#621223	REDUCE cov: 464 ft: 2052 corp: 583/66Kb lim: 1695 exec/s: 51768 rss: 559Mb L: 513/1684 MS: 1 EraseBytes-
#621260	REDUCE cov: 464 ft: 2052 corp: 583/66Kb lim: 1695 exec/s: 51771 rss: 559Mb L: 618/1684 MS: 2 InsertByte-EraseBytes-
#621909	REDUCE cov: 464 ft: 2052 corp: 583/66Kb lim: 1695 exec/s: 51825 rss: 559Mb L: 246/1684 MS: 4 ShuffleBytes-CrossOver-ShuffleBytes-CrossOver-
#622576	REDUCE cov: 464 ft: 2052 corp: 583/66Kb lim: 1695 exec/s: 51881 rss: 559Mb L: 76/1684 MS: 2 CopyPart-EraseBytes-
#622944	REDUCE cov: 464 ft: 2052 corp: 583/66Kb lim: 1695 exec/s: 51912 rss: 559Mb L: 85/1684 MS: 3 ChangeBinInt-ShuffleBytes-EraseBytes-
#622995	REDUCE cov: 464 ft: 2052 corp: 583/66Kb lim: 1695 exec/s: 51916 rss: 559Mb L: 19/1684 MS: 1 EraseBytes-
#623066	REDUCE cov: 464 ft: 2052 corp: 583/66Kb lim: 1695 exec/s: 51922 rss: 559Mb L: 439/1684 MS: 1 EraseBytes-
#623068	REDUCE cov: 464 ft: 2052 corp: 583/66Kb lim: 1695 exec/s: 51922 rss: 559Mb L: 15/1684 MS: 2 InsertRepeatedBytes-EraseBytes-
#623435	REDUCE cov: 464 ft: 2052 corp: 583/66Kb lim: 1695 exec/s: 51952 rss: 559Mb L: 490/1684 MS: 2 ChangeBinInt-EraseBytes-
#624346	REDUCE cov: 464 ft: 2052 corp: 583/66Kb lim: 1695 exec/s: 52028 rss: 559Mb L: 191/1684 MS: 1 EraseBytes-
#624442	REDUCE cov: 464 ft: 2052 corp: 583/66Kb lim: 1695 exec/s: 52036 rss: 559Mb L: 984/1684 MS: 1 EraseBytes-
#625602	REDUCE cov: 464 ft: 2052 corp: 583/66Kb lim: 1705 exec/s: 52133 rss: 559Mb L: 63/1684 MS: 5 ChangeBinInt-ChangeBinInt-CopyPart-ShuffleBytes-EraseBytes-
#625783	REDUCE cov: 464 ft: 2052 corp: 583/66Kb lim: 1705 exec/s: 52148 rss: 559Mb L: 24/1684 MS: 1 EraseBytes-
#625929	REDUCE cov: 464 ft: 2052 corp: 583/65Kb lim: 1705 exec/s: 52160 rss: 559Mb L: 428/1684 MS: 1 EraseBytes-
#626565	REDUCE cov: 464 ft: 2052 corp: 583/65Kb lim: 1705 exec/s: 52213 rss: 559Mb L: 37/1684 MS: 1 EraseBytes-
#628124	REDUCE cov: 464 ft: 2053 corp: 584/66Kb lim: 1715 exec/s: 52343 rss: 559Mb L: 26/1684 MS: 4 ChangeByte-CopyPart-CMP-CopyPart- DE: "false"-
#629270	REDUCE cov: 464 ft: 2053 corp: 584/66Kb lim: 1725 exec/s: 52439 rss: 559Mb L: 9/1684 MS: 1 EraseBytes-
#630091	REDUCE cov: 464 ft: 2053 corp: 584/65Kb lim: 1725 exec/s: 52507 rss: 559Mb L: 58/1684 MS: 1 EraseBytes-
#630414	REDUCE cov: 464 ft: 2053 corp: 584/65Kb lim: 1725 exec/s: 52534 rss: 560Mb L: 17/1684 MS: 3 CopyPart-ChangeBit-EraseBytes-
#630650	REDUCE cov: 464 ft: 2053 corp: 584/65Kb lim: 1725 exec/s: 52554 rss: 560Mb L: 258/1684 MS: 1 EraseBytes-
#630741	REDUCE cov: 464 ft: 2053 corp: 584/65Kb lim: 1725 exec/s: 52561 rss: 560Mb L: 18/1684 MS: 1 EraseBytes-
#632207	REDUCE cov: 464 ft: 2053 corp: 584/65Kb lim: 1735 exec/s: 52683 rss: 560Mb L: 19/1684 MS: 1 EraseBytes-
#633054	REDUCE cov: 464 ft: 2053 corp: 584/65Kb lim: 1735 exec/s: 52754 rss: 560Mb L: 424/1684 MS: 2 InsertByte-EraseBytes-
#634765	REDUCE cov: 464 ft: 2055 corp: 585/67Kb lim: 1745 exec/s: 48828 rss: 561Mb L: 1618/1684 MS: 1 CopyPart-
#634968	REDUCE cov: 464 ft: 2056 corp: 586/69Kb lim: 1745 exec/s: 48843 rss: 561Mb L: 1599/1684 MS: 3 CopyPart-CopyPart-CopyPart-
#636349	NEW    cov: 464 ft: 2057 corp: 587/70Kb lim: 1755 exec/s: 48949 rss: 561Mb L: 1717/1717 MS: 1 CopyPart-
#636381	REDUCE cov: 464 ft: 2057 corp: 587/70Kb lim: 1755 exec/s: 48952 rss: 561Mb L: 66/1717 MS: 2 ChangeASCIIInt-EraseBytes-
#636913	REDUCE cov: 464 ft: 2057 corp: 587/70Kb lim: 1755 exec/s: 48993 rss: 561Mb L: 250/1717 MS: 2 InsertRepeatedBytes-EraseBytes-
#636920	REDUCE cov: 464 ft: 2057 corp: 587/70Kb lim: 1755 exec/s: 48993 rss: 561Mb L: 565/1717 MS: 2 ShuffleBytes-EraseBytes-
#637393	REDUCE cov: 464 ft: 2057 corp: 587/70Kb lim: 1755 exec/s: 49030 rss: 561Mb L: 256/1717 MS: 3 ChangeBit-ChangeASCIIInt-EraseBytes-
#638339	REDUCE cov: 464 ft: 2057 corp: 587/70Kb lim: 1755 exec/s: 49103 rss: 561Mb L: 36/1717 MS: 1 EraseBytes-
#638723	NEW    cov: 464 ft: 2059 corp: 588/72Kb lim: 1755 exec/s: 49132 rss: 561Mb L: 1715/1717 MS: 4 ManualDict-ChangeASCIIInt-ChangeASCIIInt-CopyPart- DE: "Unexpected end of format string"-
#639464	REDUCE cov: 464 ft: 2059 corp: 588/72Kb lim: 1755 exec/s: 49189 rss: 561Mb L: 25/1717 MS: 1 EraseBytes-
#640465	REDUCE cov: 464 ft: 2059 corp: 588/72Kb lim: 1755 exec/s: 49266 rss: 561Mb L: 12/1717 MS: 1 EraseBytes-
#640831	REDUCE cov: 464 ft: 2059 corp: 588/72Kb lim: 1755 exec/s: 49294 rss: 561Mb L: 307/1717 MS: 1 EraseBytes-
#641112	REDUCE cov: 464 ft: 2059 corp: 588/72Kb lim: 1755 exec/s: 49316 rss: 561Mb L: 37/1717 MS: 1 EraseBytes-
#641229	REDUCE cov: 464 ft: 2059 corp: 588/72Kb lim: 1755 exec/s: 49325 rss: 561Mb L: 12/1717 MS: 2 ChangeBit-EraseBytes-
#641471	REDUCE cov: 464 ft: 2059 corp: 588/72Kb lim: 1755 exec/s: 49343 rss: 561Mb L: 28/1717 MS: 2 CrossOver-EraseBytes-
#642218	REDUCE cov: 464 ft: 2059 corp: 588/72Kb lim: 1755 exec/s: 49401 rss: 562Mb L: 371/1717 MS: 2 ChangeBinInt-EraseBytes-
#642704	REDUCE cov: 464 ft: 2059 corp: 588/72Kb lim: 1755 exec/s: 49438 rss: 562Mb L: 18/1717 MS: 1 EraseBytes-
#643937	REDUCE cov: 464 ft: 2059 corp: 588/72Kb lim: 1765 exec/s: 49533 rss: 562Mb L: 317/1717 MS: 3 PersAutoDict-ChangeByte-EraseBytes- DE: "NULL object key"-
#644003	REDUCE cov: 464 ft: 2059 corp: 588/72Kb lim: 1765 exec/s: 49538 rss: 562Mb L: 15/1717 MS: 1 EraseBytes-
#644114	REDUCE cov: 464 ft: 2059 corp: 588/72Kb lim: 1765 exec/s: 49547 rss: 562Mb L: 144/1717 MS: 1 EraseBytes-
#644165	REDUCE cov: 464 ft: 2059 corp: 588/72Kb lim: 1765 exec/s: 49551 rss: 562Mb L: 253/1717 MS: 1 EraseBytes-
#644316	REDUCE cov: 464 ft: 2059 corp: 588/72Kb lim: 1765 exec/s: 49562 rss: 562Mb L: 330/1717 MS: 1 EraseBytes-
#644393	REDUCE cov: 464 ft: 2059 corp: 588/72Kb lim: 1765 exec/s: 49568 rss: 562Mb L: 306/1717 MS: 2 CopyPart-EraseBytes-
#645634	REDUCE cov: 464 ft: 2059 corp: 588/72Kb lim: 1775 exec/s: 49664 rss: 562Mb L: 30/1717 MS: 1 EraseBytes-
#646511	REDUCE cov: 464 ft: 2059 corp: 588/72Kb lim: 1775 exec/s: 49731 rss: 562Mb L: 80/1717 MS: 2 ChangeBinInt-EraseBytes-
#646599	REDUCE cov: 464 ft: 2059 corp: 588/71Kb lim: 1775 exec/s: 49738 rss: 562Mb L: 228/1717 MS: 3 ShuffleBytes-PersAutoDict-EraseBytes- DE: "ar"-
#648815	REDUCE cov: 464 ft: 2059 corp: 588/71Kb lim: 1795 exec/s: 49908 rss: 562Mb L: 231/1717 MS: 1 EraseBytes-
#649897	REDUCE cov: 464 ft: 2059 corp: 588/71Kb lim: 1805 exec/s: 49992 rss: 562Mb L: 20/1717 MS: 2 ChangeByte-EraseBytes-
#652361	REDUCE cov: 464 ft: 2059 corp: 588/71Kb lim: 1825 exec/s: 50181 rss: 562Mb L: 27/1717 MS: 4 ChangeASCIIInt-InsertByte-ShuffleBytes-EraseBytes-
#653118	REDUCE cov: 464 ft: 2059 corp: 588/71Kb lim: 1825 exec/s: 50239 rss: 562Mb L: 16/1717 MS: 2 CopyPart-EraseBytes-
#653369	NEW    cov: 464 ft: 2060 corp: 589/71Kb lim: 1825 exec/s: 50259 rss: 562Mb L: 51/1717 MS: 1 ChangeBit-
#654765	REDUCE cov: 464 ft: 2060 corp: 589/71Kb lim: 1835 exec/s: 50366 rss: 562Mb L: 53/1717 MS: 1 EraseBytes-
#656046	REDUCE cov: 464 ft: 2060 corp: 589/71Kb lim: 1845 exec/s: 50465 rss: 562Mb L: 24/1717 MS: 1 EraseBytes-
#656534	REDUCE cov: 464 ft: 2060 corp: 589/71Kb lim: 1845 exec/s: 50502 rss: 562Mb L: 245/1717 MS: 3 ChangeBinInt-CMP-EraseBytes- DE: "3\000\000\000\000\000\000\000"-
#656685	REDUCE cov: 464 ft: 2060 corp: 589/71Kb lim: 1845 exec/s: 50514 rss: 563Mb L: 44/1717 MS: 1 EraseBytes-
#656957	REDUCE cov: 464 ft: 2060 corp: 589/71Kb lim: 1845 exec/s: 50535 rss: 563Mb L: 201/1717 MS: 2 CopyPart-EraseBytes-
#657939	REDUCE cov: 464 ft: 2060 corp: 589/71Kb lim: 1845 exec/s: 50610 rss: 563Mb L: 251/1717 MS: 2 ChangeByte-EraseBytes-
#658020	REDUCE cov: 464 ft: 2060 corp: 589/71Kb lim: 1845 exec/s: 50616 rss: 563Mb L: 9/1717 MS: 1 EraseBytes-
#659601	REDUCE cov: 464 ft: 2060 corp: 589/71Kb lim: 1855 exec/s: 50738 rss: 563Mb L: 3/1717 MS: 1 EraseBytes-
#659917	NEW    cov: 464 ft: 2061 corp: 590/73Kb lim: 1855 exec/s: 50762 rss: 563Mb L: 1181/1717 MS: 1 CopyPart-
#660289	REDUCE cov: 464 ft: 2061 corp: 590/73Kb lim: 1855 exec/s: 50791 rss: 563Mb L: 24/1717 MS: 2 CopyPart-EraseBytes-
#661665	REDUCE cov: 464 ft: 2061 corp: 590/72Kb lim: 1865 exec/s: 50897 rss: 563Mb L: 189/1717 MS: 1 EraseBytes-
#662096	REDUCE cov: 464 ft: 2061 corp: 590/72Kb lim: 1865 exec/s: 50930 rss: 563Mb L: 126/1717 MS: 1 EraseBytes-
#662367	REDUCE cov: 464 ft: 2061 corp: 590/72Kb lim: 1865 exec/s: 50951 rss: 563Mb L: 23/1717 MS: 1 EraseBytes-
#662633	REDUCE cov: 464 ft: 2061 corp: 590/72Kb lim: 1865 exec/s: 50971 rss: 563Mb L: 8/1717 MS: 1 EraseBytes-
#662859	REDUCE cov: 464 ft: 2061 corp: 590/72Kb lim: 1865 exec/s: 50989 rss: 563Mb L: 358/1717 MS: 1 EraseBytes-
#663740	NEW    cov: 464 ft: 2065 corp: 591/74Kb lim: 1865 exec/s: 51056 rss: 563Mb L: 1733/1733 MS: 1 CopyPart-
#664381	REDUCE cov: 464 ft: 2065 corp: 591/74Kb lim: 1865 exec/s: 51106 rss: 563Mb L: 34/1733 MS: 1 EraseBytes-
#665683	REDUCE cov: 464 ft: 2065 corp: 591/74Kb lim: 1875 exec/s: 51206 rss: 563Mb L: 7/1733 MS: 2 ChangeByte-EraseBytes-
#666088	REDUCE cov: 464 ft: 2065 corp: 591/74Kb lim: 1875 exec/s: 51237 rss: 563Mb L: 216/1733 MS: 5 ChangeBinInt-ManualDict-ChangeByte-ChangeByte-EraseBytes- DE: "invalid Unicode escape '%.6s'"-
#666789	REDUCE cov: 464 ft: 2065 corp: 591/74Kb lim: 1875 exec/s: 51291 rss: 563Mb L: 19/1733 MS: 1 EraseBytes-
#667235	REDUCE cov: 464 ft: 2068 corp: 592/76Kb lim: 1875 exec/s: 51325 rss: 563Mb L: 1780/1780 MS: 1 CrossOver-
#668876	NEW    cov: 464 ft: 2069 corp: 593/76Kb lim: 1885 exec/s: 51452 rss: 563Mb L: 81/1780 MS: 1 CopyPart-
#668997	REDUCE cov: 464 ft: 2075 corp: 594/76Kb lim: 1885 exec/s: 51461 rss: 563Mb L: 44/1780 MS: 1 ChangeByte-
#669315	REDUCE cov: 464 ft: 2075 corp: 594/76Kb lim: 1885 exec/s: 51485 rss: 563Mb L: 1652/1780 MS: 3 CrossOver-InsertByte-EraseBytes-
#669937	REDUCE cov: 464 ft: 2075 corp: 594/76Kb lim: 1885 exec/s: 51533 rss: 563Mb L: 68/1780 MS: 2 ChangeASCIIInt-EraseBytes-
#670259	REDUCE cov: 464 ft: 2075 corp: 594/76Kb lim: 1885 exec/s: 51558 rss: 563Mb L: 1138/1780 MS: 2 ChangeBit-EraseBytes-
#670925	REDUCE cov: 464 ft: 2075 corp: 594/76Kb lim: 1885 exec/s: 51609 rss: 563Mb L: 112/1780 MS: 1 EraseBytes-
#671099	REDUCE cov: 464 ft: 2075 corp: 594/76Kb lim: 1885 exec/s: 51623 rss: 563Mb L: 223/1780 MS: 4 PersAutoDict-CrossOver-PersAutoDict-EraseBytes- DE: "y\000\000\000\000\000\000\000"-"\001/"-
#673256	REDUCE cov: 464 ft: 2075 corp: 594/76Kb lim: 1905 exec/s: 51788 rss: 563Mb L: 20/1780 MS: 2 ChangeASCIIInt-EraseBytes-
#674544	REDUCE cov: 464 ft: 2076 corp: 595/78Kb lim: 1915 exec/s: 48181 rss: 564Mb L: 1856/1856 MS: 3 PersAutoDict-EraseBytes-CopyPart- DE: "Un"-
#674575	REDUCE cov: 464 ft: 2076 corp: 595/78Kb lim: 1915 exec/s: 48183 rss: 564Mb L: 19/1856 MS: 1 EraseBytes-
#675277	REDUCE cov: 464 ft: 2076 corp: 595/78Kb lim: 1915 exec/s: 48234 rss: 564Mb L: 61/1856 MS: 2 ChangeASCIIInt-EraseBytes-
#675578	REDUCE cov: 464 ft: 2076 corp: 595/78Kb lim: 1915 exec/s: 48255 rss: 564Mb L: 47/1856 MS: 1 EraseBytes-
#676617	REDUCE cov: 464 ft: 2076 corp: 595/78Kb lim: 1925 exec/s: 48329 rss: 564Mb L: 38/1856 MS: 4 ChangeBinInt-ChangeByte-ChangeASCIIInt-EraseBytes-
#677329	REDUCE cov: 464 ft: 2076 corp: 595/78Kb lim: 1925 exec/s: 48380 rss: 564Mb L: 16/1856 MS: 2 CrossOver-EraseBytes-
#677586	REDUCE cov: 464 ft: 2076 corp: 595/78Kb lim: 1925 exec/s: 48399 rss: 564Mb L: 485/1856 MS: 2 ShuffleBytes-EraseBytes-
#677847	REDUCE cov: 464 ft: 2076 corp: 595/78Kb lim: 1925 exec/s: 48417 rss: 564Mb L: 19/1856 MS: 1 EraseBytes-
#678018	NEW    cov: 464 ft: 2077 corp: 596/79Kb lim: 1925 exec/s: 48429 rss: 564Mb L: 1857/1857 MS: 1 InsertByte-
#679571	REDUCE cov: 464 ft: 2079 corp: 597/81Kb lim: 1935 exec/s: 48540 rss: 564Mb L: 1191/1857 MS: 3 CopyPart-ManualDict-EraseBytes- DE: "<unknown>"-
#680274	REDUCE cov: 464 ft: 2079 corp: 597/81Kb lim: 1935 exec/s: 48591 rss: 564Mb L: 1098/1857 MS: 3 InsertRepeatedBytes-InsertRepeatedBytes-EraseBytes-
#681495	REDUCE cov: 464 ft: 2079 corp: 597/80Kb lim: 1945 exec/s: 48678 rss: 564Mb L: 184/1857 MS: 1 EraseBytes-
#681622	REDUCE cov: 464 ft: 2079 corp: 597/80Kb lim: 1945 exec/s: 48687 rss: 564Mb L: 622/1857 MS: 2 ChangeByte-EraseBytes-
#683136	REDUCE cov: 464 ft: 2079 corp: 597/80Kb lim: 1955 exec/s: 48795 rss: 564Mb L: 1560/1857 MS: 4 CrossOver-ManualDict-ChangeASCIIInt-EraseBytes- DE: "<buffer>"-
#683193	REDUCE cov: 464 ft: 2079 corp: 597/80Kb lim: 1955 exec/s: 48799 rss: 564Mb L: 111/1857 MS: 2 InsertByte-EraseBytes-
#683629	REDUCE cov: 464 ft: 2079 corp: 597/80Kb lim: 1955 exec/s: 48830 rss: 564Mb L: 6/1857 MS: 1 EraseBytes-
#684870	REDUCE cov: 464 ft: 2079 corp: 597/80Kb lim: 1965 exec/s: 48919 rss: 564Mb L: 16/1857 MS: 1 EraseBytes-
#686839	REDUCE cov: 464 ft: 2079 corp: 597/80Kb lim: 1975 exec/s: 49059 rss: 564Mb L: 86/1857 MS: 4 EraseBytes-ShuffleBytes-InsertByte-EraseBytes-
#687533	REDUCE cov: 464 ft: 2079 corp: 597/80Kb lim: 1975 exec/s: 49109 rss: 565Mb L: 187/1857 MS: 4 InsertRepeatedBytes-PersAutoDict-ChangeBinInt-EraseBytes- DE: "null"-
#688380	REDUCE cov: 464 ft: 2079 corp: 597/80Kb lim: 1975 exec/s: 49170 rss: 565Mb L: 382/1857 MS: 2 ManualDict-EraseBytes- DE: "too big integer"-
#688651	REDUCE cov: 464 ft: 2079 corp: 597/80Kb lim: 1975 exec/s: 49189 rss: 565Mb L: 70/1857 MS: 1 EraseBytes-
#689082	REDUCE cov: 464 ft: 2079 corp: 597/80Kb lim: 1975 exec/s: 49220 rss: 565Mb L: 34/1857 MS: 1 EraseBytes-
#689315	REDUCE cov: 464 ft: 2079 corp: 597/80Kb lim: 1975 exec/s: 49236 rss: 565Mb L: 246/1857 MS: 3 InsertByte-ChangeASCIIInt-EraseBytes-
#691416	REDUCE cov: 464 ft: 2079 corp: 597/80Kb lim: 1995 exec/s: 49386 rss: 565Mb L: 89/1857 MS: 1 EraseBytes-
#691452	REDUCE cov: 464 ft: 2079 corp: 597/80Kb lim: 1995 exec/s: 49389 rss: 565Mb L: 84/1857 MS: 1 EraseBytes-
#691701	REDUCE cov: 464 ft: 2079 corp: 597/80Kb lim: 1995 exec/s: 49407 rss: 565Mb L: 410/1857 MS: 4 ManualDict-ShuffleBytes-ChangeByte-EraseBytes- DE: "<stdin>"-
#693927	REDUCE cov: 464 ft: 2079 corp: 597/80Kb lim: 2015 exec/s: 49566 rss: 565Mb L: 1589/1857 MS: 1 EraseBytes-
#694113	REDUCE cov: 464 ft: 2079 corp: 597/80Kb lim: 2015 exec/s: 49579 rss: 565Mb L: 198/1857 MS: 1 EraseBytes-
#695044	REDUCE cov: 464 ft: 2079 corp: 597/80Kb lim: 2015 exec/s: 49646 rss: 566Mb L: 35/1857 MS: 1 EraseBytes-
#697515	REDUCE cov: 464 ft: 2079 corp: 597/79Kb lim: 2035 exec/s: 49822 rss: 566Mb L: 171/1857 MS: 1 EraseBytes-
#698246	REDUCE cov: 464 ft: 2079 corp: 597/79Kb lim: 2035 exec/s: 49874 rss: 566Mb L: 743/1857 MS: 1 EraseBytes-
#699763	REDUCE cov: 464 ft: 2079 corp: 597/79Kb lim: 2045 exec/s: 49983 rss: 566Mb L: 287/1857 MS: 2 ChangeBit-EraseBytes-
#701239	REDUCE cov: 464 ft: 2079 corp: 597/79Kb lim: 2055 exec/s: 50088 rss: 568Mb L: 11/1857 MS: 1 EraseBytes-
#702066	REDUCE cov: 464 ft: 2079 corp: 597/79Kb lim: 2055 exec/s: 50147 rss: 569Mb L: 254/1857 MS: 2 ShuffleBytes-EraseBytes-
#702067	REDUCE cov: 464 ft: 2079 corp: 597/79Kb lim: 2055 exec/s: 50147 rss: 569Mb L: 528/1857 MS: 1 EraseBytes-
#702900	REDUCE cov: 464 ft: 2079 corp: 597/79Kb lim: 2055 exec/s: 50207 rss: 569Mb L: 81/1857 MS: 3 ChangeBinInt-ChangeBit-EraseBytes-
#702937	REDUCE cov: 464 ft: 2079 corp: 597/79Kb lim: 2055 exec/s: 50209 rss: 569Mb L: 60/1857 MS: 2 ChangeASCIIInt-EraseBytes-
#703188	REDUCE cov: 464 ft: 2079 corp: 597/79Kb lim: 2055 exec/s: 50227 rss: 569Mb L: 597/1857 MS: 1 EraseBytes-
#703239	REDUCE cov: 464 ft: 2079 corp: 597/79Kb lim: 2055 exec/s: 50231 rss: 569Mb L: 26/1857 MS: 1 EraseBytes-
#703745	REDUCE cov: 464 ft: 2079 corp: 597/79Kb lim: 2055 exec/s: 50267 rss: 569Mb L: 38/1857 MS: 1 EraseBytes-
#705534	REDUCE cov: 464 ft: 2079 corp: 597/79Kb lim: 2066 exec/s: 50395 rss: 569Mb L: 1052/1857 MS: 4 ChangeASCIIInt-InsertByte-ChangeBinInt-EraseBytes-
#706740	REDUCE cov: 464 ft: 2079 corp: 597/79Kb lim: 2077 exec/s: 50481 rss: 570Mb L: 12/1857 MS: 1 EraseBytes-
#707062	REDUCE cov: 464 ft: 2079 corp: 597/79Kb lim: 2077 exec/s: 50504 rss: 570Mb L: 120/1857 MS: 2 ChangeASCIIInt-EraseBytes-
#707408	REDUCE cov: 464 ft: 2079 corp: 597/79Kb lim: 2077 exec/s: 50529 rss: 570Mb L: 1745/1857 MS: 1 EraseBytes-
#708829	REDUCE cov: 464 ft: 2079 corp: 597/79Kb lim: 2088 exec/s: 47255 rss: 573Mb L: 124/1857 MS: 1 EraseBytes-
#709786	REDUCE cov: 464 ft: 2079 corp: 597/79Kb lim: 2088 exec/s: 47319 rss: 573Mb L: 1500/1857 MS: 2 ChangeBinInt-EraseBytes-
#709857	REDUCE cov: 464 ft: 2079 corp: 597/79Kb lim: 2088 exec/s: 47323 rss: 573Mb L: 29/1857 MS: 1 EraseBytes-
#710266	REDUCE cov: 464 ft: 2079 corp: 597/79Kb lim: 2088 exec/s: 47351 rss: 573Mb L: 244/1857 MS: 4 ChangeBinInt-CopyPart-PersAutoDict-EraseBytes- DE: "NULL string argument"-
#710522	REDUCE cov: 464 ft: 2079 corp: 597/79Kb lim: 2088 exec/s: 47368 rss: 573Mb L: 15/1857 MS: 1 EraseBytes-
#710538	REDUCE cov: 464 ft: 2079 corp: 597/79Kb lim: 2088 exec/s: 47369 rss: 573Mb L: 12/1857 MS: 1 EraseBytes-
#711957	REDUCE cov: 464 ft: 2079 corp: 597/79Kb lim: 2099 exec/s: 47463 rss: 573Mb L: 121/1857 MS: 4 ChangeASCIIInt-EraseBytes-ChangeByte-InsertByte-
#712039	REDUCE cov: 464 ft: 2079 corp: 597/79Kb lim: 2099 exec/s: 47469 rss: 573Mb L: 1027/1857 MS: 2 ManualDict-EraseBytes- DE: "Unexpected end of format string"-
#712070	REDUCE cov: 464 ft: 2079 corp: 597/79Kb lim: 2099 exec/s: 47471 rss: 573Mb L: 631/1857 MS: 1 EraseBytes-
#712236	REDUCE cov: 464 ft: 2079 corp: 597/79Kb lim: 2099 exec/s: 47482 rss: 573Mb L: 449/1857 MS: 1 EraseBytes-
#712692	REDUCE cov: 464 ft: 2079 corp: 597/79Kb lim: 2099 exec/s: 47512 rss: 573Mb L: 30/1857 MS: 1 EraseBytes-
#712808	REDUCE cov: 464 ft: 2079 corp: 597/79Kb lim: 2099 exec/s: 47520 rss: 573Mb L: 136/1857 MS: 1 EraseBytes-
#713212	REDUCE cov: 464 ft: 2079 corp: 597/79Kb lim: 2099 exec/s: 47547 rss: 573Mb L: 153/1857 MS: 4 CMP-ShuffleBytes-ChangeByte-EraseBytes- DE: "\000f"-
#714028	NEW    cov: 464 ft: 2087 corp: 598/81Kb lim: 2099 exec/s: 47601 rss: 573Mb L: 2074/2074 MS: 1 CopyPart-
#714604	NEW    cov: 464 ft: 2091 corp: 599/83Kb lim: 2099 exec/s: 47640 rss: 573Mb L: 2019/2074 MS: 1 CopyPart-
#715075	REDUCE cov: 464 ft: 2091 corp: 599/83Kb lim: 2099 exec/s: 47671 rss: 574Mb L: 149/2074 MS: 1 EraseBytes-
#715996	REDUCE cov: 464 ft: 2091 corp: 599/83Kb lim: 2099 exec/s: 47733 rss: 575Mb L: 371/2074 MS: 1 EraseBytes-
#716472	REDUCE cov: 464 ft: 2096 corp: 600/83Kb lim: 2099 exec/s: 47764 rss: 575Mb L: 13/2074 MS: 1 CopyPart-
#716538	REDUCE cov: 464 ft: 2096 corp: 600/83Kb lim: 2099 exec/s: 47769 rss: 575Mb L: 192/2074 MS: 1 EraseBytes-
#716830	REDUCE cov: 464 ft: 2096 corp: 600/83Kb lim: 2099 exec/s: 47788 rss: 575Mb L: 18/2074 MS: 2 ShuffleBytes-EraseBytes-
#716837	REDUCE cov: 464 ft: 2107 corp: 601/83Kb lim: 2099 exec/s: 47789 rss: 575Mb L: 53/2074 MS: 2 ChangeASCIIInt-CopyPart-
#717343	NEW    cov: 464 ft: 2109 corp: 602/85Kb lim: 2099 exec/s: 47822 rss: 575Mb L: 2020/2074 MS: 1 InsertByte-
#717945	REDUCE cov: 464 ft: 2109 corp: 602/85Kb lim: 2099 exec/s: 47863 rss: 575Mb L: 20/2074 MS: 2 ChangeBit-EraseBytes-
#718401	REDUCE cov: 464 ft: 2109 corp: 602/85Kb lim: 2099 exec/s: 47893 rss: 575Mb L: 48/2074 MS: 1 EraseBytes-
#718528	REDUCE cov: 464 ft: 2109 corp: 602/85Kb lim: 2099 exec/s: 47901 rss: 575Mb L: 176/2074 MS: 2 InsertByte-EraseBytes-
#718584	REDUCE cov: 464 ft: 2109 corp: 602/85Kb lim: 2099 exec/s: 47905 rss: 575Mb L: 306/2074 MS: 1 EraseBytes-
#719700	REDUCE cov: 464 ft: 2113 corp: 603/85Kb lim: 2110 exec/s: 47980 rss: 575Mb L: 29/2074 MS: 1 CopyPart-
#720118	REDUCE cov: 464 ft: 2113 corp: 603/85Kb lim: 2110 exec/s: 48007 rss: 575Mb L: 42/2074 MS: 3 CopyPart-ChangeBinInt-EraseBytes-
#722864	REDUCE cov: 464 ft: 2113 corp: 603/85Kb lim: 2132 exec/s: 48190 rss: 575Mb L: 36/2074 MS: 1 EraseBytes-
#723282	REDUCE cov: 464 ft: 2113 corp: 603/85Kb lim: 2132 exec/s: 48218 rss: 575Mb L: 165/2074 MS: 3 CopyPart-PersAutoDict-EraseBytes- DE: "u\000\000\000"-
#723303	REDUCE cov: 464 ft: 2113 corp: 603/85Kb lim: 2132 exec/s: 48220 rss: 575Mb L: 116/2074 MS: 1 EraseBytes-
#723400	REDUCE cov: 464 ft: 2113 corp: 603/85Kb lim: 2132 exec/s: 48226 rss: 575Mb L: 628/2074 MS: 2 ShuffleBytes-EraseBytes-
#723461	REDUCE cov: 464 ft: 2113 corp: 603/85Kb lim: 2132 exec/s: 48230 rss: 575Mb L: 1592/2074 MS: 1 EraseBytes-
#724832	REDUCE cov: 464 ft: 2113 corp: 603/85Kb lim: 2143 exec/s: 48322 rss: 575Mb L: 10/2074 MS: 1 EraseBytes-
#726442	REDUCE cov: 464 ft: 2113 corp: 603/85Kb lim: 2154 exec/s: 48429 rss: 575Mb L: 125/2074 MS: 5 CopyPart-CrossOver-CMP-ChangeASCIIInt-EraseBytes- DE: "\000 "-
#726565	REDUCE cov: 464 ft: 2113 corp: 603/85Kb lim: 2154 exec/s: 48437 rss: 575Mb L: 15/2074 MS: 3 InsertByte-ChangeBinInt-EraseBytes-
#726604	REDUCE cov: 464 ft: 2113 corp: 603/85Kb lim: 2154 exec/s: 48440 rss: 575Mb L: 93/2074 MS: 4 ChangeBinInt-CMP-InsertByte-EraseBytes- DE: "kkkk"-
#727426	NEW    cov: 464 ft: 2114 corp: 604/87Kb lim: 2154 exec/s: 48495 rss: 575Mb L: 2039/2074 MS: 2 CopyPart-CopyPart-
#728917	REDUCE cov: 464 ft: 2114 corp: 604/87Kb lim: 2165 exec/s: 48594 rss: 575Mb L: 25/2074 MS: 1 EraseBytes-
#729538	REDUCE cov: 464 ft: 2114 corp: 604/87Kb lim: 2165 exec/s: 48635 rss: 575Mb L: 132/2074 MS: 1 EraseBytes-
#729564	REDUCE cov: 464 ft: 2114 corp: 604/87Kb lim: 2165 exec/s: 48637 rss: 575Mb L: 69/2074 MS: 1 EraseBytes-
#730210	REDUCE cov: 464 ft: 2114 corp: 604/87Kb lim: 2165 exec/s: 48680 rss: 575Mb L: 490/2074 MS: 1 EraseBytes-
#730278	REDUCE cov: 464 ft: 2114 corp: 604/87Kb lim: 2165 exec/s: 48685 rss: 575Mb L: 11/2074 MS: 3 InsertByte-EraseBytes-ChangeByte-
#731749	REDUCE cov: 464 ft: 2114 corp: 604/87Kb lim: 2176 exec/s: 48783 rss: 575Mb L: 47/2074 MS: 1 EraseBytes-
#732202	REDUCE cov: 464 ft: 2114 corp: 604/86Kb lim: 2176 exec/s: 48813 rss: 575Mb L: 198/2074 MS: 3 ShuffleBytes-ShuffleBytes-EraseBytes-
#732296	REDUCE cov: 464 ft: 2114 corp: 604/86Kb lim: 2176 exec/s: 48819 rss: 575Mb L: 13/2074 MS: 4 ChangeByte-CopyPart-EraseBytes-InsertByte-
#732792	REDUCE cov: 464 ft: 2114 corp: 604/86Kb lim: 2176 exec/s: 48852 rss: 575Mb L: 1026/2074 MS: 1 EraseBytes-
#732909	REDUCE cov: 464 ft: 2114 corp: 604/86Kb lim: 2176 exec/s: 48860 rss: 575Mb L: 411/2074 MS: 2 ChangeBinInt-EraseBytes-
#732915	REDUCE cov: 464 ft: 2114 corp: 604/86Kb lim: 2176 exec/s: 48861 rss: 575Mb L: 31/2074 MS: 1 EraseBytes-
#734376	REDUCE cov: 464 ft: 2114 corp: 604/86Kb lim: 2187 exec/s: 48958 rss: 575Mb L: 173/2074 MS: 1 EraseBytes-
#735014	REDUCE cov: 464 ft: 2114 corp: 604/86Kb lim: 2187 exec/s: 49000 rss: 575Mb L: 439/2074 MS: 3 ChangeBit-ChangeBit-EraseBytes-
#735191	REDUCE cov: 464 ft: 2114 corp: 604/86Kb lim: 2187 exec/s: 49012 rss: 575Mb L: 28/2074 MS: 2 CrossOver-EraseBytes-
#735423	REDUCE cov: 464 ft: 2114 corp: 604/86Kb lim: 2187 exec/s: 49028 rss: 575Mb L: 170/2074 MS: 2 ChangeASCIIInt-EraseBytes-
#735529	REDUCE cov: 464 ft: 2114 corp: 604/86Kb lim: 2187 exec/s: 49035 rss: 575Mb L: 13/2074 MS: 1 EraseBytes-
#735641	REDUCE cov: 464 ft: 2114 corp: 604/86Kb lim: 2187 exec/s: 49042 rss: 576Mb L: 732/2074 MS: 2 CopyPart-EraseBytes-
#736402	REDUCE cov: 464 ft: 2114 corp: 604/86Kb lim: 2187 exec/s: 49093 rss: 577Mb L: 113/2074 MS: 1 EraseBytes-
#736593	REDUCE cov: 464 ft: 2114 corp: 604/86Kb lim: 2187 exec/s: 49106 rss: 577Mb L: 147/2074 MS: 1 EraseBytes-
#736709	REDUCE cov: 464 ft: 2114 corp: 604/86Kb lim: 2187 exec/s: 49113 rss: 577Mb L: 1696/2074 MS: 1 EraseBytes-
#736985	REDUCE cov: 465 ft: 2115 corp: 605/88Kb lim: 2187 exec/s: 49132 rss: 577Mb L: 2173/2173 MS: 1 CopyPart-
#739265	REDUCE cov: 465 ft: 2115 corp: 605/88Kb lim: 2209 exec/s: 49284 rss: 577Mb L: 28/2173 MS: 5 ShuffleBytes-ChangeByte-ChangeBit-InsertByte-EraseBytes-
#739371	REDUCE cov: 465 ft: 2115 corp: 605/88Kb lim: 2209 exec/s: 49291 rss: 577Mb L: 65/2173 MS: 1 EraseBytes-
#739712	REDUCE cov: 465 ft: 2115 corp: 605/88Kb lim: 2209 exec/s: 49314 rss: 577Mb L: 1704/2173 MS: 1 EraseBytes-
#740863	REDUCE cov: 465 ft: 2115 corp: 605/88Kb lim: 2220 exec/s: 46303 rss: 577Mb L: 13/2173 MS: 1 EraseBytes-
#743805	REDUCE cov: 465 ft: 2115 corp: 605/88Kb lim: 2242 exec/s: 46487 rss: 579Mb L: 91/2173 MS: 2 CopyPart-EraseBytes-
#743816	NEW    cov: 465 ft: 2117 corp: 606/90Kb lim: 2242 exec/s: 46488 rss: 579Mb L: 1878/2173 MS: 1 CopyPart-
#744477	REDUCE cov: 465 ft: 2117 corp: 606/90Kb lim: 2242 exec/s: 46529 rss: 579Mb L: 19/2173 MS: 1 EraseBytes-
#745613	REDUCE cov: 465 ft: 2117 corp: 606/90Kb lim: 2253 exec/s: 46600 rss: 579Mb L: 12/2173 MS: 1 EraseBytes-
#746024	REDUCE cov: 465 ft: 2117 corp: 606/90Kb lim: 2253 exec/s: 46626 rss: 579Mb L: 795/2173 MS: 1 EraseBytes-
#746820	REDUCE cov: 465 ft: 2117 corp: 606/90Kb lim: 2253 exec/s: 46676 rss: 579Mb L: 368/2173 MS: 1 EraseBytes-
#749681	REDUCE cov: 465 ft: 2117 corp: 606/90Kb lim: 2275 exec/s: 46855 rss: 581Mb L: 21/2173 MS: 1 EraseBytes-
#750093	REDUCE cov: 465 ft: 2118 corp: 607/91Kb lim: 2275 exec/s: 46880 rss: 581Mb L: 1485/2173 MS: 2 InsertByte-CopyPart-
#752024	REDUCE cov: 465 ft: 2118 corp: 607/91Kb lim: 2286 exec/s: 47001 rss: 581Mb L: 59/2173 MS: 1 EraseBytes-
#754316	REDUCE cov: 465 ft: 2118 corp: 607/91Kb lim: 2308 exec/s: 47144 rss: 581Mb L: 143/2173 MS: 2 ShuffleBytes-EraseBytes-
#756717	REDUCE cov: 465 ft: 2118 corp: 607/91Kb lim: 2330 exec/s: 47294 rss: 581Mb L: 13/2173 MS: 1 EraseBytes-
#757137	REDUCE cov: 465 ft: 2118 corp: 607/91Kb lim: 2330 exec/s: 47321 rss: 581Mb L: 1979/2173 MS: 5 InsertRepeatedBytes-ChangeBinInt-ShuffleBytes-ChangeBit-CrossOver-
#757544	NEW    cov: 465 ft: 2120 corp: 608/94Kb lim: 2330 exec/s: 47346 rss: 581Mb L: 2236/2236 MS: 2 ManualDict-CopyPart- DE: "too big integer"-
#758355	REDUCE cov: 465 ft: 2120 corp: 608/94Kb lim: 2330 exec/s: 47397 rss: 581Mb L: 25/2236 MS: 1 EraseBytes-
#759251	REDUCE cov: 465 ft: 2120 corp: 608/94Kb lim: 2330 exec/s: 47453 rss: 581Mb L: 82/2236 MS: 1 EraseBytes-
#759442	REDUCE cov: 465 ft: 2120 corp: 608/93Kb lim: 2330 exec/s: 47465 rss: 581Mb L: 788/2236 MS: 1 EraseBytes-
#760093	REDUCE cov: 465 ft: 2120 corp: 608/93Kb lim: 2330 exec/s: 47505 rss: 581Mb L: 2070/2236 MS: 1 EraseBytes-
#761125	REDUCE cov: 465 ft: 2120 corp: 608/93Kb lim: 2330 exec/s: 47570 rss: 581Mb L: 77/2236 MS: 2 ShuffleBytes-EraseBytes-
#761551	REDUCE cov: 465 ft: 2120 corp: 608/93Kb lim: 2330 exec/s: 47596 rss: 581Mb L: 65/2236 MS: 1 EraseBytes-
#761807	REDUCE cov: 465 ft: 2120 corp: 608/93Kb lim: 2330 exec/s: 47612 rss: 581Mb L: 409/2236 MS: 1 EraseBytes-
#762558	REDUCE cov: 465 ft: 2120 corp: 608/93Kb lim: 2330 exec/s: 47659 rss: 581Mb L: 1610/2236 MS: 1 EraseBytes-
#763209	REDUCE cov: 465 ft: 2120 corp: 608/93Kb lim: 2330 exec/s: 47700 rss: 581Mb L: 120/2236 MS: 1 EraseBytes-
#764600	REDUCE cov: 465 ft: 2120 corp: 608/93Kb lim: 2341 exec/s: 47787 rss: 581Mb L: 9/2236 MS: 1 EraseBytes-
#765177	REDUCE cov: 465 ft: 2120 corp: 608/93Kb lim: 2341 exec/s: 47823 rss: 581Mb L: 16/2236 MS: 2 ChangeBit-EraseBytes-
#765543	REDUCE cov: 465 ft: 2120 corp: 608/93Kb lim: 2341 exec/s: 47846 rss: 581Mb L: 427/2236 MS: 1 EraseBytes-
#767329	REDUCE cov: 465 ft: 2120 corp: 608/93Kb lim: 2352 exec/s: 45137 rss: 581Mb L: 189/2236 MS: 1 EraseBytes-
#767655	REDUCE cov: 465 ft: 2120 corp: 608/93Kb lim: 2352 exec/s: 45156 rss: 581Mb L: 49/2236 MS: 1 EraseBytes-
#769587	REDUCE cov: 465 ft: 2120 corp: 608/93Kb lim: 2363 exec/s: 45269 rss: 581Mb L: 161/2236 MS: 2 CopyPart-EraseBytes-
#770429	REDUCE cov: 465 ft: 2120 corp: 608/93Kb lim: 2363 exec/s: 45319 rss: 581Mb L: 16/2236 MS: 2 ChangeByte-EraseBytes-
#771480	REDUCE cov: 465 ft: 2120 corp: 608/93Kb lim: 2363 exec/s: 45381 rss: 581Mb L: 1217/2236 MS: 1 EraseBytes-
#774211	REDUCE cov: 465 ft: 2120 corp: 608/93Kb lim: 2385 exec/s: 45541 rss: 581Mb L: 13/2236 MS: 1 EraseBytes-
#774701	REDUCE cov: 465 ft: 2120 corp: 608/93Kb lim: 2385 exec/s: 45570 rss: 581Mb L: 66/2236 MS: 5 ManualDict-CMP-ChangeByte-ChangeBit-EraseBytes- DE: "{[siIbfFOon"-"tr"-
#775333	REDUCE cov: 465 ft: 2120 corp: 608/93Kb lim: 2385 exec/s: 45607 rss: 581Mb L: 22/2236 MS: 2 ChangeByte-EraseBytes-
#777224	REDUCE cov: 465 ft: 2120 corp: 608/93Kb lim: 2396 exec/s: 45719 rss: 581Mb L: 50/2236 MS: 1 EraseBytes-
#777250	REDUCE cov: 465 ft: 2120 corp: 608/93Kb lim: 2396 exec/s: 45720 rss: 581Mb L: 13/2236 MS: 1 EraseBytes-
#777666	REDUCE cov: 465 ft: 2120 corp: 608/93Kb lim: 2396 exec/s: 45745 rss: 581Mb L: 8/2236 MS: 1 EraseBytes-
#777787	REDUCE cov: 465 ft: 2120 corp: 608/93Kb lim: 2396 exec/s: 45752 rss: 581Mb L: 257/2236 MS: 1 EraseBytes-
#777803	REDUCE cov: 465 ft: 2122 corp: 609/93Kb lim: 2396 exec/s: 45753 rss: 581Mb L: 18/2236 MS: 1 ChangeByte-
#777864	REDUCE cov: 465 ft: 2124 corp: 610/93Kb lim: 2396 exec/s: 45756 rss: 581Mb L: 29/2236 MS: 1 CopyPart-
#778015	REDUCE cov: 465 ft: 2124 corp: 610/93Kb lim: 2396 exec/s: 45765 rss: 581Mb L: 9/2236 MS: 1 EraseBytes-
#778192	REDUCE cov: 465 ft: 2124 corp: 610/93Kb lim: 2396 exec/s: 45776 rss: 581Mb L: 146/2236 MS: 2 ChangeASCIIInt-EraseBytes-
#779848	REDUCE cov: 465 ft: 2124 corp: 610/93Kb lim: 2407 exec/s: 45873 rss: 581Mb L: 12/2236 MS: 1 EraseBytes-
#781377	REDUCE cov: 465 ft: 2124 corp: 610/93Kb lim: 2418 exec/s: 45963 rss: 581Mb L: 24/2236 MS: 4 CopyPart-ShuffleBytes-ShuffleBytes-EraseBytes-
#781663	REDUCE cov: 465 ft: 2124 corp: 610/93Kb lim: 2418 exec/s: 45980 rss: 581Mb L: 349/2236 MS: 1 EraseBytes-
#782789	REDUCE cov: 465 ft: 2124 corp: 610/93Kb lim: 2429 exec/s: 46046 rss: 581Mb L: 31/2236 MS: 1 EraseBytes-
#782947	NEW    cov: 465 ft: 2126 corp: 611/95Kb lim: 2429 exec/s: 46055 rss: 581Mb L: 1941/2236 MS: 3 CrossOver-InsertByte-ChangeBit-
#783198	REDUCE cov: 465 ft: 2126 corp: 611/95Kb lim: 2429 exec/s: 46070 rss: 581Mb L: 30/2236 MS: 1 EraseBytes-
#783979	REDUCE cov: 465 ft: 2136 corp: 612/95Kb lim: 2429 exec/s: 46116 rss: 581Mb L: 331/2236 MS: 1 CopyPart-
#784736	REDUCE cov: 465 ft: 2136 corp: 612/95Kb lim: 2429 exec/s: 46160 rss: 581Mb L: 1757/2236 MS: 2 InsertByte-EraseBytes-
#785129	REDUCE cov: 465 ft: 2136 corp: 612/94Kb lim: 2429 exec/s: 46184 rss: 581Mb L: 1412/2236 MS: 3 ChangeASCIIInt-CopyPart-EraseBytes-
#785581	REDUCE cov: 465 ft: 2136 corp: 612/94Kb lim: 2429 exec/s: 46210 rss: 581Mb L: 705/2236 MS: 2 CrossOver-EraseBytes-
#786208	REDUCE cov: 465 ft: 2136 corp: 612/94Kb lim: 2429 exec/s: 46247 rss: 582Mb L: 15/2236 MS: 2 CMP-EraseBytes- DE: "pn"-
#787549	REDUCE cov: 465 ft: 2136 corp: 612/94Kb lim: 2440 exec/s: 46326 rss: 582Mb L: 1370/2236 MS: 1 EraseBytes-
#787590	REDUCE cov: 465 ft: 2136 corp: 612/94Kb lim: 2440 exec/s: 46328 rss: 582Mb L: 1900/2236 MS: 1 EraseBytes-
#788557	REDUCE cov: 465 ft: 2136 corp: 612/94Kb lim: 2440 exec/s: 46385 rss: 582Mb L: 1279/2236 MS: 2 ShuffleBytes-EraseBytes-
#788633	REDUCE cov: 465 ft: 2136 corp: 612/94Kb lim: 2440 exec/s: 46390 rss: 582Mb L: 329/2236 MS: 1 EraseBytes-
#789199	REDUCE cov: 465 ft: 2138 corp: 613/96Kb lim: 2440 exec/s: 46423 rss: 582Mb L: 2280/2280 MS: 1 CopyPart-
#789551	REDUCE cov: 465 ft: 2138 corp: 613/96Kb lim: 2440 exec/s: 46444 rss: 582Mb L: 85/2280 MS: 2 CMP-EraseBytes- DE: "\001-"-
#792077	REDUCE cov: 465 ft: 2138 corp: 613/96Kb lim: 2462 exec/s: 46592 rss: 583Mb L: 27/2280 MS: 1 EraseBytes-
#792369	REDUCE cov: 465 ft: 2138 corp: 613/96Kb lim: 2462 exec/s: 46609 rss: 583Mb L: 780/2280 MS: 2 ManualDict-EraseBytes- DE: "<stream>"-
#792458	REDUCE cov: 465 ft: 2138 corp: 613/96Kb lim: 2462 exec/s: 46615 rss: 583Mb L: 705/2280 MS: 4 InsertRepeatedBytes-ChangeBit-ChangeBinInt-EraseBytes-
#792599	REDUCE cov: 465 ft: 2138 corp: 613/96Kb lim: 2462 exec/s: 46623 rss: 583Mb L: 14/2280 MS: 1 EraseBytes-
#793326	REDUCE cov: 465 ft: 2138 corp: 613/96Kb lim: 2462 exec/s: 46666 rss: 583Mb L: 137/2280 MS: 2 CopyPart-EraseBytes-
#793608	REDUCE cov: 465 ft: 2138 corp: 613/96Kb lim: 2462 exec/s: 46682 rss: 583Mb L: 145/2280 MS: 2 ShuffleBytes-EraseBytes-
#794729	REDUCE cov: 465 ft: 2138 corp: 613/96Kb lim: 2473 exec/s: 46748 rss: 583Mb L: 241/2280 MS: 1 EraseBytes-
#794870	REDUCE cov: 465 ft: 2138 corp: 613/96Kb lim: 2473 exec/s: 46757 rss: 583Mb L: 530/2280 MS: 1 EraseBytes-
#795841	REDUCE cov: 465 ft: 2138 corp: 613/96Kb lim: 2473 exec/s: 46814 rss: 583Mb L: 1814/2280 MS: 1 EraseBytes-
#795953	REDUCE cov: 465 ft: 2138 corp: 613/96Kb lim: 2473 exec/s: 46820 rss: 583Mb L: 15/2280 MS: 2 InsertByte-EraseBytes-
#796452	REDUCE cov: 465 ft: 2138 corp: 613/95Kb lim: 2473 exec/s: 46850 rss: 583Mb L: 636/2280 MS: 4 CopyPart-ManualDict-ChangeASCIIInt-EraseBytes- DE: "0x"-
#796648	REDUCE cov: 465 ft: 2138 corp: 613/95Kb lim: 2473 exec/s: 46861 rss: 583Mb L: 111/2280 MS: 1 EraseBytes-
#799469	REDUCE cov: 465 ft: 2138 corp: 613/95Kb lim: 2495 exec/s: 44414 rss: 583Mb L: 11/2280 MS: 1 EraseBytes-
#801585	NEW    cov: 465 ft: 2143 corp: 614/97Kb lim: 2506 exec/s: 44532 rss: 583Mb L: 1075/2280 MS: 1 CopyPart-
#801661	REDUCE cov: 465 ft: 2143 corp: 614/97Kb lim: 2506 exec/s: 44536 rss: 583Mb L: 16/2280 MS: 1 EraseBytes-
#802700	REDUCE cov: 465 ft: 2143 corp: 614/96Kb lim: 2506 exec/s: 44594 rss: 583Mb L: 343/2280 MS: 4 ChangeASCIIInt-ChangeBit-CopyPart-EraseBytes-
#803526	REDUCE cov: 465 ft: 2143 corp: 614/96Kb lim: 2506 exec/s: 44640 rss: 583Mb L: 52/2280 MS: 1 EraseBytes-
#804807	REDUCE cov: 465 ft: 2143 corp: 614/96Kb lim: 2517 exec/s: 44711 rss: 583Mb L: 12/2280 MS: 1 EraseBytes-
#805178	REDUCE cov: 465 ft: 2143 corp: 614/96Kb lim: 2517 exec/s: 44732 rss: 584Mb L: 22/2280 MS: 1 EraseBytes-
#805225	REDUCE cov: 465 ft: 2144 corp: 615/99Kb lim: 2517 exec/s: 44734 rss: 584Mb L: 2275/2280 MS: 2 ChangeByte-CopyPart-
#805456	REDUCE cov: 465 ft: 2144 corp: 615/99Kb lim: 2517 exec/s: 44747 rss: 584Mb L: 234/2280 MS: 1 EraseBytes-
#805902	REDUCE cov: 465 ft: 2144 corp: 615/99Kb lim: 2517 exec/s: 44772 rss: 584Mb L: 25/2280 MS: 1 EraseBytes-
#808593	REDUCE cov: 465 ft: 2144 corp: 615/99Kb lim: 2539 exec/s: 44921 rss: 584Mb L: 31/2280 MS: 1 EraseBytes-
#808704	REDUCE cov: 465 ft: 2144 corp: 615/99Kb lim: 2539 exec/s: 44928 rss: 584Mb L: 759/2280 MS: 1 EraseBytes-
#810600	REDUCE cov: 465 ft: 2144 corp: 615/98Kb lim: 2550 exec/s: 45033 rss: 584Mb L: 138/2280 MS: 1 CrossOver-
#810819	REDUCE cov: 465 ft: 2144 corp: 615/98Kb lim: 2550 exec/s: 45045 rss: 584Mb L: 15/2280 MS: 4 ManualDict-InsertByte-CrossOver-EraseBytes- DE: "<root>"-
#812913	REDUCE cov: 465 ft: 2144 corp: 615/98Kb lim: 2561 exec/s: 45161 rss: 584Mb L: 2117/2280 MS: 4 ChangeBinInt-ShuffleBytes-ChangeByte-EraseBytes-
#814039	REDUCE cov: 465 ft: 2144 corp: 615/98Kb lim: 2572 exec/s: 45224 rss: 584Mb L: 21/2280 MS: 1 EraseBytes-
#816475	REDUCE cov: 465 ft: 2144 corp: 615/98Kb lim: 2594 exec/s: 45359 rss: 584Mb L: 124/2280 MS: 1 EraseBytes-
#816776	REDUCE cov: 465 ft: 2144 corp: 615/98Kb lim: 2594 exec/s: 45376 rss: 584Mb L: 228/2280 MS: 1 EraseBytes-
#817922	REDUCE cov: 465 ft: 2144 corp: 615/98Kb lim: 2605 exec/s: 45440 rss: 584Mb L: 22/2280 MS: 1 EraseBytes-
#821278	REDUCE cov: 465 ft: 2144 corp: 615/98Kb lim: 2638 exec/s: 45626 rss: 584Mb L: 19/2280 MS: 1 EraseBytes-
#821359	REDUCE cov: 465 ft: 2171 corp: 616/101Kb lim: 2638 exec/s: 45631 rss: 584Mb L: 2633/2633 MS: 1 CopyPart-
#821410	REDUCE cov: 465 ft: 2171 corp: 616/101Kb lim: 2638 exec/s: 45633 rss: 584Mb L: 13/2633 MS: 1 EraseBytes-
#823773	REDUCE cov: 465 ft: 2171 corp: 616/101Kb lim: 2660 exec/s: 45765 rss: 584Mb L: 118/2633 MS: 3 ChangeBinInt-EraseBytes-ChangeBinInt-
#825644	REDUCE cov: 465 ft: 2171 corp: 616/100Kb lim: 2671 exec/s: 45869 rss: 584Mb L: 884/2633 MS: 1 EraseBytes-
#825758	REDUCE cov: 465 ft: 2171 corp: 616/100Kb lim: 2671 exec/s: 45875 rss: 584Mb L: 7/2633 MS: 4 ChangeBit-ChangeByte-ShuffleBytes-EraseBytes-
#828125	REDUCE cov: 465 ft: 2171 corp: 616/100Kb lim: 2693 exec/s: 46006 rss: 584Mb L: 22/2633 MS: 2 ChangeBinInt-EraseBytes-
#829511	REDUCE cov: 465 ft: 2171 corp: 616/100Kb lim: 2704 exec/s: 46083 rss: 584Mb L: 15/2633 MS: 1 EraseBytes-
#830477	REDUCE cov: 465 ft: 2171 corp: 616/100Kb lim: 2704 exec/s: 46137 rss: 584Mb L: 12/2633 MS: 1 EraseBytes-
#832218	REDUCE cov: 465 ft: 2171 corp: 616/100Kb lim: 2715 exec/s: 43800 rss: 584Mb L: 360/2633 MS: 1 EraseBytes-
#832289	REDUCE cov: 465 ft: 2171 corp: 616/100Kb lim: 2715 exec/s: 43804 rss: 584Mb L: 21/2633 MS: 1 EraseBytes-
#833610	REDUCE cov: 465 ft: 2171 corp: 616/100Kb lim: 2726 exec/s: 43874 rss: 584Mb L: 52/2633 MS: 1 EraseBytes-
#833693	REDUCE cov: 465 ft: 2171 corp: 616/100Kb lim: 2726 exec/s: 43878 rss: 584Mb L: 2068/2633 MS: 3 InsertRepeatedBytes-ChangeASCIIInt-EraseBytes-
#834044	REDUCE cov: 465 ft: 2171 corp: 616/100Kb lim: 2726 exec/s: 43897 rss: 584Mb L: 11/2633 MS: 1 EraseBytes-
#834299	REDUCE cov: 465 ft: 2171 corp: 616/100Kb lim: 2726 exec/s: 43910 rss: 584Mb L: 792/2633 MS: 5 ShuffleBytes-CopyPart-ShuffleBytes-ShuffleBytes-EraseBytes-
#835095	REDUCE cov: 465 ft: 2171 corp: 616/100Kb lim: 2726 exec/s: 43952 rss: 584Mb L: 114/2633 MS: 1 EraseBytes-
#836937	REDUCE cov: 465 ft: 2171 corp: 616/100Kb lim: 2737 exec/s: 44049 rss: 584Mb L: 1356/2633 MS: 2 CMP-EraseBytes- DE: "\377\377\377\377\377\377\377^"-
#837969	REDUCE cov: 465 ft: 2171 corp: 616/100Kb lim: 2737 exec/s: 44103 rss: 584Mb L: 770/2633 MS: 2 ChangeByte-EraseBytes-
#838352	REDUCE cov: 465 ft: 2171 corp: 616/100Kb lim: 2737 exec/s: 44123 rss: 584Mb L: 49/2633 MS: 3 ChangeByte-ShuffleBytes-EraseBytes-
#838453	REDUCE cov: 465 ft: 2171 corp: 616/100Kb lim: 2737 exec/s: 44129 rss: 584Mb L: 12/2633 MS: 1 EraseBytes-
#839036	REDUCE cov: 465 ft: 2171 corp: 616/100Kb lim: 2737 exec/s: 44159 rss: 584Mb L: 2035/2633 MS: 3 ChangeASCIIInt-ChangeBinInt-EraseBytes-
#839237	REDUCE cov: 465 ft: 2171 corp: 616/100Kb lim: 2737 exec/s: 44170 rss: 584Mb L: 870/2633 MS: 1 EraseBytes-
#839478	REDUCE cov: 465 ft: 2171 corp: 616/100Kb lim: 2737 exec/s: 44183 rss: 584Mb L: 9/2633 MS: 1 EraseBytes-
#840145	REDUCE cov: 465 ft: 2171 corp: 616/100Kb lim: 2737 exec/s: 44218 rss: 584Mb L: 107/2633 MS: 2 PersAutoDict-EraseBytes- DE: "too big integer"-
#840301	NEW    cov: 465 ft: 2173 corp: 617/101Kb lim: 2737 exec/s: 44226 rss: 584Mb L: 1242/2633 MS: 1 CopyPart-
#840573	REDUCE cov: 465 ft: 2173 corp: 617/101Kb lim: 2737 exec/s: 44240 rss: 584Mb L: 1136/2633 MS: 2 ShuffleBytes-EraseBytes-
#840634	REDUCE cov: 465 ft: 2173 corp: 617/101Kb lim: 2737 exec/s: 44243 rss: 584Mb L: 26/2633 MS: 1 EraseBytes-
#840808	REDUCE cov: 465 ft: 2173 corp: 617/101Kb lim: 2737 exec/s: 44253 rss: 584Mb L: 67/2633 MS: 4 ShuffleBytes-ChangeByte-ShuffleBytes-EraseBytes-
#841053	REDUCE cov: 465 ft: 2174 corp: 618/103Kb lim: 2737 exec/s: 44265 rss: 584Mb L: 2370/2633 MS: 5 ChangeBinInt-InsertRepeatedBytes-ShuffleBytes-ChangeBinInt-CopyPart-
#841549	REDUCE cov: 465 ft: 2174 corp: 618/103Kb lim: 2737 exec/s: 44292 rss: 585Mb L: 72/2633 MS: 1 EraseBytes-
#842040	REDUCE cov: 465 ft: 2174 corp: 618/103Kb lim: 2737 exec/s: 44317 rss: 585Mb L: 76/2633 MS: 1 EraseBytes-
#842209	REDUCE cov: 465 ft: 2176 corp: 619/106Kb lim: 2737 exec/s: 44326 rss: 585Mb L: 2707/2707 MS: 4 CopyPart-ChangeBinInt-CMP-CrossOver- DE: "\037\000\000\000"-
#842375	REDUCE cov: 465 ft: 2176 corp: 619/106Kb lim: 2737 exec/s: 44335 rss: 585Mb L: 26/2707 MS: 1 EraseBytes-
#843941	REDUCE cov: 465 ft: 2176 corp: 619/106Kb lim: 2748 exec/s: 44417 rss: 585Mb L: 52/2707 MS: 1 EraseBytes-
#844797	REDUCE cov: 465 ft: 2176 corp: 619/106Kb lim: 2748 exec/s: 44463 rss: 585Mb L: 212/2707 MS: 1 EraseBytes-
#845013	REDUCE cov: 465 ft: 2176 corp: 619/106Kb lim: 2748 exec/s: 44474 rss: 585Mb L: 1124/2707 MS: 1 EraseBytes-
#845424	REDUCE cov: 465 ft: 2176 corp: 619/106Kb lim: 2748 exec/s: 44496 rss: 585Mb L: 19/2707 MS: 1 EraseBytes-
#849380	REDUCE cov: 465 ft: 2176 corp: 619/106Kb lim: 2781 exec/s: 44704 rss: 585Mb L: 835/2707 MS: 1 EraseBytes-
#850346	REDUCE cov: 465 ft: 2176 corp: 619/106Kb lim: 2781 exec/s: 44755 rss: 585Mb L: 2349/2707 MS: 1 EraseBytes-
#850601	REDUCE cov: 465 ft: 2176 corp: 619/106Kb lim: 2781 exec/s: 44768 rss: 585Mb L: 388/2707 MS: 5 CopyPart-ChangeASCIIInt-ChangeByte-CopyPart-EraseBytes-
#850608	REDUCE cov: 465 ft: 2176 corp: 619/106Kb lim: 2781 exec/s: 44768 rss: 585Mb L: 18/2707 MS: 2 ChangeASCIIInt-EraseBytes-
#851159	REDUCE cov: 465 ft: 2176 corp: 619/106Kb lim: 2781 exec/s: 44797 rss: 585Mb L: 66/2707 MS: 1 EraseBytes-
#851580	REDUCE cov: 465 ft: 2176 corp: 619/106Kb lim: 2781 exec/s: 44820 rss: 585Mb L: 28/2707 MS: 1 EraseBytes-
#852468	REDUCE cov: 465 ft: 2176 corp: 619/106Kb lim: 2781 exec/s: 44866 rss: 585Mb L: 132/2707 MS: 3 ManualDict-ChangeByte-EraseBytes- DE: "invalid Unicode '\\\\u%04X'"-
#852749	REDUCE cov: 465 ft: 2176 corp: 619/106Kb lim: 2781 exec/s: 44881 rss: 585Mb L: 11/2707 MS: 1 EraseBytes-
#853025	REDUCE cov: 465 ft: 2176 corp: 619/106Kb lim: 2781 exec/s: 44896 rss: 585Mb L: 100/2707 MS: 1 EraseBytes-
#853500	REDUCE cov: 465 ft: 2176 corp: 619/106Kb lim: 2781 exec/s: 44921 rss: 585Mb L: 76/2707 MS: 5 ChangeASCIIInt-ShuffleBytes-ChangeBinInt-CMP-EraseBytes- DE: "NULL"-
#853556	REDUCE cov: 465 ft: 2176 corp: 619/106Kb lim: 2781 exec/s: 44924 rss: 585Mb L: 12/2707 MS: 1 EraseBytes-
#854602	REDUCE cov: 465 ft: 2176 corp: 619/106Kb lim: 2781 exec/s: 44979 rss: 585Mb L: 2219/2707 MS: 1 EraseBytes-
#856758	REDUCE cov: 465 ft: 2176 corp: 619/106Kb lim: 2792 exec/s: 45092 rss: 585Mb L: 69/2707 MS: 1 EraseBytes-
#857887	REDUCE cov: 465 ft: 2176 corp: 619/106Kb lim: 2803 exec/s: 45151 rss: 585Mb L: 67/2707 MS: 4 PersAutoDict-ChangeASCIIInt-PersAutoDict-EraseBytes- DE: "Un"-"Invalid floating point value"-
#857909	REDUCE cov: 465 ft: 2176 corp: 619/106Kb lim: 2803 exec/s: 45153 rss: 585Mb L: 51/2707 MS: 2 ChangeBinInt-EraseBytes-
#857981	REDUCE cov: 465 ft: 2176 corp: 619/106Kb lim: 2803 exec/s: 45156 rss: 585Mb L: 59/2707 MS: 2 ShuffleBytes-EraseBytes-
#865030	REDUCE cov: 465 ft: 2176 corp: 619/106Kb lim: 2869 exec/s: 43251 rss: 585Mb L: 153/2707 MS: 4 CopyPart-CopyPart-PersAutoDict-EraseBytes- DE: "\001\000\001\000"-
#865507	REDUCE cov: 465 ft: 2176 corp: 619/106Kb lim: 2869 exec/s: 43275 rss: 585Mb L: 757/2707 MS: 2 CopyPart-EraseBytes-
#869178	REDUCE cov: 465 ft: 2176 corp: 619/106Kb lim: 2902 exec/s: 43458 rss: 585Mb L: 283/2707 MS: 1 EraseBytes-
#869684	REDUCE cov: 465 ft: 2176 corp: 619/106Kb lim: 2902 exec/s: 43484 rss: 586Mb L: 94/2707 MS: 1 EraseBytes-
#871427	REDUCE cov: 465 ft: 2176 corp: 619/106Kb lim: 2913 exec/s: 43571 rss: 586Mb L: 30/2707 MS: 3 PersAutoDict-CMP-EraseBytes- DE: "NULL root value"-"\001\000\000e"-
#872278	REDUCE cov: 465 ft: 2176 corp: 619/106Kb lim: 2913 exec/s: 43613 rss: 586Mb L: 31/2707 MS: 1 EraseBytes-
#872655	REDUCE cov: 465 ft: 2176 corp: 619/106Kb lim: 2913 exec/s: 43632 rss: 586Mb L: 97/2707 MS: 2 CopyPart-EraseBytes-
#872906	REDUCE cov: 465 ft: 2176 corp: 619/106Kb lim: 2913 exec/s: 43645 rss: 586Mb L: 95/2707 MS: 1 EraseBytes-
#873548	REDUCE cov: 465 ft: 2176 corp: 619/106Kb lim: 2913 exec/s: 43677 rss: 586Mb L: 377/2707 MS: 2 CrossOver-EraseBytes-
#873904	REDUCE cov: 465 ft: 2177 corp: 620/106Kb lim: 2913 exec/s: 43695 rss: 586Mb L: 29/2707 MS: 1 CrossOver-
#874665	REDUCE cov: 465 ft: 2177 corp: 620/106Kb lim: 2913 exec/s: 43733 rss: 586Mb L: 12/2707 MS: 1 EraseBytes-
#875446	REDUCE cov: 465 ft: 2177 corp: 620/106Kb lim: 2913 exec/s: 43772 rss: 586Mb L: 28/2707 MS: 1 EraseBytes-
#876172	REDUCE cov: 465 ft: 2177 corp: 620/106Kb lim: 2913 exec/s: 43808 rss: 586Mb L: 45/2707 MS: 1 EraseBytes-
#876449	REDUCE cov: 465 ft: 2177 corp: 620/106Kb lim: 2913 exec/s: 43822 rss: 586Mb L: 2127/2707 MS: 2 CrossOver-EraseBytes-
#877125	REDUCE cov: 465 ft: 2177 corp: 620/105Kb lim: 2913 exec/s: 43856 rss: 586Mb L: 1682/2707 MS: 1 EraseBytes-
#879481	REDUCE cov: 465 ft: 2177 corp: 620/105Kb lim: 2935 exec/s: 43974 rss: 587Mb L: 1071/2707 MS: 1 EraseBytes-
#879934	REDUCE cov: 465 ft: 2177 corp: 620/105Kb lim: 2935 exec/s: 43996 rss: 587Mb L: 30/2707 MS: 3 ChangeBit-CrossOver-EraseBytes-
#879945	REDUCE cov: 465 ft: 2178 corp: 621/108Kb lim: 2935 exec/s: 43997 rss: 587Mb L: 2789/2789 MS: 1 CopyPart-
#881036	REDUCE cov: 465 ft: 2178 corp: 621/108Kb lim: 2935 exec/s: 44051 rss: 587Mb L: 82/2789 MS: 1 EraseBytes-
#881682	REDUCE cov: 465 ft: 2178 corp: 621/108Kb lim: 2935 exec/s: 44084 rss: 587Mb L: 61/2789 MS: 1 EraseBytes-
#882093	REDUCE cov: 465 ft: 2178 corp: 621/108Kb lim: 2935 exec/s: 44104 rss: 587Mb L: 23/2789 MS: 1 EraseBytes-
#883580	REDUCE cov: 465 ft: 2178 corp: 621/108Kb lim: 2946 exec/s: 44179 rss: 587Mb L: 2549/2789 MS: 2 ChangeBit-CrossOver-
#884628	REDUCE cov: 465 ft: 2178 corp: 621/108Kb lim: 2946 exec/s: 44231 rss: 587Mb L: 442/2789 MS: 3 ManualDict-PersAutoDict-EraseBytes- DE: "object key"-"faF"-
#884894	REDUCE cov: 465 ft: 2178 corp: 621/108Kb lim: 2946 exec/s: 44244 rss: 587Mb L: 93/2789 MS: 1 EraseBytes-
#884939	REDUCE cov: 465 ft: 2178 corp: 621/108Kb lim: 2946 exec/s: 44246 rss: 587Mb L: 65/2789 MS: 5 EraseBytes-ChangeByte-ChangeASCIIInt-ChangeASCIIInt-InsertRepeatedBytes-
#886395	REDUCE cov: 465 ft: 2178 corp: 621/108Kb lim: 2957 exec/s: 44319 rss: 588Mb L: 9/2789 MS: 1 EraseBytes-
#886867	REDUCE cov: 465 ft: 2179 corp: 622/108Kb lim: 2957 exec/s: 44343 rss: 588Mb L: 71/2789 MS: 2 CopyPart-CopyPart-
#888294	REDUCE cov: 465 ft: 2179 corp: 622/108Kb lim: 2968 exec/s: 44414 rss: 588Mb L: 629/2789 MS: 2 ChangeASCIIInt-EraseBytes-
#889010	REDUCE cov: 465 ft: 2179 corp: 622/108Kb lim: 2968 exec/s: 44450 rss: 588Mb L: 213/2789 MS: 1 EraseBytes-
#889807	REDUCE cov: 465 ft: 2179 corp: 622/108Kb lim: 2968 exec/s: 44490 rss: 588Mb L: 77/2789 MS: 2 EraseBytes-ManualDict- DE: "{[siIbfFOon"-
#890578	REDUCE cov: 465 ft: 2179 corp: 622/108Kb lim: 2968 exec/s: 44528 rss: 588Mb L: 13/2789 MS: 1 EraseBytes-
#891380	REDUCE cov: 465 ft: 2179 corp: 622/108Kb lim: 2968 exec/s: 44569 rss: 589Mb L: 1824/2789 MS: 2 CopyPart-EraseBytes-
#892961	REDUCE cov: 465 ft: 2179 corp: 622/108Kb lim: 2979 exec/s: 44648 rss: 589Mb L: 18/2789 MS: 1 EraseBytes-
#893052	NEW    cov: 465 ft: 2196 corp: 623/108Kb lim: 2979 exec/s: 44652 rss: 589Mb L: 115/2789 MS: 1 CopyPart-
#893058	REDUCE cov: 465 ft: 2196 corp: 623/108Kb lim: 2979 exec/s: 44652 rss: 589Mb L: 42/2789 MS: 1 EraseBytes-
#894449	REDUCE cov: 465 ft: 2196 corp: 623/108Kb lim: 2990 exec/s: 44722 rss: 589Mb L: 396/2789 MS: 1 EraseBytes-
#895105	REDUCE cov: 465 ft: 2196 corp: 623/108Kb lim: 2990 exec/s: 44755 rss: 589Mb L: 19/2789 MS: 1 EraseBytes-
#895872	REDUCE cov: 465 ft: 2196 corp: 623/108Kb lim: 2990 exec/s: 44793 rss: 589Mb L: 39/2789 MS: 2 ChangeBit-EraseBytes-
#895923	REDUCE cov: 465 ft: 2196 corp: 623/108Kb lim: 2990 exec/s: 44796 rss: 589Mb L: 328/2789 MS: 1 EraseBytes-
#897254	REDUCE cov: 465 ft: 2196 corp: 623/108Kb lim: 3001 exec/s: 42726 rss: 589Mb L: 12/2789 MS: 1 EraseBytes-
#898020	REDUCE cov: 465 ft: 2196 corp: 623/108Kb lim: 3001 exec/s: 42762 rss: 589Mb L: 713/2789 MS: 1 EraseBytes-
#900176	REDUCE cov: 465 ft: 2196 corp: 623/108Kb lim: 3012 exec/s: 42865 rss: 589Mb L: 56/2789 MS: 1 EraseBytes-
#901827	NEW    cov: 465 ft: 2197 corp: 624/110Kb lim: 3023 exec/s: 42944 rss: 589Mb L: 2275/2789 MS: 1 CopyPart-
#902004	REDUCE cov: 465 ft: 2202 corp: 625/110Kb lim: 3023 exec/s: 42952 rss: 589Mb L: 218/2789 MS: 2 EraseBytes-CopyPart-
#902581	REDUCE cov: 465 ft: 2202 corp: 625/110Kb lim: 3023 exec/s: 42980 rss: 589Mb L: 1814/2789 MS: 2 InsertByte-EraseBytes-
#904827	REDUCE cov: 465 ft: 2202 corp: 625/110Kb lim: 3045 exec/s: 43087 rss: 589Mb L: 6/2789 MS: 1 EraseBytes-
#905753	REDUCE cov: 465 ft: 2202 corp: 625/110Kb lim: 3045 exec/s: 43131 rss: 590Mb L: 29/2789 MS: 1 EraseBytes-
#905815	REDUCE cov: 465 ft: 2204 corp: 626/110Kb lim: 3045 exec/s: 43134 rss: 590Mb L: 21/2789 MS: 2 ChangeASCIIInt-CopyPart-
#906006	REDUCE cov: 465 ft: 2204 corp: 626/110Kb lim: 3045 exec/s: 43143 rss: 590Mb L: 24/2789 MS: 1 EraseBytes-
#906737	REDUCE cov: 465 ft: 2204 corp: 626/110Kb lim: 3045 exec/s: 43177 rss: 590Mb L: 17/2789 MS: 1 EraseBytes-
#907048	REDUCE cov: 465 ft: 2204 corp: 626/110Kb lim: 3045 exec/s: 43192 rss: 590Mb L: 1534/2789 MS: 1 EraseBytes-
#907362	REDUCE cov: 465 ft: 2204 corp: 626/110Kb lim: 3045 exec/s: 43207 rss: 590Mb L: 18/2789 MS: 4 CopyPart-CrossOver-ShuffleBytes-EraseBytes-
#907918	REDUCE cov: 465 ft: 2204 corp: 626/110Kb lim: 3045 exec/s: 43234 rss: 590Mb L: 214/2789 MS: 1 EraseBytes-
#908731	REDUCE cov: 465 ft: 2204 corp: 626/110Kb lim: 3045 exec/s: 43272 rss: 590Mb L: 7/2789 MS: 3 EraseBytes-EraseBytes-EraseBytes-
#909217	REDUCE cov: 465 ft: 2204 corp: 626/110Kb lim: 3045 exec/s: 43296 rss: 590Mb L: 70/2789 MS: 1 EraseBytes-
#910180	REDUCE cov: 465 ft: 2204 corp: 626/110Kb lim: 3045 exec/s: 43341 rss: 590Mb L: 251/2789 MS: 3 EraseBytes-ChangeBinInt-CopyPart-
#911186	REDUCE cov: 465 ft: 2204 corp: 626/110Kb lim: 3045 exec/s: 43389 rss: 590Mb L: 1821/2789 MS: 1 EraseBytes-
#914197	REDUCE cov: 465 ft: 2204 corp: 626/110Kb lim: 3067 exec/s: 43533 rss: 590Mb L: 11/2789 MS: 1 EraseBytes-
#914598	REDUCE cov: 465 ft: 2204 corp: 626/110Kb lim: 3067 exec/s: 43552 rss: 590Mb L: 117/2789 MS: 1 EraseBytes-
#915359	REDUCE cov: 465 ft: 2204 corp: 626/110Kb lim: 3067 exec/s: 43588 rss: 590Mb L: 2075/2789 MS: 1 EraseBytes-
#915415	REDUCE cov: 465 ft: 2204 corp: 626/110Kb lim: 3067 exec/s: 43591 rss: 590Mb L: 66/2789 MS: 1 EraseBytes-
#918006	REDUCE cov: 465 ft: 2204 corp: 626/110Kb lim: 3089 exec/s: 43714 rss: 591Mb L: 235/2789 MS: 1 EraseBytes-
#918027	REDUCE cov: 465 ft: 2204 corp: 626/110Kb lim: 3089 exec/s: 43715 rss: 591Mb L: 19/2789 MS: 1 EraseBytes-
#918488	REDUCE cov: 465 ft: 2204 corp: 626/110Kb lim: 3089 exec/s: 43737 rss: 591Mb L: 19/2789 MS: 1 EraseBytes-
#923149	REDUCE cov: 465 ft: 2204 corp: 626/110Kb lim: 3133 exec/s: 43959 rss: 591Mb L: 22/2789 MS: 1 EraseBytes-
#923195	REDUCE cov: 465 ft: 2204 corp: 626/110Kb lim: 3133 exec/s: 43961 rss: 591Mb L: 35/2789 MS: 1 EraseBytes-
#923611	REDUCE cov: 465 ft: 2204 corp: 626/110Kb lim: 3133 exec/s: 43981 rss: 591Mb L: 348/2789 MS: 1 EraseBytes-
#924717	REDUCE cov: 465 ft: 2204 corp: 626/110Kb lim: 3144 exec/s: 44034 rss: 591Mb L: 20/2789 MS: 1 EraseBytes-
#924959	REDUCE cov: 465 ft: 2204 corp: 626/110Kb lim: 3144 exec/s: 44045 rss: 591Mb L: 19/2789 MS: 2 ChangeASCIIInt-EraseBytes-
#925055	REDUCE cov: 465 ft: 2204 corp: 626/110Kb lim: 3144 exec/s: 44050 rss: 591Mb L: 75/2789 MS: 1 EraseBytes-
#925987	REDUCE cov: 465 ft: 2204 corp: 626/110Kb lim: 3144 exec/s: 44094 rss: 591Mb L: 150/2789 MS: 2 ShuffleBytes-EraseBytes-
#926068	REDUCE cov: 465 ft: 2204 corp: 626/110Kb lim: 3144 exec/s: 44098 rss: 591Mb L: 64/2789 MS: 1 EraseBytes-
#926618	REDUCE cov: 465 ft: 2204 corp: 626/110Kb lim: 3144 exec/s: 44124 rss: 591Mb L: 69/2789 MS: 5 ShuffleBytes-ChangeByte-CopyPart-PersAutoDict-EraseBytes- DE: "<args>"-
#927619	REDUCE cov: 465 ft: 2204 corp: 626/110Kb lim: 3144 exec/s: 44172 rss: 591Mb L: 5/2789 MS: 1 EraseBytes-
#927950	REDUCE cov: 465 ft: 2206 corp: 627/112Kb lim: 3144 exec/s: 44188 rss: 591Mb L: 2010/2789 MS: 1 CopyPart-
#929246	REDUCE cov: 465 ft: 2206 corp: 627/112Kb lim: 3155 exec/s: 42238 rss: 591Mb L: 16/2789 MS: 1 EraseBytes-
#930727	REDUCE cov: 465 ft: 2206 corp: 627/111Kb lim: 3166 exec/s: 42305 rss: 591Mb L: 1495/2789 MS: 1 EraseBytes-
#932278	REDUCE cov: 465 ft: 2206 corp: 627/111Kb lim: 3177 exec/s: 42376 rss: 591Mb L: 27/2789 MS: 1 EraseBytes-
#936834	REDUCE cov: 465 ft: 2206 corp: 627/111Kb lim: 3221 exec/s: 42583 rss: 592Mb L: 30/2789 MS: 1 EraseBytes-
#937053	REDUCE cov: 465 ft: 2206 corp: 627/111Kb lim: 3221 exec/s: 42593 rss: 592Mb L: 1728/2789 MS: 4 ChangeBit-ChangeBinInt-ShuffleBytes-EraseBytes-
#938539	REDUCE cov: 465 ft: 2206 corp: 627/111Kb lim: 3232 exec/s: 42660 rss: 592Mb L: 48/2789 MS: 1 EraseBytes-
#938946	REDUCE cov: 465 ft: 2206 corp: 627/111Kb lim: 3232 exec/s: 42679 rss: 592Mb L: 118/2789 MS: 2 ShuffleBytes-EraseBytes-
#939489	REDUCE cov: 465 ft: 2210 corp: 628/114Kb lim: 3232 exec/s: 42704 rss: 592Mb L: 2827/2827 MS: 3 InsertByte-ChangeBit-CopyPart-
#941965	REDUCE cov: 465 ft: 2210 corp: 628/114Kb lim: 3254 exec/s: 42816 rss: 592Mb L: 17/2827 MS: 1 EraseBytes-
#943191	REDUCE cov: 465 ft: 2210 corp: 628/114Kb lim: 3265 exec/s: 42872 rss: 592Mb L: 182/2827 MS: 1 EraseBytes-
#943234	REDUCE cov: 465 ft: 2210 corp: 628/114Kb lim: 3265 exec/s: 42874 rss: 592Mb L: 451/2827 MS: 3 PersAutoDict-PersAutoDict-EraseBytes- DE: "<stdin>"-"advapi32.dll"-
#944195	REDUCE cov: 465 ft: 2210 corp: 628/114Kb lim: 3265 exec/s: 42917 rss: 592Mb L: 160/2827 MS: 1 EraseBytes-
#946491	REDUCE cov: 465 ft: 2210 corp: 628/114Kb lim: 3287 exec/s: 43022 rss: 593Mb L: 1640/2827 MS: 1 EraseBytes-
#946541	REDUCE cov: 465 ft: 2210 corp: 628/114Kb lim: 3287 exec/s: 43024 rss: 593Mb L: 32/2827 MS: 5 ChangeASCIIInt-ShuffleBytes-ShuffleBytes-ShuffleBytes-EraseBytes-
#946733	REDUCE cov: 465 ft: 2210 corp: 628/114Kb lim: 3287 exec/s: 43033 rss: 593Mb L: 31/2827 MS: 2 ChangeASCIIInt-EraseBytes-
#948244	REDUCE cov: 465 ft: 2210 corp: 628/113Kb lim: 3298 exec/s: 43102 rss: 593Mb L: 84/2827 MS: 1 EraseBytes-
#951420	REDUCE cov: 465 ft: 2210 corp: 628/113Kb lim: 3320 exec/s: 43246 rss: 593Mb L: 80/2827 MS: 1 EraseBytes-
#951801	REDUCE cov: 465 ft: 2210 corp: 628/113Kb lim: 3320 exec/s: 43263 rss: 593Mb L: 51/2827 MS: 1 EraseBytes-
#952689	REDUCE cov: 465 ft: 2210 corp: 628/113Kb lim: 3320 exec/s: 43304 rss: 593Mb L: 12/2827 MS: 3 ChangeBit-ChangeBit-EraseBytes-
#956080	REDUCE cov: 465 ft: 2210 corp: 628/113Kb lim: 3353 exec/s: 43458 rss: 594Mb L: 14/2827 MS: 1 EraseBytes-
#957063	NEW    cov: 465 ft: 2211 corp: 629/116Kb lim: 3353 exec/s: 43502 rss: 594Mb L: 2860/2860 MS: 3 ChangeBit-InsertByte-ManualDict- DE: "invalid Unicode '\\\\u%04X\\\\u%04X'"-
#957289	REDUCE cov: 465 ft: 2211 corp: 629/116Kb lim: 3353 exec/s: 43513 rss: 594Mb L: 10/2860 MS: 1 EraseBytes-
#957420	REDUCE cov: 465 ft: 2211 corp: 629/116Kb lim: 3353 exec/s: 43519 rss: 594Mb L: 1310/2860 MS: 1 EraseBytes-
#957986	REDUCE cov: 465 ft: 2211 corp: 629/116Kb lim: 3353 exec/s: 43544 rss: 594Mb L: 1461/2860 MS: 1 EraseBytes-
#958537	REDUCE cov: 465 ft: 2211 corp: 629/116Kb lim: 3353 exec/s: 43569 rss: 594Mb L: 40/2860 MS: 1 EraseBytes-
#958589	NEW    cov: 465 ft: 2212 corp: 630/119Kb lim: 3353 exec/s: 43572 rss: 594Mb L: 2891/2891 MS: 2 ManualDict-ManualDict- DE: "NULL object value"-"invalid escape"-
#961791	REDUCE cov: 465 ft: 2212 corp: 630/119Kb lim: 3375 exec/s: 41817 rss: 594Mb L: 47/2891 MS: 2 CopyPart-EraseBytes-
#963187	REDUCE cov: 465 ft: 2212 corp: 630/119Kb lim: 3386 exec/s: 41877 rss: 594Mb L: 2704/2891 MS: 1 EraseBytes-
#964008	REDUCE cov: 465 ft: 2212 corp: 630/119Kb lim: 3386 exec/s: 41913 rss: 594Mb L: 23/2891 MS: 1 EraseBytes-
#966469	REDUCE cov: 465 ft: 2212 corp: 630/118Kb lim: 3408 exec/s: 42020 rss: 595Mb L: 2519/2827 MS: 1 EraseBytes-
#968065	REDUCE cov: 465 ft: 2212 corp: 630/118Kb lim: 3419 exec/s: 42089 rss: 595Mb L: 58/2827 MS: 1 EraseBytes-
#968677	REDUCE cov: 465 ft: 2212 corp: 630/118Kb lim: 3419 exec/s: 42116 rss: 595Mb L: 44/2827 MS: 2 ChangeASCIIInt-EraseBytes-
#970528	REDUCE cov: 465 ft: 2212 corp: 630/118Kb lim: 3430 exec/s: 42196 rss: 595Mb L: 78/2827 MS: 1 EraseBytes-
#970864	REDUCE cov: 465 ft: 2212 corp: 630/118Kb lim: 3430 exec/s: 42211 rss: 595Mb L: 23/2827 MS: 1 EraseBytes-
#970940	REDUCE cov: 465 ft: 2212 corp: 630/118Kb lim: 3430 exec/s: 42214 rss: 595Mb L: 834/2827 MS: 1 EraseBytes-
#971771	REDUCE cov: 465 ft: 2212 corp: 630/118Kb lim: 3430 exec/s: 42250 rss: 595Mb L: 137/2827 MS: 1 EraseBytes-
#971882	REDUCE cov: 465 ft: 2212 corp: 630/118Kb lim: 3430 exec/s: 42255 rss: 595Mb L: 219/2827 MS: 1 EraseBytes-
#972003	REDUCE cov: 465 ft: 2212 corp: 630/118Kb lim: 3430 exec/s: 42261 rss: 595Mb L: 68/2827 MS: 1 EraseBytes-
#972254	REDUCE cov: 465 ft: 2212 corp: 630/118Kb lim: 3430 exec/s: 42271 rss: 596Mb L: 458/2827 MS: 1 EraseBytes-
#972825	REDUCE cov: 465 ft: 2212 corp: 630/118Kb lim: 3430 exec/s: 42296 rss: 596Mb L: 31/2827 MS: 1 EraseBytes-
#973746	REDUCE cov: 465 ft: 2212 corp: 630/118Kb lim: 3430 exec/s: 42336 rss: 596Mb L: 18/2827 MS: 1 EraseBytes-
#976017	REDUCE cov: 465 ft: 2212 corp: 630/118Kb lim: 3452 exec/s: 42435 rss: 596Mb L: 19/2827 MS: 1 EraseBytes-
#976498	REDUCE cov: 465 ft: 2212 corp: 630/118Kb lim: 3452 exec/s: 42456 rss: 596Mb L: 37/2827 MS: 1 EraseBytes-
#977164	REDUCE cov: 465 ft: 2212 corp: 630/118Kb lim: 3452 exec/s: 42485 rss: 596Mb L: 43/2827 MS: 1 EraseBytes-
#977415	REDUCE cov: 465 ft: 2212 corp: 630/118Kb lim: 3452 exec/s: 42496 rss: 596Mb L: 2279/2827 MS: 1 EraseBytes-
#977716	REDUCE cov: 465 ft: 2212 corp: 630/118Kb lim: 3452 exec/s: 42509 rss: 596Mb L: 67/2827 MS: 1 EraseBytes-
#978133	REDUCE cov: 465 ft: 2212 corp: 630/118Kb lim: 3452 exec/s: 42527 rss: 596Mb L: 55/2827 MS: 2 CopyPart-EraseBytes-
#978151	REDUCE cov: 465 ft: 2212 corp: 630/118Kb lim: 3452 exec/s: 42528 rss: 596Mb L: 226/2827 MS: 3 PersAutoDict-ChangeByte-EraseBytes- DE: "y\000\000\000\000\000\000\000"-
#980252	REDUCE cov: 465 ft: 2212 corp: 630/118Kb lim: 3463 exec/s: 42619 rss: 597Mb L: 6/2827 MS: 1 EraseBytes-
#980629	REDUCE cov: 465 ft: 2212 corp: 630/118Kb lim: 3463 exec/s: 42636 rss: 597Mb L: 52/2827 MS: 2 CMP-EraseBytes- DE: "\377\377\377\377\377\377\377\377"-
#981651	REDUCE cov: 465 ft: 2213 corp: 631/122Kb lim: 3463 exec/s: 42680 rss: 597Mb L: 3436/3436 MS: 2 ChangeASCIIInt-CopyPart-
#983139	NEW    cov: 465 ft: 2215 corp: 632/122Kb lim: 3474 exec/s: 42745 rss: 597Mb L: 599/3436 MS: 3 CopyPart-ChangeASCIIInt-CopyPart-
#983400	REDUCE cov: 465 ft: 2215 corp: 632/122Kb lim: 3474 exec/s: 42756 rss: 597Mb L: 37/3436 MS: 1 EraseBytes-
#985483	REDUCE cov: 465 ft: 2215 corp: 632/122Kb lim: 3485 exec/s: 42847 rss: 597Mb L: 18/3436 MS: 3 InsertByte-CopyPart-EraseBytes-
#986050	REDUCE cov: 465 ft: 2215 corp: 632/122Kb lim: 3485 exec/s: 42871 rss: 598Mb L: 50/3436 MS: 2 ChangeASCIIInt-EraseBytes-
#986331	REDUCE cov: 465 ft: 2216 corp: 633/122Kb lim: 3485 exec/s: 42883 rss: 598Mb L: 31/3436 MS: 1 CopyPart-
#986798	REDUCE cov: 465 ft: 2218 corp: 634/122Kb lim: 3485 exec/s: 42904 rss: 598Mb L: 26/3436 MS: 2 ChangeASCIIInt-CopyPart-
#987954	NEW    cov: 465 ft: 2220 corp: 635/123Kb lim: 3496 exec/s: 42954 rss: 598Mb L: 1025/3436 MS: 1 CopyPart-
#988281	REDUCE cov: 465 ft: 2220 corp: 635/123Kb lim: 3496 exec/s: 42968 rss: 598Mb L: 33/3436 MS: 2 ShuffleBytes-EraseBytes-
#989533	REDUCE cov: 465 ft: 2221 corp: 636/127Kb lim: 3507 exec/s: 43023 rss: 598Mb L: 3418/3436 MS: 2 CrossOver-CopyPart-
#989564	REDUCE cov: 465 ft: 2221 corp: 636/127Kb lim: 3507 exec/s: 43024 rss: 598Mb L: 20/3436 MS: 1 EraseBytes-
#990020	REDUCE cov: 465 ft: 2221 corp: 636/127Kb lim: 3507 exec/s: 43044 rss: 598Mb L: 51/3436 MS: 1 EraseBytes-
#991308	REDUCE cov: 465 ft: 2221 corp: 636/127Kb lim: 3518 exec/s: 43100 rss: 598Mb L: 14/3436 MS: 3 PersAutoDict-InsertRepeatedBytes-EraseBytes- DE: "\001\000\000z"-
#992559	REDUCE cov: 465 ft: 2221 corp: 636/127Kb lim: 3529 exec/s: 41356 rss: 598Mb L: 52/3436 MS: 1 EraseBytes-
#992570	REDUCE cov: 465 ft: 2221 corp: 636/127Kb lim: 3529 exec/s: 41357 rss: 598Mb L: 10/3436 MS: 1 EraseBytes-
#992822	REDUCE cov: 465 ft: 2221 corp: 636/127Kb lim: 3529 exec/s: 41367 rss: 598Mb L: 19/3436 MS: 2 CopyPart-EraseBytes-
#993199	NEW    cov: 465 ft: 2222 corp: 637/127Kb lim: 3529 exec/s: 41383 rss: 598Mb L: 190/3436 MS: 2 InsertRepeatedBytes-CopyPart-
#993287	REDUCE cov: 465 ft: 2222 corp: 637/127Kb lim: 3529 exec/s: 41386 rss: 598Mb L: 1963/3436 MS: 3 CrossOver-ChangeBit-EraseBytes-
#993523	NEW    cov: 465 ft: 2223 corp: 638/130Kb lim: 3529 exec/s: 41396 rss: 599Mb L: 3513/3513 MS: 1 CopyPart-
#994404	REDUCE cov: 465 ft: 2223 corp: 638/130Kb lim: 3529 exec/s: 41433 rss: 599Mb L: 15/3513 MS: 1 EraseBytes-
#995150	REDUCE cov: 465 ft: 2223 corp: 638/130Kb lim: 3529 exec/s: 41464 rss: 599Mb L: 65/3513 MS: 1 EraseBytes-
#995177	REDUCE cov: 465 ft: 2223 corp: 638/130Kb lim: 3529 exec/s: 41465 rss: 599Mb L: 148/3513 MS: 2 EraseBytes-CrossOver-
#997110	REDUCE cov: 465 ft: 2223 corp: 638/130Kb lim: 3540 exec/s: 41546 rss: 599Mb L: 13/3513 MS: 3 ShuffleBytes-EraseBytes-EraseBytes-
#997721	REDUCE cov: 465 ft: 2223 corp: 638/130Kb lim: 3540 exec/s: 41571 rss: 599Mb L: 26/3513 MS: 1 EraseBytes-
#999397	NEW    cov: 465 ft: 2231 corp: 639/132Kb lim: 3551 exec/s: 41641 rss: 599Mb L: 1835/3513 MS: 1 CopyPart-
#999603	REDUCE cov: 465 ft: 2231 corp: 639/132Kb lim: 3551 exec/s: 41650 rss: 599Mb L: 387/3513 MS: 1 EraseBytes-
#1001354	REDUCE cov: 465 ft: 2231 corp: 639/132Kb lim: 3562 exec/s: 41723 rss: 599Mb L: 16/3513 MS: 1 EraseBytes-
#1001487	NEW    cov: 465 ft: 2232 corp: 640/133Kb lim: 3562 exec/s: 41728 rss: 599Mb L: 905/3513 MS: 3 ChangeASCIIInt-PersAutoDict-EraseBytes- DE: "tr"-
#1001853	REDUCE cov: 465 ft: 2232 corp: 640/132Kb lim: 3562 exec/s: 41743 rss: 599Mb L: 1051/3513 MS: 1 EraseBytes-
#1003034	REDUCE cov: 465 ft: 2232 corp: 640/132Kb lim: 3573 exec/s: 41793 rss: 599Mb L: 16/3513 MS: 1 EraseBytes-
#1003905	REDUCE cov: 465 ft: 2232 corp: 640/132Kb lim: 3573 exec/s: 41829 rss: 599Mb L: 21/3513 MS: 1 EraseBytes-
#1004506	REDUCE cov: 465 ft: 2234 corp: 641/136Kb lim: 3573 exec/s: 41854 rss: 599Mb L: 3159/3513 MS: 1 CopyPart-
#1005732	REDUCE cov: 465 ft: 2235 corp: 642/136Kb lim: 3584 exec/s: 41905 rss: 599Mb L: 99/3513 MS: 1 CopyPart-
#1006603	REDUCE cov: 465 ft: 2236 corp: 643/138Kb lim: 3584 exec/s: 41941 rss: 599Mb L: 2493/3513 MS: 1 CopyPart-
#1007349	REDUCE cov: 465 ft: 2236 corp: 643/138Kb lim: 3584 exec/s: 41972 rss: 599Mb L: 8/3513 MS: 1 EraseBytes-
#1007405	REDUCE cov: 465 ft: 2236 corp: 643/138Kb lim: 3584 exec/s: 41975 rss: 599Mb L: 1384/3513 MS: 1 EraseBytes-
#1010261	REDUCE cov: 465 ft: 2236 corp: 643/138Kb lim: 3606 exec/s: 42094 rss: 600Mb L: 389/3513 MS: 1 EraseBytes-
#1011446	REDUCE cov: 465 ft: 2236 corp: 643/138Kb lim: 3617 exec/s: 42143 rss: 600Mb L: 309/3513 MS: 5 InsertRepeatedBytes-ChangeASCIIInt-ManualDict-InsertByte-EraseBytes- DE: "continuation byte"-
#1012317	REDUCE cov: 465 ft: 2236 corp: 643/138Kb lim: 3617 exec/s: 42179 rss: 600Mb L: 17/3513 MS: 1 EraseBytes-
#1012703	REDUCE cov: 465 ft: 2236 corp: 643/138Kb lim: 3617 exec/s: 42195 rss: 600Mb L: 502/3513 MS: 1 EraseBytes-
#1013074	REDUCE cov: 465 ft: 2236 corp: 643/138Kb lim: 3617 exec/s: 42211 rss: 600Mb L: 26/3513 MS: 1 EraseBytes-
#1013715	REDUCE cov: 465 ft: 2236 corp: 643/137Kb lim: 3617 exec/s: 42238 rss: 600Mb L: 2325/3513 MS: 1 CrossOver-
#1013986	NEW    cov: 465 ft: 2237 corp: 644/138Kb lim: 3617 exec/s: 42249 rss: 600Mb L: 193/3513 MS: 1 CopyPart-
#1014067	REDUCE cov: 465 ft: 2237 corp: 644/138Kb lim: 3617 exec/s: 42252 rss: 600Mb L: 8/3513 MS: 1 EraseBytes-
#1015308	REDUCE cov: 465 ft: 2237 corp: 644/138Kb lim: 3628 exec/s: 42304 rss: 600Mb L: 11/3513 MS: 1 EraseBytes-
#1016419	REDUCE cov: 465 ft: 2237 corp: 644/138Kb lim: 3639 exec/s: 42350 rss: 600Mb L: 366/3513 MS: 1 EraseBytes-
#1017085	REDUCE cov: 465 ft: 2237 corp: 644/138Kb lim: 3639 exec/s: 42378 rss: 600Mb L: 14/3513 MS: 1 EraseBytes-
#1017266	REDUCE cov: 465 ft: 2237 corp: 644/138Kb lim: 3639 exec/s: 42386 rss: 600Mb L: 12/3513 MS: 1 EraseBytes-
#1018212	REDUCE cov: 465 ft: 2237 corp: 644/138Kb lim: 3639 exec/s: 42425 rss: 600Mb L: 50/3513 MS: 1 EraseBytes-
#1018588	REDUCE cov: 465 ft: 2237 corp: 644/138Kb lim: 3639 exec/s: 42441 rss: 600Mb L: 2308/3513 MS: 1 EraseBytes-
#1018756	REDUCE cov: 465 ft: 2237 corp: 644/138Kb lim: 3639 exec/s: 42448 rss: 600Mb L: 32/3513 MS: 3 ChangeASCIIInt-ChangeByte-EraseBytes-
#1020998	REDUCE cov: 465 ft: 2237 corp: 644/137Kb lim: 3661 exec/s: 40839 rss: 601Mb L: 688/3513 MS: 2 InsertByte-EraseBytes-
#1022019	REDUCE cov: 465 ft: 2237 corp: 644/137Kb lim: 3661 exec/s: 40880 rss: 601Mb L: 39/3513 MS: 1 EraseBytes-
#1022165	REDUCE cov: 465 ft: 2237 corp: 644/137Kb lim: 3661 exec/s: 40886 rss: 601Mb L: 13/3513 MS: 1 EraseBytes-
#1022697	REDUCE cov: 465 ft: 2239 corp: 645/139Kb lim: 3661 exec/s: 40907 rss: 601Mb L: 2086/3513 MS: 2 EraseBytes-CopyPart-
#1023851	REDUCE cov: 465 ft: 2239 corp: 645/139Kb lim: 3672 exec/s: 40954 rss: 601Mb L: 661/3513 MS: 4 ChangeASCIIInt-InsertByte-CopyPart-EraseBytes-
#1024333	REDUCE cov: 465 ft: 2239 corp: 645/139Kb lim: 3672 exec/s: 40973 rss: 601Mb L: 13/3513 MS: 2 ChangeByte-EraseBytes-
#1024334	REDUCE cov: 465 ft: 2239 corp: 645/139Kb lim: 3672 exec/s: 40973 rss: 601Mb L: 57/3513 MS: 1 EraseBytes-
#1024830	REDUCE cov: 465 ft: 2239 corp: 645/139Kb lim: 3672 exec/s: 40993 rss: 601Mb L: 57/3513 MS: 1 EraseBytes-
#1025193	REDUCE cov: 465 ft: 2239 corp: 645/139Kb lim: 3672 exec/s: 41007 rss: 601Mb L: 1881/3513 MS: 3 ChangeBinInt-ShuffleBytes-CrossOver-
#1025725	NEW    cov: 465 ft: 2241 corp: 646/142Kb lim: 3672 exec/s: 41029 rss: 601Mb L: 3438/3513 MS: 2 InsertByte-InsertByte-
#1026126	REDUCE cov: 465 ft: 2241 corp: 646/142Kb lim: 3672 exec/s: 41045 rss: 602Mb L: 2123/3513 MS: 1 EraseBytes-
#1028242	REDUCE cov: 465 ft: 2241 corp: 646/142Kb lim: 3683 exec/s: 41129 rss: 602Mb L: 22/3513 MS: 1 EraseBytes-
#1028698	REDUCE cov: 465 ft: 2241 corp: 646/142Kb lim: 3683 exec/s: 41147 rss: 602Mb L: 3073/3513 MS: 1 EraseBytes-
#1031074	REDUCE cov: 465 ft: 2241 corp: 646/142Kb lim: 3705 exec/s: 41242 rss: 602Mb L: 328/3513 MS: 1 EraseBytes-
#1031755	REDUCE cov: 465 ft: 2241 corp: 646/142Kb lim: 3705 exec/s: 41270 rss: 602Mb L: 8/3513 MS: 1 EraseBytes-
#1033256	REDUCE cov: 465 ft: 2241 corp: 646/142Kb lim: 3716 exec/s: 41330 rss: 603Mb L: 52/3513 MS: 1 EraseBytes-
#1034147	REDUCE cov: 465 ft: 2241 corp: 646/142Kb lim: 3716 exec/s: 41365 rss: 603Mb L: 237/3513 MS: 1 EraseBytes-
#1034823	REDUCE cov: 465 ft: 2241 corp: 646/142Kb lim: 3716 exec/s: 41392 rss: 604Mb L: 9/3513 MS: 1 EraseBytes-
#1035649	REDUCE cov: 465 ft: 2241 corp: 646/142Kb lim: 3716 exec/s: 41425 rss: 604Mb L: 2076/3513 MS: 1 EraseBytes-
#1036333	REDUCE cov: 465 ft: 2241 corp: 646/142Kb lim: 3716 exec/s: 41453 rss: 604Mb L: 532/3513 MS: 4 InsertByte-ChangeBinInt-CrossOver-EraseBytes-
#1036834	REDUCE cov: 465 ft: 2241 corp: 646/142Kb lim: 3716 exec/s: 41473 rss: 604Mb L: 17/3513 MS: 1 EraseBytes-
#1037170	REDUCE cov: 465 ft: 2241 corp: 646/142Kb lim: 3716 exec/s: 41486 rss: 604Mb L: 162/3513 MS: 1 EraseBytes-
#1039408	REDUCE cov: 465 ft: 2241 corp: 646/142Kb lim: 3738 exec/s: 41576 rss: 604Mb L: 242/3513 MS: 3 ChangeASCIIInt-CMP-EraseBytes- DE: "\377\377\377\377\377\377\377\377"-
#1039625	REDUCE cov: 465 ft: 2241 corp: 646/142Kb lim: 3738 exec/s: 41585 rss: 604Mb L: 732/3513 MS: 2 ManualDict-EraseBytes- DE: "invalid Unicode escape '%.6s'"-
#1039753	REDUCE cov: 465 ft: 2241 corp: 646/142Kb lim: 3738 exec/s: 41590 rss: 604Mb L: 525/3513 MS: 3 ChangeBit-ShuffleBytes-EraseBytes-
#1040654	REDUCE cov: 465 ft: 2241 corp: 646/142Kb lim: 3738 exec/s: 41626 rss: 605Mb L: 2079/3513 MS: 1 EraseBytes-
#1041660	REDUCE cov: 465 ft: 2241 corp: 646/142Kb lim: 3738 exec/s: 41666 rss: 606Mb L: 14/3513 MS: 1 EraseBytes-
#1042621	REDUCE cov: 465 ft: 2241 corp: 646/142Kb lim: 3738 exec/s: 41704 rss: 606Mb L: 10/3513 MS: 1 EraseBytes-
#1046113	REDUCE cov: 465 ft: 2241 corp: 646/142Kb lim: 3771 exec/s: 41844 rss: 606Mb L: 5/3513 MS: 2 EraseBytes-CopyPart-
#1048129	REDUCE cov: 465 ft: 2241 corp: 646/142Kb lim: 3782 exec/s: 41925 rss: 606Mb L: 636/3513 MS: 1 EraseBytes-
#1048185	REDUCE cov: 465 ft: 2241 corp: 646/142Kb lim: 3782 exec/s: 41927 rss: 606Mb L: 18/3513 MS: 1 EraseBytes-
#1048576	pulse  cov: 465 ft: 2241 corp: 646/142Kb lim: 3782 exec/s: 41943 rss: 606Mb
#1050201	REDUCE cov: 465 ft: 2241 corp: 646/142Kb lim: 3793 exec/s: 40392 rss: 606Mb L: 6/3513 MS: 1 EraseBytes-
#1050418	REDUCE cov: 465 ft: 2241 corp: 646/142Kb lim: 3793 exec/s: 40400 rss: 606Mb L: 11/3513 MS: 2 CMP-EraseBytes- DE: "\000\000\000\000"-
#1052354	REDUCE cov: 465 ft: 2241 corp: 646/142Kb lim: 3804 exec/s: 40475 rss: 607Mb L: 60/3513 MS: 1 EraseBytes-
#1052955	REDUCE cov: 465 ft: 2241 corp: 646/142Kb lim: 3804 exec/s: 40498 rss: 607Mb L: 9/3513 MS: 1 EraseBytes-
#1053441	REDUCE cov: 465 ft: 2241 corp: 646/142Kb lim: 3804 exec/s: 40516 rss: 607Mb L: 38/3513 MS: 1 EraseBytes-
#1054503	REDUCE cov: 465 ft: 2241 corp: 646/142Kb lim: 3804 exec/s: 40557 rss: 607Mb L: 10/3513 MS: 2 ChangeByte-EraseBytes-
#1055540	REDUCE cov: 465 ft: 2241 corp: 646/142Kb lim: 3804 exec/s: 40597 rss: 607Mb L: 7/3513 MS: 2 ShuffleBytes-EraseBytes-
#1056016	REDUCE cov: 465 ft: 2241 corp: 646/142Kb lim: 3804 exec/s: 40616 rss: 607Mb L: 65/3513 MS: 1 EraseBytes-
#1056912	REDUCE cov: 465 ft: 2241 corp: 646/142Kb lim: 3804 exec/s: 40650 rss: 607Mb L: 16/3513 MS: 1 EraseBytes-
#1057378	REDUCE cov: 465 ft: 2241 corp: 646/142Kb lim: 3804 exec/s: 40668 rss: 607Mb L: 210/3513 MS: 1 EraseBytes-
#1057830	REDUCE cov: 465 ft: 2241 corp: 646/142Kb lim: 3804 exec/s: 40685 rss: 607Mb L: 19/3513 MS: 2 ChangeBit-EraseBytes-
#1060161	REDUCE cov: 465 ft: 2241 corp: 646/142Kb lim: 3826 exec/s: 40775 rss: 607Mb L: 5/3513 MS: 1 EraseBytes-
#1066857	REDUCE cov: 465 ft: 2241 corp: 646/141Kb lim: 3892 exec/s: 41032 rss: 607Mb L: 385/3513 MS: 1 EraseBytes-
#1067823	REDUCE cov: 465 ft: 2241 corp: 646/141Kb lim: 3892 exec/s: 41070 rss: 607Mb L: 182/3513 MS: 1 EraseBytes-
#1068089	REDUCE cov: 465 ft: 2241 corp: 646/141Kb lim: 3892 exec/s: 41080 rss: 607Mb L: 35/3513 MS: 1 EraseBytes-
#1069625	REDUCE cov: 465 ft: 2241 corp: 646/141Kb lim: 3903 exec/s: 41139 rss: 607Mb L: 2775/3513 MS: 1 EraseBytes-
#1069692	REDUCE cov: 465 ft: 2241 corp: 646/141Kb lim: 3903 exec/s: 41142 rss: 607Mb L: 20/3513 MS: 2 EraseBytes-CopyPart-
#1070284	REDUCE cov: 465 ft: 2241 corp: 646/141Kb lim: 3903 exec/s: 41164 rss: 607Mb L: 15/3513 MS: 2 ChangeASCIIInt-EraseBytes-
#1071492	REDUCE cov: 465 ft: 2241 corp: 646/141Kb lim: 3914 exec/s: 41211 rss: 607Mb L: 15/3513 MS: 3 ChangeBit-ChangeByte-EraseBytes-
#1071723	REDUCE cov: 465 ft: 2241 corp: 646/141Kb lim: 3914 exec/s: 41220 rss: 607Mb L: 121/3513 MS: 1 EraseBytes-
#1074419	REDUCE cov: 465 ft: 2241 corp: 646/141Kb lim: 3936 exec/s: 41323 rss: 608Mb L: 23/3513 MS: 1 EraseBytes-
#1074665	REDUCE cov: 465 ft: 2241 corp: 646/141Kb lim: 3936 exec/s: 41333 rss: 608Mb L: 982/3513 MS: 1 EraseBytes-
#1076592	REDUCE cov: 465 ft: 2241 corp: 646/141Kb lim: 3947 exec/s: 41407 rss: 608Mb L: 260/3513 MS: 2 ManualDict-EraseBytes- DE: "advapi32.dll"-
#1077308	REDUCE cov: 465 ft: 2241 corp: 646/141Kb lim: 3947 exec/s: 41434 rss: 608Mb L: 13/3513 MS: 1 EraseBytes-
#1077724	REDUCE cov: 465 ft: 2241 corp: 646/141Kb lim: 3947 exec/s: 41450 rss: 608Mb L: 235/3513 MS: 1 EraseBytes-
#1078205	REDUCE cov: 465 ft: 2241 corp: 646/141Kb lim: 3947 exec/s: 41469 rss: 608Mb L: 46/3513 MS: 1 EraseBytes-
#1078786	REDUCE cov: 465 ft: 2241 corp: 646/141Kb lim: 3947 exec/s: 41491 rss: 608Mb L: 7/3513 MS: 1 EraseBytes-
#1078857	REDUCE cov: 465 ft: 2241 corp: 646/141Kb lim: 3947 exec/s: 41494 rss: 608Mb L: 20/3513 MS: 1 EraseBytes-
#1079023	REDUCE cov: 465 ft: 2241 corp: 646/141Kb lim: 3947 exec/s: 39963 rss: 608Mb L: 158/3513 MS: 1 EraseBytes-
#1079549	REDUCE cov: 465 ft: 2241 corp: 646/141Kb lim: 3947 exec/s: 39983 rss: 608Mb L: 1839/3513 MS: 1 EraseBytes-
#1080460	REDUCE cov: 465 ft: 2241 corp: 646/141Kb lim: 3947 exec/s: 40017 rss: 608Mb L: 223/3513 MS: 1 EraseBytes-
#1081006	REDUCE cov: 465 ft: 2241 corp: 646/141Kb lim: 3947 exec/s: 40037 rss: 608Mb L: 6/3513 MS: 1 EraseBytes-
#1082817	REDUCE cov: 465 ft: 2241 corp: 646/141Kb lim: 3958 exec/s: 40104 rss: 608Mb L: 14/3513 MS: 1 EraseBytes-
#1084583	REDUCE cov: 465 ft: 2241 corp: 646/141Kb lim: 3969 exec/s: 40169 rss: 608Mb L: 3327/3513 MS: 1 EraseBytes-
#1084949	REDUCE cov: 465 ft: 2242 corp: 647/144Kb lim: 3969 exec/s: 40183 rss: 608Mb L: 2957/3513 MS: 1 CopyPart-
#1084980	REDUCE cov: 465 ft: 2242 corp: 647/144Kb lim: 3969 exec/s: 40184 rss: 608Mb L: 127/3513 MS: 1 EraseBytes-
#1088751	REDUCE cov: 465 ft: 2242 corp: 647/144Kb lim: 4002 exec/s: 40324 rss: 608Mb L: 2636/3513 MS: 1 EraseBytes-
#1088859	REDUCE cov: 465 ft: 2242 corp: 647/144Kb lim: 4002 exec/s: 40328 rss: 608Mb L: 27/3513 MS: 3 ChangeASCIIInt-CMP-EraseBytes- DE: "tr"-
#1090045	REDUCE cov: 465 ft: 2242 corp: 647/144Kb lim: 4013 exec/s: 40372 rss: 608Mb L: 48/3513 MS: 1 EraseBytes-
#1091987	NEW    cov: 465 ft: 2246 corp: 648/148Kb lim: 4024 exec/s: 40443 rss: 608Mb L: 4012/4012 MS: 2 ManualDict-CrossOver- DE: "invalid Unicode escape '%.6s'"-
#1093193	REDUCE cov: 465 ft: 2246 corp: 648/148Kb lim: 4035 exec/s: 40488 rss: 608Mb L: 14/4012 MS: 1 EraseBytes-
#1093459	REDUCE cov: 465 ft: 2246 corp: 648/148Kb lim: 4035 exec/s: 40498 rss: 608Mb L: 15/4012 MS: 1 EraseBytes-
#1093605	REDUCE cov: 465 ft: 2246 corp: 648/148Kb lim: 4035 exec/s: 40503 rss: 608Mb L: 8/4012 MS: 1 EraseBytes-
#1094391	REDUCE cov: 465 ft: 2246 corp: 648/147Kb lim: 4035 exec/s: 40533 rss: 608Mb L: 959/4012 MS: 1 EraseBytes-
#1095672	REDUCE cov: 465 ft: 2246 corp: 648/147Kb lim: 4046 exec/s: 40580 rss: 608Mb L: 47/4012 MS: 1 EraseBytes-
#1096298	REDUCE cov: 465 ft: 2246 corp: 648/147Kb lim: 4046 exec/s: 40603 rss: 608Mb L: 900/4012 MS: 1 EraseBytes-
#1097279	REDUCE cov: 465 ft: 2246 corp: 648/147Kb lim: 4046 exec/s: 40639 rss: 608Mb L: 376/4012 MS: 1 EraseBytes-
#1098120	REDUCE cov: 465 ft: 2248 corp: 649/151Kb lim: 4046 exec/s: 40671 rss: 608Mb L: 3528/4012 MS: 1 CopyPart-
#1100886	REDUCE cov: 465 ft: 2248 corp: 649/151Kb lim: 4068 exec/s: 40773 rss: 608Mb L: 15/4012 MS: 1 EraseBytes-
#1102327	REDUCE cov: 465 ft: 2248 corp: 649/151Kb lim: 4079 exec/s: 40826 rss: 608Mb L: 44/4012 MS: 1 EraseBytes-
#1102536	REDUCE cov: 465 ft: 2252 corp: 650/153Kb lim: 4079 exec/s: 40834 rss: 608Mb L: 2703/4012 MS: 4 ChangeBit-CrossOver-CopyPart-CopyPart-
#1102932	REDUCE cov: 465 ft: 2252 corp: 650/153Kb lim: 4079 exec/s: 40849 rss: 608Mb L: 191/4012 MS: 1 EraseBytes-
#1103133	REDUCE cov: 465 ft: 2253 corp: 651/157Kb lim: 4079 exec/s: 40856 rss: 608Mb L: 4047/4047 MS: 1 CopyPart-
#1103546	REDUCE cov: 465 ft: 2253 corp: 651/157Kb lim: 4079 exec/s: 40872 rss: 608Mb L: 3460/4047 MS: 3 ChangeASCIIInt-ChangeBinInt-EraseBytes-
#1103584	REDUCE cov: 465 ft: 2253 corp: 651/157Kb lim: 4079 exec/s: 40873 rss: 608Mb L: 199/4047 MS: 3 ShuffleBytes-ChangeBinInt-EraseBytes-
#1105291	REDUCE cov: 465 ft: 2253 corp: 651/157Kb lim: 4090 exec/s: 40936 rss: 608Mb L: 3068/4047 MS: 2 ChangeBinInt-EraseBytes-
#1106632	REDUCE cov: 465 ft: 2253 corp: 651/157Kb lim: 4101 exec/s: 39522 rss: 608Mb L: 16/4047 MS: 1 EraseBytes-
#1107058	REDUCE cov: 465 ft: 2253 corp: 651/157Kb lim: 4101 exec/s: 39537 rss: 608Mb L: 2581/4047 MS: 1 EraseBytes-
#1107424	REDUCE cov: 465 ft: 2253 corp: 651/157Kb lim: 4101 exec/s: 39550 rss: 608Mb L: 9/4047 MS: 1 EraseBytes-
#1108130	REDUCE cov: 465 ft: 2253 corp: 651/157Kb lim: 4101 exec/s: 39576 rss: 608Mb L: 124/4047 MS: 1 EraseBytes-
#1109216	REDUCE cov: 465 ft: 2253 corp: 651/157Kb lim: 4101 exec/s: 39614 rss: 608Mb L: 284/4047 MS: 1 EraseBytes-
#1110278	REDUCE cov: 465 ft: 2253 corp: 651/157Kb lim: 4101 exec/s: 39652 rss: 608Mb L: 2628/4047 MS: 2 InsertByte-EraseBytes-
#1110294	REDUCE cov: 465 ft: 2253 corp: 651/157Kb lim: 4101 exec/s: 39653 rss: 608Mb L: 13/4047 MS: 1 EraseBytes-
#1110395	REDUCE cov: 465 ft: 2253 corp: 651/157Kb lim: 4101 exec/s: 39656 rss: 608Mb L: 29/4047 MS: 1 EraseBytes-
#1111611	REDUCE cov: 465 ft: 2254 corp: 652/160Kb lim: 4113 exec/s: 39700 rss: 608Mb L: 3747/4047 MS: 1 CopyPart-
#1112927	REDUCE cov: 465 ft: 2254 corp: 652/160Kb lim: 4125 exec/s: 39747 rss: 608Mb L: 20/4047 MS: 1 EraseBytes-
#1114813	REDUCE cov: 465 ft: 2254 corp: 652/160Kb lim: 4137 exec/s: 39814 rss: 608Mb L: 16/4047 MS: 1 EraseBytes-
#1116944	REDUCE cov: 465 ft: 2254 corp: 652/160Kb lim: 4149 exec/s: 39890 rss: 608Mb L: 17/4047 MS: 1 EraseBytes-
#1117920	REDUCE cov: 465 ft: 2254 corp: 652/160Kb lim: 4149 exec/s: 39925 rss: 608Mb L: 1241/4047 MS: 1 EraseBytes-
#1118376	REDUCE cov: 465 ft: 2254 corp: 652/160Kb lim: 4149 exec/s: 39942 rss: 608Mb L: 2627/4047 MS: 1 EraseBytes-
#1118688	REDUCE cov: 465 ft: 2254 corp: 652/160Kb lim: 4149 exec/s: 39953 rss: 608Mb L: 301/4047 MS: 2 ManualDict-EraseBytes- DE: "NULL object key"-
#1118819	REDUCE cov: 465 ft: 2254 corp: 652/160Kb lim: 4149 exec/s: 39957 rss: 608Mb L: 135/4047 MS: 1 EraseBytes-
#1118928	REDUCE cov: 465 ft: 2254 corp: 652/160Kb lim: 4149 exec/s: 39961 rss: 608Mb L: 218/4047 MS: 4 PersAutoDict-ManualDict-ChangeBit-EraseBytes- DE: "baobj"-"NUL byte in object key not supported"-
#1119164	REDUCE cov: 465 ft: 2254 corp: 652/160Kb lim: 4149 exec/s: 39970 rss: 608Mb L: 7/4047 MS: 1 EraseBytes-
#1119555	REDUCE cov: 465 ft: 2254 corp: 652/160Kb lim: 4149 exec/s: 39984 rss: 608Mb L: 7/4047 MS: 1 EraseBytes-
#1120157	REDUCE cov: 465 ft: 2254 corp: 652/160Kb lim: 4149 exec/s: 40005 rss: 608Mb L: 2562/4047 MS: 2 CopyPart-EraseBytes-
#1120869	REDUCE cov: 465 ft: 2254 corp: 652/160Kb lim: 4149 exec/s: 40031 rss: 608Mb L: 3862/4047 MS: 2 ChangeByte-EraseBytes-
#1122392	REDUCE cov: 465 ft: 2254 corp: 652/160Kb lim: 4161 exec/s: 40085 rss: 608Mb L: 92/4047 MS: 3 PersAutoDict-ShuffleBytes-EraseBytes- DE: "kkkk"-
#1126868	REDUCE cov: 465 ft: 2254 corp: 652/160Kb lim: 4197 exec/s: 40245 rss: 608Mb L: 2069/4047 MS: 1 EraseBytes-
#1128319	REDUCE cov: 465 ft: 2254 corp: 652/160Kb lim: 4209 exec/s: 40297 rss: 608Mb L: 45/4047 MS: 1 EraseBytes-
#1128886	REDUCE cov: 465 ft: 2254 corp: 652/160Kb lim: 4209 exec/s: 40317 rss: 608Mb L: 935/4047 MS: 2 InsertByte-EraseBytes-
#1129517	REDUCE cov: 465 ft: 2254 corp: 652/160Kb lim: 4209 exec/s: 40339 rss: 609Mb L: 248/4047 MS: 1 EraseBytes-
#1130293	REDUCE cov: 465 ft: 2254 corp: 652/160Kb lim: 4209 exec/s: 40367 rss: 609Mb L: 46/4047 MS: 1 EraseBytes-
#1130715	REDUCE cov: 465 ft: 2254 corp: 652/159Kb lim: 4209 exec/s: 40382 rss: 609Mb L: 3535/4047 MS: 2 ChangeASCIIInt-EraseBytes-
#1131136	REDUCE cov: 465 ft: 2254 corp: 652/159Kb lim: 4209 exec/s: 40397 rss: 609Mb L: 112/4047 MS: 1 EraseBytes-
#1132377	REDUCE cov: 465 ft: 2254 corp: 652/159Kb lim: 4221 exec/s: 39047 rss: 609Mb L: 173/4047 MS: 1 EraseBytes-
#1132743	REDUCE cov: 465 ft: 2254 corp: 652/159Kb lim: 4221 exec/s: 39060 rss: 609Mb L: 30/4047 MS: 1 EraseBytes-
#1133029	REDUCE cov: 465 ft: 2254 corp: 652/159Kb lim: 4221 exec/s: 39069 rss: 609Mb L: 43/4047 MS: 1 EraseBytes-
#1135795	REDUCE cov: 465 ft: 2255 corp: 653/163Kb lim: 4245 exec/s: 39165 rss: 609Mb L: 4171/4171 MS: 1 CopyPart-
#1136811	REDUCE cov: 465 ft: 2255 corp: 653/163Kb lim: 4245 exec/s: 39200 rss: 609Mb L: 12/4171 MS: 1 EraseBytes-
#1138154	REDUCE cov: 465 ft: 2255 corp: 653/163Kb lim: 4257 exec/s: 39246 rss: 609Mb L: 606/4171 MS: 3 ChangeASCIIInt-ChangeBit-EraseBytes-
#1138925	REDUCE cov: 465 ft: 2255 corp: 653/163Kb lim: 4257 exec/s: 39273 rss: 609Mb L: 2011/4171 MS: 1 EraseBytes-
#1139021	REDUCE cov: 465 ft: 2255 corp: 653/163Kb lim: 4257 exec/s: 39276 rss: 609Mb L: 25/4171 MS: 1 EraseBytes-
#1139472	REDUCE cov: 465 ft: 2255 corp: 653/163Kb lim: 4257 exec/s: 39292 rss: 609Mb L: 28/4171 MS: 1 EraseBytes-
#1140158	REDUCE cov: 465 ft: 2255 corp: 653/163Kb lim: 4257 exec/s: 39315 rss: 609Mb L: 27/4171 MS: 1 EraseBytes-
#1142289	REDUCE cov: 465 ft: 2255 corp: 653/163Kb lim: 4269 exec/s: 39389 rss: 610Mb L: 2711/4171 MS: 1 EraseBytes-
#1142861	REDUCE cov: 465 ft: 2255 corp: 653/163Kb lim: 4269 exec/s: 39409 rss: 610Mb L: 584/4171 MS: 2 CrossOver-EraseBytes-
#1143592	REDUCE cov: 465 ft: 2255 corp: 653/163Kb lim: 4269 exec/s: 39434 rss: 610Mb L: 84/4171 MS: 1 EraseBytes-
#1145293	REDUCE cov: 465 ft: 2255 corp: 653/163Kb lim: 4281 exec/s: 39492 rss: 610Mb L: 10/4171 MS: 1 EraseBytes-
#1145524	REDUCE cov: 465 ft: 2256 corp: 654/167Kb lim: 4281 exec/s: 39500 rss: 610Mb L: 4087/4171 MS: 1 CopyPart-
#1147110	REDUCE cov: 465 ft: 2256 corp: 654/167Kb lim: 4293 exec/s: 39555 rss: 611Mb L: 58/4171 MS: 1 EraseBytes-
#1148307	REDUCE cov: 465 ft: 2256 corp: 654/167Kb lim: 4293 exec/s: 39596 rss: 611Mb L: 72/4171 MS: 2 ChangeASCIIInt-EraseBytes-
#1148358	REDUCE cov: 465 ft: 2256 corp: 654/167Kb lim: 4293 exec/s: 39598 rss: 611Mb L: 537/4171 MS: 1 EraseBytes-
#1149451	REDUCE cov: 465 ft: 2256 corp: 654/167Kb lim: 4293 exec/s: 39636 rss: 611Mb L: 53/4171 MS: 3 CopyPart-ChangeASCIIInt-EraseBytes-
#1152994	REDUCE cov: 465 ft: 2256 corp: 654/167Kb lim: 4317 exec/s: 39758 rss: 612Mb L: 23/4171 MS: 3 ChangeASCIIInt-ChangeByte-EraseBytes-
#1154895	REDUCE cov: 465 ft: 2256 corp: 654/167Kb lim: 4329 exec/s: 39823 rss: 613Mb L: 49/4171 MS: 1 EraseBytes-
#1155681	REDUCE cov: 465 ft: 2256 corp: 654/167Kb lim: 4329 exec/s: 39851 rss: 613Mb L: 28/4171 MS: 1 EraseBytes-
#1155782	REDUCE cov: 465 ft: 2256 corp: 654/167Kb lim: 4329 exec/s: 39854 rss: 613Mb L: 28/4171 MS: 1 EraseBytes-
#1156818	REDUCE cov: 465 ft: 2256 corp: 654/167Kb lim: 4329 exec/s: 39890 rss: 614Mb L: 16/4171 MS: 1 EraseBytes-
#1157529	REDUCE cov: 465 ft: 2256 corp: 654/167Kb lim: 4329 exec/s: 39914 rss: 614Mb L: 109/4171 MS: 1 EraseBytes-
#1158715	REDUCE cov: 465 ft: 2256 corp: 654/167Kb lim: 4329 exec/s: 39955 rss: 614Mb L: 45/4171 MS: 1 EraseBytes-
#1158781	REDUCE cov: 465 ft: 2256 corp: 654/167Kb lim: 4329 exec/s: 38626 rss: 614Mb L: 119/4171 MS: 1 EraseBytes-
#1160232	REDUCE cov: 465 ft: 2256 corp: 654/167Kb lim: 4341 exec/s: 38674 rss: 614Mb L: 6/4171 MS: 1 EraseBytes-
#1161648	REDUCE cov: 465 ft: 2256 corp: 654/167Kb lim: 4353 exec/s: 38721 rss: 614Mb L: 3810/4087 MS: 1 EraseBytes-
#1162964	REDUCE cov: 465 ft: 2256 corp: 654/167Kb lim: 4365 exec/s: 38765 rss: 614Mb L: 15/4087 MS: 1 EraseBytes-
#1164172	REDUCE cov: 465 ft: 2256 corp: 654/167Kb lim: 4377 exec/s: 38805 rss: 614Mb L: 11/4087 MS: 3 ChangeASCIIInt-InsertByte-EraseBytes-
#1165498	REDUCE cov: 465 ft: 2256 corp: 654/167Kb lim: 4389 exec/s: 38849 rss: 614Mb L: 57/4087 MS: 1 EraseBytes-
#1165904	REDUCE cov: 465 ft: 2256 corp: 654/167Kb lim: 4389 exec/s: 38863 rss: 614Mb L: 117/4087 MS: 1 EraseBytes-
#1167145	REDUCE cov: 465 ft: 2256 corp: 654/167Kb lim: 4401 exec/s: 38904 rss: 614Mb L: 36/4087 MS: 1 EraseBytes-
#1167937	REDUCE cov: 465 ft: 2256 corp: 654/167Kb lim: 4401 exec/s: 38931 rss: 614Mb L: 43/4087 MS: 2 ShuffleBytes-EraseBytes-
#1168296	REDUCE cov: 465 ft: 2256 corp: 654/167Kb lim: 4401 exec/s: 38943 rss: 614Mb L: 29/4087 MS: 4 ChangeByte-ChangeBit-ChangeASCIIInt-EraseBytes-
#1170577	REDUCE cov: 465 ft: 2256 corp: 654/167Kb lim: 4413 exec/s: 39019 rss: 614Mb L: 15/4087 MS: 1 EraseBytes-
#1170923	REDUCE cov: 465 ft: 2256 corp: 654/167Kb lim: 4413 exec/s: 39030 rss: 614Mb L: 47/4087 MS: 1 EraseBytes-
#1171004	REDUCE cov: 465 ft: 2256 corp: 654/167Kb lim: 4413 exec/s: 39033 rss: 614Mb L: 3978/4047 MS: 1 EraseBytes-
#1172271	REDUCE cov: 465 ft: 2258 corp: 655/168Kb lim: 4425 exec/s: 39075 rss: 614Mb L: 1055/4047 MS: 2 CopyPart-CopyPart-
#1172623	REDUCE cov: 465 ft: 2258 corp: 655/168Kb lim: 4425 exec/s: 39087 rss: 614Mb L: 15/4047 MS: 2 ChangeBinInt-EraseBytes-
#1174244	REDUCE cov: 465 ft: 2258 corp: 655/168Kb lim: 4437 exec/s: 39141 rss: 615Mb L: 704/4047 MS: 1 EraseBytes-
#1175092	NEW    cov: 465 ft: 2259 corp: 656/169Kb lim: 4437 exec/s: 39169 rss: 615Mb L: 1888/4047 MS: 3 InsertByte-EraseBytes-CrossOver-
#1175525	REDUCE cov: 465 ft: 2259 corp: 656/169Kb lim: 4437 exec/s: 39184 rss: 615Mb L: 15/4047 MS: 3 PersAutoDict-PersAutoDict-EraseBytes- DE: "Anul"-"\001\000\000l"-
#1179361	REDUCE cov: 465 ft: 2259 corp: 656/169Kb lim: 4473 exec/s: 39312 rss: 615Mb L: 3850/4047 MS: 1 EraseBytes-
#1181097	REDUCE cov: 465 ft: 2259 corp: 656/169Kb lim: 4485 exec/s: 39369 rss: 615Mb L: 607/4047 MS: 1 EraseBytes-
#1183028	REDUCE cov: 465 ft: 2259 corp: 656/169Kb lim: 4497 exec/s: 39434 rss: 616Mb L: 1930/4047 MS: 1 EraseBytes-
#1184964	REDUCE cov: 465 ft: 2259 corp: 656/169Kb lim: 4509 exec/s: 39498 rss: 616Mb L: 8/4047 MS: 1 EraseBytes-
#1186890	REDUCE cov: 465 ft: 2259 corp: 656/169Kb lim: 4521 exec/s: 39563 rss: 616Mb L: 1051/4047 MS: 1 EraseBytes-
#1188759	REDUCE cov: 465 ft: 2259 corp: 656/169Kb lim: 4533 exec/s: 38347 rss: 616Mb L: 1879/4047 MS: 4 ChangeBinInt-InsertByte-ManualDict-EraseBytes- DE: "object key"-
#1188900	REDUCE cov: 465 ft: 2259 corp: 656/169Kb lim: 4533 exec/s: 38351 rss: 616Mb L: 1041/4047 MS: 1 EraseBytes-
#1189826	REDUCE cov: 465 ft: 2259 corp: 656/169Kb lim: 4533 exec/s: 38381 rss: 616Mb L: 5/4047 MS: 1 EraseBytes-
#1191062	REDUCE cov: 465 ft: 2259 corp: 656/169Kb lim: 4545 exec/s: 38421 rss: 616Mb L: 58/4047 MS: 1 EraseBytes-
#1193030	REDUCE cov: 465 ft: 2259 corp: 656/169Kb lim: 4557 exec/s: 38484 rss: 616Mb L: 169/4047 MS: 3 ChangeASCIIInt-CMP-EraseBytes- DE: "\376\377\377\376"-
#1193580	REDUCE cov: 465 ft: 2259 corp: 656/169Kb lim: 4557 exec/s: 38502 rss: 616Mb L: 3341/4047 MS: 5 ChangeASCIIInt-ChangeByte-PersAutoDict-ShuffleBytes-EraseBytes- DE: "<args>"-
#1193696	REDUCE cov: 465 ft: 2259 corp: 656/169Kb lim: 4557 exec/s: 38506 rss: 616Mb L: 857/4047 MS: 1 EraseBytes-
#1195117	REDUCE cov: 465 ft: 2259 corp: 656/169Kb lim: 4569 exec/s: 38552 rss: 616Mb L: 30/4047 MS: 1 EraseBytes-
#1195508	REDUCE cov: 465 ft: 2259 corp: 656/169Kb lim: 4569 exec/s: 38564 rss: 616Mb L: 655/4047 MS: 1 EraseBytes-
#1196909	REDUCE cov: 465 ft: 2259 corp: 656/169Kb lim: 4581 exec/s: 38609 rss: 616Mb L: 43/4047 MS: 1 EraseBytes-
#1197911	REDUCE cov: 465 ft: 2259 corp: 656/169Kb lim: 4581 exec/s: 38642 rss: 616Mb L: 40/4047 MS: 2 InsertByte-EraseBytes-
#1197944	REDUCE cov: 465 ft: 2259 corp: 656/169Kb lim: 4581 exec/s: 38643 rss: 616Mb L: 29/4047 MS: 3 ChangeASCIIInt-CopyPart-EraseBytes-
#1198065	REDUCE cov: 465 ft: 2259 corp: 656/169Kb lim: 4581 exec/s: 38647 rss: 616Mb L: 37/4047 MS: 1 EraseBytes-
#1198831	REDUCE cov: 465 ft: 2259 corp: 656/169Kb lim: 4581 exec/s: 38671 rss: 616Mb L: 87/4047 MS: 1 EraseBytes-
#1199004	NEW    cov: 465 ft: 2260 corp: 657/173Kb lim: 4581 exec/s: 38677 rss: 616Mb L: 4100/4100 MS: 3 ChangeBit-PersAutoDict-CopyPart- DE: "NULL object"-
#1200497	REDUCE cov: 465 ft: 2260 corp: 657/173Kb lim: 4593 exec/s: 38725 rss: 616Mb L: 985/4100 MS: 3 ChangeBinInt-ManualDict-EraseBytes- DE: "<buffer>"-
#1205058	REDUCE cov: 465 ft: 2260 corp: 657/173Kb lim: 4629 exec/s: 38872 rss: 618Mb L: 2489/4100 MS: 1 EraseBytes-
#1208164	REDUCE cov: 465 ft: 2260 corp: 657/173Kb lim: 4653 exec/s: 38973 rss: 618Mb L: 34/4100 MS: 1 EraseBytes-
#1209021	REDUCE cov: 465 ft: 2260 corp: 657/173Kb lim: 4653 exec/s: 39000 rss: 618Mb L: 66/4100 MS: 2 CrossOver-EraseBytes-
#1209232	REDUCE cov: 465 ft: 2260 corp: 657/173Kb lim: 4653 exec/s: 39007 rss: 618Mb L: 58/4100 MS: 1 EraseBytes-
#1214782	REDUCE cov: 465 ft: 2260 corp: 657/173Kb lim: 4701 exec/s: 37961 rss: 618Mb L: 75/4100 MS: 5 CrossOver-ChangeByte-CopyPart-EraseBytes-CopyPart-
#1215098	REDUCE cov: 465 ft: 2260 corp: 657/173Kb lim: 4701 exec/s: 37971 rss: 618Mb L: 13/4100 MS: 1 EraseBytes-
#1216489	REDUCE cov: 465 ft: 2260 corp: 657/173Kb lim: 4713 exec/s: 38015 rss: 618Mb L: 14/4100 MS: 1 EraseBytes-
#1216820	REDUCE cov: 465 ft: 2260 corp: 657/173Kb lim: 4713 exec/s: 38025 rss: 618Mb L: 7/4100 MS: 1 EraseBytes-
#1216833	REDUCE cov: 465 ft: 2260 corp: 657/172Kb lim: 4713 exec/s: 38026 rss: 618Mb L: 3715/4047 MS: 3 ManualDict-InsertByte-EraseBytes- DE: "too big integer"-
#1218644	REDUCE cov: 465 ft: 2260 corp: 657/172Kb lim: 4725 exec/s: 38082 rss: 618Mb L: 761/4047 MS: 1 EraseBytes-
#1218686	REDUCE cov: 465 ft: 2260 corp: 657/172Kb lim: 4725 exec/s: 38083 rss: 618Mb L: 23/4047 MS: 2 ChangeByte-EraseBytes-
#1218959	NEW    cov: 465 ft: 2261 corp: 658/172Kb lim: 4725 exec/s: 38092 rss: 618Mb L: 9/4047 MS: 3 InsertByte-InsertByte-CopyPart-
#1220990	REDUCE cov: 465 ft: 2261 corp: 658/172Kb lim: 4737 exec/s: 38155 rss: 618Mb L: 17/4047 MS: 1 EraseBytes-
#1222566	REDUCE cov: 465 ft: 2261 corp: 658/172Kb lim: 4749 exec/s: 38205 rss: 618Mb L: 57/4047 MS: 1 EraseBytes-
#1222676	REDUCE cov: 465 ft: 2261 corp: 658/172Kb lim: 4749 exec/s: 38208 rss: 618Mb L: 12/4047 MS: 5 EraseBytes-ShuffleBytes-ChangeBinInt-ShuffleBytes-CopyPart-
#1222882	REDUCE cov: 465 ft: 2261 corp: 658/172Kb lim: 4749 exec/s: 38215 rss: 618Mb L: 79/4047 MS: 1 EraseBytes-
#1223073	REDUCE cov: 465 ft: 2261 corp: 658/172Kb lim: 4749 exec/s: 38221 rss: 618Mb L: 1649/4047 MS: 1 EraseBytes-
#1224344	REDUCE cov: 465 ft: 2261 corp: 658/172Kb lim: 4761 exec/s: 38260 rss: 618Mb L: 293/4047 MS: 1 EraseBytes-
#1225180	REDUCE cov: 465 ft: 2261 corp: 658/172Kb lim: 4761 exec/s: 38286 rss: 618Mb L: 24/4047 MS: 1 EraseBytes-
#1227901	REDUCE cov: 465 ft: 2261 corp: 658/172Kb lim: 4785 exec/s: 38371 rss: 618Mb L: 24/4047 MS: 1 EraseBytes-
#1227938	REDUCE cov: 465 ft: 2261 corp: 658/172Kb lim: 4785 exec/s: 38373 rss: 618Mb L: 736/4047 MS: 2 PersAutoDict-EraseBytes- DE: "easf"-
#1228134	REDUCE cov: 465 ft: 2261 corp: 658/172Kb lim: 4785 exec/s: 38379 rss: 618Mb L: 39/4047 MS: 1 EraseBytes-
#1230900	REDUCE cov: 465 ft: 2261 corp: 658/172Kb lim: 4809 exec/s: 38465 rss: 618Mb L: 1192/4047 MS: 1 EraseBytes-
#1232156	NEW    cov: 465 ft: 2263 corp: 659/175Kb lim: 4821 exec/s: 38504 rss: 618Mb L: 3069/4047 MS: 1 CrossOver-
#1232677	REDUCE cov: 465 ft: 2263 corp: 659/175Kb lim: 4821 exec/s: 38521 rss: 618Mb L: 2996/4047 MS: 1 EraseBytes-
#1233268	REDUCE cov: 465 ft: 2263 corp: 659/175Kb lim: 4821 exec/s: 38539 rss: 618Mb L: 43/4047 MS: 1 EraseBytes-
#1234484	REDUCE cov: 465 ft: 2263 corp: 659/174Kb lim: 4833 exec/s: 38577 rss: 618Mb L: 2465/4047 MS: 1 EraseBytes-
#1234650	REDUCE cov: 465 ft: 2263 corp: 659/174Kb lim: 4833 exec/s: 38582 rss: 618Mb L: 751/4047 MS: 1 EraseBytes-
#1235112	REDUCE cov: 465 ft: 2263 corp: 659/174Kb lim: 4833 exec/s: 38597 rss: 618Mb L: 5/4047 MS: 2 EraseBytes-ChangeASCIIInt-
#1235603	REDUCE cov: 465 ft: 2263 corp: 659/174Kb lim: 4833 exec/s: 38612 rss: 618Mb L: 1717/4047 MS: 1 CrossOver-
#1235634	REDUCE cov: 465 ft: 2263 corp: 659/174Kb lim: 4833 exec/s: 38613 rss: 618Mb L: 16/4047 MS: 1 EraseBytes-
#1236220	REDUCE cov: 465 ft: 2263 corp: 659/174Kb lim: 4833 exec/s: 38631 rss: 618Mb L: 8/4047 MS: 1 EraseBytes-
#1238032	REDUCE cov: 465 ft: 2263 corp: 659/174Kb lim: 4845 exec/s: 38688 rss: 618Mb L: 208/4047 MS: 2 ShuffleBytes-EraseBytes-
#1238468	REDUCE cov: 465 ft: 2263 corp: 659/174Kb lim: 4845 exec/s: 38702 rss: 618Mb L: 2268/4047 MS: 1 EraseBytes-
#1239564	REDUCE cov: 465 ft: 2263 corp: 659/174Kb lim: 4845 exec/s: 38736 rss: 618Mb L: 3184/4047 MS: 1 EraseBytes-
#1239661	REDUCE cov: 465 ft: 2263 corp: 659/174Kb lim: 4845 exec/s: 38739 rss: 618Mb L: 2184/4047 MS: 2 CMP-EraseBytes- DE: "\005\000\000\000\000\000\000\000"-
#1239792	REDUCE cov: 465 ft: 2264 corp: 660/178Kb lim: 4845 exec/s: 38743 rss: 618Mb L: 4050/4050 MS: 1 CopyPart-
#1241636	REDUCE cov: 465 ft: 2264 corp: 660/177Kb lim: 4857 exec/s: 37625 rss: 618Mb L: 1585/4050 MS: 4 ManualDict-ChangeASCIIInt-ChangeBit-EraseBytes- DE: "CryptReleaseContext"-
#1242572	REDUCE cov: 465 ft: 2264 corp: 660/177Kb lim: 4857 exec/s: 37653 rss: 618Mb L: 1886/4050 MS: 1 EraseBytes-
#1242748	REDUCE cov: 465 ft: 2264 corp: 660/177Kb lim: 4857 exec/s: 37659 rss: 618Mb L: 3689/4047 MS: 1 EraseBytes-
#1243876	REDUCE cov: 465 ft: 2264 corp: 660/177Kb lim: 4857 exec/s: 37693 rss: 618Mb L: 3522/4047 MS: 3 InsertByte-InsertRepeatedBytes-CrossOver-
#1243942	REDUCE cov: 465 ft: 2264 corp: 660/177Kb lim: 4857 exec/s: 37695 rss: 618Mb L: 10/4047 MS: 1 EraseBytes-
#1244198	REDUCE cov: 465 ft: 2264 corp: 660/177Kb lim: 4857 exec/s: 37702 rss: 618Mb L: 17/4047 MS: 1 EraseBytes-
#1244649	REDUCE cov: 465 ft: 2264 corp: 660/177Kb lim: 4857 exec/s: 37716 rss: 618Mb L: 2579/4047 MS: 1 EraseBytes-
#1245061	REDUCE cov: 465 ft: 2264 corp: 660/176Kb lim: 4857 exec/s: 37729 rss: 618Mb L: 3015/4047 MS: 2 ManualDict-EraseBytes- DE: "<format>"-
#1245243	REDUCE cov: 465 ft: 2264 corp: 660/176Kb lim: 4857 exec/s: 37734 rss: 618Mb L: 2753/4047 MS: 2 InsertRepeatedBytes-EraseBytes-
#1246689	REDUCE cov: 465 ft: 2264 corp: 660/176Kb lim: 4869 exec/s: 37778 rss: 618Mb L: 14/4047 MS: 1 EraseBytes-
#1247841	REDUCE cov: 465 ft: 2264 corp: 660/176Kb lim: 4869 exec/s: 37813 rss: 618Mb L: 76/4047 MS: 2 CopyPart-EraseBytes-
#1247842	REDUCE cov: 465 ft: 2264 corp: 660/176Kb lim: 4869 exec/s: 37813 rss: 618Mb L: 9/4047 MS: 1 EraseBytes-
#1248679	REDUCE cov: 465 ft: 2264 corp: 660/176Kb lim: 4869 exec/s: 37838 rss: 618Mb L: 117/4047 MS: 2 ChangeASCIIInt-EraseBytes-
#1249490	REDUCE cov: 465 ft: 2264 corp: 660/176Kb lim: 4869 exec/s: 37863 rss: 618Mb L: 41/4047 MS: 1 EraseBytes-
#1249496	REDUCE cov: 465 ft: 2264 corp: 660/175Kb lim: 4869 exec/s: 37863 rss: 618Mb L: 2319/4047 MS: 1 EraseBytes-
#1252114	REDUCE cov: 465 ft: 2264 corp: 660/175Kb lim: 4893 exec/s: 37942 rss: 618Mb L: 1494/4047 MS: 3 ShuffleBytes-ManualDict-EraseBytes- DE: "maximum parsing depth reached"-
#1252570	REDUCE cov: 465 ft: 2264 corp: 660/175Kb lim: 4893 exec/s: 37956 rss: 618Mb L: 12/4047 MS: 1 EraseBytes-
#1253246	REDUCE cov: 465 ft: 2264 corp: 660/175Kb lim: 4893 exec/s: 37977 rss: 618Mb L: 284/4047 MS: 1 EraseBytes-
#1253868	REDUCE cov: 465 ft: 2264 corp: 660/175Kb lim: 4893 exec/s: 37996 rss: 618Mb L: 61/4047 MS: 2 ShuffleBytes-EraseBytes-
#1254054	REDUCE cov: 465 ft: 2264 corp: 660/175Kb lim: 4893 exec/s: 38001 rss: 618Mb L: 1193/4047 MS: 1 EraseBytes-
#1254641	REDUCE cov: 465 ft: 2264 corp: 660/175Kb lim: 4893 exec/s: 38019 rss: 618Mb L: 3794/4047 MS: 2 ChangeASCIIInt-EraseBytes-
#1256892	REDUCE cov: 465 ft: 2264 corp: 660/175Kb lim: 4905 exec/s: 38087 rss: 618Mb L: 13/4047 MS: 1 EraseBytes-
#1258298	REDUCE cov: 465 ft: 2264 corp: 660/175Kb lim: 4917 exec/s: 38130 rss: 618Mb L: 38/4047 MS: 1 EraseBytes-
#1261339	REDUCE cov: 465 ft: 2264 corp: 660/175Kb lim: 4941 exec/s: 38222 rss: 618Mb L: 178/4047 MS: 1 EraseBytes-
#1262630	REDUCE cov: 465 ft: 2264 corp: 660/175Kb lim: 4953 exec/s: 38261 rss: 618Mb L: 22/4047 MS: 1 EraseBytes-
#1262982	REDUCE cov: 465 ft: 2264 corp: 660/175Kb lim: 4953 exec/s: 38272 rss: 618Mb L: 1133/4047 MS: 2 CMP-EraseBytes- DE: "nu"-
#1265788	REDUCE cov: 465 ft: 2264 corp: 660/175Kb lim: 4977 exec/s: 38357 rss: 618Mb L: 29/4047 MS: 1 EraseBytes-
#1265910	REDUCE cov: 465 ft: 2264 corp: 660/174Kb lim: 4977 exec/s: 38360 rss: 618Mb L: 130/4047 MS: 2 ChangeASCIIInt-EraseBytes-
#1266609	REDUCE cov: 465 ft: 2264 corp: 660/174Kb lim: 4977 exec/s: 38382 rss: 618Mb L: 443/4047 MS: 4 ChangeByte-InsertRepeatedBytes-ChangeBit-EraseBytes-
#1267651	REDUCE cov: 465 ft: 2264 corp: 660/174Kb lim: 4977 exec/s: 38413 rss: 618Mb L: 122/4047 MS: 2 ChangeASCIIInt-EraseBytes-
#1268553	REDUCE cov: 465 ft: 2264 corp: 660/174Kb lim: 4977 exec/s: 37310 rss: 618Mb L: 48/4047 MS: 2 ShuffleBytes-EraseBytes-
#1268740	REDUCE cov: 465 ft: 2264 corp: 660/174Kb lim: 4977 exec/s: 37315 rss: 618Mb L: 159/4047 MS: 2 ChangeByte-EraseBytes-
#1269936	REDUCE cov: 465 ft: 2264 corp: 660/174Kb lim: 4977 exec/s: 37351 rss: 618Mb L: 98/4047 MS: 1 EraseBytes-
#1269977	REDUCE cov: 465 ft: 2264 corp: 660/174Kb lim: 4977 exec/s: 37352 rss: 618Mb L: 3569/4047 MS: 1 EraseBytes-
#1272378	REDUCE cov: 465 ft: 2264 corp: 660/174Kb lim: 4989 exec/s: 37422 rss: 618Mb L: 72/4047 MS: 1 EraseBytes-
#1273915	REDUCE cov: 465 ft: 2264 corp: 660/174Kb lim: 5001 exec/s: 37468 rss: 618Mb L: 171/4047 MS: 2 EraseBytes-PersAutoDict- DE: "ar"-
#1276586	REDUCE cov: 465 ft: 2264 corp: 660/174Kb lim: 5025 exec/s: 37546 rss: 619Mb L: 234/4047 MS: 1 EraseBytes-
#1278052	REDUCE cov: 465 ft: 2266 corp: 661/179Kb lim: 5037 exec/s: 37589 rss: 619Mb L: 4477/4477 MS: 1 CopyPart-
#1278988	REDUCE cov: 465 ft: 2266 corp: 661/179Kb lim: 5037 exec/s: 37617 rss: 619Mb L: 1435/4477 MS: 1 EraseBytes-
#1281334	REDUCE cov: 465 ft: 2268 corp: 662/183Kb lim: 5049 exec/s: 37686 rss: 619Mb L: 4855/4855 MS: 1 CopyPart-
#1284225	REDUCE cov: 465 ft: 2268 corp: 662/183Kb lim: 5073 exec/s: 37771 rss: 619Mb L: 53/4855 MS: 1 EraseBytes-
#1284451	REDUCE cov: 465 ft: 2268 corp: 662/183Kb lim: 5073 exec/s: 37777 rss: 619Mb L: 18/4855 MS: 1 EraseBytes-
#1285173	REDUCE cov: 465 ft: 2268 corp: 662/183Kb lim: 5073 exec/s: 37799 rss: 619Mb L: 4013/4855 MS: 2 CopyPart-EraseBytes-
#1286429	REDUCE cov: 465 ft: 2268 corp: 662/183Kb lim: 5085 exec/s: 37836 rss: 619Mb L: 437/4855 MS: 1 EraseBytes-
#1289037	REDUCE cov: 465 ft: 2268 corp: 662/183Kb lim: 5109 exec/s: 37912 rss: 619Mb L: 1858/4855 MS: 3 ShuffleBytes-ChangeBinInt-EraseBytes-
#1291023	REDUCE cov: 465 ft: 2268 corp: 662/183Kb lim: 5121 exec/s: 37971 rss: 619Mb L: 19/4855 MS: 1 EraseBytes-
#1293509	REDUCE cov: 465 ft: 2268 corp: 662/183Kb lim: 5145 exec/s: 38044 rss: 619Mb L: 508/4855 MS: 1 EraseBytes-
#1294768	REDUCE cov: 465 ft: 2270 corp: 663/183Kb lim: 5157 exec/s: 36993 rss: 619Mb L: 205/4855 MS: 4 ChangeASCIIInt-ShuffleBytes-InsertRepeatedBytes-CopyPart-
#1295009	REDUCE cov: 465 ft: 2270 corp: 663/183Kb lim: 5157 exec/s: 37000 rss: 619Mb L: 18/4855 MS: 1 EraseBytes-
#1295980	REDUCE cov: 465 ft: 2270 corp: 663/183Kb lim: 5157 exec/s: 37028 rss: 619Mb L: 69/4855 MS: 1 EraseBytes-
#1297326	REDUCE cov: 465 ft: 2270 corp: 663/183Kb lim: 5169 exec/s: 37066 rss: 619Mb L: 17/4855 MS: 1 EraseBytes-
#1297518	NEW    cov: 465 ft: 2271 corp: 664/188Kb lim: 5169 exec/s: 37071 rss: 619Mb L: 5133/5133 MS: 2 CrossOver-CopyPart-
#1298084	REDUCE cov: 465 ft: 2271 corp: 664/188Kb lim: 5169 exec/s: 37088 rss: 619Mb L: 11/5133 MS: 1 EraseBytes-
#1298620	REDUCE cov: 465 ft: 2271 corp: 664/188Kb lim: 5169 exec/s: 37103 rss: 619Mb L: 194/5133 MS: 1 EraseBytes-
#1303181	REDUCE cov: 465 ft: 2271 corp: 664/188Kb lim: 5205 exec/s: 37233 rss: 619Mb L: 37/5133 MS: 1 EraseBytes-
#1303325	REDUCE cov: 465 ft: 2271 corp: 664/188Kb lim: 5205 exec/s: 37237 rss: 619Mb L: 163/5133 MS: 4 ChangeBit-ChangeASCIIInt-ShuffleBytes-EraseBytes-
#1305087	REDUCE cov: 465 ft: 2271 corp: 664/188Kb lim: 5217 exec/s: 37288 rss: 619Mb L: 1174/5133 MS: 2 ChangeASCIIInt-EraseBytes-
#1305343	REDUCE cov: 465 ft: 2271 corp: 664/188Kb lim: 5217 exec/s: 37295 rss: 619Mb L: 564/5133 MS: 1 EraseBytes-
#1305681	REDUCE cov: 465 ft: 2271 corp: 664/188Kb lim: 5217 exec/s: 37305 rss: 620Mb L: 97/5133 MS: 3 CMP-ChangeBit-EraseBytes- DE: "\000\000\0001"-
#1306177	REDUCE cov: 465 ft: 2271 corp: 664/188Kb lim: 5217 exec/s: 37319 rss: 620Mb L: 3964/5133 MS: 1 CrossOver-
#1306583	REDUCE cov: 465 ft: 2271 corp: 664/188Kb lim: 5217 exec/s: 37330 rss: 620Mb L: 29/5133 MS: 1 EraseBytes-
#1306621	REDUCE cov: 465 ft: 2271 corp: 664/188Kb lim: 5217 exec/s: 37332 rss: 620Mb L: 25/5133 MS: 3 ShuffleBytes-ChangeByte-EraseBytes-
#1307472	REDUCE cov: 465 ft: 2271 corp: 664/188Kb lim: 5217 exec/s: 37356 rss: 620Mb L: 2777/5133 MS: 1 CrossOver-
#1308793	REDUCE cov: 465 ft: 2271 corp: 664/188Kb lim: 5229 exec/s: 37394 rss: 620Mb L: 154/5133 MS: 1 EraseBytes-
#1308801	REDUCE cov: 465 ft: 2271 corp: 664/187Kb lim: 5229 exec/s: 37394 rss: 620Mb L: 1088/5133 MS: 3 ManualDict-PersAutoDict-EraseBytes- DE: "NULL root value"-"<unknown>"-
#1309807	REDUCE cov: 465 ft: 2271 corp: 664/187Kb lim: 5229 exec/s: 37423 rss: 620Mb L: 20/5133 MS: 1 EraseBytes-
#1310558	REDUCE cov: 465 ft: 2271 corp: 664/187Kb lim: 5229 exec/s: 37444 rss: 620Mb L: 11/5133 MS: 1 EraseBytes-
#1310630	REDUCE cov: 465 ft: 2271 corp: 664/187Kb lim: 5229 exec/s: 37446 rss: 620Mb L: 13/5133 MS: 2 EraseBytes-CopyPart-
#1310786	REDUCE cov: 465 ft: 2271 corp: 664/187Kb lim: 5229 exec/s: 37451 rss: 620Mb L: 2303/5133 MS: 1 EraseBytes-
#1314447	REDUCE cov: 465 ft: 2271 corp: 664/187Kb lim: 5265 exec/s: 37555 rss: 621Mb L: 16/5133 MS: 1 EraseBytes-
#1316833	REDUCE cov: 465 ft: 2271 corp: 664/187Kb lim: 5277 exec/s: 37623 rss: 621Mb L: 36/5133 MS: 1 EraseBytes-
#1319004	REDUCE cov: 465 ft: 2271 corp: 664/187Kb lim: 5289 exec/s: 36639 rss: 623Mb L: 27/5133 MS: 1 EraseBytes-
#1322705	REDUCE cov: 465 ft: 2271 corp: 664/187Kb lim: 5325 exec/s: 36741 rss: 624Mb L: 6/5133 MS: 1 EraseBytes-
#1323981	REDUCE cov: 465 ft: 2271 corp: 664/187Kb lim: 5337 exec/s: 36777 rss: 624Mb L: 9/5133 MS: 1 EraseBytes-
#1324702	REDUCE cov: 465 ft: 2271 corp: 664/187Kb lim: 5337 exec/s: 36797 rss: 624Mb L: 3461/5133 MS: 1 EraseBytes-
#1326713	REDUCE cov: 465 ft: 2271 corp: 664/187Kb lim: 5349 exec/s: 36853 rss: 624Mb L: 519/5133 MS: 1 EraseBytes-
#1328679	REDUCE cov: 465 ft: 2271 corp: 664/187Kb lim: 5361 exec/s: 36907 rss: 624Mb L: 12/5133 MS: 1 EraseBytes-
#1329445	REDUCE cov: 465 ft: 2271 corp: 664/187Kb lim: 5361 exec/s: 36929 rss: 624Mb L: 3237/5133 MS: 1 EraseBytes-
#1329526	REDUCE cov: 465 ft: 2271 corp: 664/187Kb lim: 5361 exec/s: 36931 rss: 624Mb L: 24/5133 MS: 1 EraseBytes-
#1330792	REDUCE cov: 465 ft: 2271 corp: 664/187Kb lim: 5373 exec/s: 36966 rss: 625Mb L: 119/5133 MS: 1 EraseBytes-
#1330873	REDUCE cov: 465 ft: 2271 corp: 664/187Kb lim: 5373 exec/s: 36968 rss: 625Mb L: 118/5133 MS: 1 EraseBytes-
#1331739	REDUCE cov: 465 ft: 2271 corp: 664/187Kb lim: 5373 exec/s: 36992 rss: 625Mb L: 67/5133 MS: 1 EraseBytes-
#1331765	REDUCE cov: 465 ft: 2271 corp: 664/187Kb lim: 5373 exec/s: 36993 rss: 625Mb L: 1653/5133 MS: 1 EraseBytes-
#1332451	REDUCE cov: 465 ft: 2271 corp: 664/187Kb lim: 5373 exec/s: 37012 rss: 625Mb L: 14/5133 MS: 1 EraseBytes-
#1333058	REDUCE cov: 465 ft: 2271 corp: 664/187Kb lim: 5373 exec/s: 37029 rss: 625Mb L: 195/5133 MS: 2 ChangeByte-EraseBytes-
#1333170	REDUCE cov: 465 ft: 2271 corp: 664/187Kb lim: 5373 exec/s: 37032 rss: 625Mb L: 36/5133 MS: 2 CopyPart-EraseBytes-
#1335237	REDUCE cov: 465 ft: 2271 corp: 664/187Kb lim: 5385 exec/s: 37089 rss: 625Mb L: 644/5133 MS: 2 ChangeBit-EraseBytes-
#1335258	REDUCE cov: 465 ft: 2271 corp: 664/187Kb lim: 5385 exec/s: 37090 rss: 625Mb L: 1928/5133 MS: 1 EraseBytes-
#1336139	REDUCE cov: 465 ft: 2273 corp: 665/189Kb lim: 5385 exec/s: 37114 rss: 626Mb L: 2631/5133 MS: 1 InsertRepeatedBytes-
#1338390	REDUCE cov: 465 ft: 2273 corp: 665/189Kb lim: 5397 exec/s: 37177 rss: 626Mb L: 109/5133 MS: 1 EraseBytes-
#1339171	REDUCE cov: 465 ft: 2273 corp: 665/189Kb lim: 5397 exec/s: 37199 rss: 626Mb L: 7/5133 MS: 1 EraseBytes-
#1340739	REDUCE cov: 465 ft: 2273 corp: 665/189Kb lim: 5409 exec/s: 37242 rss: 626Mb L: 144/5133 MS: 3 ChangeBit-CrossOver-EraseBytes-
#1341061	REDUCE cov: 465 ft: 2273 corp: 665/189Kb lim: 5409 exec/s: 37251 rss: 627Mb L: 57/5133 MS: 2 ChangeASCIIInt-EraseBytes-
#1341607	REDUCE cov: 465 ft: 2273 corp: 665/189Kb lim: 5409 exec/s: 37266 rss: 627Mb L: 419/5133 MS: 1 EraseBytes-
#1341728	REDUCE cov: 465 ft: 2273 corp: 665/189Kb lim: 5409 exec/s: 37270 rss: 627Mb L: 728/5133 MS: 1 EraseBytes-
#1342078	REDUCE cov: 465 ft: 2273 corp: 665/189Kb lim: 5409 exec/s: 37279 rss: 627Mb L: 6/5133 MS: 5 CopyPart-ChangeBit-CrossOver-InsertByte-EraseBytes-
#1343335	REDUCE cov: 465 ft: 2273 corp: 665/189Kb lim: 5421 exec/s: 36306 rss: 627Mb L: 36/5133 MS: 2 PersAutoDict-EraseBytes- DE: "\000["-
#1343932	REDUCE cov: 465 ft: 2273 corp: 665/189Kb lim: 5421 exec/s: 36322 rss: 627Mb L: 203/5133 MS: 2 EraseBytes-ChangeBit-
#1345363	REDUCE cov: 465 ft: 2273 corp: 665/189Kb lim: 5433 exec/s: 36361 rss: 627Mb L: 116/5133 MS: 1 EraseBytes-
#1345649	REDUCE cov: 465 ft: 2273 corp: 665/189Kb lim: 5433 exec/s: 36368 rss: 627Mb L: 100/5133 MS: 1 EraseBytes-
#1347095	REDUCE cov: 465 ft: 2273 corp: 665/189Kb lim: 5445 exec/s: 36407 rss: 627Mb L: 133/5133 MS: 1 EraseBytes-
#1349151	REDUCE cov: 465 ft: 2273 corp: 665/189Kb lim: 5457 exec/s: 36463 rss: 627Mb L: 393/5133 MS: 1 EraseBytes-
#1350507	REDUCE cov: 465 ft: 2273 corp: 665/189Kb lim: 5469 exec/s: 36500 rss: 627Mb L: 625/5133 MS: 1 EraseBytes-
#1351578	REDUCE cov: 465 ft: 2273 corp: 665/189Kb lim: 5469 exec/s: 36529 rss: 627Mb L: 10/5133 MS: 1 EraseBytes-
#1351940	REDUCE cov: 465 ft: 2273 corp: 665/189Kb lim: 5469 exec/s: 36538 rss: 627Mb L: 9/5133 MS: 2 EraseBytes-InsertByte-
#1353799	REDUCE cov: 465 ft: 2273 corp: 665/189Kb lim: 5481 exec/s: 36589 rss: 627Mb L: 211/5133 MS: 4 ChangeASCIIInt-ChangeASCIIInt-ChangeByte-EraseBytes-
#1353936	NEW    cov: 465 ft: 2276 corp: 666/194Kb lim: 5481 exec/s: 36592 rss: 627Mb L: 4824/5133 MS: 2 ChangeByte-CopyPart-
#1354334	REDUCE cov: 465 ft: 2276 corp: 666/194Kb lim: 5481 exec/s: 36603 rss: 627Mb L: 68/5133 MS: 3 ChangeBit-InsertByte-EraseBytes-
#1354910	REDUCE cov: 465 ft: 2276 corp: 666/194Kb lim: 5481 exec/s: 36619 rss: 627Mb L: 83/5133 MS: 1 EraseBytes-
#1355946	REDUCE cov: 465 ft: 2276 corp: 666/194Kb lim: 5481 exec/s: 36647 rss: 627Mb L: 32/5133 MS: 1 EraseBytes-
#1355949	REDUCE cov: 465 ft: 2276 corp: 666/194Kb lim: 5481 exec/s: 36647 rss: 627Mb L: 97/5133 MS: 3 ChangeBinInt-EraseBytes-CopyPart-
#1357041	REDUCE cov: 465 ft: 2276 corp: 666/191Kb lim: 5481 exec/s: 36676 rss: 627Mb L: 2518/5133 MS: 2 ChangeASCIIInt-EraseBytes-
#1357603	REDUCE cov: 465 ft: 2276 corp: 666/191Kb lim: 5481 exec/s: 36691 rss: 627Mb L: 11/5133 MS: 2 ChangeBit-EraseBytes-
#1360204	REDUCE cov: 465 ft: 2277 corp: 667/191Kb lim: 5505 exec/s: 36762 rss: 627Mb L: 8/5133 MS: 1 ChangeByte-
#1360635	REDUCE cov: 465 ft: 2277 corp: 667/191Kb lim: 5505 exec/s: 36773 rss: 627Mb L: 2192/5133 MS: 1 EraseBytes-
#1367306	REDUCE cov: 465 ft: 2277 corp: 667/191Kb lim: 5565 exec/s: 35981 rss: 627Mb L: 27/5133 MS: 1 EraseBytes-
#1368092	REDUCE cov: 465 ft: 2277 corp: 667/191Kb lim: 5565 exec/s: 36002 rss: 627Mb L: 15/5133 MS: 1 EraseBytes-
#1369068	REDUCE cov: 465 ft: 2277 corp: 667/191Kb lim: 5565 exec/s: 36028 rss: 627Mb L: 12/5133 MS: 1 EraseBytes-
#1371159	REDUCE cov: 465 ft: 2277 corp: 667/190Kb lim: 5577 exec/s: 36083 rss: 627Mb L: 1414/5133 MS: 1 EraseBytes-
#1371635	REDUCE cov: 465 ft: 2277 corp: 667/190Kb lim: 5577 exec/s: 36095 rss: 627Mb L: 47/5133 MS: 1 EraseBytes-
#1373226	REDUCE cov: 465 ft: 2277 corp: 667/190Kb lim: 5589 exec/s: 36137 rss: 627Mb L: 170/5133 MS: 1 EraseBytes-
#1374122	REDUCE cov: 465 ft: 2277 corp: 667/190Kb lim: 5589 exec/s: 36161 rss: 627Mb L: 364/5133 MS: 1 EraseBytes-
#1376538	REDUCE cov: 465 ft: 2277 corp: 667/190Kb lim: 5613 exec/s: 36224 rss: 627Mb L: 2232/5133 MS: 1 EraseBytes-
#1380494	REDUCE cov: 465 ft: 2277 corp: 667/190Kb lim: 5649 exec/s: 36328 rss: 627Mb L: 4933/4933 MS: 1 EraseBytes-
#1381689	REDUCE cov: 465 ft: 2277 corp: 667/190Kb lim: 5649 exec/s: 36360 rss: 627Mb L: 1390/4933 MS: 5 ChangeByte-CrossOver-ChangeASCIIInt-ChangeASCIIInt-EraseBytes-
#1382095	REDUCE cov: 465 ft: 2277 corp: 667/190Kb lim: 5649 exec/s: 36370 rss: 627Mb L: 17/4933 MS: 1 EraseBytes-
#1382546	REDUCE cov: 465 ft: 2279 corp: 668/193Kb lim: 5649 exec/s: 36382 rss: 627Mb L: 3292/4933 MS: 1 CopyPart-
#1383292	REDUCE cov: 465 ft: 2279 corp: 668/193Kb lim: 5649 exec/s: 36402 rss: 627Mb L: 28/4933 MS: 1 EraseBytes-
#1384358	REDUCE cov: 465 ft: 2279 corp: 668/193Kb lim: 5649 exec/s: 36430 rss: 627Mb L: 2959/4933 MS: 1 EraseBytes-
#1385159	REDUCE cov: 465 ft: 2280 corp: 669/196Kb lim: 5649 exec/s: 36451 rss: 627Mb L: 2960/4933 MS: 1 InsertByte-
#1386310	REDUCE cov: 465 ft: 2280 corp: 669/196Kb lim: 5649 exec/s: 36481 rss: 627Mb L: 76/4933 MS: 1 EraseBytes-
#1386339	REDUCE cov: 465 ft: 2280 corp: 669/195Kb lim: 5649 exec/s: 36482 rss: 627Mb L: 30/4933 MS: 4 CMP-CrossOver-ShuffleBytes-EraseBytes- DE: "NULL"-
#1386790	REDUCE cov: 465 ft: 2280 corp: 669/195Kb lim: 5649 exec/s: 36494 rss: 627Mb L: 1575/4933 MS: 1 EraseBytes-
#1387037	REDUCE cov: 465 ft: 2280 corp: 669/195Kb lim: 5649 exec/s: 36500 rss: 627Mb L: 11/4933 MS: 2 ChangeBinInt-EraseBytes-
#1387880	REDUCE cov: 465 ft: 2280 corp: 669/195Kb lim: 5649 exec/s: 36523 rss: 627Mb L: 12/4933 MS: 3 EraseBytes-ChangeASCIIInt-CopyPart-
#1388466	REDUCE cov: 465 ft: 2280 corp: 669/195Kb lim: 5649 exec/s: 36538 rss: 627Mb L: 60/4933 MS: 1 EraseBytes-
#1388822	REDUCE cov: 465 ft: 2280 corp: 669/195Kb lim: 5649 exec/s: 36547 rss: 627Mb L: 745/4933 MS: 1 EraseBytes-
#1390974	REDUCE cov: 465 ft: 2280 corp: 669/195Kb lim: 5661 exec/s: 35666 rss: 627Mb L: 54/4933 MS: 2 ShuffleBytes-EraseBytes-
#1391470	REDUCE cov: 465 ft: 2280 corp: 669/195Kb lim: 5661 exec/s: 35678 rss: 627Mb L: 21/4933 MS: 1 EraseBytes-
#1391616	REDUCE cov: 465 ft: 2280 corp: 669/195Kb lim: 5661 exec/s: 35682 rss: 627Mb L: 381/4933 MS: 1 EraseBytes-
#1392728	REDUCE cov: 465 ft: 2280 corp: 669/195Kb lim: 5661 exec/s: 35710 rss: 627Mb L: 74/4933 MS: 2 ChangeByte-EraseBytes-
#1394634	REDUCE cov: 465 ft: 2280 corp: 669/195Kb lim: 5673 exec/s: 35759 rss: 627Mb L: 147/4933 MS: 1 EraseBytes-
#1396620	REDUCE cov: 465 ft: 2280 corp: 669/195Kb lim: 5685 exec/s: 35810 rss: 627Mb L: 2617/4933 MS: 1 EraseBytes-
#1398463	REDUCE cov: 465 ft: 2280 corp: 669/195Kb lim: 5697 exec/s: 35858 rss: 627Mb L: 372/4933 MS: 3 ChangeBit-ChangeASCIIInt-EraseBytes-
#1399798	REDUCE cov: 465 ft: 2297 corp: 670/195Kb lim: 5709 exec/s: 35892 rss: 628Mb L: 344/4933 MS: 5 CopyPart-ChangeBit-ShuffleBytes-ChangeByte-CopyPart-
#1400304	REDUCE cov: 465 ft: 2297 corp: 670/195Kb lim: 5709 exec/s: 35905 rss: 628Mb L: 2180/4933 MS: 1 EraseBytes-
#1402060	NEW    cov: 465 ft: 2298 corp: 671/195Kb lim: 5721 exec/s: 35950 rss: 628Mb L: 344/4933 MS: 1 CopyPart-
#1403522	REDUCE cov: 465 ft: 2298 corp: 671/195Kb lim: 5733 exec/s: 35987 rss: 628Mb L: 318/4933 MS: 2 CrossOver-EraseBytes-
#1404994	REDUCE cov: 465 ft: 2298 corp: 671/195Kb lim: 5745 exec/s: 36025 rss: 628Mb L: 2598/4933 MS: 2 ShuffleBytes-EraseBytes-
#1407035	REDUCE cov: 465 ft: 2298 corp: 671/195Kb lim: 5757 exec/s: 36077 rss: 628Mb L: 2847/4933 MS: 1 EraseBytes-
#1407087	REDUCE cov: 465 ft: 2298 corp: 671/195Kb lim: 5757 exec/s: 36079 rss: 628Mb L: 17/4933 MS: 2 CrossOver-EraseBytes-
#1407643	REDUCE cov: 465 ft: 2298 corp: 671/194Kb lim: 5757 exec/s: 36093 rss: 628Mb L: 724/4933 MS: 1 EraseBytes-
#1407660	REDUCE cov: 465 ft: 2298 corp: 671/194Kb lim: 5757 exec/s: 36093 rss: 628Mb L: 64/4933 MS: 2 ShuffleBytes-EraseBytes-
#1410851	REDUCE cov: 465 ft: 2298 corp: 671/194Kb lim: 5781 exec/s: 35271 rss: 628Mb L: 11/4933 MS: 1 EraseBytes-
#1412929	REDUCE cov: 465 ft: 2298 corp: 671/194Kb lim: 5793 exec/s: 35323 rss: 629Mb L: 380/4933 MS: 3 ChangeBit-CopyPart-EraseBytes-
#1414041	REDUCE cov: 465 ft: 2298 corp: 671/194Kb lim: 5793 exec/s: 35351 rss: 629Mb L: 17/4933 MS: 2 EraseBytes-ShuffleBytes-
#1416387	REDUCE cov: 465 ft: 2298 corp: 671/194Kb lim: 5805 exec/s: 35409 rss: 630Mb L: 1409/4933 MS: 1 EraseBytes-
#1419284	REDUCE cov: 465 ft: 2299 corp: 672/194Kb lim: 5829 exec/s: 35482 rss: 631Mb L: 30/4933 MS: 2 ChangeByte-ChangeBinInt-
#1420525	REDUCE cov: 465 ft: 2299 corp: 672/194Kb lim: 5841 exec/s: 35513 rss: 631Mb L: 1219/4933 MS: 1 EraseBytes-
#1421042	REDUCE cov: 465 ft: 2299 corp: 672/194Kb lim: 5841 exec/s: 35526 rss: 631Mb L: 161/4933 MS: 2 ChangeBit-EraseBytes-
#1423713	REDUCE cov: 465 ft: 2299 corp: 672/194Kb lim: 5865 exec/s: 35592 rss: 631Mb L: 20/4933 MS: 1 EraseBytes-
#1424424	REDUCE cov: 465 ft: 2299 corp: 672/194Kb lim: 5865 exec/s: 35610 rss: 631Mb L: 678/4933 MS: 1 EraseBytes-
#1425360	REDUCE cov: 465 ft: 2299 corp: 672/194Kb lim: 5865 exec/s: 35634 rss: 632Mb L: 161/4933 MS: 1 EraseBytes-
#1425706	REDUCE cov: 465 ft: 2299 corp: 672/194Kb lim: 5865 exec/s: 35642 rss: 632Mb L: 10/4933 MS: 1 EraseBytes-
#1426372	REDUCE cov: 465 ft: 2299 corp: 672/194Kb lim: 5865 exec/s: 35659 rss: 632Mb L: 34/4933 MS: 1 EraseBytes-
#1426748	REDUCE cov: 465 ft: 2299 corp: 672/194Kb lim: 5865 exec/s: 35668 rss: 632Mb L: 9/4933 MS: 1 EraseBytes-
#1426994	REDUCE cov: 465 ft: 2299 corp: 672/194Kb lim: 5865 exec/s: 35674 rss: 632Mb L: 2682/4933 MS: 1 EraseBytes-
#1431115	REDUCE cov: 465 ft: 2299 corp: 672/194Kb lim: 5901 exec/s: 35777 rss: 632Mb L: 333/4933 MS: 1 EraseBytes-
#1431267	REDUCE cov: 465 ft: 2299 corp: 672/194Kb lim: 5901 exec/s: 35781 rss: 632Mb L: 44/4933 MS: 2 InsertRepeatedBytes-EraseBytes-
#1433128	REDUCE cov: 465 ft: 2299 corp: 672/194Kb lim: 5913 exec/s: 35828 rss: 633Mb L: 23/4933 MS: 1 EraseBytes-
#1436354	NEW    cov: 465 ft: 2300 corp: 673/199Kb lim: 5937 exec/s: 35033 rss: 633Mb L: 5788/5788 MS: 1 CopyPart-
#1436395	REDUCE cov: 465 ft: 2300 corp: 673/199Kb lim: 5937 exec/s: 35034 rss: 633Mb L: 3058/5788 MS: 1 EraseBytes-
#1438496	REDUCE cov: 465 ft: 2300 corp: 673/199Kb lim: 5949 exec/s: 35085 rss: 635Mb L: 3706/5788 MS: 1 EraseBytes-
#1439069	REDUCE cov: 465 ft: 2300 corp: 673/199Kb lim: 5949 exec/s: 35099 rss: 635Mb L: 453/5788 MS: 3 ChangeASCIIInt-PersAutoDict-EraseBytes- DE: "Anul"-
#1439526	REDUCE cov: 465 ft: 2300 corp: 673/199Kb lim: 5949 exec/s: 35110 rss: 636Mb L: 12/5788 MS: 2 ChangeByte-EraseBytes-
#1441417	REDUCE cov: 465 ft: 2300 corp: 673/199Kb lim: 5961 exec/s: 35156 rss: 636Mb L: 521/5788 MS: 1 EraseBytes-
#1443005	REDUCE cov: 465 ft: 2300 corp: 673/199Kb lim: 5973 exec/s: 35195 rss: 636Mb L: 387/5788 MS: 3 ShuffleBytes-ChangeASCIIInt-EraseBytes-
#1443097	REDUCE cov: 465 ft: 2300 corp: 673/199Kb lim: 5973 exec/s: 35197 rss: 636Mb L: 2764/5788 MS: 2 EraseBytes-CopyPart-
#1444898	REDUCE cov: 465 ft: 2300 corp: 673/199Kb lim: 5985 exec/s: 35241 rss: 636Mb L: 317/5788 MS: 1 EraseBytes-
#1446280	REDUCE cov: 465 ft: 2300 corp: 673/199Kb lim: 5997 exec/s: 35275 rss: 636Mb L: 14/5788 MS: 2 CrossOver-EraseBytes-
#1446656	REDUCE cov: 465 ft: 2300 corp: 673/199Kb lim: 5997 exec/s: 35284 rss: 636Mb L: 20/5788 MS: 1 EraseBytes-
#1447412	REDUCE cov: 465 ft: 2300 corp: 673/199Kb lim: 5997 exec/s: 35302 rss: 636Mb L: 167/5788 MS: 1 EraseBytes-
#1448439	REDUCE cov: 465 ft: 2300 corp: 673/199Kb lim: 5997 exec/s: 35327 rss: 636Mb L: 19/5788 MS: 2 ChangeByte-EraseBytes-
#1448470	REDUCE cov: 465 ft: 2300 corp: 673/199Kb lim: 5997 exec/s: 35328 rss: 636Mb L: 39/5788 MS: 1 EraseBytes-
#1448942	REDUCE cov: 465 ft: 2300 corp: 673/199Kb lim: 5997 exec/s: 35340 rss: 637Mb L: 15/5788 MS: 2 CopyPart-EraseBytes-
#1450299	NEW    cov: 465 ft: 2302 corp: 674/204Kb lim: 6009 exec/s: 35373 rss: 637Mb L: 5789/5789 MS: 2 InsertByte-CopyPart-
#1453545	REDUCE cov: 465 ft: 2302 corp: 674/204Kb lim: 6033 exec/s: 35452 rss: 638Mb L: 93/5789 MS: 1 EraseBytes-
#1454136	REDUCE cov: 465 ft: 2302 corp: 674/204Kb lim: 6033 exec/s: 35466 rss: 638Mb L: 842/5789 MS: 1 EraseBytes-
#1455938	NEW    cov: 465 ft: 2303 corp: 675/205Kb lim: 6045 exec/s: 34665 rss: 638Mb L: 387/5789 MS: 2 CopyPart-PersAutoDict- DE: "faF"-
#1455979	REDUCE cov: 465 ft: 2303 corp: 675/205Kb lim: 6045 exec/s: 34666 rss: 638Mb L: 328/5789 MS: 1 EraseBytes-
#1458626	REDUCE cov: 465 ft: 2303 corp: 675/205Kb lim: 6069 exec/s: 34729 rss: 640Mb L: 84/5789 MS: 2 ShuffleBytes-EraseBytes-
#1458872	REDUCE cov: 465 ft: 2303 corp: 675/204Kb lim: 6069 exec/s: 34735 rss: 640Mb L: 2176/5789 MS: 1 EraseBytes-
#1461923	REDUCE cov: 465 ft: 2303 corp: 675/204Kb lim: 6093 exec/s: 34807 rss: 640Mb L: 1355/5789 MS: 1 EraseBytes-
#1465499	REDUCE cov: 465 ft: 2303 corp: 675/204Kb lim: 6117 exec/s: 34892 rss: 642Mb L: 1344/5789 MS: 1 EraseBytes-
#1467267	REDUCE cov: 465 ft: 2303 corp: 675/204Kb lim: 6129 exec/s: 34934 rss: 642Mb L: 47/5789 MS: 3 ChangeBit-ShuffleBytes-EraseBytes-
#1467939	REDUCE cov: 465 ft: 2303 corp: 675/204Kb lim: 6129 exec/s: 34950 rss: 642Mb L: 275/5789 MS: 2 ManualDict-EraseBytes- DE: ", "-
#1468590	REDUCE cov: 465 ft: 2303 corp: 675/204Kb lim: 6129 exec/s: 34966 rss: 643Mb L: 902/5789 MS: 1 EraseBytes-
#1469027	REDUCE cov: 465 ft: 2304 corp: 676/210Kb lim: 6129 exec/s: 34976 rss: 643Mb L: 5813/5813 MS: 2 InsertRepeatedBytes-CopyPart-
#1469358	REDUCE cov: 465 ft: 2304 corp: 676/210Kb lim: 6129 exec/s: 34984 rss: 643Mb L: 11/5813 MS: 1 EraseBytes-
#1469639	REDUCE cov: 465 ft: 2304 corp: 676/210Kb lim: 6129 exec/s: 34991 rss: 643Mb L: 1740/5813 MS: 1 EraseBytes-
#1473395	REDUCE cov: 465 ft: 2304 corp: 676/210Kb lim: 6165 exec/s: 35080 rss: 643Mb L: 5710/5813 MS: 1 CrossOver-
#1473931	REDUCE cov: 465 ft: 2304 corp: 676/209Kb lim: 6165 exec/s: 35093 rss: 643Mb L: 1161/5813 MS: 1 EraseBytes-
#1474043	REDUCE cov: 465 ft: 2304 corp: 676/209Kb lim: 6165 exec/s: 35096 rss: 644Mb L: 43/5813 MS: 2 ShuffleBytes-EraseBytes-
#1474469	REDUCE cov: 465 ft: 2304 corp: 676/209Kb lim: 6165 exec/s: 35106 rss: 644Mb L: 2129/5813 MS: 1 EraseBytes-
#1474496	REDUCE cov: 465 ft: 2304 corp: 676/209Kb lim: 6165 exec/s: 35107 rss: 644Mb L: 13/5813 MS: 2 ShuffleBytes-EraseBytes-
#1474945	REDUCE cov: 465 ft: 2304 corp: 676/209Kb lim: 6165 exec/s: 35117 rss: 644Mb L: 199/5813 MS: 4 InsertRepeatedBytes-ChangeByte-PersAutoDict-EraseBytes- DE: "<buffer>"-
#1477121	REDUCE cov: 465 ft: 2304 corp: 676/209Kb lim: 6177 exec/s: 35169 rss: 645Mb L: 842/5813 MS: 1 EraseBytes-
#1479324	REDUCE cov: 465 ft: 2304 corp: 676/209Kb lim: 6189 exec/s: 34402 rss: 645Mb L: 324/5813 MS: 3 PersAutoDict-ShuffleBytes-EraseBytes- DE: "too big negative integer"-
#1480346	NEW    cov: 465 ft: 2305 corp: 677/215Kb lim: 6189 exec/s: 34426 rss: 645Mb L: 6074/6074 MS: 2 CopyPart-CopyPart-
#1481592	REDUCE cov: 465 ft: 2305 corp: 677/215Kb lim: 6201 exec/s: 34455 rss: 647Mb L: 251/6074 MS: 1 EraseBytes-
#1482008	REDUCE cov: 465 ft: 2305 corp: 677/215Kb lim: 6201 exec/s: 34465 rss: 648Mb L: 57/6074 MS: 1 EraseBytes-
#1482044	REDUCE cov: 465 ft: 2305 corp: 677/215Kb lim: 6201 exec/s: 34466 rss: 648Mb L: 18/6074 MS: 1 EraseBytes-
#1482140	REDUCE cov: 465 ft: 2305 corp: 677/215Kb lim: 6201 exec/s: 34468 rss: 648Mb L: 841/6074 MS: 1 EraseBytes-
#1484471	REDUCE cov: 465 ft: 2305 corp: 677/215Kb lim: 6213 exec/s: 34522 rss: 648Mb L: 20/6074 MS: 1 EraseBytes-
#1485928	REDUCE cov: 465 ft: 2305 corp: 677/215Kb lim: 6225 exec/s: 34556 rss: 649Mb L: 12/6074 MS: 2 ChangeASCIIInt-EraseBytes-
#1490102	REDUCE cov: 465 ft: 2305 corp: 677/215Kb lim: 6261 exec/s: 34653 rss: 652Mb L: 2812/6074 MS: 4 InsertRepeatedBytes-ChangeASCIIInt-ChangeASCIIInt-EraseBytes-
#1495785	REDUCE cov: 465 ft: 2305 corp: 677/215Kb lim: 6309 exec/s: 34785 rss: 656Mb L: 18/6074 MS: 3 CopyPart-ShuffleBytes-EraseBytes-
#1496256	REDUCE cov: 465 ft: 2305 corp: 677/215Kb lim: 6309 exec/s: 34796 rss: 656Mb L: 244/6074 MS: 1 EraseBytes-
#1496897	REDUCE cov: 465 ft: 2305 corp: 677/215Kb lim: 6309 exec/s: 34811 rss: 656Mb L: 499/6074 MS: 1 EraseBytes-
#1499123	REDUCE cov: 465 ft: 2305 corp: 677/215Kb lim: 6321 exec/s: 34863 rss: 657Mb L: 499/6074 MS: 1 EraseBytes-
#1499714	REDUCE cov: 465 ft: 2305 corp: 677/215Kb lim: 6321 exec/s: 34877 rss: 657Mb L: 12/6074 MS: 1 EraseBytes-
#1500300	REDUCE cov: 465 ft: 2305 corp: 677/215Kb lim: 6321 exec/s: 34890 rss: 659Mb L: 141/6074 MS: 1 EraseBytes-
#1504051	REDUCE cov: 465 ft: 2305 corp: 677/215Kb lim: 6357 exec/s: 34182 rss: 660Mb L: 26/6074 MS: 1 EraseBytes-
#1505982	REDUCE cov: 465 ft: 2313 corp: 678/216Kb lim: 6369 exec/s: 34226 rss: 660Mb L: 1323/6074 MS: 1 CrossOver-
#1506886	REDUCE cov: 465 ft: 2313 corp: 678/216Kb lim: 6369 exec/s: 34247 rss: 660Mb L: 1127/6074 MS: 4 ChangeASCIIInt-ManualDict-ShuffleBytes-EraseBytes- DE: "NULL object key"-
#1507022	REDUCE cov: 465 ft: 2313 corp: 678/216Kb lim: 6369 exec/s: 34250 rss: 660Mb L: 2539/6074 MS: 1 EraseBytes-
#1508463	REDUCE cov: 465 ft: 2313 corp: 678/216Kb lim: 6381 exec/s: 34283 rss: 660Mb L: 56/6074 MS: 1 EraseBytes-
#1509524	REDUCE cov: 465 ft: 2313 corp: 678/216Kb lim: 6381 exec/s: 34307 rss: 660Mb L: 67/6074 MS: 1 EraseBytes-
#1511730	REDUCE cov: 465 ft: 2313 corp: 678/216Kb lim: 6393 exec/s: 34357 rss: 660Mb L: 16/6074 MS: 1 EraseBytes-
#1511902	REDUCE cov: 465 ft: 2313 corp: 678/216Kb lim: 6393 exec/s: 34361 rss: 660Mb L: 2472/6074 MS: 2 ChangeBinInt-EraseBytes-
#1514011	REDUCE cov: 465 ft: 2313 corp: 678/216Kb lim: 6405 exec/s: 34409 rss: 661Mb L: 29/6074 MS: 4 ChangeBinInt-ShuffleBytes-InsertByte-EraseBytes-
#1515222	REDUCE cov: 465 ft: 2313 corp: 678/216Kb lim: 6417 exec/s: 34436 rss: 661Mb L: 250/6074 MS: 1 EraseBytes-
#1515878	REDUCE cov: 465 ft: 2313 corp: 678/216Kb lim: 6417 exec/s: 34451 rss: 661Mb L: 307/6074 MS: 1 EraseBytes-
#1516250	REDUCE cov: 465 ft: 2314 corp: 679/222Kb lim: 6417 exec/s: 34460 rss: 661Mb L: 6338/6338 MS: 2 ChangeByte-CopyPart-
#1518741	REDUCE cov: 465 ft: 2314 corp: 679/222Kb lim: 6441 exec/s: 34516 rss: 661Mb L: 19/6338 MS: 1 EraseBytes-
#1519527	REDUCE cov: 465 ft: 2314 corp: 679/222Kb lim: 6441 exec/s: 34534 rss: 661Mb L: 35/6338 MS: 1 EraseBytes-
#1520138	REDUCE cov: 465 ft: 2314 corp: 679/222Kb lim: 6441 exec/s: 34548 rss: 661Mb L: 265/6338 MS: 1 EraseBytes-
#1521119	REDUCE cov: 465 ft: 2314 corp: 679/222Kb lim: 6441 exec/s: 34570 rss: 661Mb L: 635/6338 MS: 1 EraseBytes-
#1523025	REDUCE cov: 465 ft: 2314 corp: 679/222Kb lim: 6453 exec/s: 34614 rss: 661Mb L: 983/6338 MS: 1 EraseBytes-
#1525677	REDUCE cov: 465 ft: 2314 corp: 679/222Kb lim: 6477 exec/s: 33903 rss: 662Mb L: 11/6338 MS: 2 ShuffleBytes-EraseBytes-
#1527008	REDUCE cov: 465 ft: 2314 corp: 679/222Kb lim: 6489 exec/s: 33933 rss: 662Mb L: 428/6338 MS: 1 EraseBytes-
#1527519	REDUCE cov: 465 ft: 2314 corp: 679/222Kb lim: 6489 exec/s: 33944 rss: 662Mb L: 39/6338 MS: 1 EraseBytes-
#1530785	REDUCE cov: 465 ft: 2314 corp: 679/222Kb lim: 6513 exec/s: 34017 rss: 664Mb L: 5740/6338 MS: 1 EraseBytes-
#1531272	REDUCE cov: 465 ft: 2314 corp: 679/222Kb lim: 6513 exec/s: 34028 rss: 664Mb L: 597/6338 MS: 2 InsertByte-EraseBytes-
#1531293	REDUCE cov: 465 ft: 2314 corp: 679/222Kb lim: 6513 exec/s: 34028 rss: 664Mb L: 11/6338 MS: 1 EraseBytes-
#1532794	REDUCE cov: 465 ft: 2314 corp: 679/222Kb lim: 6525 exec/s: 34062 rss: 664Mb L: 408/6338 MS: 1 EraseBytes-
#1533106	NEW    cov: 465 ft: 2315 corp: 680/228Kb lim: 6525 exec/s: 34069 rss: 664Mb L: 6074/6338 MS: 2 ShuffleBytes-CopyPart-
#1534407	REDUCE cov: 465 ft: 2315 corp: 680/228Kb lim: 6537 exec/s: 34097 rss: 664Mb L: 28/6338 MS: 1 EraseBytes-
#1534973	REDUCE cov: 465 ft: 2315 corp: 680/228Kb lim: 6537 exec/s: 34110 rss: 664Mb L: 7/6338 MS: 1 EraseBytes-
#1535674	REDUCE cov: 465 ft: 2315 corp: 680/228Kb lim: 6537 exec/s: 34126 rss: 666Mb L: 10/6338 MS: 1 EraseBytes-
#1538260	REDUCE cov: 465 ft: 2315 corp: 680/228Kb lim: 6561 exec/s: 34183 rss: 667Mb L: 476/6338 MS: 1 EraseBytes-
#1541076	REDUCE cov: 465 ft: 2317 corp: 681/228Kb lim: 6585 exec/s: 34246 rss: 668Mb L: 34/6338 MS: 1 CopyPart-
#1541493	REDUCE cov: 465 ft: 2317 corp: 681/228Kb lim: 6585 exec/s: 34255 rss: 668Mb L: 5666/6338 MS: 2 ChangeBinInt-EraseBytes-
#1543080	REDUCE cov: 465 ft: 2317 corp: 681/228Kb lim: 6597 exec/s: 34290 rss: 669Mb L: 1304/6338 MS: 2 ShuffleBytes-EraseBytes-
#1546066	REDUCE cov: 465 ft: 2317 corp: 681/228Kb lim: 6621 exec/s: 34357 rss: 669Mb L: 1300/6338 MS: 1 EraseBytes-
#1546927	REDUCE cov: 465 ft: 2317 corp: 681/228Kb lim: 6621 exec/s: 33628 rss: 669Mb L: 45/6338 MS: 1 EraseBytes-
#1547293	REDUCE cov: 465 ft: 2317 corp: 681/228Kb lim: 6621 exec/s: 33636 rss: 670Mb L: 33/6338 MS: 1 EraseBytes-
#1548959	REDUCE cov: 465 ft: 2317 corp: 681/228Kb lim: 6633 exec/s: 33673 rss: 673Mb L: 22/6338 MS: 1 EraseBytes-
#1549280	REDUCE cov: 465 ft: 2317 corp: 681/228Kb lim: 6633 exec/s: 33680 rss: 673Mb L: 28/6338 MS: 1 EraseBytes-
#1551666	REDUCE cov: 465 ft: 2317 corp: 681/228Kb lim: 6645 exec/s: 33731 rss: 673Mb L: 1356/6338 MS: 1 EraseBytes-
#1552747	REDUCE cov: 465 ft: 2317 corp: 681/228Kb lim: 6645 exec/s: 33755 rss: 673Mb L: 40/6338 MS: 1 EraseBytes-
#1552883	REDUCE cov: 465 ft: 2317 corp: 681/228Kb lim: 6645 exec/s: 33758 rss: 673Mb L: 26/6338 MS: 1 EraseBytes-
#1554194	REDUCE cov: 465 ft: 2317 corp: 681/228Kb lim: 6657 exec/s: 33786 rss: 673Mb L: 13/6338 MS: 1 EraseBytes-
#1557802	REDUCE cov: 465 ft: 2317 corp: 681/228Kb lim: 6681 exec/s: 33865 rss: 673Mb L: 321/6338 MS: 3 ChangeASCIIInt-PersAutoDict-EraseBytes- DE: "\001\000\000l"-
#1560140	NEW    cov: 465 ft: 2319 corp: 682/234Kb lim: 6693 exec/s: 33916 rss: 674Mb L: 6588/6588 MS: 3 CopyPart-InsertRepeatedBytes-CopyPart-
#1560407	REDUCE cov: 465 ft: 2319 corp: 682/234Kb lim: 6693 exec/s: 33921 rss: 674Mb L: 62/6588 MS: 2 CopyPart-EraseBytes-
#1560903	REDUCE cov: 465 ft: 2319 corp: 682/234Kb lim: 6693 exec/s: 33932 rss: 674Mb L: 576/6588 MS: 1 EraseBytes-
#1561066	REDUCE cov: 465 ft: 2319 corp: 682/234Kb lim: 6693 exec/s: 33936 rss: 674Mb L: 371/6588 MS: 3 CrossOver-ChangeByte-EraseBytes-
#1561712	REDUCE cov: 465 ft: 2319 corp: 682/234Kb lim: 6693 exec/s: 33950 rss: 674Mb L: 1283/6588 MS: 1 EraseBytes-
#1562093	REDUCE cov: 465 ft: 2319 corp: 682/234Kb lim: 6693 exec/s: 33958 rss: 674Mb L: 56/6588 MS: 1 EraseBytes-
#1564187	REDUCE cov: 465 ft: 2319 corp: 682/234Kb lim: 6705 exec/s: 34004 rss: 677Mb L: 6566/6566 MS: 4 ChangeBit-ManualDict-ChangeBit-CrossOver- DE: "real number overflow"-
#1564739	REDUCE cov: 465 ft: 2319 corp: 682/234Kb lim: 6705 exec/s: 34016 rss: 677Mb L: 14/6566 MS: 2 ChangeBit-EraseBytes-
#1564806	REDUCE cov: 465 ft: 2319 corp: 682/234Kb lim: 6705 exec/s: 34017 rss: 677Mb L: 187/6566 MS: 2 InsertByte-EraseBytes-
#1564957	REDUCE cov: 465 ft: 2319 corp: 682/234Kb lim: 6705 exec/s: 34020 rss: 678Mb L: 15/6566 MS: 1 EraseBytes-
#1566686	REDUCE cov: 465 ft: 2319 corp: 682/234Kb lim: 6717 exec/s: 34058 rss: 680Mb L: 25/6566 MS: 4 ShuffleBytes-ChangeASCIIInt-CrossOver-EraseBytes-
#1566862	REDUCE cov: 465 ft: 2319 corp: 682/234Kb lim: 6717 exec/s: 34062 rss: 680Mb L: 16/6566 MS: 1 EraseBytes-
#1567439	REDUCE cov: 465 ft: 2319 corp: 682/234Kb lim: 6717 exec/s: 34074 rss: 681Mb L: 15/6566 MS: 2 CopyPart-EraseBytes-
#1568285	REDUCE cov: 465 ft: 2319 corp: 682/234Kb lim: 6717 exec/s: 33367 rss: 681Mb L: 463/6566 MS: 1 EraseBytes-
#1568407	REDUCE cov: 465 ft: 2319 corp: 682/234Kb lim: 6717 exec/s: 33370 rss: 681Mb L: 1633/6566 MS: 2 ManualDict-EraseBytes- DE: "NULL object value"-
#1568424	REDUCE cov: 465 ft: 2319 corp: 682/234Kb lim: 6717 exec/s: 33370 rss: 681Mb L: 5379/6566 MS: 2 ChangeBit-EraseBytes-
#1568425	REDUCE cov: 465 ft: 2319 corp: 682/234Kb lim: 6717 exec/s: 33370 rss: 681Mb L: 14/6566 MS: 1 EraseBytes-
#1569557	REDUCE cov: 465 ft: 2319 corp: 682/233Kb lim: 6717 exec/s: 33394 rss: 681Mb L: 1453/6566 MS: 2 CMP-EraseBytes- DE: "\001\000\000\000\000\000\000\012"-
#1570868	REDUCE cov: 465 ft: 2319 corp: 682/233Kb lim: 6729 exec/s: 33422 rss: 681Mb L: 10/6566 MS: 1 EraseBytes-
#1571209	REDUCE cov: 465 ft: 2319 corp: 682/233Kb lim: 6729 exec/s: 33429 rss: 681Mb L: 2358/6566 MS: 1 EraseBytes-
#1571725	REDUCE cov: 465 ft: 2319 corp: 682/233Kb lim: 6729 exec/s: 33440 rss: 681Mb L: 13/6566 MS: 1 EraseBytes-
#1576542	REDUCE cov: 465 ft: 2319 corp: 682/233Kb lim: 6765 exec/s: 33543 rss: 682Mb L: 3431/6566 MS: 2 ChangeASCIIInt-EraseBytes-
#1578323	REDUCE cov: 465 ft: 2319 corp: 682/233Kb lim: 6777 exec/s: 33581 rss: 685Mb L: 6207/6566 MS: 1 EraseBytes-
#1581039	REDUCE cov: 465 ft: 2319 corp: 682/233Kb lim: 6801 exec/s: 33639 rss: 687Mb L: 1709/6566 MS: 1 EraseBytes-
#1582271	REDUCE cov: 465 ft: 2319 corp: 682/233Kb lim: 6813 exec/s: 33665 rss: 687Mb L: 16/6566 MS: 2 ChangeByte-EraseBytes-
#1584327	REDUCE cov: 465 ft: 2319 corp: 682/233Kb lim: 6825 exec/s: 33709 rss: 687Mb L: 6068/6566 MS: 1 EraseBytes-
#1585333	REDUCE cov: 465 ft: 2319 corp: 682/233Kb lim: 6825 exec/s: 33730 rss: 688Mb L: 1252/6566 MS: 1 EraseBytes-
#1585615	REDUCE cov: 465 ft: 2319 corp: 682/233Kb lim: 6825 exec/s: 33736 rss: 689Mb L: 44/6566 MS: 2 CopyPart-EraseBytes-
#1587241	REDUCE cov: 465 ft: 2319 corp: 682/233Kb lim: 6837 exec/s: 33771 rss: 689Mb L: 4823/6566 MS: 1 EraseBytes-
#1592622	REDUCE cov: 465 ft: 2319 corp: 682/233Kb lim: 6885 exec/s: 33179 rss: 691Mb L: 32/6566 MS: 1 EraseBytes-
#1592749	REDUCE cov: 465 ft: 2319 corp: 682/233Kb lim: 6885 exec/s: 33182 rss: 691Mb L: 2/6566 MS: 2 EraseBytes-CrossOver-
#1592845	REDUCE cov: 465 ft: 2319 corp: 682/233Kb lim: 6885 exec/s: 33184 rss: 691Mb L: 15/6566 MS: 1 EraseBytes-
#1594168	REDUCE cov: 465 ft: 2320 corp: 683/233Kb lim: 6897 exec/s: 33211 rss: 691Mb L: 16/6566 MS: 3 PersAutoDict-CMP-CopyPart- DE: ", "-"true"-
#1595529	NEW    cov: 465 ft: 2321 corp: 684/239Kb lim: 6909 exec/s: 33240 rss: 691Mb L: 6074/6566 MS: 1 CopyPart-
#1596390	REDUCE cov: 465 ft: 2321 corp: 684/239Kb lim: 6909 exec/s: 33258 rss: 691Mb L: 3961/6566 MS: 1 EraseBytes-
#1596431	REDUCE cov: 465 ft: 2321 corp: 684/239Kb lim: 6909 exec/s: 33258 rss: 691Mb L: 28/6566 MS: 1 EraseBytes-
#1596537	REDUCE cov: 465 ft: 2321 corp: 684/239Kb lim: 6909 exec/s: 33261 rss: 691Mb L: 10/6566 MS: 1 EraseBytes-
#1596768	REDUCE cov: 465 ft: 2321 corp: 684/239Kb lim: 6909 exec/s: 33266 rss: 691Mb L: 2561/6566 MS: 1 EraseBytes-
#1596809	REDUCE cov: 465 ft: 2321 corp: 684/239Kb lim: 6909 exec/s: 33266 rss: 691Mb L: 1052/6566 MS: 1 EraseBytes-
#1598975	REDUCE cov: 465 ft: 2321 corp: 684/239Kb lim: 6921 exec/s: 33311 rss: 691Mb L: 12/6566 MS: 1 EraseBytes-
#1599446	REDUCE cov: 465 ft: 2321 corp: 684/239Kb lim: 6921 exec/s: 33321 rss: 691Mb L: 18/6566 MS: 1 EraseBytes-
#1600694	NEW    cov: 465 ft: 2322 corp: 685/245Kb lim: 6933 exec/s: 33347 rss: 691Mb L: 6153/6566 MS: 3 ChangeBit-ChangeASCIIInt-CrossOver-
#1603275	REDUCE cov: 465 ft: 2322 corp: 685/245Kb lim: 6957 exec/s: 33401 rss: 691Mb L: 16/6566 MS: 1 EraseBytes-
#1604669	REDUCE cov: 465 ft: 2322 corp: 685/245Kb lim: 6969 exec/s: 33430 rss: 691Mb L: 314/6566 MS: 4 InsertByte-CMP-ChangeASCIIInt-EraseBytes- DE: "\001)"-
#1604770	REDUCE cov: 465 ft: 2322 corp: 685/245Kb lim: 6969 exec/s: 33432 rss: 691Mb L: 12/6566 MS: 1 EraseBytes-
#1608881	REDUCE cov: 465 ft: 2322 corp: 685/245Kb lim: 7005 exec/s: 33518 rss: 691Mb L: 1922/6566 MS: 1 EraseBytes-
#1611052	REDUCE cov: 465 ft: 2322 corp: 685/245Kb lim: 7017 exec/s: 33563 rss: 691Mb L: 22/6566 MS: 1 EraseBytes-
#1611523	REDUCE cov: 465 ft: 2322 corp: 685/245Kb lim: 7017 exec/s: 32888 rss: 691Mb L: 18/6566 MS: 1 EraseBytes-
#1612655	REDUCE cov: 465 ft: 2322 corp: 685/245Kb lim: 7017 exec/s: 32911 rss: 691Mb L: 34/6566 MS: 2 InsertRepeatedBytes-EraseBytes-
#1614016	REDUCE cov: 465 ft: 2322 corp: 685/245Kb lim: 7029 exec/s: 32939 rss: 692Mb L: 17/6566 MS: 1 EraseBytes-
#1614592	REDUCE cov: 465 ft: 2322 corp: 685/245Kb lim: 7029 exec/s: 32950 rss: 692Mb L: 6476/6476 MS: 1 EraseBytes-
#1617343	REDUCE cov: 465 ft: 2322 corp: 685/244Kb lim: 7053 exec/s: 33007 rss: 692Mb L: 762/6476 MS: 1 EraseBytes-
#1624125	REDUCE cov: 465 ft: 2322 corp: 685/244Kb lim: 7113 exec/s: 33145 rss: 693Mb L: 594/6476 MS: 2 ChangeASCIIInt-EraseBytes-
#1624231	REDUCE cov: 465 ft: 2322 corp: 685/244Kb lim: 7113 exec/s: 33147 rss: 693Mb L: 12/6476 MS: 1 EraseBytes-
#1624247	REDUCE cov: 465 ft: 2322 corp: 685/244Kb lim: 7113 exec/s: 33147 rss: 693Mb L: 11/6476 MS: 1 EraseBytes-
#1624573	REDUCE cov: 465 ft: 2322 corp: 685/244Kb lim: 7113 exec/s: 33154 rss: 693Mb L: 7/6476 MS: 1 EraseBytes-
#1625214	REDUCE cov: 465 ft: 2322 corp: 685/244Kb lim: 7113 exec/s: 33167 rss: 693Mb L: 24/6476 MS: 1 EraseBytes-
#1629050	REDUCE cov: 465 ft: 2322 corp: 685/244Kb lim: 7149 exec/s: 33245 rss: 693Mb L: 13/6476 MS: 1 EraseBytes-
#1629056	REDUCE cov: 465 ft: 2322 corp: 685/244Kb lim: 7149 exec/s: 33246 rss: 693Mb L: 1097/6476 MS: 1 EraseBytes-
#1632407	REDUCE cov: 465 ft: 2322 corp: 685/244Kb lim: 7173 exec/s: 33314 rss: 694Mb L: 968/6476 MS: 1 EraseBytes-
#1635185	REDUCE cov: 465 ft: 2322 corp: 685/244Kb lim: 7197 exec/s: 32703 rss: 694Mb L: 4913/6476 MS: 3 ChangeBit-ShuffleBytes-EraseBytes-
#1640401	REDUCE cov: 465 ft: 2322 corp: 685/244Kb lim: 7245 exec/s: 32808 rss: 694Mb L: 572/6476 MS: 1 EraseBytes-
#1642907	REDUCE cov: 465 ft: 2322 corp: 685/244Kb lim: 7269 exec/s: 32858 rss: 694Mb L: 134/6476 MS: 1 EraseBytes-
#1643043	REDUCE cov: 465 ft: 2322 corp: 685/244Kb lim: 7269 exec/s: 32860 rss: 694Mb L: 25/6476 MS: 1 EraseBytes-
#1643344	REDUCE cov: 465 ft: 2322 corp: 685/244Kb lim: 7269 exec/s: 32866 rss: 694Mb L: 29/6476 MS: 1 EraseBytes-
#1648675	REDUCE cov: 465 ft: 2322 corp: 685/244Kb lim: 7317 exec/s: 32973 rss: 694Mb L: 20/6476 MS: 1 EraseBytes-
#1649127	REDUCE cov: 465 ft: 2322 corp: 685/244Kb lim: 7317 exec/s: 32982 rss: 694Mb L: 63/6476 MS: 2 ChangeASCIIInt-EraseBytes-
#1649543	REDUCE cov: 465 ft: 2322 corp: 685/244Kb lim: 7317 exec/s: 32990 rss: 694Mb L: 12/6476 MS: 1 EraseBytes-
#1651529	REDUCE cov: 465 ft: 2322 corp: 685/244Kb lim: 7329 exec/s: 33030 rss: 695Mb L: 31/6476 MS: 1 EraseBytes-
#1652457	REDUCE cov: 465 ft: 2323 corp: 686/246Kb lim: 7329 exec/s: 33049 rss: 695Mb L: 1773/6476 MS: 3 CopyPart-ChangeBit-EraseBytes-
#1654953	REDUCE cov: 465 ft: 2323 corp: 686/246Kb lim: 7353 exec/s: 32450 rss: 695Mb L: 96/6476 MS: 1 EraseBytes-
#1656049	REDUCE cov: 465 ft: 2323 corp: 686/246Kb lim: 7353 exec/s: 32471 rss: 695Mb L: 6/6476 MS: 1 EraseBytes-
#1656741	REDUCE cov: 465 ft: 2323 corp: 686/245Kb lim: 7353 exec/s: 32485 rss: 695Mb L: 264/6476 MS: 2 ShuffleBytes-EraseBytes-
#1658742	REDUCE cov: 465 ft: 2323 corp: 686/245Kb lim: 7365 exec/s: 32524 rss: 695Mb L: 147/6476 MS: 1 EraseBytes-
#1659364	REDUCE cov: 465 ft: 2323 corp: 686/245Kb lim: 7365 exec/s: 32536 rss: 695Mb L: 10/6476 MS: 2 EraseBytes-PersAutoDict- DE: "byt"-
#1660185	REDUCE cov: 465 ft: 2323 corp: 686/245Kb lim: 7365 exec/s: 32552 rss: 695Mb L: 49/6476 MS: 1 EraseBytes-
#1661296	REDUCE cov: 465 ft: 2323 corp: 686/245Kb lim: 7365 exec/s: 32574 rss: 695Mb L: 2332/6476 MS: 1 EraseBytes-
#1661317	REDUCE cov: 465 ft: 2323 corp: 686/245Kb lim: 7365 exec/s: 32574 rss: 695Mb L: 25/6476 MS: 1 EraseBytes-
#1661523	REDUCE cov: 465 ft: 2323 corp: 686/245Kb lim: 7365 exec/s: 32578 rss: 695Mb L: 6/6476 MS: 1 EraseBytes-
#1662124	REDUCE cov: 465 ft: 2323 corp: 686/245Kb lim: 7365 exec/s: 32590 rss: 695Mb L: 21/6476 MS: 1 EraseBytes-
#1663550	REDUCE cov: 465 ft: 2324 corp: 687/246Kb lim: 7377 exec/s: 32618 rss: 695Mb L: 625/6476 MS: 1 CopyPart-
#1666951	REDUCE cov: 465 ft: 2324 corp: 687/246Kb lim: 7401 exec/s: 32685 rss: 695Mb L: 137/6476 MS: 1 EraseBytes-
#1668383	REDUCE cov: 465 ft: 2324 corp: 687/246Kb lim: 7413 exec/s: 32713 rss: 695Mb L: 11/6476 MS: 2 ChangeByte-EraseBytes-
#1669514	REDUCE cov: 465 ft: 2324 corp: 687/246Kb lim: 7413 exec/s: 32735 rss: 695Mb L: 1137/6476 MS: 1 EraseBytes-
#1669615	REDUCE cov: 465 ft: 2324 corp: 687/246Kb lim: 7413 exec/s: 32737 rss: 695Mb L: 648/6476 MS: 1 EraseBytes-
#1669966	REDUCE cov: 465 ft: 2324 corp: 687/246Kb lim: 7413 exec/s: 32744 rss: 695Mb L: 13/6476 MS: 1 EraseBytes-
#1671659	REDUCE cov: 465 ft: 2324 corp: 687/246Kb lim: 7425 exec/s: 32777 rss: 695Mb L: 1383/6476 MS: 3 ChangeASCIIInt-InsertByte-EraseBytes-
#1671960	REDUCE cov: 465 ft: 2324 corp: 687/246Kb lim: 7425 exec/s: 32783 rss: 695Mb L: 131/6476 MS: 1 EraseBytes-
#1672288	REDUCE cov: 465 ft: 2324 corp: 687/246Kb lim: 7425 exec/s: 32789 rss: 695Mb L: 3459/6476 MS: 3 ChangeBinInt-ChangeBit-EraseBytes-
#1672344	REDUCE cov: 465 ft: 2324 corp: 687/246Kb lim: 7425 exec/s: 32791 rss: 695Mb L: 2046/6476 MS: 1 EraseBytes-
#1672486	REDUCE cov: 465 ft: 2324 corp: 687/246Kb lim: 7425 exec/s: 32793 rss: 695Mb L: 1224/6476 MS: 2 ChangeBinInt-EraseBytes-
#1676743	REDUCE cov: 465 ft: 2324 corp: 687/245Kb lim: 7461 exec/s: 32245 rss: 695Mb L: 292/6476 MS: 2 ChangeBinInt-EraseBytes-
#1677480	REDUCE cov: 465 ft: 2324 corp: 687/245Kb lim: 7461 exec/s: 32259 rss: 695Mb L: 550/6476 MS: 2 CopyPart-EraseBytes-
#1678001	REDUCE cov: 465 ft: 2324 corp: 687/245Kb lim: 7461 exec/s: 32269 rss: 695Mb L: 352/6476 MS: 1 EraseBytes-
#1678102	REDUCE cov: 465 ft: 2324 corp: 687/245Kb lim: 7461 exec/s: 32271 rss: 695Mb L: 794/6476 MS: 1 EraseBytes-
#1678813	REDUCE cov: 465 ft: 2324 corp: 687/245Kb lim: 7461 exec/s: 32284 rss: 695Mb L: 89/6476 MS: 1 EraseBytes-
#1680679	REDUCE cov: 465 ft: 2324 corp: 687/245Kb lim: 7473 exec/s: 32320 rss: 695Mb L: 349/6476 MS: 1 EraseBytes-
#1680688	REDUCE cov: 465 ft: 2325 corp: 688/246Kb lim: 7473 exec/s: 32320 rss: 695Mb L: 199/6476 MS: 4 ChangeBit-CrossOver-ShuffleBytes-CrossOver-
#1680950	REDUCE cov: 465 ft: 2325 corp: 688/246Kb lim: 7473 exec/s: 32325 rss: 695Mb L: 341/6476 MS: 2 ChangeBit-EraseBytes-
#1683193	REDUCE cov: 465 ft: 2325 corp: 688/246Kb lim: 7485 exec/s: 32369 rss: 695Mb L: 521/6476 MS: 3 ShuffleBytes-ChangeByte-EraseBytes-
#1683774	REDUCE cov: 465 ft: 2325 corp: 688/246Kb lim: 7485 exec/s: 32380 rss: 695Mb L: 20/6476 MS: 1 EraseBytes-
#1684680	REDUCE cov: 465 ft: 2325 corp: 688/246Kb lim: 7485 exec/s: 32397 rss: 695Mb L: 8/6476 MS: 1 EraseBytes-
#1685381	REDUCE cov: 465 ft: 2325 corp: 688/245Kb lim: 7485 exec/s: 32411 rss: 695Mb L: 239/6476 MS: 1 EraseBytes-
#1686167	REDUCE cov: 465 ft: 2325 corp: 688/245Kb lim: 7485 exec/s: 32426 rss: 695Mb L: 2179/6476 MS: 1 EraseBytes-
#1686973	REDUCE cov: 465 ft: 2325 corp: 688/245Kb lim: 7485 exec/s: 32441 rss: 695Mb L: 352/6476 MS: 1 EraseBytes-
#1688529	REDUCE cov: 465 ft: 2325 corp: 688/245Kb lim: 7497 exec/s: 32471 rss: 695Mb L: 3053/6476 MS: 1 EraseBytes-
#1689742	REDUCE cov: 465 ft: 2325 corp: 688/245Kb lim: 7509 exec/s: 32495 rss: 695Mb L: 116/6476 MS: 3 ChangeASCIIInt-InsertByte-EraseBytes-
#1689788	REDUCE cov: 465 ft: 2325 corp: 688/245Kb lim: 7509 exec/s: 32495 rss: 695Mb L: 134/6476 MS: 1 EraseBytes-
#1691320	REDUCE cov: 465 ft: 2325 corp: 688/245Kb lim: 7521 exec/s: 32525 rss: 695Mb L: 469/6476 MS: 2 PersAutoDict-EraseBytes- DE: "easf"-
#1692142	REDUCE cov: 465 ft: 2325 corp: 688/245Kb lim: 7521 exec/s: 32541 rss: 695Mb L: 154/6476 MS: 2 ChangeASCIIInt-EraseBytes-
#1692785	REDUCE cov: 465 ft: 2326 corp: 689/250Kb lim: 7521 exec/s: 32553 rss: 695Mb L: 4596/6476 MS: 3 CopyPart-ChangeBit-CopyPart-
#1693991	REDUCE cov: 465 ft: 2326 corp: 689/250Kb lim: 7533 exec/s: 32576 rss: 695Mb L: 6056/6476 MS: 1 EraseBytes-
#1694787	REDUCE cov: 465 ft: 2326 corp: 689/250Kb lim: 7533 exec/s: 32592 rss: 695Mb L: 506/6476 MS: 1 EraseBytes-
#1697833	REDUCE cov: 465 ft: 2326 corp: 689/250Kb lim: 7557 exec/s: 32034 rss: 695Mb L: 1739/6476 MS: 1 EraseBytes-
#1700620	REDUCE cov: 465 ft: 2326 corp: 689/250Kb lim: 7581 exec/s: 32087 rss: 695Mb L: 217/6476 MS: 2 PersAutoDict-EraseBytes- DE: "duplicate object key"-
#1701638	REDUCE cov: 465 ft: 2326 corp: 689/250Kb lim: 7581 exec/s: 32106 rss: 695Mb L: 93/6476 MS: 3 ChangeBinInt-EraseBytes-CopyPart-
#1701734	REDUCE cov: 465 ft: 2326 corp: 689/250Kb lim: 7581 exec/s: 32108 rss: 695Mb L: 15/6476 MS: 1 EraseBytes-
#1702851	REDUCE cov: 465 ft: 2326 corp: 689/250Kb lim: 7581 exec/s: 32129 rss: 695Mb L: 346/6476 MS: 2 ManualDict-EraseBytes- DE: "':' expected"-
#1704627	REDUCE cov: 465 ft: 2326 corp: 689/250Kb lim: 7593 exec/s: 32162 rss: 696Mb L: 120/6476 MS: 1 EraseBytes-
#1705553	REDUCE cov: 465 ft: 2326 corp: 689/250Kb lim: 7593 exec/s: 32180 rss: 696Mb L: 342/6476 MS: 1 EraseBytes-
#1707129	REDUCE cov: 465 ft: 2326 corp: 689/250Kb lim: 7605 exec/s: 32209 rss: 696Mb L: 37/6476 MS: 1 EraseBytes-
#1708921	REDUCE cov: 465 ft: 2326 corp: 689/249Kb lim: 7617 exec/s: 32243 rss: 696Mb L: 573/6476 MS: 2 PersAutoDict-EraseBytes- DE: "{[siIbfFOon"-
#1709927	REDUCE cov: 465 ft: 2326 corp: 689/249Kb lim: 7617 exec/s: 32262 rss: 696Mb L: 923/6476 MS: 1 EraseBytes-
#1710424	REDUCE cov: 465 ft: 2326 corp: 689/249Kb lim: 7617 exec/s: 32272 rss: 696Mb L: 23/6476 MS: 2 CopyPart-EraseBytes-
#1711785	REDUCE cov: 465 ft: 2326 corp: 689/249Kb lim: 7629 exec/s: 32297 rss: 696Mb L: 28/6476 MS: 1 EraseBytes-
#1713221	REDUCE cov: 465 ft: 2326 corp: 689/249Kb lim: 7641 exec/s: 32324 rss: 696Mb L: 4553/6476 MS: 1 EraseBytes-
#1714057	REDUCE cov: 465 ft: 2326 corp: 689/249Kb lim: 7641 exec/s: 32340 rss: 696Mb L: 43/6476 MS: 1 EraseBytes-
#1715099	REDUCE cov: 465 ft: 2326 corp: 689/249Kb lim: 7641 exec/s: 32360 rss: 696Mb L: 224/6476 MS: 2 ChangeBit-EraseBytes-
#1717456	REDUCE cov: 465 ft: 2326 corp: 689/249Kb lim: 7653 exec/s: 31804 rss: 696Mb L: 243/6476 MS: 2 ManualDict-EraseBytes- DE: "<stream>"-
#1718225	REDUCE cov: 465 ft: 2326 corp: 689/249Kb lim: 7653 exec/s: 31818 rss: 696Mb L: 4394/6476 MS: 4 ManualDict-ChangeASCIIInt-ChangeBit-EraseBytes- DE: "too big negative integer"-
#1719147	REDUCE cov: 465 ft: 2326 corp: 689/249Kb lim: 7653 exec/s: 31836 rss: 696Mb L: 165/6476 MS: 2 ShuffleBytes-EraseBytes-
#1719219	REDUCE cov: 465 ft: 2326 corp: 689/249Kb lim: 7653 exec/s: 31837 rss: 696Mb L: 197/6476 MS: 2 CMP-EraseBytes- DE: "tr"-
#1719661	REDUCE cov: 465 ft: 2326 corp: 689/249Kb lim: 7653 exec/s: 31845 rss: 696Mb L: 1294/6476 MS: 2 ChangeBinInt-EraseBytes-
#1719922	REDUCE cov: 465 ft: 2326 corp: 689/249Kb lim: 7653 exec/s: 31850 rss: 696Mb L: 25/6476 MS: 1 EraseBytes-
#1721053	REDUCE cov: 465 ft: 2326 corp: 689/249Kb lim: 7653 exec/s: 31871 rss: 697Mb L: 301/6476 MS: 1 EraseBytes-
#1724531	REDUCE cov: 465 ft: 2326 corp: 689/249Kb lim: 7677 exec/s: 31935 rss: 697Mb L: 941/6476 MS: 3 ManualDict-ChangeASCIIInt-EraseBytes- DE: "NULL string argument"-
#1724567	REDUCE cov: 465 ft: 2326 corp: 689/249Kb lim: 7677 exec/s: 31936 rss: 697Mb L: 7/6476 MS: 1 EraseBytes-
#1725318	REDUCE cov: 465 ft: 2326 corp: 689/249Kb lim: 7677 exec/s: 31950 rss: 697Mb L: 502/6476 MS: 1 EraseBytes-
#1728344	REDUCE cov: 465 ft: 2326 corp: 689/249Kb lim: 7701 exec/s: 32006 rss: 697Mb L: 922/6476 MS: 1 EraseBytes-
#1730900	REDUCE cov: 465 ft: 2326 corp: 689/249Kb lim: 7725 exec/s: 32053 rss: 697Mb L: 5840/6476 MS: 1 EraseBytes-
#1731016	REDUCE cov: 465 ft: 2326 corp: 689/249Kb lim: 7725 exec/s: 32055 rss: 697Mb L: 156/6476 MS: 1 EraseBytes-
#1736162	REDUCE cov: 465 ft: 2326 corp: 689/249Kb lim: 7773 exec/s: 31566 rss: 697Mb L: 14/6476 MS: 1 EraseBytes-
#1736369	REDUCE cov: 465 ft: 2326 corp: 689/249Kb lim: 7773 exec/s: 31570 rss: 697Mb L: 21/6476 MS: 2 ShuffleBytes-EraseBytes-
#1736615	REDUCE cov: 465 ft: 2326 corp: 689/249Kb lim: 7773 exec/s: 31574 rss: 697Mb L: 9/6476 MS: 1 EraseBytes-
#1736953	REDUCE cov: 465 ft: 2326 corp: 689/249Kb lim: 7773 exec/s: 31580 rss: 697Mb L: 1596/6476 MS: 3 ChangeBinInt-ChangeByte-EraseBytes-
#1738040	REDUCE cov: 465 ft: 2326 corp: 689/248Kb lim: 7773 exec/s: 31600 rss: 697Mb L: 1348/6476 MS: 2 ChangeASCIIInt-EraseBytes-
#1741946	REDUCE cov: 465 ft: 2326 corp: 689/248Kb lim: 7809 exec/s: 31671 rss: 697Mb L: 632/6476 MS: 1 EraseBytes-
#1742617	REDUCE cov: 465 ft: 2326 corp: 689/248Kb lim: 7809 exec/s: 31683 rss: 697Mb L: 140/6476 MS: 1 EraseBytes-
#1743783	REDUCE cov: 465 ft: 2326 corp: 689/248Kb lim: 7809 exec/s: 31705 rss: 697Mb L: 344/6476 MS: 1 EraseBytes-
#1743785	REDUCE cov: 465 ft: 2326 corp: 689/248Kb lim: 7809 exec/s: 31705 rss: 697Mb L: 4/6476 MS: 2 EraseBytes-InsertByte-
#1743791	REDUCE cov: 465 ft: 2326 corp: 689/248Kb lim: 7809 exec/s: 31705 rss: 697Mb L: 2519/6476 MS: 1 EraseBytes-
#1745538	REDUCE cov: 465 ft: 2326 corp: 689/248Kb lim: 7821 exec/s: 31737 rss: 697Mb L: 474/6476 MS: 2 ShuffleBytes-EraseBytes-
#1746629	REDUCE cov: 465 ft: 2326 corp: 689/248Kb lim: 7821 exec/s: 31756 rss: 697Mb L: 1494/6476 MS: 1 CrossOver-
#1748220	REDUCE cov: 465 ft: 2326 corp: 689/248Kb lim: 7833 exec/s: 31785 rss: 697Mb L: 47/6476 MS: 1 EraseBytes-
#1750826	REDUCE cov: 465 ft: 2326 corp: 689/248Kb lim: 7857 exec/s: 31833 rss: 697Mb L: 19/6476 MS: 1 EraseBytes-
#1750853	REDUCE cov: 465 ft: 2327 corp: 690/255Kb lim: 7857 exec/s: 31833 rss: 697Mb L: 6563/6563 MS: 2 ShuffleBytes-CopyPart-
#1751064	REDUCE cov: 465 ft: 2327 corp: 690/255Kb lim: 7857 exec/s: 31837 rss: 697Mb L: 16/6563 MS: 1 EraseBytes-
#1753865	REDUCE cov: 465 ft: 2327 corp: 690/255Kb lim: 7881 exec/s: 31888 rss: 697Mb L: 17/6563 MS: 1 EraseBytes-
#1754305	REDUCE cov: 465 ft: 2327 corp: 690/255Kb lim: 7881 exec/s: 31896 rss: 697Mb L: 6468/6476 MS: 5 ShuffleBytes-ChangeBinInt-InsertRepeatedBytes-PersAutoDict-EraseBytes- DE: "!\000\000\000"-
#1754377	REDUCE cov: 465 ft: 2327 corp: 690/255Kb lim: 7881 exec/s: 31897 rss: 697Mb L: 19/6476 MS: 2 ChangeASCIIInt-EraseBytes-
#1756443	REDUCE cov: 465 ft: 2327 corp: 690/255Kb lim: 7893 exec/s: 31365 rss: 697Mb L: 16/6476 MS: 1 EraseBytes-
#1761319	REDUCE cov: 465 ft: 2327 corp: 690/255Kb lim: 7941 exec/s: 31452 rss: 697Mb L: 14/6476 MS: 1 EraseBytes-
#1761515	REDUCE cov: 465 ft: 2327 corp: 690/255Kb lim: 7941 exec/s: 31455 rss: 697Mb L: 39/6476 MS: 1 EraseBytes-
#1761696	REDUCE cov: 465 ft: 2327 corp: 690/255Kb lim: 7941 exec/s: 31458 rss: 697Mb L: 164/6476 MS: 1 EraseBytes-
#1761697	REDUCE cov: 465 ft: 2327 corp: 690/254Kb lim: 7941 exec/s: 31458 rss: 697Mb L: 6055/6476 MS: 1 EraseBytes-
#1761791	REDUCE cov: 465 ft: 2327 corp: 690/254Kb lim: 7941 exec/s: 31460 rss: 697Mb L: 256/6476 MS: 4 ChangeASCIIInt-ManualDict-InsertRepeatedBytes-EraseBytes- DE: "premature end of input"-
#1762228	REDUCE cov: 465 ft: 2327 corp: 690/254Kb lim: 7941 exec/s: 31468 rss: 697Mb L: 215/6476 MS: 2 ChangeBinInt-EraseBytes-
#1762271	REDUCE cov: 465 ft: 2327 corp: 690/254Kb lim: 7941 exec/s: 31469 rss: 697Mb L: 621/6476 MS: 3 ShuffleBytes-ManualDict-EraseBytes- DE: "too big negative integer"-
#1762317	REDUCE cov: 465 ft: 2327 corp: 690/254Kb lim: 7941 exec/s: 31469 rss: 697Mb L: 2499/6476 MS: 1 EraseBytes-
#1767863	REDUCE cov: 465 ft: 2331 corp: 691/262Kb lim: 7989 exec/s: 31568 rss: 697Mb L: 7813/7813 MS: 1 CopyPart-
#1768209	REDUCE cov: 465 ft: 2331 corp: 691/262Kb lim: 7989 exec/s: 31575 rss: 697Mb L: 22/7813 MS: 1 EraseBytes-
#1771275	REDUCE cov: 465 ft: 2331 corp: 691/262Kb lim: 8013 exec/s: 31629 rss: 697Mb L: 18/7813 MS: 1 EraseBytes-
#1773761	REDUCE cov: 465 ft: 2331 corp: 691/262Kb lim: 8037 exec/s: 31674 rss: 697Mb L: 415/7813 MS: 1 EraseBytes-
#1775197	REDUCE cov: 465 ft: 2331 corp: 691/262Kb lim: 8049 exec/s: 31143 rss: 698Mb L: 17/7813 MS: 1 EraseBytes-
#1776168	REDUCE cov: 465 ft: 2331 corp: 691/262Kb lim: 8049 exec/s: 31160 rss: 698Mb L: 28/7813 MS: 1 EraseBytes-
#1776964	REDUCE cov: 465 ft: 2331 corp: 691/262Kb lim: 8049 exec/s: 31174 rss: 698Mb L: 90/7813 MS: 1 EraseBytes-
#1778546	REDUCE cov: 465 ft: 2331 corp: 691/262Kb lim: 8061 exec/s: 31202 rss: 698Mb L: 17/7813 MS: 2 EraseBytes-InsertByte-
#1779592	REDUCE cov: 465 ft: 2331 corp: 691/262Kb lim: 8061 exec/s: 31220 rss: 698Mb L: 152/7813 MS: 1 EraseBytes-
#1779823	REDUCE cov: 465 ft: 2331 corp: 691/262Kb lim: 8061 exec/s: 31224 rss: 698Mb L: 6032/7813 MS: 1 EraseBytes-
#1784894	REDUCE cov: 465 ft: 2331 corp: 691/262Kb lim: 8109 exec/s: 31313 rss: 698Mb L: 9/7813 MS: 1 EraseBytes-
#1785175	REDUCE cov: 465 ft: 2331 corp: 691/262Kb lim: 8109 exec/s: 31318 rss: 698Mb L: 15/7813 MS: 1 EraseBytes-
#1785651	REDUCE cov: 465 ft: 2331 corp: 691/262Kb lim: 8109 exec/s: 31327 rss: 698Mb L: 8/7813 MS: 1 EraseBytes-
#1789553	REDUCE cov: 465 ft: 2331 corp: 691/262Kb lim: 8145 exec/s: 31395 rss: 698Mb L: 2161/7813 MS: 2 ChangeBit-EraseBytes-
#1794489	REDUCE cov: 465 ft: 2331 corp: 691/262Kb lim: 8193 exec/s: 30939 rss: 699Mb L: 19/7813 MS: 1 EraseBytes-
#1795480	REDUCE cov: 465 ft: 2331 corp: 691/262Kb lim: 8193 exec/s: 30956 rss: 699Mb L: 3971/7813 MS: 1 EraseBytes-
#1795936	REDUCE cov: 465 ft: 2331 corp: 691/262Kb lim: 8193 exec/s: 30964 rss: 699Mb L: 6014/7813 MS: 1 EraseBytes-
#1797017	REDUCE cov: 465 ft: 2331 corp: 691/262Kb lim: 8193 exec/s: 30983 rss: 699Mb L: 6/7813 MS: 1 EraseBytes-
#1798363	REDUCE cov: 465 ft: 2331 corp: 691/262Kb lim: 8206 exec/s: 31006 rss: 699Mb L: 11/7813 MS: 1 EraseBytes-
#1799245	REDUCE cov: 465 ft: 2331 corp: 691/262Kb lim: 8206 exec/s: 31021 rss: 699Mb L: 275/7813 MS: 2 ShuffleBytes-EraseBytes-
#1800797	REDUCE cov: 465 ft: 2331 corp: 691/261Kb lim: 8219 exec/s: 31048 rss: 699Mb L: 2792/7813 MS: 2 ShuffleBytes-EraseBytes-
#1802598	REDUCE cov: 465 ft: 2331 corp: 691/261Kb lim: 8232 exec/s: 31079 rss: 700Mb L: 7761/7761 MS: 1 EraseBytes-
#1806295	REDUCE cov: 465 ft: 2331 corp: 691/261Kb lim: 8258 exec/s: 31143 rss: 701Mb L: 183/7761 MS: 2 CopyPart-CrossOver-
#1806726	REDUCE cov: 465 ft: 2331 corp: 691/261Kb lim: 8258 exec/s: 31150 rss: 701Mb L: 5915/7761 MS: 1 EraseBytes-
#1807607	REDUCE cov: 465 ft: 2331 corp: 691/261Kb lim: 8258 exec/s: 31165 rss: 701Mb L: 912/7761 MS: 1 EraseBytes-
#1808943	REDUCE cov: 465 ft: 2331 corp: 691/261Kb lim: 8271 exec/s: 31188 rss: 701Mb L: 12/7761 MS: 1 EraseBytes-
#1811629	REDUCE cov: 465 ft: 2331 corp: 691/261Kb lim: 8297 exec/s: 31234 rss: 701Mb L: 60/7761 MS: 1 EraseBytes-
#1812035	REDUCE cov: 465 ft: 2331 corp: 691/261Kb lim: 8297 exec/s: 31241 rss: 701Mb L: 38/7761 MS: 1 EraseBytes-
#1812821	REDUCE cov: 465 ft: 2331 corp: 691/261Kb lim: 8297 exec/s: 30725 rss: 701Mb L: 2344/7761 MS: 1 EraseBytes-
#1814082	REDUCE cov: 465 ft: 2331 corp: 691/261Kb lim: 8297 exec/s: 30747 rss: 702Mb L: 6384/7761 MS: 1 EraseBytes-
#1814884	REDUCE cov: 465 ft: 2331 corp: 691/261Kb lim: 8297 exec/s: 30760 rss: 702Mb L: 170/7761 MS: 2 PersAutoDict-EraseBytes- DE: "nul"-
#1816127	REDUCE cov: 465 ft: 2331 corp: 691/261Kb lim: 8297 exec/s: 30781 rss: 702Mb L: 334/7761 MS: 3 ChangeByte-CrossOver-EraseBytes-
#1816988	REDUCE cov: 465 ft: 2331 corp: 691/261Kb lim: 8297 exec/s: 30796 rss: 702Mb L: 1002/7761 MS: 1 EraseBytes-
#1818184	REDUCE cov: 465 ft: 2331 corp: 691/261Kb lim: 8297 exec/s: 30816 rss: 702Mb L: 146/7761 MS: 1 EraseBytes-
#1818285	REDUCE cov: 465 ft: 2331 corp: 691/261Kb lim: 8297 exec/s: 30818 rss: 703Mb L: 44/7761 MS: 1 EraseBytes-
#1820667	REDUCE cov: 465 ft: 2331 corp: 691/261Kb lim: 8310 exec/s: 30858 rss: 704Mb L: 445/7761 MS: 2 CopyPart-EraseBytes-
#1820953	REDUCE cov: 465 ft: 2333 corp: 692/261Kb lim: 8310 exec/s: 30863 rss: 704Mb L: 11/7761 MS: 1 CrossOver-
#1821294	REDUCE cov: 465 ft: 2333 corp: 692/261Kb lim: 8310 exec/s: 30869 rss: 704Mb L: 182/7761 MS: 1 EraseBytes-
#1821322	REDUCE cov: 465 ft: 2333 corp: 692/261Kb lim: 8310 exec/s: 30869 rss: 704Mb L: 521/7761 MS: 3 ChangeBit-EraseBytes-CopyPart-
#1825121	REDUCE cov: 465 ft: 2333 corp: 692/260Kb lim: 8336 exec/s: 30934 rss: 705Mb L: 631/7761 MS: 4 CopyPart-InsertRepeatedBytes-ChangeASCIIInt-EraseBytes-
#1829737	REDUCE cov: 465 ft: 2333 corp: 692/260Kb lim: 8375 exec/s: 31012 rss: 705Mb L: 978/7761 MS: 1 EraseBytes-
#1829883	REDUCE cov: 465 ft: 2333 corp: 692/260Kb lim: 8375 exec/s: 31014 rss: 705Mb L: 52/7761 MS: 1 EraseBytes-
#1830094	REDUCE cov: 465 ft: 2333 corp: 692/260Kb lim: 8375 exec/s: 31018 rss: 705Mb L: 5679/7761 MS: 1 EraseBytes-
#1830435	REDUCE cov: 465 ft: 2333 corp: 692/260Kb lim: 8375 exec/s: 31024 rss: 705Mb L: 21/7761 MS: 1 EraseBytes-
#1830496	REDUCE cov: 465 ft: 2333 corp: 692/260Kb lim: 8375 exec/s: 31025 rss: 705Mb L: 2059/7761 MS: 1 EraseBytes-
#1834632	REDUCE cov: 465 ft: 2333 corp: 692/260Kb lim: 8414 exec/s: 30577 rss: 705Mb L: 10/7761 MS: 1 EraseBytes-
#1839233	REDUCE cov: 465 ft: 2333 corp: 692/260Kb lim: 8453 exec/s: 30653 rss: 705Mb L: 502/7761 MS: 1 EraseBytes-
#1844244	REDUCE cov: 465 ft: 2333 corp: 692/260Kb lim: 8492 exec/s: 30737 rss: 705Mb L: 41/7761 MS: 1 EraseBytes-
#1844838	REDUCE cov: 465 ft: 2333 corp: 692/260Kb lim: 8492 exec/s: 30747 rss: 705Mb L: 423/7761 MS: 4 InsertRepeatedBytes-EraseBytes-EraseBytes-CopyPart-
#1845864	REDUCE cov: 465 ft: 2333 corp: 692/260Kb lim: 8492 exec/s: 30764 rss: 705Mb L: 1981/7761 MS: 1 EraseBytes-
#1846955	NEW    cov: 465 ft: 2336 corp: 693/260Kb lim: 8492 exec/s: 30782 rss: 705Mb L: 17/7761 MS: 1 CopyPart-
#1849021	REDUCE cov: 465 ft: 2336 corp: 693/260Kb lim: 8505 exec/s: 30817 rss: 705Mb L: 18/7761 MS: 1 EraseBytes-
#1850001	DONE   cov: 465 ft: 2336 corp: 693/260Kb lim: 8505 exec/s: 30327 rss: 705Mb
###### Recommended dictionary. ######
"\000:" # Uses: 1329
"\001\000\000\000\000\000\000\000" # Uses: 1281
"\377\377\377\377\377\377\377\007" # Uses: 1200
"\376\377\377\376" # Uses: 1311
"\\\000\000\000" # Uses: 1341
"\001\000\000\"" # Uses: 1345
"\001/" # Uses: 1372
"!\000\000\000" # Uses: 1356
"byt" # Uses: 1352
"u\000\000\000" # Uses: 1323
"ar" # Uses: 1369
"Un" # Uses: 1349
"\000\000\000\000\000\000\000\001" # Uses: 1227
"ULL" # Uses: 1313
"\377\377\377\377" # Uses: 1397
"\000\001" # Uses: 1403
"fal" # Uses: 1384
"false" # Uses: 1307
"tr" # Uses: 1318
"\000\000\0000" # Uses: 1251
"\000[" # Uses: 1329
"\000\000" # Uses: 1372
"\377\377\377\007" # Uses: 1250
"rue" # Uses: 1309
"\000\000\000\377" # Uses: 1331
"ffa" # Uses: 1358
"\001\000\001\000" # Uses: 1281
"n\000\000\000" # Uses: 1309
"efgh" # Uses: 1264
"oooo" # Uses: 1344
"\000\000\000{" # Uses: 1337
"\377\377\377\377\377\377\377\377" # Uses: 1163
"true" # Uses: 1308
"\377\377\377+" # Uses: 1366
"br" # Uses: 1366
"%\000\000\000\000\000\000\000" # Uses: 1164
"-\000\000\000" # Uses: 1277
"\377\377\377\377\377\377\377\012" # Uses: 1181
"{\000\000\000" # Uses: 1202
"\031\000\000\000\000\000\000\000" # Uses: 1140
"\377\000\000\000" # Uses: 1305
"kkkkk" # Uses: 1185
"\030\000\000\000\000\000\000\000" # Uses: 1153
"\001\000\000l" # Uses: 1189
"null" # Uses: 1197
"\000\012" # Uses: 1206
"Anul" # Uses: 1204
"\377\377\377\377\377\377\377\273" # Uses: 1097
"faF" # Uses: 1194
"fa" # Uses: 1178
"fals" # Uses: 1109
"ue" # Uses: 1153
"\000\000\000[" # Uses: 1128
"\000\000\000\000\000\000\000\000" # Uses: 1097
"\001\000\000z" # Uses: 1065
"easf" # Uses: 1058
"\001\000\000\000\000\000\000\001" # Uses: 979
"\"\000\000\000" # Uses: 1053
"q\000\000\000" # Uses: 1095
"nul" # Uses: 1046
"\005\000\000\000\000\000\000\000" # Uses: 940
"ooooo" # Uses: 970
"ug" # Uses: 1033
"\000\000\000]" # Uses: 999
"Adup" # Uses: 964
"\001\\" # Uses: 940
"\376\377\377\377" # Uses: 962
"NULL" # Uses: 877
"d\000" # Uses: 958
"UL" # Uses: 933
"2\000" # Uses: 903
"\376\377\377\377\377\377\377\377" # Uses: 821
"baobj" # Uses: 771
"pi" # Uses: 828
"y\000\000\000\000\000\000\000" # Uses: 723
"3\000\000\000\000\000\000\000" # Uses: 691
"\000f" # Uses: 709
"\000 " # Uses: 737
"kkkk" # Uses: 699
"pn" # Uses: 665
"\001-" # Uses: 631
"\377\377\377\377\377\377\377^" # Uses: 583
"\037\000\000\000" # Uses: 600
"\001\000\000e" # Uses: 608
"\000\000\000\000" # Uses: 486
"nu" # Uses: 367
"\000\000\0001" # Uses: 337
"\001\000\000\000\000\000\000\012" # Uses: 155
"\001)" # Uses: 146
###### End of recommended dictionary. ######
Done 1850001 runs in 61 second(s)
stat::number_of_executed_units: 1850001
stat::average_exec_per_sec:     30327
stat::new_units_added:          3415
stat::slowest_unit_time_sec:    0
stat::peak_rss_mb:              705
