Dictionary: 512 entries
INFO: Running with entropic power schedule (0xFF, 100).
INFO: Seed: 1354384354
INFO: Loaded 1 modules   (20538 inline 8-bit counters): 20538 [0xaaaac4209918, 0xaaaac420e952), 
INFO: Loaded 1 PC tables (20538 PCs): 20538 [0xaaaac420e958,0xaaaac425ecf8), 
INFO:       40 files found in /b/runs/mbedtls__mbedtls_x509_crt_parse/corpus
INFO: seed corpus: files: 40 min: 97b max: 2551b total: 28586b rss: 46Mb
#41	INITED cov: 476 ft: 660 corp: 31/17Kb exec/s: 0 rss: 48Mb
#58	NEW    cov: 479 ft: 664 corp: 32/18Kb lim: 936 exec/s: 0 rss: 49Mb L: 936/936 MS: 2 ChangeBit-ChangeByte-
#64	NEW    cov: 480 ft: 665 corp: 33/18Kb lim: 936 exec/s: 0 rss: 49Mb L: 471/936 MS: 1 InsertByte-
#91	NEW    cov: 490 ft: 694 corp: 34/19Kb lim: 936 exec/s: 0 rss: 49Mb L: 525/936 MS: 2 ManualDict-InsertRepeatedBytes- DE: "ProtocolName"-
#122	NEW    cov: 490 ft: 703 corp: 35/19Kb lim: 936 exec/s: 0 rss: 49Mb L: 469/936 MS: 1 ShuffleBytes-
#168	NEW    cov: 491 ft: 704 corp: 36/20Kb lim: 936 exec/s: 0 rss: 49Mb L: 489/936 MS: 1 ShuffleBytes-
#211	NEW    cov: 492 ft: 733 corp: 37/20Kb lim: 936 exec/s: 0 rss: 49Mb L: 480/936 MS: 3 ChangeASCIIInt-CMP-InsertByte- DE: "\001\000\000\000\000\000\000\000"-
#219	NEW    cov: 492 ft: 734 corp: 38/21Kb lim: 936 exec/s: 0 rss: 49Mb L: 480/936 MS: 3 ChangeByte-ChangeByte-ChangeASCIIInt-
#295	NEW    cov: 492 ft: 736 corp: 39/21Kb lim: 936 exec/s: 0 rss: 49Mb L: 471/936 MS: 1 PersAutoDict- DE: "ProtocolName"-
#321	NEW    cov: 494 ft: 738 corp: 40/22Kb lim: 936 exec/s: 0 rss: 50Mb L: 472/936 MS: 1 InsertByte-
#335	REDUCE cov: 494 ft: 738 corp: 40/22Kb lim: 936 exec/s: 0 rss: 50Mb L: 482/936 MS: 4 CopyPart-CrossOver-InsertRepeatedBytes-CrossOver-
#363	REDUCE cov: 494 ft: 738 corp: 40/21Kb lim: 936 exec/s: 0 rss: 50Mb L: 88/936 MS: 3 InsertByte-CopyPart-EraseBytes-
#379	NEW    cov: 494 ft: 739 corp: 41/22Kb lim: 936 exec/s: 0 rss: 50Mb L: 579/936 MS: 1 InsertRepeatedBytes-
#399	NEW    cov: 494 ft: 740 corp: 42/23Kb lim: 936 exec/s: 0 rss: 50Mb L: 563/936 MS: 5 EraseBytes-CrossOver-ChangeBinInt-CopyPart-CrossOver-
#400	NEW    cov: 495 ft: 758 corp: 43/23Kb lim: 936 exec/s: 0 rss: 50Mb L: 569/936 MS: 1 InsertRepeatedBytes-
#427	REDUCE cov: 495 ft: 758 corp: 43/23Kb lim: 936 exec/s: 0 rss: 50Mb L: 470/936 MS: 2 ChangeBit-EraseBytes-
#485	NEW    cov: 496 ft: 759 corp: 44/24Kb lim: 936 exec/s: 0 rss: 50Mb L: 803/936 MS: 3 ChangeBit-EraseBytes-CrossOver-
#502	NEW    cov: 496 ft: 761 corp: 45/24Kb lim: 936 exec/s: 0 rss: 50Mb L: 490/936 MS: 2 InsertRepeatedBytes-ChangeByte-
#518	NEW    cov: 501 ft: 766 corp: 46/25Kb lim: 936 exec/s: 0 rss: 50Mb L: 936/936 MS: 1 PersAutoDict- DE: "\001\000\000\000\000\000\000\000"-
#549	NEW    cov: 503 ft: 768 corp: 47/26Kb lim: 936 exec/s: 0 rss: 50Mb L: 471/936 MS: 1 ManualDict- DE: "|  "-
#587	NEW    cov: 504 ft: 769 corp: 48/26Kb lim: 936 exec/s: 0 rss: 50Mb L: 492/936 MS: 3 ChangeByte-InsertByte-InsertByte-
#619	REDUCE cov: 504 ft: 769 corp: 48/26Kb lim: 936 exec/s: 0 rss: 50Mb L: 513/936 MS: 2 EraseBytes-CopyPart-
#625	REDUCE cov: 504 ft: 769 corp: 48/26Kb lim: 936 exec/s: 0 rss: 50Mb L: 60/936 MS: 1 EraseBytes-
#628	NEW    cov: 505 ft: 770 corp: 49/27Kb lim: 936 exec/s: 0 rss: 50Mb L: 936/936 MS: 3 ChangeASCIIInt-ManualDict-CopyPart- DE: "E7C8DDC6C5C6AADEB34EB38A2F40D5E6"-
#644	NEW    cov: 506 ft: 772 corp: 50/28Kb lim: 936 exec/s: 0 rss: 50Mb L: 473/936 MS: 1 ChangeByte-
#675	NEW    cov: 507 ft: 773 corp: 51/28Kb lim: 936 exec/s: 0 rss: 50Mb L: 503/936 MS: 1 EraseBytes-
#682	NEW    cov: 508 ft: 776 corp: 52/29Kb lim: 936 exec/s: 0 rss: 50Mb L: 513/936 MS: 2 ChangeASCIIInt-InsertRepeatedBytes-
#751	NEW    cov: 510 ft: 787 corp: 53/29Kb lim: 936 exec/s: 0 rss: 50Mb L: 536/936 MS: 4 ChangeBit-ManualDict-ChangeByte-CopyPart- DE: "CIPHER - The selected feature is not available"-
#858	NEW    cov: 511 ft: 788 corp: 54/30Kb lim: 936 exec/s: 0 rss: 51Mb L: 573/936 MS: 2 EraseBytes-InsertRepeatedBytes-
#864	NEW    cov: 514 ft: 795 corp: 55/31Kb lim: 936 exec/s: 0 rss: 51Mb L: 936/936 MS: 1 CopyPart-
#989	NEW    cov: 515 ft: 796 corp: 56/31Kb lim: 936 exec/s: 0 rss: 51Mb L: 574/936 MS: 5 ChangeBinInt-PersAutoDict-CMP-CopyPart-CMP- DE: "|  "-"\002\000\000\000\000\000\000\000"-"\376\377\334\236"-
#1005	REDUCE cov: 515 ft: 796 corp: 56/31Kb lim: 936 exec/s: 0 rss: 51Mb L: 60/936 MS: 1 EraseBytes-
#1045	REDUCE cov: 516 ft: 797 corp: 57/31Kb lim: 936 exec/s: 0 rss: 51Mb L: 300/936 MS: 5 CMP-InsertRepeatedBytes-ManualDict-InsertRepeatedBytes-CrossOver- DE: "U\035#"-"ticket_nonce:"-
#1211	NEW    cov: 516 ft: 798 corp: 58/32Kb lim: 936 exec/s: 0 rss: 51Mb L: 936/936 MS: 1 ManualDict- DE: "Opaque"-
#1253	NEW    cov: 518 ft: 800 corp: 59/33Kb lim: 936 exec/s: 0 rss: 51Mb L: 626/936 MS: 2 ChangeBit-InsertRepeatedBytes-
#1371	NEW    cov: 519 ft: 801 corp: 60/33Kb lim: 936 exec/s: 0 rss: 51Mb L: 511/936 MS: 3 PersAutoDict-EraseBytes-ManualDict- DE: "ticket_nonce:"-"CIPHER - Decryption of block requires a full block"-
#1394	NEW    cov: 523 ft: 811 corp: 61/34Kb lim: 936 exec/s: 0 rss: 51Mb L: 936/936 MS: 3 ChangeByte-ChangeBinInt-ChangeBinInt-
#1453	REDUCE cov: 523 ft: 811 corp: 61/34Kb lim: 936 exec/s: 0 rss: 51Mb L: 270/936 MS: 4 CMP-ChangeBit-PersAutoDict-EraseBytes- DE: "-----BEGIN CERTIFICATE-----"-"ticket_nonce:"-
	NEW_FUNC[1/2]: 0xaaaac3f5ea2c in mbedtls_pem_init /b/mbedtls/library/pem.c:39
	NEW_FUNC[2/2]: 0xaaaac3f5ea68 in mbedtls_pem_read_buffer /b/mbedtls/library/pem.c:271
#1469	REDUCE cov: 530 ft: 819 corp: 62/35Kb lim: 936 exec/s: 0 rss: 52Mb L: 270/936 MS: 1 CMP- DE: "-----BEGIN CERTIFICATE-----"-
#1482	NEW    cov: 530 ft: 822 corp: 63/35Kb lim: 936 exec/s: 0 rss: 52Mb L: 661/936 MS: 3 CrossOver-InsertByte-CrossOver-
#1533	NEW    cov: 531 ft: 823 corp: 64/36Kb lim: 936 exec/s: 0 rss: 52Mb L: 534/936 MS: 1 InsertRepeatedBytes-
#1535	REDUCE cov: 531 ft: 823 corp: 64/36Kb lim: 936 exec/s: 0 rss: 52Mb L: 49/936 MS: 2 CMP-EraseBytes- DE: "\001\000\000\000\000\000\000\003"-
#1666	NEW    cov: 533 ft: 825 corp: 65/36Kb lim: 936 exec/s: 0 rss: 52Mb L: 480/936 MS: 1 ChangeBit-
#1667	REDUCE cov: 533 ft: 825 corp: 65/36Kb lim: 936 exec/s: 0 rss: 52Mb L: 50/936 MS: 1 EraseBytes-
#1725	NEW    cov: 534 ft: 826 corp: 66/37Kb lim: 936 exec/s: 0 rss: 52Mb L: 570/936 MS: 3 ChangeBinInt-ChangeBit-InsertByte-
#1751	NEW    cov: 535 ft: 827 corp: 67/37Kb lim: 936 exec/s: 0 rss: 52Mb L: 481/936 MS: 1 InsertByte-
#1757	NEW    cov: 537 ft: 829 corp: 68/38Kb lim: 936 exec/s: 0 rss: 52Mb L: 936/936 MS: 1 CopyPart-
#1768	NEW    cov: 540 ft: 838 corp: 69/39Kb lim: 936 exec/s: 0 rss: 52Mb L: 936/936 MS: 1 CMP- DE: "U\035\021"-
#1820	REDUCE cov: 540 ft: 838 corp: 69/39Kb lim: 936 exec/s: 0 rss: 52Mb L: 558/936 MS: 2 PersAutoDict-EraseBytes- DE: "CIPHER - Decryption of block requires a full block"-
#1961	NEW    cov: 540 ft: 839 corp: 70/39Kb lim: 936 exec/s: 0 rss: 52Mb L: 484/936 MS: 1 ManualDict- DE: "ticket_nonce:"-
#1969	NEW    cov: 541 ft: 840 corp: 71/40Kb lim: 936 exec/s: 0 rss: 52Mb L: 470/936 MS: 3 ChangeBit-ManualDict-ChangeBinInt- DE: "No mechanism to detect A64_CRYPTO found, using C code only"-
#2015	REDUCE cov: 541 ft: 840 corp: 71/40Kb lim: 936 exec/s: 0 rss: 52Mb L: 752/936 MS: 1 EraseBytes-
#2021	REDUCE cov: 541 ft: 840 corp: 71/40Kb lim: 936 exec/s: 0 rss: 52Mb L: 245/936 MS: 1 EraseBytes-
#2094	NEW    cov: 542 ft: 841 corp: 72/41Kb lim: 936 exec/s: 0 rss: 52Mb L: 936/936 MS: 3 ShuffleBytes-ManualDict-ChangeBit- DE: "MBEDTLS_PADLOCK_C is set"-
#2099	REDUCE cov: 542 ft: 841 corp: 72/41Kb lim: 936 exec/s: 0 rss: 52Mb L: 473/936 MS: 5 ChangeBit-ManualDict-CMP-ChangeBit-EraseBytes- DE: "non-zero length renegotiation info"-"\377\377\377\377\377\377\377\007"-
#2104	NEW    cov: 545 ft: 845 corp: 73/42Kb lim: 936 exec/s: 0 rss: 52Mb L: 936/936 MS: 5 ChangeASCIIInt-CopyPart-ChangeBinInt-ChangeBinInt-CopyPart-
#2125	NEW    cov: 547 ft: 852 corp: 74/43Kb lim: 936 exec/s: 0 rss: 52Mb L: 867/936 MS: 1 CopyPart-
#2134	REDUCE cov: 547 ft: 852 corp: 74/42Kb lim: 936 exec/s: 0 rss: 52Mb L: 528/936 MS: 4 ChangeByte-InsertByte-CopyPart-EraseBytes-
#2265	NEW    cov: 548 ft: 855 corp: 75/43Kb lim: 936 exec/s: 0 rss: 52Mb L: 469/936 MS: 1 ChangeASCIIInt-
#2297	REDUCE cov: 548 ft: 855 corp: 75/43Kb lim: 936 exec/s: 0 rss: 52Mb L: 495/936 MS: 2 ChangeBit-EraseBytes-
#2348	REDUCE cov: 548 ft: 855 corp: 75/43Kb lim: 936 exec/s: 0 rss: 52Mb L: 177/936 MS: 1 EraseBytes-
#2465	NEW    cov: 550 ft: 857 corp: 76/44Kb lim: 936 exec/s: 0 rss: 52Mb L: 936/936 MS: 2 ChangeBinInt-ChangeBit-
#2466	NEW    cov: 551 ft: 858 corp: 77/45Kb lim: 936 exec/s: 0 rss: 52Mb L: 936/936 MS: 1 CopyPart-
#2553	NEW    cov: 552 ft: 859 corp: 78/45Kb lim: 936 exec/s: 0 rss: 52Mb L: 626/936 MS: 2 PersAutoDict-ShuffleBytes- DE: "E7C8DDC6C5C6AADEB34EB38A2F40D5E6"-
#2554	REDUCE cov: 552 ft: 859 corp: 78/45Kb lim: 936 exec/s: 0 rss: 52Mb L: 527/936 MS: 1 EraseBytes-
#2615	NEW    cov: 552 ft: 861 corp: 79/46Kb lim: 936 exec/s: 0 rss: 52Mb L: 542/936 MS: 1 ManualDict- DE: "mbedtls/version.h"-
#2730	REDUCE cov: 552 ft: 861 corp: 79/46Kb lim: 936 exec/s: 0 rss: 52Mb L: 496/936 MS: 5 ChangeByte-ManualDict-ChangeByte-CopyPart-EraseBytes- DE: "Minimum version of GCC for MBEDTLS_AESCE_C is 6.0."-
#2768	REDUCE cov: 553 ft: 862 corp: 80/46Kb lim: 936 exec/s: 0 rss: 53Mb L: 752/936 MS: 3 ChangeASCIIInt-CopyPart-ChangeByte-
#2841	NEW    cov: 554 ft: 863 corp: 81/47Kb lim: 936 exec/s: 0 rss: 53Mb L: 473/936 MS: 3 ShuffleBytes-ChangeByte-ChangeByte-
#2898	REDUCE cov: 554 ft: 863 corp: 81/47Kb lim: 936 exec/s: 0 rss: 53Mb L: 229/936 MS: 2 ManualDict-EraseBytes- DE: "SHA3-384"-
#2920	NEW    cov: 555 ft: 864 corp: 82/48Kb lim: 936 exec/s: 0 rss: 53Mb L: 936/936 MS: 2 CrossOver-ChangeBit-
#2978	NEW    cov: 556 ft: 865 corp: 83/48Kb lim: 936 exec/s: 0 rss: 53Mb L: 804/936 MS: 3 ChangeASCIIInt-CopyPart-ChangeBinInt-
#3073	REDUCE cov: 556 ft: 865 corp: 83/48Kb lim: 936 exec/s: 0 rss: 53Mb L: 483/936 MS: 5 ManualDict-CopyPart-ManualDict-ChangeASCIIInt-EraseBytes- DE: "CIPHER - Authentication failed (for AEAD modes)"-"DHM - Bad input parameters"-
#3239	NEW    cov: 556 ft: 868 corp: 84/49Kb lim: 936 exec/s: 0 rss: 54Mb L: 917/936 MS: 1 InsertRepeatedBytes-
#3295	REDUCE cov: 556 ft: 868 corp: 84/49Kb lim: 936 exec/s: 0 rss: 54Mb L: 508/936 MS: 1 EraseBytes-
#3393	REDUCE cov: 556 ft: 868 corp: 84/49Kb lim: 936 exec/s: 0 rss: 54Mb L: 157/936 MS: 3 ChangeByte-ChangeBit-EraseBytes-
#3479	NEW    cov: 557 ft: 876 corp: 85/50Kb lim: 936 exec/s: 0 rss: 54Mb L: 936/936 MS: 1 ChangeByte-
#3578	NEW    cov: 557 ft: 878 corp: 86/51Kb lim: 936 exec/s: 0 rss: 54Mb L: 525/936 MS: 4 ChangeASCIIInt-CopyPart-CMP-CopyPart- DE: "}!t-"-
#3783	REDUCE cov: 557 ft: 878 corp: 86/50Kb lim: 936 exec/s: 0 rss: 54Mb L: 519/936 MS: 5 ChangeBinInt-PersAutoDict-ShuffleBytes-ChangeASCIIInt-EraseBytes- DE: "No mechanism to detect A64_CRYPTO found, using C code only"-
#3996	REDUCE cov: 557 ft: 878 corp: 86/50Kb lim: 936 exec/s: 0 rss: 55Mb L: 470/936 MS: 3 ChangeBinInt-CopyPart-EraseBytes-
#4002	REDUCE cov: 557 ft: 878 corp: 86/50Kb lim: 936 exec/s: 0 rss: 55Mb L: 504/936 MS: 1 EraseBytes-
#4101	REDUCE cov: 557 ft: 878 corp: 86/50Kb lim: 936 exec/s: 0 rss: 55Mb L: 113/936 MS: 4 ChangeBit-ShuffleBytes-ChangeASCIIInt-EraseBytes-
#4186	REDUCE cov: 557 ft: 878 corp: 86/50Kb lim: 936 exec/s: 0 rss: 55Mb L: 612/936 MS: 5 ChangeByte-CMP-InsertRepeatedBytes-EraseBytes-EraseBytes- DE: "\304N\334\250"-
#4241	NEW    cov: 558 ft: 879 corp: 87/51Kb lim: 936 exec/s: 0 rss: 55Mb L: 867/936 MS: 5 CopyPart-ChangeASCIIInt-CrossOver-CMP-CrossOver- DE: "-----END CERTIFICATE-----"-
#4290	REDUCE cov: 558 ft: 879 corp: 87/51Kb lim: 936 exec/s: 0 rss: 55Mb L: 483/936 MS: 4 ChangeBinInt-CopyPart-EraseBytes-CopyPart-
#4311	NEW    cov: 559 ft: 880 corp: 88/52Kb lim: 936 exec/s: 0 rss: 55Mb L: 868/936 MS: 1 InsertByte-
#4314	REDUCE cov: 559 ft: 880 corp: 88/52Kb lim: 936 exec/s: 0 rss: 55Mb L: 547/936 MS: 3 CMP-ChangeBinInt-EraseBytes- DE: "-----BEGIN CERTIFICATE-----"-
#4351	NEW    cov: 560 ft: 881 corp: 89/52Kb lim: 936 exec/s: 0 rss: 55Mb L: 590/936 MS: 2 ChangeByte-InsertRepeatedBytes-
#4383	NEW    cov: 560 ft: 892 corp: 90/53Kb lim: 936 exec/s: 0 rss: 56Mb L: 480/936 MS: 2 ChangeByte-ShuffleBytes-
#4421	REDUCE cov: 560 ft: 892 corp: 90/52Kb lim: 936 exec/s: 0 rss: 56Mb L: 402/936 MS: 3 ChangeASCIIInt-ChangeASCIIInt-EraseBytes-
#4454	REDUCE cov: 560 ft: 892 corp: 90/52Kb lim: 936 exec/s: 0 rss: 56Mb L: 576/936 MS: 3 CMP-ShuffleBytes-EraseBytes- DE: "*\206H\316=\004\003\004"-
#4479	REDUCE cov: 560 ft: 892 corp: 90/52Kb lim: 936 exec/s: 0 rss: 56Mb L: 299/936 MS: 5 ChangeBinInt-ChangeASCIIInt-ChangeBit-ChangeBit-EraseBytes-
#4495	NEW    cov: 560 ft: 894 corp: 91/53Kb lim: 936 exec/s: 0 rss: 56Mb L: 542/936 MS: 1 CMP- DE: "\376\377\335\234"-
#4522	NEW    cov: 561 ft: 895 corp: 92/53Kb lim: 936 exec/s: 0 rss: 56Mb L: 472/936 MS: 2 ChangeBit-ChangeBinInt-
#4615	REDUCE cov: 561 ft: 895 corp: 92/53Kb lim: 936 exec/s: 0 rss: 56Mb L: 33/936 MS: 3 InsertRepeatedBytes-ShuffleBytes-EraseBytes-
#4621	REDUCE cov: 561 ft: 895 corp: 92/53Kb lim: 936 exec/s: 0 rss: 56Mb L: 619/936 MS: 1 EraseBytes-
#4877	NEW    cov: 561 ft: 900 corp: 93/54Kb lim: 936 exec/s: 0 rss: 56Mb L: 539/936 MS: 1 CopyPart-
#5133	NEW    cov: 565 ft: 904 corp: 94/54Kb lim: 936 exec/s: 0 rss: 57Mb L: 525/936 MS: 1 ChangeBit-
#5210	NEW    cov: 566 ft: 905 corp: 95/55Kb lim: 936 exec/s: 0 rss: 57Mb L: 936/936 MS: 2 ChangeBinInt-ChangeByte-
#5246	NEW    cov: 569 ft: 909 corp: 96/56Kb lim: 936 exec/s: 0 rss: 57Mb L: 868/936 MS: 1 ChangeBinInt-
#5678	REDUCE cov: 569 ft: 909 corp: 96/56Kb lim: 936 exec/s: 0 rss: 58Mb L: 527/936 MS: 2 PersAutoDict-EraseBytes- DE: "|  "-
#5794	REDUCE cov: 569 ft: 909 corp: 96/56Kb lim: 936 exec/s: 0 rss: 58Mb L: 25/936 MS: 1 EraseBytes-
#5865	NEW    cov: 570 ft: 910 corp: 97/57Kb lim: 936 exec/s: 0 rss: 58Mb L: 567/936 MS: 1 InsertRepeatedBytes-
#5879	NEW    cov: 570 ft: 916 corp: 98/57Kb lim: 936 exec/s: 0 rss: 58Mb L: 473/936 MS: 4 ShuffleBytes-ShuffleBytes-CrossOver-ShuffleBytes-
#5981	REDUCE cov: 570 ft: 916 corp: 98/57Kb lim: 936 exec/s: 0 rss: 58Mb L: 528/936 MS: 2 EraseBytes-CopyPart-
#6283	NEW    cov: 570 ft: 918 corp: 99/58Kb lim: 936 exec/s: 0 rss: 59Mb L: 651/936 MS: 2 CrossOver-CMP- DE: "\000\000\000\000\000\000\001\325"-
#6395	REDUCE cov: 570 ft: 918 corp: 99/58Kb lim: 936 exec/s: 0 rss: 59Mb L: 86/936 MS: 2 ChangeByte-EraseBytes-
#6401	NEW    cov: 570 ft: 919 corp: 100/58Kb lim: 936 exec/s: 0 rss: 59Mb L: 530/936 MS: 1 InsertRepeatedBytes-
#6445	REDUCE cov: 570 ft: 919 corp: 100/58Kb lim: 936 exec/s: 0 rss: 59Mb L: 271/936 MS: 4 CMP-CrossOver-InsertRepeatedBytes-EraseBytes- DE: "\262\311\317\014"-
#6596	NEW    cov: 570 ft: 921 corp: 101/59Kb lim: 936 exec/s: 0 rss: 59Mb L: 480/936 MS: 1 ChangeBinInt-
#6598	REDUCE cov: 570 ft: 921 corp: 101/59Kb lim: 936 exec/s: 0 rss: 59Mb L: 38/936 MS: 2 ChangeByte-EraseBytes-
#6690	REDUCE cov: 570 ft: 921 corp: 101/58Kb lim: 936 exec/s: 0 rss: 59Mb L: 132/936 MS: 2 ManualDict-EraseBytes- DE: "mbedtls/ecjpake.h"-
#6726	REDUCE cov: 570 ft: 921 corp: 101/58Kb lim: 936 exec/s: 0 rss: 59Mb L: 492/936 MS: 1 EraseBytes-
#6756	REDUCE cov: 570 ft: 921 corp: 101/58Kb lim: 936 exec/s: 0 rss: 59Mb L: 508/936 MS: 5 ChangeByte-ChangeASCIIInt-ChangeBit-ChangeBinInt-EraseBytes-
#6763	NEW    cov: 571 ft: 922 corp: 102/59Kb lim: 936 exec/s: 0 rss: 59Mb L: 936/936 MS: 2 CMP-ChangeBinInt- DE: "\342\340;\006"-
#6787	REDUCE cov: 572 ft: 923 corp: 103/60Kb lim: 936 exec/s: 0 rss: 60Mb L: 493/936 MS: 4 ChangeBit-ChangeBit-CrossOver-ChangeBit-
#6858	NEW    cov: 572 ft: 924 corp: 104/61Kb lim: 936 exec/s: 0 rss: 60Mb L: 931/936 MS: 1 CrossOver-
#7059	NEW    cov: 573 ft: 925 corp: 105/61Kb lim: 936 exec/s: 0 rss: 60Mb L: 936/936 MS: 1 ChangeBit-
#7150	REDUCE cov: 573 ft: 925 corp: 105/61Kb lim: 936 exec/s: 0 rss: 60Mb L: 499/936 MS: 1 EraseBytes-
#7238	REDUCE cov: 574 ft: 926 corp: 106/62Kb lim: 936 exec/s: 0 rss: 61Mb L: 531/936 MS: 3 CMP-ChangeBinInt-ChangeBinInt- DE: "U\035\021"-
#7486	NEW    cov: 575 ft: 927 corp: 107/62Kb lim: 936 exec/s: 0 rss: 62Mb L: 469/936 MS: 3 ChangeBit-ChangeBinInt-ShuffleBytes-
#7612	REDUCE cov: 575 ft: 927 corp: 107/62Kb lim: 936 exec/s: 0 rss: 62Mb L: 205/936 MS: 1 EraseBytes-
#7771	REDUCE cov: 575 ft: 927 corp: 107/62Kb lim: 936 exec/s: 0 rss: 62Mb L: 489/936 MS: 4 ManualDict-CrossOver-ChangeBit-EraseBytes- DE: "should never happen"-
#7879	NEW    cov: 577 ft: 929 corp: 108/63Kb lim: 936 exec/s: 0 rss: 62Mb L: 936/936 MS: 3 ChangeBinInt-ChangeByte-ChangeASCIIInt-
#7979	NEW    cov: 578 ft: 930 corp: 109/64Kb lim: 936 exec/s: 0 rss: 62Mb L: 936/936 MS: 5 ChangeBit-PersAutoDict-CMP-PersAutoDict-ChangeByte- DE: "}!t-"-"\377\377"-"U\035\021"-
#8075	REDUCE cov: 578 ft: 930 corp: 109/64Kb lim: 936 exec/s: 0 rss: 62Mb L: 22/936 MS: 1 EraseBytes-
#8139	NEW    cov: 580 ft: 932 corp: 110/65Kb lim: 936 exec/s: 0 rss: 63Mb L: 469/936 MS: 4 ShuffleBytes-ShuffleBytes-ChangeASCIIInt-ChangeBinInt-
#8493	REDUCE cov: 580 ft: 932 corp: 110/65Kb lim: 936 exec/s: 0 rss: 63Mb L: 474/936 MS: 4 ChangeBit-PersAutoDict-ChangeBit-EraseBytes- DE: "Minimum version of GCC for MBEDTLS_AESCE_C is 6.0."-
#8579	NEW    cov: 581 ft: 933 corp: 111/65Kb lim: 936 exec/s: 0 rss: 63Mb L: 469/936 MS: 1 ManualDict- DE: "mbedtls/ctr_drbg.h"-
#8834	REDUCE cov: 581 ft: 933 corp: 111/65Kb lim: 936 exec/s: 0 rss: 64Mb L: 505/936 MS: 5 ChangeBinInt-ManualDict-EraseBytes-ManualDict-InsertRepeatedBytes- DE: "CAMELLIA-192-GCM"-"peer has no certificate"-
#9073	REDUCE cov: 581 ft: 933 corp: 111/65Kb lim: 936 exec/s: 0 rss: 64Mb L: 25/936 MS: 4 CopyPart-InsertByte-ChangeASCIIInt-EraseBytes-
#9087	REDUCE cov: 581 ft: 933 corp: 111/65Kb lim: 936 exec/s: 0 rss: 64Mb L: 477/936 MS: 4 ChangeBinInt-ChangeBit-ChangeBinInt-EraseBytes-
#9279	NEW    cov: 582 ft: 934 corp: 112/65Kb lim: 936 exec/s: 0 rss: 65Mb L: 531/936 MS: 2 ChangeBinInt-EraseBytes-
#9355	NEW    cov: 583 ft: 935 corp: 113/66Kb lim: 936 exec/s: 0 rss: 65Mb L: 936/936 MS: 1 ChangeBit-
#9481	REDUCE cov: 583 ft: 935 corp: 113/66Kb lim: 936 exec/s: 0 rss: 66Mb L: 18/936 MS: 1 EraseBytes-
#9528	REDUCE cov: 583 ft: 935 corp: 113/66Kb lim: 936 exec/s: 0 rss: 66Mb L: 506/936 MS: 2 CrossOver-EraseBytes-
#9679	NEW    cov: 584 ft: 936 corp: 114/67Kb lim: 936 exec/s: 0 rss: 66Mb L: 868/936 MS: 1 ChangeByte-
#9911	NEW    cov: 585 ft: 937 corp: 115/68Kb lim: 936 exec/s: 0 rss: 66Mb L: 936/936 MS: 2 CopyPart-PersAutoDict- DE: "\262\311\317\014"-
#9912	NEW    cov: 587 ft: 939 corp: 116/69Kb lim: 936 exec/s: 0 rss: 66Mb L: 473/936 MS: 1 CMP- DE: "\000\000\000\000"-
#10060	NEW    cov: 589 ft: 951 corp: 117/70Kb lim: 936 exec/s: 0 rss: 66Mb L: 936/936 MS: 3 ChangeBit-ChangeASCIIInt-PersAutoDict- DE: "\002\000\000\000\000\000\000\000"-
#10123	REDUCE cov: 589 ft: 951 corp: 117/69Kb lim: 936 exec/s: 0 rss: 66Mb L: 875/936 MS: 3 CMP-ChangeByte-EraseBytes- DE: "\377\377\377\377\377\377\377\000"-
#10166	REDUCE cov: 589 ft: 951 corp: 117/69Kb lim: 936 exec/s: 0 rss: 67Mb L: 479/936 MS: 3 ChangeByte-ChangeBinInt-EraseBytes-
#10318	NEW    cov: 590 ft: 952 corp: 118/70Kb lim: 936 exec/s: 0 rss: 67Mb L: 470/936 MS: 2 InsertByte-ChangeASCIIInt-
#10351	REDUCE cov: 590 ft: 952 corp: 118/70Kb lim: 936 exec/s: 0 rss: 67Mb L: 526/936 MS: 3 PersAutoDict-ShuffleBytes-EraseBytes- DE: "\376\377\335\234"-
#10376	REDUCE cov: 590 ft: 952 corp: 118/70Kb lim: 936 exec/s: 0 rss: 67Mb L: 537/936 MS: 5 PersAutoDict-ManualDict-EraseBytes-CMP-InsertRepeatedBytes- DE: "ticket_nonce:"-"14"-"\377\377\377\377\376\377\377\377"-
#10566	REDUCE cov: 590 ft: 952 corp: 118/70Kb lim: 936 exec/s: 0 rss: 67Mb L: 522/936 MS: 5 CrossOver-ChangeBinInt-CrossOver-ChangeBit-CrossOver-
#10573	REDUCE cov: 591 ft: 953 corp: 119/70Kb lim: 936 exec/s: 0 rss: 67Mb L: 482/936 MS: 2 ChangeByte-ShuffleBytes-
#10615	REDUCE cov: 591 ft: 953 corp: 119/70Kb lim: 936 exec/s: 0 rss: 67Mb L: 483/936 MS: 2 CMP-EraseBytes- DE: "\001\000\000\000\000\000\001\315"-
#10652	REDUCE cov: 591 ft: 953 corp: 119/70Kb lim: 936 exec/s: 0 rss: 67Mb L: 14/936 MS: 2 InsertByte-EraseBytes-
#10870	REDUCE cov: 591 ft: 953 corp: 119/70Kb lim: 936 exec/s: 0 rss: 67Mb L: 14/936 MS: 3 CMP-ChangeBinInt-EraseBytes- DE: "\252\370\234\273"-
#11066	REDUCE cov: 591 ft: 953 corp: 119/70Kb lim: 936 exec/s: 0 rss: 68Mb L: 9/936 MS: 1 EraseBytes-
#11422	REDUCE cov: 591 ft: 953 corp: 119/70Kb lim: 936 exec/s: 0 rss: 69Mb L: 525/936 MS: 1 EraseBytes-
#11540	REDUCE cov: 591 ft: 953 corp: 119/70Kb lim: 936 exec/s: 0 rss: 69Mb L: 473/936 MS: 3 ChangeASCIIInt-ChangeASCIIInt-EraseBytes-
#11686	NEW    cov: 592 ft: 954 corp: 120/71Kb lim: 936 exec/s: 0 rss: 69Mb L: 936/936 MS: 1 ChangeBit-
#11767	NEW    cov: 593 ft: 955 corp: 121/72Kb lim: 936 exec/s: 0 rss: 69Mb L: 936/936 MS: 1 ChangeBinInt-
#11898	REDUCE cov: 593 ft: 955 corp: 121/72Kb lim: 936 exec/s: 0 rss: 70Mb L: 475/936 MS: 1 EraseBytes-
#12144	REDUCE cov: 593 ft: 955 corp: 121/72Kb lim: 936 exec/s: 0 rss: 70Mb L: 6/936 MS: 1 EraseBytes-
#12165	REDUCE cov: 593 ft: 955 corp: 121/72Kb lim: 936 exec/s: 0 rss: 70Mb L: 5/936 MS: 1 EraseBytes-
#12212	REDUCE cov: 593 ft: 959 corp: 122/72Kb lim: 936 exec/s: 0 rss: 70Mb L: 483/936 MS: 2 ManualDict-CrossOver- DE: "Counter with CBC-MAC (CCM)"-
	NEW_FUNC[1/1]: 0xaaaac3f1f09c in mbedtls_ecp_point_free /b/mbedtls/library/ecp.c:545
#12248	NEW    cov: 598 ft: 966 corp: 123/73Kb lim: 936 exec/s: 0 rss: 70Mb L: 473/936 MS: 1 ChangeByte-
#12329	NEW    cov: 599 ft: 967 corp: 124/74Kb lim: 936 exec/s: 0 rss: 70Mb L: 867/936 MS: 1 ChangeByte-
#12470	REDUCE cov: 599 ft: 967 corp: 124/74Kb lim: 936 exec/s: 0 rss: 70Mb L: 508/936 MS: 1 EraseBytes-
#12685	REDUCE cov: 599 ft: 967 corp: 124/74Kb lim: 936 exec/s: 0 rss: 71Mb L: 476/936 MS: 5 ChangeBinInt-CrossOver-ManualDict-CopyPart-EraseBytes- DE: "ssl_tls13_pick_key_cert:"-
#12782	NEW    cov: 599 ft: 970 corp: 125/75Kb lim: 936 exec/s: 0 rss: 71Mb L: 936/936 MS: 2 ChangeByte-ManualDict- DE: "ARIA-128-CCM*-NO-TAG"-
#12784	NEW    cov: 601 ft: 973 corp: 126/75Kb lim: 936 exec/s: 0 rss: 71Mb L: 868/936 MS: 2 ChangeByte-CrossOver-
#12846	REDUCE cov: 601 ft: 974 corp: 127/76Kb lim: 936 exec/s: 0 rss: 71Mb L: 803/936 MS: 2 CopyPart-CopyPart-
#12859	REDUCE cov: 601 ft: 974 corp: 127/76Kb lim: 936 exec/s: 0 rss: 71Mb L: 99/936 MS: 3 ChangeBinInt-CrossOver-EraseBytes-
#12876	REDUCE cov: 601 ft: 974 corp: 127/76Kb lim: 936 exec/s: 0 rss: 71Mb L: 109/936 MS: 2 ShuffleBytes-EraseBytes-
#12902	NEW    cov: 602 ft: 975 corp: 128/77Kb lim: 936 exec/s: 0 rss: 71Mb L: 579/936 MS: 1 ChangeBit-
#13364	REDUCE cov: 602 ft: 975 corp: 128/77Kb lim: 936 exec/s: 0 rss: 73Mb L: 514/936 MS: 2 CMP-EraseBytes- DE: "-----BEGIN CERTIFICATE-----"-
#13459	REDUCE cov: 602 ft: 975 corp: 128/77Kb lim: 936 exec/s: 0 rss: 73Mb L: 476/936 MS: 5 ChangeASCIIInt-EraseBytes-PersAutoDict-ManualDict-InsertRepeatedBytes- DE: "mbedtls/ctr_drbg.h"-"legacy renegotiation, breaking off handshake"-
#13525	REDUCE cov: 603 ft: 976 corp: 129/77Kb lim: 936 exec/s: 0 rss: 73Mb L: 492/936 MS: 1 ChangeByte-
#13616	REDUCE cov: 603 ft: 976 corp: 129/77Kb lim: 936 exec/s: 0 rss: 73Mb L: 3/936 MS: 1 EraseBytes-
#13667	REDUCE cov: 603 ft: 976 corp: 129/77Kb lim: 936 exec/s: 0 rss: 73Mb L: 488/936 MS: 1 EraseBytes-
#13741	NEW    cov: 604 ft: 977 corp: 130/78Kb lim: 936 exec/s: 0 rss: 74Mb L: 631/936 MS: 4 ChangeBit-CrossOver-ChangeByte-ChangeASCIIInt-
#13819	REDUCE cov: 604 ft: 977 corp: 130/78Kb lim: 936 exec/s: 0 rss: 74Mb L: 95/936 MS: 3 ChangeBinInt-CopyPart-EraseBytes-
#13830	NEW    cov: 605 ft: 978 corp: 131/79Kb lim: 936 exec/s: 0 rss: 74Mb L: 936/936 MS: 1 CMP- DE: "U\035\021"-
#13867	REDUCE cov: 605 ft: 978 corp: 131/79Kb lim: 936 exec/s: 0 rss: 74Mb L: 10/936 MS: 2 InsertByte-EraseBytes-
#14125	NEW    cov: 605 ft: 980 corp: 132/79Kb lim: 936 exec/s: 0 rss: 74Mb L: 936/936 MS: 3 ChangeBit-ShuffleBytes-ChangeByte-
#14139	NEW    cov: 605 ft: 982 corp: 133/80Kb lim: 936 exec/s: 0 rss: 75Mb L: 470/936 MS: 4 CrossOver-ChangeASCIIInt-ManualDict-ChangeByte- DE: "AES-256-OFB"-
#14173	REDUCE cov: 605 ft: 982 corp: 133/80Kb lim: 936 exec/s: 0 rss: 75Mb L: 473/936 MS: 4 ShuffleBytes-ChangeBit-ChangeByte-EraseBytes-
#14291	REDUCE cov: 605 ft: 982 corp: 133/80Kb lim: 936 exec/s: 0 rss: 75Mb L: 497/936 MS: 3 ChangeBit-ShuffleBytes-EraseBytes-
#14453	REDUCE cov: 605 ft: 982 corp: 133/80Kb lim: 936 exec/s: 0 rss: 75Mb L: 469/936 MS: 2 CMP-EraseBytes- DE: "\001\000\000\000\000\000\000\002"-
#14666	REDUCE cov: 605 ft: 982 corp: 133/80Kb lim: 936 exec/s: 0 rss: 75Mb L: 521/936 MS: 3 EraseBytes-ChangeBinInt-InsertRepeatedBytes-
#14853	NEW    cov: 606 ft: 983 corp: 134/80Kb lim: 936 exec/s: 0 rss: 76Mb L: 471/936 MS: 2 PersAutoDict-ChangeASCIIInt- DE: "\377\377\377\377\377\377\377\007"-
#14933	REDUCE cov: 606 ft: 983 corp: 134/80Kb lim: 936 exec/s: 0 rss: 76Mb L: 524/936 MS: 5 ChangeByte-InsertByte-InsertByte-ChangeASCIIInt-EraseBytes-
#14962	REDUCE cov: 606 ft: 983 corp: 134/80Kb lim: 936 exec/s: 0 rss: 76Mb L: 485/936 MS: 4 PersAutoDict-InsertByte-ChangeBit-EraseBytes- DE: "mbedtls/ctr_drbg.h"-
#15064	REDUCE cov: 606 ft: 983 corp: 134/80Kb lim: 936 exec/s: 0 rss: 76Mb L: 2/936 MS: 2 ChangeBit-EraseBytes-
#15465	NEW    cov: 606 ft: 990 corp: 135/81Kb lim: 936 exec/s: 0 rss: 78Mb L: 473/936 MS: 1 PersAutoDict- DE: "\376\377\334\236"-
#15717	REDUCE cov: 606 ft: 990 corp: 135/80Kb lim: 936 exec/s: 0 rss: 78Mb L: 522/936 MS: 2 ChangeASCIIInt-EraseBytes-
#15912	REDUCE cov: 606 ft: 990 corp: 135/80Kb lim: 936 exec/s: 0 rss: 78Mb L: 611/936 MS: 5 InsertByte-CrossOver-ChangeASCIIInt-InsertByte-EraseBytes-
#16188	REDUCE cov: 606 ft: 990 corp: 135/80Kb lim: 936 exec/s: 0 rss: 79Mb L: 89/936 MS: 1 EraseBytes-
#17173	REDUCE cov: 606 ft: 990 corp: 135/80Kb lim: 945 exec/s: 0 rss: 81Mb L: 473/936 MS: 5 PersAutoDict-ChangeBinInt-ChangeByte-CMP-EraseBytes- DE: "ProtocolName"-"*\2062H\316=\004\003"-
#17180	REDUCE cov: 606 ft: 990 corp: 135/80Kb lim: 945 exec/s: 0 rss: 81Mb L: 82/936 MS: 2 CMP-EraseBytes- DE: "-----BEGIN CERTIFICATE-----"-
#17390	REDUCE cov: 606 ft: 990 corp: 135/80Kb lim: 945 exec/s: 0 rss: 81Mb L: 470/936 MS: 5 CrossOver-ChangeBinInt-CMP-ChangeASCIIInt-CopyPart- DE: "U\035\023"-
#17506	REDUCE cov: 606 ft: 990 corp: 135/80Kb lim: 945 exec/s: 0 rss: 82Mb L: 470/936 MS: 1 EraseBytes-
#18070	NEW    cov: 607 ft: 991 corp: 136/81Kb lim: 945 exec/s: 0 rss: 82Mb L: 942/942 MS: 4 InsertRepeatedBytes-ChangeBinInt-CrossOver-ChangeASCIIInt-
#18281	NEW    cov: 608 ft: 992 corp: 137/82Kb lim: 945 exec/s: 0 rss: 83Mb L: 470/942 MS: 1 InsertByte-
#18453	REDUCE cov: 608 ft: 992 corp: 137/82Kb lim: 945 exec/s: 0 rss: 83Mb L: 473/942 MS: 2 ChangeASCIIInt-EraseBytes-
#18614	REDUCE cov: 608 ft: 992 corp: 137/82Kb lim: 945 exec/s: 0 rss: 83Mb L: 1/942 MS: 1 EraseBytes-
#18690	REDUCE cov: 608 ft: 992 corp: 137/81Kb lim: 945 exec/s: 0 rss: 84Mb L: 49/942 MS: 1 EraseBytes-
#19206	NEW    cov: 609 ft: 993 corp: 138/82Kb lim: 945 exec/s: 0 rss: 85Mb L: 936/942 MS: 1 ChangeByte-
#19314	NEW    cov: 609 ft: 994 corp: 139/83Kb lim: 945 exec/s: 0 rss: 85Mb L: 938/942 MS: 3 ShuffleBytes-ChangeByte-PersAutoDict- DE: "14"-
#19362	REDUCE cov: 609 ft: 994 corp: 139/83Kb lim: 945 exec/s: 0 rss: 85Mb L: 46/942 MS: 3 CopyPart-ChangeBinInt-EraseBytes-
#19838	NEW    cov: 610 ft: 995 corp: 140/84Kb lim: 945 exec/s: 0 rss: 86Mb L: 473/942 MS: 1 ChangeByte-
#20157	NEW    cov: 610 ft: 996 corp: 141/84Kb lim: 945 exec/s: 0 rss: 87Mb L: 479/942 MS: 4 ChangeBit-ChangeBit-PersAutoDict-ChangeBit- DE: "*\206H\316=\004\003\004"-
#20176	NEW    cov: 611 ft: 997 corp: 142/85Kb lim: 945 exec/s: 0 rss: 87Mb L: 942/942 MS: 4 ChangeASCIIInt-InsertRepeatedBytes-InsertByte-CrossOver-
#20285	REDUCE cov: 614 ft: 1000 corp: 143/85Kb lim: 945 exec/s: 0 rss: 87Mb L: 82/942 MS: 4 ChangeASCIIInt-CMP-ChangeBinInt-CMP- DE: "\000\000\000\000\000\000\001\236"-"-----END CERTIFICATE-----"-
#20316	REDUCE cov: 614 ft: 1000 corp: 143/85Kb lim: 945 exec/s: 0 rss: 87Mb L: 486/942 MS: 1 EraseBytes-
#20784	REDUCE cov: 614 ft: 1000 corp: 143/85Kb lim: 945 exec/s: 0 rss: 88Mb L: 495/942 MS: 3 CopyPart-ManualDict-EraseBytes- DE: "=> write server hello"-
#21616	NEW    cov: 614 ft: 1002 corp: 144/86Kb lim: 945 exec/s: 0 rss: 90Mb L: 936/942 MS: 2 CopyPart-CMP- DE: "U\035%"-
#22117	NEW    cov: 618 ft: 1006 corp: 145/87Kb lim: 945 exec/s: 0 rss: 90Mb L: 936/942 MS: 1 ChangeByte-
#23275	REDUCE cov: 618 ft: 1006 corp: 145/87Kb lim: 954 exec/s: 0 rss: 92Mb L: 8/942 MS: 3 InsertByte-ChangeByte-EraseBytes-
#23551	NEW    cov: 619 ft: 1007 corp: 146/88Kb lim: 954 exec/s: 0 rss: 93Mb L: 905/942 MS: 1 CopyPart-
#24082	REDUCE cov: 620 ft: 1008 corp: 147/88Kb lim: 954 exec/s: 0 rss: 94Mb L: 470/942 MS: 1 ChangeByte-
#24188	REDUCE cov: 620 ft: 1008 corp: 147/88Kb lim: 954 exec/s: 0 rss: 94Mb L: 82/942 MS: 1 EraseBytes-
#24564	REDUCE cov: 620 ft: 1008 corp: 147/88Kb lim: 954 exec/s: 0 rss: 95Mb L: 485/942 MS: 1 EraseBytes-
#24704	NEW    cov: 621 ft: 1009 corp: 148/89Kb lim: 954 exec/s: 0 rss: 95Mb L: 954/954 MS: 5 PersAutoDict-ChangeBinInt-ChangeByte-CrossOver-CopyPart- DE: "mbedtls/ctr_drbg.h"-
#24866	NEW    cov: 621 ft: 1014 corp: 149/90Kb lim: 954 exec/s: 0 rss: 95Mb L: 942/954 MS: 2 CMP-PersAutoDict- DE: "U\035#"-"Opaque"-
#24874	REDUCE cov: 621 ft: 1014 corp: 149/90Kb lim: 954 exec/s: 0 rss: 95Mb L: 30/954 MS: 3 ManualDict-ShuffleBytes-EraseBytes- DE: "AES-256-CFB128"-
#24917	REDUCE cov: 621 ft: 1014 corp: 149/90Kb lim: 954 exec/s: 0 rss: 95Mb L: 20/954 MS: 3 ChangeByte-ChangeBinInt-EraseBytes-
#25300	REDUCE cov: 621 ft: 1014 corp: 149/90Kb lim: 954 exec/s: 0 rss: 96Mb L: 469/954 MS: 3 ShuffleBytes-EraseBytes-InsertRepeatedBytes-
#25932	NEW    cov: 623 ft: 1016 corp: 150/91Kb lim: 954 exec/s: 0 rss: 97Mb L: 905/954 MS: 2 ChangeASCIIInt-PersAutoDict- DE: "*\2062H\316=\004\003"-
#26328	NEW    cov: 624 ft: 1017 corp: 151/91Kb lim: 954 exec/s: 0 rss: 98Mb L: 491/954 MS: 1 InsertRepeatedBytes-
#26614	NEW    cov: 625 ft: 1018 corp: 152/92Kb lim: 954 exec/s: 0 rss: 99Mb L: 473/954 MS: 1 ChangeByte-
#27664	REDUCE cov: 625 ft: 1018 corp: 152/92Kb lim: 963 exec/s: 0 rss: 101Mb L: 473/954 MS: 5 InsertRepeatedBytes-CrossOver-ManualDict-ShuffleBytes-EraseBytes- DE: "vmull.p64 %[r], %[a], %[b]"-
#27745	NEW    cov: 625 ft: 1019 corp: 153/93Kb lim: 963 exec/s: 0 rss: 101Mb L: 868/954 MS: 1 ChangeBit-
#28046	REDUCE cov: 625 ft: 1019 corp: 153/93Kb lim: 963 exec/s: 0 rss: 102Mb L: 513/954 MS: 1 EraseBytes-
#28253	NEW    cov: 626 ft: 1020 corp: 154/93Kb lim: 963 exec/s: 0 rss: 102Mb L: 509/954 MS: 2 ChangeBit-InsertRepeatedBytes-
#28859	NEW    cov: 627 ft: 1021 corp: 155/94Kb lim: 963 exec/s: 0 rss: 104Mb L: 936/954 MS: 1 ChangeBit-
#28946	REDUCE cov: 627 ft: 1021 corp: 155/94Kb lim: 963 exec/s: 0 rss: 104Mb L: 489/954 MS: 2 ShuffleBytes-EraseBytes-
#29052	REDUCE cov: 627 ft: 1021 corp: 155/94Kb lim: 963 exec/s: 0 rss: 105Mb L: 79/954 MS: 1 EraseBytes-
#29358	REDUCE cov: 627 ft: 1021 corp: 155/94Kb lim: 963 exec/s: 0 rss: 105Mb L: 590/954 MS: 1 EraseBytes-
#29829	NEW    cov: 631 ft: 1025 corp: 156/95Kb lim: 963 exec/s: 0 rss: 106Mb L: 936/954 MS: 1 ChangeBit-
#30470	NEW    cov: 631 ft: 1026 corp: 157/96Kb lim: 963 exec/s: 0 rss: 107Mb L: 936/954 MS: 1 CMP- DE: "*\206H\206\367\015\001\001\005"-
#30893	NEW    cov: 632 ft: 1027 corp: 158/96Kb lim: 963 exec/s: 0 rss: 108Mb L: 676/954 MS: 3 InsertRepeatedBytes-InsertRepeatedBytes-ChangeASCIIInt-
#31571	REDUCE cov: 632 ft: 1027 corp: 158/96Kb lim: 963 exec/s: 0 rss: 109Mb L: 522/954 MS: 3 InsertRepeatedBytes-ChangeASCIIInt-EraseBytes-
#31857	REDUCE cov: 632 ft: 1027 corp: 158/96Kb lim: 963 exec/s: 0 rss: 109Mb L: 564/954 MS: 1 EraseBytes-
#32261	REDUCE cov: 632 ft: 1027 corp: 158/96Kb lim: 963 exec/s: 0 rss: 110Mb L: 50/954 MS: 4 ShuffleBytes-ChangeBinInt-ChangeBinInt-EraseBytes-
#32262	NEW    cov: 633 ft: 1028 corp: 159/97Kb lim: 963 exec/s: 0 rss: 110Mb L: 936/954 MS: 1 ChangeByte-
#32394	REDUCE cov: 633 ft: 1028 corp: 159/97Kb lim: 963 exec/s: 0 rss: 111Mb L: 571/954 MS: 2 ShuffleBytes-CrossOver-
#32545	NEW    cov: 635 ft: 1030 corp: 160/98Kb lim: 963 exec/s: 0 rss: 111Mb L: 942/954 MS: 1 ChangeBinInt-
#32876	REDUCE cov: 635 ft: 1030 corp: 160/98Kb lim: 963 exec/s: 0 rss: 112Mb L: 537/954 MS: 1 CrossOver-
#33778	NEW    cov: 639 ft: 1038 corp: 161/99Kb lim: 963 exec/s: 0 rss: 114Mb L: 945/954 MS: 2 InsertByte-CMP- DE: "\000\000\000\000\000\000\000\000"-
#34137	NEW    cov: 639 ft: 1044 corp: 162/99Kb lim: 963 exec/s: 0 rss: 115Mb L: 949/954 MS: 4 ChangeBit-CopyPart-ChangeASCIIInt-CMP- DE: "\000\000\000\000\000\000\000\001"-
#34190	REDUCE cov: 639 ft: 1044 corp: 162/99Kb lim: 963 exec/s: 0 rss: 115Mb L: 536/954 MS: 3 ShuffleBytes-ChangeByte-EraseBytes-
#34548	REDUCE cov: 639 ft: 1044 corp: 162/99Kb lim: 963 exec/s: 0 rss: 116Mb L: 479/954 MS: 3 PersAutoDict-ChangeASCIIInt-EraseBytes- DE: "}!t-"-
#34706	REDUCE cov: 639 ft: 1044 corp: 162/99Kb lim: 963 exec/s: 0 rss: 116Mb L: 472/954 MS: 3 ChangeByte-ChangeASCIIInt-EraseBytes-
#35003	NEW    cov: 639 ft: 1045 corp: 163/100Kb lim: 963 exec/s: 0 rss: 116Mb L: 470/954 MS: 2 ChangeByte-PersAutoDict- DE: "\000\000\000\000\000\000\000\001"-
#35076	REDUCE cov: 639 ft: 1045 corp: 163/100Kb lim: 963 exec/s: 0 rss: 116Mb L: 72/954 MS: 3 InsertByte-ChangeASCIIInt-EraseBytes-
#35364	REDUCE cov: 639 ft: 1045 corp: 163/100Kb lim: 963 exec/s: 0 rss: 117Mb L: 70/954 MS: 3 ShuffleBytes-CopyPart-EraseBytes-
#35534	REDUCE cov: 639 ft: 1045 corp: 163/100Kb lim: 963 exec/s: 0 rss: 117Mb L: 476/954 MS: 5 EraseBytes-ChangeASCIIInt-ChangeByte-CopyPart-CMP- DE: "-----END CERTIFICATE-----"-
#35680	NEW    cov: 639 ft: 1046 corp: 164/100Kb lim: 963 exec/s: 0 rss: 118Mb L: 480/954 MS: 1 ChangeByte-
#36117	REDUCE cov: 639 ft: 1046 corp: 164/100Kb lim: 963 exec/s: 0 rss: 118Mb L: 473/954 MS: 2 ManualDict-EraseBytes- DE: "DC"-
#36200	REDUCE cov: 639 ft: 1046 corp: 164/100Kb lim: 963 exec/s: 0 rss: 119Mb L: 497/954 MS: 3 ManualDict-ManualDict-EraseBytes- DE: "AES-192-KWP"-"MD5"-
#36657	REDUCE cov: 639 ft: 1046 corp: 164/100Kb lim: 963 exec/s: 0 rss: 120Mb L: 483/954 MS: 2 EraseBytes-ManualDict- DE: "PEM - No PEM header or footer found"-
#36797	NEW    cov: 641 ft: 1048 corp: 165/101Kb lim: 963 exec/s: 0 rss: 120Mb L: 960/960 MS: 5 PersAutoDict-CrossOver-ChangeBinInt-ChangeASCIIInt-InsertRepeatedBytes- DE: "-----END CERTIFICATE-----"-
#37991	REDUCE cov: 641 ft: 1048 corp: 165/101Kb lim: 972 exec/s: 0 rss: 122Mb L: 485/960 MS: 4 InsertByte-CrossOver-ChangeASCIIInt-EraseBytes-
#38009	REDUCE cov: 641 ft: 1048 corp: 165/101Kb lim: 972 exec/s: 0 rss: 122Mb L: 61/960 MS: 3 ChangeBit-InsertByte-EraseBytes-
#38545	REDUCE cov: 641 ft: 1048 corp: 165/101Kb lim: 972 exec/s: 0 rss: 123Mb L: 509/960 MS: 1 EraseBytes-
#39358	REDUCE cov: 641 ft: 1048 corp: 165/101Kb lim: 972 exec/s: 0 rss: 125Mb L: 474/960 MS: 3 ShuffleBytes-InsertByte-EraseBytes-
#39961	REDUCE cov: 641 ft: 1048 corp: 165/101Kb lim: 972 exec/s: 0 rss: 126Mb L: 475/960 MS: 3 EraseBytes-PersAutoDict-ManualDict- DE: "\001\000\000\000\000\000\000\002"-"DHM - The ASN.1 data is not formatted correctly"-
#40442	REDUCE cov: 641 ft: 1048 corp: 165/101Kb lim: 972 exec/s: 0 rss: 127Mb L: 51/960 MS: 1 EraseBytes-
#40954	REDUCE cov: 641 ft: 1048 corp: 165/101Kb lim: 972 exec/s: 0 rss: 128Mb L: 469/960 MS: 2 ChangeASCIIInt-EraseBytes-
#41252	REDUCE cov: 641 ft: 1048 corp: 165/101Kb lim: 972 exec/s: 0 rss: 129Mb L: 481/960 MS: 3 CMP-CopyPart-CrossOver- DE: "\002\000\000\000\000\000\000\000"-
#41286	REDUCE cov: 641 ft: 1048 corp: 165/101Kb lim: 972 exec/s: 0 rss: 129Mb L: 953/960 MS: 4 CMP-CopyPart-InsertRepeatedBytes-EraseBytes- DE: "\000\000\000\000\000\000\002\207"-
#41619	NEW    cov: 641 ft: 1049 corp: 166/102Kb lim: 972 exec/s: 0 rss: 129Mb L: 936/960 MS: 3 CopyPart-ChangeByte-CMP- DE: "*\206H\206\367\015\001\001\016"-
	NEW_FUNC[1/1]: 0xaaaac408c5c4 in mbedtls_x509_get_rsassa_pss_params /b/mbedtls/library/x509.c:248
#41860	NEW    cov: 645 ft: 1053 corp: 167/103Kb lim: 972 exec/s: 0 rss: 130Mb L: 936/960 MS: 1 ChangeBit-
#42032	NEW    cov: 646 ft: 1054 corp: 168/104Kb lim: 972 exec/s: 0 rss: 130Mb L: 936/960 MS: 2 ChangeASCIIInt-ChangeASCIIInt-
#42383	NEW    cov: 646 ft: 1056 corp: 169/104Kb lim: 972 exec/s: 0 rss: 131Mb L: 488/960 MS: 1 PersAutoDict- DE: "\001\000\000\000\000\000\000\000"-
#42436	NEW    cov: 647 ft: 1061 corp: 170/105Kb lim: 972 exec/s: 0 rss: 131Mb L: 488/960 MS: 3 ChangeBinInt-ChangeBit-CMP- DE: "\377\377\377\377\000\000\000\001"-
#42912	NEW    cov: 648 ft: 1062 corp: 171/106Kb lim: 972 exec/s: 0 rss: 131Mb L: 931/960 MS: 1 ChangeBinInt-
#45248	REDUCE cov: 648 ft: 1062 corp: 171/106Kb lim: 990 exec/s: 0 rss: 136Mb L: 470/960 MS: 1 EraseBytes-
#45282	REDUCE cov: 648 ft: 1062 corp: 171/106Kb lim: 990 exec/s: 0 rss: 136Mb L: 469/960 MS: 4 CMP-ChangeByte-ChangeByte-EraseBytes- DE: "*\206H\206\367\015\001\001\013"-
#45338	REDUCE cov: 648 ft: 1062 corp: 171/106Kb lim: 990 exec/s: 0 rss: 137Mb L: 7/960 MS: 1 EraseBytes-
#45727	REDUCE cov: 648 ft: 1062 corp: 171/106Kb lim: 990 exec/s: 0 rss: 137Mb L: 482/960 MS: 4 PersAutoDict-ChangeASCIIInt-ChangeBinInt-EraseBytes- DE: "*\206H\316=\004\003\004"-
#45728	NEW    cov: 649 ft: 1063 corp: 172/106Kb lim: 990 exec/s: 0 rss: 137Mb L: 488/960 MS: 1 ChangeASCIIInt-
#45924	REDUCE cov: 649 ft: 1063 corp: 172/106Kb lim: 990 exec/s: 0 rss: 138Mb L: 29/960 MS: 1 EraseBytes-
#46310	REDUCE cov: 649 ft: 1063 corp: 172/106Kb lim: 990 exec/s: 0 rss: 138Mb L: 476/960 MS: 1 EraseBytes-
#46758	NEW    cov: 650 ft: 1064 corp: 173/106Kb lim: 990 exec/s: 0 rss: 139Mb L: 471/960 MS: 3 InsertByte-ChangeBinInt-ChangeBit-
#46759	REDUCE cov: 650 ft: 1064 corp: 173/106Kb lim: 990 exec/s: 0 rss: 139Mb L: 470/960 MS: 1 EraseBytes-
#47020	REDUCE cov: 650 ft: 1064 corp: 173/106Kb lim: 990 exec/s: 0 rss: 140Mb L: 478/960 MS: 1 EraseBytes-
#48817	REDUCE cov: 650 ft: 1064 corp: 173/106Kb lim: 999 exec/s: 0 rss: 144Mb L: 23/960 MS: 2 CrossOver-EraseBytes-
#48839	REDUCE cov: 650 ft: 1064 corp: 173/106Kb lim: 999 exec/s: 0 rss: 144Mb L: 470/960 MS: 2 EraseBytes-InsertRepeatedBytes-
#48886	REDUCE cov: 650 ft: 1064 corp: 173/106Kb lim: 999 exec/s: 0 rss: 144Mb L: 937/960 MS: 2 ChangeBit-EraseBytes-
#49014	REDUCE cov: 650 ft: 1064 corp: 173/106Kb lim: 999 exec/s: 0 rss: 144Mb L: 471/960 MS: 3 ShuffleBytes-ChangeBit-EraseBytes-
#50077	REDUCE cov: 650 ft: 1064 corp: 173/106Kb lim: 1008 exec/s: 0 rss: 146Mb L: 517/960 MS: 3 ShuffleBytes-InsertByte-EraseBytes-
#50778	REDUCE cov: 651 ft: 1065 corp: 174/107Kb lim: 1008 exec/s: 0 rss: 147Mb L: 683/960 MS: 1 CopyPart-
#51186	REDUCE cov: 651 ft: 1065 corp: 174/107Kb lim: 1008 exec/s: 0 rss: 148Mb L: 473/960 MS: 3 ChangeBit-ChangeByte-EraseBytes-
#51372	NEW    cov: 651 ft: 1066 corp: 175/108Kb lim: 1008 exec/s: 0 rss: 148Mb L: 942/960 MS: 1 ChangeBinInt-
#52537	REDUCE cov: 651 ft: 1066 corp: 175/108Kb lim: 1017 exec/s: 0 rss: 151Mb L: 632/960 MS: 5 ChangeBinInt-CopyPart-CMP-PersAutoDict-EraseBytes- DE: "-----BEGIN CERTIFICATE-----"-"\377\377\377\377\000\000\000\001"-
#52543	REDUCE cov: 651 ft: 1068 corp: 176/108Kb lim: 1017 exec/s: 0 rss: 151Mb L: 505/960 MS: 1 InsertRepeatedBytes-
#52575	REDUCE cov: 651 ft: 1068 corp: 176/108Kb lim: 1017 exec/s: 0 rss: 151Mb L: 10/960 MS: 2 CopyPart-EraseBytes-
#53135	REDUCE cov: 651 ft: 1068 corp: 176/108Kb lim: 1017 exec/s: 0 rss: 152Mb L: 476/960 MS: 5 ShuffleBytes-PersAutoDict-ShuffleBytes-EraseBytes-PersAutoDict- DE: "\377\377\377\377\377\377\377\000"-"*\2062H\316=\004\003"-
#53389	NEW    cov: 652 ft: 1069 corp: 177/109Kb lim: 1017 exec/s: 0 rss: 153Mb L: 977/977 MS: 4 InsertByte-CrossOver-ChangeByte-ChangeBinInt-
#53791	REDUCE cov: 652 ft: 1069 corp: 177/109Kb lim: 1017 exec/s: 0 rss: 154Mb L: 499/977 MS: 2 ChangeBinInt-EraseBytes-
#54524	REDUCE cov: 652 ft: 1069 corp: 177/109Kb lim: 1017 exec/s: 0 rss: 156Mb L: 13/977 MS: 3 ChangeBit-ChangeByte-EraseBytes-
#54654	NEW    cov: 652 ft: 1070 corp: 178/110Kb lim: 1017 exec/s: 0 rss: 156Mb L: 1003/1003 MS: 5 InsertRepeatedBytes-CopyPart-ShuffleBytes-ShuffleBytes-ChangeBinInt-
#54666	REDUCE cov: 652 ft: 1070 corp: 178/110Kb lim: 1017 exec/s: 0 rss: 156Mb L: 469/1003 MS: 2 CrossOver-EraseBytes-
#54856	REDUCE cov: 652 ft: 1070 corp: 178/110Kb lim: 1017 exec/s: 0 rss: 157Mb L: 481/1003 MS: 5 ManualDict-EraseBytes-ShuffleBytes-ManualDict-CrossOver- DE: "<= handshake wrapup"-"0xE0"-
#55615	REDUCE cov: 652 ft: 1070 corp: 178/110Kb lim: 1017 exec/s: 0 rss: 158Mb L: 469/1003 MS: 4 InsertRepeatedBytes-EraseBytes-InsertByte-CMP- DE: "\021\000\000\000\000\000\000\000"-
#57432	REDUCE cov: 652 ft: 1070 corp: 178/110Kb lim: 1026 exec/s: 0 rss: 162Mb L: 494/1003 MS: 2 CrossOver-EraseBytes-
#57728	REDUCE cov: 652 ft: 1070 corp: 178/110Kb lim: 1026 exec/s: 0 rss: 162Mb L: 9/1003 MS: 1 EraseBytes-
#57924	NEW    cov: 653 ft: 1071 corp: 179/111Kb lim: 1026 exec/s: 0 rss: 162Mb L: 469/1003 MS: 1 ChangeBinInt-
#58105	NEW    cov: 654 ft: 1072 corp: 180/111Kb lim: 1026 exec/s: 0 rss: 163Mb L: 488/1003 MS: 1 CMP- DE: "\000\000\000\000\000\000\001r"-
#58546	REDUCE cov: 654 ft: 1072 corp: 180/111Kb lim: 1026 exec/s: 0 rss: 164Mb L: 5/1003 MS: 1 EraseBytes-
#58686	REDUCE cov: 654 ft: 1072 corp: 180/111Kb lim: 1026 exec/s: 0 rss: 164Mb L: 942/1003 MS: 5 ChangeBit-InsertByte-EraseBytes-CrossOver-InsertRepeatedBytes-
#58714	REDUCE cov: 654 ft: 1072 corp: 180/111Kb lim: 1026 exec/s: 0 rss: 164Mb L: 484/1003 MS: 3 PersAutoDict-CrossOver-EraseBytes- DE: "\001\000\000\000\000\000\000\003"-
#58916	REDUCE cov: 654 ft: 1072 corp: 180/111Kb lim: 1026 exec/s: 0 rss: 165Mb L: 469/1003 MS: 2 PersAutoDict-CrossOver- DE: "U\035\021"-
#60363	REDUCE cov: 654 ft: 1072 corp: 180/111Kb lim: 1036 exec/s: 0 rss: 167Mb L: 9/1003 MS: 2 ShuffleBytes-EraseBytes-
#60598	REDUCE cov: 654 ft: 1072 corp: 180/111Kb lim: 1036 exec/s: 0 rss: 168Mb L: 621/1003 MS: 5 CopyPart-ShuffleBytes-ChangeBit-ShuffleBytes-EraseBytes-
#61280	REDUCE cov: 654 ft: 1072 corp: 180/111Kb lim: 1036 exec/s: 0 rss: 169Mb L: 470/1003 MS: 2 EraseBytes-ManualDict- DE: "ARIA-256-CCM"-
#61456	REDUCE cov: 654 ft: 1072 corp: 180/111Kb lim: 1036 exec/s: 0 rss: 169Mb L: 482/1003 MS: 1 EraseBytes-
#61745	REDUCE cov: 654 ft: 1072 corp: 180/111Kb lim: 1036 exec/s: 0 rss: 170Mb L: 469/1003 MS: 4 ChangeBit-PersAutoDict-EraseBytes-InsertByte- DE: "legacy renegotiation, breaking off handshake"-
#62301	NEW    cov: 654 ft: 1073 corp: 181/112Kb lim: 1036 exec/s: 0 rss: 171Mb L: 936/1003 MS: 1 CopyPart-
#62468	REDUCE cov: 654 ft: 1073 corp: 181/112Kb lim: 1036 exec/s: 62468 rss: 172Mb L: 481/1003 MS: 2 ChangeASCIIInt-EraseBytes-
#62476	REDUCE cov: 654 ft: 1073 corp: 181/112Kb lim: 1036 exec/s: 62476 rss: 172Mb L: 472/1003 MS: 3 CMP-ChangeASCIIInt-EraseBytes- DE: "\001\000\000\000\000\000\000\001"-
#62507	REDUCE cov: 654 ft: 1073 corp: 181/112Kb lim: 1036 exec/s: 62507 rss: 172Mb L: 469/1003 MS: 1 EraseBytes-
#62677	NEW    cov: 654 ft: 1077 corp: 182/113Kb lim: 1036 exec/s: 62677 rss: 172Mb L: 974/1003 MS: 5 ChangeBit-ChangeBit-ManualDict-ShuffleBytes-ChangeBit- DE: "peer not adhering to requested sig_alg"-
#64463	REDUCE cov: 654 ft: 1077 corp: 182/113Kb lim: 1046 exec/s: 64463 rss: 179Mb L: 492/1003 MS: 3 ManualDict-PersAutoDict-EraseBytes- DE: "Bad usage of mbedtls_ssl_set_bio() "-"SHA3-384"-
#65761	NEW    cov: 655 ft: 1078 corp: 183/114Kb lim: 1056 exec/s: 65761 rss: 181Mb L: 945/1003 MS: 3 ChangeByte-InsertRepeatedBytes-ChangeBit-
#66745	REDUCE cov: 655 ft: 1078 corp: 183/114Kb lim: 1056 exec/s: 66745 rss: 183Mb L: 4/1003 MS: 4 ShuffleBytes-ShuffleBytes-ChangeByte-EraseBytes-
#66770	REDUCE cov: 655 ft: 1078 corp: 183/114Kb lim: 1056 exec/s: 66770 rss: 183Mb L: 484/1003 MS: 5 PersAutoDict-CrossOver-ChangeASCIIInt-EraseBytes-InsertRepeatedBytes- DE: "MD5"-
#66871	REDUCE cov: 655 ft: 1078 corp: 183/114Kb lim: 1056 exec/s: 66871 rss: 183Mb L: 470/1003 MS: 1 EraseBytes-
#67128	NEW    cov: 656 ft: 1079 corp: 184/114Kb lim: 1056 exec/s: 67128 rss: 184Mb L: 949/1003 MS: 2 ChangeASCIIInt-ManualDict- DE: "PEM - No PEM header or footer found"-
#67285	REDUCE cov: 656 ft: 1079 corp: 184/114Kb lim: 1056 exec/s: 67285 rss: 184Mb L: 471/1003 MS: 2 CMP-EraseBytes- DE: "\032\000"-
#67303	REDUCE cov: 656 ft: 1079 corp: 184/114Kb lim: 1056 exec/s: 67303 rss: 184Mb L: 6/1003 MS: 3 ChangeBit-ChangeBinInt-EraseBytes-
#67544	REDUCE cov: 656 ft: 1079 corp: 184/114Kb lim: 1056 exec/s: 67544 rss: 185Mb L: 965/974 MS: 1 EraseBytes-
#67702	NEW    cov: 656 ft: 1080 corp: 185/115Kb lim: 1056 exec/s: 67702 rss: 185Mb L: 1001/1001 MS: 3 CrossOver-PersAutoDict-CopyPart- DE: "MBEDTLS_PADLOCK_C is set"-
#68053	REDUCE cov: 656 ft: 1080 corp: 185/115Kb lim: 1056 exec/s: 68053 rss: 186Mb L: 3/1001 MS: 1 EraseBytes-
#68573	NEW    cov: 657 ft: 1081 corp: 186/116Kb lim: 1056 exec/s: 68573 rss: 187Mb L: 940/1001 MS: 5 ChangeBinInt-ChangeASCIIInt-ChangeASCIIInt-ShuffleBytes-CMP- DE: "\013\000\000\000"-
#68721	REDUCE cov: 657 ft: 1081 corp: 186/116Kb lim: 1056 exec/s: 68721 rss: 188Mb L: 469/1001 MS: 3 CMP-EraseBytes-PersAutoDict- DE: "U\235%"-"MBEDTLS_PADLOCK_C is set"-
#69623	REDUCE cov: 657 ft: 1081 corp: 186/116Kb lim: 1056 exec/s: 69623 rss: 189Mb L: 480/1001 MS: 2 InsertRepeatedBytes-EraseBytes-
#71376	REDUCE cov: 657 ft: 1081 corp: 186/116Kb lim: 1066 exec/s: 71376 rss: 193Mb L: 4/1001 MS: 3 ChangeByte-InsertByte-EraseBytes-
#71858	REDUCE cov: 657 ft: 1081 corp: 186/116Kb lim: 1066 exec/s: 71858 rss: 194Mb L: 512/1001 MS: 2 ChangeBit-EraseBytes-
#72164	NEW    cov: 658 ft: 1082 corp: 187/117Kb lim: 1066 exec/s: 72164 rss: 195Mb L: 1060/1060 MS: 1 InsertRepeatedBytes-
#72290	REDUCE cov: 658 ft: 1082 corp: 187/117Kb lim: 1066 exec/s: 72290 rss: 195Mb L: 79/1060 MS: 1 EraseBytes-
#72417	REDUCE cov: 658 ft: 1082 corp: 187/117Kb lim: 1066 exec/s: 72417 rss: 195Mb L: 362/1060 MS: 2 EraseBytes-ManualDict- DE: " (already %"-
#72557	REDUCE cov: 658 ft: 1082 corp: 187/117Kb lim: 1066 exec/s: 72557 rss: 196Mb L: 941/1060 MS: 5 CopyPart-ChangeBit-ChangeASCIIInt-EraseBytes-ManualDict- DE: "own certificate"-
#73034	REDUCE cov: 658 ft: 1082 corp: 187/117Kb lim: 1066 exec/s: 73034 rss: 197Mb L: 479/1060 MS: 2 CrossOver-EraseBytes-
#73095	REDUCE cov: 658 ft: 1082 corp: 187/117Kb lim: 1066 exec/s: 73095 rss: 197Mb L: 475/1060 MS: 1 EraseBytes-
#73109	REDUCE cov: 658 ft: 1082 corp: 187/117Kb lim: 1066 exec/s: 73109 rss: 197Mb L: 953/1060 MS: 4 ChangeASCIIInt-CrossOver-ChangeBinInt-InsertRepeatedBytes-
#74070	REDUCE cov: 658 ft: 1082 corp: 187/117Kb lim: 1066 exec/s: 74070 rss: 199Mb L: 245/1060 MS: 1 EraseBytes-
#74272	REDUCE cov: 658 ft: 1082 corp: 187/117Kb lim: 1066 exec/s: 74272 rss: 200Mb L: 5/1060 MS: 2 ChangeBinInt-EraseBytes-
#74278	REDUCE cov: 658 ft: 1082 corp: 187/117Kb lim: 1066 exec/s: 74278 rss: 200Mb L: 166/1060 MS: 1 EraseBytes-
#74739	NEW    cov: 659 ft: 1083 corp: 188/118Kb lim: 1066 exec/s: 74739 rss: 201Mb L: 577/1060 MS: 1 InsertRepeatedBytes-
#74743	REDUCE cov: 659 ft: 1083 corp: 188/118Kb lim: 1066 exec/s: 74743 rss: 201Mb L: 867/1060 MS: 4 ChangeBit-EraseBytes-ShuffleBytes-ManualDict- DE: "0x04"-
#75677	REDUCE cov: 659 ft: 1083 corp: 188/118Kb lim: 1066 exec/s: 75677 rss: 203Mb L: 478/1060 MS: 4 InsertRepeatedBytes-ManualDict-CMP-EraseBytes- DE: "<= write change cipher spec"-"E\002\000\000\000\000\000\000"-
#75875	REDUCE cov: 659 ft: 1083 corp: 188/117Kb lim: 1066 exec/s: 75875 rss: 203Mb L: 479/1060 MS: 3 CMP-ChangeBinInt-EraseBytes- DE: "-----BEGIN CERTIFICATE-----"-
#75919	REDUCE cov: 659 ft: 1083 corp: 188/117Kb lim: 1066 exec/s: 75919 rss: 203Mb L: 494/1060 MS: 4 CopyPart-PersAutoDict-ShuffleBytes-EraseBytes- DE: "mbedtls/ctr_drbg.h"-
#76918	REDUCE cov: 659 ft: 1083 corp: 188/117Kb lim: 1066 exec/s: 76918 rss: 205Mb L: 123/1060 MS: 4 CMP-ShuffleBytes-PersAutoDict-EraseBytes- DE: "-----BEGIN CERTIFICATE-----"-"\377\377\377\377\377\377\377\000"-
#77014	NEW    cov: 660 ft: 1084 corp: 189/118Kb lim: 1066 exec/s: 77014 rss: 205Mb L: 940/1060 MS: 1 CMP- DE: "\000\000\000\001"-
#77515	REDUCE cov: 660 ft: 1084 corp: 189/118Kb lim: 1066 exec/s: 77515 rss: 207Mb L: 3/1060 MS: 1 EraseBytes-
#77631	NEW    cov: 661 ft: 1085 corp: 190/119Kb lim: 1066 exec/s: 77631 rss: 207Mb L: 936/1060 MS: 1 ShuffleBytes-
#78104	REDUCE cov: 661 ft: 1085 corp: 190/119Kb lim: 1066 exec/s: 78104 rss: 208Mb L: 75/1060 MS: 3 ChangeByte-ChangeBinInt-EraseBytes-
#78313	NEW    cov: 662 ft: 1086 corp: 191/120Kb lim: 1066 exec/s: 78313 rss: 208Mb L: 944/1060 MS: 4 CMP-ChangeByte-ChangeByte-ChangeASCIIInt- DE: "=\000\000\000\000\000\000\000"-
#78887	REDUCE cov: 662 ft: 1086 corp: 191/120Kb lim: 1066 exec/s: 78887 rss: 209Mb L: 469/1060 MS: 4 ChangeByte-ChangeByte-ShuffleBytes-EraseBytes-
#79905	REDUCE cov: 662 ft: 1086 corp: 191/120Kb lim: 1076 exec/s: 79905 rss: 212Mb L: 473/1060 MS: 3 EraseBytes-ChangeASCIIInt-CrossOver-
#80356	REDUCE cov: 662 ft: 1086 corp: 191/120Kb lim: 1076 exec/s: 80356 rss: 213Mb L: 43/1060 MS: 1 EraseBytes-
#81032	NEW    cov: 662 ft: 1087 corp: 192/121Kb lim: 1076 exec/s: 81032 rss: 214Mb L: 981/1060 MS: 1 InsertRepeatedBytes-
#82139	REDUCE cov: 662 ft: 1087 corp: 192/121Kb lim: 1086 exec/s: 82139 rss: 217Mb L: 473/1060 MS: 2 CMP-EraseBytes- DE: "\377\377\377\377\377\377\377\000"-
#82880	REDUCE cov: 662 ft: 1087 corp: 192/121Kb lim: 1086 exec/s: 82880 rss: 218Mb L: 487/1060 MS: 1 EraseBytes-
#82974	REDUCE cov: 662 ft: 1087 corp: 192/121Kb lim: 1086 exec/s: 82974 rss: 218Mb L: 487/1060 MS: 4 CMP-CrossOver-EraseBytes-CopyPart- DE: "\377\377\377\377\377\377\000w"-
#83051	REDUCE cov: 662 ft: 1088 corp: 193/122Kb lim: 1086 exec/s: 83051 rss: 218Mb L: 864/1060 MS: 2 PersAutoDict-CopyPart- DE: "CIPHER - Authentication failed (for AEAD modes)"-
#83082	REDUCE cov: 662 ft: 1088 corp: 193/121Kb lim: 1086 exec/s: 83082 rss: 218Mb L: 492/1060 MS: 1 EraseBytes-
#84817	REDUCE cov: 662 ft: 1088 corp: 193/121Kb lim: 1096 exec/s: 84817 rss: 222Mb L: 995/995 MS: 5 ChangeASCIIInt-PersAutoDict-InsertByte-CrossOver-CrossOver- DE: "\000\000\000\000\000\000\002\207"-
#85100	REDUCE cov: 662 ft: 1088 corp: 193/121Kb lim: 1096 exec/s: 85100 rss: 222Mb L: 37/995 MS: 3 CMP-ChangeBinInt-EraseBytes- DE: "\001\000\000\000\000\000\000\000"-
#85166	REDUCE cov: 662 ft: 1088 corp: 193/121Kb lim: 1096 exec/s: 85166 rss: 222Mb L: 515/995 MS: 1 EraseBytes-
#85457	REDUCE cov: 662 ft: 1088 corp: 193/121Kb lim: 1096 exec/s: 85457 rss: 223Mb L: 2/995 MS: 1 EraseBytes-
#86588	REDUCE cov: 662 ft: 1088 corp: 193/121Kb lim: 1106 exec/s: 86588 rss: 225Mb L: 478/995 MS: 1 EraseBytes-
#90215	REDUCE cov: 662 ft: 1088 corp: 193/121Kb lim: 1136 exec/s: 90215 rss: 233Mb L: 479/995 MS: 2 ShuffleBytes-EraseBytes-
#90699	NEW    cov: 663 ft: 1089 corp: 194/122Kb lim: 1136 exec/s: 90699 rss: 235Mb L: 942/995 MS: 4 ChangeByte-ChangeASCIIInt-ChangeBit-CMP- DE: "U\035\017"-
#91027	REDUCE cov: 663 ft: 1089 corp: 194/122Kb lim: 1136 exec/s: 91027 rss: 235Mb L: 491/995 MS: 3 InsertByte-CMP-EraseBytes- DE: "\012\000"-
#92017	REDUCE cov: 663 ft: 1089 corp: 194/122Kb lim: 1136 exec/s: 92017 rss: 237Mb L: 469/995 MS: 5 ChangeASCIIInt-CrossOver-InsertRepeatedBytes-ManualDict-ManualDict- DE: "602AB7ECA597A3D6B56FF9829A5E8B85"-"<= parse server hello"-
#92309	REDUCE cov: 663 ft: 1089 corp: 194/122Kb lim: 1136 exec/s: 92309 rss: 238Mb L: 882/995 MS: 2 ShuffleBytes-CrossOver-
#93095	REDUCE cov: 663 ft: 1089 corp: 194/122Kb lim: 1136 exec/s: 93095 rss: 240Mb L: 36/995 MS: 1 EraseBytes-
#93922	REDUCE cov: 663 ft: 1089 corp: 194/122Kb lim: 1136 exec/s: 93922 rss: 241Mb L: 470/995 MS: 2 CopyPart-EraseBytes-
#94852	REDUCE cov: 663 ft: 1089 corp: 194/122Kb lim: 1136 exec/s: 94852 rss: 243Mb L: 16/995 MS: 5 EraseBytes-InsertByte-ChangeBit-EraseBytes-ChangeBit-
	NEW_FUNC[1/1]: 0xaaaac40aa2ec in x509_get_certificate_policies /b/mbedtls/library/x509_crt.c:742
#96064	REDUCE cov: 668 ft: 1094 corp: 195/123Kb lim: 1146 exec/s: 96064 rss: 245Mb L: 882/995 MS: 2 ChangeBit-CMP- DE: "U\035 "-
#96558	REDUCE cov: 669 ft: 1095 corp: 196/124Kb lim: 1146 exec/s: 96558 rss: 246Mb L: 544/995 MS: 4 CopyPart-ChangeASCIIInt-InsertRepeatedBytes-ChangeASCIIInt-
#97304	NEW    cov: 670 ft: 1096 corp: 197/124Kb lim: 1146 exec/s: 97304 rss: 248Mb L: 886/995 MS: 1 CMP- DE: "\377\377\377\031"-
#97965	REDUCE cov: 670 ft: 1096 corp: 197/124Kb lim: 1146 exec/s: 97965 rss: 249Mb L: 482/995 MS: 1 EraseBytes-
#100239	REDUCE cov: 670 ft: 1096 corp: 197/124Kb lim: 1166 exec/s: 100239 rss: 255Mb L: 480/995 MS: 4 CopyPart-EraseBytes-ChangeBinInt-ManualDict- DE: "mbedtls/dhm.h"-
#101186	NEW    cov: 673 ft: 1099 corp: 198/125Kb lim: 1166 exec/s: 101186 rss: 257Mb L: 937/995 MS: 2 InsertByte-ChangeBit-
#102889	REDUCE cov: 673 ft: 1099 corp: 198/125Kb lim: 1176 exec/s: 102889 rss: 260Mb L: 480/995 MS: 3 ChangeASCIIInt-ChangeByte-CrossOver-
#103615	REDUCE cov: 673 ft: 1099 corp: 198/125Kb lim: 1176 exec/s: 103615 rss: 261Mb L: 483/995 MS: 1 EraseBytes-
#104479	REDUCE cov: 673 ft: 1099 corp: 198/125Kb lim: 1176 exec/s: 104479 rss: 263Mb L: 472/995 MS: 4 EraseBytes-InsertByte-ManualDict-InsertRepeatedBytes- DE: "7FFFFFFFFFFFFFFFFFFFFFFFFFFFFFFFFFFFFFFFFFFFFFFFFFFFFFFFFFFFFFF8"-
#104905	REDUCE cov: 673 ft: 1099 corp: 198/125Kb lim: 1176 exec/s: 104905 rss: 263Mb L: 482/995 MS: 1 EraseBytes-
#104963	REDUCE cov: 673 ft: 1099 corp: 198/125Kb lim: 1176 exec/s: 104963 rss: 264Mb L: 470/995 MS: 3 CrossOver-InsertByte-ManualDict- DE: "  MPI test #2 (div_mpi): "-
#105945	REDUCE cov: 673 ft: 1099 corp: 198/125Kb lim: 1176 exec/s: 105945 rss: 266Mb L: 936/995 MS: 2 EraseBytes-InsertByte-
#107452	REDUCE cov: 673 ft: 1099 corp: 198/125Kb lim: 1186 exec/s: 107452 rss: 269Mb L: 951/995 MS: 2 CrossOver-ManualDict- DE: "No assembly defined for mbedtls_get_unaligned_volatile_uint32"-
#107923	NEW    cov: 673 ft: 1102 corp: 199/126Kb lim: 1186 exec/s: 107923 rss: 271Mb L: 469/995 MS: 1 ChangeBit-
#108819	NEW    cov: 675 ft: 1105 corp: 200/127Kb lim: 1186 exec/s: 108819 rss: 272Mb L: 936/995 MS: 1 ChangeBit-
#110672	REDUCE cov: 675 ft: 1105 corp: 200/126Kb lim: 1196 exec/s: 110672 rss: 276Mb L: 501/995 MS: 3 ChangeBinInt-InsertRepeatedBytes-CrossOver-
#111113	REDUCE cov: 675 ft: 1105 corp: 200/126Kb lim: 1196 exec/s: 111113 rss: 278Mb L: 480/995 MS: 1 EraseBytes-
#111954	REDUCE cov: 675 ft: 1105 corp: 200/126Kb lim: 1196 exec/s: 111954 rss: 280Mb L: 2/995 MS: 1 EraseBytes-
#112139	REDUCE cov: 675 ft: 1105 corp: 200/126Kb lim: 1196 exec/s: 112139 rss: 280Mb L: 477/995 MS: 5 ChangeByte-ChangeBit-InsertRepeatedBytes-ShuffleBytes-EraseBytes-
#112836	REDUCE cov: 675 ft: 1105 corp: 200/126Kb lim: 1196 exec/s: 112836 rss: 282Mb L: 943/995 MS: 2 ManualDict-CrossOver- DE: "mbedtls/oid.h"-
#115325	REDUCE cov: 675 ft: 1105 corp: 200/126Kb lim: 1216 exec/s: 115325 rss: 287Mb L: 942/995 MS: 4 ShuffleBytes-EraseBytes-CopyPart-CopyPart-
#116428	REDUCE cov: 675 ft: 1105 corp: 200/126Kb lim: 1226 exec/s: 116428 rss: 289Mb L: 472/995 MS: 3 InsertByte-ChangeBit-EraseBytes-
#116572	REDUCE cov: 675 ft: 1105 corp: 200/126Kb lim: 1226 exec/s: 116572 rss: 289Mb L: 940/995 MS: 4 ChangeBit-CrossOver-EraseBytes-ManualDict- DE: "DHM - Allocation of memory failed"-
#119283	REDUCE cov: 675 ft: 1105 corp: 200/126Kb lim: 1246 exec/s: 119283 rss: 295Mb L: 13/995 MS: 1 EraseBytes-
#119876	REDUCE cov: 675 ft: 1105 corp: 200/126Kb lim: 1246 exec/s: 119876 rss: 297Mb L: 4/995 MS: 3 ChangeByte-CopyPart-EraseBytes-
#120538	REDUCE cov: 675 ft: 1105 corp: 200/126Kb lim: 1246 exec/s: 120538 rss: 298Mb L: 43/995 MS: 2 ChangeBit-EraseBytes-
#121175	REDUCE cov: 675 ft: 1105 corp: 200/126Kb lim: 1246 exec/s: 121175 rss: 299Mb L: 476/995 MS: 2 ChangeBit-CrossOver-
#121661	REDUCE cov: 675 ft: 1105 corp: 200/126Kb lim: 1246 exec/s: 121661 rss: 300Mb L: 496/995 MS: 1 EraseBytes-
#122638	REDUCE cov: 675 ft: 1105 corp: 200/126Kb lim: 1246 exec/s: 122638 rss: 303Mb L: 472/995 MS: 2 ChangeASCIIInt-EraseBytes-
#127654	NEW    cov: 676 ft: 1106 corp: 201/127Kb lim: 1286 exec/s: 127654 rss: 312Mb L: 936/995 MS: 1 CMP- DE: "\030\000\000\000\000\000\000\000"-
#128602	REDUCE cov: 676 ft: 1106 corp: 201/127Kb lim: 1286 exec/s: 128602 rss: 314Mb L: 9/995 MS: 3 CopyPart-EraseBytes-ShuffleBytes-
#128816	REDUCE cov: 676 ft: 1106 corp: 201/127Kb lim: 1286 exec/s: 128816 rss: 315Mb L: 469/995 MS: 4 InsertRepeatedBytes-PersAutoDict-CrossOver-InsertByte- DE: "\012\000"-
#129492	REDUCE cov: 676 ft: 1106 corp: 201/127Kb lim: 1286 exec/s: 129492 rss: 316Mb L: 8/995 MS: 1 EraseBytes-
#129748	NEW    cov: 677 ft: 1107 corp: 202/128Kb lim: 1286 exec/s: 129748 rss: 317Mb L: 936/995 MS: 1 CMP- DE: "U\035 "-
#129897	REDUCE cov: 677 ft: 1107 corp: 202/128Kb lim: 1286 exec/s: 129897 rss: 317Mb L: 473/995 MS: 4 ShuffleBytes-ManualDict-ShuffleBytes-EraseBytes- DE: "SHA512"-
#130325	REDUCE cov: 677 ft: 1107 corp: 202/128Kb lim: 1286 exec/s: 130325 rss: 318Mb L: 477/995 MS: 3 InsertByte-ChangeBinInt-EraseBytes-
#130378	REDUCE cov: 677 ft: 1107 corp: 202/128Kb lim: 1286 exec/s: 130378 rss: 319Mb L: 472/995 MS: 3 ChangeBinInt-ChangeBit-EraseBytes-
#131039	REDUCE cov: 677 ft: 1107 corp: 202/128Kb lim: 1286 exec/s: 131039 rss: 320Mb L: 1/995 MS: 1 EraseBytes-
#131896	REDUCE cov: 677 ft: 1107 corp: 202/128Kb lim: 1286 exec/s: 131896 rss: 322Mb L: 476/995 MS: 2 CrossOver-EraseBytes-
#133419	REDUCE cov: 677 ft: 1107 corp: 202/128Kb lim: 1296 exec/s: 133419 rss: 325Mb L: 41/995 MS: 3 CopyPart-ShuffleBytes-EraseBytes-
#133746	REDUCE cov: 677 ft: 1107 corp: 202/128Kb lim: 1296 exec/s: 133746 rss: 326Mb L: 472/995 MS: 2 CrossOver-EraseBytes-
#140917	REDUCE cov: 677 ft: 1107 corp: 202/128Kb lim: 1366 exec/s: 140917 rss: 340Mb L: 7/995 MS: 1 EraseBytes-
#142218	NEW    cov: 678 ft: 1108 corp: 203/129Kb lim: 1376 exec/s: 142218 rss: 343Mb L: 868/995 MS: 1 ChangeBit-
#145612	NEW    cov: 679 ft: 1109 corp: 204/130Kb lim: 1406 exec/s: 145612 rss: 351Mb L: 1045/1045 MS: 4 CMP-InsertRepeatedBytes-ShuffleBytes-ShuffleBytes- DE: "-----BEGIN CERTIFICATE-----"-
#145648	REDUCE cov: 679 ft: 1109 corp: 204/130Kb lim: 1406 exec/s: 145648 rss: 351Mb L: 469/1045 MS: 1 EraseBytes-
#146045	REDUCE cov: 679 ft: 1109 corp: 204/130Kb lim: 1406 exec/s: 146045 rss: 352Mb L: 474/1045 MS: 2 ChangeByte-EraseBytes-
#148126	REDUCE cov: 679 ft: 1109 corp: 204/130Kb lim: 1426 exec/s: 148126 rss: 357Mb L: 470/1045 MS: 1 EraseBytes-
#148554	NEW    cov: 680 ft: 1110 corp: 205/131Kb lim: 1426 exec/s: 148554 rss: 358Mb L: 967/1045 MS: 3 ChangeBinInt-InsertRepeatedBytes-ChangeASCIIInt-
#150550	NEW    cov: 681 ft: 1111 corp: 206/131Kb lim: 1436 exec/s: 150550 rss: 362Mb L: 470/1045 MS: 1 ChangeBit-
#153711	REDUCE cov: 681 ft: 1111 corp: 206/131Kb lim: 1466 exec/s: 153711 rss: 368Mb L: 476/1045 MS: 1 EraseBytes-
#154253	NEW    cov: 682 ft: 1112 corp: 207/132Kb lim: 1466 exec/s: 154253 rss: 369Mb L: 974/1045 MS: 2 ShuffleBytes-ChangeBit-
#154509	REDUCE cov: 682 ft: 1119 corp: 208/133Kb lim: 1466 exec/s: 154509 rss: 370Mb L: 473/1045 MS: 1 InsertByte-
#155653	REDUCE cov: 682 ft: 1119 corp: 208/133Kb lim: 1476 exec/s: 155653 rss: 373Mb L: 936/1045 MS: 4 InsertRepeatedBytes-ChangeBit-EraseBytes-InsertRepeatedBytes-
#155740	REDUCE cov: 682 ft: 1119 corp: 208/133Kb lim: 1476 exec/s: 155740 rss: 373Mb L: 471/1045 MS: 2 ShuffleBytes-EraseBytes-
#156789	REDUCE cov: 682 ft: 1119 corp: 208/133Kb lim: 1486 exec/s: 156789 rss: 375Mb L: 952/1045 MS: 4 ChangeASCIIInt-InsertByte-PersAutoDict-EraseBytes- DE: "ticket_nonce:"-
#157300	REDUCE cov: 682 ft: 1119 corp: 208/133Kb lim: 1486 exec/s: 157300 rss: 376Mb L: 68/1045 MS: 1 EraseBytes-
#157997	REDUCE cov: 682 ft: 1119 corp: 208/133Kb lim: 1486 exec/s: 78998 rss: 378Mb L: 497/1045 MS: 2 InsertRepeatedBytes-EraseBytes-
#158532	REDUCE cov: 682 ft: 1119 corp: 208/133Kb lim: 1486 exec/s: 79266 rss: 379Mb L: 1039/1039 MS: 5 InsertRepeatedBytes-ManualDict-ChangeASCIIInt-ManualDict-EraseBytes- DE: "mbedtls/ecdsa.h"-"SHA3-512"-
#159993	REDUCE cov: 682 ft: 1119 corp: 208/133Kb lim: 1496 exec/s: 79996 rss: 382Mb L: 490/1039 MS: 1 EraseBytes-
#164911	REDUCE cov: 682 ft: 1119 corp: 208/133Kb lim: 1536 exec/s: 82455 rss: 396Mb L: 6/1039 MS: 2 ChangeBinInt-EraseBytes-
#165597	REDUCE cov: 682 ft: 1119 corp: 208/133Kb lim: 1536 exec/s: 82798 rss: 397Mb L: 940/1039 MS: 1 EraseBytes-
#167884	REDUCE cov: 682 ft: 1119 corp: 208/133Kb lim: 1556 exec/s: 83942 rss: 403Mb L: 475/1039 MS: 2 ChangeBinInt-EraseBytes-
#171307	REDUCE cov: 682 ft: 1119 corp: 208/133Kb lim: 1586 exec/s: 85653 rss: 411Mb L: 938/1039 MS: 3 CrossOver-ChangeASCIIInt-EraseBytes-
#174213	REDUCE cov: 682 ft: 1119 corp: 208/133Kb lim: 1606 exec/s: 87106 rss: 417Mb L: 4/1039 MS: 1 EraseBytes-
#183614	REDUCE cov: 682 ft: 1119 corp: 208/133Kb lim: 1696 exec/s: 91807 rss: 429Mb L: 956/1039 MS: 1 EraseBytes-
#184539	REDUCE cov: 682 ft: 1119 corp: 208/133Kb lim: 1696 exec/s: 92269 rss: 429Mb L: 946/1039 MS: 5 ChangeBinInt-ChangeBinInt-ChangeBit-ChangeBinInt-EraseBytes-
#185955	REDUCE cov: 682 ft: 1119 corp: 208/133Kb lim: 1706 exec/s: 92977 rss: 430Mb L: 470/1039 MS: 1 EraseBytes-
#189857	REDUCE cov: 682 ft: 1119 corp: 208/133Kb lim: 1736 exec/s: 94928 rss: 430Mb L: 3/1039 MS: 2 CrossOver-EraseBytes-
#191614	REDUCE cov: 682 ft: 1119 corp: 208/133Kb lim: 1746 exec/s: 95807 rss: 430Mb L: 471/1039 MS: 2 ChangeBit-EraseBytes-
#192258	REDUCE cov: 682 ft: 1119 corp: 208/133Kb lim: 1746 exec/s: 96129 rss: 430Mb L: 474/1039 MS: 4 ShuffleBytes-ChangeByte-EraseBytes-ManualDict- DE: "expected mac"-
#192345	REDUCE cov: 682 ft: 1119 corp: 208/133Kb lim: 1746 exec/s: 96172 rss: 430Mb L: 481/1039 MS: 2 ShuffleBytes-EraseBytes-
#194173	NEW    cov: 682 ft: 1122 corp: 209/134Kb lim: 1756 exec/s: 97086 rss: 432Mb L: 1230/1230 MS: 3 CrossOver-CMP-CrossOver- DE: "\000\000"-
#194429	REDUCE cov: 682 ft: 1122 corp: 209/134Kb lim: 1756 exec/s: 97214 rss: 432Mb L: 937/1230 MS: 1 CrossOver-
#194660	REDUCE cov: 682 ft: 1122 corp: 209/134Kb lim: 1756 exec/s: 97330 rss: 432Mb L: 477/1230 MS: 1 EraseBytes-
#195776	REDUCE cov: 682 ft: 1122 corp: 209/134Kb lim: 1766 exec/s: 97888 rss: 433Mb L: 477/1230 MS: 1 EraseBytes-
#196452	REDUCE cov: 682 ft: 1122 corp: 209/134Kb lim: 1766 exec/s: 98226 rss: 434Mb L: 476/1230 MS: 1 EraseBytes-
#209564	REDUCE cov: 682 ft: 1122 corp: 209/134Kb lim: 1896 exec/s: 104782 rss: 438Mb L: 40/1230 MS: 2 CrossOver-EraseBytes-
#210785	REDUCE cov: 682 ft: 1122 corp: 209/134Kb lim: 1906 exec/s: 105392 rss: 438Mb L: 1129/1129 MS: 1 EraseBytes-
#211497	REDUCE cov: 682 ft: 1122 corp: 209/134Kb lim: 1906 exec/s: 105748 rss: 438Mb L: 946/1129 MS: 2 CrossOver-CrossOver-
#212537	REDUCE cov: 682 ft: 1122 corp: 209/134Kb lim: 1916 exec/s: 106268 rss: 438Mb L: 474/1129 MS: 5 ChangeByte-ChangeASCIIInt-ManualDict-PersAutoDict-EraseBytes- DE: "ARIA-256-CCM"-"mbedtls/ecdsa.h"-
#212960	REDUCE cov: 682 ft: 1122 corp: 209/134Kb lim: 1916 exec/s: 106480 rss: 438Mb L: 472/1129 MS: 3 EraseBytes-CrossOver-CopyPart-
#213154	NEW    cov: 682 ft: 1123 corp: 210/135Kb lim: 1916 exec/s: 106577 rss: 438Mb L: 937/1129 MS: 4 ChangeBit-ChangeASCIIInt-PersAutoDict-ChangeByte- DE: "mbedtls/dhm.h"-
#219722	NEW    cov: 684 ft: 1125 corp: 211/135Kb lim: 1976 exec/s: 109861 rss: 441Mb L: 472/1129 MS: 3 InsertByte-ChangeASCIIInt-CMP- DE: "*\206H\316=\003\001\001"-
#220168	REDUCE cov: 684 ft: 1125 corp: 211/135Kb lim: 1976 exec/s: 110084 rss: 441Mb L: 469/1129 MS: 1 EraseBytes-
#221093	REDUCE cov: 684 ft: 1125 corp: 211/135Kb lim: 1976 exec/s: 110546 rss: 442Mb L: 475/1129 MS: 5 ShuffleBytes-ManualDict-PersAutoDict-InsertByte-EraseBytes- DE: "GN"-"mbedtls/ctr_drbg.h"-
#222115	REDUCE cov: 684 ft: 1125 corp: 211/135Kb lim: 1986 exec/s: 111057 rss: 442Mb L: 471/1129 MS: 2 InsertByte-EraseBytes-
#222757	REDUCE cov: 684 ft: 1125 corp: 211/135Kb lim: 1986 exec/s: 111378 rss: 442Mb L: 471/1129 MS: 2 PersAutoDict-EraseBytes- DE: "E7C8DDC6C5C6AADEB34EB38A2F40D5E6"-
#224330	REDUCE cov: 684 ft: 1125 corp: 211/135Kb lim: 1996 exec/s: 112165 rss: 442Mb L: 938/1129 MS: 3 ChangeBit-InsertByte-EraseBytes-
#224618	REDUCE cov: 684 ft: 1127 corp: 212/136Kb lim: 1996 exec/s: 112309 rss: 442Mb L: 562/1129 MS: 3 ChangeByte-ChangeBit-InsertRepeatedBytes-
#225669	REDUCE cov: 684 ft: 1127 corp: 212/136Kb lim: 2006 exec/s: 112834 rss: 442Mb L: 475/1129 MS: 1 EraseBytes-
#226355	REDUCE cov: 684 ft: 1132 corp: 213/136Kb lim: 2006 exec/s: 113177 rss: 442Mb L: 478/1129 MS: 1 CMP- DE: "\322\377\377\377"-
#227787	REDUCE cov: 684 ft: 1132 corp: 213/136Kb lim: 2016 exec/s: 113893 rss: 443Mb L: 910/1129 MS: 2 CopyPart-EraseBytes-
#228172	REDUCE cov: 684 ft: 1132 corp: 213/136Kb lim: 2016 exec/s: 114086 rss: 443Mb L: 469/1129 MS: 5 CMP-ManualDict-ManualDict-ChangeBinInt-EraseBytes- DE: "*\206H\206\367\015\001\001\005"-"DHM - Calculation of the DHM secret failed"-"buffer too small"-
#230618	REDUCE cov: 684 ft: 1132 corp: 213/136Kb lim: 2036 exec/s: 115309 rss: 443Mb L: 469/1129 MS: 1 EraseBytes-
#232605	NEW    cov: 685 ft: 1133 corp: 214/137Kb lim: 2046 exec/s: 116302 rss: 444Mb L: 1181/1181 MS: 2 CrossOver-CMP- DE: "\001\000\000\000\000\000\000\001"-
#233926	REDUCE cov: 685 ft: 1133 corp: 214/137Kb lim: 2056 exec/s: 116963 rss: 444Mb L: 950/1181 MS: 1 EraseBytes-
#234808	REDUCE cov: 685 ft: 1133 corp: 214/137Kb lim: 2056 exec/s: 117404 rss: 444Mb L: 940/1181 MS: 2 ManualDict-EraseBytes- DE: "DHM: GY"-
#235587	REDUCE cov: 685 ft: 1135 corp: 215/138Kb lim: 2056 exec/s: 117793 rss: 444Mb L: 481/1181 MS: 4 ChangeByte-ChangeBinInt-ChangeBit-PersAutoDict- DE: "\000\000\000\000\000\000\000\000"-
#235643	REDUCE cov: 685 ft: 1135 corp: 215/138Kb lim: 2056 exec/s: 117821 rss: 444Mb L: 951/1181 MS: 1 EraseBytes-
#235790	REDUCE cov: 685 ft: 1135 corp: 215/138Kb lim: 2056 exec/s: 117895 rss: 444Mb L: 1029/1181 MS: 2 ChangeASCIIInt-EraseBytes-
#239016	NEW    cov: 687 ft: 1138 corp: 216/138Kb lim: 2078 exec/s: 119508 rss: 445Mb L: 474/1181 MS: 1 PersAutoDict- DE: "\262\311\317\014"-
#240417	NEW    cov: 687 ft: 1143 corp: 217/139Kb lim: 2089 exec/s: 120208 rss: 445Mb L: 489/1181 MS: 1 InsertRepeatedBytes-
#240683	REDUCE cov: 687 ft: 1143 corp: 217/139Kb lim: 2089 exec/s: 120341 rss: 445Mb L: 535/1181 MS: 1 EraseBytes-
#244380	REDUCE cov: 687 ft: 1143 corp: 217/139Kb lim: 2122 exec/s: 122190 rss: 446Mb L: 473/1181 MS: 2 CrossOver-EraseBytes-
#245136	REDUCE cov: 687 ft: 1143 corp: 217/138Kb lim: 2122 exec/s: 122568 rss: 446Mb L: 996/1181 MS: 1 EraseBytes-
#250424	NEW    cov: 687 ft: 1144 corp: 218/139Kb lim: 2166 exec/s: 125212 rss: 447Mb L: 481/1181 MS: 3 CMP-ChangeBinInt-ChangeBinInt- DE: "\002\000\000\000"-
#251645	REDUCE cov: 687 ft: 1144 corp: 218/139Kb lim: 2177 exec/s: 125822 rss: 447Mb L: 1138/1138 MS: 1 EraseBytes-
#251818	REDUCE cov: 687 ft: 1144 corp: 218/139Kb lim: 2177 exec/s: 125909 rss: 447Mb L: 957/1138 MS: 3 ChangeASCIIInt-ChangeByte-EraseBytes-
#253772	REDUCE cov: 687 ft: 1144 corp: 218/139Kb lim: 2188 exec/s: 126886 rss: 448Mb L: 472/1138 MS: 4 InsertByte-ChangeASCIIInt-EraseBytes-CMP- DE: "*\206H\316=\004\003\004"-
#254138	REDUCE cov: 687 ft: 1144 corp: 218/139Kb lim: 2188 exec/s: 127069 rss: 448Mb L: 481/1138 MS: 1 EraseBytes-
#256282	REDUCE cov: 687 ft: 1144 corp: 218/139Kb lim: 2199 exec/s: 128141 rss: 448Mb L: 482/1138 MS: 4 ShuffleBytes-CopyPart-ChangeBinInt-EraseBytes-
#256573	REDUCE cov: 687 ft: 1144 corp: 218/139Kb lim: 2199 exec/s: 128286 rss: 448Mb L: 474/1138 MS: 1 EraseBytes-
#256933	REDUCE cov: 687 ft: 1145 corp: 219/139Kb lim: 2199 exec/s: 128466 rss: 448Mb L: 746/1138 MS: 5 InsertRepeatedBytes-CMP-CopyPart-ChangeBit-ChangeASCIIInt- DE: "-----END CERTIFICATE-----"-
#257054	REDUCE cov: 687 ft: 1145 corp: 219/139Kb lim: 2199 exec/s: 128527 rss: 448Mb L: 505/1138 MS: 1 EraseBytes-
#257461	REDUCE cov: 687 ft: 1145 corp: 219/139Kb lim: 2199 exec/s: 128730 rss: 448Mb L: 496/1138 MS: 2 ChangeBinInt-EraseBytes-
#259952	REDUCE cov: 688 ft: 1146 corp: 220/139Kb lim: 2221 exec/s: 129976 rss: 449Mb L: 65/1138 MS: 1 CMP- DE: "-----END CERTIFICATE-----"-
#260208	REDUCE cov: 688 ft: 1146 corp: 220/139Kb lim: 2221 exec/s: 130104 rss: 449Mb L: 481/1138 MS: 1 EraseBytes-
#261974	REDUCE cov: 688 ft: 1147 corp: 221/140Kb lim: 2232 exec/s: 130987 rss: 449Mb L: 473/1138 MS: 1 ChangeBinInt-
#262040	REDUCE cov: 688 ft: 1147 corp: 221/140Kb lim: 2232 exec/s: 131020 rss: 449Mb L: 934/1029 MS: 1 EraseBytes-
#262144	pulse  cov: 688 ft: 1147 corp: 221/140Kb lim: 2232 exec/s: 131072 rss: 449Mb
#263741	REDUCE cov: 688 ft: 1147 corp: 221/140Kb lim: 2243 exec/s: 131870 rss: 449Mb L: 479/1029 MS: 1 EraseBytes-
#265940	REDUCE cov: 688 ft: 1147 corp: 221/140Kb lim: 2254 exec/s: 132970 rss: 449Mb L: 472/1029 MS: 4 ChangeByte-InsertByte-CopyPart-EraseBytes-
#267061	REDUCE cov: 688 ft: 1147 corp: 221/139Kb lim: 2265 exec/s: 133530 rss: 449Mb L: 872/1029 MS: 1 EraseBytes-
#267868	REDUCE cov: 688 ft: 1147 corp: 221/139Kb lim: 2265 exec/s: 133934 rss: 450Mb L: 473/1029 MS: 2 CMP-EraseBytes- DE: "*\206H\206\367\015\001\001\013"-
#268444	NEW    cov: 689 ft: 1148 corp: 222/140Kb lim: 2265 exec/s: 134222 rss: 450Mb L: 507/1029 MS: 1 InsertRepeatedBytes-
#268856	REDUCE cov: 689 ft: 1149 corp: 223/140Kb lim: 2265 exec/s: 134428 rss: 450Mb L: 469/1029 MS: 2 ChangeByte-ChangeBit-
#274914	REDUCE cov: 689 ft: 1150 corp: 224/141Kb lim: 2320 exec/s: 91638 rss: 450Mb L: 481/1029 MS: 3 CrossOver-PersAutoDict-CMP- DE: "<= handshake wrapup"-"*\206H\206\367\015\001\001\016"-
#276325	REDUCE cov: 689 ft: 1150 corp: 224/141Kb lim: 2331 exec/s: 92108 rss: 451Mb L: 485/1029 MS: 1 EraseBytes-
#277296	NEW    cov: 689 ft: 1151 corp: 225/142Kb lim: 2331 exec/s: 92432 rss: 451Mb L: 945/1029 MS: 1 InsertRepeatedBytes-
#277987	REDUCE cov: 689 ft: 1151 corp: 225/142Kb lim: 2331 exec/s: 92662 rss: 451Mb L: 904/1029 MS: 1 CrossOver-
#280022	REDUCE cov: 689 ft: 1151 corp: 225/142Kb lim: 2342 exec/s: 93340 rss: 451Mb L: 867/1029 MS: 5 PersAutoDict-InsertRepeatedBytes-ChangeByte-ChangeASCIIInt-EraseBytes- DE: "=> write server hello"-
#280358	REDUCE cov: 689 ft: 1151 corp: 225/142Kb lim: 2342 exec/s: 93452 rss: 451Mb L: 470/1029 MS: 1 EraseBytes-
#280544	REDUCE cov: 689 ft: 1151 corp: 225/142Kb lim: 2342 exec/s: 93514 rss: 451Mb L: 473/1029 MS: 1 EraseBytes-
#285514	REDUCE cov: 689 ft: 1151 corp: 225/142Kb lim: 2386 exec/s: 95171 rss: 452Mb L: 872/1029 MS: 2 ChangeBinInt-EraseBytes-
#286360	NEW    cov: 691 ft: 1153 corp: 226/142Kb lim: 2386 exec/s: 95453 rss: 452Mb L: 485/1029 MS: 1 CMP- DE: "\003\000\000\000"-
#287074	REDUCE cov: 691 ft: 1153 corp: 226/142Kb lim: 2386 exec/s: 95691 rss: 452Mb L: 472/1029 MS: 4 ManualDict-CopyPart-EraseBytes-ManualDict- DE: " would exceed the compile-time limit %"-"(header)"-
#290350	REDUCE cov: 691 ft: 1153 corp: 226/142Kb lim: 2408 exec/s: 96783 rss: 453Mb L: 470/1029 MS: 1 EraseBytes-
#297147	REDUCE cov: 692 ft: 1154 corp: 227/143Kb lim: 2474 exec/s: 99049 rss: 453Mb L: 1064/1064 MS: 2 ChangeASCIIInt-CrossOver-
#300124	REDUCE cov: 692 ft: 1154 corp: 227/143Kb lim: 2496 exec/s: 100041 rss: 454Mb L: 949/1064 MS: 2 ShuffleBytes-EraseBytes-
#301218	REDUCE cov: 692 ft: 1154 corp: 227/143Kb lim: 2496 exec/s: 100406 rss: 454Mb L: 473/1064 MS: 4 ChangeASCIIInt-EraseBytes-ManualDict-InsertRepeatedBytes- DE: "buffer too small"-
#301426	REDUCE cov: 692 ft: 1154 corp: 227/143Kb lim: 2496 exec/s: 100475 rss: 454Mb L: 472/1064 MS: 3 PersAutoDict-CrossOver-EraseBytes- DE: "CIPHER - Authentication failed (for AEAD modes)"-
#301737	REDUCE cov: 692 ft: 1154 corp: 227/143Kb lim: 2496 exec/s: 100579 rss: 454Mb L: 923/1064 MS: 1 EraseBytes-
#302307	REDUCE cov: 692 ft: 1154 corp: 227/143Kb lim: 2496 exec/s: 100769 rss: 454Mb L: 469/1064 MS: 5 CopyPart-EraseBytes-PersAutoDict-ChangeASCIIInt-InsertByte- DE: "  MPI test #2 (div_mpi): "-
#304598	REDUCE cov: 692 ft: 1154 corp: 227/143Kb lim: 2518 exec/s: 101532 rss: 454Mb L: 909/1064 MS: 1 EraseBytes-
#304845	REDUCE cov: 692 ft: 1154 corp: 227/143Kb lim: 2518 exec/s: 101615 rss: 454Mb L: 477/1064 MS: 2 ChangeByte-EraseBytes-
#305559	NEW    cov: 693 ft: 1155 corp: 228/144Kb lim: 2518 exec/s: 101853 rss: 454Mb L: 941/1064 MS: 4 CMP-ShuffleBytes-CMP-ChangeASCIIInt- DE: "\001e"-"U\035 "-
#307155	REDUCE cov: 693 ft: 1155 corp: 228/144Kb lim: 2529 exec/s: 102385 rss: 454Mb L: 472/1064 MS: 1 EraseBytes-
#307452	REDUCE cov: 693 ft: 1155 corp: 228/144Kb lim: 2529 exec/s: 102484 rss: 454Mb L: 469/1064 MS: 2 InsertByte-EraseBytes-
#308413	REDUCE cov: 693 ft: 1155 corp: 228/144Kb lim: 2529 exec/s: 102804 rss: 454Mb L: 1030/1030 MS: 1 EraseBytes-
#310759	REDUCE cov: 693 ft: 1155 corp: 228/144Kb lim: 2551 exec/s: 103586 rss: 454Mb L: 478/1030 MS: 1 EraseBytes-
#313728	REDUCE cov: 693 ft: 1155 corp: 228/144Kb lim: 2573 exec/s: 104576 rss: 455Mb L: 478/1030 MS: 4 CopyPart-ChangeASCIIInt-InsertByte-EraseBytes-
#319244	REDUCE cov: 693 ft: 1155 corp: 228/144Kb lim: 2617 exec/s: 106414 rss: 456Mb L: 480/1030 MS: 1 EraseBytes-
#325482	REDUCE cov: 700 ft: 1180 corp: 229/145Kb lim: 2672 exec/s: 108494 rss: 457Mb L: 556/1030 MS: 3 ChangeByte-PersAutoDict-InsertRepeatedBytes- DE: "MD5"-
#326244	NEW    cov: 700 ft: 1190 corp: 230/145Kb lim: 2672 exec/s: 108748 rss: 457Mb L: 556/1030 MS: 2 ChangeByte-ManualDict- DE: "bad Certificate message"-
#328216	NEW    cov: 700 ft: 1196 corp: 231/146Kb lim: 2683 exec/s: 109405 rss: 457Mb L: 556/1030 MS: 2 PersAutoDict-ChangeByte- DE: "\262\311\317\014"-
#329183	NEW    cov: 700 ft: 1203 corp: 232/146Kb lim: 2683 exec/s: 109727 rss: 457Mb L: 581/1030 MS: 2 ChangeBinInt-InsertRepeatedBytes-
#329959	REDUCE cov: 700 ft: 1203 corp: 232/146Kb lim: 2683 exec/s: 109986 rss: 457Mb L: 939/1030 MS: 1 EraseBytes-
#330592	REDUCE cov: 700 ft: 1203 corp: 232/146Kb lim: 2683 exec/s: 110197 rss: 457Mb L: 510/1030 MS: 3 ShuffleBytes-EraseBytes-PersAutoDict- DE: "DHM - Calculation of the DHM secret failed"-
#330664	REDUCE cov: 700 ft: 1203 corp: 232/146Kb lim: 2683 exec/s: 110221 rss: 457Mb L: 1020/1029 MS: 2 ShuffleBytes-EraseBytes-
#332315	REDUCE cov: 700 ft: 1207 corp: 233/147Kb lim: 2694 exec/s: 110771 rss: 457Mb L: 510/1029 MS: 1 ChangeBinInt-
#333558	REDUCE cov: 700 ft: 1207 corp: 233/147Kb lim: 2705 exec/s: 111186 rss: 457Mb L: 527/1029 MS: 3 ChangeBinInt-ChangeByte-EraseBytes-
#333919	REDUCE cov: 700 ft: 1208 corp: 234/147Kb lim: 2705 exec/s: 111306 rss: 457Mb L: 469/1029 MS: 1 ShuffleBytes-
#334314	REDUCE cov: 700 ft: 1208 corp: 234/147Kb lim: 2705 exec/s: 111438 rss: 457Mb L: 505/1029 MS: 5 CMP-ChangeBit-CopyPart-ChangeBit-EraseBytes- DE: "-----BEGIN CERTIFICATE-----"-
#335615	REDUCE cov: 700 ft: 1208 corp: 234/147Kb lim: 2716 exec/s: 111871 rss: 457Mb L: 474/1029 MS: 1 EraseBytes-
#336668	REDUCE cov: 700 ft: 1208 corp: 234/147Kb lim: 2716 exec/s: 112222 rss: 458Mb L: 511/1029 MS: 3 ChangeBinInt-EraseBytes-InsertRepeatedBytes-
#337091	REDUCE cov: 700 ft: 1208 corp: 234/147Kb lim: 2716 exec/s: 112363 rss: 458Mb L: 479/1029 MS: 3 PersAutoDict-EraseBytes-InsertRepeatedBytes- DE: "\000\000\000\000\000\000\002\207"-
#338188	REDUCE cov: 700 ft: 1209 corp: 235/148Kb lim: 2716 exec/s: 112729 rss: 459Mb L: 1032/1032 MS: 2 CopyPart-InsertRepeatedBytes-
#339036	REDUCE cov: 700 ft: 1209 corp: 235/148Kb lim: 2716 exec/s: 113012 rss: 459Mb L: 54/1032 MS: 3 ChangeASCIIInt-ShuffleBytes-EraseBytes-
#341309	REDUCE cov: 700 ft: 1209 corp: 235/148Kb lim: 2738 exec/s: 113769 rss: 459Mb L: 991/1029 MS: 3 InsertByte-InsertByte-EraseBytes-
#341353	REDUCE cov: 701 ft: 1210 corp: 236/148Kb lim: 2738 exec/s: 113784 rss: 459Mb L: 502/1029 MS: 4 ChangeASCIIInt-ChangeBit-ChangeASCIIInt-CrossOver-
#341534	NEW    cov: 703 ft: 1212 corp: 237/149Kb lim: 2738 exec/s: 113844 rss: 459Mb L: 535/1029 MS: 1 ManualDict- DE: "  CTR_DRBG (PR = TRUE) : "-
#343210	NEW    cov: 704 ft: 1213 corp: 238/149Kb lim: 2749 exec/s: 114403 rss: 459Mb L: 469/1029 MS: 1 ChangeBit-
#343671	REDUCE cov: 704 ft: 1213 corp: 238/149Kb lim: 2749 exec/s: 114557 rss: 459Mb L: 471/1029 MS: 1 EraseBytes-
#345001	REDUCE cov: 704 ft: 1213 corp: 238/149Kb lim: 2760 exec/s: 115000 rss: 459Mb L: 943/1029 MS: 5 ChangeByte-PersAutoDict-InsertRepeatedBytes-CMP-EraseBytes- DE: " would exceed the compile-time limit %"-"-----END CERTIFICATE-----"-
#349722	REDUCE cov: 704 ft: 1213 corp: 238/149Kb lim: 2804 exec/s: 116574 rss: 459Mb L: 545/1029 MS: 1 EraseBytes-
#349739	REDUCE cov: 704 ft: 1213 corp: 238/149Kb lim: 2804 exec/s: 116579 rss: 459Mb L: 958/1029 MS: 2 ManualDict-EraseBytes- DE: "mbedtls/cipher.h"-
#350596	REDUCE cov: 704 ft: 1213 corp: 238/149Kb lim: 2804 exec/s: 116865 rss: 459Mb L: 473/1029 MS: 2 ChangeASCIIInt-EraseBytes-
#350599	REDUCE cov: 704 ft: 1213 corp: 238/149Kb lim: 2804 exec/s: 116866 rss: 459Mb L: 517/1029 MS: 3 InsertByte-CopyPart-EraseBytes-
#352186	NEW    cov: 705 ft: 1214 corp: 239/150Kb lim: 2815 exec/s: 117395 rss: 460Mb L: 518/1029 MS: 2 ChangeBinInt-CMP- DE: "\002\000\000\000\000\000\000\000"-
#352658	REDUCE cov: 705 ft: 1214 corp: 239/150Kb lim: 2815 exec/s: 117552 rss: 460Mb L: 479/1029 MS: 2 ChangeByte-EraseBytes-
#353114	REDUCE cov: 705 ft: 1214 corp: 239/150Kb lim: 2815 exec/s: 117704 rss: 460Mb L: 526/1029 MS: 1 EraseBytes-
#355933	REDUCE cov: 705 ft: 1214 corp: 239/150Kb lim: 2837 exec/s: 118644 rss: 461Mb L: 469/1029 MS: 4 PersAutoDict-PersAutoDict-EraseBytes-PersAutoDict- DE: "AES-256-OFB"-" would exceed the compile-time limit %"-"\000\000"-
#356110	REDUCE cov: 705 ft: 1214 corp: 239/150Kb lim: 2837 exec/s: 118703 rss: 461Mb L: 483/1029 MS: 2 PersAutoDict-EraseBytes- DE: "\000\000\000\000\000\000\001\236"-
#356116	REDUCE cov: 705 ft: 1214 corp: 239/150Kb lim: 2837 exec/s: 118705 rss: 461Mb L: 959/1029 MS: 1 EraseBytes-
#356612	REDUCE cov: 705 ft: 1214 corp: 239/150Kb lim: 2837 exec/s: 118870 rss: 461Mb L: 885/1029 MS: 1 EraseBytes-
#357104	REDUCE cov: 705 ft: 1214 corp: 239/150Kb lim: 2837 exec/s: 119034 rss: 461Mb L: 938/1029 MS: 2 CopyPart-EraseBytes-
#357477	REDUCE cov: 705 ft: 1214 corp: 239/150Kb lim: 2837 exec/s: 119159 rss: 461Mb L: 871/1029 MS: 3 CopyPart-CopyPart-EraseBytes-
#358383	REDUCE cov: 705 ft: 1214 corp: 239/150Kb lim: 2837 exec/s: 119461 rss: 461Mb L: 473/1029 MS: 1 EraseBytes-
#358592	REDUCE cov: 705 ft: 1214 corp: 239/150Kb lim: 2837 exec/s: 119530 rss: 461Mb L: 937/1029 MS: 4 ChangeBinInt-CMP-CrossOver-CrossOver- DE: "\017\000\000\000\000\000\000\000"-
#360003	REDUCE cov: 705 ft: 1214 corp: 239/150Kb lim: 2848 exec/s: 120001 rss: 461Mb L: 473/1029 MS: 1 EraseBytes-
#360803	REDUCE cov: 705 ft: 1214 corp: 239/149Kb lim: 2848 exec/s: 120267 rss: 461Mb L: 477/1029 MS: 5 PersAutoDict-ChangeASCIIInt-CMP-CMP-EraseBytes- DE: "\262\311\317\014"-"\003)7a"-"-----BEGIN CERTIFICATE-----"-
#363420	REDUCE cov: 705 ft: 1214 corp: 239/149Kb lim: 2870 exec/s: 121140 rss: 461Mb L: 469/1029 MS: 2 EraseBytes-InsertRepeatedBytes-
#363994	REDUCE cov: 705 ft: 1215 corp: 240/151Kb lim: 2870 exec/s: 121331 rss: 461Mb L: 1439/1439 MS: 4 ChangeASCIIInt-InsertRepeatedBytes-PersAutoDict-CrossOver- DE: "SHA512"-
#364317	REDUCE cov: 705 ft: 1215 corp: 240/151Kb lim: 2870 exec/s: 121439 rss: 461Mb L: 1332/1332 MS: 3 ShuffleBytes-ChangeASCIIInt-EraseBytes-
#365789	REDUCE cov: 705 ft: 1216 corp: 241/151Kb lim: 2881 exec/s: 121929 rss: 461Mb L: 474/1332 MS: 2 ManualDict-InsertByte- DE: "<= parse certificate"-
#366170	REDUCE cov: 705 ft: 1216 corp: 241/151Kb lim: 2881 exec/s: 122056 rss: 461Mb L: 981/1029 MS: 1 EraseBytes-
#366601	REDUCE cov: 705 ft: 1216 corp: 241/151Kb lim: 2881 exec/s: 122200 rss: 461Mb L: 471/1029 MS: 1 EraseBytes-
#370027	NEW    cov: 705 ft: 1217 corp: 242/151Kb lim: 2914 exec/s: 123342 rss: 461Mb L: 474/1029 MS: 1 ManualDict- DE: "0x40"-
#371243	REDUCE cov: 705 ft: 1217 corp: 242/151Kb lim: 2925 exec/s: 123747 rss: 461Mb L: 881/1029 MS: 1 EraseBytes-
#372914	REDUCE cov: 705 ft: 1217 corp: 242/151Kb lim: 2936 exec/s: 124304 rss: 462Mb L: 474/1029 MS: 1 EraseBytes-
#373100	REDUCE cov: 705 ft: 1217 corp: 242/151Kb lim: 2936 exec/s: 124366 rss: 462Mb L: 473/1029 MS: 1 EraseBytes-
#373430	REDUCE cov: 705 ft: 1218 corp: 243/152Kb lim: 2936 exec/s: 124476 rss: 462Mb L: 986/1029 MS: 5 ShuffleBytes-CMP-InsertByte-ChangeASCIIInt-ChangeBit- DE: "\233\\\304%"-
#373692	REDUCE cov: 705 ft: 1218 corp: 243/152Kb lim: 2936 exec/s: 124564 rss: 462Mb L: 875/1029 MS: 2 ChangeASCIIInt-EraseBytes-
#377043	REDUCE cov: 705 ft: 1218 corp: 243/152Kb lim: 2969 exec/s: 125681 rss: 462Mb L: 53/1029 MS: 1 EraseBytes-
#381039	REDUCE cov: 705 ft: 1218 corp: 243/152Kb lim: 3002 exec/s: 127013 rss: 462Mb L: 64/1029 MS: 1 EraseBytes-
#381258	REDUCE cov: 705 ft: 1218 corp: 243/152Kb lim: 3002 exec/s: 127086 rss: 462Mb L: 474/1029 MS: 4 ChangeByte-ShuffleBytes-ChangeByte-EraseBytes-
#384104	REDUCE cov: 705 ft: 1218 corp: 243/152Kb lim: 3024 exec/s: 128034 rss: 462Mb L: 38/1029 MS: 1 EraseBytes-
#384960	NEW    cov: 706 ft: 1219 corp: 244/153Kb lim: 3024 exec/s: 128320 rss: 462Mb L: 867/1029 MS: 1 ChangeBit-
#394480	REDUCE cov: 706 ft: 1219 corp: 244/153Kb lim: 3112 exec/s: 98620 rss: 465Mb L: 870/1029 MS: 5 EraseBytes-CopyPart-ChangeASCIIInt-CMP-InsertRepeatedBytes- DE: "*\206H\316=\004\003\002"-
#400434	REDUCE cov: 706 ft: 1219 corp: 244/153Kb lim: 3167 exec/s: 100108 rss: 465Mb L: 469/1029 MS: 4 CrossOver-CopyPart-CMP-EraseBytes- DE: ";\316<>'\322`K"-
#401600	REDUCE cov: 706 ft: 1219 corp: 244/153Kb lim: 3178 exec/s: 100400 rss: 465Mb L: 936/1029 MS: 1 EraseBytes-
#403251	REDUCE cov: 706 ft: 1219 corp: 244/153Kb lim: 3189 exec/s: 100812 rss: 465Mb L: 489/1029 MS: 1 EraseBytes-
#403838	REDUCE cov: 706 ft: 1219 corp: 244/153Kb lim: 3189 exec/s: 100959 rss: 465Mb L: 472/1029 MS: 2 EraseBytes-InsertRepeatedBytes-
#406937	REDUCE cov: 706 ft: 1219 corp: 244/153Kb lim: 3211 exec/s: 101734 rss: 465Mb L: 469/1029 MS: 2 InsertByte-EraseBytes-
#409946	REDUCE cov: 706 ft: 1219 corp: 244/153Kb lim: 3233 exec/s: 102486 rss: 468Mb L: 901/1029 MS: 4 ShuffleBytes-ChangeASCIIInt-ChangeBit-CrossOver-
#411633	REDUCE cov: 706 ft: 1221 corp: 245/153Kb lim: 3244 exec/s: 102908 rss: 468Mb L: 473/1029 MS: 2 ChangeBit-ChangeBit-
#412934	NEW    cov: 708 ft: 1223 corp: 246/154Kb lim: 3255 exec/s: 103233 rss: 468Mb L: 867/1029 MS: 1 ChangeBinInt-
#417170	REDUCE cov: 708 ft: 1223 corp: 246/154Kb lim: 3288 exec/s: 104292 rss: 468Mb L: 471/1029 MS: 1 EraseBytes-
#417962	REDUCE cov: 708 ft: 1223 corp: 246/154Kb lim: 3288 exec/s: 104490 rss: 468Mb L: 869/1029 MS: 2 ShuffleBytes-EraseBytes-
#419453	REDUCE cov: 708 ft: 1223 corp: 246/154Kb lim: 3299 exec/s: 104863 rss: 468Mb L: 476/1029 MS: 1 EraseBytes-
#419777	REDUCE cov: 708 ft: 1223 corp: 246/154Kb lim: 3299 exec/s: 104944 rss: 468Mb L: 472/1029 MS: 4 PersAutoDict-CrossOver-ManualDict-EraseBytes- DE: "U\235%"-"mbedtls/sha512.h"-
#426211	REDUCE cov: 708 ft: 1223 corp: 246/154Kb lim: 3354 exec/s: 106552 rss: 469Mb L: 477/1029 MS: 4 EraseBytes-ChangeBinInt-CMP-PersAutoDict- DE: "*\206H\316=\004\003\004"-" (already %"-
#431612	REDUCE cov: 708 ft: 1223 corp: 246/154Kb lim: 3398 exec/s: 107903 rss: 471Mb L: 480/1029 MS: 1 EraseBytes-
#441965	REDUCE cov: 708 ft: 1223 corp: 246/154Kb lim: 3497 exec/s: 110491 rss: 471Mb L: 472/1029 MS: 3 ShuffleBytes-ChangeBit-EraseBytes-
#446791	REDUCE cov: 708 ft: 1223 corp: 246/154Kb lim: 3541 exec/s: 111697 rss: 473Mb L: 872/1029 MS: 1 EraseBytes-
#450738	REDUCE cov: 708 ft: 1223 corp: 246/154Kb lim: 3574 exec/s: 112684 rss: 473Mb L: 471/1029 MS: 2 CrossOver-EraseBytes-
#451004	REDUCE cov: 708 ft: 1223 corp: 246/154Kb lim: 3574 exec/s: 112751 rss: 473Mb L: 470/1029 MS: 1 EraseBytes-
#453946	REDUCE cov: 708 ft: 1223 corp: 246/154Kb lim: 3596 exec/s: 113486 rss: 473Mb L: 870/1029 MS: 2 ManualDict-EraseBytes- DE: "Unrecognised value for MBEDTLS_AESNI_HAVE_CODE"-
#458772	REDUCE cov: 708 ft: 1223 corp: 246/154Kb lim: 3640 exec/s: 114693 rss: 473Mb L: 987/1029 MS: 1 EraseBytes-
#463130	REDUCE cov: 708 ft: 1223 corp: 246/154Kb lim: 3673 exec/s: 115782 rss: 476Mb L: 478/1029 MS: 3 InsertRepeatedBytes-EraseBytes-ManualDict- DE: "  MPI test #5 (simple gcd): "-
#465442	REDUCE cov: 708 ft: 1223 corp: 246/154Kb lim: 3695 exec/s: 116360 rss: 476Mb L: 469/1029 MS: 2 ChangeBinInt-EraseBytes-
#475608	REDUCE cov: 708 ft: 1223 corp: 246/154Kb lim: 3794 exec/s: 118902 rss: 476Mb L: 469/1029 MS: 1 EraseBytes-
#480499	REDUCE cov: 708 ft: 1223 corp: 246/154Kb lim: 3838 exec/s: 120124 rss: 477Mb L: 469/1029 MS: 1 EraseBytes-
#480690	REDUCE cov: 709 ft: 1224 corp: 247/155Kb lim: 3838 exec/s: 120172 rss: 477Mb L: 1029/1029 MS: 1 ShuffleBytes-
#481380	REDUCE cov: 709 ft: 1224 corp: 247/155Kb lim: 3838 exec/s: 120345 rss: 478Mb L: 483/1029 MS: 5 EraseBytes-InsertRepeatedBytes-ChangeByte-ChangeASCIIInt-CMP- DE: "-----END CERTIFICATE-----"-
#484256	REDUCE cov: 709 ft: 1224 corp: 247/155Kb lim: 3860 exec/s: 121064 rss: 478Mb L: 939/1029 MS: 1 EraseBytes-
#486972	REDUCE cov: 709 ft: 1224 corp: 247/155Kb lim: 3882 exec/s: 121743 rss: 478Mb L: 472/1029 MS: 1 EraseBytes-
#487655	REDUCE cov: 709 ft: 1224 corp: 247/155Kb lim: 3882 exec/s: 121913 rss: 479Mb L: 475/1029 MS: 3 ChangeByte-ShuffleBytes-EraseBytes-
#488129	REDUCE cov: 710 ft: 1229 corp: 248/156Kb lim: 3882 exec/s: 122032 rss: 479Mb L: 959/1029 MS: 4 ChangeByte-ChangeBinInt-ChangeBit-CopyPart-
#491336	REDUCE cov: 710 ft: 1229 corp: 248/156Kb lim: 3904 exec/s: 122834 rss: 479Mb L: 867/1029 MS: 2 EraseBytes-PersAutoDict- DE: "SHA3-512"-
#492267	REDUCE cov: 710 ft: 1229 corp: 248/156Kb lim: 3904 exec/s: 123066 rss: 479Mb L: 470/1029 MS: 1 EraseBytes-
#492344	REDUCE cov: 710 ft: 1229 corp: 248/156Kb lim: 3904 exec/s: 123086 rss: 479Mb L: 940/1029 MS: 2 ManualDict-EraseBytes- DE: "mbedtls/des.h"-
#494597	REDUCE cov: 710 ft: 1229 corp: 248/156Kb lim: 3926 exec/s: 123649 rss: 479Mb L: 469/1029 MS: 3 ChangeBinInt-PersAutoDict-EraseBytes- DE: "\000\000\000\000\000\000\001\236"-
#500646	REDUCE cov: 710 ft: 1229 corp: 248/156Kb lim: 3981 exec/s: 125161 rss: 481Mb L: 939/1029 MS: 4 ChangeBit-ChangeBinInt-ChangeBinInt-EraseBytes-
#501088	REDUCE cov: 710 ft: 1229 corp: 248/156Kb lim: 3981 exec/s: 125272 rss: 481Mb L: 1026/1026 MS: 2 ChangeBit-EraseBytes-
#502899	REDUCE cov: 710 ft: 1229 corp: 248/156Kb lim: 3992 exec/s: 125724 rss: 481Mb L: 472/1026 MS: 1 EraseBytes-
#505286	REDUCE cov: 710 ft: 1229 corp: 248/156Kb lim: 4014 exec/s: 126321 rss: 481Mb L: 965/987 MS: 2 ChangeASCIIInt-EraseBytes-
#511144	REDUCE cov: 710 ft: 1229 corp: 248/156Kb lim: 4069 exec/s: 127786 rss: 481Mb L: 469/987 MS: 3 CMP-PersAutoDict-EraseBytes- DE: "?\302%\274"-"\001\000\000\000\000\000\001\315"-
#512310	REDUCE cov: 710 ft: 1229 corp: 248/156Kb lim: 4080 exec/s: 128077 rss: 481Mb L: 936/987 MS: 1 EraseBytes-
#514217	REDUCE cov: 710 ft: 1229 corp: 248/156Kb lim: 4091 exec/s: 128554 rss: 482Mb L: 470/987 MS: 2 ChangeBit-EraseBytes-
#514830	REDUCE cov: 710 ft: 1229 corp: 248/156Kb lim: 4091 exec/s: 128707 rss: 482Mb L: 470/987 MS: 3 InsertByte-InsertByte-EraseBytes-
#515595	REDUCE cov: 710 ft: 1229 corp: 248/156Kb lim: 4091 exec/s: 128898 rss: 482Mb L: 31/987 MS: 5 ShuffleBytes-PersAutoDict-ChangeByte-EraseBytes-CMP- DE: "U\035%"-"-----BEGIN CERTIFICATE-----"-
#519439	REDUCE cov: 710 ft: 1229 corp: 248/156Kb lim: 4126 exec/s: 129859 rss: 483Mb L: 869/987 MS: 4 CopyPart-ChangeASCIIInt-CrossOver-InsertRepeatedBytes-
#519893	REDUCE cov: 710 ft: 1229 corp: 248/156Kb lim: 4126 exec/s: 129973 rss: 483Mb L: 472/987 MS: 4 PersAutoDict-CopyPart-ManualDict-EraseBytes- DE: "<= handshake wrapup"-"NewSessionTicket: disabled,"-
#523920	REDUCE cov: 710 ft: 1231 corp: 249/156Kb lim: 4162 exec/s: 104784 rss: 483Mb L: 473/987 MS: 2 CopyPart-PersAutoDict- DE: "\377\377\377\377\377\377\000w"-
#524288	pulse  cov: 710 ft: 1231 corp: 249/156Kb lim: 4162 exec/s: 104857 rss: 483Mb
#534771	REDUCE cov: 710 ft: 1231 corp: 249/156Kb lim: 4270 exec/s: 106954 rss: 483Mb L: 869/987 MS: 1 EraseBytes-
#535449	REDUCE cov: 710 ft: 1231 corp: 249/156Kb lim: 4270 exec/s: 107089 rss: 484Mb L: 471/987 MS: 3 ChangeBinInt-ChangeASCIIInt-EraseBytes-
#535848	REDUCE cov: 710 ft: 1231 corp: 249/156Kb lim: 4270 exec/s: 107169 rss: 484Mb L: 957/987 MS: 4 PersAutoDict-CMP-ManualDict-EraseBytes- DE: " (already %"-"\027\000\000\000\000\000\000\000"-"mbedtls/hmac_drbg.h"-
#536224	REDUCE cov: 710 ft: 1231 corp: 249/156Kb lim: 4270 exec/s: 107244 rss: 484Mb L: 479/987 MS: 1 EraseBytes-
#541870	REDUCE cov: 710 ft: 1231 corp: 249/156Kb lim: 4318 exec/s: 108374 rss: 484Mb L: 469/987 MS: 1 EraseBytes-
#544022	REDUCE cov: 710 ft: 1231 corp: 249/156Kb lim: 4330 exec/s: 108804 rss: 484Mb L: 469/987 MS: 2 ChangeASCIIInt-EraseBytes-
#544343	REDUCE cov: 710 ft: 1231 corp: 249/156Kb lim: 4330 exec/s: 108868 rss: 484Mb L: 469/987 MS: 1 EraseBytes-
#544355	REDUCE cov: 710 ft: 1231 corp: 249/156Kb lim: 4330 exec/s: 108871 rss: 484Mb L: 985/985 MS: 2 PersAutoDict-EraseBytes- DE: "\013\000\000\000"-
#547863	REDUCE cov: 711 ft: 1232 corp: 250/157Kb lim: 4354 exec/s: 109572 rss: 484Mb L: 503/985 MS: 3 ChangeByte-InsertRepeatedBytes-ChangeBit-
#550105	REDUCE cov: 711 ft: 1232 corp: 250/157Kb lim: 4366 exec/s: 110021 rss: 484Mb L: 497/985 MS: 2 ChangeBinInt-EraseBytes-
#553153	REDUCE cov: 711 ft: 1232 corp: 250/157Kb lim: 4390 exec/s: 110630 rss: 484Mb L: 470/985 MS: 3 CMP-PersAutoDict-EraseBytes- DE: "-----BEGIN CERTIFICATE-----"-"peer has no certificate"-
#558676	REDUCE cov: 711 ft: 1232 corp: 250/157Kb lim: 4438 exec/s: 111735 rss: 484Mb L: 945/965 MS: 3 EraseBytes-ChangeBinInt-PersAutoDict- DE: "602AB7ECA597A3D6B56FF9829A5E8B85"-
#567417	REDUCE cov: 711 ft: 1232 corp: 250/157Kb lim: 4522 exec/s: 113483 rss: 484Mb L: 470/965 MS: 1 EraseBytes-
#569628	REDUCE cov: 711 ft: 1232 corp: 250/157Kb lim: 4534 exec/s: 113925 rss: 484Mb L: 470/965 MS: 1 EraseBytes-
#570436	REDUCE cov: 711 ft: 1232 corp: 250/157Kb lim: 4534 exec/s: 114087 rss: 484Mb L: 62/965 MS: 3 EraseBytes-ChangeASCIIInt-PersAutoDict- DE: "-----END CERTIFICATE-----"-
#571800	REDUCE cov: 711 ft: 1232 corp: 250/157Kb lim: 4546 exec/s: 114360 rss: 484Mb L: 480/965 MS: 4 ChangeBit-ChangeByte-CopyPart-EraseBytes-
#572391	REDUCE cov: 711 ft: 1232 corp: 250/157Kb lim: 4546 exec/s: 114478 rss: 484Mb L: 470/965 MS: 1 EraseBytes-
#575714	REDUCE cov: 711 ft: 1232 corp: 250/157Kb lim: 4570 exec/s: 115142 rss: 484Mb L: 474/965 MS: 3 CrossOver-InsertRepeatedBytes-CrossOver-
#576956	REDUCE cov: 711 ft: 1232 corp: 250/157Kb lim: 4582 exec/s: 115391 rss: 484Mb L: 477/965 MS: 2 InsertByte-EraseBytes-
#581968	REDUCE cov: 711 ft: 1232 corp: 250/157Kb lim: 4630 exec/s: 116393 rss: 484Mb L: 936/965 MS: 2 ChangeByte-EraseBytes-
#585730	REDUCE cov: 711 ft: 1232 corp: 250/157Kb lim: 4666 exec/s: 117146 rss: 484Mb L: 477/965 MS: 2 ShuffleBytes-EraseBytes-
#588078	REDUCE cov: 711 ft: 1232 corp: 250/157Kb lim: 4678 exec/s: 117615 rss: 484Mb L: 473/965 MS: 3 ChangeBit-ChangeBinInt-EraseBytes-
#591649	REDUCE cov: 711 ft: 1232 corp: 250/157Kb lim: 4702 exec/s: 118329 rss: 484Mb L: 941/965 MS: 1 EraseBytes-
#601701	REDUCE cov: 711 ft: 1232 corp: 250/157Kb lim: 4798 exec/s: 120340 rss: 484Mb L: 469/965 MS: 2 InsertByte-EraseBytes-
#602436	REDUCE cov: 711 ft: 1232 corp: 250/157Kb lim: 4798 exec/s: 120487 rss: 484Mb L: 469/965 MS: 5 InsertByte-EraseBytes-ChangeBit-ChangeByte-CMP- DE: "Xc\230\020"-
#604693	REDUCE cov: 711 ft: 1232 corp: 250/157Kb lim: 4810 exec/s: 120938 rss: 484Mb L: 469/965 MS: 2 EraseBytes-ManualDict- DE: "DHM - Allocation of memory failed"-
#617345	REDUCE cov: 711 ft: 1232 corp: 250/157Kb lim: 4930 exec/s: 123469 rss: 484Mb L: 872/965 MS: 2 InsertRepeatedBytes-EraseBytes-
#617443	REDUCE cov: 711 ft: 1232 corp: 250/157Kb lim: 4930 exec/s: 123488 rss: 484Mb L: 469/965 MS: 3 EraseBytes-CMP-InsertByte- DE: "*\206H\206\367\015\001\001\004"-
#622635	REDUCE cov: 711 ft: 1232 corp: 250/157Kb lim: 4978 exec/s: 124527 rss: 484Mb L: 478/965 MS: 2 ChangeBinInt-EraseBytes-
#644981	REDUCE cov: 711 ft: 1232 corp: 250/157Kb lim: 5194 exec/s: 128996 rss: 484Mb L: 475/965 MS: 1 EraseBytes-
#655915	REDUCE cov: 712 ft: 1234 corp: 251/157Kb lim: 5302 exec/s: 109319 rss: 484Mb L: 501/965 MS: 4 PersAutoDict-CMP-ShuffleBytes-ChangeBinInt- DE: "\000\000\000\000\000\000\000\000"-"-----BEGIN CERTIFICATE-----"-
#663603	REDUCE cov: 712 ft: 1234 corp: 251/157Kb lim: 5374 exec/s: 110600 rss: 484Mb L: 938/965 MS: 3 PersAutoDict-CMP-EraseBytes- DE: "\001\000\000\000\000\000\000\000"-"\352C*T"-
#665524	REDUCE cov: 712 ft: 1234 corp: 251/157Kb lim: 5386 exec/s: 110920 rss: 484Mb L: 476/965 MS: 1 EraseBytes-
#666335	REDUCE cov: 712 ft: 1234 corp: 251/157Kb lim: 5386 exec/s: 111055 rss: 484Mb L: 473/965 MS: 1 EraseBytes-
#666722	REDUCE cov: 712 ft: 1234 corp: 251/157Kb lim: 5386 exec/s: 111120 rss: 484Mb L: 495/965 MS: 2 InsertRepeatedBytes-EraseBytes-
#667636	REDUCE cov: 712 ft: 1234 corp: 251/157Kb lim: 5386 exec/s: 111272 rss: 484Mb L: 469/965 MS: 4 ChangeByte-ChangeBit-EraseBytes-InsertByte-
#669177	REDUCE cov: 712 ft: 1234 corp: 251/157Kb lim: 5398 exec/s: 111529 rss: 484Mb L: 473/965 MS: 1 EraseBytes-
#670225	REDUCE cov: 712 ft: 1234 corp: 251/157Kb lim: 5398 exec/s: 111704 rss: 484Mb L: 469/965 MS: 3 ChangeASCIIInt-EraseBytes-InsertByte-
#677501	REDUCE cov: 712 ft: 1234 corp: 251/157Kb lim: 5470 exec/s: 112916 rss: 484Mb L: 481/965 MS: 1 EraseBytes-
#678693	REDUCE cov: 712 ft: 1234 corp: 251/157Kb lim: 5470 exec/s: 113115 rss: 484Mb L: 471/965 MS: 2 ManualDict-EraseBytes- DE: "RSA"-
#684947	REDUCE cov: 712 ft: 1234 corp: 251/157Kb lim: 5530 exec/s: 114157 rss: 484Mb L: 469/965 MS: 4 ChangeASCIIInt-ChangeByte-InsertByte-EraseBytes-
#714180	REDUCE cov: 712 ft: 1234 corp: 251/157Kb lim: 5818 exec/s: 119030 rss: 484Mb L: 469/965 MS: 3 PersAutoDict-ShuffleBytes-EraseBytes- DE: " would exceed the compile-time limit %"-
#715966	REDUCE cov: 712 ft: 1234 corp: 251/157Kb lim: 5830 exec/s: 119327 rss: 484Mb L: 472/965 MS: 1 EraseBytes-
#720674	REDUCE cov: 712 ft: 1234 corp: 251/157Kb lim: 5866 exec/s: 120112 rss: 484Mb L: 941/965 MS: 3 ChangeASCIIInt-ChangeASCIIInt-EraseBytes-
#732265	REDUCE cov: 712 ft: 1234 corp: 251/157Kb lim: 5974 exec/s: 122044 rss: 484Mb L: 473/965 MS: 1 EraseBytes-
#734161	REDUCE cov: 712 ft: 1234 corp: 251/157Kb lim: 5986 exec/s: 122360 rss: 484Mb L: 471/965 MS: 1 EraseBytes-
#735623	REDUCE cov: 712 ft: 1234 corp: 251/157Kb lim: 5998 exec/s: 122603 rss: 484Mb L: 475/965 MS: 2 ChangeByte-EraseBytes-
#740963	REDUCE cov: 712 ft: 1234 corp: 251/157Kb lim: 6046 exec/s: 123493 rss: 484Mb L: 470/965 MS: 5 CrossOver-ChangeBinInt-ChangeBit-ChangeBinInt-EraseBytes-
#743372	REDUCE cov: 712 ft: 1234 corp: 251/157Kb lim: 6058 exec/s: 123895 rss: 484Mb L: 453/965 MS: 4 ShuffleBytes-CrossOver-ChangeBit-EraseBytes-
#744043	REDUCE cov: 712 ft: 1234 corp: 251/157Kb lim: 6058 exec/s: 124007 rss: 484Mb L: 942/960 MS: 1 EraseBytes-
#744969	REDUCE cov: 712 ft: 1234 corp: 251/157Kb lim: 6058 exec/s: 124161 rss: 484Mb L: 471/960 MS: 1 EraseBytes-
#749483	REDUCE cov: 712 ft: 1234 corp: 251/157Kb lim: 6094 exec/s: 124913 rss: 485Mb L: 473/960 MS: 4 ChangeByte-ShuffleBytes-ChangeBit-EraseBytes-
#773791	REDUCE cov: 712 ft: 1234 corp: 251/157Kb lim: 6334 exec/s: 128965 rss: 485Mb L: 471/960 MS: 3 ChangeBit-EraseBytes-PersAutoDict- DE: "0xE0"-
#794196	REDUCE cov: 712 ft: 1234 corp: 251/157Kb lim: 6526 exec/s: 113456 rss: 485Mb L: 478/960 MS: 5 ChangeBit-ChangeByte-ChangeBit-ChangeASCIIInt-EraseBytes-
#796457	REDUCE cov: 712 ft: 1234 corp: 251/157Kb lim: 6538 exec/s: 113779 rss: 485Mb L: 471/960 MS: 1 EraseBytes-
#799234	REDUCE cov: 712 ft: 1234 corp: 251/157Kb lim: 6562 exec/s: 114176 rss: 485Mb L: 882/960 MS: 2 CrossOver-EraseBytes-
#821803	REDUCE cov: 712 ft: 1234 corp: 251/157Kb lim: 6778 exec/s: 117400 rss: 485Mb L: 939/960 MS: 4 InsertRepeatedBytes-InsertByte-PersAutoDict-EraseBytes- DE: "\000\000\000\000\000\000\002\207"-
#824214	REDUCE cov: 712 ft: 1234 corp: 251/157Kb lim: 6802 exec/s: 117744 rss: 485Mb L: 937/959 MS: 1 EraseBytes-
#826454	REDUCE cov: 712 ft: 1234 corp: 251/157Kb lim: 6814 exec/s: 118064 rss: 485Mb L: 867/959 MS: 5 EraseBytes-PersAutoDict-InsertByte-ChangeBit-InsertByte- DE: "\001\000\000\000\000\000\001\315"-
#829425	REDUCE cov: 712 ft: 1234 corp: 251/157Kb lim: 6838 exec/s: 118489 rss: 485Mb L: 936/959 MS: 1 EraseBytes-
#833591	REDUCE cov: 712 ft: 1234 corp: 251/157Kb lim: 6874 exec/s: 119084 rss: 485Mb L: 472/959 MS: 1 EraseBytes-
#834377	REDUCE cov: 712 ft: 1234 corp: 251/157Kb lim: 6874 exec/s: 119196 rss: 485Mb L: 469/959 MS: 1 EraseBytes-
#843769	REDUCE cov: 712 ft: 1234 corp: 251/157Kb lim: 6958 exec/s: 120538 rss: 485Mb L: 472/959 MS: 2 EraseBytes-CMP- DE: "\010\000\000\000\000\000\000\000"-
#844577	REDUCE cov: 712 ft: 1234 corp: 251/157Kb lim: 6958 exec/s: 120653 rss: 485Mb L: 472/959 MS: 3 PersAutoDict-ShuffleBytes-EraseBytes- DE: "\377\377\377\377\377\377\377\007"-
#845218	REDUCE cov: 712 ft: 1234 corp: 251/157Kb lim: 6958 exec/s: 120745 rss: 485Mb L: 936/959 MS: 1 EraseBytes-
#849224	REDUCE cov: 712 ft: 1234 corp: 251/157Kb lim: 6994 exec/s: 121317 rss: 485Mb L: 474/959 MS: 1 EraseBytes-
#864922	REDUCE cov: 712 ft: 1234 corp: 251/157Kb lim: 7150 exec/s: 123560 rss: 485Mb L: 470/959 MS: 3 EraseBytes-ChangeASCIIInt-PersAutoDict- DE: "?\302%\274"-
#879540	NEW    cov: 714 ft: 1236 corp: 252/157Kb lim: 7294 exec/s: 125648 rss: 485Mb L: 473/959 MS: 3 PersAutoDict-ShuffleBytes-ChangeBinInt- DE: "\003\000\000\000"-
#880107	REDUCE cov: 714 ft: 1236 corp: 252/157Kb lim: 7294 exec/s: 125729 rss: 485Mb L: 936/959 MS: 2 ChangeBinInt-EraseBytes-
#884543	REDUCE cov: 714 ft: 1236 corp: 252/157Kb lim: 7330 exec/s: 126363 rss: 485Mb L: 867/959 MS: 1 EraseBytes-
#897144	REDUCE cov: 714 ft: 1236 corp: 252/157Kb lim: 7450 exec/s: 128163 rss: 485Mb L: 472/959 MS: 1 EraseBytes-
#903730	REDUCE cov: 714 ft: 1236 corp: 252/157Kb lim: 7510 exec/s: 129104 rss: 485Mb L: 55/959 MS: 1 EraseBytes-
#905370	REDUCE cov: 714 ft: 1236 corp: 252/157Kb lim: 7522 exec/s: 129338 rss: 485Mb L: 937/959 MS: 5 ChangeASCIIInt-CrossOver-PersAutoDict-ShuffleBytes-EraseBytes- DE: "mbedtls/dhm.h"-
#906748	REDUCE cov: 714 ft: 1236 corp: 252/157Kb lim: 7534 exec/s: 129535 rss: 485Mb L: 867/959 MS: 3 CMP-CMP-CrossOver- DE: "\001\000"-"*\206H\206\367\015\001\001\005"-
#910901	REDUCE cov: 714 ft: 1236 corp: 252/157Kb lim: 7570 exec/s: 130128 rss: 485Mb L: 473/959 MS: 3 ChangeBinInt-EraseBytes-ManualDict- DE: "ECDH: Q"-
#913892	REDUCE cov: 714 ft: 1236 corp: 252/157Kb lim: 7594 exec/s: 130556 rss: 485Mb L: 473/959 MS: 1 EraseBytes-
#917381	REDUCE cov: 714 ft: 1236 corp: 252/157Kb lim: 7618 exec/s: 114672 rss: 485Mb L: 952/952 MS: 4 ChangeASCIIInt-CrossOver-EraseBytes-InsertRepeatedBytes-
#918880	REDUCE cov: 714 ft: 1236 corp: 252/157Kb lim: 7630 exec/s: 114860 rss: 485Mb L: 469/952 MS: 4 ShuffleBytes-ShuffleBytes-ChangeByte-EraseBytes-
#919816	REDUCE cov: 714 ft: 1236 corp: 252/157Kb lim: 7630 exec/s: 114977 rss: 485Mb L: 469/952 MS: 1 EraseBytes-
#929282	REDUCE cov: 714 ft: 1236 corp: 252/157Kb lim: 7714 exec/s: 116160 rss: 485Mb L: 469/952 MS: 1 EraseBytes-
#954313	NEW    cov: 717 ft: 1240 corp: 253/158Kb lim: 7954 exec/s: 119289 rss: 485Mb L: 867/952 MS: 1 CMP- DE: "U\035\021"-
#958649	REDUCE cov: 717 ft: 1240 corp: 253/158Kb lim: 7990 exec/s: 119831 rss: 485Mb L: 937/952 MS: 1 EraseBytes-
#961312	REDUCE cov: 717 ft: 1240 corp: 253/158Kb lim: 8014 exec/s: 120164 rss: 485Mb L: 470/952 MS: 3 ChangeByte-EraseBytes-CMP- DE: "\377\377\377\377\377\377\377\001"-
#970630	REDUCE cov: 717 ft: 1240 corp: 253/158Kb lim: 8098 exec/s: 121328 rss: 485Mb L: 469/952 MS: 3 CrossOver-EraseBytes-CMP- DE: "U\035#"-
#981697	REDUCE cov: 717 ft: 1240 corp: 253/158Kb lim: 8207 exec/s: 122712 rss: 485Mb L: 469/952 MS: 2 CopyPart-EraseBytes-
#995378	REDUCE cov: 717 ft: 1240 corp: 253/158Kb lim: 8337 exec/s: 124422 rss: 485Mb L: 936/952 MS: 1 EraseBytes-
#1004734	REDUCE cov: 717 ft: 1240 corp: 253/158Kb lim: 8428 exec/s: 125591 rss: 486Mb L: 470/952 MS: 1 EraseBytes-
#1048576	pulse  cov: 717 ft: 1240 corp: 253/158Kb lim: 8857 exec/s: 131072 rss: 487Mb
#1050676	NEW    cov: 719 ft: 1242 corp: 254/159Kb lim: 8883 exec/s: 116741 rss: 487Mb L: 936/952 MS: 2 ManualDict-ChangeBinInt- DE: "D5F53E93B5F123FA41680867BA110131"-
#1057453	REDUCE cov: 719 ft: 1242 corp: 254/159Kb lim: 8948 exec/s: 117494 rss: 487Mb L: 477/952 MS: 2 InsertByte-EraseBytes-
#1058933	REDUCE cov: 719 ft: 1242 corp: 254/159Kb lim: 8961 exec/s: 117659 rss: 487Mb L: 878/952 MS: 5 ChangeByte-ShuffleBytes-CrossOver-EraseBytes-EraseBytes-
#1059810	REDUCE cov: 719 ft: 1242 corp: 254/159Kb lim: 8961 exec/s: 117756 rss: 487Mb L: 469/952 MS: 2 PersAutoDict-EraseBytes- DE: "CAMELLIA-192-GCM"-
#1060051	REDUCE cov: 719 ft: 1242 corp: 254/159Kb lim: 8961 exec/s: 117783 rss: 487Mb L: 942/952 MS: 1 EraseBytes-
#1093105	REDUCE cov: 719 ft: 1242 corp: 254/159Kb lim: 9286 exec/s: 121456 rss: 488Mb L: 877/952 MS: 4 InsertRepeatedBytes-ChangeBit-InsertRepeatedBytes-EraseBytes-
#1105008	REDUCE cov: 719 ft: 1242 corp: 254/159Kb lim: 9403 exec/s: 122778 rss: 488Mb L: 937/952 MS: 3 ChangeBinInt-EraseBytes-InsertRepeatedBytes-
#1108884	REDUCE cov: 719 ft: 1242 corp: 254/159Kb lim: 9429 exec/s: 123209 rss: 488Mb L: 469/952 MS: 1 EraseBytes-
#1132520	REDUCE cov: 719 ft: 1242 corp: 254/159Kb lim: 9663 exec/s: 125835 rss: 489Mb L: 469/952 MS: 1 EraseBytes-
#1139667	REDUCE cov: 719 ft: 1242 corp: 254/159Kb lim: 9728 exec/s: 126629 rss: 490Mb L: 471/952 MS: 2 ChangeASCIIInt-EraseBytes-
#1146840	REDUCE cov: 719 ft: 1242 corp: 254/159Kb lim: 9793 exec/s: 127426 rss: 490Mb L: 951/951 MS: 3 EraseBytes-ChangeBit-PersAutoDict- DE: "=> write server hello"-
#1151027	REDUCE cov: 720 ft: 1243 corp: 255/159Kb lim: 9832 exec/s: 127891 rss: 490Mb L: 107/951 MS: 2 CopyPart-ChangeByte-
#1152523	REDUCE cov: 720 ft: 1243 corp: 255/159Kb lim: 9845 exec/s: 128058 rss: 490Mb L: 104/951 MS: 1 EraseBytes-
#1157499	REDUCE cov: 720 ft: 1243 corp: 255/159Kb lim: 9884 exec/s: 128611 rss: 490Mb L: 51/951 MS: 1 EraseBytes-
#1165592	REDUCE cov: 720 ft: 1243 corp: 255/159Kb lim: 9962 exec/s: 129510 rss: 490Mb L: 875/951 MS: 3 EraseBytes-EraseBytes-ManualDict- DE: "  DHM parameter load: "-
#1173208	REDUCE cov: 720 ft: 1243 corp: 255/159Kb lim: 10027 exec/s: 130356 rss: 490Mb L: 871/951 MS: 1 EraseBytes-
#1174556	REDUCE cov: 720 ft: 1243 corp: 255/159Kb lim: 10040 exec/s: 130506 rss: 490Mb L: 814/951 MS: 3 InsertByte-ChangeByte-EraseBytes-
#1181203	NEW    cov: 721 ft: 1246 corp: 256/160Kb lim: 10105 exec/s: 131244 rss: 490Mb L: 936/951 MS: 2 ChangeBit-ShuffleBytes-
#1182524	REDUCE cov: 721 ft: 1246 corp: 256/160Kb lim: 10118 exec/s: 118252 rss: 490Mb L: 469/951 MS: 1 EraseBytes-
#1183610	REDUCE cov: 721 ft: 1246 corp: 256/160Kb lim: 10118 exec/s: 118361 rss: 490Mb L: 873/951 MS: 1 EraseBytes-
#1187216	REDUCE cov: 721 ft: 1246 corp: 256/160Kb lim: 10144 exec/s: 118721 rss: 490Mb L: 98/951 MS: 1 EraseBytes-
#1189078	REDUCE cov: 721 ft: 1246 corp: 256/160Kb lim: 10157 exec/s: 118907 rss: 490Mb L: 471/951 MS: 2 ShuffleBytes-EraseBytes-
#1190444	REDUCE cov: 721 ft: 1246 corp: 256/160Kb lim: 10170 exec/s: 119044 rss: 490Mb L: 96/951 MS: 1 EraseBytes-
#1194040	REDUCE cov: 721 ft: 1246 corp: 256/160Kb lim: 10196 exec/s: 119404 rss: 490Mb L: 472/951 MS: 1 EraseBytes-
#1201221	REDUCE cov: 722 ft: 1247 corp: 257/160Kb lim: 10261 exec/s: 120122 rss: 490Mb L: 96/951 MS: 1 CMP- DE: "-----BEGIN CERTIFICATE-----"-
#1202272	REDUCE cov: 722 ft: 1247 corp: 257/160Kb lim: 10261 exec/s: 120227 rss: 490Mb L: 94/951 MS: 1 EraseBytes-
#1217888	REDUCE cov: 722 ft: 1247 corp: 257/160Kb lim: 10404 exec/s: 121788 rss: 490Mb L: 95/951 MS: 1 EraseBytes-
#1218222	REDUCE cov: 722 ft: 1247 corp: 257/160Kb lim: 10404 exec/s: 121822 rss: 490Mb L: 2/951 MS: 4 CopyPart-ShuffleBytes-EraseBytes-ChangeBinInt-
#1232910	REDUCE cov: 722 ft: 1247 corp: 257/160Kb lim: 10547 exec/s: 123291 rss: 490Mb L: 470/951 MS: 3 ShuffleBytes-ChangeASCIIInt-CrossOver-
#1251966	REDUCE cov: 722 ft: 1247 corp: 257/160Kb lim: 10729 exec/s: 125196 rss: 490Mb L: 93/951 MS: 1 EraseBytes-
#1257172	REDUCE cov: 722 ft: 1247 corp: 257/160Kb lim: 10768 exec/s: 125717 rss: 490Mb L: 88/951 MS: 1 EraseBytes-
#1259808	REDUCE cov: 722 ft: 1247 corp: 257/160Kb lim: 10794 exec/s: 125980 rss: 490Mb L: 469/951 MS: 1 EraseBytes-
#1259827	REDUCE cov: 722 ft: 1247 corp: 257/160Kb lim: 10794 exec/s: 125982 rss: 490Mb L: 469/951 MS: 4 PersAutoDict-EraseBytes-InsertRepeatedBytes-PersAutoDict- DE: "-----BEGIN CERTIFICATE-----"-"mbedtls/version.h"-
#1263323	REDUCE cov: 722 ft: 1247 corp: 257/160Kb lim: 10820 exec/s: 126332 rss: 491Mb L: 877/951 MS: 1 EraseBytes-
#1277779	REDUCE cov: 722 ft: 1247 corp: 257/160Kb lim: 10963 exec/s: 127777 rss: 491Mb L: 470/951 MS: 1 CrossOver-
#1284720	REDUCE cov: 722 ft: 1247 corp: 257/160Kb lim: 11028 exec/s: 128472 rss: 492Mb L: 87/951 MS: 1 EraseBytes-
#1286756	REDUCE cov: 722 ft: 1247 corp: 257/160Kb lim: 11041 exec/s: 128675 rss: 492Mb L: 91/951 MS: 1 EraseBytes-
#1294209	REDUCE cov: 722 ft: 1247 corp: 257/160Kb lim: 11106 exec/s: 129420 rss: 492Mb L: 471/951 MS: 3 EraseBytes-ChangeBinInt-InsertRepeatedBytes-
#1301516	REDUCE cov: 722 ft: 1249 corp: 258/160Kb lim: 11171 exec/s: 130151 rss: 493Mb L: 503/951 MS: 2 ChangeBit-InsertRepeatedBytes-
#1305180	REDUCE cov: 722 ft: 1249 corp: 258/160Kb lim: 11197 exec/s: 130518 rss: 493Mb L: 490/951 MS: 4 ManualDict-ChangeByte-EraseBytes-ManualDict- DE: " (input), "-"  CTR_DRBG (PR = FALSE): "-
#1311316	REDUCE cov: 723 ft: 1250 corp: 259/161Kb lim: 11249 exec/s: 131131 rss: 493Mb L: 490/951 MS: 1 ChangeBinInt-
#1311663	REDUCE cov: 723 ft: 1250 corp: 259/161Kb lim: 11249 exec/s: 131166 rss: 493Mb L: 487/951 MS: 2 InsertByte-EraseBytes-
#1311740	REDUCE cov: 723 ft: 1250 corp: 259/161Kb lim: 11249 exec/s: 131174 rss: 493Mb L: 474/951 MS: 2 InsertRepeatedBytes-EraseBytes-
#1311833	REDUCE cov: 723 ft: 1250 corp: 259/161Kb lim: 11249 exec/s: 131183 rss: 493Mb L: 475/951 MS: 3 PersAutoDict-CMP-EraseBytes- DE: "*\2062H\316=\004\003"-"\001\000\000\022"-
#1314029	REDUCE cov: 723 ft: 1250 corp: 259/161Kb lim: 11262 exec/s: 131402 rss: 494Mb L: 474/951 MS: 1 EraseBytes-
#1318655	REDUCE cov: 723 ft: 1250 corp: 259/161Kb lim: 11301 exec/s: 119877 rss: 494Mb L: 867/951 MS: 1 EraseBytes-
#1328619	REDUCE cov: 723 ft: 1250 corp: 259/161Kb lim: 11392 exec/s: 120783 rss: 494Mb L: 474/951 MS: 4 EraseBytes-InsertRepeatedBytes-EraseBytes-CrossOver-
#1329446	REDUCE cov: 723 ft: 1250 corp: 259/161Kb lim: 11392 exec/s: 120858 rss: 494Mb L: 86/951 MS: 2 CopyPart-EraseBytes-
#1338737	REDUCE cov: 723 ft: 1250 corp: 259/161Kb lim: 11483 exec/s: 121703 rss: 495Mb L: 471/951 MS: 1 EraseBytes-
#1339729	REDUCE cov: 723 ft: 1250 corp: 259/161Kb lim: 11483 exec/s: 121793 rss: 495Mb L: 469/951 MS: 2 CrossOver-InsertByte-
#1340142	REDUCE cov: 723 ft: 1250 corp: 259/161Kb lim: 11483 exec/s: 121831 rss: 495Mb L: 470/951 MS: 3 EraseBytes-ShuffleBytes-InsertRepeatedBytes-
#1343818	REDUCE cov: 723 ft: 1250 corp: 259/161Kb lim: 11509 exec/s: 122165 rss: 495Mb L: 72/951 MS: 1 EraseBytes-
#1347810	REDUCE cov: 723 ft: 1252 corp: 260/161Kb lim: 11548 exec/s: 122528 rss: 495Mb L: 773/951 MS: 2 ShuffleBytes-CopyPart-
#1347982	REDUCE cov: 723 ft: 1252 corp: 260/161Kb lim: 11548 exec/s: 122543 rss: 495Mb L: 581/951 MS: 2 ChangeByte-EraseBytes-
#1348019	REDUCE cov: 723 ft: 1252 corp: 260/161Kb lim: 11548 exec/s: 122547 rss: 495Mb L: 76/951 MS: 2 ChangeByte-EraseBytes-
#1349185	REDUCE cov: 723 ft: 1252 corp: 260/161Kb lim: 11548 exec/s: 122653 rss: 495Mb L: 559/951 MS: 1 EraseBytes-
#1349198	REDUCE cov: 723 ft: 1252 corp: 260/161Kb lim: 11548 exec/s: 122654 rss: 495Mb L: 535/951 MS: 3 ShuffleBytes-EraseBytes-CopyPart-
#1350244	REDUCE cov: 723 ft: 1252 corp: 260/161Kb lim: 11548 exec/s: 122749 rss: 495Mb L: 482/951 MS: 1 EraseBytes-
#1352600	REDUCE cov: 723 ft: 1252 corp: 260/161Kb lim: 11561 exec/s: 122963 rss: 495Mb L: 471/951 MS: 1 EraseBytes-
#1355016	REDUCE cov: 723 ft: 1252 corp: 260/161Kb lim: 11574 exec/s: 123183 rss: 495Mb L: 75/951 MS: 1 EraseBytes-
#1355089	REDUCE cov: 723 ft: 1254 corp: 261/162Kb lim: 11574 exec/s: 123189 rss: 495Mb L: 469/951 MS: 3 ChangeASCIIInt-ChangeASCIIInt-PersAutoDict- DE: "Unrecognised value for MBEDTLS_AESNI_HAVE_CODE"-
#1355977	REDUCE cov: 723 ft: 1254 corp: 261/162Kb lim: 11574 exec/s: 123270 rss: 496Mb L: 469/951 MS: 3 ManualDict-CMP-EraseBytes- DE: "PEM - Failed to allocate memory"-"*\243|;"-
#1357690	REDUCE cov: 723 ft: 1254 corp: 261/162Kb lim: 11587 exec/s: 123426 rss: 496Mb L: 469/951 MS: 3 EraseBytes-CrossOver-InsertByte-
#1359589	REDUCE cov: 723 ft: 1254 corp: 261/162Kb lim: 11600 exec/s: 123599 rss: 496Mb L: 475/951 MS: 4 ChangeByte-CrossOver-EraseBytes-CrossOver-
#1363515	REDUCE cov: 723 ft: 1254 corp: 261/162Kb lim: 11639 exec/s: 123955 rss: 496Mb L: 470/951 MS: 1 EraseBytes-
#1385685	REDUCE cov: 723 ft: 1254 corp: 261/162Kb lim: 11847 exec/s: 125971 rss: 496Mb L: 470/951 MS: 5 EraseBytes-CMP-ManualDict-InsertRepeatedBytes-CMP- DE: "\377\377\377\377\377\377\000u"-"mbedtls/sha1.h"-"-----BEGIN CERTIFICATE-----"-
#1390844	REDUCE cov: 723 ft: 1254 corp: 261/162Kb lim: 11886 exec/s: 126440 rss: 496Mb L: 474/951 MS: 4 ManualDict-ChangeBinInt-PersAutoDict-EraseBytes- DE: "5C3C3C3C3C3C3C3C3C3C3C3C3C3C3C3C3C3C3C3C3C3C3C3C3C3C3C3C3C3C3C30"-" (input), "-
#1397835	REDUCE cov: 723 ft: 1254 corp: 261/162Kb lim: 11951 exec/s: 127075 rss: 496Mb L: 470/951 MS: 1 EraseBytes-
#1409771	REDUCE cov: 723 ft: 1254 corp: 261/162Kb lim: 12068 exec/s: 128161 rss: 496Mb L: 470/951 MS: 1 EraseBytes-
#1420392	REDUCE cov: 723 ft: 1254 corp: 261/162Kb lim: 12172 exec/s: 129126 rss: 496Mb L: 469/951 MS: 1 EraseBytes-
#1432667	REDUCE cov: 723 ft: 1254 corp: 261/162Kb lim: 12289 exec/s: 130242 rss: 496Mb L: 471/951 MS: 5 EraseBytes-ManualDict-ChangeBit-InsertByte-EraseBytes- DE: "AES-256-CCM"-
#1440400	REDUCE cov: 723 ft: 1254 corp: 261/162Kb lim: 12354 exec/s: 130945 rss: 496Mb L: 867/951 MS: 3 CrossOver-EraseBytes-CMP- DE: "\001\000\000\005"-
#1446151	REDUCE cov: 723 ft: 1254 corp: 261/162Kb lim: 12406 exec/s: 131468 rss: 496Mb L: 801/951 MS: 1 EraseBytes-
#1447608	REDUCE cov: 723 ft: 1254 corp: 261/162Kb lim: 12419 exec/s: 131600 rss: 496Mb L: 471/951 MS: 2 InsertRepeatedBytes-EraseBytes-
#1454951	REDUCE cov: 723 ft: 1254 corp: 261/162Kb lim: 12484 exec/s: 121245 rss: 496Mb L: 469/951 MS: 3 ChangeASCIIInt-EraseBytes-CopyPart-
#1456482	REDUCE cov: 723 ft: 1254 corp: 261/162Kb lim: 12497 exec/s: 121373 rss: 496Mb L: 68/951 MS: 1 EraseBytes-
#1459209	REDUCE cov: 723 ft: 1254 corp: 261/162Kb lim: 12523 exec/s: 121600 rss: 496Mb L: 471/951 MS: 2 EraseBytes-CrossOver-
#1465160	REDUCE cov: 723 ft: 1254 corp: 261/162Kb lim: 12575 exec/s: 122096 rss: 496Mb L: 469/951 MS: 1 EraseBytes-
#1478371	REDUCE cov: 723 ft: 1254 corp: 261/162Kb lim: 12705 exec/s: 123197 rss: 496Mb L: 470/951 MS: 1 EraseBytes-
#1479348	REDUCE cov: 723 ft: 1254 corp: 261/162Kb lim: 12705 exec/s: 123279 rss: 496Mb L: 469/951 MS: 2 ShuffleBytes-EraseBytes-
#1485302	REDUCE cov: 723 ft: 1254 corp: 261/162Kb lim: 12757 exec/s: 123775 rss: 496Mb L: 870/951 MS: 4 ShuffleBytes-ChangeBinInt-ShuffleBytes-EraseBytes-
#1490402	REDUCE cov: 723 ft: 1254 corp: 261/162Kb lim: 12796 exec/s: 124200 rss: 496Mb L: 469/951 MS: 5 CMP-EraseBytes-ChangeBinInt-ChangeByte-InsertByte- DE: "-----BEGIN CERTIFICATE-----"-
#1497191	REDUCE cov: 723 ft: 1254 corp: 261/162Kb lim: 12861 exec/s: 124765 rss: 496Mb L: 938/951 MS: 4 ChangeBinInt-CMP-ChangeBit-EraseBytes- DE: "\377\377\377\377"-
#1500048	REDUCE cov: 723 ft: 1254 corp: 261/162Kb lim: 12887 exec/s: 125004 rss: 496Mb L: 73/951 MS: 2 ShuffleBytes-EraseBytes-
#1501265	REDUCE cov: 723 ft: 1254 corp: 261/162Kb lim: 12887 exec/s: 125105 rss: 496Mb L: 470/951 MS: 2 ChangeByte-EraseBytes-
#1501825	REDUCE cov: 723 ft: 1254 corp: 261/162Kb lim: 12887 exec/s: 125152 rss: 496Mb L: 469/951 MS: 5 CMP-CMP-ChangeBit-ShuffleBytes-EraseBytes- DE: "*\206\377\377\377\377\377\377"-"U\035\017"-
#1502841	REDUCE cov: 723 ft: 1254 corp: 261/162Kb lim: 12887 exec/s: 125236 rss: 496Mb L: 72/951 MS: 1 EraseBytes-
#1517024	REDUCE cov: 723 ft: 1254 corp: 261/162Kb lim: 13017 exec/s: 126418 rss: 496Mb L: 780/951 MS: 3 ShuffleBytes-CMP-EraseBytes- DE: "U*%"-
#1536085	REDUCE cov: 723 ft: 1254 corp: 261/162Kb lim: 13199 exec/s: 128007 rss: 496Mb L: 470/951 MS: 1 EraseBytes-
#1544477	REDUCE cov: 723 ft: 1254 corp: 261/161Kb lim: 13277 exec/s: 128706 rss: 496Mb L: 698/951 MS: 2 InsertRepeatedBytes-EraseBytes-
#1559833	REDUCE cov: 723 ft: 1254 corp: 261/161Kb lim: 13420 exec/s: 129986 rss: 496Mb L: 472/951 MS: 1 EraseBytes-
#1581600	REDUCE cov: 723 ft: 1254 corp: 261/161Kb lim: 13628 exec/s: 131800 rss: 496Mb L: 469/951 MS: 2 CMP-EraseBytes- DE: "-----BEGIN CERTIFICATE-----"-
#1582956	REDUCE cov: 723 ft: 1254 corp: 261/161Kb lim: 13641 exec/s: 131913 rss: 496Mb L: 474/951 MS: 1 EraseBytes-
#1591249	REDUCE cov: 723 ft: 1254 corp: 261/161Kb lim: 13719 exec/s: 122403 rss: 496Mb L: 469/951 MS: 3 CopyPart-EraseBytes-ManualDict- DE: "=> write certificate"-
#1596765	REDUCE cov: 723 ft: 1254 corp: 261/161Kb lim: 13771 exec/s: 122828 rss: 496Mb L: 67/951 MS: 1 EraseBytes-
#1625022	REDUCE cov: 723 ft: 1254 corp: 261/161Kb lim: 14044 exec/s: 125001 rss: 496Mb L: 67/951 MS: 2 ChangeByte-EraseBytes-
#1636178	REDUCE cov: 723 ft: 1254 corp: 261/161Kb lim: 14148 exec/s: 125859 rss: 496Mb L: 469/951 MS: 1 EraseBytes-
#1637809	REDUCE cov: 723 ft: 1254 corp: 261/161Kb lim: 14161 exec/s: 125985 rss: 496Mb L: 65/951 MS: 1 EraseBytes-
#1641106	REDUCE cov: 723 ft: 1256 corp: 262/162Kb lim: 14187 exec/s: 126238 rss: 496Mb L: 469/951 MS: 2 ManualDict-CMP- DE: "mbedtls/timing.h"-"\020\000\000\000\000\000\000\000"-
#1643582	REDUCE cov: 723 ft: 1256 corp: 262/162Kb lim: 14200 exec/s: 126429 rss: 496Mb L: 867/951 MS: 1 EraseBytes-
#1650514	REDUCE cov: 723 ft: 1256 corp: 262/162Kb lim: 14265 exec/s: 126962 rss: 496Mb L: 469/951 MS: 2 InsertRepeatedBytes-EraseBytes-
#1655823	REDUCE cov: 723 ft: 1256 corp: 262/162Kb lim: 14317 exec/s: 127371 rss: 496Mb L: 937/951 MS: 4 ShuffleBytes-ChangeBit-EraseBytes-CrossOver-
#1662273	REDUCE cov: 723 ft: 1256 corp: 262/162Kb lim: 14369 exec/s: 127867 rss: 496Mb L: 476/951 MS: 5 ChangeBinInt-ChangeBinInt-CopyPart-ManualDict-EraseBytes- DE: "D5F53E93B5F123FA41680867BA110131"-
#1669889	REDUCE cov: 723 ft: 1256 corp: 262/162Kb lim: 14434 exec/s: 128453 rss: 496Mb L: 472/951 MS: 1 EraseBytes-
#1672757	REDUCE cov: 723 ft: 1256 corp: 262/162Kb lim: 14460 exec/s: 128673 rss: 496Mb L: 469/951 MS: 3 ChangeBinInt-ChangeByte-EraseBytes-
#1676694	REDUCE cov: 723 ft: 1256 corp: 262/162Kb lim: 14499 exec/s: 128976 rss: 496Mb L: 60/951 MS: 2 ChangeBinInt-EraseBytes-
#1687210	REDUCE cov: 723 ft: 1256 corp: 262/162Kb lim: 14603 exec/s: 129785 rss: 496Mb L: 61/951 MS: 1 EraseBytes-
#1688007	REDUCE cov: 723 ft: 1257 corp: 263/163Kb lim: 14603 exec/s: 129846 rss: 496Mb L: 1568/1568 MS: 2 ChangeByte-CrossOver-
#1688433	REDUCE cov: 723 ft: 1257 corp: 263/163Kb lim: 14603 exec/s: 129879 rss: 496Mb L: 1150/1150 MS: 1 EraseBytes-
#1689007	REDUCE cov: 723 ft: 1257 corp: 263/163Kb lim: 14603 exec/s: 129923 rss: 496Mb L: 1119/1119 MS: 4 ShuffleBytes-ChangeBinInt-ChangeASCIIInt-EraseBytes-
#1689072	REDUCE cov: 723 ft: 1257 corp: 263/163Kb lim: 14603 exec/s: 129928 rss: 496Mb L: 823/951 MS: 5 ChangeBit-InsertRepeatedBytes-CrossOver-ChangeASCIIInt-EraseBytes-
#1693523	NEW    cov: 723 ft: 1259 corp: 264/163Kb lim: 14642 exec/s: 130271 rss: 496Mb L: 529/951 MS: 1 InsertRepeatedBytes-
#1694663	REDUCE cov: 723 ft: 1259 corp: 264/163Kb lim: 14642 exec/s: 130358 rss: 496Mb L: 511/951 MS: 5 PersAutoDict-ChangeASCIIInt-CMP-ChangeBinInt-EraseBytes- DE: "MD5"-"\000\000\000\000\000\000\000\001"-
#1694668	REDUCE cov: 723 ft: 1259 corp: 264/163Kb lim: 14642 exec/s: 130359 rss: 496Mb L: 497/951 MS: 5 ChangeBinInt-ManualDict-ManualDict-ManualDict-EraseBytes- DE: "<= parse new session ticket"-"server version"-"bad Certificate message"-
#1694735	REDUCE cov: 723 ft: 1259 corp: 264/163Kb lim: 14642 exec/s: 130364 rss: 496Mb L: 471/951 MS: 2 EraseBytes-InsertRepeatedBytes-
#1703867	REDUCE cov: 723 ft: 1259 corp: 264/163Kb lim: 14720 exec/s: 131066 rss: 496Mb L: 470/951 MS: 2 ShuffleBytes-EraseBytes-
#1710348	REDUCE cov: 723 ft: 1259 corp: 264/163Kb lim: 14772 exec/s: 131565 rss: 496Mb L: 469/951 MS: 1 EraseBytes-
#1716613	REDUCE cov: 723 ft: 1259 corp: 264/163Kb lim: 14824 exec/s: 122615 rss: 496Mb L: 936/951 MS: 5 EraseBytes-PersAutoDict-ManualDict-ShuffleBytes-InsertRepeatedBytes- DE: "=\000\000\000\000\000\000\000"-"AES-192-OFB"-
#1740479	REDUCE cov: 723 ft: 1259 corp: 264/163Kb lim: 15058 exec/s: 124319 rss: 496Mb L: 469/951 MS: 1 EraseBytes-
#1741400	REDUCE cov: 723 ft: 1261 corp: 265/164Kb lim: 15058 exec/s: 124385 rss: 497Mb L: 469/951 MS: 1 ChangeBit-
#1747551	REDUCE cov: 723 ft: 1261 corp: 265/164Kb lim: 15110 exec/s: 124825 rss: 497Mb L: 745/951 MS: 1 EraseBytes-
#1782753	REDUCE cov: 723 ft: 1261 corp: 265/164Kb lim: 15448 exec/s: 127339 rss: 497Mb L: 469/951 MS: 2 ChangeASCIIInt-EraseBytes-
#1788509	REDUCE cov: 723 ft: 1261 corp: 265/163Kb lim: 15500 exec/s: 127750 rss: 497Mb L: 470/951 MS: 1 EraseBytes-
#1813086	REDUCE cov: 723 ft: 1261 corp: 265/163Kb lim: 15734 exec/s: 129506 rss: 497Mb L: 470/951 MS: 2 InsertByte-EraseBytes-
#1816272	REDUCE cov: 723 ft: 1261 corp: 265/163Kb lim: 15760 exec/s: 129733 rss: 497Mb L: 692/951 MS: 1 EraseBytes-
#1886684	NEW    cov: 723 ft: 1262 corp: 266/164Kb lim: 16454 exec/s: 125778 rss: 498Mb L: 936/951 MS: 2 ChangeBinInt-ChangeBinInt-
#1887548	REDUCE cov: 723 ft: 1262 corp: 266/164Kb lim: 16454 exec/s: 125836 rss: 498Mb L: 469/951 MS: 4 ShuffleBytes-ChangeBinInt-CopyPart-EraseBytes-
#1896036	REDUCE cov: 723 ft: 1262 corp: 266/164Kb lim: 16538 exec/s: 126402 rss: 498Mb L: 936/951 MS: 3 InsertByte-ManualDict-EraseBytes- DE: "555555555555555555555555555555555555555555555555"-
#1903131	REDUCE cov: 723 ft: 1262 corp: 266/164Kb lim: 16608 exec/s: 126875 rss: 498Mb L: 936/951 MS: 5 ShuffleBytes-CopyPart-InsertRepeatedBytes-ChangeByte-EraseBytes-
#1908112	REDUCE cov: 723 ft: 1262 corp: 266/164Kb lim: 16650 exec/s: 127207 rss: 498Mb L: 57/951 MS: 1 EraseBytes-
#1915959	REDUCE cov: 723 ft: 1262 corp: 266/164Kb lim: 16720 exec/s: 127730 rss: 498Mb L: 941/951 MS: 2 ChangeByte-EraseBytes-
#1916466	REDUCE cov: 723 ft: 1262 corp: 266/164Kb lim: 16720 exec/s: 127764 rss: 498Mb L: 470/951 MS: 2 ChangeASCIIInt-EraseBytes-
#1960572	REDUCE cov: 723 ft: 1262 corp: 266/164Kb lim: 17154 exec/s: 130704 rss: 498Mb L: 869/951 MS: 1 EraseBytes-
#2005854	REDUCE cov: 723 ft: 1262 corp: 266/164Kb lim: 17602 exec/s: 125365 rss: 498Mb L: 944/951 MS: 2 ChangeBit-EraseBytes-
#2043151	REDUCE cov: 723 ft: 1262 corp: 266/164Kb lim: 17966 exec/s: 127696 rss: 498Mb L: 939/951 MS: 2 CMP-EraseBytes- DE: "\000\000\000\000\000\000\000\001"-
#2095575	REDUCE cov: 723 ft: 1262 corp: 266/164Kb lim: 18484 exec/s: 130973 rss: 498Mb L: 693/951 MS: 4 CrossOver-ChangeASCIIInt-ChangeBit-EraseBytes-
#2097152	pulse  cov: 723 ft: 1262 corp: 266/164Kb lim: 18498 exec/s: 131072 rss: 498Mb
#2110422	REDUCE cov: 723 ft: 1262 corp: 266/164Kb lim: 18624 exec/s: 131901 rss: 498Mb L: 472/951 MS: 2 EraseBytes-ManualDict- DE: "ECP - Invalid private or public key"-
#2119723	REDUCE cov: 723 ft: 1262 corp: 266/164Kb lim: 18708 exec/s: 132482 rss: 498Mb L: 30/951 MS: 1 EraseBytes-
#2143056	REDUCE cov: 723 ft: 1262 corp: 266/164Kb lim: 18932 exec/s: 126062 rss: 498Mb L: 473/951 MS: 3 CMP-InsertByte-EraseBytes- DE: "-----BEGIN CERTIFICATE-----"-
#2178552	REDUCE cov: 723 ft: 1262 corp: 266/164Kb lim: 19282 exec/s: 128150 rss: 498Mb L: 54/951 MS: 1 EraseBytes-
#2218103	REDUCE cov: 723 ft: 1262 corp: 266/164Kb lim: 19674 exec/s: 130476 rss: 498Mb L: 469/951 MS: 1 EraseBytes-
#2297255	REDUCE cov: 723 ft: 1262 corp: 266/164Kb lim: 20458 exec/s: 127625 rss: 498Mb L: 946/949 MS: 2 ChangeByte-EraseBytes-
#2330486	REDUCE cov: 723 ft: 1262 corp: 266/164Kb lim: 20780 exec/s: 129471 rss: 498Mb L: 469/949 MS: 1 EraseBytes-
#2340641	REDUCE cov: 723 ft: 1262 corp: 266/164Kb lim: 20878 exec/s: 130035 rss: 498Mb L: 936/949 MS: 5 InsertByte-ChangeASCIIInt-PersAutoDict-ChangeBinInt-EraseBytes- DE: "peer has no certificate"-
#2343887	REDUCE cov: 723 ft: 1262 corp: 266/164Kb lim: 20906 exec/s: 130215 rss: 498Mb L: 56/949 MS: 1 EraseBytes-
#2363302	NEW    cov: 723 ft: 1266 corp: 267/165Kb lim: 21088 exec/s: 131294 rss: 498Mb L: 952/952 MS: 5 CrossOver-ChangeBit-CMP-InsertRepeatedBytes-ShuffleBytes- DE: "\000\000\000\000\000\000\000\000"-
#2373913	REDUCE cov: 723 ft: 1266 corp: 267/165Kb lim: 21186 exec/s: 131884 rss: 498Mb L: 689/952 MS: 1 EraseBytes-
#2391780	NEW    cov: 724 ft: 1267 corp: 268/166Kb lim: 21354 exec/s: 132876 rss: 498Mb L: 936/952 MS: 2 PersAutoDict-ChangeBit- DE: "CIPHER - The selected feature is not available"-
#2411311	REDUCE cov: 724 ft: 1268 corp: 269/167Kb lim: 21536 exec/s: 126911 rss: 498Mb L: 690/952 MS: 1 InsertByte-
#2413762	REDUCE cov: 724 ft: 1268 corp: 269/167Kb lim: 21550 exec/s: 127040 rss: 498Mb L: 937/949 MS: 1 EraseBytes-
#2420843	REDUCE cov: 724 ft: 1268 corp: 269/167Kb lim: 21620 exec/s: 127412 rss: 498Mb L: 28/949 MS: 1 EraseBytes-
#2429544	REDUCE cov: 724 ft: 1268 corp: 269/167Kb lim: 21704 exec/s: 127870 rss: 498Mb L: 469/949 MS: 1 EraseBytes-
#2441527	REDUCE cov: 724 ft: 1268 corp: 269/167Kb lim: 21816 exec/s: 128501 rss: 498Mb L: 470/949 MS: 3 CopyPart-ChangeByte-EraseBytes-
#2458544	REDUCE cov: 724 ft: 1268 corp: 269/167Kb lim: 21984 exec/s: 129397 rss: 498Mb L: 469/949 MS: 2 CopyPart-EraseBytes-
#2476000	REDUCE cov: 724 ft: 1268 corp: 269/167Kb lim: 22152 exec/s: 130315 rss: 499Mb L: 469/949 MS: 1 EraseBytes-
#2481342	REDUCE cov: 724 ft: 1268 corp: 269/167Kb lim: 22194 exec/s: 130596 rss: 499Mb L: 471/949 MS: 2 ChangeByte-EraseBytes-
#2510528	REDUCE cov: 724 ft: 1268 corp: 269/167Kb lim: 22474 exec/s: 132133 rss: 499Mb L: 58/949 MS: 1 EraseBytes-
#2511097	REDUCE cov: 724 ft: 1270 corp: 270/167Kb lim: 22474 exec/s: 132163 rss: 499Mb L: 478/949 MS: 4 ChangeBit-InsertByte-CMP-ChangeByte- DE: "\011\000\000\000\000\000\000\000"-
#2514847	REDUCE cov: 724 ft: 1270 corp: 270/167Kb lim: 22502 exec/s: 132360 rss: 499Mb L: 470/949 MS: 5 ShuffleBytes-InsertByte-ChangeASCIIInt-EraseBytes-ManualDict- DE: "AES-128-ECB"-
#2530591	REDUCE cov: 724 ft: 1270 corp: 270/167Kb lim: 22656 exec/s: 133189 rss: 499Mb L: 943/949 MS: 4 ManualDict-ChangeBit-ShuffleBytes-EraseBytes- DE: "DES-CBC"-
#2558873	REDUCE cov: 724 ft: 1270 corp: 270/167Kb lim: 22936 exec/s: 127943 rss: 500Mb L: 940/949 MS: 2 ManualDict-EraseBytes- DE: "client hello extensions"-
#2559287	REDUCE cov: 724 ft: 1270 corp: 270/167Kb lim: 22936 exec/s: 127964 rss: 500Mb L: 937/949 MS: 4 InsertByte-EraseBytes-ChangeBinInt-CopyPart-
#2588671	REDUCE cov: 724 ft: 1270 corp: 270/167Kb lim: 23216 exec/s: 129433 rss: 500Mb L: 469/949 MS: 4 EraseBytes-ChangeBinInt-ChangeBinInt-PersAutoDict- DE: "\252\370\234\273"-
#2640797	REDUCE cov: 724 ft: 1270 corp: 270/167Kb lim: 23734 exec/s: 132039 rss: 500Mb L: 471/949 MS: 1 EraseBytes-
#2697668	REDUCE cov: 724 ft: 1270 corp: 270/167Kb lim: 24294 exec/s: 128460 rss: 500Mb L: 55/949 MS: 1 EraseBytes-
#2758502	REDUCE cov: 724 ft: 1270 corp: 270/167Kb lim: 24896 exec/s: 131357 rss: 500Mb L: 469/949 MS: 4 ManualDict-ManualDict-ManualDict-EraseBytes- DE: "  KWP: setup failed "-"mbedtls/timing.h"-"CAMELLIA-128-CCM*-NO-TAG"-
#2759769	REDUCE cov: 724 ft: 1270 corp: 270/167Kb lim: 24896 exec/s: 131417 rss: 500Mb L: 939/949 MS: 2 CopyPart-EraseBytes-
#2777490	REDUCE cov: 724 ft: 1270 corp: 270/167Kb lim: 25064 exec/s: 132261 rss: 500Mb L: 936/949 MS: 1 EraseBytes-
#2780372	REDUCE cov: 724 ft: 1270 corp: 270/167Kb lim: 25092 exec/s: 132398 rss: 500Mb L: 936/949 MS: 2 CMP-EraseBytes- DE: "*\206H\206\367\015\001\001\012"-
#2813971	REDUCE cov: 724 ft: 1270 corp: 270/167Kb lim: 25414 exec/s: 133998 rss: 500Mb L: 469/949 MS: 4 ManualDict-ChangeBinInt-ChangeBit-EraseBytes- DE: "ws2_32.lib"-
#2874908	REDUCE cov: 724 ft: 1270 corp: 270/167Kb lim: 26016 exec/s: 130677 rss: 500Mb L: 469/949 MS: 2 ChangeByte-EraseBytes-
#2933484	REDUCE cov: 724 ft: 1270 corp: 270/167Kb lim: 26590 exec/s: 127542 rss: 500Mb L: 473/949 MS: 1 EraseBytes-
#2934211	REDUCE cov: 724 ft: 1270 corp: 270/167Kb lim: 26590 exec/s: 127574 rss: 500Mb L: 469/949 MS: 2 ManualDict-EraseBytes- DE: "ECP - Memory allocation failed"-
#2971258	REDUCE cov: 724 ft: 1270 corp: 270/167Kb lim: 26954 exec/s: 129185 rss: 500Mb L: 470/949 MS: 2 ChangeASCIIInt-EraseBytes-
#3016474	REDUCE cov: 724 ft: 1270 corp: 270/167Kb lim: 27402 exec/s: 131151 rss: 500Mb L: 469/949 MS: 1 EraseBytes-
#3065902	REDUCE cov: 724 ft: 1270 corp: 270/167Kb lim: 27892 exec/s: 127745 rss: 500Mb L: 936/949 MS: 3 ChangeASCIIInt-ChangeBinInt-EraseBytes-
#3113445	REDUCE cov: 724 ft: 1270 corp: 270/167Kb lim: 28354 exec/s: 129726 rss: 500Mb L: 469/949 MS: 3 ChangeASCIIInt-InsertByte-EraseBytes-
#3136901	REDUCE cov: 724 ft: 1270 corp: 270/167Kb lim: 28578 exec/s: 130704 rss: 500Mb L: 56/949 MS: 1 EraseBytes-
#3138207	REDUCE cov: 724 ft: 1270 corp: 270/167Kb lim: 28578 exec/s: 130758 rss: 500Mb L: 53/949 MS: 1 EraseBytes-
#3184250	REDUCE cov: 724 ft: 1270 corp: 270/167Kb lim: 29026 exec/s: 132677 rss: 500Mb L: 469/949 MS: 3 ChangeBit-ChangeASCIIInt-EraseBytes-
#3196896	REDUCE cov: 724 ft: 1270 corp: 270/167Kb lim: 29152 exec/s: 133204 rss: 500Mb L: 470/949 MS: 1 EraseBytes-
#3269939	REDUCE cov: 724 ft: 1270 corp: 270/167Kb lim: 29866 exec/s: 130797 rss: 501Mb L: 469/949 MS: 3 ChangeByte-EraseBytes-InsertByte-
#3291541	REDUCE cov: 724 ft: 1270 corp: 270/167Kb lim: 30076 exec/s: 131661 rss: 501Mb L: 469/949 MS: 2 ShuffleBytes-EraseBytes-
#3331777	REDUCE cov: 724 ft: 1270 corp: 270/167Kb lim: 30468 exec/s: 133271 rss: 501Mb L: 937/946 MS: 1 EraseBytes-
#3341993	REDUCE cov: 724 ft: 1271 corp: 271/168Kb lim: 30566 exec/s: 128538 rss: 501Mb L: 487/946 MS: 1 InsertRepeatedBytes-
#3344175	REDUCE cov: 724 ft: 1271 corp: 271/168Kb lim: 30580 exec/s: 128622 rss: 501Mb L: 945/945 MS: 2 InsertRepeatedBytes-EraseBytes-
#3352574	REDUCE cov: 724 ft: 1271 corp: 271/168Kb lim: 30650 exec/s: 128945 rss: 501Mb L: 469/945 MS: 4 EraseBytes-ShuffleBytes-ChangeASCIIInt-InsertByte-
#3358591	REDUCE cov: 724 ft: 1271 corp: 271/168Kb lim: 30706 exec/s: 129176 rss: 501Mb L: 469/945 MS: 2 ChangeBinInt-EraseBytes-
#3395079	REDUCE cov: 724 ft: 1271 corp: 271/168Kb lim: 31056 exec/s: 130579 rss: 501Mb L: 471/945 MS: 3 ChangeBinInt-PersAutoDict-EraseBytes- DE: "0xE0"-
#3404276	REDUCE cov: 724 ft: 1271 corp: 271/168Kb lim: 31140 exec/s: 130933 rss: 501Mb L: 469/945 MS: 2 PersAutoDict-EraseBytes- DE: "=\000\000\000\000\000\000\000"-
#3407162	REDUCE cov: 724 ft: 1271 corp: 271/168Kb lim: 31168 exec/s: 131044 rss: 501Mb L: 469/945 MS: 1 EraseBytes-
#3408783	REDUCE cov: 724 ft: 1271 corp: 271/168Kb lim: 31182 exec/s: 131107 rss: 501Mb L: 938/945 MS: 1 EraseBytes-
#3448295	REDUCE cov: 724 ft: 1271 corp: 271/168Kb lim: 31574 exec/s: 132626 rss: 501Mb L: 471/945 MS: 2 InsertByte-EraseBytes-
#3453716	REDUCE cov: 724 ft: 1271 corp: 271/168Kb lim: 31616 exec/s: 132835 rss: 501Mb L: 469/945 MS: 1 EraseBytes-
#3467042	REDUCE cov: 724 ft: 1271 corp: 271/168Kb lim: 31742 exec/s: 128408 rss: 501Mb L: 943/943 MS: 1 EraseBytes-
#3541478	REDUCE cov: 724 ft: 1271 corp: 271/168Kb lim: 32470 exec/s: 131165 rss: 501Mb L: 470/943 MS: 1 EraseBytes-
#3549820	REDUCE cov: 724 ft: 1271 corp: 271/168Kb lim: 32540 exec/s: 131474 rss: 501Mb L: 936/943 MS: 2 EraseBytes-ManualDict- DE: "<= write certificate verify"-
#3566517	REDUCE cov: 724 ft: 1271 corp: 271/168Kb lim: 32694 exec/s: 132093 rss: 501Mb L: 472/943 MS: 2 ChangeByte-EraseBytes-
#3580698	REDUCE cov: 724 ft: 1271 corp: 271/168Kb lim: 32823 exec/s: 132618 rss: 501Mb L: 682/943 MS: 1 EraseBytes-
#3683758	REDUCE cov: 724 ft: 1271 corp: 271/168Kb lim: 33843 exec/s: 131562 rss: 501Mb L: 451/943 MS: 5 ShuffleBytes-ChangeByte-ChangeBit-EraseBytes-ChangeByte-
#3742459	REDUCE cov: 724 ft: 1276 corp: 272/169Kb lim: 34428 exec/s: 129050 rss: 501Mb L: 943/943 MS: 1 CrossOver-
#3753145	REDUCE cov: 724 ft: 1276 corp: 272/169Kb lim: 34533 exec/s: 129418 rss: 501Mb L: 681/943 MS: 1 EraseBytes-
#3786443	REDUCE cov: 724 ft: 1276 corp: 272/169Kb lim: 34863 exec/s: 130567 rss: 501Mb L: 469/943 MS: 3 ShuffleBytes-ChangeBinInt-EraseBytes-
#3790365	REDUCE cov: 724 ft: 1276 corp: 272/169Kb lim: 34893 exec/s: 130702 rss: 501Mb L: 469/943 MS: 2 ManualDict-EraseBytes- DE: "message  mac"-
#3798456	REDUCE cov: 724 ft: 1278 corp: 273/170Kb lim: 34968 exec/s: 130981 rss: 501Mb L: 1121/1121 MS: 1 CrossOver-
#3800252	REDUCE cov: 724 ft: 1278 corp: 273/169Kb lim: 34983 exec/s: 131043 rss: 501Mb L: 999/999 MS: 1 EraseBytes-
#3801563	REDUCE cov: 724 ft: 1278 corp: 273/169Kb lim: 34983 exec/s: 131088 rss: 501Mb L: 450/999 MS: 1 EraseBytes-
#3815335	NEW    cov: 724 ft: 1279 corp: 274/170Kb lim: 35118 exec/s: 131563 rss: 501Mb L: 943/999 MS: 2 ChangeBinInt-CopyPart-
#3817505	REDUCE cov: 724 ft: 1279 corp: 274/170Kb lim: 35133 exec/s: 131638 rss: 501Mb L: 832/943 MS: 5 ManualDict-InsertByte-InsertByte-ManualDict-EraseBytes- DE: "0x20"-"rev16 %0, %1"-
#3817792	REDUCE cov: 724 ft: 1279 corp: 274/170Kb lim: 35133 exec/s: 131648 rss: 501Mb L: 790/943 MS: 2 PersAutoDict-EraseBytes- DE: "\032\000"-
#3825334	REDUCE cov: 724 ft: 1279 corp: 274/170Kb lim: 35208 exec/s: 131908 rss: 501Mb L: 748/943 MS: 2 ChangeBit-EraseBytes-
#3830023	REDUCE cov: 724 ft: 1279 corp: 274/170Kb lim: 35253 exec/s: 132069 rss: 501Mb L: 936/943 MS: 4 InsertByte-ShuffleBytes-InsertRepeatedBytes-EraseBytes-
#3846534	REDUCE cov: 724 ft: 1279 corp: 274/170Kb lim: 35403 exec/s: 132639 rss: 502Mb L: 936/943 MS: 1 EraseBytes-
#3869140	REDUCE cov: 724 ft: 1279 corp: 274/170Kb lim: 35628 exec/s: 128971 rss: 502Mb L: 724/943 MS: 1 EraseBytes-
#3888966	REDUCE cov: 724 ft: 1279 corp: 274/170Kb lim: 35823 exec/s: 129632 rss: 503Mb L: 469/943 MS: 1 EraseBytes-
#3973677	REDUCE cov: 724 ft: 1279 corp: 274/170Kb lim: 36663 exec/s: 132455 rss: 505Mb L: 683/943 MS: 1 EraseBytes-
#3980815	REDUCE cov: 725 ft: 1280 corp: 275/171Kb lim: 36723 exec/s: 132693 rss: 505Mb L: 984/984 MS: 3 CopyPart-ChangeBit-CopyPart-
#3982692	REDUCE cov: 725 ft: 1280 corp: 275/171Kb lim: 36738 exec/s: 132756 rss: 505Mb L: 963/963 MS: 2 ChangeByte-EraseBytes-
#3991008	REDUCE cov: 725 ft: 1280 corp: 275/171Kb lim: 36813 exec/s: 128742 rss: 505Mb L: 958/958 MS: 1 EraseBytes-
#4007954	REDUCE cov: 725 ft: 1280 corp: 275/171Kb lim: 36978 exec/s: 129288 rss: 505Mb L: 682/958 MS: 1 EraseBytes-
#4032516	REDUCE cov: 725 ft: 1280 corp: 275/171Kb lim: 37218 exec/s: 130081 rss: 505Mb L: 937/943 MS: 2 ChangeByte-EraseBytes-
#4046261	REDUCE cov: 725 ft: 1280 corp: 275/171Kb lim: 37353 exec/s: 130524 rss: 505Mb L: 406/943 MS: 5 ChangeASCIIInt-ChangeASCIIInt-ChangeByte-ChangeByte-EraseBytes-
#4080819	REDUCE cov: 725 ft: 1280 corp: 275/171Kb lim: 37683 exec/s: 131639 rss: 505Mb L: 470/943 MS: 3 CMP-EraseBytes-InsertRepeatedBytes- DE: "\250!\347\206"-
#4081886	REDUCE cov: 725 ft: 1280 corp: 275/171Kb lim: 37683 exec/s: 131673 rss: 505Mb L: 470/943 MS: 2 EraseBytes-ManualDict- DE: "AES-192-CCM*-NO-TAG"-
#4089058	REDUCE cov: 725 ft: 1280 corp: 275/171Kb lim: 37743 exec/s: 131905 rss: 505Mb L: 923/943 MS: 2 ChangeByte-EraseBytes-
#4092151	REDUCE cov: 725 ft: 1280 corp: 275/171Kb lim: 37773 exec/s: 132004 rss: 505Mb L: 402/943 MS: 3 CMP-CMP-EraseBytes- DE: "]\001\000\000\000\000\000\000"-"-----END CERTIFICATE-----"-
#4098541	REDUCE cov: 725 ft: 1280 corp: 275/171Kb lim: 37833 exec/s: 132211 rss: 505Mb L: 396/943 MS: 5 CMP-ChangeASCIIInt-EraseBytes-ChangeByte-ManualDict- DE: "\206\002\000\000\000\000\000\000"-"NewSessionTicket: disabled,"-
#4101823	REDUCE cov: 725 ft: 1280 corp: 275/171Kb lim: 37863 exec/s: 132316 rss: 505Mb L: 838/943 MS: 2 EraseBytes-InsertRepeatedBytes-
#4142534	REDUCE cov: 725 ft: 1280 corp: 275/171Kb lim: 38268 exec/s: 129454 rss: 505Mb L: 55/943 MS: 1 EraseBytes-
#4182905	REDUCE cov: 725 ft: 1280 corp: 275/171Kb lim: 38658 exec/s: 130715 rss: 505Mb L: 472/943 MS: 1 EraseBytes-
#4189191	REDUCE cov: 725 ft: 1285 corp: 276/172Kb lim: 38718 exec/s: 130912 rss: 505Mb L: 936/943 MS: 1 ChangeBit-
#4194304	pulse  cov: 725 ft: 1285 corp: 276/172Kb lim: 38763 exec/s: 131072 rss: 505Mb
#4223789	NEW    cov: 725 ft: 1286 corp: 277/173Kb lim: 39048 exec/s: 131993 rss: 505Mb L: 936/943 MS: 3 CopyPart-ManualDict-CopyPart- DE: "JEhuVodiWr2/F9mixBcaAZTtjx4Rs9cJDLbpEG8i7hPK"-
#4233815	REDUCE cov: 725 ft: 1286 corp: 277/173Kb lim: 39138 exec/s: 132306 rss: 505Mb L: 690/943 MS: 1 EraseBytes-
#4235096	NEW    cov: 726 ft: 1289 corp: 278/174Kb lim: 39138 exec/s: 132346 rss: 505Mb L: 1093/1093 MS: 1 CopyPart-
#4240178	REDUCE cov: 726 ft: 1289 corp: 278/174Kb lim: 39183 exec/s: 132505 rss: 505Mb L: 1069/1069 MS: 2 InsertByte-EraseBytes-
#4241237	REDUCE cov: 726 ft: 1289 corp: 278/174Kb lim: 39183 exec/s: 132538 rss: 505Mb L: 1045/1045 MS: 4 ShuffleBytes-InsertRepeatedBytes-PersAutoDict-EraseBytes- DE: "buffer too small"-
#4241370	REDUCE cov: 726 ft: 1289 corp: 278/174Kb lim: 39183 exec/s: 132542 rss: 505Mb L: 962/962 MS: 3 ManualDict-ManualDict-EraseBytes- DE: "<= skip write certificate verify"-"<= write new session ticket"-
#4245263	REDUCE cov: 726 ft: 1289 corp: 278/174Kb lim: 39213 exec/s: 128644 rss: 505Mb L: 939/943 MS: 3 CrossOver-EraseBytes-CMP- DE: "\221y/\356"-
#4278870	REDUCE cov: 726 ft: 1289 corp: 278/174Kb lim: 39543 exec/s: 129662 rss: 505Mb L: 867/943 MS: 2 InsertByte-EraseBytes-
#4338888	REDUCE cov: 726 ft: 1289 corp: 278/174Kb lim: 40128 exec/s: 131481 rss: 506Mb L: 390/943 MS: 3 ShuffleBytes-ChangeByte-EraseBytes-
#4377627	REDUCE cov: 726 ft: 1289 corp: 278/174Kb lim: 40503 exec/s: 128753 rss: 507Mb L: 937/943 MS: 4 PersAutoDict-EraseBytes-CopyPart-CMP- DE: "*\206H\206\367\015\001\001\005"-"\377\377\377\031"-
#4407851	REDUCE cov: 726 ft: 1289 corp: 278/174Kb lim: 40803 exec/s: 129642 rss: 507Mb L: 937/943 MS: 4 ChangeASCIIInt-EraseBytes-ChangeASCIIInt-InsertRepeatedBytes-
#4427148	REDUCE cov: 727 ft: 1290 corp: 279/174Kb lim: 40983 exec/s: 130210 rss: 507Mb L: 681/943 MS: 2 ManualDict-ChangeBinInt- DE: "found record_size_limit extension"-
#4463049	REDUCE cov: 727 ft: 1290 corp: 279/174Kb lim: 41328 exec/s: 131266 rss: 507Mb L: 867/943 MS: 1 EraseBytes-
#4505690	REDUCE cov: 727 ft: 1290 corp: 279/174Kb lim: 41748 exec/s: 128734 rss: 508Mb L: 469/943 MS: 1 EraseBytes-
#4592973	REDUCE cov: 727 ft: 1290 corp: 279/174Kb lim: 42603 exec/s: 131227 rss: 509Mb L: 469/943 MS: 3 ChangeBinInt-PersAutoDict-EraseBytes- DE: " (already %"-
#4686615	REDUCE cov: 727 ft: 1290 corp: 279/174Kb lim: 43533 exec/s: 130183 rss: 510Mb L: 936/943 MS: 2 InsertRepeatedBytes-EraseBytes-
#4689591	REDUCE cov: 727 ft: 1290 corp: 279/174Kb lim: 43548 exec/s: 130266 rss: 510Mb L: 939/943 MS: 1 EraseBytes-
#4869968	REDUCE cov: 727 ft: 1290 corp: 279/174Kb lim: 45333 exec/s: 131620 rss: 510Mb L: 936/943 MS: 2 ChangeASCIIInt-EraseBytes-
#4892626	REDUCE cov: 727 ft: 1290 corp: 279/174Kb lim: 45558 exec/s: 132233 rss: 511Mb L: 387/943 MS: 3 EraseBytes-PersAutoDict-CrossOver- DE: "ECP - Memory allocation failed"-
#4898657	REDUCE cov: 727 ft: 1290 corp: 279/174Kb lim: 45618 exec/s: 128912 rss: 511Mb L: 51/943 MS: 1 EraseBytes-
#4939678	REDUCE cov: 727 ft: 1290 corp: 279/174Kb lim: 46023 exec/s: 129991 rss: 511Mb L: 937/943 MS: 1 EraseBytes-
#4980334	REDUCE cov: 727 ft: 1290 corp: 279/174Kb lim: 46428 exec/s: 131061 rss: 511Mb L: 469/943 MS: 1 EraseBytes-
#4984861	REDUCE cov: 727 ft: 1290 corp: 279/174Kb lim: 46473 exec/s: 131180 rss: 511Mb L: 470/943 MS: 2 InsertByte-EraseBytes-
#5008482	NEW    cov: 728 ft: 1291 corp: 280/175Kb lim: 46698 exec/s: 131802 rss: 511Mb L: 961/961 MS: 1 CMP- DE: "-----END CERTIFICATE-----"-
#5019775	REDUCE cov: 728 ft: 1291 corp: 280/175Kb lim: 46803 exec/s: 132099 rss: 511Mb L: 951/951 MS: 3 EraseBytes-InsertByte-PersAutoDict- DE: "<= handshake wrapup"-
#5021952	REDUCE cov: 728 ft: 1291 corp: 280/175Kb lim: 46818 exec/s: 132156 rss: 511Mb L: 946/946 MS: 2 ManualDict-EraseBytes- DE: "mbedtls/cipher.h"-
#5036545	REDUCE cov: 728 ft: 1291 corp: 280/175Kb lim: 46953 exec/s: 129142 rss: 511Mb L: 936/943 MS: 3 EraseBytes-ManualDict-InsertRepeatedBytes- DE: "  DHM parameter load: "-
#5101696	REDUCE cov: 728 ft: 1291 corp: 280/175Kb lim: 47598 exec/s: 130812 rss: 511Mb L: 469/943 MS: 1 EraseBytes-
#5232717	REDUCE cov: 728 ft: 1291 corp: 280/175Kb lim: 48903 exec/s: 130817 rss: 511Mb L: 469/943 MS: 1 EraseBytes-
#5249774	REDUCE cov: 728 ft: 1291 corp: 280/175Kb lim: 49068 exec/s: 131244 rss: 511Mb L: 469/943 MS: 2 ShuffleBytes-EraseBytes-
#5277225	REDUCE cov: 728 ft: 1291 corp: 280/175Kb lim: 49338 exec/s: 131930 rss: 511Mb L: 469/943 MS: 1 EraseBytes-
#5306235	REDUCE cov: 728 ft: 1291 corp: 280/175Kb lim: 49623 exec/s: 129420 rss: 511Mb L: 386/943 MS: 5 CMP-ChangeBit-EraseBytes-InsertRepeatedBytes-InsertRepeatedBytes- DE: "-----BEGIN CERTIFICATE-----"-
#5334729	REDUCE cov: 728 ft: 1291 corp: 280/175Kb lim: 49893 exec/s: 130115 rss: 511Mb L: 865/943 MS: 4 CopyPart-ChangeBit-ShuffleBytes-EraseBytes-
#5348708	REDUCE cov: 728 ft: 1291 corp: 280/175Kb lim: 50028 exec/s: 130456 rss: 511Mb L: 812/943 MS: 4 ChangeASCIIInt-PersAutoDict-EraseBytes-ManualDict- DE: "\377\377\377\377"-"ARIA-192-ECB"-
#5391685	REDUCE cov: 728 ft: 1291 corp: 280/175Kb lim: 50448 exec/s: 131504 rss: 511Mb L: 471/943 MS: 2 ChangeBinInt-EraseBytes-
#5409576	REDUCE cov: 728 ft: 1291 corp: 280/175Kb lim: 50613 exec/s: 131940 rss: 511Mb L: 867/943 MS: 1 EraseBytes-
#5412592	REDUCE cov: 728 ft: 1291 corp: 280/175Kb lim: 50643 exec/s: 132014 rss: 511Mb L: 470/943 MS: 1 EraseBytes-
#5439033	REDUCE cov: 728 ft: 1291 corp: 280/175Kb lim: 50898 exec/s: 129500 rss: 512Mb L: 469/943 MS: 1 EraseBytes-
#5461482	REDUCE cov: 728 ft: 1291 corp: 280/175Kb lim: 51108 exec/s: 130035 rss: 512Mb L: 936/943 MS: 4 ChangeByte-ManualDict-EraseBytes-CopyPart- DE: " > %"-
#5579746	REDUCE cov: 728 ft: 1291 corp: 280/175Kb lim: 52278 exec/s: 129761 rss: 512Mb L: 469/943 MS: 4 ChangeByte-ShuffleBytes-CopyPart-EraseBytes-
#5745197	NEW    cov: 728 ft: 1292 corp: 281/176Kb lim: 53913 exec/s: 130572 rss: 512Mb L: 1371/1371 MS: 1 CrossOver-
#5748343	REDUCE cov: 728 ft: 1292 corp: 281/176Kb lim: 53943 exec/s: 130644 rss: 512Mb L: 908/943 MS: 1 EraseBytes-
#5765904	REDUCE cov: 728 ft: 1292 corp: 281/176Kb lim: 54108 exec/s: 131043 rss: 512Mb L: 862/943 MS: 1 EraseBytes-
#5781195	REDUCE cov: 728 ft: 1292 corp: 281/176Kb lim: 54258 exec/s: 131390 rss: 512Mb L: 789/943 MS: 1 EraseBytes-
#5863684	REDUCE cov: 728 ft: 1292 corp: 281/176Kb lim: 55068 exec/s: 130304 rss: 512Mb L: 735/943 MS: 4 ShuffleBytes-ChangeBit-ChangeBit-EraseBytes-
#5954156	REDUCE cov: 728 ft: 1292 corp: 281/176Kb lim: 55968 exec/s: 129438 rss: 514Mb L: 867/943 MS: 2 ManualDict-EraseBytes- DE: "legacy renegotiation, breaking off handshake"-
#5967777	REDUCE cov: 728 ft: 1292 corp: 281/176Kb lim: 56103 exec/s: 129734 rss: 514Mb L: 723/943 MS: 1 EraseBytes-
#5992618	REDUCE cov: 728 ft: 1292 corp: 281/176Kb lim: 56343 exec/s: 130274 rss: 514Mb L: 703/943 MS: 1 EraseBytes-
#6039864	REDUCE cov: 728 ft: 1292 corp: 281/176Kb lim: 56808 exec/s: 131301 rss: 514Mb L: 700/943 MS: 1 EraseBytes-
#6333506	REDUCE cov: 728 ft: 1292 corp: 281/176Kb lim: 59733 exec/s: 131948 rss: 515Mb L: 936/943 MS: 2 ChangeByte-EraseBytes-
#6355639	REDUCE cov: 728 ft: 1292 corp: 281/176Kb lim: 59943 exec/s: 132409 rss: 515Mb L: 687/943 MS: 3 ChangeByte-ManualDict-EraseBytes- DE: "ticket length: %"-
#6422938	REDUCE cov: 728 ft: 1292 corp: 281/176Kb lim: 60603 exec/s: 131080 rss: 515Mb L: 835/943 MS: 4 CopyPart-EraseBytes-ChangeASCIIInt-ChangeBit-
#6427780	REDUCE cov: 728 ft: 1292 corp: 281/176Kb lim: 60648 exec/s: 131179 rss: 515Mb L: 470/943 MS: 2 EraseBytes-ManualDict- DE: "=> parse new session ticket"-
#6460490	REDUCE cov: 728 ft: 1292 corp: 281/176Kb lim: 60963 exec/s: 131846 rss: 515Mb L: 936/943 MS: 5 ChangeBinInt-ChangeBinInt-ChangeASCIIInt-EraseBytes-PersAutoDict- DE: "<= write change cipher spec"-
#6477720	REDUCE cov: 728 ft: 1292 corp: 281/176Kb lim: 61128 exec/s: 132198 rss: 515Mb L: 730/943 MS: 5 ChangeBinInt-CMP-ChangeBinInt-ChangeBit-EraseBytes- DE: "\000\000\000\000\000\000\000\001"-
#6518890	REDUCE cov: 728 ft: 1292 corp: 281/176Kb lim: 61533 exec/s: 130377 rss: 515Mb L: 835/943 MS: 5 ManualDict-ChangeASCIIInt-PersAutoDict-InsertByte-EraseBytes- DE: "ECDH: Q"-"non-zero length renegotiation info"-
#6521007	NEW    cov: 728 ft: 1293 corp: 282/176Kb lim: 61548 exec/s: 130420 rss: 515Mb L: 952/952 MS: 2 ManualDict-CopyPart- DE: "CAMELLIA-128-ECB"-
#6529888	REDUCE cov: 728 ft: 1293 corp: 282/176Kb lim: 61623 exec/s: 130597 rss: 515Mb L: 946/946 MS: 1 EraseBytes-
#6566504	REDUCE cov: 728 ft: 1293 corp: 282/176Kb lim: 61983 exec/s: 131330 rss: 515Mb L: 50/946 MS: 1 EraseBytes-
#6574807	REDUCE cov: 728 ft: 1293 corp: 282/176Kb lim: 62058 exec/s: 131496 rss: 515Mb L: 718/946 MS: 3 ChangeBit-ChangeByte-EraseBytes-
#6602066	REDUCE cov: 728 ft: 1293 corp: 282/176Kb lim: 62328 exec/s: 132041 rss: 515Mb L: 714/946 MS: 4 ChangeBit-EraseBytes-InsertRepeatedBytes-InsertRepeatedBytes-
#6613512	REDUCE cov: 728 ft: 1293 corp: 282/176Kb lim: 62433 exec/s: 132270 rss: 515Mb L: 689/946 MS: 1 EraseBytes-
#6680978	REDUCE cov: 728 ft: 1293 corp: 282/176Kb lim: 63093 exec/s: 130999 rss: 515Mb L: 50/946 MS: 1 EraseBytes-
#6688976	REDUCE cov: 728 ft: 1293 corp: 282/176Kb lim: 63168 exec/s: 131156 rss: 515Mb L: 684/946 MS: 3 ChangeBinInt-ChangeBit-EraseBytes-
#6703274	REDUCE cov: 728 ft: 1293 corp: 282/176Kb lim: 63303 exec/s: 131436 rss: 515Mb L: 936/946 MS: 3 ChangeBit-EraseBytes-InsertRepeatedBytes-
#6779035	REDUCE cov: 728 ft: 1293 corp: 282/176Kb lim: 64053 exec/s: 130366 rss: 515Mb L: 49/946 MS: 1 EraseBytes-
#6786989	REDUCE cov: 728 ft: 1294 corp: 283/177Kb lim: 64128 exec/s: 130519 rss: 515Mb L: 938/946 MS: 4 ChangeBinInt-CMP-CrossOver-ChangeBinInt- DE: "\000\000\000\000\000\000\000\000"-
#6787131	REDUCE cov: 728 ft: 1294 corp: 283/177Kb lim: 64128 exec/s: 130521 rss: 515Mb L: 700/946 MS: 2 InsertByte-EraseBytes-
#6787572	REDUCE cov: 728 ft: 1294 corp: 283/177Kb lim: 64128 exec/s: 130530 rss: 515Mb L: 602/946 MS: 1 EraseBytes-
#6789990	REDUCE cov: 728 ft: 1294 corp: 283/177Kb lim: 64143 exec/s: 130576 rss: 515Mb L: 601/946 MS: 3 ChangeASCIIInt-ChangeByte-EraseBytes-
#6795941	REDUCE cov: 728 ft: 1294 corp: 283/177Kb lim: 64188 exec/s: 130691 rss: 515Mb L: 579/946 MS: 1 EraseBytes-
#6800633	REDUCE cov: 728 ft: 1294 corp: 283/177Kb lim: 64233 exec/s: 130781 rss: 515Mb L: 488/946 MS: 2 InsertRepeatedBytes-EraseBytes-
#6854919	REDUCE cov: 728 ft: 1294 corp: 283/177Kb lim: 64773 exec/s: 131825 rss: 515Mb L: 476/946 MS: 1 EraseBytes-
#6855192	REDUCE cov: 728 ft: 1294 corp: 283/177Kb lim: 64773 exec/s: 131830 rss: 515Mb L: 697/946 MS: 3 ChangeBinInt-PersAutoDict-EraseBytes- DE: "0x20"-
#6878355	REDUCE cov: 728 ft: 1294 corp: 283/177Kb lim: 64998 exec/s: 132276 rss: 515Mb L: 833/946 MS: 3 EraseBytes-CrossOver-InsertRepeatedBytes-
#6902167	REDUCE cov: 728 ft: 1294 corp: 283/177Kb lim: 65223 exec/s: 130229 rss: 515Mb L: 469/946 MS: 2 PersAutoDict-EraseBytes- DE: "0xE0"-
#6909818	REDUCE cov: 728 ft: 1294 corp: 283/177Kb lim: 65298 exec/s: 130373 rss: 515Mb L: 941/943 MS: 1 EraseBytes-
#6951376	REDUCE cov: 728 ft: 1294 corp: 283/177Kb lim: 65536 exec/s: 131158 rss: 515Mb L: 469/943 MS: 3 EraseBytes-CMP-CopyPart- DE: "\304^\343\016"-
#6977138	REDUCE cov: 728 ft: 1294 corp: 283/177Kb lim: 65536 exec/s: 131644 rss: 515Mb L: 683/943 MS: 2 ChangeASCIIInt-EraseBytes-
#7099255	NEW    cov: 728 ft: 1295 corp: 284/177Kb lim: 65536 exec/s: 131467 rss: 516Mb L: 681/943 MS: 2 ChangeByte-ChangeBit-
#7104082	REDUCE cov: 728 ft: 1295 corp: 284/177Kb lim: 65536 exec/s: 131557 rss: 516Mb L: 936/943 MS: 2 ChangeBinInt-EraseBytes-
#7150149	REDUCE cov: 728 ft: 1295 corp: 284/177Kb lim: 65536 exec/s: 130002 rss: 517Mb L: 470/943 MS: 2 CMP-EraseBytes- DE: "*\206H\316=\004\003\206"-
#7284670	REDUCE cov: 728 ft: 1295 corp: 284/177Kb lim: 65536 exec/s: 130083 rss: 519Mb L: 804/943 MS: 1 EraseBytes-
#7340846	REDUCE cov: 728 ft: 1296 corp: 285/178Kb lim: 65536 exec/s: 131086 rss: 519Mb L: 469/943 MS: 1 ShuffleBytes-
#7424837	NEW    cov: 730 ft: 1298 corp: 286/179Kb lim: 65536 exec/s: 130260 rss: 519Mb L: 867/943 MS: 1 CrossOver-
#7527063	REDUCE cov: 730 ft: 1298 corp: 286/179Kb lim: 65536 exec/s: 132053 rss: 519Mb L: 680/943 MS: 1 EraseBytes-
#7532624	REDUCE cov: 730 ft: 1298 corp: 286/179Kb lim: 65536 exec/s: 132151 rss: 519Mb L: 936/942 MS: 1 EraseBytes-
#7564046	REDUCE cov: 730 ft: 1298 corp: 286/179Kb lim: 65536 exec/s: 130414 rss: 519Mb L: 473/942 MS: 2 ChangeBit-EraseBytes-
#7679484	REDUCE cov: 730 ft: 1298 corp: 286/179Kb lim: 65536 exec/s: 130160 rss: 519Mb L: 936/942 MS: 3 CopyPart-CopyPart-EraseBytes-
#7746728	REDUCE cov: 730 ft: 1298 corp: 286/179Kb lim: 65536 exec/s: 131300 rss: 519Mb L: 472/942 MS: 4 ChangeASCIIInt-CMP-ShuffleBytes-EraseBytes- DE: "\203\2547H"-
#7754593	REDUCE cov: 730 ft: 1298 corp: 286/179Kb lim: 65536 exec/s: 131433 rss: 519Mb L: 455/942 MS: 5 PersAutoDict-EraseBytes-ChangeBit-ManualDict-ChangeBit- DE: "\221y/\356"-"SHA512"-
#7788807	REDUCE cov: 730 ft: 1298 corp: 286/179Kb lim: 65536 exec/s: 132013 rss: 519Mb L: 469/942 MS: 4 CMP-ShuffleBytes-InsertByte-EraseBytes- DE: "\001\000\000\000\000\000\000\013"-
#7832430	NEW    cov: 732 ft: 1300 corp: 287/180Kb lim: 65536 exec/s: 130540 rss: 519Mb L: 875/942 MS: 3 ChangeASCIIInt-ChangeBinInt-CMP- DE: "+\006\001\005\005\007\010\004"-
#7832950	REDUCE cov: 732 ft: 1300 corp: 287/180Kb lim: 65536 exec/s: 130549 rss: 519Mb L: 874/942 MS: 5 ChangeBinInt-ChangeBit-InsertByte-ChangeByte-EraseBytes-
#7894431	REDUCE cov: 732 ft: 1300 corp: 287/180Kb lim: 65536 exec/s: 131573 rss: 520Mb L: 54/942 MS: 1 EraseBytes-
#7950897	REDUCE cov: 732 ft: 1300 corp: 287/180Kb lim: 65536 exec/s: 130342 rss: 523Mb L: 869/942 MS: 1 EraseBytes-
#8084673	REDUCE cov: 732 ft: 1300 corp: 287/180Kb lim: 65536 exec/s: 130397 rss: 524Mb L: 937/942 MS: 1 EraseBytes-
#8096510	REDUCE cov: 732 ft: 1303 corp: 288/180Kb lim: 65536 exec/s: 130588 rss: 524Mb L: 489/942 MS: 2 PersAutoDict-PersAutoDict- DE: "mbedtls/ctr_drbg.h"-"\001\000"-
#8100425	REDUCE cov: 732 ft: 1303 corp: 288/180Kb lim: 65536 exec/s: 130652 rss: 524Mb L: 476/942 MS: 5 ChangeASCIIInt-ShuffleBytes-CopyPart-ChangeBit-EraseBytes-
#8142022	NEW    cov: 732 ft: 1304 corp: 289/181Kb lim: 65536 exec/s: 131322 rss: 524Mb L: 936/942 MS: 2 ChangeASCIIInt-ChangeBinInt-
#8151498	REDUCE cov: 732 ft: 1304 corp: 289/181Kb lim: 65536 exec/s: 131475 rss: 524Mb L: 470/942 MS: 1 EraseBytes-
#8160719	REDUCE cov: 732 ft: 1304 corp: 289/181Kb lim: 65536 exec/s: 131624 rss: 524Mb L: 868/942 MS: 1 EraseBytes-
#8362945	REDUCE cov: 732 ft: 1304 corp: 289/181Kb lim: 65536 exec/s: 130671 rss: 524Mb L: 472/942 MS: 1 EraseBytes-
#8388608	pulse  cov: 732 ft: 1304 corp: 289/181Kb lim: 65536 exec/s: 131072 rss: 524Mb
#8474462	REDUCE cov: 733 ft: 1305 corp: 290/182Kb lim: 65536 exec/s: 130376 rss: 524Mb L: 909/942 MS: 2 CMP-InsertRepeatedBytes- DE: "+\006\001\005\005\007\010\004"-
#8475199	REDUCE cov: 733 ft: 1305 corp: 290/182Kb lim: 65536 exec/s: 130387 rss: 524Mb L: 894/942 MS: 2 ChangeBinInt-EraseBytes-
#8544897	REDUCE cov: 733 ft: 1305 corp: 290/182Kb lim: 65536 exec/s: 131459 rss: 525Mb L: 873/942 MS: 3 ChangeBinInt-InsertRepeatedBytes-EraseBytes-
#8654058	REDUCE cov: 733 ft: 1305 corp: 290/182Kb lim: 65536 exec/s: 131122 rss: 525Mb L: 471/942 MS: 1 EraseBytes-
#8677800	REDUCE cov: 733 ft: 1305 corp: 290/182Kb lim: 65536 exec/s: 131481 rss: 525Mb L: 868/942 MS: 2 CopyPart-EraseBytes-
#8759051	REDUCE cov: 733 ft: 1305 corp: 290/182Kb lim: 65536 exec/s: 130732 rss: 525Mb L: 469/942 MS: 1 EraseBytes-
#8796912	REDUCE cov: 733 ft: 1305 corp: 290/182Kb lim: 65536 exec/s: 131297 rss: 526Mb L: 869/942 MS: 1 EraseBytes-
#8908544	REDUCE cov: 733 ft: 1305 corp: 290/182Kb lim: 65536 exec/s: 131008 rss: 526Mb L: 469/942 MS: 2 ChangeASCIIInt-EraseBytes-
#8953135	REDUCE cov: 733 ft: 1305 corp: 290/182Kb lim: 65536 exec/s: 131663 rss: 526Mb L: 680/942 MS: 1 EraseBytes-
#9045016	REDUCE cov: 733 ft: 1306 corp: 291/183Kb lim: 65536 exec/s: 131087 rss: 526Mb L: 936/942 MS: 1 CopyPart-
#9281170	REDUCE cov: 733 ft: 1306 corp: 291/183Kb lim: 65536 exec/s: 130720 rss: 526Mb L: 469/942 MS: 4 ChangeBinInt-ManualDict-InsertRepeatedBytes-EraseBytes- DE: "MD - Bad input parameters to function"-
#9281625	REDUCE cov: 733 ft: 1306 corp: 291/183Kb lim: 65536 exec/s: 130727 rss: 526Mb L: 469/942 MS: 5 InsertByte-CopyPart-InsertByte-EraseBytes-EraseBytes-
#9281644	REDUCE cov: 733 ft: 1306 corp: 291/183Kb lim: 65536 exec/s: 130727 rss: 526Mb L: 866/942 MS: 4 ChangeByte-ShuffleBytes-ChangeASCIIInt-EraseBytes-
#9296990	REDUCE cov: 733 ft: 1306 corp: 291/183Kb lim: 65536 exec/s: 130943 rss: 526Mb L: 826/942 MS: 1 EraseBytes-
#9378163	REDUCE cov: 733 ft: 1306 corp: 291/183Kb lim: 65536 exec/s: 132086 rss: 526Mb L: 469/942 MS: 3 InsertByte-CMP-EraseBytes- DE: "U\035 "-
#9383780	REDUCE cov: 733 ft: 1306 corp: 291/183Kb lim: 65536 exec/s: 132165 rss: 526Mb L: 825/942 MS: 2 InsertRepeatedBytes-EraseBytes-
#9399301	REDUCE cov: 735 ft: 1308 corp: 292/184Kb lim: 65536 exec/s: 130545 rss: 526Mb L: 936/942 MS: 1 ChangeByte-
#9534402	REDUCE cov: 735 ft: 1308 corp: 292/184Kb lim: 65536 exec/s: 130608 rss: 526Mb L: 453/942 MS: 1 EraseBytes-
#9581640	REDUCE cov: 735 ft: 1308 corp: 292/184Kb lim: 65536 exec/s: 131255 rss: 526Mb L: 868/942 MS: 3 ChangeBinInt-ChangeASCIIInt-EraseBytes-
#9834329	REDUCE cov: 735 ft: 1308 corp: 292/184Kb lim: 65536 exec/s: 131124 rss: 526Mb L: 860/942 MS: 4 ChangeASCIIInt-ChangeByte-ManualDict-EraseBytes- DE: "handshake hash"-
#9857288	NEW    cov: 735 ft: 1309 corp: 293/184Kb lim: 65536 exec/s: 131430 rss: 526Mb L: 936/942 MS: 4 ChangeBinInt-PersAutoDict-ChangeBit-CopyPart- DE: "\010\000\000\000\000\000\000\000"-
#10000784	REDUCE cov: 735 ft: 1309 corp: 293/184Kb lim: 65536 exec/s: 131589 rss: 526Mb L: 680/942 MS: 1 EraseBytes-
#10156710	REDUCE cov: 735 ft: 1309 corp: 293/184Kb lim: 65536 exec/s: 131905 rss: 526Mb L: 822/942 MS: 1 EraseBytes-
#10384789	REDUCE cov: 735 ft: 1309 corp: 293/184Kb lim: 65536 exec/s: 131453 rss: 526Mb L: 469/942 MS: 4 CrossOver-CopyPart-CrossOver-EraseBytes-
#10421545	REDUCE cov: 735 ft: 1309 corp: 293/184Kb lim: 65536 exec/s: 131918 rss: 526Mb L: 867/942 MS: 1 EraseBytes-
#10426660	REDUCE cov: 735 ft: 1309 corp: 293/184Kb lim: 65536 exec/s: 131983 rss: 526Mb L: 934/942 MS: 5 ChangeByte-PersAutoDict-CrossOver-ChangeBit-EraseBytes- DE: "*\206H\206\367\015\001\001\013"-
#10473391	REDUCE cov: 735 ft: 1309 corp: 293/184Kb lim: 65536 exec/s: 130917 rss: 526Mb L: 867/942 MS: 1 EraseBytes-
#10543907	REDUCE cov: 735 ft: 1309 corp: 293/184Kb lim: 65536 exec/s: 131798 rss: 526Mb L: 899/942 MS: 1 EraseBytes-
#10583373	REDUCE cov: 735 ft: 1309 corp: 293/184Kb lim: 65536 exec/s: 130658 rss: 526Mb L: 891/942 MS: 1 EraseBytes-
#10595644	REDUCE cov: 735 ft: 1309 corp: 293/184Kb lim: 65536 exec/s: 130810 rss: 526Mb L: 861/942 MS: 1 EraseBytes-
#10615822	REDUCE cov: 735 ft: 1309 corp: 293/184Kb lim: 65536 exec/s: 131059 rss: 526Mb L: 683/942 MS: 3 ChangeBit-PersAutoDict-EraseBytes- DE: "ws2_32.lib"-
#10666423	REDUCE cov: 735 ft: 1309 corp: 293/184Kb lim: 65536 exec/s: 131684 rss: 526Mb L: 469/942 MS: 1 EraseBytes-
#10684793	REDUCE cov: 735 ft: 1309 corp: 293/184Kb lim: 65536 exec/s: 131911 rss: 526Mb L: 857/942 MS: 5 CrossOver-CMP-PersAutoDict-EraseBytes-ChangeBit- DE: "\022\001\000\000\000\000\000\000"-"\250!\347\206"-
#10710009	REDUCE cov: 735 ft: 1309 corp: 293/184Kb lim: 65536 exec/s: 132222 rss: 526Mb L: 704/942 MS: 1 EraseBytes-
#10751684	REDUCE cov: 735 ft: 1309 corp: 293/184Kb lim: 65536 exec/s: 131118 rss: 526Mb L: 852/942 MS: 5 EraseBytes-ShuffleBytes-CopyPart-ShuffleBytes-EraseBytes-
#10802182	REDUCE cov: 735 ft: 1309 corp: 293/184Kb lim: 65536 exec/s: 131733 rss: 526Mb L: 853/942 MS: 3 CMP-ShuffleBytes-EraseBytes- DE: "*\206H\316=\004\003\004"-
#10812589	REDUCE cov: 735 ft: 1309 corp: 293/184Kb lim: 65536 exec/s: 131860 rss: 527Mb L: 835/942 MS: 2 CopyPart-EraseBytes-
#10818952	REDUCE cov: 735 ft: 1309 corp: 293/184Kb lim: 65536 exec/s: 131938 rss: 527Mb L: 850/942 MS: 3 EraseBytes-ManualDict-InsertRepeatedBytes- DE: "UNKNOWN_VALUE"-
#10841939	REDUCE cov: 735 ft: 1309 corp: 293/184Kb lim: 65536 exec/s: 132218 rss: 527Mb L: 684/942 MS: 2 ChangeBinInt-EraseBytes-
#10849850	REDUCE cov: 735 ft: 1309 corp: 293/184Kb lim: 65536 exec/s: 130721 rss: 527Mb L: 49/942 MS: 1 EraseBytes-
#10904107	REDUCE cov: 735 ft: 1309 corp: 293/184Kb lim: 65536 exec/s: 131374 rss: 528Mb L: 821/942 MS: 2 ChangeBinInt-EraseBytes-
#10960085	REDUCE cov: 735 ft: 1309 corp: 293/184Kb lim: 65536 exec/s: 132049 rss: 528Mb L: 469/942 MS: 3 EraseBytes-ShuffleBytes-PersAutoDict- DE: "\003\000\000\000"-
#11051200	REDUCE cov: 735 ft: 1309 corp: 293/184Kb lim: 65536 exec/s: 131561 rss: 528Mb L: 620/942 MS: 4 PersAutoDict-ChangeByte-EraseBytes-ChangeBit- DE: "RSA"-
#11075531	REDUCE cov: 735 ft: 1309 corp: 293/184Kb lim: 65536 exec/s: 131851 rss: 528Mb L: 831/942 MS: 1 EraseBytes-
#11088301	REDUCE cov: 735 ft: 1309 corp: 293/184Kb lim: 65536 exec/s: 132003 rss: 528Mb L: 936/942 MS: 5 EraseBytes-CrossOver-ShuffleBytes-InsertRepeatedBytes-PersAutoDict- DE: "mbedtls/sha1.h"-
#11096137	REDUCE cov: 735 ft: 1309 corp: 293/184Kb lim: 65536 exec/s: 132096 rss: 528Mb L: 824/942 MS: 1 EraseBytes-
#11246074	REDUCE cov: 735 ft: 1309 corp: 293/184Kb lim: 65536 exec/s: 130768 rss: 528Mb L: 48/942 MS: 1 EraseBytes-
#11327944	REDUCE cov: 735 ft: 1309 corp: 293/184Kb lim: 65536 exec/s: 131720 rss: 528Mb L: 618/942 MS: 4 ChangeBinInt-CrossOver-ShuffleBytes-EraseBytes-
#11399888	REDUCE cov: 735 ft: 1309 corp: 293/184Kb lim: 65536 exec/s: 131033 rss: 528Mb L: 681/942 MS: 4 ChangeASCIIInt-ManualDict-EraseBytes-CMP- DE: "ARIA-192-ECB"-"*\206H\316\301\002\001"-
#11453010	REDUCE cov: 735 ft: 1309 corp: 293/184Kb lim: 65536 exec/s: 131643 rss: 528Mb L: 469/942 MS: 2 ShuffleBytes-EraseBytes-
#11487642	REDUCE cov: 735 ft: 1309 corp: 293/184Kb lim: 65536 exec/s: 132041 rss: 528Mb L: 469/942 MS: 2 ChangeByte-EraseBytes-
	NEW_FUNC[1/3]: 0xaaaac3ecbba4 in mbedtls_base64_decode /b/mbedtls/library/base64.c:130
	NEW_FUNC[2/3]: 0xaaaac3ecc608 in mbedtls_ct_base64_dec_value /b/mbedtls/library/base64.c:42
#11561768	REDUCE cov: 751 ft: 1328 corp: 294/184Kb lim: 65536 exec/s: 131383 rss: 528Mb L: 55/942 MS: 1 InsertByte-
#11561869	NEW    cov: 761 ft: 1342 corp: 295/184Kb lim: 65536 exec/s: 131384 rss: 528Mb L: 55/942 MS: 1 ChangeBit-
#11562670	NEW    cov: 765 ft: 1350 corp: 296/184Kb lim: 65536 exec/s: 131393 rss: 528Mb L: 91/942 MS: 1 CopyPart-
#11562811	NEW    cov: 766 ft: 1351 corp: 297/184Kb lim: 65536 exec/s: 131395 rss: 528Mb L: 142/942 MS: 1 InsertRepeatedBytes-
#11564706	REDUCE cov: 766 ft: 1351 corp: 297/184Kb lim: 65536 exec/s: 131417 rss: 528Mb L: 88/942 MS: 5 ChangeByte-PersAutoDict-CMP-InsertByte-EraseBytes- DE: "0x40"-"\372=\345Q"-
#11566317	NEW    cov: 767 ft: 1370 corp: 298/184Kb lim: 65536 exec/s: 131435 rss: 528Mb L: 182/942 MS: 1 CrossOver-
#11566323	NEW    cov: 768 ft: 1373 corp: 299/184Kb lim: 65536 exec/s: 131435 rss: 528Mb L: 182/942 MS: 1 ChangeByte-
#11566341	NEW    cov: 769 ft: 1374 corp: 300/185Kb lim: 65536 exec/s: 131435 rss: 528Mb L: 130/942 MS: 3 InsertRepeatedBytes-PersAutoDict-CrossOver- DE: "\032\000"-
#11566617	NEW    cov: 769 ft: 1375 corp: 301/185Kb lim: 65536 exec/s: 131438 rss: 528Mb L: 130/942 MS: 1 ChangeBit-
#11566926	NEW    cov: 770 ft: 1378 corp: 302/185Kb lim: 65536 exec/s: 131442 rss: 528Mb L: 186/942 MS: 4 PersAutoDict-ChangeBit-CrossOver-ChangeBit- DE: "\221y/\356"-
#11567337	REDUCE cov: 770 ft: 1378 corp: 302/185Kb lim: 65536 exec/s: 131447 rss: 528Mb L: 178/942 MS: 1 EraseBytes-
#11567354	NEW    cov: 770 ft: 1393 corp: 303/185Kb lim: 65536 exec/s: 131447 rss: 528Mb L: 312/942 MS: 2 PersAutoDict-CopyPart- DE: "\001\000\000\000\000\000\000\000"-
#11567405	NEW    cov: 770 ft: 1396 corp: 304/185Kb lim: 65536 exec/s: 131447 rss: 528Mb L: 342/942 MS: 1 CopyPart-
#11567637	NEW    cov: 770 ft: 1399 corp: 305/186Kb lim: 65536 exec/s: 131450 rss: 528Mb L: 342/942 MS: 2 ChangeBinInt-CopyPart-
#11567698	REDUCE cov: 770 ft: 1399 corp: 305/186Kb lim: 65536 exec/s: 131451 rss: 528Mb L: 104/942 MS: 1 EraseBytes-
#11568293	NEW    cov: 771 ft: 1400 corp: 306/186Kb lim: 65536 exec/s: 131457 rss: 528Mb L: 328/942 MS: 5 CrossOver-CrossOver-PersAutoDict-ShuffleBytes-InsertByte- DE: "DHM - The ASN.1 data is not formatted correctly"-
#11568792	REDUCE cov: 771 ft: 1400 corp: 306/186Kb lim: 65536 exec/s: 131463 rss: 528Mb L: 94/942 MS: 4 InsertByte-ChangeBit-ChangeByte-EraseBytes-
#11568795	NEW    cov: 771 ft: 1410 corp: 307/187Kb lim: 65536 exec/s: 131463 rss: 528Mb L: 649/942 MS: 3 CMP-ManualDict-CopyPart- DE: "\000\000"-"CAMELLIA-256-CTR"-
#11568858	NEW    cov: 772 ft: 1411 corp: 308/187Kb lim: 65536 exec/s: 131464 rss: 528Mb L: 460/942 MS: 3 InsertRepeatedBytes-InsertByte-CrossOver-
#11568867	REDUCE cov: 772 ft: 1411 corp: 308/187Kb lim: 65536 exec/s: 131464 rss: 528Mb L: 324/942 MS: 4 InsertRepeatedBytes-InsertRepeatedBytes-ChangeBinInt-EraseBytes-
#11568927	REDUCE cov: 772 ft: 1411 corp: 308/187Kb lim: 65536 exec/s: 131465 rss: 528Mb L: 412/942 MS: 5 CrossOver-ChangeBinInt-PersAutoDict-PersAutoDict-EraseBytes- DE: "*\206H\206\367\015\001\001\005"-"AES-128-ECB"-
#11569048	REDUCE cov: 772 ft: 1411 corp: 308/187Kb lim: 65536 exec/s: 131466 rss: 528Mb L: 85/942 MS: 1 EraseBytes-
#11569050	REDUCE cov: 772 ft: 1411 corp: 308/187Kb lim: 65536 exec/s: 131466 rss: 528Mb L: 635/942 MS: 2 PersAutoDict-EraseBytes- DE: "0x20"-
#11569077	REDUCE cov: 772 ft: 1411 corp: 308/187Kb lim: 65536 exec/s: 131466 rss: 528Mb L: 555/942 MS: 2 ShuffleBytes-EraseBytes-
#11569083	REDUCE cov: 772 ft: 1411 corp: 308/187Kb lim: 65536 exec/s: 131466 rss: 528Mb L: 174/942 MS: 1 EraseBytes-
#11569294	REDUCE cov: 772 ft: 1415 corp: 309/187Kb lim: 65536 exec/s: 131469 rss: 528Mb L: 490/942 MS: 1 CrossOver-
#11569303	REDUCE cov: 772 ft: 1419 corp: 310/188Kb lim: 65536 exec/s: 131469 rss: 528Mb L: 514/942 MS: 4 CrossOver-CopyPart-EraseBytes-CrossOver-
#11569390	REDUCE cov: 772 ft: 1419 corp: 310/188Kb lim: 65536 exec/s: 131470 rss: 528Mb L: 168/942 MS: 2 CMP-EraseBytes- DE: "\321\377\377\377"-
#11569402	REDUCE cov: 772 ft: 1420 corp: 311/189Kb lim: 65536 exec/s: 131470 rss: 528Mb L: 555/942 MS: 2 CopyPart-CopyPart-
#11569438	REDUCE cov: 772 ft: 1420 corp: 311/188Kb lim: 65536 exec/s: 131470 rss: 528Mb L: 451/942 MS: 1 EraseBytes-
#11569490	REDUCE cov: 772 ft: 1420 corp: 311/188Kb lim: 65536 exec/s: 131471 rss: 528Mb L: 304/942 MS: 2 ChangeBinInt-EraseBytes-
#11569676	REDUCE cov: 772 ft: 1421 corp: 312/189Kb lim: 65536 exec/s: 131473 rss: 528Mb L: 540/942 MS: 1 CopyPart-
#11569750	NEW    cov: 772 ft: 1422 corp: 313/190Kb lim: 65536 exec/s: 131474 rss: 528Mb L: 1237/1237 MS: 4 CrossOver-ChangeByte-InsertByte-CrossOver-
#11569858	REDUCE cov: 772 ft: 1423 corp: 314/191Kb lim: 65536 exec/s: 131475 rss: 528Mb L: 559/1237 MS: 3 ChangeByte-CopyPart-ChangeBit-
#11570059	NEW    cov: 772 ft: 1445 corp: 315/191Kb lim: 65536 exec/s: 131477 rss: 528Mb L: 565/1237 MS: 1 CMP- DE: "-----END CERTIFICATE-----"-
#11570220	NEW    cov: 772 ft: 1446 corp: 316/192Kb lim: 65536 exec/s: 131479 rss: 528Mb L: 566/1237 MS: 1 InsertByte-
#11570248	NEW    cov: 772 ft: 1450 corp: 317/193Kb lim: 65536 exec/s: 131480 rss: 528Mb L: 1102/1237 MS: 3 ChangeByte-CrossOver-CrossOver-
#11570259	REDUCE cov: 772 ft: 1450 corp: 317/193Kb lim: 65536 exec/s: 131480 rss: 528Mb L: 938/1102 MS: 1 EraseBytes-
#11570278	NEW    cov: 772 ft: 1460 corp: 318/194Kb lim: 65536 exec/s: 131480 rss: 528Mb L: 1790/1790 MS: 4 ChangeBit-ChangeByte-InsertRepeatedBytes-CrossOver-
#11570449	REDUCE cov: 772 ft: 1460 corp: 318/194Kb lim: 65536 exec/s: 131482 rss: 528Mb L: 388/1790 MS: 1 EraseBytes-
#11570451	NEW    cov: 772 ft: 1495 corp: 319/196Kb lim: 65536 exec/s: 131482 rss: 528Mb L: 2120/2120 MS: 2 CrossOver-CopyPart-
#11570512	REDUCE cov: 772 ft: 1495 corp: 319/196Kb lim: 65536 exec/s: 131483 rss: 528Mb L: 481/2120 MS: 1 EraseBytes-
#11570663	REDUCE cov: 772 ft: 1495 corp: 319/196Kb lim: 65536 exec/s: 131484 rss: 528Mb L: 354/2120 MS: 1 EraseBytes-
#11570719	REDUCE cov: 772 ft: 1495 corp: 319/196Kb lim: 65536 exec/s: 131485 rss: 528Mb L: 162/2120 MS: 1 EraseBytes-
#11570764	REDUCE cov: 772 ft: 1495 corp: 319/196Kb lim: 65536 exec/s: 131485 rss: 528Mb L: 399/2120 MS: 5 InsertRepeatedBytes-ShuffleBytes-PersAutoDict-ChangeByte-EraseBytes- DE: "non-zero length renegotiation info"-
#11570885	NEW    cov: 772 ft: 1510 corp: 320/198Kb lim: 65536 exec/s: 131487 rss: 528Mb L: 2120/2120 MS: 1 CMP- DE: "\377\377\377\377\377\377\000["-
#11570976	NEW    cov: 774 ft: 1512 corp: 321/199Kb lim: 65536 exec/s: 131488 rss: 528Mb L: 577/2120 MS: 1 CMP- DE: "Proc-Type: 4,ENCRYPTED"-
#11570978	NEW    cov: 774 ft: 1513 corp: 322/199Kb lim: 65536 exec/s: 131488 rss: 528Mb L: 997/2120 MS: 2 CrossOver-CopyPart-
#11571019	REDUCE cov: 774 ft: 1513 corp: 322/199Kb lim: 65536 exec/s: 131488 rss: 528Mb L: 1593/2120 MS: 1 EraseBytes-
#11571055	REDUCE cov: 774 ft: 1513 corp: 322/199Kb lim: 65536 exec/s: 131489 rss: 528Mb L: 552/2120 MS: 1 EraseBytes-
#11571122	NEW    cov: 774 ft: 1514 corp: 323/201Kb lim: 65536 exec/s: 131490 rss: 528Mb L: 1790/2120 MS: 2 PersAutoDict-CopyPart- DE: "mbedtls/ecdsa.h"-
#11571174	NEW    cov: 774 ft: 1519 corp: 324/201Kb lim: 65536 exec/s: 131490 rss: 528Mb L: 265/2120 MS: 2 CopyPart-InsertRepeatedBytes-
#11571226	NEW    cov: 774 ft: 1520 corp: 325/204Kb lim: 65536 exec/s: 131491 rss: 528Mb L: 2753/2753 MS: 2 CrossOver-CopyPart-
#11571297	REDUCE cov: 774 ft: 1520 corp: 325/204Kb lim: 65536 exec/s: 131492 rss: 528Mb L: 296/2753 MS: 1 EraseBytes-
#11571375	NEW    cov: 774 ft: 1523 corp: 326/206Kb lim: 65536 exec/s: 131492 rss: 528Mb L: 2780/2780 MS: 3 ChangeASCIIInt-PersAutoDict-CrossOver- DE: "-----BEGIN CERTIFICATE-----"-
#11571411	REDUCE cov: 774 ft: 1523 corp: 326/206Kb lim: 65536 exec/s: 131493 rss: 528Mb L: 321/2780 MS: 1 EraseBytes-
#11571519	REDUCE cov: 774 ft: 1523 corp: 326/206Kb lim: 65536 exec/s: 131494 rss: 528Mb L: 474/2780 MS: 3 ShuffleBytes-ManualDict-EraseBytes- DE: "AES-256-KW"-
#11571577	REDUCE cov: 774 ft: 1523 corp: 326/206Kb lim: 65536 exec/s: 131495 rss: 528Mb L: 1014/2780 MS: 3 InsertRepeatedBytes-InsertByte-EraseBytes-
#11571664	NEW    cov: 775 ft: 1524 corp: 327/207Kb lim: 65536 exec/s: 131496 rss: 528Mb L: 1389/2780 MS: 2 InsertByte-CopyPart-
#11571682	REDUCE cov: 778 ft: 1527 corp: 328/207Kb lim: 65536 exec/s: 131496 rss: 528Mb L: 342/2780 MS: 3 ChangeByte-ChangeBit-PersAutoDict- DE: " would exceed the compile-time limit %"-
#11571694	REDUCE cov: 778 ft: 1527 corp: 328/207Kb lim: 65536 exec/s: 131496 rss: 528Mb L: 461/2780 MS: 2 ChangeByte-EraseBytes-
#11572010	NEW    cov: 778 ft: 1529 corp: 329/207Kb lim: 65536 exec/s: 131500 rss: 529Mb L: 148/2780 MS: 1 EraseBytes-
#11572032	NEW    cov: 778 ft: 1530 corp: 330/208Kb lim: 65536 exec/s: 131500 rss: 529Mb L: 566/2780 MS: 2 ChangeBit-CopyPart-
#11572124	NEW    cov: 778 ft: 1531 corp: 331/210Kb lim: 65536 exec/s: 131501 rss: 529Mb L: 1800/2780 MS: 2 InsertByte-CopyPart-
#11572125	REDUCE cov: 778 ft: 1531 corp: 331/210Kb lim: 65536 exec/s: 131501 rss: 529Mb L: 1770/2780 MS: 1 EraseBytes-
#11572126	REDUCE cov: 778 ft: 1531 corp: 331/210Kb lim: 65536 exec/s: 131501 rss: 529Mb L: 260/2780 MS: 1 EraseBytes-
#11572163	REDUCE cov: 778 ft: 1531 corp: 331/210Kb lim: 65536 exec/s: 131501 rss: 529Mb L: 246/2780 MS: 2 ChangeByte-EraseBytes-
#11572319	REDUCE cov: 778 ft: 1532 corp: 332/212Kb lim: 65536 exec/s: 131503 rss: 529Mb L: 2412/2780 MS: 1 CopyPart-
#11572397	NEW    cov: 778 ft: 1533 corp: 333/213Kb lim: 65536 exec/s: 131504 rss: 529Mb L: 1389/2780 MS: 3 ShuffleBytes-ChangeByte-CopyPart-
#11572606	REDUCE cov: 778 ft: 1533 corp: 333/213Kb lim: 65536 exec/s: 131506 rss: 529Mb L: 256/2780 MS: 4 ShuffleBytes-CMP-InsertRepeatedBytes-EraseBytes- DE: "*\206H\206\367\015\001\001\001"-
#11572699	NEW    cov: 778 ft: 1544 corp: 334/217Kb lim: 65536 exec/s: 131507 rss: 529Mb L: 3484/3484 MS: 3 ManualDict-ChangeASCIIInt-CopyPart- DE: "14"-
#11572702	REDUCE cov: 778 ft: 1544 corp: 334/216Kb lim: 65536 exec/s: 131507 rss: 529Mb L: 2107/3484 MS: 3 ChangeBit-EraseBytes-CrossOver-
#11572748	NEW    cov: 778 ft: 1545 corp: 335/220Kb lim: 65536 exec/s: 131508 rss: 529Mb L: 3815/3815 MS: 1 CrossOver-
#11572751	NEW    cov: 778 ft: 1558 corp: 336/227Kb lim: 65536 exec/s: 131508 rss: 529Mb L: 6618/6618 MS: 3 CopyPart-ManualDict-CrossOver- DE: "client hello extensions"-
#11572900	REDUCE cov: 778 ft: 1558 corp: 336/226Kb lim: 65536 exec/s: 131510 rss: 529Mb L: 1240/6618 MS: 4 CopyPart-InsertByte-CopyPart-EraseBytes-
#11572946	REDUCE cov: 778 ft: 1558 corp: 336/226Kb lim: 65536 exec/s: 131510 rss: 529Mb L: 1385/6618 MS: 1 EraseBytes-
#11573132	NEW    cov: 778 ft: 1560 corp: 337/233Kb lim: 65536 exec/s: 131512 rss: 529Mb L: 6713/6713 MS: 1 InsertRepeatedBytes-
#11573254	REDUCE cov: 778 ft: 1564 corp: 338/240Kb lim: 65536 exec/s: 131514 rss: 529Mb L: 7090/7090 MS: 2 CopyPart-CrossOver-
#11573315	NEW    cov: 778 ft: 1565 corp: 339/247Kb lim: 65536 exec/s: 131514 rss: 529Mb L: 7265/7265 MS: 1 CrossOver-
#11573618	NEW    cov: 778 ft: 1568 corp: 340/259Kb lim: 65536 exec/s: 131518 rss: 529Mb L: 12463/12463 MS: 3 CrossOver-CrossOver-CopyPart-
#11573680	NEW    cov: 778 ft: 1595 corp: 341/263Kb lim: 65536 exec/s: 131519 rss: 529Mb L: 4110/12463 MS: 2 ChangeByte-CopyPart-
#11573747	NEW    cov: 778 ft: 1597 corp: 342/279Kb lim: 65536 exec/s: 131519 rss: 529Mb L: 15976/15976 MS: 2 ManualDict-CopyPart- DE: "AES-192-CFB128"-
#11573868	REDUCE cov: 781 ft: 1603 corp: 343/279Kb lim: 65536 exec/s: 131521 rss: 529Mb L: 246/15976 MS: 1 CopyPart-
#11573884	NEW    cov: 781 ft: 1606 corp: 344/291Kb lim: 65536 exec/s: 131521 rss: 529Mb L: 12728/15976 MS: 1 CrossOver-
#11573891	REDUCE cov: 783 ft: 1610 corp: 345/292Kb lim: 65536 exec/s: 131521 rss: 529Mb L: 173/15976 MS: 2 InsertRepeatedBytes-EraseBytes-
#11573986	REDUCE cov: 783 ft: 1610 corp: 345/291Kb lim: 65536 exec/s: 131522 rss: 530Mb L: 15825/15825 MS: 5 InsertByte-CMP-PersAutoDict-ChangeBit-EraseBytes- DE: "*\206H\206\367\015\001\001\001"-"AES-192-OFB"-
#11574192	REDUCE cov: 783 ft: 1610 corp: 345/291Kb lim: 65536 exec/s: 131524 rss: 530Mb L: 3245/15825 MS: 1 EraseBytes-
#11574298	REDUCE cov: 783 ft: 1610 corp: 345/290Kb lim: 65536 exec/s: 131526 rss: 530Mb L: 894/15825 MS: 1 EraseBytes-
#11574365	REDUCE cov: 783 ft: 1611 corp: 346/292Kb lim: 65536 exec/s: 131526 rss: 530Mb L: 1392/15825 MS: 2 ChangeByte-ManualDict- DE: " (aa), "-
#11574417	REDUCE cov: 783 ft: 1611 corp: 346/292Kb lim: 65536 exec/s: 131527 rss: 530Mb L: 249/15825 MS: 2 ChangeBit-EraseBytes-
#11574508	REDUCE cov: 783 ft: 1612 corp: 347/307Kb lim: 65536 exec/s: 131528 rss: 531Mb L: 15973/15973 MS: 1 CrossOver-
#11574509	NEW    cov: 783 ft: 1613 corp: 348/310Kb lim: 65536 exec/s: 131528 rss: 531Mb L: 2134/15973 MS: 1 CopyPart-
#11574605	NEW    cov: 783 ft: 1618 corp: 349/310Kb lim: 65536 exec/s: 131529 rss: 531Mb L: 205/15973 MS: 1 PersAutoDict- DE: "E7C8DDC6C5C6AADEB34EB38A2F40D5E6"-
#11574656	NEW    cov: 783 ft: 1622 corp: 350/310Kb lim: 65536 exec/s: 131530 rss: 531Mb L: 353/15973 MS: 1 CopyPart-
#11574675	REDUCE cov: 783 ft: 1622 corp: 350/310Kb lim: 65536 exec/s: 131530 rss: 531Mb L: 298/15973 MS: 4 InsertRepeatedBytes-ChangeBit-CopyPart-EraseBytes-
#11574704	REDUCE cov: 783 ft: 1622 corp: 350/310Kb lim: 65536 exec/s: 131530 rss: 531Mb L: 548/15973 MS: 4 ShuffleBytes-ChangeBit-ChangeBit-EraseBytes-
#11574747	NEW    cov: 783 ft: 1625 corp: 351/333Kb lim: 65536 exec/s: 131531 rss: 532Mb L: 23340/23340 MS: 3 InsertRepeatedBytes-ChangeBit-CopyPart-
#11574748	REDUCE cov: 783 ft: 1625 corp: 351/328Kb lim: 65536 exec/s: 131531 rss: 532Mb L: 11577/23340 MS: 1 EraseBytes-
#11574838	NEW    cov: 783 ft: 1650 corp: 352/346Kb lim: 65536 exec/s: 131532 rss: 532Mb L: 17600/23340 MS: 5 CopyPart-CrossOver-InsertByte-ChangeASCIIInt-CopyPart-
#11574896	REDUCE cov: 783 ft: 1650 corp: 352/346Kb lim: 65536 exec/s: 131532 rss: 532Mb L: 248/23340 MS: 3 InsertByte-ManualDict-EraseBytes- DE: "=> handshake wrapup"-
#11574934	REDUCE cov: 783 ft: 1650 corp: 352/346Kb lim: 65536 exec/s: 131533 rss: 532Mb L: 248/23340 MS: 3 CMP-InsertRepeatedBytes-EraseBytes- DE: "r--M-C CERTIFICATE----"-
#11575261	NEW    cov: 785 ft: 1652 corp: 353/346Kb lim: 65536 exec/s: 131537 rss: 533Mb L: 353/23340 MS: 2 ChangeBinInt-ChangeByte-
#11575275	NEW    cov: 786 ft: 1653 corp: 354/352Kb lim: 65536 exec/s: 131537 rss: 533Mb L: 6640/23340 MS: 4 ChangeByte-ChangeASCIIInt-ChangeByte-CMP- DE: "Proc-Type: 4,ENCRYPTED"-
#11575295	REDUCE cov: 786 ft: 1653 corp: 354/352Kb lim: 65536 exec/s: 131537 rss: 533Mb L: 1209/23340 MS: 5 ChangeBinInt-EraseBytes-PersAutoDict-ChangeBit-ChangeBinInt- DE: "SHA512"-
#11575362	NEW    cov: 786 ft: 1654 corp: 355/353Kb lim: 65536 exec/s: 131538 rss: 533Mb L: 445/23340 MS: 2 ChangeByte-CopyPart-
#11575378	NEW    cov: 786 ft: 1657 corp: 356/353Kb lim: 65536 exec/s: 131538 rss: 533Mb L: 173/23340 MS: 1 CMP- DE: "-----END CERTIFICATE-----"-
#11575398	REDUCE cov: 786 ft: 1672 corp: 357/411Kb lim: 65536 exec/s: 131538 rss: 534Mb L: 59078/59078 MS: 5 CopyPart-ShuffleBytes-CMP-ChangeBinInt-CopyPart- DE: "\323\356\377\377"-
#11575410	REDUCE cov: 786 ft: 1672 corp: 357/410Kb lim: 65536 exec/s: 131538 rss: 534Mb L: 1765/59078 MS: 2 CopyPart-EraseBytes-
#11575416	REDUCE cov: 786 ft: 1672 corp: 357/410Kb lim: 65536 exec/s: 131538 rss: 534Mb L: 509/59078 MS: 1 EraseBytes-
#11575444	NEW    cov: 786 ft: 1675 corp: 358/411Kb lim: 65536 exec/s: 131539 rss: 534Mb L: 357/59078 MS: 3 EraseBytes-InsertRepeatedBytes-CMP- DE: "\377\377\377\377\377\377\377\377"-
#11575455	REDUCE cov: 786 ft: 1675 corp: 358/411Kb lim: 65536 exec/s: 131539 rss: 534Mb L: 167/59078 MS: 1 EraseBytes-
#11575473	REDUCE cov: 786 ft: 1675 corp: 358/411Kb lim: 65536 exec/s: 131539 rss: 534Mb L: 227/59078 MS: 3 CopyPart-ChangeBit-EraseBytes-
#11575566	REDUCE cov: 786 ft: 1675 corp: 358/407Kb lim: 65536 exec/s: 131540 rss: 534Mb L: 3339/59078 MS: 3 ChangeASCIIInt-ShuffleBytes-EraseBytes-
#11575587	REDUCE cov: 786 ft: 1675 corp: 358/407Kb lim: 65536 exec/s: 131540 rss: 534Mb L: 931/59078 MS: 1 EraseBytes-
#11575663	REDUCE cov: 786 ft: 1675 corp: 358/407Kb lim: 65536 exec/s: 131541 rss: 535Mb L: 378/59078 MS: 1 EraseBytes-
#11575785	REDUCE cov: 786 ft: 1675 corp: 358/407Kb lim: 65536 exec/s: 131543 rss: 535Mb L: 890/59078 MS: 2 ChangeBit-EraseBytes-
#11575893	REDUCE cov: 786 ft: 1675 corp: 358/404Kb lim: 65536 exec/s: 131544 rss: 535Mb L: 8509/59078 MS: 3 InsertByte-ShuffleBytes-EraseBytes-
#11575914	REDUCE cov: 786 ft: 1675 corp: 358/404Kb lim: 65536 exec/s: 131544 rss: 535Mb L: 472/59078 MS: 1 EraseBytes-
#11575950	REDUCE cov: 786 ft: 1675 corp: 358/404Kb lim: 65536 exec/s: 131544 rss: 535Mb L: 524/59078 MS: 1 EraseBytes-
#11575953	REDUCE cov: 786 ft: 1677 corp: 359/410Kb lim: 65536 exec/s: 131544 rss: 535Mb L: 5386/59078 MS: 3 InsertRepeatedBytes-ChangeBit-CopyPart-
#11576157	REDUCE cov: 786 ft: 1677 corp: 359/409Kb lim: 65536 exec/s: 131547 rss: 536Mb L: 4888/59078 MS: 4 ShuffleBytes-ShuffleBytes-ChangeASCIIInt-EraseBytes-
#11576193	REDUCE cov: 786 ft: 1677 corp: 359/409Kb lim: 65536 exec/s: 131547 rss: 536Mb L: 150/59078 MS: 1 EraseBytes-
#11576294	REDUCE cov: 786 ft: 1677 corp: 359/409Kb lim: 65536 exec/s: 131548 rss: 537Mb L: 8072/59078 MS: 1 EraseBytes-
#11576348	REDUCE cov: 786 ft: 1678 corp: 360/409Kb lim: 65536 exec/s: 131549 rss: 537Mb L: 334/59078 MS: 4 ChangeBinInt-InsertByte-EraseBytes-PersAutoDict- DE: "U\035%"-
#11576449	REDUCE cov: 786 ft: 1678 corp: 360/408Kb lim: 65536 exec/s: 131550 rss: 538Mb L: 2774/59078 MS: 1 EraseBytes-
#11576646	REDUCE cov: 786 ft: 1678 corp: 360/408Kb lim: 65536 exec/s: 131552 rss: 539Mb L: 1945/59078 MS: 2 CMP-EraseBytes- DE: "-----BEGIN CERTIFICATE-----"-
#11576732	REDUCE cov: 786 ft: 1678 corp: 360/395Kb lim: 65536 exec/s: 131553 rss: 539Mb L: 44961/44961 MS: 1 EraseBytes-
#11576818	REDUCE cov: 786 ft: 1678 corp: 360/394Kb lim: 65536 exec/s: 131554 rss: 540Mb L: 223/44961 MS: 1 EraseBytes-
#11576822	REDUCE cov: 786 ft: 1678 corp: 360/394Kb lim: 65536 exec/s: 131554 rss: 540Mb L: 128/44961 MS: 4 ShuffleBytes-ManualDict-ChangeBit-EraseBytes- DE: "expected mac"-
#11576847	REDUCE cov: 786 ft: 1678 corp: 360/393Kb lim: 65536 exec/s: 131555 rss: 541Mb L: 3135/44961 MS: 5 PersAutoDict-ChangeByte-EraseBytes-EraseBytes-CopyPart- DE: "\203\2547H"-
#11577026	REDUCE cov: 786 ft: 1678 corp: 360/393Kb lim: 65536 exec/s: 131557 rss: 541Mb L: 230/44961 MS: 4 ShuffleBytes-CMP-CMP-EraseBytes- DE: "-----END CERTIFICATE-----"-"U\035%"-
#11577069	REDUCE cov: 786 ft: 1678 corp: 360/393Kb lim: 65536 exec/s: 131557 rss: 541Mb L: 1191/44961 MS: 3 InsertByte-ChangeASCIIInt-EraseBytes-
#11577135	REDUCE cov: 786 ft: 1678 corp: 360/393Kb lim: 65536 exec/s: 131558 rss: 541Mb L: 142/44961 MS: 1 EraseBytes-
#11577149	REDUCE cov: 786 ft: 1678 corp: 360/392Kb lim: 65536 exec/s: 131558 rss: 542Mb L: 44006/44006 MS: 4 CMP-ChangeByte-ChangeASCIIInt-EraseBytes- DE: "U\035\016"-
#11577151	REDUCE cov: 786 ft: 1678 corp: 360/391Kb lim: 65536 exec/s: 131558 rss: 542Mb L: 11873/44006 MS: 2 ChangeByte-EraseBytes-
#11577203	REDUCE cov: 786 ft: 1678 corp: 360/391Kb lim: 65536 exec/s: 131559 rss: 542Mb L: 391/44006 MS: 2 ChangeByte-EraseBytes-
#11577283	REDUCE cov: 786 ft: 1678 corp: 360/391Kb lim: 65536 exec/s: 131560 rss: 542Mb L: 2488/44006 MS: 5 CrossOver-ChangeBinInt-ChangeBinInt-EraseBytes-ChangeBinInt-
#11577481	REDUCE cov: 786 ft: 1678 corp: 360/382Kb lim: 65536 exec/s: 131562 rss: 543Mb L: 35062/35062 MS: 3 ManualDict-InsertRepeatedBytes-EraseBytes- DE: "vmull.p64 %[r], %[a], %[b]"-
#11577503	REDUCE cov: 786 ft: 1679 corp: 361/401Kb lim: 65536 exec/s: 131562 rss: 543Mb L: 19251/35062 MS: 2 ChangeBinInt-CopyPart-
#11577695	REDUCE cov: 786 ft: 1679 corp: 361/401Kb lim: 65536 exec/s: 131564 rss: 544Mb L: 282/35062 MS: 2 CMP-EraseBytes- DE: "\000\000\000\000\000\000\000\025"-
#11577823	REDUCE cov: 786 ft: 1679 corp: 361/401Kb lim: 65536 exec/s: 131566 rss: 544Mb L: 3133/35062 MS: 3 InsertRepeatedBytes-CopyPart-EraseBytes-
#11577903	REDUCE cov: 786 ft: 1679 corp: 361/400Kb lim: 65536 exec/s: 131567 rss: 545Mb L: 218/35062 MS: 5 ShuffleBytes-ChangeBinInt-InsertByte-ShuffleBytes-EraseBytes-
#11577981	REDUCE cov: 786 ft: 1679 corp: 361/400Kb lim: 65536 exec/s: 131567 rss: 545Mb L: 1722/35062 MS: 3 InsertByte-ManualDict-EraseBytes- DE: "PEM - Failed to allocate memory"-
#11577982	REDUCE cov: 786 ft: 1679 corp: 361/400Kb lim: 65536 exec/s: 131567 rss: 545Mb L: 1142/35062 MS: 1 EraseBytes-
#11578223	REDUCE cov: 786 ft: 1679 corp: 361/400Kb lim: 65536 exec/s: 131570 rss: 546Mb L: 110/35062 MS: 1 EraseBytes-
#11578249	REDUCE cov: 786 ft: 1679 corp: 361/396Kb lim: 65536 exec/s: 131571 rss: 546Mb L: 14851/35062 MS: 1 EraseBytes-
#11578346	NEW    cov: 786 ft: 1680 corp: 362/424Kb lim: 65536 exec/s: 131572 rss: 546Mb L: 28243/35062 MS: 2 CMP-CopyPart- DE: "\260\253\005\011"-
#11578420	REDUCE cov: 786 ft: 1680 corp: 362/423Kb lim: 65536 exec/s: 131572 rss: 546Mb L: 1011/35062 MS: 4 InsertByte-ShuffleBytes-PersAutoDict-EraseBytes- DE: "\032\000"-
#11578773	REDUCE cov: 786 ft: 1681 corp: 363/427Kb lim: 65536 exec/s: 130098 rss: 547Mb L: 3738/35062 MS: 3 ChangeByte-CopyPart-CrossOver-
#11579066	REDUCE cov: 786 ft: 1681 corp: 363/427Kb lim: 65536 exec/s: 130101 rss: 548Mb L: 212/35062 MS: 3 InsertRepeatedBytes-CopyPart-EraseBytes-
#11579079	REDUCE cov: 786 ft: 1681 corp: 363/427Kb lim: 65536 exec/s: 130102 rss: 548Mb L: 198/35062 MS: 3 ChangeByte-CMP-EraseBytes- DE: "\361\377\377\377"-
#11579305	REDUCE cov: 786 ft: 1681 corp: 363/427Kb lim: 65536 exec/s: 130104 rss: 549Mb L: 203/35062 MS: 1 EraseBytes-
#11579397	REDUCE cov: 786 ft: 1681 corp: 363/427Kb lim: 65536 exec/s: 130105 rss: 549Mb L: 11790/35062 MS: 2 ChangeBinInt-EraseBytes-
#11579400	REDUCE cov: 786 ft: 1681 corp: 363/427Kb lim: 65536 exec/s: 130105 rss: 549Mb L: 116/35062 MS: 3 ChangeByte-ManualDict-EraseBytes- DE: "verify hash"-
#11579817	REDUCE cov: 786 ft: 1681 corp: 363/426Kb lim: 65536 exec/s: 130110 rss: 552Mb L: 1481/35062 MS: 2 ChangeByte-EraseBytes-
#11580064	REDUCE cov: 786 ft: 1681 corp: 363/426Kb lim: 65536 exec/s: 130113 rss: 553Mb L: 96/35062 MS: 2 ManualDict-EraseBytes- DE: "555555555555555555555555555555555555555555555555"-
#11580101	REDUCE cov: 786 ft: 1681 corp: 363/426Kb lim: 65536 exec/s: 130113 rss: 553Mb L: 498/35062 MS: 2 ChangeBit-EraseBytes-
#11580122	REDUCE cov: 786 ft: 1681 corp: 363/425Kb lim: 65536 exec/s: 130113 rss: 553Mb L: 1879/35062 MS: 1 EraseBytes-
#11580228	REDUCE cov: 786 ft: 1681 corp: 363/425Kb lim: 65536 exec/s: 130114 rss: 554Mb L: 1568/35062 MS: 1 EraseBytes-
#11580319	REDUCE cov: 786 ft: 1681 corp: 363/425Kb lim: 65536 exec/s: 130115 rss: 554Mb L: 1330/35062 MS: 1 EraseBytes-
#11580605	REDUCE cov: 786 ft: 1681 corp: 363/425Kb lim: 65536 exec/s: 130119 rss: 555Mb L: 85/35062 MS: 1 EraseBytes-
#11580609	REDUCE cov: 786 ft: 1681 corp: 363/425Kb lim: 65536 exec/s: 130119 rss: 555Mb L: 233/35062 MS: 4 InsertByte-ChangeByte-ChangeBit-EraseBytes-
#11580861	REDUCE cov: 786 ft: 1681 corp: 363/425Kb lim: 65536 exec/s: 130122 rss: 555Mb L: 180/35062 MS: 2 ShuffleBytes-EraseBytes-
#11580953	REDUCE cov: 786 ft: 1681 corp: 363/425Kb lim: 65536 exec/s: 130123 rss: 556Mb L: 2412/35062 MS: 2 InsertByte-EraseBytes-
#11581021	REDUCE cov: 786 ft: 1682 corp: 364/425Kb lim: 65536 exec/s: 130123 rss: 556Mb L: 539/35062 MS: 3 CopyPart-PersAutoDict-CopyPart- DE: "U\035\016"-
#11581272	REDUCE cov: 786 ft: 1682 corp: 364/425Kb lim: 65536 exec/s: 130126 rss: 557Mb L: 1348/35062 MS: 1 EraseBytes-
#11581319	REDUCE cov: 786 ft: 1682 corp: 364/425Kb lim: 65536 exec/s: 130127 rss: 557Mb L: 192/35062 MS: 2 InsertRepeatedBytes-EraseBytes-
#11581597	REDUCE cov: 786 ft: 1682 corp: 364/425Kb lim: 65536 exec/s: 130130 rss: 559Mb L: 141/35062 MS: 3 InsertRepeatedBytes-EraseBytes-EraseBytes-
#11581846	REDUCE cov: 786 ft: 1682 corp: 364/425Kb lim: 65536 exec/s: 130133 rss: 560Mb L: 1171/35062 MS: 4 ChangeBit-CrossOver-CrossOver-EraseBytes-
#11581847	REDUCE cov: 786 ft: 1682 corp: 364/425Kb lim: 65536 exec/s: 130133 rss: 560Mb L: 212/35062 MS: 1 EraseBytes-
#11581898	REDUCE cov: 786 ft: 1682 corp: 364/425Kb lim: 65536 exec/s: 130133 rss: 560Mb L: 17234/35062 MS: 1 EraseBytes-
#11581926	REDUCE cov: 786 ft: 1682 corp: 364/425Kb lim: 65536 exec/s: 130134 rss: 560Mb L: 198/35062 MS: 3 ChangeByte-ShuffleBytes-EraseBytes-
#11581988	REDUCE cov: 786 ft: 1682 corp: 364/424Kb lim: 65536 exec/s: 130134 rss: 561Mb L: 3130/35062 MS: 2 ChangeBinInt-EraseBytes-
#11582024	REDUCE cov: 786 ft: 1682 corp: 364/424Kb lim: 65536 exec/s: 130135 rss: 561Mb L: 256/35062 MS: 1 EraseBytes-
#11582095	REDUCE cov: 786 ft: 1684 corp: 365/428Kb lim: 65536 exec/s: 130135 rss: 561Mb L: 3133/35062 MS: 1 CopyPart-
#11582322	REDUCE cov: 786 ft: 1684 corp: 365/427Kb lim: 65536 exec/s: 130138 rss: 562Mb L: 7604/35062 MS: 2 InsertByte-EraseBytes-
#11582344	REDUCE cov: 786 ft: 1684 corp: 365/427Kb lim: 65536 exec/s: 130138 rss: 562Mb L: 2585/35062 MS: 2 ChangeBinInt-EraseBytes-
#11582475	REDUCE cov: 786 ft: 1687 corp: 366/427Kb lim: 65536 exec/s: 130140 rss: 562Mb L: 308/35062 MS: 1 InsertRepeatedBytes-
#11582739	REDUCE cov: 786 ft: 1687 corp: 366/427Kb lim: 65536 exec/s: 130143 rss: 564Mb L: 191/35062 MS: 4 InsertByte-ManualDict-CopyPart-EraseBytes- DE: "mbedtls/bignum.h"-
#11582922	REDUCE cov: 786 ft: 1687 corp: 366/427Kb lim: 65536 exec/s: 130145 rss: 564Mb L: 215/35062 MS: 3 PersAutoDict-InsertByte-EraseBytes- DE: "\001\000\000\000\000\000\000\013"-
#11583499	REDUCE cov: 786 ft: 1687 corp: 366/427Kb lim: 65536 exec/s: 130151 rss: 567Mb L: 81/35062 MS: 2 CopyPart-EraseBytes-
#11583505	REDUCE cov: 786 ft: 1687 corp: 366/426Kb lim: 65536 exec/s: 130151 rss: 567Mb L: 2073/35062 MS: 1 EraseBytes-
#11583626	REDUCE cov: 786 ft: 1687 corp: 366/426Kb lim: 65536 exec/s: 130153 rss: 567Mb L: 16431/35062 MS: 1 EraseBytes-
#11583738	NEW    cov: 786 ft: 1688 corp: 367/470Kb lim: 65536 exec/s: 130154 rss: 568Mb L: 45990/45990 MS: 2 CMP-CopyPart- DE: "-----BEGIN CERTIFICATE-----"-
#11583865	REDUCE cov: 786 ft: 1688 corp: 367/470Kb lim: 65536 exec/s: 130155 rss: 568Mb L: 614/45990 MS: 2 ChangeBit-EraseBytes-
#11584049	NEW    cov: 787 ft: 1689 corp: 368/477Kb lim: 65536 exec/s: 130157 rss: 569Mb L: 7092/45990 MS: 4 InsertByte-ChangeBit-InsertByte-CMP- DE: "-----END CERTIFICATE-----"-
#11584057	REDUCE cov: 787 ft: 1689 corp: 368/477Kb lim: 65536 exec/s: 130157 rss: 569Mb L: 869/45990 MS: 3 ChangeASCIIInt-CMP-EraseBytes- DE: "U\035\017"-
#11584290	REDUCE cov: 787 ft: 1689 corp: 368/477Kb lim: 65536 exec/s: 130160 rss: 571Mb L: 1655/45990 MS: 3 InsertByte-ShuffleBytes-EraseBytes-
#11584338	REDUCE cov: 787 ft: 1689 corp: 368/477Kb lim: 65536 exec/s: 130161 rss: 571Mb L: 324/45990 MS: 3 ChangeByte-ChangeBit-EraseBytes-
#11584444	NEW    cov: 787 ft: 1690 corp: 369/500Kb lim: 65536 exec/s: 130162 rss: 571Mb L: 23647/45990 MS: 1 CrossOver-
#11584611	REDUCE cov: 787 ft: 1690 corp: 369/500Kb lim: 65536 exec/s: 130164 rss: 572Mb L: 593/45990 MS: 2 ShuffleBytes-EraseBytes-
#11584728	REDUCE cov: 787 ft: 1690 corp: 369/490Kb lim: 65536 exec/s: 130165 rss: 573Mb L: 14193/45990 MS: 2 ShuffleBytes-EraseBytes-
#11584773	REDUCE cov: 787 ft: 1690 corp: 369/490Kb lim: 65536 exec/s: 130165 rss: 573Mb L: 2483/45990 MS: 5 ShuffleBytes-CopyPart-EraseBytes-ChangeBit-CopyPart-
#11584970	REDUCE cov: 787 ft: 1690 corp: 369/490Kb lim: 65536 exec/s: 130168 rss: 574Mb L: 2274/45990 MS: 2 ShuffleBytes-EraseBytes-
#11584979	REDUCE cov: 787 ft: 1690 corp: 369/490Kb lim: 65536 exec/s: 130168 rss: 574Mb L: 1205/45990 MS: 4 CMP-ChangeByte-ManualDict-EraseBytes- DE: "\377\377\377\377\377\377\377\012"-"ldr %w0, [%1]"-
#11585178	REDUCE cov: 787 ft: 1690 corp: 369/490Kb lim: 65536 exec/s: 130170 rss: 574Mb L: 3124/45990 MS: 4 ChangeBit-CMP-CMP-EraseBytes- DE: ")\000\000\000\000\000\000\000"-"U\235%"-
#11585224	REDUCE cov: 787 ft: 1691 corp: 370/544Kb lim: 65536 exec/s: 130171 rss: 575Mb L: 55028/55028 MS: 1 CopyPart-
#11585331	REDUCE cov: 787 ft: 1691 corp: 370/543Kb lim: 65536 exec/s: 130172 rss: 575Mb L: 7286/55028 MS: 2 CMP-EraseBytes- DE: "-----BEGIN CERTIFICATE-----"-
#11585458	REDUCE cov: 787 ft: 1691 corp: 370/543Kb lim: 65536 exec/s: 130173 rss: 577Mb L: 279/55028 MS: 2 ShuffleBytes-EraseBytes-
#11585624	REDUCE cov: 787 ft: 1691 corp: 370/543Kb lim: 65536 exec/s: 130175 rss: 577Mb L: 131/55028 MS: 1 EraseBytes-
#11585670	REDUCE cov: 787 ft: 1691 corp: 370/543Kb lim: 65536 exec/s: 130176 rss: 577Mb L: 200/55028 MS: 1 EraseBytes-
#11585688	REDUCE cov: 787 ft: 1691 corp: 370/543Kb lim: 65536 exec/s: 130176 rss: 577Mb L: 556/55028 MS: 3 ChangeBinInt-ChangeBit-EraseBytes-
#11585826	REDUCE cov: 787 ft: 1691 corp: 370/543Kb lim: 65536 exec/s: 130177 rss: 578Mb L: 148/55028 MS: 3 ChangeByte-ShuffleBytes-EraseBytes-
#11586015	REDUCE cov: 787 ft: 1691 corp: 370/543Kb lim: 65536 exec/s: 130179 rss: 579Mb L: 306/55028 MS: 4 ChangeBit-ChangeByte-ChangeASCIIInt-EraseBytes-
#11586037	REDUCE cov: 787 ft: 1691 corp: 370/543Kb lim: 65536 exec/s: 130180 rss: 579Mb L: 908/55028 MS: 2 ChangeBinInt-EraseBytes-
#11586087	REDUCE cov: 787 ft: 1693 corp: 371/543Kb lim: 65536 exec/s: 130180 rss: 579Mb L: 426/55028 MS: 5 CopyPart-CMP-CopyPart-CMP-CMP- DE: "\376\377\336\200"-"\251\000\000\000\000\000\000\000"-"-----END CERTIFICATE-----"-
#11586126	REDUCE cov: 787 ft: 1693 corp: 371/543Kb lim: 65536 exec/s: 130181 rss: 579Mb L: 7077/55028 MS: 4 InsertRepeatedBytes-ChangeBinInt-ChangeByte-EraseBytes-
#11586204	REDUCE cov: 787 ft: 1693 corp: 371/542Kb lim: 65536 exec/s: 130182 rss: 580Mb L: 12726/55028 MS: 3 ManualDict-InsertRepeatedBytes-EraseBytes- DE: "0x1B"-
#11586337	REDUCE cov: 787 ft: 1693 corp: 371/538Kb lim: 65536 exec/s: 130183 rss: 581Mb L: 8893/55028 MS: 3 ChangeBinInt-ChangeByte-EraseBytes-
#11586373	REDUCE cov: 787 ft: 1693 corp: 371/538Kb lim: 65536 exec/s: 130183 rss: 581Mb L: 542/55028 MS: 1 EraseBytes-
#11586545	REDUCE cov: 787 ft: 1693 corp: 371/537Kb lim: 65536 exec/s: 130185 rss: 581Mb L: 10630/55028 MS: 2 ChangeBinInt-EraseBytes-
#11586562	REDUCE cov: 787 ft: 1693 corp: 371/535Kb lim: 65536 exec/s: 130186 rss: 581Mb L: 4817/55028 MS: 2 InsertRepeatedBytes-EraseBytes-
#11586591	REDUCE cov: 787 ft: 1693 corp: 371/535Kb lim: 65536 exec/s: 130186 rss: 582Mb L: 186/55028 MS: 4 ChangeByte-InsertByte-CMP-EraseBytes- DE: "U\035#"-
#11586717	NEW    cov: 787 ft: 1701 corp: 372/594Kb lim: 65536 exec/s: 130187 rss: 582Mb L: 60462/60462 MS: 1 CopyPart-
#11586739	REDUCE cov: 787 ft: 1701 corp: 372/592Kb lim: 65536 exec/s: 130188 rss: 582Mb L: 3119/60462 MS: 2 InsertByte-EraseBytes-
#11586745	REDUCE cov: 787 ft: 1701 corp: 372/592Kb lim: 65536 exec/s: 130188 rss: 582Mb L: 108/60462 MS: 1 EraseBytes-
#11586902	REDUCE cov: 787 ft: 1701 corp: 372/592Kb lim: 65536 exec/s: 130189 rss: 584Mb L: 2766/60462 MS: 2 CMP-EraseBytes- DE: "\001\000\000\000"-
#11587199	NEW    cov: 787 ft: 1715 corp: 373/655Kb lim: 65536 exec/s: 128746 rss: 587Mb L: 64633/64633 MS: 2 InsertRepeatedBytes-CopyPart-
#11587270	REDUCE cov: 787 ft: 1715 corp: 373/655Kb lim: 65536 exec/s: 128747 rss: 588Mb L: 189/64633 MS: 1 EraseBytes-
#11587631	REDUCE cov: 787 ft: 1715 corp: 373/655Kb lim: 65536 exec/s: 128751 rss: 591Mb L: 2971/64633 MS: 1 EraseBytes-
#11588158	REDUCE cov: 787 ft: 1715 corp: 373/655Kb lim: 65536 exec/s: 128757 rss: 597Mb L: 3024/64633 MS: 2 ChangeASCIIInt-EraseBytes-
#11588599	REDUCE cov: 787 ft: 1715 corp: 373/655Kb lim: 65536 exec/s: 128762 rss: 600Mb L: 443/64633 MS: 1 EraseBytes-
#11588851	REDUCE cov: 787 ft: 1715 corp: 373/654Kb lim: 65536 exec/s: 128765 rss: 603Mb L: 2807/64633 MS: 2 InsertByte-EraseBytes-
#11589042	REDUCE cov: 787 ft: 1715 corp: 373/654Kb lim: 65536 exec/s: 128767 rss: 603Mb L: 294/64633 MS: 1 EraseBytes-
#11589344	REDUCE cov: 787 ft: 1715 corp: 373/654Kb lim: 65536 exec/s: 128770 rss: 605Mb L: 458/64633 MS: 2 ChangeASCIIInt-EraseBytes-
#11589717	REDUCE cov: 787 ft: 1715 corp: 373/654Kb lim: 65536 exec/s: 128774 rss: 608Mb L: 196/64633 MS: 3 CMP-ChangeBinInt-EraseBytes- DE: "U\035\017"-
#11589784	REDUCE cov: 787 ft: 1715 corp: 373/651Kb lim: 65536 exec/s: 128775 rss: 609Mb L: 31706/64633 MS: 2 InsertByte-EraseBytes-
#11589995	REDUCE cov: 787 ft: 1715 corp: 373/651Kb lim: 65536 exec/s: 128777 rss: 610Mb L: 3443/64633 MS: 1 EraseBytes-
#11590128	REDUCE cov: 787 ft: 1715 corp: 373/651Kb lim: 65536 exec/s: 128779 rss: 611Mb L: 95/64633 MS: 3 ChangeASCIIInt-CopyPart-EraseBytes-
#11590431	REDUCE cov: 787 ft: 1715 corp: 373/650Kb lim: 65536 exec/s: 127367 rss: 613Mb L: 27282/64633 MS: 3 ChangeBit-ChangeBinInt-EraseBytes-
#11590472	REDUCE cov: 787 ft: 1715 corp: 373/650Kb lim: 65536 exec/s: 127367 rss: 614Mb L: 72/64633 MS: 1 EraseBytes-
#11590514	REDUCE cov: 787 ft: 1715 corp: 373/650Kb lim: 65536 exec/s: 127368 rss: 614Mb L: 2557/64633 MS: 2 EraseBytes-ChangeBinInt-
#11590860	REDUCE cov: 787 ft: 1715 corp: 373/649Kb lim: 65536 exec/s: 127372 rss: 617Mb L: 14591/64633 MS: 1 EraseBytes-
#11591058	REDUCE cov: 787 ft: 1715 corp: 373/647Kb lim: 65536 exec/s: 127374 rss: 618Mb L: 13855/64633 MS: 3 InsertRepeatedBytes-ChangeBinInt-EraseBytes-
#11591099	REDUCE cov: 787 ft: 1715 corp: 373/647Kb lim: 65536 exec/s: 127374 rss: 618Mb L: 197/64633 MS: 1 EraseBytes-
#11591256	REDUCE cov: 787 ft: 1715 corp: 373/646Kb lim: 65536 exec/s: 127376 rss: 621Mb L: 8261/64633 MS: 2 ChangeASCIIInt-EraseBytes-
#11591289	REDUCE cov: 787 ft: 1715 corp: 373/646Kb lim: 65536 exec/s: 127376 rss: 621Mb L: 470/64633 MS: 3 ShuffleBytes-ShuffleBytes-EraseBytes-
#11591320	REDUCE cov: 787 ft: 1715 corp: 373/646Kb lim: 65536 exec/s: 127377 rss: 621Mb L: 6986/64633 MS: 1 EraseBytes-
#11591442	NEW    cov: 787 ft: 1718 corp: 374/647Kb lim: 65536 exec/s: 127378 rss: 621Mb L: 1019/64633 MS: 2 ShuffleBytes-CopyPart-
#11591646	REDUCE cov: 787 ft: 1718 corp: 374/647Kb lim: 65536 exec/s: 127380 rss: 624Mb L: 267/64633 MS: 4 ChangeBinInt-InsertByte-ChangeBit-EraseBytes-
#11591764	REDUCE cov: 787 ft: 1718 corp: 374/647Kb lim: 65536 exec/s: 127382 rss: 624Mb L: 233/64633 MS: 3 ChangeASCIIInt-PersAutoDict-EraseBytes- DE: "+\006\001\005\005\007\010\004"-
#11591773	REDUCE cov: 787 ft: 1718 corp: 374/647Kb lim: 65536 exec/s: 127382 rss: 625Mb L: 27124/64633 MS: 4 ChangeByte-InsertByte-ChangeByte-EraseBytes-
#11592014	NEW    cov: 787 ft: 1721 corp: 375/649Kb lim: 65536 exec/s: 127384 rss: 626Mb L: 2035/64633 MS: 1 CopyPart-
#11592151	REDUCE cov: 787 ft: 1721 corp: 375/649Kb lim: 65536 exec/s: 127386 rss: 627Mb L: 2743/64633 MS: 2 ChangeASCIIInt-EraseBytes-
#11592224	REDUCE cov: 787 ft: 1721 corp: 375/648Kb lim: 65536 exec/s: 127387 rss: 628Mb L: 925/64633 MS: 3 CMP-InsertRepeatedBytes-EraseBytes- DE: "U\035 "-
#11592518	REDUCE cov: 787 ft: 1721 corp: 375/648Kb lim: 65536 exec/s: 127390 rss: 629Mb L: 449/64633 MS: 4 ChangeBit-ChangeByte-CopyPart-EraseBytes-
#11592604	REDUCE cov: 787 ft: 1721 corp: 375/648Kb lim: 65536 exec/s: 127391 rss: 630Mb L: 205/64633 MS: 1 EraseBytes-
#11592786	REDUCE cov: 787 ft: 1721 corp: 375/647Kb lim: 65536 exec/s: 127393 rss: 632Mb L: 1883/64633 MS: 2 ChangeBit-EraseBytes-
#11593517	REDUCE cov: 787 ft: 1721 corp: 375/647Kb lim: 65536 exec/s: 126016 rss: 639Mb L: 348/64633 MS: 1 EraseBytes-
#11593521	REDUCE cov: 787 ft: 1721 corp: 375/647Kb lim: 65536 exec/s: 126016 rss: 639Mb L: 680/64633 MS: 4 ChangeBit-ChangeByte-ChangeByte-EraseBytes-
#11593583	REDUCE cov: 787 ft: 1721 corp: 375/646Kb lim: 65536 exec/s: 126017 rss: 639Mb L: 2202/64633 MS: 2 ShuffleBytes-EraseBytes-
#11593781	REDUCE cov: 787 ft: 1721 corp: 375/646Kb lim: 65536 exec/s: 126019 rss: 642Mb L: 1377/64633 MS: 3 PersAutoDict-ChangeByte-EraseBytes- DE: "<= parse server hello"-
#11593967	REDUCE cov: 787 ft: 1721 corp: 375/646Kb lim: 65536 exec/s: 126021 rss: 643Mb L: 2008/64633 MS: 1 EraseBytes-
#11594470	REDUCE cov: 787 ft: 1723 corp: 376/649Kb lim: 65536 exec/s: 126026 rss: 647Mb L: 2744/64633 MS: 3 InsertByte-ChangeBinInt-CopyPart-
#11594762	REDUCE cov: 788 ft: 1724 corp: 377/651Kb lim: 65536 exec/s: 126030 rss: 650Mb L: 2033/64633 MS: 2 CMP-CMP- DE: "U*%"-"-----END CERTIFICATE-----"-
#11594819	REDUCE cov: 788 ft: 1724 corp: 377/651Kb lim: 65536 exec/s: 126030 rss: 651Mb L: 76/64633 MS: 2 ShuffleBytes-EraseBytes-
#11595047	NEW    cov: 788 ft: 1726 corp: 378/659Kb lim: 65536 exec/s: 126033 rss: 653Mb L: 8216/64633 MS: 3 ChangeBinInt-CrossOver-CopyPart-
#11595118	REDUCE cov: 788 ft: 1726 corp: 378/659Kb lim: 65536 exec/s: 126033 rss: 654Mb L: 69/64633 MS: 1 EraseBytes-
#11595270	REDUCE cov: 788 ft: 1726 corp: 378/659Kb lim: 65536 exec/s: 126035 rss: 655Mb L: 194/64633 MS: 2 ChangeBinInt-EraseBytes-
#11595793	REDUCE cov: 788 ft: 1726 corp: 378/659Kb lim: 65536 exec/s: 126041 rss: 658Mb L: 867/64633 MS: 3 ChangeBinInt-InsertByte-EraseBytes-
#11596005	REDUCE cov: 788 ft: 1726 corp: 378/658Kb lim: 65536 exec/s: 126043 rss: 659Mb L: 1495/64633 MS: 2 InsertByte-EraseBytes-
#11596057	REDUCE cov: 788 ft: 1726 corp: 378/658Kb lim: 65536 exec/s: 126044 rss: 660Mb L: 1354/64633 MS: 2 ChangeBinInt-EraseBytes-
#11596126	REDUCE cov: 788 ft: 1726 corp: 378/658Kb lim: 65536 exec/s: 126044 rss: 660Mb L: 180/64633 MS: 4 ManualDict-ChangeBit-PersAutoDict-EraseBytes- DE: "0123456789ABCDEF"-"SHA3-384"-
#11596235	REDUCE cov: 788 ft: 1726 corp: 378/658Kb lim: 65536 exec/s: 126046 rss: 660Mb L: 627/64633 MS: 4 ChangeASCIIInt-CMP-ChangeBit-EraseBytes- DE: "U\035#"-
#11596356	REDUCE cov: 788 ft: 1726 corp: 378/658Kb lim: 65536 exec/s: 126047 rss: 661Mb L: 1657/64633 MS: 1 EraseBytes-
#11596382	REDUCE cov: 788 ft: 1726 corp: 378/658Kb lim: 65536 exec/s: 126047 rss: 661Mb L: 178/64633 MS: 1 EraseBytes-
#11596512	REDUCE cov: 788 ft: 1726 corp: 378/658Kb lim: 65536 exec/s: 124693 rss: 663Mb L: 189/64633 MS: 5 ManualDict-ChangeBit-InsertByte-ManualDict-EraseBytes- DE: "DHM: GX"-"AES-192-CTR"-
#11596517	REDUCE cov: 788 ft: 1726 corp: 378/657Kb lim: 65536 exec/s: 124693 rss: 663Mb L: 7514/64633 MS: 5 PersAutoDict-ManualDict-ManualDict-InsertRepeatedBytes-EraseBytes- DE: "\221y/\356"-"mbedtls/camellia.h"-"<= parse certificate"-
#11596810	REDUCE cov: 788 ft: 1726 corp: 378/657Kb lim: 65536 exec/s: 124696 rss: 664Mb L: 739/64633 MS: 3 EraseBytes-ManualDict-CopyPart- DE: "mbedtls/error.h"-
#11597058	NEW    cov: 788 ft: 1727 corp: 379/721Kb lim: 65536 exec/s: 124699 rss: 666Mb L: 65111/65111 MS: 3 CrossOver-ChangeBinInt-CopyPart-
#11597153	REDUCE cov: 788 ft: 1727 corp: 379/720Kb lim: 65536 exec/s: 124700 rss: 667Mb L: 393/65111 MS: 5 ChangeBinInt-ChangeByte-CopyPart-InsertByte-EraseBytes-
#11597374	REDUCE cov: 788 ft: 1727 corp: 379/720Kb lim: 65536 exec/s: 124702 rss: 670Mb L: 115/65111 MS: 1 EraseBytes-
#11597536	REDUCE cov: 788 ft: 1727 corp: 379/720Kb lim: 65536 exec/s: 124704 rss: 671Mb L: 13883/65111 MS: 2 ChangeBit-EraseBytes-
#11597902	REDUCE cov: 788 ft: 1727 corp: 379/719Kb lim: 65536 exec/s: 124708 rss: 673Mb L: 1773/65111 MS: 1 EraseBytes-
#11597944	REDUCE cov: 788 ft: 1727 corp: 379/719Kb lim: 65536 exec/s: 124709 rss: 673Mb L: 1511/65111 MS: 2 CMP-EraseBytes- DE: "U\035\021"-
#11598886	REDUCE cov: 788 ft: 1727 corp: 379/719Kb lim: 65536 exec/s: 124719 rss: 680Mb L: 517/65111 MS: 2 ChangeBinInt-EraseBytes-
#11599164	REDUCE cov: 788 ft: 1727 corp: 379/719Kb lim: 65536 exec/s: 124722 rss: 683Mb L: 674/65111 MS: 3 ManualDict-ChangeASCIIInt-EraseBytes- DE: "AES-256-OFB"-
#11599281	REDUCE cov: 788 ft: 1727 corp: 379/719Kb lim: 65536 exec/s: 123396 rss: 684Mb L: 142/65111 MS: 2 ShuffleBytes-EraseBytes-
#11599304	REDUCE cov: 788 ft: 1727 corp: 379/719Kb lim: 65536 exec/s: 123396 rss: 684Mb L: 303/65111 MS: 3 ChangeBinInt-EraseBytes-ChangeBit-
#11599326	REDUCE cov: 788 ft: 1727 corp: 379/719Kb lim: 65536 exec/s: 123397 rss: 684Mb L: 267/65111 MS: 2 ChangeByte-EraseBytes-
#11599340	REDUCE cov: 788 ft: 1727 corp: 379/718Kb lim: 65536 exec/s: 123397 rss: 685Mb L: 11958/65111 MS: 4 CrossOver-ChangeASCIIInt-ChangeASCIIInt-EraseBytes-
#11599528	REDUCE cov: 788 ft: 1727 corp: 379/718Kb lim: 65536 exec/s: 123399 rss: 686Mb L: 1520/65111 MS: 3 CMP-ChangeBit-EraseBytes- DE: "-----BEGIN CERTIFICATE-----"-
#11599606	REDUCE cov: 788 ft: 1727 corp: 379/718Kb lim: 65536 exec/s: 123400 rss: 686Mb L: 163/65111 MS: 3 ManualDict-InsertRepeatedBytes-EraseBytes- DE: "mbedtls/aria.h"-
#11599699	REDUCE cov: 788 ft: 1727 corp: 379/718Kb lim: 65536 exec/s: 123401 rss: 687Mb L: 2732/65111 MS: 3 CMP-ChangeBit-EraseBytes- DE: "U\035\006"-
#11599811	REDUCE cov: 788 ft: 1727 corp: 379/713Kb lim: 65536 exec/s: 123402 rss: 688Mb L: 60221/64633 MS: 2 CMP-EraseBytes- DE: "U\035\017"-
#11600062	REDUCE cov: 788 ft: 1729 corp: 380/726Kb lim: 65536 exec/s: 123404 rss: 690Mb L: 12806/64633 MS: 1 CopyPart-
#11600383	REDUCE cov: 788 ft: 1729 corp: 380/725Kb lim: 65536 exec/s: 123408 rss: 693Mb L: 22838/64633 MS: 1 EraseBytes-
#11600604	REDUCE cov: 788 ft: 1729 corp: 380/725Kb lim: 65536 exec/s: 123410 rss: 696Mb L: 119/64633 MS: 1 EraseBytes-
#11600635	REDUCE cov: 788 ft: 1729 corp: 380/725Kb lim: 65536 exec/s: 123411 rss: 696Mb L: 12604/64633 MS: 1 EraseBytes-
#11600757	REDUCE cov: 788 ft: 1729 corp: 380/725Kb lim: 65536 exec/s: 123412 rss: 697Mb L: 270/64633 MS: 2 InsertByte-EraseBytes-
#11600923	REDUCE cov: 788 ft: 1729 corp: 380/725Kb lim: 65536 exec/s: 123414 rss: 700Mb L: 148/64633 MS: 1 EraseBytes-
#11600945	REDUCE cov: 788 ft: 1729 corp: 380/725Kb lim: 65536 exec/s: 123414 rss: 701Mb L: 12262/64633 MS: 2 ChangeBinInt-EraseBytes-
#11601246	REDUCE cov: 788 ft: 1729 corp: 380/725Kb lim: 65536 exec/s: 123417 rss: 705Mb L: 238/64633 MS: 1 EraseBytes-
#11601341	REDUCE cov: 788 ft: 1729 corp: 380/725Kb lim: 65536 exec/s: 123418 rss: 706Mb L: 140/64633 MS: 5 CMP-CopyPart-EraseBytes-CrossOver-EraseBytes- DE: "\025\000\000\000\000\000\000\000"-
#11601765	REDUCE cov: 788 ft: 1729 corp: 380/714Kb lim: 65536 exec/s: 123423 rss: 710Mb L: 49141/64633 MS: 4 InsertByte-CMP-ShuffleBytes-EraseBytes- DE: "\264\001\000\000\000\000\000\000"-
#11601886	REDUCE cov: 788 ft: 1729 corp: 380/714Kb lim: 65536 exec/s: 122125 rss: 712Mb L: 1952/64633 MS: 1 EraseBytes-
#11601948	REDUCE cov: 788 ft: 1729 corp: 380/714Kb lim: 65536 exec/s: 122125 rss: 712Mb L: 13788/64633 MS: 2 ChangeASCIIInt-EraseBytes-
#11602054	REDUCE cov: 788 ft: 1729 corp: 380/714Kb lim: 65536 exec/s: 122126 rss: 713Mb L: 1885/64633 MS: 1 EraseBytes-
#11602320	REDUCE cov: 788 ft: 1729 corp: 380/713Kb lim: 65536 exec/s: 122129 rss: 715Mb L: 821/64633 MS: 1 EraseBytes-
#11602652	REDUCE cov: 788 ft: 1729 corp: 380/713Kb lim: 65536 exec/s: 122133 rss: 717Mb L: 1465/64633 MS: 2 InsertRepeatedBytes-EraseBytes-
#11602763	REDUCE cov: 788 ft: 1729 corp: 380/712Kb lim: 65536 exec/s: 122134 rss: 718Mb L: 6790/64633 MS: 1 EraseBytes-
#11602860	REDUCE cov: 788 ft: 1729 corp: 380/712Kb lim: 65536 exec/s: 122135 rss: 718Mb L: 1319/64633 MS: 2 CMP-EraseBytes- DE: "U\035\017"-
#11603196	REDUCE cov: 788 ft: 1729 corp: 380/711Kb lim: 65536 exec/s: 122138 rss: 722Mb L: 961/64633 MS: 1 EraseBytes-
#11603442	REDUCE cov: 788 ft: 1729 corp: 380/711Kb lim: 65536 exec/s: 122141 rss: 724Mb L: 1114/64633 MS: 1 EraseBytes-
#11603505	REDUCE cov: 788 ft: 1729 corp: 380/710Kb lim: 65536 exec/s: 122142 rss: 725Mb L: 5525/64633 MS: 3 InsertRepeatedBytes-ManualDict-EraseBytes- DE: "256567336059E52CAE22925474705F39A94"-
#11604175	REDUCE cov: 788 ft: 1729 corp: 380/710Kb lim: 65536 exec/s: 122149 rss: 731Mb L: 1619/64633 MS: 5 ManualDict-ManualDict-ShuffleBytes-ChangeBit-EraseBytes- DE: "AES-192-CCM"-"mbedtls/des.h"-
#11604618	REDUCE cov: 788 ft: 1729 corp: 380/709Kb lim: 65536 exec/s: 120881 rss: 734Mb L: 890/64633 MS: 3 CMP-ChangeBit-EraseBytes- DE: "-----BEGIN CERTIFICATE-----"-
#11604974	REDUCE cov: 788 ft: 1729 corp: 380/709Kb lim: 65536 exec/s: 120885 rss: 739Mb L: 489/64633 MS: 1 EraseBytes-
#11605068	REDUCE cov: 788 ft: 1729 corp: 380/709Kb lim: 65536 exec/s: 120886 rss: 740Mb L: 9816/64633 MS: 4 ChangeByte-ChangeBinInt-ChangeASCIIInt-EraseBytes-
#11605197	REDUCE cov: 788 ft: 1729 corp: 380/709Kb lim: 65536 exec/s: 120887 rss: 743Mb L: 220/64633 MS: 4 ChangeBinInt-ChangeBit-ShuffleBytes-EraseBytes-
#11605368	REDUCE cov: 788 ft: 1729 corp: 380/709Kb lim: 65536 exec/s: 120889 rss: 744Mb L: 623/64633 MS: 1 EraseBytes-
#11605579	REDUCE cov: 788 ft: 1729 corp: 380/708Kb lim: 65536 exec/s: 120891 rss: 745Mb L: 2543/64633 MS: 1 EraseBytes-
#11606035	REDUCE cov: 788 ft: 1729 corp: 380/708Kb lim: 65536 exec/s: 120896 rss: 750Mb L: 2548/64633 MS: 1 EraseBytes-
#11606301	REDUCE cov: 788 ft: 1729 corp: 380/708Kb lim: 65536 exec/s: 120898 rss: 751Mb L: 2323/64633 MS: 1 EraseBytes-
#11606442	REDUCE cov: 788 ft: 1729 corp: 380/708Kb lim: 65536 exec/s: 120900 rss: 752Mb L: 574/64633 MS: 1 EraseBytes-
#11606537	REDUCE cov: 788 ft: 1729 corp: 380/707Kb lim: 65536 exec/s: 120901 rss: 753Mb L: 47785/64633 MS: 5 InsertRepeatedBytes-ChangeBinInt-CMP-ChangeASCIIInt-EraseBytes- DE: "*\206H\206\367\015\001\001\001"-
#11607193	REDUCE cov: 788 ft: 1729 corp: 380/707Kb lim: 65536 exec/s: 119661 rss: 760Mb L: 515/64633 MS: 1 EraseBytes-
#11607229	REDUCE cov: 788 ft: 1729 corp: 380/707Kb lim: 65536 exec/s: 119662 rss: 760Mb L: 129/64633 MS: 1 EraseBytes-
#11607561	REDUCE cov: 788 ft: 1729 corp: 380/706Kb lim: 65536 exec/s: 119665 rss: 763Mb L: 5399/64633 MS: 2 ChangeBit-EraseBytes-
#11607562	REDUCE cov: 788 ft: 1729 corp: 380/705Kb lim: 65536 exec/s: 119665 rss: 763Mb L: 46808/64633 MS: 1 EraseBytes-
#11607813	REDUCE cov: 788 ft: 1729 corp: 380/705Kb lim: 65536 exec/s: 119668 rss: 767Mb L: 114/64633 MS: 1 EraseBytes-
#11607976	REDUCE cov: 788 ft: 1729 corp: 380/705Kb lim: 65536 exec/s: 119669 rss: 768Mb L: 1724/64633 MS: 3 CMP-ChangeBit-EraseBytes- DE: "U\035%"-
#11608199	REDUCE cov: 788 ft: 1729 corp: 380/705Kb lim: 65536 exec/s: 119672 rss: 769Mb L: 482/64633 MS: 3 ChangeByte-CopyPart-EraseBytes-
#11608562	REDUCE cov: 788 ft: 1729 corp: 380/705Kb lim: 65536 exec/s: 119675 rss: 772Mb L: 3637/64633 MS: 3 ChangeBinInt-PersAutoDict-EraseBytes- DE: "peer has no certificate"-
#11608584	REDUCE cov: 788 ft: 1729 corp: 380/705Kb lim: 65536 exec/s: 119676 rss: 773Mb L: 318/64633 MS: 2 ManualDict-EraseBytes- DE: "ARIA-192-CCM*-NO-TAG"-
#11608591	REDUCE cov: 788 ft: 1729 corp: 380/705Kb lim: 65536 exec/s: 119676 rss: 773Mb L: 7174/64633 MS: 2 CMP-EraseBytes- DE: "-----END CERTIFICATE-----"-
#11608639	REDUCE cov: 788 ft: 1729 corp: 380/704Kb lim: 65536 exec/s: 119676 rss: 773Mb L: 557/64633 MS: 3 CMP-CMP-EraseBytes- DE: "U\035 "-"-----BEGIN CERTIFICATE-----"-
#11608680	REDUCE cov: 788 ft: 1729 corp: 380/704Kb lim: 65536 exec/s: 119677 rss: 773Mb L: 101/64633 MS: 1 EraseBytes-
#11608731	REDUCE cov: 788 ft: 1729 corp: 380/703Kb lim: 65536 exec/s: 119677 rss: 773Mb L: 5817/64633 MS: 1 EraseBytes-
#11608857	REDUCE cov: 788 ft: 1729 corp: 380/703Kb lim: 65536 exec/s: 119678 rss: 775Mb L: 12221/64633 MS: 1 EraseBytes-
#11609223	REDUCE cov: 788 ft: 1729 corp: 380/703Kb lim: 65536 exec/s: 119682 rss: 778Mb L: 91/64633 MS: 1 EraseBytes-
#11609499	REDUCE cov: 788 ft: 1729 corp: 380/703Kb lim: 65536 exec/s: 119685 rss: 779Mb L: 865/64633 MS: 1 EraseBytes-
#11609641	REDUCE cov: 788 ft: 1729 corp: 380/703Kb lim: 65536 exec/s: 119687 rss: 780Mb L: 392/64633 MS: 2 InsertByte-EraseBytes-
#11609714	REDUCE cov: 788 ft: 1729 corp: 380/703Kb lim: 65536 exec/s: 118466 rss: 781Mb L: 125/64633 MS: 3 CopyPart-ChangeASCIIInt-EraseBytes-
#11609806	REDUCE cov: 788 ft: 1729 corp: 380/702Kb lim: 65536 exec/s: 118467 rss: 783Mb L: 12822/64633 MS: 2 ShuffleBytes-EraseBytes-
#11610093	REDUCE cov: 788 ft: 1729 corp: 380/702Kb lim: 65536 exec/s: 118470 rss: 785Mb L: 350/64633 MS: 2 ChangeBinInt-EraseBytes-
#11610129	REDUCE cov: 788 ft: 1729 corp: 380/702Kb lim: 65536 exec/s: 118470 rss: 786Mb L: 191/64633 MS: 1 EraseBytes-
#11610410	REDUCE cov: 788 ft: 1729 corp: 380/702Kb lim: 65536 exec/s: 118473 rss: 788Mb L: 116/64633 MS: 1 EraseBytes-
#11610466	REDUCE cov: 788 ft: 1729 corp: 380/702Kb lim: 65536 exec/s: 118474 rss: 789Mb L: 460/64633 MS: 1 EraseBytes-
#11610757	REDUCE cov: 788 ft: 1729 corp: 380/699Kb lim: 65536 exec/s: 118477 rss: 790Mb L: 44236/64633 MS: 1 EraseBytes-
#11611123	REDUCE cov: 788 ft: 1729 corp: 380/699Kb lim: 65536 exec/s: 118480 rss: 793Mb L: 6145/64633 MS: 1 EraseBytes-
#11611130	REDUCE cov: 788 ft: 1729 corp: 380/699Kb lim: 65536 exec/s: 118480 rss: 793Mb L: 227/64633 MS: 2 ChangeBit-EraseBytes-
#11611292	REDUCE cov: 788 ft: 1729 corp: 380/699Kb lim: 65536 exec/s: 118482 rss: 793Mb L: 486/64633 MS: 2 ChangeBit-EraseBytes-
#11611498	REDUCE cov: 788 ft: 1729 corp: 380/699Kb lim: 65536 exec/s: 118484 rss: 794Mb L: 2502/64633 MS: 1 EraseBytes-
#11612495	REDUCE cov: 788 ft: 1729 corp: 380/699Kb lim: 65536 exec/s: 117297 rss: 799Mb L: 1364/64633 MS: 2 InsertRepeatedBytes-EraseBytes-
#11613232	REDUCE cov: 788 ft: 1729 corp: 380/699Kb lim: 65536 exec/s: 117305 rss: 804Mb L: 1240/64633 MS: 2 ChangeASCIIInt-EraseBytes-
#11613285	REDUCE cov: 788 ft: 1729 corp: 380/699Kb lim: 65536 exec/s: 117305 rss: 805Mb L: 398/64633 MS: 3 ChangeBinInt-CopyPart-EraseBytes-
#11613842	REDUCE cov: 788 ft: 1729 corp: 380/699Kb lim: 65536 exec/s: 117311 rss: 809Mb L: 219/64633 MS: 2 PersAutoDict-EraseBytes- DE: "\377\377\377\377"-
#11614703	REDUCE cov: 788 ft: 1729 corp: 380/699Kb lim: 65536 exec/s: 116147 rss: 814Mb L: 77/64633 MS: 1 EraseBytes-
#11614974	REDUCE cov: 788 ft: 1729 corp: 380/699Kb lim: 65536 exec/s: 116149 rss: 814Mb L: 1447/64633 MS: 1 EraseBytes-
#11615286	NEW    cov: 788 ft: 1731 corp: 381/743Kb lim: 65536 exec/s: 116152 rss: 816Mb L: 45990/64633 MS: 2 ShuffleBytes-ChangeBit-
#11615365	REDUCE cov: 788 ft: 1731 corp: 381/743Kb lim: 65536 exec/s: 116153 rss: 816Mb L: 500/64633 MS: 4 CopyPart-ManualDict-CMP-EraseBytes- DE: " (y), "-"\377\377"-
#11615531	REDUCE cov: 788 ft: 1731 corp: 381/743Kb lim: 65536 exec/s: 116155 rss: 817Mb L: 5221/64633 MS: 1 EraseBytes-
#11615575	REDUCE cov: 788 ft: 1731 corp: 381/743Kb lim: 65536 exec/s: 116155 rss: 817Mb L: 436/64633 MS: 4 ChangeByte-ChangeBinInt-InsertByte-EraseBytes-
#11615781	REDUCE cov: 788 ft: 1731 corp: 381/743Kb lim: 65536 exec/s: 116157 rss: 820Mb L: 112/64633 MS: 1 EraseBytes-
#11615882	REDUCE cov: 788 ft: 1731 corp: 381/743Kb lim: 65536 exec/s: 116158 rss: 820Mb L: 89/64633 MS: 1 EraseBytes-
#11615954	REDUCE cov: 788 ft: 1731 corp: 381/743Kb lim: 65536 exec/s: 116159 rss: 821Mb L: 1033/64633 MS: 2 ManualDict-EraseBytes- DE: "  CTR_DRBG (PR = FALSE): "-
#11616020	REDUCE cov: 788 ft: 1731 corp: 381/743Kb lim: 65536 exec/s: 116160 rss: 822Mb L: 106/64633 MS: 1 EraseBytes-
#11616042	REDUCE cov: 788 ft: 1731 corp: 381/743Kb lim: 65536 exec/s: 116160 rss: 822Mb L: 312/64633 MS: 2 CrossOver-EraseBytes-
#11616058	REDUCE cov: 788 ft: 1731 corp: 381/743Kb lim: 65536 exec/s: 116160 rss: 822Mb L: 823/64633 MS: 1 EraseBytes-
#11616491	REDUCE cov: 788 ft: 1731 corp: 381/743Kb lim: 65536 exec/s: 116164 rss: 825Mb L: 1092/64633 MS: 3 PersAutoDict-ChangeByte-EraseBytes- DE: "ssl_tls13_pick_key_cert:"-
#11616535	REDUCE cov: 788 ft: 1731 corp: 381/743Kb lim: 65536 exec/s: 116165 rss: 825Mb L: 273/64633 MS: 4 CMP-EraseBytes-PersAutoDict-InsertRepeatedBytes- DE: "U\035\003"-"buffer too small"-
#11616539	REDUCE cov: 788 ft: 1731 corp: 381/742Kb lim: 65536 exec/s: 116165 rss: 825Mb L: 43776/64633 MS: 4 ChangeBit-InsertByte-ManualDict-EraseBytes- DE: "AES-256-CTR"-
#11617121	REDUCE cov: 788 ft: 1731 corp: 381/742Kb lim: 65536 exec/s: 115021 rss: 828Mb L: 433/64633 MS: 2 CMP-EraseBytes- DE: "\245\021\202\020"-
#11617511	REDUCE cov: 788 ft: 1731 corp: 381/742Kb lim: 65536 exec/s: 115024 rss: 828Mb L: 1219/64633 MS: 5 InsertByte-ChangeBinInt-ShuffleBytes-CMP-EraseBytes- DE: "\357\030\372\215"-
#11618046	REDUCE cov: 788 ft: 1731 corp: 381/742Kb lim: 65536 exec/s: 115030 rss: 828Mb L: 26763/64633 MS: 5 EraseBytes-ChangeBit-ChangeBinInt-ShuffleBytes-CopyPart-
#11618238	REDUCE cov: 788 ft: 1731 corp: 381/742Kb lim: 65536 exec/s: 115032 rss: 829Mb L: 434/64633 MS: 2 ChangeASCIIInt-EraseBytes-
#11618674	REDUCE cov: 788 ft: 1731 corp: 381/742Kb lim: 65536 exec/s: 115036 rss: 831Mb L: 221/64633 MS: 1 EraseBytes-
#11618765	REDUCE cov: 788 ft: 1731 corp: 381/742Kb lim: 65536 exec/s: 115037 rss: 831Mb L: 169/64633 MS: 1 EraseBytes-
#11619611	REDUCE cov: 788 ft: 1731 corp: 381/741Kb lim: 65536 exec/s: 113917 rss: 833Mb L: 2345/64633 MS: 1 EraseBytes-
#11619902	REDUCE cov: 788 ft: 1731 corp: 381/741Kb lim: 65536 exec/s: 113920 rss: 835Mb L: 993/64633 MS: 1 EraseBytes-
#11620168	REDUCE cov: 788 ft: 1731 corp: 381/741Kb lim: 65536 exec/s: 113923 rss: 836Mb L: 1873/64633 MS: 1 EraseBytes-
#11620220	REDUCE cov: 788 ft: 1731 corp: 381/739Kb lim: 65536 exec/s: 113923 rss: 836Mb L: 42020/64633 MS: 2 InsertRepeatedBytes-EraseBytes-
#11620338	REDUCE cov: 788 ft: 1731 corp: 381/739Kb lim: 65536 exec/s: 113924 rss: 836Mb L: 871/64633 MS: 3 ManualDict-CMP-EraseBytes- DE: "CAMELLIA-192-CBC"-"\216\223?\036"-
#11620822	REDUCE cov: 788 ft: 1731 corp: 381/739Kb lim: 65536 exec/s: 113929 rss: 836Mb L: 953/64633 MS: 4 InsertRepeatedBytes-PersAutoDict-ChangeBinInt-EraseBytes- DE: "AES-192-OFB"-
#11621053	REDUCE cov: 788 ft: 1731 corp: 381/739Kb lim: 65536 exec/s: 113931 rss: 836Mb L: 352/64633 MS: 1 EraseBytes-
#11621619	REDUCE cov: 788 ft: 1731 corp: 381/739Kb lim: 65536 exec/s: 112831 rss: 837Mb L: 174/64633 MS: 1 EraseBytes-
#11622570	REDUCE cov: 788 ft: 1731 corp: 381/739Kb lim: 65536 exec/s: 112840 rss: 841Mb L: 1281/64633 MS: 1 EraseBytes-
#11622581	REDUCE cov: 788 ft: 1731 corp: 381/739Kb lim: 65536 exec/s: 112840 rss: 841Mb L: 331/64633 MS: 1 EraseBytes-
#11622709	REDUCE cov: 788 ft: 1731 corp: 381/738Kb lim: 65536 exec/s: 112841 rss: 841Mb L: 646/64633 MS: 3 ManualDict-ChangeASCIIInt-EraseBytes- DE: "ARIA-128-CCM*-NO-TAG"-
#11622861	REDUCE cov: 788 ft: 1731 corp: 381/738Kb lim: 65536 exec/s: 112843 rss: 842Mb L: 328/64633 MS: 2 CopyPart-EraseBytes-
#11622942	REDUCE cov: 788 ft: 1731 corp: 381/738Kb lim: 65536 exec/s: 112844 rss: 843Mb L: 63930/63930 MS: 1 EraseBytes-
#11624089	REDUCE cov: 788 ft: 1731 corp: 381/738Kb lim: 65536 exec/s: 111770 rss: 843Mb L: 1219/63930 MS: 2 InsertByte-EraseBytes-
#11624545	REDUCE cov: 788 ft: 1731 corp: 381/738Kb lim: 65536 exec/s: 111774 rss: 844Mb L: 423/63930 MS: 1 EraseBytes-
#11624981	REDUCE cov: 788 ft: 1731 corp: 381/738Kb lim: 65536 exec/s: 111778 rss: 845Mb L: 303/63930 MS: 1 EraseBytes-
#11625099	REDUCE cov: 788 ft: 1731 corp: 381/736Kb lim: 65536 exec/s: 111779 rss: 845Mb L: 25527/63930 MS: 3 ShuffleBytes-ChangeByte-EraseBytes-
#11625140	REDUCE cov: 788 ft: 1731 corp: 381/736Kb lim: 65536 exec/s: 111780 rss: 846Mb L: 426/63930 MS: 1 EraseBytes-
#11626064	REDUCE cov: 788 ft: 1731 corp: 381/736Kb lim: 65536 exec/s: 111789 rss: 849Mb L: 6493/63930 MS: 4 ChangeBinInt-ChangeBit-ChangeASCIIInt-EraseBytes-
#11626110	REDUCE cov: 788 ft: 1731 corp: 381/736Kb lim: 65536 exec/s: 110724 rss: 849Mb L: 107/63930 MS: 1 EraseBytes-
#11626130	REDUCE cov: 788 ft: 1731 corp: 381/735Kb lim: 65536 exec/s: 110725 rss: 849Mb L: 45266/63930 MS: 5 InsertRepeatedBytes-ManualDict-InsertRepeatedBytes-ChangeByte-EraseBytes- DE: "  ECJPAKE test #1 (random handshake): "-
#11626376	REDUCE cov: 788 ft: 1731 corp: 381/735Kb lim: 65536 exec/s: 110727 rss: 849Mb L: 1089/63930 MS: 1 EraseBytes-
#11626906	REDUCE cov: 788 ft: 1731 corp: 381/733Kb lim: 65536 exec/s: 110732 rss: 849Mb L: 11159/63930 MS: 5 InsertByte-PersAutoDict-CMP-PersAutoDict-EraseBytes- DE: "<= write change cipher spec"-"*M-----E"-"\032\000"-
#11627063	REDUCE cov: 788 ft: 1731 corp: 381/733Kb lim: 65536 exec/s: 110733 rss: 849Mb L: 112/63930 MS: 2 ChangeBit-EraseBytes-
#11627205	REDUCE cov: 788 ft: 1731 corp: 381/733Kb lim: 65536 exec/s: 110735 rss: 849Mb L: 163/63930 MS: 2 ChangeBinInt-EraseBytes-
#11627423	REDUCE cov: 788 ft: 1731 corp: 381/733Kb lim: 65536 exec/s: 110737 rss: 849Mb L: 2028/63930 MS: 3 PersAutoDict-EraseBytes-CopyPart- DE: "ticket_nonce:"-
#11627441	REDUCE cov: 788 ft: 1731 corp: 381/733Kb lim: 65536 exec/s: 110737 rss: 849Mb L: 819/63930 MS: 3 ShuffleBytes-ChangeBinInt-EraseBytes-
#11627679	REDUCE cov: 788 ft: 1731 corp: 381/732Kb lim: 65536 exec/s: 110739 rss: 849Mb L: 1338/63930 MS: 3 ManualDict-ManualDict-EraseBytes- DE: "master secret"-"FATAL: verification failed: "-
#11628302	REDUCE cov: 788 ft: 1731 corp: 381/732Kb lim: 65536 exec/s: 110745 rss: 850Mb L: 1552/63930 MS: 3 ChangeBit-InsertByte-EraseBytes-
#11628541	REDUCE cov: 788 ft: 1731 corp: 381/730Kb lim: 65536 exec/s: 110748 rss: 852Mb L: 61695/61695 MS: 4 ChangeByte-ChangeASCIIInt-ChangeBinInt-EraseBytes-
#11628544	REDUCE cov: 788 ft: 1731 corp: 381/730Kb lim: 65536 exec/s: 110748 rss: 852Mb L: 201/61695 MS: 3 ChangeASCIIInt-ChangeByte-EraseBytes-
#11628839	REDUCE cov: 788 ft: 1732 corp: 382/731Kb lim: 65536 exec/s: 109706 rss: 854Mb L: 1282/61695 MS: 5 PersAutoDict-ChangeASCIIInt-InsertByte-CopyPart-ManualDict- DE: "No mechanism to detect A64_CRYPTO found, using C code only"-"NamedGroupList"-
#11629032	REDUCE cov: 788 ft: 1732 corp: 382/731Kb lim: 65536 exec/s: 109707 rss: 854Mb L: 5672/61695 MS: 3 CMP-ChangeBit-EraseBytes- DE: "*\206H\316=\004\003\004"-
#11629118	REDUCE cov: 788 ft: 1732 corp: 382/729Kb lim: 65536 exec/s: 109708 rss: 854Mb L: 12112/61695 MS: 1 EraseBytes-
#11629589	REDUCE cov: 788 ft: 1732 corp: 382/729Kb lim: 65536 exec/s: 109713 rss: 854Mb L: 639/61695 MS: 1 EraseBytes-
#11629827	REDUCE cov: 788 ft: 1732 corp: 382/729Kb lim: 65536 exec/s: 109715 rss: 854Mb L: 631/61695 MS: 3 ChangeBinInt-ChangeASCIIInt-EraseBytes-
#11630533	REDUCE cov: 788 ft: 1732 corp: 382/729Kb lim: 65536 exec/s: 109722 rss: 855Mb L: 346/61695 MS: 1 EraseBytes-
#11630706	REDUCE cov: 788 ft: 1732 corp: 382/729Kb lim: 65536 exec/s: 109723 rss: 856Mb L: 200/61695 MS: 3 ChangeBit-ChangeBit-EraseBytes-
#11630933	REDUCE cov: 788 ft: 1732 corp: 382/729Kb lim: 65536 exec/s: 109725 rss: 857Mb L: 426/61695 MS: 2 CMP-EraseBytes- DE: "U\035 "-
#11631006	REDUCE cov: 788 ft: 1732 corp: 382/729Kb lim: 65536 exec/s: 108700 rss: 857Mb L: 1141/61695 MS: 3 ShuffleBytes-PersAutoDict-EraseBytes- DE: "rev16 %0, %1"-
#11631170	REDUCE cov: 788 ft: 1732 corp: 382/729Kb lim: 65536 exec/s: 108702 rss: 858Mb L: 129/61695 MS: 4 ShuffleBytes-ChangeBinInt-ChangeBinInt-EraseBytes-
#11631186	REDUCE cov: 788 ft: 1732 corp: 382/729Kb lim: 65536 exec/s: 108702 rss: 858Mb L: 1520/61695 MS: 1 EraseBytes-
#11631222	REDUCE cov: 788 ft: 1732 corp: 382/729Kb lim: 65536 exec/s: 108703 rss: 858Mb L: 136/61695 MS: 1 EraseBytes-
#11631276	REDUCE cov: 788 ft: 1733 corp: 383/729Kb lim: 65536 exec/s: 108703 rss: 858Mb L: 680/61695 MS: 4 InsertByte-ChangeASCIIInt-CMP-CopyPart- DE: "Proc-Type: 4,ENCRYPTED"-
#11631717	REDUCE cov: 788 ft: 1733 corp: 383/729Kb lim: 65536 exec/s: 108707 rss: 860Mb L: 157/61695 MS: 1 EraseBytes-
#11631981	REDUCE cov: 788 ft: 1733 corp: 383/729Kb lim: 65536 exec/s: 108710 rss: 860Mb L: 3404/61695 MS: 4 ChangeASCIIInt-ChangeASCIIInt-ChangeASCIIInt-EraseBytes-
#11632186	REDUCE cov: 788 ft: 1733 corp: 383/728Kb lim: 65536 exec/s: 108712 rss: 860Mb L: 5459/61695 MS: 5 EraseBytes-CopyPart-InsertByte-PersAutoDict-CrossOver- DE: "AES-256-CTR"-
#11633017	REDUCE cov: 788 ft: 1733 corp: 383/727Kb lim: 65536 exec/s: 107713 rss: 861Mb L: 3642/61695 MS: 1 EraseBytes-
#11633133	REDUCE cov: 788 ft: 1733 corp: 383/727Kb lim: 65536 exec/s: 107714 rss: 861Mb L: 439/61695 MS: 1 EraseBytes-
#11633394	REDUCE cov: 788 ft: 1733 corp: 383/727Kb lim: 65536 exec/s: 107716 rss: 863Mb L: 175/61695 MS: 1 EraseBytes-
#11633587	REDUCE cov: 788 ft: 1733 corp: 383/727Kb lim: 65536 exec/s: 107718 rss: 864Mb L: 3613/61695 MS: 3 InsertByte-ChangeBinInt-EraseBytes-
#11633600	REDUCE cov: 788 ft: 1733 corp: 383/727Kb lim: 65536 exec/s: 107718 rss: 864Mb L: 3632/61695 MS: 3 ChangeByte-InsertByte-EraseBytes-
#11633667	REDUCE cov: 788 ft: 1733 corp: 383/726Kb lim: 65536 exec/s: 107719 rss: 864Mb L: 894/61695 MS: 2 InsertByte-EraseBytes-
#11633784	REDUCE cov: 788 ft: 1733 corp: 383/726Kb lim: 65536 exec/s: 107720 rss: 864Mb L: 266/61695 MS: 2 PersAutoDict-EraseBytes- DE: "\377\377\377\377\377\377\377\012"-
#11634202	REDUCE cov: 788 ft: 1733 corp: 383/726Kb lim: 65536 exec/s: 107724 rss: 867Mb L: 234/61695 MS: 3 ChangeBit-ShuffleBytes-EraseBytes-
#11634243	REDUCE cov: 788 ft: 1733 corp: 383/726Kb lim: 65536 exec/s: 107724 rss: 867Mb L: 15507/61695 MS: 1 EraseBytes-
#11634244	REDUCE cov: 788 ft: 1733 corp: 383/726Kb lim: 65536 exec/s: 107724 rss: 867Mb L: 773/61695 MS: 1 EraseBytes-
#11634535	REDUCE cov: 788 ft: 1733 corp: 383/726Kb lim: 65536 exec/s: 107727 rss: 868Mb L: 96/61695 MS: 1 EraseBytes-
#11634661	REDUCE cov: 788 ft: 1733 corp: 383/726Kb lim: 65536 exec/s: 107728 rss: 868Mb L: 990/61695 MS: 1 EraseBytes-
#11635039	REDUCE cov: 788 ft: 1733 corp: 383/726Kb lim: 65536 exec/s: 107731 rss: 868Mb L: 654/61695 MS: 3 InsertRepeatedBytes-ChangeBinInt-EraseBytes-
#11635041	REDUCE cov: 788 ft: 1733 corp: 383/725Kb lim: 65536 exec/s: 107731 rss: 868Mb L: 45007/61695 MS: 2 ChangeBinInt-EraseBytes-
#11635103	REDUCE cov: 788 ft: 1733 corp: 383/725Kb lim: 65536 exec/s: 107732 rss: 868Mb L: 5132/61695 MS: 2 InsertByte-EraseBytes-
#11635174	REDUCE cov: 788 ft: 1733 corp: 383/725Kb lim: 65536 exec/s: 107733 rss: 868Mb L: 553/61695 MS: 1 EraseBytes-
#11635408	NEW    cov: 788 ft: 1734 corp: 384/726Kb lim: 65536 exec/s: 107735 rss: 868Mb L: 1281/61695 MS: 4 CMP-PersAutoDict-CMP-CopyPart- DE: "\000\000\000\000\000\000\000\226"-"E7C8DDC6C5C6AADEB34EB38A2F40D5E6"-"U\035\021"-
#11635580	REDUCE cov: 788 ft: 1734 corp: 384/726Kb lim: 65536 exec/s: 106748 rss: 868Mb L: 261/61695 MS: 2 ChangeByte-EraseBytes-
#11635686	REDUCE cov: 788 ft: 1734 corp: 384/726Kb lim: 65536 exec/s: 106749 rss: 868Mb L: 971/61695 MS: 1 EraseBytes-
#11635778	REDUCE cov: 788 ft: 1734 corp: 384/726Kb lim: 65536 exec/s: 106750 rss: 868Mb L: 1277/61695 MS: 2 ChangeBit-EraseBytes-
#11636084	REDUCE cov: 788 ft: 1734 corp: 384/726Kb lim: 65536 exec/s: 106753 rss: 869Mb L: 1093/61695 MS: 1 EraseBytes-
#11636143	REDUCE cov: 788 ft: 1734 corp: 384/726Kb lim: 65536 exec/s: 106753 rss: 870Mb L: 366/61695 MS: 4 ChangeBinInt-ChangeBit-ChangeByte-EraseBytes-
#11636171	REDUCE cov: 788 ft: 1734 corp: 384/725Kb lim: 65536 exec/s: 106753 rss: 870Mb L: 3388/61695 MS: 3 ChangeASCIIInt-CrossOver-EraseBytes-
#11636173	REDUCE cov: 788 ft: 1734 corp: 384/725Kb lim: 65536 exec/s: 106753 rss: 870Mb L: 120/61695 MS: 2 CMP-EraseBytes- DE: "\377\377"-
#11636554	NEW    cov: 788 ft: 1735 corp: 385/727Kb lim: 65536 exec/s: 106757 rss: 872Mb L: 1247/61695 MS: 1 CopyPart-
#11636606	REDUCE cov: 788 ft: 1735 corp: 385/727Kb lim: 65536 exec/s: 106757 rss: 872Mb L: 461/61695 MS: 2 CMP-EraseBytes- DE: "U\035\021"-
#11636788	REDUCE cov: 788 ft: 1735 corp: 385/726Kb lim: 65536 exec/s: 106759 rss: 873Mb L: 183/61695 MS: 2 ManualDict-EraseBytes- DE: "mbedtls/ecp.h"-
#11636919	REDUCE cov: 788 ft: 1735 corp: 385/726Kb lim: 65536 exec/s: 106760 rss: 873Mb L: 338/61695 MS: 1 EraseBytes-
#11637396	REDUCE cov: 788 ft: 1735 corp: 385/726Kb lim: 65536 exec/s: 106765 rss: 874Mb L: 128/61695 MS: 2 CopyPart-EraseBytes-
#11637501	NEW    cov: 788 ft: 1736 corp: 386/727Kb lim: 65536 exec/s: 106766 rss: 875Mb L: 702/61695 MS: 5 ChangeBit-PersAutoDict-CMP-CrossOver-InsertRepeatedBytes- DE: "0x04"-"-----BEGIN CERTIFICATE-----"-
#11637978	REDUCE cov: 788 ft: 1736 corp: 386/727Kb lim: 65536 exec/s: 106770 rss: 875Mb L: 5350/61695 MS: 2 ManualDict-EraseBytes- DE: "mbedtls/x509_csr.h"-
#11638009	REDUCE cov: 788 ft: 1736 corp: 386/727Kb lim: 65536 exec/s: 106770 rss: 875Mb L: 200/61695 MS: 1 EraseBytes-
#11638173	REDUCE cov: 788 ft: 1736 corp: 386/727Kb lim: 65536 exec/s: 106772 rss: 875Mb L: 318/61695 MS: 4 CMP-PersAutoDict-CMP-EraseBytes- DE: "U\035\021"-"U\035\006"-"U\035\017"-
#11638204	REDUCE cov: 788 ft: 1736 corp: 386/727Kb lim: 65536 exec/s: 106772 rss: 875Mb L: 1467/61695 MS: 1 EraseBytes-
#11639003	REDUCE cov: 788 ft: 1736 corp: 386/726Kb lim: 65536 exec/s: 105809 rss: 875Mb L: 3139/61695 MS: 4 ChangeByte-ManualDict-ChangeBit-EraseBytes- DE: "=> write certificate"-
#11639067	REDUCE cov: 788 ft: 1736 corp: 386/726Kb lim: 65536 exec/s: 105809 rss: 875Mb L: 257/61695 MS: 4 ChangeBinInt-InsertByte-InsertRepeatedBytes-EraseBytes-
#11639459	REDUCE cov: 788 ft: 1736 corp: 386/726Kb lim: 65536 exec/s: 105813 rss: 875Mb L: 354/61695 MS: 2 ChangeASCIIInt-EraseBytes-
#11639776	REDUCE cov: 788 ft: 1736 corp: 386/726Kb lim: 65536 exec/s: 105816 rss: 875Mb L: 608/61695 MS: 2 InsertByte-EraseBytes-
#11639843	REDUCE cov: 788 ft: 1736 corp: 386/726Kb lim: 65536 exec/s: 105816 rss: 875Mb L: 101/61695 MS: 2 ChangeByte-EraseBytes-
#11639898	REDUCE cov: 788 ft: 1738 corp: 387/753Kb lim: 65536 exec/s: 105817 rss: 875Mb L: 27693/61695 MS: 5 ManualDict-ChangeASCIIInt-CopyPart-ShuffleBytes-CopyPart- DE: "RSASSA-PSS"-
#11640290	REDUCE cov: 788 ft: 1738 corp: 387/753Kb lim: 65536 exec/s: 105820 rss: 876Mb L: 323/61695 MS: 2 InsertRepeatedBytes-EraseBytes-
#11640476	REDUCE cov: 788 ft: 1738 corp: 387/753Kb lim: 65536 exec/s: 105822 rss: 877Mb L: 276/61695 MS: 1 EraseBytes-
#11641042	REDUCE cov: 788 ft: 1738 corp: 387/753Kb lim: 65536 exec/s: 105827 rss: 878Mb L: 761/61695 MS: 1 EraseBytes-
#11641229	REDUCE cov: 788 ft: 1738 corp: 387/753Kb lim: 65536 exec/s: 105829 rss: 879Mb L: 677/61695 MS: 2 EraseBytes-CrossOver-
#11641248	REDUCE cov: 788 ft: 1738 corp: 387/753Kb lim: 65536 exec/s: 105829 rss: 879Mb L: 267/61695 MS: 4 ShuffleBytes-InsertRepeatedBytes-CMP-EraseBytes- DE: "*M-----E"-
#11642595	REDUCE cov: 788 ft: 1738 corp: 387/752Kb lim: 65536 exec/s: 104888 rss: 879Mb L: 831/61695 MS: 2 CMP-EraseBytes- DE: "-----BEGIN CERTIFICATE-----"-
#11643791	REDUCE cov: 788 ft: 1738 corp: 387/752Kb lim: 65536 exec/s: 104899 rss: 881Mb L: 570/61695 MS: 1 EraseBytes-
#11644136	REDUCE cov: 788 ft: 1738 corp: 387/749Kb lim: 65536 exec/s: 104902 rss: 882Mb L: 58132/60462 MS: 5 ManualDict-PersAutoDict-CrossOver-ChangeBinInt-EraseBytes- DE: "AES-192-KWP"-"MBEDTLS_PADLOCK_C is set"-
#11644894	REDUCE cov: 788 ft: 1738 corp: 387/749Kb lim: 65536 exec/s: 103972 rss: 884Mb L: 3578/60462 MS: 3 CMP-PersAutoDict-EraseBytes- DE: "\001\002"-"]\001\000\000\000\000\000\000"-
#11644943	REDUCE cov: 788 ft: 1738 corp: 387/749Kb lim: 65536 exec/s: 103972 rss: 884Mb L: 575/60462 MS: 4 ManualDict-ChangeBinInt-PersAutoDict-EraseBytes- DE: "ARIA-128-GCM"-"5C3C3C3C3C3C3C3C3C3C3C3C3C3C3C3C3C3C3C3C3C3C3C3C3C3C3C3C3C3C3C30"-
#11645109	REDUCE cov: 788 ft: 1738 corp: 387/749Kb lim: 65536 exec/s: 103974 rss: 884Mb L: 15471/60462 MS: 1 EraseBytes-
#11645431	REDUCE cov: 788 ft: 1738 corp: 387/749Kb lim: 65536 exec/s: 103977 rss: 884Mb L: 414/60462 MS: 2 PersAutoDict-EraseBytes- DE: "NamedGroupList"-
#11645729	REDUCE cov: 788 ft: 1738 corp: 387/749Kb lim: 65536 exec/s: 103979 rss: 884Mb L: 25348/60462 MS: 3 ChangeBinInt-ChangeByte-EraseBytes-
#11646001	REDUCE cov: 788 ft: 1738 corp: 387/748Kb lim: 65536 exec/s: 103982 rss: 884Mb L: 95/60462 MS: 2 CMP-EraseBytes- DE: "\001\000\000\000\000\000\000("-
#11646128	REDUCE cov: 788 ft: 1739 corp: 388/749Kb lim: 65536 exec/s: 103983 rss: 884Mb L: 659/60462 MS: 2 CMP-CrossOver- DE: "\377\377\377\011"-
#11646130	REDUCE cov: 788 ft: 1739 corp: 388/749Kb lim: 65536 exec/s: 103983 rss: 884Mb L: 197/60462 MS: 2 ChangeBinInt-EraseBytes-
#11646226	REDUCE cov: 788 ft: 1739 corp: 388/747Kb lim: 65536 exec/s: 103984 rss: 884Mb L: 9450/60462 MS: 1 EraseBytes-
#11646317	REDUCE cov: 788 ft: 1739 corp: 388/746Kb lim: 65536 exec/s: 103984 rss: 884Mb L: 167/60462 MS: 1 EraseBytes-
#11646524	REDUCE cov: 788 ft: 1739 corp: 388/746Kb lim: 65536 exec/s: 103986 rss: 884Mb L: 484/60462 MS: 2 ChangeByte-EraseBytes-
#11646675	REDUCE cov: 788 ft: 1739 corp: 388/746Kb lim: 65536 exec/s: 103988 rss: 884Mb L: 41893/60462 MS: 1 EraseBytes-
#11646861	REDUCE cov: 788 ft: 1739 corp: 388/746Kb lim: 65536 exec/s: 103989 rss: 885Mb L: 176/60462 MS: 1 EraseBytes-
#11646939	REDUCE cov: 788 ft: 1739 corp: 388/746Kb lim: 65536 exec/s: 103990 rss: 885Mb L: 291/60462 MS: 3 PersAutoDict-CMP-EraseBytes- DE: "\377\377\377\377\376\377\377\377"-"\005\000"-
#11647226	REDUCE cov: 788 ft: 1739 corp: 388/746Kb lim: 65536 exec/s: 103993 rss: 886Mb L: 1142/60462 MS: 2 PersAutoDict-EraseBytes- DE: "\304^\343\016"-
#11647347	REDUCE cov: 788 ft: 1739 corp: 388/746Kb lim: 65536 exec/s: 103994 rss: 887Mb L: 123/60462 MS: 1 EraseBytes-
#11647516	REDUCE cov: 788 ft: 1739 corp: 388/744Kb lim: 65536 exec/s: 103075 rss: 888Mb L: 25867/60462 MS: 4 ManualDict-ChangeASCIIInt-InsertRepeatedBytes-EraseBytes- DE: "=> parse certificate"-
#11647642	REDUCE cov: 788 ft: 1739 corp: 388/744Kb lim: 65536 exec/s: 103076 rss: 888Mb L: 62/60462 MS: 1 EraseBytes-
#11648606	REDUCE cov: 788 ft: 1740 corp: 389/745Kb lim: 65536 exec/s: 103085 rss: 891Mb L: 1089/60462 MS: 4 InsertByte-CrossOver-CopyPart-CrossOver-
#11649020	REDUCE cov: 788 ft: 1740 corp: 389/745Kb lim: 65536 exec/s: 103088 rss: 891Mb L: 104/60462 MS: 4 InsertByte-ChangeBit-InsertByte-EraseBytes-
#11649814	REDUCE cov: 788 ft: 1740 corp: 389/745Kb lim: 65536 exec/s: 103095 rss: 891Mb L: 617/60462 MS: 4 ChangeBit-ChangeBit-CMP-EraseBytes- DE: "\377\377\377\377\377\377\377\262"-
#11650146	REDUCE cov: 788 ft: 1740 corp: 389/745Kb lim: 65536 exec/s: 102194 rss: 891Mb L: 102/60462 MS: 2 InsertByte-EraseBytes-
#11650207	REDUCE cov: 788 ft: 1740 corp: 389/745Kb lim: 65536 exec/s: 102194 rss: 891Mb L: 96/60462 MS: 1 EraseBytes-
#11651398	REDUCE cov: 788 ft: 1740 corp: 389/745Kb lim: 65536 exec/s: 102205 rss: 895Mb L: 3377/60462 MS: 1 EraseBytes-
#11651609	REDUCE cov: 788 ft: 1740 corp: 389/745Kb lim: 65536 exec/s: 102207 rss: 895Mb L: 321/60462 MS: 1 EraseBytes-
#11651870	REDUCE cov: 788 ft: 1740 corp: 389/744Kb lim: 65536 exec/s: 102209 rss: 895Mb L: 3187/60462 MS: 1 EraseBytes-
#11652241	REDUCE cov: 788 ft: 1740 corp: 389/744Kb lim: 65536 exec/s: 102212 rss: 895Mb L: 88/60462 MS: 1 EraseBytes-
#11652448	REDUCE cov: 788 ft: 1741 corp: 390/745Kb lim: 65536 exec/s: 102214 rss: 895Mb L: 485/60462 MS: 2 ShuffleBytes-InsertByte-
#11652480	REDUCE cov: 788 ft: 1741 corp: 390/745Kb lim: 65536 exec/s: 102214 rss: 895Mb L: 340/60462 MS: 2 PersAutoDict-EraseBytes- DE: "AES-256-KW"-
#11652666	REDUCE cov: 788 ft: 1741 corp: 390/745Kb lim: 65536 exec/s: 102216 rss: 895Mb L: 1048/60462 MS: 1 EraseBytes-
#11652777	REDUCE cov: 788 ft: 1741 corp: 390/744Kb lim: 65536 exec/s: 102217 rss: 895Mb L: 2836/60462 MS: 1 EraseBytes-
#11652998	REDUCE cov: 788 ft: 1741 corp: 390/744Kb lim: 65536 exec/s: 102219 rss: 895Mb L: 909/60462 MS: 1 EraseBytes-
#11653010	REDUCE cov: 788 ft: 1741 corp: 390/744Kb lim: 65536 exec/s: 102219 rss: 895Mb L: 104/60462 MS: 2 InsertByte-EraseBytes-
#11653379	REDUCE cov: 788 ft: 1741 corp: 390/744Kb lim: 65536 exec/s: 102222 rss: 895Mb L: 54790/60462 MS: 4 CMP-PersAutoDict-CrossOver-EraseBytes- DE: "U\035#"-"DHM - Bad input parameters"-
#11653507	REDUCE cov: 788 ft: 1741 corp: 390/744Kb lim: 65536 exec/s: 102223 rss: 895Mb L: 1098/60462 MS: 3 ChangeByte-ChangeBinInt-EraseBytes-
#11653536	REDUCE cov: 788 ft: 1741 corp: 390/744Kb lim: 65536 exec/s: 102224 rss: 895Mb L: 998/60462 MS: 4 InsertByte-ShuffleBytes-ChangeByte-EraseBytes-
#11653744	REDUCE cov: 788 ft: 1741 corp: 390/744Kb lim: 65536 exec/s: 101336 rss: 895Mb L: 1036/60462 MS: 3 ManualDict-InsertByte-EraseBytes- DE: "AES-256-CCM*-NO-TAG"-
#11653795	REDUCE cov: 788 ft: 1741 corp: 390/743Kb lim: 65536 exec/s: 101337 rss: 895Mb L: 25501/60462 MS: 1 EraseBytes-
#11654333	REDUCE cov: 788 ft: 1741 corp: 390/743Kb lim: 65536 exec/s: 101342 rss: 896Mb L: 310/60462 MS: 3 ShuffleBytes-ChangeASCIIInt-EraseBytes-
#11654416	REDUCE cov: 788 ft: 1741 corp: 390/743Kb lim: 65536 exec/s: 101342 rss: 896Mb L: 255/60462 MS: 3 ShuffleBytes-ShuffleBytes-EraseBytes-
#11655055	REDUCE cov: 788 ft: 1742 corp: 391/744Kb lim: 65536 exec/s: 101348 rss: 897Mb L: 515/60462 MS: 4 ShuffleBytes-ChangeBinInt-InsertByte-ManualDict- DE: "(extended) key usage extension"-
#11655417	REDUCE cov: 788 ft: 1742 corp: 391/743Kb lim: 65536 exec/s: 101351 rss: 898Mb L: 360/60462 MS: 2 ChangeBinInt-EraseBytes-
#11655800	REDUCE cov: 788 ft: 1742 corp: 391/743Kb lim: 65536 exec/s: 101354 rss: 898Mb L: 237/60462 MS: 3 ShuffleBytes-ChangeByte-EraseBytes-
#11656039	REDUCE cov: 788 ft: 1742 corp: 391/743Kb lim: 65536 exec/s: 101356 rss: 898Mb L: 439/60462 MS: 4 ChangeBinInt-PersAutoDict-ChangeByte-EraseBytes- DE: "\372=\345Q"-
#11656040	REDUCE cov: 788 ft: 1742 corp: 391/743Kb lim: 65536 exec/s: 101356 rss: 898Mb L: 784/60462 MS: 1 EraseBytes-
#11656981	REDUCE cov: 788 ft: 1742 corp: 391/743Kb lim: 65536 exec/s: 100491 rss: 898Mb L: 243/60462 MS: 1 EraseBytes-
#11657472	REDUCE cov: 788 ft: 1742 corp: 391/743Kb lim: 65536 exec/s: 100495 rss: 900Mb L: 11899/60462 MS: 1 EraseBytes-
#11657653	REDUCE cov: 788 ft: 1742 corp: 391/743Kb lim: 65536 exec/s: 100497 rss: 900Mb L: 534/60462 MS: 1 EraseBytes-
#11658123	REDUCE cov: 788 ft: 1742 corp: 391/742Kb lim: 65536 exec/s: 100501 rss: 902Mb L: 10775/60462 MS: 5 PersAutoDict-CopyPart-PersAutoDict-ManualDict-EraseBytes- DE: "AES-256-CTR"-"\203\2547H"-"handshake hash"-
#11658400	REDUCE cov: 788 ft: 1742 corp: 391/742Kb lim: 65536 exec/s: 100503 rss: 903Mb L: 469/60462 MS: 2 InsertByte-EraseBytes-
#11658711	REDUCE cov: 788 ft: 1742 corp: 391/742Kb lim: 65536 exec/s: 100506 rss: 904Mb L: 143/60462 MS: 1 EraseBytes-
#11659007	REDUCE cov: 788 ft: 1742 corp: 391/742Kb lim: 65536 exec/s: 100508 rss: 904Mb L: 143/60462 MS: 1 EraseBytes-
#11659123	REDUCE cov: 788 ft: 1742 corp: 391/742Kb lim: 65536 exec/s: 100509 rss: 904Mb L: 1019/60462 MS: 1 EraseBytes-
#11659371	REDUCE cov: 788 ft: 1742 corp: 391/742Kb lim: 65536 exec/s: 100511 rss: 904Mb L: 57889/60462 MS: 3 ChangeASCIIInt-PersAutoDict-EraseBytes- DE: "*\206H\206\367\015\001\001\012"-
#11660164	REDUCE cov: 788 ft: 1742 corp: 391/741Kb lim: 65536 exec/s: 99659 rss: 904Mb L: 59895/59895 MS: 3 ShuffleBytes-CopyPart-EraseBytes-
#11660271	REDUCE cov: 788 ft: 1742 corp: 391/741Kb lim: 65536 exec/s: 99660 rss: 904Mb L: 1022/59895 MS: 2 ChangeByte-EraseBytes-
#11660513	REDUCE cov: 788 ft: 1742 corp: 391/741Kb lim: 65536 exec/s: 99662 rss: 904Mb L: 234/59895 MS: 2 CrossOver-EraseBytes-
#11660541	NEW    cov: 792 ft: 1746 corp: 392/742Kb lim: 65536 exec/s: 99662 rss: 904Mb L: 496/59895 MS: 3 ChangeByte-PersAutoDict-CMP- DE: "AES-192-KWP"-"Proc-Type: 4,ENCRYPTED"-
#11660729	REDUCE cov: 792 ft: 1746 corp: 392/741Kb lim: 65536 exec/s: 99664 rss: 904Mb L: 264/59895 MS: 3 EraseBytes-ShuffleBytes-ChangeByte-
#11661710	REDUCE cov: 792 ft: 1746 corp: 392/741Kb lim: 65536 exec/s: 99672 rss: 904Mb L: 705/59895 MS: 1 EraseBytes-
#11661982	REDUCE cov: 792 ft: 1747 corp: 393/747Kb lim: 65536 exec/s: 99675 rss: 904Mb L: 5797/59895 MS: 2 ChangeBit-CopyPart-
#11662950	REDUCE cov: 792 ft: 1747 corp: 393/747Kb lim: 65536 exec/s: 99683 rss: 905Mb L: 194/59895 MS: 3 ShuffleBytes-InsertRepeatedBytes-EraseBytes-
#11663366	REDUCE cov: 792 ft: 1747 corp: 393/747Kb lim: 65536 exec/s: 99686 rss: 905Mb L: 1464/59895 MS: 1 EraseBytes-
#11663434	REDUCE cov: 792 ft: 1747 corp: 393/747Kb lim: 65536 exec/s: 99687 rss: 905Mb L: 320/59895 MS: 3 CrossOver-ChangeBinInt-EraseBytes-
#11663546	NEW    cov: 792 ft: 1751 corp: 394/747Kb lim: 65536 exec/s: 99688 rss: 905Mb L: 734/59895 MS: 2 InsertRepeatedBytes-CopyPart-
#11663627	REDUCE cov: 792 ft: 1751 corp: 394/747Kb lim: 65536 exec/s: 98844 rss: 905Mb L: 57208/59895 MS: 1 EraseBytes-
#11664178	REDUCE cov: 792 ft: 1751 corp: 394/746Kb lim: 65536 exec/s: 98848 rss: 905Mb L: 58852/58852 MS: 1 EraseBytes-
#11664300	REDUCE cov: 792 ft: 1751 corp: 394/744Kb lim: 65536 exec/s: 98850 rss: 905Mb L: 44492/58852 MS: 2 CMP-EraseBytes- DE: "*:H\206\367\015\001\001\013"-
#11664737	REDUCE cov: 792 ft: 1751 corp: 394/744Kb lim: 65536 exec/s: 98853 rss: 905Mb L: 58770/58770 MS: 2 ChangeByte-EraseBytes-
#11665133	REDUCE cov: 792 ft: 1751 corp: 394/744Kb lim: 65536 exec/s: 98857 rss: 905Mb L: 653/58770 MS: 1 EraseBytes-
#11665144	REDUCE cov: 792 ft: 1751 corp: 394/744Kb lim: 65536 exec/s: 98857 rss: 905Mb L: 4923/58770 MS: 1 EraseBytes-
#11665155	REDUCE cov: 792 ft: 1754 corp: 395/744Kb lim: 65536 exec/s: 98857 rss: 905Mb L: 173/58770 MS: 1 CopyPart-
#11665603	REDUCE cov: 792 ft: 1754 corp: 395/744Kb lim: 65536 exec/s: 98861 rss: 906Mb L: 765/58770 MS: 3 PersAutoDict-ChangeASCIIInt-EraseBytes- DE: "should never happen"-
#11665965	REDUCE cov: 792 ft: 1754 corp: 395/743Kb lim: 65536 exec/s: 98864 rss: 906Mb L: 10311/58770 MS: 2 CopyPart-EraseBytes-
#11667927	REDUCE cov: 792 ft: 1754 corp: 395/743Kb lim: 65536 exec/s: 98049 rss: 907Mb L: 111/58770 MS: 2 ChangeASCIIInt-EraseBytes-
#11668601	REDUCE cov: 792 ft: 1754 corp: 395/743Kb lim: 65536 exec/s: 98055 rss: 907Mb L: 24998/58770 MS: 4 ManualDict-ShuffleBytes-PersAutoDict-EraseBytes- DE: "CAMELLIA-192-CCM"-";\316<>'\322`K"-
#11668847	REDUCE cov: 792 ft: 1754 corp: 395/743Kb lim: 65536 exec/s: 98057 rss: 907Mb L: 254/58770 MS: 1 EraseBytes-
#11668878	REDUCE cov: 792 ft: 1754 corp: 395/743Kb lim: 65536 exec/s: 98057 rss: 907Mb L: 465/58770 MS: 1 EraseBytes-
#11668890	REDUCE cov: 792 ft: 1754 corp: 395/743Kb lim: 65536 exec/s: 98057 rss: 907Mb L: 4665/58770 MS: 2 ManualDict-EraseBytes- DE: " bytes) failed"-
#11669601	REDUCE cov: 792 ft: 1754 corp: 395/743Kb lim: 65536 exec/s: 98063 rss: 908Mb L: 168/58770 MS: 1 EraseBytes-
#11669787	REDUCE cov: 792 ft: 1754 corp: 395/743Kb lim: 65536 exec/s: 98065 rss: 908Mb L: 92/58770 MS: 1 EraseBytes-
#11670183	REDUCE cov: 792 ft: 1754 corp: 395/743Kb lim: 65536 exec/s: 98068 rss: 908Mb L: 59/58770 MS: 1 EraseBytes-
#11670875	REDUCE cov: 792 ft: 1754 corp: 395/743Kb lim: 65536 exec/s: 98074 rss: 909Mb L: 482/58770 MS: 2 ChangeByte-EraseBytes-
#11671039	REDUCE cov: 792 ft: 1754 corp: 395/743Kb lim: 65536 exec/s: 97258 rss: 909Mb L: 3001/58770 MS: 4 InsertRepeatedBytes-ChangeBinInt-InsertRepeatedBytes-EraseBytes-
#11671536	REDUCE cov: 792 ft: 1754 corp: 395/742Kb lim: 65536 exec/s: 97262 rss: 909Mb L: 1043/58770 MS: 2 ShuffleBytes-EraseBytes-
#11671653	REDUCE cov: 795 ft: 1757 corp: 396/743Kb lim: 65536 exec/s: 97263 rss: 909Mb L: 571/58770 MS: 2 CrossOver-PersAutoDict- DE: "-----END CERTIFICATE-----"-
#11671772	REDUCE cov: 795 ft: 1757 corp: 396/743Kb lim: 65536 exec/s: 97264 rss: 909Mb L: 2581/58770 MS: 4 InsertByte-CrossOver-InsertRepeatedBytes-EraseBytes-
#11672360	REDUCE cov: 795 ft: 1757 corp: 396/743Kb lim: 65536 exec/s: 97269 rss: 909Mb L: 927/58770 MS: 3 ChangeByte-ChangeBit-EraseBytes-
#11672653	REDUCE cov: 795 ft: 1757 corp: 396/742Kb lim: 65536 exec/s: 97272 rss: 909Mb L: 5519/58770 MS: 3 InsertByte-InsertRepeatedBytes-EraseBytes-
#11673200	REDUCE cov: 795 ft: 1757 corp: 396/742Kb lim: 65536 exec/s: 97276 rss: 909Mb L: 105/58770 MS: 2 ChangeBinInt-EraseBytes-
#11673333	REDUCE cov: 795 ft: 1758 corp: 397/744Kb lim: 65536 exec/s: 97277 rss: 909Mb L: 1495/58770 MS: 3 PersAutoDict-ManualDict-CopyPart- DE: "\352C*T"-"3DES 2 key"-
#11673955	NEW    cov: 795 ft: 1759 corp: 398/745Kb lim: 65536 exec/s: 97282 rss: 910Mb L: 1520/58770 MS: 2 InsertRepeatedBytes-CMP- DE: "\001\000\000\000\000\000\002\346"-
#11674011	REDUCE cov: 795 ft: 1759 corp: 398/745Kb lim: 65536 exec/s: 97283 rss: 910Mb L: 89/58770 MS: 1 EraseBytes-
#11674335	REDUCE cov: 795 ft: 1759 corp: 398/745Kb lim: 65536 exec/s: 97286 rss: 910Mb L: 515/58770 MS: 4 CMP-CMP-ChangeBinInt-EraseBytes- DE: "\377\377\377/"-"-----END CERTIFICATE-----"-
#11674881	REDUCE cov: 795 ft: 1759 corp: 398/745Kb lim: 65536 exec/s: 97290 rss: 911Mb L: 56936/58770 MS: 1 EraseBytes-
#11674967	REDUCE cov: 795 ft: 1759 corp: 398/744Kb lim: 65536 exec/s: 97291 rss: 911Mb L: 392/58770 MS: 1 EraseBytes-
#11674968	REDUCE cov: 795 ft: 1760 corp: 399/745Kb lim: 65536 exec/s: 97291 rss: 911Mb L: 155/58770 MS: 1 ManualDict- DE: "swcFdsn6MWwINP+Nwmw4AEPpVJevUEvRQbqVMVoLlw=="-
#11675024	REDUCE cov: 795 ft: 1760 corp: 399/745Kb lim: 65536 exec/s: 97291 rss: 911Mb L: 1378/58770 MS: 1 EraseBytes-
#11675242	REDUCE cov: 795 ft: 1760 corp: 399/744Kb lim: 65536 exec/s: 96489 rss: 911Mb L: 801/58770 MS: 3 ManualDict-ChangeBinInt-EraseBytes- DE: " (bb), "-
#11675362	REDUCE cov: 795 ft: 1761 corp: 400/757Kb lim: 65536 exec/s: 96490 rss: 911Mb L: 12657/58770 MS: 5 InsertByte-CopyPart-InsertByte-PersAutoDict-CopyPart- DE: "<= write new session ticket"-
#11675453	REDUCE cov: 795 ft: 1761 corp: 400/755Kb lim: 65536 exec/s: 96491 rss: 911Mb L: 40588/58770 MS: 1 EraseBytes-
#11675510	REDUCE cov: 795 ft: 1761 corp: 400/755Kb lim: 65536 exec/s: 96491 rss: 911Mb L: 1441/58770 MS: 2 PersAutoDict-EraseBytes- DE: "\352C*T"-
#11675832	REDUCE cov: 795 ft: 1761 corp: 400/755Kb lim: 65536 exec/s: 96494 rss: 911Mb L: 90/58770 MS: 2 CopyPart-EraseBytes-
#11675998	REDUCE cov: 795 ft: 1761 corp: 400/755Kb lim: 65536 exec/s: 96495 rss: 911Mb L: 154/58770 MS: 1 EraseBytes-
#11676579	REDUCE cov: 795 ft: 1761 corp: 400/755Kb lim: 65536 exec/s: 96500 rss: 911Mb L: 172/58770 MS: 1 EraseBytes-
#11676646	REDUCE cov: 795 ft: 1761 corp: 400/755Kb lim: 65536 exec/s: 96501 rss: 911Mb L: 728/58770 MS: 2 PersAutoDict-EraseBytes- DE: "=> write certificate"-
#11677367	REDUCE cov: 795 ft: 1761 corp: 400/755Kb lim: 65536 exec/s: 96507 rss: 911Mb L: 713/58770 MS: 1 EraseBytes-
#11677669	REDUCE cov: 795 ft: 1761 corp: 400/755Kb lim: 65536 exec/s: 96509 rss: 911Mb L: 1338/58770 MS: 2 ChangeBinInt-EraseBytes-
#11677818	REDUCE cov: 795 ft: 1761 corp: 400/755Kb lim: 65536 exec/s: 96510 rss: 911Mb L: 4479/58770 MS: 4 InsertByte-ShuffleBytes-ManualDict-EraseBytes- DE: "0066A198186C18C10B2F5ED9B522752A"-
#11678631	REDUCE cov: 795 ft: 1761 corp: 400/755Kb lim: 65536 exec/s: 96517 rss: 911Mb L: 6016/58770 MS: 3 ChangeByte-ChangeBit-EraseBytes-
#11679312	REDUCE cov: 795 ft: 1761 corp: 400/755Kb lim: 65536 exec/s: 96523 rss: 912Mb L: 652/58770 MS: 1 EraseBytes-
#11679360	REDUCE cov: 795 ft: 1761 corp: 400/755Kb lim: 65536 exec/s: 96523 rss: 912Mb L: 499/58770 MS: 3 ChangeASCIIInt-CMP-EraseBytes- DE: "\001\000\000\000\000\000\000\015"-
#11679391	REDUCE cov: 795 ft: 1761 corp: 400/755Kb lim: 65536 exec/s: 96523 rss: 912Mb L: 78/58770 MS: 1 EraseBytes-
#11679460	REDUCE cov: 795 ft: 1761 corp: 400/754Kb lim: 65536 exec/s: 96524 rss: 912Mb L: 4639/58770 MS: 4 ShuffleBytes-InsertRepeatedBytes-ChangeBit-EraseBytes-
#11679462	REDUCE cov: 795 ft: 1761 corp: 400/754Kb lim: 65536 exec/s: 96524 rss: 912Mb L: 618/58770 MS: 2 ChangeASCIIInt-EraseBytes-
#11679873	REDUCE cov: 795 ft: 1761 corp: 400/754Kb lim: 65536 exec/s: 95736 rss: 912Mb L: 2020/58770 MS: 1 EraseBytes-
#11680264	REDUCE cov: 795 ft: 1761 corp: 400/754Kb lim: 65536 exec/s: 95739 rss: 912Mb L: 149/58770 MS: 1 EraseBytes-
#11680316	REDUCE cov: 795 ft: 1761 corp: 400/754Kb lim: 65536 exec/s: 95740 rss: 912Mb L: 3115/58770 MS: 2 ChangeASCIIInt-EraseBytes-
#11680522	REDUCE cov: 795 ft: 1761 corp: 400/754Kb lim: 65536 exec/s: 95741 rss: 912Mb L: 208/58770 MS: 1 EraseBytes-
#11680605	REDUCE cov: 795 ft: 1761 corp: 400/754Kb lim: 65536 exec/s: 95742 rss: 912Mb L: 411/58770 MS: 3 ChangeBinInt-ChangeByte-EraseBytes-
#11680756	REDUCE cov: 795 ft: 1764 corp: 401/754Kb lim: 65536 exec/s: 95743 rss: 912Mb L: 671/58770 MS: 1 CopyPart-
#11681277	REDUCE cov: 795 ft: 1764 corp: 401/754Kb lim: 65536 exec/s: 95748 rss: 912Mb L: 109/58770 MS: 1 EraseBytes-
#11681591	REDUCE cov: 795 ft: 1764 corp: 401/754Kb lim: 65536 exec/s: 95750 rss: 912Mb L: 653/58770 MS: 4 ChangeBit-CopyPart-InsertByte-EraseBytes-
#11681724	NEW    cov: 795 ft: 1765 corp: 402/755Kb lim: 65536 exec/s: 95751 rss: 912Mb L: 992/58770 MS: 3 ShuffleBytes-InsertByte-CrossOver-
#11681781	REDUCE cov: 795 ft: 1768 corp: 403/756Kb lim: 65536 exec/s: 95752 rss: 912Mb L: 1103/58770 MS: 2 InsertByte-CopyPart-
#11681922	REDUCE cov: 795 ft: 1768 corp: 403/756Kb lim: 65536 exec/s: 95753 rss: 912Mb L: 82/58770 MS: 1 EraseBytes-
#11682048	REDUCE cov: 795 ft: 1768 corp: 403/756Kb lim: 65536 exec/s: 95754 rss: 912Mb L: 626/58770 MS: 1 EraseBytes-
#11682334	REDUCE cov: 795 ft: 1768 corp: 403/756Kb lim: 65536 exec/s: 95756 rss: 912Mb L: 110/58770 MS: 1 EraseBytes-
#11682970	REDUCE cov: 795 ft: 1768 corp: 403/756Kb lim: 65536 exec/s: 95762 rss: 912Mb L: 598/58770 MS: 1 EraseBytes-
#11683321	REDUCE cov: 795 ft: 1768 corp: 403/756Kb lim: 65536 exec/s: 95764 rss: 912Mb L: 2620/58770 MS: 1 EraseBytes-
#11684022	REDUCE cov: 795 ft: 1768 corp: 403/756Kb lim: 65536 exec/s: 94992 rss: 912Mb L: 1052/58770 MS: 1 EraseBytes-
#11684340	REDUCE cov: 795 ft: 1768 corp: 403/756Kb lim: 65536 exec/s: 94994 rss: 912Mb L: 229/58770 MS: 3 CMP-InsertByte-EraseBytes- DE: "Proc-Type: 4,ENCRYPTED"-
#11684402	REDUCE cov: 795 ft: 1772 corp: 404/758Kb lim: 65536 exec/s: 94995 rss: 912Mb L: 2047/58770 MS: 2 ChangeBinInt-CopyPart-
#11684653	REDUCE cov: 795 ft: 1772 corp: 404/758Kb lim: 65536 exec/s: 94997 rss: 912Mb L: 256/58770 MS: 1 EraseBytes-
#11684677	REDUCE cov: 795 ft: 1772 corp: 404/758Kb lim: 65536 exec/s: 94997 rss: 912Mb L: 976/58770 MS: 4 ChangeBinInt-ShuffleBytes-ChangeBinInt-EraseBytes-
#11684713	REDUCE cov: 795 ft: 1772 corp: 404/758Kb lim: 65536 exec/s: 94997 rss: 912Mb L: 184/58770 MS: 1 EraseBytes-
#11684819	REDUCE cov: 795 ft: 1772 corp: 404/758Kb lim: 65536 exec/s: 94998 rss: 912Mb L: 93/58770 MS: 1 EraseBytes-
#11685785	REDUCE cov: 795 ft: 1772 corp: 404/758Kb lim: 65536 exec/s: 95006 rss: 912Mb L: 2417/58770 MS: 1 EraseBytes-
#11685881	REDUCE cov: 795 ft: 1772 corp: 404/758Kb lim: 65536 exec/s: 95007 rss: 912Mb L: 142/58770 MS: 1 EraseBytes-
#11685886	REDUCE cov: 795 ft: 1772 corp: 404/757Kb lim: 65536 exec/s: 95007 rss: 912Mb L: 1215/58770 MS: 5 ChangeBit-ChangeASCIIInt-ChangeBinInt-PersAutoDict-EraseBytes- DE: ")\000\000\000\000\000\000\000"-
#11686003	REDUCE cov: 795 ft: 1772 corp: 404/757Kb lim: 65536 exec/s: 95008 rss: 912Mb L: 1349/58770 MS: 2 InsertByte-EraseBytes-
#11686085	NEW    cov: 795 ft: 1775 corp: 405/758Kb lim: 65536 exec/s: 95008 rss: 912Mb L: 1160/58770 MS: 2 ChangeByte-CopyPart-
#11686821	REDUCE cov: 795 ft: 1775 corp: 405/758Kb lim: 65536 exec/s: 95014 rss: 912Mb L: 162/58770 MS: 1 EraseBytes-
#11686862	REDUCE cov: 795 ft: 1775 corp: 405/758Kb lim: 65536 exec/s: 95015 rss: 912Mb L: 1764/58770 MS: 1 EraseBytes-
#11687189	REDUCE cov: 795 ft: 1775 corp: 405/758Kb lim: 65536 exec/s: 95017 rss: 912Mb L: 199/58770 MS: 2 InsertRepeatedBytes-EraseBytes-
#11687399	REDUCE cov: 795 ft: 1775 corp: 405/757Kb lim: 65536 exec/s: 95019 rss: 912Mb L: 10035/58770 MS: 5 ChangeASCIIInt-CopyPart-ChangeBinInt-ManualDict-EraseBytes- DE: "AES-192-CFB128"-
#11687435	REDUCE cov: 795 ft: 1775 corp: 405/757Kb lim: 65536 exec/s: 95019 rss: 912Mb L: 655/58770 MS: 1 EraseBytes-
#11687516	REDUCE cov: 795 ft: 1775 corp: 405/757Kb lim: 65536 exec/s: 95020 rss: 913Mb L: 968/58770 MS: 1 EraseBytes-
#11687517	REDUCE cov: 795 ft: 1775 corp: 405/757Kb lim: 65536 exec/s: 95020 rss: 913Mb L: 495/58770 MS: 1 EraseBytes-
#11687623	NEW    cov: 795 ft: 1778 corp: 406/758Kb lim: 65536 exec/s: 95021 rss: 913Mb L: 1678/58770 MS: 1 CopyPart-
#11688029	REDUCE cov: 795 ft: 1778 corp: 406/758Kb lim: 65536 exec/s: 95024 rss: 913Mb L: 1620/58770 MS: 1 EraseBytes-
#11688042	REDUCE cov: 795 ft: 1778 corp: 406/758Kb lim: 65536 exec/s: 95024 rss: 913Mb L: 371/58770 MS: 3 ManualDict-ChangeByte-EraseBytes- DE: "0x10"-
#11688054	REDUCE cov: 795 ft: 1778 corp: 406/758Kb lim: 65536 exec/s: 95024 rss: 913Mb L: 330/58770 MS: 2 CrossOver-EraseBytes-
#11688371	REDUCE cov: 795 ft: 1778 corp: 406/758Kb lim: 65536 exec/s: 95027 rss: 913Mb L: 1542/58770 MS: 2 InsertRepeatedBytes-EraseBytes-
#11688669	REDUCE cov: 795 ft: 1778 corp: 406/758Kb lim: 65536 exec/s: 94263 rss: 913Mb L: 168/58770 MS: 3 ChangeBinInt-CopyPart-EraseBytes-
#11688676	REDUCE cov: 795 ft: 1778 corp: 406/753Kb lim: 65536 exec/s: 94263 rss: 913Mb L: 51424/58770 MS: 2 ChangeByte-EraseBytes-
#11689190	REDUCE cov: 795 ft: 1778 corp: 406/752Kb lim: 65536 exec/s: 94267 rss: 913Mb L: 929/58770 MS: 4 ChangeByte-ShuffleBytes-ChangeASCIIInt-EraseBytes-
	NEW_FUNC[1/1]: 0xaaaac3f5fd78 in pem_get_iv /b/mbedtls/library/pem.c:49
#11689373	REDUCE cov: 800 ft: 1783 corp: 407/753Kb lim: 65536 exec/s: 94269 rss: 913Mb L: 484/58770 MS: 3 CMP-ChangeASCIIInt-CMP- DE: "\0010"-"DEK-Info: DES-CBC,"-
#11689404	REDUCE cov: 800 ft: 1783 corp: 407/753Kb lim: 65536 exec/s: 94269 rss: 913Mb L: 756/58770 MS: 1 EraseBytes-
#11689825	REDUCE cov: 800 ft: 1783 corp: 407/753Kb lim: 65536 exec/s: 94272 rss: 913Mb L: 249/58770 MS: 1 EraseBytes-
#11690036	REDUCE cov: 800 ft: 1783 corp: 407/753Kb lim: 65536 exec/s: 94274 rss: 913Mb L: 357/58770 MS: 1 EraseBytes-
#11690332	REDUCE cov: 800 ft: 1783 corp: 407/753Kb lim: 65536 exec/s: 94276 rss: 913Mb L: 478/58770 MS: 1 EraseBytes-
#11691024	REDUCE cov: 800 ft: 1783 corp: 407/752Kb lim: 65536 exec/s: 94282 rss: 913Mb L: 1137/58770 MS: 2 ChangeByte-EraseBytes-
#11691070	REDUCE cov: 800 ft: 1783 corp: 407/751Kb lim: 65536 exec/s: 94282 rss: 913Mb L: 50182/58770 MS: 1 EraseBytes-
#11691153	REDUCE cov: 800 ft: 1783 corp: 407/751Kb lim: 65536 exec/s: 94283 rss: 913Mb L: 596/58770 MS: 3 CopyPart-PersAutoDict-EraseBytes- DE: "U\235%"-
#11691231	REDUCE cov: 800 ft: 1783 corp: 407/751Kb lim: 65536 exec/s: 94284 rss: 913Mb L: 930/58770 MS: 3 InsertByte-InsertByte-EraseBytes-
#11691468	REDUCE cov: 800 ft: 1783 corp: 407/751Kb lim: 65536 exec/s: 94286 rss: 913Mb L: 836/58770 MS: 2 ShuffleBytes-EraseBytes-
#11691564	REDUCE cov: 800 ft: 1783 corp: 407/751Kb lim: 65536 exec/s: 94286 rss: 913Mb L: 484/58770 MS: 1 EraseBytes-
#11691725	REDUCE cov: 800 ft: 1783 corp: 407/751Kb lim: 65536 exec/s: 94288 rss: 913Mb L: 2336/58770 MS: 1 EraseBytes-
#11692321	REDUCE cov: 800 ft: 1783 corp: 407/750Kb lim: 65536 exec/s: 94292 rss: 913Mb L: 923/58770 MS: 1 EraseBytes-
#11692388	REDUCE cov: 800 ft: 1783 corp: 407/750Kb lim: 65536 exec/s: 94293 rss: 913Mb L: 9615/58770 MS: 2 ShuffleBytes-EraseBytes-
#11692804	REDUCE cov: 800 ft: 1783 corp: 407/750Kb lim: 65536 exec/s: 94296 rss: 913Mb L: 608/58770 MS: 1 EraseBytes-
#11693585	REDUCE cov: 800 ft: 1783 corp: 407/750Kb lim: 65536 exec/s: 93548 rss: 913Mb L: 478/58770 MS: 1 EraseBytes-
#11693656	REDUCE cov: 800 ft: 1783 corp: 407/750Kb lim: 65536 exec/s: 93549 rss: 913Mb L: 435/58770 MS: 1 EraseBytes-
#11693955	REDUCE cov: 800 ft: 1783 corp: 407/750Kb lim: 65536 exec/s: 93551 rss: 913Mb L: 138/58770 MS: 4 ChangeBit-ManualDict-InsertByte-EraseBytes- DE: "mbedtls/cipher.h"-
#11694009	REDUCE cov: 800 ft: 1783 corp: 407/750Kb lim: 65536 exec/s: 93552 rss: 913Mb L: 2328/58770 MS: 4 CopyPart-InsertByte-CopyPart-EraseBytes-
#11694641	REDUCE cov: 800 ft: 1783 corp: 407/750Kb lim: 65536 exec/s: 93557 rss: 913Mb L: 599/58770 MS: 2 CopyPart-EraseBytes-
#11694642	REDUCE cov: 800 ft: 1783 corp: 407/750Kb lim: 65536 exec/s: 93557 rss: 913Mb L: 1664/58770 MS: 1 EraseBytes-
#11694884	REDUCE cov: 800 ft: 1783 corp: 407/750Kb lim: 65536 exec/s: 93559 rss: 913Mb L: 362/58770 MS: 2 ManualDict-EraseBytes- DE: "skip parse certificate verify"-
#11695135	REDUCE cov: 800 ft: 1783 corp: 407/750Kb lim: 65536 exec/s: 93561 rss: 913Mb L: 222/58770 MS: 1 EraseBytes-
#11695191	REDUCE cov: 800 ft: 1783 corp: 407/749Kb lim: 65536 exec/s: 93561 rss: 913Mb L: 12495/58770 MS: 1 EraseBytes-
#11695232	REDUCE cov: 800 ft: 1784 corp: 408/750Kb lim: 65536 exec/s: 93561 rss: 913Mb L: 499/58770 MS: 1 CrossOver-
#11695807	REDUCE cov: 800 ft: 1784 corp: 408/750Kb lim: 65536 exec/s: 93566 rss: 913Mb L: 94/58770 MS: 5 ChangeBit-ManualDict-ChangeByte-InsertByte-EraseBytes- DE: "mbedtls/lms.h"-
#11695814	REDUCE cov: 800 ft: 1784 corp: 408/750Kb lim: 65536 exec/s: 93566 rss: 913Mb L: 106/58770 MS: 2 ChangeBit-EraseBytes-
#11695866	REDUCE cov: 800 ft: 1784 corp: 408/750Kb lim: 65536 exec/s: 93566 rss: 913Mb L: 320/58770 MS: 2 ChangeByte-EraseBytes-
#11695912	REDUCE cov: 800 ft: 1784 corp: 408/750Kb lim: 65536 exec/s: 93567 rss: 913Mb L: 468/58770 MS: 1 EraseBytes-
#11695978	REDUCE cov: 800 ft: 1787 corp: 409/751Kb lim: 65536 exec/s: 93567 rss: 913Mb L: 1528/58770 MS: 1 CopyPart-
#11696059	REDUCE cov: 800 ft: 1787 corp: 409/751Kb lim: 65536 exec/s: 93568 rss: 913Mb L: 416/58770 MS: 1 EraseBytes-
#11696125	REDUCE cov: 800 ft: 1787 corp: 409/751Kb lim: 65536 exec/s: 93569 rss: 913Mb L: 270/58770 MS: 1 EraseBytes-
#11696383	REDUCE cov: 800 ft: 1787 corp: 409/751Kb lim: 65536 exec/s: 93571 rss: 913Mb L: 2394/58770 MS: 3 ChangeBinInt-InsertRepeatedBytes-EraseBytes-
#11696419	REDUCE cov: 800 ft: 1787 corp: 409/751Kb lim: 65536 exec/s: 93571 rss: 913Mb L: 418/58770 MS: 1 EraseBytes-
#11696775	REDUCE cov: 800 ft: 1787 corp: 409/751Kb lim: 65536 exec/s: 93574 rss: 913Mb L: 1425/58770 MS: 1 EraseBytes-
#11697167	REDUCE cov: 800 ft: 1787 corp: 409/751Kb lim: 65536 exec/s: 93577 rss: 913Mb L: 213/58770 MS: 2 ChangeByte-EraseBytes-
#11697324	REDUCE cov: 800 ft: 1787 corp: 409/751Kb lim: 65536 exec/s: 93578 rss: 913Mb L: 466/58770 MS: 2 ChangeBit-EraseBytes-
#11697336	REDUCE cov: 800 ft: 1787 corp: 409/751Kb lim: 65536 exec/s: 93578 rss: 913Mb L: 355/58770 MS: 2 ChangeBit-EraseBytes-
#11697655	REDUCE cov: 800 ft: 1787 corp: 409/751Kb lim: 65536 exec/s: 93581 rss: 913Mb L: 661/58770 MS: 4 CMP-ChangeBit-CMP-EraseBytes- DE: "\356\3508^"-"\377\377\377\004"-
#11697806	REDUCE cov: 800 ft: 1787 corp: 409/749Kb lim: 65536 exec/s: 93582 rss: 913Mb L: 23298/58770 MS: 1 EraseBytes-
#11697959	REDUCE cov: 800 ft: 1787 corp: 409/749Kb lim: 65536 exec/s: 93583 rss: 913Mb L: 4591/58770 MS: 3 ChangeASCIIInt-ChangeByte-EraseBytes-
#11698226	REDUCE cov: 800 ft: 1787 corp: 409/749Kb lim: 65536 exec/s: 93585 rss: 913Mb L: 151/58770 MS: 2 ShuffleBytes-EraseBytes-
#11698275	REDUCE cov: 800 ft: 1787 corp: 409/749Kb lim: 65536 exec/s: 93586 rss: 913Mb L: 140/58770 MS: 4 PersAutoDict-InsertByte-CrossOver-EraseBytes- DE: "DES-CBC"-
#11698591	REDUCE cov: 800 ft: 1787 corp: 409/749Kb lim: 65536 exec/s: 92845 rss: 913Mb L: 188/58770 MS: 1 EraseBytes-
#11698620	REDUCE cov: 800 ft: 1787 corp: 409/749Kb lim: 65536 exec/s: 92846 rss: 913Mb L: 230/58770 MS: 4 ChangeASCIIInt-ChangeBit-ChangeASCIIInt-EraseBytes-
#11698979	REDUCE cov: 800 ft: 1787 corp: 409/749Kb lim: 65536 exec/s: 92849 rss: 913Mb L: 619/58770 MS: 4 ShuffleBytes-ChangeBinInt-InsertByte-EraseBytes-
#11699523	REDUCE cov: 800 ft: 1787 corp: 409/748Kb lim: 65536 exec/s: 92853 rss: 913Mb L: 39460/58770 MS: 4 ChangeByte-ChangeASCIIInt-CrossOver-EraseBytes-
#11699822	REDUCE cov: 800 ft: 1787 corp: 409/748Kb lim: 65536 exec/s: 92855 rss: 913Mb L: 690/58770 MS: 4 CMP-ChangeASCIIInt-ChangeBit-EraseBytes- DE: "\230\000\000\000\000\000\000\000"-
#11701378	REDUCE cov: 800 ft: 1787 corp: 409/748Kb lim: 65536 exec/s: 92868 rss: 913Mb L: 372/58770 MS: 1 EraseBytes-
#11701940	REDUCE cov: 800 ft: 1787 corp: 409/748Kb lim: 65536 exec/s: 92872 rss: 913Mb L: 173/58770 MS: 2 PersAutoDict-EraseBytes- DE: "expected mac"-
#11702186	REDUCE cov: 800 ft: 1787 corp: 409/748Kb lim: 65536 exec/s: 92874 rss: 913Mb L: 2325/58770 MS: 1 EraseBytes-
#11702202	REDUCE cov: 800 ft: 1787 corp: 409/748Kb lim: 65536 exec/s: 92874 rss: 913Mb L: 1522/58770 MS: 1 EraseBytes-
#11702260	REDUCE cov: 800 ft: 1787 corp: 409/743Kb lim: 65536 exec/s: 92875 rss: 913Mb L: 34708/58770 MS: 3 PersAutoDict-ChangeASCIIInt-EraseBytes- DE: "skip parse certificate verify"-
#11702292	REDUCE cov: 800 ft: 1787 corp: 409/743Kb lim: 65536 exec/s: 92875 rss: 913Mb L: 1189/58770 MS: 2 InsertByte-EraseBytes-
#11703521	REDUCE cov: 800 ft: 1787 corp: 409/743Kb lim: 65536 exec/s: 92885 rss: 913Mb L: 1149/58770 MS: 4 InsertByte-ChangeBit-CMP-EraseBytes- DE: "-----BEGIN CERTIFICATE-----"-
#11703677	REDUCE cov: 800 ft: 1787 corp: 409/743Kb lim: 65536 exec/s: 92886 rss: 913Mb L: 2040/58770 MS: 1 EraseBytes-
#11703993	REDUCE cov: 800 ft: 1787 corp: 409/741Kb lim: 65536 exec/s: 92888 rss: 914Mb L: 48820/58770 MS: 1 EraseBytes-
#11704084	REDUCE cov: 800 ft: 1787 corp: 409/741Kb lim: 65536 exec/s: 92889 rss: 914Mb L: 80/58770 MS: 1 EraseBytes-
#11704445	REDUCE cov: 800 ft: 1792 corp: 410/742Kb lim: 65536 exec/s: 92892 rss: 914Mb L: 728/58770 MS: 1 CopyPart-
#11704449	REDUCE cov: 800 ft: 1792 corp: 410/742Kb lim: 65536 exec/s: 92892 rss: 914Mb L: 402/58770 MS: 4 ManualDict-PersAutoDict-ManualDict-EraseBytes- DE: ", "-"]\001\000\000\000\000\000\000"-"GN"-
#11704701	REDUCE cov: 800 ft: 1792 corp: 410/742Kb lim: 65536 exec/s: 92894 rss: 914Mb L: 1403/58770 MS: 2 PersAutoDict-EraseBytes- DE: "\377\377\377\004"-
#11705352	REDUCE cov: 800 ft: 1792 corp: 410/742Kb lim: 65536 exec/s: 92168 rss: 914Mb L: 133/58770 MS: 1 EraseBytes-
#11705376	REDUCE cov: 800 ft: 1792 corp: 410/741Kb lim: 65536 exec/s: 92168 rss: 914Mb L: 6451/58770 MS: 4 CMP-ManualDict-ManualDict-EraseBytes- DE: "(\000\000\000\000\000\000\000"-"mbedtls/ripemd160.h"-"FATAL: verification failed: "-
#11705753	REDUCE cov: 800 ft: 1792 corp: 410/741Kb lim: 65536 exec/s: 92171 rss: 914Mb L: 397/58770 MS: 2 InsertByte-EraseBytes-
#11706094	REDUCE cov: 800 ft: 1792 corp: 410/741Kb lim: 65536 exec/s: 92173 rss: 914Mb L: 258/58770 MS: 1 EraseBytes-
#11706152	REDUCE cov: 800 ft: 1792 corp: 410/741Kb lim: 65536 exec/s: 92174 rss: 914Mb L: 120/58770 MS: 3 ShuffleBytes-InsertByte-EraseBytes-
#11706344	REDUCE cov: 800 ft: 1792 corp: 410/741Kb lim: 65536 exec/s: 92175 rss: 914Mb L: 540/58770 MS: 2 ChangeBinInt-EraseBytes-
#11706767	REDUCE cov: 800 ft: 1792 corp: 410/741Kb lim: 65536 exec/s: 92179 rss: 914Mb L: 296/58770 MS: 3 ChangeByte-ChangeBit-EraseBytes-
#11707158	REDUCE cov: 800 ft: 1792 corp: 410/741Kb lim: 65536 exec/s: 92182 rss: 914Mb L: 498/58770 MS: 1 EraseBytes-
#11707159	REDUCE cov: 800 ft: 1792 corp: 410/741Kb lim: 65536 exec/s: 92182 rss: 914Mb L: 117/58770 MS: 1 EraseBytes-
#11707168	NEW    cov: 800 ft: 1797 corp: 411/742Kb lim: 65536 exec/s: 92182 rss: 914Mb L: 1266/58770 MS: 4 ChangeBit-ChangeBinInt-ChangeBit-CopyPart-
#11707254	REDUCE cov: 800 ft: 1797 corp: 411/742Kb lim: 65536 exec/s: 92183 rss: 914Mb L: 295/58770 MS: 1 EraseBytes-
#11707400	NEW    cov: 800 ft: 1802 corp: 412/743Kb lim: 65536 exec/s: 92184 rss: 914Mb L: 1266/58770 MS: 1 CopyPart-
#11707701	REDUCE cov: 800 ft: 1802 corp: 412/743Kb lim: 65536 exec/s: 92186 rss: 914Mb L: 4374/58770 MS: 1 EraseBytes-
#11708292	REDUCE cov: 800 ft: 1802 corp: 412/743Kb lim: 65536 exec/s: 92191 rss: 914Mb L: 381/58770 MS: 1 EraseBytes-
#11708572	REDUCE cov: 800 ft: 1802 corp: 412/743Kb lim: 65536 exec/s: 92193 rss: 914Mb L: 1104/58770 MS: 5 ChangeBit-ChangeByte-PersAutoDict-ChangeASCIIInt-EraseBytes- DE: "\342\340;\006"-
#11708899	REDUCE cov: 800 ft: 1802 corp: 412/742Kb lim: 65536 exec/s: 92196 rss: 914Mb L: 24811/58770 MS: 2 ChangeASCIIInt-EraseBytes-
#11708995	REDUCE cov: 800 ft: 1802 corp: 412/742Kb lim: 65536 exec/s: 92196 rss: 914Mb L: 5412/58770 MS: 1 EraseBytes-
#11709314	REDUCE cov: 800 ft: 1803 corp: 413/742Kb lim: 65536 exec/s: 92199 rss: 914Mb L: 541/58770 MS: 4 ChangeBinInt-ManualDict-CMP-CMP- DE: "ECF677152EF804370C1A305CAF3B5BF1"-"-Type: -----E\377\377\377\377\377"-"-----END CERTIFICATE-----"-
#11709606	REDUCE cov: 801 ft: 1804 corp: 414/743Kb lim: 65536 exec/s: 92201 rss: 914Mb L: 713/58770 MS: 2 ChangeByte-CMP- DE: "DEK-Info: DES-EDE3-CBC,"-
#11709825	REDUCE cov: 801 ft: 1804 corp: 414/743Kb lim: 65536 exec/s: 92203 rss: 914Mb L: 1321/58770 MS: 4 ShuffleBytes-ChangeByte-ShuffleBytes-EraseBytes-
#11709894	REDUCE cov: 801 ft: 1804 corp: 414/743Kb lim: 65536 exec/s: 92203 rss: 914Mb L: 616/58770 MS: 4 CrossOver-PersAutoDict-ChangeBit-EraseBytes- DE: "\252\370\234\273"-
#11710028	REDUCE cov: 801 ft: 1804 corp: 414/743Kb lim: 65536 exec/s: 92204 rss: 914Mb L: 754/58770 MS: 4 EraseBytes-ChangeASCIIInt-ShuffleBytes-ShuffleBytes-
#11710535	REDUCE cov: 801 ft: 1804 corp: 414/743Kb lim: 65536 exec/s: 92208 rss: 914Mb L: 254/58770 MS: 2 ChangeBinInt-EraseBytes-
#11710649	REDUCE cov: 801 ft: 1805 corp: 415/744Kb lim: 65536 exec/s: 92209 rss: 914Mb L: 1212/58770 MS: 4 ShuffleBytes-ChangeByte-InsertRepeatedBytes-CopyPart-
#11710678	REDUCE cov: 801 ft: 1805 corp: 415/744Kb lim: 65536 exec/s: 92210 rss: 914Mb L: 481/58770 MS: 4 ChangeBinInt-ChangeByte-ChangeASCIIInt-EraseBytes-
#11710744	REDUCE cov: 801 ft: 1805 corp: 415/744Kb lim: 65536 exec/s: 92210 rss: 914Mb L: 536/58770 MS: 1 EraseBytes-
#11710892	REDUCE cov: 801 ft: 1805 corp: 415/744Kb lim: 65536 exec/s: 92211 rss: 915Mb L: 869/58770 MS: 3 ChangeASCIIInt-ShuffleBytes-EraseBytes-
#11710948	REDUCE cov: 801 ft: 1805 corp: 415/743Kb lim: 65536 exec/s: 92212 rss: 915Mb L: 357/58770 MS: 1 EraseBytes-
#11711043	REDUCE cov: 801 ft: 1805 corp: 415/743Kb lim: 65536 exec/s: 92212 rss: 915Mb L: 216/58770 MS: 5 ChangeByte-ChangeBit-PersAutoDict-InsertByte-EraseBytes- DE: "\342\340;\006"-
#11711104	REDUCE cov: 801 ft: 1805 corp: 415/743Kb lim: 65536 exec/s: 92213 rss: 915Mb L: 472/58770 MS: 1 EraseBytes-
#11711400	REDUCE cov: 801 ft: 1805 corp: 415/743Kb lim: 65536 exec/s: 92215 rss: 915Mb L: 145/58770 MS: 1 EraseBytes-
#11711474	REDUCE cov: 801 ft: 1806 corp: 416/747Kb lim: 65536 exec/s: 92216 rss: 915Mb L: 3854/58770 MS: 4 InsertByte-CrossOver-CMP-CrossOver- DE: "\377\377\377\377\377\377\377\245"-
#11711837	REDUCE cov: 801 ft: 1806 corp: 416/747Kb lim: 65536 exec/s: 92219 rss: 915Mb L: 396/58770 MS: 3 CMP-CMP-EraseBytes- DE: "-----BEGIN CERTIFICATE-----"-"U\035#"-
#11712273	NEW    cov: 801 ft: 1812 corp: 417/754Kb lim: 65536 exec/s: 92222 rss: 915Mb L: 6936/58770 MS: 1 CopyPart-
#11712424	REDUCE cov: 801 ft: 1812 corp: 417/754Kb lim: 65536 exec/s: 92223 rss: 915Mb L: 333/58770 MS: 1 EraseBytes-
#11712510	REDUCE cov: 801 ft: 1812 corp: 417/754Kb lim: 65536 exec/s: 92224 rss: 915Mb L: 3693/58770 MS: 1 EraseBytes-
#11712837	REDUCE cov: 801 ft: 1812 corp: 417/753Kb lim: 65536 exec/s: 91506 rss: 915Mb L: 786/58770 MS: 2 ShuffleBytes-EraseBytes-
#11712953	REDUCE cov: 801 ft: 1812 corp: 417/753Kb lim: 65536 exec/s: 91507 rss: 915Mb L: 421/58770 MS: 1 EraseBytes-
#11713409	REDUCE cov: 801 ft: 1812 corp: 417/753Kb lim: 65536 exec/s: 91511 rss: 915Mb L: 138/58770 MS: 1 EraseBytes-
#11713805	REDUCE cov: 801 ft: 1812 corp: 417/753Kb lim: 65536 exec/s: 91514 rss: 915Mb L: 4420/58770 MS: 1 EraseBytes-
#11714112	REDUCE cov: 801 ft: 1812 corp: 417/753Kb lim: 65536 exec/s: 91516 rss: 915Mb L: 1375/58770 MS: 2 InsertByte-EraseBytes-
#11714313	REDUCE cov: 801 ft: 1812 corp: 417/753Kb lim: 65536 exec/s: 91518 rss: 915Mb L: 101/58770 MS: 1 EraseBytes-
#11714334	REDUCE cov: 801 ft: 1812 corp: 417/753Kb lim: 65536 exec/s: 91518 rss: 915Mb L: 249/58770 MS: 1 EraseBytes-
#11714370	REDUCE cov: 801 ft: 1812 corp: 417/751Kb lim: 65536 exec/s: 91518 rss: 915Mb L: 5066/58770 MS: 1 EraseBytes-
#11714602	REDUCE cov: 801 ft: 1812 corp: 417/750Kb lim: 65536 exec/s: 91520 rss: 915Mb L: 4209/58770 MS: 2 ShuffleBytes-EraseBytes-
#11714909	REDUCE cov: 801 ft: 1812 corp: 417/750Kb lim: 65536 exec/s: 91522 rss: 915Mb L: 228/58770 MS: 2 ChangeBinInt-EraseBytes-
#11714950	REDUCE cov: 801 ft: 1812 corp: 417/750Kb lim: 65536 exec/s: 91523 rss: 915Mb L: 1158/58770 MS: 1 EraseBytes-
#11715018	REDUCE cov: 802 ft: 1813 corp: 418/753Kb lim: 65536 exec/s: 91523 rss: 915Mb L: 2946/58770 MS: 3 ChangeBinInt-CMP-EraseBytes- DE: "DEK-Info: DES%EDE3-CBC,"-
#11715416	REDUCE cov: 802 ft: 1813 corp: 418/753Kb lim: 65536 exec/s: 91526 rss: 915Mb L: 222/58770 MS: 3 CopyPart-CMP-EraseBytes- DE: "-----END CERTIFICATE-----"-
#11715516	REDUCE cov: 802 ft: 1813 corp: 418/753Kb lim: 65536 exec/s: 91527 rss: 915Mb L: 3950/58770 MS: 5 InsertByte-ChangeBit-InsertRepeatedBytes-ChangeByte-EraseBytes-
#11715577	REDUCE cov: 802 ft: 1813 corp: 418/753Kb lim: 65536 exec/s: 91527 rss: 915Mb L: 84/58770 MS: 1 EraseBytes-
#11715683	REDUCE cov: 802 ft: 1813 corp: 418/753Kb lim: 65536 exec/s: 91528 rss: 915Mb L: 222/58770 MS: 1 EraseBytes-
#11715731	REDUCE cov: 802 ft: 1813 corp: 418/753Kb lim: 65536 exec/s: 91529 rss: 915Mb L: 275/58770 MS: 3 ChangeBinInt-ChangeBit-EraseBytes-
#11715988	REDUCE cov: 802 ft: 1813 corp: 418/753Kb lim: 65536 exec/s: 91531 rss: 916Mb L: 622/58770 MS: 2 InsertByte-EraseBytes-
#11716430	REDUCE cov: 802 ft: 1813 corp: 418/752Kb lim: 65536 exec/s: 91534 rss: 916Mb L: 3470/58770 MS: 2 CopyPart-EraseBytes-
#11716817	REDUCE cov: 802 ft: 1813 corp: 418/752Kb lim: 65536 exec/s: 91537 rss: 916Mb L: 298/58770 MS: 2 ChangeByte-EraseBytes-
#11716818	REDUCE cov: 802 ft: 1813 corp: 418/752Kb lim: 65536 exec/s: 91537 rss: 916Mb L: 785/58770 MS: 1 EraseBytes-
#11717604	REDUCE cov: 802 ft: 1813 corp: 418/752Kb lim: 65536 exec/s: 91543 rss: 917Mb L: 6199/58770 MS: 1 EraseBytes-
#11718220	NEW    cov: 802 ft: 1814 corp: 419/757Kb lim: 65536 exec/s: 91548 rss: 918Mb L: 5188/58770 MS: 1 CopyPart-
#11718287	REDUCE cov: 802 ft: 1814 corp: 419/757Kb lim: 65536 exec/s: 91549 rss: 918Mb L: 91/58770 MS: 2 InsertByte-EraseBytes-
#11718313	REDUCE cov: 802 ft: 1814 corp: 419/757Kb lim: 65536 exec/s: 91549 rss: 918Mb L: 296/58770 MS: 1 EraseBytes-
#11718715	REDUCE cov: 802 ft: 1814 corp: 419/757Kb lim: 65536 exec/s: 91552 rss: 918Mb L: 612/58770 MS: 2 ManualDict-EraseBytes- DE: "SHA1"-
#11719051	REDUCE cov: 802 ft: 1814 corp: 419/757Kb lim: 65536 exec/s: 91555 rss: 918Mb L: 81/58770 MS: 1 EraseBytes-
#11719092	REDUCE cov: 802 ft: 1814 corp: 419/756Kb lim: 65536 exec/s: 91555 rss: 918Mb L: 4370/58770 MS: 1 EraseBytes-
#11719183	REDUCE cov: 802 ft: 1815 corp: 420/758Kb lim: 65536 exec/s: 91556 rss: 918Mb L: 1556/58770 MS: 1 CopyPart-
#11719261	REDUCE cov: 802 ft: 1815 corp: 420/758Kb lim: 65536 exec/s: 91556 rss: 918Mb L: 410/58770 MS: 3 ChangeBit-ChangeByte-EraseBytes-
#11719320	REDUCE cov: 802 ft: 1816 corp: 421/762Kb lim: 65536 exec/s: 91557 rss: 918Mb L: 4393/58770 MS: 4 ChangeBinInt-InsertByte-PersAutoDict-CopyPart- DE: "Proc-Type: 4,ENCRYPTED"-
#11719347	REDUCE cov: 802 ft: 1816 corp: 421/762Kb lim: 65536 exec/s: 91557 rss: 918Mb L: 539/58770 MS: 2 ShuffleBytes-EraseBytes-
#11719393	NEW    cov: 802 ft: 1817 corp: 422/763Kb lim: 65536 exec/s: 91557 rss: 918Mb L: 1556/58770 MS: 1 CMP- DE: "\377\377\377\377"-
#11719578	REDUCE cov: 802 ft: 1817 corp: 422/763Kb lim: 65536 exec/s: 91559 rss: 918Mb L: 3746/58770 MS: 5 ChangeBinInt-ChangeByte-ManualDict-PersAutoDict-EraseBytes- DE: "=m"-"MD - Bad input parameters to function"-
#11719990	REDUCE cov: 802 ft: 1817 corp: 422/763Kb lim: 65536 exec/s: 91562 rss: 918Mb L: 695/58770 MS: 2 ShuffleBytes-EraseBytes-
#11720076	REDUCE cov: 802 ft: 1817 corp: 422/763Kb lim: 65536 exec/s: 91563 rss: 918Mb L: 22821/58770 MS: 1 EraseBytes-
#11720324	REDUCE cov: 802 ft: 1817 corp: 422/762Kb lim: 65536 exec/s: 91565 rss: 918Mb L: 4206/58770 MS: 3 ChangeByte-ManualDict-EraseBytes- DE: "CAMELLIA-192-CTR"-
#11720501	REDUCE cov: 802 ft: 1817 corp: 422/762Kb lim: 65536 exec/s: 91566 rss: 918Mb L: 255/58770 MS: 2 CMP-EraseBytes- DE: "*\206H\316=\004\003\001"-
#11720637	REDUCE cov: 802 ft: 1817 corp: 422/761Kb lim: 65536 exec/s: 91567 rss: 918Mb L: 2053/58770 MS: 1 EraseBytes-
#11720913	NEW    cov: 807 ft: 1822 corp: 423/763Kb lim: 65536 exec/s: 91569 rss: 918Mb L: 1556/58770 MS: 1 CopyPart-
#11721159	NEW    cov: 807 ft: 1823 corp: 424/766Kb lim: 65536 exec/s: 91571 rss: 918Mb L: 3081/58770 MS: 1 CopyPart-
#11721196	REDUCE cov: 807 ft: 1823 corp: 424/766Kb lim: 65536 exec/s: 91571 rss: 918Mb L: 3669/58770 MS: 2 ShuffleBytes-EraseBytes-
#11721305	REDUCE cov: 807 ft: 1823 corp: 424/766Kb lim: 65536 exec/s: 91572 rss: 918Mb L: 3785/58770 MS: 4 InsertByte-CMP-CMP-EraseBytes- DE: "U\035#"-"\377\377\377\377\377\377\377F"-
#11721386	REDUCE cov: 807 ft: 1823 corp: 424/765Kb lim: 65536 exec/s: 91573 rss: 918Mb L: 1340/58770 MS: 1 EraseBytes-
#11721440	REDUCE cov: 807 ft: 1823 corp: 424/765Kb lim: 65536 exec/s: 91573 rss: 918Mb L: 1063/58770 MS: 4 ManualDict-ChangeByte-ShuffleBytes-EraseBytes- DE: "400000000000000000000000000000000000000000000000"-
#11721592	REDUCE cov: 807 ft: 1825 corp: 425/771Kb lim: 65536 exec/s: 91574 rss: 919Mb L: 6310/58770 MS: 2 ManualDict-CopyPart- DE: "ticket is expired"-
#11721649	REDUCE cov: 807 ft: 1825 corp: 425/771Kb lim: 65536 exec/s: 90865 rss: 919Mb L: 111/58770 MS: 2 ShuffleBytes-EraseBytes-
#11721650	NEW    cov: 807 ft: 1826 corp: 426/780Kb lim: 65536 exec/s: 90865 rss: 919Mb L: 8941/58770 MS: 1 CopyPart-
#11721693	REDUCE cov: 807 ft: 1826 corp: 426/778Kb lim: 65536 exec/s: 90865 rss: 919Mb L: 7164/58770 MS: 3 ChangeBit-InsertRepeatedBytes-EraseBytes-
#11721745	REDUCE cov: 807 ft: 1826 corp: 426/778Kb lim: 65536 exec/s: 90866 rss: 919Mb L: 3591/58770 MS: 2 ChangeBinInt-EraseBytes-
#11721849	REDUCE cov: 807 ft: 1826 corp: 426/778Kb lim: 65536 exec/s: 90867 rss: 919Mb L: 1143/58770 MS: 4 CMP-ChangeByte-InsertRepeatedBytes-EraseBytes- DE: "-----BEGIN CERTIFICATE-----"-
#11721876	REDUCE cov: 807 ft: 1826 corp: 426/777Kb lim: 65536 exec/s: 90867 rss: 919Mb L: 1348/58770 MS: 2 ShuffleBytes-EraseBytes-
#11721902	REDUCE cov: 807 ft: 1826 corp: 426/777Kb lim: 65536 exec/s: 90867 rss: 919Mb L: 3852/58770 MS: 1 EraseBytes-
#11721908	REDUCE cov: 807 ft: 1826 corp: 426/777Kb lim: 65536 exec/s: 90867 rss: 919Mb L: 232/58770 MS: 1 EraseBytes-
#11723459	REDUCE cov: 807 ft: 1826 corp: 426/777Kb lim: 65536 exec/s: 90879 rss: 920Mb L: 1430/58770 MS: 1 EraseBytes-
#11723961	REDUCE cov: 807 ft: 1826 corp: 426/777Kb lim: 65536 exec/s: 90883 rss: 921Mb L: 350/58770 MS: 2 ChangeByte-EraseBytes-
#11724088	REDUCE cov: 807 ft: 1826 corp: 426/777Kb lim: 65536 exec/s: 90884 rss: 921Mb L: 186/58770 MS: 2 CopyPart-EraseBytes-
#11724210	REDUCE cov: 807 ft: 1826 corp: 426/777Kb lim: 65536 exec/s: 90885 rss: 921Mb L: 5310/58770 MS: 2 ChangeBinInt-EraseBytes-
#11724647	REDUCE cov: 807 ft: 1826 corp: 426/777Kb lim: 65536 exec/s: 90888 rss: 922Mb L: 1540/58770 MS: 2 CrossOver-EraseBytes-
#11724861	REDUCE cov: 807 ft: 1826 corp: 426/777Kb lim: 65536 exec/s: 90890 rss: 922Mb L: 6296/58770 MS: 4 CopyPart-PersAutoDict-ShuffleBytes-EraseBytes- DE: "Opaque"-
#11725066	REDUCE cov: 807 ft: 1826 corp: 426/777Kb lim: 65536 exec/s: 90891 rss: 922Mb L: 1263/58770 MS: 5 ChangeBit-ChangeBit-ChangeByte-ChangeBinInt-EraseBytes-
#11725089	REDUCE cov: 807 ft: 1827 corp: 427/788Kb lim: 65536 exec/s: 90892 rss: 922Mb L: 11790/58770 MS: 3 InsertByte-ManualDict-CopyPart- DE: "0x01"-
#11725265	REDUCE cov: 807 ft: 1827 corp: 427/788Kb lim: 65536 exec/s: 90893 rss: 922Mb L: 5969/58770 MS: 1 EraseBytes-
#11725323	REDUCE cov: 807 ft: 1827 corp: 427/786Kb lim: 65536 exec/s: 90893 rss: 922Mb L: 9848/58770 MS: 3 ManualDict-ChangeASCIIInt-EraseBytes- DE: "CAMELLIA-192-CTR"-
#11725603	REDUCE cov: 807 ft: 1832 corp: 428/790Kb lim: 65536 exec/s: 90896 rss: 922Mb L: 4004/58770 MS: 5 CrossOver-ChangeBinInt-InsertByte-ChangeBinInt-CopyPart-
#11725724	REDUCE cov: 807 ft: 1832 corp: 428/790Kb lim: 65536 exec/s: 90897 rss: 922Mb L: 141/58770 MS: 1 EraseBytes-
#11725795	NEW    cov: 809 ft: 1835 corp: 429/791Kb lim: 65536 exec/s: 90897 rss: 922Mb L: 728/58770 MS: 1 ChangeBinInt-
#11726092	REDUCE cov: 809 ft: 1835 corp: 429/791Kb lim: 65536 exec/s: 90899 rss: 922Mb L: 497/58770 MS: 2 ChangeBinInt-EraseBytes-
#11726102	REDUCE cov: 809 ft: 1836 corp: 430/801Kb lim: 65536 exec/s: 90900 rss: 922Mb L: 10307/58770 MS: 5 ChangeASCIIInt-ChangeBit-ShuffleBytes-PersAutoDict-CopyPart- DE: "\233\\\304%"-
#11726168	REDUCE cov: 809 ft: 1836 corp: 430/801Kb lim: 65536 exec/s: 90900 rss: 922Mb L: 816/58770 MS: 1 EraseBytes-
#11726532	NEW    cov: 809 ft: 1845 corp: 431/818Kb lim: 65536 exec/s: 90903 rss: 922Mb L: 17574/58770 MS: 4 InsertByte-InsertByte-ChangeBit-CopyPart-
#11726756	REDUCE cov: 809 ft: 1845 corp: 431/818Kb lim: 65536 exec/s: 90905 rss: 922Mb L: 248/58770 MS: 4 ShuffleBytes-CMP-ShuffleBytes-EraseBytes- DE: "DEK-Info: DESo"-
#11726978	NEW    cov: 809 ft: 1849 corp: 432/838Kb lim: 65536 exec/s: 90906 rss: 922Mb L: 20394/58770 MS: 2 ManualDict-CopyPart- DE: "PEM - No PEM header or footer found"-
#11727129	REDUCE cov: 809 ft: 1849 corp: 432/837Kb lim: 65536 exec/s: 90907 rss: 922Mb L: 1260/58770 MS: 1 EraseBytes-
#11727172	NEW    cov: 809 ft: 1858 corp: 433/877Kb lim: 65536 exec/s: 90908 rss: 922Mb L: 40858/58770 MS: 3 ChangeBinInt-InsertRepeatedBytes-CrossOver-
#11727423	REDUCE cov: 809 ft: 1858 corp: 433/877Kb lim: 65536 exec/s: 90910 rss: 923Mb L: 5765/58770 MS: 1 EraseBytes-
#11727651	REDUCE cov: 809 ft: 1858 corp: 433/876Kb lim: 65536 exec/s: 90912 rss: 923Mb L: 2568/58770 MS: 3 ShuffleBytes-InsertByte-EraseBytes-
#11727762	REDUCE cov: 809 ft: 1858 corp: 433/875Kb lim: 65536 exec/s: 90912 rss: 923Mb L: 9231/58770 MS: 1 EraseBytes-
#11727978	REDUCE cov: 809 ft: 1858 corp: 433/875Kb lim: 65536 exec/s: 90914 rss: 923Mb L: 3467/58770 MS: 1 EraseBytes-
#11728109	REDUCE cov: 809 ft: 1858 corp: 433/874Kb lim: 65536 exec/s: 90915 rss: 923Mb L: 1007/58770 MS: 1 EraseBytes-
#11728117	REDUCE cov: 809 ft: 1858 corp: 433/874Kb lim: 65536 exec/s: 90915 rss: 923Mb L: 885/58770 MS: 3 CMP-InsertByte-EraseBytes- DE: "DEK-I\377\377\377\377 DES-EDE3-CBC,"-
#11728206	REDUCE cov: 809 ft: 1858 corp: 433/874Kb lim: 65536 exec/s: 90916 rss: 923Mb L: 621/58770 MS: 4 ChangeByte-ChangeBinInt-ChangeBit-EraseBytes-
#11728243	REDUCE cov: 809 ft: 1858 corp: 433/874Kb lim: 65536 exec/s: 90916 rss: 924Mb L: 132/58770 MS: 2 PersAutoDict-EraseBytes- DE: "ARIA-128-CCM*-NO-TAG"-
#11728316	REDUCE cov: 809 ft: 1858 corp: 433/873Kb lim: 65536 exec/s: 90917 rss: 924Mb L: 7992/58770 MS: 3 EraseBytes-ManualDict-ChangeBit- DE: "CIPHER - Bad input parameters"-
#11728342	REDUCE cov: 809 ft: 1858 corp: 433/873Kb lim: 65536 exec/s: 90917 rss: 924Mb L: 555/58770 MS: 1 EraseBytes-
#11728422	REDUCE cov: 810 ft: 1863 corp: 434/875Kb lim: 65536 exec/s: 90918 rss: 924Mb L: 2040/58770 MS: 5 CrossOver-ShuffleBytes-PersAutoDict-PersAutoDict-ChangeByte- DE: "legacy renegotiation, breaking off handshake"-"\352C*T"-
#11728791	REDUCE cov: 810 ft: 1863 corp: 434/874Kb lim: 65536 exec/s: 90920 rss: 926Mb L: 9134/58770 MS: 4 ShuffleBytes-CopyPart-ShuffleBytes-EraseBytes-
#11728932	REDUCE cov: 810 ft: 1863 corp: 434/874Kb lim: 65536 exec/s: 90921 rss: 926Mb L: 243/58770 MS: 1 EraseBytes-
#11729041	REDUCE cov: 810 ft: 1863 corp: 434/874Kb lim: 65536 exec/s: 90922 rss: 926Mb L: 687/58770 MS: 4 ChangeByte-CrossOver-ChangeASCIIInt-EraseBytes-
#11729487	REDUCE cov: 810 ft: 1863 corp: 434/874Kb lim: 65536 exec/s: 90226 rss: 927Mb L: 3887/58770 MS: 1 EraseBytes-
#11729571	REDUCE cov: 810 ft: 1863 corp: 434/874Kb lim: 65536 exec/s: 90227 rss: 927Mb L: 902/58770 MS: 4 ShuffleBytes-CMP-PersAutoDict-EraseBytes- DE: "\377\377\377\377\377\377\377\022"-"mbedtls/sha512.h"-
#11729714	REDUCE cov: 810 ft: 1867 corp: 435/875Kb lim: 65536 exec/s: 90228 rss: 927Mb L: 1034/58770 MS: 3 ChangeBinInt-CrossOver-CopyPart-
#11729735	REDUCE cov: 810 ft: 1867 corp: 435/874Kb lim: 65536 exec/s: 90228 rss: 927Mb L: 3290/58770 MS: 1 EraseBytes-
#11729780	REDUCE cov: 810 ft: 1867 corp: 435/874Kb lim: 65536 exec/s: 90229 rss: 927Mb L: 3695/58770 MS: 5 ManualDict-ChangeBinInt-ManualDict-CrossOver-EraseBytes- DE: "mbedtls/psa_util.h"-"RSASSA-PSS"-
#11730001	NEW    cov: 810 ft: 1871 corp: 436/876Kb lim: 65536 exec/s: 90230 rss: 928Mb L: 1898/58770 MS: 1 CopyPart-
#11730080	REDUCE cov: 810 ft: 1871 corp: 436/876Kb lim: 65536 exec/s: 90231 rss: 928Mb L: 640/58770 MS: 4 InsertByte-ChangeBinInt-ChangeByte-EraseBytes-
#11730148	REDUCE cov: 810 ft: 1871 corp: 436/876Kb lim: 65536 exec/s: 90231 rss: 928Mb L: 7901/58770 MS: 3 CMP-EraseBytes-CopyPart- DE: "\000\000\000\000\000\000\000\001"-
#11730435	REDUCE cov: 810 ft: 1871 corp: 436/875Kb lim: 65536 exec/s: 90234 rss: 928Mb L: 526/58770 MS: 2 ChangeBinInt-EraseBytes-
#11730824	REDUCE cov: 810 ft: 1871 corp: 436/874Kb lim: 65536 exec/s: 90237 rss: 928Mb L: 8776/58770 MS: 4 ChangeBit-ChangeASCIIInt-ShuffleBytes-EraseBytes-
#11730930	REDUCE cov: 810 ft: 1871 corp: 436/874Kb lim: 65536 exec/s: 90237 rss: 928Mb L: 1255/58770 MS: 1 EraseBytes-
#11731034	REDUCE cov: 810 ft: 1871 corp: 436/874Kb lim: 65536 exec/s: 90238 rss: 928Mb L: 1386/58770 MS: 4 ChangeBinInt-PersAutoDict-PersAutoDict-EraseBytes- DE: "ws2_32.lib"-"\003)7a"-
#11731156	REDUCE cov: 810 ft: 1871 corp: 436/874Kb lim: 65536 exec/s: 90239 rss: 928Mb L: 874/58770 MS: 2 ChangeByte-EraseBytes-
#11731914	NEW    cov: 810 ft: 1874 corp: 437/913Kb lim: 65536 exec/s: 90245 rss: 928Mb L: 39927/58770 MS: 3 CopyPart-InsertRepeatedBytes-CopyPart-
#11732011	REDUCE cov: 810 ft: 1874 corp: 437/912Kb lim: 65536 exec/s: 90246 rss: 929Mb L: 9336/58770 MS: 2 ChangeByte-EraseBytes-
#11732124	REDUCE cov: 810 ft: 1874 corp: 437/911Kb lim: 65536 exec/s: 90247 rss: 929Mb L: 2069/58770 MS: 3 CopyPart-ChangeASCIIInt-EraseBytes-
#11732135	REDUCE cov: 810 ft: 1874 corp: 437/911Kb lim: 65536 exec/s: 90247 rss: 929Mb L: 742/58770 MS: 1 EraseBytes-
#11732191	REDUCE cov: 810 ft: 1874 corp: 437/911Kb lim: 65536 exec/s: 90247 rss: 929Mb L: 173/58770 MS: 1 EraseBytes-
#11732343	REDUCE cov: 810 ft: 1876 corp: 438/911Kb lim: 65536 exec/s: 90248 rss: 929Mb L: 566/58770 MS: 2 ChangeASCIIInt-ManualDict- DE: "AES-128-CCM"-
#11732504	REDUCE cov: 810 ft: 1876 corp: 438/911Kb lim: 65536 exec/s: 90250 rss: 929Mb L: 696/58770 MS: 1 EraseBytes-
#11732538	REDUCE cov: 810 ft: 1876 corp: 438/911Kb lim: 65536 exec/s: 90250 rss: 929Mb L: 578/58770 MS: 4 ChangeBit-ChangeBit-ChangeByte-EraseBytes-
#11733034	REDUCE cov: 810 ft: 1876 corp: 438/911Kb lim: 65536 exec/s: 90254 rss: 930Mb L: 549/58770 MS: 1 EraseBytes-
#11733115	REDUCE cov: 810 ft: 1876 corp: 438/910Kb lim: 65536 exec/s: 90254 rss: 930Mb L: 40124/58770 MS: 1 EraseBytes-
#11733436	REDUCE cov: 810 ft: 1876 corp: 438/910Kb lim: 65536 exec/s: 90257 rss: 930Mb L: 1830/58770 MS: 1 EraseBytes-
#11734070	REDUCE cov: 810 ft: 1876 corp: 438/909Kb lim: 65536 exec/s: 90262 rss: 932Mb L: 38861/58770 MS: 4 ChangeASCIIInt-ChangeBinInt-InsertByte-EraseBytes-
#11734121	REDUCE cov: 810 ft: 1876 corp: 438/909Kb lim: 65536 exec/s: 90262 rss: 932Mb L: 347/58770 MS: 1 EraseBytes-
#11734297	REDUCE cov: 810 ft: 1876 corp: 438/909Kb lim: 65536 exec/s: 90263 rss: 933Mb L: 495/58770 MS: 1 EraseBytes-
#11734468	REDUCE cov: 810 ft: 1876 corp: 438/909Kb lim: 65536 exec/s: 90265 rss: 933Mb L: 2282/58770 MS: 1 EraseBytes-
#11734589	REDUCE cov: 810 ft: 1876 corp: 438/908Kb lim: 65536 exec/s: 90266 rss: 933Mb L: 1758/58770 MS: 1 EraseBytes-
#11734752	REDUCE cov: 810 ft: 1876 corp: 438/908Kb lim: 65536 exec/s: 90267 rss: 933Mb L: 155/58770 MS: 3 InsertRepeatedBytes-ChangeBinInt-EraseBytes-
#11734935	REDUCE cov: 810 ft: 1876 corp: 438/908Kb lim: 65536 exec/s: 90268 rss: 933Mb L: 2942/58770 MS: 3 CopyPart-ShuffleBytes-EraseBytes-
#11735083	REDUCE cov: 810 ft: 1876 corp: 438/908Kb lim: 65536 exec/s: 90269 rss: 933Mb L: 3197/58770 MS: 3 InsertRepeatedBytes-ShuffleBytes-EraseBytes-
#11735694	REDUCE cov: 810 ft: 1876 corp: 438/908Kb lim: 65536 exec/s: 89585 rss: 933Mb L: 486/58770 MS: 1 EraseBytes-
#11736385	REDUCE cov: 810 ft: 1876 corp: 438/908Kb lim: 65536 exec/s: 89590 rss: 934Mb L: 264/58770 MS: 1 EraseBytes-
#11736433	REDUCE cov: 810 ft: 1876 corp: 438/907Kb lim: 65536 exec/s: 89591 rss: 934Mb L: 3153/58770 MS: 3 PersAutoDict-CopyPart-EraseBytes- DE: "<= parse certificate"-
#11736530	REDUCE cov: 810 ft: 1876 corp: 438/907Kb lim: 65536 exec/s: 89591 rss: 935Mb L: 222/58770 MS: 2 InsertByte-EraseBytes-
#11736596	REDUCE cov: 810 ft: 1876 corp: 438/907Kb lim: 65536 exec/s: 89592 rss: 935Mb L: 300/58770 MS: 1 EraseBytes-
#11736631	REDUCE cov: 810 ft: 1876 corp: 438/907Kb lim: 65536 exec/s: 89592 rss: 935Mb L: 473/58770 MS: 5 ChangeByte-ChangeByte-ChangeBit-ChangeByte-EraseBytes-
#11736661	REDUCE cov: 810 ft: 1876 corp: 438/907Kb lim: 65536 exec/s: 89592 rss: 935Mb L: 854/58770 MS: 5 ChangeByte-InsertByte-PersAutoDict-ShuffleBytes-EraseBytes- DE: "\000\000\000\000\000\000\001\325"-
#11736753	REDUCE cov: 810 ft: 1876 corp: 438/907Kb lim: 65536 exec/s: 89593 rss: 935Mb L: 381/58770 MS: 2 CrossOver-EraseBytes-
#11736815	REDUCE cov: 810 ft: 1876 corp: 438/907Kb lim: 65536 exec/s: 89594 rss: 935Mb L: 144/58770 MS: 2 ChangeByte-EraseBytes-
#11736903	REDUCE cov: 810 ft: 1876 corp: 438/906Kb lim: 65536 exec/s: 89594 rss: 935Mb L: 8293/58770 MS: 3 ChangeBit-ManualDict-EraseBytes- DE: "mbedtls/sha512.h"-
#11736952	REDUCE cov: 810 ft: 1876 corp: 438/903Kb lim: 65536 exec/s: 89595 rss: 936Mb L: 17894/58770 MS: 4 CMP-ChangeByte-ChangeByte-EraseBytes- DE: "*\206H\206\367\015\001\001\013"-
#11737239	REDUCE cov: 810 ft: 1876 corp: 438/903Kb lim: 65536 exec/s: 89597 rss: 936Mb L: 1229/58770 MS: 2 ChangeBinInt-EraseBytes-
#11737755	REDUCE cov: 810 ft: 1876 corp: 438/903Kb lim: 65536 exec/s: 89601 rss: 937Mb L: 5764/58770 MS: 1 EraseBytes-
#11738173	REDUCE cov: 810 ft: 1876 corp: 438/903Kb lim: 65536 exec/s: 89604 rss: 937Mb L: 88/58770 MS: 3 CMP-ChangeBinInt-EraseBytes- DE: "\001\000\000\000\000\000\000\000"-
#11738194	REDUCE cov: 810 ft: 1876 corp: 438/903Kb lim: 65536 exec/s: 89604 rss: 937Mb L: 199/58770 MS: 1 EraseBytes-
#11738236	REDUCE cov: 810 ft: 1876 corp: 438/903Kb lim: 65536 exec/s: 89604 rss: 938Mb L: 9539/58770 MS: 2 CMP-EraseBytes- DE: "n\001\000\000\000\000\000\000"-
#11738258	REDUCE cov: 810 ft: 1876 corp: 438/903Kb lim: 65536 exec/s: 89605 rss: 938Mb L: 447/58770 MS: 2 CMP-EraseBytes- DE: "\377\010"-
#11738694	NEW    cov: 810 ft: 1878 corp: 439/904Kb lim: 65536 exec/s: 89608 rss: 939Mb L: 786/58770 MS: 1 CopyPart-
#11738695	REDUCE cov: 810 ft: 1878 corp: 439/904Kb lim: 65536 exec/s: 89608 rss: 939Mb L: 1744/58770 MS: 1 EraseBytes-
#11738819	REDUCE cov: 810 ft: 1880 corp: 440/906Kb lim: 65536 exec/s: 89609 rss: 939Mb L: 2903/58770 MS: 4 EraseBytes-ShuffleBytes-InsertRepeatedBytes-CrossOver-
#11738830	REDUCE cov: 810 ft: 1880 corp: 440/906Kb lim: 65536 exec/s: 89609 rss: 939Mb L: 2773/58770 MS: 1 EraseBytes-
#11739562	REDUCE cov: 810 ft: 1880 corp: 440/906Kb lim: 65536 exec/s: 89614 rss: 939Mb L: 241/58770 MS: 2 PersAutoDict-EraseBytes- DE: "*\206H\316=\004\003\206"-
#11739826	NEW    cov: 810 ft: 1884 corp: 441/969Kb lim: 65536 exec/s: 89616 rss: 940Mb L: 64065/64065 MS: 4 ManualDict-ChangeByte-ChangeBinInt-CopyPart- DE: "ldr %0, [%1]"-
#11739893	REDUCE cov: 810 ft: 1885 corp: 442/970Kb lim: 65536 exec/s: 89617 rss: 940Mb L: 885/64065 MS: 2 PersAutoDict-CopyPart- DE: "0xE0"-
#11739953	REDUCE cov: 810 ft: 1886 corp: 443/971Kb lim: 65536 exec/s: 89617 rss: 940Mb L: 1208/64065 MS: 5 EraseBytes-CMP-ChangeBit-CMP-CrossOver- DE: "-----END CERTIFICATE-----"-"Proc-Type: 5,ENCRYPTED"-
#11740079	REDUCE cov: 810 ft: 1886 corp: 443/971Kb lim: 65536 exec/s: 89618 rss: 940Mb L: 202/64065 MS: 1 EraseBytes-
#11740852	REDUCE cov: 810 ft: 1886 corp: 443/969Kb lim: 65536 exec/s: 88945 rss: 941Mb L: 33112/64065 MS: 3 InsertByte-CrossOver-EraseBytes-
#11740899	REDUCE cov: 810 ft: 1886 corp: 443/969Kb lim: 65536 exec/s: 88946 rss: 941Mb L: 1428/64065 MS: 2 ChangeByte-EraseBytes-
#11740991	REDUCE cov: 810 ft: 1886 corp: 443/969Kb lim: 65536 exec/s: 88946 rss: 942Mb L: 464/64065 MS: 2 ShuffleBytes-EraseBytes-
#11741246	REDUCE cov: 810 ft: 1886 corp: 443/969Kb lim: 65536 exec/s: 88948 rss: 942Mb L: 326/64065 MS: 5 CMP-InsertByte-ShuffleBytes-ShuffleBytes-EraseBytes- DE: "\377\377\377\011"-
#11741427	REDUCE cov: 810 ft: 1886 corp: 443/969Kb lim: 65536 exec/s: 88950 rss: 942Mb L: 281/64065 MS: 1 EraseBytes-
#11741508	REDUCE cov: 810 ft: 1886 corp: 443/969Kb lim: 65536 exec/s: 88950 rss: 942Mb L: 715/64065 MS: 1 EraseBytes-
#11741854	REDUCE cov: 810 ft: 1886 corp: 443/969Kb lim: 65536 exec/s: 88953 rss: 943Mb L: 3034/64065 MS: 1 EraseBytes-
#11742027	REDUCE cov: 810 ft: 1886 corp: 443/969Kb lim: 65536 exec/s: 88954 rss: 943Mb L: 678/64065 MS: 3 ChangeASCIIInt-ChangeBit-EraseBytes-
#11742250	REDUCE cov: 810 ft: 1886 corp: 443/969Kb lim: 65536 exec/s: 88956 rss: 943Mb L: 1130/64065 MS: 3 ChangeByte-ShuffleBytes-EraseBytes-
#11742961	REDUCE cov: 810 ft: 1886 corp: 443/969Kb lim: 65536 exec/s: 88961 rss: 944Mb L: 742/64065 MS: 1 EraseBytes-
#11743512	REDUCE cov: 810 ft: 1886 corp: 443/968Kb lim: 65536 exec/s: 88966 rss: 944Mb L: 609/64065 MS: 1 EraseBytes-
#11743524	REDUCE cov: 810 ft: 1886 corp: 443/968Kb lim: 65536 exec/s: 88966 rss: 944Mb L: 759/64065 MS: 2 ShuffleBytes-EraseBytes-
#11743796	REDUCE cov: 810 ft: 1886 corp: 443/968Kb lim: 65536 exec/s: 88968 rss: 944Mb L: 365/64065 MS: 2 ChangeByte-EraseBytes-
#11743804	REDUCE cov: 810 ft: 1886 corp: 443/968Kb lim: 65536 exec/s: 88968 rss: 944Mb L: 201/64065 MS: 3 ChangeBinInt-ChangeBit-EraseBytes-
#11743832	REDUCE cov: 810 ft: 1886 corp: 443/968Kb lim: 65536 exec/s: 88968 rss: 944Mb L: 38859/64065 MS: 3 ManualDict-CrossOver-EraseBytes- DE: "7FFFFFFFFFFFFFFFFFFFFFFFFFFFFFFFFFFFFFFFFFFFFFFFFFFFFFFFFFFFFFF8"-
#11744343	REDUCE cov: 810 ft: 1886 corp: 443/968Kb lim: 65536 exec/s: 88972 rss: 944Mb L: 187/64065 MS: 1 EraseBytes-
#11744505	REDUCE cov: 810 ft: 1886 corp: 443/968Kb lim: 65536 exec/s: 88973 rss: 945Mb L: 75/64065 MS: 2 CopyPart-EraseBytes-
#11744511	REDUCE cov: 810 ft: 1886 corp: 443/968Kb lim: 65536 exec/s: 88973 rss: 945Mb L: 871/64065 MS: 1 EraseBytes-
#11744551	REDUCE cov: 810 ft: 1886 corp: 443/968Kb lim: 65536 exec/s: 88973 rss: 945Mb L: 256/64065 MS: 5 ChangeBit-ChangeByte-CrossOver-InsertByte-EraseBytes-
#11744665	REDUCE cov: 810 ft: 1886 corp: 443/968Kb lim: 65536 exec/s: 88974 rss: 945Mb L: 1545/64065 MS: 4 CMP-PersAutoDict-ShuffleBytes-EraseBytes- DE: "-----BEGIN CERTIFICATE-----"-"\377\377\377\377\377\377\000["-
#11745691	REDUCE cov: 810 ft: 1886 corp: 443/967Kb lim: 65536 exec/s: 88982 rss: 948Mb L: 1985/64065 MS: 1 EraseBytes-
#11745840	REDUCE cov: 810 ft: 1886 corp: 443/967Kb lim: 65536 exec/s: 88983 rss: 948Mb L: 744/64065 MS: 4 CopyPart-PersAutoDict-ManualDict-EraseBytes- DE: "ProtocolName"-"0x11"-
#11746168	NEW    cov: 810 ft: 1887 corp: 444/1030Kb lim: 65536 exec/s: 88317 rss: 949Mb L: 64589/64589 MS: 3 ChangeByte-ChangeASCIIInt-CopyPart-
#11746300	REDUCE cov: 810 ft: 1887 corp: 444/1029Kb lim: 65536 exec/s: 88318 rss: 949Mb L: 1272/64589 MS: 2 ChangeBinInt-EraseBytes-
#11746334	REDUCE cov: 810 ft: 1887 corp: 444/1029Kb lim: 65536 exec/s: 88318 rss: 949Mb L: 5238/64589 MS: 4 ShuffleBytes-ManualDict-ChangeBinInt-EraseBytes- DE: "ARIA-256-CBC"-
#11746637	REDUCE cov: 810 ft: 1887 corp: 444/1029Kb lim: 65536 exec/s: 88320 rss: 950Mb L: 4168/64589 MS: 3 PersAutoDict-InsertRepeatedBytes-EraseBytes- DE: "Xc\230\020"-
#11747128	REDUCE cov: 810 ft: 1887 corp: 444/1029Kb lim: 65536 exec/s: 88324 rss: 952Mb L: 217/64589 MS: 1 EraseBytes-
#11747281	REDUCE cov: 811 ft: 1888 corp: 445/1032Kb lim: 65536 exec/s: 88325 rss: 952Mb L: 3508/64589 MS: 3 ChangeASCIIInt-ManualDict-ManualDict- DE: "Target does not support NEON instructions"-"eckey.Q"-
#11747732	REDUCE cov: 811 ft: 1888 corp: 445/1032Kb lim: 65536 exec/s: 88328 rss: 952Mb L: 220/64589 MS: 1 EraseBytes-
#11747939	REDUCE cov: 811 ft: 1889 corp: 446/1036Kb lim: 65536 exec/s: 88330 rss: 952Mb L: 4051/64589 MS: 2 PersAutoDict-CrossOver- DE: "NewSessionTicket: disabled,"-
#11747966	NEW    cov: 811 ft: 1890 corp: 447/1039Kb lim: 65536 exec/s: 88330 rss: 952Mb L: 2818/64589 MS: 2 CrossOver-ChangeASCIIInt-
#11748002	REDUCE cov: 811 ft: 1890 corp: 447/1038Kb lim: 65536 exec/s: 88330 rss: 952Mb L: 2577/64589 MS: 1 EraseBytes-
#11748289	REDUCE cov: 811 ft: 1890 corp: 447/1038Kb lim: 65536 exec/s: 88333 rss: 952Mb L: 1845/64589 MS: 2 ChangeBit-EraseBytes-
#11748420	REDUCE cov: 811 ft: 1890 corp: 447/1037Kb lim: 65536 exec/s: 88333 rss: 952Mb L: 1247/64589 MS: 1 EraseBytes-
#11748902	REDUCE cov: 811 ft: 1890 corp: 447/1037Kb lim: 65536 exec/s: 88337 rss: 953Mb L: 307/64589 MS: 2 ChangeBinInt-EraseBytes-
#11749802	REDUCE cov: 811 ft: 1890 corp: 447/1037Kb lim: 65536 exec/s: 88344 rss: 954Mb L: 7892/64589 MS: 5 CopyPart-ChangeByte-InsertRepeatedBytes-ChangeASCIIInt-EraseBytes-
#11750049	REDUCE cov: 811 ft: 1890 corp: 447/1037Kb lim: 65536 exec/s: 87686 rss: 954Mb L: 62/64589 MS: 2 ChangeBinInt-EraseBytes-
#11750156	REDUCE cov: 811 ft: 1890 corp: 447/1037Kb lim: 65536 exec/s: 87687 rss: 955Mb L: 242/64589 MS: 2 InsertByte-EraseBytes-
#11750408	REDUCE cov: 811 ft: 1890 corp: 447/1037Kb lim: 65536 exec/s: 87689 rss: 955Mb L: 237/64589 MS: 2 ManualDict-EraseBytes- DE: "AES-192-KWP"-
#11750424	REDUCE cov: 811 ft: 1890 corp: 447/1036Kb lim: 65536 exec/s: 87689 rss: 955Mb L: 16966/64589 MS: 1 EraseBytes-
#11751091	REDUCE cov: 812 ft: 1891 corp: 448/1052Kb lim: 65536 exec/s: 87694 rss: 956Mb L: 16980/64589 MS: 2 ManualDict-CMP- DE: "<= handshake wrapup"-"DEK-Info: AES-"-
#11751322	REDUCE cov: 812 ft: 1891 corp: 448/1052Kb lim: 65536 exec/s: 87696 rss: 956Mb L: 996/64589 MS: 1 EraseBytes-
#11751538	REDUCE cov: 812 ft: 1891 corp: 448/1050Kb lim: 65536 exec/s: 87698 rss: 956Mb L: 5577/64589 MS: 1 EraseBytes-
#11752245	NEW    cov: 812 ft: 1892 corp: 449/1092Kb lim: 65536 exec/s: 87703 rss: 957Mb L: 43486/64589 MS: 2 CopyPart-CopyPart-
#11752616	REDUCE cov: 812 ft: 1892 corp: 449/1092Kb lim: 65536 exec/s: 87706 rss: 957Mb L: 338/64589 MS: 1 EraseBytes-
#11752688	REDUCE cov: 812 ft: 1892 corp: 449/1092Kb lim: 65536 exec/s: 87706 rss: 957Mb L: 991/64589 MS: 2 ChangeASCIIInt-EraseBytes-
#11752721	REDUCE cov: 812 ft: 1897 corp: 450/1098Kb lim: 65536 exec/s: 87706 rss: 958Mb L: 5616/64589 MS: 3 CrossOver-CrossOver-CopyPart-
#11752918	REDUCE cov: 812 ft: 1897 corp: 450/1096Kb lim: 65536 exec/s: 87708 rss: 958Mb L: 2324/64589 MS: 2 PersAutoDict-EraseBytes- DE: "\206\002\000\000\000\000\000\000"-
#11753028	REDUCE cov: 812 ft: 1897 corp: 450/1096Kb lim: 65536 exec/s: 87709 rss: 958Mb L: 966/64589 MS: 5 CMP-ChangeBit-CMP-ShuffleBytes-EraseBytes- DE: "\000\000\000\000\000\000\000\000"-"\001\000"-
#11753071	REDUCE cov: 812 ft: 1897 corp: 450/1096Kb lim: 65536 exec/s: 87709 rss: 958Mb L: 771/64589 MS: 3 ChangeASCIIInt-ShuffleBytes-EraseBytes-
#11753112	REDUCE cov: 812 ft: 1897 corp: 450/1096Kb lim: 65536 exec/s: 87709 rss: 958Mb L: 217/64589 MS: 1 EraseBytes-
#11753514	REDUCE cov: 812 ft: 1897 corp: 450/1096Kb lim: 65536 exec/s: 87712 rss: 958Mb L: 2757/64589 MS: 2 CMP-EraseBytes- DE: "-----END CERTIFICATE-----"-
#11753516	REDUCE cov: 812 ft: 1897 corp: 450/1093Kb lim: 65536 exec/s: 87712 rss: 958Mb L: 14318/64589 MS: 2 CopyPart-EraseBytes-
#11753637	REDUCE cov: 812 ft: 1897 corp: 450/1092Kb lim: 65536 exec/s: 87713 rss: 958Mb L: 13777/64589 MS: 1 EraseBytes-
#11753654	REDUCE cov: 812 ft: 1897 corp: 450/1092Kb lim: 65536 exec/s: 87713 rss: 958Mb L: 3155/64589 MS: 2 ChangeASCIIInt-EraseBytes-
#11753970	REDUCE cov: 812 ft: 1897 corp: 450/1089Kb lim: 65536 exec/s: 87066 rss: 958Mb L: 10171/64589 MS: 1 EraseBytes-
#11753982	REDUCE cov: 812 ft: 1898 corp: 451/1090Kb lim: 65536 exec/s: 87066 rss: 958Mb L: 1074/64589 MS: 2 ManualDict-CopyPart- DE: "mbedtls/lms.h"-
#11754000	REDUCE cov: 812 ft: 1898 corp: 451/1090Kb lim: 65536 exec/s: 87066 rss: 958Mb L: 2664/64589 MS: 3 CMP-InsertRepeatedBytes-EraseBytes- DE: "\001\006"-
#11754207	REDUCE cov: 812 ft: 1898 corp: 451/1089Kb lim: 65536 exec/s: 87068 rss: 959Mb L: 2069/64589 MS: 2 ChangeBinInt-EraseBytes-
#11754297	REDUCE cov: 812 ft: 1898 corp: 451/1088Kb lim: 65536 exec/s: 87068 rss: 959Mb L: 4967/64589 MS: 5 ChangeBinInt-ChangeASCIIInt-ChangeASCIIInt-ChangeASCIIInt-EraseBytes-
#11754320	REDUCE cov: 812 ft: 1898 corp: 451/1088Kb lim: 65536 exec/s: 87069 rss: 959Mb L: 185/64589 MS: 3 ChangeASCIIInt-CrossOver-EraseBytes-
#11754421	REDUCE cov: 812 ft: 1898 corp: 451/1088Kb lim: 65536 exec/s: 87069 rss: 959Mb L: 1054/64589 MS: 1 EraseBytes-
#11754503	REDUCE cov: 812 ft: 1898 corp: 451/1083Kb lim: 65536 exec/s: 87070 rss: 959Mb L: 5380/64589 MS: 2 ChangeByte-EraseBytes-
#11754711	REDUCE cov: 816 ft: 1902 corp: 452/1086Kb lim: 65536 exec/s: 87071 rss: 959Mb L: 2942/64589 MS: 3 ChangeByte-ChangeByte-ManualDict- DE: "5B5C25763222FEFCCFC38B832366C29E"-
#11755009	REDUCE cov: 816 ft: 1906 corp: 453/1095Kb lim: 65536 exec/s: 87074 rss: 959Mb L: 8950/64589 MS: 3 ChangeBinInt-ChangeByte-CopyPart-
#11755147	REDUCE cov: 816 ft: 1906 corp: 453/1095Kb lim: 65536 exec/s: 87075 rss: 959Mb L: 463/64589 MS: 3 ChangeByte-ChangeByte-EraseBytes-
#11755324	NEW    cov: 816 ft: 1908 corp: 454/1099Kb lim: 65536 exec/s: 87076 rss: 959Mb L: 4068/64589 MS: 2 ChangeASCIIInt-CrossOver-
#11755332	REDUCE cov: 816 ft: 1908 corp: 454/1097Kb lim: 65536 exec/s: 87076 rss: 959Mb L: 3248/64589 MS: 3 InsertRepeatedBytes-CopyPart-EraseBytes-
#11755501	REDUCE cov: 816 ft: 1908 corp: 454/1089Kb lim: 65536 exec/s: 87077 rss: 959Mb L: 35029/64589 MS: 4 CrossOver-InsertByte-PersAutoDict-EraseBytes- DE: "\304^\343\016"-
#11755502	NEW    cov: 816 ft: 1910 corp: 455/1101Kb lim: 65536 exec/s: 87077 rss: 959Mb L: 12761/64589 MS: 1 CopyPart-
#11755560	REDUCE cov: 816 ft: 1910 corp: 455/1101Kb lim: 65536 exec/s: 87078 rss: 959Mb L: 3870/64589 MS: 3 InsertByte-ChangeBinInt-EraseBytes-
#11755987	REDUCE cov: 816 ft: 1910 corp: 455/1101Kb lim: 65536 exec/s: 87081 rss: 959Mb L: 956/64589 MS: 2 ShuffleBytes-EraseBytes-
#11756009	REDUCE cov: 816 ft: 1911 corp: 456/1135Kb lim: 65536 exec/s: 87081 rss: 959Mb L: 35029/64589 MS: 2 ChangeASCIIInt-CopyPart-
#11756082	REDUCE cov: 816 ft: 1911 corp: 456/1134Kb lim: 65536 exec/s: 87082 rss: 959Mb L: 2907/64589 MS: 3 ShuffleBytes-CrossOver-EraseBytes-
#11756215	REDUCE cov: 816 ft: 1911 corp: 456/1127Kb lim: 65536 exec/s: 87083 rss: 959Mb L: 27245/64589 MS: 3 CMP-InsertRepeatedBytes-EraseBytes- DE: "DEK-Info: AES-192-CBC,"-
#11756320	REDUCE cov: 816 ft: 1911 corp: 456/1127Kb lim: 65536 exec/s: 87083 rss: 959Mb L: 787/64589 MS: 5 CopyPart-ChangeBinInt-InsertRepeatedBytes-EraseBytes-ChangeBinInt-
#11756331	REDUCE cov: 816 ft: 1911 corp: 456/1126Kb lim: 65536 exec/s: 87083 rss: 959Mb L: 836/64589 MS: 1 EraseBytes-
#11756418	REDUCE cov: 816 ft: 1911 corp: 456/1125Kb lim: 65536 exec/s: 87084 rss: 960Mb L: 23496/64589 MS: 2 ChangeASCIIInt-EraseBytes-
#11756450	REDUCE cov: 816 ft: 1913 corp: 457/1128Kb lim: 65536 exec/s: 87084 rss: 960Mb L: 3420/64589 MS: 2 ShuffleBytes-CopyPart-
#11756451	REDUCE cov: 816 ft: 1913 corp: 457/1128Kb lim: 65536 exec/s: 87084 rss: 960Mb L: 2791/64589 MS: 1 EraseBytes-
#11756507	REDUCE cov: 816 ft: 1913 corp: 457/1128Kb lim: 65536 exec/s: 87085 rss: 960Mb L: 687/64589 MS: 1 EraseBytes-
#11756569	REDUCE cov: 816 ft: 1913 corp: 457/1128Kb lim: 65536 exec/s: 87085 rss: 960Mb L: 776/64589 MS: 2 InsertByte-EraseBytes-
#11756720	REDUCE cov: 816 ft: 1913 corp: 457/1128Kb lim: 65536 exec/s: 87086 rss: 960Mb L: 1846/64589 MS: 1 EraseBytes-
#11757136	REDUCE cov: 816 ft: 1913 corp: 457/1128Kb lim: 65536 exec/s: 87089 rss: 961Mb L: 1694/64589 MS: 1 EraseBytes-
#11757244	REDUCE cov: 816 ft: 1913 corp: 457/1126Kb lim: 65536 exec/s: 87090 rss: 961Mb L: 11498/64589 MS: 3 InsertRepeatedBytes-ChangeByte-EraseBytes-
#11757571	REDUCE cov: 816 ft: 1913 corp: 457/1126Kb lim: 65536 exec/s: 87093 rss: 961Mb L: 17407/64589 MS: 2 ShuffleBytes-EraseBytes-
#11757619	REDUCE cov: 816 ft: 1913 corp: 457/1126Kb lim: 65536 exec/s: 87093 rss: 961Mb L: 661/64589 MS: 3 PersAutoDict-PersAutoDict-EraseBytes- DE: "CIPHER - Decryption of block requires a full block"-"-----END CERTIFICATE-----"-
#11757646	REDUCE cov: 816 ft: 1913 corp: 457/1126Kb lim: 65536 exec/s: 87093 rss: 961Mb L: 200/64589 MS: 2 ShuffleBytes-EraseBytes-
#11757743	REDUCE cov: 816 ft: 1913 corp: 457/1126Kb lim: 65536 exec/s: 87094 rss: 961Mb L: 613/64589 MS: 2 ChangeASCIIInt-EraseBytes-
#11757930	REDUCE cov: 816 ft: 1913 corp: 457/1126Kb lim: 65536 exec/s: 87095 rss: 962Mb L: 4863/64589 MS: 2 ChangeBit-EraseBytes-
#11758311	NEW    cov: 816 ft: 1918 corp: 458/1130Kb lim: 65536 exec/s: 86458 rss: 963Mb L: 4046/64589 MS: 1 CopyPart-
#11758568	REDUCE cov: 816 ft: 1918 corp: 458/1130Kb lim: 65536 exec/s: 86460 rss: 964Mb L: 15338/64589 MS: 2 ChangeBinInt-EraseBytes-
#11758769	REDUCE cov: 816 ft: 1918 corp: 458/1125Kb lim: 65536 exec/s: 86461 rss: 964Mb L: 6688/64589 MS: 1 EraseBytes-
#11759285	REDUCE cov: 816 ft: 1918 corp: 458/1125Kb lim: 65536 exec/s: 86465 rss: 964Mb L: 834/64589 MS: 1 EraseBytes-
#11759731	REDUCE cov: 816 ft: 1918 corp: 458/1124Kb lim: 65536 exec/s: 86468 rss: 964Mb L: 2208/64589 MS: 1 EraseBytes-
#11760145	REDUCE cov: 816 ft: 1918 corp: 458/1124Kb lim: 65536 exec/s: 86471 rss: 965Mb L: 2108/64589 MS: 4 ChangeByte-ChangeByte-ChangeASCIIInt-EraseBytes-
#11760206	REDUCE cov: 816 ft: 1918 corp: 458/1124Kb lim: 65536 exec/s: 86472 rss: 965Mb L: 2244/64589 MS: 1 EraseBytes-
#11760528	REDUCE cov: 816 ft: 1918 corp: 458/1124Kb lim: 65536 exec/s: 86474 rss: 965Mb L: 2218/64589 MS: 2 InsertByte-EraseBytes-
#11760567	REDUCE cov: 816 ft: 1918 corp: 458/1124Kb lim: 65536 exec/s: 86474 rss: 965Mb L: 3383/64589 MS: 4 ShuffleBytes-ChangeBinInt-PersAutoDict-EraseBytes- DE: "\377\377\377\377\377\377\377\262"-
#11760589	REDUCE cov: 816 ft: 1918 corp: 458/1124Kb lim: 65536 exec/s: 86474 rss: 965Mb L: 2059/64589 MS: 2 ChangeBinInt-EraseBytes-
#11760595	REDUCE cov: 816 ft: 1918 corp: 458/1124Kb lim: 65536 exec/s: 86474 rss: 965Mb L: 741/64589 MS: 1 EraseBytes-
#11760914	REDUCE cov: 816 ft: 1918 corp: 458/1119Kb lim: 65536 exec/s: 86477 rss: 965Mb L: 30349/64589 MS: 4 ChangeASCIIInt-CopyPart-ChangeByte-EraseBytes-
#11761029	REDUCE cov: 816 ft: 1918 corp: 458/1119Kb lim: 65536 exec/s: 86478 rss: 965Mb L: 1856/64589 MS: 5 EraseBytes-PersAutoDict-PersAutoDict-ChangeASCIIInt-ChangeASCIIInt- DE: "+\006\001\005\005\007\010\004"-"*\206H\206\367\015\001\001\016"-
#11761195	REDUCE cov: 816 ft: 1918 corp: 458/1119Kb lim: 65536 exec/s: 86479 rss: 965Mb L: 2235/64589 MS: 1 EraseBytes-
#11761241	REDUCE cov: 816 ft: 1918 corp: 458/1119Kb lim: 65536 exec/s: 86479 rss: 965Mb L: 1067/64589 MS: 1 EraseBytes-
#11761248	REDUCE cov: 816 ft: 1918 corp: 458/1118Kb lim: 65536 exec/s: 86479 rss: 965Mb L: 26700/64589 MS: 2 CMP-EraseBytes- DE: "\377\377\377\353"-
#11761287	REDUCE cov: 816 ft: 1918 corp: 458/1118Kb lim: 65536 exec/s: 86480 rss: 965Mb L: 3874/64589 MS: 4 CopyPart-InsertRepeatedBytes-InsertByte-EraseBytes-
#11761487	REDUCE cov: 816 ft: 1918 corp: 458/1118Kb lim: 65536 exec/s: 86481 rss: 965Mb L: 29687/64589 MS: 5 ChangeBinInt-ChangeBit-CMP-CrossOver-EraseBytes- DE: "\377\377\377\377\377\377\377\027"-
#11761534	REDUCE cov: 816 ft: 1918 corp: 458/1118Kb lim: 65536 exec/s: 86481 rss: 965Mb L: 542/64589 MS: 2 ShuffleBytes-EraseBytes-
#11761915	REDUCE cov: 816 ft: 1918 corp: 458/1115Kb lim: 65536 exec/s: 86484 rss: 965Mb L: 26520/64589 MS: 1 EraseBytes-
#11761917	REDUCE cov: 816 ft: 1918 corp: 458/1114Kb lim: 65536 exec/s: 86484 rss: 965Mb L: 3261/64589 MS: 2 ChangeBinInt-EraseBytes-
#11762058	REDUCE cov: 816 ft: 1918 corp: 458/1114Kb lim: 65536 exec/s: 86485 rss: 965Mb L: 9979/64589 MS: 1 EraseBytes-
#11762244	REDUCE cov: 816 ft: 1918 corp: 458/1114Kb lim: 65536 exec/s: 86487 rss: 966Mb L: 1137/64589 MS: 1 EraseBytes-
#11762528	REDUCE cov: 816 ft: 1918 corp: 458/1114Kb lim: 65536 exec/s: 86489 rss: 966Mb L: 3598/64589 MS: 4 InsertByte-ManualDict-InsertByte-EraseBytes- DE: "AES-128-CCM*-NO-TAG"-
#11762644	REDUCE cov: 816 ft: 1918 corp: 458/1113Kb lim: 65536 exec/s: 86490 rss: 966Mb L: 1609/64589 MS: 1 EraseBytes-
#11762755	REDUCE cov: 816 ft: 1918 corp: 458/1113Kb lim: 65536 exec/s: 85859 rss: 966Mb L: 501/64589 MS: 1 EraseBytes-
#11762756	REDUCE cov: 816 ft: 1918 corp: 458/1113Kb lim: 65536 exec/s: 85859 rss: 966Mb L: 212/64589 MS: 1 EraseBytes-
#11762944	REDUCE cov: 816 ft: 1918 corp: 458/1113Kb lim: 65536 exec/s: 85860 rss: 966Mb L: 26274/64589 MS: 3 ChangeASCIIInt-ChangeBit-EraseBytes-
#11763105	REDUCE cov: 816 ft: 1918 corp: 458/1113Kb lim: 65536 exec/s: 85862 rss: 966Mb L: 26119/64589 MS: 1 EraseBytes-
#11763119	REDUCE cov: 816 ft: 1918 corp: 458/1112Kb lim: 65536 exec/s: 85862 rss: 966Mb L: 1400/64589 MS: 4 ChangeByte-InsertRepeatedBytes-CMP-EraseBytes- DE: "-----BEGIN CERTIFICATE-----"-
#11763210	REDUCE cov: 816 ft: 1919 corp: 459/1113Kb lim: 65536 exec/s: 85862 rss: 966Mb L: 173/64589 MS: 1 CMP- DE: "-----END CERTIFICATE-----"-
#11763337	REDUCE cov: 816 ft: 1919 corp: 459/1112Kb lim: 65536 exec/s: 85863 rss: 966Mb L: 1625/64589 MS: 2 ShuffleBytes-EraseBytes-
#11763394	REDUCE cov: 816 ft: 1919 corp: 459/1112Kb lim: 65536 exec/s: 85864 rss: 966Mb L: 360/64589 MS: 2 ManualDict-EraseBytes- DE: "ARIA-192-CBC"-
#11763537	REDUCE cov: 816 ft: 1919 corp: 459/1112Kb lim: 65536 exec/s: 85865 rss: 966Mb L: 2327/64589 MS: 3 ChangeBit-CMP-EraseBytes- DE: "\271\000\000\000\000\000\000\000"-
#11763560	REDUCE cov: 816 ft: 1919 corp: 459/1112Kb lim: 65536 exec/s: 85865 rss: 966Mb L: 749/64589 MS: 3 CMP-CopyPart-EraseBytes- DE: "\177\336\377\377"-
#11763604	REDUCE cov: 816 ft: 1921 corp: 460/1130Kb lim: 65536 exec/s: 85865 rss: 966Mb L: 19110/64589 MS: 4 CrossOver-PersAutoDict-ShuffleBytes-CopyPart- DE: "<= parse new session ticket"-
#11763614	NEW    cov: 816 ft: 1923 corp: 461/1156Kb lim: 65536 exec/s: 85865 rss: 966Mb L: 26706/64589 MS: 5 ShuffleBytes-ChangeASCIIInt-ShuffleBytes-ChangeBinInt-CopyPart-
#11763683	REDUCE cov: 816 ft: 1923 corp: 461/1156Kb lim: 65536 exec/s: 85866 rss: 966Mb L: 1597/64589 MS: 4 InsertByte-CopyPart-ChangeByte-EraseBytes-
#11763900	REDUCE cov: 816 ft: 1923 corp: 461/1156Kb lim: 65536 exec/s: 85867 rss: 966Mb L: 207/64589 MS: 2 ManualDict-EraseBytes- DE: "legacy renegotiation, breaking off handshake"-
#11763998	REDUCE cov: 816 ft: 1923 corp: 461/1156Kb lim: 65536 exec/s: 85868 rss: 966Mb L: 2629/64589 MS: 3 ManualDict-CrossOver-EraseBytes- DE: "encrypted extensions"-
#11764401	REDUCE cov: 816 ft: 1923 corp: 461/1153Kb lim: 65536 exec/s: 85871 rss: 967Mb L: 23611/64589 MS: 3 ChangeASCIIInt-ChangeBit-EraseBytes-
#11764677	REDUCE cov: 816 ft: 1930 corp: 462/1160Kb lim: 65536 exec/s: 85873 rss: 967Mb L: 7270/64589 MS: 1 CrossOver-
#11764713	REDUCE cov: 816 ft: 1930 corp: 462/1159Kb lim: 65536 exec/s: 85873 rss: 967Mb L: 3112/64589 MS: 1 EraseBytes-
#11764842	NEW    cov: 816 ft: 1932 corp: 463/1196Kb lim: 65536 exec/s: 85874 rss: 967Mb L: 37407/64589 MS: 4 InsertByte-ChangeBit-PersAutoDict-CopyPart- DE: "bad Certificate message"-
#11765243	REDUCE cov: 816 ft: 1932 corp: 463/1196Kb lim: 65536 exec/s: 85877 rss: 967Mb L: 201/64589 MS: 1 EraseBytes-
#11765381	REDUCE cov: 816 ft: 1933 corp: 464/1246Kb lim: 65536 exec/s: 85878 rss: 967Mb L: 51348/64589 MS: 3 PersAutoDict-ChangeASCIIInt-CopyPart- DE: "U\235%"-
#11765384	REDUCE cov: 816 ft: 1933 corp: 464/1246Kb lim: 65536 exec/s: 85878 rss: 967Mb L: 3044/64589 MS: 3 ShuffleBytes-InsertByte-EraseBytes-
#11765876	REDUCE cov: 816 ft: 1933 corp: 464/1246Kb lim: 65536 exec/s: 85882 rss: 967Mb L: 2762/64589 MS: 2 ChangeBinInt-EraseBytes-
#11766213	REDUCE cov: 816 ft: 1933 corp: 464/1245Kb lim: 65536 exec/s: 85884 rss: 968Mb L: 2261/64589 MS: 2 InsertByte-EraseBytes-
#11766279	REDUCE cov: 816 ft: 1933 corp: 464/1245Kb lim: 65536 exec/s: 85885 rss: 968Mb L: 1558/64589 MS: 1 EraseBytes-
#11766400	REDUCE cov: 816 ft: 1933 corp: 464/1245Kb lim: 65536 exec/s: 85886 rss: 968Mb L: 828/64589 MS: 1 EraseBytes-
#11766427	REDUCE cov: 816 ft: 1933 corp: 464/1245Kb lim: 65536 exec/s: 85886 rss: 968Mb L: 1344/64589 MS: 2 PersAutoDict-EraseBytes- DE: "CIPHER - Bad input parameters"-
#11766574	REDUCE cov: 816 ft: 1933 corp: 464/1245Kb lim: 65536 exec/s: 85887 rss: 968Mb L: 2096/64589 MS: 2 ManualDict-EraseBytes- DE: "ECP - Invalid private or public key"-
#11766785	REDUCE cov: 816 ft: 1933 corp: 464/1245Kb lim: 65536 exec/s: 85888 rss: 968Mb L: 2845/64589 MS: 1 EraseBytes-
#11766891	REDUCE cov: 816 ft: 1933 corp: 464/1245Kb lim: 65536 exec/s: 85267 rss: 968Mb L: 1605/64589 MS: 1 EraseBytes-
#11767053	REDUCE cov: 816 ft: 1933 corp: 464/1245Kb lim: 65536 exec/s: 85268 rss: 968Mb L: 153/64589 MS: 2 InsertByte-EraseBytes-
#11767295	REDUCE cov: 816 ft: 1933 corp: 464/1244Kb lim: 65536 exec/s: 85270 rss: 968Mb L: 1044/64589 MS: 2 ChangeASCIIInt-EraseBytes-
#11767609	REDUCE cov: 816 ft: 1933 corp: 464/1244Kb lim: 65536 exec/s: 85272 rss: 968Mb L: 414/64589 MS: 4 ChangeBit-PersAutoDict-InsertByte-EraseBytes- DE: "\233\\\304%"-
#11768025	REDUCE cov: 816 ft: 1933 corp: 464/1244Kb lim: 65536 exec/s: 85275 rss: 969Mb L: 224/64589 MS: 1 EraseBytes-
#11768187	REDUCE cov: 816 ft: 1933 corp: 464/1244Kb lim: 65536 exec/s: 85276 rss: 969Mb L: 130/64589 MS: 2 InsertByte-EraseBytes-
#11768248	REDUCE cov: 816 ft: 1933 corp: 464/1244Kb lim: 65536 exec/s: 85277 rss: 970Mb L: 1764/64589 MS: 1 EraseBytes-
#11768269	REDUCE cov: 816 ft: 1933 corp: 464/1244Kb lim: 65536 exec/s: 85277 rss: 970Mb L: 107/64589 MS: 1 EraseBytes-
#11768271	REDUCE cov: 816 ft: 1933 corp: 464/1244Kb lim: 65536 exec/s: 85277 rss: 970Mb L: 664/64589 MS: 2 InsertByte-EraseBytes-
#11768332	REDUCE cov: 816 ft: 1933 corp: 464/1244Kb lim: 65536 exec/s: 85277 rss: 970Mb L: 1647/64589 MS: 1 EraseBytes-
#11768523	NEW    cov: 816 ft: 1935 corp: 465/1306Kb lim: 65536 exec/s: 85279 rss: 970Mb L: 63853/64589 MS: 1 CopyPart-
#11768609	REDUCE cov: 816 ft: 1935 corp: 465/1306Kb lim: 65536 exec/s: 85279 rss: 970Mb L: 711/64589 MS: 1 EraseBytes-
#11768710	REDUCE cov: 816 ft: 1935 corp: 465/1306Kb lim: 65536 exec/s: 85280 rss: 970Mb L: 219/64589 MS: 1 EraseBytes-
#11769306	REDUCE cov: 816 ft: 1935 corp: 465/1306Kb lim: 65536 exec/s: 85284 rss: 971Mb L: 149/64589 MS: 1 EraseBytes-
#11769578	REDUCE cov: 816 ft: 1939 corp: 466/1312Kb lim: 65536 exec/s: 85286 rss: 971Mb L: 6563/64589 MS: 2 PersAutoDict-CopyPart- DE: "0x04"-
#11769634	REDUCE cov: 816 ft: 1939 corp: 466/1310Kb lim: 65536 exec/s: 85287 rss: 971Mb L: 35211/64589 MS: 1 EraseBytes-
#11769705	REDUCE cov: 816 ft: 1939 corp: 466/1285Kb lim: 65536 exec/s: 85287 rss: 971Mb L: 38338/64589 MS: 1 EraseBytes-
#11769824	REDUCE cov: 816 ft: 1939 corp: 466/1285Kb lim: 65536 exec/s: 85288 rss: 971Mb L: 175/64589 MS: 4 InsertByte-ShuffleBytes-CMP-EraseBytes- DE: "Proc-Type: 8,ENCRYPTED"-
#11769900	NEW    cov: 816 ft: 1940 corp: 467/1299Kb lim: 65536 exec/s: 85289 rss: 971Mb L: 14419/64589 MS: 1 CopyPart-
#11770043	REDUCE cov: 816 ft: 1940 corp: 467/1299Kb lim: 65536 exec/s: 85290 rss: 971Mb L: 22892/64589 MS: 3 InsertByte-ChangeBinInt-EraseBytes-
#11770115	REDUCE cov: 816 ft: 1940 corp: 467/1298Kb lim: 65536 exec/s: 85290 rss: 971Mb L: 13439/64589 MS: 2 ChangeBinInt-EraseBytes-
#11770211	REDUCE cov: 816 ft: 1940 corp: 467/1294Kb lim: 65536 exec/s: 85291 rss: 971Mb L: 31619/64589 MS: 1 EraseBytes-
#11770229	REDUCE cov: 816 ft: 1940 corp: 467/1294Kb lim: 65536 exec/s: 85291 rss: 971Mb L: 173/64589 MS: 3 InsertByte-InsertByte-EraseBytes-
#11770545	REDUCE cov: 816 ft: 1940 corp: 467/1292Kb lim: 65536 exec/s: 85293 rss: 971Mb L: 20669/64589 MS: 1 EraseBytes-
#11770671	REDUCE cov: 816 ft: 1940 corp: 467/1292Kb lim: 65536 exec/s: 85294 rss: 971Mb L: 164/64589 MS: 1 EraseBytes-
#11770737	REDUCE cov: 816 ft: 1940 corp: 467/1292Kb lim: 65536 exec/s: 84681 rss: 971Mb L: 126/64589 MS: 1 EraseBytes-
#11770807	REDUCE cov: 816 ft: 1940 corp: 467/1292Kb lim: 65536 exec/s: 84682 rss: 971Mb L: 4842/64589 MS: 5 ChangeASCIIInt-PersAutoDict-ShuffleBytes-PersAutoDict-EraseBytes- DE: "*:H\206\367\015\001\001\013"-"\377\377\377\353"-
#11771216	REDUCE cov: 816 ft: 1940 corp: 467/1290Kb lim: 65536 exec/s: 84685 rss: 971Mb L: 23838/64589 MS: 4 ChangeByte-ChangeASCIIInt-CMP-EraseBytes- DE: "-----END CERTIFICATE-----"-
#11771317	REDUCE cov: 816 ft: 1940 corp: 467/1290Kb lim: 65536 exec/s: 84685 rss: 971Mb L: 115/64589 MS: 1 EraseBytes-
#11771326	REDUCE cov: 816 ft: 1940 corp: 467/1290Kb lim: 65536 exec/s: 84685 rss: 971Mb L: 1415/64589 MS: 4 ShuffleBytes-ShuffleBytes-ChangeBinInt-EraseBytes-
#11771350	REDUCE cov: 816 ft: 1941 corp: 468/1293Kb lim: 65536 exec/s: 84685 rss: 971Mb L: 3993/64589 MS: 4 PersAutoDict-InsertByte-InsertRepeatedBytes-ChangeBit- DE: "\002\000\000\000\000\000\000\000"-
#11771414	REDUCE cov: 816 ft: 1941 corp: 468/1286Kb lim: 65536 exec/s: 84686 rss: 971Mb L: 30696/64589 MS: 4 CMP-InsertRepeatedBytes-EraseBytes-CopyPart- DE: "-----BEGIN CERTIFICATE-----"-
#11771420	REDUCE cov: 816 ft: 1941 corp: 468/1285Kb lim: 65536 exec/s: 84686 rss: 971Mb L: 1453/64589 MS: 1 EraseBytes-
#11771481	NEW    cov: 816 ft: 1942 corp: 469/1293Kb lim: 65536 exec/s: 84686 rss: 971Mb L: 8259/64589 MS: 1 CopyPart-
#11771485	REDUCE cov: 816 ft: 1942 corp: 469/1293Kb lim: 65536 exec/s: 84686 rss: 971Mb L: 12931/64589 MS: 4 CMP-ChangeBit-ChangeBinInt-EraseBytes- DE: "\000\000\305\230"-
#11771601	REDUCE cov: 816 ft: 1942 corp: 469/1293Kb lim: 65536 exec/s: 84687 rss: 971Mb L: 171/64589 MS: 1 EraseBytes-
#11771723	REDUCE cov: 816 ft: 1942 corp: 469/1293Kb lim: 65536 exec/s: 84688 rss: 971Mb L: 888/64589 MS: 2 InsertByte-EraseBytes-
#11771805	NEW    cov: 817 ft: 1943 corp: 470/1299Kb lim: 65536 exec/s: 84689 rss: 971Mb L: 5883/64589 MS: 2 CMP-CopyPart- DE: "\217Proc-Type: 4,ENCRYPTE"-
#11772117	REDUCE cov: 817 ft: 1943 corp: 470/1298Kb lim: 65536 exec/s: 84691 rss: 971Mb L: 1925/64589 MS: 2 ChangeASCIIInt-EraseBytes-
#11772128	REDUCE cov: 817 ft: 1943 corp: 470/1298Kb lim: 65536 exec/s: 84691 rss: 971Mb L: 894/64589 MS: 1 EraseBytes-
#11772245	REDUCE cov: 817 ft: 1943 corp: 470/1298Kb lim: 65536 exec/s: 84692 rss: 971Mb L: 5702/64589 MS: 2 EraseBytes-CopyPart-
#11772336	REDUCE cov: 817 ft: 1943 corp: 470/1295Kb lim: 65536 exec/s: 84693 rss: 971Mb L: 17755/64589 MS: 1 EraseBytes-
#11772478	REDUCE cov: 817 ft: 1943 corp: 470/1294Kb lim: 65536 exec/s: 84694 rss: 971Mb L: 3368/64589 MS: 2 InsertByte-EraseBytes-
#11772869	REDUCE cov: 817 ft: 1943 corp: 470/1294Kb lim: 65536 exec/s: 84696 rss: 971Mb L: 120/64589 MS: 1 EraseBytes-
#11772919	REDUCE cov: 817 ft: 1943 corp: 470/1294Kb lim: 65536 exec/s: 84697 rss: 971Mb L: 3729/64589 MS: 5 CMP-ChangeBinInt-ChangeASCIIInt-CrossOver-EraseBytes- DE: "\000\000\336\234"-
#11773255	REDUCE cov: 817 ft: 1943 corp: 470/1292Kb lim: 65536 exec/s: 84699 rss: 971Mb L: 37647/64589 MS: 1 EraseBytes-
#11773752	REDUCE cov: 817 ft: 1943 corp: 470/1292Kb lim: 65536 exec/s: 84703 rss: 971Mb L: 375/64589 MS: 2 ManualDict-EraseBytes- DE: "0x04"-
#11774043	REDUCE cov: 817 ft: 1943 corp: 470/1292Kb lim: 65536 exec/s: 84705 rss: 971Mb L: 158/64589 MS: 1 EraseBytes-
#11774265	REDUCE cov: 817 ft: 1943 corp: 470/1290Kb lim: 65536 exec/s: 84706 rss: 971Mb L: 11322/64589 MS: 2 ChangeASCIIInt-EraseBytes-
#11774461	REDUCE cov: 817 ft: 1943 corp: 470/1289Kb lim: 65536 exec/s: 84708 rss: 971Mb L: 1246/64589 MS: 1 EraseBytes-
#11774639	REDUCE cov: 817 ft: 1943 corp: 470/1287Kb lim: 65536 exec/s: 84104 rss: 971Mb L: 25141/64589 MS: 3 CrossOver-InsertRepeatedBytes-EraseBytes-
#11774995	REDUCE cov: 817 ft: 1943 corp: 470/1287Kb lim: 65536 exec/s: 84107 rss: 971Mb L: 421/64589 MS: 1 EraseBytes-
#11775004	REDUCE cov: 817 ft: 1943 corp: 470/1287Kb lim: 65536 exec/s: 84107 rss: 971Mb L: 1135/64589 MS: 4 PersAutoDict-CopyPart-ChangeBinInt-EraseBytes- DE: "7FFFFFFFFFFFFFFFFFFFFFFFFFFFFFFFFFFFFFFFFFFFFFFFFFFFFFFFFFFFFFF8"-
#11775056	REDUCE cov: 817 ft: 1943 corp: 470/1286Kb lim: 65536 exec/s: 84107 rss: 971Mb L: 856/64589 MS: 2 PersAutoDict-EraseBytes- DE: "\252\370\234\273"-
#11775153	REDUCE cov: 817 ft: 1943 corp: 470/1285Kb lim: 65536 exec/s: 84108 rss: 971Mb L: 22174/64589 MS: 2 CMP-EraseBytes- DE: "\012\000\000\000\000\000\000\000"-
#11775285	NEW    cov: 817 ft: 1948 corp: 471/1298Kb lim: 65536 exec/s: 84109 rss: 971Mb L: 13395/64589 MS: 2 ChangeASCIIInt-CopyPart-
#11775361	REDUCE cov: 817 ft: 1948 corp: 471/1297Kb lim: 65536 exec/s: 84109 rss: 971Mb L: 30275/64589 MS: 1 EraseBytes-
#11775381	REDUCE cov: 817 ft: 1948 corp: 471/1296Kb lim: 65536 exec/s: 84109 rss: 971Mb L: 36618/64589 MS: 5 PersAutoDict-ManualDict-EraseBytes-InsertRepeatedBytes-CopyPart- DE: "r--M-C CERTIFICATE----"-"UNKNOWN_VALUE"-
#11775528	REDUCE cov: 817 ft: 1948 corp: 471/1295Kb lim: 65536 exec/s: 84110 rss: 971Mb L: 4850/64589 MS: 2 ChangeBit-EraseBytes-
#11775534	REDUCE cov: 817 ft: 1948 corp: 471/1295Kb lim: 65536 exec/s: 84110 rss: 971Mb L: 2811/64589 MS: 1 EraseBytes-
#11775540	REDUCE cov: 817 ft: 1948 corp: 471/1295Kb lim: 65536 exec/s: 84111 rss: 971Mb L: 126/64589 MS: 1 EraseBytes-
#11775706	REDUCE cov: 817 ft: 1948 corp: 471/1295Kb lim: 65536 exec/s: 84112 rss: 971Mb L: 98/64589 MS: 1 EraseBytes-
#11775833	REDUCE cov: 817 ft: 1948 corp: 471/1295Kb lim: 65536 exec/s: 84113 rss: 971Mb L: 751/64589 MS: 2 PersAutoDict-EraseBytes- DE: "CIPHER - Authentication failed (for AEAD modes)"-
#11775887	REDUCE cov: 819 ft: 1950 corp: 472/1297Kb lim: 65536 exec/s: 84113 rss: 971Mb L: 1557/64589 MS: 4 ChangeByte-ShuffleBytes-InsertRepeatedBytes-CMP- DE: "DEK-Info: AES-256-CBC,"-
#11775891	REDUCE cov: 819 ft: 1950 corp: 472/1297Kb lim: 65536 exec/s: 84113 rss: 971Mb L: 801/64589 MS: 4 InsertByte-CrossOver-InsertRepeatedBytes-EraseBytes-
#11775952	REDUCE cov: 819 ft: 1950 corp: 472/1297Kb lim: 65536 exec/s: 84113 rss: 971Mb L: 674/64589 MS: 1 EraseBytes-
#11776033	REDUCE cov: 819 ft: 1950 corp: 472/1289Kb lim: 65536 exec/s: 84114 rss: 971Mb L: 9479/64589 MS: 1 EraseBytes-
#11776177	REDUCE cov: 819 ft: 1950 corp: 472/1274Kb lim: 65536 exec/s: 84115 rss: 971Mb L: 36259/64589 MS: 4 ChangeBinInt-ChangeASCIIInt-ChangeASCIIInt-EraseBytes-
#11776258	REDUCE cov: 819 ft: 1950 corp: 472/1268Kb lim: 65536 exec/s: 84116 rss: 971Mb L: 12650/64589 MS: 1 EraseBytes-
#11776600	REDUCE cov: 819 ft: 1950 corp: 472/1267Kb lim: 65536 exec/s: 84118 rss: 971Mb L: 3044/64589 MS: 2 CrossOver-EraseBytes-
#11776664	REDUCE cov: 819 ft: 1950 corp: 472/1267Kb lim: 65536 exec/s: 84119 rss: 971Mb L: 1300/64589 MS: 4 ManualDict-ChangeBinInt-InsertRepeatedBytes-EraseBytes- DE: "AES-256-CCM"-
#11776680	REDUCE cov: 819 ft: 1950 corp: 472/1267Kb lim: 65536 exec/s: 84119 rss: 971Mb L: 54615/64589 MS: 1 EraseBytes-
#11776861	NEW    cov: 819 ft: 1951 corp: 473/1280Kb lim: 65536 exec/s: 84120 rss: 971Mb L: 13395/64589 MS: 1 CopyPart-
#11777122	REDUCE cov: 819 ft: 1951 corp: 473/1280Kb lim: 65536 exec/s: 84122 rss: 971Mb L: 1408/64589 MS: 1 EraseBytes-
#11777249	REDUCE cov: 819 ft: 1951 corp: 473/1280Kb lim: 65536 exec/s: 84123 rss: 971Mb L: 1298/64589 MS: 2 ChangeBit-EraseBytes-
#11777325	REDUCE cov: 819 ft: 1951 corp: 473/1279Kb lim: 65536 exec/s: 84123 rss: 971Mb L: 873/64589 MS: 1 EraseBytes-
#11777374	REDUCE cov: 819 ft: 1951 corp: 473/1278Kb lim: 65536 exec/s: 84124 rss: 971Mb L: 2106/64589 MS: 4 InsertRepeatedBytes-CrossOver-ChangeASCIIInt-EraseBytes-
#11777436	REDUCE cov: 819 ft: 1951 corp: 473/1277Kb lim: 65536 exec/s: 84124 rss: 971Mb L: 16275/64589 MS: 2 ChangeBinInt-EraseBytes-
#11777469	REDUCE cov: 819 ft: 1951 corp: 473/1277Kb lim: 65536 exec/s: 84124 rss: 971Mb L: 31600/64589 MS: 3 ChangeBinInt-ChangeBit-EraseBytes-
#11777496	REDUCE cov: 819 ft: 1951 corp: 473/1276Kb lim: 65536 exec/s: 84124 rss: 971Mb L: 24341/64589 MS: 2 ShuffleBytes-EraseBytes-
#11778393	REDUCE cov: 819 ft: 1952 corp: 474/1299Kb lim: 65536 exec/s: 83534 rss: 971Mb L: 23714/64589 MS: 2 CrossOver-CopyPart-
#11778555	REDUCE cov: 819 ft: 1952 corp: 474/1299Kb lim: 65536 exec/s: 83535 rss: 971Mb L: 2759/64589 MS: 2 ChangeBinInt-EraseBytes-
#11778637	REDUCE cov: 819 ft: 1952 corp: 474/1299Kb lim: 65536 exec/s: 83536 rss: 971Mb L: 4671/64589 MS: 2 CrossOver-EraseBytes-
#11778854	REDUCE cov: 819 ft: 1952 corp: 474/1298Kb lim: 65536 exec/s: 83537 rss: 971Mb L: 1132/64589 MS: 2 ChangeByte-EraseBytes-
#11779301	REDUCE cov: 819 ft: 1952 corp: 474/1294Kb lim: 65536 exec/s: 83541 rss: 971Mb L: 20213/64589 MS: 2 ChangeBinInt-EraseBytes-
#11779352	REDUCE cov: 819 ft: 1952 corp: 474/1294Kb lim: 65536 exec/s: 83541 rss: 971Mb L: 4235/64589 MS: 1 EraseBytes-
#11779577	REDUCE cov: 819 ft: 1952 corp: 474/1288Kb lim: 65536 exec/s: 83543 rss: 971Mb L: 16074/64589 MS: 5 CopyPart-PersAutoDict-ManualDict-EraseBytes-EraseBytes- DE: "  DHM parameter load: "-"<= write certificate request"-
#11779708	REDUCE cov: 819 ft: 1952 corp: 474/1286Kb lim: 65536 exec/s: 83544 rss: 971Mb L: 9565/64589 MS: 1 EraseBytes-
#11779861	REDUCE cov: 819 ft: 1952 corp: 474/1284Kb lim: 65536 exec/s: 83545 rss: 971Mb L: 7321/64589 MS: 3 ManualDict-CMP-EraseBytes- DE: "mbedtls/asn1.h"-"\377\377\377\377\377\377\377\001"-
#11779883	REDUCE cov: 819 ft: 1952 corp: 474/1284Kb lim: 65536 exec/s: 83545 rss: 971Mb L: 164/64589 MS: 2 ShuffleBytes-EraseBytes-
#11779964	REDUCE cov: 819 ft: 1952 corp: 474/1282Kb lim: 65536 exec/s: 83545 rss: 971Mb L: 18254/64589 MS: 1 EraseBytes-
#11780023	REDUCE cov: 819 ft: 1952 corp: 474/1282Kb lim: 65536 exec/s: 83546 rss: 971Mb L: 1627/64589 MS: 4 ChangeBinInt-CMP-ChangeASCIIInt-EraseBytes- DE: "-Type: -----EN"-
#11780270	REDUCE cov: 819 ft: 1952 corp: 474/1281Kb lim: 65536 exec/s: 83548 rss: 971Mb L: 7078/64589 MS: 2 ChangeBinInt-EraseBytes-
#11780666	REDUCE cov: 819 ft: 1952 corp: 474/1281Kb lim: 65536 exec/s: 83550 rss: 971Mb L: 145/64589 MS: 1 EraseBytes-
#11780687	REDUCE cov: 819 ft: 1952 corp: 474/1281Kb lim: 65536 exec/s: 83550 rss: 971Mb L: 131/64589 MS: 1 EraseBytes-
#11780691	REDUCE cov: 819 ft: 1952 corp: 474/1281Kb lim: 65536 exec/s: 83551 rss: 971Mb L: 208/64589 MS: 4 ShuffleBytes-ChangeByte-CrossOver-EraseBytes-
#11780752	REDUCE cov: 819 ft: 1952 corp: 474/1281Kb lim: 65536 exec/s: 83551 rss: 971Mb L: 35508/64589 MS: 1 EraseBytes-
#11780793	REDUCE cov: 819 ft: 1952 corp: 474/1281Kb lim: 65536 exec/s: 83551 rss: 971Mb L: 762/64589 MS: 1 EraseBytes-
#11781069	NEW    cov: 819 ft: 1958 corp: 475/1315Kb lim: 65536 exec/s: 83553 rss: 972Mb L: 34883/64589 MS: 1 CopyPart-
#11781395	REDUCE cov: 819 ft: 1958 corp: 475/1313Kb lim: 65536 exec/s: 83555 rss: 972Mb L: 34205/64589 MS: 1 EraseBytes-
#11781456	NEW    cov: 819 ft: 1969 corp: 476/1373Kb lim: 65536 exec/s: 83556 rss: 972Mb L: 60714/64589 MS: 1 CopyPart-
#11781710	REDUCE cov: 819 ft: 1969 corp: 476/1371Kb lim: 65536 exec/s: 83558 rss: 972Mb L: 2674/64589 MS: 4 CrossOver-InsertRepeatedBytes-EraseBytes-EraseBytes-
#11782024	REDUCE cov: 819 ft: 1969 corp: 476/1371Kb lim: 65536 exec/s: 83560 rss: 972Mb L: 3269/64589 MS: 4 EraseBytes-ChangeBit-ChangeASCIIInt-CopyPart-
#11782076	REDUCE cov: 819 ft: 1969 corp: 476/1371Kb lim: 65536 exec/s: 82972 rss: 972Mb L: 162/64589 MS: 2 ShuffleBytes-EraseBytes-
#11782233	REDUCE cov: 819 ft: 1969 corp: 476/1371Kb lim: 65536 exec/s: 82973 rss: 972Mb L: 1147/64589 MS: 2 ChangeByte-EraseBytes-
#11782415	REDUCE cov: 819 ft: 1970 corp: 477/1373Kb lim: 65536 exec/s: 82974 rss: 973Mb L: 2674/64589 MS: 2 ChangeASCIIInt-CopyPart-
#11782512	REDUCE cov: 819 ft: 1970 corp: 477/1372Kb lim: 65536 exec/s: 82975 rss: 973Mb L: 6087/64589 MS: 2 ManualDict-EraseBytes- DE: "AES-192-CCM*-NO-TAG"-
#11782803	REDUCE cov: 819 ft: 1970 corp: 477/1371Kb lim: 65536 exec/s: 82977 rss: 973Mb L: 1681/64589 MS: 1 EraseBytes-
#11782870	REDUCE cov: 819 ft: 1972 corp: 478/1373Kb lim: 65536 exec/s: 82977 rss: 973Mb L: 1502/64589 MS: 2 InsertByte-CopyPart-
#11783096	REDUCE cov: 819 ft: 1972 corp: 478/1373Kb lim: 65536 exec/s: 82979 rss: 973Mb L: 151/64589 MS: 1 EraseBytes-
#11783499	REDUCE cov: 819 ft: 1972 corp: 478/1372Kb lim: 65536 exec/s: 82982 rss: 973Mb L: 5621/64589 MS: 3 InsertRepeatedBytes-PersAutoDict-EraseBytes- DE: "=m"-
#11783675	REDUCE cov: 819 ft: 1972 corp: 478/1372Kb lim: 65536 exec/s: 82983 rss: 973Mb L: 6715/64589 MS: 1 EraseBytes-
#11783688	REDUCE cov: 819 ft: 1973 corp: 479/1381Kb lim: 65536 exec/s: 82983 rss: 973Mb L: 9494/64589 MS: 3 ManualDict-CrossOver-CrossOver- DE: "ARIA-128-CFB128"-
#11783689	REDUCE cov: 819 ft: 1973 corp: 479/1381Kb lim: 65536 exec/s: 82983 rss: 973Mb L: 89/64589 MS: 1 EraseBytes-
#11784021	REDUCE cov: 819 ft: 1973 corp: 479/1380Kb lim: 65536 exec/s: 82986 rss: 974Mb L: 8229/64589 MS: 2 ManualDict-EraseBytes- DE: "mbedtls/sha256.h"-
#11784107	REDUCE cov: 819 ft: 1973 corp: 479/1373Kb lim: 65536 exec/s: 82986 rss: 974Mb L: 27991/64589 MS: 1 EraseBytes-
#11784128	REDUCE cov: 819 ft: 1973 corp: 479/1373Kb lim: 65536 exec/s: 82986 rss: 974Mb L: 5100/64589 MS: 1 EraseBytes-
#11784452	REDUCE cov: 819 ft: 1973 corp: 479/1373Kb lim: 65536 exec/s: 82989 rss: 974Mb L: 2938/64589 MS: 4 PersAutoDict-ChangeByte-ManualDict-EraseBytes- DE: "\216\223?\036"-"5715ECCE24583F7A7023C24164390586842E816D7280A49EF6DF4EAE6B280BF8"-
#11784653	REDUCE cov: 819 ft: 1973 corp: 479/1372Kb lim: 65536 exec/s: 82990 rss: 974Mb L: 2219/64589 MS: 1 EraseBytes-
#11785115	REDUCE cov: 819 ft: 1973 corp: 479/1372Kb lim: 65536 exec/s: 82993 rss: 974Mb L: 699/64589 MS: 2 CopyPart-EraseBytes-
#11785277	REDUCE cov: 819 ft: 1973 corp: 479/1372Kb lim: 65536 exec/s: 82994 rss: 974Mb L: 1487/64589 MS: 2 InsertRepeatedBytes-EraseBytes-
#11785436	REDUCE cov: 819 ft: 1973 corp: 479/1371Kb lim: 65536 exec/s: 82996 rss: 975Mb L: 59185/64589 MS: 4 InsertByte-CopyPart-InsertByte-EraseBytes-
#11785632	REDUCE cov: 819 ft: 1973 corp: 479/1371Kb lim: 65536 exec/s: 82417 rss: 975Mb L: 9414/64589 MS: 1 EraseBytes-
#11786183	REDUCE cov: 819 ft: 1974 corp: 480/1371Kb lim: 65536 exec/s: 82420 rss: 975Mb L: 249/64589 MS: 1 CopyPart-
#11786469	REDUCE cov: 819 ft: 1974 corp: 480/1371Kb lim: 65536 exec/s: 82422 rss: 976Mb L: 1280/64589 MS: 1 EraseBytes-
#11786501	REDUCE cov: 819 ft: 1974 corp: 480/1371Kb lim: 65536 exec/s: 82423 rss: 976Mb L: 131/64589 MS: 2 PersAutoDict-EraseBytes- DE: "SHA1"-
#11786559	REDUCE cov: 819 ft: 1974 corp: 480/1371Kb lim: 65536 exec/s: 82423 rss: 976Mb L: 1123/64589 MS: 3 ChangeByte-ChangeByte-EraseBytes-
#11786632	REDUCE cov: 819 ft: 1974 corp: 480/1371Kb lim: 65536 exec/s: 82424 rss: 976Mb L: 1071/64589 MS: 3 ShuffleBytes-ChangeBinInt-EraseBytes-
#11786854	REDUCE cov: 819 ft: 1974 corp: 480/1370Kb lim: 65536 exec/s: 82425 rss: 976Mb L: 1534/64589 MS: 2 ChangeASCIIInt-EraseBytes-
#11786935	REDUCE cov: 819 ft: 1974 corp: 480/1370Kb lim: 65536 exec/s: 82426 rss: 976Mb L: 5552/64589 MS: 1 EraseBytes-
#11786981	REDUCE cov: 819 ft: 1974 corp: 480/1370Kb lim: 65536 exec/s: 82426 rss: 976Mb L: 580/64589 MS: 1 EraseBytes-
#11787079	REDUCE cov: 819 ft: 1974 corp: 480/1369Kb lim: 65536 exec/s: 82427 rss: 976Mb L: 6928/64589 MS: 3 ChangeASCIIInt-ChangeBit-EraseBytes-
#11787178	REDUCE cov: 819 ft: 1974 corp: 480/1369Kb lim: 65536 exec/s: 82427 rss: 976Mb L: 2213/64589 MS: 4 ChangeASCIIInt-ShuffleBytes-ManualDict-EraseBytes- DE: "ticket is not authentic"-
#11787292	REDUCE cov: 819 ft: 1976 corp: 481/1404Kb lim: 65536 exec/s: 82428 rss: 976Mb L: 36347/64589 MS: 4 ChangeASCIIInt-CrossOver-ChangeASCIIInt-CrossOver-
#11787303	REDUCE cov: 819 ft: 1976 corp: 481/1404Kb lim: 65536 exec/s: 82428 rss: 976Mb L: 2750/64589 MS: 1 EraseBytes-
#11787571	REDUCE cov: 819 ft: 1976 corp: 481/1393Kb lim: 65536 exec/s: 82430 rss: 976Mb L: 25494/64589 MS: 3 PersAutoDict-ChangeByte-EraseBytes- DE: "\001\000\000\000\000\000\000\002"-
#11787601	REDUCE cov: 819 ft: 1978 corp: 482/1440Kb lim: 65536 exec/s: 82430 rss: 976Mb L: 47583/64589 MS: 5 InsertByte-CrossOver-ShuffleBytes-ChangeBinInt-CopyPart-
#11787614	REDUCE cov: 819 ft: 1978 corp: 482/1437Kb lim: 65536 exec/s: 82430 rss: 977Mb L: 31862/64589 MS: 3 ChangeASCIIInt-ChangeByte-EraseBytes-
#11788137	REDUCE cov: 819 ft: 1978 corp: 482/1437Kb lim: 65536 exec/s: 82434 rss: 977Mb L: 27691/64589 MS: 3 InsertRepeatedBytes-PersAutoDict-EraseBytes- DE: "\001\006"-
#11788159	REDUCE cov: 819 ft: 1978 corp: 482/1437Kb lim: 65536 exec/s: 82434 rss: 977Mb L: 2131/64589 MS: 2 ChangeByte-EraseBytes-
#11788183	REDUCE cov: 819 ft: 1978 corp: 482/1437Kb lim: 65536 exec/s: 82434 rss: 977Mb L: 1229/64589 MS: 4 ShuffleBytes-InsertRepeatedBytes-ManualDict-EraseBytes- DE: " mbedtls_x509_crt_parse_der"-
#11788261	REDUCE cov: 819 ft: 1978 corp: 482/1436Kb lim: 65536 exec/s: 82435 rss: 977Mb L: 456/64589 MS: 3 EraseBytes-ManualDict-CopyPart- DE: "ARIA-192-CBC"-
#11788443	REDUCE cov: 819 ft: 1978 corp: 482/1427Kb lim: 65536 exec/s: 81864 rss: 977Mb L: 38034/64589 MS: 2 CMP-EraseBytes- DE: "\001\000\000\000\000\000\000("-
#11788669	REDUCE cov: 819 ft: 1978 corp: 482/1427Kb lim: 65536 exec/s: 81865 rss: 977Mb L: 578/64589 MS: 1 EraseBytes-
#11788800	REDUCE cov: 819 ft: 1978 corp: 482/1427Kb lim: 65536 exec/s: 81866 rss: 977Mb L: 89/64589 MS: 1 EraseBytes-
#11788956	REDUCE cov: 819 ft: 1978 corp: 482/1426Kb lim: 65536 exec/s: 81867 rss: 978Mb L: 523/64589 MS: 1 EraseBytes-
#11789259	REDUCE cov: 819 ft: 1978 corp: 482/1425Kb lim: 65536 exec/s: 81869 rss: 978Mb L: 16481/64589 MS: 3 ChangeBinInt-ChangeByte-EraseBytes-
#11789822	REDUCE cov: 819 ft: 1978 corp: 482/1425Kb lim: 65536 exec/s: 81873 rss: 978Mb L: 736/64589 MS: 3 EraseBytes-InsertByte-CopyPart-
#11789895	REDUCE cov: 819 ft: 1978 corp: 482/1425Kb lim: 65536 exec/s: 81874 rss: 978Mb L: 101/64589 MS: 3 ShuffleBytes-CopyPart-EraseBytes-
#11789961	REDUCE cov: 819 ft: 1978 corp: 482/1424Kb lim: 65536 exec/s: 81874 rss: 978Mb L: 5928/64589 MS: 1 EraseBytes-
#11789967	REDUCE cov: 819 ft: 1978 corp: 482/1424Kb lim: 65536 exec/s: 81874 rss: 978Mb L: 25459/64589 MS: 1 EraseBytes-
#11790343	REDUCE cov: 819 ft: 1978 corp: 482/1424Kb lim: 65536 exec/s: 81877 rss: 978Mb L: 6434/64589 MS: 1 EraseBytes-
#11790759	REDUCE cov: 819 ft: 1978 corp: 482/1423Kb lim: 65536 exec/s: 81880 rss: 978Mb L: 68/64589 MS: 1 EraseBytes-
#11790840	REDUCE cov: 819 ft: 1978 corp: 482/1423Kb lim: 65536 exec/s: 81880 rss: 979Mb L: 544/64589 MS: 1 EraseBytes-
#11790891	REDUCE cov: 819 ft: 1978 corp: 482/1423Kb lim: 65536 exec/s: 81881 rss: 979Mb L: 6478/64589 MS: 1 EraseBytes-
#11791073	REDUCE cov: 819 ft: 1978 corp: 482/1421Kb lim: 65536 exec/s: 81882 rss: 979Mb L: 4871/64589 MS: 2 InsertRepeatedBytes-EraseBytes-
#11791262	REDUCE cov: 819 ft: 1978 corp: 482/1419Kb lim: 65536 exec/s: 81883 rss: 979Mb L: 3252/64589 MS: 4 ManualDict-CMP-PersAutoDict-EraseBytes- DE: "bad new session ticket message"-"\351\377\377\377"-"ProtocolName"-
#11791428	REDUCE cov: 819 ft: 1978 corp: 482/1417Kb lim: 65536 exec/s: 81884 rss: 979Mb L: 37080/64589 MS: 1 EraseBytes-
#11791542	REDUCE cov: 819 ft: 1978 corp: 482/1417Kb lim: 65536 exec/s: 81320 rss: 979Mb L: 1112/64589 MS: 4 ShuffleBytes-ChangeBinInt-ChangeBit-EraseBytes-
#11791559	REDUCE cov: 819 ft: 1978 corp: 482/1417Kb lim: 65536 exec/s: 81321 rss: 979Mb L: 492/64589 MS: 2 PersAutoDict-EraseBytes- DE: "AES-256-CCM*-NO-TAG"-
#11791736	REDUCE cov: 819 ft: 1978 corp: 482/1417Kb lim: 65536 exec/s: 81322 rss: 979Mb L: 1097/64589 MS: 2 PersAutoDict-EraseBytes- DE: "=> handshake wrapup"-
#11791857	REDUCE cov: 819 ft: 1978 corp: 482/1417Kb lim: 65536 exec/s: 81323 rss: 979Mb L: 798/64589 MS: 1 EraseBytes-
#11792012	REDUCE cov: 819 ft: 1978 corp: 482/1399Kb lim: 65536 exec/s: 81324 rss: 980Mb L: 20285/64589 MS: 5 ShuffleBytes-ChangeBit-ChangeBit-ManualDict-EraseBytes- DE: "SEQUENCE OF <tag>"-
#11792443	REDUCE cov: 819 ft: 1978 corp: 482/1399Kb lim: 65536 exec/s: 81327 rss: 980Mb L: 1011/64589 MS: 1 EraseBytes-
#11792639	REDUCE cov: 819 ft: 1978 corp: 482/1399Kb lim: 65536 exec/s: 81328 rss: 980Mb L: 218/64589 MS: 1 EraseBytes-
#11793090	REDUCE cov: 819 ft: 1978 corp: 482/1399Kb lim: 65536 exec/s: 81331 rss: 980Mb L: 230/64589 MS: 1 EraseBytes-
#11793212	REDUCE cov: 819 ft: 1978 corp: 482/1399Kb lim: 65536 exec/s: 81332 rss: 980Mb L: 345/64589 MS: 2 InsertRepeatedBytes-EraseBytes-
#11793519	REDUCE cov: 819 ft: 1978 corp: 482/1396Kb lim: 65536 exec/s: 81334 rss: 980Mb L: 9818/64589 MS: 2 InsertByte-EraseBytes-
#11793615	REDUCE cov: 819 ft: 1978 corp: 482/1396Kb lim: 65536 exec/s: 81335 rss: 980Mb L: 1119/64589 MS: 1 EraseBytes-
#11793912	REDUCE cov: 819 ft: 1978 corp: 482/1396Kb lim: 65536 exec/s: 81337 rss: 981Mb L: 1322/64589 MS: 2 InsertByte-EraseBytes-
#11794003	REDUCE cov: 819 ft: 1978 corp: 482/1396Kb lim: 65536 exec/s: 81337 rss: 981Mb L: 834/64589 MS: 1 EraseBytes-
#11794504	REDUCE cov: 819 ft: 1978 corp: 482/1396Kb lim: 65536 exec/s: 81341 rss: 981Mb L: 30048/64589 MS: 1 EraseBytes-
#11794610	REDUCE cov: 819 ft: 1978 corp: 482/1395Kb lim: 65536 exec/s: 81342 rss: 982Mb L: 421/64589 MS: 1 EraseBytes-
#11794654	REDUCE cov: 819 ft: 1978 corp: 482/1395Kb lim: 65536 exec/s: 81342 rss: 982Mb L: 15909/64589 MS: 4 ChangeBit-CrossOver-CopyPart-EraseBytes-
#11794851	REDUCE cov: 819 ft: 1978 corp: 482/1394Kb lim: 65536 exec/s: 81343 rss: 982Mb L: 2240/64589 MS: 2 ShuffleBytes-EraseBytes-
#11795017	REDUCE cov: 819 ft: 1978 corp: 482/1394Kb lim: 65536 exec/s: 81344 rss: 982Mb L: 150/64589 MS: 1 EraseBytes-
#11795225	REDUCE cov: 819 ft: 1978 corp: 482/1394Kb lim: 65536 exec/s: 80789 rss: 982Mb L: 156/64589 MS: 3 CrossOver-ChangeBinInt-EraseBytes-
#11795816	REDUCE cov: 820 ft: 1979 corp: 483/1394Kb lim: 65536 exec/s: 80793 rss: 982Mb L: 160/64589 MS: 1 InsertRepeatedBytes-
#11796372	REDUCE cov: 820 ft: 1979 corp: 483/1394Kb lim: 65536 exec/s: 80797 rss: 982Mb L: 142/64589 MS: 1 EraseBytes-
#11796484	REDUCE cov: 820 ft: 1982 corp: 484/1448Kb lim: 65536 exec/s: 80797 rss: 982Mb L: 54931/64589 MS: 2 ChangeByte-CopyPart-
#11796553	REDUCE cov: 820 ft: 1982 corp: 484/1448Kb lim: 65536 exec/s: 80798 rss: 982Mb L: 1797/64589 MS: 4 InsertRepeatedBytes-ChangeASCIIInt-ChangeASCIIInt-EraseBytes-
#11796595	REDUCE cov: 820 ft: 1982 corp: 484/1448Kb lim: 65536 exec/s: 80798 rss: 982Mb L: 668/64589 MS: 2 InsertByte-EraseBytes-
#11796622	REDUCE cov: 820 ft: 1982 corp: 484/1446Kb lim: 65536 exec/s: 80798 rss: 982Mb L: 19075/64589 MS: 2 ChangeByte-EraseBytes-
#11796893	REDUCE cov: 820 ft: 1984 corp: 485/1451Kb lim: 65536 exec/s: 80800 rss: 982Mb L: 4400/64589 MS: 1 CopyPart-
#11797155	REDUCE cov: 820 ft: 1984 corp: 485/1451Kb lim: 65536 exec/s: 80802 rss: 983Mb L: 248/64589 MS: 2 InsertByte-EraseBytes-
#11797250	REDUCE cov: 820 ft: 1984 corp: 485/1450Kb lim: 65536 exec/s: 80803 rss: 983Mb L: 3980/64589 MS: 5 ChangeASCIIInt-ChangeByte-ChangeByte-ChangeByte-EraseBytes-
#11797557	REDUCE cov: 820 ft: 1984 corp: 485/1450Kb lim: 65536 exec/s: 80805 rss: 983Mb L: 1732/64589 MS: 2 ChangeByte-EraseBytes-
#11797834	NEW    cov: 820 ft: 1985 corp: 486/1507Kb lim: 65536 exec/s: 80807 rss: 984Mb L: 57803/64589 MS: 2 ShuffleBytes-CopyPart-
#11798305	REDUCE cov: 820 ft: 1985 corp: 486/1506Kb lim: 65536 exec/s: 80260 rss: 984Mb L: 1771/64589 MS: 1 EraseBytes-
#11798322	REDUCE cov: 820 ft: 1985 corp: 486/1506Kb lim: 65536 exec/s: 80260 rss: 984Mb L: 18891/64589 MS: 2 ChangeBinInt-EraseBytes-
#11798538	REDUCE cov: 820 ft: 1985 corp: 486/1505Kb lim: 65536 exec/s: 80262 rss: 984Mb L: 24898/64589 MS: 1 EraseBytes-
#11798795	REDUCE cov: 821 ft: 1986 corp: 487/1506Kb lim: 65536 exec/s: 80263 rss: 984Mb L: 157/64589 MS: 2 InsertByte-ChangeByte-
#11799258	REDUCE cov: 821 ft: 1986 corp: 487/1505Kb lim: 65536 exec/s: 80267 rss: 984Mb L: 13364/64589 MS: 3 ManualDict-CopyPart-EraseBytes- DE: "mbedtls/sha512.h"-
#11799670	REDUCE cov: 821 ft: 1986 corp: 487/1504Kb lim: 65536 exec/s: 80269 rss: 984Mb L: 14431/64589 MS: 2 CrossOver-EraseBytes-
#11799900	REDUCE cov: 821 ft: 1986 corp: 487/1499Kb lim: 65536 exec/s: 80271 rss: 984Mb L: 11378/64589 MS: 5 ChangeASCIIInt-ChangeBinInt-ChangeByte-CMP-EraseBytes- DE: "\222\377\377\377"-
#11800648	REDUCE cov: 821 ft: 1986 corp: 487/1499Kb lim: 65536 exec/s: 80276 rss: 986Mb L: 1285/64589 MS: 3 PersAutoDict-PersAutoDict-EraseBytes- DE: "AES-192-CCM*-NO-TAG"-"server version"-
#11800753	REDUCE cov: 822 ft: 1987 corp: 488/1503Kb lim: 65536 exec/s: 80277 rss: 987Mb L: 3672/64589 MS: 5 CrossOver-PersAutoDict-ManualDict-PersAutoDict-ManualDict- DE: "\377\377\377\377\377\377\377\027"-"34D2A323810251127E7BF8625A4F49A5"-"U\035\006"-"B2E7EFD37075B9F03FF989C7C5051C20"-
#11800761	REDUCE cov: 822 ft: 1987 corp: 488/1501Kb lim: 65536 exec/s: 80277 rss: 987Mb L: 6613/64589 MS: 3 ManualDict-CrossOver-EraseBytes- DE: " > %"-
#11800892	REDUCE cov: 822 ft: 1987 corp: 488/1501Kb lim: 65536 exec/s: 80278 rss: 987Mb L: 1014/64589 MS: 1 EraseBytes-
#11800988	REDUCE cov: 822 ft: 1987 corp: 488/1501Kb lim: 65536 exec/s: 80278 rss: 987Mb L: 324/64589 MS: 1 EraseBytes-
#11801076	REDUCE cov: 822 ft: 1987 corp: 488/1501Kb lim: 65536 exec/s: 80279 rss: 987Mb L: 123/64589 MS: 3 ChangeBit-ChangeBinInt-EraseBytes-
#11801084	REDUCE cov: 822 ft: 1987 corp: 488/1501Kb lim: 65536 exec/s: 80279 rss: 987Mb L: 1583/64589 MS: 3 ChangeByte-ChangeBit-EraseBytes-
#11801244	REDUCE cov: 822 ft: 1987 corp: 488/1501Kb lim: 65536 exec/s: 80280 rss: 987Mb L: 18658/64589 MS: 5 ShuffleBytes-ChangeASCIIInt-InsertByte-ManualDict-EraseBytes- DE: "mbedtls/oid.h"-
#11801397	REDUCE cov: 822 ft: 1987 corp: 488/1500Kb lim: 65536 exec/s: 80281 rss: 987Mb L: 1510/64589 MS: 3 InsertRepeatedBytes-InsertRepeatedBytes-EraseBytes-
#11801545	REDUCE cov: 822 ft: 1987 corp: 488/1500Kb lim: 65536 exec/s: 80282 rss: 987Mb L: 3480/64589 MS: 3 ChangeBit-ManualDict-EraseBytes- DE: "mbedtls_ct_memcmp() requires minimum 32-bit ints"-
#11801732	REDUCE cov: 823 ft: 1988 corp: 489/1515Kb lim: 65536 exec/s: 80283 rss: 987Mb L: 15005/64589 MS: 2 PersAutoDict-EraseBytes- DE: "555555555555555555555555555555555555555555555555"-
#11801968	REDUCE cov: 823 ft: 1988 corp: 489/1515Kb lim: 65536 exec/s: 79743 rss: 987Mb L: 127/64589 MS: 1 EraseBytes-
#11801971	REDUCE cov: 823 ft: 1988 corp: 489/1515Kb lim: 65536 exec/s: 79743 rss: 987Mb L: 14387/64589 MS: 3 CMP-ShuffleBytes-EraseBytes- DE: "DEK-Info\306\337DES-CBC,"-
#11802045	REDUCE cov: 823 ft: 1989 corp: 490/1518Kb lim: 65536 exec/s: 79743 rss: 987Mb L: 2780/64589 MS: 4 ChangeBit-ChangeBit-ChangeBinInt-ManualDict- DE: "bad certificate verify message"-
#11802376	REDUCE cov: 823 ft: 1989 corp: 490/1518Kb lim: 65536 exec/s: 79745 rss: 987Mb L: 802/64589 MS: 1 EraseBytes-
#11802387	REDUCE cov: 823 ft: 1989 corp: 490/1517Kb lim: 65536 exec/s: 79745 rss: 987Mb L: 698/64589 MS: 1 EraseBytes-
#11802600	REDUCE cov: 823 ft: 1989 corp: 490/1517Kb lim: 65536 exec/s: 79747 rss: 987Mb L: 2976/64589 MS: 3 ChangeBinInt-ChangeASCIIInt-EraseBytes-
#11803060	REDUCE cov: 823 ft: 1990 corp: 491/1518Kb lim: 65536 exec/s: 79750 rss: 987Mb L: 1589/64589 MS: 5 ShuffleBytes-ChangeByte-InsertRepeatedBytes-CrossOver-CrossOver-
#11803241	REDUCE cov: 823 ft: 1990 corp: 491/1518Kb lim: 65536 exec/s: 79751 rss: 987Mb L: 97/64589 MS: 1 EraseBytes-
#11803242	REDUCE cov: 823 ft: 1990 corp: 491/1518Kb lim: 65536 exec/s: 79751 rss: 987Mb L: 139/64589 MS: 1 EraseBytes-
#11803254	REDUCE cov: 823 ft: 1990 corp: 491/1518Kb lim: 65536 exec/s: 79751 rss: 987Mb L: 687/64589 MS: 2 ChangeBit-EraseBytes-
#11803265	REDUCE cov: 823 ft: 1990 corp: 491/1518Kb lim: 65536 exec/s: 79751 rss: 987Mb L: 6174/64589 MS: 1 EraseBytes-
#11803648	REDUCE cov: 823 ft: 1990 corp: 491/1512Kb lim: 65536 exec/s: 79754 rss: 987Mb L: 19067/64589 MS: 3 PersAutoDict-InsertByte-EraseBytes- DE: "own certificate"-
#11803750	REDUCE cov: 823 ft: 1990 corp: 491/1512Kb lim: 65536 exec/s: 79755 rss: 987Mb L: 6196/64589 MS: 2 ShuffleBytes-EraseBytes-
#11803846	REDUCE cov: 823 ft: 1991 corp: 492/1515Kb lim: 65536 exec/s: 79755 rss: 987Mb L: 2976/64589 MS: 1 CopyPart-
#11803848	REDUCE cov: 823 ft: 1991 corp: 492/1515Kb lim: 65536 exec/s: 79755 rss: 987Mb L: 2787/64589 MS: 2 CrossOver-EraseBytes-
#11803924	REDUCE cov: 823 ft: 1991 corp: 492/1515Kb lim: 65536 exec/s: 79756 rss: 987Mb L: 695/64589 MS: 1 EraseBytes-
#11803961	NEW    cov: 823 ft: 1992 corp: 493/1519Kb lim: 65536 exec/s: 79756 rss: 987Mb L: 4331/64589 MS: 2 ManualDict-CopyPart- DE: "<= handshake wrapup"-
#11804162	REDUCE cov: 823 ft: 1992 corp: 493/1518Kb lim: 65536 exec/s: 79757 rss: 987Mb L: 2472/64589 MS: 1 EraseBytes-
#11804249	REDUCE cov: 823 ft: 1992 corp: 493/1517Kb lim: 65536 exec/s: 79758 rss: 987Mb L: 14112/64589 MS: 2 CopyPart-EraseBytes-
#11804576	REDUCE cov: 823 ft: 1992 corp: 493/1517Kb lim: 65536 exec/s: 79225 rss: 987Mb L: 16018/64589 MS: 2 CrossOver-EraseBytes-
#11804758	REDUCE cov: 823 ft: 1993 corp: 494/1520Kb lim: 65536 exec/s: 79226 rss: 987Mb L: 2478/64589 MS: 2 CopyPart-CopyPart-
#11804846	REDUCE cov: 823 ft: 1993 corp: 494/1520Kb lim: 65536 exec/s: 79227 rss: 987Mb L: 573/64589 MS: 3 EraseBytes-ManualDict-InsertRepeatedBytes- DE: "AES-192-OFB"-
#11804887	REDUCE cov: 823 ft: 1993 corp: 494/1519Kb lim: 65536 exec/s: 79227 rss: 987Mb L: 4555/64589 MS: 1 EraseBytes-
#11805253	REDUCE cov: 823 ft: 1994 corp: 495/1533Kb lim: 65536 exec/s: 79229 rss: 987Mb L: 14112/64589 MS: 1 CopyPart-
#11805457	REDUCE cov: 823 ft: 1994 corp: 495/1533Kb lim: 65536 exec/s: 79231 rss: 987Mb L: 1472/64589 MS: 4 InsertRepeatedBytes-CrossOver-ChangeASCIIInt-EraseBytes-
#11806096	REDUCE cov: 823 ft: 1994 corp: 495/1529Kb lim: 65536 exec/s: 79235 rss: 987Mb L: 15531/64589 MS: 4 ShuffleBytes-ShuffleBytes-PersAutoDict-EraseBytes- DE: "\221y/\356"-
#11806112	REDUCE cov: 823 ft: 1994 corp: 495/1529Kb lim: 65536 exec/s: 79235 rss: 987Mb L: 83/64589 MS: 1 EraseBytes-
#11806328	REDUCE cov: 823 ft: 1994 corp: 495/1529Kb lim: 65536 exec/s: 79237 rss: 987Mb L: 283/64589 MS: 1 EraseBytes-
#11806546	REDUCE cov: 823 ft: 1994 corp: 495/1529Kb lim: 65536 exec/s: 79238 rss: 987Mb L: 1312/64589 MS: 3 CMP-CMP-EraseBytes- DE: "\377\377\377\377\377\377\377\001"-"-----BEGIN CERTIFICATE-----"-
#11806941	REDUCE cov: 823 ft: 1994 corp: 495/1529Kb lim: 65536 exec/s: 79241 rss: 987Mb L: 15280/64589 MS: 5 ChangeBinInt-ChangeBinInt-ChangeBit-CrossOver-EraseBytes-
#11807211	REDUCE cov: 823 ft: 1994 corp: 495/1527Kb lim: 65536 exec/s: 79243 rss: 987Mb L: 7833/64589 MS: 5 ChangeBinInt-CopyPart-ChangeByte-CMP-EraseBytes- DE: "\177d\300\013"-
#11807348	REDUCE cov: 823 ft: 1994 corp: 495/1527Kb lim: 65536 exec/s: 79243 rss: 987Mb L: 413/64589 MS: 2 ChangeASCIIInt-EraseBytes-
#11807489	REDUCE cov: 823 ft: 1994 corp: 495/1526Kb lim: 65536 exec/s: 79244 rss: 987Mb L: 4668/64589 MS: 1 EraseBytes-
#11807731	REDUCE cov: 823 ft: 1994 corp: 495/1525Kb lim: 65536 exec/s: 79246 rss: 987Mb L: 2002/64589 MS: 2 ChangeBit-EraseBytes-
#11808097	REDUCE cov: 823 ft: 1994 corp: 495/1525Kb lim: 65536 exec/s: 79248 rss: 987Mb L: 837/64589 MS: 1 EraseBytes-
#11808288	REDUCE cov: 823 ft: 1994 corp: 495/1525Kb lim: 65536 exec/s: 78721 rss: 987Mb L: 13685/64589 MS: 1 EraseBytes-
#11808334	REDUCE cov: 823 ft: 1994 corp: 495/1524Kb lim: 65536 exec/s: 78722 rss: 987Mb L: 1208/64589 MS: 1 EraseBytes-
#11808405	NEW    cov: 823 ft: 1995 corp: 496/1533Kb lim: 65536 exec/s: 78722 rss: 987Mb L: 8457/64589 MS: 1 CopyPart-
#11808645	REDUCE cov: 823 ft: 1995 corp: 496/1532Kb lim: 65536 exec/s: 78724 rss: 987Mb L: 2170/64589 MS: 5 CopyPart-ManualDict-InsertRepeatedBytes-ShuffleBytes-EraseBytes- DE: "renegotiation_info extension missing (secure)"-
#11808764	REDUCE cov: 823 ft: 1995 corp: 496/1532Kb lim: 65536 exec/s: 78725 rss: 987Mb L: 105/64589 MS: 4 CopyPart-ChangeASCIIInt-ManualDict-EraseBytes- DE: "ldr %0, [%1]"-
#11808866	REDUCE cov: 823 ft: 1995 corp: 496/1532Kb lim: 65536 exec/s: 78725 rss: 987Mb L: 3741/64589 MS: 2 InsertByte-EraseBytes-
#11809922	REDUCE cov: 823 ft: 1995 corp: 496/1531Kb lim: 65536 exec/s: 78732 rss: 987Mb L: 5821/64589 MS: 1 EraseBytes-
#11809966	REDUCE cov: 823 ft: 1995 corp: 496/1531Kb lim: 65536 exec/s: 78733 rss: 987Mb L: 2926/64589 MS: 4 ChangeBinInt-ChangeByte-InsertRepeatedBytes-EraseBytes-
#11809994	REDUCE cov: 823 ft: 1995 corp: 496/1530Kb lim: 65536 exec/s: 78733 rss: 987Mb L: 3278/64589 MS: 3 ChangeBit-ChangeByte-EraseBytes-
#11810015	REDUCE cov: 823 ft: 1995 corp: 496/1530Kb lim: 65536 exec/s: 78733 rss: 987Mb L: 247/64589 MS: 1 EraseBytes-
#11810112	REDUCE cov: 823 ft: 1995 corp: 496/1530Kb lim: 65536 exec/s: 78734 rss: 987Mb L: 2721/64589 MS: 2 InsertByte-EraseBytes-
#11810119	REDUCE cov: 823 ft: 1995 corp: 496/1530Kb lim: 65536 exec/s: 78734 rss: 987Mb L: 5802/64589 MS: 2 PersAutoDict-EraseBytes- DE: "*\206H\316=\004\003\004"-
#11810181	REDUCE cov: 823 ft: 1995 corp: 496/1529Kb lim: 65536 exec/s: 78734 rss: 987Mb L: 7658/64589 MS: 2 InsertByte-EraseBytes-
#11810610	REDUCE cov: 823 ft: 1995 corp: 496/1529Kb lim: 65536 exec/s: 78737 rss: 987Mb L: 5298/64589 MS: 4 ShuffleBytes-CopyPart-InsertRepeatedBytes-EraseBytes-
#11810644	REDUCE cov: 823 ft: 1995 corp: 496/1528Kb lim: 65536 exec/s: 78737 rss: 987Mb L: 583/64589 MS: 4 PersAutoDict-CMP-ChangeASCIIInt-EraseBytes- DE: "U\235%"-"\377\377\377/"-
#11810932	REDUCE cov: 823 ft: 1995 corp: 496/1528Kb lim: 65536 exec/s: 78739 rss: 987Mb L: 5277/64589 MS: 3 ShuffleBytes-ManualDict-EraseBytes- DE: "certificate mismatch: "-
#11811012	REDUCE cov: 823 ft: 1995 corp: 496/1527Kb lim: 65536 exec/s: 78740 rss: 987Mb L: 1649/64589 MS: 5 ChangeBinInt-CMP-InsertByte-ChangeBinInt-EraseBytes- DE: "g*+\031"-
#11811278	REDUCE cov: 823 ft: 1995 corp: 496/1527Kb lim: 65536 exec/s: 78741 rss: 987Mb L: 417/64589 MS: 1 EraseBytes-
#11811590	REDUCE cov: 823 ft: 1995 corp: 496/1527Kb lim: 65536 exec/s: 78222 rss: 987Mb L: 36398/64589 MS: 2 CMP-EraseBytes- DE: "-------6---EGBIN CERTI"-
#11811714	REDUCE cov: 823 ft: 1995 corp: 496/1526Kb lim: 65536 exec/s: 78223 rss: 987Mb L: 1469/64589 MS: 4 ShuffleBytes-ShuffleBytes-ChangeByte-EraseBytes-
#11811925	REDUCE cov: 823 ft: 1995 corp: 496/1526Kb lim: 65536 exec/s: 78224 rss: 987Mb L: 13396/64589 MS: 1 EraseBytes-
#11812212	REDUCE cov: 823 ft: 1995 corp: 496/1525Kb lim: 65536 exec/s: 78226 rss: 987Mb L: 17741/64589 MS: 2 InsertRepeatedBytes-EraseBytes-
#11812379	REDUCE cov: 823 ft: 1995 corp: 496/1521Kb lim: 65536 exec/s: 78227 rss: 987Mb L: 13082/64589 MS: 2 ChangeBit-EraseBytes-
#11812397	REDUCE cov: 823 ft: 1995 corp: 496/1520Kb lim: 65536 exec/s: 78227 rss: 987Mb L: 741/64589 MS: 3 ChangeByte-ChangeASCIIInt-EraseBytes-
#11812720	REDUCE cov: 823 ft: 1995 corp: 496/1520Kb lim: 65536 exec/s: 78229 rss: 987Mb L: 2370/64589 MS: 3 ManualDict-ChangeByte-EraseBytes- DE: "bad certificate verify message"-
#11812839	REDUCE cov: 823 ft: 1995 corp: 496/1520Kb lim: 65536 exec/s: 78230 rss: 987Mb L: 1207/64589 MS: 4 InsertByte-ChangeASCIIInt-ChangeBinInt-EraseBytes-
#11812996	REDUCE cov: 823 ft: 1995 corp: 496/1520Kb lim: 65536 exec/s: 78231 rss: 987Mb L: 1514/64589 MS: 2 PersAutoDict-EraseBytes- DE: "-----BEGIN CERTIFICATE-----"-
#11813068	REDUCE cov: 823 ft: 1995 corp: 496/1520Kb lim: 65536 exec/s: 78232 rss: 987Mb L: 15249/64589 MS: 2 CMP-EraseBytes- DE: "DEK-Inko: DESo"-
#11813403	REDUCE cov: 823 ft: 1996 corp: 497/1574Kb lim: 65536 exec/s: 78234 rss: 987Mb L: 55371/64589 MS: 5 ManualDict-ShuffleBytes-PersAutoDict-ShuffleBytes-CopyPart- DE: "7FFFFFFFFFFFFFFFFFFFFFFFFFFFFFFFFFFFFFFFFFFFFFFFFFFFFFFFFFFFFFF8"-"\321\377\377\377"-
#11813489	REDUCE cov: 823 ft: 1996 corp: 497/1573Kb lim: 65536 exec/s: 78235 rss: 987Mb L: 1241/64589 MS: 1 EraseBytes-
#11813858	REDUCE cov: 823 ft: 1996 corp: 497/1573Kb lim: 65536 exec/s: 78237 rss: 987Mb L: 1163/64589 MS: 4 CMP-ChangeByte-ChangeBit-EraseBytes- DE: "\001\000\000\000\000\000\000\000"-
#11813906	REDUCE cov: 823 ft: 1996 corp: 497/1573Kb lim: 65536 exec/s: 78237 rss: 987Mb L: 14354/64589 MS: 3 ChangeBit-InsertByte-EraseBytes-
#11814007	REDUCE cov: 823 ft: 1996 corp: 497/1573Kb lim: 65536 exec/s: 78238 rss: 987Mb L: 2704/64589 MS: 1 EraseBytes-
#11814033	REDUCE cov: 823 ft: 1996 corp: 497/1573Kb lim: 65536 exec/s: 78238 rss: 987Mb L: 1183/64589 MS: 1 EraseBytes-
#11814127	REDUCE cov: 823 ft: 1996 corp: 497/1573Kb lim: 65536 exec/s: 78239 rss: 987Mb L: 2526/64589 MS: 4 PersAutoDict-ChangeBinInt-ChangeASCIIInt-EraseBytes- DE: "<= handshake wrapup"-
#11814259	REDUCE cov: 823 ft: 1996 corp: 497/1571Kb lim: 65536 exec/s: 78240 rss: 987Mb L: 13281/64589 MS: 2 CMP-EraseBytes- DE: "\001\003"-
#11814527	REDUCE cov: 823 ft: 1996 corp: 497/1569Kb lim: 65536 exec/s: 78241 rss: 987Mb L: 10904/64589 MS: 3 ChangeBit-ChangeBit-EraseBytes-
#11814657	REDUCE cov: 823 ft: 1996 corp: 497/1567Kb lim: 65536 exec/s: 78242 rss: 987Mb L: 11273/64589 MS: 5 CopyPart-ChangeBit-CMP-ChangeBinInt-EraseBytes- DE: "U\035\021"-
#11814680	REDUCE cov: 823 ft: 1996 corp: 497/1564Kb lim: 65536 exec/s: 78242 rss: 987Mb L: 8436/64589 MS: 3 ChangeASCIIInt-InsertByte-EraseBytes-
#11815011	REDUCE cov: 823 ft: 1996 corp: 497/1564Kb lim: 65536 exec/s: 78245 rss: 987Mb L: 1176/64589 MS: 1 EraseBytes-
#11815084	REDUCE cov: 823 ft: 1996 corp: 497/1563Kb lim: 65536 exec/s: 78245 rss: 987Mb L: 1464/64589 MS: 3 PersAutoDict-ManualDict-EraseBytes- DE: "CAMELLIA-256-CTR"-"mbedtls/pem.h"-
#11815110	REDUCE cov: 823 ft: 1996 corp: 497/1563Kb lim: 65536 exec/s: 78245 rss: 987Mb L: 897/64589 MS: 1 EraseBytes-
#11815328	REDUCE cov: 823 ft: 1996 corp: 497/1562Kb lim: 65536 exec/s: 77732 rss: 987Mb L: 2112/64589 MS: 3 InsertByte-InsertByte-EraseBytes-
#11815934	REDUCE cov: 823 ft: 1996 corp: 497/1562Kb lim: 65536 exec/s: 77736 rss: 987Mb L: 1834/64589 MS: 1 EraseBytes-
#11816020	REDUCE cov: 823 ft: 1996 corp: 497/1562Kb lim: 65536 exec/s: 77736 rss: 987Mb L: 94/64589 MS: 1 EraseBytes-
#11816105	REDUCE cov: 823 ft: 1997 corp: 498/1588Kb lim: 65536 exec/s: 77737 rss: 987Mb L: 26390/64589 MS: 5 ChangeByte-CMP-ManualDict-PersAutoDict-CopyPart- DE: "-----BEGIN CERTIFICATE-----"-"<= skip parse certificate"-"mbedtls/asn1.h"-
#11816451	REDUCE cov: 823 ft: 1997 corp: 498/1588Kb lim: 65536 exec/s: 77739 rss: 987Mb L: 228/64589 MS: 1 EraseBytes-
#11816755	REDUCE cov: 823 ft: 1997 corp: 498/1588Kb lim: 65536 exec/s: 77741 rss: 987Mb L: 13312/64589 MS: 4 CrossOver-CMP-ShuffleBytes-EraseBytes- DE: "\034\336\377\377"-
#11816873	REDUCE cov: 823 ft: 1997 corp: 498/1588Kb lim: 65536 exec/s: 77742 rss: 987Mb L: 8380/64589 MS: 3 ChangeBinInt-CMP-EraseBytes- DE: "U\035 "-
#11816984	REDUCE cov: 823 ft: 1997 corp: 498/1588Kb lim: 65536 exec/s: 77743 rss: 987Mb L: 118/64589 MS: 1 EraseBytes-
#11817285	REDUCE cov: 823 ft: 1997 corp: 498/1586Kb lim: 65536 exec/s: 77745 rss: 987Mb L: 6281/64589 MS: 1 EraseBytes-
#11817432	REDUCE cov: 823 ft: 1997 corp: 498/1586Kb lim: 65536 exec/s: 77746 rss: 987Mb L: 2677/64589 MS: 2 ChangeBit-EraseBytes-
#11817563	REDUCE cov: 823 ft: 1997 corp: 498/1586Kb lim: 65536 exec/s: 77747 rss: 987Mb L: 150/64589 MS: 1 EraseBytes-
#11817686	REDUCE cov: 823 ft: 1997 corp: 498/1582Kb lim: 65536 exec/s: 77239 rss: 987Mb L: 28236/64589 MS: 3 InsertRepeatedBytes-PersAutoDict-EraseBytes- DE: "\001\003"-
#11817687	REDUCE cov: 823 ft: 1997 corp: 498/1582Kb lim: 65536 exec/s: 77239 rss: 987Mb L: 140/64589 MS: 1 EraseBytes-
#11817745	REDUCE cov: 823 ft: 1997 corp: 498/1582Kb lim: 65536 exec/s: 77240 rss: 987Mb L: 7306/64589 MS: 3 ShuffleBytes-CMP-EraseBytes- DE: "Pr\012M---D CERTIFICATE--"-
#11817939	REDUCE cov: 823 ft: 1997 corp: 498/1582Kb lim: 65536 exec/s: 77241 rss: 987Mb L: 5479/64589 MS: 4 InsertByte-ChangeASCIIInt-CMP-EraseBytes- DE: "-----BEGIN CERTIFICATE-----"-
#11818131	REDUCE cov: 823 ft: 1997 corp: 498/1581Kb lim: 65536 exec/s: 77242 rss: 987Mb L: 1183/64589 MS: 2 ChangeASCIIInt-EraseBytes-
#11818754	REDUCE cov: 823 ft: 1997 corp: 498/1577Kb lim: 65536 exec/s: 77246 rss: 987Mb L: 51009/64589 MS: 3 EraseBytes-ManualDict-CopyPart- DE: "DHM: X "-
#11818880	REDUCE cov: 823 ft: 1997 corp: 498/1577Kb lim: 65536 exec/s: 77247 rss: 987Mb L: 339/64589 MS: 1 EraseBytes-
#11819105	REDUCE cov: 823 ft: 1997 corp: 498/1574Kb lim: 65536 exec/s: 77249 rss: 987Mb L: 4974/64589 MS: 5 InsertByte-ChangeBinInt-EraseBytes-InsertByte-CopyPart-
#11819322	REDUCE cov: 823 ft: 1997 corp: 498/1574Kb lim: 65536 exec/s: 77250 rss: 987Mb L: 3973/64589 MS: 2 CopyPart-EraseBytes-
#11819594	NEW    cov: 823 ft: 1998 corp: 499/1600Kb lim: 65536 exec/s: 77252 rss: 987Mb L: 26390/64589 MS: 2 ChangeByte-CrossOver-
#11819597	REDUCE cov: 823 ft: 1998 corp: 499/1598Kb lim: 65536 exec/s: 77252 rss: 987Mb L: 11283/64589 MS: 3 CrossOver-InsertByte-EraseBytes-
#11819619	REDUCE cov: 823 ft: 1998 corp: 499/1596Kb lim: 65536 exec/s: 77252 rss: 987Mb L: 34288/64589 MS: 2 ChangeBinInt-EraseBytes-
#11819646	REDUCE cov: 823 ft: 1998 corp: 499/1593Kb lim: 65536 exec/s: 77252 rss: 987Mb L: 23082/64589 MS: 2 ChangeByte-EraseBytes-
#11819687	REDUCE cov: 823 ft: 1998 corp: 499/1592Kb lim: 65536 exec/s: 77252 rss: 987Mb L: 2962/64589 MS: 1 EraseBytes-
#11819779	REDUCE cov: 823 ft: 1998 corp: 499/1591Kb lim: 65536 exec/s: 77253 rss: 987Mb L: 12153/64589 MS: 2 PersAutoDict-EraseBytes- DE: "\032\000"-
#11819798	REDUCE cov: 823 ft: 1998 corp: 499/1588Kb lim: 65536 exec/s: 77253 rss: 987Mb L: 25824/64589 MS: 4 PersAutoDict-ChangeByte-ShuffleBytes-EraseBytes- DE: "\177\336\377\377"-
#11819880	REDUCE cov: 823 ft: 1998 corp: 499/1588Kb lim: 65536 exec/s: 77254 rss: 987Mb L: 25676/64589 MS: 2 ChangeBinInt-EraseBytes-
#11819887	REDUCE cov: 823 ft: 1998 corp: 499/1587Kb lim: 65536 exec/s: 77254 rss: 987Mb L: 9414/64589 MS: 2 EraseBytes-CopyPart-
#11820003	REDUCE cov: 823 ft: 1998 corp: 499/1580Kb lim: 65536 exec/s: 77254 rss: 988Mb L: 16159/64589 MS: 1 EraseBytes-
#11820051	REDUCE cov: 823 ft: 1998 corp: 499/1580Kb lim: 65536 exec/s: 77255 rss: 988Mb L: 1198/64589 MS: 3 ChangeBinInt-ChangeByte-EraseBytes-
#11820055	REDUCE cov: 823 ft: 1998 corp: 499/1580Kb lim: 65536 exec/s: 77255 rss: 988Mb L: 688/64589 MS: 4 InsertByte-ManualDict-CMP-EraseBytes- DE: "ECP - The buffer is too small to write to"-"\001;"-
#11820541	REDUCE cov: 823 ft: 1998 corp: 499/1580Kb lim: 65536 exec/s: 77258 rss: 988Mb L: 34038/64589 MS: 1 EraseBytes-
#11821007	REDUCE cov: 823 ft: 1999 corp: 500/1584Kb lim: 65536 exec/s: 76759 rss: 988Mb L: 4181/64589 MS: 1 CopyPart-
#11821023	REDUCE cov: 823 ft: 1999 corp: 500/1583Kb lim: 65536 exec/s: 76759 rss: 988Mb L: 446/64589 MS: 1 EraseBytes-
#11821060	REDUCE cov: 823 ft: 1999 corp: 500/1581Kb lim: 65536 exec/s: 76760 rss: 988Mb L: 8627/64589 MS: 2 ChangeByte-EraseBytes-
#11821128	REDUCE cov: 823 ft: 1999 corp: 500/1580Kb lim: 65536 exec/s: 76760 rss: 988Mb L: 4598/64589 MS: 3 ChangeBit-ManualDict-EraseBytes- DE: "AES-256-GCM"-
#11821386	REDUCE cov: 823 ft: 1999 corp: 500/1575Kb lim: 65536 exec/s: 76762 rss: 988Mb L: 20758/64589 MS: 3 InsertRepeatedBytes-PersAutoDict-EraseBytes- DE: "\377\010"-
#11821467	REDUCE cov: 823 ft: 1999 corp: 500/1575Kb lim: 65536 exec/s: 76762 rss: 988Mb L: 260/64589 MS: 1 EraseBytes-
#11821548	REDUCE cov: 823 ft: 1999 corp: 500/1575Kb lim: 65536 exec/s: 76763 rss: 988Mb L: 2158/64589 MS: 1 EraseBytes-
#11821582	REDUCE cov: 823 ft: 1999 corp: 500/1575Kb lim: 65536 exec/s: 76763 rss: 988Mb L: 995/64589 MS: 4 ChangeByte-ChangeASCIIInt-PersAutoDict-EraseBytes- DE: "ARIA-128-GCM"-
#11821730	REDUCE cov: 823 ft: 1999 corp: 500/1575Kb lim: 65536 exec/s: 76764 rss: 988Mb L: 6911/64589 MS: 3 ShuffleBytes-PersAutoDict-EraseBytes- DE: "<= parse server hello"-
#11821780	REDUCE cov: 823 ft: 1999 corp: 500/1575Kb lim: 65536 exec/s: 76764 rss: 988Mb L: 959/64589 MS: 5 ManualDict-PersAutoDict-ShuffleBytes-ChangeASCIIInt-EraseBytes- DE: "expand 32-byte k"-"\377\377\377\377\377\377\377\001"-
#11821792	REDUCE cov: 823 ft: 1999 corp: 500/1575Kb lim: 65536 exec/s: 76764 rss: 988Mb L: 50958/64589 MS: 2 CMP-EraseBytes- DE: "DEK-Info: AES-256-CBC,"-
#11822138	REDUCE cov: 823 ft: 1999 corp: 500/1575Kb lim: 65536 exec/s: 76767 rss: 988Mb L: 877/64589 MS: 1 EraseBytes-
#11822343	NEW    cov: 823 ft: 2001 corp: 501/1620Kb lim: 65536 exec/s: 76768 rss: 988Mb L: 46027/64589 MS: 5 ChangeByte-ManualDict-CopyPart-ChangeASCIIInt-CopyPart- DE: "SHA3-384"-
#11822535	REDUCE cov: 823 ft: 2001 corp: 501/1618Kb lim: 65536 exec/s: 76769 rss: 988Mb L: 24287/64589 MS: 2 InsertRepeatedBytes-EraseBytes-
#11822732	REDUCE cov: 823 ft: 2001 corp: 501/1613Kb lim: 65536 exec/s: 76770 rss: 988Mb L: 19478/64589 MS: 2 ChangeByte-EraseBytes-
#11823620	REDUCE cov: 823 ft: 2001 corp: 501/1613Kb lim: 65536 exec/s: 76776 rss: 988Mb L: 29764/64589 MS: 3 CopyPart-ChangeASCIIInt-EraseBytes-
#11823911	REDUCE cov: 823 ft: 2001 corp: 501/1612Kb lim: 65536 exec/s: 76778 rss: 988Mb L: 1035/64589 MS: 1 EraseBytes-
#11824302	REDUCE cov: 823 ft: 2001 corp: 501/1612Kb lim: 65536 exec/s: 76285 rss: 988Mb L: 2036/64589 MS: 1 EraseBytes-
#11824408	REDUCE cov: 823 ft: 2001 corp: 501/1606Kb lim: 65536 exec/s: 76286 rss: 988Mb L: 39584/64589 MS: 1 CrossOver-
#11824859	REDUCE cov: 823 ft: 2001 corp: 501/1606Kb lim: 65536 exec/s: 76289 rss: 988Mb L: 9417/64589 MS: 1 EraseBytes-
#11825118	REDUCE cov: 823 ft: 2001 corp: 501/1605Kb lim: 65536 exec/s: 76291 rss: 988Mb L: 8878/64589 MS: 4 ChangeASCIIInt-CMP-InsertRepeatedBytes-EraseBytes- DE: "\215\000\000\000\000\000\000\000"-
#11825341	REDUCE cov: 823 ft: 2001 corp: 501/1605Kb lim: 65536 exec/s: 76292 rss: 988Mb L: 23206/64589 MS: 3 ManualDict-ChangeByte-EraseBytes- DE: "+m"-
#11825432	REDUCE cov: 823 ft: 2001 corp: 501/1605Kb lim: 65536 exec/s: 76293 rss: 988Mb L: 867/64589 MS: 1 EraseBytes-
#11825639	REDUCE cov: 823 ft: 2001 corp: 501/1605Kb lim: 65536 exec/s: 76294 rss: 988Mb L: 2608/64589 MS: 2 ChangeBinInt-EraseBytes-
#11825813	REDUCE cov: 823 ft: 2001 corp: 501/1604Kb lim: 65536 exec/s: 76295 rss: 988Mb L: 22753/64589 MS: 4 InsertByte-ManualDict-ChangeASCIIInt-EraseBytes- DE: "PEM - No PEM header or footer found"-
#11825880	REDUCE cov: 823 ft: 2001 corp: 501/1604Kb lim: 65536 exec/s: 76296 rss: 988Mb L: 196/64589 MS: 2 ManualDict-EraseBytes- DE: "Must use minimum -march=armv8-a+crypto for MBEDTLS_AESCE_C"-
#11826190	REDUCE cov: 823 ft: 2001 corp: 501/1604Kb lim: 65536 exec/s: 76298 rss: 988Mb L: 904/64589 MS: 5 ShuffleBytes-CopyPart-ChangeByte-EraseBytes-EraseBytes-
#11826430	REDUCE cov: 823 ft: 2001 corp: 501/1604Kb lim: 65536 exec/s: 76299 rss: 988Mb L: 7273/64589 MS: 5 PersAutoDict-ShuffleBytes-ChangeASCIIInt-ChangeBit-EraseBytes- DE: "DC"-
#11826654	REDUCE cov: 823 ft: 2001 corp: 501/1604Kb lim: 65536 exec/s: 76300 rss: 988Mb L: 11701/64589 MS: 4 CrossOver-ChangeByte-CMP-EraseBytes- DE: "DEK-Info: AES-256-CBC,"-
#11826679	REDUCE cov: 823 ft: 2001 corp: 501/1602Kb lim: 65536 exec/s: 75812 rss: 988Mb L: 38214/64589 MS: 5 InsertByte-ChangeBinInt-ShuffleBytes-ChangeASCIIInt-EraseBytes-
#11827308	REDUCE cov: 823 ft: 2001 corp: 501/1602Kb lim: 65536 exec/s: 75816 rss: 988Mb L: 8763/64589 MS: 4 PersAutoDict-ChangeBit-InsertByte-EraseBytes- DE: "0x11"-
#11827465	REDUCE cov: 823 ft: 2001 corp: 501/1602Kb lim: 65536 exec/s: 75817 rss: 988Mb L: 496/64589 MS: 2 ManualDict-EraseBytes- DE: "<= write new session ticket"-
#11828061	REDUCE cov: 823 ft: 2001 corp: 501/1602Kb lim: 65536 exec/s: 75820 rss: 988Mb L: 796/64589 MS: 1 EraseBytes-
#11828082	REDUCE cov: 823 ft: 2001 corp: 501/1601Kb lim: 65536 exec/s: 75821 rss: 988Mb L: 10295/64589 MS: 1 EraseBytes-
#11828093	REDUCE cov: 823 ft: 2001 corp: 501/1601Kb lim: 65536 exec/s: 75821 rss: 988Mb L: 1156/64589 MS: 1 EraseBytes-
#11828104	REDUCE cov: 823 ft: 2001 corp: 501/1599Kb lim: 65536 exec/s: 75821 rss: 988Mb L: 7424/64589 MS: 1 EraseBytes-
#11828195	REDUCE cov: 823 ft: 2001 corp: 501/1597Kb lim: 65536 exec/s: 75821 rss: 988Mb L: 16553/64589 MS: 1 EraseBytes-
#11828203	REDUCE cov: 823 ft: 2001 corp: 501/1596Kb lim: 65536 exec/s: 75821 rss: 988Mb L: 5595/64589 MS: 3 ChangeByte-ChangeBit-EraseBytes-
#11828862	REDUCE cov: 823 ft: 2001 corp: 501/1596Kb lim: 65536 exec/s: 75826 rss: 988Mb L: 838/64589 MS: 4 InsertByte-ChangeByte-ChangeByte-EraseBytes-
#11828993	REDUCE cov: 823 ft: 2001 corp: 501/1596Kb lim: 65536 exec/s: 75826 rss: 988Mb L: 5620/64589 MS: 1 EraseBytes-
#11829266	REDUCE cov: 823 ft: 2001 corp: 501/1594Kb lim: 65536 exec/s: 75828 rss: 988Mb L: 9196/64589 MS: 3 CMP-ChangeByte-EraseBytes- DE: "-----BEGIN CERTIFICATE-----"-
#11829378	REDUCE cov: 823 ft: 2001 corp: 501/1593Kb lim: 65536 exec/s: 75829 rss: 988Mb L: 3603/64589 MS: 2 InsertByte-EraseBytes-
#11829709	REDUCE cov: 823 ft: 2001 corp: 501/1592Kb lim: 65536 exec/s: 75831 rss: 988Mb L: 1899/64589 MS: 1 EraseBytes-
#11829755	REDUCE cov: 823 ft: 2001 corp: 501/1592Kb lim: 65536 exec/s: 75831 rss: 988Mb L: 1039/64589 MS: 1 EraseBytes-
#11829788	REDUCE cov: 823 ft: 2001 corp: 501/1592Kb lim: 65536 exec/s: 75831 rss: 988Mb L: 2852/64589 MS: 3 InsertRepeatedBytes-ManualDict-EraseBytes- DE: "message mac does not match"-
#11830094	REDUCE cov: 823 ft: 2001 corp: 501/1592Kb lim: 65536 exec/s: 75350 rss: 988Mb L: 493/64589 MS: 1 EraseBytes-
#11830260	REDUCE cov: 823 ft: 2001 corp: 501/1592Kb lim: 65536 exec/s: 75351 rss: 988Mb L: 530/64589 MS: 1 EraseBytes-
#11830276	REDUCE cov: 823 ft: 2001 corp: 501/1591Kb lim: 65536 exec/s: 75352 rss: 988Mb L: 3510/64589 MS: 1 EraseBytes-
#11830567	REDUCE cov: 823 ft: 2001 corp: 501/1591Kb lim: 65536 exec/s: 75353 rss: 988Mb L: 343/64589 MS: 1 EraseBytes-
#11830738	REDUCE cov: 823 ft: 2001 corp: 501/1591Kb lim: 65536 exec/s: 75355 rss: 988Mb L: 712/64589 MS: 1 EraseBytes-
#11831234	REDUCE cov: 823 ft: 2001 corp: 501/1591Kb lim: 65536 exec/s: 75358 rss: 988Mb L: 16251/64589 MS: 1 EraseBytes-
#11831371	REDUCE cov: 823 ft: 2001 corp: 501/1591Kb lim: 65536 exec/s: 75359 rss: 988Mb L: 4515/64589 MS: 2 ShuffleBytes-EraseBytes-
#11831398	REDUCE cov: 823 ft: 2001 corp: 501/1586Kb lim: 65536 exec/s: 75359 rss: 988Mb L: 4659/64589 MS: 2 EraseBytes-CopyPart-
#11831475	REDUCE cov: 828 ft: 2007 corp: 502/1586Kb lim: 65536 exec/s: 75359 rss: 988Mb L: 132/64589 MS: 2 PersAutoDict-CMP- DE: "AES-256-CFB128"-"-----BEGIN CERTIFICATE-----"-
#11831909	REDUCE cov: 828 ft: 2007 corp: 502/1583Kb lim: 65536 exec/s: 75362 rss: 988Mb L: 7241/64589 MS: 4 ShuffleBytes-ChangeASCIIInt-ManualDict-EraseBytes- DE: "AES-192-CBC"-
#11831915	REDUCE cov: 828 ft: 2007 corp: 502/1583Kb lim: 65536 exec/s: 75362 rss: 988Mb L: 1018/64589 MS: 1 EraseBytes-
#11832001	REDUCE cov: 828 ft: 2007 corp: 502/1583Kb lim: 65536 exec/s: 75363 rss: 988Mb L: 14049/64589 MS: 1 EraseBytes-
#11832100	REDUCE cov: 828 ft: 2007 corp: 502/1583Kb lim: 65536 exec/s: 75363 rss: 988Mb L: 810/64589 MS: 4 ManualDict-ChangeASCIIInt-CopyPart-EraseBytes- DE: "ProtocolName"-
#11832133	REDUCE cov: 828 ft: 2007 corp: 502/1583Kb lim: 65536 exec/s: 75363 rss: 988Mb L: 3838/64589 MS: 3 ChangeByte-ShuffleBytes-EraseBytes-
#11832552	REDUCE cov: 828 ft: 2007 corp: 502/1582Kb lim: 65536 exec/s: 75366 rss: 988Mb L: 4028/64589 MS: 4 CMP-ChangeBit-PersAutoDict-EraseBytes- DE: "DEK-Info: DES-EDE3-CBC,"-"\001\000\000\000\000\000\000("-
#11833544	REDUCE cov: 828 ft: 2007 corp: 502/1581Kb lim: 65536 exec/s: 75372 rss: 988Mb L: 2816/64589 MS: 2 ManualDict-EraseBytes- DE: "=> write certificate"-
#11833746	REDUCE cov: 828 ft: 2007 corp: 502/1581Kb lim: 65536 exec/s: 75374 rss: 988Mb L: 1144/64589 MS: 2 ManualDict-EraseBytes- DE: " (aa), "-
#11833892	REDUCE cov: 828 ft: 2007 corp: 502/1578Kb lim: 65536 exec/s: 74898 rss: 988Mb L: 28701/64589 MS: 1 EraseBytes-
#11834256	REDUCE cov: 828 ft: 2007 corp: 502/1577Kb lim: 65536 exec/s: 74900 rss: 988Mb L: 7339/64589 MS: 4 InsertByte-InsertRepeatedBytes-ManualDict-EraseBytes- DE: "CAMELLIA-256-CCM"-
#11834277	REDUCE cov: 828 ft: 2007 corp: 502/1577Kb lim: 65536 exec/s: 74900 rss: 988Mb L: 3979/64589 MS: 1 EraseBytes-
#11834343	REDUCE cov: 828 ft: 2007 corp: 502/1576Kb lim: 65536 exec/s: 74900 rss: 988Mb L: 14817/64589 MS: 1 EraseBytes-
#11834438	REDUCE cov: 828 ft: 2007 corp: 502/1575Kb lim: 65536 exec/s: 74901 rss: 988Mb L: 7182/64589 MS: 5 PersAutoDict-ChangeBit-ChangeBit-InsertRepeatedBytes-EraseBytes- DE: "mbedtls/error.h"-
#11834499	REDUCE cov: 828 ft: 2007 corp: 502/1575Kb lim: 65536 exec/s: 74901 rss: 988Mb L: 109/64589 MS: 1 EraseBytes-
#11834670	REDUCE cov: 828 ft: 2007 corp: 502/1572Kb lim: 65536 exec/s: 74902 rss: 988Mb L: 31041/64589 MS: 1 EraseBytes-
#11834847	REDUCE cov: 828 ft: 2007 corp: 502/1570Kb lim: 65536 exec/s: 74904 rss: 988Mb L: 5300/64589 MS: 2 ShuffleBytes-EraseBytes-
#11834878	REDUCE cov: 828 ft: 2007 corp: 502/1570Kb lim: 65536 exec/s: 74904 rss: 988Mb L: 3960/64589 MS: 1 EraseBytes-
#11835469	REDUCE cov: 828 ft: 2007 corp: 502/1570Kb lim: 65536 exec/s: 74908 rss: 988Mb L: 142/64589 MS: 1 EraseBytes-
#11835538	REDUCE cov: 828 ft: 2007 corp: 502/1570Kb lim: 65536 exec/s: 74908 rss: 988Mb L: 553/64589 MS: 4 ChangeBinInt-ChangeBinInt-PersAutoDict-EraseBytes- DE: "r--M-C CERTIFICATE----"-
#11835569	REDUCE cov: 828 ft: 2007 corp: 502/1570Kb lim: 65536 exec/s: 74908 rss: 988Mb L: 402/64589 MS: 1 EraseBytes-
#11835615	REDUCE cov: 828 ft: 2007 corp: 502/1570Kb lim: 65536 exec/s: 74908 rss: 988Mb L: 120/64589 MS: 1 EraseBytes-
#11835687	REDUCE cov: 828 ft: 2007 corp: 502/1570Kb lim: 65536 exec/s: 74909 rss: 988Mb L: 6837/64589 MS: 2 PersAutoDict-EraseBytes- DE: "-Type: -----EN"-
#11836188	REDUCE cov: 828 ft: 2007 corp: 502/1569Kb lim: 65536 exec/s: 74912 rss: 988Mb L: 2114/64589 MS: 1 EraseBytes-
#11836565	REDUCE cov: 828 ft: 2007 corp: 502/1568Kb lim: 65536 exec/s: 74914 rss: 988Mb L: 4075/64589 MS: 2 ShuffleBytes-EraseBytes-
#11836876	REDUCE cov: 828 ft: 2007 corp: 502/1568Kb lim: 65536 exec/s: 74916 rss: 988Mb L: 128/64589 MS: 1 EraseBytes-
#11837033	REDUCE cov: 828 ft: 2007 corp: 502/1568Kb lim: 65536 exec/s: 74446 rss: 988Mb L: 1003/64589 MS: 2 ChangeASCIIInt-EraseBytes-
#11837134	REDUCE cov: 828 ft: 2007 corp: 502/1568Kb lim: 65536 exec/s: 74447 rss: 988Mb L: 20684/64589 MS: 1 EraseBytes-
#11837225	REDUCE cov: 828 ft: 2007 corp: 502/1568Kb lim: 65536 exec/s: 74447 rss: 988Mb L: 137/64589 MS: 1 EraseBytes-
#11837388	REDUCE cov: 828 ft: 2007 corp: 502/1568Kb lim: 65536 exec/s: 74448 rss: 988Mb L: 4157/64589 MS: 3 InsertByte-CMP-EraseBytes- DE: "O\223K\213"-
#11837411	REDUCE cov: 828 ft: 2007 corp: 502/1568Kb lim: 65536 exec/s: 74449 rss: 988Mb L: 3933/64589 MS: 3 CrossOver-EraseBytes-ChangeBinInt-
#11837458	REDUCE cov: 828 ft: 2007 corp: 502/1568Kb lim: 65536 exec/s: 74449 rss: 988Mb L: 738/64589 MS: 2 ChangeASCIIInt-EraseBytes-
#11837639	REDUCE cov: 828 ft: 2007 corp: 502/1567Kb lim: 65536 exec/s: 74450 rss: 988Mb L: 277/64589 MS: 1 EraseBytes-
#11838364	REDUCE cov: 828 ft: 2007 corp: 502/1567Kb lim: 65536 exec/s: 74455 rss: 988Mb L: 3316/64589 MS: 5 InsertRepeatedBytes-ShuffleBytes-InsertRepeatedBytes-ChangeBinInt-EraseBytes-
#11838610	REDUCE cov: 828 ft: 2007 corp: 502/1567Kb lim: 65536 exec/s: 74456 rss: 988Mb L: 50912/64589 MS: 1 EraseBytes-
#11838626	REDUCE cov: 828 ft: 2007 corp: 502/1567Kb lim: 65536 exec/s: 74456 rss: 988Mb L: 5117/64589 MS: 1 EraseBytes-
#11838743	REDUCE cov: 828 ft: 2007 corp: 502/1566Kb lim: 65536 exec/s: 74457 rss: 988Mb L: 2555/64589 MS: 2 ChangeByte-EraseBytes-
#11838763	REDUCE cov: 828 ft: 2007 corp: 502/1566Kb lim: 65536 exec/s: 74457 rss: 988Mb L: 2534/64589 MS: 5 InsertRepeatedBytes-PersAutoDict-ShuffleBytes-ChangeBit-EraseBytes- DE: "0123456789ABCDEF"-
#11838935	REDUCE cov: 828 ft: 2007 corp: 502/1565Kb lim: 65536 exec/s: 74458 rss: 988Mb L: 739/64589 MS: 2 ManualDict-EraseBytes- DE: ") "-
#11839948	REDUCE cov: 828 ft: 2007 corp: 502/1565Kb lim: 65536 exec/s: 73999 rss: 989Mb L: 20125/64589 MS: 3 ChangeASCIIInt-ChangeBinInt-EraseBytes-
#11840109	REDUCE cov: 828 ft: 2007 corp: 502/1563Kb lim: 65536 exec/s: 74000 rss: 989Mb L: 18051/64589 MS: 1 EraseBytes-
#11840775	REDUCE cov: 828 ft: 2007 corp: 502/1563Kb lim: 65536 exec/s: 74004 rss: 990Mb L: 101/64589 MS: 1 EraseBytes-
#11841111	REDUCE cov: 828 ft: 2007 corp: 502/1563Kb lim: 65536 exec/s: 74006 rss: 990Mb L: 699/64589 MS: 1 EraseBytes-
#11841132	REDUCE cov: 828 ft: 2007 corp: 502/1563Kb lim: 65536 exec/s: 74007 rss: 990Mb L: 431/64589 MS: 1 EraseBytes-
#11841255	REDUCE cov: 828 ft: 2007 corp: 502/1562Kb lim: 65536 exec/s: 74007 rss: 990Mb L: 1900/64589 MS: 3 ChangeBit-CMP-EraseBytes- DE: "-----BEGIN CERTIFICATE-----"-
#11841276	REDUCE cov: 828 ft: 2007 corp: 502/1561Kb lim: 65536 exec/s: 74007 rss: 990Mb L: 4973/64589 MS: 1 EraseBytes-
#11841304	REDUCE cov: 828 ft: 2007 corp: 502/1560Kb lim: 65536 exec/s: 74008 rss: 990Mb L: 37039/64589 MS: 3 ManualDict-InsertRepeatedBytes-EraseBytes- DE: "AES-128-CBC"-
#11841550	REDUCE cov: 828 ft: 2007 corp: 502/1560Kb lim: 65536 exec/s: 74009 rss: 990Mb L: 84/64589 MS: 1 EraseBytes-
#11841741	REDUCE cov: 828 ft: 2007 corp: 502/1560Kb lim: 65536 exec/s: 74010 rss: 990Mb L: 22715/64589 MS: 1 EraseBytes-
#11842897	REDUCE cov: 828 ft: 2007 corp: 502/1560Kb lim: 65536 exec/s: 74018 rss: 990Mb L: 4982/64589 MS: 1 EraseBytes-
#11843081	REDUCE cov: 828 ft: 2007 corp: 502/1560Kb lim: 65536 exec/s: 74019 rss: 990Mb L: 3039/64589 MS: 4 ChangeASCIIInt-ChangeBinInt-ChangeBinInt-EraseBytes-
#11843190	REDUCE cov: 828 ft: 2007 corp: 502/1560Kb lim: 65536 exec/s: 73560 rss: 990Mb L: 422/64589 MS: 4 ManualDict-ManualDict-ChangeBit-EraseBytes- DE: "<= parse certificate request"-" (input), "-
#11843382	REDUCE cov: 828 ft: 2007 corp: 502/1560Kb lim: 65536 exec/s: 73561 rss: 990Mb L: 418/64589 MS: 2 ChangeByte-EraseBytes-
#11843449	REDUCE cov: 828 ft: 2007 corp: 502/1560Kb lim: 65536 exec/s: 73561 rss: 990Mb L: 2391/64589 MS: 2 ChangeBit-EraseBytes-
#11843466	REDUCE cov: 828 ft: 2007 corp: 502/1559Kb lim: 65536 exec/s: 73561 rss: 990Mb L: 898/64589 MS: 2 CrossOver-EraseBytes-
#11843559	REDUCE cov: 828 ft: 2007 corp: 502/1558Kb lim: 65536 exec/s: 73562 rss: 990Mb L: 5588/64589 MS: 3 ChangeBit-InsertRepeatedBytes-EraseBytes-
#11844280	REDUCE cov: 828 ft: 2008 corp: 503/1567Kb lim: 65536 exec/s: 73566 rss: 990Mb L: 9745/64589 MS: 1 CopyPart-
#11844371	REDUCE cov: 828 ft: 2008 corp: 503/1566Kb lim: 65536 exec/s: 73567 rss: 990Mb L: 28821/64589 MS: 1 EraseBytes-
#11844374	REDUCE cov: 828 ft: 2008 corp: 503/1566Kb lim: 65536 exec/s: 73567 rss: 990Mb L: 4556/64589 MS: 3 InsertByte-InsertByte-EraseBytes-
#11844575	REDUCE cov: 828 ft: 2008 corp: 503/1563Kb lim: 65536 exec/s: 73568 rss: 990Mb L: 48107/64589 MS: 1 EraseBytes-
#11844691	REDUCE cov: 828 ft: 2008 corp: 503/1563Kb lim: 65536 exec/s: 73569 rss: 990Mb L: 1019/64589 MS: 1 EraseBytes-
#11844823	REDUCE cov: 828 ft: 2008 corp: 503/1562Kb lim: 65536 exec/s: 73570 rss: 990Mb L: 4675/64589 MS: 2 InsertRepeatedBytes-EraseBytes-
#11844838	REDUCE cov: 828 ft: 2009 corp: 504/1569Kb lim: 65536 exec/s: 73570 rss: 990Mb L: 7038/64589 MS: 5 CrossOver-ManualDict-CrossOver-ChangeByte-CopyPart- DE: "DHM: K "-
#11844885	REDUCE cov: 828 ft: 2009 corp: 504/1569Kb lim: 65536 exec/s: 73570 rss: 990Mb L: 640/64589 MS: 2 ChangeBit-EraseBytes-
#11845036	REDUCE cov: 828 ft: 2009 corp: 504/1569Kb lim: 65536 exec/s: 73571 rss: 990Mb L: 124/64589 MS: 1 EraseBytes-
#11845273	REDUCE cov: 828 ft: 2009 corp: 504/1569Kb lim: 65536 exec/s: 73573 rss: 990Mb L: 193/64589 MS: 2 ManualDict-EraseBytes- DE: "SHA1"-
#11845360	NEW    cov: 828 ft: 2010 corp: 505/1587Kb lim: 65536 exec/s: 73573 rss: 990Mb L: 18654/64589 MS: 2 ChangeByte-CopyPart-
#11845451	REDUCE cov: 828 ft: 2010 corp: 505/1586Kb lim: 65536 exec/s: 73574 rss: 990Mb L: 4070/64589 MS: 1 EraseBytes-
#11845487	REDUCE cov: 828 ft: 2010 corp: 505/1586Kb lim: 65536 exec/s: 73574 rss: 990Mb L: 186/64589 MS: 1 EraseBytes-
#11845799	REDUCE cov: 828 ft: 2010 corp: 505/1585Kb lim: 65536 exec/s: 73576 rss: 990Mb L: 4130/64589 MS: 2 InsertRepeatedBytes-EraseBytes-
#11845812	REDUCE cov: 828 ft: 2010 corp: 505/1585Kb lim: 65536 exec/s: 73576 rss: 990Mb L: 275/64589 MS: 3 ChangeBinInt-ChangeBit-EraseBytes-
#11846233	REDUCE cov: 828 ft: 2010 corp: 505/1585Kb lim: 65536 exec/s: 73124 rss: 990Mb L: 337/64589 MS: 1 EraseBytes-
#11846324	REDUCE cov: 828 ft: 2010 corp: 505/1585Kb lim: 65536 exec/s: 73125 rss: 990Mb L: 9170/64589 MS: 1 EraseBytes-
#11846441	REDUCE cov: 828 ft: 2010 corp: 505/1585Kb lim: 65536 exec/s: 73126 rss: 990Mb L: 979/64589 MS: 2 InsertRepeatedBytes-EraseBytes-
#11846532	REDUCE cov: 828 ft: 2010 corp: 505/1584Kb lim: 65536 exec/s: 73126 rss: 990Mb L: 716/64589 MS: 1 EraseBytes-
#11846643	REDUCE cov: 828 ft: 2010 corp: 505/1584Kb lim: 65536 exec/s: 73127 rss: 990Mb L: 15559/64589 MS: 1 EraseBytes-
#11847306	REDUCE cov: 828 ft: 2010 corp: 505/1583Kb lim: 65536 exec/s: 73131 rss: 990Mb L: 35804/64589 MS: 3 CopyPart-CrossOver-EraseBytes-
#11847558	REDUCE cov: 828 ft: 2010 corp: 505/1583Kb lim: 65536 exec/s: 73133 rss: 990Mb L: 15876/64589 MS: 2 ChangeBinInt-EraseBytes-
#11847646	REDUCE cov: 828 ft: 2010 corp: 505/1582Kb lim: 65536 exec/s: 73133 rss: 990Mb L: 1697/64589 MS: 3 ChangeBinInt-ShuffleBytes-EraseBytes-
#11848004	REDUCE cov: 828 ft: 2010 corp: 505/1582Kb lim: 65536 exec/s: 73135 rss: 990Mb L: 591/64589 MS: 3 ChangeBinInt-ChangeBit-EraseBytes-
#11848145	REDUCE cov: 828 ft: 2010 corp: 505/1582Kb lim: 65536 exec/s: 73136 rss: 990Mb L: 69/64589 MS: 1 EraseBytes-
#11848643	REDUCE cov: 828 ft: 2010 corp: 505/1577Kb lim: 65536 exec/s: 73139 rss: 990Mb L: 9880/64589 MS: 3 ShuffleBytes-ShuffleBytes-EraseBytes-
#11849035	REDUCE cov: 828 ft: 2010 corp: 505/1577Kb lim: 65536 exec/s: 73142 rss: 990Mb L: 806/64589 MS: 2 CopyPart-EraseBytes-
#11849261	REDUCE cov: 828 ft: 2010 corp: 505/1577Kb lim: 65536 exec/s: 73143 rss: 990Mb L: 9112/64589 MS: 1 EraseBytes-
#11849309	REDUCE cov: 828 ft: 2010 corp: 505/1576Kb lim: 65536 exec/s: 73143 rss: 990Mb L: 5867/64589 MS: 3 ChangeBit-ChangeASCIIInt-EraseBytes-
#11849997	REDUCE cov: 828 ft: 2010 corp: 505/1574Kb lim: 65536 exec/s: 72699 rss: 990Mb L: 7545/64589 MS: 3 ChangeBinInt-ChangeBit-EraseBytes-
#11850026	REDUCE cov: 828 ft: 2010 corp: 505/1570Kb lim: 65536 exec/s: 72699 rss: 990Mb L: 24673/64589 MS: 4 InsertRepeatedBytes-ChangeByte-ChangeBinInt-EraseBytes-
#11850037	REDUCE cov: 828 ft: 2010 corp: 505/1570Kb lim: 65536 exec/s: 72699 rss: 990Mb L: 159/64589 MS: 1 EraseBytes-
#11850183	REDUCE cov: 828 ft: 2010 corp: 505/1570Kb lim: 65536 exec/s: 72700 rss: 990Mb L: 4094/64589 MS: 1 EraseBytes-
#11850721	REDUCE cov: 828 ft: 2010 corp: 505/1570Kb lim: 65536 exec/s: 72703 rss: 990Mb L: 234/64589 MS: 3 ChangeBinInt-ManualDict-EraseBytes- DE: "DC"-
#11851157	REDUCE cov: 828 ft: 2010 corp: 505/1570Kb lim: 65536 exec/s: 72706 rss: 990Mb L: 104/64589 MS: 1 EraseBytes-
#11851263	REDUCE cov: 828 ft: 2010 corp: 505/1570Kb lim: 65536 exec/s: 72707 rss: 990Mb L: 3884/64589 MS: 1 EraseBytes-
#11851357	REDUCE cov: 828 ft: 2010 corp: 505/1570Kb lim: 65536 exec/s: 72707 rss: 990Mb L: 4468/64589 MS: 4 ChangeASCIIInt-ShuffleBytes-ManualDict-EraseBytes- DE: "AES-256-KWP"-
#11851425	REDUCE cov: 828 ft: 2010 corp: 505/1569Kb lim: 65536 exec/s: 72708 rss: 990Mb L: 3179/64589 MS: 3 ChangeBinInt-ChangeBit-EraseBytes-
#11851934	REDUCE cov: 828 ft: 2010 corp: 505/1569Kb lim: 65536 exec/s: 72711 rss: 990Mb L: 3372/64589 MS: 4 ChangeBinInt-ChangeASCIIInt-ManualDict-EraseBytes- DE: "bad Certificate message"-
#11851971	REDUCE cov: 828 ft: 2010 corp: 505/1569Kb lim: 65536 exec/s: 72711 rss: 990Mb L: 113/64589 MS: 2 InsertByte-EraseBytes-
#11852155	REDUCE cov: 828 ft: 2010 corp: 505/1568Kb lim: 65536 exec/s: 72712 rss: 990Mb L: 6743/64589 MS: 4 ChangeBit-ShuffleBytes-ChangeByte-EraseBytes-
#11852806	REDUCE cov: 828 ft: 2010 corp: 505/1568Kb lim: 65536 exec/s: 72716 rss: 990Mb L: 338/64589 MS: 1 EraseBytes-
#11852887	REDUCE cov: 828 ft: 2010 corp: 505/1567Kb lim: 65536 exec/s: 72717 rss: 990Mb L: 1842/64589 MS: 1 EraseBytes-
#11852974	REDUCE cov: 830 ft: 2012 corp: 506/1567Kb lim: 65536 exec/s: 72717 rss: 990Mb L: 104/64589 MS: 2 CopyPart-ChangeBinInt-
#11853056	REDUCE cov: 830 ft: 2012 corp: 506/1567Kb lim: 65536 exec/s: 72718 rss: 990Mb L: 657/64589 MS: 2 ChangeBit-EraseBytes-
#11853122	NEW    cov: 830 ft: 2013 corp: 507/1567Kb lim: 65536 exec/s: 72718 rss: 990Mb L: 126/64589 MS: 1 ManualDict- DE: "using encrypt then mac"-
#11853310	REDUCE cov: 830 ft: 2013 corp: 507/1567Kb lim: 65536 exec/s: 72276 rss: 990Mb L: 8739/64589 MS: 3 InsertByte-EraseBytes-CopyPart-
#11853851	REDUCE cov: 830 ft: 2013 corp: 507/1567Kb lim: 65536 exec/s: 72279 rss: 990Mb L: 390/64589 MS: 1 EraseBytes-
#11853947	REDUCE cov: 830 ft: 2013 corp: 507/1567Kb lim: 65536 exec/s: 72280 rss: 990Mb L: 13378/64589 MS: 1 EraseBytes-
#11854313	REDUCE cov: 830 ft: 2013 corp: 507/1566Kb lim: 65536 exec/s: 72282 rss: 990Mb L: 23205/64589 MS: 1 EraseBytes-
#11854374	REDUCE cov: 830 ft: 2013 corp: 507/1566Kb lim: 65536 exec/s: 72282 rss: 990Mb L: 1012/64589 MS: 1 EraseBytes-
#11854886	REDUCE cov: 830 ft: 2013 corp: 507/1566Kb lim: 65536 exec/s: 72285 rss: 990Mb L: 15369/64589 MS: 2 ChangeByte-EraseBytes-
#11854997	REDUCE cov: 830 ft: 2013 corp: 507/1566Kb lim: 65536 exec/s: 72286 rss: 990Mb L: 1109/64589 MS: 1 EraseBytes-
#11855682	REDUCE cov: 830 ft: 2013 corp: 507/1565Kb lim: 65536 exec/s: 72290 rss: 990Mb L: 12198/64589 MS: 5 ShuffleBytes-InsertRepeatedBytes-InsertByte-ChangeBinInt-EraseBytes-
#11855753	REDUCE cov: 830 ft: 2013 corp: 507/1565Kb lim: 65536 exec/s: 72291 rss: 990Mb L: 684/64589 MS: 1 EraseBytes-
#11856540	REDUCE cov: 830 ft: 2013 corp: 507/1565Kb lim: 65536 exec/s: 72295 rss: 990Mb L: 5709/64589 MS: 2 CMP-EraseBytes- DE: "-----BEGIN CERTIFICATE-----"-
#11856707	REDUCE cov: 830 ft: 2013 corp: 507/1565Kb lim: 65536 exec/s: 71858 rss: 990Mb L: 30639/64589 MS: 2 ChangeBinInt-EraseBytes-
#11856783	REDUCE cov: 830 ft: 2013 corp: 507/1565Kb lim: 65536 exec/s: 71859 rss: 990Mb L: 74/64589 MS: 1 EraseBytes-
#11857163	REDUCE cov: 830 ft: 2013 corp: 507/1564Kb lim: 65536 exec/s: 71861 rss: 990Mb L: 672/64589 MS: 5 ChangeByte-ChangeBinInt-ChangeBinInt-ChangeBit-EraseBytes-
#11857789	REDUCE cov: 830 ft: 2013 corp: 507/1564Kb lim: 65536 exec/s: 71865 rss: 990Mb L: 4098/64589 MS: 1 EraseBytes-
#11857927	REDUCE cov: 830 ft: 2013 corp: 507/1564Kb lim: 65536 exec/s: 71866 rss: 990Mb L: 297/64589 MS: 3 PersAutoDict-ManualDict-EraseBytes- DE: "SHA3-512"-"0x00"-
#11857971	REDUCE cov: 830 ft: 2013 corp: 507/1564Kb lim: 65536 exec/s: 71866 rss: 990Mb L: 3240/64589 MS: 4 CMP-ChangeByte-ManualDict-EraseBytes- DE: "-----BEGIN CERTIFICATE-----"-"SEQUENCE OF <tag>"-
#11858306	REDUCE cov: 830 ft: 2013 corp: 507/1563Kb lim: 65536 exec/s: 71868 rss: 991Mb L: 3005/64589 MS: 5 CopyPart-CopyPart-CMP-InsertRepeatedBytes-EraseBytes- DE: "\002\000"-
#11858448	REDUCE cov: 830 ft: 2013 corp: 507/1563Kb lim: 65536 exec/s: 71869 rss: 991Mb L: 249/64589 MS: 2 PersAutoDict-EraseBytes- DE: "\032\000"-
#11858609	REDUCE cov: 830 ft: 2013 corp: 507/1563Kb lim: 65536 exec/s: 71870 rss: 991Mb L: 1088/64589 MS: 1 EraseBytes-
#11858890	REDUCE cov: 830 ft: 2013 corp: 507/1561Kb lim: 65536 exec/s: 71872 rss: 991Mb L: 34308/64589 MS: 1 EraseBytes-
#11859102	REDUCE cov: 830 ft: 2013 corp: 507/1561Kb lim: 65536 exec/s: 71873 rss: 991Mb L: 512/64589 MS: 2 ShuffleBytes-EraseBytes-
#11859108	REDUCE cov: 830 ft: 2013 corp: 507/1561Kb lim: 65536 exec/s: 71873 rss: 991Mb L: 354/64589 MS: 1 EraseBytes-
#11859129	REDUCE cov: 830 ft: 2013 corp: 507/1561Kb lim: 65536 exec/s: 71873 rss: 991Mb L: 799/64589 MS: 1 EraseBytes-
#11859385	REDUCE cov: 830 ft: 2013 corp: 507/1561Kb lim: 65536 exec/s: 71875 rss: 991Mb L: 334/64589 MS: 1 EraseBytes-
#11859808	REDUCE cov: 830 ft: 2013 corp: 507/1561Kb lim: 65536 exec/s: 71877 rss: 991Mb L: 18466/64589 MS: 3 ChangeByte-ChangeASCIIInt-EraseBytes-
#11860198	REDUCE cov: 830 ft: 2013 corp: 507/1561Kb lim: 65536 exec/s: 71446 rss: 991Mb L: 4432/64589 MS: 5 ChangeBit-ShuffleBytes-ChangeBinInt-ChangeBinInt-EraseBytes-
#11860497	REDUCE cov: 830 ft: 2013 corp: 507/1561Kb lim: 65536 exec/s: 71448 rss: 991Mb L: 12205/64589 MS: 4 ShuffleBytes-ShuffleBytes-ShuffleBytes-EraseBytes-
#11860578	REDUCE cov: 830 ft: 2013 corp: 507/1560Kb lim: 65536 exec/s: 71449 rss: 991Mb L: 2336/64589 MS: 1 EraseBytes-
#11860590	REDUCE cov: 830 ft: 2013 corp: 507/1560Kb lim: 65536 exec/s: 71449 rss: 991Mb L: 5565/64589 MS: 2 InsertByte-EraseBytes-
#11860701	REDUCE cov: 830 ft: 2013 corp: 507/1560Kb lim: 65536 exec/s: 71450 rss: 991Mb L: 646/64589 MS: 1 EraseBytes-
#11860913	REDUCE cov: 830 ft: 2013 corp: 507/1559Kb lim: 65536 exec/s: 71451 rss: 991Mb L: 2061/64589 MS: 2 EraseBytes-CopyPart-
#11861105	REDUCE cov: 830 ft: 2013 corp: 507/1559Kb lim: 65536 exec/s: 71452 rss: 991Mb L: 621/64589 MS: 2 ManualDict-EraseBytes- DE: "AES-128-KW"-
#11861798	REDUCE cov: 830 ft: 2013 corp: 507/1559Kb lim: 65536 exec/s: 71456 rss: 991Mb L: 548/64589 MS: 3 InsertByte-ChangeByte-EraseBytes-
#11861970	REDUCE cov: 830 ft: 2013 corp: 507/1559Kb lim: 65536 exec/s: 71457 rss: 991Mb L: 118/64589 MS: 2 ShuffleBytes-EraseBytes-
#11861994	REDUCE cov: 830 ft: 2013 corp: 507/1559Kb lim: 65536 exec/s: 71457 rss: 991Mb L: 2303/64589 MS: 4 EraseBytes-InsertRepeatedBytes-CopyPart-EraseBytes-
#11862305	REDUCE cov: 830 ft: 2013 corp: 507/1559Kb lim: 65536 exec/s: 71459 rss: 991Mb L: 338/64589 MS: 1 EraseBytes-
#11862602	REDUCE cov: 830 ft: 2013 corp: 507/1559Kb lim: 65536 exec/s: 71461 rss: 991Mb L: 137/64589 MS: 2 ChangeBit-EraseBytes-
#11862833	REDUCE cov: 830 ft: 2013 corp: 507/1558Kb lim: 65536 exec/s: 71462 rss: 991Mb L: 1309/64589 MS: 1 EraseBytes-
#11863864	REDUCE cov: 830 ft: 2013 corp: 507/1558Kb lim: 65536 exec/s: 71041 rss: 991Mb L: 2003/64589 MS: 1 EraseBytes-
#11864246	REDUCE cov: 830 ft: 2013 corp: 507/1558Kb lim: 65536 exec/s: 71043 rss: 991Mb L: 5011/64589 MS: 2 ShuffleBytes-EraseBytes-
#11864839	REDUCE cov: 830 ft: 2013 corp: 507/1557Kb lim: 65536 exec/s: 71046 rss: 991Mb L: 2097/64589 MS: 3 InsertByte-ChangeASCIIInt-EraseBytes-
#11864911	REDUCE cov: 830 ft: 2013 corp: 507/1553Kb lim: 65536 exec/s: 71047 rss: 991Mb L: 13869/64589 MS: 2 ChangeBit-EraseBytes-
#11865007	REDUCE cov: 830 ft: 2013 corp: 507/1553Kb lim: 65536 exec/s: 71047 rss: 991Mb L: 150/64589 MS: 1 EraseBytes-
#11866010	REDUCE cov: 830 ft: 2013 corp: 507/1553Kb lim: 65536 exec/s: 71053 rss: 991Mb L: 419/64589 MS: 3 PersAutoDict-ChangeASCIIInt-EraseBytes- DE: "0x10"-
#11866621	REDUCE cov: 830 ft: 2013 corp: 507/1551Kb lim: 65536 exec/s: 71057 rss: 991Mb L: 22119/64589 MS: 1 EraseBytes-
#11867232	REDUCE cov: 830 ft: 2013 corp: 507/1551Kb lim: 65536 exec/s: 70638 rss: 991Mb L: 2767/64589 MS: 1 EraseBytes-
#11867658	REDUCE cov: 830 ft: 2013 corp: 507/1550Kb lim: 65536 exec/s: 70640 rss: 991Mb L: 7324/64589 MS: 1 EraseBytes-
#11867884	REDUCE cov: 830 ft: 2013 corp: 507/1550Kb lim: 65536 exec/s: 70642 rss: 991Mb L: 1620/64589 MS: 1 EraseBytes-
#11867966	REDUCE cov: 830 ft: 2013 corp: 507/1550Kb lim: 65536 exec/s: 70642 rss: 991Mb L: 111/64589 MS: 2 ChangeASCIIInt-EraseBytes-
#11868269	REDUCE cov: 830 ft: 2013 corp: 507/1550Kb lim: 65536 exec/s: 70644 rss: 991Mb L: 156/64589 MS: 3 ChangeASCIIInt-ChangeByte-EraseBytes-
#11868340	REDUCE cov: 830 ft: 2013 corp: 507/1550Kb lim: 65536 exec/s: 70644 rss: 991Mb L: 555/64589 MS: 1 EraseBytes-
#11868342	REDUCE cov: 830 ft: 2013 corp: 507/1550Kb lim: 65536 exec/s: 70644 rss: 991Mb L: 1027/64589 MS: 2 ChangeBinInt-EraseBytes-
#11868463	REDUCE cov: 830 ft: 2013 corp: 507/1550Kb lim: 65536 exec/s: 70645 rss: 991Mb L: 100/64589 MS: 1 EraseBytes-
#11868549	REDUCE cov: 830 ft: 2013 corp: 507/1550Kb lim: 65536 exec/s: 70646 rss: 991Mb L: 633/64589 MS: 1 EraseBytes-
#11868757	REDUCE cov: 830 ft: 2013 corp: 507/1550Kb lim: 65536 exec/s: 70647 rss: 991Mb L: 2071/64589 MS: 3 CopyPart-ChangeBit-EraseBytes-
#11868794	REDUCE cov: 830 ft: 2013 corp: 507/1549Kb lim: 65536 exec/s: 70647 rss: 991Mb L: 3419/64589 MS: 2 ChangeBinInt-EraseBytes-
#11869992	NEW    cov: 831 ft: 2014 corp: 508/1556Kb lim: 65536 exec/s: 70654 rss: 991Mb L: 7058/64589 MS: 3 ShuffleBytes-ManualDict-ChangeASCIIInt- DE: "encrypted extensions"-
#11870051	REDUCE cov: 831 ft: 2014 corp: 508/1556Kb lim: 65536 exec/s: 70655 rss: 991Mb L: 595/64589 MS: 4 InsertByte-InsertRepeatedBytes-ChangeBinInt-EraseBytes-
#11870078	REDUCE cov: 831 ft: 2014 corp: 508/1556Kb lim: 65536 exec/s: 70655 rss: 991Mb L: 502/64589 MS: 2 ShuffleBytes-EraseBytes-
#11870355	REDUCE cov: 831 ft: 2014 corp: 508/1555Kb lim: 65536 exec/s: 70656 rss: 991Mb L: 6070/64589 MS: 2 CrossOver-EraseBytes-
#11870722	REDUCE cov: 831 ft: 2014 corp: 508/1553Kb lim: 65536 exec/s: 70240 rss: 991Mb L: 3761/64589 MS: 2 ChangeBinInt-EraseBytes-
#11870784	REDUCE cov: 831 ft: 2015 corp: 509/1557Kb lim: 65536 exec/s: 70241 rss: 991Mb L: 4295/64589 MS: 2 CrossOver-CrossOver-
#11870810	REDUCE cov: 831 ft: 2015 corp: 509/1557Kb lim: 65536 exec/s: 70241 rss: 991Mb L: 92/64589 MS: 1 EraseBytes-
#11871561	REDUCE cov: 831 ft: 2015 corp: 509/1557Kb lim: 65536 exec/s: 70245 rss: 991Mb L: 117/64589 MS: 1 EraseBytes-
#11871678	REDUCE cov: 831 ft: 2015 corp: 509/1557Kb lim: 65536 exec/s: 70246 rss: 991Mb L: 328/64589 MS: 2 ShuffleBytes-EraseBytes-
#11871855	REDUCE cov: 831 ft: 2015 corp: 509/1556Kb lim: 65536 exec/s: 70247 rss: 991Mb L: 8618/64589 MS: 2 PersAutoDict-EraseBytes- DE: "mbedtls/dhm.h"-
#11872064	REDUCE cov: 831 ft: 2015 corp: 509/1556Kb lim: 65536 exec/s: 70248 rss: 991Mb L: 3305/64589 MS: 4 ManualDict-PersAutoDict-ShuffleBytes-EraseBytes- DE: "RSASSA-PSS"-"\377\377\377\377\377\377\377\000"-
#11872346	REDUCE cov: 831 ft: 2015 corp: 509/1556Kb lim: 65536 exec/s: 70250 rss: 991Mb L: 346/64589 MS: 2 CMP-EraseBytes- DE: "\000\000\356\200"-
#11872424	REDUCE cov: 831 ft: 2015 corp: 509/1555Kb lim: 65536 exec/s: 70251 rss: 991Mb L: 5460/64589 MS: 3 InsertByte-ManualDict-EraseBytes- DE: "+m"-
#11872542	REDUCE cov: 831 ft: 2015 corp: 509/1555Kb lim: 65536 exec/s: 70251 rss: 991Mb L: 1317/64589 MS: 3 ChangeBinInt-ChangeBit-EraseBytes-
#11872628	REDUCE cov: 831 ft: 2015 corp: 509/1552Kb lim: 65536 exec/s: 70252 rss: 991Mb L: 11127/64589 MS: 1 EraseBytes-
#11873074	REDUCE cov: 831 ft: 2015 corp: 509/1552Kb lim: 65536 exec/s: 70254 rss: 991Mb L: 1301/64589 MS: 1 EraseBytes-
#11873203	REDUCE cov: 831 ft: 2015 corp: 509/1550Kb lim: 65536 exec/s: 70255 rss: 991Mb L: 12984/64589 MS: 4 ChangeBinInt-PersAutoDict-InsertByte-EraseBytes- DE: "DES-CBC"-
#11873224	REDUCE cov: 831 ft: 2015 corp: 509/1550Kb lim: 65536 exec/s: 70255 rss: 991Mb L: 117/64589 MS: 1 EraseBytes-
#11873565	REDUCE cov: 831 ft: 2015 corp: 509/1549Kb lim: 65536 exec/s: 70257 rss: 991Mb L: 3135/64589 MS: 1 EraseBytes-
#11873572	REDUCE cov: 831 ft: 2015 corp: 509/1549Kb lim: 65536 exec/s: 70257 rss: 991Mb L: 29827/64589 MS: 2 ChangeBit-EraseBytes-
#11873628	REDUCE cov: 831 ft: 2015 corp: 509/1549Kb lim: 65536 exec/s: 70258 rss: 991Mb L: 108/64589 MS: 1 EraseBytes-
#11874152	REDUCE cov: 831 ft: 2015 corp: 509/1549Kb lim: 65536 exec/s: 70261 rss: 992Mb L: 253/64589 MS: 4 ManualDict-ManualDict-PersAutoDict-EraseBytes- DE: "mbedtls_ct_memcmp() requires minimum 32-bit ints"-"=w"-"\221y/\356"-
#11874984	REDUCE cov: 831 ft: 2015 corp: 509/1548Kb lim: 65536 exec/s: 69852 rss: 992Mb L: 5266/64589 MS: 2 ChangeByte-EraseBytes-
#11875271	REDUCE cov: 831 ft: 2015 corp: 509/1548Kb lim: 65536 exec/s: 69854 rss: 992Mb L: 3075/64589 MS: 2 CMP-EraseBytes- DE: "*\206H\316\377\377\377\377"-
#11875407	REDUCE cov: 831 ft: 2015 corp: 509/1548Kb lim: 65536 exec/s: 69855 rss: 992Mb L: 4783/64589 MS: 1 EraseBytes-
#11875485	REDUCE cov: 831 ft: 2015 corp: 509/1548Kb lim: 65536 exec/s: 69855 rss: 992Mb L: 1427/64589 MS: 3 ChangeByte-ChangeBit-EraseBytes-
#11875496	REDUCE cov: 831 ft: 2015 corp: 509/1548Kb lim: 65536 exec/s: 69855 rss: 992Mb L: 4225/64589 MS: 1 EraseBytes-
#11875642	REDUCE cov: 831 ft: 2015 corp: 509/1548Kb lim: 65536 exec/s: 69856 rss: 992Mb L: 4103/64589 MS: 1 EraseBytes-
#11875737	REDUCE cov: 831 ft: 2015 corp: 509/1547Kb lim: 65536 exec/s: 69857 rss: 992Mb L: 4317/64589 MS: 5 ChangeASCIIInt-ManualDict-ShuffleBytes-ChangeASCIIInt-EraseBytes- DE: "server hello, session id"-
#11876155	REDUCE cov: 831 ft: 2015 corp: 509/1547Kb lim: 65536 exec/s: 69859 rss: 992Mb L: 2193/64589 MS: 3 ChangeBit-InsertRepeatedBytes-EraseBytes-
#11876481	REDUCE cov: 831 ft: 2015 corp: 509/1547Kb lim: 65536 exec/s: 69861 rss: 992Mb L: 4047/64589 MS: 1 EraseBytes-
#11876643	REDUCE cov: 831 ft: 2015 corp: 509/1547Kb lim: 65536 exec/s: 69862 rss: 992Mb L: 681/64589 MS: 2 CrossOver-EraseBytes-
#11876730	REDUCE cov: 831 ft: 2015 corp: 509/1547Kb lim: 65536 exec/s: 69863 rss: 992Mb L: 405/64589 MS: 2 PersAutoDict-EraseBytes- DE: "\203\2547H"-
#11876831	REDUCE cov: 831 ft: 2015 corp: 509/1547Kb lim: 65536 exec/s: 69863 rss: 992Mb L: 970/64589 MS: 1 EraseBytes-
#11877018	REDUCE cov: 831 ft: 2015 corp: 509/1546Kb lim: 65536 exec/s: 69864 rss: 992Mb L: 7844/64589 MS: 2 ShuffleBytes-EraseBytes-
#11877241	REDUCE cov: 831 ft: 2015 corp: 509/1545Kb lim: 65536 exec/s: 69866 rss: 992Mb L: 12063/64589 MS: 3 ChangeASCIIInt-CMP-EraseBytes- DE: "l\230#_"-
#11877252	REDUCE cov: 831 ft: 2015 corp: 509/1545Kb lim: 65536 exec/s: 69866 rss: 992Mb L: 1792/64589 MS: 1 EraseBytes-
#11877280	REDUCE cov: 831 ft: 2015 corp: 509/1545Kb lim: 65536 exec/s: 69866 rss: 992Mb L: 555/64589 MS: 3 PersAutoDict-CrossOver-EraseBytes- DE: "+m"-
#11877400	REDUCE cov: 831 ft: 2015 corp: 509/1544Kb lim: 65536 exec/s: 69867 rss: 992Mb L: 2633/64589 MS: 5 InsertByte-ChangeBit-InsertRepeatedBytes-CrossOver-EraseBytes-
#11877854	REDUCE cov: 831 ft: 2016 corp: 510/1557Kb lim: 65536 exec/s: 69461 rss: 992Mb L: 12810/64589 MS: 4 ChangeASCIIInt-CrossOver-InsertRepeatedBytes-CopyPart-
#11878161	REDUCE cov: 831 ft: 2016 corp: 510/1557Kb lim: 65536 exec/s: 69462 rss: 992Mb L: 2758/64589 MS: 2 ChangeBit-EraseBytes-
#11878227	REDUCE cov: 831 ft: 2016 corp: 510/1557Kb lim: 65536 exec/s: 69463 rss: 992Mb L: 686/64589 MS: 1 EraseBytes-
#11878409	NEW    cov: 831 ft: 2017 corp: 511/1569Kb lim: 65536 exec/s: 69464 rss: 992Mb L: 12873/64589 MS: 2 InsertRepeatedBytes-CMP- DE: "-----END CERTIFICATE-----"-
#11879097	REDUCE cov: 831 ft: 2017 corp: 511/1569Kb lim: 65536 exec/s: 69468 rss: 992Mb L: 329/64589 MS: 3 ChangeByte-PersAutoDict-EraseBytes- DE: "mbedtls/bignum.h"-
#11879798	REDUCE cov: 831 ft: 2017 corp: 511/1569Kb lim: 65536 exec/s: 69472 rss: 992Mb L: 11226/64589 MS: 1 EraseBytes-
#11879974	REDUCE cov: 831 ft: 2017 corp: 511/1569Kb lim: 65536 exec/s: 69473 rss: 992Mb L: 110/64589 MS: 1 EraseBytes-
#11880097	REDUCE cov: 831 ft: 2017 corp: 511/1568Kb lim: 65536 exec/s: 69474 rss: 992Mb L: 1160/64589 MS: 3 ManualDict-PersAutoDict-EraseBytes- DE: "CAMELLIA-256-CTR"-"<= write new session ticket"-
#11880444	REDUCE cov: 831 ft: 2017 corp: 511/1568Kb lim: 65536 exec/s: 69476 rss: 992Mb L: 4249/64589 MS: 2 CopyPart-EraseBytes-
#11880665	REDUCE cov: 831 ft: 2017 corp: 511/1568Kb lim: 65536 exec/s: 69477 rss: 992Mb L: 3651/64589 MS: 1 EraseBytes-
#11880735	REDUCE cov: 831 ft: 2017 corp: 511/1568Kb lim: 65536 exec/s: 69477 rss: 992Mb L: 190/64589 MS: 5 CrossOver-ChangeBit-CopyPart-ChangeByte-EraseBytes-
#11880977	REDUCE cov: 831 ft: 2019 corp: 512/1623Kb lim: 65536 exec/s: 69479 rss: 992Mb L: 56325/64589 MS: 2 CrossOver-CopyPart-
#11881071	REDUCE cov: 831 ft: 2019 corp: 512/1623Kb lim: 65536 exec/s: 69479 rss: 992Mb L: 842/64589 MS: 4 ManualDict-ChangeASCIIInt-ChangeBit-EraseBytes- DE: "mbedtls/pkcs12.h"-
#11881232	REDUCE cov: 831 ft: 2019 corp: 512/1623Kb lim: 65536 exec/s: 69480 rss: 992Mb L: 1763/64589 MS: 1 EraseBytes-
#11881288	REDUCE cov: 831 ft: 2019 corp: 512/1623Kb lim: 65536 exec/s: 69481 rss: 992Mb L: 556/64589 MS: 1 EraseBytes-
#11881575	REDUCE cov: 831 ft: 2019 corp: 512/1623Kb lim: 65536 exec/s: 69078 rss: 992Mb L: 494/64589 MS: 2 ChangeByte-EraseBytes-
#11881632	REDUCE cov: 831 ft: 2019 corp: 512/1622Kb lim: 65536 exec/s: 69079 rss: 992Mb L: 2761/64589 MS: 2 ChangeBit-EraseBytes-
#11881919	REDUCE cov: 831 ft: 2019 corp: 512/1621Kb lim: 65536 exec/s: 69080 rss: 992Mb L: 17020/64589 MS: 2 PersAutoDict-EraseBytes- DE: "ECDH: Q"-
#11882657	REDUCE cov: 831 ft: 2019 corp: 512/1620Kb lim: 65536 exec/s: 69085 rss: 992Mb L: 15637/64589 MS: 3 CMP-InsertRepeatedBytes-EraseBytes- DE: "\024\000\000\000\000\000\000\000"-
#11882908	REDUCE cov: 831 ft: 2019 corp: 512/1620Kb lim: 65536 exec/s: 69086 rss: 992Mb L: 3752/64589 MS: 1 EraseBytes-
#11883574	REDUCE cov: 831 ft: 2019 corp: 512/1620Kb lim: 65536 exec/s: 69090 rss: 992Mb L: 3991/64589 MS: 1 EraseBytes-
#11883730	REDUCE cov: 831 ft: 2019 corp: 512/1620Kb lim: 65536 exec/s: 69091 rss: 992Mb L: 87/64589 MS: 1 EraseBytes-
#11883771	REDUCE cov: 831 ft: 2019 corp: 512/1620Kb lim: 65536 exec/s: 69091 rss: 992Mb L: 1076/64589 MS: 1 EraseBytes-
#11884052	REDUCE cov: 831 ft: 2019 corp: 512/1620Kb lim: 65536 exec/s: 69093 rss: 992Mb L: 462/64589 MS: 1 EraseBytes-
#11884063	REDUCE cov: 831 ft: 2019 corp: 512/1615Kb lim: 65536 exec/s: 69093 rss: 992Mb L: 43207/64589 MS: 1 EraseBytes-
#11884199	REDUCE cov: 831 ft: 2019 corp: 512/1611Kb lim: 65536 exec/s: 69094 rss: 992Mb L: 9215/64589 MS: 1 EraseBytes-
#11884520	REDUCE cov: 831 ft: 2019 corp: 512/1611Kb lim: 65536 exec/s: 69096 rss: 992Mb L: 33477/64589 MS: 1 EraseBytes-
#11885081	REDUCE cov: 831 ft: 2019 corp: 512/1610Kb lim: 65536 exec/s: 68699 rss: 992Mb L: 3233/64589 MS: 1 EraseBytes-
#11885337	REDUCE cov: 831 ft: 2019 corp: 512/1610Kb lim: 65536 exec/s: 68701 rss: 992Mb L: 997/64589 MS: 1 EraseBytes-
#11885458	REDUCE cov: 831 ft: 2019 corp: 512/1610Kb lim: 65536 exec/s: 68702 rss: 992Mb L: 8852/64589 MS: 1 EraseBytes-
#11885612	REDUCE cov: 831 ft: 2019 corp: 512/1610Kb lim: 65536 exec/s: 68702 rss: 992Mb L: 1726/64589 MS: 4 ChangeBit-InsertRepeatedBytes-ChangeBinInt-EraseBytes-
#11885674	REDUCE cov: 831 ft: 2019 corp: 512/1610Kb lim: 65536 exec/s: 68703 rss: 992Mb L: 115/64589 MS: 2 ChangeASCIIInt-EraseBytes-
#11885735	REDUCE cov: 831 ft: 2019 corp: 512/1610Kb lim: 65536 exec/s: 68703 rss: 992Mb L: 536/64589 MS: 1 EraseBytes-
#11885856	REDUCE cov: 831 ft: 2019 corp: 512/1610Kb lim: 65536 exec/s: 68704 rss: 992Mb L: 76/64589 MS: 1 EraseBytes-
#11886022	REDUCE cov: 831 ft: 2019 corp: 512/1607Kb lim: 65536 exec/s: 68705 rss: 992Mb L: 53242/64589 MS: 1 EraseBytes-
#11886216	REDUCE cov: 831 ft: 2019 corp: 512/1606Kb lim: 65536 exec/s: 68706 rss: 992Mb L: 5380/64589 MS: 4 CopyPart-ChangeBinInt-ChangeBinInt-EraseBytes-
#11886257	REDUCE cov: 831 ft: 2019 corp: 512/1604Kb lim: 65536 exec/s: 68706 rss: 992Mb L: 10049/64589 MS: 1 EraseBytes-
#11886698	REDUCE cov: 831 ft: 2019 corp: 512/1604Kb lim: 65536 exec/s: 68709 rss: 992Mb L: 100/64589 MS: 1 EraseBytes-
#11886929	REDUCE cov: 831 ft: 2019 corp: 512/1603Kb lim: 65536 exec/s: 68710 rss: 992Mb L: 5386/64589 MS: 1 EraseBytes-
#11887505	REDUCE cov: 831 ft: 2019 corp: 512/1603Kb lim: 65536 exec/s: 68713 rss: 992Mb L: 357/64589 MS: 1 EraseBytes-
#11887556	REDUCE cov: 832 ft: 2020 corp: 513/1604Kb lim: 65536 exec/s: 68714 rss: 992Mb L: 389/64589 MS: 1 InsertRepeatedBytes-
#11887643	REDUCE cov: 832 ft: 2020 corp: 513/1602Kb lim: 65536 exec/s: 68714 rss: 992Mb L: 1744/64589 MS: 2 InsertByte-EraseBytes-
#11887704	REDUCE cov: 832 ft: 2020 corp: 513/1602Kb lim: 65536 exec/s: 68715 rss: 992Mb L: 191/64589 MS: 1 EraseBytes-
#11887925	REDUCE cov: 832 ft: 2020 corp: 513/1602Kb lim: 65536 exec/s: 68716 rss: 992Mb L: 3948/64589 MS: 1 EraseBytes-
#11888237	REDUCE cov: 832 ft: 2020 corp: 513/1602Kb lim: 65536 exec/s: 68718 rss: 992Mb L: 349/64589 MS: 2 ManualDict-EraseBytes- DE: "<= write certificate verify"-
#11888449	REDUCE cov: 832 ft: 2020 corp: 513/1602Kb lim: 65536 exec/s: 68719 rss: 992Mb L: 7154/64589 MS: 2 ShuffleBytes-EraseBytes-
#11888481	REDUCE cov: 832 ft: 2020 corp: 513/1602Kb lim: 65536 exec/s: 68719 rss: 992Mb L: 589/64589 MS: 2 InsertRepeatedBytes-EraseBytes-
#11888863	REDUCE cov: 832 ft: 2020 corp: 513/1601Kb lim: 65536 exec/s: 68326 rss: 992Mb L: 3662/64589 MS: 2 ChangeASCIIInt-EraseBytes-
#11888914	REDUCE cov: 832 ft: 2020 corp: 513/1601Kb lim: 65536 exec/s: 68327 rss: 992Mb L: 8197/64589 MS: 1 EraseBytes-
#11889441	REDUCE cov: 832 ft: 2020 corp: 513/1600Kb lim: 65536 exec/s: 68330 rss: 992Mb L: 7484/64589 MS: 2 InsertByte-EraseBytes-
#11889518	REDUCE cov: 832 ft: 2020 corp: 513/1600Kb lim: 65536 exec/s: 68330 rss: 992Mb L: 226/64589 MS: 2 ChangeByte-EraseBytes-
#11889861	REDUCE cov: 832 ft: 2020 corp: 513/1600Kb lim: 65536 exec/s: 68332 rss: 992Mb L: 5229/64589 MS: 3 ChangeBinInt-ManualDict-EraseBytes- DE: "CAMELLIA-192-CTR"-
#11890152	REDUCE cov: 832 ft: 2020 corp: 513/1600Kb lim: 65536 exec/s: 68334 rss: 992Mb L: 384/64589 MS: 1 EraseBytes-
#11890255	REDUCE cov: 832 ft: 2020 corp: 513/1600Kb lim: 65536 exec/s: 68334 rss: 992Mb L: 9376/64589 MS: 3 ChangeBinInt-CMP-EraseBytes- DE: "\377\377\377\377\377\377\377\025"-
#11890511	REDUCE cov: 832 ft: 2020 corp: 513/1600Kb lim: 65536 exec/s: 68336 rss: 992Mb L: 1686/64589 MS: 1 EraseBytes-
#11891101	REDUCE cov: 832 ft: 2020 corp: 513/1600Kb lim: 65536 exec/s: 68339 rss: 992Mb L: 4400/64589 MS: 5 ChangeASCIIInt-ChangeASCIIInt-ManualDict-ShuffleBytes-EraseBytes- DE: " (ctx->buf + ctx->rk_offset), "-
#11891119	REDUCE cov: 832 ft: 2020 corp: 513/1599Kb lim: 65536 exec/s: 68339 rss: 992Mb L: 4457/64589 MS: 3 ChangeBit-ChangeASCIIInt-EraseBytes-
#11891205	REDUCE cov: 832 ft: 2020 corp: 513/1599Kb lim: 65536 exec/s: 68340 rss: 992Mb L: 667/64589 MS: 1 EraseBytes-
#11891253	REDUCE cov: 832 ft: 2020 corp: 513/1599Kb lim: 65536 exec/s: 68340 rss: 992Mb L: 1768/64589 MS: 3 InsertRepeatedBytes-CMP-EraseBytes- DE: "\377\377\377\005"-
#11891356	REDUCE cov: 833 ft: 2021 corp: 514/1641Kb lim: 65536 exec/s: 68341 rss: 992Mb L: 43235/64589 MS: 3 InsertRepeatedBytes-ChangeBit-CMP- DE: "DEK-Info: AES-"-
#11891394	REDUCE cov: 833 ft: 2021 corp: 514/1633Kb lim: 65536 exec/s: 68341 rss: 992Mb L: 35698/64589 MS: 3 CopyPart-ChangeBinInt-EraseBytes-
#11891556	REDUCE cov: 833 ft: 2021 corp: 514/1633Kb lim: 65536 exec/s: 68342 rss: 992Mb L: 1046/64589 MS: 2 ChangeBit-EraseBytes-
#11891657	REDUCE cov: 833 ft: 2021 corp: 514/1632Kb lim: 65536 exec/s: 68342 rss: 992Mb L: 10400/64589 MS: 1 EraseBytes-
#11891679	REDUCE cov: 833 ft: 2021 corp: 514/1627Kb lim: 65536 exec/s: 68342 rss: 992Mb L: 30298/64589 MS: 2 CMP-EraseBytes- DE: "\001\000\000\000\000\000\013\233"-
#11892280	REDUCE cov: 833 ft: 2021 corp: 514/1623Kb lim: 65536 exec/s: 68346 rss: 992Mb L: 25881/64589 MS: 1 EraseBytes-
#11892561	REDUCE cov: 833 ft: 2021 corp: 514/1623Kb lim: 65536 exec/s: 67957 rss: 992Mb L: 330/64589 MS: 1 EraseBytes-
#11892728	REDUCE cov: 833 ft: 2021 corp: 514/1623Kb lim: 65536 exec/s: 67958 rss: 992Mb L: 966/64589 MS: 2 ChangeASCIIInt-EraseBytes-
#11893182	REDUCE cov: 833 ft: 2021 corp: 514/1612Kb lim: 65536 exec/s: 67961 rss: 992Mb L: 15188/64589 MS: 4 ChangeByte-PersAutoDict-CMP-EraseBytes- DE: "SHA3-512"-"\377\377\377\377\377\377\377\330"-
#11893200	REDUCE cov: 833 ft: 2021 corp: 514/1612Kb lim: 65536 exec/s: 67961 rss: 992Mb L: 613/64589 MS: 3 InsertRepeatedBytes-ChangeBit-EraseBytes-
#11893268	REDUCE cov: 833 ft: 2021 corp: 514/1612Kb lim: 65536 exec/s: 67961 rss: 992Mb L: 54824/64589 MS: 3 ShuffleBytes-ChangeASCIIInt-EraseBytes-
#11893283	REDUCE cov: 833 ft: 2021 corp: 514/1611Kb lim: 65536 exec/s: 67961 rss: 992Mb L: 13623/64589 MS: 5 PersAutoDict-ChangeBit-ChangeByte-ChangeBinInt-EraseBytes- DE: "NamedGroupList"-
#11894149	REDUCE cov: 833 ft: 2021 corp: 514/1609Kb lim: 65536 exec/s: 67966 rss: 992Mb L: 32193/64589 MS: 1 EraseBytes-
#11894185	REDUCE cov: 833 ft: 2021 corp: 514/1609Kb lim: 65536 exec/s: 67966 rss: 992Mb L: 8540/64589 MS: 1 EraseBytes-
#11894451	REDUCE cov: 833 ft: 2021 corp: 514/1608Kb lim: 65536 exec/s: 67968 rss: 992Mb L: 9479/64589 MS: 1 EraseBytes-
#11894732	REDUCE cov: 833 ft: 2021 corp: 514/1608Kb lim: 65536 exec/s: 67969 rss: 992Mb L: 3300/64589 MS: 1 EraseBytes-
#11894768	REDUCE cov: 833 ft: 2021 corp: 514/1608Kb lim: 65536 exec/s: 67970 rss: 992Mb L: 3441/64589 MS: 1 EraseBytes-
#11894975	REDUCE cov: 833 ft: 2021 corp: 514/1608Kb lim: 65536 exec/s: 67971 rss: 992Mb L: 4822/64589 MS: 2 InsertRepeatedBytes-EraseBytes-
#11895405	REDUCE cov: 833 ft: 2021 corp: 514/1607Kb lim: 65536 exec/s: 67973 rss: 992Mb L: 2119/64589 MS: 5 ShuffleBytes-ChangeASCIIInt-InsertByte-InsertByte-EraseBytes-
#11895848	REDUCE cov: 833 ft: 2021 corp: 514/1607Kb lim: 65536 exec/s: 67976 rss: 992Mb L: 605/64589 MS: 3 EraseBytes-ChangeBinInt-CopyPart-
#11895889	REDUCE cov: 833 ft: 2021 corp: 514/1607Kb lim: 65536 exec/s: 67976 rss: 992Mb L: 1024/64589 MS: 1 EraseBytes-
#11895943	REDUCE cov: 833 ft: 2021 corp: 514/1607Kb lim: 65536 exec/s: 67976 rss: 992Mb L: 286/64589 MS: 4 ManualDict-EraseBytes-CMP-CopyPart- DE: "Target does not support NEON instructions"-"\377\011"-
#11896039	REDUCE cov: 833 ft: 2021 corp: 514/1607Kb lim: 65536 exec/s: 67977 rss: 992Mb L: 116/64589 MS: 1 EraseBytes-
#11896097	REDUCE cov: 833 ft: 2021 corp: 514/1605Kb lim: 65536 exec/s: 67977 rss: 992Mb L: 11548/64589 MS: 3 PersAutoDict-ChangeBit-EraseBytes- DE: "DHM: GY"-
#11896188	REDUCE cov: 833 ft: 2021 corp: 514/1600Kb lim: 65536 exec/s: 67978 rss: 992Mb L: 6228/64589 MS: 1 EraseBytes-
#11896241	REDUCE cov: 833 ft: 2021 corp: 514/1599Kb lim: 65536 exec/s: 67978 rss: 992Mb L: 5626/64589 MS: 3 InsertRepeatedBytes-ChangeByte-EraseBytes-
#11896502	REDUCE cov: 833 ft: 2021 corp: 514/1599Kb lim: 65536 exec/s: 67593 rss: 992Mb L: 504/64589 MS: 1 EraseBytes-
#11896858	REDUCE cov: 833 ft: 2021 corp: 514/1596Kb lim: 65536 exec/s: 67595 rss: 992Mb L: 2952/64589 MS: 1 EraseBytes-
#11896866	REDUCE cov: 833 ft: 2021 corp: 514/1596Kb lim: 65536 exec/s: 67595 rss: 992Mb L: 2760/64589 MS: 3 ChangeBinInt-ShuffleBytes-EraseBytes-
#11897205	REDUCE cov: 833 ft: 2021 corp: 514/1596Kb lim: 65536 exec/s: 67597 rss: 992Mb L: 638/64589 MS: 4 CopyPart-ChangeBit-ChangeByte-EraseBytes-
#11897604	REDUCE cov: 833 ft: 2021 corp: 514/1596Kb lim: 65536 exec/s: 67600 rss: 992Mb L: 319/64589 MS: 4 ChangeBinInt-ShuffleBytes-ChangeByte-EraseBytes-
#11897963	REDUCE cov: 833 ft: 2021 corp: 514/1596Kb lim: 65536 exec/s: 67602 rss: 992Mb L: 2439/64589 MS: 4 CopyPart-CrossOver-CopyPart-EraseBytes-
#11898015	REDUCE cov: 833 ft: 2021 corp: 514/1594Kb lim: 65536 exec/s: 67602 rss: 992Mb L: 8129/64589 MS: 2 InsertRepeatedBytes-EraseBytes-
#11898222	REDUCE cov: 833 ft: 2021 corp: 514/1594Kb lim: 65536 exec/s: 67603 rss: 992Mb L: 91/64589 MS: 2 InsertByte-EraseBytes-
#11898268	REDUCE cov: 833 ft: 2021 corp: 514/1594Kb lim: 65536 exec/s: 67603 rss: 992Mb L: 342/64589 MS: 1 EraseBytes-
#11898530	REDUCE cov: 833 ft: 2021 corp: 514/1594Kb lim: 65536 exec/s: 67605 rss: 992Mb L: 2625/64589 MS: 2 PersAutoDict-EraseBytes- DE: "+\006\001\005\005\007\010\004"-
#11898927	REDUCE cov: 833 ft: 2021 corp: 514/1592Kb lim: 65536 exec/s: 67607 rss: 992Mb L: 8022/64589 MS: 2 CopyPart-EraseBytes-
#11899564	REDUCE cov: 833 ft: 2021 corp: 514/1592Kb lim: 65536 exec/s: 67611 rss: 992Mb L: 3179/64589 MS: 2 InsertByte-EraseBytes-
#11900083	REDUCE cov: 833 ft: 2021 corp: 514/1592Kb lim: 65536 exec/s: 67232 rss: 992Mb L: 1737/64589 MS: 4 ShuffleBytes-ChangeBinInt-InsertByte-EraseBytes-
#11900122	REDUCE cov: 833 ft: 2021 corp: 514/1592Kb lim: 65536 exec/s: 67232 rss: 992Mb L: 53059/64589 MS: 4 ChangeBit-ShuffleBytes-PersAutoDict-EraseBytes- DE: "DHM: GY"-
#11901016	REDUCE cov: 833 ft: 2021 corp: 514/1592Kb lim: 65536 exec/s: 67237 rss: 992Mb L: 2270/64589 MS: 4 ChangeByte-ShuffleBytes-ChangeBinInt-EraseBytes-
#11901024	REDUCE cov: 833 ft: 2021 corp: 514/1592Kb lim: 65536 exec/s: 67237 rss: 992Mb L: 1657/64589 MS: 3 ChangeASCIIInt-ChangeASCIIInt-EraseBytes-
#11901125	REDUCE cov: 833 ft: 2021 corp: 514/1592Kb lim: 65536 exec/s: 67237 rss: 992Mb L: 223/64589 MS: 1 EraseBytes-
#11901171	REDUCE cov: 833 ft: 2021 corp: 514/1592Kb lim: 65536 exec/s: 67238 rss: 992Mb L: 1183/64589 MS: 1 EraseBytes-
#11901256	REDUCE cov: 833 ft: 2021 corp: 514/1590Kb lim: 65536 exec/s: 67238 rss: 992Mb L: 12912/64589 MS: 5 ChangeBinInt-ManualDict-InsertRepeatedBytes-ChangeByte-EraseBytes- DE: "AES-256-CCM"-
#11901439	REDUCE cov: 833 ft: 2021 corp: 514/1590Kb lim: 65536 exec/s: 67239 rss: 992Mb L: 6767/64589 MS: 3 ChangeBit-ManualDict-EraseBytes- DE: "master secret"-
#11901900	REDUCE cov: 833 ft: 2021 corp: 514/1590Kb lim: 65536 exec/s: 67242 rss: 992Mb L: 9307/64589 MS: 1 EraseBytes-
#11901963	REDUCE cov: 833 ft: 2021 corp: 514/1590Kb lim: 65536 exec/s: 67242 rss: 992Mb L: 2040/64589 MS: 3 ChangeASCIIInt-ManualDict-EraseBytes- DE: "server key not ECDH capable"-
#11902084	REDUCE cov: 833 ft: 2021 corp: 514/1589Kb lim: 65536 exec/s: 67243 rss: 992Mb L: 1249/64589 MS: 1 EraseBytes-
#11902235	REDUCE cov: 833 ft: 2021 corp: 514/1589Kb lim: 65536 exec/s: 67244 rss: 992Mb L: 885/64589 MS: 1 EraseBytes-
#11902888	REDUCE cov: 833 ft: 2021 corp: 514/1588Kb lim: 65536 exec/s: 67247 rss: 992Mb L: 5771/64589 MS: 3 ChangeBit-CopyPart-EraseBytes-
#11903126	REDUCE cov: 833 ft: 2021 corp: 514/1588Kb lim: 65536 exec/s: 67249 rss: 992Mb L: 1078/64589 MS: 3 ChangeByte-ChangeBinInt-EraseBytes-
#11903143	REDUCE cov: 833 ft: 2023 corp: 515/1588Kb lim: 65536 exec/s: 67249 rss: 992Mb L: 122/64589 MS: 2 ChangeASCIIInt-CopyPart-
#11903549	REDUCE cov: 833 ft: 2023 corp: 515/1588Kb lim: 65536 exec/s: 66873 rss: 992Mb L: 95/64589 MS: 1 EraseBytes-
#11903647	REDUCE cov: 833 ft: 2023 corp: 515/1588Kb lim: 65536 exec/s: 66874 rss: 992Mb L: 842/64589 MS: 3 InsertRepeatedBytes-InsertByte-EraseBytes-
#11904028	REDUCE cov: 833 ft: 2023 corp: 515/1588Kb lim: 65536 exec/s: 66876 rss: 992Mb L: 1765/64589 MS: 1 EraseBytes-
#11904285	REDUCE cov: 833 ft: 2023 corp: 515/1586Kb lim: 65536 exec/s: 66878 rss: 992Mb L: 30861/64589 MS: 2 CMP-EraseBytes- DE: "J\222\347\027"-
#11904357	REDUCE cov: 833 ft: 2023 corp: 515/1586Kb lim: 65536 exec/s: 66878 rss: 992Mb L: 1694/64589 MS: 2 ChangeBit-EraseBytes-
#11904676	REDUCE cov: 833 ft: 2023 corp: 515/1586Kb lim: 65536 exec/s: 66880 rss: 992Mb L: 123/64589 MS: 4 InsertByte-ShuffleBytes-CopyPart-EraseBytes-
#11904892	REDUCE cov: 833 ft: 2023 corp: 515/1583Kb lim: 65536 exec/s: 66881 rss: 992Mb L: 18578/64589 MS: 1 EraseBytes-
#11905516	REDUCE cov: 833 ft: 2023 corp: 515/1582Kb lim: 65536 exec/s: 66884 rss: 992Mb L: 896/64589 MS: 4 CrossOver-CMP-InsertByte-EraseBytes- DE: "DEK-Info:\377-----BEG"-
#11905530	REDUCE cov: 833 ft: 2023 corp: 515/1579Kb lim: 65536 exec/s: 66885 rss: 992Mb L: 40095/64589 MS: 4 EraseBytes-ManualDict-InsertByte-CopyPart- DE: " (y), "-
#11905923	REDUCE cov: 833 ft: 2023 corp: 515/1578Kb lim: 65536 exec/s: 66887 rss: 992Mb L: 9413/64589 MS: 3 CopyPart-ChangeBit-EraseBytes-
#11906330	REDUCE cov: 833 ft: 2023 corp: 515/1578Kb lim: 65536 exec/s: 66889 rss: 992Mb L: 3639/64589 MS: 2 InsertByte-EraseBytes-
#11906406	REDUCE cov: 833 ft: 2023 corp: 515/1577Kb lim: 65536 exec/s: 66889 rss: 992Mb L: 2385/64589 MS: 1 EraseBytes-
#11906978	REDUCE cov: 833 ft: 2023 corp: 515/1576Kb lim: 65536 exec/s: 66519 rss: 992Mb L: 36457/64589 MS: 2 PersAutoDict-EraseBytes- DE: "*\206H\316=\003\001\001"-
#11907009	REDUCE cov: 833 ft: 2023 corp: 515/1576Kb lim: 65536 exec/s: 66519 rss: 992Mb L: 3202/64589 MS: 1 EraseBytes-
#11907661	REDUCE cov: 833 ft: 2023 corp: 515/1576Kb lim: 65536 exec/s: 66523 rss: 992Mb L: 719/64589 MS: 2 ManualDict-EraseBytes- DE: "OU"-
#11907663	REDUCE cov: 833 ft: 2023 corp: 515/1576Kb lim: 65536 exec/s: 66523 rss: 992Mb L: 2172/64589 MS: 2 ShuffleBytes-EraseBytes-
#11907898	REDUCE cov: 833 ft: 2023 corp: 515/1573Kb lim: 65536 exec/s: 66524 rss: 992Mb L: 9311/64589 MS: 5 InsertByte-ShuffleBytes-ChangeBinInt-CrossOver-EraseBytes-
#11907951	REDUCE cov: 833 ft: 2023 corp: 515/1572Kb lim: 65536 exec/s: 66524 rss: 992Mb L: 6702/64589 MS: 3 ChangeBit-CMP-EraseBytes- DE: "DEK-Info: DES-EDE3-CBC,"-
#11907983	REDUCE cov: 833 ft: 2023 corp: 515/1572Kb lim: 65536 exec/s: 66525 rss: 992Mb L: 466/64589 MS: 2 CopyPart-EraseBytes-
#11908474	REDUCE cov: 833 ft: 2023 corp: 515/1571Kb lim: 65536 exec/s: 66527 rss: 992Mb L: 519/64589 MS: 1 EraseBytes-
#11908717	REDUCE cov: 833 ft: 2023 corp: 515/1571Kb lim: 65536 exec/s: 66529 rss: 992Mb L: 726/64589 MS: 3 CopyPart-ShuffleBytes-EraseBytes-
#11908999	REDUCE cov: 833 ft: 2023 corp: 515/1571Kb lim: 65536 exec/s: 66530 rss: 992Mb L: 1203/64589 MS: 2 CrossOver-EraseBytes-
#11909665	REDUCE cov: 833 ft: 2023 corp: 515/1571Kb lim: 65536 exec/s: 66534 rss: 992Mb L: 7330/64589 MS: 1 EraseBytes-
#11909767	REDUCE cov: 833 ft: 2023 corp: 515/1571Kb lim: 65536 exec/s: 66535 rss: 992Mb L: 11120/64589 MS: 2 ManualDict-EraseBytes- DE: " (already %"-
#11909878	REDUCE cov: 833 ft: 2023 corp: 515/1571Kb lim: 65536 exec/s: 66535 rss: 992Mb L: 7725/64589 MS: 1 EraseBytes-
#11909905	REDUCE cov: 833 ft: 2023 corp: 515/1571Kb lim: 65536 exec/s: 66535 rss: 992Mb L: 10967/64589 MS: 2 CopyPart-EraseBytes-
#11909960	REDUCE cov: 833 ft: 2023 corp: 515/1570Kb lim: 65536 exec/s: 66536 rss: 992Mb L: 1606/64589 MS: 5 InsertRepeatedBytes-ChangeBit-PersAutoDict-CrossOver-EraseBytes- DE: "PEM - Failed to allocate memory"-
#11910036	NEW    cov: 835 ft: 2025 corp: 516/1571Kb lim: 65536 exec/s: 66166 rss: 992Mb L: 124/64589 MS: 1 ManualDict- DE: "+m"-
#11910129	REDUCE cov: 835 ft: 2025 corp: 516/1571Kb lim: 65536 exec/s: 66167 rss: 992Mb L: 304/64589 MS: 3 ManualDict-PersAutoDict-EraseBytes- DE: "ARIA-192-CBC"-"\250!\347\206"-
#11910238	REDUCE cov: 835 ft: 2025 corp: 516/1571Kb lim: 65536 exec/s: 66167 rss: 992Mb L: 3148/64589 MS: 4 PersAutoDict-ChangeBinInt-EraseBytes-CopyPart- DE: "MBEDTLS_PADLOCK_C is set"-
#11910395	REDUCE cov: 835 ft: 2025 corp: 516/1570Kb lim: 65536 exec/s: 66168 rss: 992Mb L: 526/64589 MS: 2 InsertRepeatedBytes-EraseBytes-
#11910486	REDUCE cov: 835 ft: 2025 corp: 516/1570Kb lim: 65536 exec/s: 66169 rss: 992Mb L: 212/64589 MS: 1 EraseBytes-
#11910529	REDUCE cov: 835 ft: 2025 corp: 516/1570Kb lim: 65536 exec/s: 66169 rss: 992Mb L: 5366/64589 MS: 3 InsertByte-PersAutoDict-EraseBytes- DE: " > %"-
#11910566	REDUCE cov: 835 ft: 2025 corp: 516/1570Kb lim: 65536 exec/s: 66169 rss: 992Mb L: 1158/64589 MS: 2 ChangeASCIIInt-EraseBytes-
#11911688	REDUCE cov: 835 ft: 2025 corp: 516/1570Kb lim: 65536 exec/s: 66176 rss: 993Mb L: 2446/64589 MS: 2 EraseBytes-ManualDict- DE: "SHA256"-
#11911979	REDUCE cov: 835 ft: 2025 corp: 516/1570Kb lim: 65536 exec/s: 66177 rss: 993Mb L: 2685/64589 MS: 1 EraseBytes-
#11912205	REDUCE cov: 835 ft: 2025 corp: 516/1570Kb lim: 65536 exec/s: 66178 rss: 993Mb L: 103/64589 MS: 1 EraseBytes-
#11912425	REDUCE cov: 835 ft: 2025 corp: 516/1569Kb lim: 65536 exec/s: 66180 rss: 993Mb L: 52630/64589 MS: 5 ChangeBinInt-ChangeBinInt-ShuffleBytes-ChangeByte-EraseBytes-
#11912621	REDUCE cov: 835 ft: 2025 corp: 516/1569Kb lim: 65536 exec/s: 66181 rss: 993Mb L: 2055/64589 MS: 1 EraseBytes-
#11912734	REDUCE cov: 835 ft: 2025 corp: 516/1569Kb lim: 65536 exec/s: 66181 rss: 993Mb L: 1020/64589 MS: 3 CopyPart-ChangeByte-EraseBytes-
#11912776	REDUCE cov: 835 ft: 2025 corp: 516/1569Kb lim: 65536 exec/s: 66182 rss: 993Mb L: 96/64589 MS: 2 PersAutoDict-EraseBytes- DE: "\002\000"-
#11913097	REDUCE cov: 835 ft: 2025 corp: 516/1569Kb lim: 65536 exec/s: 66183 rss: 993Mb L: 1549/64589 MS: 1 EraseBytes-
#11913269	REDUCE cov: 835 ft: 2025 corp: 516/1569Kb lim: 65536 exec/s: 66184 rss: 993Mb L: 893/64589 MS: 2 CMP-EraseBytes- DE: "\223FF\030"-
#11913823	REDUCE cov: 835 ft: 2025 corp: 516/1569Kb lim: 65536 exec/s: 66187 rss: 993Mb L: 534/64589 MS: 4 ChangeBit-ChangeBit-ChangeByte-EraseBytes-
#11914123	REDUCE cov: 835 ft: 2025 corp: 516/1568Kb lim: 65536 exec/s: 65823 rss: 993Mb L: 6148/64589 MS: 5 ManualDict-ShuffleBytes-ChangeByte-CMP-EraseBytes- DE: "AES-256-KW"-"\231\271\012|"-
#11914450	REDUCE cov: 835 ft: 2025 corp: 516/1568Kb lim: 65536 exec/s: 65825 rss: 993Mb L: 54519/64589 MS: 2 ChangeBit-EraseBytes-
#11914491	REDUCE cov: 835 ft: 2025 corp: 516/1566Kb lim: 65536 exec/s: 65825 rss: 993Mb L: 38082/64589 MS: 1 EraseBytes-
#11914831	REDUCE cov: 835 ft: 2025 corp: 516/1566Kb lim: 65536 exec/s: 65827 rss: 993Mb L: 3859/64589 MS: 5 ChangeBinInt-ShuffleBytes-ChangeBinInt-CMP-EraseBytes- DE: "U\035\021"-
#11914937	REDUCE cov: 835 ft: 2025 corp: 516/1566Kb lim: 65536 exec/s: 65828 rss: 993Mb L: 519/64589 MS: 1 EraseBytes-
#11914963	REDUCE cov: 835 ft: 2025 corp: 516/1566Kb lim: 65536 exec/s: 65828 rss: 993Mb L: 471/64589 MS: 1 EraseBytes-
#11915114	REDUCE cov: 835 ft: 2025 corp: 516/1565Kb lim: 65536 exec/s: 65829 rss: 993Mb L: 388/64589 MS: 1 EraseBytes-
#11915580	REDUCE cov: 835 ft: 2025 corp: 516/1565Kb lim: 65536 exec/s: 65831 rss: 993Mb L: 2125/64589 MS: 1 EraseBytes-
#11915726	REDUCE cov: 835 ft: 2025 corp: 516/1565Kb lim: 65536 exec/s: 65832 rss: 993Mb L: 287/64589 MS: 1 EraseBytes-
#11915997	REDUCE cov: 835 ft: 2025 corp: 516/1565Kb lim: 65536 exec/s: 65834 rss: 993Mb L: 304/64589 MS: 1 EraseBytes-
#11916793	REDUCE cov: 835 ft: 2025 corp: 516/1565Kb lim: 65536 exec/s: 65838 rss: 993Mb L: 522/64589 MS: 1 EraseBytes-
#11917184	REDUCE cov: 835 ft: 2025 corp: 516/1564Kb lim: 65536 exec/s: 65840 rss: 993Mb L: 4121/64589 MS: 1 EraseBytes-
#11917695	REDUCE cov: 835 ft: 2025 corp: 516/1564Kb lim: 65536 exec/s: 65843 rss: 993Mb L: 153/64589 MS: 1 EraseBytes-
#11917907	REDUCE cov: 835 ft: 2025 corp: 516/1564Kb lim: 65536 exec/s: 65844 rss: 993Mb L: 872/64589 MS: 2 InsertByte-EraseBytes-
#11918004	REDUCE cov: 835 ft: 2025 corp: 516/1562Kb lim: 65536 exec/s: 65845 rss: 994Mb L: 28107/64589 MS: 2 PersAutoDict-EraseBytes- DE: "DHM - Calculation of the DHM secret failed"-
#11918243	REDUCE cov: 835 ft: 2025 corp: 516/1562Kb lim: 65536 exec/s: 65484 rss: 994Mb L: 1229/64589 MS: 4 InsertRepeatedBytes-InsertRepeatedBytes-ChangeByte-EraseBytes-
#11919512	REDUCE cov: 835 ft: 2025 corp: 516/1562Kb lim: 65536 exec/s: 65491 rss: 994Mb L: 7633/64589 MS: 4 ChangeASCIIInt-CopyPart-InsertByte-EraseBytes-
#11919765	REDUCE cov: 835 ft: 2025 corp: 516/1562Kb lim: 65536 exec/s: 65493 rss: 994Mb L: 1099/64589 MS: 3 ManualDict-ManualDict-EraseBytes- DE: "server hello, session id len.: %"-"ARIA-128-CCM*-NO-TAG"-
#11919941	REDUCE cov: 835 ft: 2025 corp: 516/1562Kb lim: 65536 exec/s: 65494 rss: 994Mb L: 72/64589 MS: 1 EraseBytes-
#11920331	REDUCE cov: 835 ft: 2025 corp: 516/1561Kb lim: 65536 exec/s: 65496 rss: 994Mb L: 5093/64589 MS: 5 CopyPart-ChangeBit-InsertByte-EraseBytes-EraseBytes-
#11920424	REDUCE cov: 835 ft: 2025 corp: 516/1560Kb lim: 65536 exec/s: 65496 rss: 994Mb L: 7827/64589 MS: 3 ShuffleBytes-ManualDict-EraseBytes- DE: "ws2_32.lib"-
#11920535	REDUCE cov: 835 ft: 2025 corp: 516/1560Kb lim: 65536 exec/s: 65497 rss: 994Mb L: 306/64589 MS: 1 EraseBytes-
#11920827	REDUCE cov: 835 ft: 2025 corp: 516/1560Kb lim: 65536 exec/s: 65499 rss: 994Mb L: 1612/64589 MS: 2 ChangeASCIIInt-EraseBytes-
#11920914	REDUCE cov: 835 ft: 2025 corp: 516/1560Kb lim: 65536 exec/s: 65499 rss: 994Mb L: 783/64589 MS: 2 ChangeBinInt-EraseBytes-
#11921594	REDUCE cov: 835 ft: 2025 corp: 516/1560Kb lim: 65536 exec/s: 65145 rss: 994Mb L: 171/64589 MS: 5 CMP-CrossOver-ChangeBit-ShuffleBytes-EraseBytes- DE: "-----BEGIN CERTIFICATE-----"-
#11922624	REDUCE cov: 835 ft: 2025 corp: 516/1559Kb lim: 65536 exec/s: 65150 rss: 994Mb L: 51348/64589 MS: 5 InsertRepeatedBytes-ChangeASCIIInt-ChangeByte-CopyPart-EraseBytes-
#11922721	REDUCE cov: 835 ft: 2025 corp: 516/1559Kb lim: 65536 exec/s: 65151 rss: 994Mb L: 5722/64589 MS: 2 ChangeByte-EraseBytes-
#11923665	REDUCE cov: 835 ft: 2025 corp: 516/1559Kb lim: 65536 exec/s: 65156 rss: 994Mb L: 466/64589 MS: 4 ShuffleBytes-InsertByte-PersAutoDict-EraseBytes- DE: "\223FF\030"-
#11923821	REDUCE cov: 835 ft: 2025 corp: 516/1558Kb lim: 65536 exec/s: 65157 rss: 994Mb L: 9076/64589 MS: 1 EraseBytes-
#11924562	REDUCE cov: 835 ft: 2025 corp: 516/1558Kb lim: 65536 exec/s: 65161 rss: 994Mb L: 111/64589 MS: 1 EraseBytes-
#11925543	REDUCE cov: 835 ft: 2025 corp: 516/1552Kb lim: 65536 exec/s: 64812 rss: 994Mb L: 44360/64589 MS: 1 EraseBytes-
#11925795	REDUCE cov: 835 ft: 2025 corp: 516/1551Kb lim: 65536 exec/s: 64814 rss: 994Mb L: 993/64589 MS: 2 ChangeBinInt-EraseBytes-
#11925951	REDUCE cov: 835 ft: 2025 corp: 516/1551Kb lim: 65536 exec/s: 64814 rss: 994Mb L: 114/64589 MS: 1 EraseBytes-
#11926267	REDUCE cov: 835 ft: 2025 corp: 516/1551Kb lim: 65536 exec/s: 64816 rss: 994Mb L: 1100/64589 MS: 1 EraseBytes-
#11926484	REDUCE cov: 835 ft: 2025 corp: 516/1551Kb lim: 65536 exec/s: 64817 rss: 994Mb L: 249/64589 MS: 2 ShuffleBytes-EraseBytes-
#11926721	REDUCE cov: 835 ft: 2025 corp: 516/1551Kb lim: 65536 exec/s: 64819 rss: 994Mb L: 511/64589 MS: 2 InsertRepeatedBytes-EraseBytes-
#11926842	REDUCE cov: 835 ft: 2025 corp: 516/1551Kb lim: 65536 exec/s: 64819 rss: 994Mb L: 686/64589 MS: 1 EraseBytes-
#11926854	REDUCE cov: 835 ft: 2025 corp: 516/1551Kb lim: 65536 exec/s: 64819 rss: 994Mb L: 274/64589 MS: 2 ChangeByte-EraseBytes-
#11926915	REDUCE cov: 835 ft: 2025 corp: 516/1551Kb lim: 65536 exec/s: 64820 rss: 994Mb L: 6583/64589 MS: 1 EraseBytes-
#11927056	REDUCE cov: 835 ft: 2025 corp: 516/1551Kb lim: 65536 exec/s: 64820 rss: 994Mb L: 1054/64589 MS: 1 EraseBytes-
#11927057	REDUCE cov: 835 ft: 2025 corp: 516/1551Kb lim: 65536 exec/s: 64820 rss: 994Mb L: 359/64589 MS: 1 EraseBytes-
#11927378	REDUCE cov: 835 ft: 2025 corp: 516/1550Kb lim: 65536 exec/s: 64822 rss: 994Mb L: 3619/64589 MS: 1 EraseBytes-
#11927412	REDUCE cov: 835 ft: 2025 corp: 516/1548Kb lim: 65536 exec/s: 64822 rss: 994Mb L: 20778/64589 MS: 4 CopyPart-ChangeASCIIInt-ChangeByte-EraseBytes-
#11927662	REDUCE cov: 835 ft: 2025 corp: 516/1548Kb lim: 65536 exec/s: 64824 rss: 994Mb L: 341/64589 MS: 5 ChangeBit-ShuffleBytes-ChangeBit-ShuffleBytes-EraseBytes-
#11928523	REDUCE cov: 835 ft: 2025 corp: 516/1548Kb lim: 65536 exec/s: 64478 rss: 994Mb L: 636/64589 MS: 1 EraseBytes-
#11928788	REDUCE cov: 835 ft: 2025 corp: 516/1548Kb lim: 65536 exec/s: 64479 rss: 994Mb L: 440/64589 MS: 5 ManualDict-ShuffleBytes-InsertByte-ChangeBit-EraseBytes- DE: "F3E27F4DA8BD59C47D6DAABA4C8127BD"-
#11929209	REDUCE cov: 835 ft: 2025 corp: 516/1548Kb lim: 65536 exec/s: 64482 rss: 994Mb L: 1655/64589 MS: 1 EraseBytes-
#11929520	REDUCE cov: 835 ft: 2025 corp: 516/1548Kb lim: 65536 exec/s: 64483 rss: 994Mb L: 825/64589 MS: 1 EraseBytes-
#11929549	REDUCE cov: 835 ft: 2025 corp: 516/1547Kb lim: 65536 exec/s: 64484 rss: 994Mb L: 6816/64589 MS: 4 InsertByte-ChangeBinInt-PersAutoDict-EraseBytes- DE: "No assembly defined for mbedtls_get_unaligned_volatile_uint32"-
#11930391	REDUCE cov: 835 ft: 2025 corp: 516/1546Kb lim: 65536 exec/s: 64488 rss: 994Mb L: 6867/64589 MS: 2 PersAutoDict-EraseBytes- DE: "+m"-
#11930542	REDUCE cov: 835 ft: 2025 corp: 516/1546Kb lim: 65536 exec/s: 64489 rss: 994Mb L: 4056/64589 MS: 1 EraseBytes-
#11930873	REDUCE cov: 835 ft: 2025 corp: 516/1546Kb lim: 65536 exec/s: 64491 rss: 994Mb L: 438/64589 MS: 1 EraseBytes-
#11930897	NEW    cov: 835 ft: 2028 corp: 517/1609Kb lim: 65536 exec/s: 64491 rss: 994Mb L: 64904/64904 MS: 4 CrossOver-ChangeBit-InsertRepeatedBytes-CopyPart-
#11930973	REDUCE cov: 835 ft: 2028 corp: 517/1609Kb lim: 65536 exec/s: 64491 rss: 994Mb L: 29973/64904 MS: 1 EraseBytes-
#11931110	REDUCE cov: 835 ft: 2029 corp: 518/1609Kb lim: 65536 exec/s: 64492 rss: 994Mb L: 895/64904 MS: 2 ChangeByte-CopyPart-
#11931701	REDUCE cov: 835 ft: 2029 corp: 518/1609Kb lim: 65536 exec/s: 64148 rss: 994Mb L: 324/64904 MS: 1 EraseBytes-
#11931723	REDUCE cov: 835 ft: 2029 corp: 518/1609Kb lim: 65536 exec/s: 64149 rss: 994Mb L: 135/64904 MS: 2 ShuffleBytes-EraseBytes-
#11931806	REDUCE cov: 835 ft: 2029 corp: 518/1609Kb lim: 65536 exec/s: 64149 rss: 994Mb L: 8939/64904 MS: 3 CrossOver-EraseBytes-CopyPart-
#11931932	REDUCE cov: 835 ft: 2029 corp: 518/1608Kb lim: 65536 exec/s: 64150 rss: 994Mb L: 960/64904 MS: 1 EraseBytes-
#11932578	REDUCE cov: 835 ft: 2029 corp: 518/1608Kb lim: 65536 exec/s: 64153 rss: 994Mb L: 238/64904 MS: 1 EraseBytes-
#11932889	REDUCE cov: 835 ft: 2030 corp: 519/1641Kb lim: 65536 exec/s: 64155 rss: 994Mb L: 33183/64904 MS: 1 CopyPart-
#11933150	REDUCE cov: 835 ft: 2030 corp: 519/1641Kb lim: 65536 exec/s: 64156 rss: 994Mb L: 228/64904 MS: 1 EraseBytes-
#11933740	REDUCE cov: 835 ft: 2030 corp: 519/1640Kb lim: 65536 exec/s: 64159 rss: 994Mb L: 56845/64904 MS: 5 InsertByte-ShuffleBytes-ChangeByte-ChangeASCIIInt-EraseBytes-
#11934563	REDUCE cov: 835 ft: 2030 corp: 519/1640Kb lim: 65536 exec/s: 64164 rss: 994Mb L: 106/64904 MS: 3 ChangeBit-EraseBytes-CMP- DE: "-----END CERTIFICATE-----"-
#11935161	REDUCE cov: 835 ft: 2030 corp: 519/1640Kb lim: 65536 exec/s: 63824 rss: 994Mb L: 1726/64904 MS: 3 CopyPart-CopyPart-EraseBytes-
#11935282	REDUCE cov: 835 ft: 2030 corp: 519/1639Kb lim: 65536 exec/s: 63825 rss: 994Mb L: 4332/64904 MS: 1 EraseBytes-
#11935419	REDUCE cov: 835 ft: 2030 corp: 519/1639Kb lim: 65536 exec/s: 63825 rss: 994Mb L: 265/64904 MS: 2 ShuffleBytes-EraseBytes-
#11935500	REDUCE cov: 835 ft: 2033 corp: 520/1639Kb lim: 65536 exec/s: 63826 rss: 994Mb L: 222/64904 MS: 1 CopyPart-
#11936543	REDUCE cov: 835 ft: 2033 corp: 520/1639Kb lim: 65536 exec/s: 63831 rss: 994Mb L: 640/64904 MS: 3 PersAutoDict-ChangeBit-EraseBytes- DE: ") "-
#11936624	REDUCE cov: 835 ft: 2033 corp: 520/1639Kb lim: 65536 exec/s: 63832 rss: 994Mb L: 550/64904 MS: 1 EraseBytes-
#11937703	REDUCE cov: 835 ft: 2033 corp: 520/1639Kb lim: 65536 exec/s: 63837 rss: 994Mb L: 6380/64904 MS: 4 ChangeASCIIInt-CrossOver-InsertByte-EraseBytes-
#11937708	REDUCE cov: 835 ft: 2033 corp: 520/1638Kb lim: 65536 exec/s: 63838 rss: 994Mb L: 1491/64904 MS: 5 ChangeBit-PersAutoDict-InsertRepeatedBytes-ChangeByte-EraseBytes- DE: "DEK-Info: AES-192-CBC,"-
#11938061	REDUCE cov: 835 ft: 2033 corp: 520/1638Kb lim: 65536 exec/s: 63500 rss: 994Mb L: 3223/64904 MS: 3 ChangeBinInt-ManualDict-EraseBytes- DE: " (input), "-
#11938081	REDUCE cov: 835 ft: 2033 corp: 520/1638Kb lim: 65536 exec/s: 63500 rss: 994Mb L: 8944/64904 MS: 5 ManualDict-CrossOver-ManualDict-ManualDict-EraseBytes- DE: "ARIA-256-CFB128"-"0x40"-"mbedtls/hmac_drbg.h"-
#11938518	REDUCE cov: 835 ft: 2033 corp: 520/1638Kb lim: 65536 exec/s: 63502 rss: 994Mb L: 1043/64904 MS: 2 ManualDict-EraseBytes- DE: "mbedtls/ecdh.h"-
#11938824	REDUCE cov: 835 ft: 2033 corp: 520/1638Kb lim: 65536 exec/s: 63504 rss: 994Mb L: 1527/64904 MS: 1 EraseBytes-
#11939325	REDUCE cov: 835 ft: 2033 corp: 520/1637Kb lim: 65536 exec/s: 63507 rss: 994Mb L: 4120/64904 MS: 1 EraseBytes-
#11939328	REDUCE cov: 835 ft: 2033 corp: 520/1637Kb lim: 65536 exec/s: 63507 rss: 994Mb L: 2553/64904 MS: 3 InsertByte-PersAutoDict-EraseBytes- DE: ";\316<>'\322`K"-
#11939574	REDUCE cov: 835 ft: 2033 corp: 520/1637Kb lim: 65536 exec/s: 63508 rss: 994Mb L: 1019/64904 MS: 1 EraseBytes-
#11939748	REDUCE cov: 835 ft: 2033 corp: 520/1637Kb lim: 65536 exec/s: 63509 rss: 994Mb L: 3157/64904 MS: 4 ChangeASCIIInt-ShuffleBytes-InsertRepeatedBytes-EraseBytes-
#11940080	REDUCE cov: 835 ft: 2033 corp: 520/1637Kb lim: 65536 exec/s: 63511 rss: 994Mb L: 87/64904 MS: 2 InsertByte-EraseBytes-
#11940341	REDUCE cov: 835 ft: 2033 corp: 520/1636Kb lim: 65536 exec/s: 63512 rss: 994Mb L: 16205/64904 MS: 1 EraseBytes-
#11940517	REDUCE cov: 835 ft: 2034 corp: 521/1648Kb lim: 65536 exec/s: 63513 rss: 994Mb L: 12275/64904 MS: 1 CopyPart-
#11940684	REDUCE cov: 835 ft: 2034 corp: 521/1648Kb lim: 65536 exec/s: 63514 rss: 994Mb L: 400/64904 MS: 2 InsertByte-EraseBytes-
#11940735	REDUCE cov: 835 ft: 2034 corp: 521/1646Kb lim: 65536 exec/s: 63514 rss: 994Mb L: 10420/64904 MS: 1 EraseBytes-
#11940776	REDUCE cov: 835 ft: 2034 corp: 521/1646Kb lim: 65536 exec/s: 63514 rss: 994Mb L: 1698/64904 MS: 1 EraseBytes-
#11941022	REDUCE cov: 835 ft: 2034 corp: 521/1645Kb lim: 65536 exec/s: 63516 rss: 994Mb L: 1919/64904 MS: 1 EraseBytes-
#11941170	REDUCE cov: 835 ft: 2034 corp: 521/1645Kb lim: 65536 exec/s: 63516 rss: 994Mb L: 5047/64904 MS: 3 CMP-ShuffleBytes-EraseBytes- DE: "\002\000\000\000"-
#11941511	REDUCE cov: 835 ft: 2034 corp: 521/1645Kb lim: 65536 exec/s: 63182 rss: 994Mb L: 775/64904 MS: 1 EraseBytes-
#11941602	REDUCE cov: 835 ft: 2034 corp: 521/1645Kb lim: 65536 exec/s: 63183 rss: 994Mb L: 1182/64904 MS: 1 EraseBytes-
#11942388	REDUCE cov: 835 ft: 2034 corp: 521/1645Kb lim: 65536 exec/s: 63187 rss: 994Mb L: 423/64904 MS: 1 EraseBytes-
#11942639	REDUCE cov: 835 ft: 2034 corp: 521/1644Kb lim: 65536 exec/s: 63188 rss: 994Mb L: 5473/64904 MS: 1 EraseBytes-
#11942895	REDUCE cov: 835 ft: 2034 corp: 521/1644Kb lim: 65536 exec/s: 63189 rss: 994Mb L: 962/64904 MS: 1 EraseBytes-
#11943421	REDUCE cov: 835 ft: 2034 corp: 521/1644Kb lim: 65536 exec/s: 63192 rss: 994Mb L: 208/64904 MS: 1 EraseBytes-
#11943942	REDUCE cov: 835 ft: 2034 corp: 521/1641Kb lim: 65536 exec/s: 63195 rss: 994Mb L: 51544/64904 MS: 1 EraseBytes-
#11944065	REDUCE cov: 835 ft: 2034 corp: 521/1641Kb lim: 65536 exec/s: 63196 rss: 994Mb L: 7655/64904 MS: 3 ManualDict-ChangeByte-EraseBytes- DE: "0xD0"-
#11944322	REDUCE cov: 835 ft: 2034 corp: 521/1641Kb lim: 65536 exec/s: 63197 rss: 994Mb L: 975/64904 MS: 2 InsertByte-EraseBytes-
#11944653	REDUCE cov: 835 ft: 2034 corp: 521/1641Kb lim: 65536 exec/s: 62866 rss: 994Mb L: 466/64904 MS: 1 EraseBytes-
#11944712	REDUCE cov: 835 ft: 2034 corp: 521/1640Kb lim: 65536 exec/s: 62866 rss: 994Mb L: 1033/64904 MS: 4 ChangeBinInt-InsertByte-ManualDict-EraseBytes- DE: "UNKNOWN_VALUE"-
#11945054	REDUCE cov: 835 ft: 2034 corp: 521/1640Kb lim: 65536 exec/s: 62868 rss: 994Mb L: 6734/64904 MS: 2 ChangeBinInt-EraseBytes-
#11945580	REDUCE cov: 835 ft: 2034 corp: 521/1640Kb lim: 65536 exec/s: 62871 rss: 994Mb L: 426/64904 MS: 1 EraseBytes-
#11946101	REDUCE cov: 835 ft: 2034 corp: 521/1640Kb lim: 65536 exec/s: 62874 rss: 994Mb L: 44118/64904 MS: 1 EraseBytes-
#11946308	REDUCE cov: 835 ft: 2034 corp: 521/1640Kb lim: 65536 exec/s: 62875 rss: 994Mb L: 1031/64904 MS: 2 CopyPart-EraseBytes-
#11946355	REDUCE cov: 835 ft: 2034 corp: 521/1640Kb lim: 65536 exec/s: 62875 rss: 994Mb L: 2959/64904 MS: 2 ChangeBit-EraseBytes-
#11946487	REDUCE cov: 835 ft: 2034 corp: 521/1639Kb lim: 65536 exec/s: 62876 rss: 994Mb L: 6351/64904 MS: 2 ChangeBinInt-EraseBytes-
#11946573	REDUCE cov: 835 ft: 2034 corp: 521/1638Kb lim: 65536 exec/s: 62876 rss: 994Mb L: 9572/64904 MS: 1 EraseBytes-
#11946691	REDUCE cov: 835 ft: 2034 corp: 521/1638Kb lim: 65536 exec/s: 62877 rss: 994Mb L: 6032/64904 MS: 3 ChangeBinInt-CopyPart-EraseBytes-
#11946902	REDUCE cov: 835 ft: 2034 corp: 521/1638Kb lim: 65536 exec/s: 62878 rss: 994Mb L: 112/64904 MS: 1 EraseBytes-
#11947573	REDUCE cov: 835 ft: 2034 corp: 521/1638Kb lim: 65536 exec/s: 62552 rss: 994Mb L: 273/64904 MS: 1 EraseBytes-
#11948069	REDUCE cov: 835 ft: 2034 corp: 521/1638Kb lim: 65536 exec/s: 62555 rss: 994Mb L: 200/64904 MS: 1 EraseBytes-
#11948175	REDUCE cov: 835 ft: 2034 corp: 521/1637Kb lim: 65536 exec/s: 62555 rss: 994Mb L: 1146/64904 MS: 1 EraseBytes-
#11948262	REDUCE cov: 835 ft: 2034 corp: 521/1637Kb lim: 65536 exec/s: 62556 rss: 994Mb L: 1007/64904 MS: 2 ShuffleBytes-EraseBytes-
#11948288	REDUCE cov: 835 ft: 2034 corp: 521/1637Kb lim: 65536 exec/s: 62556 rss: 994Mb L: 182/64904 MS: 1 EraseBytes-
#11948612	REDUCE cov: 835 ft: 2034 corp: 521/1637Kb lim: 65536 exec/s: 62558 rss: 994Mb L: 29947/64904 MS: 4 ChangeBit-InsertByte-CopyPart-EraseBytes-
#11949309	REDUCE cov: 835 ft: 2034 corp: 521/1637Kb lim: 65536 exec/s: 62561 rss: 994Mb L: 227/64904 MS: 2 InsertRepeatedBytes-EraseBytes-
#11949781	REDUCE cov: 835 ft: 2034 corp: 521/1636Kb lim: 65536 exec/s: 62564 rss: 994Mb L: 21926/64904 MS: 2 CMP-EraseBytes- DE: "\\\357fH"-
#11950242	REDUCE cov: 835 ft: 2034 corp: 521/1636Kb lim: 65536 exec/s: 62240 rss: 994Mb L: 3804/64904 MS: 1 EraseBytes-
#11950283	REDUCE cov: 835 ft: 2034 corp: 521/1636Kb lim: 65536 exec/s: 62241 rss: 994Mb L: 1724/64904 MS: 1 EraseBytes-
#11950304	REDUCE cov: 835 ft: 2034 corp: 521/1635Kb lim: 65536 exec/s: 62241 rss: 994Mb L: 3089/64904 MS: 1 EraseBytes-
#11950630	REDUCE cov: 835 ft: 2034 corp: 521/1635Kb lim: 65536 exec/s: 62242 rss: 994Mb L: 148/64904 MS: 1 EraseBytes-
#11950787	REDUCE cov: 835 ft: 2034 corp: 521/1628Kb lim: 65536 exec/s: 62243 rss: 994Mb L: 22150/64904 MS: 2 PersAutoDict-EraseBytes- DE: "AES-256-GCM"-
#11951351	REDUCE cov: 835 ft: 2034 corp: 521/1628Kb lim: 65536 exec/s: 62246 rss: 994Mb L: 2154/64904 MS: 4 InsertByte-InsertByte-CMP-EraseBytes- DE: "\001\012"-
#11951592	REDUCE cov: 835 ft: 2034 corp: 521/1626Kb lim: 65536 exec/s: 62247 rss: 994Mb L: 8378/64904 MS: 1 EraseBytes-
#11952185	REDUCE cov: 835 ft: 2034 corp: 521/1626Kb lim: 65536 exec/s: 62250 rss: 994Mb L: 1771/64904 MS: 3 ShuffleBytes-ChangeByte-EraseBytes-
#11952446	NEW    cov: 835 ft: 2035 corp: 522/1638Kb lim: 65536 exec/s: 62252 rss: 994Mb L: 12275/64904 MS: 1 CopyPart-
#11952686	REDUCE cov: 835 ft: 2035 corp: 522/1634Kb lim: 65536 exec/s: 62253 rss: 994Mb L: 4538/64904 MS: 5 EraseBytes-ChangeBit-InsertRepeatedBytes-CopyPart-CopyPart-
#11953666	REDUCE cov: 835 ft: 2036 corp: 523/1645Kb lim: 65536 exec/s: 61936 rss: 994Mb L: 10913/64904 MS: 5 CMP-CopyPart-CMP-ChangeASCIIInt-CopyPart- DE: "-----BEGIN CERTIFICATE-----"-"\376\377\356\324"-
#11953827	REDUCE cov: 835 ft: 2036 corp: 523/1645Kb lim: 65536 exec/s: 61936 rss: 994Mb L: 391/64904 MS: 1 EraseBytes-
#11954088	REDUCE cov: 835 ft: 2036 corp: 523/1645Kb lim: 65536 exec/s: 61938 rss: 994Mb L: 12082/64904 MS: 1 EraseBytes-
#11954628	REDUCE cov: 835 ft: 2036 corp: 523/1645Kb lim: 65536 exec/s: 61941 rss: 994Mb L: 12056/64904 MS: 5 CopyPart-PersAutoDict-PersAutoDict-CopyPart-EraseBytes- DE: "\342\340;\006"-"g*+\031"-
#11955369	REDUCE cov: 835 ft: 2036 corp: 523/1645Kb lim: 65536 exec/s: 61944 rss: 994Mb L: 1888/64904 MS: 1 EraseBytes-
#11955570	REDUCE cov: 835 ft: 2036 corp: 523/1645Kb lim: 65536 exec/s: 61945 rss: 994Mb L: 77/64904 MS: 1 EraseBytes-
#11955641	REDUCE cov: 835 ft: 2036 corp: 523/1645Kb lim: 65536 exec/s: 61946 rss: 994Mb L: 113/64904 MS: 1 EraseBytes-
#11955900	REDUCE cov: 835 ft: 2036 corp: 523/1644Kb lim: 65536 exec/s: 61947 rss: 994Mb L: 774/64904 MS: 4 InsertByte-ManualDict-PersAutoDict-EraseBytes- DE: "ARIA-256-CFB128"-"\012\000"-
#11956248	REDUCE cov: 835 ft: 2036 corp: 523/1644Kb lim: 65536 exec/s: 61949 rss: 994Mb L: 10197/64904 MS: 3 ChangeASCIIInt-InsertRepeatedBytes-EraseBytes-
#11956367	REDUCE cov: 835 ft: 2036 corp: 523/1642Kb lim: 65536 exec/s: 61950 rss: 994Mb L: 8626/64904 MS: 4 PersAutoDict-PersAutoDict-ShuffleBytes-EraseBytes- DE: "SEQUENCE OF <tag>"-"DES-CBC"-
#11956428	REDUCE cov: 835 ft: 2036 corp: 523/1642Kb lim: 65536 exec/s: 61950 rss: 994Mb L: 407/64904 MS: 1 EraseBytes-
#11956437	REDUCE cov: 835 ft: 2037 corp: 524/1663Kb lim: 65536 exec/s: 61950 rss: 994Mb L: 21338/64904 MS: 4 InsertRepeatedBytes-InsertRepeatedBytes-InsertRepeatedBytes-CopyPart-
#11956669	REDUCE cov: 835 ft: 2037 corp: 524/1663Kb lim: 65536 exec/s: 61632 rss: 994Mb L: 1694/64904 MS: 2 ShuffleBytes-EraseBytes-
#11956691	REDUCE cov: 835 ft: 2037 corp: 524/1663Kb lim: 65536 exec/s: 61632 rss: 994Mb L: 69/64904 MS: 2 ChangeBinInt-EraseBytes-
#11956957	REDUCE cov: 835 ft: 2037 corp: 524/1663Kb lim: 65536 exec/s: 61633 rss: 994Mb L: 117/64904 MS: 1 EraseBytes-
#11957993	NEW    cov: 835 ft: 2038 corp: 525/1698Kb lim: 65536 exec/s: 61639 rss: 994Mb L: 36245/64904 MS: 1 CopyPart-
#11958492	REDUCE cov: 835 ft: 2039 corp: 526/1721Kb lim: 65536 exec/s: 61641 rss: 994Mb L: 23308/64904 MS: 4 CopyPart-ChangeASCIIInt-EraseBytes-CopyPart-
#11958540	REDUCE cov: 835 ft: 2039 corp: 526/1720Kb lim: 65536 exec/s: 61641 rss: 994Mb L: 2090/64904 MS: 3 InsertByte-ChangeBit-EraseBytes-
#11958681	REDUCE cov: 835 ft: 2039 corp: 526/1720Kb lim: 65536 exec/s: 61642 rss: 994Mb L: 7257/64904 MS: 1 EraseBytes-
#11958689	REDUCE cov: 835 ft: 2040 corp: 527/1720Kb lim: 65536 exec/s: 61642 rss: 994Mb L: 265/64904 MS: 3 ChangeByte-ChangeByte-CrossOver-
#11958766	REDUCE cov: 835 ft: 2040 corp: 527/1720Kb lim: 65536 exec/s: 61643 rss: 994Mb L: 11676/64904 MS: 2 PersAutoDict-EraseBytes- DE: "Proc-Type: 4,ENCRYPTED"-
#11958848	REDUCE cov: 835 ft: 2040 corp: 527/1720Kb lim: 65536 exec/s: 61643 rss: 994Mb L: 611/64904 MS: 2 ShuffleBytes-EraseBytes-
#11958954	REDUCE cov: 835 ft: 2040 corp: 527/1720Kb lim: 65536 exec/s: 61644 rss: 994Mb L: 85/64904 MS: 1 EraseBytes-
#11959380	REDUCE cov: 835 ft: 2040 corp: 527/1717Kb lim: 65536 exec/s: 61646 rss: 994Mb L: 20511/64904 MS: 1 EraseBytes-
#11959676	REDUCE cov: 835 ft: 2040 corp: 527/1717Kb lim: 65536 exec/s: 61647 rss: 994Mb L: 221/64904 MS: 1 EraseBytes-
#11960081	NEW    cov: 836 ft: 2041 corp: 528/1723Kb lim: 65536 exec/s: 61649 rss: 994Mb L: 6414/64904 MS: 5 ChangeByte-CMP-EraseBytes-CrossOver-CMP- DE: "\377\377\377\324"-"DEK-Info: AES-192-CBC,"-
#11960398	REDUCE cov: 836 ft: 2041 corp: 528/1722Kb lim: 65536 exec/s: 61335 rss: 994Mb L: 35357/64904 MS: 2 ChangeBit-EraseBytes-
#11960411	REDUCE cov: 836 ft: 2041 corp: 528/1722Kb lim: 65536 exec/s: 61335 rss: 994Mb L: 2947/64904 MS: 3 InsertByte-ChangeByte-EraseBytes-
#11960477	REDUCE cov: 836 ft: 2041 corp: 528/1722Kb lim: 65536 exec/s: 61335 rss: 994Mb L: 307/64904 MS: 1 EraseBytes-
#11960676	REDUCE cov: 836 ft: 2041 corp: 528/1722Kb lim: 65536 exec/s: 61336 rss: 994Mb L: 1748/64904 MS: 4 CMP-ChangeBinInt-InsertByte-EraseBytes- DE: "Proc-Type: 3,ENCRYPTED"-
#11960877	REDUCE cov: 836 ft: 2041 corp: 528/1721Kb lim: 65536 exec/s: 61337 rss: 994Mb L: 11396/64904 MS: 1 EraseBytes-
#11961074	REDUCE cov: 836 ft: 2041 corp: 528/1720Kb lim: 65536 exec/s: 61338 rss: 994Mb L: 21039/64904 MS: 2 ChangeASCIIInt-EraseBytes-
#11961216	REDUCE cov: 836 ft: 2041 corp: 528/1720Kb lim: 65536 exec/s: 61339 rss: 994Mb L: 10148/64904 MS: 2 ChangeBit-EraseBytes-
#11961361	REDUCE cov: 836 ft: 2041 corp: 528/1720Kb lim: 65536 exec/s: 61340 rss: 994Mb L: 6233/64904 MS: 5 ChangeByte-ChangeByte-ChangeBit-ManualDict-EraseBytes- DE: "peer has no certificate"-
#11961406	REDUCE cov: 836 ft: 2041 corp: 528/1719Kb lim: 65536 exec/s: 61340 rss: 994Mb L: 19704/64904 MS: 5 InsertRepeatedBytes-ChangeBinInt-ManualDict-InsertByte-EraseBytes- DE: "mbedtls/ecp.h"-
#11961717	REDUCE cov: 836 ft: 2041 corp: 528/1719Kb lim: 65536 exec/s: 61342 rss: 994Mb L: 1615/64904 MS: 1 EraseBytes-
#11961719	REDUCE cov: 836 ft: 2041 corp: 528/1718Kb lim: 65536 exec/s: 61342 rss: 994Mb L: 5712/64904 MS: 2 ManualDict-EraseBytes- DE: " bytes) failed"-
#11961990	REDUCE cov: 836 ft: 2041 corp: 528/1718Kb lim: 65536 exec/s: 61343 rss: 994Mb L: 1656/64904 MS: 1 EraseBytes-
#11961996	REDUCE cov: 836 ft: 2042 corp: 529/1718Kb lim: 65536 exec/s: 61343 rss: 994Mb L: 541/64904 MS: 1 CopyPart-
#11962133	REDUCE cov: 836 ft: 2042 corp: 529/1718Kb lim: 65536 exec/s: 61344 rss: 994Mb L: 11120/64904 MS: 2 ChangeBit-EraseBytes-
#11962159	REDUCE cov: 836 ft: 2042 corp: 529/1718Kb lim: 65536 exec/s: 61344 rss: 994Mb L: 306/64904 MS: 1 EraseBytes-
#11962194	REDUCE cov: 836 ft: 2042 corp: 529/1718Kb lim: 65536 exec/s: 61344 rss: 994Mb L: 735/64904 MS: 5 ChangeBinInt-ChangeBinInt-ChangeBit-ShuffleBytes-EraseBytes-
#11962295	REDUCE cov: 836 ft: 2042 corp: 529/1718Kb lim: 65536 exec/s: 61345 rss: 994Mb L: 621/64904 MS: 1 EraseBytes-
#11962439	REDUCE cov: 836 ft: 2042 corp: 529/1718Kb lim: 65536 exec/s: 61345 rss: 994Mb L: 1473/64904 MS: 4 InsertByte-ChangeASCIIInt-EraseBytes-CopyPart-
#11963311	REDUCE cov: 836 ft: 2042 corp: 529/1718Kb lim: 65536 exec/s: 61037 rss: 994Mb L: 4389/64904 MS: 2 ManualDict-EraseBytes- DE: "AES-128-KWP"-
#11963586	REDUCE cov: 836 ft: 2042 corp: 529/1717Kb lim: 65536 exec/s: 61038 rss: 994Mb L: 4499/64904 MS: 5 PersAutoDict-PersAutoDict-ManualDict-ChangeByte-EraseBytes- DE: "\377\377\377\377\376\377\377\377"-"encrypted extensions"-", maximum %"-
#11963812	REDUCE cov: 836 ft: 2042 corp: 529/1716Kb lim: 65536 exec/s: 61039 rss: 994Mb L: 21057/64904 MS: 1 EraseBytes-
#11963819	REDUCE cov: 836 ft: 2043 corp: 530/1717Kb lim: 65536 exec/s: 61039 rss: 994Mb L: 230/64904 MS: 2 InsertByte-PersAutoDict- DE: "\377\377\377\377\377\377\377\377"-
#11963885	REDUCE cov: 836 ft: 2043 corp: 530/1716Kb lim: 65536 exec/s: 61040 rss: 994Mb L: 4372/64904 MS: 1 EraseBytes-
#11964204	REDUCE cov: 836 ft: 2043 corp: 530/1716Kb lim: 65536 exec/s: 61041 rss: 994Mb L: 1242/64904 MS: 4 CMP-ChangeByte-ManualDict-EraseBytes- DE: "-----BEGIN CERTIFICATE-----"-"client hello extensions"-
#11964310	REDUCE cov: 836 ft: 2043 corp: 530/1712Kb lim: 65536 exec/s: 61042 rss: 994Mb L: 31389/64904 MS: 1 EraseBytes-
#11964426	REDUCE cov: 836 ft: 2044 corp: 531/1723Kb lim: 65536 exec/s: 61042 rss: 994Mb L: 10641/64904 MS: 1 CopyPart-
#11964658	REDUCE cov: 836 ft: 2044 corp: 531/1722Kb lim: 65536 exec/s: 61044 rss: 994Mb L: 10182/64904 MS: 2 InsertByte-EraseBytes-
#11964779	REDUCE cov: 836 ft: 2044 corp: 531/1722Kb lim: 65536 exec/s: 61044 rss: 994Mb L: 4199/64904 MS: 1 EraseBytes-
#11964860	REDUCE cov: 836 ft: 2045 corp: 532/1737Kb lim: 65536 exec/s: 61045 rss: 994Mb L: 15406/64904 MS: 1 CopyPart-
#11964956	REDUCE cov: 836 ft: 2045 corp: 532/1736Kb lim: 65536 exec/s: 61045 rss: 994Mb L: 3357/64904 MS: 1 EraseBytes-
#11965084	REDUCE cov: 836 ft: 2045 corp: 532/1735Kb lim: 65536 exec/s: 61046 rss: 994Mb L: 8623/64904 MS: 3 ChangeBit-CopyPart-EraseBytes-
#11965105	REDUCE cov: 836 ft: 2045 corp: 532/1735Kb lim: 65536 exec/s: 61046 rss: 994Mb L: 160/64904 MS: 1 EraseBytes-
#11965362	REDUCE cov: 836 ft: 2045 corp: 532/1734Kb lim: 65536 exec/s: 61047 rss: 994Mb L: 7716/64904 MS: 2 ChangeBinInt-EraseBytes-
#11965376	REDUCE cov: 836 ft: 2045 corp: 532/1734Kb lim: 65536 exec/s: 61047 rss: 994Mb L: 148/64904 MS: 4 ManualDict-ChangeBinInt-ChangeASCIIInt-EraseBytes- DE: "000000000000000000000000000000000000000000000001"-
#11965432	REDUCE cov: 836 ft: 2045 corp: 532/1734Kb lim: 65536 exec/s: 61048 rss: 994Mb L: 209/64904 MS: 1 EraseBytes-
#11965479	REDUCE cov: 836 ft: 2045 corp: 532/1734Kb lim: 65536 exec/s: 61048 rss: 994Mb L: 104/64904 MS: 2 ChangeBinInt-EraseBytes-
#11965601	REDUCE cov: 836 ft: 2045 corp: 532/1731Kb lim: 65536 exec/s: 61048 rss: 994Mb L: 35028/64904 MS: 2 InsertRepeatedBytes-EraseBytes-
#11965709	NEW    cov: 836 ft: 2046 corp: 533/1751Kb lim: 65536 exec/s: 61049 rss: 994Mb L: 20293/64904 MS: 3 CopyPart-ChangeByte-PersAutoDict- DE: "=\000\000\000\000\000\000\000"-
#11965826	REDUCE cov: 836 ft: 2046 corp: 533/1750Kb lim: 65536 exec/s: 61050 rss: 994Mb L: 6771/64904 MS: 2 ChangeASCIIInt-EraseBytes-
#11966388	REDUCE cov: 836 ft: 2046 corp: 533/1750Kb lim: 65536 exec/s: 60743 rss: 994Mb L: 209/64904 MS: 2 CopyPart-EraseBytes-
#11966809	NEW    cov: 836 ft: 2047 corp: 534/1750Kb lim: 65536 exec/s: 60745 rss: 994Mb L: 381/64904 MS: 1 CopyPart-
#11966826	REDUCE cov: 836 ft: 2047 corp: 534/1750Kb lim: 65536 exec/s: 60745 rss: 994Mb L: 1404/64904 MS: 2 ManualDict-EraseBytes- DE: "14"-
#11967005	REDUCE cov: 836 ft: 2047 corp: 534/1749Kb lim: 65536 exec/s: 60746 rss: 994Mb L: 6154/64904 MS: 4 ChangeByte-ManualDict-ChangeASCIIInt-EraseBytes- DE: "mbedtls/md.h"-
#11967333	REDUCE cov: 836 ft: 2047 corp: 534/1749Kb lim: 65536 exec/s: 60747 rss: 994Mb L: 5655/64904 MS: 3 ChangeASCIIInt-PersAutoDict-EraseBytes- DE: "CAMELLIA-192-CCM"-
#11967509	REDUCE cov: 836 ft: 2047 corp: 534/1748Kb lim: 65536 exec/s: 60748 rss: 994Mb L: 5546/64904 MS: 1 EraseBytes-
#11968072	REDUCE cov: 836 ft: 2047 corp: 534/1747Kb lim: 65536 exec/s: 60751 rss: 994Mb L: 10168/64904 MS: 3 InsertByte-ChangeASCIIInt-EraseBytes-
#11968103	REDUCE cov: 836 ft: 2047 corp: 534/1746Kb lim: 65536 exec/s: 60751 rss: 994Mb L: 2853/64904 MS: 1 EraseBytes-
#11968151	REDUCE cov: 836 ft: 2047 corp: 534/1746Kb lim: 65536 exec/s: 60752 rss: 994Mb L: 5422/64904 MS: 3 CrossOver-ChangeBit-EraseBytes-
#11968563	REDUCE cov: 836 ft: 2047 corp: 534/1746Kb lim: 65536 exec/s: 60754 rss: 994Mb L: 273/64904 MS: 2 InsertByte-EraseBytes-
#11968655	REDUCE cov: 836 ft: 2047 corp: 534/1746Kb lim: 65536 exec/s: 60754 rss: 994Mb L: 861/64904 MS: 2 CopyPart-EraseBytes-
#11968801	REDUCE cov: 836 ft: 2047 corp: 534/1746Kb lim: 65536 exec/s: 60755 rss: 994Mb L: 169/64904 MS: 1 EraseBytes-
#11969400	REDUCE cov: 836 ft: 2047 corp: 534/1746Kb lim: 65536 exec/s: 60758 rss: 995Mb L: 11782/64904 MS: 4 ChangeByte-InsertByte-ManualDict-EraseBytes- DE: "mbedtls/pem.h"-
#11969427	REDUCE cov: 836 ft: 2047 corp: 534/1745Kb lim: 65536 exec/s: 60758 rss: 995Mb L: 3496/64904 MS: 2 ChangeByte-EraseBytes-
#11969521	REDUCE cov: 836 ft: 2047 corp: 534/1744Kb lim: 65536 exec/s: 60452 rss: 995Mb L: 4949/64904 MS: 4 ManualDict-PersAutoDict-CopyPart-EraseBytes- DE: "DHM - Setting the modulus and generator failed"-"DHM - Calculation of the DHM secret failed"-
#11970339	REDUCE cov: 836 ft: 2047 corp: 534/1744Kb lim: 65536 exec/s: 60456 rss: 995Mb L: 248/64904 MS: 3 ChangeASCIIInt-ShuffleBytes-EraseBytes-
#11970367	REDUCE cov: 836 ft: 2047 corp: 534/1744Kb lim: 65536 exec/s: 60456 rss: 995Mb L: 5232/64904 MS: 3 InsertByte-ChangeBinInt-EraseBytes-
#11970448	REDUCE cov: 836 ft: 2048 corp: 535/1744Kb lim: 65536 exec/s: 60456 rss: 995Mb L: 215/64904 MS: 1 EraseBytes-
#11970489	NEW    cov: 836 ft: 2049 corp: 536/1745Kb lim: 65536 exec/s: 60457 rss: 995Mb L: 381/64904 MS: 1 ManualDict- DE: "msglen (%"-
#11970628	REDUCE cov: 836 ft: 2049 corp: 536/1739Kb lim: 65536 exec/s: 60457 rss: 995Mb L: 14634/64904 MS: 4 ChangeBinInt-ChangeByte-ManualDict-EraseBytes- DE: "before encrypt: msglen = %"-
#11970649	REDUCE cov: 836 ft: 2049 corp: 536/1739Kb lim: 65536 exec/s: 60457 rss: 995Mb L: 4962/64904 MS: 1 EraseBytes-
#11970806	REDUCE cov: 836 ft: 2049 corp: 536/1737Kb lim: 65536 exec/s: 60458 rss: 995Mb L: 3086/64904 MS: 2 CopyPart-EraseBytes-
#11970947	REDUCE cov: 836 ft: 2049 corp: 536/1737Kb lim: 65536 exec/s: 60459 rss: 995Mb L: 15984/64904 MS: 1 EraseBytes-
#11971460	REDUCE cov: 836 ft: 2049 corp: 536/1737Kb lim: 65536 exec/s: 60461 rss: 996Mb L: 10087/64904 MS: 3 CrossOver-InsertRepeatedBytes-EraseBytes-
#11971497	REDUCE cov: 836 ft: 2049 corp: 536/1736Kb lim: 65536 exec/s: 60462 rss: 996Mb L: 20579/64904 MS: 2 CMP-EraseBytes- DE: "DEK-Info: AES-192-CBC,"-
#11971833	REDUCE cov: 836 ft: 2049 corp: 536/1736Kb lim: 65536 exec/s: 60463 rss: 996Mb L: 84/64904 MS: 1 EraseBytes-
#11971849	REDUCE cov: 836 ft: 2049 corp: 536/1734Kb lim: 65536 exec/s: 60463 rss: 996Mb L: 13411/64904 MS: 1 EraseBytes-
#11972135	REDUCE cov: 836 ft: 2050 corp: 537/1780Kb lim: 65536 exec/s: 60465 rss: 996Mb L: 46862/64904 MS: 1 CopyPart-
#11972142	NEW    cov: 836 ft: 2051 corp: 538/1781Kb lim: 65536 exec/s: 60465 rss: 996Mb L: 606/64904 MS: 2 PersAutoDict-CopyPart- DE: "\377\377\377\031"-
#11972548	REDUCE cov: 836 ft: 2051 corp: 538/1781Kb lim: 65536 exec/s: 60467 rss: 996Mb L: 103/64904 MS: 1 EraseBytes-
#11972566	REDUCE cov: 836 ft: 2051 corp: 538/1781Kb lim: 65536 exec/s: 60467 rss: 996Mb L: 8425/64904 MS: 3 InsertByte-ChangeByte-EraseBytes-
#11973384	REDUCE cov: 836 ft: 2051 corp: 538/1780Kb lim: 65536 exec/s: 60167 rss: 997Mb L: 9275/64904 MS: 3 InsertByte-ShuffleBytes-EraseBytes-
#11973414	REDUCE cov: 836 ft: 2051 corp: 538/1780Kb lim: 65536 exec/s: 60167 rss: 997Mb L: 27782/64904 MS: 5 InsertRepeatedBytes-CMP-ShuffleBytes-ChangeByte-EraseBytes- DE: "-----END CERTIFICATE-----"-
#11973547	REDUCE cov: 836 ft: 2051 corp: 538/1778Kb lim: 65536 exec/s: 60168 rss: 997Mb L: 12848/64904 MS: 3 InsertRepeatedBytes-ChangeASCIIInt-EraseBytes-
#11973611	REDUCE cov: 836 ft: 2051 corp: 538/1778Kb lim: 65536 exec/s: 60168 rss: 997Mb L: 18551/64904 MS: 4 ShuffleBytes-InsertByte-ShuffleBytes-EraseBytes-
#11973752	REDUCE cov: 836 ft: 2051 corp: 538/1778Kb lim: 65536 exec/s: 60169 rss: 997Mb L: 15140/64904 MS: 1 EraseBytes-
#11974216	REDUCE cov: 836 ft: 2051 corp: 538/1777Kb lim: 65536 exec/s: 60171 rss: 997Mb L: 30917/64904 MS: 4 PersAutoDict-InsertRepeatedBytes-ManualDict-EraseBytes- DE: ";\316<>'\322`K"-"SN"-
#11974608	REDUCE cov: 836 ft: 2051 corp: 538/1776Kb lim: 65536 exec/s: 60173 rss: 997Mb L: 12252/64904 MS: 2 InsertByte-EraseBytes-
#11974948	REDUCE cov: 836 ft: 2051 corp: 538/1775Kb lim: 65536 exec/s: 60175 rss: 997Mb L: 6685/64904 MS: 5 ChangeBit-InsertRepeatedBytes-ChangeBit-ManualDict-EraseBytes- DE: "extended master secret"-
#11974957	REDUCE cov: 836 ft: 2051 corp: 538/1775Kb lim: 65536 exec/s: 60175 rss: 997Mb L: 1654/64904 MS: 4 ShuffleBytes-ChangeBinInt-ShuffleBytes-EraseBytes-
#11975426	REDUCE cov: 836 ft: 2051 corp: 538/1775Kb lim: 65536 exec/s: 60178 rss: 997Mb L: 3166/64904 MS: 4 ChangeBinInt-ChangeBit-ChangeByte-EraseBytes-
#11975953	REDUCE cov: 836 ft: 2051 corp: 538/1774Kb lim: 65536 exec/s: 60180 rss: 997Mb L: 18944/64904 MS: 2 PersAutoDict-EraseBytes- DE: "<= parse new session ticket"-
#11975959	REDUCE cov: 836 ft: 2051 corp: 538/1774Kb lim: 65536 exec/s: 60180 rss: 997Mb L: 201/64904 MS: 1 EraseBytes-
#11976145	REDUCE cov: 836 ft: 2051 corp: 538/1764Kb lim: 65536 exec/s: 60181 rss: 997Mb L: 36218/64904 MS: 1 EraseBytes-
#11976357	REDUCE cov: 836 ft: 2051 corp: 538/1763Kb lim: 65536 exec/s: 60182 rss: 997Mb L: 4095/64904 MS: 2 ShuffleBytes-EraseBytes-
#11976488	REDUCE cov: 836 ft: 2051 corp: 538/1763Kb lim: 65536 exec/s: 60183 rss: 997Mb L: 12209/64904 MS: 1 EraseBytes-
#11976758	REDUCE cov: 836 ft: 2051 corp: 538/1762Kb lim: 65536 exec/s: 59883 rss: 997Mb L: 3066/64904 MS: 5 ChangeByte-CopyPart-ChangeASCIIInt-PersAutoDict-EraseBytes- DE: "\001\000\000\000\000\000\013\233"-
#11977286	REDUCE cov: 836 ft: 2051 corp: 538/1762Kb lim: 65536 exec/s: 59886 rss: 997Mb L: 381/64904 MS: 3 ChangeASCIIInt-PersAutoDict-EraseBytes- DE: "0x10"-
#11977295	REDUCE cov: 836 ft: 2051 corp: 538/1761Kb lim: 65536 exec/s: 59886 rss: 997Mb L: 10539/64904 MS: 4 ShuffleBytes-CrossOver-CrossOver-EraseBytes-
#11977432	REDUCE cov: 836 ft: 2051 corp: 538/1761Kb lim: 65536 exec/s: 59887 rss: 997Mb L: 8875/64904 MS: 2 ChangeASCIIInt-EraseBytes-
#11977933	REDUCE cov: 836 ft: 2051 corp: 538/1760Kb lim: 65536 exec/s: 59889 rss: 997Mb L: 3963/64904 MS: 1 EraseBytes-
#11978119	REDUCE cov: 836 ft: 2051 corp: 538/1760Kb lim: 65536 exec/s: 59890 rss: 997Mb L: 1399/64904 MS: 1 EraseBytes-
#11978445	REDUCE cov: 836 ft: 2051 corp: 538/1760Kb lim: 65536 exec/s: 59892 rss: 998Mb L: 2149/64904 MS: 1 EraseBytes-
#11978492	REDUCE cov: 836 ft: 2051 corp: 538/1759Kb lim: 65536 exec/s: 59892 rss: 998Mb L: 26797/64904 MS: 2 ChangeASCIIInt-EraseBytes-
#11979433	REDUCE cov: 836 ft: 2051 corp: 538/1759Kb lim: 65536 exec/s: 59897 rss: 999Mb L: 764/64904 MS: 1 EraseBytes-
#11979644	REDUCE cov: 836 ft: 2051 corp: 538/1759Kb lim: 65536 exec/s: 59898 rss: 999Mb L: 631/64904 MS: 1 EraseBytes-
#11979693	REDUCE cov: 836 ft: 2051 corp: 538/1759Kb lim: 65536 exec/s: 59898 rss: 999Mb L: 366/64904 MS: 4 ManualDict-ChangeASCIIInt-CopyPart-EraseBytes- DE: ", maximum %"-
#11979785	REDUCE cov: 836 ft: 2051 corp: 538/1757Kb lim: 65536 exec/s: 59898 rss: 999Mb L: 2265/64904 MS: 2 CrossOver-EraseBytes-
#11980122	REDUCE cov: 836 ft: 2051 corp: 538/1756Kb lim: 65536 exec/s: 59900 rss: 999Mb L: 4245/64904 MS: 2 ShuffleBytes-EraseBytes-
#11980815	REDUCE cov: 836 ft: 2051 corp: 538/1756Kb lim: 65536 exec/s: 59606 rss: 999Mb L: 4140/64904 MS: 3 ChangeBinInt-ChangeBit-EraseBytes-
#11980908	REDUCE cov: 836 ft: 2051 corp: 538/1756Kb lim: 65536 exec/s: 59606 rss: 999Mb L: 3559/64904 MS: 3 PersAutoDict-ManualDict-EraseBytes- DE: "*\206H\206\367\015\001\001\004"-"SHA3-224"-
#11981401	REDUCE cov: 836 ft: 2051 corp: 538/1756Kb lim: 65536 exec/s: 59608 rss: 999Mb L: 179/64904 MS: 3 ShuffleBytes-ChangeByte-EraseBytes-
#11981748	REDUCE cov: 836 ft: 2051 corp: 538/1755Kb lim: 65536 exec/s: 59610 rss: 999Mb L: 6339/64904 MS: 2 CopyPart-EraseBytes-
#11982523	REDUCE cov: 836 ft: 2051 corp: 538/1755Kb lim: 65536 exec/s: 59614 rss: 999Mb L: 2582/64904 MS: 5 PersAutoDict-CrossOver-ManualDict-PersAutoDict-EraseBytes- DE: "=> parse new session ticket"-"AES-256-CFB128"-"<= skip parse certificate"-
#11982722	REDUCE cov: 836 ft: 2051 corp: 538/1754Kb lim: 65536 exec/s: 59615 rss: 1000Mb L: 1010/64904 MS: 4 InsertByte-ChangeByte-PersAutoDict-EraseBytes- DE: "mbedtls/ecp.h"-
#11983118	REDUCE cov: 836 ft: 2051 corp: 538/1754Kb lim: 65536 exec/s: 59617 rss: 1000Mb L: 2185/64904 MS: 1 EraseBytes-
#11983609	NEW    cov: 836 ft: 2052 corp: 539/1756Kb lim: 65536 exec/s: 59619 rss: 1000Mb L: 1673/64904 MS: 1 CopyPart-
#11984343	REDUCE cov: 836 ft: 2052 corp: 539/1755Kb lim: 65536 exec/s: 59623 rss: 1000Mb L: 9736/64904 MS: 4 ShuffleBytes-ChangeASCIIInt-ChangeASCIIInt-EraseBytes-
#11985180	REDUCE cov: 836 ft: 2052 corp: 539/1755Kb lim: 65536 exec/s: 59332 rss: 1000Mb L: 2669/64904 MS: 2 PersAutoDict-EraseBytes- DE: "OU"-
#11985196	REDUCE cov: 836 ft: 2052 corp: 539/1755Kb lim: 65536 exec/s: 59332 rss: 1000Mb L: 4912/64904 MS: 1 EraseBytes-
#11985658	REDUCE cov: 836 ft: 2052 corp: 539/1755Kb lim: 65536 exec/s: 59334 rss: 1001Mb L: 3780/64904 MS: 2 InsertByte-EraseBytes-
#11985726	REDUCE cov: 836 ft: 2052 corp: 539/1755Kb lim: 65536 exec/s: 59335 rss: 1001Mb L: 412/64904 MS: 3 CMP-CMP-EraseBytes- DE: "DEK-Info: AES-"-"\001\000\000\000\000\000\000\030"-
#11985780	REDUCE cov: 836 ft: 2052 corp: 539/1753Kb lim: 65536 exec/s: 59335 rss: 1001Mb L: 2629/64904 MS: 4 ChangeByte-CMP-ChangeBit-EraseBytes- DE: "DEK-Info: AES-256-CBC,"-
#11986193	REDUCE cov: 836 ft: 2052 corp: 539/1753Kb lim: 65536 exec/s: 59337 rss: 1001Mb L: 474/64904 MS: 3 CopyPart-CopyPart-EraseBytes-
#11986279	REDUCE cov: 836 ft: 2052 corp: 539/1753Kb lim: 65536 exec/s: 59338 rss: 1001Mb L: 341/64904 MS: 1 EraseBytes-
#11987590	REDUCE cov: 836 ft: 2052 corp: 539/1752Kb lim: 65536 exec/s: 59344 rss: 1001Mb L: 21889/64904 MS: 1 EraseBytes-
#11988673	REDUCE cov: 836 ft: 2052 corp: 539/1752Kb lim: 65536 exec/s: 59057 rss: 1001Mb L: 5922/64904 MS: 3 ChangeBit-EraseBytes-CopyPart-
#11989434	REDUCE cov: 836 ft: 2052 corp: 539/1752Kb lim: 65536 exec/s: 59061 rss: 1002Mb L: 2866/64904 MS: 1 EraseBytes-
#11990140	REDUCE cov: 836 ft: 2052 corp: 539/1752Kb lim: 65536 exec/s: 59064 rss: 1002Mb L: 2977/64904 MS: 1 EraseBytes-
#11990254	REDUCE cov: 836 ft: 2052 corp: 539/1752Kb lim: 65536 exec/s: 59065 rss: 1002Mb L: 111/64904 MS: 4 ChangeBit-ShuffleBytes-ChangeBinInt-EraseBytes-
#11990747	REDUCE cov: 836 ft: 2052 corp: 539/1751Kb lim: 65536 exec/s: 59067 rss: 1002Mb L: 663/64904 MS: 3 ChangeASCIIInt-ManualDict-EraseBytes- DE: "psa/crypto.h"-
#11991016	REDUCE cov: 836 ft: 2052 corp: 539/1748Kb lim: 65536 exec/s: 59069 rss: 1002Mb L: 27625/64904 MS: 4 CMP-ChangeASCIIInt-ChangeByte-EraseBytes- DE: "DEK-Info: D--END CERTIF"-
#11991053	REDUCE cov: 836 ft: 2052 corp: 539/1748Kb lim: 65536 exec/s: 59069 rss: 1002Mb L: 1032/64904 MS: 2 ChangeBit-EraseBytes-
#11991703	REDUCE cov: 836 ft: 2052 corp: 539/1747Kb lim: 65536 exec/s: 59072 rss: 1002Mb L: 8170/64904 MS: 5 ChangeByte-ChangeBit-ChangeASCIIInt-InsertRepeatedBytes-EraseBytes-
#11991765	REDUCE cov: 836 ft: 2052 corp: 539/1746Kb lim: 65536 exec/s: 59072 rss: 1002Mb L: 2392/64904 MS: 2 InsertRepeatedBytes-EraseBytes-
#11992106	REDUCE cov: 836 ft: 2052 corp: 539/1746Kb lim: 65536 exec/s: 59074 rss: 1002Mb L: 5093/64904 MS: 1 EraseBytes-
#11992536	NEW    cov: 836 ft: 2053 corp: 540/1747Kb lim: 65536 exec/s: 59076 rss: 1002Mb L: 1638/64904 MS: 5 CopyPart-ChangeBinInt-ChangeBit-CMP-CopyPart- DE: "Proc-Type: 8,ENCRYPTED"-
#11992893	REDUCE cov: 836 ft: 2053 corp: 540/1747Kb lim: 65536 exec/s: 59078 rss: 1003Mb L: 21172/64904 MS: 2 CopyPart-EraseBytes-
#11993029	REDUCE cov: 836 ft: 2053 corp: 540/1747Kb lim: 65536 exec/s: 59078 rss: 1003Mb L: 3835/64904 MS: 1 EraseBytes-
#11993206	REDUCE cov: 836 ft: 2053 corp: 540/1746Kb lim: 65536 exec/s: 59079 rss: 1004Mb L: 3187/64904 MS: 2 ChangeBit-EraseBytes-
#11993422	REDUCE cov: 836 ft: 2053 corp: 540/1746Kb lim: 65536 exec/s: 58791 rss: 1004Mb L: 9793/64904 MS: 1 EraseBytes-
#11993793	REDUCE cov: 836 ft: 2053 corp: 540/1746Kb lim: 65536 exec/s: 58793 rss: 1004Mb L: 2008/64904 MS: 1 EraseBytes-
#11994079	REDUCE cov: 836 ft: 2054 corp: 541/1747Kb lim: 65536 exec/s: 58794 rss: 1004Mb L: 1424/64904 MS: 1 CopyPart-
#11994655	NEW    cov: 836 ft: 2055 corp: 542/1750Kb lim: 65536 exec/s: 58797 rss: 1004Mb L: 3240/64904 MS: 1 CopyPart-
#11995211	REDUCE cov: 836 ft: 2055 corp: 542/1750Kb lim: 65536 exec/s: 58800 rss: 1004Mb L: 248/64904 MS: 1 EraseBytes-
#11995503	REDUCE cov: 836 ft: 2055 corp: 542/1750Kb lim: 65536 exec/s: 58801 rss: 1004Mb L: 132/64904 MS: 2 ChangeBinInt-EraseBytes-
#11995524	REDUCE cov: 836 ft: 2055 corp: 542/1750Kb lim: 65536 exec/s: 58801 rss: 1004Mb L: 1265/64904 MS: 1 EraseBytes-
#11995592	REDUCE cov: 836 ft: 2055 corp: 542/1750Kb lim: 65536 exec/s: 58801 rss: 1004Mb L: 468/64904 MS: 3 ShuffleBytes-ChangeBit-EraseBytes-
#11995839	REDUCE cov: 836 ft: 2055 corp: 542/1750Kb lim: 65536 exec/s: 58803 rss: 1004Mb L: 1425/64904 MS: 2 ChangeBit-EraseBytes-
#11995917	NEW    cov: 836 ft: 2056 corp: 543/1751Kb lim: 65536 exec/s: 58803 rss: 1004Mb L: 2007/64904 MS: 3 ChangeBit-CopyPart-CopyPart-
#11996394	REDUCE cov: 836 ft: 2056 corp: 543/1751Kb lim: 65536 exec/s: 58805 rss: 1004Mb L: 245/64904 MS: 2 ChangeBit-EraseBytes-
#11997025	REDUCE cov: 836 ft: 2056 corp: 543/1751Kb lim: 65536 exec/s: 58522 rss: 1005Mb L: 822/64904 MS: 1 EraseBytes-
#11997077	REDUCE cov: 836 ft: 2056 corp: 543/1751Kb lim: 65536 exec/s: 58522 rss: 1005Mb L: 636/64904 MS: 2 InsertRepeatedBytes-EraseBytes-
#11997278	REDUCE cov: 836 ft: 2056 corp: 543/1751Kb lim: 65536 exec/s: 58523 rss: 1005Mb L: 424/64904 MS: 1 EraseBytes-
#11997624	REDUCE cov: 836 ft: 2056 corp: 543/1751Kb lim: 65536 exec/s: 58524 rss: 1005Mb L: 399/64904 MS: 1 EraseBytes-
#11997666	REDUCE cov: 836 ft: 2056 corp: 543/1751Kb lim: 65536 exec/s: 58525 rss: 1005Mb L: 358/64904 MS: 2 ChangeBinInt-EraseBytes-
#11997831	REDUCE cov: 836 ft: 2056 corp: 543/1751Kb lim: 65536 exec/s: 58526 rss: 1005Mb L: 4824/64904 MS: 5 PersAutoDict-ChangeByte-ChangeBinInt-InsertByte-EraseBytes- DE: "expected mac"-
#11997898	REDUCE cov: 836 ft: 2056 corp: 543/1751Kb lim: 65536 exec/s: 58526 rss: 1005Mb L: 1528/64904 MS: 2 PersAutoDict-EraseBytes- DE: "SHA512"-
#11998900	REDUCE cov: 836 ft: 2056 corp: 543/1749Kb lim: 65536 exec/s: 58531 rss: 1005Mb L: 63073/64589 MS: 2 ChangeBinInt-EraseBytes-
#11999022	REDUCE cov: 836 ft: 2056 corp: 543/1749Kb lim: 65536 exec/s: 58531 rss: 1005Mb L: 1287/64589 MS: 2 CMP-EraseBytes- DE: "\377\377\377\377"-
#11999088	REDUCE cov: 836 ft: 2056 corp: 543/1749Kb lim: 65536 exec/s: 58532 rss: 1005Mb L: 1882/64589 MS: 1 EraseBytes-
#11999111	REDUCE cov: 836 ft: 2056 corp: 543/1749Kb lim: 65536 exec/s: 58532 rss: 1005Mb L: 819/64589 MS: 3 InsertRepeatedBytes-ChangeByte-EraseBytes-
#12000224	REDUCE cov: 836 ft: 2056 corp: 543/1749Kb lim: 65536 exec/s: 58537 rss: 1005Mb L: 461/64589 MS: 3 ChangeBit-ShuffleBytes-EraseBytes-
#12001155	REDUCE cov: 836 ft: 2056 corp: 543/1749Kb lim: 65536 exec/s: 58258 rss: 1005Mb L: 228/64589 MS: 1 EraseBytes-
#12001162	REDUCE cov: 836 ft: 2056 corp: 543/1748Kb lim: 65536 exec/s: 58258 rss: 1005Mb L: 7542/64589 MS: 2 PersAutoDict-EraseBytes- DE: "Unrecognised value for MBEDTLS_AESNI_HAVE_CODE"-
#12002058	REDUCE cov: 836 ft: 2056 corp: 543/1748Kb lim: 65536 exec/s: 58262 rss: 1005Mb L: 1305/64589 MS: 1 EraseBytes-
#12003269	REDUCE cov: 836 ft: 2056 corp: 543/1748Kb lim: 65536 exec/s: 58268 rss: 1005Mb L: 269/64589 MS: 1 EraseBytes-
#12003335	REDUCE cov: 836 ft: 2056 corp: 543/1748Kb lim: 65536 exec/s: 58268 rss: 1005Mb L: 623/64589 MS: 1 EraseBytes-
#12003601	REDUCE cov: 836 ft: 2056 corp: 543/1748Kb lim: 65536 exec/s: 58269 rss: 1005Mb L: 1776/64589 MS: 1 EraseBytes-
#12003632	REDUCE cov: 836 ft: 2056 corp: 543/1748Kb lim: 65536 exec/s: 58270 rss: 1005Mb L: 1706/64589 MS: 1 EraseBytes-
#12004093	REDUCE cov: 836 ft: 2057 corp: 544/1803Kb lim: 65536 exec/s: 58272 rss: 1005Mb L: 57012/64589 MS: 1 CopyPart-
#12004296	REDUCE cov: 836 ft: 2057 corp: 544/1801Kb lim: 65536 exec/s: 58273 rss: 1005Mb L: 32691/64589 MS: 3 ManualDict-PersAutoDict-EraseBytes- DE: "ssl->f_send"-"555555555555555555555555555555555555555555555555"-
#12004527	REDUCE cov: 836 ft: 2057 corp: 544/1800Kb lim: 65536 exec/s: 57992 rss: 1005Mb L: 4176/64589 MS: 1 EraseBytes-
#12004741	REDUCE cov: 836 ft: 2057 corp: 544/1800Kb lim: 65536 exec/s: 57993 rss: 1005Mb L: 3779/64589 MS: 4 PersAutoDict-InsertRepeatedBytes-InsertByte-EraseBytes- DE: "?\302%\274"-
#12004837	REDUCE cov: 836 ft: 2057 corp: 544/1800Kb lim: 65536 exec/s: 57994 rss: 1005Mb L: 153/64589 MS: 1 EraseBytes-
#12005068	REDUCE cov: 836 ft: 2057 corp: 544/1800Kb lim: 65536 exec/s: 57995 rss: 1005Mb L: 3166/64589 MS: 1 EraseBytes-
#12005085	REDUCE cov: 836 ft: 2057 corp: 544/1800Kb lim: 65536 exec/s: 57995 rss: 1005Mb L: 1855/64589 MS: 2 ChangeBit-EraseBytes-
#12005929	REDUCE cov: 836 ft: 2057 corp: 544/1800Kb lim: 65536 exec/s: 57999 rss: 1005Mb L: 337/64589 MS: 4 ChangeByte-ChangeByte-ManualDict-EraseBytes- DE: "+m"-
#12006509	REDUCE cov: 836 ft: 2057 corp: 544/1799Kb lim: 65536 exec/s: 58002 rss: 1005Mb L: 2767/64589 MS: 5 CopyPart-ChangeBit-ChangeByte-ChangeBinInt-EraseBytes-
#12006598	REDUCE cov: 836 ft: 2058 corp: 545/1820Kb lim: 65536 exec/s: 58002 rss: 1005Mb L: 21044/64589 MS: 4 ChangeByte-ChangeBinInt-ChangeBinInt-CopyPart-
#12007347	REDUCE cov: 836 ft: 2058 corp: 545/1820Kb lim: 65536 exec/s: 58006 rss: 1005Mb L: 3021/64589 MS: 4 ChangeASCIIInt-ChangeASCIIInt-ChangeASCIIInt-EraseBytes-
#12007508	REDUCE cov: 836 ft: 2058 corp: 545/1820Kb lim: 65536 exec/s: 58007 rss: 1005Mb L: 20961/64589 MS: 1 EraseBytes-
#12007848	REDUCE cov: 836 ft: 2058 corp: 545/1820Kb lim: 65536 exec/s: 57730 rss: 1005Mb L: 10977/64589 MS: 5 ChangeASCIIInt-CopyPart-ChangeBinInt-CrossOver-EraseBytes-
#12008149	REDUCE cov: 836 ft: 2058 corp: 545/1820Kb lim: 65536 exec/s: 57731 rss: 1005Mb L: 2760/64589 MS: 1 EraseBytes-
#12008575	REDUCE cov: 836 ft: 2058 corp: 545/1820Kb lim: 65536 exec/s: 57733 rss: 1005Mb L: 125/64589 MS: 1 EraseBytes-
#12008741	REDUCE cov: 836 ft: 2058 corp: 545/1820Kb lim: 65536 exec/s: 57734 rss: 1005Mb L: 1903/64589 MS: 1 EraseBytes-
#12009238	REDUCE cov: 836 ft: 2060 corp: 546/1822Kb lim: 65536 exec/s: 57736 rss: 1005Mb L: 3034/64589 MS: 2 CopyPart-CMP- DE: "-----END CERTIFICATE-----"-
#12009344	REDUCE cov: 836 ft: 2060 corp: 546/1821Kb lim: 65536 exec/s: 57737 rss: 1005Mb L: 25823/64589 MS: 1 EraseBytes-
#12009785	REDUCE cov: 836 ft: 2060 corp: 546/1817Kb lim: 65536 exec/s: 57739 rss: 1005Mb L: 28650/64589 MS: 1 EraseBytes-
#12010536	REDUCE cov: 836 ft: 2060 corp: 546/1817Kb lim: 65536 exec/s: 57742 rss: 1005Mb L: 2705/64589 MS: 1 EraseBytes-
#12010838	REDUCE cov: 836 ft: 2060 corp: 546/1817Kb lim: 65536 exec/s: 57744 rss: 1005Mb L: 781/64589 MS: 2 ChangeASCIIInt-EraseBytes-
#12011256	REDUCE cov: 836 ft: 2060 corp: 546/1816Kb lim: 65536 exec/s: 57470 rss: 1005Mb L: 14622/64589 MS: 3 CMP-PersAutoDict-EraseBytes- DE: "\377\377\377\236"-"\377\377\377\377\377\377\377\262"-
#12011638	REDUCE cov: 836 ft: 2060 corp: 546/1816Kb lim: 65536 exec/s: 57471 rss: 1006Mb L: 298/64589 MS: 2 ChangeByte-EraseBytes-
#12012080	REDUCE cov: 836 ft: 2060 corp: 546/1815Kb lim: 65536 exec/s: 57474 rss: 1006Mb L: 25611/64589 MS: 2 CMP-EraseBytes- DE: "t\000\000\000\000\000\000\000"-
#12012184	REDUCE cov: 836 ft: 2060 corp: 546/1815Kb lim: 65536 exec/s: 57474 rss: 1006Mb L: 610/64589 MS: 4 CopyPart-InsertRepeatedBytes-ChangeASCIIInt-EraseBytes-
#12012595	REDUCE cov: 836 ft: 2060 corp: 546/1815Kb lim: 65536 exec/s: 57476 rss: 1006Mb L: 79/64589 MS: 1 EraseBytes-
#12012661	REDUCE cov: 836 ft: 2060 corp: 546/1815Kb lim: 65536 exec/s: 57476 rss: 1006Mb L: 7487/64589 MS: 1 EraseBytes-
#12013913	REDUCE cov: 836 ft: 2060 corp: 546/1815Kb lim: 65536 exec/s: 57482 rss: 1007Mb L: 18710/64589 MS: 2 ChangeASCIIInt-EraseBytes-
#12014090	REDUCE cov: 836 ft: 2060 corp: 546/1813Kb lim: 65536 exec/s: 57483 rss: 1007Mb L: 42788/64589 MS: 2 CMP-EraseBytes- DE: "\000\000\000\000\000\000\000\304"-
#12014147	REDUCE cov: 836 ft: 2060 corp: 546/1813Kb lim: 65536 exec/s: 57483 rss: 1007Mb L: 227/64589 MS: 2 ChangeASCIIInt-EraseBytes-
#12014283	REDUCE cov: 836 ft: 2060 corp: 546/1813Kb lim: 65536 exec/s: 57484 rss: 1007Mb L: 8292/64589 MS: 1 EraseBytes-
#12014288	REDUCE cov: 836 ft: 2060 corp: 546/1813Kb lim: 65536 exec/s: 57484 rss: 1007Mb L: 2790/64589 MS: 5 ShuffleBytes-PersAutoDict-InsertByte-CrossOver-EraseBytes- DE: "Proc-Type: 8,ENCRYPTED"-
#12014349	REDUCE cov: 836 ft: 2060 corp: 546/1811Kb lim: 65536 exec/s: 57484 rss: 1007Mb L: 24187/64589 MS: 1 EraseBytes-
#12014727	REDUCE cov: 836 ft: 2060 corp: 546/1811Kb lim: 65536 exec/s: 57212 rss: 1007Mb L: 269/64589 MS: 3 CopyPart-ChangeByte-EraseBytes-
#12014808	REDUCE cov: 836 ft: 2060 corp: 546/1810Kb lim: 65536 exec/s: 57213 rss: 1007Mb L: 47084/64589 MS: 1 EraseBytes-
#12015314	REDUCE cov: 836 ft: 2060 corp: 546/1809Kb lim: 65536 exec/s: 57215 rss: 1007Mb L: 931/64589 MS: 1 EraseBytes-
#12015446	REDUCE cov: 836 ft: 2060 corp: 546/1809Kb lim: 65536 exec/s: 57216 rss: 1007Mb L: 36147/64589 MS: 2 PersAutoDict-EraseBytes- DE: "mbedtls/ctr_drbg.h"-
#12015653	REDUCE cov: 836 ft: 2060 corp: 546/1809Kb lim: 65536 exec/s: 57217 rss: 1007Mb L: 8269/64589 MS: 2 ChangeBit-EraseBytes-
#12015925	REDUCE cov: 836 ft: 2060 corp: 546/1809Kb lim: 65536 exec/s: 57218 rss: 1008Mb L: 988/64589 MS: 2 PersAutoDict-EraseBytes- DE: "\001e"-
#12016482	REDUCE cov: 836 ft: 2060 corp: 546/1809Kb lim: 65536 exec/s: 57221 rss: 1008Mb L: 2468/64589 MS: 2 InsertByte-EraseBytes-
#12016498	REDUCE cov: 836 ft: 2060 corp: 546/1809Kb lim: 65536 exec/s: 57221 rss: 1008Mb L: 227/64589 MS: 1 EraseBytes-
#12017184	REDUCE cov: 836 ft: 2060 corp: 546/1808Kb lim: 65536 exec/s: 57224 rss: 1008Mb L: 847/64589 MS: 1 EraseBytes-
#12017453	REDUCE cov: 836 ft: 2060 corp: 546/1807Kb lim: 65536 exec/s: 57225 rss: 1008Mb L: 6408/64589 MS: 4 ManualDict-CopyPart-ChangeBinInt-EraseBytes- DE: "server key not ECDH capable"-
#12017569	REDUCE cov: 836 ft: 2060 corp: 546/1807Kb lim: 65536 exec/s: 57226 rss: 1008Mb L: 250/64589 MS: 1 EraseBytes-
#12018301	REDUCE cov: 836 ft: 2060 corp: 546/1807Kb lim: 65536 exec/s: 56958 rss: 1008Mb L: 491/64589 MS: 2 InsertByte-EraseBytes-
#12018319	REDUCE cov: 836 ft: 2060 corp: 546/1807Kb lim: 65536 exec/s: 56958 rss: 1008Mb L: 873/64589 MS: 3 InsertByte-CMP-EraseBytes- DE: "\001\000\000\000\000\000\000\000"-
#12018555	REDUCE cov: 836 ft: 2060 corp: 546/1807Kb lim: 65536 exec/s: 56959 rss: 1008Mb L: 4114/64589 MS: 1 EraseBytes-
#12018627	REDUCE cov: 836 ft: 2060 corp: 546/1807Kb lim: 65536 exec/s: 56960 rss: 1008Mb L: 878/64589 MS: 2 CMP-EraseBytes- DE: "\377\377\377\377\377\377\3771"-
#12018899	REDUCE cov: 836 ft: 2060 corp: 546/1807Kb lim: 65536 exec/s: 56961 rss: 1008Mb L: 1811/64589 MS: 2 InsertByte-EraseBytes-
#12019060	REDUCE cov: 836 ft: 2060 corp: 546/1804Kb lim: 65536 exec/s: 56962 rss: 1008Mb L: 54691/64589 MS: 1 EraseBytes-
#12019291	REDUCE cov: 836 ft: 2060 corp: 546/1804Kb lim: 65536 exec/s: 56963 rss: 1008Mb L: 283/64589 MS: 1 EraseBytes-
#12019317	REDUCE cov: 836 ft: 2060 corp: 546/1804Kb lim: 65536 exec/s: 56963 rss: 1008Mb L: 1382/64589 MS: 1 EraseBytes-
#12019400	REDUCE cov: 836 ft: 2060 corp: 546/1804Kb lim: 65536 exec/s: 56963 rss: 1008Mb L: 1670/64589 MS: 3 ChangeASCIIInt-CrossOver-EraseBytes-
#12019686	REDUCE cov: 836 ft: 2060 corp: 546/1804Kb lim: 65536 exec/s: 56965 rss: 1008Mb L: 1282/64589 MS: 1 EraseBytes-
#12019881	REDUCE cov: 836 ft: 2060 corp: 546/1804Kb lim: 65536 exec/s: 56966 rss: 1008Mb L: 2626/64589 MS: 5 PersAutoDict-ChangeBit-ChangeASCIIInt-InsertByte-EraseBytes- DE: "\024\000\000\000\000\000\000\000"-
#12020915	REDUCE cov: 836 ft: 2060 corp: 546/1803Kb lim: 65536 exec/s: 56971 rss: 1008Mb L: 5758/64589 MS: 4 ShuffleBytes-ChangeBinInt-ManualDict-EraseBytes- DE: "message  mac"-
#12021906	REDUCE cov: 836 ft: 2060 corp: 546/1803Kb lim: 65536 exec/s: 56707 rss: 1008Mb L: 2580/64589 MS: 1 EraseBytes-
#12022098	REDUCE cov: 836 ft: 2060 corp: 546/1803Kb lim: 65536 exec/s: 56708 rss: 1008Mb L: 21020/64589 MS: 2 ManualDict-EraseBytes- DE: "DHM - Making of the public value failed"-
#12022979	REDUCE cov: 836 ft: 2060 corp: 546/1803Kb lim: 65536 exec/s: 56712 rss: 1008Mb L: 499/64589 MS: 1 EraseBytes-
#12023731	REDUCE cov: 836 ft: 2060 corp: 546/1803Kb lim: 65536 exec/s: 56715 rss: 1008Mb L: 1720/64589 MS: 2 InsertByte-EraseBytes-
#12024098	REDUCE cov: 836 ft: 2060 corp: 546/1803Kb lim: 65536 exec/s: 56717 rss: 1008Mb L: 2775/64589 MS: 2 CopyPart-EraseBytes-
#12024369	REDUCE cov: 836 ft: 2060 corp: 546/1803Kb lim: 65536 exec/s: 56718 rss: 1008Mb L: 139/64589 MS: 1 EraseBytes-
#12024495	REDUCE cov: 836 ft: 2060 corp: 546/1803Kb lim: 65536 exec/s: 56719 rss: 1008Mb L: 1058/64589 MS: 1 EraseBytes-
#12025091	REDUCE cov: 836 ft: 2060 corp: 546/1803Kb lim: 65536 exec/s: 56722 rss: 1008Mb L: 151/64589 MS: 1 EraseBytes-
#12026408	REDUCE cov: 836 ft: 2060 corp: 546/1802Kb lim: 65536 exec/s: 56462 rss: 1008Mb L: 1286/64589 MS: 2 ChangeByte-EraseBytes-
#12026986	REDUCE cov: 836 ft: 2060 corp: 546/1802Kb lim: 65536 exec/s: 56464 rss: 1008Mb L: 316/64589 MS: 3 CopyPart-ManualDict-EraseBytes- DE: "bad server key exchange message"-
#12027323	REDUCE cov: 836 ft: 2060 corp: 546/1802Kb lim: 65536 exec/s: 56466 rss: 1008Mb L: 8401/64589 MS: 2 InsertRepeatedBytes-EraseBytes-
#12027704	REDUCE cov: 836 ft: 2060 corp: 546/1802Kb lim: 65536 exec/s: 56468 rss: 1008Mb L: 108/64589 MS: 1 EraseBytes-
#12027800	REDUCE cov: 836 ft: 2060 corp: 546/1802Kb lim: 65536 exec/s: 56468 rss: 1008Mb L: 102/64589 MS: 1 EraseBytes-
#12028554	REDUCE cov: 836 ft: 2060 corp: 546/1802Kb lim: 65536 exec/s: 56472 rss: 1008Mb L: 2457/64589 MS: 4 ShuffleBytes-ChangeBit-CMP-EraseBytes- DE: "DEK-Info: AES-"-
#12028730	REDUCE cov: 836 ft: 2060 corp: 546/1802Kb lim: 65536 exec/s: 56472 rss: 1008Mb L: 1723/64589 MS: 1 EraseBytes-
#12029037	REDUCE cov: 836 ft: 2060 corp: 546/1801Kb lim: 65536 exec/s: 56210 rss: 1008Mb L: 8008/64589 MS: 2 ChangeASCIIInt-EraseBytes-
#12029053	REDUCE cov: 836 ft: 2060 corp: 546/1801Kb lim: 65536 exec/s: 56210 rss: 1008Mb L: 1254/64589 MS: 1 EraseBytes-
#12029106	REDUCE cov: 836 ft: 2060 corp: 546/1801Kb lim: 65536 exec/s: 56210 rss: 1008Mb L: 10289/64589 MS: 3 CopyPart-ChangeByte-EraseBytes-
#12029549	REDUCE cov: 836 ft: 2060 corp: 546/1801Kb lim: 65536 exec/s: 56212 rss: 1011Mb L: 592/64589 MS: 3 PersAutoDict-PersAutoDict-EraseBytes- DE: "found record_size_limit extension"-"E\002\000\000\000\000\000\000"-
#12030592	REDUCE cov: 836 ft: 2060 corp: 546/1801Kb lim: 65536 exec/s: 56217 rss: 1011Mb L: 1714/64589 MS: 3 ChangeBinInt-InsertByte-EraseBytes-
#12030707	REDUCE cov: 836 ft: 2060 corp: 546/1801Kb lim: 65536 exec/s: 56218 rss: 1011Mb L: 940/64589 MS: 5 ManualDict-PersAutoDict-ChangeByte-ChangeBit-EraseBytes- DE: "AES-192-KWP"-"ws2_32.lib"-
#12030933	REDUCE cov: 836 ft: 2060 corp: 546/1801Kb lim: 65536 exec/s: 56219 rss: 1011Mb L: 195/64589 MS: 1 EraseBytes-
#12031144	REDUCE cov: 836 ft: 2060 corp: 546/1801Kb lim: 65536 exec/s: 56220 rss: 1011Mb L: 540/64589 MS: 1 EraseBytes-
#12031895	REDUCE cov: 836 ft: 2060 corp: 546/1800Kb lim: 65536 exec/s: 56223 rss: 1011Mb L: 8039/64589 MS: 1 EraseBytes-
#12031994	REDUCE cov: 836 ft: 2060 corp: 546/1800Kb lim: 65536 exec/s: 56224 rss: 1011Mb L: 1090/64589 MS: 4 CrossOver-ChangeBinInt-InsertRepeatedBytes-EraseBytes-
#12032545	REDUCE cov: 836 ft: 2060 corp: 546/1800Kb lim: 65536 exec/s: 56226 rss: 1011Mb L: 215/64589 MS: 1 EraseBytes-
#12032583	REDUCE cov: 836 ft: 2060 corp: 546/1800Kb lim: 65536 exec/s: 56227 rss: 1011Mb L: 1259/64589 MS: 3 CopyPart-InsertByte-EraseBytes-
#12032688	REDUCE cov: 836 ft: 2060 corp: 546/1800Kb lim: 65536 exec/s: 56227 rss: 1011Mb L: 794/64589 MS: 5 CMP-CopyPart-ChangeASCIIInt-ChangeBinInt-EraseBytes- DE: "-----END CERTIFICATE-----"-
#12033070	REDUCE cov: 836 ft: 2060 corp: 546/1800Kb lim: 65536 exec/s: 55967 rss: 1011Mb L: 9845/64589 MS: 2 ShuffleBytes-EraseBytes-
#12033187	REDUCE cov: 836 ft: 2060 corp: 546/1800Kb lim: 65536 exec/s: 55968 rss: 1011Mb L: 463/64589 MS: 2 InsertByte-EraseBytes-
#12033402	REDUCE cov: 836 ft: 2060 corp: 546/1798Kb lim: 65536 exec/s: 55969 rss: 1011Mb L: 27103/64589 MS: 5 ChangeBinInt-ManualDict-ChangeBinInt-InsertByte-EraseBytes- DE: "0x36"-
#12033429	REDUCE cov: 836 ft: 2060 corp: 546/1798Kb lim: 65536 exec/s: 55969 rss: 1011Mb L: 1014/64589 MS: 2 PersAutoDict-EraseBytes- DE: "MD - Bad input parameters to function"-
#12033791	REDUCE cov: 836 ft: 2060 corp: 546/1798Kb lim: 65536 exec/s: 55971 rss: 1011Mb L: 72/64589 MS: 2 CopyPart-EraseBytes-
#12034363	REDUCE cov: 836 ft: 2060 corp: 546/1798Kb lim: 65536 exec/s: 55973 rss: 1011Mb L: 1688/64589 MS: 2 ChangeBinInt-EraseBytes-
#12034446	REDUCE cov: 836 ft: 2060 corp: 546/1798Kb lim: 65536 exec/s: 55974 rss: 1012Mb L: 746/64589 MS: 3 ManualDict-ChangeBinInt-EraseBytes- DE: " would exceed the compile-time limit %"-
#12034738	REDUCE cov: 836 ft: 2060 corp: 546/1796Kb lim: 65536 exec/s: 55975 rss: 1012Mb L: 31345/64589 MS: 2 InsertRepeatedBytes-EraseBytes-
#12035393	REDUCE cov: 836 ft: 2060 corp: 546/1796Kb lim: 65536 exec/s: 55978 rss: 1012Mb L: 370/64589 MS: 5 ChangeASCIIInt-ShuffleBytes-CMP-ChangeASCIIInt-EraseBytes- DE: "0\000\000\000"-
#12035494	REDUCE cov: 836 ft: 2060 corp: 546/1796Kb lim: 65536 exec/s: 55979 rss: 1012Mb L: 865/64589 MS: 1 EraseBytes-
#12036219	REDUCE cov: 836 ft: 2060 corp: 546/1796Kb lim: 65536 exec/s: 55982 rss: 1012Mb L: 769/64589 MS: 5 InsertByte-ShuffleBytes-CMP-PersAutoDict-EraseBytes- DE: "\377\377\377\026"-"\022\001\000\000\000\000\000\000"-
#12036725	REDUCE cov: 836 ft: 2060 corp: 546/1796Kb lim: 65536 exec/s: 55725 rss: 1012Mb L: 1223/64589 MS: 1 EraseBytes-
#12036962	REDUCE cov: 836 ft: 2060 corp: 546/1796Kb lim: 65536 exec/s: 55726 rss: 1012Mb L: 702/64589 MS: 2 ChangeBit-EraseBytes-
#12039373	REDUCE cov: 836 ft: 2060 corp: 546/1795Kb lim: 65536 exec/s: 55737 rss: 1013Mb L: 26062/64589 MS: 1 EraseBytes-
#12040381	REDUCE cov: 836 ft: 2060 corp: 546/1795Kb lim: 65536 exec/s: 55485 rss: 1013Mb L: 1084/64589 MS: 3 PersAutoDict-PersAutoDict-EraseBytes- DE: "DHM: X "-" (already %"-
#12040511	REDUCE cov: 836 ft: 2060 corp: 546/1794Kb lim: 65536 exec/s: 55486 rss: 1013Mb L: 11323/64589 MS: 5 ChangeByte-ChangeBinInt-InsertByte-ShuffleBytes-EraseBytes-
#12041826	REDUCE cov: 836 ft: 2060 corp: 546/1794Kb lim: 65536 exec/s: 55492 rss: 1013Mb L: 2454/64589 MS: 5 ChangeBinInt-ChangeByte-ManualDict-ShuffleBytes-EraseBytes- DE: "SHA3-224"-
#12041861	REDUCE cov: 836 ft: 2060 corp: 546/1793Kb lim: 65536 exec/s: 55492 rss: 1013Mb L: 5080/64589 MS: 5 ChangeBit-ChangeASCIIInt-InsertByte-ManualDict-EraseBytes- DE: "legacy renegotiation, breaking off handshake"-
#12041868	REDUCE cov: 836 ft: 2060 corp: 546/1793Kb lim: 65536 exec/s: 55492 rss: 1013Mb L: 22518/64589 MS: 2 ChangeASCIIInt-EraseBytes-
#12041960	REDUCE cov: 836 ft: 2060 corp: 546/1793Kb lim: 65536 exec/s: 55492 rss: 1013Mb L: 79/64589 MS: 2 ChangeByte-EraseBytes-
#12041977	REDUCE cov: 836 ft: 2060 corp: 546/1792Kb lim: 65536 exec/s: 55492 rss: 1013Mb L: 5465/64589 MS: 2 CopyPart-EraseBytes-
#12041983	REDUCE cov: 836 ft: 2060 corp: 546/1792Kb lim: 65536 exec/s: 55493 rss: 1013Mb L: 6566/64589 MS: 1 EraseBytes-
#12041991	REDUCE cov: 836 ft: 2060 corp: 546/1792Kb lim: 65536 exec/s: 55493 rss: 1013Mb L: 351/64589 MS: 3 ChangeASCIIInt-ChangeASCIIInt-EraseBytes-
#12042279	REDUCE cov: 836 ft: 2060 corp: 546/1792Kb lim: 65536 exec/s: 55494 rss: 1013Mb L: 16595/64589 MS: 3 ChangeBinInt-InsertByte-EraseBytes-
#12042423	REDUCE cov: 836 ft: 2060 corp: 546/1791Kb lim: 65536 exec/s: 55495 rss: 1013Mb L: 1187/64589 MS: 4 ChangeBinInt-EraseBytes-ChangeASCIIInt-InsertByte-
#12042719	REDUCE cov: 836 ft: 2060 corp: 546/1791Kb lim: 65536 exec/s: 55496 rss: 1013Mb L: 136/64589 MS: 1 EraseBytes-
#12044000	REDUCE cov: 836 ft: 2060 corp: 546/1791Kb lim: 65536 exec/s: 55247 rss: 1013Mb L: 2146/64589 MS: 1 EraseBytes-
#12044256	REDUCE cov: 836 ft: 2060 corp: 546/1791Kb lim: 65536 exec/s: 55248 rss: 1013Mb L: 761/64589 MS: 1 EraseBytes-
#12044539	REDUCE cov: 836 ft: 2060 corp: 546/1791Kb lim: 65536 exec/s: 55250 rss: 1013Mb L: 1067/64589 MS: 3 InsertRepeatedBytes-EraseBytes-EraseBytes-
#12045705	REDUCE cov: 836 ft: 2060 corp: 546/1791Kb lim: 65536 exec/s: 55255 rss: 1014Mb L: 170/64589 MS: 1 EraseBytes-
#12046437	REDUCE cov: 836 ft: 2060 corp: 546/1790Kb lim: 65536 exec/s: 55258 rss: 1014Mb L: 1579/64589 MS: 2 InsertByte-EraseBytes-
#12047127	REDUCE cov: 836 ft: 2060 corp: 546/1790Kb lim: 65536 exec/s: 55009 rss: 1014Mb L: 5066/64589 MS: 5 ManualDict-CMP-ManualDict-ChangeByte-EraseBytes- DE: "ssl_tls13_pick_key_cert:"-"-----BEGIN CERTIFICATE-----"-"non-matching renegotiation info"-
#12047898	REDUCE cov: 836 ft: 2060 corp: 546/1790Kb lim: 65536 exec/s: 55013 rss: 1014Mb L: 272/64589 MS: 1 EraseBytes-
#12047909	REDUCE cov: 836 ft: 2060 corp: 546/1790Kb lim: 65536 exec/s: 55013 rss: 1014Mb L: 2094/64589 MS: 1 EraseBytes-
#12048505	REDUCE cov: 836 ft: 2060 corp: 546/1790Kb lim: 65536 exec/s: 55016 rss: 1014Mb L: 987/64589 MS: 1 EraseBytes-
#12048956	REDUCE cov: 836 ft: 2060 corp: 546/1790Kb lim: 65536 exec/s: 55018 rss: 1014Mb L: 1668/64589 MS: 1 EraseBytes-
#12049125	REDUCE cov: 836 ft: 2060 corp: 546/1789Kb lim: 65536 exec/s: 55018 rss: 1014Mb L: 30759/64589 MS: 4 ChangeByte-ChangeASCIIInt-ShuffleBytes-EraseBytes-
#12049312	REDUCE cov: 836 ft: 2060 corp: 546/1789Kb lim: 65536 exec/s: 55019 rss: 1014Mb L: 10800/64589 MS: 2 ChangeASCIIInt-EraseBytes-
#12049629	REDUCE cov: 838 ft: 2062 corp: 547/1790Kb lim: 65536 exec/s: 55021 rss: 1014Mb L: 1447/64589 MS: 2 EraseBytes-InsertByte-
#12049697	REDUCE cov: 838 ft: 2062 corp: 547/1790Kb lim: 65536 exec/s: 55021 rss: 1014Mb L: 226/64589 MS: 3 ShuffleBytes-CrossOver-EraseBytes-
#12049835	REDUCE cov: 838 ft: 2062 corp: 547/1790Kb lim: 65536 exec/s: 55022 rss: 1014Mb L: 5751/64589 MS: 3 CMP-ShuffleBytes-EraseBytes- DE: "\217Proc-Type: 4,ENCRYPTE"-
#12050112	REDUCE cov: 838 ft: 2062 corp: 547/1790Kb lim: 65536 exec/s: 55023 rss: 1014Mb L: 118/64589 MS: 2 CMP-EraseBytes- DE: "\000\000\000\000"-
#12050131	NEW    cov: 838 ft: 2063 corp: 548/1794Kb lim: 65536 exec/s: 55023 rss: 1014Mb L: 4209/64589 MS: 4 ShuffleBytes-CopyPart-ChangeBinInt-CopyPart-
#12050191	REDUCE cov: 838 ft: 2063 corp: 548/1794Kb lim: 65536 exec/s: 55023 rss: 1014Mb L: 562/64589 MS: 5 ShuffleBytes-PersAutoDict-ChangeByte-InsertRepeatedBytes-EraseBytes- DE: "  DHM parameter load: "-
#12050458	REDUCE cov: 838 ft: 2063 corp: 548/1794Kb lim: 65536 exec/s: 54774 rss: 1014Mb L: 3976/64589 MS: 2 ManualDict-EraseBytes- DE: "DHM - Reading of the public values failed"-
#12050754	REDUCE cov: 838 ft: 2063 corp: 548/1793Kb lim: 65536 exec/s: 54776 rss: 1014Mb L: 897/64589 MS: 1 EraseBytes-
#12050970	REDUCE cov: 838 ft: 2063 corp: 548/1793Kb lim: 65536 exec/s: 54777 rss: 1014Mb L: 1506/64589 MS: 1 EraseBytes-
#12051156	REDUCE cov: 838 ft: 2063 corp: 548/1793Kb lim: 65536 exec/s: 54777 rss: 1015Mb L: 1712/64589 MS: 1 EraseBytes-
#12051462	REDUCE cov: 838 ft: 2063 corp: 548/1793Kb lim: 65536 exec/s: 54779 rss: 1015Mb L: 884/64589 MS: 1 EraseBytes-
#12051489	REDUCE cov: 838 ft: 2063 corp: 548/1793Kb lim: 65536 exec/s: 54779 rss: 1015Mb L: 1575/64589 MS: 2 ChangeBit-EraseBytes-
#12051565	REDUCE cov: 838 ft: 2063 corp: 548/1793Kb lim: 65536 exec/s: 54779 rss: 1015Mb L: 1456/64589 MS: 1 EraseBytes-
#12051764	REDUCE cov: 838 ft: 2063 corp: 548/1793Kb lim: 65536 exec/s: 54780 rss: 1015Mb L: 82/64589 MS: 4 InsertByte-CMP-InsertByte-EraseBytes- DE: "\226\352\301\220"-
#12052250	REDUCE cov: 838 ft: 2063 corp: 548/1792Kb lim: 65536 exec/s: 54782 rss: 1015Mb L: 4231/64589 MS: 1 EraseBytes-
#12052350	NEW    cov: 838 ft: 2065 corp: 549/1794Kb lim: 65536 exec/s: 54783 rss: 1015Mb L: 1864/64589 MS: 5 ChangeByte-ShuffleBytes-CrossOver-ChangeByte-CopyPart-
#12052478	REDUCE cov: 838 ft: 2065 corp: 549/1793Kb lim: 65536 exec/s: 54783 rss: 1015Mb L: 4064/64589 MS: 3 ChangeBit-ChangeBinInt-EraseBytes-
#12053004	REDUCE cov: 838 ft: 2065 corp: 549/1792Kb lim: 65536 exec/s: 54786 rss: 1015Mb L: 13710/64589 MS: 1 EraseBytes-
#12053080	REDUCE cov: 838 ft: 2065 corp: 549/1792Kb lim: 65536 exec/s: 54786 rss: 1015Mb L: 492/64589 MS: 1 EraseBytes-
#12053707	REDUCE cov: 838 ft: 2065 corp: 549/1792Kb lim: 65536 exec/s: 54789 rss: 1015Mb L: 1604/64589 MS: 2 CrossOver-EraseBytes-
#12053714	REDUCE cov: 838 ft: 2065 corp: 549/1792Kb lim: 65536 exec/s: 54789 rss: 1015Mb L: 3861/64589 MS: 2 ChangeBit-EraseBytes-
#12053809	REDUCE cov: 838 ft: 2065 corp: 549/1792Kb lim: 65536 exec/s: 54790 rss: 1015Mb L: 35810/64589 MS: 5 PersAutoDict-PersAutoDict-CrossOver-ChangeASCIIInt-EraseBytes- DE: "\177\336\377\377"-"DEK-Info:\377-----BEG"-
#12054231	REDUCE cov: 838 ft: 2065 corp: 549/1789Kb lim: 65536 exec/s: 54544 rss: 1015Mb L: 18409/64589 MS: 2 ChangeBit-EraseBytes-
#12055177	REDUCE cov: 838 ft: 2065 corp: 549/1789Kb lim: 65536 exec/s: 54548 rss: 1015Mb L: 76/64589 MS: 1 EraseBytes-
#12055573	REDUCE cov: 838 ft: 2065 corp: 549/1789Kb lim: 65536 exec/s: 54550 rss: 1015Mb L: 1533/64589 MS: 1 EraseBytes-
#12055834	REDUCE cov: 838 ft: 2065 corp: 549/1789Kb lim: 65536 exec/s: 54551 rss: 1015Mb L: 437/64589 MS: 1 EraseBytes-
#12056476	REDUCE cov: 838 ft: 2065 corp: 549/1789Kb lim: 65536 exec/s: 54554 rss: 1015Mb L: 129/64589 MS: 2 CMP-EraseBytes- DE: "\0001"-
#12057982	REDUCE cov: 838 ft: 2065 corp: 549/1789Kb lim: 65536 exec/s: 54315 rss: 1015Mb L: 1800/64589 MS: 1 EraseBytes-
#12058405	REDUCE cov: 838 ft: 2065 corp: 549/1789Kb lim: 65536 exec/s: 54317 rss: 1015Mb L: 2527/64589 MS: 3 ChangeBit-InsertRepeatedBytes-EraseBytes-
#12059041	REDUCE cov: 838 ft: 2065 corp: 549/1788Kb lim: 65536 exec/s: 54320 rss: 1015Mb L: 1540/64589 MS: 1 EraseBytes-
#12059135	REDUCE cov: 838 ft: 2065 corp: 549/1788Kb lim: 65536 exec/s: 54320 rss: 1015Mb L: 647/64589 MS: 4 ChangeASCIIInt-ShuffleBytes-InsertRepeatedBytes-EraseBytes-
#12059216	REDUCE cov: 838 ft: 2065 corp: 549/1788Kb lim: 65536 exec/s: 54320 rss: 1015Mb L: 298/64589 MS: 1 EraseBytes-
#12059380	REDUCE cov: 838 ft: 2065 corp: 549/1788Kb lim: 65536 exec/s: 54321 rss: 1015Mb L: 894/64589 MS: 4 CMP-ManualDict-ChangeBit-EraseBytes- DE: "-----BEGIN CERTIFICATE-----"-"AES-192-KWP"-
#12059786	REDUCE cov: 838 ft: 2065 corp: 549/1787Kb lim: 65536 exec/s: 54323 rss: 1015Mb L: 3609/64589 MS: 1 EraseBytes-
#12059928	REDUCE cov: 838 ft: 2065 corp: 549/1787Kb lim: 65536 exec/s: 54324 rss: 1015Mb L: 30111/64589 MS: 2 ChangeBit-EraseBytes-
#12060037	REDUCE cov: 838 ft: 2065 corp: 549/1786Kb lim: 65536 exec/s: 54324 rss: 1015Mb L: 2130/64589 MS: 4 ChangeASCIIInt-CMP-CMP-EraseBytes- DE: "\033\000"-"-----BEGIN CERTIFICATE-----"-
#12060131	REDUCE cov: 838 ft: 2065 corp: 549/1786Kb lim: 65536 exec/s: 54324 rss: 1015Mb L: 1231/64589 MS: 4 ChangeByte-ChangeBinInt-InsertByte-EraseBytes-
#12060196	REDUCE cov: 838 ft: 2065 corp: 549/1786Kb lim: 65536 exec/s: 54325 rss: 1015Mb L: 1053/64589 MS: 5 ChangeBit-ShuffleBytes-ChangeBinInt-CopyPart-EraseBytes-
#12060253	REDUCE cov: 838 ft: 2065 corp: 549/1785Kb lim: 65536 exec/s: 54325 rss: 1015Mb L: 63714/64065 MS: 2 ChangeASCIIInt-EraseBytes-
#12060317	REDUCE cov: 838 ft: 2065 corp: 549/1785Kb lim: 65536 exec/s: 54325 rss: 1015Mb L: 363/64065 MS: 4 PersAutoDict-ChangeByte-PersAutoDict-EraseBytes- DE: "mbedtls/aria.h"-"\001;"-
#12060723	REDUCE cov: 838 ft: 2065 corp: 549/1785Kb lim: 65536 exec/s: 54327 rss: 1015Mb L: 1334/64065 MS: 1 EraseBytes-
#12060759	REDUCE cov: 838 ft: 2065 corp: 549/1785Kb lim: 65536 exec/s: 54327 rss: 1015Mb L: 1616/64065 MS: 1 EraseBytes-
#12061146	REDUCE cov: 838 ft: 2065 corp: 549/1783Kb lim: 65536 exec/s: 54329 rss: 1015Mb L: 3923/64065 MS: 2 ChangeBinInt-EraseBytes-
#12061301	REDUCE cov: 838 ft: 2065 corp: 549/1783Kb lim: 65536 exec/s: 54330 rss: 1015Mb L: 3837/64065 MS: 5 ChangeByte-ManualDict-ManualDict-CrossOver-EraseBytes- DE: "0x11"-"94B6BED27A168D31D4A52F88925AA8F5"-
#12061469	REDUCE cov: 838 ft: 2065 corp: 549/1783Kb lim: 65536 exec/s: 54330 rss: 1015Mb L: 605/64065 MS: 3 PersAutoDict-InsertRepeatedBytes-EraseBytes- DE: "expected mac"-
#12061912	REDUCE cov: 838 ft: 2065 corp: 549/1783Kb lim: 65536 exec/s: 54332 rss: 1015Mb L: 1350/64065 MS: 3 PersAutoDict-ChangeBinInt-EraseBytes- DE: "(header)"-
#12062098	REDUCE cov: 838 ft: 2065 corp: 549/1783Kb lim: 65536 exec/s: 54333 rss: 1015Mb L: 746/64065 MS: 1 EraseBytes-
#12062264	REDUCE cov: 838 ft: 2065 corp: 549/1783Kb lim: 65536 exec/s: 54090 rss: 1015Mb L: 3564/64065 MS: 1 EraseBytes-
#12062457	REDUCE cov: 838 ft: 2065 corp: 549/1783Kb lim: 65536 exec/s: 54091 rss: 1015Mb L: 1407/64065 MS: 3 ShuffleBytes-CMP-EraseBytes- DE: "n\000\000\000\000\000\000\000"-
#12062521	REDUCE cov: 838 ft: 2065 corp: 549/1782Kb lim: 65536 exec/s: 54092 rss: 1015Mb L: 3193/64065 MS: 4 CMP-ManualDict-ManualDict-EraseBytes- DE: "DEK-Info: DESES-EF"-"ssl->f_recv(_timeout)"-"X448"-
#12062702	REDUCE cov: 838 ft: 2065 corp: 549/1782Kb lim: 65536 exec/s: 54092 rss: 1015Mb L: 539/64065 MS: 1 EraseBytes-
#12062879	REDUCE cov: 838 ft: 2065 corp: 549/1782Kb lim: 65536 exec/s: 54093 rss: 1015Mb L: 25990/64065 MS: 2 ManualDict-EraseBytes- DE: "AES-192-CCM*-NO-TAG"-
#12063409	REDUCE cov: 838 ft: 2065 corp: 549/1782Kb lim: 65536 exec/s: 54096 rss: 1015Mb L: 22462/64065 MS: 5 CopyPart-ShuffleBytes-PersAutoDict-CopyPart-EraseBytes- DE: "mbedtls/cipher.h"-
#12063412	REDUCE cov: 838 ft: 2067 corp: 550/1784Kb lim: 65536 exec/s: 54096 rss: 1015Mb L: 1921/64065 MS: 3 InsertByte-InsertRepeatedBytes-CopyPart-
#12063693	REDUCE cov: 838 ft: 2067 corp: 550/1784Kb lim: 65536 exec/s: 54097 rss: 1015Mb L: 160/64065 MS: 1 EraseBytes-
#12063794	REDUCE cov: 838 ft: 2067 corp: 550/1784Kb lim: 65536 exec/s: 54097 rss: 1015Mb L: 207/64065 MS: 1 EraseBytes-
#12064601	REDUCE cov: 838 ft: 2067 corp: 550/1784Kb lim: 65536 exec/s: 54101 rss: 1015Mb L: 3217/64065 MS: 2 ChangeASCIIInt-EraseBytes-
#12065141	REDUCE cov: 838 ft: 2067 corp: 550/1784Kb lim: 65536 exec/s: 54103 rss: 1015Mb L: 720/64065 MS: 5 CopyPart-CMP-ChangeByte-ChangeBinInt-EraseBytes- DE: "-----BEGIN CERTIFICATE-----"-
#12065240	REDUCE cov: 838 ft: 2067 corp: 550/1782Kb lim: 65536 exec/s: 54104 rss: 1015Mb L: 8768/64065 MS: 4 ChangeBinInt-ManualDict-ChangeBinInt-EraseBytes- DE: "CAMELLIA-256-CFB128"-
#12065369	REDUCE cov: 838 ft: 2067 corp: 550/1781Kb lim: 65536 exec/s: 54104 rss: 1015Mb L: 3335/64065 MS: 4 ChangeASCIIInt-ChangeBinInt-InsertByte-EraseBytes-
#12065646	REDUCE cov: 838 ft: 2067 corp: 550/1781Kb lim: 65536 exec/s: 54106 rss: 1015Mb L: 787/64065 MS: 2 ChangeASCIIInt-EraseBytes-
#12066017	REDUCE cov: 838 ft: 2067 corp: 550/1781Kb lim: 65536 exec/s: 54107 rss: 1015Mb L: 275/64065 MS: 1 EraseBytes-
#12066190	REDUCE cov: 838 ft: 2067 corp: 550/1781Kb lim: 65536 exec/s: 54108 rss: 1015Mb L: 779/64065 MS: 3 ChangeBit-ChangeASCIIInt-EraseBytes-
#12066831	REDUCE cov: 838 ft: 2067 corp: 550/1781Kb lim: 65536 exec/s: 53869 rss: 1015Mb L: 104/64065 MS: 1 EraseBytes-
#12067942	REDUCE cov: 838 ft: 2067 corp: 550/1781Kb lim: 65536 exec/s: 53874 rss: 1015Mb L: 80/64065 MS: 1 EraseBytes-
#12068054	REDUCE cov: 838 ft: 2067 corp: 550/1780Kb lim: 65536 exec/s: 53875 rss: 1015Mb L: 443/64065 MS: 2 ChangeASCIIInt-EraseBytes-
#12068508	REDUCE cov: 838 ft: 2067 corp: 550/1780Kb lim: 65536 exec/s: 53877 rss: 1015Mb L: 6335/64065 MS: 4 ChangeASCIIInt-CMP-ChangeByte-EraseBytes- DE: "*\206H\206\367\015\001\001\012"-
#12068540	REDUCE cov: 838 ft: 2067 corp: 550/1775Kb lim: 65536 exec/s: 53877 rss: 1015Mb L: 53315/64065 MS: 2 CopyPart-EraseBytes-
#12068741	REDUCE cov: 838 ft: 2067 corp: 550/1775Kb lim: 65536 exec/s: 53878 rss: 1015Mb L: 1079/64065 MS: 1 EraseBytes-
#12068815	REDUCE cov: 838 ft: 2067 corp: 550/1775Kb lim: 65536 exec/s: 53878 rss: 1015Mb L: 989/64065 MS: 4 ManualDict-ShuffleBytes-CMP-EraseBytes- DE: "GN"-"-----BEGIN CERTIFICATE-----"-
#12069087	REDUCE cov: 838 ft: 2067 corp: 550/1775Kb lim: 65536 exec/s: 53879 rss: 1015Mb L: 350/64065 MS: 2 ChangeASCIIInt-EraseBytes-
#12069525	REDUCE cov: 838 ft: 2067 corp: 550/1775Kb lim: 65536 exec/s: 53881 rss: 1015Mb L: 406/64065 MS: 3 InsertByte-ManualDict-EraseBytes- DE: "AES-128-ECB"-
#12069538	REDUCE cov: 838 ft: 2067 corp: 550/1775Kb lim: 65536 exec/s: 53881 rss: 1015Mb L: 209/64065 MS: 3 ShuffleBytes-ShuffleBytes-EraseBytes-
#12069568	REDUCE cov: 838 ft: 2067 corp: 550/1774Kb lim: 65536 exec/s: 53882 rss: 1015Mb L: 2896/64065 MS: 5 CopyPart-ShuffleBytes-ChangeASCIIInt-EraseBytes-EraseBytes-
#12069974	REDUCE cov: 838 ft: 2067 corp: 550/1772Kb lim: 65536 exec/s: 53883 rss: 1015Mb L: 53411/64065 MS: 1 EraseBytes-
#12070346	REDUCE cov: 838 ft: 2067 corp: 550/1772Kb lim: 65536 exec/s: 53645 rss: 1015Mb L: 3847/64065 MS: 2 CMP-EraseBytes- DE: "-----BEGIN CERTIFICATE-----"-
#12070352	REDUCE cov: 838 ft: 2067 corp: 550/1772Kb lim: 65536 exec/s: 53646 rss: 1015Mb L: 318/64065 MS: 1 EraseBytes-
#12070559	REDUCE cov: 838 ft: 2067 corp: 550/1772Kb lim: 65536 exec/s: 53646 rss: 1015Mb L: 894/64065 MS: 2 PersAutoDict-EraseBytes- DE: "\377\377\377\377\377\377\377\377"-
#12070797	REDUCE cov: 838 ft: 2067 corp: 550/1772Kb lim: 65536 exec/s: 53647 rss: 1015Mb L: 96/64065 MS: 3 CopyPart-ChangeBit-EraseBytes-
#12071839	REDUCE cov: 838 ft: 2067 corp: 550/1772Kb lim: 65536 exec/s: 53652 rss: 1015Mb L: 18056/64065 MS: 2 InsertByte-EraseBytes-
#12071980	REDUCE cov: 838 ft: 2067 corp: 550/1772Kb lim: 65536 exec/s: 53653 rss: 1015Mb L: 103/64065 MS: 1 EraseBytes-
#12072662	REDUCE cov: 838 ft: 2067 corp: 550/1772Kb lim: 65536 exec/s: 53656 rss: 1015Mb L: 1343/64065 MS: 2 ChangeBinInt-EraseBytes-
#12072893	REDUCE cov: 838 ft: 2067 corp: 550/1772Kb lim: 65536 exec/s: 53657 rss: 1015Mb L: 2495/64065 MS: 1 EraseBytes-
#12073186	REDUCE cov: 838 ft: 2067 corp: 550/1772Kb lim: 65536 exec/s: 53658 rss: 1015Mb L: 133/64065 MS: 3 ManualDict-EraseBytes-CMP- DE: "AES-256-XTS"-"-----END CERTIFICATE-----"-
#12073187	REDUCE cov: 838 ft: 2067 corp: 550/1772Kb lim: 65536 exec/s: 53658 rss: 1015Mb L: 1837/64065 MS: 1 EraseBytes-
#12074140	REDUCE cov: 838 ft: 2067 corp: 550/1772Kb lim: 65536 exec/s: 53425 rss: 1015Mb L: 5371/64065 MS: 3 ManualDict-ChangeByte-EraseBytes- DE: "mbedtls/md.h"-
#12074381	REDUCE cov: 838 ft: 2067 corp: 550/1772Kb lim: 65536 exec/s: 53426 rss: 1015Mb L: 746/64065 MS: 1 EraseBytes-
#12074406	REDUCE cov: 838 ft: 2067 corp: 550/1771Kb lim: 65536 exec/s: 53426 rss: 1015Mb L: 1677/64065 MS: 5 ChangeBit-ManualDict-ShuffleBytes-InsertByte-EraseBytes- DE: "<= write certificate"-
#12075182	REDUCE cov: 838 ft: 2067 corp: 550/1771Kb lim: 65536 exec/s: 53430 rss: 1015Mb L: 836/64065 MS: 1 EraseBytes-
#12075544	REDUCE cov: 838 ft: 2067 corp: 550/1771Kb lim: 65536 exec/s: 53431 rss: 1015Mb L: 1384/64065 MS: 2 InsertByte-EraseBytes-
#12075675	REDUCE cov: 838 ft: 2067 corp: 550/1771Kb lim: 65536 exec/s: 53432 rss: 1015Mb L: 1235/64065 MS: 1 EraseBytes-
#12075786	REDUCE cov: 838 ft: 2067 corp: 550/1771Kb lim: 65536 exec/s: 53432 rss: 1015Mb L: 936/64065 MS: 1 EraseBytes-
#12076407	REDUCE cov: 838 ft: 2067 corp: 550/1771Kb lim: 65536 exec/s: 53435 rss: 1015Mb L: 18643/64065 MS: 1 EraseBytes-
#12077234	REDUCE cov: 838 ft: 2067 corp: 550/1771Kb lim: 65536 exec/s: 53439 rss: 1015Mb L: 2741/64065 MS: 2 ChangeASCIIInt-EraseBytes-
#12077372	REDUCE cov: 838 ft: 2067 corp: 550/1770Kb lim: 65536 exec/s: 53204 rss: 1015Mb L: 31344/64065 MS: 3 ChangeByte-ChangeByte-EraseBytes-
#12077502	REDUCE cov: 838 ft: 2067 corp: 550/1770Kb lim: 65536 exec/s: 53204 rss: 1015Mb L: 589/64065 MS: 5 ShuffleBytes-CMP-ChangeBit-ChangeBinInt-EraseBytes- DE: "*\206H\3160\002\004="-
#12077845	REDUCE cov: 838 ft: 2067 corp: 550/1769Kb lim: 65536 exec/s: 53206 rss: 1015Mb L: 17520/64065 MS: 3 ChangeBit-InsertRepeatedBytes-EraseBytes-
#12078256	REDUCE cov: 838 ft: 2067 corp: 550/1769Kb lim: 65536 exec/s: 53208 rss: 1015Mb L: 144/64065 MS: 1 EraseBytes-
#12078374	REDUCE cov: 838 ft: 2068 corp: 551/1831Kb lim: 65536 exec/s: 53208 rss: 1015Mb L: 63369/64065 MS: 3 CopyPart-CopyPart-CopyPart-
#12078678	REDUCE cov: 838 ft: 2068 corp: 551/1831Kb lim: 65536 exec/s: 53210 rss: 1015Mb L: 502/64065 MS: 4 ChangeBit-CrossOver-PersAutoDict-EraseBytes- DE: "0xE0"-
#12078905	REDUCE cov: 838 ft: 2068 corp: 551/1831Kb lim: 65536 exec/s: 53211 rss: 1015Mb L: 3527/64065 MS: 2 PersAutoDict-EraseBytes- DE: "\203\2547H"-
#12078952	REDUCE cov: 838 ft: 2068 corp: 551/1830Kb lim: 65536 exec/s: 53211 rss: 1015Mb L: 21750/64065 MS: 2 ChangeASCIIInt-EraseBytes-
#12079011	REDUCE cov: 838 ft: 2068 corp: 551/1830Kb lim: 65536 exec/s: 53211 rss: 1015Mb L: 1080/64065 MS: 4 InsertRepeatedBytes-EraseBytes-CopyPart-CopyPart-
#12079362	REDUCE cov: 838 ft: 2068 corp: 551/1830Kb lim: 65536 exec/s: 53213 rss: 1015Mb L: 580/64065 MS: 1 EraseBytes-
#12079628	REDUCE cov: 838 ft: 2068 corp: 551/1830Kb lim: 65536 exec/s: 53214 rss: 1015Mb L: 17885/64065 MS: 1 EraseBytes-
#12079668	REDUCE cov: 838 ft: 2068 corp: 551/1829Kb lim: 65536 exec/s: 53214 rss: 1015Mb L: 18488/64065 MS: 5 ChangeBit-ShuffleBytes-CopyPart-ChangeBit-EraseBytes-
#12080084	REDUCE cov: 838 ft: 2068 corp: 551/1825Kb lim: 65536 exec/s: 53216 rss: 1015Mb L: 58921/64065 MS: 1 EraseBytes-
#12080265	REDUCE cov: 838 ft: 2068 corp: 551/1810Kb lim: 65536 exec/s: 53217 rss: 1015Mb L: 43990/64065 MS: 1 EraseBytes-
#12080552	REDUCE cov: 838 ft: 2068 corp: 551/1810Kb lim: 65536 exec/s: 53218 rss: 1015Mb L: 2505/64065 MS: 2 EraseBytes-CopyPart-
#12080663	REDUCE cov: 838 ft: 2068 corp: 551/1810Kb lim: 65536 exec/s: 53218 rss: 1015Mb L: 2429/64065 MS: 1 EraseBytes-
#12081415	REDUCE cov: 838 ft: 2068 corp: 551/1810Kb lim: 65536 exec/s: 52988 rss: 1015Mb L: 513/64065 MS: 2 ChangeBit-EraseBytes-
#12081551	REDUCE cov: 838 ft: 2068 corp: 551/1810Kb lim: 65536 exec/s: 52989 rss: 1015Mb L: 2151/64065 MS: 1 EraseBytes-
#12081597	REDUCE cov: 838 ft: 2068 corp: 551/1810Kb lim: 65536 exec/s: 52989 rss: 1015Mb L: 1790/64065 MS: 1 EraseBytes-
#12082003	REDUCE cov: 838 ft: 2068 corp: 551/1809Kb lim: 65536 exec/s: 52991 rss: 1015Mb L: 43118/64065 MS: 1 EraseBytes-
#12082165	REDUCE cov: 838 ft: 2068 corp: 551/1809Kb lim: 65536 exec/s: 52991 rss: 1015Mb L: 597/64065 MS: 2 ChangeByte-EraseBytes-
#12082175	REDUCE cov: 838 ft: 2068 corp: 551/1808Kb lim: 65536 exec/s: 52991 rss: 1015Mb L: 9449/64065 MS: 5 ChangeBinInt-ChangeByte-InsertByte-ShuffleBytes-EraseBytes-
#12082741	REDUCE cov: 838 ft: 2068 corp: 551/1808Kb lim: 65536 exec/s: 52994 rss: 1015Mb L: 1222/64065 MS: 1 EraseBytes-
#12083072	REDUCE cov: 838 ft: 2068 corp: 551/1808Kb lim: 65536 exec/s: 52995 rss: 1015Mb L: 1235/64065 MS: 1 EraseBytes-
#12083318	REDUCE cov: 838 ft: 2068 corp: 551/1808Kb lim: 65536 exec/s: 52997 rss: 1015Mb L: 13115/64065 MS: 1 EraseBytes-
#12083365	REDUCE cov: 838 ft: 2068 corp: 551/1808Kb lim: 65536 exec/s: 52997 rss: 1015Mb L: 1253/64065 MS: 2 InsertRepeatedBytes-EraseBytes-
#12083401	REDUCE cov: 838 ft: 2068 corp: 551/1807Kb lim: 65536 exec/s: 52997 rss: 1015Mb L: 8823/64065 MS: 1 EraseBytes-
#12084212	REDUCE cov: 838 ft: 2068 corp: 551/1807Kb lim: 65536 exec/s: 53000 rss: 1015Mb L: 83/64065 MS: 1 EraseBytes-
#12084471	REDUCE cov: 838 ft: 2068 corp: 551/1807Kb lim: 65536 exec/s: 53002 rss: 1015Mb L: 9475/64065 MS: 4 ChangeByte-CMP-ChangeBit-EraseBytes- DE: "\322\377\377\377"-
#12084952	REDUCE cov: 838 ft: 2068 corp: 551/1807Kb lim: 65536 exec/s: 52772 rss: 1015Mb L: 9439/64065 MS: 1 EraseBytes-
#12086039	REDUCE cov: 838 ft: 2068 corp: 551/1807Kb lim: 65536 exec/s: 52777 rss: 1015Mb L: 636/64065 MS: 2 ChangeBinInt-EraseBytes-
#12088063	REDUCE cov: 838 ft: 2068 corp: 551/1805Kb lim: 65536 exec/s: 52786 rss: 1015Mb L: 19101/64065 MS: 4 InsertRepeatedBytes-ChangeBinInt-CMP-EraseBytes- DE: "-----BEGIN CERTIFICATE-----"-
#12088341	REDUCE cov: 838 ft: 2068 corp: 551/1805Kb lim: 65536 exec/s: 52787 rss: 1015Mb L: 481/64065 MS: 3 ChangeBinInt-CrossOver-EraseBytes-
#12089185	REDUCE cov: 838 ft: 2068 corp: 551/1804Kb lim: 65536 exec/s: 52561 rss: 1015Mb L: 7863/64065 MS: 4 CrossOver-PersAutoDict-PersAutoDict-EraseBytes- DE: "\001\000\000\000\000\000\002\346"-"DHM - Allocation of memory failed"-
#12090356	REDUCE cov: 838 ft: 2068 corp: 551/1804Kb lim: 65536 exec/s: 52566 rss: 1015Mb L: 345/64065 MS: 1 EraseBytes-
#12090647	REDUCE cov: 838 ft: 2068 corp: 551/1804Kb lim: 65536 exec/s: 52568 rss: 1015Mb L: 292/64065 MS: 1 EraseBytes-
#12090890	REDUCE cov: 838 ft: 2068 corp: 551/1804Kb lim: 65536 exec/s: 52569 rss: 1015Mb L: 2009/64065 MS: 3 CrossOver-ChangeASCIIInt-EraseBytes-
#12091300	REDUCE cov: 838 ft: 2068 corp: 551/1804Kb lim: 65536 exec/s: 52570 rss: 1015Mb L: 283/64065 MS: 5 ChangeByte-InsertRepeatedBytes-InsertRepeatedBytes-PersAutoDict-EraseBytes- DE: "*M-----E"-
#12091316	REDUCE cov: 838 ft: 2068 corp: 551/1804Kb lim: 65536 exec/s: 52570 rss: 1015Mb L: 675/64065 MS: 1 EraseBytes-
#12091923	REDUCE cov: 838 ft: 2068 corp: 551/1804Kb lim: 65536 exec/s: 52573 rss: 1015Mb L: 282/64065 MS: 2 CrossOver-EraseBytes-
#12092519	REDUCE cov: 838 ft: 2068 corp: 551/1804Kb lim: 65536 exec/s: 52348 rss: 1015Mb L: 443/64065 MS: 1 EraseBytes-
#12092988	REDUCE cov: 838 ft: 2068 corp: 551/1804Kb lim: 65536 exec/s: 52350 rss: 1015Mb L: 2137/64065 MS: 4 CopyPart-PersAutoDict-ShuffleBytes-EraseBytes- DE: "vmull.p64 %[r], %[a], %[b]"-
#12093649	REDUCE cov: 838 ft: 2068 corp: 551/1804Kb lim: 65536 exec/s: 52353 rss: 1015Mb L: 421/64065 MS: 1 EraseBytes-
#12093720	REDUCE cov: 838 ft: 2068 corp: 551/1803Kb lim: 65536 exec/s: 52353 rss: 1015Mb L: 2854/64065 MS: 1 EraseBytes-
#12094982	REDUCE cov: 838 ft: 2068 corp: 551/1803Kb lim: 65536 exec/s: 52359 rss: 1015Mb L: 115/64065 MS: 2 CrossOver-EraseBytes-
#12095110	REDUCE cov: 838 ft: 2068 corp: 551/1802Kb lim: 65536 exec/s: 52359 rss: 1015Mb L: 20891/64065 MS: 3 ManualDict-InsertRepeatedBytes-EraseBytes- DE: "555555555555555555555555555555555555555555555555"-
#12095662	REDUCE cov: 838 ft: 2068 corp: 551/1802Kb lim: 65536 exec/s: 52362 rss: 1015Mb L: 260/64065 MS: 2 ChangeBit-EraseBytes-
#12095970	REDUCE cov: 838 ft: 2068 corp: 551/1802Kb lim: 65536 exec/s: 52363 rss: 1015Mb L: 16460/64065 MS: 3 PersAutoDict-CMP-EraseBytes- DE: "ARIA-192-CCM*-NO-TAG"-"\024\000\000\000\000\000\000\000"-
#12096396	REDUCE cov: 838 ft: 2068 corp: 551/1802Kb lim: 65536 exec/s: 52139 rss: 1015Mb L: 86/64065 MS: 1 EraseBytes-
#12096568	REDUCE cov: 838 ft: 2068 corp: 551/1802Kb lim: 65536 exec/s: 52140 rss: 1015Mb L: 171/64065 MS: 2 PersAutoDict-EraseBytes- DE: "\304N\334\250"-
#12096721	REDUCE cov: 838 ft: 2068 corp: 551/1802Kb lim: 65536 exec/s: 52141 rss: 1015Mb L: 3494/64065 MS: 3 InsertRepeatedBytes-InsertByte-EraseBytes-
#12096864	REDUCE cov: 838 ft: 2068 corp: 551/1801Kb lim: 65536 exec/s: 52141 rss: 1015Mb L: 3224/64065 MS: 3 CMP-ShuffleBytes-EraseBytes- DE: "\001\033"-
#12097208	REDUCE cov: 838 ft: 2068 corp: 551/1801Kb lim: 65536 exec/s: 52143 rss: 1015Mb L: 19904/64065 MS: 4 ShuffleBytes-ChangeByte-ChangeBinInt-EraseBytes-
#12097274	REDUCE cov: 838 ft: 2068 corp: 551/1801Kb lim: 65536 exec/s: 52143 rss: 1015Mb L: 124/64065 MS: 1 EraseBytes-
#12097781	REDUCE cov: 838 ft: 2068 corp: 551/1801Kb lim: 65536 exec/s: 52145 rss: 1015Mb L: 392/64065 MS: 2 ManualDict-EraseBytes- DE: "AES-256-CBC"-
#12097853	REDUCE cov: 838 ft: 2068 corp: 551/1801Kb lim: 65536 exec/s: 52145 rss: 1015Mb L: 159/64065 MS: 2 ChangeASCIIInt-EraseBytes-
#12098535	REDUCE cov: 838 ft: 2068 corp: 551/1801Kb lim: 65536 exec/s: 52148 rss: 1015Mb L: 276/64065 MS: 2 CMP-EraseBytes- DE: "\376\377\377\236"-
#12098736	REDUCE cov: 838 ft: 2068 corp: 551/1801Kb lim: 65536 exec/s: 52149 rss: 1015Mb L: 108/64065 MS: 1 EraseBytes-
#12099068	REDUCE cov: 838 ft: 2068 corp: 551/1800Kb lim: 65536 exec/s: 52151 rss: 1015Mb L: 205/64065 MS: 2 ChangeByte-EraseBytes-
#12099104	REDUCE cov: 838 ft: 2068 corp: 551/1800Kb lim: 65536 exec/s: 52151 rss: 1015Mb L: 3057/64065 MS: 1 EraseBytes-
#12100148	REDUCE cov: 838 ft: 2068 corp: 551/1800Kb lim: 65536 exec/s: 52155 rss: 1015Mb L: 2980/64065 MS: 4 ChangeBit-ChangeByte-ManualDict-EraseBytes- DE: "mbedtls/md5.h"-
#12100251	REDUCE cov: 838 ft: 2068 corp: 551/1800Kb lim: 65536 exec/s: 52156 rss: 1015Mb L: 1370/64065 MS: 3 ChangeBit-PersAutoDict-EraseBytes- DE: "*:H\206\367\015\001\001\013"-
#12100683	REDUCE cov: 838 ft: 2068 corp: 551/1799Kb lim: 65536 exec/s: 51934 rss: 1015Mb L: 42615/64065 MS: 2 InsertByte-EraseBytes-
#12100874	REDUCE cov: 838 ft: 2068 corp: 551/1798Kb lim: 65536 exec/s: 51935 rss: 1015Mb L: 12941/64065 MS: 1 EraseBytes-
#12101025	REDUCE cov: 838 ft: 2068 corp: 551/1798Kb lim: 65536 exec/s: 51935 rss: 1015Mb L: 2438/64065 MS: 1 EraseBytes-
#12101213	REDUCE cov: 838 ft: 2068 corp: 551/1798Kb lim: 65536 exec/s: 51936 rss: 1015Mb L: 1668/64065 MS: 3 ChangeByte-ChangeBit-EraseBytes-
#12101595	REDUCE cov: 838 ft: 2068 corp: 551/1798Kb lim: 65536 exec/s: 51938 rss: 1015Mb L: 526/64065 MS: 2 ManualDict-EraseBytes- DE: "ECP - The signature is not valid"-
#12101682	REDUCE cov: 838 ft: 2068 corp: 551/1798Kb lim: 65536 exec/s: 51938 rss: 1015Mb L: 2630/64065 MS: 2 ChangeBinInt-EraseBytes-
#12102546	REDUCE cov: 838 ft: 2069 corp: 552/1798Kb lim: 65536 exec/s: 51942 rss: 1015Mb L: 227/64065 MS: 4 ChangeBit-InsertByte-CMP-CopyPart- DE: "-----END CERTIFICATE-----"-
#12102579	REDUCE cov: 838 ft: 2069 corp: 552/1798Kb lim: 65536 exec/s: 51942 rss: 1015Mb L: 7935/64065 MS: 3 InsertRepeatedBytes-CMP-EraseBytes- DE: "Proc-Type: 8,ENCRYPTED"-
#12104076	REDUCE cov: 838 ft: 2069 corp: 552/1798Kb lim: 65536 exec/s: 51948 rss: 1015Mb L: 550/64065 MS: 2 ChangeASCIIInt-EraseBytes-
#12104667	REDUCE cov: 838 ft: 2069 corp: 552/1798Kb lim: 65536 exec/s: 51729 rss: 1015Mb L: 1053/64065 MS: 1 EraseBytes-
#12105180	REDUCE cov: 838 ft: 2069 corp: 552/1797Kb lim: 65536 exec/s: 51731 rss: 1015Mb L: 2660/64065 MS: 3 ChangeByte-ManualDict-EraseBytes- DE: "UNKNOWN_VALUE"-
#12105226	REDUCE cov: 838 ft: 2069 corp: 552/1797Kb lim: 65536 exec/s: 51731 rss: 1015Mb L: 2572/64065 MS: 1 EraseBytes-
#12105914	REDUCE cov: 838 ft: 2069 corp: 552/1797Kb lim: 65536 exec/s: 51734 rss: 1015Mb L: 2418/64065 MS: 3 ChangeASCIIInt-ShuffleBytes-EraseBytes-
#12106281	REDUCE cov: 838 ft: 2069 corp: 552/1797Kb lim: 65536 exec/s: 51736 rss: 1017Mb L: 321/64065 MS: 2 ChangeBit-EraseBytes-
#12107248	REDUCE cov: 838 ft: 2069 corp: 552/1796Kb lim: 65536 exec/s: 51740 rss: 1017Mb L: 32423/64065 MS: 2 CMP-EraseBytes- DE: "\377\377\377\377\377\377\377\377"-
#12107639	REDUCE cov: 838 ft: 2069 corp: 552/1796Kb lim: 65536 exec/s: 51742 rss: 1017Mb L: 189/64065 MS: 1 EraseBytes-
#12108042	REDUCE cov: 838 ft: 2069 corp: 552/1795Kb lim: 65536 exec/s: 51523 rss: 1017Mb L: 7133/64065 MS: 3 ManualDict-ChangeBinInt-EraseBytes- DE: "<= skip parse certificate verify"-
#12108148	REDUCE cov: 838 ft: 2069 corp: 552/1795Kb lim: 65536 exec/s: 51524 rss: 1017Mb L: 138/64065 MS: 1 EraseBytes-
#12108169	REDUCE cov: 838 ft: 2069 corp: 552/1795Kb lim: 65536 exec/s: 51524 rss: 1017Mb L: 476/64065 MS: 1 EraseBytes-
#12108407	REDUCE cov: 838 ft: 2069 corp: 552/1795Kb lim: 65536 exec/s: 51525 rss: 1017Mb L: 23920/64065 MS: 3 ChangeBit-ChangeBinInt-EraseBytes-
#12108458	REDUCE cov: 838 ft: 2069 corp: 552/1795Kb lim: 65536 exec/s: 51525 rss: 1017Mb L: 313/64065 MS: 1 EraseBytes-
#12108724	REDUCE cov: 838 ft: 2069 corp: 552/1795Kb lim: 65536 exec/s: 51526 rss: 1017Mb L: 2216/64065 MS: 1 EraseBytes-
#12108727	REDUCE cov: 838 ft: 2069 corp: 552/1795Kb lim: 65536 exec/s: 51526 rss: 1017Mb L: 2445/64065 MS: 3 InsertByte-InsertRepeatedBytes-EraseBytes-
#12109118	REDUCE cov: 838 ft: 2069 corp: 552/1795Kb lim: 65536 exec/s: 51528 rss: 1017Mb L: 321/64065 MS: 1 EraseBytes-
#12109319	REDUCE cov: 838 ft: 2069 corp: 552/1794Kb lim: 65536 exec/s: 51529 rss: 1017Mb L: 8828/64065 MS: 1 EraseBytes-
#12109430	REDUCE cov: 838 ft: 2069 corp: 552/1794Kb lim: 65536 exec/s: 51529 rss: 1017Mb L: 99/64065 MS: 1 EraseBytes-
#12109461	REDUCE cov: 838 ft: 2069 corp: 552/1794Kb lim: 65536 exec/s: 51529 rss: 1017Mb L: 79/64065 MS: 1 EraseBytes-
#12109550	REDUCE cov: 838 ft: 2069 corp: 552/1794Kb lim: 65536 exec/s: 51530 rss: 1017Mb L: 427/64065 MS: 4 ChangeByte-InsertByte-ShuffleBytes-EraseBytes-
#12110113	REDUCE cov: 838 ft: 2069 corp: 552/1794Kb lim: 65536 exec/s: 51532 rss: 1017Mb L: 3764/64065 MS: 3 InsertByte-ChangeBit-EraseBytes-
#12110147	REDUCE cov: 838 ft: 2069 corp: 552/1786Kb lim: 65536 exec/s: 51532 rss: 1017Mb L: 12530/64065 MS: 4 EraseBytes-ManualDict-InsertRepeatedBytes-CrossOver- DE: "size %"-
#12110367	REDUCE cov: 838 ft: 2069 corp: 552/1786Kb lim: 65536 exec/s: 51533 rss: 1017Mb L: 1947/64065 MS: 5 ShuffleBytes-ChangeASCIIInt-ShuffleBytes-CMP-EraseBytes- DE: "\002\000\000\000"-
#12111120	REDUCE cov: 838 ft: 2069 corp: 552/1786Kb lim: 65536 exec/s: 51536 rss: 1017Mb L: 659/64065 MS: 3 ManualDict-PersAutoDict-EraseBytes- DE: "ARIA-128-CCM"-"ECF677152EF804370C1A305CAF3B5BF1"-
#12111466	REDUCE cov: 838 ft: 2069 corp: 552/1785Kb lim: 65536 exec/s: 51538 rss: 1017Mb L: 1084/64065 MS: 1 EraseBytes-
#12111618	REDUCE cov: 838 ft: 2069 corp: 552/1785Kb lim: 65536 exec/s: 51320 rss: 1017Mb L: 3115/64065 MS: 2 ChangeByte-EraseBytes-
#12111699	REDUCE cov: 838 ft: 2069 corp: 552/1785Kb lim: 65536 exec/s: 51320 rss: 1017Mb L: 1515/64065 MS: 1 EraseBytes-
#12111891	REDUCE cov: 838 ft: 2069 corp: 552/1784Kb lim: 65536 exec/s: 51321 rss: 1017Mb L: 41441/64065 MS: 2 CopyPart-EraseBytes-
#12113814	REDUCE cov: 838 ft: 2069 corp: 552/1784Kb lim: 65536 exec/s: 51329 rss: 1017Mb L: 140/64065 MS: 3 CMP-CMP-EraseBytes- DE: "DEK-Info: DES-CBC,"-"DEK-Info: AES-256-"-
#12114005	REDUCE cov: 838 ft: 2069 corp: 552/1784Kb lim: 65536 exec/s: 51330 rss: 1017Mb L: 120/64065 MS: 1 EraseBytes-
#12114563	REDUCE cov: 838 ft: 2069 corp: 552/1784Kb lim: 65536 exec/s: 51332 rss: 1017Mb L: 459/64065 MS: 3 ChangeASCIIInt-ChangeASCIIInt-EraseBytes-
#12114681	REDUCE cov: 838 ft: 2069 corp: 552/1784Kb lim: 65536 exec/s: 51333 rss: 1017Mb L: 221/64065 MS: 3 ShuffleBytes-ManualDict-EraseBytes- DE: "ARIA-128-CFB128"-
#12114892	REDUCE cov: 838 ft: 2069 corp: 552/1784Kb lim: 65536 exec/s: 51334 rss: 1017Mb L: 926/64065 MS: 1 EraseBytes-
#12114917	REDUCE cov: 838 ft: 2069 corp: 552/1784Kb lim: 65536 exec/s: 51334 rss: 1017Mb L: 2953/64065 MS: 5 ShuffleBytes-EraseBytes-PersAutoDict-ChangeASCIIInt-ShuffleBytes- DE: "0x20"-
#12115029	REDUCE cov: 838 ft: 2069 corp: 552/1783Kb lim: 65536 exec/s: 51334 rss: 1017Mb L: 2928/64065 MS: 2 CopyPart-EraseBytes-
#12115360	REDUCE cov: 838 ft: 2069 corp: 552/1783Kb lim: 65536 exec/s: 51336 rss: 1017Mb L: 423/64065 MS: 1 EraseBytes-
#12115926	NEW    cov: 838 ft: 2070 corp: 553/1784Kb lim: 65536 exec/s: 51338 rss: 1017Mb L: 317/64065 MS: 1 CopyPart-
#12116307	REDUCE cov: 838 ft: 2070 corp: 553/1783Kb lim: 65536 exec/s: 51123 rss: 1017Mb L: 1861/64065 MS: 1 EraseBytes-
#12116533	REDUCE cov: 838 ft: 2070 corp: 553/1783Kb lim: 65536 exec/s: 51124 rss: 1017Mb L: 159/64065 MS: 1 EraseBytes-
#12116719	REDUCE cov: 838 ft: 2070 corp: 553/1783Kb lim: 65536 exec/s: 51125 rss: 1017Mb L: 762/64065 MS: 1 EraseBytes-
#12117026	REDUCE cov: 838 ft: 2070 corp: 553/1783Kb lim: 65536 exec/s: 51126 rss: 1017Mb L: 197/64065 MS: 2 ChangeBit-EraseBytes-
#12117197	REDUCE cov: 838 ft: 2070 corp: 553/1783Kb lim: 65536 exec/s: 51127 rss: 1017Mb L: 304/64065 MS: 1 EraseBytes-
#12117441	REDUCE cov: 838 ft: 2070 corp: 553/1782Kb lim: 65536 exec/s: 51128 rss: 1017Mb L: 30619/64065 MS: 4 ChangeBit-CopyPart-ChangeBinInt-EraseBytes-
#12117733	REDUCE cov: 838 ft: 2070 corp: 553/1782Kb lim: 65536 exec/s: 51129 rss: 1017Mb L: 199/64065 MS: 2 ShuffleBytes-EraseBytes-
#12119205	REDUCE cov: 838 ft: 2070 corp: 553/1781Kb lim: 65536 exec/s: 51135 rss: 1017Mb L: 2513/64065 MS: 2 ChangeBit-EraseBytes-
#12119356	REDUCE cov: 838 ft: 2070 corp: 553/1781Kb lim: 65536 exec/s: 51136 rss: 1017Mb L: 242/64065 MS: 1 EraseBytes-
#12119683	REDUCE cov: 838 ft: 2070 corp: 553/1781Kb lim: 65536 exec/s: 50923 rss: 1017Mb L: 3586/64065 MS: 2 ChangeByte-EraseBytes-
#12119756	REDUCE cov: 838 ft: 2070 corp: 553/1780Kb lim: 65536 exec/s: 50923 rss: 1017Mb L: 4861/64065 MS: 3 ManualDict-InsertRepeatedBytes-EraseBytes- DE: "=> write certificate"-
#12120427	REDUCE cov: 838 ft: 2070 corp: 553/1780Kb lim: 65536 exec/s: 50926 rss: 1017Mb L: 143/64065 MS: 1 EraseBytes-
#12121001	REDUCE cov: 838 ft: 2070 corp: 553/1780Kb lim: 65536 exec/s: 50928 rss: 1017Mb L: 2890/64065 MS: 4 ChangeASCIIInt-ChangeBinInt-EraseBytes-CopyPart-
#12121212	REDUCE cov: 838 ft: 2070 corp: 553/1780Kb lim: 65536 exec/s: 50929 rss: 1017Mb L: 868/64065 MS: 1 EraseBytes-
#12122125	REDUCE cov: 838 ft: 2070 corp: 553/1780Kb lim: 65536 exec/s: 50933 rss: 1017Mb L: 492/64065 MS: 3 EraseBytes-ShuffleBytes-CopyPart-
#12122536	REDUCE cov: 838 ft: 2070 corp: 553/1780Kb lim: 65536 exec/s: 50935 rss: 1017Mb L: 4771/64065 MS: 1 EraseBytes-
#12122627	REDUCE cov: 838 ft: 2070 corp: 553/1780Kb lim: 65536 exec/s: 50935 rss: 1017Mb L: 264/64065 MS: 1 EraseBytes-
#12123168	REDUCE cov: 838 ft: 2070 corp: 553/1778Kb lim: 65536 exec/s: 50937 rss: 1017Mb L: 51185/64065 MS: 1 EraseBytes-
#12123359	REDUCE cov: 838 ft: 2070 corp: 553/1778Kb lim: 65536 exec/s: 50938 rss: 1017Mb L: 2299/64065 MS: 1 EraseBytes-
#12123985	REDUCE cov: 838 ft: 2070 corp: 553/1778Kb lim: 65536 exec/s: 50727 rss: 1017Mb L: 3455/64065 MS: 1 EraseBytes-
#12124711	NEW    cov: 838 ft: 2071 corp: 554/1778Kb lim: 65536 exec/s: 50731 rss: 1017Mb L: 527/64065 MS: 1 CopyPart-
#12125390	REDUCE cov: 838 ft: 2071 corp: 554/1778Kb lim: 65536 exec/s: 50733 rss: 1017Mb L: 2167/64065 MS: 4 ShuffleBytes-ChangeByte-ChangeByte-EraseBytes-
#12126167	REDUCE cov: 838 ft: 2071 corp: 554/1778Kb lim: 65536 exec/s: 50737 rss: 1017Mb L: 924/64065 MS: 2 InsertRepeatedBytes-EraseBytes-
#12126488	REDUCE cov: 838 ft: 2071 corp: 554/1778Kb lim: 65536 exec/s: 50738 rss: 1017Mb L: 185/64065 MS: 1 EraseBytes-
#12126655	REDUCE cov: 838 ft: 2071 corp: 554/1778Kb lim: 65536 exec/s: 50739 rss: 1017Mb L: 1370/64065 MS: 2 ChangeBinInt-EraseBytes-
#12127078	REDUCE cov: 838 ft: 2071 corp: 554/1778Kb lim: 65536 exec/s: 50740 rss: 1017Mb L: 2888/64065 MS: 3 InsertByte-ChangeBinInt-EraseBytes-
#12127340	REDUCE cov: 838 ft: 2071 corp: 554/1778Kb lim: 65536 exec/s: 50742 rss: 1017Mb L: 473/64065 MS: 2 ChangeByte-EraseBytes-
#12127463	REDUCE cov: 838 ft: 2071 corp: 554/1778Kb lim: 65536 exec/s: 50742 rss: 1017Mb L: 1921/64065 MS: 3 PersAutoDict-ChangeBit-EraseBytes- DE: "DHM: X "-
#12127629	REDUCE cov: 838 ft: 2071 corp: 554/1778Kb lim: 65536 exec/s: 50743 rss: 1017Mb L: 109/64065 MS: 1 EraseBytes-
#12127655	REDUCE cov: 838 ft: 2071 corp: 554/1778Kb lim: 65536 exec/s: 50743 rss: 1017Mb L: 1105/64065 MS: 1 EraseBytes-
#12128731	REDUCE cov: 838 ft: 2071 corp: 554/1778Kb lim: 65536 exec/s: 50536 rss: 1017Mb L: 448/64065 MS: 1 EraseBytes-
#12129417	REDUCE cov: 838 ft: 2071 corp: 554/1778Kb lim: 65536 exec/s: 50539 rss: 1017Mb L: 81/64065 MS: 1 EraseBytes-
#12129753	REDUCE cov: 838 ft: 2071 corp: 554/1778Kb lim: 65536 exec/s: 50540 rss: 1017Mb L: 346/64065 MS: 1 EraseBytes-
#12129822	REDUCE cov: 838 ft: 2071 corp: 554/1778Kb lim: 65536 exec/s: 50540 rss: 1017Mb L: 2036/64065 MS: 4 ChangeBit-ChangeBinInt-ShuffleBytes-EraseBytes-
#12130773	REDUCE cov: 838 ft: 2071 corp: 554/1778Kb lim: 65536 exec/s: 50544 rss: 1017Mb L: 15035/64065 MS: 1 EraseBytes-
#12130995	REDUCE cov: 838 ft: 2071 corp: 554/1777Kb lim: 65536 exec/s: 50545 rss: 1017Mb L: 1118/64065 MS: 2 ShuffleBytes-EraseBytes-
#12131201	REDUCE cov: 838 ft: 2071 corp: 554/1777Kb lim: 65536 exec/s: 50336 rss: 1017Mb L: 2865/64065 MS: 1 EraseBytes-
#12131315	REDUCE cov: 838 ft: 2071 corp: 554/1777Kb lim: 65536 exec/s: 50337 rss: 1017Mb L: 303/64065 MS: 4 InsertRepeatedBytes-CopyPart-ChangeBit-EraseBytes-
#12131606	REDUCE cov: 838 ft: 2071 corp: 554/1777Kb lim: 65536 exec/s: 50338 rss: 1017Mb L: 502/64065 MS: 1 EraseBytes-
#12131687	REDUCE cov: 838 ft: 2071 corp: 554/1777Kb lim: 65536 exec/s: 50338 rss: 1017Mb L: 2171/64065 MS: 1 EraseBytes-
#12131959	REDUCE cov: 838 ft: 2071 corp: 554/1776Kb lim: 65536 exec/s: 50340 rss: 1017Mb L: 6284/64065 MS: 2 ShuffleBytes-EraseBytes-
#12132305	REDUCE cov: 838 ft: 2071 corp: 554/1776Kb lim: 65536 exec/s: 50341 rss: 1017Mb L: 1788/64065 MS: 1 EraseBytes-
#12132311	REDUCE cov: 838 ft: 2071 corp: 554/1776Kb lim: 65536 exec/s: 50341 rss: 1017Mb L: 496/64065 MS: 1 EraseBytes-
#12132619	REDUCE cov: 838 ft: 2071 corp: 554/1776Kb lim: 65536 exec/s: 50342 rss: 1017Mb L: 882/64065 MS: 3 EraseBytes-ChangeASCIIInt-ManualDict- DE: "MBEDTLS_AES_USE_HARDWARE_ONLY defined, but not all prerequisites"-
#12133255	REDUCE cov: 838 ft: 2071 corp: 554/1775Kb lim: 65536 exec/s: 50345 rss: 1017Mb L: 135/64065 MS: 1 EraseBytes-
#12133334	REDUCE cov: 838 ft: 2071 corp: 554/1775Kb lim: 65536 exec/s: 50345 rss: 1017Mb L: 808/64065 MS: 4 ManualDict-InsertByte-ShuffleBytes-EraseBytes- DE: "ARIA-256-GCM"-
#12133368	REDUCE cov: 838 ft: 2071 corp: 554/1775Kb lim: 65536 exec/s: 50345 rss: 1017Mb L: 629/64065 MS: 4 CrossOver-PersAutoDict-CopyPart-EraseBytes- DE: "DHM - Making of the public value failed"-
#12133526	REDUCE cov: 838 ft: 2071 corp: 554/1775Kb lim: 65536 exec/s: 50346 rss: 1017Mb L: 250/64065 MS: 3 ChangeByte-ChangeByte-EraseBytes-
#12133662	REDUCE cov: 838 ft: 2071 corp: 554/1775Kb lim: 65536 exec/s: 50347 rss: 1017Mb L: 1471/64065 MS: 1 EraseBytes-
#12133807	REDUCE cov: 838 ft: 2071 corp: 554/1772Kb lim: 65536 exec/s: 50347 rss: 1017Mb L: 14693/64065 MS: 5 ChangeByte-InsertRepeatedBytes-CopyPart-ChangeBit-EraseBytes-
#12133838	REDUCE cov: 838 ft: 2071 corp: 554/1772Kb lim: 65536 exec/s: 50347 rss: 1017Mb L: 196/64065 MS: 1 EraseBytes-
#12133864	REDUCE cov: 838 ft: 2071 corp: 554/1772Kb lim: 65536 exec/s: 50347 rss: 1017Mb L: 319/64065 MS: 1 EraseBytes-
#12134319	REDUCE cov: 838 ft: 2071 corp: 554/1772Kb lim: 65536 exec/s: 50349 rss: 1017Mb L: 18314/64065 MS: 5 ChangeBit-ChangeBinInt-EraseBytes-PersAutoDict-ChangeBinInt- DE: ") "-
#12134665	REDUCE cov: 838 ft: 2071 corp: 554/1772Kb lim: 65536 exec/s: 50351 rss: 1017Mb L: 294/64065 MS: 1 EraseBytes-
#12134699	REDUCE cov: 838 ft: 2071 corp: 554/1772Kb lim: 65536 exec/s: 50351 rss: 1017Mb L: 1080/64065 MS: 4 InsertRepeatedBytes-ManualDict-ChangeASCIIInt-EraseBytes- DE: "AES-128-GCM"-
#12135459	REDUCE cov: 838 ft: 2071 corp: 554/1771Kb lim: 65536 exec/s: 50146 rss: 1017Mb L: 18658/64065 MS: 5 ChangeASCIIInt-CMP-InsertByte-ManualDict-EraseBytes- DE: "\007\000\000\000"-"CAMELLIA-128-CFB128"-
#12135730	REDUCE cov: 838 ft: 2071 corp: 554/1771Kb lim: 65536 exec/s: 50147 rss: 1017Mb L: 265/64065 MS: 1 EraseBytes-
#12136786	REDUCE cov: 838 ft: 2071 corp: 554/1771Kb lim: 65536 exec/s: 50152 rss: 1017Mb L: 134/64065 MS: 1 EraseBytes-
#12136808	REDUCE cov: 838 ft: 2071 corp: 554/1771Kb lim: 65536 exec/s: 50152 rss: 1017Mb L: 1569/64065 MS: 2 InsertByte-EraseBytes-
#12136884	REDUCE cov: 838 ft: 2071 corp: 554/1771Kb lim: 65536 exec/s: 50152 rss: 1017Mb L: 149/64065 MS: 1 EraseBytes-
#12137470	REDUCE cov: 838 ft: 2071 corp: 554/1771Kb lim: 65536 exec/s: 50154 rss: 1017Mb L: 312/64065 MS: 1 EraseBytes-
#12138657	REDUCE cov: 838 ft: 2071 corp: 554/1770Kb lim: 65536 exec/s: 50159 rss: 1017Mb L: 23104/64065 MS: 2 ChangeASCIIInt-EraseBytes-
#12138964	REDUCE cov: 838 ft: 2071 corp: 554/1770Kb lim: 65536 exec/s: 50161 rss: 1017Mb L: 649/64065 MS: 2 ChangeByte-EraseBytes-
#12139586	REDUCE cov: 838 ft: 2071 corp: 554/1770Kb lim: 65536 exec/s: 49957 rss: 1017Mb L: 30361/64065 MS: 2 CopyPart-EraseBytes-
#12139732	REDUCE cov: 838 ft: 2071 corp: 554/1770Kb lim: 65536 exec/s: 49957 rss: 1017Mb L: 788/64065 MS: 1 EraseBytes-
#12139954	REDUCE cov: 838 ft: 2071 corp: 554/1770Kb lim: 65536 exec/s: 49958 rss: 1017Mb L: 456/64065 MS: 2 ShuffleBytes-EraseBytes-
#12140635	REDUCE cov: 838 ft: 2071 corp: 554/1770Kb lim: 65536 exec/s: 49961 rss: 1017Mb L: 854/64065 MS: 1 EraseBytes-
#12141986	REDUCE cov: 838 ft: 2071 corp: 554/1770Kb lim: 65536 exec/s: 49967 rss: 1017Mb L: 185/64065 MS: 1 EraseBytes-
#12142302	REDUCE cov: 838 ft: 2071 corp: 554/1770Kb lim: 65536 exec/s: 49968 rss: 1017Mb L: 413/64065 MS: 1 EraseBytes-
#12142353	REDUCE cov: 838 ft: 2071 corp: 554/1769Kb lim: 65536 exec/s: 49968 rss: 1017Mb L: 4490/64065 MS: 1 EraseBytes-
#12142399	REDUCE cov: 838 ft: 2071 corp: 554/1769Kb lim: 65536 exec/s: 49968 rss: 1017Mb L: 16246/64065 MS: 1 EraseBytes-
#12142405	REDUCE cov: 838 ft: 2071 corp: 554/1769Kb lim: 65536 exec/s: 49968 rss: 1017Mb L: 520/64065 MS: 1 EraseBytes-
#12142711	REDUCE cov: 838 ft: 2071 corp: 554/1769Kb lim: 65536 exec/s: 49970 rss: 1017Mb L: 1616/64065 MS: 1 EraseBytes-
#12143042	REDUCE cov: 838 ft: 2071 corp: 554/1769Kb lim: 65536 exec/s: 49766 rss: 1017Mb L: 2762/64065 MS: 1 EraseBytes-
#12143170	REDUCE cov: 838 ft: 2071 corp: 554/1769Kb lim: 65536 exec/s: 49767 rss: 1017Mb L: 1048/64065 MS: 3 CopyPart-ChangeByte-EraseBytes-
#12143531	REDUCE cov: 838 ft: 2071 corp: 554/1769Kb lim: 65536 exec/s: 49768 rss: 1017Mb L: 4849/64065 MS: 1 EraseBytes-
#12143637	REDUCE cov: 838 ft: 2071 corp: 554/1768Kb lim: 65536 exec/s: 49769 rss: 1017Mb L: 1050/64065 MS: 1 EraseBytes-
#12144649	REDUCE cov: 838 ft: 2071 corp: 554/1768Kb lim: 65536 exec/s: 49773 rss: 1017Mb L: 511/64065 MS: 2 ChangeBit-EraseBytes-
#12144715	REDUCE cov: 838 ft: 2071 corp: 554/1768Kb lim: 65536 exec/s: 49773 rss: 1017Mb L: 1244/64065 MS: 1 EraseBytes-
#12144866	REDUCE cov: 838 ft: 2071 corp: 554/1768Kb lim: 65536 exec/s: 49774 rss: 1017Mb L: 5870/64065 MS: 1 EraseBytes-
#12145492	REDUCE cov: 838 ft: 2071 corp: 554/1768Kb lim: 65536 exec/s: 49776 rss: 1017Mb L: 380/64065 MS: 1 EraseBytes-
#12145758	REDUCE cov: 838 ft: 2071 corp: 554/1768Kb lim: 65536 exec/s: 49777 rss: 1017Mb L: 436/64065 MS: 1 EraseBytes-
#12146145	REDUCE cov: 838 ft: 2071 corp: 554/1768Kb lim: 65536 exec/s: 49576 rss: 1017Mb L: 17465/64065 MS: 2 CrossOver-EraseBytes-
#12147062	REDUCE cov: 838 ft: 2071 corp: 554/1767Kb lim: 65536 exec/s: 49579 rss: 1017Mb L: 1673/64065 MS: 2 EraseBytes-CopyPart-
#12147093	REDUCE cov: 838 ft: 2071 corp: 554/1767Kb lim: 65536 exec/s: 49579 rss: 1017Mb L: 143/64065 MS: 1 EraseBytes-
#12147630	REDUCE cov: 838 ft: 2071 corp: 554/1767Kb lim: 65536 exec/s: 49582 rss: 1017Mb L: 985/64065 MS: 2 ChangeBit-EraseBytes-
#12147753	REDUCE cov: 838 ft: 2071 corp: 554/1767Kb lim: 65536 exec/s: 49582 rss: 1017Mb L: 5300/64065 MS: 3 ManualDict-ManualDict-EraseBytes- DE: "PEM - PEM string is not as expected"-"+w"-
#12148519	REDUCE cov: 838 ft: 2071 corp: 554/1766Kb lim: 65536 exec/s: 49585 rss: 1017Mb L: 17133/64065 MS: 1 EraseBytes-
#12148630	REDUCE cov: 838 ft: 2071 corp: 554/1765Kb lim: 65536 exec/s: 49586 rss: 1017Mb L: 2341/64065 MS: 1 EraseBytes-
#12149051	REDUCE cov: 838 ft: 2071 corp: 554/1764Kb lim: 65536 exec/s: 49587 rss: 1017Mb L: 50334/64065 MS: 1 EraseBytes-
#12150069	REDUCE cov: 838 ft: 2071 corp: 554/1764Kb lim: 65536 exec/s: 49592 rss: 1017Mb L: 1805/64065 MS: 3 PersAutoDict-ChangeByte-EraseBytes- DE: "DHM - Making of the public value failed"-
#12150211	REDUCE cov: 838 ft: 2071 corp: 554/1764Kb lim: 65536 exec/s: 49391 rss: 1017Mb L: 395/64065 MS: 2 ChangeByte-EraseBytes-
#12150710	REDUCE cov: 838 ft: 2071 corp: 554/1764Kb lim: 65536 exec/s: 49393 rss: 1017Mb L: 199/64065 MS: 4 ChangeBinInt-ChangeBinInt-ManualDict-EraseBytes- DE: "verify hash"-
#12150992	REDUCE cov: 838 ft: 2071 corp: 554/1764Kb lim: 65536 exec/s: 49394 rss: 1017Mb L: 137/64065 MS: 2 ChangeBinInt-EraseBytes-
#12151209	REDUCE cov: 838 ft: 2071 corp: 554/1764Kb lim: 65536 exec/s: 49395 rss: 1017Mb L: 12075/64065 MS: 2 CrossOver-EraseBytes-
#12152275	REDUCE cov: 838 ft: 2071 corp: 554/1764Kb lim: 65536 exec/s: 49399 rss: 1017Mb L: 1520/64065 MS: 1 EraseBytes-
#12152583	REDUCE cov: 838 ft: 2071 corp: 554/1764Kb lim: 65536 exec/s: 49400 rss: 1017Mb L: 9230/64065 MS: 3 InsertRepeatedBytes-CopyPart-EraseBytes-
#12152999	REDUCE cov: 838 ft: 2072 corp: 555/1769Kb lim: 65536 exec/s: 49402 rss: 1017Mb L: 5467/64065 MS: 1 CopyPart-
#12153060	REDUCE cov: 838 ft: 2072 corp: 555/1769Kb lim: 65536 exec/s: 49402 rss: 1017Mb L: 3913/64065 MS: 1 EraseBytes-
#12154168	REDUCE cov: 838 ft: 2072 corp: 555/1768Kb lim: 65536 exec/s: 49207 rss: 1017Mb L: 517/64065 MS: 3 CMP-ChangeByte-EraseBytes- DE: "\377\377\377\377\377\377\001\247"-
#12154585	REDUCE cov: 838 ft: 2072 corp: 555/1768Kb lim: 65536 exec/s: 49208 rss: 1017Mb L: 14367/64065 MS: 2 CMP-EraseBytes- DE: "-----END CERTIFICATE-----"-
#12156562	REDUCE cov: 838 ft: 2072 corp: 555/1768Kb lim: 65536 exec/s: 49216 rss: 1017Mb L: 16918/64065 MS: 2 InsertRepeatedBytes-EraseBytes-
#12156610	NEW    cov: 838 ft: 2073 corp: 556/1778Kb lim: 65536 exec/s: 49217 rss: 1017Mb L: 10539/64065 MS: 3 PersAutoDict-ManualDict-CopyPart- DE: "mbedtls/ecp.h"-"mbedtls/lms.h"-
#12156877	REDUCE cov: 838 ft: 2073 corp: 556/1778Kb lim: 65536 exec/s: 49218 rss: 1017Mb L: 14234/64065 MS: 2 ManualDict-EraseBytes- DE: "Minimum version of Clang for MBEDTLS_AESCE_C on aarch64 is 4.0."-
#12157104	REDUCE cov: 838 ft: 2073 corp: 556/1778Kb lim: 65536 exec/s: 49219 rss: 1017Mb L: 59018/64065 MS: 2 CrossOver-EraseBytes-
#12157140	REDUCE cov: 838 ft: 2073 corp: 556/1778Kb lim: 65536 exec/s: 49219 rss: 1017Mb L: 601/64065 MS: 1 EraseBytes-
#12157187	REDUCE cov: 838 ft: 2073 corp: 556/1778Kb lim: 65536 exec/s: 49219 rss: 1017Mb L: 2977/64065 MS: 2 ChangeByte-EraseBytes-
#12157595	REDUCE cov: 838 ft: 2073 corp: 556/1778Kb lim: 65536 exec/s: 49221 rss: 1017Mb L: 184/64065 MS: 3 ManualDict-InsertRepeatedBytes-EraseBytes- DE: "mbedtls/chacha20.h"-
#12158001	REDUCE cov: 838 ft: 2073 corp: 556/1778Kb lim: 65536 exec/s: 49222 rss: 1017Mb L: 110/64065 MS: 1 EraseBytes-
#12158072	REDUCE cov: 838 ft: 2073 corp: 556/1773Kb lim: 65536 exec/s: 49222 rss: 1017Mb L: 5822/64065 MS: 1 EraseBytes-
#12159316	REDUCE cov: 838 ft: 2073 corp: 556/1772Kb lim: 65536 exec/s: 49029 rss: 1017Mb L: 25257/64065 MS: 4 InsertByte-CrossOver-CopyPart-EraseBytes-
#12159498	REDUCE cov: 838 ft: 2073 corp: 556/1772Kb lim: 65536 exec/s: 49030 rss: 1017Mb L: 219/64065 MS: 2 InsertByte-EraseBytes-
#12159689	REDUCE cov: 838 ft: 2073 corp: 556/1772Kb lim: 65536 exec/s: 49031 rss: 1017Mb L: 740/64065 MS: 1 EraseBytes-
#12160295	REDUCE cov: 838 ft: 2073 corp: 556/1772Kb lim: 65536 exec/s: 49033 rss: 1017Mb L: 70/64065 MS: 1 EraseBytes-
#12161847	REDUCE cov: 838 ft: 2073 corp: 556/1772Kb lim: 65536 exec/s: 49039 rss: 1017Mb L: 30280/64065 MS: 2 CMP-EraseBytes- DE: "DEK-Hnfo: AES-128-"-
#12162110	REDUCE cov: 838 ft: 2073 corp: 556/1772Kb lim: 65536 exec/s: 49040 rss: 1017Mb L: 102/64065 MS: 3 PersAutoDict-ChangeBinInt-EraseBytes- DE: "\000\000"-
#12162151	REDUCE cov: 838 ft: 2073 corp: 556/1772Kb lim: 65536 exec/s: 49040 rss: 1017Mb L: 298/64065 MS: 1 EraseBytes-
#12162897	REDUCE cov: 838 ft: 2073 corp: 556/1772Kb lim: 65536 exec/s: 48846 rss: 1017Mb L: 6127/64065 MS: 1 EraseBytes-
#12162928	REDUCE cov: 838 ft: 2073 corp: 556/1772Kb lim: 65536 exec/s: 48847 rss: 1017Mb L: 296/64065 MS: 1 EraseBytes-
#12163241	REDUCE cov: 838 ft: 2073 corp: 556/1771Kb lim: 65536 exec/s: 48848 rss: 1017Mb L: 924/64065 MS: 3 ChangeByte-ChangeBit-EraseBytes-
#12164469	REDUCE cov: 838 ft: 2073 corp: 556/1771Kb lim: 65536 exec/s: 48853 rss: 1017Mb L: 246/64065 MS: 3 ChangeByte-CopyPart-EraseBytes-
#12164783	REDUCE cov: 838 ft: 2073 corp: 556/1771Kb lim: 65536 exec/s: 48854 rss: 1017Mb L: 2144/64065 MS: 4 ShuffleBytes-ShuffleBytes-ChangeBit-EraseBytes-
#12165621	REDUCE cov: 838 ft: 2073 corp: 556/1771Kb lim: 65536 exec/s: 48857 rss: 1017Mb L: 499/64065 MS: 3 ChangeBit-InsertByte-EraseBytes-
#12165912	REDUCE cov: 838 ft: 2073 corp: 556/1771Kb lim: 65536 exec/s: 48859 rss: 1017Mb L: 1389/64065 MS: 1 EraseBytes-
#12165918	REDUCE cov: 838 ft: 2073 corp: 556/1771Kb lim: 65536 exec/s: 48859 rss: 1017Mb L: 11959/64065 MS: 1 EraseBytes-
#12166127	REDUCE cov: 838 ft: 2073 corp: 556/1771Kb lim: 65536 exec/s: 48859 rss: 1017Mb L: 95/64065 MS: 4 ChangeBinInt-InsertRepeatedBytes-ChangeByte-EraseBytes-
#12166674	REDUCE cov: 838 ft: 2073 corp: 556/1771Kb lim: 65536 exec/s: 48862 rss: 1017Mb L: 277/64065 MS: 2 ShuffleBytes-EraseBytes-
#12166800	REDUCE cov: 838 ft: 2074 corp: 557/1817Kb lim: 65536 exec/s: 48862 rss: 1017Mb L: 47610/64065 MS: 1 CopyPart-
#12166971	REDUCE cov: 838 ft: 2074 corp: 557/1817Kb lim: 65536 exec/s: 48667 rss: 1017Mb L: 908/64065 MS: 1 EraseBytes-
#12167052	REDUCE cov: 838 ft: 2074 corp: 557/1817Kb lim: 65536 exec/s: 48668 rss: 1017Mb L: 8768/64065 MS: 1 EraseBytes-
#12167217	REDUCE cov: 838 ft: 2074 corp: 557/1817Kb lim: 65536 exec/s: 48668 rss: 1017Mb L: 652/64065 MS: 5 ShuffleBytes-InsertByte-InsertByte-PersAutoDict-EraseBytes- DE: "\377\377\377\377\377\377\377\262"-
#12167480	REDUCE cov: 838 ft: 2074 corp: 557/1817Kb lim: 65536 exec/s: 48669 rss: 1017Mb L: 1016/64065 MS: 3 CMP-ChangeBinInt-EraseBytes- DE: "*\206H\206\367\015\001\001\005"-
#12167565	REDUCE cov: 838 ft: 2074 corp: 557/1817Kb lim: 65536 exec/s: 48670 rss: 1017Mb L: 105/64065 MS: 5 InsertByte-CMP-ChangeASCIIInt-ChangeByte-EraseBytes- DE: "-----END CERTIFICATE-----"-
#12167918	REDUCE cov: 838 ft: 2074 corp: 557/1812Kb lim: 65536 exec/s: 48671 rss: 1017Mb L: 45461/64065 MS: 3 ChangeBit-ChangeBinInt-EraseBytes-
#12168051	REDUCE cov: 838 ft: 2074 corp: 557/1812Kb lim: 65536 exec/s: 48672 rss: 1017Mb L: 2337/64065 MS: 3 ChangeBit-ChangeASCIIInt-EraseBytes-
#12168437	REDUCE cov: 838 ft: 2074 corp: 557/1812Kb lim: 65536 exec/s: 48673 rss: 1017Mb L: 5507/64065 MS: 1 EraseBytes-
#12168648	REDUCE cov: 838 ft: 2074 corp: 557/1812Kb lim: 65536 exec/s: 48674 rss: 1017Mb L: 466/64065 MS: 1 EraseBytes-
#12168749	REDUCE cov: 838 ft: 2074 corp: 557/1812Kb lim: 65536 exec/s: 48674 rss: 1017Mb L: 464/64065 MS: 1 EraseBytes-
#12169203	REDUCE cov: 838 ft: 2074 corp: 557/1810Kb lim: 65536 exec/s: 48676 rss: 1017Mb L: 28691/64065 MS: 4 CopyPart-ChangeBit-InsertByte-EraseBytes-
#12169294	REDUCE cov: 838 ft: 2074 corp: 557/1810Kb lim: 65536 exec/s: 48677 rss: 1017Mb L: 1045/64065 MS: 1 EraseBytes-
#12169401	REDUCE cov: 838 ft: 2074 corp: 557/1810Kb lim: 65536 exec/s: 48677 rss: 1017Mb L: 1730/64065 MS: 2 CrossOver-EraseBytes-
#12169997	REDUCE cov: 838 ft: 2074 corp: 557/1810Kb lim: 65536 exec/s: 48679 rss: 1017Mb L: 176/64065 MS: 1 EraseBytes-
#12170233	REDUCE cov: 838 ft: 2074 corp: 557/1810Kb lim: 65536 exec/s: 48680 rss: 1017Mb L: 87/64065 MS: 1 EraseBytes-
#12170360	REDUCE cov: 838 ft: 2074 corp: 557/1810Kb lim: 65536 exec/s: 48681 rss: 1017Mb L: 177/64065 MS: 2 ChangeBit-EraseBytes-
#12171418	REDUCE cov: 838 ft: 2074 corp: 557/1810Kb lim: 65536 exec/s: 48491 rss: 1017Mb L: 264/64065 MS: 3 ShuffleBytes-ManualDict-EraseBytes- DE: "bad legacy compression method"-
#12171810	REDUCE cov: 838 ft: 2074 corp: 557/1810Kb lim: 65536 exec/s: 48493 rss: 1017Mb L: 83/64065 MS: 2 ChangeBinInt-EraseBytes-
#12172107	REDUCE cov: 838 ft: 2074 corp: 557/1810Kb lim: 65536 exec/s: 48494 rss: 1017Mb L: 85/64065 MS: 2 CopyPart-EraseBytes-
#12172958	REDUCE cov: 838 ft: 2074 corp: 557/1810Kb lim: 65536 exec/s: 48497 rss: 1017Mb L: 248/64065 MS: 1 EraseBytes-
#12173374	REDUCE cov: 838 ft: 2074 corp: 557/1810Kb lim: 65536 exec/s: 48499 rss: 1017Mb L: 2137/64065 MS: 1 EraseBytes-
#12173785	REDUCE cov: 838 ft: 2074 corp: 557/1810Kb lim: 65536 exec/s: 48501 rss: 1017Mb L: 1550/64065 MS: 1 EraseBytes-
#12174411	REDUCE cov: 838 ft: 2074 corp: 557/1810Kb lim: 65536 exec/s: 48503 rss: 1017Mb L: 835/64065 MS: 1 EraseBytes-
#12174417	REDUCE cov: 838 ft: 2074 corp: 557/1810Kb lim: 65536 exec/s: 48503 rss: 1017Mb L: 236/64065 MS: 1 EraseBytes-
#12174715	REDUCE cov: 838 ft: 2074 corp: 557/1807Kb lim: 65536 exec/s: 48504 rss: 1017Mb L: 22394/64065 MS: 3 PersAutoDict-ChangeBinInt-EraseBytes- DE: "AES-192-CFB128"-
#12175057	REDUCE cov: 838 ft: 2074 corp: 557/1807Kb lim: 65536 exec/s: 48313 rss: 1017Mb L: 847/64065 MS: 2 ChangeByte-EraseBytes-
#12175173	REDUCE cov: 838 ft: 2074 corp: 557/1807Kb lim: 65536 exec/s: 48314 rss: 1017Mb L: 903/64065 MS: 1 EraseBytes-
#12175354	REDUCE cov: 838 ft: 2074 corp: 557/1807Kb lim: 65536 exec/s: 48314 rss: 1017Mb L: 496/64065 MS: 1 EraseBytes-
#12176281	REDUCE cov: 838 ft: 2074 corp: 557/1807Kb lim: 65536 exec/s: 48318 rss: 1017Mb L: 119/64065 MS: 2 ChangeBinInt-EraseBytes-
#12176358	REDUCE cov: 838 ft: 2074 corp: 557/1807Kb lim: 65536 exec/s: 48318 rss: 1017Mb L: 873/64065 MS: 2 ShuffleBytes-EraseBytes-
#12177611	REDUCE cov: 838 ft: 2074 corp: 557/1807Kb lim: 65536 exec/s: 48323 rss: 1017Mb L: 614/64065 MS: 3 ChangeByte-CrossOver-EraseBytes-
#12177802	REDUCE cov: 838 ft: 2074 corp: 557/1807Kb lim: 65536 exec/s: 48324 rss: 1017Mb L: 17422/64065 MS: 1 EraseBytes-
#12177958	REDUCE cov: 838 ft: 2074 corp: 557/1806Kb lim: 65536 exec/s: 48325 rss: 1017Mb L: 414/64065 MS: 1 EraseBytes-
#12177986	REDUCE cov: 838 ft: 2074 corp: 557/1806Kb lim: 65536 exec/s: 48325 rss: 1017Mb L: 557/64065 MS: 3 ChangeBit-InsertRepeatedBytes-EraseBytes-
#12178102	REDUCE cov: 838 ft: 2074 corp: 557/1806Kb lim: 65536 exec/s: 48325 rss: 1017Mb L: 1535/64065 MS: 1 EraseBytes-
#12178239	REDUCE cov: 838 ft: 2074 corp: 557/1806Kb lim: 65536 exec/s: 48326 rss: 1017Mb L: 616/64065 MS: 2 PersAutoDict-EraseBytes- DE: "\377\377\377\377"-
#12178360	REDUCE cov: 838 ft: 2074 corp: 557/1806Kb lim: 65536 exec/s: 48326 rss: 1017Mb L: 2781/64065 MS: 1 EraseBytes-
#12178836	REDUCE cov: 838 ft: 2074 corp: 557/1805Kb lim: 65536 exec/s: 48328 rss: 1017Mb L: 46403/64065 MS: 1 EraseBytes-
#12180444	REDUCE cov: 838 ft: 2074 corp: 557/1805Kb lim: 65536 exec/s: 48144 rss: 1017Mb L: 1490/64065 MS: 3 ShuffleBytes-ChangeASCIIInt-EraseBytes-
#12180573	REDUCE cov: 838 ft: 2074 corp: 557/1803Kb lim: 65536 exec/s: 48144 rss: 1017Mb L: 41623/64065 MS: 4 ChangeASCIIInt-CMP-InsertRepeatedBytes-EraseBytes- DE: "L\020\224P"-
#12181269	REDUCE cov: 838 ft: 2074 corp: 557/1803Kb lim: 65536 exec/s: 48147 rss: 1017Mb L: 592/64065 MS: 1 EraseBytes-
#12182275	REDUCE cov: 838 ft: 2074 corp: 557/1803Kb lim: 65536 exec/s: 48151 rss: 1017Mb L: 7819/64065 MS: 1 EraseBytes-
#12182861	REDUCE cov: 838 ft: 2074 corp: 557/1803Kb lim: 65536 exec/s: 48153 rss: 1017Mb L: 272/64065 MS: 1 EraseBytes-
#12183218	REDUCE cov: 838 ft: 2074 corp: 557/1803Kb lim: 65536 exec/s: 47965 rss: 1017Mb L: 306/64065 MS: 2 ChangeBit-EraseBytes-
#12183494	REDUCE cov: 838 ft: 2074 corp: 557/1802Kb lim: 65536 exec/s: 47966 rss: 1017Mb L: 28178/64065 MS: 1 EraseBytes-
#12183790	REDUCE cov: 838 ft: 2074 corp: 557/1802Kb lim: 65536 exec/s: 47967 rss: 1017Mb L: 640/64065 MS: 1 EraseBytes-
#12184836	REDUCE cov: 838 ft: 2074 corp: 557/1802Kb lim: 65536 exec/s: 47971 rss: 1017Mb L: 1220/64065 MS: 1 EraseBytes-
#12186693	REDUCE cov: 838 ft: 2074 corp: 557/1802Kb lim: 65536 exec/s: 47790 rss: 1017Mb L: 969/64065 MS: 2 InsertByte-EraseBytes-
#12186796	REDUCE cov: 838 ft: 2074 corp: 557/1802Kb lim: 65536 exec/s: 47791 rss: 1017Mb L: 736/64065 MS: 3 ManualDict-ShuffleBytes-EraseBytes- DE: "eckey.Q"-
#12187822	REDUCE cov: 838 ft: 2074 corp: 557/1801Kb lim: 65536 exec/s: 47795 rss: 1017Mb L: 15062/64065 MS: 1 EraseBytes-
#12188641	REDUCE cov: 838 ft: 2074 corp: 557/1801Kb lim: 65536 exec/s: 47798 rss: 1017Mb L: 98/64065 MS: 4 ChangeBinInt-CrossOver-CMP-EraseBytes- DE: "-----BEGIN CERTIFICATE-----"-
#12189162	REDUCE cov: 838 ft: 2074 corp: 557/1801Kb lim: 65536 exec/s: 47800 rss: 1017Mb L: 963/64065 MS: 1 EraseBytes-
#12190679	REDUCE cov: 838 ft: 2074 corp: 557/1800Kb lim: 65536 exec/s: 47806 rss: 1017Mb L: 4996/64065 MS: 2 ChangeBit-EraseBytes-
#12190990	REDUCE cov: 838 ft: 2074 corp: 557/1799Kb lim: 65536 exec/s: 47807 rss: 1017Mb L: 7991/64065 MS: 1 EraseBytes-
#12192296	REDUCE cov: 838 ft: 2074 corp: 557/1799Kb lim: 65536 exec/s: 47626 rss: 1017Mb L: 7227/64065 MS: 1 EraseBytes-
#12192853	REDUCE cov: 838 ft: 2074 corp: 557/1799Kb lim: 65536 exec/s: 47628 rss: 1017Mb L: 769/64065 MS: 2 ChangeByte-EraseBytes-
#12193024	REDUCE cov: 838 ft: 2074 corp: 557/1798Kb lim: 65536 exec/s: 47629 rss: 1017Mb L: 1015/64065 MS: 1 EraseBytes-
#12193060	REDUCE cov: 838 ft: 2074 corp: 557/1798Kb lim: 65536 exec/s: 47629 rss: 1017Mb L: 30015/64065 MS: 1 EraseBytes-
#12193604	NEW    cov: 838 ft: 2075 corp: 558/1803Kb lim: 65536 exec/s: 47631 rss: 1017Mb L: 4609/64065 MS: 4 CopyPart-ShuffleBytes-ChangeBinInt-CopyPart-
#12194610	REDUCE cov: 838 ft: 2075 corp: 558/1803Kb lim: 65536 exec/s: 47635 rss: 1017Mb L: 1409/64065 MS: 1 EraseBytes-
#12195386	REDUCE cov: 838 ft: 2075 corp: 558/1803Kb lim: 65536 exec/s: 47452 rss: 1017Mb L: 4705/64065 MS: 1 EraseBytes-
#12195503	REDUCE cov: 839 ft: 2076 corp: 559/1803Kb lim: 65536 exec/s: 47453 rss: 1017Mb L: 396/64065 MS: 2 ShuffleBytes-CrossOver-
#12195532	REDUCE cov: 839 ft: 2077 corp: 560/1804Kb lim: 65536 exec/s: 47453 rss: 1017Mb L: 815/64065 MS: 4 CopyPart-ChangeByte-ShuffleBytes-CopyPart-
#12195984	REDUCE cov: 839 ft: 2077 corp: 560/1804Kb lim: 65536 exec/s: 47455 rss: 1017Mb L: 134/64065 MS: 2 CMP-EraseBytes- DE: "\301\233\266\214"-
#12196555	REDUCE cov: 839 ft: 2077 corp: 560/1804Kb lim: 65536 exec/s: 47457 rss: 1017Mb L: 78/64065 MS: 1 EraseBytes-
#12197026	REDUCE cov: 839 ft: 2077 corp: 560/1803Kb lim: 65536 exec/s: 47459 rss: 1017Mb L: 3616/64065 MS: 1 EraseBytes-
#12197612	REDUCE cov: 839 ft: 2077 corp: 560/1803Kb lim: 65536 exec/s: 47461 rss: 1017Mb L: 714/64065 MS: 1 EraseBytes-
#12197889	REDUCE cov: 839 ft: 2077 corp: 560/1803Kb lim: 65536 exec/s: 47462 rss: 1017Mb L: 785/64065 MS: 2 ManualDict-EraseBytes- DE: "mbedtls/ecjpake.h"-
#12198341	REDUCE cov: 839 ft: 2077 corp: 560/1801Kb lim: 65536 exec/s: 47464 rss: 1017Mb L: 20049/64065 MS: 2 InsertRepeatedBytes-EraseBytes-
#12198838	REDUCE cov: 839 ft: 2077 corp: 560/1800Kb lim: 65536 exec/s: 47466 rss: 1018Mb L: 680/64065 MS: 2 PersAutoDict-EraseBytes- DE: "D5F53E93B5F123FA41680867BA110131"-
#12199229	REDUCE cov: 839 ft: 2077 corp: 560/1800Kb lim: 65536 exec/s: 47283 rss: 1019Mb L: 4452/64065 MS: 1 EraseBytes-
#12199390	REDUCE cov: 839 ft: 2077 corp: 560/1800Kb lim: 65536 exec/s: 47284 rss: 1019Mb L: 612/64065 MS: 1 EraseBytes-
#12199426	REDUCE cov: 839 ft: 2077 corp: 560/1800Kb lim: 65536 exec/s: 47284 rss: 1019Mb L: 290/64065 MS: 1 EraseBytes-
#12199515	REDUCE cov: 839 ft: 2077 corp: 560/1800Kb lim: 65536 exec/s: 47284 rss: 1019Mb L: 35551/64065 MS: 4 InsertRepeatedBytes-ChangeByte-ShuffleBytes-EraseBytes-
#12201216	REDUCE cov: 839 ft: 2078 corp: 561/1800Kb lim: 65536 exec/s: 47291 rss: 1019Mb L: 234/64065 MS: 1 CopyPart-
#12201262	REDUCE cov: 839 ft: 2078 corp: 561/1800Kb lim: 65536 exec/s: 47291 rss: 1019Mb L: 665/64065 MS: 1 EraseBytes-
#12201780	REDUCE cov: 839 ft: 2078 corp: 561/1799Kb lim: 65536 exec/s: 47293 rss: 1019Mb L: 16243/64065 MS: 3 CMP-ChangeBit-EraseBytes- DE: "\001\000\000\000\000\000\000v"-
#12201810	REDUCE cov: 839 ft: 2079 corp: 562/1862Kb lim: 65536 exec/s: 47293 rss: 1019Mb L: 64435/64435 MS: 5 CMP-CrossOver-InsertRepeatedBytes-InsertRepeatedBytes-CrossOver- DE: "\377\377\377\236"-
#12201882	REDUCE cov: 839 ft: 2079 corp: 562/1862Kb lim: 65536 exec/s: 47294 rss: 1019Mb L: 1014/64435 MS: 2 ChangeBit-EraseBytes-
#12201976	REDUCE cov: 839 ft: 2079 corp: 562/1853Kb lim: 65536 exec/s: 47294 rss: 1019Mb L: 55486/64065 MS: 4 InsertRepeatedBytes-ShuffleBytes-CrossOver-EraseBytes-
#12202057	REDUCE cov: 839 ft: 2079 corp: 562/1853Kb lim: 65536 exec/s: 47294 rss: 1019Mb L: 54716/64065 MS: 1 EraseBytes-
#12202343	REDUCE cov: 839 ft: 2079 corp: 562/1852Kb lim: 65536 exec/s: 47295 rss: 1019Mb L: 7062/64065 MS: 1 EraseBytes-
#12202501	REDUCE cov: 839 ft: 2079 corp: 562/1852Kb lim: 65536 exec/s: 47296 rss: 1019Mb L: 212/64065 MS: 3 CopyPart-ShuffleBytes-EraseBytes-
#12202537	REDUCE cov: 839 ft: 2079 corp: 562/1852Kb lim: 65536 exec/s: 47296 rss: 1019Mb L: 358/64065 MS: 1 EraseBytes-
#12203319	REDUCE cov: 839 ft: 2079 corp: 562/1831Kb lim: 65536 exec/s: 47299 rss: 1019Mb L: 33252/64065 MS: 2 ChangeASCIIInt-EraseBytes-
#12203575	REDUCE cov: 839 ft: 2079 corp: 562/1831Kb lim: 65536 exec/s: 47118 rss: 1019Mb L: 630/64065 MS: 1 EraseBytes-
#12203702	REDUCE cov: 839 ft: 2079 corp: 562/1819Kb lim: 65536 exec/s: 47118 rss: 1019Mb L: 21774/64065 MS: 2 InsertByte-EraseBytes-
#12203959	REDUCE cov: 839 ft: 2079 corp: 562/1819Kb lim: 65536 exec/s: 47119 rss: 1019Mb L: 141/64065 MS: 2 ChangeByte-EraseBytes-
#12204210	REDUCE cov: 839 ft: 2079 corp: 562/1819Kb lim: 65536 exec/s: 47120 rss: 1019Mb L: 3474/64065 MS: 1 EraseBytes-
#12204816	REDUCE cov: 839 ft: 2079 corp: 562/1819Kb lim: 65536 exec/s: 47122 rss: 1019Mb L: 269/64065 MS: 1 EraseBytes-
#12205111	REDUCE cov: 839 ft: 2079 corp: 562/1819Kb lim: 65536 exec/s: 47123 rss: 1019Mb L: 1029/64065 MS: 5 ChangeByte-ChangeASCIIInt-CopyPart-PersAutoDict-EraseBytes- DE: "CIPHER - Decryption of block requires a full block"-
#12205172	REDUCE cov: 839 ft: 2079 corp: 562/1819Kb lim: 65536 exec/s: 47124 rss: 1019Mb L: 171/64065 MS: 1 EraseBytes-
#12205712	REDUCE cov: 839 ft: 2079 corp: 562/1819Kb lim: 65536 exec/s: 47126 rss: 1019Mb L: 225/64065 MS: 5 ChangeBit-InsertByte-ManualDict-ChangeByte-EraseBytes- DE: "mbedtls/ecdsa.h"-
#12206793	REDUCE cov: 839 ft: 2079 corp: 562/1819Kb lim: 65536 exec/s: 47130 rss: 1019Mb L: 897/64065 MS: 1 EraseBytes-
#12207107	REDUCE cov: 839 ft: 2079 corp: 562/1819Kb lim: 65536 exec/s: 47131 rss: 1019Mb L: 1751/64065 MS: 4 CopyPart-ChangeByte-CopyPart-EraseBytes-
#12207578	REDUCE cov: 839 ft: 2079 corp: 562/1819Kb lim: 65536 exec/s: 47133 rss: 1019Mb L: 888/64065 MS: 1 EraseBytes-
#12207775	REDUCE cov: 839 ft: 2079 corp: 562/1819Kb lim: 65536 exec/s: 46952 rss: 1019Mb L: 454/64065 MS: 2 ShuffleBytes-EraseBytes-
#12208381	REDUCE cov: 839 ft: 2079 corp: 562/1819Kb lim: 65536 exec/s: 46955 rss: 1019Mb L: 1319/64065 MS: 1 EraseBytes-
#12208616	REDUCE cov: 839 ft: 2079 corp: 562/1818Kb lim: 65536 exec/s: 46956 rss: 1019Mb L: 9217/64065 MS: 5 ChangeBit-ChangeByte-ChangeByte-InsertRepeatedBytes-EraseBytes-
#12208711	REDUCE cov: 839 ft: 2079 corp: 562/1817Kb lim: 65536 exec/s: 46956 rss: 1019Mb L: 45314/64065 MS: 5 InsertByte-ChangeASCIIInt-InsertByte-CrossOver-EraseBytes-
#12208832	REDUCE cov: 839 ft: 2079 corp: 562/1817Kb lim: 65536 exec/s: 46957 rss: 1019Mb L: 4528/64065 MS: 1 EraseBytes-
#12209603	REDUCE cov: 839 ft: 2079 corp: 562/1817Kb lim: 65536 exec/s: 46960 rss: 1019Mb L: 610/64065 MS: 1 EraseBytes-
#12209644	REDUCE cov: 839 ft: 2080 corp: 563/1818Kb lim: 65536 exec/s: 46960 rss: 1019Mb L: 507/64065 MS: 1 CopyPart-
#12209886	REDUCE cov: 839 ft: 2080 corp: 563/1817Kb lim: 65536 exec/s: 46961 rss: 1019Mb L: 21635/64065 MS: 2 ChangeBinInt-EraseBytes-
#12210777	REDUCE cov: 839 ft: 2080 corp: 563/1815Kb lim: 65536 exec/s: 46964 rss: 1019Mb L: 25984/64065 MS: 1 EraseBytes-
#12212164	REDUCE cov: 839 ft: 2080 corp: 563/1815Kb lim: 65536 exec/s: 46789 rss: 1019Mb L: 848/64065 MS: 2 ShuffleBytes-EraseBytes-
#12212500	REDUCE cov: 839 ft: 2080 corp: 563/1815Kb lim: 65536 exec/s: 46791 rss: 1019Mb L: 6513/64065 MS: 1 EraseBytes-
#12213421	REDUCE cov: 839 ft: 2080 corp: 563/1814Kb lim: 65536 exec/s: 46794 rss: 1019Mb L: 21365/64065 MS: 1 EraseBytes-
#12214062	REDUCE cov: 839 ft: 2080 corp: 563/1814Kb lim: 65536 exec/s: 46797 rss: 1019Mb L: 1371/64065 MS: 1 EraseBytes-
#12214459	REDUCE cov: 839 ft: 2080 corp: 563/1814Kb lim: 65536 exec/s: 46798 rss: 1019Mb L: 498/64065 MS: 2 InsertByte-EraseBytes-
#12214810	REDUCE cov: 839 ft: 2080 corp: 563/1814Kb lim: 65536 exec/s: 46800 rss: 1019Mb L: 462/64065 MS: 1 EraseBytes-
#12215608	REDUCE cov: 839 ft: 2080 corp: 563/1814Kb lim: 65536 exec/s: 46624 rss: 1019Mb L: 15465/64065 MS: 3 CMP-ManualDict-EraseBytes- DE: "DEK-Info: DES-----"-"ldr %w0, [%1]"-
#12215765	REDUCE cov: 839 ft: 2080 corp: 563/1814Kb lim: 65536 exec/s: 46625 rss: 1019Mb L: 414/64065 MS: 2 ChangeByte-EraseBytes-
#12216096	REDUCE cov: 839 ft: 2080 corp: 563/1813Kb lim: 65536 exec/s: 46626 rss: 1019Mb L: 2145/64065 MS: 1 EraseBytes-
#12216252	REDUCE cov: 839 ft: 2080 corp: 563/1813Kb lim: 65536 exec/s: 46626 rss: 1019Mb L: 202/64065 MS: 1 EraseBytes-
#12216440	REDUCE cov: 839 ft: 2080 corp: 563/1813Kb lim: 65536 exec/s: 46627 rss: 1019Mb L: 2485/64065 MS: 3 ChangeByte-CrossOver-EraseBytes-
#12216868	REDUCE cov: 839 ft: 2080 corp: 563/1813Kb lim: 65536 exec/s: 46629 rss: 1019Mb L: 2028/64065 MS: 3 CMP-ChangeBinInt-EraseBytes- DE: "\217Proc-Type: 4,ENCRYPTE"-
#12218879	REDUCE cov: 839 ft: 2080 corp: 563/1813Kb lim: 65536 exec/s: 46636 rss: 1019Mb L: 157/64065 MS: 1 EraseBytes-
#12218884	REDUCE cov: 839 ft: 2081 corp: 564/1814Kb lim: 65536 exec/s: 46636 rss: 1019Mb L: 965/64065 MS: 5 EraseBytes-CrossOver-ChangeByte-ChangeBinInt-CrossOver-
#12219590	REDUCE cov: 839 ft: 2081 corp: 564/1811Kb lim: 65536 exec/s: 46639 rss: 1019Mb L: 18003/64065 MS: 1 EraseBytes-
#12220280	REDUCE cov: 839 ft: 2081 corp: 564/1809Kb lim: 65536 exec/s: 46464 rss: 1019Mb L: 43632/64065 MS: 5 ChangeByte-InsertByte-ChangeBit-InsertByte-EraseBytes-
#12222392	REDUCE cov: 839 ft: 2083 corp: 565/1812Kb lim: 65536 exec/s: 46472 rss: 1019Mb L: 2806/64065 MS: 2 InsertRepeatedBytes-CopyPart-
#12222413	REDUCE cov: 839 ft: 2083 corp: 565/1812Kb lim: 65536 exec/s: 46473 rss: 1019Mb L: 419/64065 MS: 1 EraseBytes-
#12222610	REDUCE cov: 839 ft: 2083 corp: 565/1811Kb lim: 65536 exec/s: 46473 rss: 1019Mb L: 7266/64065 MS: 2 CopyPart-EraseBytes-
#12223326	REDUCE cov: 839 ft: 2083 corp: 565/1811Kb lim: 65536 exec/s: 46476 rss: 1019Mb L: 1161/64065 MS: 1 EraseBytes-
#12223497	REDUCE cov: 839 ft: 2083 corp: 565/1811Kb lim: 65536 exec/s: 46477 rss: 1019Mb L: 2755/64065 MS: 1 EraseBytes-
#12224710	NEW    cov: 839 ft: 2084 corp: 566/1813Kb lim: 65536 exec/s: 46305 rss: 1019Mb L: 1828/64065 MS: 3 ChangeByte-CrossOver-CopyPart-
#12226426	REDUCE cov: 839 ft: 2084 corp: 566/1813Kb lim: 65536 exec/s: 46312 rss: 1019Mb L: 1761/64065 MS: 1 EraseBytes-
#12227114	REDUCE cov: 839 ft: 2084 corp: 566/1811Kb lim: 65536 exec/s: 46314 rss: 1019Mb L: 15928/64065 MS: 3 InsertRepeatedBytes-ChangeBinInt-EraseBytes-
#12227275	REDUCE cov: 839 ft: 2084 corp: 566/1810Kb lim: 65536 exec/s: 46315 rss: 1019Mb L: 2764/64065 MS: 1 EraseBytes-
#12228151	REDUCE cov: 839 ft: 2084 corp: 566/1810Kb lim: 65536 exec/s: 46143 rss: 1019Mb L: 850/64065 MS: 1 EraseBytes-
#12228702	REDUCE cov: 839 ft: 2084 corp: 566/1810Kb lim: 65536 exec/s: 46146 rss: 1019Mb L: 589/64065 MS: 1 EraseBytes-
#12229208	REDUCE cov: 839 ft: 2084 corp: 566/1810Kb lim: 65536 exec/s: 46147 rss: 1019Mb L: 962/64065 MS: 1 EraseBytes-
#12229800	REDUCE cov: 839 ft: 2084 corp: 566/1810Kb lim: 65536 exec/s: 46150 rss: 1019Mb L: 2338/64065 MS: 2 ManualDict-EraseBytes- DE: "mbedtls/cmac.h"-
#12230556	REDUCE cov: 839 ft: 2084 corp: 566/1810Kb lim: 65536 exec/s: 46153 rss: 1019Mb L: 1727/64065 MS: 1 EraseBytes-
#12230818	REDUCE cov: 839 ft: 2084 corp: 566/1810Kb lim: 65536 exec/s: 46154 rss: 1019Mb L: 15632/64065 MS: 2 CrossOver-EraseBytes-
#12231159	REDUCE cov: 839 ft: 2084 corp: 566/1810Kb lim: 65536 exec/s: 46155 rss: 1019Mb L: 612/64065 MS: 1 EraseBytes-
#12231398	REDUCE cov: 839 ft: 2084 corp: 566/1810Kb lim: 65536 exec/s: 46156 rss: 1019Mb L: 1548/64065 MS: 4 ChangeBit-InsertByte-CopyPart-EraseBytes-
#12231870	REDUCE cov: 839 ft: 2084 corp: 566/1810Kb lim: 65536 exec/s: 46158 rss: 1019Mb L: 9133/64065 MS: 2 InsertRepeatedBytes-EraseBytes-
#12232037	REDUCE cov: 839 ft: 2084 corp: 566/1810Kb lim: 65536 exec/s: 45985 rss: 1019Mb L: 87/64065 MS: 2 ChangeByte-EraseBytes-
#12232048	REDUCE cov: 839 ft: 2084 corp: 566/1810Kb lim: 65536 exec/s: 45985 rss: 1019Mb L: 971/64065 MS: 1 EraseBytes-
#12234225	REDUCE cov: 839 ft: 2084 corp: 566/1809Kb lim: 65536 exec/s: 45993 rss: 1019Mb L: 11518/64065 MS: 2 ChangeASCIIInt-EraseBytes-
#12235382	REDUCE cov: 839 ft: 2084 corp: 566/1809Kb lim: 65536 exec/s: 45997 rss: 1019Mb L: 1903/64065 MS: 2 ChangeASCIIInt-EraseBytes-
#12235634	REDUCE cov: 839 ft: 2084 corp: 566/1809Kb lim: 65536 exec/s: 45826 rss: 1019Mb L: 79/64065 MS: 2 ChangeByte-EraseBytes-
#12235951	REDUCE cov: 839 ft: 2084 corp: 566/1809Kb lim: 65536 exec/s: 45827 rss: 1019Mb L: 17052/64065 MS: 2 InsertByte-EraseBytes-
#12236029	REDUCE cov: 839 ft: 2084 corp: 566/1809Kb lim: 65536 exec/s: 45827 rss: 1019Mb L: 1084/64065 MS: 3 ShuffleBytes-ChangeByte-EraseBytes-
#12236051	REDUCE cov: 839 ft: 2084 corp: 566/1809Kb lim: 65536 exec/s: 45827 rss: 1019Mb L: 2639/64065 MS: 2 ManualDict-EraseBytes- DE: "D5F53E93B5F123FA41680867BA110131"-
#12236452	REDUCE cov: 839 ft: 2084 corp: 566/1809Kb lim: 65536 exec/s: 45829 rss: 1019Mb L: 200/64065 MS: 1 EraseBytes-
#12236473	REDUCE cov: 839 ft: 2084 corp: 566/1809Kb lim: 65536 exec/s: 45829 rss: 1019Mb L: 404/64065 MS: 1 EraseBytes-
#12236792	REDUCE cov: 839 ft: 2084 corp: 566/1808Kb lim: 65536 exec/s: 45830 rss: 1019Mb L: 992/64065 MS: 4 ChangeASCIIInt-CMP-PersAutoDict-EraseBytes- DE: "DEK-fonI: DES-CBC,-192-"-"\025\000\000\000\000\000\000\000"-
#12237025	REDUCE cov: 839 ft: 2084 corp: 566/1808Kb lim: 65536 exec/s: 45831 rss: 1019Mb L: 2012/64065 MS: 3 ChangeBit-ChangeBit-EraseBytes-
#12237893	REDUCE cov: 839 ft: 2085 corp: 567/1812Kb lim: 65536 exec/s: 45834 rss: 1020Mb L: 3264/64065 MS: 3 CopyPart-ShuffleBytes-CopyPart-
#12239424	REDUCE cov: 839 ft: 2085 corp: 567/1812Kb lim: 65536 exec/s: 45669 rss: 1020Mb L: 956/64065 MS: 1 EraseBytes-
#12239550	REDUCE cov: 839 ft: 2085 corp: 567/1811Kb lim: 65536 exec/s: 45669 rss: 1020Mb L: 40626/64065 MS: 1 EraseBytes-
#12239771	REDUCE cov: 839 ft: 2085 corp: 567/1810Kb lim: 65536 exec/s: 45670 rss: 1020Mb L: 26796/64065 MS: 1 EraseBytes-
#12240134	REDUCE cov: 839 ft: 2085 corp: 567/1810Kb lim: 65536 exec/s: 45672 rss: 1020Mb L: 2233/64065 MS: 3 ChangeASCIIInt-ShuffleBytes-EraseBytes-
#12240850	REDUCE cov: 839 ft: 2085 corp: 567/1810Kb lim: 65536 exec/s: 45674 rss: 1020Mb L: 4974/64065 MS: 1 EraseBytes-
#12241656	REDUCE cov: 839 ft: 2085 corp: 567/1810Kb lim: 65536 exec/s: 45677 rss: 1020Mb L: 81/64065 MS: 1 EraseBytes-
#12241732	REDUCE cov: 839 ft: 2085 corp: 567/1810Kb lim: 65536 exec/s: 45678 rss: 1020Mb L: 281/64065 MS: 1 EraseBytes-
#12242779	REDUCE cov: 839 ft: 2085 corp: 567/1809Kb lim: 65536 exec/s: 45682 rss: 1021Mb L: 6166/64065 MS: 2 CMP-EraseBytes- DE: "-----BEGIN CERTIFICATE-----"-
#12242976	REDUCE cov: 839 ft: 2085 corp: 567/1807Kb lim: 65536 exec/s: 45682 rss: 1021Mb L: 13049/64065 MS: 2 InsertRepeatedBytes-EraseBytes-
#12243172	REDUCE cov: 839 ft: 2085 corp: 567/1807Kb lim: 65536 exec/s: 45513 rss: 1021Mb L: 996/64065 MS: 1 EraseBytes-
#12243253	REDUCE cov: 839 ft: 2085 corp: 567/1807Kb lim: 65536 exec/s: 45513 rss: 1021Mb L: 170/64065 MS: 1 EraseBytes-
#12243675	REDUCE cov: 839 ft: 2085 corp: 567/1807Kb lim: 65536 exec/s: 45515 rss: 1021Mb L: 465/64065 MS: 2 InsertRepeatedBytes-EraseBytes-
#12243967	REDUCE cov: 839 ft: 2085 corp: 567/1807Kb lim: 65536 exec/s: 45516 rss: 1021Mb L: 432/64065 MS: 2 ChangeASCIIInt-EraseBytes-
#12244378	REDUCE cov: 839 ft: 2085 corp: 567/1807Kb lim: 65536 exec/s: 45518 rss: 1021Mb L: 3517/64065 MS: 1 EraseBytes-
#12245434	REDUCE cov: 839 ft: 2085 corp: 567/1807Kb lim: 65536 exec/s: 45522 rss: 1021Mb L: 3025/64065 MS: 1 EraseBytes-
#12246528	REDUCE cov: 839 ft: 2085 corp: 567/1800Kb lim: 65536 exec/s: 45526 rss: 1021Mb L: 6643/64065 MS: 4 InsertRepeatedBytes-InsertRepeatedBytes-ChangeByte-EraseBytes-
#12247370	REDUCE cov: 839 ft: 2085 corp: 567/1800Kb lim: 65536 exec/s: 45360 rss: 1021Mb L: 87/64065 MS: 2 ManualDict-EraseBytes- DE: " imm "-
#12247918	REDUCE cov: 839 ft: 2085 corp: 567/1800Kb lim: 65536 exec/s: 45362 rss: 1021Mb L: 13684/64065 MS: 3 InsertByte-ChangeBit-EraseBytes-
#12248305	REDUCE cov: 839 ft: 2085 corp: 567/1799Kb lim: 65536 exec/s: 45364 rss: 1021Mb L: 11074/64065 MS: 2 CopyPart-EraseBytes-
#12249281	REDUCE cov: 839 ft: 2085 corp: 567/1799Kb lim: 65536 exec/s: 45367 rss: 1021Mb L: 1025/64065 MS: 1 EraseBytes-
#12249432	REDUCE cov: 839 ft: 2085 corp: 567/1799Kb lim: 65536 exec/s: 45368 rss: 1021Mb L: 2704/64065 MS: 1 EraseBytes-
#12249473	REDUCE cov: 839 ft: 2085 corp: 567/1799Kb lim: 65536 exec/s: 45368 rss: 1021Mb L: 244/64065 MS: 1 EraseBytes-
#12249774	REDUCE cov: 839 ft: 2085 corp: 567/1799Kb lim: 65536 exec/s: 45369 rss: 1021Mb L: 213/64065 MS: 1 EraseBytes-
#12250815	REDUCE cov: 839 ft: 2085 corp: 567/1799Kb lim: 65536 exec/s: 45373 rss: 1021Mb L: 129/64065 MS: 1 EraseBytes-
#12250831	REDUCE cov: 839 ft: 2085 corp: 567/1799Kb lim: 65536 exec/s: 45373 rss: 1021Mb L: 1654/64065 MS: 1 EraseBytes-
#12251442	REDUCE cov: 839 ft: 2085 corp: 567/1799Kb lim: 65536 exec/s: 45375 rss: 1021Mb L: 213/64065 MS: 1 EraseBytes-
#12251468	REDUCE cov: 839 ft: 2085 corp: 567/1799Kb lim: 65536 exec/s: 45375 rss: 1021Mb L: 2324/64065 MS: 1 EraseBytes-
#12251524	REDUCE cov: 839 ft: 2085 corp: 567/1799Kb lim: 65536 exec/s: 45208 rss: 1021Mb L: 128/64065 MS: 1 EraseBytes-
#12251535	REDUCE cov: 839 ft: 2085 corp: 567/1799Kb lim: 65536 exec/s: 45208 rss: 1021Mb L: 405/64065 MS: 1 EraseBytes-
#12252133	REDUCE cov: 839 ft: 2085 corp: 567/1799Kb lim: 65536 exec/s: 45210 rss: 1021Mb L: 8410/64065 MS: 3 ChangeBinInt-ShuffleBytes-EraseBytes-
#12252194	REDUCE cov: 839 ft: 2085 corp: 567/1799Kb lim: 65536 exec/s: 45211 rss: 1021Mb L: 881/64065 MS: 1 EraseBytes-
#12252460	REDUCE cov: 839 ft: 2085 corp: 567/1799Kb lim: 65536 exec/s: 45212 rss: 1021Mb L: 7250/64065 MS: 1 EraseBytes-
#12253693	REDUCE cov: 839 ft: 2085 corp: 567/1799Kb lim: 65536 exec/s: 45216 rss: 1021Mb L: 21156/64065 MS: 3 ManualDict-PersAutoDict-EraseBytes- DE: "s hs traffic"-"(extended) key usage extension"-
#12254619	REDUCE cov: 839 ft: 2085 corp: 567/1799Kb lim: 65536 exec/s: 45219 rss: 1021Mb L: 302/64065 MS: 1 EraseBytes-
#12254976	REDUCE cov: 839 ft: 2085 corp: 567/1799Kb lim: 65536 exec/s: 45221 rss: 1021Mb L: 3111/64065 MS: 2 InsertByte-EraseBytes-
#12255878	REDUCE cov: 839 ft: 2085 corp: 567/1799Kb lim: 65536 exec/s: 45058 rss: 1021Mb L: 175/64065 MS: 2 ChangeASCIIInt-EraseBytes-
#12257404	REDUCE cov: 839 ft: 2085 corp: 567/1799Kb lim: 65536 exec/s: 45063 rss: 1021Mb L: 1509/64065 MS: 1 EraseBytes-
#12258027	REDUCE cov: 839 ft: 2085 corp: 567/1799Kb lim: 65536 exec/s: 45066 rss: 1021Mb L: 1452/64065 MS: 3 CMP-ChangeBinInt-EraseBytes- DE: "\377\377\335\234"-
#12258493	REDUCE cov: 839 ft: 2085 corp: 567/1798Kb lim: 65536 exec/s: 45067 rss: 1021Mb L: 1438/64065 MS: 1 EraseBytes-
#12259481	REDUCE cov: 839 ft: 2085 corp: 567/1798Kb lim: 65536 exec/s: 45071 rss: 1021Mb L: 341/64065 MS: 3 InsertByte-ChangeByte-EraseBytes-
#12260277	REDUCE cov: 839 ft: 2085 corp: 567/1798Kb lim: 65536 exec/s: 44909 rss: 1021Mb L: 317/64065 MS: 1 EraseBytes-
#12260461	REDUCE cov: 839 ft: 2086 corp: 568/1802Kb lim: 65536 exec/s: 44910 rss: 1021Mb L: 3638/64065 MS: 4 CrossOver-ChangeASCIIInt-CMP-CopyPart- DE: "DEK-Info: D--END CERTIF"-
#12260727	REDUCE cov: 839 ft: 2086 corp: 568/1802Kb lim: 65536 exec/s: 44911 rss: 1021Mb L: 45076/64065 MS: 1 EraseBytes-
#12261183	REDUCE cov: 839 ft: 2086 corp: 568/1802Kb lim: 65536 exec/s: 44912 rss: 1021Mb L: 327/64065 MS: 1 EraseBytes-
#12261184	REDUCE cov: 839 ft: 2086 corp: 568/1802Kb lim: 65536 exec/s: 44912 rss: 1021Mb L: 385/64065 MS: 1 EraseBytes-
#12262115	REDUCE cov: 839 ft: 2086 corp: 568/1801Kb lim: 65536 exec/s: 44916 rss: 1021Mb L: 1164/64065 MS: 1 EraseBytes-
#12262601	REDUCE cov: 839 ft: 2086 corp: 568/1801Kb lim: 65536 exec/s: 44917 rss: 1021Mb L: 195/64065 MS: 1 EraseBytes-
#12262613	REDUCE cov: 839 ft: 2086 corp: 568/1801Kb lim: 65536 exec/s: 44917 rss: 1021Mb L: 1136/64065 MS: 2 InsertByte-EraseBytes-
#12262745	REDUCE cov: 839 ft: 2086 corp: 568/1798Kb lim: 65536 exec/s: 44918 rss: 1021Mb L: 53829/64065 MS: 2 ManualDict-EraseBytes- DE: "CIPHER - Failed to allocate memory"-
#12263018	REDUCE cov: 839 ft: 2086 corp: 568/1798Kb lim: 65536 exec/s: 44919 rss: 1021Mb L: 102/64065 MS: 3 ChangeBinInt-ChangeBit-EraseBytes-
#12264503	REDUCE cov: 839 ft: 2086 corp: 568/1798Kb lim: 65536 exec/s: 44760 rss: 1021Mb L: 2063/64065 MS: 5 ChangeASCIIInt-CopyPart-CrossOver-ChangeBit-EraseBytes-
#12264684	REDUCE cov: 839 ft: 2086 corp: 568/1798Kb lim: 65536 exec/s: 44761 rss: 1021Mb L: 3556/64065 MS: 1 EraseBytes-
#12264932	REDUCE cov: 839 ft: 2086 corp: 568/1797Kb lim: 65536 exec/s: 44762 rss: 1021Mb L: 25338/64065 MS: 3 EraseBytes-ChangeBinInt-CopyPart-
#12265503	REDUCE cov: 839 ft: 2086 corp: 568/1797Kb lim: 65536 exec/s: 44764 rss: 1021Mb L: 53484/64065 MS: 1 EraseBytes-
#12265619	REDUCE cov: 839 ft: 2086 corp: 568/1797Kb lim: 65536 exec/s: 44765 rss: 1021Mb L: 6486/64065 MS: 1 EraseBytes-
#12265702	REDUCE cov: 839 ft: 2086 corp: 568/1795Kb lim: 65536 exec/s: 44765 rss: 1021Mb L: 5007/64065 MS: 3 ChangeBit-InsertRepeatedBytes-EraseBytes-
#12266434	REDUCE cov: 839 ft: 2086 corp: 568/1795Kb lim: 65536 exec/s: 44768 rss: 1021Mb L: 1458/64065 MS: 2 ChangeByte-EraseBytes-
#12267190	REDUCE cov: 839 ft: 2086 corp: 568/1795Kb lim: 65536 exec/s: 44607 rss: 1021Mb L: 18272/64065 MS: 1 EraseBytes-
#12267357	REDUCE cov: 839 ft: 2086 corp: 568/1795Kb lim: 65536 exec/s: 44608 rss: 1021Mb L: 738/64065 MS: 2 CopyPart-EraseBytes-
#12267518	REDUCE cov: 839 ft: 2086 corp: 568/1795Kb lim: 65536 exec/s: 44609 rss: 1021Mb L: 4656/64065 MS: 1 EraseBytes-
#12268319	REDUCE cov: 839 ft: 2086 corp: 568/1795Kb lim: 65536 exec/s: 44612 rss: 1021Mb L: 1174/64065 MS: 1 EraseBytes-
#12269127	REDUCE cov: 839 ft: 2086 corp: 568/1795Kb lim: 65536 exec/s: 44615 rss: 1021Mb L: 1494/64065 MS: 3 CopyPart-ChangeByte-EraseBytes-
#12272722	REDUCE cov: 839 ft: 2086 corp: 568/1793Kb lim: 65536 exec/s: 44466 rss: 1021Mb L: 3708/64065 MS: 5 ManualDict-PersAutoDict-EraseBytes-CrossOver-CopyPart- DE: "bad new session ticket message"-"<= parse certificate"-
#12272727	REDUCE cov: 839 ft: 2087 corp: 569/1800Kb lim: 65536 exec/s: 44466 rss: 1021Mb L: 6583/64065 MS: 5 ShuffleBytes-CopyPart-CMP-InsertByte-CopyPart- DE: "-----BEGIN CERTIFICATE-----"-
#12273314	REDUCE cov: 839 ft: 2087 corp: 569/1799Kb lim: 65536 exec/s: 44468 rss: 1021Mb L: 8578/64065 MS: 2 CopyPart-EraseBytes-
#12273802	REDUCE cov: 839 ft: 2087 corp: 569/1799Kb lim: 65536 exec/s: 44470 rss: 1021Mb L: 63654/63714 MS: 3 CMP-ChangeBit-EraseBytes- DE: "-----BEGIN CERTIFICATE-----"-
#12274358	REDUCE cov: 839 ft: 2087 corp: 569/1799Kb lim: 65536 exec/s: 44472 rss: 1021Mb L: 231/63714 MS: 1 EraseBytes-
#12274380	REDUCE cov: 839 ft: 2087 corp: 569/1799Kb lim: 65536 exec/s: 44472 rss: 1021Mb L: 1709/63714 MS: 2 ShuffleBytes-EraseBytes-
#12275506	REDUCE cov: 839 ft: 2087 corp: 569/1799Kb lim: 65536 exec/s: 44476 rss: 1021Mb L: 19679/63714 MS: 1 EraseBytes-
#12276408	REDUCE cov: 839 ft: 2087 corp: 569/1799Kb lim: 65536 exec/s: 44479 rss: 1021Mb L: 246/63714 MS: 2 ChangeByte-EraseBytes-
#12276796	REDUCE cov: 839 ft: 2087 corp: 569/1798Kb lim: 65536 exec/s: 44320 rss: 1021Mb L: 14892/63714 MS: 3 PersAutoDict-CopyPart-EraseBytes- DE: "=> parse certificate"-
#12277025	REDUCE cov: 839 ft: 2087 corp: 569/1798Kb lim: 65536 exec/s: 44321 rss: 1021Mb L: 19188/63714 MS: 4 InsertByte-ChangeBinInt-ChangeBit-EraseBytes-
#12277518	REDUCE cov: 839 ft: 2087 corp: 569/1798Kb lim: 65536 exec/s: 44323 rss: 1021Mb L: 2134/63714 MS: 3 InsertByte-ShuffleBytes-EraseBytes-
#12278150	REDUCE cov: 839 ft: 2087 corp: 569/1798Kb lim: 65536 exec/s: 44325 rss: 1021Mb L: 2126/63714 MS: 2 InsertByte-EraseBytes-
#12279313	REDUCE cov: 839 ft: 2089 corp: 570/1806Kb lim: 65536 exec/s: 44329 rss: 1021Mb L: 8112/63714 MS: 3 ChangeBinInt-CrossOver-CrossOver-
#12279340	REDUCE cov: 839 ft: 2089 corp: 570/1806Kb lim: 65536 exec/s: 44329 rss: 1021Mb L: 2025/63714 MS: 2 PersAutoDict-EraseBytes- DE: "\377\377\377\353"-
#12280060	REDUCE cov: 839 ft: 2089 corp: 570/1804Kb lim: 65536 exec/s: 44332 rss: 1021Mb L: 6285/63714 MS: 5 CopyPart-ManualDict-ChangeBinInt-ChangeBit-EraseBytes- DE: "SHA384"-
#12280194	REDUCE cov: 839 ft: 2089 corp: 570/1804Kb lim: 65536 exec/s: 44332 rss: 1021Mb L: 3458/63714 MS: 4 ShuffleBytes-ManualDict-CopyPart-EraseBytes- DE: "C3DBA76456363A10869622EAC2DD84EC"-
#12280340	REDUCE cov: 839 ft: 2089 corp: 570/1804Kb lim: 65536 exec/s: 44333 rss: 1021Mb L: 198/63714 MS: 1 EraseBytes-
#12280416	REDUCE cov: 839 ft: 2089 corp: 570/1804Kb lim: 65536 exec/s: 44333 rss: 1021Mb L: 4644/63714 MS: 1 EraseBytes-
#12281027	REDUCE cov: 839 ft: 2089 corp: 570/1803Kb lim: 65536 exec/s: 44335 rss: 1021Mb L: 5941/63714 MS: 1 EraseBytes-
#12281273	REDUCE cov: 839 ft: 2089 corp: 570/1802Kb lim: 65536 exec/s: 44336 rss: 1021Mb L: 17495/63714 MS: 1 EraseBytes-
#12281348	REDUCE cov: 839 ft: 2089 corp: 570/1802Kb lim: 65536 exec/s: 44336 rss: 1021Mb L: 6445/63714 MS: 5 InsertByte-InsertByte-ShuffleBytes-CopyPart-EraseBytes-
#12282394	REDUCE cov: 839 ft: 2089 corp: 570/1802Kb lim: 65536 exec/s: 44181 rss: 1021Mb L: 2118/63714 MS: 1 EraseBytes-
#12284295	REDUCE cov: 839 ft: 2089 corp: 570/1802Kb lim: 65536 exec/s: 44188 rss: 1021Mb L: 188/63714 MS: 1 EraseBytes-
#12285168	REDUCE cov: 839 ft: 2089 corp: 570/1801Kb lim: 65536 exec/s: 44191 rss: 1021Mb L: 3166/63714 MS: 3 ManualDict-ChangeBit-EraseBytes- DE: "CAMELLIA-128-CFB128"-
#12285430	REDUCE cov: 839 ft: 2089 corp: 570/1801Kb lim: 65536 exec/s: 44192 rss: 1021Mb L: 62644/63714 MS: 2 ManualDict-EraseBytes- DE: "EFE021C2645FD1DC586E69184AF4A31E"-
#12285796	REDUCE cov: 839 ft: 2089 corp: 570/1801Kb lim: 65536 exec/s: 44193 rss: 1021Mb L: 2340/63714 MS: 1 EraseBytes-
#12286150	REDUCE cov: 839 ft: 2089 corp: 570/1800Kb lim: 65536 exec/s: 44194 rss: 1021Mb L: 13285/63714 MS: 4 InsertByte-CopyPart-ChangeBit-EraseBytes-
#12286682	REDUCE cov: 839 ft: 2089 corp: 570/1800Kb lim: 65536 exec/s: 44038 rss: 1021Mb L: 2637/63714 MS: 2 InsertByte-EraseBytes-
#12287140	REDUCE cov: 839 ft: 2089 corp: 570/1800Kb lim: 65536 exec/s: 44039 rss: 1021Mb L: 2692/63714 MS: 3 ChangeBinInt-ChangeBit-EraseBytes-
#12288290	REDUCE cov: 839 ft: 2090 corp: 571/1808Kb lim: 65536 exec/s: 44044 rss: 1021Mb L: 8575/63714 MS: 5 CrossOver-CopyPart-ChangeASCIIInt-ChangeBinInt-CopyPart-
#12289023	REDUCE cov: 839 ft: 2090 corp: 571/1805Kb lim: 65536 exec/s: 44046 rss: 1021Mb L: 26581/63714 MS: 3 ChangeBit-InsertRepeatedBytes-EraseBytes-
#12289489	REDUCE cov: 839 ft: 2090 corp: 571/1805Kb lim: 65536 exec/s: 44048 rss: 1021Mb L: 3528/63714 MS: 1 EraseBytes-
#12290099	REDUCE cov: 839 ft: 2090 corp: 571/1805Kb lim: 65536 exec/s: 44050 rss: 1021Mb L: 8413/63714 MS: 5 InsertByte-ShuffleBytes-ChangeBinInt-CopyPart-EraseBytes-
#12290565	REDUCE cov: 839 ft: 2090 corp: 571/1805Kb lim: 65536 exec/s: 44052 rss: 1021Mb L: 847/63714 MS: 1 EraseBytes-
#12290826	REDUCE cov: 839 ft: 2090 corp: 571/1805Kb lim: 65536 exec/s: 43895 rss: 1022Mb L: 82/63714 MS: 1 EraseBytes-
#12291047	REDUCE cov: 839 ft: 2090 corp: 571/1805Kb lim: 65536 exec/s: 43896 rss: 1022Mb L: 179/63714 MS: 1 EraseBytes-
#12291098	REDUCE cov: 839 ft: 2090 corp: 571/1805Kb lim: 65536 exec/s: 43896 rss: 1022Mb L: 90/63714 MS: 1 EraseBytes-
#12291826	REDUCE cov: 839 ft: 2090 corp: 571/1804Kb lim: 65536 exec/s: 43899 rss: 1022Mb L: 570/63714 MS: 3 PersAutoDict-ChangeBinInt-EraseBytes- DE: "mbedtls/sha512.h"-
#12292415	REDUCE cov: 839 ft: 2090 corp: 571/1804Kb lim: 65536 exec/s: 43901 rss: 1022Mb L: 1704/63714 MS: 4 ManualDict-CopyPart-ChangeASCIIInt-EraseBytes- DE: "PEM - PEM string is not as expected"-
#12292967	REDUCE cov: 839 ft: 2090 corp: 571/1804Kb lim: 65536 exec/s: 43903 rss: 1022Mb L: 972/63714 MS: 2 CMP-EraseBytes- DE: "\223\377\377\377"-
#12293964	REDUCE cov: 839 ft: 2090 corp: 571/1804Kb lim: 65536 exec/s: 43907 rss: 1022Mb L: 1245/63714 MS: 2 ChangeBit-EraseBytes-
#12294888	REDUCE cov: 839 ft: 2090 corp: 571/1803Kb lim: 65536 exec/s: 43754 rss: 1022Mb L: 39506/63714 MS: 4 ChangeASCIIInt-ChangeBit-CopyPart-EraseBytes-
#12295119	REDUCE cov: 839 ft: 2090 corp: 571/1803Kb lim: 65536 exec/s: 43754 rss: 1022Mb L: 362/63714 MS: 1 EraseBytes-
#12295526	REDUCE cov: 839 ft: 2090 corp: 571/1803Kb lim: 65536 exec/s: 43756 rss: 1022Mb L: 915/63714 MS: 2 ChangeBit-EraseBytes-
#12296370	REDUCE cov: 839 ft: 2090 corp: 571/1803Kb lim: 65536 exec/s: 43759 rss: 1022Mb L: 855/63714 MS: 4 CMP-ManualDict-CrossOver-EraseBytes- DE: "2-KWPTEDProc-T"-"mbedtls/aria.h"-
#12296426	REDUCE cov: 839 ft: 2090 corp: 571/1803Kb lim: 65536 exec/s: 43759 rss: 1022Mb L: 537/63714 MS: 1 EraseBytes-
#12296938	REDUCE cov: 839 ft: 2090 corp: 571/1803Kb lim: 65536 exec/s: 43761 rss: 1022Mb L: 8221/63714 MS: 2 CrossOver-EraseBytes-
#12297359	REDUCE cov: 839 ft: 2090 corp: 571/1802Kb lim: 65536 exec/s: 43762 rss: 1022Mb L: 8297/63714 MS: 1 EraseBytes-
#12297668	REDUCE cov: 839 ft: 2090 corp: 571/1802Kb lim: 65536 exec/s: 43763 rss: 1022Mb L: 25252/63714 MS: 4 ChangeASCIIInt-ChangeBinInt-ChangeBinInt-EraseBytes-
#12297781	REDUCE cov: 839 ft: 2090 corp: 571/1802Kb lim: 65536 exec/s: 43764 rss: 1022Mb L: 1575/63714 MS: 3 InsertByte-InsertRepeatedBytes-EraseBytes-
#12297827	REDUCE cov: 839 ft: 2090 corp: 571/1802Kb lim: 65536 exec/s: 43764 rss: 1022Mb L: 172/63714 MS: 1 EraseBytes-
#12297963	REDUCE cov: 839 ft: 2090 corp: 571/1802Kb lim: 65536 exec/s: 43764 rss: 1022Mb L: 14916/63714 MS: 1 EraseBytes-
#12298399	REDUCE cov: 839 ft: 2090 corp: 571/1800Kb lim: 65536 exec/s: 43766 rss: 1022Mb L: 42205/63714 MS: 1 EraseBytes-
#12298615	REDUCE cov: 839 ft: 2090 corp: 571/1800Kb lim: 65536 exec/s: 43767 rss: 1022Mb L: 359/63714 MS: 1 EraseBytes-
#12300391	REDUCE cov: 839 ft: 2090 corp: 571/1800Kb lim: 65536 exec/s: 43618 rss: 1022Mb L: 71/63714 MS: 1 EraseBytes-
#12300563	REDUCE cov: 839 ft: 2090 corp: 571/1800Kb lim: 65536 exec/s: 43619 rss: 1022Mb L: 327/63714 MS: 2 ChangeASCIIInt-EraseBytes-
#12300904	REDUCE cov: 839 ft: 2090 corp: 571/1800Kb lim: 65536 exec/s: 43620 rss: 1022Mb L: 78/63714 MS: 1 EraseBytes-
#12301180	REDUCE cov: 839 ft: 2090 corp: 571/1800Kb lim: 65536 exec/s: 43621 rss: 1022Mb L: 26755/63714 MS: 1 EraseBytes-
#12301481	REDUCE cov: 839 ft: 2090 corp: 571/1800Kb lim: 65536 exec/s: 43622 rss: 1022Mb L: 242/63714 MS: 1 EraseBytes-
#12301728	REDUCE cov: 839 ft: 2090 corp: 571/1800Kb lim: 65536 exec/s: 43623 rss: 1023Mb L: 558/63714 MS: 2 InsertRepeatedBytes-EraseBytes-
#12302156	REDUCE cov: 839 ft: 2090 corp: 571/1800Kb lim: 65536 exec/s: 43624 rss: 1023Mb L: 1602/63714 MS: 3 ManualDict-CMP-EraseBytes- DE: "CID extension invalid"-"\377\377\377\377\377\377\377\377"-
#12304717	REDUCE cov: 839 ft: 2090 corp: 571/1800Kb lim: 65536 exec/s: 43479 rss: 1023Mb L: 11429/63714 MS: 1 EraseBytes-
#12305203	REDUCE cov: 839 ft: 2090 corp: 571/1799Kb lim: 65536 exec/s: 43481 rss: 1023Mb L: 3166/63714 MS: 1 EraseBytes-
#12306369	REDUCE cov: 839 ft: 2090 corp: 571/1799Kb lim: 65536 exec/s: 43485 rss: 1023Mb L: 75/63714 MS: 1 EraseBytes-
#12307408	REDUCE cov: 839 ft: 2090 corp: 571/1799Kb lim: 65536 exec/s: 43489 rss: 1023Mb L: 10984/63714 MS: 4 CMP-ChangeBit-PersAutoDict-EraseBytes- DE: ",\000\000\000"-"DEK-Info: AES-"-
#12308160	REDUCE cov: 839 ft: 2090 corp: 571/1798Kb lim: 65536 exec/s: 43491 rss: 1023Mb L: 13668/63714 MS: 2 CMP-EraseBytes- DE: "*\206H\206\367\015\001\001\013"-
#12308534	REDUCE cov: 839 ft: 2090 corp: 571/1798Kb lim: 65536 exec/s: 43493 rss: 1023Mb L: 1561/63714 MS: 4 InsertByte-ChangeASCIIInt-ChangeBinInt-EraseBytes-
#12310049	REDUCE cov: 839 ft: 2090 corp: 571/1797Kb lim: 65536 exec/s: 43345 rss: 1023Mb L: 18870/63714 MS: 5 ChangeASCIIInt-CMP-ChangeBit-PersAutoDict-EraseBytes- DE: "Proc-Type: 4,ENCRYPTEL"-"CAMELLIA-128-ECB"-
#12310155	REDUCE cov: 839 ft: 2090 corp: 571/1795Kb lim: 65536 exec/s: 43345 rss: 1024Mb L: 27106/63714 MS: 1 EraseBytes-
#12310176	REDUCE cov: 839 ft: 2090 corp: 571/1795Kb lim: 65536 exec/s: 43345 rss: 1024Mb L: 6090/63714 MS: 1 EraseBytes-
#12310177	REDUCE cov: 839 ft: 2090 corp: 571/1795Kb lim: 65536 exec/s: 43345 rss: 1024Mb L: 200/63714 MS: 1 EraseBytes-
#12310502	REDUCE cov: 839 ft: 2090 corp: 571/1795Kb lim: 65536 exec/s: 43346 rss: 1024Mb L: 3369/63714 MS: 5 CMP-ChangeByte-ChangeASCIIInt-InsertByte-EraseBytes- DE: "-----BEGIN CERTIFICATE-----"-
#12310574	REDUCE cov: 839 ft: 2090 corp: 571/1795Kb lim: 65536 exec/s: 43347 rss: 1024Mb L: 733/63714 MS: 2 ManualDict-EraseBytes- DE: "???"-
#12310592	REDUCE cov: 839 ft: 2090 corp: 571/1794Kb lim: 65536 exec/s: 43347 rss: 1024Mb L: 4286/63714 MS: 3 ManualDict-InsertRepeatedBytes-EraseBytes- DE: "mbedtls/pem.h"-
#12310778	REDUCE cov: 839 ft: 2090 corp: 571/1794Kb lim: 65536 exec/s: 43347 rss: 1024Mb L: 381/63714 MS: 1 EraseBytes-
#12310932	REDUCE cov: 839 ft: 2090 corp: 571/1794Kb lim: 65536 exec/s: 43348 rss: 1024Mb L: 1899/63714 MS: 4 CopyPart-ShuffleBytes-ShuffleBytes-EraseBytes-
#12311303	REDUCE cov: 839 ft: 2090 corp: 571/1794Kb lim: 65536 exec/s: 43349 rss: 1024Mb L: 39276/63714 MS: 1 EraseBytes-
#12312259	REDUCE cov: 839 ft: 2090 corp: 571/1794Kb lim: 65536 exec/s: 43353 rss: 1024Mb L: 1191/63714 MS: 1 EraseBytes-
#12312829	REDUCE cov: 839 ft: 2090 corp: 571/1794Kb lim: 65536 exec/s: 43355 rss: 1024Mb L: 5926/63714 MS: 5 ChangeBit-InsertByte-ChangeBit-CrossOver-EraseBytes-
#12312835	REDUCE cov: 839 ft: 2090 corp: 571/1794Kb lim: 65536 exec/s: 43355 rss: 1024Mb L: 906/63714 MS: 1 EraseBytes-
#12313961	REDUCE cov: 839 ft: 2090 corp: 571/1794Kb lim: 65536 exec/s: 43359 rss: 1024Mb L: 13517/63714 MS: 1 EraseBytes-
#12314073	REDUCE cov: 839 ft: 2090 corp: 571/1794Kb lim: 65536 exec/s: 43359 rss: 1024Mb L: 138/63714 MS: 2 CopyPart-EraseBytes-
#12314220	REDUCE cov: 839 ft: 2090 corp: 571/1794Kb lim: 65536 exec/s: 43359 rss: 1024Mb L: 867/63714 MS: 2 ChangeBinInt-EraseBytes-
#12315997	REDUCE cov: 839 ft: 2092 corp: 572/1800Kb lim: 65536 exec/s: 43214 rss: 1024Mb L: 6467/63714 MS: 2 PersAutoDict-CopyPart- DE: "r--M-C CERTIFICATE----"-
#12316459	REDUCE cov: 839 ft: 2092 corp: 572/1800Kb lim: 65536 exec/s: 43215 rss: 1024Mb L: 106/63714 MS: 2 ShuffleBytes-EraseBytes-
#12317145	REDUCE cov: 839 ft: 2092 corp: 572/1800Kb lim: 65536 exec/s: 43218 rss: 1024Mb L: 540/63714 MS: 1 EraseBytes-
#12318025	REDUCE cov: 839 ft: 2092 corp: 572/1800Kb lim: 65536 exec/s: 43221 rss: 1024Mb L: 2240/63714 MS: 5 ChangeByte-ChangeBinInt-CopyPart-EraseBytes-EraseBytes-
#12318366	REDUCE cov: 839 ft: 2092 corp: 572/1800Kb lim: 65536 exec/s: 43222 rss: 1024Mb L: 3325/63714 MS: 1 EraseBytes-
#12318592	REDUCE cov: 839 ft: 2092 corp: 572/1800Kb lim: 65536 exec/s: 43223 rss: 1024Mb L: 1596/63714 MS: 1 EraseBytes-
#12318673	REDUCE cov: 839 ft: 2092 corp: 572/1800Kb lim: 65536 exec/s: 43223 rss: 1024Mb L: 81/63714 MS: 1 EraseBytes-
#12318899	REDUCE cov: 839 ft: 2092 corp: 572/1798Kb lim: 65536 exec/s: 43224 rss: 1024Mb L: 4950/63714 MS: 1 EraseBytes-
#12319466	REDUCE cov: 839 ft: 2092 corp: 572/1798Kb lim: 65536 exec/s: 43075 rss: 1024Mb L: 279/63714 MS: 2 ShuffleBytes-EraseBytes-
#12319467	REDUCE cov: 839 ft: 2092 corp: 572/1798Kb lim: 65536 exec/s: 43075 rss: 1024Mb L: 1501/63714 MS: 1 EraseBytes-
#12321513	REDUCE cov: 839 ft: 2092 corp: 572/1798Kb lim: 65536 exec/s: 43082 rss: 1024Mb L: 404/63714 MS: 1 EraseBytes-
#12321945	REDUCE cov: 839 ft: 2092 corp: 572/1798Kb lim: 65536 exec/s: 43083 rss: 1024Mb L: 829/63714 MS: 2 ManualDict-EraseBytes- DE: "=l"-
#12322511	REDUCE cov: 839 ft: 2092 corp: 572/1798Kb lim: 65536 exec/s: 43085 rss: 1024Mb L: 1516/63714 MS: 1 EraseBytes-
#12322633	REDUCE cov: 839 ft: 2096 corp: 573/1818Kb lim: 65536 exec/s: 43086 rss: 1024Mb L: 20399/63714 MS: 2 CopyPart-CopyPart-
#12323119	REDUCE cov: 839 ft: 2096 corp: 573/1817Kb lim: 65536 exec/s: 43087 rss: 1024Mb L: 4324/63714 MS: 1 EraseBytes-
#12323782	REDUCE cov: 839 ft: 2096 corp: 573/1817Kb lim: 65536 exec/s: 43090 rss: 1024Mb L: 5349/63714 MS: 3 CopyPart-CMP-EraseBytes- DE: "\377\377\377\001"-
#12324128	REDUCE cov: 839 ft: 2096 corp: 573/1817Kb lim: 65536 exec/s: 43091 rss: 1024Mb L: 675/63714 MS: 1 EraseBytes-
#12324305	REDUCE cov: 839 ft: 2096 corp: 573/1817Kb lim: 65536 exec/s: 43091 rss: 1024Mb L: 2279/63714 MS: 2 InsertRepeatedBytes-EraseBytes-
#12324722	REDUCE cov: 839 ft: 2096 corp: 573/1817Kb lim: 65536 exec/s: 42943 rss: 1024Mb L: 4080/63714 MS: 2 CMP-EraseBytes- DE: "\377\377"-
#12325303	REDUCE cov: 839 ft: 2096 corp: 573/1817Kb lim: 65536 exec/s: 42945 rss: 1024Mb L: 338/63714 MS: 1 EraseBytes-
#12325612	REDUCE cov: 839 ft: 2096 corp: 573/1816Kb lim: 65536 exec/s: 42946 rss: 1024Mb L: 3746/63714 MS: 4 PersAutoDict-PersAutoDict-CMP-EraseBytes- DE: "SHA512"-" (bb), "-"\034\000"-
#12325873	REDUCE cov: 839 ft: 2096 corp: 573/1816Kb lim: 65536 exec/s: 42947 rss: 1024Mb L: 6987/63714 MS: 1 EraseBytes-
#12326269	REDUCE cov: 839 ft: 2096 corp: 573/1816Kb lim: 65536 exec/s: 42948 rss: 1024Mb L: 824/63714 MS: 1 EraseBytes-
#12326675	REDUCE cov: 839 ft: 2096 corp: 573/1815Kb lim: 65536 exec/s: 42950 rss: 1024Mb L: 19731/63714 MS: 1 EraseBytes-
#12326777	REDUCE cov: 839 ft: 2096 corp: 573/1815Kb lim: 65536 exec/s: 42950 rss: 1024Mb L: 313/63714 MS: 2 ManualDict-EraseBytes- DE: "mbedtls/entropy.h"-
#12326996	REDUCE cov: 839 ft: 2096 corp: 573/1815Kb lim: 65536 exec/s: 42951 rss: 1024Mb L: 4111/63714 MS: 4 ChangeBinInt-CMP-ChangeBinInt-EraseBytes- DE: "\015\000\000\000\000\000\000\000"-
#12327095	REDUCE cov: 839 ft: 2096 corp: 573/1813Kb lim: 65536 exec/s: 42951 rss: 1024Mb L: 1898/63714 MS: 4 ChangeByte-PersAutoDict-ShuffleBytes-EraseBytes- DE: "*\243|;"-
#12328575	REDUCE cov: 839 ft: 2098 corp: 574/1820Kb lim: 65536 exec/s: 42956 rss: 1024Mb L: 6754/63714 MS: 5 CopyPart-ChangeBit-ChangeASCIIInt-ChangeBinInt-CopyPart-
#12328861	REDUCE cov: 839 ft: 2098 corp: 574/1816Kb lim: 65536 exec/s: 42957 rss: 1025Mb L: 16031/63714 MS: 1 EraseBytes-
#12329352	REDUCE cov: 839 ft: 2098 corp: 574/1816Kb lim: 65536 exec/s: 42959 rss: 1025Mb L: 807/63714 MS: 1 EraseBytes-
#12329559	REDUCE cov: 839 ft: 2098 corp: 574/1814Kb lim: 65536 exec/s: 42960 rss: 1025Mb L: 13320/63714 MS: 2 InsertRepeatedBytes-EraseBytes-
#12329780	REDUCE cov: 839 ft: 2098 corp: 574/1814Kb lim: 65536 exec/s: 42960 rss: 1025Mb L: 844/63714 MS: 1 EraseBytes-
#12329882	REDUCE cov: 839 ft: 2098 corp: 574/1814Kb lim: 65536 exec/s: 42961 rss: 1025Mb L: 390/63714 MS: 2 ChangeByte-EraseBytes-
#12330808	REDUCE cov: 839 ft: 2098 corp: 574/1814Kb lim: 65536 exec/s: 42815 rss: 1025Mb L: 185/63714 MS: 1 EraseBytes-
#12331105	REDUCE cov: 839 ft: 2098 corp: 574/1814Kb lim: 65536 exec/s: 42816 rss: 1025Mb L: 646/63714 MS: 2 ChangeBinInt-EraseBytes-
#12331812	REDUCE cov: 839 ft: 2098 corp: 574/1814Kb lim: 65536 exec/s: 42818 rss: 1025Mb L: 2024/63714 MS: 2 CopyPart-EraseBytes-
#12331878	REDUCE cov: 839 ft: 2098 corp: 574/1813Kb lim: 65536 exec/s: 42819 rss: 1025Mb L: 1279/63714 MS: 1 EraseBytes-
#12332319	REDUCE cov: 839 ft: 2098 corp: 574/1813Kb lim: 65536 exec/s: 42820 rss: 1025Mb L: 3018/63714 MS: 1 EraseBytes-
#12332403	REDUCE cov: 839 ft: 2098 corp: 574/1813Kb lim: 65536 exec/s: 42820 rss: 1025Mb L: 581/63714 MS: 4 ChangeByte-ChangeByte-InsertRepeatedBytes-EraseBytes-
#12332916	REDUCE cov: 839 ft: 2098 corp: 574/1812Kb lim: 65536 exec/s: 42822 rss: 1025Mb L: 1049/63714 MS: 3 InsertByte-CMP-EraseBytes- DE: "-----END CERTIFICATE-----"-
#12333242	REDUCE cov: 839 ft: 2098 corp: 574/1812Kb lim: 65536 exec/s: 42823 rss: 1025Mb L: 414/63714 MS: 1 EraseBytes-
#12334068	REDUCE cov: 839 ft: 2098 corp: 574/1812Kb lim: 65536 exec/s: 42826 rss: 1025Mb L: 95/63714 MS: 1 EraseBytes-
#12334199	REDUCE cov: 839 ft: 2098 corp: 574/1812Kb lim: 65536 exec/s: 42827 rss: 1025Mb L: 395/63714 MS: 1 EraseBytes-
#12334320	REDUCE cov: 839 ft: 2098 corp: 574/1812Kb lim: 65536 exec/s: 42827 rss: 1025Mb L: 215/63714 MS: 1 EraseBytes-
#12334576	REDUCE cov: 839 ft: 2098 corp: 574/1812Kb lim: 65536 exec/s: 42680 rss: 1025Mb L: 78/63714 MS: 1 EraseBytes-
#12334683	REDUCE cov: 839 ft: 2098 corp: 574/1812Kb lim: 65536 exec/s: 42680 rss: 1025Mb L: 1102/63714 MS: 2 CopyPart-EraseBytes-
#12335509	REDUCE cov: 839 ft: 2098 corp: 574/1812Kb lim: 65536 exec/s: 42683 rss: 1025Mb L: 1454/63714 MS: 1 EraseBytes-
#12335572	REDUCE cov: 839 ft: 2098 corp: 574/1812Kb lim: 65536 exec/s: 42683 rss: 1025Mb L: 2659/63714 MS: 3 ChangeBit-EraseBytes-ChangeBinInt-
#12335823	REDUCE cov: 839 ft: 2098 corp: 574/1812Kb lim: 65536 exec/s: 42684 rss: 1025Mb L: 41348/63714 MS: 1 EraseBytes-
#12336309	REDUCE cov: 839 ft: 2098 corp: 574/1810Kb lim: 65536 exec/s: 42686 rss: 1025Mb L: 52092/63714 MS: 1 EraseBytes-
#12336467	REDUCE cov: 839 ft: 2098 corp: 574/1810Kb lim: 65536 exec/s: 42686 rss: 1025Mb L: 693/63714 MS: 3 PersAutoDict-CrossOver-EraseBytes- DE: "000000000000000000000000000000000000000000000001"-
#12336504	REDUCE cov: 839 ft: 2098 corp: 574/1810Kb lim: 65536 exec/s: 42686 rss: 1025Mb L: 175/63714 MS: 2 ShuffleBytes-EraseBytes-
#12336700	REDUCE cov: 839 ft: 2098 corp: 574/1810Kb lim: 65536 exec/s: 42687 rss: 1025Mb L: 487/63714 MS: 1 EraseBytes-
#12336812	REDUCE cov: 839 ft: 2098 corp: 574/1810Kb lim: 65536 exec/s: 42687 rss: 1025Mb L: 3086/63714 MS: 2 CopyPart-EraseBytes-
#12336885	REDUCE cov: 839 ft: 2098 corp: 574/1810Kb lim: 65536 exec/s: 42688 rss: 1025Mb L: 1410/63714 MS: 3 ManualDict-CopyPart-EraseBytes- DE: "MD - Failed to allocate memory"-
#12337171	REDUCE cov: 839 ft: 2098 corp: 574/1810Kb lim: 65536 exec/s: 42689 rss: 1025Mb L: 278/63714 MS: 1 EraseBytes-
#12337221	REDUCE cov: 839 ft: 2098 corp: 574/1809Kb lim: 65536 exec/s: 42689 rss: 1025Mb L: 2896/63714 MS: 5 ShuffleBytes-ChangeBit-InsertByte-ShuffleBytes-EraseBytes-
#12337840	REDUCE cov: 839 ft: 2098 corp: 574/1809Kb lim: 65536 exec/s: 42691 rss: 1025Mb L: 2617/63714 MS: 4 ChangeBit-ShuffleBytes-ChangeBit-EraseBytes-
#12337874	REDUCE cov: 839 ft: 2098 corp: 574/1809Kb lim: 65536 exec/s: 42691 rss: 1025Mb L: 2039/63714 MS: 4 PersAutoDict-ChangeByte-ChangeBinInt-EraseBytes- DE: "\177\336\377\377"-
#12337932	REDUCE cov: 839 ft: 2098 corp: 574/1809Kb lim: 65536 exec/s: 42691 rss: 1025Mb L: 628/63714 MS: 3 ChangeByte-ChangeByte-EraseBytes-
#12339238	REDUCE cov: 839 ft: 2098 corp: 574/1809Kb lim: 65536 exec/s: 42549 rss: 1025Mb L: 545/63714 MS: 1 EraseBytes-
#12339365	REDUCE cov: 839 ft: 2098 corp: 574/1809Kb lim: 65536 exec/s: 42549 rss: 1025Mb L: 805/63714 MS: 2 ManualDict-EraseBytes- DE: " (aa), "-
#12339498	REDUCE cov: 839 ft: 2098 corp: 574/1809Kb lim: 65536 exec/s: 42549 rss: 1025Mb L: 273/63714 MS: 3 CMP-InsertByte-EraseBytes- DE: "-----END CERTIFICATE-----"-
#12341834	REDUCE cov: 839 ft: 2098 corp: 574/1809Kb lim: 65536 exec/s: 42558 rss: 1025Mb L: 39186/63714 MS: 1 EraseBytes-
#12341975	REDUCE cov: 839 ft: 2098 corp: 574/1809Kb lim: 65536 exec/s: 42558 rss: 1025Mb L: 751/63714 MS: 1 EraseBytes-
#12342027	REDUCE cov: 839 ft: 2098 corp: 574/1809Kb lim: 65536 exec/s: 42558 rss: 1025Mb L: 818/63714 MS: 2 ChangeByte-EraseBytes-
#12343523	REDUCE cov: 839 ft: 2098 corp: 574/1809Kb lim: 65536 exec/s: 42563 rss: 1025Mb L: 2801/63714 MS: 1 EraseBytes-
#12343654	REDUCE cov: 839 ft: 2098 corp: 574/1809Kb lim: 65536 exec/s: 42564 rss: 1025Mb L: 2598/63714 MS: 1 EraseBytes-
#12344105	REDUCE cov: 839 ft: 2098 corp: 574/1809Kb lim: 65536 exec/s: 42419 rss: 1025Mb L: 734/63714 MS: 1 EraseBytes-
#12344432	REDUCE cov: 839 ft: 2098 corp: 574/1809Kb lim: 65536 exec/s: 42420 rss: 1025Mb L: 2686/63714 MS: 2 ManualDict-EraseBytes- DE: "AES-128-GCM"-
#12344539	REDUCE cov: 839 ft: 2098 corp: 574/1808Kb lim: 65536 exec/s: 42421 rss: 1025Mb L: 272/63714 MS: 2 CMP-EraseBytes- DE: "DEK-Info: AES-256-CBC,"-
#12344760	REDUCE cov: 839 ft: 2098 corp: 574/1808Kb lim: 65536 exec/s: 42421 rss: 1025Mb L: 2570/63714 MS: 1 EraseBytes-
#12344978	REDUCE cov: 839 ft: 2098 corp: 574/1808Kb lim: 65536 exec/s: 42422 rss: 1025Mb L: 215/63714 MS: 3 ManualDict-ChangeByte-EraseBytes- DE: "message  mac"-
#12346025	REDUCE cov: 839 ft: 2098 corp: 574/1808Kb lim: 65536 exec/s: 42426 rss: 1025Mb L: 5291/63714 MS: 2 ChangeASCIIInt-EraseBytes-
#12346271	REDUCE cov: 839 ft: 2098 corp: 574/1808Kb lim: 65536 exec/s: 42427 rss: 1025Mb L: 5544/63714 MS: 1 EraseBytes-
#12346706	REDUCE cov: 839 ft: 2098 corp: 574/1808Kb lim: 65536 exec/s: 42428 rss: 1025Mb L: 2539/63714 MS: 5 ShuffleBytes-ShuffleBytes-PersAutoDict-ShuffleBytes-EraseBytes- DE: "0x01"-
#12346723	REDUCE cov: 839 ft: 2098 corp: 574/1808Kb lim: 65536 exec/s: 42428 rss: 1025Mb L: 242/63714 MS: 2 ChangeBit-EraseBytes-
#12346889	REDUCE cov: 839 ft: 2098 corp: 574/1808Kb lim: 65536 exec/s: 42429 rss: 1025Mb L: 259/63714 MS: 1 EraseBytes-
#12347246	REDUCE cov: 839 ft: 2098 corp: 574/1807Kb lim: 65536 exec/s: 42430 rss: 1025Mb L: 17846/63714 MS: 2 InsertRepeatedBytes-EraseBytes-
#12347382	REDUCE cov: 839 ft: 2098 corp: 574/1807Kb lim: 65536 exec/s: 42430 rss: 1025Mb L: 10616/63714 MS: 1 EraseBytes-
#12347559	REDUCE cov: 839 ft: 2098 corp: 574/1807Kb lim: 65536 exec/s: 42431 rss: 1025Mb L: 163/63714 MS: 2 ShuffleBytes-EraseBytes-
#12347830	REDUCE cov: 839 ft: 2098 corp: 574/1807Kb lim: 65536 exec/s: 42432 rss: 1025Mb L: 139/63714 MS: 1 EraseBytes-
#12347916	REDUCE cov: 839 ft: 2098 corp: 574/1807Kb lim: 65536 exec/s: 42432 rss: 1025Mb L: 1391/63714 MS: 1 EraseBytes-
#12348197	REDUCE cov: 839 ft: 2098 corp: 574/1807Kb lim: 65536 exec/s: 42288 rss: 1025Mb L: 9132/63714 MS: 1 EraseBytes-
#12348398	REDUCE cov: 839 ft: 2098 corp: 574/1806Kb lim: 65536 exec/s: 42289 rss: 1025Mb L: 1959/63714 MS: 1 EraseBytes-
#12349414	REDUCE cov: 839 ft: 2098 corp: 574/1806Kb lim: 65536 exec/s: 42292 rss: 1025Mb L: 2362/63714 MS: 1 EraseBytes-
#12349548	REDUCE cov: 839 ft: 2098 corp: 574/1806Kb lim: 65536 exec/s: 42292 rss: 1025Mb L: 100/63714 MS: 4 ManualDict-ChangeByte-CrossOver-EraseBytes- DE: "AES 256"-
#12350952	REDUCE cov: 839 ft: 2098 corp: 574/1806Kb lim: 65536 exec/s: 42297 rss: 1025Mb L: 8127/63714 MS: 4 EraseBytes-ChangeBinInt-ChangeByte-CopyPart-
#12350993	REDUCE cov: 839 ft: 2098 corp: 574/1806Kb lim: 65536 exec/s: 42297 rss: 1025Mb L: 6440/63714 MS: 1 EraseBytes-
#12351224	REDUCE cov: 839 ft: 2098 corp: 574/1805Kb lim: 65536 exec/s: 42298 rss: 1025Mb L: 2048/63714 MS: 1 EraseBytes-
#12352795	REDUCE cov: 839 ft: 2098 corp: 574/1805Kb lim: 65536 exec/s: 42304 rss: 1025Mb L: 207/63714 MS: 1 EraseBytes-
#12353207	REDUCE cov: 839 ft: 2098 corp: 574/1805Kb lim: 65536 exec/s: 42305 rss: 1025Mb L: 6391/63714 MS: 2 InsertByte-EraseBytes-
#12353213	REDUCE cov: 839 ft: 2098 corp: 574/1805Kb lim: 65536 exec/s: 42305 rss: 1025Mb L: 183/63714 MS: 1 EraseBytes-
#12353289	REDUCE cov: 839 ft: 2122 corp: 575/1830Kb lim: 65536 exec/s: 42305 rss: 1025Mb L: 25728/63714 MS: 1 CopyPart-
#12353777	REDUCE cov: 839 ft: 2122 corp: 575/1830Kb lim: 65536 exec/s: 42307 rss: 1025Mb L: 38839/63714 MS: 3 ManualDict-InsertByte-EraseBytes- DE: "AES-256-CFB128"-
#12354639	REDUCE cov: 839 ft: 2122 corp: 575/1830Kb lim: 65536 exec/s: 42166 rss: 1025Mb L: 76/63714 MS: 2 ShuffleBytes-EraseBytes-
#12355941	REDUCE cov: 839 ft: 2122 corp: 575/1830Kb lim: 65536 exec/s: 42170 rss: 1025Mb L: 776/63714 MS: 2 ChangeByte-EraseBytes-
#12356367	REDUCE cov: 839 ft: 2122 corp: 575/1830Kb lim: 65536 exec/s: 42171 rss: 1025Mb L: 2554/63714 MS: 1 EraseBytes-
#12356403	REDUCE cov: 839 ft: 2122 corp: 575/1830Kb lim: 65536 exec/s: 42172 rss: 1025Mb L: 1404/63714 MS: 1 EraseBytes-
#12357984	REDUCE cov: 839 ft: 2122 corp: 575/1830Kb lim: 65536 exec/s: 42177 rss: 1025Mb L: 204/63714 MS: 1 EraseBytes-
#12358955	REDUCE cov: 839 ft: 2122 corp: 575/1829Kb lim: 65536 exec/s: 42180 rss: 1025Mb L: 3869/63714 MS: 1 EraseBytes-
#12359631	REDUCE cov: 839 ft: 2122 corp: 575/1829Kb lim: 65536 exec/s: 42039 rss: 1025Mb L: 25077/63714 MS: 1 EraseBytes-
#12359787	REDUCE cov: 839 ft: 2122 corp: 575/1829Kb lim: 65536 exec/s: 42040 rss: 1025Mb L: 958/63714 MS: 1 EraseBytes-
#12360468	REDUCE cov: 839 ft: 2122 corp: 575/1829Kb lim: 65536 exec/s: 42042 rss: 1025Mb L: 1054/63714 MS: 1 EraseBytes-
#12360484	REDUCE cov: 839 ft: 2122 corp: 575/1828Kb lim: 65536 exec/s: 42042 rss: 1025Mb L: 13112/63714 MS: 1 EraseBytes-
#12361451	REDUCE cov: 839 ft: 2122 corp: 575/1828Kb lim: 65536 exec/s: 42045 rss: 1025Mb L: 140/63714 MS: 2 ChangeBinInt-EraseBytes-
#12361613	REDUCE cov: 839 ft: 2122 corp: 575/1828Kb lim: 65536 exec/s: 42046 rss: 1025Mb L: 1891/63714 MS: 2 CrossOver-EraseBytes-
#12361808	REDUCE cov: 839 ft: 2122 corp: 575/1828Kb lim: 65536 exec/s: 42046 rss: 1025Mb L: 7066/63714 MS: 5 ChangeByte-ChangeASCIIInt-CMP-InsertRepeatedBytes-EraseBytes- DE: "\224\377\377\377"-
#12362070	REDUCE cov: 839 ft: 2122 corp: 575/1825Kb lim: 65536 exec/s: 42047 rss: 1025Mb L: 38348/63714 MS: 2 ChangeASCIIInt-EraseBytes-
#12363057	REDUCE cov: 839 ft: 2122 corp: 575/1825Kb lim: 65536 exec/s: 42051 rss: 1025Mb L: 7897/63714 MS: 2 ManualDict-EraseBytes- DE: "AES-192-CFB128"-
#12364253	REDUCE cov: 839 ft: 2122 corp: 575/1825Kb lim: 65536 exec/s: 41912 rss: 1025Mb L: 84/63714 MS: 1 EraseBytes-
#12365774	REDUCE cov: 839 ft: 2122 corp: 575/1825Kb lim: 65536 exec/s: 41917 rss: 1025Mb L: 85/63714 MS: 1 EraseBytes-
#12365801	REDUCE cov: 839 ft: 2122 corp: 575/1825Kb lim: 65536 exec/s: 41917 rss: 1025Mb L: 98/63714 MS: 2 ShuffleBytes-EraseBytes-
#12365998	REDUCE cov: 839 ft: 2122 corp: 575/1825Kb lim: 65536 exec/s: 41918 rss: 1025Mb L: 8904/63714 MS: 2 CMP-EraseBytes- DE: "-----BEGIN CERTIFICATE-----"-
#12367269	REDUCE cov: 839 ft: 2122 corp: 575/1824Kb lim: 65536 exec/s: 41922 rss: 1025Mb L: 677/63714 MS: 1 EraseBytes-
#12367870	REDUCE cov: 839 ft: 2122 corp: 575/1824Kb lim: 65536 exec/s: 41924 rss: 1025Mb L: 1485/63714 MS: 1 EraseBytes-
#12368511	REDUCE cov: 839 ft: 2122 corp: 575/1824Kb lim: 65536 exec/s: 41927 rss: 1025Mb L: 203/63714 MS: 1 EraseBytes-
#12369854	REDUCE cov: 839 ft: 2122 corp: 575/1823Kb lim: 65536 exec/s: 41790 rss: 1025Mb L: 17946/63714 MS: 3 ChangeBit-ChangeBinInt-EraseBytes-
#12371726	REDUCE cov: 839 ft: 2122 corp: 575/1823Kb lim: 65536 exec/s: 41796 rss: 1025Mb L: 8071/63714 MS: 2 CopyPart-EraseBytes-
#12371837	REDUCE cov: 839 ft: 2122 corp: 575/1823Kb lim: 65536 exec/s: 41796 rss: 1025Mb L: 777/63714 MS: 1 EraseBytes-
#12373790	REDUCE cov: 839 ft: 2122 corp: 575/1823Kb lim: 65536 exec/s: 41662 rss: 1025Mb L: 419/63714 MS: 3 InsertByte-ManualDict-EraseBytes- DE: "0x40"-
#12374211	REDUCE cov: 839 ft: 2122 corp: 575/1823Kb lim: 65536 exec/s: 41664 rss: 1025Mb L: 102/63714 MS: 1 EraseBytes-
#12374507	REDUCE cov: 839 ft: 2122 corp: 575/1823Kb lim: 65536 exec/s: 41665 rss: 1025Mb L: 256/63714 MS: 1 EraseBytes-
#12375214	REDUCE cov: 839 ft: 2122 corp: 575/1822Kb lim: 65536 exec/s: 41667 rss: 1025Mb L: 6648/63714 MS: 2 CrossOver-EraseBytes-
#12375612	REDUCE cov: 839 ft: 2122 corp: 575/1822Kb lim: 65536 exec/s: 41668 rss: 1025Mb L: 113/63714 MS: 3 ChangeBinInt-CMP-EraseBytes- DE: "*\206H\206\367\015\001\001\005"-
#12375787	REDUCE cov: 839 ft: 2122 corp: 575/1822Kb lim: 65536 exec/s: 41669 rss: 1025Mb L: 3676/63714 MS: 5 PersAutoDict-ChangeASCIIInt-CopyPart-ManualDict-EraseBytes- DE: " (input), "-"AES-192-ECB"-
#12376359	REDUCE cov: 839 ft: 2122 corp: 575/1822Kb lim: 65536 exec/s: 41671 rss: 1025Mb L: 299/63714 MS: 2 ChangeBit-EraseBytes-
#12376905	REDUCE cov: 839 ft: 2122 corp: 575/1821Kb lim: 65536 exec/s: 41673 rss: 1025Mb L: 41240/63714 MS: 1 EraseBytes-
#12377366	REDUCE cov: 839 ft: 2122 corp: 575/1821Kb lim: 65536 exec/s: 41674 rss: 1025Mb L: 91/63714 MS: 1 EraseBytes-
#12378542	REDUCE cov: 839 ft: 2122 corp: 575/1820Kb lim: 65536 exec/s: 41538 rss: 1025Mb L: 6584/63714 MS: 1 EraseBytes-
#12379123	REDUCE cov: 839 ft: 2122 corp: 575/1820Kb lim: 65536 exec/s: 41540 rss: 1025Mb L: 643/63714 MS: 1 EraseBytes-
#12379769	REDUCE cov: 839 ft: 2122 corp: 575/1820Kb lim: 65536 exec/s: 41542 rss: 1025Mb L: 1672/63714 MS: 1 EraseBytes-
#12380335	REDUCE cov: 839 ft: 2122 corp: 575/1820Kb lim: 65536 exec/s: 41544 rss: 1025Mb L: 803/63714 MS: 1 EraseBytes-
#12381897	REDUCE cov: 839 ft: 2122 corp: 575/1820Kb lim: 65536 exec/s: 41549 rss: 1025Mb L: 16792/63714 MS: 2 ManualDict-EraseBytes- DE: "ARIA-256-CCM*-NO-TAG"-
#12383153	REDUCE cov: 839 ft: 2122 corp: 575/1820Kb lim: 65536 exec/s: 41415 rss: 1025Mb L: 163/63714 MS: 1 EraseBytes-
#12383449	REDUCE cov: 839 ft: 2122 corp: 575/1820Kb lim: 65536 exec/s: 41416 rss: 1025Mb L: 318/63714 MS: 1 EraseBytes-
#12383640	REDUCE cov: 839 ft: 2122 corp: 575/1820Kb lim: 65536 exec/s: 41416 rss: 1025Mb L: 66/63714 MS: 1 EraseBytes-
#12384233	REDUCE cov: 839 ft: 2122 corp: 575/1819Kb lim: 65536 exec/s: 41418 rss: 1025Mb L: 51736/63714 MS: 3 EraseBytes-ShuffleBytes-CopyPart-
#12384339	REDUCE cov: 839 ft: 2122 corp: 575/1819Kb lim: 65536 exec/s: 41419 rss: 1025Mb L: 276/63714 MS: 1 EraseBytes-
#12386045	REDUCE cov: 839 ft: 2122 corp: 575/1819Kb lim: 65536 exec/s: 41424 rss: 1025Mb L: 69/63714 MS: 1 EraseBytes-
#12386456	REDUCE cov: 839 ft: 2122 corp: 575/1819Kb lim: 65536 exec/s: 41426 rss: 1025Mb L: 1913/63714 MS: 1 EraseBytes-
#12387210	REDUCE cov: 839 ft: 2122 corp: 575/1819Kb lim: 65536 exec/s: 41290 rss: 1025Mb L: 1664/63714 MS: 4 ChangeASCIIInt-CrossOver-EraseBytes-CopyPart-
#12387212	REDUCE cov: 839 ft: 2122 corp: 575/1819Kb lim: 65536 exec/s: 41290 rss: 1025Mb L: 8891/63714 MS: 2 ManualDict-EraseBytes- DE: "session id"-
#12387403	REDUCE cov: 839 ft: 2122 corp: 575/1819Kb lim: 65536 exec/s: 41291 rss: 1025Mb L: 172/63714 MS: 1 EraseBytes-
#12388476	REDUCE cov: 839 ft: 2122 corp: 575/1819Kb lim: 65536 exec/s: 41294 rss: 1025Mb L: 6520/63714 MS: 3 ChangeASCIIInt-PersAutoDict-EraseBytes- DE: "AES-192-CCM*-NO-TAG"-
#12388517	REDUCE cov: 839 ft: 2122 corp: 575/1819Kb lim: 65536 exec/s: 41295 rss: 1025Mb L: 73/63714 MS: 1 EraseBytes-
#12388628	REDUCE cov: 839 ft: 2122 corp: 575/1818Kb lim: 65536 exec/s: 41295 rss: 1025Mb L: 10057/63714 MS: 1 EraseBytes-
#12389042	REDUCE cov: 839 ft: 2122 corp: 575/1818Kb lim: 65536 exec/s: 41296 rss: 1025Mb L: 2837/63714 MS: 4 ChangeASCIIInt-PersAutoDict-CrossOver-EraseBytes- DE: "Unrecognised value for MBEDTLS_AESNI_HAVE_CODE"-
#12391323	REDUCE cov: 839 ft: 2122 corp: 575/1818Kb lim: 65536 exec/s: 41304 rss: 1025Mb L: 136/63714 MS: 1 EraseBytes-
#12391606	REDUCE cov: 839 ft: 2122 corp: 575/1818Kb lim: 65536 exec/s: 41305 rss: 1025Mb L: 2117/63714 MS: 3 ManualDict-ChangeASCIIInt-EraseBytes- DE: "mbedtls/pk.h"-
#12393258	REDUCE cov: 839 ft: 2122 corp: 575/1818Kb lim: 65536 exec/s: 41173 rss: 1025Mb L: 606/63714 MS: 2 ChangeASCIIInt-EraseBytes-
#12393649	REDUCE cov: 839 ft: 2122 corp: 575/1818Kb lim: 65536 exec/s: 41174 rss: 1025Mb L: 1503/63714 MS: 1 EraseBytes-
#12394961	REDUCE cov: 839 ft: 2122 corp: 575/1818Kb lim: 65536 exec/s: 41179 rss: 1025Mb L: 12861/63714 MS: 2 ChangeByte-EraseBytes-
#12395233	REDUCE cov: 839 ft: 2122 corp: 575/1818Kb lim: 65536 exec/s: 41180 rss: 1025Mb L: 4449/63714 MS: 2 InsertRepeatedBytes-EraseBytes-
#12395660	REDUCE cov: 839 ft: 2122 corp: 575/1818Kb lim: 65536 exec/s: 41181 rss: 1025Mb L: 6476/63714 MS: 2 InsertByte-EraseBytes-
#12396616	REDUCE cov: 839 ft: 2122 corp: 575/1817Kb lim: 65536 exec/s: 41184 rss: 1025Mb L: 4341/63714 MS: 1 EraseBytes-
#12397462	REDUCE cov: 839 ft: 2122 corp: 575/1817Kb lim: 65536 exec/s: 41051 rss: 1025Mb L: 12609/63714 MS: 1 EraseBytes-
#12397665	REDUCE cov: 839 ft: 2122 corp: 575/1817Kb lim: 65536 exec/s: 41051 rss: 1025Mb L: 1548/63714 MS: 3 ChangeASCIIInt-ChangeByte-EraseBytes-
#12397681	REDUCE cov: 839 ft: 2122 corp: 575/1817Kb lim: 65536 exec/s: 41051 rss: 1025Mb L: 1429/63714 MS: 1 EraseBytes-
#12398177	REDUCE cov: 839 ft: 2122 corp: 575/1817Kb lim: 65536 exec/s: 41053 rss: 1025Mb L: 600/63714 MS: 1 EraseBytes-
#12398362	REDUCE cov: 839 ft: 2122 corp: 575/1817Kb lim: 65536 exec/s: 41054 rss: 1025Mb L: 1976/63714 MS: 5 ChangeBit-CMP-ChangeASCIIInt-InsertByte-EraseBytes- DE: "-----BEGIN CERTIFICATE-----"-
#12398518	REDUCE cov: 839 ft: 2122 corp: 575/1816Kb lim: 65536 exec/s: 41054 rss: 1025Mb L: 1398/63714 MS: 1 EraseBytes-
#12398549	REDUCE cov: 839 ft: 2122 corp: 575/1816Kb lim: 65536 exec/s: 41054 rss: 1025Mb L: 6361/63714 MS: 1 EraseBytes-
#12398865	REDUCE cov: 839 ft: 2122 corp: 575/1816Kb lim: 65536 exec/s: 41055 rss: 1025Mb L: 1648/63714 MS: 1 EraseBytes-
#12398986	REDUCE cov: 839 ft: 2122 corp: 575/1816Kb lim: 65536 exec/s: 41056 rss: 1025Mb L: 36033/63714 MS: 1 EraseBytes-
#12401383	REDUCE cov: 839 ft: 2122 corp: 575/1815Kb lim: 65536 exec/s: 41064 rss: 1025Mb L: 2438/63714 MS: 2 ManualDict-EraseBytes- DE: "server hello extensions"-
#12401840	REDUCE cov: 839 ft: 2122 corp: 575/1815Kb lim: 65536 exec/s: 41065 rss: 1025Mb L: 1297/63714 MS: 2 PersAutoDict-EraseBytes- DE: "AES-128-KWP"-
#12401866	REDUCE cov: 839 ft: 2122 corp: 575/1815Kb lim: 65536 exec/s: 40930 rss: 1025Mb L: 2083/63714 MS: 1 EraseBytes-
#12403187	REDUCE cov: 839 ft: 2122 corp: 575/1814Kb lim: 65536 exec/s: 40934 rss: 1025Mb L: 41313/63714 MS: 1 EraseBytes-
#12403996	REDUCE cov: 839 ft: 2122 corp: 575/1814Kb lim: 65536 exec/s: 40937 rss: 1025Mb L: 5750/63714 MS: 4 CopyPart-ChangeBit-InsertByte-EraseBytes-
#12404667	REDUCE cov: 839 ft: 2122 corp: 575/1814Kb lim: 65536 exec/s: 40939 rss: 1025Mb L: 2011/63714 MS: 1 EraseBytes-
#12405340	REDUCE cov: 839 ft: 2122 corp: 575/1814Kb lim: 65536 exec/s: 40941 rss: 1025Mb L: 25229/63714 MS: 3 PersAutoDict-ChangeBinInt-EraseBytes- DE: "mbedtls/lms.h"-
#12405992	REDUCE cov: 839 ft: 2122 corp: 575/1814Kb lim: 65536 exec/s: 40943 rss: 1025Mb L: 276/63714 MS: 2 ShuffleBytes-EraseBytes-
#12406678	REDUCE cov: 839 ft: 2122 corp: 575/1814Kb lim: 65536 exec/s: 40811 rss: 1025Mb L: 158/63714 MS: 1 EraseBytes-
#12406749	REDUCE cov: 839 ft: 2122 corp: 575/1814Kb lim: 65536 exec/s: 40811 rss: 1025Mb L: 1340/63714 MS: 1 EraseBytes-
#12408696	REDUCE cov: 839 ft: 2122 corp: 575/1814Kb lim: 65536 exec/s: 40818 rss: 1025Mb L: 1295/63714 MS: 2 ChangeBit-EraseBytes-
#12409842	REDUCE cov: 839 ft: 2122 corp: 575/1814Kb lim: 65536 exec/s: 40821 rss: 1025Mb L: 1985/63714 MS: 1 EraseBytes-
#12410503	REDUCE cov: 839 ft: 2122 corp: 575/1813Kb lim: 65536 exec/s: 40824 rss: 1025Mb L: 20479/63714 MS: 1 EraseBytes-
#12410984	REDUCE cov: 839 ft: 2122 corp: 575/1813Kb lim: 65536 exec/s: 40691 rss: 1025Mb L: 297/63714 MS: 1 EraseBytes-
#12411540	REDUCE cov: 839 ft: 2122 corp: 575/1813Kb lim: 65536 exec/s: 40693 rss: 1025Mb L: 1447/63714 MS: 1 EraseBytes-
#12412351	REDUCE cov: 839 ft: 2122 corp: 575/1813Kb lim: 65536 exec/s: 40696 rss: 1025Mb L: 316/63714 MS: 1 EraseBytes-
#12412857	REDUCE cov: 839 ft: 2122 corp: 575/1813Kb lim: 65536 exec/s: 40697 rss: 1025Mb L: 785/63714 MS: 1 EraseBytes-
#12412956	REDUCE cov: 839 ft: 2122 corp: 575/1813Kb lim: 65536 exec/s: 40698 rss: 1025Mb L: 597/63714 MS: 4 ChangeASCIIInt-ChangeASCIIInt-ManualDict-EraseBytes- DE: "AES-256-CCM*-NO-TAG"-
#12415168	REDUCE cov: 839 ft: 2122 corp: 575/1813Kb lim: 65536 exec/s: 40572 rss: 1025Mb L: 6345/63714 MS: 2 CMP-EraseBytes- DE: "p\006\205\261"-
#12417295	REDUCE cov: 839 ft: 2123 corp: 576/1814Kb lim: 65536 exec/s: 40579 rss: 1025Mb L: 431/63714 MS: 2 ManualDict-CopyPart- DE: "encrypted extensions"-
#12417546	REDUCE cov: 839 ft: 2123 corp: 576/1814Kb lim: 65536 exec/s: 40580 rss: 1025Mb L: 834/63714 MS: 1 EraseBytes-
#12417921	REDUCE cov: 839 ft: 2123 corp: 576/1813Kb lim: 65536 exec/s: 40581 rss: 1025Mb L: 17600/63714 MS: 5 ChangeByte-CopyPart-ChangeBit-ChangeBit-EraseBytes-
#12418387	REDUCE cov: 839 ft: 2123 corp: 576/1813Kb lim: 65536 exec/s: 40582 rss: 1025Mb L: 5768/63714 MS: 1 EraseBytes-
#12419035	REDUCE cov: 839 ft: 2123 corp: 576/1813Kb lim: 65536 exec/s: 40585 rss: 1025Mb L: 450/63714 MS: 3 PersAutoDict-InsertByte-EraseBytes- DE: "\372=\345Q"-
#12421218	REDUCE cov: 839 ft: 2123 corp: 576/1813Kb lim: 65536 exec/s: 40459 rss: 1025Mb L: 2489/63714 MS: 3 EraseBytes-ManualDict-PersAutoDict- DE: "ECP - Invalid private or public key"-"C3DBA76456363A10869622EAC2DD84EC"-
#12421329	REDUCE cov: 839 ft: 2123 corp: 576/1813Kb lim: 65536 exec/s: 40460 rss: 1025Mb L: 378/63714 MS: 1 EraseBytes-
#12422190	REDUCE cov: 839 ft: 2123 corp: 576/1813Kb lim: 65536 exec/s: 40463 rss: 1025Mb L: 12286/63714 MS: 1 EraseBytes-
#12422591	REDUCE cov: 839 ft: 2123 corp: 576/1813Kb lim: 65536 exec/s: 40464 rss: 1025Mb L: 85/63714 MS: 1 EraseBytes-
#12423238	REDUCE cov: 839 ft: 2123 corp: 576/1813Kb lim: 65536 exec/s: 40466 rss: 1025Mb L: 229/63714 MS: 2 InsertByte-EraseBytes-
#12423559	REDUCE cov: 839 ft: 2123 corp: 576/1812Kb lim: 65536 exec/s: 40467 rss: 1025Mb L: 61888/63714 MS: 1 EraseBytes-
#12424300	REDUCE cov: 839 ft: 2123 corp: 576/1812Kb lim: 65536 exec/s: 40338 rss: 1025Mb L: 178/63714 MS: 1 EraseBytes-
#12424551	REDUCE cov: 839 ft: 2123 corp: 576/1812Kb lim: 65536 exec/s: 40339 rss: 1025Mb L: 1303/63714 MS: 1 EraseBytes-
#12424712	REDUCE cov: 839 ft: 2123 corp: 576/1812Kb lim: 65536 exec/s: 40339 rss: 1025Mb L: 7942/63714 MS: 1 EraseBytes-
#12425867	REDUCE cov: 839 ft: 2125 corp: 577/1828Kb lim: 65536 exec/s: 40343 rss: 1025Mb L: 16624/63714 MS: 5 ManualDict-CrossOver-CopyPart-ShuffleBytes-CopyPart- DE: "Must use minimum -march=armv8-a+crypto for MBEDTLS_AESCE_C"-
#12426237	REDUCE cov: 839 ft: 2125 corp: 577/1828Kb lim: 65536 exec/s: 40344 rss: 1025Mb L: 16436/63714 MS: 5 PersAutoDict-CopyPart-CMP-CMP-EraseBytes- DE: "\377\377\377\377\377\377\377F"-"DEK-Info: END CERTIFICA"-"-----END CERTIFICATE-----"-
#12426685	REDUCE cov: 839 ft: 2125 corp: 577/1828Kb lim: 65536 exec/s: 40346 rss: 1025Mb L: 16697/63714 MS: 3 ShuffleBytes-ChangeByte-EraseBytes-
#12427172	REDUCE cov: 839 ft: 2125 corp: 577/1823Kb lim: 65536 exec/s: 40347 rss: 1025Mb L: 33914/63714 MS: 2 ChangeBinInt-EraseBytes-
#12427319	REDUCE cov: 839 ft: 2125 corp: 577/1823Kb lim: 65536 exec/s: 40348 rss: 1025Mb L: 1304/63714 MS: 2 ChangeBinInt-EraseBytes-
#12427357	REDUCE cov: 839 ft: 2125 corp: 577/1823Kb lim: 65536 exec/s: 40348 rss: 1025Mb L: 442/63714 MS: 3 InsertRepeatedBytes-InsertRepeatedBytes-EraseBytes-
#12427408	REDUCE cov: 839 ft: 2125 corp: 577/1823Kb lim: 65536 exec/s: 40348 rss: 1025Mb L: 9044/63714 MS: 1 EraseBytes-
#12429169	REDUCE cov: 839 ft: 2125 corp: 577/1823Kb lim: 65536 exec/s: 40223 rss: 1025Mb L: 92/63714 MS: 1 EraseBytes-
#12430030	REDUCE cov: 839 ft: 2125 corp: 577/1823Kb lim: 65536 exec/s: 40226 rss: 1025Mb L: 156/63714 MS: 1 EraseBytes-
#12430440	REDUCE cov: 839 ft: 2125 corp: 577/1823Kb lim: 65536 exec/s: 40227 rss: 1025Mb L: 10046/63714 MS: 5 PersAutoDict-ChangeBit-PersAutoDict-ChangeByte-EraseBytes- DE: "(header)"-"ARIA-128-CCM*-NO-TAG"-
#12431321	REDUCE cov: 839 ft: 2125 corp: 577/1822Kb lim: 65536 exec/s: 40230 rss: 1025Mb L: 3984/63714 MS: 1 EraseBytes-
#12432502	REDUCE cov: 839 ft: 2125 corp: 577/1820Kb lim: 65536 exec/s: 40234 rss: 1025Mb L: 14505/63714 MS: 1 EraseBytes-
#12432841	REDUCE cov: 839 ft: 2125 corp: 577/1820Kb lim: 65536 exec/s: 40235 rss: 1025Mb L: 5489/63714 MS: 4 PersAutoDict-PersAutoDict-ShuffleBytes-EraseBytes- DE: "\377\377\377\377\377\377\377\012"-"ARIA-256-CCM"-
#12433003	REDUCE cov: 839 ft: 2125 corp: 577/1820Kb lim: 65536 exec/s: 40236 rss: 1025Mb L: 2994/63714 MS: 2 ShuffleBytes-EraseBytes-
#12434373	REDUCE cov: 839 ft: 2125 corp: 577/1820Kb lim: 65536 exec/s: 40110 rss: 1025Mb L: 1770/63714 MS: 5 PersAutoDict-ChangeASCIIInt-ShuffleBytes-CMP-EraseBytes- DE: "\377\377\377\324"-"\376\377\377\322"-
#12434823	REDUCE cov: 839 ft: 2125 corp: 577/1819Kb lim: 65536 exec/s: 40112 rss: 1025Mb L: 14301/63714 MS: 5 ChangeASCIIInt-InsertRepeatedBytes-ChangeASCIIInt-ChangeByte-EraseBytes-
#12435301	REDUCE cov: 839 ft: 2125 corp: 577/1819Kb lim: 65536 exec/s: 40113 rss: 1025Mb L: 3306/63714 MS: 3 InsertByte-ChangeBinInt-EraseBytes-
#12435647	REDUCE cov: 839 ft: 2125 corp: 577/1819Kb lim: 65536 exec/s: 40114 rss: 1025Mb L: 624/63714 MS: 1 EraseBytes-
#12436053	REDUCE cov: 839 ft: 2125 corp: 577/1819Kb lim: 65536 exec/s: 40116 rss: 1025Mb L: 370/63714 MS: 1 EraseBytes-
#12436254	REDUCE cov: 839 ft: 2125 corp: 577/1819Kb lim: 65536 exec/s: 40116 rss: 1025Mb L: 760/63714 MS: 1 EraseBytes-
#12438047	REDUCE cov: 839 ft: 2125 corp: 577/1819Kb lim: 65536 exec/s: 39993 rss: 1025Mb L: 814/63714 MS: 3 ShuffleBytes-InsertByte-EraseBytes-
#12438188	REDUCE cov: 839 ft: 2125 corp: 577/1819Kb lim: 65536 exec/s: 39994 rss: 1025Mb L: 1780/63714 MS: 1 EraseBytes-
#12438674	REDUCE cov: 839 ft: 2125 corp: 577/1818Kb lim: 65536 exec/s: 39995 rss: 1025Mb L: 40397/63714 MS: 1 EraseBytes-
#12438780	REDUCE cov: 839 ft: 2125 corp: 577/1818Kb lim: 65536 exec/s: 39996 rss: 1025Mb L: 1758/63714 MS: 1 EraseBytes-
#12439481	REDUCE cov: 839 ft: 2125 corp: 577/1818Kb lim: 65536 exec/s: 39998 rss: 1025Mb L: 5095/63714 MS: 1 EraseBytes-
#12439678	REDUCE cov: 839 ft: 2125 corp: 577/1818Kb lim: 65536 exec/s: 39998 rss: 1025Mb L: 1705/63714 MS: 2 InsertByte-EraseBytes-
#12440411	REDUCE cov: 839 ft: 2125 corp: 577/1817Kb lim: 65536 exec/s: 40001 rss: 1025Mb L: 2546/63714 MS: 3 ChangeBit-ChangeByte-EraseBytes-
#12440767	REDUCE cov: 839 ft: 2125 corp: 577/1817Kb lim: 65536 exec/s: 40002 rss: 1025Mb L: 71/63714 MS: 1 EraseBytes-
#12440898	REDUCE cov: 839 ft: 2125 corp: 577/1817Kb lim: 65536 exec/s: 40002 rss: 1025Mb L: 970/63714 MS: 1 EraseBytes-
#12441772	REDUCE cov: 839 ft: 2125 corp: 577/1816Kb lim: 65536 exec/s: 39877 rss: 1025Mb L: 52539/63714 MS: 4 CopyPart-InsertRepeatedBytes-ShuffleBytes-EraseBytes-
#12442678	REDUCE cov: 839 ft: 2125 corp: 577/1816Kb lim: 65536 exec/s: 39880 rss: 1025Mb L: 248/63714 MS: 1 EraseBytes-
#12443422	REDUCE cov: 839 ft: 2125 corp: 577/1813Kb lim: 65536 exec/s: 39882 rss: 1025Mb L: 14859/63714 MS: 4 ChangeBinInt-ShuffleBytes-CopyPart-EraseBytes-
#12443524	REDUCE cov: 839 ft: 2125 corp: 577/1813Kb lim: 65536 exec/s: 39883 rss: 1025Mb L: 364/63714 MS: 2 CMP-EraseBytes- DE: "-----END CERTIFICATE-----"-
#12443711	REDUCE cov: 839 ft: 2125 corp: 577/1813Kb lim: 65536 exec/s: 39883 rss: 1025Mb L: 3766/63714 MS: 2 ChangeASCIIInt-EraseBytes-
#12444929	REDUCE cov: 839 ft: 2125 corp: 577/1813Kb lim: 65536 exec/s: 39887 rss: 1025Mb L: 5457/63714 MS: 3 ShuffleBytes-ManualDict-EraseBytes- DE: "DHM: GX"-
#12445567	REDUCE cov: 839 ft: 2125 corp: 577/1813Kb lim: 65536 exec/s: 39889 rss: 1025Mb L: 1432/63714 MS: 3 ShuffleBytes-PersAutoDict-EraseBytes- DE: "\034\336\377\377"-
#12446378	REDUCE cov: 839 ft: 2125 corp: 577/1812Kb lim: 65536 exec/s: 39892 rss: 1025Mb L: 38976/63714 MS: 1 EraseBytes-
#12447084	REDUCE cov: 839 ft: 2125 corp: 577/1812Kb lim: 65536 exec/s: 39894 rss: 1025Mb L: 98/63714 MS: 1 EraseBytes-
#12447206	REDUCE cov: 839 ft: 2125 corp: 577/1812Kb lim: 65536 exec/s: 39894 rss: 1025Mb L: 8283/63714 MS: 2 CopyPart-EraseBytes-
#12447507	REDUCE cov: 839 ft: 2125 corp: 577/1812Kb lim: 65536 exec/s: 39768 rss: 1025Mb L: 1272/63714 MS: 1 EraseBytes-
#12447608	REDUCE cov: 839 ft: 2125 corp: 577/1811Kb lim: 65536 exec/s: 39768 rss: 1025Mb L: 6142/63714 MS: 1 EraseBytes-
#12448819	REDUCE cov: 839 ft: 2125 corp: 577/1811Kb lim: 65536 exec/s: 39772 rss: 1025Mb L: 14442/63714 MS: 1 EraseBytes-
#12448965	REDUCE cov: 839 ft: 2125 corp: 577/1811Kb lim: 65536 exec/s: 39773 rss: 1025Mb L: 88/63714 MS: 1 EraseBytes-
#12450331	REDUCE cov: 839 ft: 2125 corp: 577/1811Kb lim: 65536 exec/s: 39777 rss: 1025Mb L: 603/63714 MS: 1 EraseBytes-
#12450398	REDUCE cov: 839 ft: 2125 corp: 577/1811Kb lim: 65536 exec/s: 39777 rss: 1025Mb L: 24705/63714 MS: 2 InsertByte-EraseBytes-
#12450588	REDUCE cov: 839 ft: 2125 corp: 577/1810Kb lim: 65536 exec/s: 39778 rss: 1025Mb L: 33041/63714 MS: 5 ShuffleBytes-ChangeASCIIInt-ManualDict-CMP-EraseBytes- DE: "server hello, session id"-"\377\001"-
#12450719	REDUCE cov: 839 ft: 2125 corp: 577/1809Kb lim: 65536 exec/s: 39778 rss: 1025Mb L: 6146/63714 MS: 1 EraseBytes-
#12450735	NEW    cov: 839 ft: 2127 corp: 578/1810Kb lim: 65536 exec/s: 39778 rss: 1025Mb L: 856/63714 MS: 1 CopyPart-
#12452196	REDUCE cov: 839 ft: 2127 corp: 578/1810Kb lim: 65536 exec/s: 39783 rss: 1025Mb L: 1964/63714 MS: 1 EraseBytes-
#12452992	REDUCE cov: 839 ft: 2127 corp: 578/1810Kb lim: 65536 exec/s: 39659 rss: 1025Mb L: 1441/63714 MS: 1 EraseBytes-
#12453128	REDUCE cov: 839 ft: 2127 corp: 578/1810Kb lim: 65536 exec/s: 39659 rss: 1025Mb L: 159/63714 MS: 1 EraseBytes-
#12453640	REDUCE cov: 839 ft: 2127 corp: 578/1810Kb lim: 65536 exec/s: 39661 rss: 1025Mb L: 898/63714 MS: 2 InsertByte-EraseBytes-
#12455356	REDUCE cov: 839 ft: 2127 corp: 578/1810Kb lim: 65536 exec/s: 39666 rss: 1025Mb L: 6046/63714 MS: 1 EraseBytes-
#12455738	REDUCE cov: 839 ft: 2127 corp: 578/1810Kb lim: 65536 exec/s: 39667 rss: 1025Mb L: 133/63714 MS: 2 PersAutoDict-EraseBytes- DE: "U\035 "-
#12456239	REDUCE cov: 839 ft: 2127 corp: 578/1810Kb lim: 65536 exec/s: 39669 rss: 1025Mb L: 1333/63714 MS: 1 EraseBytes-
#12457965	REDUCE cov: 839 ft: 2127 corp: 578/1810Kb lim: 65536 exec/s: 39549 rss: 1025Mb L: 714/63714 MS: 1 EraseBytes-
#12459464	REDUCE cov: 839 ft: 2127 corp: 578/1810Kb lim: 65536 exec/s: 39553 rss: 1025Mb L: 38695/63714 MS: 4 InsertByte-ChangeByte-InsertByte-EraseBytes-
#12461665	REDUCE cov: 839 ft: 2127 corp: 578/1810Kb lim: 65536 exec/s: 39435 rss: 1025Mb L: 565/63714 MS: 1 EraseBytes-
#12461782	REDUCE cov: 839 ft: 2128 corp: 579/1810Kb lim: 65536 exec/s: 39436 rss: 1025Mb L: 445/63714 MS: 2 ChangeASCIIInt-CopyPart-
#12461871	REDUCE cov: 839 ft: 2128 corp: 579/1810Kb lim: 65536 exec/s: 39436 rss: 1025Mb L: 3706/63714 MS: 4 ChangeBit-ShuffleBytes-InsertByte-EraseBytes-
#12462692	REDUCE cov: 839 ft: 2128 corp: 579/1810Kb lim: 65536 exec/s: 39438 rss: 1025Mb L: 889/63714 MS: 1 EraseBytes-
#12463343	REDUCE cov: 839 ft: 2128 corp: 579/1810Kb lim: 65536 exec/s: 39440 rss: 1025Mb L: 1152/63714 MS: 1 EraseBytes-
#12464190	REDUCE cov: 839 ft: 2128 corp: 579/1810Kb lim: 65536 exec/s: 39443 rss: 1025Mb L: 1603/63714 MS: 2 ManualDict-EraseBytes- DE: "bad Certificate message"-
#12465422	REDUCE cov: 839 ft: 2128 corp: 579/1810Kb lim: 65536 exec/s: 39447 rss: 1025Mb L: 12198/63714 MS: 2 ChangeBinInt-EraseBytes-
#12466848	REDUCE cov: 839 ft: 2128 corp: 579/1810Kb lim: 65536 exec/s: 39327 rss: 1025Mb L: 14489/63714 MS: 1 EraseBytes-
#12467812	REDUCE cov: 839 ft: 2128 corp: 579/1810Kb lim: 65536 exec/s: 39330 rss: 1025Mb L: 1635/63714 MS: 4 ChangeBit-ChangeBit-CopyPart-EraseBytes-
#12467969	REDUCE cov: 839 ft: 2128 corp: 579/1810Kb lim: 65536 exec/s: 39331 rss: 1025Mb L: 598/63714 MS: 2 ShuffleBytes-EraseBytes-
#12468140	REDUCE cov: 839 ft: 2128 corp: 579/1810Kb lim: 65536 exec/s: 39331 rss: 1025Mb L: 416/63714 MS: 1 EraseBytes-
#12468956	REDUCE cov: 839 ft: 2128 corp: 579/1810Kb lim: 65536 exec/s: 39334 rss: 1025Mb L: 474/63714 MS: 1 EraseBytes-
#12469382	REDUCE cov: 839 ft: 2128 corp: 579/1810Kb lim: 65536 exec/s: 39335 rss: 1025Mb L: 123/63714 MS: 1 EraseBytes-
#12469902	REDUCE cov: 839 ft: 2128 corp: 579/1808Kb lim: 65536 exec/s: 39337 rss: 1025Mb L: 36615/63714 MS: 5 ChangeBinInt-ManualDict-EraseBytes-CrossOver-CopyPart- DE: "rev16 %0, %1"-
#12470228	REDUCE cov: 839 ft: 2128 corp: 579/1808Kb lim: 65536 exec/s: 39338 rss: 1025Mb L: 68/63714 MS: 1 EraseBytes-
#12471009	REDUCE cov: 839 ft: 2128 corp: 579/1807Kb lim: 65536 exec/s: 39217 rss: 1025Mb L: 11984/63714 MS: 1 EraseBytes-
#12471213	REDUCE cov: 839 ft: 2129 corp: 580/1808Kb lim: 65536 exec/s: 39217 rss: 1025Mb L: 878/63714 MS: 4 InsertRepeatedBytes-ChangeBinInt-PersAutoDict-CopyPart- DE: "\223\377\377\377"-
#12472024	REDUCE cov: 839 ft: 2129 corp: 580/1807Kb lim: 65536 exec/s: 39220 rss: 1025Mb L: 26346/63714 MS: 1 EraseBytes-
#12472280	REDUCE cov: 839 ft: 2129 corp: 580/1807Kb lim: 65536 exec/s: 39221 rss: 1025Mb L: 198/63714 MS: 1 EraseBytes-
#12473446	REDUCE cov: 839 ft: 2129 corp: 580/1807Kb lim: 65536 exec/s: 39224 rss: 1025Mb L: 75/63714 MS: 1 EraseBytes-
#12476651	REDUCE cov: 839 ft: 2129 corp: 580/1807Kb lim: 65536 exec/s: 39111 rss: 1025Mb L: 13984/63714 MS: 5 InsertRepeatedBytes-ShuffleBytes-CopyPart-ShuffleBytes-EraseBytes-
#12477737	REDUCE cov: 839 ft: 2129 corp: 580/1807Kb lim: 65536 exec/s: 39115 rss: 1025Mb L: 1181/63714 MS: 1 EraseBytes-
#12478413	REDUCE cov: 839 ft: 2129 corp: 580/1807Kb lim: 65536 exec/s: 39117 rss: 1025Mb L: 1134/63714 MS: 1 EraseBytes-
#12478695	REDUCE cov: 839 ft: 2129 corp: 580/1807Kb lim: 65536 exec/s: 39118 rss: 1025Mb L: 284/63714 MS: 2 ChangeASCIIInt-EraseBytes-
#12479016	REDUCE cov: 839 ft: 2129 corp: 580/1805Kb lim: 65536 exec/s: 39119 rss: 1025Mb L: 10208/63714 MS: 1 EraseBytes-
#12479852	REDUCE cov: 839 ft: 2129 corp: 580/1805Kb lim: 65536 exec/s: 39121 rss: 1025Mb L: 5373/63714 MS: 1 EraseBytes-
#12479860	REDUCE cov: 839 ft: 2129 corp: 580/1805Kb lim: 65536 exec/s: 39121 rss: 1025Mb L: 5694/63714 MS: 3 ChangeASCIIInt-ManualDict-EraseBytes- DE: " (bb), "-
#12479981	REDUCE cov: 839 ft: 2129 corp: 580/1805Kb lim: 65536 exec/s: 39122 rss: 1025Mb L: 524/63714 MS: 1 EraseBytes-
#12480287	REDUCE cov: 839 ft: 2129 corp: 580/1805Kb lim: 65536 exec/s: 39123 rss: 1025Mb L: 1246/63714 MS: 1 EraseBytes-
#12481153	REDUCE cov: 839 ft: 2129 corp: 580/1805Kb lim: 65536 exec/s: 39003 rss: 1025Mb L: 620/63714 MS: 1 EraseBytes-
#12481414	REDUCE cov: 839 ft: 2129 corp: 580/1805Kb lim: 65536 exec/s: 39004 rss: 1025Mb L: 784/63714 MS: 1 EraseBytes-
#12481621	REDUCE cov: 839 ft: 2129 corp: 580/1803Kb lim: 65536 exec/s: 39005 rss: 1025Mb L: 42843/63714 MS: 2 ChangeByte-EraseBytes-
#12482732	REDUCE cov: 839 ft: 2129 corp: 580/1803Kb lim: 65536 exec/s: 39008 rss: 1025Mb L: 101/63714 MS: 1 EraseBytes-
#12483016	REDUCE cov: 839 ft: 2129 corp: 580/1802Kb lim: 65536 exec/s: 39009 rss: 1025Mb L: 1127/63714 MS: 4 ShuffleBytes-ManualDict-InsertByte-EraseBytes- DE: "mbedtls/pk.h"-
#12483612	REDUCE cov: 839 ft: 2129 corp: 580/1802Kb lim: 65536 exec/s: 39011 rss: 1025Mb L: 92/63714 MS: 1 EraseBytes-
#12485598	REDUCE cov: 839 ft: 2129 corp: 580/1802Kb lim: 65536 exec/s: 38895 rss: 1025Mb L: 166/63714 MS: 1 EraseBytes-
#12485919	REDUCE cov: 839 ft: 2129 corp: 580/1802Kb lim: 65536 exec/s: 38896 rss: 1025Mb L: 5361/63714 MS: 1 EraseBytes-
#12486608	REDUCE cov: 839 ft: 2129 corp: 580/1802Kb lim: 65536 exec/s: 38899 rss: 1025Mb L: 1950/63714 MS: 4 ChangeByte-ChangeASCIIInt-InsertRepeatedBytes-EraseBytes-
#12487408	REDUCE cov: 839 ft: 2129 corp: 580/1802Kb lim: 65536 exec/s: 38901 rss: 1025Mb L: 36523/63714 MS: 5 PersAutoDict-ShuffleBytes-InsertRepeatedBytes-InsertRepeatedBytes-EraseBytes- DE: "mbedtls/camellia.h"-
#12487535	REDUCE cov: 839 ft: 2129 corp: 580/1802Kb lim: 65536 exec/s: 38901 rss: 1025Mb L: 7871/63714 MS: 2 InsertByte-EraseBytes-
#12487636	REDUCE cov: 839 ft: 2129 corp: 580/1802Kb lim: 65536 exec/s: 38902 rss: 1025Mb L: 903/63714 MS: 1 EraseBytes-
#12487802	REDUCE cov: 839 ft: 2129 corp: 580/1802Kb lim: 65536 exec/s: 38902 rss: 1025Mb L: 240/63714 MS: 1 EraseBytes-
#12491778	REDUCE cov: 839 ft: 2129 corp: 580/1802Kb lim: 65536 exec/s: 38794 rss: 1025Mb L: 237/63714 MS: 1 EraseBytes-
#12492214	REDUCE cov: 839 ft: 2129 corp: 580/1802Kb lim: 65536 exec/s: 38795 rss: 1025Mb L: 65/63714 MS: 1 EraseBytes-
#12493490	REDUCE cov: 839 ft: 2129 corp: 580/1802Kb lim: 65536 exec/s: 38799 rss: 1025Mb L: 102/63714 MS: 1 EraseBytes-
#12493881	REDUCE cov: 839 ft: 2129 corp: 580/1802Kb lim: 65536 exec/s: 38800 rss: 1025Mb L: 74/63714 MS: 1 EraseBytes-
#12494078	REDUCE cov: 839 ft: 2129 corp: 580/1802Kb lim: 65536 exec/s: 38801 rss: 1025Mb L: 138/63714 MS: 2 ChangeByte-EraseBytes-
#12495946	REDUCE cov: 839 ft: 2129 corp: 580/1802Kb lim: 65536 exec/s: 38687 rss: 1025Mb L: 13072/63714 MS: 3 ChangeByte-InsertRepeatedBytes-EraseBytes-
#12496072	REDUCE cov: 839 ft: 2129 corp: 580/1802Kb lim: 65536 exec/s: 38687 rss: 1025Mb L: 523/63714 MS: 1 EraseBytes-
#12496119	REDUCE cov: 839 ft: 2129 corp: 580/1801Kb lim: 65536 exec/s: 38687 rss: 1025Mb L: 7306/63714 MS: 2 ChangeByte-EraseBytes-
#12497730	REDUCE cov: 839 ft: 2129 corp: 580/1801Kb lim: 65536 exec/s: 38692 rss: 1025Mb L: 155/63714 MS: 1 EraseBytes-
#12498541	REDUCE cov: 839 ft: 2129 corp: 580/1801Kb lim: 65536 exec/s: 38575 rss: 1025Mb L: 463/63714 MS: 1 EraseBytes-
#12500103	REDUCE cov: 839 ft: 2129 corp: 580/1801Kb lim: 65536 exec/s: 38580 rss: 1025Mb L: 681/63714 MS: 2 InsertByte-EraseBytes-
#12500914	REDUCE cov: 839 ft: 2129 corp: 580/1800Kb lim: 65536 exec/s: 38583 rss: 1025Mb L: 3277/63714 MS: 1 EraseBytes-
#12501715	REDUCE cov: 839 ft: 2129 corp: 580/1800Kb lim: 65536 exec/s: 38585 rss: 1025Mb L: 135/63714 MS: 1 EraseBytes-
#12502056	REDUCE cov: 839 ft: 2129 corp: 580/1800Kb lim: 65536 exec/s: 38586 rss: 1025Mb L: 5102/63714 MS: 1 EraseBytes-
#12503801	REDUCE cov: 839 ft: 2129 corp: 580/1800Kb lim: 65536 exec/s: 38473 rss: 1025Mb L: 1124/63714 MS: 5 PersAutoDict-ChangeBit-CMP-CMP-EraseBytes- DE: "\223FF\030"-"\377\377\377\377\377\377\377\330"-"0\000\000\000"-
#12504298	REDUCE cov: 839 ft: 2129 corp: 580/1800Kb lim: 65536 exec/s: 38474 rss: 1025Mb L: 2373/63714 MS: 2 ChangeASCIIInt-EraseBytes-
#12504366	REDUCE cov: 839 ft: 2129 corp: 580/1799Kb lim: 65536 exec/s: 38474 rss: 1025Mb L: 37726/63714 MS: 3 PersAutoDict-EraseBytes-CopyPart- DE: "Bad usage of mbedtls_ssl_set_bio() "-
#12505242	REDUCE cov: 839 ft: 2129 corp: 580/1799Kb lim: 65536 exec/s: 38477 rss: 1025Mb L: 187/63714 MS: 1 EraseBytes-
#12505803	REDUCE cov: 839 ft: 2129 corp: 580/1799Kb lim: 65536 exec/s: 38479 rss: 1025Mb L: 471/63714 MS: 1 EraseBytes-
#12506129	REDUCE cov: 839 ft: 2129 corp: 580/1799Kb lim: 65536 exec/s: 38480 rss: 1025Mb L: 1879/63714 MS: 1 EraseBytes-
#12507160	REDUCE cov: 839 ft: 2129 corp: 580/1799Kb lim: 65536 exec/s: 38365 rss: 1025Mb L: 458/63714 MS: 1 EraseBytes-
#12508383	REDUCE cov: 839 ft: 2129 corp: 580/1798Kb lim: 65536 exec/s: 38369 rss: 1025Mb L: 35997/63714 MS: 3 PersAutoDict-ManualDict-EraseBytes- DE: "U\035\016"-"<= parse new session ticket"-
#12509997	REDUCE cov: 839 ft: 2129 corp: 580/1797Kb lim: 65536 exec/s: 38374 rss: 1025Mb L: 4843/63714 MS: 4 ChangeByte-PersAutoDict-EraseBytes-CopyPart- DE: "=> parse certificate"-
#12510468	REDUCE cov: 839 ft: 2129 corp: 580/1797Kb lim: 65536 exec/s: 38375 rss: 1025Mb L: 524/63714 MS: 1 EraseBytes-
#12511014	REDUCE cov: 839 ft: 2129 corp: 580/1797Kb lim: 65536 exec/s: 38377 rss: 1025Mb L: 13958/63714 MS: 1 EraseBytes-
#12511381	REDUCE cov: 839 ft: 2129 corp: 580/1797Kb lim: 65536 exec/s: 38378 rss: 1025Mb L: 81/63714 MS: 2 CrossOver-EraseBytes-
#12511468	REDUCE cov: 839 ft: 2129 corp: 580/1797Kb lim: 65536 exec/s: 38378 rss: 1025Mb L: 1171/63714 MS: 2 ChangeASCIIInt-EraseBytes-
#12512550	REDUCE cov: 839 ft: 2129 corp: 580/1797Kb lim: 65536 exec/s: 38264 rss: 1025Mb L: 331/63714 MS: 2 CrossOver-EraseBytes-
#12513182	REDUCE cov: 839 ft: 2129 corp: 580/1797Kb lim: 65536 exec/s: 38266 rss: 1025Mb L: 1874/63714 MS: 2 ShuffleBytes-EraseBytes-
#12514170	REDUCE cov: 839 ft: 2129 corp: 580/1797Kb lim: 65536 exec/s: 38269 rss: 1025Mb L: 124/63714 MS: 3 ChangeASCIIInt-PersAutoDict-EraseBytes- DE: "buffer too small"-
#12514341	REDUCE cov: 839 ft: 2129 corp: 580/1797Kb lim: 65536 exec/s: 38270 rss: 1025Mb L: 4647/63714 MS: 1 EraseBytes-
#12514792	REDUCE cov: 839 ft: 2129 corp: 580/1795Kb lim: 65536 exec/s: 38271 rss: 1025Mb L: 50764/63714 MS: 1 EraseBytes-
#12515279	REDUCE cov: 839 ft: 2129 corp: 580/1795Kb lim: 65536 exec/s: 38273 rss: 1025Mb L: 4783/63714 MS: 2 PersAutoDict-EraseBytes- DE: "-------6---EGBIN CERTI"-
#12517442	REDUCE cov: 839 ft: 2129 corp: 580/1794Kb lim: 65536 exec/s: 38162 rss: 1025Mb L: 14111/63714 MS: 3 ChangeBit-ManualDict-EraseBytes- DE: "  DHM parameter load: "-
#12517499	REDUCE cov: 839 ft: 2129 corp: 580/1794Kb lim: 65536 exec/s: 38163 rss: 1025Mb L: 12801/63714 MS: 2 ChangeBinInt-EraseBytes-
#12518210	REDUCE cov: 839 ft: 2129 corp: 580/1794Kb lim: 65536 exec/s: 38165 rss: 1025Mb L: 961/63714 MS: 1 EraseBytes-
#12519716	REDUCE cov: 839 ft: 2129 corp: 580/1794Kb lim: 65536 exec/s: 38169 rss: 1025Mb L: 231/63714 MS: 1 EraseBytes-
#12519727	REDUCE cov: 839 ft: 2129 corp: 580/1794Kb lim: 65536 exec/s: 38169 rss: 1025Mb L: 64/63714 MS: 1 EraseBytes-
#12520193	REDUCE cov: 839 ft: 2129 corp: 580/1794Kb lim: 65536 exec/s: 38171 rss: 1025Mb L: 155/63714 MS: 1 EraseBytes-
#12520485	REDUCE cov: 839 ft: 2129 corp: 580/1794Kb lim: 65536 exec/s: 38172 rss: 1025Mb L: 2851/63714 MS: 2 CMP-EraseBytes- DE: "\377\377\377\377\377\377\377\017"-
#12520602	REDUCE cov: 839 ft: 2129 corp: 580/1794Kb lim: 65536 exec/s: 38172 rss: 1025Mb L: 532/63714 MS: 2 ManualDict-EraseBytes- DE: "expand 32-byte k"-
#12520985	REDUCE cov: 839 ft: 2129 corp: 580/1793Kb lim: 65536 exec/s: 38173 rss: 1025Mb L: 5348/63714 MS: 3 ChangeBinInt-ShuffleBytes-EraseBytes-
#12521263	REDUCE cov: 839 ft: 2129 corp: 580/1793Kb lim: 65536 exec/s: 38058 rss: 1025Mb L: 663/63714 MS: 3 ShuffleBytes-PersAutoDict-EraseBytes- DE: "<= write certificate"-
#12521481	REDUCE cov: 839 ft: 2129 corp: 580/1793Kb lim: 65536 exec/s: 38059 rss: 1025Mb L: 1390/63714 MS: 3 InsertByte-CMP-EraseBytes- DE: "DEK-Info: DES-\275\275\274\323"-
#12521592	REDUCE cov: 839 ft: 2129 corp: 580/1793Kb lim: 65536 exec/s: 38059 rss: 1025Mb L: 200/63714 MS: 1 EraseBytes-
#12522029	REDUCE cov: 839 ft: 2129 corp: 580/1793Kb lim: 65536 exec/s: 38060 rss: 1025Mb L: 1843/63714 MS: 2 InsertByte-EraseBytes-
#12522491	REDUCE cov: 839 ft: 2129 corp: 580/1793Kb lim: 65536 exec/s: 38062 rss: 1025Mb L: 149/63714 MS: 2 InsertRepeatedBytes-EraseBytes-
#12522632	REDUCE cov: 839 ft: 2129 corp: 580/1792Kb lim: 65536 exec/s: 38062 rss: 1025Mb L: 643/63714 MS: 1 EraseBytes-
#12523143	REDUCE cov: 839 ft: 2129 corp: 580/1792Kb lim: 65536 exec/s: 38064 rss: 1025Mb L: 580/63714 MS: 1 EraseBytes-
#12524184	REDUCE cov: 839 ft: 2129 corp: 580/1792Kb lim: 65536 exec/s: 38067 rss: 1025Mb L: 1418/63714 MS: 1 EraseBytes-
#12525195	REDUCE cov: 839 ft: 2129 corp: 580/1792Kb lim: 65536 exec/s: 38070 rss: 1025Mb L: 558/63714 MS: 1 EraseBytes-
#12526696	REDUCE cov: 839 ft: 2129 corp: 580/1792Kb lim: 65536 exec/s: 37959 rss: 1025Mb L: 1047/63714 MS: 1 EraseBytes-
#12527467	REDUCE cov: 839 ft: 2129 corp: 580/1792Kb lim: 65536 exec/s: 37962 rss: 1025Mb L: 2729/63714 MS: 1 EraseBytes-
#12527763	REDUCE cov: 839 ft: 2129 corp: 580/1792Kb lim: 65536 exec/s: 37962 rss: 1025Mb L: 178/63714 MS: 1 EraseBytes-
#12528994	REDUCE cov: 839 ft: 2129 corp: 580/1792Kb lim: 65536 exec/s: 37966 rss: 1025Mb L: 446/63714 MS: 1 EraseBytes-
#12529971	REDUCE cov: 839 ft: 2129 corp: 580/1792Kb lim: 65536 exec/s: 37969 rss: 1025Mb L: 638/63714 MS: 2 ChangeBinInt-EraseBytes-
#12530057	REDUCE cov: 839 ft: 2129 corp: 580/1792Kb lim: 65536 exec/s: 37969 rss: 1025Mb L: 415/63714 MS: 1 EraseBytes-
#12530834	REDUCE cov: 839 ft: 2129 corp: 580/1792Kb lim: 65536 exec/s: 37857 rss: 1025Mb L: 543/63714 MS: 2 ShuffleBytes-EraseBytes-
#12531030	REDUCE cov: 839 ft: 2129 corp: 580/1792Kb lim: 65536 exec/s: 37858 rss: 1025Mb L: 720/63714 MS: 1 EraseBytes-
#12531051	REDUCE cov: 839 ft: 2129 corp: 580/1792Kb lim: 65536 exec/s: 37858 rss: 1025Mb L: 2045/63714 MS: 1 EraseBytes-
#12531909	REDUCE cov: 839 ft: 2129 corp: 580/1792Kb lim: 65536 exec/s: 37860 rss: 1025Mb L: 597/63714 MS: 3 ShuffleBytes-ManualDict-EraseBytes- DE: "AES-192-KW"-
#12532865	REDUCE cov: 839 ft: 2129 corp: 580/1792Kb lim: 65536 exec/s: 37863 rss: 1025Mb L: 223/63714 MS: 1 EraseBytes-
#12533813	REDUCE cov: 839 ft: 2129 corp: 580/1792Kb lim: 65536 exec/s: 37866 rss: 1025Mb L: 794/63714 MS: 3 ShuffleBytes-ChangeASCIIInt-EraseBytes-
#12534055	REDUCE cov: 839 ft: 2129 corp: 580/1792Kb lim: 65536 exec/s: 37867 rss: 1025Mb L: 172/63714 MS: 2 ShuffleBytes-EraseBytes-
#12535379	REDUCE cov: 839 ft: 2129 corp: 580/1792Kb lim: 65536 exec/s: 37757 rss: 1025Mb L: 588/63714 MS: 4 CopyPart-ChangeASCIIInt-EraseBytes-InsertByte-
#12537977	REDUCE cov: 839 ft: 2129 corp: 580/1792Kb lim: 65536 exec/s: 37764 rss: 1025Mb L: 402/63714 MS: 3 CrossOver-ShuffleBytes-EraseBytes-
#12538356	REDUCE cov: 839 ft: 2129 corp: 580/1792Kb lim: 65536 exec/s: 37766 rss: 1025Mb L: 1085/63714 MS: 4 CopyPart-InsertRepeatedBytes-ChangeByte-EraseBytes-
#12538532	REDUCE cov: 839 ft: 2129 corp: 580/1792Kb lim: 65536 exec/s: 37766 rss: 1025Mb L: 218/63714 MS: 1 EraseBytes-
#12538733	REDUCE cov: 839 ft: 2129 corp: 580/1792Kb lim: 65536 exec/s: 37767 rss: 1025Mb L: 407/63714 MS: 1 EraseBytes-
#12539070	REDUCE cov: 839 ft: 2129 corp: 580/1792Kb lim: 65536 exec/s: 37768 rss: 1025Mb L: 5293/63714 MS: 2 ChangeByte-EraseBytes-
#12539171	REDUCE cov: 839 ft: 2129 corp: 580/1791Kb lim: 65536 exec/s: 37768 rss: 1025Mb L: 673/63714 MS: 1 EraseBytes-
#12539257	REDUCE cov: 839 ft: 2129 corp: 580/1791Kb lim: 65536 exec/s: 37768 rss: 1025Mb L: 1665/63714 MS: 1 EraseBytes-
#12539614	REDUCE cov: 839 ft: 2129 corp: 580/1791Kb lim: 65536 exec/s: 37769 rss: 1025Mb L: 26345/63714 MS: 2 ChangeBinInt-EraseBytes-
#12540436	REDUCE cov: 839 ft: 2129 corp: 580/1791Kb lim: 65536 exec/s: 37658 rss: 1025Mb L: 525/63714 MS: 2 InsertByte-EraseBytes-
#12541117	REDUCE cov: 839 ft: 2129 corp: 580/1791Kb lim: 65536 exec/s: 37661 rss: 1025Mb L: 69/63714 MS: 1 EraseBytes-
#12543173	REDUCE cov: 839 ft: 2129 corp: 580/1791Kb lim: 65536 exec/s: 37667 rss: 1025Mb L: 10135/63714 MS: 1 EraseBytes-
#12543250	REDUCE cov: 839 ft: 2129 corp: 580/1790Kb lim: 65536 exec/s: 37667 rss: 1025Mb L: 35263/63714 MS: 2 CMP-EraseBytes- DE: "\3770"-
#12543889	REDUCE cov: 839 ft: 2129 corp: 580/1790Kb lim: 65536 exec/s: 37556 rss: 1025Mb L: 3503/63714 MS: 4 ShuffleBytes-ChangeBit-ChangeASCIIInt-EraseBytes-
#12544385	REDUCE cov: 839 ft: 2129 corp: 580/1790Kb lim: 65536 exec/s: 37558 rss: 1025Mb L: 1889/63714 MS: 1 EraseBytes-
#12544461	REDUCE cov: 839 ft: 2129 corp: 580/1790Kb lim: 65536 exec/s: 37558 rss: 1025Mb L: 1421/63714 MS: 1 EraseBytes-
#12546808	REDUCE cov: 839 ft: 2129 corp: 580/1790Kb lim: 65536 exec/s: 37565 rss: 1025Mb L: 34980/63714 MS: 2 InsertRepeatedBytes-EraseBytes-
#12546913	REDUCE cov: 839 ft: 2129 corp: 580/1790Kb lim: 65536 exec/s: 37565 rss: 1025Mb L: 947/63714 MS: 5 ManualDict-ManualDict-ChangeBit-PersAutoDict-EraseBytes- DE: "server version"-"AES-256-CFB128"-"\377\377\377\377\377\377\377\022"-
#12546939	REDUCE cov: 839 ft: 2130 corp: 581/1791Kb lim: 65536 exec/s: 37565 rss: 1025Mb L: 1015/63714 MS: 1 CopyPart-
#12547187	REDUCE cov: 839 ft: 2130 corp: 581/1790Kb lim: 65536 exec/s: 37566 rss: 1025Mb L: 4482/63714 MS: 3 ChangeBinInt-InsertByte-EraseBytes-
#12548958	REDUCE cov: 839 ft: 2130 corp: 581/1790Kb lim: 65536 exec/s: 37459 rss: 1025Mb L: 327/63714 MS: 1 EraseBytes-
#12549204	REDUCE cov: 839 ft: 2130 corp: 581/1790Kb lim: 65536 exec/s: 37460 rss: 1025Mb L: 153/63714 MS: 1 EraseBytes-
#12549795	REDUCE cov: 839 ft: 2130 corp: 581/1790Kb lim: 65536 exec/s: 37462 rss: 1025Mb L: 1735/63714 MS: 1 EraseBytes-
#12550996	REDUCE cov: 839 ft: 2130 corp: 581/1790Kb lim: 65536 exec/s: 37465 rss: 1025Mb L: 3246/63714 MS: 1 EraseBytes-
#12551217	REDUCE cov: 839 ft: 2130 corp: 581/1790Kb lim: 65536 exec/s: 37466 rss: 1025Mb L: 7578/63714 MS: 1 EraseBytes-
#12551756	REDUCE cov: 839 ft: 2130 corp: 581/1787Kb lim: 65536 exec/s: 37467 rss: 1025Mb L: 33576/63714 MS: 4 CopyPart-ChangeBit-ChangeByte-EraseBytes-
#12552243	REDUCE cov: 839 ft: 2130 corp: 581/1787Kb lim: 65536 exec/s: 37469 rss: 1025Mb L: 792/63714 MS: 2 PersAutoDict-EraseBytes- DE: "L\020\224P"-
#12552374	REDUCE cov: 839 ft: 2130 corp: 581/1787Kb lim: 65536 exec/s: 37469 rss: 1025Mb L: 34947/63714 MS: 1 EraseBytes-
#12552544	REDUCE cov: 839 ft: 2130 corp: 581/1787Kb lim: 65536 exec/s: 37470 rss: 1025Mb L: 6038/63714 MS: 5 ChangeBinInt-CMP-ShuffleBytes-ChangeBinInt-EraseBytes- DE: "\017V\253["-
#12554060	REDUCE cov: 839 ft: 2130 corp: 581/1787Kb lim: 65536 exec/s: 37363 rss: 1025Mb L: 2229/63714 MS: 1 EraseBytes-
#12555153	REDUCE cov: 839 ft: 2130 corp: 581/1787Kb lim: 65536 exec/s: 37366 rss: 1025Mb L: 3135/63714 MS: 3 ChangeBinInt-InsertRepeatedBytes-EraseBytes-
#12555239	REDUCE cov: 839 ft: 2130 corp: 581/1786Kb lim: 65536 exec/s: 37366 rss: 1025Mb L: 7758/63714 MS: 1 EraseBytes-
#12555761	NEW    cov: 839 ft: 2131 corp: 582/1789Kb lim: 65536 exec/s: 37368 rss: 1025Mb L: 2646/63714 MS: 2 CopyPart-CopyPart-
#12556642	REDUCE cov: 839 ft: 2131 corp: 582/1789Kb lim: 65536 exec/s: 37370 rss: 1025Mb L: 24638/63714 MS: 1 EraseBytes-
#12557185	REDUCE cov: 839 ft: 2131 corp: 582/1789Kb lim: 65536 exec/s: 37372 rss: 1025Mb L: 9920/63714 MS: 3 ManualDict-ChangeASCIIInt-EraseBytes- DE: "psa/crypto_values.h"-
#12557593	REDUCE cov: 839 ft: 2131 corp: 582/1789Kb lim: 65536 exec/s: 37373 rss: 1025Mb L: 374/63714 MS: 3 ChangeBit-PersAutoDict-EraseBytes- DE: "ECP - The signature is not valid"-
#12558417	REDUCE cov: 839 ft: 2131 corp: 582/1789Kb lim: 65536 exec/s: 37376 rss: 1025Mb L: 620/63714 MS: 4 ManualDict-ChangeBinInt-ChangeASCIIInt-EraseBytes- DE: "CAMELLIA-128-CFB128"-
#12558598	REDUCE cov: 839 ft: 2131 corp: 582/1788Kb lim: 65536 exec/s: 37376 rss: 1025Mb L: 2297/63714 MS: 1 EraseBytes-
#12558879	REDUCE cov: 839 ft: 2131 corp: 582/1786Kb lim: 65536 exec/s: 37377 rss: 1025Mb L: 59487/63714 MS: 1 EraseBytes-
#12560070	REDUCE cov: 839 ft: 2131 corp: 582/1786Kb lim: 65536 exec/s: 37270 rss: 1025Mb L: 16642/63714 MS: 1 EraseBytes-
#12562301	REDUCE cov: 839 ft: 2131 corp: 582/1786Kb lim: 65536 exec/s: 37276 rss: 1025Mb L: 796/63714 MS: 1 EraseBytes-
#12562711	REDUCE cov: 839 ft: 2131 corp: 582/1781Kb lim: 65536 exec/s: 37278 rss: 1025Mb L: 46944/63714 MS: 5 PersAutoDict-CopyPart-InsertRepeatedBytes-ManualDict-EraseBytes- DE: "U\035\003"-"mbedtls/cipher.h"-
#12564248	REDUCE cov: 839 ft: 2131 corp: 582/1781Kb lim: 65536 exec/s: 37172 rss: 1025Mb L: 1761/63714 MS: 2 ShuffleBytes-EraseBytes-
#12565144	REDUCE cov: 839 ft: 2131 corp: 582/1781Kb lim: 65536 exec/s: 37174 rss: 1025Mb L: 149/63714 MS: 1 EraseBytes-
#12565950	REDUCE cov: 839 ft: 2131 corp: 582/1781Kb lim: 65536 exec/s: 37177 rss: 1025Mb L: 65/63714 MS: 1 EraseBytes-
#12567171	REDUCE cov: 839 ft: 2131 corp: 582/1781Kb lim: 65536 exec/s: 37180 rss: 1025Mb L: 46733/63714 MS: 1 EraseBytes-
#12567264	REDUCE cov: 839 ft: 2131 corp: 582/1780Kb lim: 65536 exec/s: 37181 rss: 1025Mb L: 5057/63714 MS: 3 ChangeASCIIInt-CopyPart-EraseBytes-
#12568477	REDUCE cov: 839 ft: 2131 corp: 582/1780Kb lim: 65536 exec/s: 37184 rss: 1025Mb L: 35558/63714 MS: 3 ChangeBinInt-ShuffleBytes-EraseBytes-
#12569704	REDUCE cov: 839 ft: 2131 corp: 582/1780Kb lim: 65536 exec/s: 37078 rss: 1025Mb L: 1374/63714 MS: 2 ShuffleBytes-EraseBytes-
#12570571	REDUCE cov: 839 ft: 2131 corp: 582/1780Kb lim: 65536 exec/s: 37081 rss: 1025Mb L: 486/63714 MS: 2 InsertByte-EraseBytes-
#12570772	REDUCE cov: 839 ft: 2131 corp: 582/1780Kb lim: 65536 exec/s: 37081 rss: 1025Mb L: 209/63714 MS: 1 EraseBytes-
#12570873	REDUCE cov: 839 ft: 2131 corp: 582/1779Kb lim: 65536 exec/s: 37082 rss: 1025Mb L: 58718/63714 MS: 1 EraseBytes-
#12571074	REDUCE cov: 839 ft: 2131 corp: 582/1779Kb lim: 65536 exec/s: 37082 rss: 1025Mb L: 67/63714 MS: 1 EraseBytes-
#12571308	REDUCE cov: 839 ft: 2131 corp: 582/1779Kb lim: 65536 exec/s: 37083 rss: 1025Mb L: 1082/63714 MS: 4 PersAutoDict-ChangeByte-ChangeASCIIInt-EraseBytes- DE: "DEK-Info: DES-CBC,"-
#12571649	REDUCE cov: 839 ft: 2131 corp: 582/1779Kb lim: 65536 exec/s: 37084 rss: 1025Mb L: 986/63714 MS: 1 EraseBytes-
#12572415	REDUCE cov: 839 ft: 2131 corp: 582/1779Kb lim: 65536 exec/s: 37086 rss: 1025Mb L: 1576/63714 MS: 1 EraseBytes-
#12572452	REDUCE cov: 839 ft: 2131 corp: 582/1779Kb lim: 65536 exec/s: 37086 rss: 1025Mb L: 1590/63714 MS: 2 InsertRepeatedBytes-EraseBytes-
#12574038	REDUCE cov: 839 ft: 2131 corp: 582/1779Kb lim: 65536 exec/s: 36982 rss: 1025Mb L: 265/63714 MS: 1 EraseBytes-
#12574139	REDUCE cov: 839 ft: 2131 corp: 582/1779Kb lim: 65536 exec/s: 36982 rss: 1025Mb L: 70/63714 MS: 1 EraseBytes-
#12574296	REDUCE cov: 839 ft: 2131 corp: 582/1779Kb lim: 65536 exec/s: 36983 rss: 1025Mb L: 518/63714 MS: 2 ChangeBit-EraseBytes-
#12574340	REDUCE cov: 839 ft: 2131 corp: 582/1778Kb lim: 65536 exec/s: 36983 rss: 1025Mb L: 34157/63714 MS: 4 ShuffleBytes-ChangeByte-PersAutoDict-EraseBytes- DE: "AES-256-CBC"-
#12574534	REDUCE cov: 839 ft: 2131 corp: 582/1778Kb lim: 65536 exec/s: 36983 rss: 1025Mb L: 652/63714 MS: 4 ChangeASCIIInt-ChangeBit-ChangeASCIIInt-EraseBytes-
#12576836	REDUCE cov: 839 ft: 2131 corp: 582/1778Kb lim: 65536 exec/s: 36990 rss: 1025Mb L: 1408/63714 MS: 2 ChangeBit-EraseBytes-
#12578122	REDUCE cov: 839 ft: 2131 corp: 582/1778Kb lim: 65536 exec/s: 36994 rss: 1025Mb L: 221/63714 MS: 1 EraseBytes-
#12580183	REDUCE cov: 839 ft: 2131 corp: 582/1778Kb lim: 65536 exec/s: 36892 rss: 1025Mb L: 4436/63714 MS: 1 EraseBytes-
#12580244	REDUCE cov: 839 ft: 2131 corp: 582/1778Kb lim: 65536 exec/s: 36892 rss: 1025Mb L: 636/63714 MS: 1 EraseBytes-
#12580456	REDUCE cov: 839 ft: 2131 corp: 582/1778Kb lim: 65536 exec/s: 36892 rss: 1025Mb L: 1302/63714 MS: 2 ShuffleBytes-EraseBytes-
#12581602	REDUCE cov: 839 ft: 2131 corp: 582/1778Kb lim: 65536 exec/s: 36896 rss: 1025Mb L: 1624/63714 MS: 1 EraseBytes-
#12581739	REDUCE cov: 839 ft: 2131 corp: 582/1776Kb lim: 65536 exec/s: 36896 rss: 1025Mb L: 45559/63714 MS: 2 ShuffleBytes-EraseBytes-
#12583000	REDUCE cov: 839 ft: 2131 corp: 582/1776Kb lim: 65536 exec/s: 36900 rss: 1025Mb L: 50301/63714 MS: 1 EraseBytes-
#12583931	REDUCE cov: 839 ft: 2131 corp: 582/1775Kb lim: 65536 exec/s: 36903 rss: 1025Mb L: 12587/63714 MS: 1 EraseBytes-
#12584088	REDUCE cov: 839 ft: 2131 corp: 582/1774Kb lim: 65536 exec/s: 36903 rss: 1025Mb L: 5888/63714 MS: 2 InsertRepeatedBytes-EraseBytes-
#12584789	REDUCE cov: 839 ft: 2131 corp: 582/1774Kb lim: 65536 exec/s: 36797 rss: 1025Mb L: 202/63714 MS: 1 EraseBytes-
#12584800	REDUCE cov: 839 ft: 2131 corp: 582/1774Kb lim: 65536 exec/s: 36797 rss: 1025Mb L: 11941/63714 MS: 1 EraseBytes-
#12584991	REDUCE cov: 839 ft: 2131 corp: 582/1774Kb lim: 65536 exec/s: 36798 rss: 1025Mb L: 384/63714 MS: 1 EraseBytes-
#12585288	REDUCE cov: 839 ft: 2131 corp: 582/1774Kb lim: 65536 exec/s: 36799 rss: 1025Mb L: 151/63714 MS: 2 ShuffleBytes-EraseBytes-
#12585764	REDUCE cov: 839 ft: 2131 corp: 582/1774Kb lim: 65536 exec/s: 36800 rss: 1025Mb L: 63/63714 MS: 1 EraseBytes-
#12585941	REDUCE cov: 839 ft: 2131 corp: 582/1774Kb lim: 65536 exec/s: 36800 rss: 1025Mb L: 1224/63714 MS: 2 InsertByte-EraseBytes-
#12588287	REDUCE cov: 839 ft: 2131 corp: 582/1774Kb lim: 65536 exec/s: 36807 rss: 1025Mb L: 3584/63714 MS: 1 EraseBytes-
#12588728	REDUCE cov: 839 ft: 2131 corp: 582/1774Kb lim: 65536 exec/s: 36809 rss: 1025Mb L: 197/63714 MS: 1 EraseBytes-
#12589115	REDUCE cov: 839 ft: 2131 corp: 582/1774Kb lim: 65536 exec/s: 36810 rss: 1025Mb L: 124/63714 MS: 2 ChangeASCIIInt-EraseBytes-
#12589257	REDUCE cov: 839 ft: 2131 corp: 582/1774Kb lim: 65536 exec/s: 36703 rss: 1025Mb L: 232/63714 MS: 2 ManualDict-EraseBytes- DE: "AES-192-CBC"-
#12589308	REDUCE cov: 839 ft: 2131 corp: 582/1774Kb lim: 65536 exec/s: 36703 rss: 1025Mb L: 469/63714 MS: 1 EraseBytes-
#12589419	REDUCE cov: 839 ft: 2131 corp: 582/1773Kb lim: 65536 exec/s: 36703 rss: 1025Mb L: 13965/63714 MS: 1 EraseBytes-
#12590660	REDUCE cov: 839 ft: 2131 corp: 582/1772Kb lim: 65536 exec/s: 36707 rss: 1025Mb L: 8286/63714 MS: 1 EraseBytes-
#12591456	REDUCE cov: 839 ft: 2131 corp: 582/1772Kb lim: 65536 exec/s: 36709 rss: 1025Mb L: 199/63714 MS: 1 EraseBytes-
#12591638	REDUCE cov: 839 ft: 2131 corp: 582/1772Kb lim: 65536 exec/s: 36710 rss: 1025Mb L: 715/63714 MS: 2 ChangeByte-EraseBytes-
#12591784	REDUCE cov: 839 ft: 2131 corp: 582/1771Kb lim: 65536 exec/s: 36710 rss: 1025Mb L: 5269/63714 MS: 1 EraseBytes-
#12592655	REDUCE cov: 839 ft: 2131 corp: 582/1771Kb lim: 65536 exec/s: 36713 rss: 1025Mb L: 593/63714 MS: 1 EraseBytes-
#12593206	REDUCE cov: 839 ft: 2131 corp: 582/1771Kb lim: 65536 exec/s: 36714 rss: 1025Mb L: 33005/63714 MS: 1 EraseBytes-
#12593469	REDUCE cov: 839 ft: 2131 corp: 582/1770Kb lim: 65536 exec/s: 36715 rss: 1025Mb L: 5163/63714 MS: 3 ChangeASCIIInt-ChangeASCIIInt-CrossOver-
#12594227	REDUCE cov: 839 ft: 2132 corp: 583/1833Kb lim: 65536 exec/s: 36611 rss: 1025Mb L: 64389/64389 MS: 3 ChangeByte-ChangeASCIIInt-CopyPart-
#12597058	REDUCE cov: 839 ft: 2132 corp: 583/1833Kb lim: 65536 exec/s: 36619 rss: 1025Mb L: 1934/64389 MS: 1 EraseBytes-
#12597389	REDUCE cov: 839 ft: 2132 corp: 583/1833Kb lim: 65536 exec/s: 36620 rss: 1025Mb L: 4372/64389 MS: 1 EraseBytes-
#12598560	REDUCE cov: 839 ft: 2132 corp: 583/1833Kb lim: 65536 exec/s: 36517 rss: 1025Mb L: 1243/64389 MS: 1 EraseBytes-
#12599062	REDUCE cov: 839 ft: 2132 corp: 583/1833Kb lim: 65536 exec/s: 36519 rss: 1025Mb L: 1219/64389 MS: 2 ChangeByte-EraseBytes-
#12599214	REDUCE cov: 839 ft: 2132 corp: 583/1832Kb lim: 65536 exec/s: 36519 rss: 1025Mb L: 50928/64389 MS: 2 ManualDict-EraseBytes- DE: "bad server hello done message"-
#12600112	REDUCE cov: 839 ft: 2132 corp: 583/1832Kb lim: 65536 exec/s: 36522 rss: 1025Mb L: 1561/64389 MS: 3 EraseBytes-ChangeBinInt-CopyPart-
#12600994	REDUCE cov: 839 ft: 2132 corp: 583/1832Kb lim: 65536 exec/s: 36419 rss: 1025Mb L: 837/64389 MS: 2 ChangeASCIIInt-EraseBytes-
#12602365	REDUCE cov: 839 ft: 2132 corp: 583/1832Kb lim: 65536 exec/s: 36423 rss: 1025Mb L: 336/64389 MS: 1 EraseBytes-
#12604563	REDUCE cov: 839 ft: 2132 corp: 583/1832Kb lim: 65536 exec/s: 36429 rss: 1025Mb L: 91/64389 MS: 3 CMP-CrossOver-EraseBytes- DE: "0\000\000\000"-
#12605801	REDUCE cov: 839 ft: 2132 corp: 583/1831Kb lim: 65536 exec/s: 36327 rss: 1025Mb L: 31250/64389 MS: 3 ChangeByte-InsertByte-EraseBytes-
#12606290	REDUCE cov: 839 ft: 2132 corp: 583/1830Kb lim: 65536 exec/s: 36329 rss: 1025Mb L: 34015/64389 MS: 4 ManualDict-ChangeASCIIInt-ChangeByte-EraseBytes- DE: "MD - The selected feature is not available"-
#12607256	REDUCE cov: 839 ft: 2132 corp: 583/1830Kb lim: 65536 exec/s: 36332 rss: 1025Mb L: 5630/64389 MS: 1 EraseBytes-
#12607679	REDUCE cov: 839 ft: 2132 corp: 583/1830Kb lim: 65536 exec/s: 36333 rss: 1025Mb L: 2947/64389 MS: 3 ChangeBit-ChangeBit-EraseBytes-
#12610051	REDUCE cov: 839 ft: 2132 corp: 583/1830Kb lim: 65536 exec/s: 36235 rss: 1025Mb L: 1389/64389 MS: 2 ChangeBit-EraseBytes-
#12610077	REDUCE cov: 839 ft: 2132 corp: 583/1830Kb lim: 65536 exec/s: 36235 rss: 1025Mb L: 357/64389 MS: 1 EraseBytes-
#12610117	REDUCE cov: 839 ft: 2132 corp: 583/1826Kb lim: 65536 exec/s: 36235 rss: 1025Mb L: 27035/64389 MS: 5 ChangeByte-InsertByte-ManualDict-EraseBytes-CopyPart- DE: "=c"-
#12610543	REDUCE cov: 839 ft: 2132 corp: 583/1826Kb lim: 65536 exec/s: 36237 rss: 1025Mb L: 1594/64389 MS: 1 EraseBytes-
#12613844	REDUCE cov: 839 ft: 2132 corp: 583/1826Kb lim: 65536 exec/s: 36142 rss: 1025Mb L: 409/64389 MS: 1 EraseBytes-
#12615189	REDUCE cov: 839 ft: 2132 corp: 583/1826Kb lim: 65536 exec/s: 36146 rss: 1025Mb L: 17592/64389 MS: 5 ChangeBinInt-ManualDict-ChangeASCIIInt-CMP-EraseBytes- DE: "legacy renegotiation, breaking off handshake"-"\377\026"-
#12615776	REDUCE cov: 839 ft: 2132 corp: 583/1826Kb lim: 65536 exec/s: 36148 rss: 1025Mb L: 180/64389 MS: 2 CopyPart-EraseBytes-
#12618942	REDUCE cov: 839 ft: 2132 corp: 583/1825Kb lim: 65536 exec/s: 36054 rss: 1025Mb L: 4551/64389 MS: 1 EraseBytes-
#12620350	NEW    cov: 839 ft: 2135 corp: 584/1828Kb lim: 65536 exec/s: 36058 rss: 1025Mb L: 2282/64389 MS: 3 CopyPart-ChangeBinInt-CopyPart-
#12620407	REDUCE cov: 839 ft: 2135 corp: 584/1828Kb lim: 65536 exec/s: 36058 rss: 1025Mb L: 726/64389 MS: 2 CopyPart-EraseBytes-
#12621414	REDUCE cov: 839 ft: 2135 corp: 584/1828Kb lim: 65536 exec/s: 36061 rss: 1025Mb L: 91/64389 MS: 2 ShuffleBytes-EraseBytes-
#12621675	NEW    cov: 839 ft: 2136 corp: 585/1831Kb lim: 65536 exec/s: 35959 rss: 1025Mb L: 4033/64389 MS: 1 CopyPart-
#12622183	REDUCE cov: 839 ft: 2136 corp: 585/1831Kb lim: 65536 exec/s: 35960 rss: 1025Mb L: 3373/64389 MS: 3 CMP-ChangeASCIIInt-EraseBytes- DE: "P\224\020M"-
#12623017	REDUCE cov: 839 ft: 2136 corp: 585/1830Kb lim: 65536 exec/s: 35963 rss: 1025Mb L: 2607/64389 MS: 4 InsertRepeatedBytes-PersAutoDict-ShuffleBytes-EraseBytes- DE: "bad legacy compression method"-
#12623108	REDUCE cov: 839 ft: 2136 corp: 585/1830Kb lim: 65536 exec/s: 35963 rss: 1025Mb L: 216/64389 MS: 1 EraseBytes-
#12623158	REDUCE cov: 839 ft: 2136 corp: 585/1830Kb lim: 65536 exec/s: 35963 rss: 1025Mb L: 2589/64389 MS: 5 CMP-PersAutoDict-ChangeBit-ChangeByte-EraseBytes- DE: "\237\377\377\377"-"renegotiation_info extension missing (secure)"-
#12623499	REDUCE cov: 839 ft: 2136 corp: 585/1830Kb lim: 65536 exec/s: 35964 rss: 1025Mb L: 1972/64389 MS: 1 EraseBytes-
#12623681	REDUCE cov: 839 ft: 2136 corp: 585/1829Kb lim: 65536 exec/s: 35964 rss: 1025Mb L: 2239/64389 MS: 2 ChangeBinInt-EraseBytes-
#12623987	REDUCE cov: 839 ft: 2137 corp: 586/1833Kb lim: 65536 exec/s: 35965 rss: 1025Mb L: 4305/64389 MS: 1 CopyPart-
#12624181	REDUCE cov: 839 ft: 2138 corp: 587/1844Kb lim: 65536 exec/s: 35966 rss: 1025Mb L: 10746/64389 MS: 4 CrossOver-InsertByte-ChangeASCIIInt-CrossOver-
#12624208	REDUCE cov: 839 ft: 2138 corp: 587/1843Kb lim: 65536 exec/s: 35966 rss: 1025Mb L: 32607/64389 MS: 2 PersAutoDict-EraseBytes- DE: "Proc-Type: 3,ENCRYPTED"-
#12625151	NEW    cov: 839 ft: 2139 corp: 588/1845Kb lim: 65536 exec/s: 35969 rss: 1025Mb L: 2532/64389 MS: 3 EraseBytes-ManualDict-CopyPart- DE: "sha-1WithRSAEncryption"-
#12625231	REDUCE cov: 839 ft: 2139 corp: 588/1844Kb lim: 65536 exec/s: 35969 rss: 1025Mb L: 1570/64389 MS: 5 ManualDict-ChangeBinInt-ChangeASCIIInt-ChangeByte-EraseBytes- DE: " %02x"-
#12625506	REDUCE cov: 839 ft: 2139 corp: 588/1844Kb lim: 65536 exec/s: 35970 rss: 1025Mb L: 10433/64389 MS: 5 InsertRepeatedBytes-PersAutoDict-ChangeBinInt-PersAutoDict-EraseBytes- DE: "mbedtls/cmac.h"-"server hello, session id len.: %"-
#12626300	REDUCE cov: 839 ft: 2139 corp: 588/1844Kb lim: 65536 exec/s: 35870 rss: 1025Mb L: 841/64389 MS: 4 ChangeBinInt-ManualDict-ChangeByte-EraseBytes- DE: "0xD8"-
#12626440	REDUCE cov: 839 ft: 2139 corp: 588/1844Kb lim: 65536 exec/s: 35870 rss: 1025Mb L: 2321/64389 MS: 5 ChangeByte-ShuffleBytes-CMP-InsertRepeatedBytes-EraseBytes- DE: "-----BEGIN CERTIFICATE-----"-
#12626602	REDUCE cov: 839 ft: 2139 corp: 588/1844Kb lim: 65536 exec/s: 35871 rss: 1025Mb L: 155/64389 MS: 2 ChangeASCIIInt-EraseBytes-
#12626726	NEW    cov: 839 ft: 2142 corp: 589/1851Kb lim: 65536 exec/s: 35871 rss: 1025Mb L: 7017/64389 MS: 4 CopyPart-ChangeBinInt-ChangeASCIIInt-CopyPart-
#12626812	REDUCE cov: 839 ft: 2142 corp: 589/1850Kb lim: 65536 exec/s: 35871 rss: 1025Mb L: 9740/64389 MS: 1 EraseBytes-
#12627524	REDUCE cov: 839 ft: 2142 corp: 589/1850Kb lim: 65536 exec/s: 35873 rss: 1025Mb L: 2056/64389 MS: 2 ShuffleBytes-EraseBytes-
#12629100	REDUCE cov: 839 ft: 2142 corp: 589/1849Kb lim: 65536 exec/s: 35878 rss: 1025Mb L: 6220/64389 MS: 1 EraseBytes-
#12629196	REDUCE cov: 839 ft: 2142 corp: 589/1849Kb lim: 65536 exec/s: 35878 rss: 1025Mb L: 87/64389 MS: 1 EraseBytes-
#12629362	REDUCE cov: 839 ft: 2142 corp: 589/1849Kb lim: 65536 exec/s: 35878 rss: 1025Mb L: 2045/64389 MS: 1 EraseBytes-
#12629853	REDUCE cov: 839 ft: 2142 corp: 589/1848Kb lim: 65536 exec/s: 35880 rss: 1025Mb L: 5090/64389 MS: 1 EraseBytes-
#12630094	REDUCE cov: 839 ft: 2142 corp: 589/1847Kb lim: 65536 exec/s: 35880 rss: 1025Mb L: 24903/64389 MS: 1 EraseBytes-
#12630450	REDUCE cov: 839 ft: 2142 corp: 589/1847Kb lim: 65536 exec/s: 35881 rss: 1025Mb L: 125/64389 MS: 1 EraseBytes-
#12630543	REDUCE cov: 839 ft: 2142 corp: 589/1847Kb lim: 65536 exec/s: 35882 rss: 1025Mb L: 5985/64389 MS: 3 ChangeBinInt-CMP-EraseBytes- DE: "-----BEGIN CERTIFICATE-----"-
#12630664	REDUCE cov: 839 ft: 2142 corp: 589/1847Kb lim: 65536 exec/s: 35882 rss: 1025Mb L: 171/64389 MS: 1 EraseBytes-
#12630865	REDUCE cov: 839 ft: 2142 corp: 589/1847Kb lim: 65536 exec/s: 35883 rss: 1025Mb L: 1182/64389 MS: 1 EraseBytes-
#12631395	REDUCE cov: 839 ft: 2142 corp: 589/1847Kb lim: 65536 exec/s: 35782 rss: 1025Mb L: 936/64389 MS: 5 ManualDict-ChangeASCIIInt-InsertByte-CopyPart-EraseBytes- DE: "expected mac"-
#12632469	REDUCE cov: 839 ft: 2143 corp: 590/1870Kb lim: 65536 exec/s: 35786 rss: 1025Mb L: 23854/64389 MS: 4 CopyPart-InsertRepeatedBytes-ShuffleBytes-CopyPart-
#12632603	REDUCE cov: 839 ft: 2143 corp: 590/1864Kb lim: 65536 exec/s: 35786 rss: 1025Mb L: 17233/64389 MS: 4 ShuffleBytes-CMP-CrossOver-EraseBytes- DE: "-----END CERTIFICATE-----"-
#12633339	REDUCE cov: 839 ft: 2143 corp: 590/1864Kb lim: 65536 exec/s: 35788 rss: 1025Mb L: 1186/64389 MS: 1 EraseBytes-
#12634231	REDUCE cov: 839 ft: 2143 corp: 590/1864Kb lim: 65536 exec/s: 35791 rss: 1025Mb L: 1326/64389 MS: 2 ChangeBit-EraseBytes-
#12634307	REDUCE cov: 839 ft: 2143 corp: 590/1864Kb lim: 65536 exec/s: 35791 rss: 1025Mb L: 155/64389 MS: 1 EraseBytes-
#12634643	REDUCE cov: 839 ft: 2143 corp: 590/1864Kb lim: 65536 exec/s: 35792 rss: 1025Mb L: 560/64389 MS: 1 EraseBytes-
#12634864	REDUCE cov: 839 ft: 2143 corp: 590/1864Kb lim: 65536 exec/s: 35792 rss: 1025Mb L: 4297/64389 MS: 1 EraseBytes-
#12635025	REDUCE cov: 839 ft: 2143 corp: 590/1863Kb lim: 65536 exec/s: 35793 rss: 1025Mb L: 1886/64389 MS: 1 EraseBytes-
#12635063	REDUCE cov: 839 ft: 2143 corp: 590/1863Kb lim: 65536 exec/s: 35793 rss: 1025Mb L: 24880/64389 MS: 3 ChangeByte-ChangeByte-EraseBytes-
#12635986	REDUCE cov: 839 ft: 2143 corp: 590/1863Kb lim: 65536 exec/s: 35694 rss: 1025Mb L: 1550/64389 MS: 3 InsertRepeatedBytes-InsertRepeatedBytes-EraseBytes-
#12636664	REDUCE cov: 839 ft: 2143 corp: 590/1863Kb lim: 65536 exec/s: 35696 rss: 1025Mb L: 1337/64389 MS: 3 EraseBytes-ChangeASCIIInt-CopyPart-
#12637715	REDUCE cov: 839 ft: 2143 corp: 590/1863Kb lim: 65536 exec/s: 35699 rss: 1025Mb L: 990/64389 MS: 1 EraseBytes-
#12638436	REDUCE cov: 839 ft: 2143 corp: 590/1863Kb lim: 65536 exec/s: 35701 rss: 1025Mb L: 4550/64389 MS: 1 EraseBytes-
#12639161	REDUCE cov: 839 ft: 2143 corp: 590/1861Kb lim: 65536 exec/s: 35703 rss: 1025Mb L: 8352/64389 MS: 5 ManualDict-ShuffleBytes-CMP-ChangeASCIIInt-EraseBytes- DE: "Bad usage of mbedtls_ssl_set_bio() "-"-----END CERTIFICATE-----"-
#12639737	REDUCE cov: 839 ft: 2143 corp: 590/1861Kb lim: 65536 exec/s: 35705 rss: 1025Mb L: 664/64389 MS: 1 EraseBytes-
#12639788	REDUCE cov: 839 ft: 2143 corp: 590/1861Kb lim: 65536 exec/s: 35705 rss: 1025Mb L: 1851/64389 MS: 1 EraseBytes-
#12639854	REDUCE cov: 839 ft: 2143 corp: 590/1861Kb lim: 65536 exec/s: 35705 rss: 1025Mb L: 775/64389 MS: 1 EraseBytes-
#12640965	REDUCE cov: 839 ft: 2143 corp: 590/1861Kb lim: 65536 exec/s: 35608 rss: 1025Mb L: 1238/64389 MS: 1 EraseBytes-
#12642172	REDUCE cov: 839 ft: 2144 corp: 591/1895Kb lim: 65536 exec/s: 35611 rss: 1025Mb L: 34251/64389 MS: 2 ShuffleBytes-CopyPart-
#12642565	REDUCE cov: 839 ft: 2144 corp: 591/1895Kb lim: 65536 exec/s: 35612 rss: 1025Mb L: 619/64389 MS: 3 ChangeASCIIInt-ChangeASCIIInt-EraseBytes-
#12642746	REDUCE cov: 839 ft: 2144 corp: 591/1895Kb lim: 65536 exec/s: 35613 rss: 1025Mb L: 1184/64389 MS: 1 EraseBytes-
#12642982	REDUCE cov: 839 ft: 2144 corp: 591/1892Kb lim: 65536 exec/s: 35614 rss: 1025Mb L: 14319/64389 MS: 1 EraseBytes-
#12643719	REDUCE cov: 839 ft: 2144 corp: 591/1891Kb lim: 65536 exec/s: 35616 rss: 1025Mb L: 33244/64389 MS: 2 ChangeByte-EraseBytes-
#12643824	REDUCE cov: 839 ft: 2144 corp: 591/1890Kb lim: 65536 exec/s: 35616 rss: 1025Mb L: 4320/64389 MS: 5 ManualDict-CrossOver-CrossOver-ManualDict-EraseBytes- DE: "mbedtls/ecjpake.h"-"psk identity too long or SSL buffer too short"-
#12644582	REDUCE cov: 839 ft: 2144 corp: 591/1885Kb lim: 65536 exec/s: 35518 rss: 1025Mb L: 27969/64389 MS: 3 EraseBytes-ShuffleBytes-CopyPart-
#12645303	REDUCE cov: 839 ft: 2144 corp: 591/1885Kb lim: 65536 exec/s: 35520 rss: 1025Mb L: 1170/64389 MS: 1 EraseBytes-
#12645599	REDUCE cov: 839 ft: 2144 corp: 591/1885Kb lim: 65536 exec/s: 35521 rss: 1025Mb L: 13777/64389 MS: 1 EraseBytes-
#12646027	REDUCE cov: 839 ft: 2144 corp: 591/1885Kb lim: 65536 exec/s: 35522 rss: 1025Mb L: 23100/64389 MS: 3 ShuffleBytes-ChangeBit-EraseBytes-
#12646047	REDUCE cov: 839 ft: 2144 corp: 591/1885Kb lim: 65536 exec/s: 35522 rss: 1025Mb L: 935/64389 MS: 5 ChangeASCIIInt-CrossOver-InsertRepeatedBytes-EraseBytes-EraseBytes-
#12646403	REDUCE cov: 839 ft: 2144 corp: 591/1885Kb lim: 65536 exec/s: 35523 rss: 1025Mb L: 2534/64389 MS: 1 EraseBytes-
#12646839	REDUCE cov: 839 ft: 2144 corp: 591/1884Kb lim: 65536 exec/s: 35524 rss: 1025Mb L: 395/64389 MS: 1 EraseBytes-
#12646961	REDUCE cov: 839 ft: 2144 corp: 591/1884Kb lim: 65536 exec/s: 35525 rss: 1025Mb L: 5066/64389 MS: 2 ShuffleBytes-EraseBytes-
#12647842	REDUCE cov: 839 ft: 2144 corp: 591/1884Kb lim: 65536 exec/s: 35527 rss: 1025Mb L: 61/64389 MS: 1 EraseBytes-
#12648863	REDUCE cov: 839 ft: 2144 corp: 591/1884Kb lim: 65536 exec/s: 35430 rss: 1025Mb L: 16279/64389 MS: 1 EraseBytes-
#12648864	REDUCE cov: 839 ft: 2144 corp: 591/1884Kb lim: 65536 exec/s: 35430 rss: 1025Mb L: 26421/64389 MS: 1 EraseBytes-
#12649456	REDUCE cov: 839 ft: 2144 corp: 591/1883Kb lim: 65536 exec/s: 35432 rss: 1025Mb L: 7757/64389 MS: 2 ChangeByte-EraseBytes-
#12649527	REDUCE cov: 839 ft: 2144 corp: 591/1883Kb lim: 65536 exec/s: 35432 rss: 1025Mb L: 1961/64389 MS: 1 EraseBytes-
#12649798	REDUCE cov: 839 ft: 2144 corp: 591/1883Kb lim: 65536 exec/s: 35433 rss: 1025Mb L: 7510/64389 MS: 1 EraseBytes-
#12650019	REDUCE cov: 839 ft: 2144 corp: 591/1883Kb lim: 65536 exec/s: 35434 rss: 1025Mb L: 202/64389 MS: 1 EraseBytes-
#12650305	REDUCE cov: 839 ft: 2144 corp: 591/1883Kb lim: 65536 exec/s: 35435 rss: 1025Mb L: 542/64389 MS: 1 EraseBytes-
#12650741	REDUCE cov: 839 ft: 2144 corp: 591/1882Kb lim: 65536 exec/s: 35436 rss: 1025Mb L: 7468/64389 MS: 1 EraseBytes-
#12651320	REDUCE cov: 839 ft: 2144 corp: 591/1880Kb lim: 65536 exec/s: 35437 rss: 1025Mb L: 30882/64389 MS: 4 ChangeASCIIInt-CopyPart-ManualDict-EraseBytes- DE: "D5F53E93B5F123FA41680867BA110131"-
#12651951	REDUCE cov: 839 ft: 2144 corp: 591/1880Kb lim: 65536 exec/s: 35439 rss: 1025Mb L: 70/64389 MS: 1 EraseBytes-
#12652159	REDUCE cov: 839 ft: 2144 corp: 591/1880Kb lim: 65536 exec/s: 35440 rss: 1025Mb L: 1033/64389 MS: 3 ChangeBinInt-ShuffleBytes-EraseBytes-
#12653335	REDUCE cov: 839 ft: 2144 corp: 591/1880Kb lim: 65536 exec/s: 35443 rss: 1025Mb L: 380/64389 MS: 1 EraseBytes-
#12653446	REDUCE cov: 839 ft: 2144 corp: 591/1880Kb lim: 65536 exec/s: 35344 rss: 1025Mb L: 1251/64389 MS: 1 EraseBytes-
#12654637	REDUCE cov: 839 ft: 2144 corp: 591/1880Kb lim: 65536 exec/s: 35348 rss: 1025Mb L: 537/64389 MS: 1 EraseBytes-
#12654699	REDUCE cov: 839 ft: 2144 corp: 591/1877Kb lim: 65536 exec/s: 35348 rss: 1025Mb L: 25478/64389 MS: 2 InsertByte-EraseBytes-
#12655866	REDUCE cov: 839 ft: 2144 corp: 591/1877Kb lim: 65536 exec/s: 35351 rss: 1025Mb L: 1225/64389 MS: 2 InsertByte-EraseBytes-
#12656730	REDUCE cov: 839 ft: 2144 corp: 591/1877Kb lim: 65536 exec/s: 35353 rss: 1025Mb L: 3710/64389 MS: 4 ChangeByte-ShuffleBytes-EraseBytes-CopyPart-
#12657742	REDUCE cov: 839 ft: 2144 corp: 591/1876Kb lim: 65536 exec/s: 35258 rss: 1025Mb L: 13823/64389 MS: 2 EraseBytes-CopyPart-
#12658178	REDUCE cov: 839 ft: 2144 corp: 591/1876Kb lim: 65536 exec/s: 35259 rss: 1025Mb L: 95/64389 MS: 1 EraseBytes-
#12659184	REDUCE cov: 839 ft: 2144 corp: 591/1876Kb lim: 65536 exec/s: 35262 rss: 1025Mb L: 1558/64389 MS: 1 EraseBytes-
#12659859	REDUCE cov: 839 ft: 2144 corp: 591/1876Kb lim: 65536 exec/s: 35264 rss: 1025Mb L: 612/64389 MS: 5 CopyPart-CrossOver-InsertByte-InsertByte-EraseBytes-
#12659913	REDUCE cov: 839 ft: 2144 corp: 591/1875Kb lim: 65536 exec/s: 35264 rss: 1025Mb L: 2974/64389 MS: 4 ShuffleBytes-CopyPart-ChangeASCIIInt-EraseBytes-
#12659945	REDUCE cov: 839 ft: 2144 corp: 591/1875Kb lim: 65536 exec/s: 35264 rss: 1025Mb L: 1165/64389 MS: 2 ShuffleBytes-EraseBytes-
#12660946	REDUCE cov: 839 ft: 2144 corp: 591/1875Kb lim: 65536 exec/s: 35267 rss: 1025Mb L: 1917/64389 MS: 1 EraseBytes-
#12661125	REDUCE cov: 839 ft: 2144 corp: 591/1875Kb lim: 65536 exec/s: 35267 rss: 1025Mb L: 17452/64389 MS: 4 CMP-ChangeASCIIInt-ManualDict-EraseBytes- DE: "-----BEGIN CERTIFICATE-----"-"C5B8A74DAC4D09E03B5E0BE779F2DF61"-
#12662071	REDUCE cov: 839 ft: 2144 corp: 591/1875Kb lim: 65536 exec/s: 35172 rss: 1025Mb L: 148/64389 MS: 1 EraseBytes-
#12662593	REDUCE cov: 839 ft: 2144 corp: 591/1875Kb lim: 65536 exec/s: 35173 rss: 1025Mb L: 1508/64389 MS: 2 ChangeASCIIInt-EraseBytes-
#12662682	REDUCE cov: 839 ft: 2144 corp: 591/1874Kb lim: 65536 exec/s: 35174 rss: 1025Mb L: 13848/64389 MS: 4 InsertRepeatedBytes-PersAutoDict-PersAutoDict-EraseBytes- DE: ") "-"AES-192-CCM"-
#12663528	REDUCE cov: 839 ft: 2144 corp: 591/1874Kb lim: 65536 exec/s: 35176 rss: 1025Mb L: 1051/64389 MS: 1 EraseBytes-
#12664307	REDUCE cov: 839 ft: 2144 corp: 591/1874Kb lim: 65536 exec/s: 35178 rss: 1025Mb L: 12530/64389 MS: 4 ShuffleBytes-ShuffleBytes-PersAutoDict-EraseBytes- DE: "(header)"-
#12664642	REDUCE cov: 839 ft: 2144 corp: 591/1874Kb lim: 65536 exec/s: 35179 rss: 1025Mb L: 2994/64389 MS: 5 CrossOver-CopyPart-ShuffleBytes-ChangeByte-EraseBytes-
#12664959	REDUCE cov: 839 ft: 2144 corp: 591/1874Kb lim: 65536 exec/s: 35180 rss: 1025Mb L: 26356/64389 MS: 2 InsertRepeatedBytes-EraseBytes-
#12665180	REDUCE cov: 839 ft: 2144 corp: 591/1872Kb lim: 65536 exec/s: 35181 rss: 1025Mb L: 24949/64389 MS: 1 EraseBytes-
#12665419	REDUCE cov: 839 ft: 2144 corp: 591/1872Kb lim: 65536 exec/s: 35181 rss: 1025Mb L: 223/64389 MS: 4 ChangeASCIIInt-ChangeASCIIInt-ChangeASCIIInt-EraseBytes-
#12665784	REDUCE cov: 839 ft: 2144 corp: 591/1872Kb lim: 65536 exec/s: 35182 rss: 1025Mb L: 1126/64389 MS: 5 ChangeByte-CopyPart-ChangeBit-PersAutoDict-EraseBytes- DE: "ssl->f_recv(_timeout)"-
#12665827	REDUCE cov: 839 ft: 2144 corp: 591/1871Kb lim: 65536 exec/s: 35182 rss: 1025Mb L: 6609/64389 MS: 3 InsertByte-ChangeBit-EraseBytes-
#12665828	REDUCE cov: 839 ft: 2144 corp: 591/1871Kb lim: 65536 exec/s: 35182 rss: 1025Mb L: 77/64389 MS: 1 EraseBytes-
#12666234	REDUCE cov: 839 ft: 2144 corp: 591/1871Kb lim: 65536 exec/s: 35183 rss: 1025Mb L: 2954/64389 MS: 1 EraseBytes-
#12666740	REDUCE cov: 839 ft: 2144 corp: 591/1868Kb lim: 65536 exec/s: 35087 rss: 1025Mb L: 27557/64389 MS: 1 EraseBytes-
#12666861	REDUCE cov: 839 ft: 2144 corp: 591/1868Kb lim: 65536 exec/s: 35088 rss: 1025Mb L: 948/64389 MS: 1 EraseBytes-
#12667339	REDUCE cov: 839 ft: 2144 corp: 591/1868Kb lim: 65536 exec/s: 35089 rss: 1025Mb L: 26213/64389 MS: 3 ManualDict-ChangeBit-EraseBytes- DE: "SHA3-224"-
#12668790	REDUCE cov: 839 ft: 2144 corp: 591/1867Kb lim: 65536 exec/s: 35093 rss: 1025Mb L: 705/64389 MS: 1 EraseBytes-
#12668953	REDUCE cov: 839 ft: 2144 corp: 591/1866Kb lim: 65536 exec/s: 35094 rss: 1025Mb L: 12911/64389 MS: 3 ShuffleBytes-EraseBytes-CopyPart-
#12669185	REDUCE cov: 839 ft: 2145 corp: 592/1879Kb lim: 65536 exec/s: 35094 rss: 1025Mb L: 12911/64389 MS: 2 ShuffleBytes-CopyPart-
#12669236	NEW    cov: 839 ft: 2146 corp: 593/1892Kb lim: 65536 exec/s: 35094 rss: 1025Mb L: 12911/64389 MS: 1 CopyPart-
#12670302	NEW    cov: 839 ft: 2147 corp: 594/1916Kb lim: 65536 exec/s: 35097 rss: 1025Mb L: 24751/64389 MS: 1 CopyPart-
#12670318	REDUCE cov: 839 ft: 2147 corp: 594/1916Kb lim: 65536 exec/s: 35097 rss: 1025Mb L: 1229/64389 MS: 1 EraseBytes-
#12670394	REDUCE cov: 839 ft: 2147 corp: 594/1912Kb lim: 65536 exec/s: 35098 rss: 1025Mb L: 9331/64389 MS: 1 EraseBytes-
#12670418	REDUCE cov: 839 ft: 2147 corp: 594/1912Kb lim: 65536 exec/s: 35098 rss: 1025Mb L: 12328/64389 MS: 4 ChangeBit-CMP-ChangeBit-EraseBytes- DE: "\001\002"-
#12670837	REDUCE cov: 839 ft: 2147 corp: 594/1908Kb lim: 65536 exec/s: 35002 rss: 1025Mb L: 8664/64389 MS: 4 ManualDict-CrossOver-CrossOver-EraseBytes- DE: "psa/crypto_values.h"-
#12670838	REDUCE cov: 839 ft: 2147 corp: 594/1907Kb lim: 65536 exec/s: 35002 rss: 1025Mb L: 8584/64389 MS: 1 EraseBytes-
#12671021	REDUCE cov: 839 ft: 2147 corp: 594/1907Kb lim: 65536 exec/s: 35002 rss: 1025Mb L: 1595/64389 MS: 3 ChangeASCIIInt-ChangeBit-EraseBytes-
#12671299	REDUCE cov: 839 ft: 2147 corp: 594/1907Kb lim: 65536 exec/s: 35003 rss: 1025Mb L: 1537/64389 MS: 3 EraseBytes-CMP-CopyPart- DE: "\230\011#s"-
#12671865	REDUCE cov: 839 ft: 2147 corp: 594/1907Kb lim: 65536 exec/s: 35005 rss: 1025Mb L: 521/64389 MS: 1 EraseBytes-
#12672232	REDUCE cov: 839 ft: 2147 corp: 594/1906Kb lim: 65536 exec/s: 35006 rss: 1025Mb L: 5034/64389 MS: 2 ShuffleBytes-EraseBytes-
#12672303	REDUCE cov: 839 ft: 2147 corp: 594/1905Kb lim: 65536 exec/s: 35006 rss: 1025Mb L: 1537/64389 MS: 1 EraseBytes-
#12673133	REDUCE cov: 839 ft: 2147 corp: 594/1902Kb lim: 65536 exec/s: 35008 rss: 1025Mb L: 5162/64389 MS: 5 CopyPart-ChangeBit-InsertRepeatedBytes-CrossOver-EraseBytes-
#12673350	REDUCE cov: 839 ft: 2147 corp: 594/1902Kb lim: 65536 exec/s: 35009 rss: 1025Mb L: 3280/64389 MS: 2 ShuffleBytes-EraseBytes-
#12673616	REDUCE cov: 839 ft: 2147 corp: 594/1902Kb lim: 65536 exec/s: 35009 rss: 1025Mb L: 4746/64389 MS: 1 EraseBytes-
#12674402	REDUCE cov: 839 ft: 2147 corp: 594/1898Kb lim: 65536 exec/s: 35012 rss: 1025Mb L: 20861/64389 MS: 1 EraseBytes-
#12674756	REDUCE cov: 839 ft: 2147 corp: 594/1898Kb lim: 65536 exec/s: 34916 rss: 1025Mb L: 4645/64389 MS: 4 ShuffleBytes-InsertRepeatedBytes-ChangeBinInt-EraseBytes-
#12675503	REDUCE cov: 839 ft: 2147 corp: 594/1897Kb lim: 65536 exec/s: 34918 rss: 1025Mb L: 4007/64389 MS: 2 CopyPart-EraseBytes-
#12675664	REDUCE cov: 839 ft: 2147 corp: 594/1893Kb lim: 65536 exec/s: 34919 rss: 1025Mb L: 4955/64389 MS: 1 EraseBytes-
#12676302	REDUCE cov: 839 ft: 2148 corp: 595/1927Kb lim: 65536 exec/s: 34920 rss: 1025Mb L: 34704/64389 MS: 3 ChangeByte-ChangeASCIIInt-CopyPart-
#12676363	REDUCE cov: 839 ft: 2148 corp: 595/1927Kb lim: 65536 exec/s: 34921 rss: 1025Mb L: 4656/64389 MS: 1 EraseBytes-
#12676369	REDUCE cov: 839 ft: 2148 corp: 595/1927Kb lim: 65536 exec/s: 34921 rss: 1025Mb L: 143/64389 MS: 1 EraseBytes-
#12676395	REDUCE cov: 839 ft: 2148 corp: 595/1927Kb lim: 65536 exec/s: 34921 rss: 1025Mb L: 1386/64389 MS: 1 EraseBytes-
#12676617	REDUCE cov: 839 ft: 2148 corp: 595/1927Kb lim: 65536 exec/s: 34921 rss: 1025Mb L: 669/64389 MS: 2 ChangeASCIIInt-EraseBytes-
#12676778	REDUCE cov: 839 ft: 2148 corp: 595/1927Kb lim: 65536 exec/s: 34922 rss: 1025Mb L: 141/64389 MS: 1 EraseBytes-
#12676845	REDUCE cov: 839 ft: 2148 corp: 595/1926Kb lim: 65536 exec/s: 34922 rss: 1025Mb L: 4329/64389 MS: 2 InsertRepeatedBytes-EraseBytes-
#12677338	REDUCE cov: 839 ft: 2148 corp: 595/1926Kb lim: 65536 exec/s: 34923 rss: 1025Mb L: 3571/64389 MS: 3 InsertByte-ManualDict-EraseBytes- DE: "CAMELLIA-128-CFB128"-
#12677410	REDUCE cov: 839 ft: 2148 corp: 595/1926Kb lim: 65536 exec/s: 34923 rss: 1025Mb L: 9288/64389 MS: 2 ChangeASCIIInt-EraseBytes-
#12677601	REDUCE cov: 839 ft: 2148 corp: 595/1926Kb lim: 65536 exec/s: 34924 rss: 1025Mb L: 2723/64389 MS: 1 EraseBytes-
#12678447	REDUCE cov: 839 ft: 2148 corp: 595/1926Kb lim: 65536 exec/s: 34926 rss: 1025Mb L: 7446/64389 MS: 1 EraseBytes-
#12679213	REDUCE cov: 839 ft: 2148 corp: 595/1925Kb lim: 65536 exec/s: 34833 rss: 1025Mb L: 3504/64389 MS: 1 EraseBytes-
#12679214	REDUCE cov: 839 ft: 2148 corp: 595/1925Kb lim: 65536 exec/s: 34833 rss: 1025Mb L: 24530/64389 MS: 1 EraseBytes-
#12679404	REDUCE cov: 839 ft: 2148 corp: 595/1924Kb lim: 65536 exec/s: 34833 rss: 1025Mb L: 2997/64389 MS: 5 CMP-EraseBytes-ChangeASCIIInt-InsertByte-ChangeBinInt- DE: "U\035\021"-
#12679871	REDUCE cov: 839 ft: 2148 corp: 595/1921Kb lim: 65536 exec/s: 34834 rss: 1025Mb L: 31628/64389 MS: 2 ManualDict-EraseBytes- DE: "mbedtls/sha512.h"-
#12680277	REDUCE cov: 839 ft: 2148 corp: 595/1921Kb lim: 65536 exec/s: 34835 rss: 1025Mb L: 154/64389 MS: 1 EraseBytes-
#12680496	REDUCE cov: 839 ft: 2148 corp: 595/1921Kb lim: 65536 exec/s: 34836 rss: 1025Mb L: 3183/64389 MS: 4 PersAutoDict-ShuffleBytes-ChangeASCIIInt-EraseBytes- DE: "\377\377\377\353"-
#12680563	REDUCE cov: 839 ft: 2148 corp: 595/1919Kb lim: 65536 exec/s: 34836 rss: 1025Mb L: 29516/64389 MS: 2 ChangeBinInt-EraseBytes-
#12681869	REDUCE cov: 839 ft: 2148 corp: 595/1919Kb lim: 65536 exec/s: 34840 rss: 1025Mb L: 29367/64389 MS: 1 EraseBytes-
#12682550	REDUCE cov: 839 ft: 2148 corp: 595/1919Kb lim: 65536 exec/s: 34746 rss: 1025Mb L: 2974/64389 MS: 1 EraseBytes-
#12682598	REDUCE cov: 839 ft: 2149 corp: 596/1982Kb lim: 65536 exec/s: 34746 rss: 1025Mb L: 65060/65060 MS: 3 ChangeBinInt-CopyPart-CopyPart-
#12682836	REDUCE cov: 839 ft: 2149 corp: 596/1982Kb lim: 65536 exec/s: 34747 rss: 1025Mb L: 3534/65060 MS: 3 PersAutoDict-CrossOver-EraseBytes- DE: "mbedtls/timing.h"-
#12683073	REDUCE cov: 839 ft: 2149 corp: 596/1981Kb lim: 65536 exec/s: 34748 rss: 1025Mb L: 2796/65060 MS: 2 PersAutoDict-EraseBytes- DE: "msglen (%"-
#12683703	REDUCE cov: 839 ft: 2149 corp: 596/1979Kb lim: 65536 exec/s: 34749 rss: 1025Mb L: 61513/65060 MS: 5 ChangeBinInt-InsertRepeatedBytes-CopyPart-CopyPart-EraseBytes-
#12684572	REDUCE cov: 839 ft: 2149 corp: 596/1979Kb lim: 65536 exec/s: 34752 rss: 1025Mb L: 3428/65060 MS: 4 ManualDict-ChangeBit-ChangeBit-EraseBytes- DE: "server hello, session id len.: %"-
#12684773	REDUCE cov: 839 ft: 2149 corp: 596/1977Kb lim: 65536 exec/s: 34752 rss: 1025Mb L: 3240/65060 MS: 1 EraseBytes-
#12684821	REDUCE cov: 839 ft: 2149 corp: 596/1977Kb lim: 65536 exec/s: 34752 rss: 1025Mb L: 3302/65060 MS: 3 ManualDict-EraseBytes-CopyPart- DE: "should never happen"-
#12684828	REDUCE cov: 839 ft: 2149 corp: 596/1976Kb lim: 65536 exec/s: 34752 rss: 1025Mb L: 2721/65060 MS: 2 ShuffleBytes-EraseBytes-
#12684874	REDUCE cov: 839 ft: 2149 corp: 596/1976Kb lim: 65536 exec/s: 34753 rss: 1025Mb L: 690/65060 MS: 1 EraseBytes-
#12685458	REDUCE cov: 839 ft: 2149 corp: 596/1976Kb lim: 65536 exec/s: 34754 rss: 1025Mb L: 9856/65060 MS: 4 InsertByte-ShuffleBytes-ManualDict-EraseBytes- DE: "3DES 2 key"-
#12685966	REDUCE cov: 839 ft: 2149 corp: 596/1976Kb lim: 65536 exec/s: 34661 rss: 1025Mb L: 26185/65060 MS: 3 ManualDict-ChangeByte-EraseBytes- DE: ", "-
#12686072	REDUCE cov: 839 ft: 2149 corp: 596/1976Kb lim: 65536 exec/s: 34661 rss: 1025Mb L: 61/65060 MS: 1 EraseBytes-
#12686333	REDUCE cov: 839 ft: 2149 corp: 596/1975Kb lim: 65536 exec/s: 34662 rss: 1025Mb L: 550/65060 MS: 1 EraseBytes-
#12686654	REDUCE cov: 839 ft: 2149 corp: 596/1973Kb lim: 65536 exec/s: 34662 rss: 1025Mb L: 14219/65060 MS: 1 EraseBytes-
#12687285	REDUCE cov: 839 ft: 2149 corp: 596/1973Kb lim: 65536 exec/s: 34664 rss: 1025Mb L: 1915/65060 MS: 1 EraseBytes-
#12687882	REDUCE cov: 839 ft: 2149 corp: 596/1973Kb lim: 65536 exec/s: 34666 rss: 1025Mb L: 1986/65060 MS: 2 ChangeASCIIInt-EraseBytes-
#12688124	REDUCE cov: 839 ft: 2149 corp: 596/1967Kb lim: 65536 exec/s: 34667 rss: 1025Mb L: 14903/65060 MS: 2 ManualDict-EraseBytes- DE: "0x01"-
#12688875	REDUCE cov: 839 ft: 2149 corp: 596/1966Kb lim: 65536 exec/s: 34574 rss: 1025Mb L: 2437/65060 MS: 1 EraseBytes-
#12689766	REDUCE cov: 839 ft: 2149 corp: 596/1966Kb lim: 65536 exec/s: 34577 rss: 1025Mb L: 540/65060 MS: 1 EraseBytes-
#12690140	REDUCE cov: 839 ft: 2149 corp: 596/1961Kb lim: 65536 exec/s: 34578 rss: 1025Mb L: 9773/65060 MS: 4 ChangeBinInt-CopyPart-CMP-EraseBytes- DE: "\377\377\377\377\377\377\377\024"-
#12690293	REDUCE cov: 839 ft: 2150 corp: 597/1976Kb lim: 65536 exec/s: 34578 rss: 1025Mb L: 15015/65060 MS: 3 CopyPart-CopyPart-CopyPart-
#12690920	REDUCE cov: 839 ft: 2150 corp: 597/1976Kb lim: 65536 exec/s: 34580 rss: 1025Mb L: 1722/65060 MS: 2 ChangeBinInt-EraseBytes-
#12692688	REDUCE cov: 839 ft: 2150 corp: 597/1973Kb lim: 65536 exec/s: 34491 rss: 1025Mb L: 12427/65060 MS: 3 PersAutoDict-EraseBytes-EraseBytes- DE: "\377\377\377\377\377\377\3771"-
#12693691	REDUCE cov: 839 ft: 2150 corp: 597/1973Kb lim: 65536 exec/s: 34493 rss: 1025Mb L: 2374/65060 MS: 3 CMP-ChangeByte-EraseBytes- DE: "\377\377\377\377\377\377\377h"-
#12693743	REDUCE cov: 839 ft: 2150 corp: 597/1973Kb lim: 65536 exec/s: 34493 rss: 1025Mb L: 9229/65060 MS: 2 InsertByte-EraseBytes-
#12695156	REDUCE cov: 839 ft: 2150 corp: 597/1972Kb lim: 65536 exec/s: 34497 rss: 1025Mb L: 5585/65060 MS: 3 EraseBytes-CMP-CopyPart- DE: "D\377\377-----BEGIN "-
#12695518	REDUCE cov: 839 ft: 2150 corp: 597/1972Kb lim: 65536 exec/s: 34498 rss: 1025Mb L: 9627/65060 MS: 2 CMP-EraseBytes- DE: "DEK-Info: DES-CBC,"-
#12695822	REDUCE cov: 839 ft: 2150 corp: 597/1970Kb lim: 65536 exec/s: 34406 rss: 1025Mb L: 30551/65060 MS: 4 ManualDict-InsertByte-ChangeBit-EraseBytes- DE: "CAMELLIA-128-CFB128"-
#12696233	REDUCE cov: 839 ft: 2150 corp: 597/1970Kb lim: 65536 exec/s: 34407 rss: 1025Mb L: 2323/65060 MS: 1 EraseBytes-
#12697234	REDUCE cov: 839 ft: 2150 corp: 597/1970Kb lim: 65536 exec/s: 34409 rss: 1025Mb L: 168/65060 MS: 1 EraseBytes-
#12697415	REDUCE cov: 839 ft: 2150 corp: 597/1970Kb lim: 65536 exec/s: 34410 rss: 1025Mb L: 42647/65060 MS: 1 EraseBytes-
#12698346	REDUCE cov: 839 ft: 2150 corp: 597/1969Kb lim: 65536 exec/s: 34412 rss: 1025Mb L: 3311/65060 MS: 1 EraseBytes-
#12698763	REDUCE cov: 839 ft: 2150 corp: 597/1969Kb lim: 65536 exec/s: 34413 rss: 1025Mb L: 517/65060 MS: 2 InsertByte-EraseBytes-
#12699515	REDUCE cov: 839 ft: 2150 corp: 597/1968Kb lim: 65536 exec/s: 34323 rss: 1025Mb L: 11380/65060 MS: 2 PersAutoDict-EraseBytes- DE: "\377\377\377\377\377\377\377h"-
#12699941	REDUCE cov: 839 ft: 2150 corp: 597/1968Kb lim: 65536 exec/s: 34324 rss: 1025Mb L: 1100/65060 MS: 1 EraseBytes-
#12699948	REDUCE cov: 839 ft: 2150 corp: 597/1968Kb lim: 65536 exec/s: 34324 rss: 1025Mb L: 1535/65060 MS: 2 InsertRepeatedBytes-EraseBytes-
#12700274	REDUCE cov: 839 ft: 2150 corp: 597/1968Kb lim: 65536 exec/s: 34325 rss: 1025Mb L: 2262/65060 MS: 1 EraseBytes-
#12700784	REDUCE cov: 839 ft: 2150 corp: 597/1961Kb lim: 65536 exec/s: 34326 rss: 1025Mb L: 22274/65060 MS: 5 ChangeBit-CrossOver-EraseBytes-ManualDict-CopyPart- DE: "<= parse certificate"-
#12701087	REDUCE cov: 839 ft: 2150 corp: 597/1961Kb lim: 65536 exec/s: 34327 rss: 1025Mb L: 1383/65060 MS: 3 InsertByte-ShuffleBytes-EraseBytes-
#12702254	REDUCE cov: 839 ft: 2150 corp: 597/1960Kb lim: 65536 exec/s: 34330 rss: 1025Mb L: 21402/65060 MS: 2 ManualDict-EraseBytes- DE: "certificate mismatch: "-
#12702540	REDUCE cov: 839 ft: 2150 corp: 597/1960Kb lim: 65536 exec/s: 34331 rss: 1025Mb L: 5238/65060 MS: 1 EraseBytes-
#12702695	REDUCE cov: 839 ft: 2151 corp: 598/2010Kb lim: 65536 exec/s: 34239 rss: 1025Mb L: 51067/65060 MS: 5 CopyPart-PersAutoDict-ChangeBinInt-CrossOver-CopyPart- DE: "\377\377\377\377"-
#12703397	REDUCE cov: 839 ft: 2151 corp: 598/2010Kb lim: 65536 exec/s: 34240 rss: 1025Mb L: 11921/65060 MS: 2 ShuffleBytes-EraseBytes-
#12704013	REDUCE cov: 839 ft: 2151 corp: 598/2010Kb lim: 65536 exec/s: 34242 rss: 1025Mb L: 438/65060 MS: 1 EraseBytes-
#12704154	REDUCE cov: 839 ft: 2151 corp: 598/2009Kb lim: 65536 exec/s: 34243 rss: 1025Mb L: 2143/65060 MS: 1 EraseBytes-
#12706690	REDUCE cov: 839 ft: 2151 corp: 598/2009Kb lim: 65536 exec/s: 34157 rss: 1025Mb L: 717/65060 MS: 1 EraseBytes-
#12706918	REDUCE cov: 839 ft: 2151 corp: 598/2009Kb lim: 65536 exec/s: 34158 rss: 1025Mb L: 2245/65060 MS: 3 ChangeASCIIInt-ManualDict-EraseBytes- DE: "mbedtls/ecdsa.h"-
#12707239	REDUCE cov: 839 ft: 2151 corp: 598/2009Kb lim: 65536 exec/s: 34159 rss: 1025Mb L: 1303/65060 MS: 1 EraseBytes-
#12707885	REDUCE cov: 839 ft: 2151 corp: 598/2009Kb lim: 65536 exec/s: 34160 rss: 1025Mb L: 1119/65060 MS: 1 EraseBytes-
#12708348	REDUCE cov: 839 ft: 2151 corp: 598/2009Kb lim: 65536 exec/s: 34162 rss: 1025Mb L: 315/65060 MS: 3 InsertRepeatedBytes-InsertByte-EraseBytes-
#12709164	REDUCE cov: 839 ft: 2151 corp: 598/2009Kb lim: 65536 exec/s: 34072 rss: 1025Mb L: 1320/65060 MS: 1 EraseBytes-
#12709567	REDUCE cov: 839 ft: 2151 corp: 598/2009Kb lim: 65536 exec/s: 34073 rss: 1025Mb L: 21362/65060 MS: 3 ChangeASCIIInt-InsertByte-EraseBytes-
#12710228	REDUCE cov: 839 ft: 2151 corp: 598/2009Kb lim: 65536 exec/s: 34075 rss: 1025Mb L: 424/65060 MS: 1 EraseBytes-
#12710475	REDUCE cov: 839 ft: 2151 corp: 598/2008Kb lim: 65536 exec/s: 34076 rss: 1025Mb L: 41991/65060 MS: 2 ChangeBit-EraseBytes-
#12711185	REDUCE cov: 839 ft: 2151 corp: 598/2008Kb lim: 65536 exec/s: 34078 rss: 1025Mb L: 5258/65060 MS: 5 ShuffleBytes-ChangeBit-InsertByte-InsertByte-EraseBytes-
#12712062	REDUCE cov: 839 ft: 2151 corp: 598/2008Kb lim: 65536 exec/s: 34080 rss: 1025Mb L: 6880/65060 MS: 2 ChangeByte-EraseBytes-
#12712245	REDUCE cov: 839 ft: 2151 corp: 598/2008Kb lim: 65536 exec/s: 33989 rss: 1025Mb L: 27493/65060 MS: 3 ChangeBit-PersAutoDict-EraseBytes- DE: "extended master secret"-
#12712461	REDUCE cov: 839 ft: 2151 corp: 598/2008Kb lim: 65536 exec/s: 33990 rss: 1025Mb L: 664/65060 MS: 1 EraseBytes-
#12713102	REDUCE cov: 839 ft: 2151 corp: 598/2008Kb lim: 65536 exec/s: 33992 rss: 1025Mb L: 13967/65060 MS: 1 EraseBytes-
#12713390	REDUCE cov: 839 ft: 2151 corp: 598/2008Kb lim: 65536 exec/s: 33993 rss: 1025Mb L: 2075/65060 MS: 3 ChangeByte-CopyPart-EraseBytes-
#12713546	REDUCE cov: 839 ft: 2151 corp: 598/2007Kb lim: 65536 exec/s: 33993 rss: 1025Mb L: 12761/65060 MS: 1 EraseBytes-
#12713582	REDUCE cov: 839 ft: 2151 corp: 598/2007Kb lim: 65536 exec/s: 33993 rss: 1025Mb L: 2962/65060 MS: 1 EraseBytes-
#12714449	REDUCE cov: 839 ft: 2151 corp: 598/2007Kb lim: 65536 exec/s: 33995 rss: 1025Mb L: 1056/65060 MS: 2 ChangeByte-EraseBytes-
#12714782	REDUCE cov: 839 ft: 2151 corp: 598/2007Kb lim: 65536 exec/s: 33996 rss: 1025Mb L: 532/65060 MS: 3 CrossOver-CMP-EraseBytes- DE: "\377\377\377\377\377\377\377\006"-
#12714828	REDUCE cov: 839 ft: 2151 corp: 598/2007Kb lim: 65536 exec/s: 33996 rss: 1025Mb L: 2435/65060 MS: 1 EraseBytes-
#12715171	REDUCE cov: 839 ft: 2151 corp: 598/2005Kb lim: 65536 exec/s: 33997 rss: 1025Mb L: 8135/65060 MS: 3 CMP-CopyPart-EraseBytes- DE: "\225f\356v"-
#12715238	REDUCE cov: 839 ft: 2151 corp: 598/2005Kb lim: 65536 exec/s: 33997 rss: 1025Mb L: 1151/65060 MS: 2 ChangeASCIIInt-EraseBytes-
#12715274	REDUCE cov: 839 ft: 2151 corp: 598/2003Kb lim: 65536 exec/s: 33998 rss: 1025Mb L: 18627/65060 MS: 1 EraseBytes-
#12716756	REDUCE cov: 839 ft: 2151 corp: 598/2003Kb lim: 65536 exec/s: 33911 rss: 1025Mb L: 2858/65060 MS: 2 PersAutoDict-EraseBytes- DE: "=> handshake wrapup"-
#12716767	REDUCE cov: 839 ft: 2151 corp: 598/2003Kb lim: 65536 exec/s: 33911 rss: 1025Mb L: 403/65060 MS: 1 EraseBytes-
#12717083	REDUCE cov: 839 ft: 2151 corp: 598/2003Kb lim: 65536 exec/s: 33912 rss: 1025Mb L: 405/65060 MS: 1 EraseBytes-
#12717134	REDUCE cov: 839 ft: 2151 corp: 598/2002Kb lim: 65536 exec/s: 33912 rss: 1025Mb L: 7293/65060 MS: 1 EraseBytes-
#12717322	REDUCE cov: 839 ft: 2151 corp: 598/1999Kb lim: 65536 exec/s: 33912 rss: 1025Mb L: 61936/63714 MS: 3 ChangeBinInt-ChangeASCIIInt-EraseBytes-
#12717863	REDUCE cov: 839 ft: 2151 corp: 598/1999Kb lim: 65536 exec/s: 33914 rss: 1025Mb L: 1019/63714 MS: 1 EraseBytes-
#12718059	REDUCE cov: 839 ft: 2151 corp: 598/1998Kb lim: 65536 exec/s: 33914 rss: 1025Mb L: 1863/63714 MS: 1 EraseBytes-
#12718146	REDUCE cov: 839 ft: 2151 corp: 598/1998Kb lim: 65536 exec/s: 33915 rss: 1025Mb L: 193/63714 MS: 2 ChangeByte-EraseBytes-
#12719462	REDUCE cov: 839 ft: 2151 corp: 598/1998Kb lim: 65536 exec/s: 33828 rss: 1025Mb L: 1137/63714 MS: 1 EraseBytes-
#12719793	REDUCE cov: 839 ft: 2151 corp: 598/1994Kb lim: 65536 exec/s: 33829 rss: 1025Mb L: 46638/63714 MS: 1 EraseBytes-
#12719896	REDUCE cov: 839 ft: 2151 corp: 598/1994Kb lim: 65536 exec/s: 33829 rss: 1025Mb L: 874/63714 MS: 3 ChangeASCIIInt-ChangeASCIIInt-EraseBytes-
#12720197	REDUCE cov: 839 ft: 2151 corp: 598/1993Kb lim: 65536 exec/s: 33830 rss: 1025Mb L: 13573/63714 MS: 1 EraseBytes-
#12724563	REDUCE cov: 839 ft: 2151 corp: 598/1993Kb lim: 65536 exec/s: 33752 rss: 1025Mb L: 315/63714 MS: 1 EraseBytes-
#12724878	REDUCE cov: 839 ft: 2151 corp: 598/1993Kb lim: 65536 exec/s: 33752 rss: 1025Mb L: 1536/63714 MS: 5 PersAutoDict-ChangeBit-PersAutoDict-ManualDict-EraseBytes- DE: "*\206H\316\301\002\001"-"CIPHER - Authentication failed (for AEAD modes)"-"rev16 %0, %1"-
#12725115	REDUCE cov: 839 ft: 2151 corp: 598/1993Kb lim: 65536 exec/s: 33664 rss: 1025Mb L: 1898/63714 MS: 2 CopyPart-EraseBytes-
#12725150	REDUCE cov: 839 ft: 2151 corp: 598/1993Kb lim: 65536 exec/s: 33664 rss: 1025Mb L: 7164/63714 MS: 5 EraseBytes-ManualDict-ShuffleBytes-ChangeByte-CopyPart- DE: "ECP - The buffer is too small to write to"-
#12726200	REDUCE cov: 839 ft: 2151 corp: 598/1991Kb lim: 65536 exec/s: 33667 rss: 1025Mb L: 5318/63714 MS: 5 InsertByte-PersAutoDict-PersAutoDict-PersAutoDict-EraseBytes- DE: "ECF677152EF804370C1A305CAF3B5BF1"-"\372=\345Q"-"D\377\377-----BEGIN "-
#12726336	REDUCE cov: 839 ft: 2151 corp: 598/1991Kb lim: 65536 exec/s: 33667 rss: 1025Mb L: 1143/63714 MS: 1 EraseBytes-
#12727763	REDUCE cov: 839 ft: 2151 corp: 598/1991Kb lim: 65536 exec/s: 33671 rss: 1025Mb L: 1652/63714 MS: 2 InsertByte-EraseBytes-
#12728445	REDUCE cov: 839 ft: 2151 corp: 598/1991Kb lim: 65536 exec/s: 33584 rss: 1025Mb L: 2384/63714 MS: 2 ChangeBit-EraseBytes-
#12729771	REDUCE cov: 839 ft: 2151 corp: 598/1991Kb lim: 65536 exec/s: 33587 rss: 1025Mb L: 3049/63714 MS: 1 EraseBytes-
#12730492	REDUCE cov: 839 ft: 2151 corp: 598/1990Kb lim: 65536 exec/s: 33589 rss: 1025Mb L: 4946/63714 MS: 1 EraseBytes-
#12731624	REDUCE cov: 839 ft: 2151 corp: 598/1990Kb lim: 65536 exec/s: 33592 rss: 1025Mb L: 4903/63714 MS: 2 ShuffleBytes-EraseBytes-
#12733750	REDUCE cov: 839 ft: 2151 corp: 598/1990Kb lim: 65536 exec/s: 33509 rss: 1025Mb L: 870/63714 MS: 1 EraseBytes-
#12735672	REDUCE cov: 839 ft: 2151 corp: 598/1990Kb lim: 65536 exec/s: 33426 rss: 1025Mb L: 571/63714 MS: 2 InsertByte-EraseBytes-
#12736135	REDUCE cov: 839 ft: 2151 corp: 598/1990Kb lim: 65536 exec/s: 33428 rss: 1025Mb L: 21138/63714 MS: 3 ChangeByte-InsertRepeatedBytes-EraseBytes-
#12736281	REDUCE cov: 839 ft: 2151 corp: 598/1990Kb lim: 65536 exec/s: 33428 rss: 1025Mb L: 6433/63714 MS: 1 EraseBytes-
#12736884	REDUCE cov: 839 ft: 2151 corp: 598/1990Kb lim: 65536 exec/s: 33430 rss: 1025Mb L: 1362/63714 MS: 3 ChangeASCIIInt-InsertByte-EraseBytes-
#12737593	REDUCE cov: 839 ft: 2151 corp: 598/1989Kb lim: 65536 exec/s: 33432 rss: 1025Mb L: 768/63714 MS: 4 ShuffleBytes-ChangeBinInt-CMP-EraseBytes- DE: "*\206H\206\367\015\001\001\013"-
#12737802	REDUCE cov: 839 ft: 2151 corp: 598/1988Kb lim: 65536 exec/s: 33432 rss: 1025Mb L: 3678/63714 MS: 4 ManualDict-CMP-EraseBytes-CopyPart- DE: "0x11"-"DEK-Info: DES-EDE3-CBC,"-
#12738235	REDUCE cov: 839 ft: 2151 corp: 598/1988Kb lim: 65536 exec/s: 33433 rss: 1025Mb L: 26896/63714 MS: 3 ChangeASCIIInt-ManualDict-EraseBytes- DE: "  Base64 encoding test: "-
#12738593	REDUCE cov: 839 ft: 2151 corp: 598/1986Kb lim: 65536 exec/s: 33434 rss: 1025Mb L: 15491/63714 MS: 3 CopyPart-ShuffleBytes-EraseBytes-
#12739017	REDUCE cov: 839 ft: 2151 corp: 598/1986Kb lim: 65536 exec/s: 33348 rss: 1025Mb L: 651/63714 MS: 4 ShuffleBytes-ChangeBinInt-ChangeASCIIInt-EraseBytes-
#12739654	REDUCE cov: 839 ft: 2151 corp: 598/1986Kb lim: 65536 exec/s: 33349 rss: 1025Mb L: 97/63714 MS: 2 CopyPart-EraseBytes-
#12739828	REDUCE cov: 839 ft: 2151 corp: 598/1985Kb lim: 65536 exec/s: 33350 rss: 1025Mb L: 12580/63714 MS: 4 ManualDict-CrossOver-CopyPart-EraseBytes- DE: "MD - Opening or reading of file failed"-
#12740418	REDUCE cov: 839 ft: 2151 corp: 598/1985Kb lim: 65536 exec/s: 33351 rss: 1025Mb L: 553/63714 MS: 5 ChangeByte-CMP-ChangeBinInt-CopyPart-EraseBytes- DE: "U\035\023"-
#12740904	REDUCE cov: 839 ft: 2151 corp: 598/1985Kb lim: 65536 exec/s: 33353 rss: 1025Mb L: 1196/63714 MS: 1 EraseBytes-
#12741035	REDUCE cov: 839 ft: 2151 corp: 598/1985Kb lim: 65536 exec/s: 33353 rss: 1025Mb L: 212/63714 MS: 1 EraseBytes-
#12741561	REDUCE cov: 839 ft: 2151 corp: 598/1985Kb lim: 65536 exec/s: 33354 rss: 1025Mb L: 91/63714 MS: 1 EraseBytes-
#12741734	REDUCE cov: 839 ft: 2151 corp: 598/1985Kb lim: 65536 exec/s: 33355 rss: 1025Mb L: 15344/63714 MS: 3 ShuffleBytes-ChangeASCIIInt-EraseBytes-
#12743311	REDUCE cov: 839 ft: 2151 corp: 598/1985Kb lim: 65536 exec/s: 33272 rss: 1025Mb L: 219/63714 MS: 2 ChangeBit-EraseBytes-
#12743512	REDUCE cov: 839 ft: 2151 corp: 598/1985Kb lim: 65536 exec/s: 33272 rss: 1025Mb L: 1019/63714 MS: 1 EraseBytes-
#12743632	REDUCE cov: 839 ft: 2151 corp: 598/1985Kb lim: 65536 exec/s: 33273 rss: 1025Mb L: 61746/63714 MS: 5 ChangeASCIIInt-CMP-PersAutoDict-ChangeASCIIInt-EraseBytes- DE: "\323\377\377\377"-"MD - Failed to allocate memory"-
#12743639	REDUCE cov: 839 ft: 2151 corp: 598/1985Kb lim: 65536 exec/s: 33273 rss: 1025Mb L: 521/63714 MS: 2 ChangeBit-EraseBytes-
#12744121	REDUCE cov: 839 ft: 2151 corp: 598/1985Kb lim: 65536 exec/s: 33274 rss: 1025Mb L: 1608/63714 MS: 2 CMP-EraseBytes- DE: "U\035\017"-
#12744256	REDUCE cov: 839 ft: 2151 corp: 598/1983Kb lim: 65536 exec/s: 33274 rss: 1025Mb L: 17355/63714 MS: 5 CMP-ChangeBit-ChangeBit-PersAutoDict-EraseBytes- DE: "-----END CERTIFICATE-----"-"555555555555555555555555555555555555555555555555"-
#12745637	REDUCE cov: 839 ft: 2151 corp: 598/1983Kb lim: 65536 exec/s: 33278 rss: 1025Mb L: 450/63714 MS: 1 EraseBytes-
#12745705	REDUCE cov: 839 ft: 2151 corp: 598/1983Kb lim: 65536 exec/s: 33278 rss: 1025Mb L: 2889/63714 MS: 3 InsertRepeatedBytes-ChangeASCIIInt-EraseBytes-
#12746093	REDUCE cov: 839 ft: 2152 corp: 599/2022Kb lim: 65536 exec/s: 33279 rss: 1025Mb L: 40291/63714 MS: 3 CopyPart-ShuffleBytes-CopyPart-
#12746304	REDUCE cov: 839 ft: 2152 corp: 599/2022Kb lim: 65536 exec/s: 33280 rss: 1025Mb L: 46441/63714 MS: 1 EraseBytes-
#12746515	REDUCE cov: 839 ft: 2152 corp: 599/2019Kb lim: 65536 exec/s: 33280 rss: 1025Mb L: 37180/63714 MS: 1 EraseBytes-
#12746626	REDUCE cov: 839 ft: 2152 corp: 599/2019Kb lim: 65536 exec/s: 33281 rss: 1025Mb L: 2888/63714 MS: 1 EraseBytes-
#12748209	REDUCE cov: 839 ft: 2152 corp: 599/2017Kb lim: 65536 exec/s: 33198 rss: 1025Mb L: 15359/63714 MS: 3 CMP-ChangeASCIIInt-EraseBytes- DE: "\237\377\377\377"-
#12748301	REDUCE cov: 839 ft: 2152 corp: 599/2017Kb lim: 65536 exec/s: 33198 rss: 1025Mb L: 781/63714 MS: 2 ShuffleBytes-EraseBytes-
#12748433	REDUCE cov: 839 ft: 2152 corp: 599/2017Kb lim: 65536 exec/s: 33199 rss: 1025Mb L: 2791/63714 MS: 2 InsertByte-EraseBytes-
#12748789	REDUCE cov: 839 ft: 2152 corp: 599/2017Kb lim: 65536 exec/s: 33199 rss: 1025Mb L: 986/63714 MS: 1 EraseBytes-
#12749165	REDUCE cov: 839 ft: 2152 corp: 599/2017Kb lim: 65536 exec/s: 33200 rss: 1025Mb L: 198/63714 MS: 1 EraseBytes-
#12749312	REDUCE cov: 839 ft: 2152 corp: 599/2017Kb lim: 65536 exec/s: 33201 rss: 1025Mb L: 11182/63714 MS: 2 ShuffleBytes-EraseBytes-
#12749608	REDUCE cov: 839 ft: 2152 corp: 599/2017Kb lim: 65536 exec/s: 33202 rss: 1025Mb L: 283/63714 MS: 1 EraseBytes-
#12749789	REDUCE cov: 839 ft: 2152 corp: 599/2017Kb lim: 65536 exec/s: 33202 rss: 1025Mb L: 26863/63714 MS: 1 EraseBytes-
#12749877	REDUCE cov: 839 ft: 2152 corp: 599/2017Kb lim: 65536 exec/s: 33202 rss: 1025Mb L: 426/63714 MS: 3 ChangeBit-InsertByte-EraseBytes-
#12749963	REDUCE cov: 839 ft: 2152 corp: 599/2017Kb lim: 65536 exec/s: 33203 rss: 1025Mb L: 748/63714 MS: 1 EraseBytes-
#12750705	REDUCE cov: 839 ft: 2152 corp: 599/2017Kb lim: 65536 exec/s: 33118 rss: 1025Mb L: 3654/63714 MS: 2 ChangeByte-EraseBytes-
#12751309	REDUCE cov: 839 ft: 2152 corp: 599/2016Kb lim: 65536 exec/s: 33120 rss: 1025Mb L: 24889/63714 MS: 4 ShuffleBytes-ManualDict-PersAutoDict-EraseBytes- DE: "AES-256-CCM"-"\3770"-
#12752302	REDUCE cov: 839 ft: 2152 corp: 599/2015Kb lim: 65536 exec/s: 33122 rss: 1025Mb L: 2240/63714 MS: 3 CopyPart-ChangeByte-EraseBytes-
#12752513	REDUCE cov: 839 ft: 2152 corp: 599/2015Kb lim: 65536 exec/s: 33123 rss: 1025Mb L: 1856/63714 MS: 1 EraseBytes-
#12752679	REDUCE cov: 839 ft: 2152 corp: 599/2015Kb lim: 65536 exec/s: 33123 rss: 1025Mb L: 15141/63714 MS: 1 EraseBytes-
#12752835	REDUCE cov: 839 ft: 2152 corp: 599/2015Kb lim: 65536 exec/s: 33124 rss: 1025Mb L: 1086/63714 MS: 1 EraseBytes-
#12752867	REDUCE cov: 839 ft: 2152 corp: 599/2015Kb lim: 65536 exec/s: 33124 rss: 1025Mb L: 751/63714 MS: 2 ChangeBit-EraseBytes-
#12755133	REDUCE cov: 839 ft: 2152 corp: 599/2014Kb lim: 65536 exec/s: 32959 rss: 1025Mb L: 8363/63714 MS: 1 EraseBytes-
#12755590	REDUCE cov: 839 ft: 2152 corp: 599/2013Kb lim: 65536 exec/s: 32960 rss: 1025Mb L: 7384/63714 MS: 2 ChangeBit-EraseBytes-
#12756367	REDUCE cov: 839 ft: 2152 corp: 599/2013Kb lim: 65536 exec/s: 32962 rss: 1025Mb L: 863/63714 MS: 2 ManualDict-EraseBytes- DE: "94B6BED27A168D31D4A52F88925AA8F5"-
#12756648	REDUCE cov: 839 ft: 2152 corp: 599/2013Kb lim: 65536 exec/s: 32962 rss: 1025Mb L: 4693/63714 MS: 1 EraseBytes-
#12758134	REDUCE cov: 839 ft: 2152 corp: 599/2013Kb lim: 65536 exec/s: 32881 rss: 1025Mb L: 1548/63714 MS: 1 EraseBytes-
#12758145	REDUCE cov: 839 ft: 2152 corp: 599/2013Kb lim: 65536 exec/s: 32881 rss: 1025Mb L: 536/63714 MS: 1 EraseBytes-
#12759538	REDUCE cov: 839 ft: 2152 corp: 599/2013Kb lim: 65536 exec/s: 32885 rss: 1025Mb L: 705/63714 MS: 3 InsertRepeatedBytes-EraseBytes-ManualDict- DE: "CAMELLIA-192-CTR"-
#12759619	REDUCE cov: 839 ft: 2152 corp: 599/2012Kb lim: 65536 exec/s: 32885 rss: 1025Mb L: 13997/63714 MS: 1 EraseBytes-
#12759837	REDUCE cov: 839 ft: 2152 corp: 599/2011Kb lim: 65536 exec/s: 32886 rss: 1025Mb L: 1783/63714 MS: 3 CMP-ChangeByte-EraseBytes- DE: "DEK-Info: DES-CBC,"-
#12759858	REDUCE cov: 839 ft: 2152 corp: 599/2011Kb lim: 65536 exec/s: 32886 rss: 1025Mb L: 1451/63714 MS: 1 EraseBytes-
#12759944	REDUCE cov: 839 ft: 2152 corp: 599/2009Kb lim: 65536 exec/s: 32886 rss: 1025Mb L: 35596/63714 MS: 1 EraseBytes-
#12760675	REDUCE cov: 839 ft: 2152 corp: 599/2007Kb lim: 65536 exec/s: 32888 rss: 1025Mb L: 32836/63714 MS: 1 EraseBytes-
#12760906	REDUCE cov: 839 ft: 2152 corp: 599/2007Kb lim: 65536 exec/s: 32888 rss: 1025Mb L: 13947/63714 MS: 1 EraseBytes-
#12761721	REDUCE cov: 839 ft: 2152 corp: 599/2007Kb lim: 65536 exec/s: 32806 rss: 1025Mb L: 13749/63714 MS: 5 ChangeASCIIInt-ShuffleBytes-ChangeASCIIInt-ChangeBinInt-EraseBytes-
#12761763	REDUCE cov: 839 ft: 2152 corp: 599/2006Kb lim: 65536 exec/s: 32806 rss: 1025Mb L: 736/63714 MS: 2 ManualDict-EraseBytes- DE: "ARIA-256-CTR"-
#12762119	REDUCE cov: 839 ft: 2152 corp: 599/2006Kb lim: 65536 exec/s: 32807 rss: 1025Mb L: 1279/63714 MS: 1 EraseBytes-
#12763138	REDUCE cov: 839 ft: 2152 corp: 599/2006Kb lim: 65536 exec/s: 32810 rss: 1025Mb L: 1107/63714 MS: 4 InsertByte-CMP-InsertRepeatedBytes-EraseBytes- DE: "-----BEGIN CERTIFICATE-----"-
#12763424	REDUCE cov: 839 ft: 2152 corp: 599/2006Kb lim: 65536 exec/s: 32810 rss: 1025Mb L: 9070/63714 MS: 1 EraseBytes-
#12763755	REDUCE cov: 839 ft: 2152 corp: 599/2006Kb lim: 65536 exec/s: 32811 rss: 1025Mb L: 375/63714 MS: 1 EraseBytes-
#12764154	REDUCE cov: 839 ft: 2152 corp: 599/2006Kb lim: 65536 exec/s: 32812 rss: 1025Mb L: 1761/63714 MS: 4 ChangeBit-CMP-ChangeBit-EraseBytes- DE: "U\035#"-
#12764305	REDUCE cov: 839 ft: 2152 corp: 599/2006Kb lim: 65536 exec/s: 32813 rss: 1025Mb L: 736/63714 MS: 1 EraseBytes-
#12765277	REDUCE cov: 839 ft: 2152 corp: 599/2004Kb lim: 65536 exec/s: 32731 rss: 1025Mb L: 11695/63714 MS: 2 ChangeByte-EraseBytes-
#12766444	REDUCE cov: 839 ft: 2152 corp: 599/2004Kb lim: 65536 exec/s: 32734 rss: 1025Mb L: 14694/63714 MS: 2 ShuffleBytes-EraseBytes-
#12767943	REDUCE cov: 839 ft: 2156 corp: 600/2034Kb lim: 65536 exec/s: 32738 rss: 1025Mb L: 31347/63714 MS: 4 CopyPart-ChangeASCIIInt-ShuffleBytes-CopyPart-
#12768008	REDUCE cov: 839 ft: 2156 corp: 600/2033Kb lim: 65536 exec/s: 32738 rss: 1025Mb L: 24730/63714 MS: 5 ChangeASCIIInt-ShuffleBytes-ChangeByte-ChangeBinInt-EraseBytes-
#12768984	REDUCE cov: 839 ft: 2156 corp: 600/2033Kb lim: 65536 exec/s: 32657 rss: 1025Mb L: 2736/63714 MS: 1 EraseBytes-
#12771134	REDUCE cov: 839 ft: 2156 corp: 600/2033Kb lim: 65536 exec/s: 32579 rss: 1025Mb L: 20601/63714 MS: 5 CopyPart-ChangeBinInt-CMP-ChangeBit-EraseBytes- DE: "DEK-Info:\377----"-
#12771964	REDUCE cov: 839 ft: 2156 corp: 600/2031Kb lim: 65536 exec/s: 32581 rss: 1025Mb L: 29821/63714 MS: 5 InsertByte-CrossOver-ShuffleBytes-CopyPart-EraseBytes-
#12772055	REDUCE cov: 839 ft: 2156 corp: 600/2031Kb lim: 65536 exec/s: 32581 rss: 1025Mb L: 82/63714 MS: 1 EraseBytes-
#12772595	REDUCE cov: 839 ft: 2156 corp: 600/2031Kb lim: 65536 exec/s: 32583 rss: 1025Mb L: 10905/63714 MS: 5 InsertByte-ChangeBinInt-CMP-ShuffleBytes-EraseBytes- DE: "-----END CERTIFICATE-----"-
#12772811	REDUCE cov: 839 ft: 2156 corp: 600/2030Kb lim: 65536 exec/s: 32583 rss: 1025Mb L: 1800/63714 MS: 1 EraseBytes-
#12773952	REDUCE cov: 839 ft: 2156 corp: 600/2030Kb lim: 65536 exec/s: 32503 rss: 1025Mb L: 478/63714 MS: 1 EraseBytes-
#12774290	REDUCE cov: 839 ft: 2156 corp: 600/2028Kb lim: 65536 exec/s: 32504 rss: 1025Mb L: 23841/63714 MS: 3 CrossOver-ChangeASCIIInt-EraseBytes-
#12774636	REDUCE cov: 839 ft: 2156 corp: 600/2028Kb lim: 65536 exec/s: 32505 rss: 1025Mb L: 4209/63714 MS: 1 EraseBytes-
#12774768	REDUCE cov: 839 ft: 2156 corp: 600/2028Kb lim: 65536 exec/s: 32505 rss: 1025Mb L: 2306/63714 MS: 2 ChangeByte-EraseBytes-
#12775005	REDUCE cov: 839 ft: 2156 corp: 600/2027Kb lim: 65536 exec/s: 32506 rss: 1025Mb L: 1371/63714 MS: 2 CopyPart-EraseBytes-
#12775072	REDUCE cov: 839 ft: 2156 corp: 600/2027Kb lim: 65536 exec/s: 32506 rss: 1025Mb L: 4497/63714 MS: 2 ShuffleBytes-EraseBytes-
#12775294	REDUCE cov: 839 ft: 2156 corp: 600/2027Kb lim: 65536 exec/s: 32507 rss: 1025Mb L: 471/63714 MS: 2 ChangeByte-EraseBytes-
#12775805	REDUCE cov: 839 ft: 2156 corp: 600/2027Kb lim: 65536 exec/s: 32508 rss: 1025Mb L: 348/63714 MS: 1 EraseBytes-
#12776869	REDUCE cov: 839 ft: 2156 corp: 600/2025Kb lim: 65536 exec/s: 32428 rss: 1025Mb L: 27474/63714 MS: 4 InsertByte-CopyPart-ChangeBit-EraseBytes-
#12777550	REDUCE cov: 839 ft: 2156 corp: 600/2021Kb lim: 65536 exec/s: 32430 rss: 1025Mb L: 23311/63714 MS: 1 EraseBytes-
#12778616	REDUCE cov: 839 ft: 2156 corp: 600/2021Kb lim: 65536 exec/s: 32433 rss: 1025Mb L: 669/63714 MS: 1 EraseBytes-
#12778746	REDUCE cov: 839 ft: 2156 corp: 600/2021Kb lim: 65536 exec/s: 32433 rss: 1025Mb L: 856/63714 MS: 5 ChangeByte-ShuffleBytes-PersAutoDict-ChangeByte-EraseBytes- DE: "SN"-
#12779152	REDUCE cov: 839 ft: 2156 corp: 600/2021Kb lim: 65536 exec/s: 32434 rss: 1025Mb L: 1272/63714 MS: 1 EraseBytes-
#12781478	REDUCE cov: 839 ft: 2156 corp: 600/2021Kb lim: 65536 exec/s: 32358 rss: 1025Mb L: 124/63714 MS: 1 EraseBytes-
#12781990	REDUCE cov: 839 ft: 2157 corp: 601/2029Kb lim: 65536 exec/s: 32359 rss: 1025Mb L: 8267/63714 MS: 2 EraseBytes-CopyPart-
#12783415	REDUCE cov: 839 ft: 2158 corp: 602/2041Kb lim: 65536 exec/s: 32281 rss: 1025Mb L: 13019/63714 MS: 5 EraseBytes-ChangeBit-ChangeASCIIInt-CrossOver-CrossOver-
#12783504	NEW    cov: 839 ft: 2159 corp: 603/2066Kb lim: 65536 exec/s: 32281 rss: 1025Mb L: 25243/63714 MS: 4 ChangeBinInt-CMP-ChangeByte-CopyPart- DE: "DEK-In&fo: DES"-
#12783621	REDUCE cov: 839 ft: 2159 corp: 603/2063Kb lim: 65536 exec/s: 32281 rss: 1025Mb L: 22119/63714 MS: 2 ChangeASCIIInt-EraseBytes-
#12784139	REDUCE cov: 839 ft: 2159 corp: 603/2063Kb lim: 65536 exec/s: 32283 rss: 1025Mb L: 463/63714 MS: 3 ShuffleBytes-ManualDict-EraseBytes- DE: "AES-192-CCM"-
#12784575	REDUCE cov: 839 ft: 2159 corp: 603/2062Kb lim: 65536 exec/s: 32284 rss: 1025Mb L: 20981/63714 MS: 1 EraseBytes-
#12784700	REDUCE cov: 839 ft: 2160 corp: 604/2089Kb lim: 65536 exec/s: 32284 rss: 1025Mb L: 27212/63714 MS: 5 ChangeBinInt-ManualDict-ChangeBit-ChangeBinInt-CopyPart- DE: "mbedtls/threading.h"-
#12784744	REDUCE cov: 839 ft: 2160 corp: 604/2088Kb lim: 65536 exec/s: 32284 rss: 1025Mb L: 10591/63714 MS: 4 CopyPart-InsertByte-EraseBytes-EraseBytes-
#12784816	REDUCE cov: 839 ft: 2160 corp: 604/2088Kb lim: 65536 exec/s: 32284 rss: 1025Mb L: 2687/63714 MS: 2 ChangeBinInt-EraseBytes-
#12785553	NEW    cov: 839 ft: 2163 corp: 605/2137Kb lim: 65536 exec/s: 32286 rss: 1025Mb L: 50573/63714 MS: 2 ChangeBit-CopyPart-
#12785619	REDUCE cov: 839 ft: 2163 corp: 605/2137Kb lim: 65536 exec/s: 32286 rss: 1025Mb L: 10168/63714 MS: 1 EraseBytes-
#12786300	REDUCE cov: 839 ft: 2163 corp: 605/2137Kb lim: 65536 exec/s: 32207 rss: 1025Mb L: 449/63714 MS: 1 EraseBytes-
#12786598	REDUCE cov: 839 ft: 2163 corp: 605/2136Kb lim: 65536 exec/s: 32208 rss: 1025Mb L: 12505/63714 MS: 3 ChangeBit-InsertByte-EraseBytes-
#12786654	REDUCE cov: 839 ft: 2163 corp: 605/2133Kb lim: 65536 exec/s: 32208 rss: 1025Mb L: 17657/63714 MS: 1 EraseBytes-
#12787332	REDUCE cov: 839 ft: 2163 corp: 605/2130Kb lim: 65536 exec/s: 32209 rss: 1025Mb L: 14778/63714 MS: 3 CrossOver-ChangeBit-EraseBytes-
#12787402	REDUCE cov: 839 ft: 2163 corp: 605/2130Kb lim: 65536 exec/s: 32210 rss: 1025Mb L: 617/63714 MS: 5 ChangeASCIIInt-InsertByte-ChangeASCIIInt-PersAutoDict-EraseBytes- DE: "\372=\345Q"-
#12787690	REDUCE cov: 839 ft: 2163 corp: 605/2130Kb lim: 65536 exec/s: 32210 rss: 1025Mb L: 2637/63714 MS: 3 PersAutoDict-CopyPart-EraseBytes- DE: "ARIA-256-CCM"-
#12787764	REDUCE cov: 839 ft: 2163 corp: 605/2130Kb lim: 65536 exec/s: 32210 rss: 1025Mb L: 32580/63714 MS: 4 CMP-ChangeBinInt-CopyPart-EraseBytes- DE: "-----BEGIN CERTIFICATE-----"-
#12787830	REDUCE cov: 839 ft: 2163 corp: 605/2130Kb lim: 65536 exec/s: 32211 rss: 1025Mb L: 1125/63714 MS: 1 EraseBytes-
#12788611	REDUCE cov: 839 ft: 2163 corp: 605/2130Kb lim: 65536 exec/s: 32213 rss: 1025Mb L: 149/63714 MS: 1 EraseBytes-
#12788810	REDUCE cov: 839 ft: 2163 corp: 605/2129Kb lim: 65536 exec/s: 32132 rss: 1025Mb L: 7858/63714 MS: 4 CMP-CopyPart-EraseBytes-EraseBytes- DE: "DEK-Info: AES-256-CBC,D"-
#12789759	REDUCE cov: 839 ft: 2163 corp: 605/2129Kb lim: 65536 exec/s: 32135 rss: 1025Mb L: 1696/63714 MS: 4 ChangeBinInt-InsertByte-InsertRepeatedBytes-EraseBytes-
#12789802	REDUCE cov: 839 ft: 2163 corp: 605/2129Kb lim: 65536 exec/s: 32135 rss: 1025Mb L: 594/63714 MS: 3 ManualDict-InsertRepeatedBytes-EraseBytes- DE: "<= parse certificate"-
#12789863	REDUCE cov: 839 ft: 2163 corp: 605/2128Kb lim: 65536 exec/s: 32135 rss: 1025Mb L: 45781/63714 MS: 1 EraseBytes-
#12790025	REDUCE cov: 839 ft: 2163 corp: 605/2127Kb lim: 65536 exec/s: 32135 rss: 1025Mb L: 48906/63714 MS: 2 ChangeASCIIInt-EraseBytes-
#12790151	REDUCE cov: 839 ft: 2163 corp: 605/2127Kb lim: 65536 exec/s: 32136 rss: 1025Mb L: 201/63714 MS: 1 EraseBytes-
#12790328	REDUCE cov: 839 ft: 2163 corp: 605/2127Kb lim: 65536 exec/s: 32136 rss: 1025Mb L: 27058/63714 MS: 2 ShuffleBytes-EraseBytes-
#12791064	REDUCE cov: 839 ft: 2163 corp: 605/2127Kb lim: 65536 exec/s: 32138 rss: 1025Mb L: 1620/63714 MS: 1 EraseBytes-
#12791355	REDUCE cov: 839 ft: 2164 corp: 606/2189Kb lim: 65536 exec/s: 32139 rss: 1025Mb L: 63450/63714 MS: 1 CopyPart-
#12791486	REDUCE cov: 839 ft: 2164 corp: 606/2189Kb lim: 65536 exec/s: 32139 rss: 1025Mb L: 7828/63714 MS: 1 EraseBytes-
#12791572	REDUCE cov: 839 ft: 2164 corp: 606/2188Kb lim: 65536 exec/s: 32139 rss: 1025Mb L: 125/63714 MS: 1 EraseBytes-
#12792139	REDUCE cov: 839 ft: 2164 corp: 606/2187Kb lim: 65536 exec/s: 32060 rss: 1025Mb L: 25351/63714 MS: 2 ShuffleBytes-EraseBytes-
#12793106	REDUCE cov: 839 ft: 2164 corp: 606/2183Kb lim: 65536 exec/s: 32062 rss: 1025Mb L: 45483/63714 MS: 2 CopyPart-EraseBytes-
#12793230	REDUCE cov: 839 ft: 2164 corp: 606/2182Kb lim: 65536 exec/s: 32063 rss: 1025Mb L: 10684/63714 MS: 4 PersAutoDict-ChangeASCIIInt-InsertByte-EraseBytes- DE: "0x20"-
#12793579	REDUCE cov: 839 ft: 2164 corp: 606/2182Kb lim: 65536 exec/s: 32064 rss: 1025Mb L: 23677/63714 MS: 4 EraseBytes-PersAutoDict-ShuffleBytes-CopyPart- DE: "Proc-Type: 5,ENCRYPTED"-
#12793606	REDUCE cov: 839 ft: 2164 corp: 606/2180Kb lim: 65536 exec/s: 32064 rss: 1025Mb L: 23528/63714 MS: 2 ShuffleBytes-EraseBytes-
#12793688	REDUCE cov: 839 ft: 2164 corp: 606/2179Kb lim: 65536 exec/s: 32064 rss: 1025Mb L: 982/63714 MS: 2 CMP-EraseBytes- DE: "\000\000\000\000\000\000\000g"-
#12793697	REDUCE cov: 839 ft: 2164 corp: 606/2178Kb lim: 65536 exec/s: 32064 rss: 1025Mb L: 6644/63714 MS: 4 ManualDict-InsertRepeatedBytes-InsertByte-EraseBytes- DE: "CHACHA20-POLY1305"-
#12794001	REDUCE cov: 839 ft: 2164 corp: 606/2178Kb lim: 65536 exec/s: 31985 rss: 1025Mb L: 1402/63714 MS: 4 ChangeASCIIInt-ManualDict-ChangeBit-EraseBytes- DE: "AES-192-CBC"-
#12794429	REDUCE cov: 839 ft: 2164 corp: 606/2178Kb lim: 65536 exec/s: 31986 rss: 1025Mb L: 551/63714 MS: 3 CrossOver-ManualDict-EraseBytes- DE: "ticket alloc failed"-
#12794821	REDUCE cov: 839 ft: 2164 corp: 606/2178Kb lim: 65536 exec/s: 31987 rss: 1025Mb L: 1599/63714 MS: 2 ChangeByte-EraseBytes-
#12795035	REDUCE cov: 839 ft: 2164 corp: 606/2178Kb lim: 65536 exec/s: 31987 rss: 1025Mb L: 10247/63714 MS: 4 ChangeBit-CMP-ManualDict-EraseBytes- DE: "\003\000\000\000"-"ssl->f_recv(_timeout)"-
#12795512	REDUCE cov: 839 ft: 2164 corp: 606/2176Kb lim: 65536 exec/s: 31988 rss: 1025Mb L: 13466/63714 MS: 2 ShuffleBytes-EraseBytes-
#12796185	REDUCE cov: 839 ft: 2164 corp: 606/2176Kb lim: 65536 exec/s: 31910 rss: 1025Mb L: 63121/63714 MS: 3 ShuffleBytes-InsertByte-EraseBytes-
#12796398	REDUCE cov: 839 ft: 2164 corp: 606/2174Kb lim: 65536 exec/s: 31911 rss: 1025Mb L: 21765/63714 MS: 3 CopyPart-PersAutoDict-EraseBytes- DE: "14"-
#12796549	REDUCE cov: 839 ft: 2164 corp: 606/2174Kb lim: 65536 exec/s: 31911 rss: 1025Mb L: 512/63714 MS: 1 EraseBytes-
#12797090	REDUCE cov: 839 ft: 2164 corp: 606/2174Kb lim: 65536 exec/s: 31912 rss: 1025Mb L: 177/63714 MS: 1 EraseBytes-
#12797697	REDUCE cov: 839 ft: 2164 corp: 606/2173Kb lim: 65536 exec/s: 31914 rss: 1025Mb L: 12414/63714 MS: 2 InsertRepeatedBytes-EraseBytes-
#12797893	REDUCE cov: 839 ft: 2164 corp: 606/2173Kb lim: 65536 exec/s: 31914 rss: 1025Mb L: 6217/63714 MS: 1 EraseBytes-
#12798014	REDUCE cov: 839 ft: 2164 corp: 606/2173Kb lim: 65536 exec/s: 31915 rss: 1025Mb L: 352/63714 MS: 1 EraseBytes-
#12798035	REDUCE cov: 839 ft: 2164 corp: 606/2173Kb lim: 65536 exec/s: 31915 rss: 1025Mb L: 74/63714 MS: 1 EraseBytes-
#12798395	REDUCE cov: 839 ft: 2164 corp: 606/2171Kb lim: 65536 exec/s: 31836 rss: 1025Mb L: 44519/63714 MS: 5 ShuffleBytes-PersAutoDict-InsertByte-EraseBytes-CopyPart- DE: "AES-128-CCM*-NO-TAG"-
#12798442	REDUCE cov: 839 ft: 2164 corp: 606/2171Kb lim: 65536 exec/s: 31836 rss: 1025Mb L: 836/63714 MS: 2 ShuffleBytes-EraseBytes-
#12799125	REDUCE cov: 839 ft: 2164 corp: 606/2171Kb lim: 65536 exec/s: 31838 rss: 1025Mb L: 23674/63714 MS: 3 ChangeBinInt-InsertByte-EraseBytes-
#12799736	REDUCE cov: 839 ft: 2164 corp: 606/2171Kb lim: 65536 exec/s: 31840 rss: 1025Mb L: 328/63714 MS: 1 EraseBytes-
#12799910	REDUCE cov: 839 ft: 2164 corp: 606/2171Kb lim: 65536 exec/s: 31840 rss: 1025Mb L: 6017/63714 MS: 4 CrossOver-ManualDict-PersAutoDict-EraseBytes- DE: "vmull.p64 %[r], %[a], %[b]"-"MD - Opening or reading of file failed"-
#12800287	REDUCE cov: 839 ft: 2164 corp: 606/2171Kb lim: 65536 exec/s: 31841 rss: 1025Mb L: 558/63714 MS: 2 InsertRepeatedBytes-EraseBytes-
#12800633	REDUCE cov: 839 ft: 2164 corp: 606/2170Kb lim: 65536 exec/s: 31763 rss: 1025Mb L: 4907/63714 MS: 1 EraseBytes-
#12800639	REDUCE cov: 839 ft: 2164 corp: 606/2168Kb lim: 65536 exec/s: 31763 rss: 1025Mb L: 3167/63714 MS: 1 EraseBytes-
#12801285	REDUCE cov: 839 ft: 2164 corp: 606/2167Kb lim: 65536 exec/s: 31764 rss: 1025Mb L: 2410/63714 MS: 1 EraseBytes-
#12802304	REDUCE cov: 839 ft: 2164 corp: 606/2166Kb lim: 65536 exec/s: 31767 rss: 1025Mb L: 62065/63714 MS: 4 ManualDict-ShuffleBytes-PersAutoDict-EraseBytes- DE: "peer has no certificate"-"<= parse server hello"-
#12802625	REDUCE cov: 839 ft: 2164 corp: 606/2166Kb lim: 65536 exec/s: 31768 rss: 1025Mb L: 12363/63714 MS: 1 EraseBytes-
#12803022	REDUCE cov: 839 ft: 2164 corp: 606/2166Kb lim: 65536 exec/s: 31769 rss: 1025Mb L: 11597/63714 MS: 2 ChangeASCIIInt-EraseBytes-
#12803713	REDUCE cov: 839 ft: 2164 corp: 606/2165Kb lim: 65536 exec/s: 31692 rss: 1025Mb L: 12455/63714 MS: 1 EraseBytes-
#12804919	REDUCE cov: 839 ft: 2164 corp: 606/2163Kb lim: 65536 exec/s: 31695 rss: 1025Mb L: 56141/63714 MS: 1 EraseBytes-
#12805402	REDUCE cov: 839 ft: 2164 corp: 606/2163Kb lim: 65536 exec/s: 31696 rss: 1025Mb L: 7265/63714 MS: 3 ChangeASCIIInt-ChangeBinInt-EraseBytes-
#12805508	REDUCE cov: 839 ft: 2164 corp: 606/2163Kb lim: 65536 exec/s: 31696 rss: 1025Mb L: 173/63714 MS: 1 EraseBytes-
#12805779	REDUCE cov: 839 ft: 2164 corp: 606/2161Kb lim: 65536 exec/s: 31619 rss: 1025Mb L: 60249/63714 MS: 1 EraseBytes-
#12805990	REDUCE cov: 839 ft: 2164 corp: 606/2159Kb lim: 65536 exec/s: 31619 rss: 1025Mb L: 30487/63714 MS: 1 EraseBytes-
#12806201	REDUCE cov: 839 ft: 2164 corp: 606/2159Kb lim: 65536 exec/s: 31620 rss: 1025Mb L: 23604/63714 MS: 1 EraseBytes-
#12806913	REDUCE cov: 839 ft: 2164 corp: 606/2159Kb lim: 65536 exec/s: 31622 rss: 1025Mb L: 552/63714 MS: 2 ManualDict-EraseBytes- DE: "ticket length: %"-
#12807210	REDUCE cov: 839 ft: 2164 corp: 606/2159Kb lim: 65536 exec/s: 31622 rss: 1025Mb L: 1030/63714 MS: 2 ChangeByte-EraseBytes-
#12807359	REDUCE cov: 839 ft: 2164 corp: 606/2158Kb lim: 65536 exec/s: 31623 rss: 1025Mb L: 10759/63714 MS: 4 PersAutoDict-PersAutoDict-ChangeBinInt-EraseBytes- DE: "DEK-Info: DES-\275\275\274\323"-"ARIA-128-GCM"-
#12807945	REDUCE cov: 839 ft: 2164 corp: 606/2158Kb lim: 65536 exec/s: 31624 rss: 1025Mb L: 220/63714 MS: 1 EraseBytes-
#12808827	REDUCE cov: 839 ft: 2164 corp: 606/2157Kb lim: 65536 exec/s: 31548 rss: 1025Mb L: 50320/63714 MS: 2 ChangeBinInt-EraseBytes-
#12810440	REDUCE cov: 839 ft: 2164 corp: 606/2157Kb lim: 65536 exec/s: 31552 rss: 1025Mb L: 9709/63714 MS: 3 ChangeByte-ChangeASCIIInt-EraseBytes-
#12810716	REDUCE cov: 839 ft: 2164 corp: 606/2157Kb lim: 65536 exec/s: 31553 rss: 1025Mb L: 10075/63714 MS: 1 EraseBytes-
#12811073	REDUCE cov: 839 ft: 2164 corp: 606/2157Kb lim: 65536 exec/s: 31554 rss: 1025Mb L: 983/63714 MS: 2 ManualDict-EraseBytes- DE: "|  "-
#12811431	REDUCE cov: 839 ft: 2164 corp: 606/2156Kb lim: 65536 exec/s: 31477 rss: 1025Mb L: 728/63714 MS: 3 CopyPart-EraseBytes-CopyPart-
#12811682	REDUCE cov: 839 ft: 2164 corp: 606/2156Kb lim: 65536 exec/s: 31478 rss: 1025Mb L: 976/63714 MS: 1 EraseBytes-
#12811983	REDUCE cov: 839 ft: 2164 corp: 606/2156Kb lim: 65536 exec/s: 31479 rss: 1025Mb L: 237/63714 MS: 1 EraseBytes-
#12812897	REDUCE cov: 839 ft: 2164 corp: 606/2155Kb lim: 65536 exec/s: 31481 rss: 1025Mb L: 7511/63714 MS: 4 InsertByte-CopyPart-ChangeByte-EraseBytes-
#12812898	REDUCE cov: 839 ft: 2164 corp: 606/2155Kb lim: 65536 exec/s: 31481 rss: 1025Mb L: 2679/63714 MS: 1 EraseBytes-
#12812920	REDUCE cov: 839 ft: 2164 corp: 606/2155Kb lim: 65536 exec/s: 31481 rss: 1025Mb L: 505/63714 MS: 2 InsertByte-EraseBytes-
#12813026	REDUCE cov: 839 ft: 2164 corp: 606/2155Kb lim: 65536 exec/s: 31481 rss: 1025Mb L: 21481/63714 MS: 1 EraseBytes-
#12814047	REDUCE cov: 839 ft: 2164 corp: 606/2155Kb lim: 65536 exec/s: 31406 rss: 1025Mb L: 137/63714 MS: 1 EraseBytes-
#12815658	REDUCE cov: 839 ft: 2164 corp: 606/2155Kb lim: 65536 exec/s: 31410 rss: 1025Mb L: 176/63714 MS: 1 EraseBytes-
#12816009	REDUCE cov: 839 ft: 2164 corp: 606/2155Kb lim: 65536 exec/s: 31411 rss: 1025Mb L: 11954/63714 MS: 1 EraseBytes-
#12816535	REDUCE cov: 839 ft: 2164 corp: 606/2154Kb lim: 65536 exec/s: 31336 rss: 1025Mb L: 11195/63714 MS: 1 EraseBytes-
#12817302	REDUCE cov: 839 ft: 2164 corp: 606/2154Kb lim: 65536 exec/s: 31338 rss: 1025Mb L: 2255/63714 MS: 2 ChangeBit-EraseBytes-
#12817608	REDUCE cov: 839 ft: 2164 corp: 606/2154Kb lim: 65536 exec/s: 31338 rss: 1025Mb L: 165/63714 MS: 1 EraseBytes-
#12818755	REDUCE cov: 839 ft: 2164 corp: 606/2154Kb lim: 65536 exec/s: 31341 rss: 1025Mb L: 836/63714 MS: 2 ChangeByte-EraseBytes-
#12820361	REDUCE cov: 839 ft: 2164 corp: 606/2154Kb lim: 65536 exec/s: 31269 rss: 1025Mb L: 305/63714 MS: 1 EraseBytes-
#12820418	REDUCE cov: 839 ft: 2164 corp: 606/2154Kb lim: 65536 exec/s: 31269 rss: 1025Mb L: 559/63714 MS: 2 ChangeASCIIInt-EraseBytes-
#12820505	REDUCE cov: 839 ft: 2164 corp: 606/2154Kb lim: 65536 exec/s: 31269 rss: 1025Mb L: 678/63714 MS: 2 ChangeBit-EraseBytes-
#12821696	REDUCE cov: 839 ft: 2164 corp: 606/2154Kb lim: 65536 exec/s: 31272 rss: 1025Mb L: 7170/63714 MS: 1 EraseBytes-
#12822140	REDUCE cov: 839 ft: 2164 corp: 606/2154Kb lim: 65536 exec/s: 31197 rss: 1025Mb L: 1539/63714 MS: 4 InsertByte-ChangeByte-CopyPart-EraseBytes-
#12822366	REDUCE cov: 839 ft: 2164 corp: 606/2154Kb lim: 65536 exec/s: 31197 rss: 1025Mb L: 2672/63714 MS: 1 EraseBytes-
#12823057	REDUCE cov: 839 ft: 2164 corp: 606/2154Kb lim: 65536 exec/s: 31199 rss: 1025Mb L: 517/63714 MS: 1 EraseBytes-
#12823853	REDUCE cov: 839 ft: 2164 corp: 606/2154Kb lim: 65536 exec/s: 31201 rss: 1025Mb L: 464/63714 MS: 1 EraseBytes-
#12823972	REDUCE cov: 839 ft: 2164 corp: 606/2154Kb lim: 65536 exec/s: 31201 rss: 1025Mb L: 702/63714 MS: 4 ShuffleBytes-PersAutoDict-ChangeByte-EraseBytes- DE: " (bb), "-
#12824478	REDUCE cov: 839 ft: 2164 corp: 606/2154Kb lim: 65536 exec/s: 31127 rss: 1025Mb L: 811/63714 MS: 1 EraseBytes-
#12825369	REDUCE cov: 839 ft: 2164 corp: 606/2154Kb lim: 65536 exec/s: 31129 rss: 1025Mb L: 1759/63714 MS: 1 EraseBytes-
#12825713	REDUCE cov: 839 ft: 2164 corp: 606/2153Kb lim: 65536 exec/s: 31130 rss: 1025Mb L: 10996/63714 MS: 4 PersAutoDict-PersAutoDict-ChangeASCIIInt-EraseBytes- DE: "CAMELLIA-128-CCM*-NO-TAG"-"E7C8DDC6C5C6AADEB34EB38A2F40D5E6"-
#12828224	REDUCE cov: 839 ft: 2164 corp: 606/2153Kb lim: 65536 exec/s: 31061 rss: 1025Mb L: 10072/63714 MS: 1 EraseBytes-
#12828344	REDUCE cov: 839 ft: 2164 corp: 606/2153Kb lim: 65536 exec/s: 31061 rss: 1025Mb L: 44451/63714 MS: 5 CMP-ChangeBit-PersAutoDict-ChangeByte-EraseBytes- DE: "\244\021\202\020"-"ARIA-128-CCM*-NO-TAG"-
#12829180	REDUCE cov: 839 ft: 2164 corp: 606/2153Kb lim: 65536 exec/s: 30988 rss: 1025Mb L: 61/63714 MS: 1 EraseBytes-
#12829981	REDUCE cov: 839 ft: 2164 corp: 606/2153Kb lim: 65536 exec/s: 30990 rss: 1025Mb L: 628/63714 MS: 1 EraseBytes-
#12830578	REDUCE cov: 839 ft: 2164 corp: 606/2153Kb lim: 65536 exec/s: 30991 rss: 1025Mb L: 2164/63714 MS: 2 InsertRepeatedBytes-EraseBytes-
#12830769	REDUCE cov: 839 ft: 2164 corp: 606/2153Kb lim: 65536 exec/s: 30992 rss: 1025Mb L: 440/63714 MS: 1 EraseBytes-
#12831067	REDUCE cov: 839 ft: 2164 corp: 606/2153Kb lim: 65536 exec/s: 30992 rss: 1025Mb L: 666/63714 MS: 3 ChangeBit-CopyPart-EraseBytes-
#12831439	REDUCE cov: 839 ft: 2164 corp: 606/2151Kb lim: 65536 exec/s: 30919 rss: 1025Mb L: 19425/63714 MS: 2 ChangeByte-EraseBytes-
#12831475	REDUCE cov: 839 ft: 2164 corp: 606/2150Kb lim: 65536 exec/s: 30919 rss: 1025Mb L: 6974/63714 MS: 1 EraseBytes-
#12831858	REDUCE cov: 839 ft: 2164 corp: 606/2148Kb lim: 65536 exec/s: 30920 rss: 1025Mb L: 39840/63714 MS: 3 EraseBytes-ShuffleBytes-CopyPart-
#12832073	REDUCE cov: 839 ft: 2164 corp: 606/2148Kb lim: 65536 exec/s: 30920 rss: 1025Mb L: 1718/63714 MS: 5 InsertByte-CopyPart-ChangeByte-CrossOver-EraseBytes-
#12832759	REDUCE cov: 839 ft: 2164 corp: 606/2148Kb lim: 65536 exec/s: 30922 rss: 1025Mb L: 1300/63714 MS: 1 EraseBytes-
#12832785	REDUCE cov: 839 ft: 2164 corp: 606/2148Kb lim: 65536 exec/s: 30922 rss: 1025Mb L: 113/63714 MS: 1 EraseBytes-
#12833057	REDUCE cov: 839 ft: 2164 corp: 606/2147Kb lim: 65536 exec/s: 30923 rss: 1025Mb L: 29841/63714 MS: 2 ChangeBit-EraseBytes-
#12833651	REDUCE cov: 839 ft: 2164 corp: 606/2146Kb lim: 65536 exec/s: 30924 rss: 1025Mb L: 8735/63714 MS: 4 PersAutoDict-ChangeBit-ShuffleBytes-EraseBytes- DE: "<= handshake wrapup"-
#12834351	REDUCE cov: 839 ft: 2164 corp: 606/2145Kb lim: 65536 exec/s: 30851 rss: 1025Mb L: 1506/63714 MS: 5 ShuffleBytes-ChangeByte-ShuffleBytes-ChangeASCIIInt-EraseBytes-
#12835808	REDUCE cov: 839 ft: 2164 corp: 606/2145Kb lim: 65536 exec/s: 30855 rss: 1025Mb L: 1503/63714 MS: 2 CopyPart-EraseBytes-
#12836914	REDUCE cov: 839 ft: 2164 corp: 606/2145Kb lim: 65536 exec/s: 30783 rss: 1025Mb L: 12037/63714 MS: 1 EraseBytes-
#12837030	REDUCE cov: 839 ft: 2164 corp: 606/2145Kb lim: 65536 exec/s: 30784 rss: 1025Mb L: 1274/63714 MS: 1 EraseBytes-
#12838329	REDUCE cov: 839 ft: 2164 corp: 606/2144Kb lim: 65536 exec/s: 30787 rss: 1025Mb L: 806/63714 MS: 4 ChangeBinInt-ChangeBinInt-CopyPart-EraseBytes-
#12839415	REDUCE cov: 839 ft: 2164 corp: 606/2143Kb lim: 65536 exec/s: 30789 rss: 1025Mb L: 8780/63714 MS: 1 EraseBytes-
#12839449	REDUCE cov: 839 ft: 2164 corp: 606/2143Kb lim: 65536 exec/s: 30790 rss: 1025Mb L: 2850/63714 MS: 4 ChangeASCIIInt-ChangeBinInt-ChangeASCIIInt-EraseBytes-
#12840774	REDUCE cov: 839 ft: 2164 corp: 606/2142Kb lim: 65536 exec/s: 30719 rss: 1025Mb L: 7260/63714 MS: 5 EraseBytes-ChangeASCIIInt-PersAutoDict-ChangeBinInt-ChangeByte- DE: " (y), "-
#12840823	REDUCE cov: 839 ft: 2164 corp: 606/2142Kb lim: 65536 exec/s: 30719 rss: 1025Mb L: 86/63714 MS: 4 ShuffleBytes-InsertRepeatedBytes-InsertByte-EraseBytes-
#12844169	REDUCE cov: 839 ft: 2164 corp: 606/2142Kb lim: 65536 exec/s: 30654 rss: 1025Mb L: 2443/63714 MS: 1 EraseBytes-
#12844466	REDUCE cov: 839 ft: 2164 corp: 606/2141Kb lim: 65536 exec/s: 30655 rss: 1025Mb L: 6069/63714 MS: 2 EraseBytes-CopyPart-
#12844513	REDUCE cov: 839 ft: 2164 corp: 606/2141Kb lim: 65536 exec/s: 30655 rss: 1025Mb L: 5894/63714 MS: 2 ChangeASCIIInt-EraseBytes-
#12844573	REDUCE cov: 839 ft: 2164 corp: 606/2139Kb lim: 65536 exec/s: 30655 rss: 1025Mb L: 9845/63714 MS: 5 ShuffleBytes-ChangeBinInt-InsertByte-ManualDict-EraseBytes- DE: "CAMELLIA-192-CCM"-
#12844700	REDUCE cov: 839 ft: 2164 corp: 606/2139Kb lim: 65536 exec/s: 30655 rss: 1025Mb L: 3186/63714 MS: 2 PersAutoDict-EraseBytes- DE: "\342\340;\006"-
#12844776	REDUCE cov: 839 ft: 2164 corp: 606/2139Kb lim: 65536 exec/s: 30655 rss: 1025Mb L: 2304/63714 MS: 1 EraseBytes-
#12845737	REDUCE cov: 839 ft: 2164 corp: 606/2139Kb lim: 65536 exec/s: 30585 rss: 1025Mb L: 644/63714 MS: 1 EraseBytes-
#12846130	REDUCE cov: 839 ft: 2164 corp: 606/2137Kb lim: 65536 exec/s: 30586 rss: 1025Mb L: 28023/63714 MS: 3 CMP-ShuffleBytes-EraseBytes- DE: "\323\331\377\377"-
#12846297	REDUCE cov: 839 ft: 2164 corp: 606/2136Kb lim: 65536 exec/s: 30586 rss: 1025Mb L: 44998/63714 MS: 2 ManualDict-EraseBytes- DE: "mbedtls/error.h"-
#12846421	REDUCE cov: 839 ft: 2164 corp: 606/2135Kb lim: 65536 exec/s: 30586 rss: 1025Mb L: 22161/63714 MS: 4 PersAutoDict-ChangeASCIIInt-PersAutoDict-EraseBytes- DE: "\000\000\000\000"-"DHM - Calculation of the DHM secret failed"-
#12847667	REDUCE cov: 839 ft: 2164 corp: 606/2135Kb lim: 65536 exec/s: 30517 rss: 1025Mb L: 3271/63714 MS: 1 EraseBytes-
#12847901	REDUCE cov: 839 ft: 2164 corp: 606/2134Kb lim: 65536 exec/s: 30517 rss: 1025Mb L: 61108/63714 MS: 4 ChangeBinInt-ChangeASCIIInt-ManualDict-EraseBytes- DE: "DHM: G "-
#12848066	REDUCE cov: 839 ft: 2164 corp: 606/2133Kb lim: 65536 exec/s: 30517 rss: 1025Mb L: 6290/63714 MS: 5 ShuffleBytes-InsertRepeatedBytes-ChangeBit-CMP-EraseBytes- DE: "\001>"-
#12848090	REDUCE cov: 839 ft: 2164 corp: 606/2130Kb lim: 65536 exec/s: 30518 rss: 1025Mb L: 16110/63714 MS: 4 EraseBytes-CrossOver-ChangeASCIIInt-CopyPart-
#12848931	REDUCE cov: 839 ft: 2164 corp: 606/2130Kb lim: 65536 exec/s: 30520 rss: 1025Mb L: 23223/63714 MS: 1 EraseBytes-
#12848995	REDUCE cov: 839 ft: 2164 corp: 606/2129Kb lim: 65536 exec/s: 30520 rss: 1025Mb L: 8758/63714 MS: 4 ChangeASCIIInt-ChangeByte-ChangeASCIIInt-EraseBytes-
#12849342	REDUCE cov: 839 ft: 2164 corp: 606/2128Kb lim: 65536 exec/s: 30521 rss: 1025Mb L: 8213/63714 MS: 2 ChangeASCIIInt-EraseBytes-
#12850098	REDUCE cov: 839 ft: 2164 corp: 606/2128Kb lim: 65536 exec/s: 30522 rss: 1025Mb L: 295/63714 MS: 1 EraseBytes-
#12851829	REDUCE cov: 839 ft: 2164 corp: 606/2128Kb lim: 65536 exec/s: 30454 rss: 1025Mb L: 171/63714 MS: 1 EraseBytes-
#12852463	REDUCE cov: 839 ft: 2164 corp: 606/2128Kb lim: 65536 exec/s: 30456 rss: 1025Mb L: 7723/63714 MS: 4 CrossOver-ChangeByte-InsertByte-EraseBytes-
#12852695	REDUCE cov: 839 ft: 2164 corp: 606/2128Kb lim: 65536 exec/s: 30456 rss: 1025Mb L: 167/63714 MS: 2 ChangeASCIIInt-EraseBytes-
#12852933	REDUCE cov: 839 ft: 2164 corp: 606/2128Kb lim: 65536 exec/s: 30385 rss: 1025Mb L: 606/63714 MS: 3 InsertByte-ChangeBit-EraseBytes-
#12853331	REDUCE cov: 839 ft: 2164 corp: 606/2125Kb lim: 65536 exec/s: 30386 rss: 1025Mb L: 13410/63714 MS: 3 ChangeASCIIInt-ChangeASCIIInt-EraseBytes-
#12853358	REDUCE cov: 839 ft: 2164 corp: 606/2125Kb lim: 65536 exec/s: 30386 rss: 1025Mb L: 822/63714 MS: 2 ManualDict-EraseBytes- DE: "<= skip parse server key exchange"-
#12853430	REDUCE cov: 839 ft: 2164 corp: 606/2125Kb lim: 65536 exec/s: 30386 rss: 1025Mb L: 24486/63714 MS: 2 CopyPart-EraseBytes-
#12855244	REDUCE cov: 839 ft: 2164 corp: 606/2125Kb lim: 65536 exec/s: 30390 rss: 1025Mb L: 642/63714 MS: 4 ChangeByte-ManualDict-ManualDict-EraseBytes- DE: "found CID extension"-"CAMELLIA-192-GCM"-
#12856245	REDUCE cov: 839 ft: 2164 corp: 606/2125Kb lim: 65536 exec/s: 30321 rss: 1025Mb L: 60140/63714 MS: 1 EraseBytes-
#12856486	REDUCE cov: 839 ft: 2164 corp: 606/2125Kb lim: 65536 exec/s: 30321 rss: 1025Mb L: 307/63714 MS: 1 EraseBytes-
#12856609	REDUCE cov: 839 ft: 2164 corp: 606/2124Kb lim: 65536 exec/s: 30322 rss: 1025Mb L: 6866/63714 MS: 3 InsertRepeatedBytes-InsertByte-EraseBytes-
#12857586	REDUCE cov: 839 ft: 2164 corp: 606/2123Kb lim: 65536 exec/s: 30324 rss: 1025Mb L: 44123/63714 MS: 2 ShuffleBytes-EraseBytes-
#12858730	REDUCE cov: 839 ft: 2164 corp: 606/2123Kb lim: 65536 exec/s: 30255 rss: 1025Mb L: 6178/63714 MS: 4 EraseBytes-ManualDict-ChangeBit-CopyPart- DE: "( K_recv = handshake )"-
#12858993	REDUCE cov: 839 ft: 2164 corp: 606/2122Kb lim: 65536 exec/s: 30256 rss: 1025Mb L: 49303/63714 MS: 3 ChangeBit-ChangeBinInt-EraseBytes-
#12858994	REDUCE cov: 839 ft: 2164 corp: 606/2122Kb lim: 65536 exec/s: 30256 rss: 1025Mb L: 80/63714 MS: 1 EraseBytes-
#12859071	REDUCE cov: 839 ft: 2164 corp: 606/2122Kb lim: 65536 exec/s: 30256 rss: 1025Mb L: 570/63714 MS: 2 ChangeByte-EraseBytes-
#12859182	REDUCE cov: 839 ft: 2164 corp: 606/2121Kb lim: 65536 exec/s: 30256 rss: 1025Mb L: 8362/63714 MS: 1 EraseBytes-
#12860634	REDUCE cov: 839 ft: 2164 corp: 606/2121Kb lim: 65536 exec/s: 30260 rss: 1025Mb L: 293/63714 MS: 2 InsertByte-EraseBytes-
#12860674	REDUCE cov: 839 ft: 2164 corp: 606/2121Kb lim: 65536 exec/s: 30260 rss: 1025Mb L: 50150/63714 MS: 5 ManualDict-InsertRepeatedBytes-ChangeASCIIInt-ChangeByte-EraseBytes- DE: "bad server key exchange message"-
#12862015	REDUCE cov: 839 ft: 2164 corp: 606/2121Kb lim: 65536 exec/s: 30192 rss: 1025Mb L: 8076/63714 MS: 1 EraseBytes-
#12862041	REDUCE cov: 839 ft: 2164 corp: 606/2121Kb lim: 65536 exec/s: 30192 rss: 1025Mb L: 6114/63714 MS: 1 EraseBytes-
#12862443	REDUCE cov: 839 ft: 2164 corp: 606/2121Kb lim: 65536 exec/s: 30193 rss: 1025Mb L: 3055/63714 MS: 2 ChangeASCIIInt-EraseBytes-
#12863891	REDUCE cov: 839 ft: 2164 corp: 606/2120Kb lim: 65536 exec/s: 30126 rss: 1025Mb L: 12569/63714 MS: 3 ChangeASCIIInt-ChangeBit-EraseBytes-
#12864360	REDUCE cov: 839 ft: 2164 corp: 606/2120Kb lim: 65536 exec/s: 30127 rss: 1025Mb L: 35387/63714 MS: 4 ShuffleBytes-ChangeByte-CopyPart-EraseBytes-
#12865231	REDUCE cov: 839 ft: 2164 corp: 606/2119Kb lim: 65536 exec/s: 30129 rss: 1025Mb L: 10330/63714 MS: 1 EraseBytes-
#12865288	REDUCE cov: 839 ft: 2164 corp: 606/2118Kb lim: 65536 exec/s: 30129 rss: 1025Mb L: 23266/63714 MS: 2 ChangeByte-EraseBytes-
#12866079	REDUCE cov: 839 ft: 2164 corp: 606/2118Kb lim: 65536 exec/s: 30131 rss: 1025Mb L: 609/63714 MS: 1 EraseBytes-
#12866398	REDUCE cov: 839 ft: 2166 corp: 607/2141Kb lim: 65536 exec/s: 30061 rss: 1025Mb L: 23223/63714 MS: 4 ChangeByte-ChangeByte-ChangeASCIIInt-CopyPart-
#12866559	REDUCE cov: 839 ft: 2166 corp: 607/2135Kb lim: 65536 exec/s: 30062 rss: 1025Mb L: 17365/63714 MS: 1 EraseBytes-
#12866725	REDUCE cov: 839 ft: 2166 corp: 607/2135Kb lim: 65536 exec/s: 30062 rss: 1025Mb L: 581/63714 MS: 1 EraseBytes-
#12867302	REDUCE cov: 839 ft: 2166 corp: 607/2135Kb lim: 65536 exec/s: 30063 rss: 1025Mb L: 24688/63714 MS: 2 InsertByte-EraseBytes-
#12867306	REDUCE cov: 839 ft: 2166 corp: 607/2134Kb lim: 65536 exec/s: 30063 rss: 1025Mb L: 5440/63714 MS: 4 PersAutoDict-ChangeBinInt-CopyPart-EraseBytes- DE: "J\222\347\027"-
#12867447	REDUCE cov: 839 ft: 2166 corp: 607/2133Kb lim: 65536 exec/s: 30064 rss: 1025Mb L: 4908/63714 MS: 1 EraseBytes-
#12867776	REDUCE cov: 839 ft: 2166 corp: 607/2130Kb lim: 65536 exec/s: 30064 rss: 1025Mb L: 21748/63714 MS: 4 ShuffleBytes-ManualDict-CopyPart-EraseBytes- DE: "NewSessionTicket: disabled,"-
#12868132	REDUCE cov: 839 ft: 2166 corp: 607/2130Kb lim: 65536 exec/s: 30065 rss: 1025Mb L: 507/63714 MS: 1 EraseBytes-
#12868829	REDUCE cov: 839 ft: 2166 corp: 607/2129Kb lim: 65536 exec/s: 30067 rss: 1025Mb L: 15562/63714 MS: 2 InsertRepeatedBytes-EraseBytes-
#12868833	REDUCE cov: 839 ft: 2166 corp: 607/2128Kb lim: 65536 exec/s: 30067 rss: 1025Mb L: 15053/63714 MS: 4 PersAutoDict-ChangeByte-PersAutoDict-EraseBytes- DE: "DEK-Inko: DESo"-"ProtocolName"-
#12868844	REDUCE cov: 839 ft: 2166 corp: 607/2127Kb lim: 65536 exec/s: 30067 rss: 1025Mb L: 14234/63714 MS: 1 EraseBytes-
#12868940	REDUCE cov: 839 ft: 2167 corp: 608/2141Kb lim: 65536 exec/s: 30067 rss: 1025Mb L: 14234/63714 MS: 1 ManualDict- DE: "CIPHER - Input data contains invalid padding and is rejected"-
#12870086	REDUCE cov: 839 ft: 2167 corp: 608/2141Kb lim: 65536 exec/s: 30000 rss: 1025Mb L: 1577/63714 MS: 1 EraseBytes-
#12870337	REDUCE cov: 839 ft: 2167 corp: 608/2141Kb lim: 65536 exec/s: 30000 rss: 1025Mb L: 4460/63714 MS: 1 EraseBytes-
#12870409	REDUCE cov: 839 ft: 2167 corp: 608/2140Kb lim: 65536 exec/s: 30000 rss: 1025Mb L: 5568/63714 MS: 2 ChangeASCIIInt-EraseBytes-
#12870525	REDUCE cov: 839 ft: 2167 corp: 608/2140Kb lim: 65536 exec/s: 30001 rss: 1025Mb L: 8224/63714 MS: 1 EraseBytes-
#12871227	REDUCE cov: 839 ft: 2167 corp: 608/2137Kb lim: 65536 exec/s: 30002 rss: 1025Mb L: 10850/63714 MS: 2 InsertByte-EraseBytes-
#12871303	REDUCE cov: 839 ft: 2167 corp: 608/2135Kb lim: 65536 exec/s: 30003 rss: 1025Mb L: 43309/63714 MS: 1 EraseBytes-
#12871314	REDUCE cov: 839 ft: 2167 corp: 608/2135Kb lim: 65536 exec/s: 30003 rss: 1025Mb L: 29713/63714 MS: 1 EraseBytes-
#12871877	REDUCE cov: 839 ft: 2167 corp: 608/2135Kb lim: 65536 exec/s: 29934 rss: 1025Mb L: 27922/63714 MS: 3 InsertRepeatedBytes-InsertByte-EraseBytes-
#12872063	REDUCE cov: 839 ft: 2167 corp: 608/2135Kb lim: 65536 exec/s: 29935 rss: 1025Mb L: 564/63714 MS: 1 EraseBytes-
#12872274	REDUCE cov: 839 ft: 2167 corp: 608/2130Kb lim: 65536 exec/s: 29935 rss: 1025Mb L: 10033/63714 MS: 1 EraseBytes-
#12872381	REDUCE cov: 839 ft: 2167 corp: 608/2130Kb lim: 65536 exec/s: 29935 rss: 1025Mb L: 5311/63714 MS: 2 PersAutoDict-EraseBytes- DE: "ARIA-192-ECB"-
#12872685	REDUCE cov: 839 ft: 2167 corp: 608/2130Kb lim: 65536 exec/s: 29936 rss: 1025Mb L: 10657/63714 MS: 4 ChangeASCIIInt-ChangeASCIIInt-CrossOver-EraseBytes-
#12873167	REDUCE cov: 839 ft: 2167 corp: 608/2127Kb lim: 65536 exec/s: 29937 rss: 1025Mb L: 9858/63714 MS: 2 PersAutoDict-EraseBytes- DE: "C3DBA76456363A10869622EAC2DD84EC"-
#12873789	REDUCE cov: 839 ft: 2167 corp: 608/2127Kb lim: 65536 exec/s: 29939 rss: 1025Mb L: 7718/63714 MS: 2 ManualDict-EraseBytes- DE: "server has no certificate"-
#12873903	REDUCE cov: 839 ft: 2167 corp: 608/2125Kb lim: 65536 exec/s: 29939 rss: 1025Mb L: 26300/63714 MS: 4 ManualDict-CMP-ChangeByte-EraseBytes- DE: "OU"-"\377@"-
#12874059	REDUCE cov: 839 ft: 2167 corp: 608/2125Kb lim: 65536 exec/s: 29939 rss: 1025Mb L: 71/63714 MS: 1 EraseBytes-
#12874825	REDUCE cov: 839 ft: 2167 corp: 608/2125Kb lim: 65536 exec/s: 29871 rss: 1025Mb L: 10013/63714 MS: 1 EraseBytes-
#12875097	REDUCE cov: 839 ft: 2167 corp: 608/2125Kb lim: 65536 exec/s: 29872 rss: 1025Mb L: 7257/63714 MS: 2 ChangeBinInt-EraseBytes-
#12875339	REDUCE cov: 839 ft: 2167 corp: 608/2124Kb lim: 65536 exec/s: 29873 rss: 1025Mb L: 9207/63714 MS: 2 ChangeASCIIInt-EraseBytes-
#12876980	REDUCE cov: 839 ft: 2167 corp: 608/2124Kb lim: 65536 exec/s: 29876 rss: 1025Mb L: 367/63714 MS: 1 EraseBytes-
#12877193	REDUCE cov: 839 ft: 2167 corp: 608/2124Kb lim: 65536 exec/s: 29808 rss: 1025Mb L: 1747/63714 MS: 3 InsertByte-ShuffleBytes-EraseBytes-
#12877985	REDUCE cov: 839 ft: 2167 corp: 608/2123Kb lim: 65536 exec/s: 29810 rss: 1025Mb L: 184/63714 MS: 2 PersAutoDict-EraseBytes- DE: "ECDH: Q"-
#12878171	REDUCE cov: 839 ft: 2167 corp: 608/2123Kb lim: 65536 exec/s: 29810 rss: 1025Mb L: 4402/63714 MS: 1 EraseBytes-
#12879702	REDUCE cov: 839 ft: 2168 corp: 609/2141Kb lim: 65536 exec/s: 29814 rss: 1025Mb L: 17483/63714 MS: 1 CopyPart-
#12879703	REDUCE cov: 839 ft: 2168 corp: 609/2139Kb lim: 65536 exec/s: 29814 rss: 1025Mb L: 7560/63714 MS: 1 EraseBytes-
#12880194	REDUCE cov: 839 ft: 2168 corp: 609/2136Kb lim: 65536 exec/s: 29746 rss: 1025Mb L: 14040/63714 MS: 1 EraseBytes-
#12880537	REDUCE cov: 839 ft: 2168 corp: 609/2133Kb lim: 65536 exec/s: 29747 rss: 1025Mb L: 11700/63714 MS: 3 ChangeASCIIInt-InsertRepeatedBytes-EraseBytes-
#12880923	REDUCE cov: 839 ft: 2168 corp: 609/2133Kb lim: 65536 exec/s: 29748 rss: 1025Mb L: 1344/63714 MS: 1 EraseBytes-
#12881060	REDUCE cov: 839 ft: 2168 corp: 609/2132Kb lim: 65536 exec/s: 29748 rss: 1025Mb L: 10205/63714 MS: 2 CrossOver-EraseBytes-
#12881651	REDUCE cov: 839 ft: 2168 corp: 609/2132Kb lim: 65536 exec/s: 29749 rss: 1025Mb L: 1067/63714 MS: 1 EraseBytes-
#12881965	REDUCE cov: 839 ft: 2168 corp: 609/2131Kb lim: 65536 exec/s: 29750 rss: 1025Mb L: 3747/63714 MS: 4 CMP-ChangeBinInt-ShuffleBytes-EraseBytes- DE: "-----BEGIN CERTIFICATE-----"-
#12882103	REDUCE cov: 839 ft: 2168 corp: 609/2131Kb lim: 65536 exec/s: 29750 rss: 1025Mb L: 5533/63714 MS: 3 CMP-InsertByte-EraseBytes- DE: "U\035 "-
#12882696	REDUCE cov: 839 ft: 2168 corp: 609/2129Kb lim: 65536 exec/s: 29683 rss: 1025Mb L: 58103/63714 MS: 3 EraseBytes-ChangeByte-CopyPart-
#12883019	REDUCE cov: 839 ft: 2168 corp: 609/2129Kb lim: 65536 exec/s: 29684 rss: 1025Mb L: 540/63714 MS: 3 ChangeBinInt-ChangeBit-EraseBytes-
#12883389	REDUCE cov: 839 ft: 2170 corp: 610/2145Kb lim: 65536 exec/s: 29685 rss: 1025Mb L: 16922/63714 MS: 5 CopyPart-ChangeASCIIInt-ChangeASCIIInt-InsertByte-CopyPart-
#12884280	REDUCE cov: 839 ft: 2170 corp: 610/2145Kb lim: 65536 exec/s: 29687 rss: 1025Mb L: 911/63714 MS: 1 EraseBytes-
#12884323	REDUCE cov: 839 ft: 2170 corp: 610/2144Kb lim: 65536 exec/s: 29687 rss: 1025Mb L: 9032/63714 MS: 3 ManualDict-ChangeASCIIInt-EraseBytes- DE: "DHM - Read or write of file failed"-
#12884516	REDUCE cov: 839 ft: 2170 corp: 610/2143Kb lim: 65536 exec/s: 29687 rss: 1025Mb L: 6251/63714 MS: 3 CopyPart-PersAutoDict-EraseBytes- DE: "\017V\253["-
#12885018	REDUCE cov: 839 ft: 2170 corp: 610/2143Kb lim: 65536 exec/s: 29688 rss: 1025Mb L: 80/63714 MS: 2 CopyPart-EraseBytes-
#12885264	REDUCE cov: 839 ft: 2170 corp: 610/2143Kb lim: 65536 exec/s: 29689 rss: 1025Mb L: 10142/63714 MS: 1 EraseBytes-
#12885401	REDUCE cov: 839 ft: 2170 corp: 610/2143Kb lim: 65536 exec/s: 29689 rss: 1025Mb L: 155/63714 MS: 2 ChangeBinInt-EraseBytes-
#12887016	REDUCE cov: 839 ft: 2170 corp: 610/2142Kb lim: 65536 exec/s: 29625 rss: 1025Mb L: 6835/63714 MS: 5 CopyPart-ChangeByte-ChangeBit-ChangeBit-EraseBytes-
#12887155	REDUCE cov: 839 ft: 2170 corp: 610/2142Kb lim: 65536 exec/s: 29625 rss: 1025Mb L: 9501/63714 MS: 4 InsertRepeatedBytes-InsertRepeatedBytes-PersAutoDict-EraseBytes- DE: "\376\377\335\234"-
#12887183	NEW    cov: 839 ft: 2172 corp: 611/2168Kb lim: 65536 exec/s: 29625 rss: 1025Mb L: 26085/63714 MS: 3 PersAutoDict-ChangeByte-CopyPart- DE: "CAMELLIA-192-CBC"-
#12887780	REDUCE cov: 839 ft: 2173 corp: 612/2209Kb lim: 65536 exec/s: 29627 rss: 1025Mb L: 42517/63714 MS: 2 ChangeASCIIInt-CopyPart-
#12887817	REDUCE cov: 839 ft: 2173 corp: 612/2207Kb lim: 65536 exec/s: 29627 rss: 1025Mb L: 7656/63714 MS: 2 CrossOver-EraseBytes-
#12887875	REDUCE cov: 839 ft: 2173 corp: 612/2204Kb lim: 65536 exec/s: 29627 rss: 1025Mb L: 13973/63714 MS: 3 EraseBytes-InsertRepeatedBytes-CopyPart-
#12888426	REDUCE cov: 839 ft: 2173 corp: 612/2203Kb lim: 65536 exec/s: 29560 rss: 1025Mb L: 6727/63714 MS: 1 EraseBytes-
#12888507	REDUCE cov: 839 ft: 2173 corp: 612/2201Kb lim: 65536 exec/s: 29560 rss: 1025Mb L: 4451/63714 MS: 1 CrossOver-
#12888839	REDUCE cov: 839 ft: 2173 corp: 612/2201Kb lim: 65536 exec/s: 29561 rss: 1025Mb L: 536/63714 MS: 2 ChangeBit-EraseBytes-
#12888840	REDUCE cov: 839 ft: 2173 corp: 612/2200Kb lim: 65536 exec/s: 29561 rss: 1025Mb L: 2507/63714 MS: 1 EraseBytes-
#12889501	REDUCE cov: 839 ft: 2173 corp: 612/2200Kb lim: 65536 exec/s: 29563 rss: 1025Mb L: 5027/63714 MS: 1 EraseBytes-
#12889703	REDUCE cov: 839 ft: 2173 corp: 612/2200Kb lim: 65536 exec/s: 29563 rss: 1025Mb L: 4006/63714 MS: 2 InsertRepeatedBytes-EraseBytes-
#12890384	REDUCE cov: 839 ft: 2173 corp: 612/2198Kb lim: 65536 exec/s: 29565 rss: 1025Mb L: 12203/63714 MS: 1 EraseBytes-
#12890965	REDUCE cov: 839 ft: 2173 corp: 612/2198Kb lim: 65536 exec/s: 29498 rss: 1025Mb L: 4986/63714 MS: 1 EraseBytes-
#12891036	REDUCE cov: 839 ft: 2173 corp: 612/2198Kb lim: 65536 exec/s: 29498 rss: 1025Mb L: 1011/63714 MS: 1 EraseBytes-
#12891960	REDUCE cov: 839 ft: 2173 corp: 612/2196Kb lim: 65536 exec/s: 29501 rss: 1025Mb L: 56741/63714 MS: 4 PersAutoDict-ChangeASCIIInt-ChangeASCIIInt-EraseBytes- DE: "( K_recv = handshake )"-
#12892057	REDUCE cov: 839 ft: 2173 corp: 612/2196Kb lim: 65536 exec/s: 29501 rss: 1025Mb L: 538/63714 MS: 2 ChangeBit-EraseBytes-
#12892376	REDUCE cov: 839 ft: 2173 corp: 612/2196Kb lim: 65536 exec/s: 29502 rss: 1025Mb L: 1025/63714 MS: 4 ManualDict-ChangeASCIIInt-PersAutoDict-EraseBytes- DE: "mbedtls/asn1.h"-"\\\357fH"-
#12892547	REDUCE cov: 839 ft: 2173 corp: 612/2196Kb lim: 65536 exec/s: 29502 rss: 1025Mb L: 8931/63714 MS: 1 EraseBytes-
#12892691	REDUCE cov: 839 ft: 2173 corp: 612/2178Kb lim: 65536 exec/s: 29502 rss: 1025Mb L: 27463/63714 MS: 4 EraseBytes-InsertByte-InsertRepeatedBytes-CrossOver-
#12892951	REDUCE cov: 839 ft: 2173 corp: 612/2172Kb lim: 65536 exec/s: 29503 rss: 1025Mb L: 20513/63714 MS: 5 ChangeASCIIInt-ShuffleBytes-CopyPart-ManualDict-EraseBytes- DE: "RIPEMD160"-
#12893119	REDUCE cov: 839 ft: 2173 corp: 612/2172Kb lim: 65536 exec/s: 29503 rss: 1025Mb L: 271/63714 MS: 3 InsertByte-ShuffleBytes-EraseBytes-
#12893121	REDUCE cov: 839 ft: 2173 corp: 612/2172Kb lim: 65536 exec/s: 29503 rss: 1025Mb L: 1014/63714 MS: 2 ManualDict-EraseBytes- DE: "  MPI test #2 (div_mpi): "-
#12893537	REDUCE cov: 839 ft: 2173 corp: 612/2172Kb lim: 65536 exec/s: 29437 rss: 1025Mb L: 402/63714 MS: 1 EraseBytes-
#12893608	REDUCE cov: 839 ft: 2173 corp: 612/2172Kb lim: 65536 exec/s: 29437 rss: 1025Mb L: 9413/63714 MS: 1 EraseBytes-
#12893846	REDUCE cov: 839 ft: 2173 corp: 612/2172Kb lim: 65536 exec/s: 29438 rss: 1025Mb L: 42274/63714 MS: 3 ChangeBinInt-ChangeBit-EraseBytes-
#12893917	REDUCE cov: 839 ft: 2173 corp: 612/2172Kb lim: 65536 exec/s: 29438 rss: 1025Mb L: 591/63714 MS: 1 EraseBytes-
#12894029	REDUCE cov: 839 ft: 2173 corp: 612/2169Kb lim: 65536 exec/s: 29438 rss: 1025Mb L: 39303/63714 MS: 2 InsertByte-EraseBytes-
#12894251	REDUCE cov: 839 ft: 2173 corp: 612/2169Kb lim: 65536 exec/s: 29438 rss: 1025Mb L: 3582/63714 MS: 2 InsertByte-EraseBytes-
#12894857	REDUCE cov: 839 ft: 2173 corp: 612/2168Kb lim: 65536 exec/s: 29440 rss: 1025Mb L: 7678/63714 MS: 1 EraseBytes-
#12895319	REDUCE cov: 839 ft: 2175 corp: 613/2168Kb lim: 65536 exec/s: 29441 rss: 1025Mb L: 180/63714 MS: 2 ShuffleBytes-CopyPart-
#12895570	REDUCE cov: 839 ft: 2175 corp: 613/2168Kb lim: 65536 exec/s: 29441 rss: 1025Mb L: 144/63714 MS: 1 EraseBytes-
#12895701	REDUCE cov: 839 ft: 2175 corp: 613/2167Kb lim: 65536 exec/s: 29442 rss: 1025Mb L: 3981/63714 MS: 1 EraseBytes-
#12896164	REDUCE cov: 839 ft: 2175 corp: 613/2166Kb lim: 65536 exec/s: 29376 rss: 1025Mb L: 5916/63714 MS: 3 PersAutoDict-ChangeByte-EraseBytes- DE: "renegotiation_info extension missing (secure)"-
#12896435	REDUCE cov: 839 ft: 2175 corp: 613/2166Kb lim: 65536 exec/s: 29376 rss: 1025Mb L: 13572/63714 MS: 1 EraseBytes-
#12896855	REDUCE cov: 839 ft: 2175 corp: 613/2165Kb lim: 65536 exec/s: 29377 rss: 1025Mb L: 3136/63714 MS: 5 ChangeByte-PersAutoDict-ShuffleBytes-ManualDict-EraseBytes- DE: "\377\377\377\377\377\377\377\022"-"psa/crypto_values.h"-
#12896969	REDUCE cov: 839 ft: 2175 corp: 613/2165Kb lim: 65536 exec/s: 29378 rss: 1025Mb L: 23203/63714 MS: 4 InsertRepeatedBytes-CMP-ManualDict-EraseBytes- DE: "-----BEGIN CERTIFICATE-----"-"mbedtls/entropy.h"-
#12897105	REDUCE cov: 839 ft: 2177 corp: 614/2201Kb lim: 65536 exec/s: 29378 rss: 1025Mb L: 37154/63714 MS: 1 CopyPart-
#12898562	REDUCE cov: 839 ft: 2177 corp: 614/2201Kb lim: 65536 exec/s: 29314 rss: 1025Mb L: 5294/63714 MS: 2 ChangeBit-EraseBytes-
#12898586	REDUCE cov: 839 ft: 2177 corp: 614/2200Kb lim: 65536 exec/s: 29314 rss: 1025Mb L: 22293/63714 MS: 4 ChangeBinInt-ShuffleBytes-ChangeASCIIInt-EraseBytes-
#12898637	REDUCE cov: 839 ft: 2177 corp: 614/2198Kb lim: 65536 exec/s: 29315 rss: 1025Mb L: 3305/63714 MS: 1 EraseBytes-
#12899666	REDUCE cov: 839 ft: 2177 corp: 614/2197Kb lim: 65536 exec/s: 29317 rss: 1025Mb L: 7092/63714 MS: 4 ChangeByte-EraseBytes-ShuffleBytes-CopyPart-
#12899859	REDUCE cov: 839 ft: 2177 corp: 614/2194Kb lim: 65536 exec/s: 29317 rss: 1025Mb L: 53903/63714 MS: 3 InsertRepeatedBytes-ChangeASCIIInt-EraseBytes-
#12900026	REDUCE cov: 839 ft: 2177 corp: 614/2194Kb lim: 65536 exec/s: 29318 rss: 1025Mb L: 12172/63714 MS: 2 ChangeByte-EraseBytes-
#12900190	REDUCE cov: 839 ft: 2177 corp: 614/2194Kb lim: 65536 exec/s: 29318 rss: 1025Mb L: 25984/63714 MS: 4 CrossOver-ChangeBinInt-InsertByte-EraseBytes-
#12900902	REDUCE cov: 839 ft: 2177 corp: 614/2194Kb lim: 65536 exec/s: 29253 rss: 1025Mb L: 13657/63714 MS: 2 ChangeByte-EraseBytes-
#12900924	REDUCE cov: 839 ft: 2177 corp: 614/2194Kb lim: 65536 exec/s: 29253 rss: 1025Mb L: 11880/63714 MS: 2 ChangeByte-EraseBytes-
#12901275	REDUCE cov: 839 ft: 2177 corp: 614/2193Kb lim: 65536 exec/s: 29254 rss: 1025Mb L: 4458/63714 MS: 1 EraseBytes-
#12901561	REDUCE cov: 839 ft: 2177 corp: 614/2192Kb lim: 65536 exec/s: 29255 rss: 1025Mb L: 19687/63714 MS: 1 EraseBytes-
#12901817	REDUCE cov: 839 ft: 2177 corp: 614/2192Kb lim: 65536 exec/s: 29255 rss: 1025Mb L: 110/63714 MS: 1 EraseBytes-
#12902263	REDUCE cov: 839 ft: 2177 corp: 614/2192Kb lim: 65536 exec/s: 29256 rss: 1025Mb L: 424/63714 MS: 1 EraseBytes-
#12903069	REDUCE cov: 839 ft: 2177 corp: 614/2191Kb lim: 65536 exec/s: 29258 rss: 1025Mb L: 28760/63714 MS: 1 EraseBytes-
#12905705	REDUCE cov: 839 ft: 2177 corp: 614/2191Kb lim: 65536 exec/s: 29198 rss: 1025Mb L: 3558/63714 MS: 1 EraseBytes-
#12908189	REDUCE cov: 839 ft: 2177 corp: 614/2191Kb lim: 65536 exec/s: 29138 rss: 1025Mb L: 549/63714 MS: 4 ChangeASCIIInt-ChangeBit-PersAutoDict-EraseBytes- DE: "OU"-
#12908242	REDUCE cov: 839 ft: 2177 corp: 614/2191Kb lim: 65536 exec/s: 29138 rss: 1025Mb L: 3798/63714 MS: 3 InsertRepeatedBytes-ShuffleBytes-EraseBytes-
#12908266	REDUCE cov: 839 ft: 2177 corp: 614/2190Kb lim: 65536 exec/s: 29138 rss: 1025Mb L: 10913/63714 MS: 4 CMP-ManualDict-CMP-EraseBytes- DE: "\205$\014+"-"CIPHER - Failed to allocate memory"-"<\000\000\000\000\000\000\000"-
#12908732	REDUCE cov: 839 ft: 2177 corp: 614/2189Kb lim: 65536 exec/s: 29139 rss: 1025Mb L: 11683/63714 MS: 1 EraseBytes-
#12908963	REDUCE cov: 839 ft: 2177 corp: 614/2189Kb lim: 65536 exec/s: 29074 rss: 1025Mb L: 516/63714 MS: 1 EraseBytes-
#12909104	REDUCE cov: 839 ft: 2177 corp: 614/2189Kb lim: 65536 exec/s: 29074 rss: 1025Mb L: 19479/63714 MS: 1 EraseBytes-
#12909112	REDUCE cov: 839 ft: 2177 corp: 614/2189Kb lim: 65536 exec/s: 29074 rss: 1025Mb L: 510/63714 MS: 3 ChangeBit-InsertByte-EraseBytes-
#12909204	REDUCE cov: 839 ft: 2177 corp: 614/2189Kb lim: 65536 exec/s: 29074 rss: 1025Mb L: 5261/63714 MS: 2 ChangeBit-EraseBytes-
#12909490	REDUCE cov: 839 ft: 2177 corp: 614/2188Kb lim: 65536 exec/s: 29075 rss: 1025Mb L: 19217/63714 MS: 1 EraseBytes-
#12909864	REDUCE cov: 839 ft: 2177 corp: 614/2188Kb lim: 65536 exec/s: 29076 rss: 1025Mb L: 2691/63714 MS: 4 ShuffleBytes-ChangeASCIIInt-InsertByte-EraseBytes-
#12909923	REDUCE cov: 839 ft: 2177 corp: 614/2188Kb lim: 65536 exec/s: 29076 rss: 1025Mb L: 2538/63714 MS: 4 ChangeBinInt-PersAutoDict-ChangeASCIIInt-EraseBytes- DE: "L\020\224P"-
#12910009	REDUCE cov: 839 ft: 2177 corp: 614/2187Kb lim: 65536 exec/s: 29076 rss: 1025Mb L: 10222/63714 MS: 1 EraseBytes-
#12910136	REDUCE cov: 839 ft: 2177 corp: 614/2187Kb lim: 65536 exec/s: 29076 rss: 1025Mb L: 288/63714 MS: 2 CMP-EraseBytes- DE: "DEK-Info: D--END C"-
#12910595	REDUCE cov: 839 ft: 2177 corp: 614/2187Kb lim: 65536 exec/s: 29077 rss: 1025Mb L: 3171/63714 MS: 4 ChangeBinInt-ChangeBit-InsertByte-EraseBytes-
#12910673	REDUCE cov: 839 ft: 2177 corp: 614/2187Kb lim: 65536 exec/s: 29078 rss: 1025Mb L: 9332/63714 MS: 3 InsertByte-CopyPart-EraseBytes-
#12910930	REDUCE cov: 839 ft: 2177 corp: 614/2187Kb lim: 65536 exec/s: 29078 rss: 1025Mb L: 931/63714 MS: 2 ChangeBit-EraseBytes-
#12911379	REDUCE cov: 839 ft: 2177 corp: 614/2185Kb lim: 65536 exec/s: 29014 rss: 1025Mb L: 17552/63714 MS: 4 ChangeBinInt-EraseBytes-CopyPart-CopyPart-
#12912143	REDUCE cov: 839 ft: 2177 corp: 614/2185Kb lim: 65536 exec/s: 29016 rss: 1025Mb L: 529/63714 MS: 4 ChangeBit-ChangeBit-ShuffleBytes-EraseBytes-
#12913170	REDUCE cov: 839 ft: 2177 corp: 614/2185Kb lim: 65536 exec/s: 29018 rss: 1025Mb L: 851/63714 MS: 2 ChangeBinInt-EraseBytes-
#12913601	REDUCE cov: 839 ft: 2177 corp: 614/2185Kb lim: 65536 exec/s: 29019 rss: 1025Mb L: 37088/63714 MS: 1 EraseBytes-
#12913617	REDUCE cov: 839 ft: 2177 corp: 614/2185Kb lim: 65536 exec/s: 29019 rss: 1025Mb L: 403/63714 MS: 1 EraseBytes-
#12914108	REDUCE cov: 839 ft: 2177 corp: 614/2183Kb lim: 65536 exec/s: 29020 rss: 1025Mb L: 25773/63714 MS: 1 EraseBytes-
#12914429	REDUCE cov: 839 ft: 2177 corp: 614/2183Kb lim: 65536 exec/s: 28956 rss: 1025Mb L: 101/63714 MS: 1 EraseBytes-
#12914728	REDUCE cov: 839 ft: 2177 corp: 614/2183Kb lim: 65536 exec/s: 28956 rss: 1025Mb L: 6646/63714 MS: 4 CMP-ChangeByte-ShuffleBytes-EraseBytes- DE: "Proc-Type: 4,ENCRYPTED"-
#12915144	REDUCE cov: 839 ft: 2177 corp: 614/2182Kb lim: 65536 exec/s: 28957 rss: 1025Mb L: 1947/63714 MS: 1 EraseBytes-
#12915691	REDUCE cov: 839 ft: 2177 corp: 614/2182Kb lim: 65536 exec/s: 28958 rss: 1025Mb L: 133/63714 MS: 2 ChangeByte-EraseBytes-
#12915728	REDUCE cov: 839 ft: 2177 corp: 614/2182Kb lim: 65536 exec/s: 28959 rss: 1025Mb L: 3201/63714 MS: 2 ManualDict-EraseBytes- DE: "SHA512"-
#12915785	REDUCE cov: 839 ft: 2177 corp: 614/2181Kb lim: 65536 exec/s: 28959 rss: 1025Mb L: 54771/63714 MS: 2 CopyPart-EraseBytes-
#12915931	REDUCE cov: 839 ft: 2177 corp: 614/2181Kb lim: 65536 exec/s: 28959 rss: 1025Mb L: 1866/63714 MS: 1 EraseBytes-
#12916047	REDUCE cov: 839 ft: 2177 corp: 614/2181Kb lim: 65536 exec/s: 28959 rss: 1025Mb L: 2008/63714 MS: 1 EraseBytes-
#12916118	REDUCE cov: 839 ft: 2177 corp: 614/2181Kb lim: 65536 exec/s: 28959 rss: 1025Mb L: 980/63714 MS: 1 EraseBytes-
#12916869	REDUCE cov: 839 ft: 2177 corp: 614/2181Kb lim: 65536 exec/s: 28896 rss: 1025Mb L: 9218/63714 MS: 1 EraseBytes-
#12917456	REDUCE cov: 839 ft: 2177 corp: 614/2180Kb lim: 65536 exec/s: 28898 rss: 1025Mb L: 16688/63714 MS: 2 ChangeASCIIInt-EraseBytes-
#12917639	REDUCE cov: 839 ft: 2177 corp: 614/2176Kb lim: 65536 exec/s: 28898 rss: 1025Mb L: 21597/63714 MS: 3 PersAutoDict-ChangeBit-EraseBytes- DE: "mbedtls/chacha20.h"-
#12918260	REDUCE cov: 839 ft: 2177 corp: 614/2176Kb lim: 65536 exec/s: 28899 rss: 1025Mb L: 175/63714 MS: 1 EraseBytes-
#12919247	REDUCE cov: 839 ft: 2177 corp: 614/2176Kb lim: 65536 exec/s: 28902 rss: 1025Mb L: 2507/63714 MS: 2 ChangeByte-EraseBytes-
#12919309	REDUCE cov: 839 ft: 2177 corp: 614/2175Kb lim: 65536 exec/s: 28837 rss: 1025Mb L: 3556/63714 MS: 2 ShuffleBytes-EraseBytes-
#12919346	REDUCE cov: 839 ft: 2177 corp: 614/2175Kb lim: 65536 exec/s: 28837 rss: 1025Mb L: 3006/63714 MS: 2 ShuffleBytes-EraseBytes-
#12920862	REDUCE cov: 839 ft: 2177 corp: 614/2175Kb lim: 65536 exec/s: 28841 rss: 1025Mb L: 53599/63714 MS: 1 EraseBytes-
#12922055	REDUCE cov: 839 ft: 2177 corp: 614/2174Kb lim: 65536 exec/s: 28779 rss: 1025Mb L: 20741/63714 MS: 3 ShuffleBytes-PersAutoDict-EraseBytes- DE: "SHA256"-
#12922116	REDUCE cov: 839 ft: 2177 corp: 614/2174Kb lim: 65536 exec/s: 28779 rss: 1025Mb L: 525/63714 MS: 1 EraseBytes-
#12922710	REDUCE cov: 839 ft: 2177 corp: 614/2174Kb lim: 65536 exec/s: 28781 rss: 1025Mb L: 3173/63714 MS: 4 ChangeBinInt-ManualDict-ShuffleBytes-EraseBytes- DE: "UNKNOWN ERROR CODE (%04X)"-
#12923913	REDUCE cov: 839 ft: 2177 corp: 614/2172Kb lim: 65536 exec/s: 28783 rss: 1025Mb L: 38093/63714 MS: 3 ChangeByte-ChangeByte-EraseBytes-
#12924382	REDUCE cov: 839 ft: 2177 corp: 614/2172Kb lim: 65536 exec/s: 28784 rss: 1025Mb L: 5829/63714 MS: 4 ChangeByte-CrossOver-EraseBytes-CopyPart-
#12924533	REDUCE cov: 839 ft: 2177 corp: 614/2172Kb lim: 65536 exec/s: 28785 rss: 1025Mb L: 11349/63714 MS: 1 EraseBytes-
#12925217	REDUCE cov: 839 ft: 2177 corp: 614/2172Kb lim: 65536 exec/s: 28722 rss: 1025Mb L: 379/63714 MS: 4 ShuffleBytes-ShuffleBytes-CMP-EraseBytes- DE: "-----END CERTIFICATE-----"-
#12925392	REDUCE cov: 839 ft: 2177 corp: 614/2170Kb lim: 65536 exec/s: 28723 rss: 1025Mb L: 52755/63714 MS: 5 ChangeBit-PersAutoDict-InsertRepeatedBytes-CopyPart-EraseBytes- DE: "AES-128-CCM"-
#12926653	REDUCE cov: 839 ft: 2177 corp: 614/2168Kb lim: 65536 exec/s: 28725 rss: 1025Mb L: 3666/63714 MS: 1 EraseBytes-
#12926809	REDUCE cov: 839 ft: 2178 corp: 615/2173Kb lim: 65536 exec/s: 28726 rss: 1025Mb L: 4560/63714 MS: 1 CopyPart-
#12927260	REDUCE cov: 839 ft: 2178 corp: 615/2173Kb lim: 65536 exec/s: 28663 rss: 1025Mb L: 43261/63714 MS: 1 EraseBytes-
#12927772	REDUCE cov: 839 ft: 2178 corp: 615/2173Kb lim: 65536 exec/s: 28664 rss: 1025Mb L: 655/63714 MS: 2 EraseBytes-CopyPart-
#12928238	REDUCE cov: 839 ft: 2178 corp: 615/2173Kb lim: 65536 exec/s: 28665 rss: 1025Mb L: 267/63714 MS: 1 EraseBytes-
#12929204	REDUCE cov: 839 ft: 2178 corp: 615/2173Kb lim: 65536 exec/s: 28667 rss: 1025Mb L: 61/63714 MS: 1 EraseBytes-
#12929750	REDUCE cov: 839 ft: 2178 corp: 615/2172Kb lim: 65536 exec/s: 28669 rss: 1025Mb L: 25784/63714 MS: 1 EraseBytes-
#12930518	REDUCE cov: 839 ft: 2178 corp: 615/2172Kb lim: 65536 exec/s: 28607 rss: 1025Mb L: 5352/63714 MS: 3 CMP-CMP-EraseBytes- DE: "-----END CERTIFICAT\373E-"-":\000"-
#12930881	REDUCE cov: 839 ft: 2178 corp: 615/2171Kb lim: 65536 exec/s: 28608 rss: 1025Mb L: 2455/63714 MS: 3 CrossOver-ShuffleBytes-EraseBytes-
#12931173	REDUCE cov: 839 ft: 2178 corp: 615/2171Kb lim: 65536 exec/s: 28608 rss: 1025Mb L: 588/63714 MS: 2 ChangeBit-EraseBytes-
#12931824	REDUCE cov: 839 ft: 2178 corp: 615/2170Kb lim: 65536 exec/s: 28610 rss: 1025Mb L: 9803/63714 MS: 1 EraseBytes-
#12932417	REDUCE cov: 839 ft: 2179 corp: 616/2224Kb lim: 65536 exec/s: 28548 rss: 1025Mb L: 56079/63714 MS: 3 InsertByte-CopyPart-CopyPart-
#12932658	REDUCE cov: 839 ft: 2179 corp: 616/2222Kb lim: 65536 exec/s: 28548 rss: 1025Mb L: 23480/63714 MS: 1 EraseBytes-
#12933498	REDUCE cov: 839 ft: 2179 corp: 616/2222Kb lim: 65536 exec/s: 28550 rss: 1025Mb L: 2444/63714 MS: 5 EraseBytes-ChangeByte-PersAutoDict-ManualDict-CopyPart- DE: "mbedtls/ecdsa.h"-"ABCDEFGHIJKLMNOPQRSTUVWXYZabcdefghijklmnopqrstuvwxyz0123456789"-
#12933684	NEW    cov: 839 ft: 2180 corp: 617/2285Kb lim: 65536 exec/s: 28551 rss: 1025Mb L: 64304/64304 MS: 1 CopyPart-
#12933860	REDUCE cov: 839 ft: 2180 corp: 617/2284Kb lim: 65536 exec/s: 28551 rss: 1025Mb L: 63526/63714 MS: 1 EraseBytes-
#12934118	REDUCE cov: 839 ft: 2180 corp: 617/2284Kb lim: 65536 exec/s: 28489 rss: 1025Mb L: 1088/63714 MS: 3 ChangeASCIIInt-ChangeASCIIInt-EraseBytes-
#12934642	REDUCE cov: 839 ft: 2180 corp: 617/2284Kb lim: 65536 exec/s: 28490 rss: 1025Mb L: 470/63714 MS: 4 ShuffleBytes-ManualDict-ShuffleBytes-EraseBytes- DE: "mbedtls/md5.h"-
#12934954	REDUCE cov: 839 ft: 2180 corp: 617/2283Kb lim: 65536 exec/s: 28491 rss: 1025Mb L: 2969/63714 MS: 2 InsertRepeatedBytes-EraseBytes-
#12934965	REDUCE cov: 839 ft: 2180 corp: 617/2282Kb lim: 65536 exec/s: 28491 rss: 1025Mb L: 8268/63714 MS: 1 EraseBytes-
#12935347	REDUCE cov: 839 ft: 2180 corp: 617/2282Kb lim: 65536 exec/s: 28491 rss: 1025Mb L: 26516/63714 MS: 2 ChangeBit-EraseBytes-
#12935388	REDUCE cov: 839 ft: 2180 corp: 617/2281Kb lim: 65536 exec/s: 28492 rss: 1025Mb L: 36460/63714 MS: 1 EraseBytes-
#12935534	REDUCE cov: 839 ft: 2180 corp: 617/2281Kb lim: 65536 exec/s: 28492 rss: 1025Mb L: 6255/63714 MS: 1 EraseBytes-
#12936377	REDUCE cov: 839 ft: 2180 corp: 617/2280Kb lim: 65536 exec/s: 28431 rss: 1025Mb L: 1936/63714 MS: 3 ChangeByte-ChangeASCIIInt-EraseBytes-
#12937755	REDUCE cov: 839 ft: 2180 corp: 617/2279Kb lim: 65536 exec/s: 28372 rss: 1025Mb L: 16035/63714 MS: 3 ChangeBit-ChangeBinInt-EraseBytes-
#12938269	REDUCE cov: 839 ft: 2180 corp: 617/2279Kb lim: 65536 exec/s: 28373 rss: 1025Mb L: 1845/63714 MS: 4 ShuffleBytes-ChangeByte-CMP-EraseBytes- DE: "-----BEGIN CERTIFICATE-----"-
#12938355	REDUCE cov: 839 ft: 2180 corp: 617/2277Kb lim: 65536 exec/s: 28373 rss: 1025Mb L: 51608/63714 MS: 1 EraseBytes-
#12940001	REDUCE cov: 839 ft: 2180 corp: 617/2276Kb lim: 65536 exec/s: 28315 rss: 1025Mb L: 1774/63714 MS: 1 EraseBytes-
#12940467	REDUCE cov: 839 ft: 2180 corp: 617/2276Kb lim: 65536 exec/s: 28316 rss: 1025Mb L: 874/63714 MS: 1 EraseBytes-
#12940757	REDUCE cov: 839 ft: 2180 corp: 617/2275Kb lim: 65536 exec/s: 28316 rss: 1025Mb L: 41784/63714 MS: 5 ChangeByte-InsertByte-ManualDict-ManualDict-EraseBytes- DE: "AES-128-CCM*-NO-TAG"-"AES-128-CFB128"-
#12941053	REDUCE cov: 839 ft: 2180 corp: 617/2275Kb lim: 65536 exec/s: 28317 rss: 1025Mb L: 443/63714 MS: 1 EraseBytes-
#12941889	REDUCE cov: 839 ft: 2180 corp: 617/2274Kb lim: 65536 exec/s: 28257 rss: 1025Mb L: 2716/63714 MS: 1 EraseBytes-
#12942335	REDUCE cov: 839 ft: 2180 corp: 617/2274Kb lim: 65536 exec/s: 28258 rss: 1025Mb L: 446/63714 MS: 1 EraseBytes-
#12942852	REDUCE cov: 839 ft: 2180 corp: 617/2274Kb lim: 65536 exec/s: 28259 rss: 1025Mb L: 22896/63714 MS: 2 ShuffleBytes-EraseBytes-
#12943558	REDUCE cov: 839 ft: 2180 corp: 617/2274Kb lim: 65536 exec/s: 28199 rss: 1025Mb L: 8254/63714 MS: 1 EraseBytes-
#12943619	REDUCE cov: 839 ft: 2180 corp: 617/2274Kb lim: 65536 exec/s: 28199 rss: 1025Mb L: 510/63714 MS: 1 EraseBytes-
#12944284	REDUCE cov: 839 ft: 2180 corp: 617/2274Kb lim: 65536 exec/s: 28201 rss: 1025Mb L: 3448/63714 MS: 5 ChangeBit-InsertByte-PersAutoDict-CopyPart-EraseBytes- DE: "U\035\017"-
#12944787	REDUCE cov: 839 ft: 2180 corp: 617/2274Kb lim: 65536 exec/s: 28202 rss: 1025Mb L: 1605/63714 MS: 3 ChangeASCIIInt-ChangeByte-EraseBytes-
#12945043	REDUCE cov: 839 ft: 2180 corp: 617/2274Kb lim: 65536 exec/s: 28141 rss: 1025Mb L: 1750/63714 MS: 1 EraseBytes-
#12945380	REDUCE cov: 839 ft: 2180 corp: 617/2274Kb lim: 65536 exec/s: 28142 rss: 1025Mb L: 7344/63714 MS: 2 ChangeASCIIInt-EraseBytes-
#12945831	REDUCE cov: 839 ft: 2180 corp: 617/2273Kb lim: 65536 exec/s: 28143 rss: 1025Mb L: 1410/63714 MS: 1 EraseBytes-
#12946899	REDUCE cov: 839 ft: 2180 corp: 617/2273Kb lim: 65536 exec/s: 28084 rss: 1025Mb L: 2005/63714 MS: 3 EraseBytes-ChangeBit-CrossOver-
#12947685	REDUCE cov: 839 ft: 2180 corp: 617/2273Kb lim: 65536 exec/s: 28086 rss: 1025Mb L: 92/63714 MS: 1 EraseBytes-
#12947959	REDUCE cov: 839 ft: 2180 corp: 617/2271Kb lim: 65536 exec/s: 28086 rss: 1025Mb L: 47026/63714 MS: 4 CopyPart-InsertRepeatedBytes-ManualDict-EraseBytes- DE: "mbedtls/pk.h"-
#12948951	REDUCE cov: 839 ft: 2180 corp: 617/2271Kb lim: 65536 exec/s: 28028 rss: 1025Mb L: 5396/63714 MS: 2 CopyPart-EraseBytes-
#12949083	REDUCE cov: 839 ft: 2180 corp: 617/2269Kb lim: 65536 exec/s: 28028 rss: 1025Mb L: 42860/63714 MS: 2 InsertRepeatedBytes-EraseBytes-
#12949743	REDUCE cov: 839 ft: 2180 corp: 617/2268Kb lim: 65536 exec/s: 28029 rss: 1025Mb L: 6760/63714 MS: 5 ChangeBit-ChangeByte-CopyPart-CrossOver-EraseBytes-
#12950583	REDUCE cov: 839 ft: 2180 corp: 617/2268Kb lim: 65536 exec/s: 27971 rss: 1025Mb L: 3544/63714 MS: 5 InsertByte-InsertByte-ShuffleBytes-ChangeBit-EraseBytes-
#12950640	REDUCE cov: 839 ft: 2180 corp: 617/2268Kb lim: 65536 exec/s: 27971 rss: 1025Mb L: 23120/63714 MS: 2 ChangeASCIIInt-EraseBytes-
#12950817	REDUCE cov: 839 ft: 2180 corp: 617/2267Kb lim: 65536 exec/s: 27971 rss: 1025Mb L: 35546/63714 MS: 2 ShuffleBytes-EraseBytes-
#12951445	REDUCE cov: 839 ft: 2180 corp: 617/2267Kb lim: 65536 exec/s: 27972 rss: 1025Mb L: 1380/63714 MS: 3 ChangeBit-ManualDict-EraseBytes- DE: "ECDH: z"-
#12952188	REDUCE cov: 839 ft: 2180 corp: 617/2267Kb lim: 65536 exec/s: 27914 rss: 1025Mb L: 1989/63714 MS: 3 ChangeByte-ChangeASCIIInt-EraseBytes-
#12952974	REDUCE cov: 839 ft: 2180 corp: 617/2266Kb lim: 65536 exec/s: 27915 rss: 1025Mb L: 22469/63714 MS: 1 EraseBytes-
#12953013	REDUCE cov: 839 ft: 2180 corp: 617/2266Kb lim: 65536 exec/s: 27915 rss: 1025Mb L: 5384/63714 MS: 4 PersAutoDict-PersAutoDict-ChangeASCIIInt-EraseBytes- DE: "\205$\014+"-"0x00"-
#12953120	REDUCE cov: 839 ft: 2180 corp: 617/2266Kb lim: 65536 exec/s: 27916 rss: 1025Mb L: 60990/63714 MS: 2 ManualDict-EraseBytes- DE: "+w"-
#12953361	REDUCE cov: 839 ft: 2180 corp: 617/2266Kb lim: 65536 exec/s: 27916 rss: 1025Mb L: 66/63714 MS: 1 EraseBytes-
#12954019	REDUCE cov: 839 ft: 2180 corp: 617/2265Kb lim: 65536 exec/s: 27858 rss: 1025Mb L: 40883/63714 MS: 3 InsertRepeatedBytes-ChangeByte-EraseBytes-
#12954580	REDUCE cov: 839 ft: 2180 corp: 617/2263Kb lim: 65536 exec/s: 27859 rss: 1025Mb L: 32688/63714 MS: 1 EraseBytes-
#12955983	REDUCE cov: 839 ft: 2180 corp: 617/2262Kb lim: 65536 exec/s: 27802 rss: 1025Mb L: 2288/63714 MS: 3 ShuffleBytes-ManualDict-EraseBytes- DE: "bad finished message"-
#12955989	REDUCE cov: 839 ft: 2180 corp: 617/2262Kb lim: 65536 exec/s: 27802 rss: 1025Mb L: 1305/63714 MS: 1 EraseBytes-
#12956303	REDUCE cov: 839 ft: 2180 corp: 617/2262Kb lim: 65536 exec/s: 27803 rss: 1025Mb L: 4636/63714 MS: 4 ShuffleBytes-ShuffleBytes-ChangeBinInt-EraseBytes-
#12956314	REDUCE cov: 839 ft: 2180 corp: 617/2262Kb lim: 65536 exec/s: 27803 rss: 1025Mb L: 795/63714 MS: 1 EraseBytes-
#12956340	REDUCE cov: 839 ft: 2180 corp: 617/2262Kb lim: 65536 exec/s: 27803 rss: 1025Mb L: 670/63714 MS: 1 EraseBytes-
#12957329	REDUCE cov: 839 ft: 2180 corp: 617/2260Kb lim: 65536 exec/s: 27745 rss: 1025Mb L: 24538/63714 MS: 4 ChangeBinInt-ChangeBit-ManualDict-EraseBytes- DE: "DHM: GX"-
#12957409	REDUCE cov: 839 ft: 2180 corp: 617/2260Kb lim: 65536 exec/s: 27746 rss: 1025Mb L: 1605/63714 MS: 5 ChangeASCIIInt-ShuffleBytes-ShuffleBytes-InsertRepeatedBytes-EraseBytes-
#12957485	REDUCE cov: 839 ft: 2180 corp: 617/2260Kb lim: 65536 exec/s: 27746 rss: 1025Mb L: 151/63714 MS: 1 EraseBytes-
#12958126	REDUCE cov: 839 ft: 2180 corp: 617/2260Kb lim: 65536 exec/s: 27747 rss: 1025Mb L: 448/63714 MS: 1 EraseBytes-
#12958482	REDUCE cov: 839 ft: 2180 corp: 617/2260Kb lim: 65536 exec/s: 27748 rss: 1025Mb L: 786/63714 MS: 1 EraseBytes-
#12959856	REDUCE cov: 839 ft: 2180 corp: 617/2260Kb lim: 65536 exec/s: 27692 rss: 1025Mb L: 6605/63714 MS: 4 InsertByte-ChangeASCIIInt-ChangeBit-EraseBytes-
#12959981	REDUCE cov: 839 ft: 2180 corp: 617/2260Kb lim: 65536 exec/s: 27692 rss: 1025Mb L: 2275/63714 MS: 5 ManualDict-CMP-ChangeByte-PersAutoDict-EraseBytes- DE: "mbedtls/ctr_drbg.h"-"-----BEGIN CERTIFICATE-----"-"ARIA-256-GCM"-
#12960823	REDUCE cov: 839 ft: 2180 corp: 617/2260Kb lim: 65536 exec/s: 27694 rss: 1025Mb L: 328/63714 MS: 2 ChangeBinInt-EraseBytes-
#12961856	REDUCE cov: 839 ft: 2180 corp: 617/2259Kb lim: 65536 exec/s: 27637 rss: 1025Mb L: 1124/63714 MS: 3 CMP-ManualDict-EraseBytes- DE: "\377\377&\017"-"<= parse certificate verify"-
#12962564	REDUCE cov: 839 ft: 2180 corp: 617/2259Kb lim: 65536 exec/s: 27638 rss: 1025Mb L: 2871/63714 MS: 3 CMP-ChangeASCIIInt-EraseBytes- DE: "-----END CERTIFICATE-----"-
#12962790	REDUCE cov: 839 ft: 2180 corp: 617/2259Kb lim: 65536 exec/s: 27639 rss: 1025Mb L: 670/63714 MS: 1 EraseBytes-
#12963016	REDUCE cov: 839 ft: 2180 corp: 617/2259Kb lim: 65536 exec/s: 27639 rss: 1025Mb L: 8723/63714 MS: 1 EraseBytes-
#12963152	REDUCE cov: 839 ft: 2180 corp: 617/2259Kb lim: 65536 exec/s: 27581 rss: 1025Mb L: 12028/63714 MS: 1 EraseBytes-
#12963616	REDUCE cov: 839 ft: 2180 corp: 617/2258Kb lim: 65536 exec/s: 27582 rss: 1025Mb L: 1298/63714 MS: 4 ChangeByte-ChangeBit-ShuffleBytes-EraseBytes-
#12963732	REDUCE cov: 839 ft: 2180 corp: 617/2258Kb lim: 65536 exec/s: 27582 rss: 1025Mb L: 1216/63714 MS: 1 EraseBytes-
#12965382	REDUCE cov: 839 ft: 2180 corp: 617/2258Kb lim: 65536 exec/s: 27527 rss: 1025Mb L: 5348/63714 MS: 5 CopyPart-ChangeBit-InsertRepeatedBytes-InsertByte-EraseBytes-
#12965789	REDUCE cov: 839 ft: 2180 corp: 617/2258Kb lim: 65536 exec/s: 27528 rss: 1025Mb L: 1468/63714 MS: 2 InsertByte-EraseBytes-
#12966102	REDUCE cov: 839 ft: 2180 corp: 617/2257Kb lim: 65536 exec/s: 27528 rss: 1025Mb L: 55207/63714 MS: 3 ChangeBit-EraseBytes-CopyPart-
#12966758	REDUCE cov: 839 ft: 2180 corp: 617/2257Kb lim: 65536 exec/s: 27471 rss: 1025Mb L: 1387/63714 MS: 1 EraseBytes-
#12967049	REDUCE cov: 839 ft: 2180 corp: 617/2257Kb lim: 65536 exec/s: 27472 rss: 1025Mb L: 1102/63714 MS: 1 EraseBytes-
#12967845	REDUCE cov: 839 ft: 2180 corp: 617/2257Kb lim: 65536 exec/s: 27474 rss: 1025Mb L: 976/63714 MS: 1 EraseBytes-
#12968603	REDUCE cov: 839 ft: 2180 corp: 617/2257Kb lim: 65536 exec/s: 27417 rss: 1025Mb L: 650/63714 MS: 3 ChangeBit-CMP-EraseBytes- DE: "-----BEGIN CERTIFICATE-----"-
#12968746	REDUCE cov: 839 ft: 2180 corp: 617/2254Kb lim: 65536 exec/s: 27418 rss: 1025Mb L: 48853/63714 MS: 3 InsertRepeatedBytes-ManualDict-EraseBytes- DE: "An Interface and Algorithms for Authenticated Encryption"-
#12968957	REDUCE cov: 839 ft: 2180 corp: 617/2254Kb lim: 65536 exec/s: 27418 rss: 1025Mb L: 253/63714 MS: 1 EraseBytes-
#12969943	REDUCE cov: 839 ft: 2180 corp: 617/2254Kb lim: 65536 exec/s: 27420 rss: 1025Mb L: 261/63714 MS: 1 EraseBytes-
#12970601	REDUCE cov: 839 ft: 2180 corp: 617/2254Kb lim: 65536 exec/s: 27364 rss: 1025Mb L: 1242/63714 MS: 3 ChangeByte-ChangeByte-EraseBytes-
#12972043	REDUCE cov: 839 ft: 2180 corp: 617/2254Kb lim: 65536 exec/s: 27367 rss: 1025Mb L: 8575/63714 MS: 2 ChangeByte-EraseBytes-
#12973523	REDUCE cov: 839 ft: 2180 corp: 617/2254Kb lim: 65536 exec/s: 27312 rss: 1025Mb L: 1315/63714 MS: 5 ChangeBinInt-CMP-ShuffleBytes-ChangeBit-EraseBytes- DE: "-----BEGIN CERTIFICATE-----"-
#12974240	REDUCE cov: 839 ft: 2180 corp: 617/2254Kb lim: 65536 exec/s: 27314 rss: 1025Mb L: 1112/63714 MS: 2 InsertRepeatedBytes-EraseBytes-
#12976096	REDUCE cov: 839 ft: 2180 corp: 617/2254Kb lim: 65536 exec/s: 27260 rss: 1025Mb L: 171/63714 MS: 1 EraseBytes-
#12976664	REDUCE cov: 839 ft: 2180 corp: 617/2253Kb lim: 65536 exec/s: 27261 rss: 1025Mb L: 63164/63714 MS: 3 EraseBytes-PersAutoDict-CopyPart- DE: "400000000000000000000000000000000000000000000000"-
#12976765	REDUCE cov: 839 ft: 2180 corp: 617/2253Kb lim: 65536 exec/s: 27204 rss: 1025Mb L: 35133/63714 MS: 1 EraseBytes-
#12976846	REDUCE cov: 839 ft: 2180 corp: 617/2253Kb lim: 65536 exec/s: 27205 rss: 1025Mb L: 1854/63714 MS: 1 EraseBytes-
#12976928	REDUCE cov: 839 ft: 2180 corp: 617/2253Kb lim: 65536 exec/s: 27205 rss: 1025Mb L: 774/63714 MS: 2 ChangeBit-EraseBytes-
#12976954	REDUCE cov: 839 ft: 2180 corp: 617/2251Kb lim: 65536 exec/s: 27205 rss: 1025Mb L: 19517/63714 MS: 1 EraseBytes-
#12977411	REDUCE cov: 839 ft: 2180 corp: 617/2251Kb lim: 65536 exec/s: 27206 rss: 1025Mb L: 415/63714 MS: 2 ManualDict-EraseBytes- DE: "<= parse certificate verify"-
#12977552	REDUCE cov: 839 ft: 2180 corp: 617/2251Kb lim: 65536 exec/s: 27206 rss: 1025Mb L: 15416/63714 MS: 1 EraseBytes-
#12979573	REDUCE cov: 839 ft: 2180 corp: 617/2251Kb lim: 65536 exec/s: 27153 rss: 1025Mb L: 1526/63714 MS: 1 EraseBytes-
#12980615	REDUCE cov: 839 ft: 2180 corp: 617/2251Kb lim: 65536 exec/s: 27156 rss: 1025Mb L: 1063/63714 MS: 2 InsertByte-EraseBytes-
#12980900	REDUCE cov: 839 ft: 2180 corp: 617/2251Kb lim: 65536 exec/s: 27100 rss: 1025Mb L: 1019/63714 MS: 5 CMP-ManualDict-CrossOver-CrossOver-EraseBytes- DE: "\036\000\000\000\000\000\000\000"-"<= skip parse certificate"-
#12981810	REDUCE cov: 839 ft: 2180 corp: 617/2250Kb lim: 65536 exec/s: 27101 rss: 1025Mb L: 62917/63714 MS: 5 EraseBytes-ChangeBit-ChangeBit-ShuffleBytes-CopyPart-
#12982022	REDUCE cov: 839 ft: 2180 corp: 617/2250Kb lim: 65536 exec/s: 27102 rss: 1025Mb L: 362/63714 MS: 2 ShuffleBytes-EraseBytes-
#12982775	REDUCE cov: 839 ft: 2180 corp: 617/2250Kb lim: 65536 exec/s: 27047 rss: 1025Mb L: 715/63714 MS: 3 CMP-ChangeASCIIInt-EraseBytes- DE: "\013\000"-
#12983036	REDUCE cov: 839 ft: 2180 corp: 617/2249Kb lim: 65536 exec/s: 27047 rss: 1025Mb L: 9354/63714 MS: 1 EraseBytes-
#12984727	REDUCE cov: 839 ft: 2180 corp: 617/2249Kb lim: 65536 exec/s: 27051 rss: 1025Mb L: 837/63714 MS: 1 EraseBytes-
#12987074	REDUCE cov: 839 ft: 2180 corp: 617/2249Kb lim: 65536 exec/s: 26944 rss: 1025Mb L: 5155/63714 MS: 2 ChangeByte-EraseBytes-
#12987141	REDUCE cov: 839 ft: 2180 corp: 617/2249Kb lim: 65536 exec/s: 26944 rss: 1025Mb L: 968/63714 MS: 2 EraseBytes-ChangeBit-
#12987192	REDUCE cov: 839 ft: 2180 corp: 617/2248Kb lim: 65536 exec/s: 26944 rss: 1025Mb L: 5974/63714 MS: 1 EraseBytes-
#12987258	REDUCE cov: 839 ft: 2180 corp: 617/2248Kb lim: 65536 exec/s: 26944 rss: 1025Mb L: 418/63714 MS: 1 EraseBytes-
#12987499	REDUCE cov: 839 ft: 2180 corp: 617/2246Kb lim: 65536 exec/s: 26945 rss: 1025Mb L: 59514/63714 MS: 1 EraseBytes-
#12987952	REDUCE cov: 839 ft: 2180 corp: 617/2246Kb lim: 65536 exec/s: 26945 rss: 1025Mb L: 24438/63714 MS: 3 InsertByte-ChangeASCIIInt-EraseBytes-
#12988494	REDUCE cov: 839 ft: 2180 corp: 617/2245Kb lim: 65536 exec/s: 26947 rss: 1025Mb L: 8244/63714 MS: 2 InsertByte-EraseBytes-
#12989498	REDUCE cov: 839 ft: 2180 corp: 617/2245Kb lim: 65536 exec/s: 26893 rss: 1025Mb L: 7118/63714 MS: 4 ChangeBinInt-InsertRepeatedBytes-ChangeByte-EraseBytes-
#12989651	REDUCE cov: 839 ft: 2180 corp: 617/2244Kb lim: 65536 exec/s: 26893 rss: 1025Mb L: 6039/63714 MS: 3 ChangeASCIIInt-InsertRepeatedBytes-EraseBytes-
#12989708	REDUCE cov: 839 ft: 2180 corp: 617/2244Kb lim: 65536 exec/s: 26893 rss: 1025Mb L: 168/63714 MS: 2 ChangeByte-EraseBytes-
#12990194	REDUCE cov: 839 ft: 2180 corp: 617/2243Kb lim: 65536 exec/s: 26894 rss: 1025Mb L: 4939/63714 MS: 1 EraseBytes-
#12990340	REDUCE cov: 839 ft: 2180 corp: 617/2243Kb lim: 65536 exec/s: 26895 rss: 1025Mb L: 757/63714 MS: 1 EraseBytes-
#12990859	REDUCE cov: 839 ft: 2180 corp: 617/2242Kb lim: 65536 exec/s: 26896 rss: 1025Mb L: 8072/63714 MS: 4 InsertByte-InsertByte-ChangeASCIIInt-EraseBytes-
#12990926	REDUCE cov: 839 ft: 2180 corp: 617/2242Kb lim: 65536 exec/s: 26896 rss: 1025Mb L: 430/63714 MS: 2 PersAutoDict-EraseBytes- DE: "MD5"-
#12991692	REDUCE cov: 839 ft: 2180 corp: 617/2242Kb lim: 65536 exec/s: 26842 rss: 1025Mb L: 37785/63714 MS: 1 EraseBytes-
#12992995	REDUCE cov: 839 ft: 2180 corp: 617/2242Kb lim: 65536 exec/s: 26845 rss: 1025Mb L: 21971/63714 MS: 3 ChangeBit-ChangeBit-EraseBytes-
#12993328	REDUCE cov: 839 ft: 2180 corp: 617/2239Kb lim: 65536 exec/s: 26790 rss: 1025Mb L: 12978/63714 MS: 3 PersAutoDict-CrossOver-EraseBytes- DE: "DEK-Info: END CERTIFICA"-
#12994444	REDUCE cov: 839 ft: 2180 corp: 617/2239Kb lim: 65536 exec/s: 26792 rss: 1025Mb L: 410/63714 MS: 1 EraseBytes-
#12994906	REDUCE cov: 839 ft: 2180 corp: 617/2239Kb lim: 65536 exec/s: 26793 rss: 1025Mb L: 2106/63714 MS: 2 ManualDict-EraseBytes- DE: "message mac does not match"-
#12995787	REDUCE cov: 839 ft: 2180 corp: 617/2239Kb lim: 65536 exec/s: 26740 rss: 1025Mb L: 37728/63714 MS: 1 EraseBytes-
#12996223	REDUCE cov: 839 ft: 2180 corp: 617/2239Kb lim: 65536 exec/s: 26741 rss: 1025Mb L: 2023/63714 MS: 1 EraseBytes-
#12997029	REDUCE cov: 839 ft: 2180 corp: 617/2239Kb lim: 65536 exec/s: 26687 rss: 1025Mb L: 1195/63714 MS: 1 EraseBytes-
#12997301	REDUCE cov: 839 ft: 2180 corp: 617/2239Kb lim: 65536 exec/s: 26688 rss: 1025Mb L: 8732/63714 MS: 2 ChangeBinInt-EraseBytes-
#12997774	REDUCE cov: 839 ft: 2180 corp: 617/2236Kb lim: 65536 exec/s: 26689 rss: 1025Mb L: 10070/63714 MS: 3 EraseBytes-InsertByte-CopyPart-
#12998244	REDUCE cov: 839 ft: 2180 corp: 617/2235Kb lim: 65536 exec/s: 26690 rss: 1025Mb L: 1395/63714 MS: 5 ChangeASCIIInt-InsertByte-PersAutoDict-ChangeASCIIInt-EraseBytes- DE: "vmull.p64 %[r], %[a], %[b]"-
#12998655	REDUCE cov: 839 ft: 2180 corp: 617/2235Kb lim: 65536 exec/s: 26691 rss: 1025Mb L: 159/63714 MS: 1 EraseBytes-
#12999311	REDUCE cov: 839 ft: 2180 corp: 617/2235Kb lim: 65536 exec/s: 26637 rss: 1025Mb L: 1255/63714 MS: 1 EraseBytes-
#12999409	REDUCE cov: 839 ft: 2180 corp: 617/2234Kb lim: 65536 exec/s: 26638 rss: 1025Mb L: 61645/63714 MS: 3 InsertByte-ChangeBit-EraseBytes-
#12999516	REDUCE cov: 839 ft: 2180 corp: 617/2234Kb lim: 65536 exec/s: 26638 rss: 1025Mb L: 509/63714 MS: 2 ChangeBit-EraseBytes-
#12999627	REDUCE cov: 839 ft: 2180 corp: 617/2234Kb lim: 65536 exec/s: 26638 rss: 1025Mb L: 664/63714 MS: 1 EraseBytes-
#12999694	REDUCE cov: 839 ft: 2180 corp: 617/2233Kb lim: 65536 exec/s: 26638 rss: 1025Mb L: 21217/63714 MS: 2 PersAutoDict-EraseBytes- DE: "AES-192-CTR"-
#13000950	REDUCE cov: 839 ft: 2180 corp: 617/2233Kb lim: 65536 exec/s: 26586 rss: 1025Mb L: 149/63714 MS: 1 EraseBytes-
#13001731	REDUCE cov: 839 ft: 2180 corp: 617/2233Kb lim: 65536 exec/s: 26588 rss: 1025Mb L: 332/63714 MS: 1 EraseBytes-
#13001932	REDUCE cov: 839 ft: 2180 corp: 617/2233Kb lim: 65536 exec/s: 26588 rss: 1025Mb L: 671/63714 MS: 1 EraseBytes-
#13003961	REDUCE cov: 839 ft: 2180 corp: 617/2232Kb lim: 65536 exec/s: 26538 rss: 1025Mb L: 48433/63714 MS: 4 ShuffleBytes-ShuffleBytes-ShuffleBytes-EraseBytes-
#13004132	REDUCE cov: 839 ft: 2180 corp: 617/2232Kb lim: 65536 exec/s: 26539 rss: 1025Mb L: 1224/63714 MS: 1 EraseBytes-
#13004689	REDUCE cov: 839 ft: 2180 corp: 617/2232Kb lim: 65536 exec/s: 26486 rss: 1025Mb L: 735/63714 MS: 2 ChangeASCIIInt-EraseBytes-
#13005400	REDUCE cov: 839 ft: 2180 corp: 617/2232Kb lim: 65536 exec/s: 26487 rss: 1025Mb L: 3790/63714 MS: 1 EraseBytes-
#13005954	REDUCE cov: 839 ft: 2180 corp: 617/2229Kb lim: 65536 exec/s: 26488 rss: 1025Mb L: 42272/63714 MS: 4 InsertByte-InsertByte-ChangeByte-EraseBytes-
#13006595	REDUCE cov: 839 ft: 2180 corp: 617/2229Kb lim: 65536 exec/s: 26436 rss: 1025Mb L: 282/63714 MS: 1 EraseBytes-
#13007603	REDUCE cov: 839 ft: 2180 corp: 617/2229Kb lim: 65536 exec/s: 26438 rss: 1025Mb L: 1357/63714 MS: 3 CMP-PersAutoDict-EraseBytes- DE: "*\206H\206\367\015\001\001\013"-"ECP - The signature is not valid"-
#13008614	REDUCE cov: 839 ft: 2180 corp: 617/2227Kb lim: 65536 exec/s: 26386 rss: 1025Mb L: 31146/63714 MS: 1 EraseBytes-
#13008736	REDUCE cov: 839 ft: 2180 corp: 617/2227Kb lim: 65536 exec/s: 26386 rss: 1025Mb L: 891/63714 MS: 2 InsertByte-EraseBytes-
#13009257	REDUCE cov: 839 ft: 2180 corp: 617/2227Kb lim: 65536 exec/s: 26387 rss: 1025Mb L: 443/63714 MS: 1 EraseBytes-
#13009863	REDUCE cov: 839 ft: 2180 corp: 617/2227Kb lim: 65536 exec/s: 26389 rss: 1025Mb L: 396/63714 MS: 1 EraseBytes-
#13010145	REDUCE cov: 839 ft: 2180 corp: 617/2227Kb lim: 65536 exec/s: 26389 rss: 1025Mb L: 394/63714 MS: 2 ChangeASCIIInt-EraseBytes-
#13011461	REDUCE cov: 839 ft: 2180 corp: 617/2227Kb lim: 65536 exec/s: 26338 rss: 1025Mb L: 469/63714 MS: 1 EraseBytes-
#13011465	REDUCE cov: 839 ft: 2180 corp: 617/2227Kb lim: 65536 exec/s: 26338 rss: 1025Mb L: 1167/63714 MS: 4 CopyPart-ChangeByte-ChangeBinInt-EraseBytes-
#13011633	REDUCE cov: 839 ft: 2180 corp: 617/2226Kb lim: 65536 exec/s: 26339 rss: 1025Mb L: 7701/63714 MS: 3 ChangeBinInt-CopyPart-EraseBytes-
#13011861	REDUCE cov: 839 ft: 2180 corp: 617/2226Kb lim: 65536 exec/s: 26339 rss: 1025Mb L: 9686/63714 MS: 3 ChangeASCIIInt-ShuffleBytes-EraseBytes-
#13012847	REDUCE cov: 839 ft: 2180 corp: 617/2226Kb lim: 65536 exec/s: 26288 rss: 1025Mb L: 123/63714 MS: 1 EraseBytes-
#13012973	REDUCE cov: 839 ft: 2180 corp: 617/2226Kb lim: 65536 exec/s: 26288 rss: 1025Mb L: 9261/63714 MS: 1 EraseBytes-
#13013656	REDUCE cov: 839 ft: 2180 corp: 617/2225Kb lim: 65536 exec/s: 26290 rss: 1025Mb L: 2272/63714 MS: 3 InsertByte-ChangeByte-EraseBytes-
#13013942	REDUCE cov: 839 ft: 2180 corp: 617/2225Kb lim: 65536 exec/s: 26290 rss: 1025Mb L: 3119/63714 MS: 1 EraseBytes-
#13014358	REDUCE cov: 839 ft: 2180 corp: 617/2225Kb lim: 65536 exec/s: 26238 rss: 1025Mb L: 8791/63714 MS: 1 EraseBytes-
#13014675	REDUCE cov: 839 ft: 2180 corp: 617/2224Kb lim: 65536 exec/s: 26239 rss: 1025Mb L: 13075/63714 MS: 2 ChangeBit-EraseBytes-
#13015091	REDUCE cov: 839 ft: 2180 corp: 617/2224Kb lim: 65536 exec/s: 26240 rss: 1025Mb L: 4776/63714 MS: 1 EraseBytes-
#13016397	REDUCE cov: 839 ft: 2180 corp: 617/2224Kb lim: 65536 exec/s: 26189 rss: 1025Mb L: 7680/63714 MS: 1 EraseBytes-
#13016543	REDUCE cov: 839 ft: 2180 corp: 617/2224Kb lim: 65536 exec/s: 26190 rss: 1025Mb L: 5790/63714 MS: 1 EraseBytes-
#13016794	REDUCE cov: 839 ft: 2180 corp: 617/2224Kb lim: 65536 exec/s: 26190 rss: 1025Mb L: 2798/63714 MS: 1 EraseBytes-
#13018321	REDUCE cov: 839 ft: 2180 corp: 617/2223Kb lim: 65536 exec/s: 26141 rss: 1025Mb L: 7111/63714 MS: 2 ChangeBit-EraseBytes-
#13018452	REDUCE cov: 839 ft: 2180 corp: 617/2223Kb lim: 65536 exec/s: 26141 rss: 1025Mb L: 252/63714 MS: 1 EraseBytes-
#13018601	REDUCE cov: 839 ft: 2180 corp: 617/2223Kb lim: 65536 exec/s: 26141 rss: 1025Mb L: 440/63714 MS: 4 ChangeASCIIInt-CopyPart-InsertByte-EraseBytes-
#13019148	REDUCE cov: 839 ft: 2180 corp: 617/2223Kb lim: 65536 exec/s: 26142 rss: 1025Mb L: 2437/63714 MS: 2 ChangeBit-EraseBytes-
#13019370	REDUCE cov: 839 ft: 2180 corp: 617/2223Kb lim: 65536 exec/s: 26143 rss: 1025Mb L: 1851/63714 MS: 2 ManualDict-EraseBytes- DE: "mbedtls/nist_kw.h"-
#13021053	REDUCE cov: 839 ft: 2180 corp: 617/2223Kb lim: 65536 exec/s: 26094 rss: 1025Mb L: 488/63714 MS: 3 ManualDict-InsertByte-EraseBytes- DE: "test/drivers/test_driver.h"-
#13021089	REDUCE cov: 839 ft: 2180 corp: 617/2223Kb lim: 65536 exec/s: 26094 rss: 1025Mb L: 189/63714 MS: 1 EraseBytes-
#13021201	REDUCE cov: 839 ft: 2180 corp: 617/2223Kb lim: 65536 exec/s: 26094 rss: 1025Mb L: 504/63714 MS: 2 ChangeASCIIInt-EraseBytes-
#13021469	REDUCE cov: 839 ft: 2180 corp: 617/2223Kb lim: 65536 exec/s: 26095 rss: 1025Mb L: 6790/63714 MS: 3 PersAutoDict-InsertByte-EraseBytes- DE: "\377\377\377\011"-
#13022025	REDUCE cov: 839 ft: 2180 corp: 617/2223Kb lim: 65536 exec/s: 26044 rss: 1025Mb L: 1019/63714 MS: 1 EraseBytes-
#13022132	REDUCE cov: 839 ft: 2180 corp: 617/2222Kb lim: 65536 exec/s: 26044 rss: 1025Mb L: 426/63714 MS: 2 ShuffleBytes-EraseBytes-
#13022273	REDUCE cov: 839 ft: 2180 corp: 617/2222Kb lim: 65536 exec/s: 26044 rss: 1025Mb L: 712/63714 MS: 1 EraseBytes-
#13023220	REDUCE cov: 839 ft: 2180 corp: 617/2222Kb lim: 65536 exec/s: 26046 rss: 1025Mb L: 54495/63714 MS: 2 ChangeBit-EraseBytes-
#13023611	REDUCE cov: 839 ft: 2180 corp: 617/2222Kb lim: 65536 exec/s: 26047 rss: 1025Mb L: 372/63714 MS: 1 EraseBytes-
#13023647	REDUCE cov: 839 ft: 2180 corp: 617/2222Kb lim: 65536 exec/s: 26047 rss: 1025Mb L: 532/63714 MS: 1 EraseBytes-
#13023683	REDUCE cov: 839 ft: 2180 corp: 617/2222Kb lim: 65536 exec/s: 26047 rss: 1025Mb L: 85/63714 MS: 1 EraseBytes-
#13024391	REDUCE cov: 839 ft: 2180 corp: 617/2221Kb lim: 65536 exec/s: 25996 rss: 1025Mb L: 21065/63714 MS: 3 InsertRepeatedBytes-CopyPart-EraseBytes-
#13024627	REDUCE cov: 839 ft: 2180 corp: 617/2221Kb lim: 65536 exec/s: 25997 rss: 1025Mb L: 30359/63714 MS: 1 EraseBytes-
#13025873	REDUCE cov: 839 ft: 2180 corp: 617/2221Kb lim: 65536 exec/s: 25947 rss: 1025Mb L: 2483/63714 MS: 1 EraseBytes-
#13026793	REDUCE cov: 839 ft: 2180 corp: 617/2221Kb lim: 65536 exec/s: 25949 rss: 1025Mb L: 451/63714 MS: 5 PersAutoDict-CrossOver-ChangeASCIIInt-PersAutoDict-EraseBytes- DE: "AES-256-KW"-"<= write certificate"-
#13027831	REDUCE cov: 839 ft: 2180 corp: 617/2221Kb lim: 65536 exec/s: 25900 rss: 1025Mb L: 35045/63714 MS: 3 CrossOver-InsertRepeatedBytes-EraseBytes-
#13027868	REDUCE cov: 839 ft: 2180 corp: 617/2221Kb lim: 65536 exec/s: 25900 rss: 1025Mb L: 253/63714 MS: 2 CMP-EraseBytes- DE: "\000\000\000\012"-
#13029970	REDUCE cov: 839 ft: 2180 corp: 617/2220Kb lim: 65536 exec/s: 25853 rss: 1025Mb L: 3849/63714 MS: 2 ManualDict-EraseBytes- DE: "message digest"-
#13030766	REDUCE cov: 839 ft: 2180 corp: 617/2220Kb lim: 65536 exec/s: 25854 rss: 1025Mb L: 3678/63714 MS: 1 EraseBytes-
#13031307	REDUCE cov: 839 ft: 2180 corp: 617/2220Kb lim: 65536 exec/s: 25855 rss: 1025Mb L: 6003/63714 MS: 1 EraseBytes-
#13031748	REDUCE cov: 839 ft: 2180 corp: 617/2219Kb lim: 65536 exec/s: 25856 rss: 1025Mb L: 1631/63714 MS: 1 EraseBytes-
#13034231	REDUCE cov: 839 ft: 2180 corp: 617/2219Kb lim: 65536 exec/s: 25759 rss: 1025Mb L: 427/63714 MS: 3 ChangeBit-ShuffleBytes-EraseBytes-
#13034417	REDUCE cov: 839 ft: 2180 corp: 617/2219Kb lim: 65536 exec/s: 25759 rss: 1025Mb L: 7896/63714 MS: 1 EraseBytes-
#13034423	REDUCE cov: 839 ft: 2180 corp: 617/2218Kb lim: 65536 exec/s: 25759 rss: 1025Mb L: 2318/63714 MS: 1 EraseBytes-
#13035064	REDUCE cov: 839 ft: 2180 corp: 617/2218Kb lim: 65536 exec/s: 25760 rss: 1025Mb L: 1192/63714 MS: 1 EraseBytes-
#13035545	REDUCE cov: 839 ft: 2180 corp: 617/2218Kb lim: 65536 exec/s: 25761 rss: 1025Mb L: 543/63714 MS: 1 EraseBytes-
#13035657	REDUCE cov: 839 ft: 2180 corp: 617/2218Kb lim: 65536 exec/s: 25762 rss: 1025Mb L: 491/63714 MS: 2 ChangeByte-EraseBytes-
#13037243	REDUCE cov: 839 ft: 2180 corp: 617/2218Kb lim: 65536 exec/s: 25714 rss: 1025Mb L: 312/63714 MS: 1 EraseBytes-
#13039089	REDUCE cov: 839 ft: 2180 corp: 617/2218Kb lim: 65536 exec/s: 25667 rss: 1025Mb L: 5439/63714 MS: 1 EraseBytes-
#13039219	REDUCE cov: 839 ft: 2180 corp: 617/2216Kb lim: 65536 exec/s: 25667 rss: 1025Mb L: 39089/63714 MS: 5 ChangeASCIIInt-PersAutoDict-ManualDict-PersAutoDict-EraseBytes- DE: "7FFFFFFFFFFFFFFFFFFFFFFFFFFFFFFFFFFFFFFFFFFFFFFFFFFFFFFFFFFFFFF8"-"AES-128-KW"-"mbedtls/sha1.h"-
#13039431	REDUCE cov: 839 ft: 2180 corp: 617/2215Kb lim: 65536 exec/s: 25668 rss: 1025Mb L: 41535/63714 MS: 2 ChangeByte-EraseBytes-
#13039682	REDUCE cov: 839 ft: 2180 corp: 617/2215Kb lim: 65536 exec/s: 25618 rss: 1025Mb L: 1216/63714 MS: 1 EraseBytes-
#13040213	REDUCE cov: 839 ft: 2180 corp: 617/2215Kb lim: 65536 exec/s: 25619 rss: 1025Mb L: 341/63714 MS: 1 EraseBytes-
#13040304	REDUCE cov: 839 ft: 2180 corp: 617/2214Kb lim: 65536 exec/s: 25619 rss: 1025Mb L: 4619/63714 MS: 1 EraseBytes-
#13041316	REDUCE cov: 839 ft: 2180 corp: 617/2214Kb lim: 65536 exec/s: 25621 rss: 1025Mb L: 450/63714 MS: 2 ChangeASCIIInt-EraseBytes-
#13041507	REDUCE cov: 839 ft: 2180 corp: 617/2214Kb lim: 65536 exec/s: 25621 rss: 1025Mb L: 8124/63714 MS: 1 EraseBytes-
#13042171	REDUCE cov: 839 ft: 2180 corp: 617/2214Kb lim: 65536 exec/s: 25572 rss: 1025Mb L: 1179/63714 MS: 4 PersAutoDict-ChangeByte-InsertByte-EraseBytes- DE: "0x00"-
#13042273	REDUCE cov: 839 ft: 2180 corp: 617/2213Kb lim: 65536 exec/s: 25573 rss: 1025Mb L: 454/63714 MS: 2 ShuffleBytes-EraseBytes-
#13042369	REDUCE cov: 839 ft: 2180 corp: 617/2213Kb lim: 65536 exec/s: 25573 rss: 1025Mb L: 20989/63714 MS: 1 EraseBytes-
#13043701	REDUCE cov: 839 ft: 2180 corp: 617/2213Kb lim: 65536 exec/s: 25575 rss: 1025Mb L: 625/63714 MS: 2 CrossOver-EraseBytes-
#13043892	REDUCE cov: 839 ft: 2180 corp: 617/2213Kb lim: 65536 exec/s: 25526 rss: 1025Mb L: 538/63714 MS: 1 EraseBytes-
#13044008	REDUCE cov: 839 ft: 2180 corp: 617/2213Kb lim: 65536 exec/s: 25526 rss: 1025Mb L: 116/63714 MS: 1 EraseBytes-
#13045415	REDUCE cov: 839 ft: 2180 corp: 617/2213Kb lim: 65536 exec/s: 25529 rss: 1025Mb L: 6653/63714 MS: 2 ChangeBinInt-EraseBytes-
#13046101	REDUCE cov: 839 ft: 2180 corp: 617/2213Kb lim: 65536 exec/s: 25480 rss: 1025Mb L: 519/63714 MS: 1 EraseBytes-
#13047087	REDUCE cov: 839 ft: 2180 corp: 617/2213Kb lim: 65536 exec/s: 25482 rss: 1025Mb L: 1280/63714 MS: 1 EraseBytes-
#13048669	REDUCE cov: 839 ft: 2180 corp: 617/2212Kb lim: 65536 exec/s: 25436 rss: 1025Mb L: 7189/63714 MS: 2 InsertByte-EraseBytes-
#13049130	REDUCE cov: 839 ft: 2180 corp: 617/2212Kb lim: 65536 exec/s: 25436 rss: 1025Mb L: 5715/63714 MS: 1 EraseBytes-
#13049626	REDUCE cov: 839 ft: 2180 corp: 617/2212Kb lim: 65536 exec/s: 25437 rss: 1025Mb L: 28728/63714 MS: 1 EraseBytes-
#13050811	REDUCE cov: 839 ft: 2180 corp: 617/2212Kb lim: 65536 exec/s: 25390 rss: 1025Mb L: 7018/63714 MS: 5 ChangeBinInt-ManualDict-InsertRepeatedBytes-ShuffleBytes-EraseBytes- DE: "ticket alloc failed"-
#13052113	REDUCE cov: 839 ft: 2180 corp: 617/2212Kb lim: 65536 exec/s: 25393 rss: 1025Mb L: 77/63714 MS: 2 ChangeBit-EraseBytes-
#13052240	REDUCE cov: 839 ft: 2180 corp: 617/2212Kb lim: 65536 exec/s: 25393 rss: 1025Mb L: 197/63714 MS: 2 ChangeBinInt-EraseBytes-
#13052361	REDUCE cov: 839 ft: 2180 corp: 617/2212Kb lim: 65536 exec/s: 25344 rss: 1025Mb L: 1039/63714 MS: 1 EraseBytes-
#13052610	REDUCE cov: 839 ft: 2180 corp: 617/2212Kb lim: 65536 exec/s: 25344 rss: 1025Mb L: 34556/63714 MS: 4 CopyPart-CMP-ChangeBinInt-EraseBytes- DE: ",\262\335\366"-
#13052766	REDUCE cov: 839 ft: 2180 corp: 617/2211Kb lim: 65536 exec/s: 25345 rss: 1025Mb L: 4397/63714 MS: 1 EraseBytes-
#13054012	REDUCE cov: 839 ft: 2180 corp: 617/2211Kb lim: 65536 exec/s: 25347 rss: 1025Mb L: 1453/63714 MS: 1 EraseBytes-
#13055026	REDUCE cov: 839 ft: 2180 corp: 617/2210Kb lim: 65536 exec/s: 25300 rss: 1025Mb L: 4801/63714 MS: 4 ChangeASCIIInt-InsertByte-InsertByte-EraseBytes-
#13057872	REDUCE cov: 839 ft: 2180 corp: 617/2210Kb lim: 65536 exec/s: 25257 rss: 1025Mb L: 483/63714 MS: 1 EraseBytes-
#13059158	REDUCE cov: 839 ft: 2180 corp: 617/2210Kb lim: 65536 exec/s: 25210 rss: 1025Mb L: 6768/63714 MS: 1 EraseBytes-
#13059951	REDUCE cov: 839 ft: 2180 corp: 617/2210Kb lim: 65536 exec/s: 25212 rss: 1025Mb L: 3776/63714 MS: 3 ChangeBit-PersAutoDict-EraseBytes- DE: "*M-----E"-
#13060069	REDUCE cov: 839 ft: 2180 corp: 617/2209Kb lim: 65536 exec/s: 25163 rss: 1025Mb L: 19474/63714 MS: 3 PersAutoDict-ChangeByte-EraseBytes- DE: "\377\377"-
#13061151	REDUCE cov: 839 ft: 2180 corp: 617/2208Kb lim: 65536 exec/s: 25165 rss: 1025Mb L: 19282/63714 MS: 2 CopyPart-EraseBytes-
#13061347	REDUCE cov: 839 ft: 2180 corp: 617/2208Kb lim: 65536 exec/s: 25166 rss: 1025Mb L: 1512/63714 MS: 1 EraseBytes-
#13061635	REDUCE cov: 839 ft: 2180 corp: 617/2208Kb lim: 65536 exec/s: 25166 rss: 1025Mb L: 11422/63714 MS: 3 InsertByte-ChangeBinInt-EraseBytes-
#13062479	REDUCE cov: 839 ft: 2180 corp: 617/2208Kb lim: 65536 exec/s: 25120 rss: 1025Mb L: 11175/63714 MS: 4 ChangeBit-ChangeBit-ChangeByte-EraseBytes-
#13063490	REDUCE cov: 839 ft: 2180 corp: 617/2208Kb lim: 65536 exec/s: 25122 rss: 1025Mb L: 447/63714 MS: 1 EraseBytes-
#13064126	REDUCE cov: 839 ft: 2180 corp: 617/2208Kb lim: 65536 exec/s: 25123 rss: 1025Mb L: 331/63714 MS: 1 EraseBytes-
#13064488	REDUCE cov: 839 ft: 2180 corp: 617/2208Kb lim: 65536 exec/s: 25075 rss: 1025Mb L: 1661/63714 MS: 2 ManualDict-EraseBytes- DE: " %"-
#13064715	REDUCE cov: 839 ft: 2180 corp: 617/2207Kb lim: 65536 exec/s: 25076 rss: 1025Mb L: 60596/63714 MS: 2 CrossOver-EraseBytes-
#13065501	REDUCE cov: 839 ft: 2180 corp: 617/2205Kb lim: 65536 exec/s: 25077 rss: 1025Mb L: 28572/63714 MS: 1 EraseBytes-
#13065800	REDUCE cov: 839 ft: 2180 corp: 617/2205Kb lim: 65536 exec/s: 25078 rss: 1025Mb L: 4223/63714 MS: 4 CMP-ChangeBinInt-ShuffleBytes-EraseBytes- DE: "DEK-InfoEDS: -"-
#13066658	REDUCE cov: 839 ft: 2180 corp: 617/2204Kb lim: 65536 exec/s: 25031 rss: 1025Mb L: 4434/63714 MS: 3 PersAutoDict-CrossOver-EraseBytes- DE: "Proc-Type: 4,ENCRYPTEL"-
#13066915	REDUCE cov: 839 ft: 2180 corp: 617/2204Kb lim: 65536 exec/s: 25032 rss: 1025Mb L: 334/63714 MS: 2 InsertByte-EraseBytes-
#13067416	REDUCE cov: 839 ft: 2180 corp: 617/2204Kb lim: 65536 exec/s: 25033 rss: 1025Mb L: 1237/63714 MS: 1 EraseBytes-
#13067812	REDUCE cov: 839 ft: 2180 corp: 617/2204Kb lim: 65536 exec/s: 25034 rss: 1025Mb L: 178/63714 MS: 1 EraseBytes-
#13068503	REDUCE cov: 839 ft: 2180 corp: 617/2204Kb lim: 65536 exec/s: 24987 rss: 1025Mb L: 28332/63714 MS: 1 EraseBytes-
#13068844	REDUCE cov: 839 ft: 2180 corp: 617/2204Kb lim: 65536 exec/s: 24988 rss: 1025Mb L: 3713/63714 MS: 1 EraseBytes-
#13069135	REDUCE cov: 839 ft: 2180 corp: 617/2203Kb lim: 65536 exec/s: 24988 rss: 1025Mb L: 27804/63714 MS: 1 EraseBytes-
#13069303	REDUCE cov: 839 ft: 2180 corp: 617/2203Kb lim: 65536 exec/s: 24989 rss: 1025Mb L: 37433/63714 MS: 3 ChangeBit-PersAutoDict-EraseBytes- DE: "ticket alloc failed"-
#13069590	REDUCE cov: 839 ft: 2180 corp: 617/2203Kb lim: 65536 exec/s: 24989 rss: 1025Mb L: 2769/63714 MS: 2 InsertRepeatedBytes-EraseBytes-
#13069931	REDUCE cov: 839 ft: 2180 corp: 617/2203Kb lim: 65536 exec/s: 24990 rss: 1025Mb L: 358/63714 MS: 1 EraseBytes-
#13069963	REDUCE cov: 839 ft: 2180 corp: 617/2202Kb lim: 65536 exec/s: 24990 rss: 1025Mb L: 6142/63714 MS: 2 CopyPart-EraseBytes-
#13072196	REDUCE cov: 839 ft: 2180 corp: 617/2202Kb lim: 65536 exec/s: 24899 rss: 1025Mb L: 6292/63714 MS: 3 EraseBytes-InsertRepeatedBytes-CopyPart-
#13072617	REDUCE cov: 839 ft: 2180 corp: 617/2202Kb lim: 65536 exec/s: 24900 rss: 1025Mb L: 1031/63714 MS: 1 EraseBytes-
#13073033	REDUCE cov: 839 ft: 2180 corp: 617/2202Kb lim: 65536 exec/s: 24901 rss: 1025Mb L: 373/63714 MS: 1 EraseBytes-
#13073216	REDUCE cov: 839 ft: 2180 corp: 617/2201Kb lim: 65536 exec/s: 24901 rss: 1025Mb L: 18879/63714 MS: 3 ChangeBit-ManualDict-EraseBytes- DE: "rev16 r, x"-
#13074663	REDUCE cov: 839 ft: 2180 corp: 617/2200Kb lim: 65536 exec/s: 24856 rss: 1025Mb L: 2925/63714 MS: 2 CrossOver-EraseBytes-
#13075301	REDUCE cov: 839 ft: 2180 corp: 617/2199Kb lim: 65536 exec/s: 24857 rss: 1025Mb L: 4525/63714 MS: 3 CMP-ChangeASCIIInt-EraseBytes- DE: "-----BEGIN CERTIFICATE-----"-
#13075553	REDUCE cov: 839 ft: 2180 corp: 617/2198Kb lim: 65536 exec/s: 24858 rss: 1025Mb L: 279/63714 MS: 2 ChangeByte-EraseBytes-
#13076927	REDUCE cov: 839 ft: 2180 corp: 617/2198Kb lim: 65536 exec/s: 24813 rss: 1025Mb L: 19033/63714 MS: 4 CMP-InsertByte-ShuffleBytes-EraseBytes- DE: "DEK-Info:\377-----BEG"-
#13077216	REDUCE cov: 839 ft: 2180 corp: 617/2194Kb lim: 65536 exec/s: 24814 rss: 1025Mb L: 40092/63714 MS: 4 ChangeByte-EraseBytes-ManualDict-CopyPart- DE: "<= write certificate"-
#13077960	REDUCE cov: 839 ft: 2180 corp: 617/2193Kb lim: 65536 exec/s: 24815 rss: 1025Mb L: 10434/63714 MS: 4 ManualDict-CMP-PersAutoDict-EraseBytes- DE: "( ignored )"-"*\206H\316=\004\003\002"-"server version"-
#13078681	REDUCE cov: 839 ft: 2180 corp: 617/2193Kb lim: 65536 exec/s: 24770 rss: 1025Mb L: 240/63714 MS: 1 EraseBytes-
#13079410	REDUCE cov: 839 ft: 2180 corp: 617/2192Kb lim: 65536 exec/s: 24771 rss: 1025Mb L: 38086/63714 MS: 4 CrossOver-ShuffleBytes-ChangeBit-EraseBytes-
#13079867	REDUCE cov: 839 ft: 2180 corp: 617/2192Kb lim: 65536 exec/s: 24772 rss: 1025Mb L: 889/63714 MS: 2 ChangeBinInt-EraseBytes-
#13081410	REDUCE cov: 839 ft: 2180 corp: 617/2192Kb lim: 65536 exec/s: 24728 rss: 1025Mb L: 3137/63714 MS: 3 ChangeASCIIInt-ChangeBinInt-EraseBytes-
#13081802	REDUCE cov: 839 ft: 2180 corp: 617/2191Kb lim: 65536 exec/s: 24729 rss: 1025Mb L: 3314/63714 MS: 2 ChangeBinInt-EraseBytes-
#13082769	REDUCE cov: 839 ft: 2180 corp: 617/2191Kb lim: 65536 exec/s: 24684 rss: 1025Mb L: 306/63714 MS: 2 PersAutoDict-EraseBytes- DE: "\361\377\377\377"-
#13084400	REDUCE cov: 839 ft: 2180 corp: 617/2191Kb lim: 65536 exec/s: 24641 rss: 1025Mb L: 4275/63714 MS: 1 EraseBytes-
#13084694	REDUCE cov: 839 ft: 2180 corp: 617/2191Kb lim: 65536 exec/s: 24641 rss: 1025Mb L: 377/63714 MS: 4 ChangeByte-InsertRepeatedBytes-CopyPart-EraseBytes-
#13085331	REDUCE cov: 839 ft: 2180 corp: 617/2191Kb lim: 65536 exec/s: 24642 rss: 1025Mb L: 5518/63714 MS: 2 ChangeBit-EraseBytes-
#13087103	REDUCE cov: 839 ft: 2180 corp: 617/2190Kb lim: 65536 exec/s: 24599 rss: 1025Mb L: 46513/63714 MS: 2 ChangeByte-EraseBytes-
#13087366	REDUCE cov: 839 ft: 2180 corp: 617/2189Kb lim: 65536 exec/s: 24600 rss: 1025Mb L: 9644/63714 MS: 3 EraseBytes-ShuffleBytes-CopyPart-
#13087942	REDUCE cov: 839 ft: 2180 corp: 617/2189Kb lim: 65536 exec/s: 24601 rss: 1025Mb L: 4559/63714 MS: 1 EraseBytes-
#13088953	REDUCE cov: 839 ft: 2180 corp: 617/2189Kb lim: 65536 exec/s: 24557 rss: 1025Mb L: 136/63714 MS: 1 EraseBytes-
#13089549	REDUCE cov: 839 ft: 2180 corp: 617/2188Kb lim: 65536 exec/s: 24558 rss: 1025Mb L: 11181/63714 MS: 1 EraseBytes-
#13090450	REDUCE cov: 839 ft: 2180 corp: 617/2188Kb lim: 65536 exec/s: 24559 rss: 1025Mb L: 506/63714 MS: 1 EraseBytes-
#13091026	REDUCE cov: 839 ft: 2180 corp: 617/2188Kb lim: 65536 exec/s: 24515 rss: 1025Mb L: 2401/63714 MS: 1 EraseBytes-
#13091102	REDUCE cov: 839 ft: 2180 corp: 617/2188Kb lim: 65536 exec/s: 24515 rss: 1025Mb L: 18928/63714 MS: 1 EraseBytes-
#13093878	REDUCE cov: 839 ft: 2180 corp: 617/2188Kb lim: 65536 exec/s: 24474 rss: 1025Mb L: 8771/63714 MS: 1 EraseBytes-
#13094238	REDUCE cov: 839 ft: 2180 corp: 617/2188Kb lim: 65536 exec/s: 24475 rss: 1025Mb L: 1266/63714 MS: 5 ChangeByte-PersAutoDict-CMP-InsertRepeatedBytes-EraseBytes- DE: "ldr %w0, [%1]"-"\004\000"-
#13094442	REDUCE cov: 839 ft: 2180 corp: 617/2188Kb lim: 65536 exec/s: 24475 rss: 1025Mb L: 2252/63714 MS: 4 ManualDict-ChangeBit-ChangeByte-EraseBytes- DE: "NamedCurveList"-
#13095703	REDUCE cov: 839 ft: 2180 corp: 617/2188Kb lim: 65536 exec/s: 24432 rss: 1025Mb L: 26080/63714 MS: 1 EraseBytes-
#13095924	REDUCE cov: 839 ft: 2180 corp: 617/2188Kb lim: 65536 exec/s: 24432 rss: 1025Mb L: 308/63714 MS: 1 EraseBytes-
#13096474	REDUCE cov: 839 ft: 2180 corp: 617/2187Kb lim: 65536 exec/s: 24433 rss: 1025Mb L: 5669/63714 MS: 5 InsertByte-ShuffleBytes-InsertByte-ShuffleBytes-EraseBytes-
#13097560	REDUCE cov: 839 ft: 2180 corp: 617/2187Kb lim: 65536 exec/s: 24390 rss: 1025Mb L: 713/63714 MS: 1 EraseBytes-
#13098251	REDUCE cov: 839 ft: 2180 corp: 617/2187Kb lim: 65536 exec/s: 24391 rss: 1025Mb L: 311/63714 MS: 1 EraseBytes-
#13099339	REDUCE cov: 839 ft: 2180 corp: 617/2186Kb lim: 65536 exec/s: 24393 rss: 1025Mb L: 3650/63714 MS: 3 ChangeBit-ChangeBit-EraseBytes-
#13099520	REDUCE cov: 839 ft: 2180 corp: 617/2186Kb lim: 65536 exec/s: 24393 rss: 1025Mb L: 399/63714 MS: 1 EraseBytes-
#13099554	REDUCE cov: 839 ft: 2180 corp: 617/2186Kb lim: 65536 exec/s: 24393 rss: 1025Mb L: 60517/63714 MS: 4 CrossOver-ChangeByte-CopyPart-EraseBytes-
#13101880	REDUCE cov: 839 ft: 2180 corp: 617/2186Kb lim: 65536 exec/s: 24352 rss: 1025Mb L: 367/63714 MS: 1 EraseBytes-
#13101941	REDUCE cov: 839 ft: 2180 corp: 617/2186Kb lim: 65536 exec/s: 24353 rss: 1025Mb L: 57/63714 MS: 1 EraseBytes-
#13102677	REDUCE cov: 839 ft: 2180 corp: 617/2186Kb lim: 65536 exec/s: 24309 rss: 1025Mb L: 2901/63714 MS: 1 EraseBytes-
#13103130	REDUCE cov: 839 ft: 2180 corp: 617/2186Kb lim: 65536 exec/s: 24310 rss: 1025Mb L: 224/63714 MS: 3 PersAutoDict-ChangeBit-EraseBytes- DE: "\206\002\000\000\000\000\000\000"-
#13103286	REDUCE cov: 839 ft: 2180 corp: 617/2186Kb lim: 65536 exec/s: 24310 rss: 1025Mb L: 3152/63714 MS: 1 EraseBytes-
#13103594	REDUCE cov: 839 ft: 2180 corp: 617/2186Kb lim: 65536 exec/s: 24310 rss: 1025Mb L: 41372/63714 MS: 3 ChangeByte-ChangeByte-EraseBytes-
#13103630	REDUCE cov: 839 ft: 2180 corp: 617/2186Kb lim: 65536 exec/s: 24311 rss: 1025Mb L: 91/63714 MS: 1 EraseBytes-
#13104568	REDUCE cov: 839 ft: 2180 corp: 617/2179Kb lim: 65536 exec/s: 24267 rss: 1025Mb L: 35377/63714 MS: 3 PersAutoDict-EraseBytes-CrossOver- DE: " (ctx->buf + ctx->rk_offset), "-
#13104569	REDUCE cov: 839 ft: 2180 corp: 617/2179Kb lim: 65536 exec/s: 24267 rss: 1025Mb L: 356/63714 MS: 1 EraseBytes-
#13105152	REDUCE cov: 839 ft: 2180 corp: 617/2179Kb lim: 65536 exec/s: 24268 rss: 1025Mb L: 2805/63714 MS: 3 ChangeByte-ShuffleBytes-EraseBytes-
#13105404	REDUCE cov: 839 ft: 2180 corp: 617/2179Kb lim: 65536 exec/s: 24269 rss: 1025Mb L: 765/63714 MS: 2 ChangeByte-EraseBytes-
#13106471	REDUCE cov: 839 ft: 2180 corp: 617/2179Kb lim: 65536 exec/s: 24226 rss: 1025Mb L: 3555/63714 MS: 2 ChangeByte-EraseBytes-
#13107647	REDUCE cov: 839 ft: 2180 corp: 617/2179Kb lim: 65536 exec/s: 24228 rss: 1025Mb L: 389/63714 MS: 1 EraseBytes-
#13107853	REDUCE cov: 839 ft: 2180 corp: 617/2179Kb lim: 65536 exec/s: 24228 rss: 1025Mb L: 260/63714 MS: 1 EraseBytes-
#13110586	REDUCE cov: 839 ft: 2180 corp: 617/2177Kb lim: 65536 exec/s: 24144 rss: 1025Mb L: 24710/63714 MS: 3 CMP-ChangeASCIIInt-EraseBytes- DE: "\377\377\377\377\377\377\377\024"-
#13110622	REDUCE cov: 839 ft: 2180 corp: 617/2177Kb lim: 65536 exec/s: 24144 rss: 1025Mb L: 802/63714 MS: 1 EraseBytes-
#13111673	REDUCE cov: 839 ft: 2180 corp: 617/2177Kb lim: 65536 exec/s: 24146 rss: 1025Mb L: 2418/63714 MS: 1 EraseBytes-
#13112738	REDUCE cov: 839 ft: 2180 corp: 617/2166Kb lim: 65536 exec/s: 24148 rss: 1025Mb L: 24187/63714 MS: 5 InsertByte-ChangeASCIIInt-PersAutoDict-ChangeByte-EraseBytes- DE: "L\020\224P"-
#13113581	REDUCE cov: 839 ft: 2180 corp: 617/2165Kb lim: 65536 exec/s: 24105 rss: 1025Mb L: 58406/63714 MS: 3 InsertByte-EraseBytes-CopyPart-
#13114077	REDUCE cov: 839 ft: 2180 corp: 617/2165Kb lim: 65536 exec/s: 24106 rss: 1025Mb L: 1056/63714 MS: 1 EraseBytes-
#13114629	REDUCE cov: 839 ft: 2180 corp: 617/2165Kb lim: 65536 exec/s: 24107 rss: 1025Mb L: 304/63714 MS: 2 InsertByte-EraseBytes-
#13114761	REDUCE cov: 839 ft: 2180 corp: 617/2163Kb lim: 65536 exec/s: 24108 rss: 1025Mb L: 36246/63714 MS: 2 InsertByte-EraseBytes-
#13115198	REDUCE cov: 839 ft: 2180 corp: 617/2163Kb lim: 65536 exec/s: 24064 rss: 1025Mb L: 721/63714 MS: 2 ChangeBit-EraseBytes-
#13115220	REDUCE cov: 839 ft: 2180 corp: 617/2163Kb lim: 65536 exec/s: 24064 rss: 1025Mb L: 12886/63714 MS: 2 ChangeBit-EraseBytes-
#13115681	REDUCE cov: 839 ft: 2180 corp: 617/2163Kb lim: 65536 exec/s: 24065 rss: 1025Mb L: 1023/63714 MS: 1 EraseBytes-
#13115692	REDUCE cov: 839 ft: 2180 corp: 617/2163Kb lim: 65536 exec/s: 24065 rss: 1025Mb L: 88/63714 MS: 1 EraseBytes-
#13117399	REDUCE cov: 839 ft: 2180 corp: 617/2163Kb lim: 65536 exec/s: 24024 rss: 1025Mb L: 515/63714 MS: 2 ManualDict-EraseBytes- DE: "9830B69916E535C8F047518A889A43A5"-
#13117440	REDUCE cov: 839 ft: 2180 corp: 617/2163Kb lim: 65536 exec/s: 24024 rss: 1025Mb L: 288/63714 MS: 1 EraseBytes-
#13118163	REDUCE cov: 839 ft: 2180 corp: 617/2163Kb lim: 65536 exec/s: 24025 rss: 1025Mb L: 3272/63714 MS: 3 ChangeByte-ChangeBit-EraseBytes-
#13118960	REDUCE cov: 839 ft: 2180 corp: 617/2162Kb lim: 65536 exec/s: 23983 rss: 1025Mb L: 20199/63714 MS: 2 ChangeBit-EraseBytes-
#13119985	REDUCE cov: 839 ft: 2180 corp: 617/2161Kb lim: 65536 exec/s: 23985 rss: 1025Mb L: 53310/63714 MS: 5 ShuffleBytes-InsertByte-EraseBytes-ChangeASCIIInt-InsertByte-
#13120748	REDUCE cov: 839 ft: 2180 corp: 617/2161Kb lim: 65536 exec/s: 23986 rss: 1025Mb L: 6438/63714 MS: 3 ShuffleBytes-InsertByte-EraseBytes-
#13120890	REDUCE cov: 839 ft: 2180 corp: 617/2153Kb lim: 65536 exec/s: 23987 rss: 1025Mb L: 16445/63714 MS: 2 ChangeASCIIInt-EraseBytes-
#13121091	REDUCE cov: 839 ft: 2180 corp: 617/2153Kb lim: 65536 exec/s: 23943 rss: 1025Mb L: 1156/63714 MS: 1 EraseBytes-
#13121124	REDUCE cov: 839 ft: 2180 corp: 617/2152Kb lim: 65536 exec/s: 23943 rss: 1025Mb L: 35652/63714 MS: 3 ManualDict-CMP-EraseBytes- DE: "DC"-"-Ty\377\377\377\004-----E!D CE"-
#13121465	REDUCE cov: 839 ft: 2180 corp: 617/2152Kb lim: 65536 exec/s: 23944 rss: 1025Mb L: 5344/63714 MS: 1 EraseBytes-
#13123483	REDUCE cov: 839 ft: 2180 corp: 617/2151Kb lim: 65536 exec/s: 23904 rss: 1025Mb L: 26861/63714 MS: 3 ChangeASCIIInt-ChangeBinInt-EraseBytes-
#13123632	REDUCE cov: 839 ft: 2180 corp: 617/2149Kb lim: 65536 exec/s: 23904 rss: 1025Mb L: 22182/63714 MS: 4 EraseBytes-ChangeBinInt-ChangeASCIIInt-CopyPart-
#13125464	REDUCE cov: 839 ft: 2180 corp: 617/2149Kb lim: 65536 exec/s: 23864 rss: 1025Mb L: 507/63714 MS: 2 ChangeASCIIInt-EraseBytes-
#13125870	REDUCE cov: 839 ft: 2180 corp: 617/2149Kb lim: 65536 exec/s: 23865 rss: 1025Mb L: 446/63714 MS: 1 EraseBytes-
#13126592	REDUCE cov: 839 ft: 2180 corp: 617/2148Kb lim: 65536 exec/s: 23866 rss: 1025Mb L: 28130/63714 MS: 2 ChangeByte-EraseBytes-
#13127448	REDUCE cov: 839 ft: 2180 corp: 617/2148Kb lim: 65536 exec/s: 23824 rss: 1025Mb L: 2702/63714 MS: 1 EraseBytes-
#13128410	REDUCE cov: 839 ft: 2180 corp: 617/2148Kb lim: 65536 exec/s: 23826 rss: 1025Mb L: 73/63714 MS: 2 ChangeByte-EraseBytes-
#13128796	REDUCE cov: 839 ft: 2182 corp: 618/2148Kb lim: 65536 exec/s: 23784 rss: 1025Mb L: 349/63714 MS: 1 CopyPart-
#13129492	REDUCE cov: 839 ft: 2182 corp: 618/2148Kb lim: 65536 exec/s: 23785 rss: 1025Mb L: 489/63714 MS: 1 EraseBytes-
#13129981	REDUCE cov: 839 ft: 2182 corp: 618/2147Kb lim: 65536 exec/s: 23786 rss: 1025Mb L: 4420/63714 MS: 4 ManualDict-ChangeASCIIInt-ChangeASCIIInt-EraseBytes- DE: "=w"-
#13130467	REDUCE cov: 839 ft: 2182 corp: 618/2147Kb lim: 65536 exec/s: 23787 rss: 1025Mb L: 2383/63714 MS: 1 EraseBytes-
#13130638	REDUCE cov: 839 ft: 2182 corp: 618/2147Kb lim: 65536 exec/s: 23744 rss: 1025Mb L: 291/63714 MS: 1 EraseBytes-
#13130947	REDUCE cov: 839 ft: 2182 corp: 618/2147Kb lim: 65536 exec/s: 23744 rss: 1025Mb L: 5196/63714 MS: 4 ManualDict-ChangeBit-ChangeBit-EraseBytes- DE: "ARIA-128-ECB"-
#13131703	REDUCE cov: 839 ft: 2182 corp: 618/2147Kb lim: 65536 exec/s: 23746 rss: 1025Mb L: 228/63714 MS: 1 EraseBytes-
#13131830	REDUCE cov: 839 ft: 2182 corp: 618/2147Kb lim: 65536 exec/s: 23746 rss: 1025Mb L: 2357/63714 MS: 2 CMP-EraseBytes- DE: "-----BEGIN CERTIFICATE-----"-
#13132176	REDUCE cov: 839 ft: 2182 corp: 618/2146Kb lim: 65536 exec/s: 23747 rss: 1025Mb L: 2641/63714 MS: 1 EraseBytes-
#13132374	REDUCE cov: 839 ft: 2182 corp: 618/2146Kb lim: 65536 exec/s: 23747 rss: 1025Mb L: 2489/63714 MS: 3 ChangeASCIIInt-CMP-EraseBytes- DE: "\012\000\000\000"-
#13132572	REDUCE cov: 839 ft: 2182 corp: 618/2146Kb lim: 65536 exec/s: 23747 rss: 1025Mb L: 1669/63714 MS: 3 ManualDict-ShuffleBytes-EraseBytes- DE: "DHM: X "-
#13134243	REDUCE cov: 839 ft: 2182 corp: 618/2146Kb lim: 65536 exec/s: 23708 rss: 1025Mb L: 12284/63714 MS: 1 EraseBytes-
#13135621	REDUCE cov: 839 ft: 2182 corp: 618/2145Kb lim: 65536 exec/s: 23667 rss: 1025Mb L: 60990/63714 MS: 3 EraseBytes-ChangeBit-CopyPart-
#13136140	REDUCE cov: 839 ft: 2182 corp: 618/2145Kb lim: 65536 exec/s: 23668 rss: 1025Mb L: 2309/63714 MS: 4 ChangeBit-ManualDict-CopyPart-EraseBytes- DE: "handshake hash"-
#13136214	REDUCE cov: 839 ft: 2182 corp: 618/2144Kb lim: 65536 exec/s: 23668 rss: 1025Mb L: 25941/63714 MS: 4 CrossOver-ChangeBinInt-CopyPart-EraseBytes-
#13136502	REDUCE cov: 839 ft: 2182 corp: 618/2144Kb lim: 65536 exec/s: 23669 rss: 1025Mb L: 106/63714 MS: 3 ChangeASCIIInt-ChangeByte-EraseBytes-
#13136571	REDUCE cov: 839 ft: 2182 corp: 618/2138Kb lim: 65536 exec/s: 23669 rss: 1025Mb L: 52214/63714 MS: 4 CMP-CopyPart-EraseBytes-CopyPart- DE: "-----END CERTIFICATE-----"-
#13136827	REDUCE cov: 839 ft: 2182 corp: 618/2138Kb lim: 65536 exec/s: 23669 rss: 1025Mb L: 74/63714 MS: 1 EraseBytes-
#13137472	REDUCE cov: 839 ft: 2182 corp: 618/2138Kb lim: 65536 exec/s: 23628 rss: 1025Mb L: 2274/63714 MS: 5 ChangeASCIIInt-CopyPart-InsertByte-ChangeASCIIInt-EraseBytes-
#13137664	REDUCE cov: 839 ft: 2182 corp: 618/2138Kb lim: 65536 exec/s: 23628 rss: 1025Mb L: 974/63714 MS: 2 CMP-EraseBytes- DE: "-----BEGIN CERTIFICATE-----"-
#13138568	REDUCE cov: 839 ft: 2182 corp: 618/2137Kb lim: 65536 exec/s: 23630 rss: 1025Mb L: 1713/63714 MS: 4 InsertByte-CMP-ChangeBit-EraseBytes- DE: "\002\000"-
#13138990	REDUCE cov: 839 ft: 2182 corp: 618/2137Kb lim: 65536 exec/s: 23631 rss: 1025Mb L: 22783/63714 MS: 2 EraseBytes-CopyPart-
#13139052	REDUCE cov: 839 ft: 2182 corp: 618/2136Kb lim: 65536 exec/s: 23631 rss: 1025Mb L: 25411/63714 MS: 2 CrossOver-EraseBytes-
#13139578	REDUCE cov: 839 ft: 2182 corp: 618/2136Kb lim: 65536 exec/s: 23589 rss: 1025Mb L: 293/63714 MS: 1 EraseBytes-
#13139939	REDUCE cov: 839 ft: 2182 corp: 618/2136Kb lim: 65536 exec/s: 23590 rss: 1025Mb L: 1503/63714 MS: 1 EraseBytes-
#13140305	REDUCE cov: 839 ft: 2182 corp: 618/2136Kb lim: 65536 exec/s: 23591 rss: 1025Mb L: 670/63714 MS: 1 EraseBytes-
#13140961	REDUCE cov: 839 ft: 2182 corp: 618/2134Kb lim: 65536 exec/s: 23592 rss: 1025Mb L: 18828/63714 MS: 1 EraseBytes-
#13141243	REDUCE cov: 839 ft: 2182 corp: 618/2133Kb lim: 65536 exec/s: 23592 rss: 1025Mb L: 277/63714 MS: 2 PersAutoDict-EraseBytes- DE: "0x1B"-
#13141685	REDUCE cov: 839 ft: 2182 corp: 618/2133Kb lim: 65536 exec/s: 23593 rss: 1025Mb L: 11170/63714 MS: 2 InsertByte-EraseBytes-
#13141701	REDUCE cov: 839 ft: 2182 corp: 618/2133Kb lim: 65536 exec/s: 23593 rss: 1025Mb L: 227/63714 MS: 1 EraseBytes-
#13142987	REDUCE cov: 839 ft: 2182 corp: 618/2133Kb lim: 65536 exec/s: 23553 rss: 1025Mb L: 595/63714 MS: 1 EraseBytes-
#13143778	REDUCE cov: 839 ft: 2182 corp: 618/2133Kb lim: 65536 exec/s: 23513 rss: 1025Mb L: 358/63714 MS: 1 EraseBytes-
#13143874	REDUCE cov: 839 ft: 2182 corp: 618/2131Kb lim: 65536 exec/s: 23513 rss: 1025Mb L: 32861/63714 MS: 1 EraseBytes-
#13146078	REDUCE cov: 839 ft: 2182 corp: 618/2131Kb lim: 65536 exec/s: 23475 rss: 1025Mb L: 2275/63714 MS: 4 ShuffleBytes-CrossOver-PersAutoDict-EraseBytes- DE: "DEK-Info: AES-256-CBC,D"-
#13146079	REDUCE cov: 839 ft: 2182 corp: 618/2131Kb lim: 65536 exec/s: 23475 rss: 1025Mb L: 18767/63714 MS: 1 EraseBytes-
#13146275	REDUCE cov: 839 ft: 2182 corp: 618/2130Kb lim: 65536 exec/s: 23475 rss: 1025Mb L: 398/63714 MS: 1 EraseBytes-
#13147976	REDUCE cov: 839 ft: 2182 corp: 618/2130Kb lim: 65536 exec/s: 23436 rss: 1025Mb L: 3153/63714 MS: 1 EraseBytes-
#13148287	REDUCE cov: 839 ft: 2182 corp: 618/2130Kb lim: 65536 exec/s: 23437 rss: 1025Mb L: 842/63714 MS: 1 EraseBytes-
#13148299	REDUCE cov: 839 ft: 2182 corp: 618/2128Kb lim: 65536 exec/s: 23437 rss: 1025Mb L: 21138/63714 MS: 2 ManualDict-EraseBytes- DE: "bad server hello done message"-
#13148476	REDUCE cov: 839 ft: 2182 corp: 618/2128Kb lim: 65536 exec/s: 23437 rss: 1025Mb L: 1455/63714 MS: 2 ChangeBinInt-EraseBytes-
#13148967	REDUCE cov: 839 ft: 2182 corp: 618/2128Kb lim: 65536 exec/s: 23438 rss: 1025Mb L: 1624/63714 MS: 1 EraseBytes-
#13150933	REDUCE cov: 839 ft: 2182 corp: 618/2128Kb lim: 65536 exec/s: 23400 rss: 1025Mb L: 225/63714 MS: 1 EraseBytes-
#13153044	REDUCE cov: 839 ft: 2182 corp: 618/2128Kb lim: 65536 exec/s: 23362 rss: 1025Mb L: 1301/63714 MS: 1 EraseBytes-
#13153235	REDUCE cov: 839 ft: 2182 corp: 618/2128Kb lim: 65536 exec/s: 23362 rss: 1025Mb L: 498/63714 MS: 1 EraseBytes-
#13153316	REDUCE cov: 839 ft: 2182 corp: 618/2128Kb lim: 65536 exec/s: 23362 rss: 1025Mb L: 1169/63714 MS: 1 EraseBytes-
#13154454	REDUCE cov: 839 ft: 2182 corp: 618/2127Kb lim: 65536 exec/s: 23364 rss: 1025Mb L: 62980/63654 MS: 3 ShuffleBytes-InsertRepeatedBytes-EraseBytes-
#13154767	REDUCE cov: 839 ft: 2182 corp: 618/2125Kb lim: 65536 exec/s: 23324 rss: 1025Mb L: 30786/63654 MS: 3 CMP-EraseBytes-CopyPart- DE: "\377\377\377\377\377\377\377\377"-
#13155066	REDUCE cov: 839 ft: 2182 corp: 618/2125Kb lim: 65536 exec/s: 23324 rss: 1025Mb L: 24271/63654 MS: 4 ManualDict-ManualDict-ChangeBinInt-EraseBytes- DE: "mbedtls/pkcs7.h"-"DES-ECB"-
#13155447	REDUCE cov: 839 ft: 2182 corp: 618/2125Kb lim: 65536 exec/s: 23325 rss: 1025Mb L: 241/63654 MS: 1 EraseBytes-
#13155585	REDUCE cov: 839 ft: 2182 corp: 618/2125Kb lim: 65536 exec/s: 23325 rss: 1025Mb L: 8134/63654 MS: 3 ShuffleBytes-InsertRepeatedBytes-EraseBytes-
#13156992	REDUCE cov: 839 ft: 2182 corp: 618/2125Kb lim: 65536 exec/s: 23286 rss: 1025Mb L: 1411/63654 MS: 2 ChangeBinInt-EraseBytes-
#13158970	REDUCE cov: 839 ft: 2182 corp: 618/2123Kb lim: 65536 exec/s: 23249 rss: 1025Mb L: 20234/63654 MS: 3 InsertRepeatedBytes-CopyPart-EraseBytes-
#13159597	REDUCE cov: 839 ft: 2182 corp: 618/2123Kb lim: 65536 exec/s: 23250 rss: 1025Mb L: 85/63654 MS: 2 ChangeASCIIInt-EraseBytes-
#13159978	REDUCE cov: 839 ft: 2182 corp: 618/2123Kb lim: 65536 exec/s: 23250 rss: 1025Mb L: 153/63654 MS: 1 EraseBytes-
#13160145	REDUCE cov: 839 ft: 2182 corp: 618/2122Kb lim: 65536 exec/s: 23251 rss: 1025Mb L: 53740/63654 MS: 2 InsertByte-EraseBytes-
#13162296	REDUCE cov: 839 ft: 2182 corp: 618/2122Kb lim: 65536 exec/s: 23173 rss: 1025Mb L: 4401/63654 MS: 1 EraseBytes-
#13163837	REDUCE cov: 839 ft: 2182 corp: 618/2122Kb lim: 65536 exec/s: 23175 rss: 1025Mb L: 87/63654 MS: 1 EraseBytes-
#13164894	REDUCE cov: 839 ft: 2182 corp: 618/2122Kb lim: 65536 exec/s: 23136 rss: 1025Mb L: 607/63654 MS: 2 ChangeBit-EraseBytes-
#13164988	REDUCE cov: 839 ft: 2182 corp: 618/2119Kb lim: 65536 exec/s: 23137 rss: 1025Mb L: 16727/63654 MS: 4 ShuffleBytes-CrossOver-ChangeBinInt-EraseBytes-
#13165861	REDUCE cov: 839 ft: 2182 corp: 618/2118Kb lim: 65536 exec/s: 23138 rss: 1025Mb L: 25079/63654 MS: 3 ChangeByte-ShuffleBytes-EraseBytes-
#13166683	REDUCE cov: 839 ft: 2182 corp: 618/2118Kb lim: 65536 exec/s: 23099 rss: 1025Mb L: 4162/63654 MS: 2 ChangeBinInt-EraseBytes-
#13167234	REDUCE cov: 839 ft: 2182 corp: 618/2118Kb lim: 65536 exec/s: 23100 rss: 1025Mb L: 1654/63654 MS: 1 EraseBytes-
#13169305	REDUCE cov: 839 ft: 2182 corp: 618/2118Kb lim: 65536 exec/s: 23063 rss: 1025Mb L: 18264/63654 MS: 1 EraseBytes-
#13170100	REDUCE cov: 839 ft: 2182 corp: 618/2115Kb lim: 65536 exec/s: 23024 rss: 1025Mb L: 57855/63654 MS: 5 EraseBytes-CrossOver-ChangeASCIIInt-ShuffleBytes-CopyPart-
#13170437	REDUCE cov: 839 ft: 2182 corp: 618/2115Kb lim: 65536 exec/s: 23025 rss: 1025Mb L: 407/63654 MS: 2 ChangeBinInt-EraseBytes-
#13171743	REDUCE cov: 839 ft: 2182 corp: 618/2115Kb lim: 65536 exec/s: 23027 rss: 1025Mb L: 223/63654 MS: 1 EraseBytes-
#13172000	REDUCE cov: 839 ft: 2182 corp: 618/2113Kb lim: 65536 exec/s: 23027 rss: 1025Mb L: 14586/63654 MS: 2 ChangeBit-EraseBytes-
#13173221	REDUCE cov: 839 ft: 2182 corp: 618/2113Kb lim: 65536 exec/s: 22989 rss: 1025Mb L: 37449/63654 MS: 1 EraseBytes-
#13174577	REDUCE cov: 839 ft: 2182 corp: 618/2113Kb lim: 65536 exec/s: 22952 rss: 1025Mb L: 3464/63654 MS: 1 EraseBytes-
#13176713	REDUCE cov: 839 ft: 2182 corp: 618/2112Kb lim: 65536 exec/s: 22955 rss: 1025Mb L: 3118/63654 MS: 1 EraseBytes-
#13177320	REDUCE cov: 839 ft: 2182 corp: 618/2111Kb lim: 65536 exec/s: 22917 rss: 1025Mb L: 23734/63654 MS: 2 InsertByte-EraseBytes-
#13177686	REDUCE cov: 839 ft: 2182 corp: 618/2111Kb lim: 65536 exec/s: 22917 rss: 1025Mb L: 1970/63654 MS: 1 EraseBytes-
#13178664	REDUCE cov: 839 ft: 2182 corp: 618/2111Kb lim: 65536 exec/s: 22919 rss: 1025Mb L: 490/63654 MS: 3 InsertRepeatedBytes-ChangeByte-EraseBytes-
#13179130	REDUCE cov: 839 ft: 2182 corp: 618/2110Kb lim: 65536 exec/s: 22920 rss: 1025Mb L: 21670/63654 MS: 1 EraseBytes-
#13181553	REDUCE cov: 839 ft: 2182 corp: 618/2109Kb lim: 65536 exec/s: 22844 rss: 1025Mb L: 52863/63654 MS: 3 ChangeASCIIInt-CopyPart-EraseBytes-
#13181631	REDUCE cov: 839 ft: 2182 corp: 618/2108Kb lim: 65536 exec/s: 22845 rss: 1025Mb L: 22849/63654 MS: 3 ChangeByte-ChangeByte-EraseBytes-
#13182115	REDUCE cov: 839 ft: 2182 corp: 618/2108Kb lim: 65536 exec/s: 22845 rss: 1025Mb L: 4620/63654 MS: 4 ChangeBinInt-PersAutoDict-CopyPart-EraseBytes- DE: "<= write certificate verify"-
#13182726	REDUCE cov: 839 ft: 2182 corp: 618/2108Kb lim: 65536 exec/s: 22847 rss: 1025Mb L: 282/63654 MS: 1 EraseBytes-
#13183348	REDUCE cov: 839 ft: 2182 corp: 618/2108Kb lim: 65536 exec/s: 22848 rss: 1025Mb L: 383/63654 MS: 2 ChangeBit-EraseBytes-
#13183655	REDUCE cov: 839 ft: 2182 corp: 618/2108Kb lim: 65536 exec/s: 22848 rss: 1025Mb L: 615/63654 MS: 2 InsertByte-EraseBytes-
#13184296	REDUCE cov: 839 ft: 2182 corp: 618/2107Kb lim: 65536 exec/s: 22810 rss: 1025Mb L: 23955/63654 MS: 1 EraseBytes-
#13185011	REDUCE cov: 839 ft: 2182 corp: 618/2107Kb lim: 65536 exec/s: 22811 rss: 1025Mb L: 62364/63654 MS: 5 ShuffleBytes-ShuffleBytes-InsertByte-ShuffleBytes-EraseBytes-
#13187394	REDUCE cov: 839 ft: 2182 corp: 618/2106Kb lim: 65536 exec/s: 22776 rss: 1025Mb L: 3975/63654 MS: 3 CMP-ChangeBit-EraseBytes- DE: "-----BEGIN CERTIFICATE-----"-
#13188570	REDUCE cov: 839 ft: 2182 corp: 618/2106Kb lim: 65536 exec/s: 22738 rss: 1025Mb L: 272/63654 MS: 1 EraseBytes-
#13189451	REDUCE cov: 839 ft: 2182 corp: 618/2106Kb lim: 65536 exec/s: 22740 rss: 1025Mb L: 853/63654 MS: 1 EraseBytes-
#13190243	REDUCE cov: 839 ft: 2182 corp: 618/2106Kb lim: 65536 exec/s: 22702 rss: 1025Mb L: 20218/63654 MS: 2 PersAutoDict-EraseBytes- DE: "g*+\031"-
#13191020	REDUCE cov: 839 ft: 2182 corp: 618/2106Kb lim: 65536 exec/s: 22703 rss: 1025Mb L: 1053/63654 MS: 2 CMP-EraseBytes- DE: "\000\001"-
#13191506	REDUCE cov: 839 ft: 2182 corp: 618/2106Kb lim: 65536 exec/s: 22704 rss: 1025Mb L: 2247/63654 MS: 1 EraseBytes-
#13191638	REDUCE cov: 839 ft: 2182 corp: 618/2106Kb lim: 65536 exec/s: 22705 rss: 1025Mb L: 168/63654 MS: 2 CopyPart-EraseBytes-
#13192698	REDUCE cov: 839 ft: 2182 corp: 618/2105Kb lim: 65536 exec/s: 22667 rss: 1025Mb L: 22185/63654 MS: 5 ChangeBit-ChangeBinInt-ChangeASCIIInt-ChangeBinInt-EraseBytes-
#13193704	REDUCE cov: 839 ft: 2182 corp: 618/2105Kb lim: 65536 exec/s: 22669 rss: 1025Mb L: 3868/63654 MS: 1 EraseBytes-
#13193898	REDUCE cov: 839 ft: 2182 corp: 618/2105Kb lim: 65536 exec/s: 22669 rss: 1025Mb L: 52553/63654 MS: 4 ShuffleBytes-PersAutoDict-InsertRepeatedBytes-EraseBytes- DE: "RSA"-
#13194204	REDUCE cov: 839 ft: 2182 corp: 618/2104Kb lim: 65536 exec/s: 22670 rss: 1025Mb L: 46358/63654 MS: 1 EraseBytes-
#13195460	REDUCE cov: 839 ft: 2182 corp: 618/2104Kb lim: 65536 exec/s: 22633 rss: 1025Mb L: 202/63654 MS: 1 EraseBytes-
#13195821	REDUCE cov: 839 ft: 2182 corp: 618/2104Kb lim: 65536 exec/s: 22634 rss: 1025Mb L: 356/63654 MS: 1 EraseBytes-
#13196543	REDUCE cov: 839 ft: 2182 corp: 618/2104Kb lim: 65536 exec/s: 22596 rss: 1025Mb L: 13911/63654 MS: 2 ShuffleBytes-EraseBytes-
#13196805	REDUCE cov: 839 ft: 2182 corp: 618/2104Kb lim: 65536 exec/s: 22597 rss: 1025Mb L: 4016/63654 MS: 2 ShuffleBytes-EraseBytes-
#13198151	REDUCE cov: 839 ft: 2182 corp: 618/2104Kb lim: 65536 exec/s: 22560 rss: 1025Mb L: 3566/63654 MS: 1 EraseBytes-
#13199348	REDUCE cov: 839 ft: 2182 corp: 618/2104Kb lim: 65536 exec/s: 22562 rss: 1025Mb L: 581/63654 MS: 2 ManualDict-EraseBytes- DE: "AES-128-ECB"-
#13200656	REDUCE cov: 839 ft: 2182 corp: 618/2103Kb lim: 65536 exec/s: 22526 rss: 1025Mb L: 40825/63654 MS: 3 InsertByte-InsertRepeatedBytes-EraseBytes-
#13201183	REDUCE cov: 839 ft: 2182 corp: 618/2103Kb lim: 65536 exec/s: 22527 rss: 1025Mb L: 62275/63654 MS: 2 CMP-EraseBytes- DE: "\000\000\000\323"-
#13203125	REDUCE cov: 839 ft: 2182 corp: 618/2103Kb lim: 65536 exec/s: 22492 rss: 1025Mb L: 1755/63654 MS: 2 PersAutoDict-EraseBytes- DE: "SHA3-512"-
#13204047	REDUCE cov: 839 ft: 2182 corp: 618/2103Kb lim: 65536 exec/s: 22494 rss: 1025Mb L: 112/63654 MS: 2 CMP-EraseBytes- DE: "K\000\000\000\000\000\000\000"-
#13204405	REDUCE cov: 839 ft: 2182 corp: 618/2102Kb lim: 65536 exec/s: 22456 rss: 1025Mb L: 21205/63654 MS: 3 ShuffleBytes-CMP-EraseBytes- DE: "\377\377\377\377\377\377\377&"-
#13205216	REDUCE cov: 839 ft: 2182 corp: 618/2102Kb lim: 65536 exec/s: 22457 rss: 1025Mb L: 303/63654 MS: 1 EraseBytes-
#13207284	REDUCE cov: 839 ft: 2182 corp: 618/2102Kb lim: 65536 exec/s: 22423 rss: 1025Mb L: 1154/63654 MS: 3 ChangeByte-ChangeByte-EraseBytes-
#13208557	REDUCE cov: 839 ft: 2182 corp: 618/2102Kb lim: 65536 exec/s: 22425 rss: 1025Mb L: 445/63654 MS: 3 ChangeASCIIInt-ChangeByte-EraseBytes-
#13209470	REDUCE cov: 839 ft: 2182 corp: 618/2102Kb lim: 65536 exec/s: 22388 rss: 1025Mb L: 25908/63654 MS: 3 ChangeASCIIInt-PersAutoDict-EraseBytes- DE: "AES-256-XTS"-
#13209617	REDUCE cov: 839 ft: 2182 corp: 618/2102Kb lim: 65536 exec/s: 22389 rss: 1025Mb L: 150/63654 MS: 2 CopyPart-EraseBytes-
#13209620	REDUCE cov: 839 ft: 2182 corp: 618/2102Kb lim: 65536 exec/s: 22389 rss: 1025Mb L: 3967/63654 MS: 3 ChangeByte-ChangeASCIIInt-EraseBytes-
#13209887	REDUCE cov: 839 ft: 2182 corp: 618/2101Kb lim: 65536 exec/s: 22389 rss: 1025Mb L: 27003/63654 MS: 2 ManualDict-EraseBytes- DE: "bad legacy compression method"-
#13212896	REDUCE cov: 839 ft: 2182 corp: 618/2098Kb lim: 65536 exec/s: 22356 rss: 1025Mb L: 17626/63654 MS: 4 CMP-ChangeByte-CMP-EraseBytes- DE: "*\206H\316=\310\252["-"\377/"-
#13213308	REDUCE cov: 839 ft: 2182 corp: 618/2098Kb lim: 65536 exec/s: 22319 rss: 1025Mb L: 860/63654 MS: 2 ChangeByte-EraseBytes-
#13214259	REDUCE cov: 839 ft: 2182 corp: 618/2098Kb lim: 65536 exec/s: 22321 rss: 1025Mb L: 1050/63654 MS: 1 EraseBytes-
#13214471	REDUCE cov: 839 ft: 2182 corp: 618/2095Kb lim: 65536 exec/s: 22321 rss: 1025Mb L: 45228/63654 MS: 2 CopyPart-EraseBytes-
#13214497	REDUCE cov: 839 ft: 2182 corp: 618/2095Kb lim: 65536 exec/s: 22321 rss: 1025Mb L: 489/63654 MS: 1 EraseBytes-
#13214664	REDUCE cov: 839 ft: 2182 corp: 618/2093Kb lim: 65536 exec/s: 22322 rss: 1025Mb L: 19521/63654 MS: 2 CMP-EraseBytes- DE: "DEK-Info: DES-CFIC"-
#13216795	REDUCE cov: 839 ft: 2182 corp: 618/2093Kb lim: 65536 exec/s: 22288 rss: 1025Mb L: 167/63654 MS: 1 EraseBytes-
#13217001	REDUCE cov: 839 ft: 2182 corp: 618/2093Kb lim: 65536 exec/s: 22288 rss: 1025Mb L: 253/63654 MS: 1 EraseBytes-
#13219087	REDUCE cov: 839 ft: 2182 corp: 618/2093Kb lim: 65536 exec/s: 22254 rss: 1025Mb L: 57581/63654 MS: 1 EraseBytes-
#13219514	REDUCE cov: 839 ft: 2182 corp: 618/2093Kb lim: 65536 exec/s: 22255 rss: 1025Mb L: 1072/63654 MS: 2 ShuffleBytes-EraseBytes-
#13220721	REDUCE cov: 839 ft: 2182 corp: 618/2093Kb lim: 65536 exec/s: 22219 rss: 1025Mb L: 10101/63654 MS: 2 ChangeASCIIInt-EraseBytes-
#13221099	REDUCE cov: 839 ft: 2182 corp: 618/2092Kb lim: 65536 exec/s: 22220 rss: 1025Mb L: 1552/63654 MS: 3 ChangeASCIIInt-CopyPart-EraseBytes-
#13221240	REDUCE cov: 839 ft: 2182 corp: 618/2092Kb lim: 65536 exec/s: 22220 rss: 1025Mb L: 2273/63654 MS: 1 EraseBytes-
#13222734	REDUCE cov: 839 ft: 2182 corp: 618/2091Kb lim: 65536 exec/s: 22185 rss: 1025Mb L: 34558/63654 MS: 4 ChangeByte-ShuffleBytes-CMP-EraseBytes- DE: "-----BEGIN CERTIFICATE-----"-
#13222936	REDUCE cov: 839 ft: 2182 corp: 618/2091Kb lim: 65536 exec/s: 22186 rss: 1025Mb L: 394/63654 MS: 2 ChangeBit-EraseBytes-
#13225958	REDUCE cov: 839 ft: 2182 corp: 618/2091Kb lim: 65536 exec/s: 22154 rss: 1025Mb L: 584/63654 MS: 2 CMP-EraseBytes- DE: "L\366yu"-
#13226219	REDUCE cov: 839 ft: 2182 corp: 618/2091Kb lim: 65536 exec/s: 22154 rss: 1025Mb L: 926/63654 MS: 1 EraseBytes-
#13227546	REDUCE cov: 839 ft: 2182 corp: 618/2091Kb lim: 65536 exec/s: 22119 rss: 1025Mb L: 241/63654 MS: 2 ChangeBinInt-EraseBytes-
#13227599	REDUCE cov: 839 ft: 2182 corp: 618/2091Kb lim: 65536 exec/s: 22119 rss: 1025Mb L: 51868/63654 MS: 3 CMP-ManualDict-EraseBytes- DE: "\377\377\377\377\377\377\002\""-"Opaque"-
#13229660	REDUCE cov: 839 ft: 2182 corp: 618/2091Kb lim: 65536 exec/s: 22086 rss: 1025Mb L: 5045/63654 MS: 1 EraseBytes-
#13230014	REDUCE cov: 839 ft: 2182 corp: 618/2091Kb lim: 65536 exec/s: 22086 rss: 1025Mb L: 5895/63654 MS: 4 ChangeBit-ShuffleBytes-ChangeBinInt-EraseBytes-
#13230496	REDUCE cov: 839 ft: 2182 corp: 618/2091Kb lim: 65536 exec/s: 22087 rss: 1025Mb L: 256/63654 MS: 2 ChangeASCIIInt-EraseBytes-
#13233692	REDUCE cov: 839 ft: 2182 corp: 618/2091Kb lim: 65536 exec/s: 22056 rss: 1025Mb L: 222/63654 MS: 1 EraseBytes-
#13233857	DONE   cov: 839 ft: 2182 corp: 618/2091Kb lim: 65536 exec/s: 22019 rss: 1025Mb
###### Recommended dictionary. ######
"\001\000\000\000\000\000\000\000" # Uses: 5503
"\002\000\000\000\000\000\000\000" # Uses: 5336
"\376\377\334\236" # Uses: 5358
"U\035#" # Uses: 5526
"-----BEGIN CERTIFICATE-----" # Uses: 5306
"\001\000\000\000\000\000\000\003" # Uses: 5432
"U\035\021" # Uses: 5397
"\377\377\377\377\377\377\377\007" # Uses: 5329
"}!t-" # Uses: 5436
"\304N\334\250" # Uses: 5391
"-----END CERTIFICATE-----" # Uses: 5404
"*\206H\316=\004\003\004" # Uses: 5427
"\376\377\335\234" # Uses: 5430
"\000\000\000\000\000\000\001\325" # Uses: 5243
"\262\311\317\014" # Uses: 5388
"\342\340;\006" # Uses: 5468
"\377\377" # Uses: 5421
"\000\000\000\000" # Uses: 5365
"\377\377\377\377\377\377\377\000" # Uses: 5299
"\377\377\377\377\376\377\377\377" # Uses: 5277
"\001\000\000\000\000\000\001\315" # Uses: 5377
"\252\370\234\273" # Uses: 5339
"\001\000\000\000\000\000\000\002" # Uses: 5330
"*\2062H\316=\004\003" # Uses: 5386
"U\035\023" # Uses: 5442
"\000\000\000\000\000\000\001\236" # Uses: 5332
"U\035%" # Uses: 5346
"*\206H\206\367\015\001\001\005" # Uses: 5345
"\000\000\000\000\000\000\000\000" # Uses: 5240
"\000\000\000\000\000\000\000\001" # Uses: 5388
"\000\000\000\000\000\000\002\207" # Uses: 5280
"*\206H\206\367\015\001\001\016" # Uses: 5346
"\377\377\377\377\000\000\000\001" # Uses: 5542
"*\206H\206\367\015\001\001\013" # Uses: 5254
"\021\000\000\000\000\000\000\000" # Uses: 5266
"\000\000\000\000\000\000\001r" # Uses: 5294
"\001\000\000\000\000\000\000\001" # Uses: 5351
"\032\000" # Uses: 5309
"\013\000\000\000" # Uses: 5290
"U\235%" # Uses: 5277
"E\002\000\000\000\000\000\000" # Uses: 5276
"\000\000\000\001" # Uses: 5317
"=\000\000\000\000\000\000\000" # Uses: 5417
"\377\377\377\377\377\377\000w" # Uses: 5151
"U\035\017" # Uses: 5301
"\012\000" # Uses: 5258
"U\035 " # Uses: 5219
"\377\377\377\031" # Uses: 5242
"\030\000\000\000\000\000\000\000" # Uses: 5206
"\000\000" # Uses: 5151
"*\206H\316=\003\001\001" # Uses: 5136
"\322\377\377\377" # Uses: 5086
"\002\000\000\000" # Uses: 5141
"\003\000\000\000" # Uses: 5128
"\001e" # Uses: 5068
"\017\000\000\000\000\000\000\000" # Uses: 5171
"\003)7a" # Uses: 5141
"\233\\\304%" # Uses: 5145
"*\206H\316=\004\003\002" # Uses: 5051
";\316<>'\322`K" # Uses: 5016
"?\302%\274" # Uses: 4983
"\027\000\000\000\000\000\000\000" # Uses: 4927
"Xc\230\020" # Uses: 4955
"*\206H\206\367\015\001\001\004" # Uses: 4922
"\352C*T" # Uses: 4823
"\010\000\000\000\000\000\000\000" # Uses: 4779
"\001\000" # Uses: 4797
"\377\377\377\377\377\377\377\001" # Uses: 4753
"\001\000\000\022" # Uses: 4464
"*\243|;" # Uses: 4517
"\377\377\377\377\377\377\000u" # Uses: 4484
"\001\000\000\005" # Uses: 4591
"\377\377\377\377" # Uses: 4410
"*\206\377\377\377\377\377\377" # Uses: 4396
"U*%" # Uses: 4534
"\020\000\000\000\000\000\000\000" # Uses: 4464
"\011\000\000\000\000\000\000\000" # Uses: 3966
"*\206H\206\367\015\001\001\012" # Uses: 3841
"\250!\347\206" # Uses: 3345
"]\001\000\000\000\000\000\000" # Uses: 3338
"\206\002\000\000\000\000\000\000" # Uses: 3118
"\221y/\356" # Uses: 3203
"\304^\343\016" # Uses: 2045
"*\206H\316=\004\003\206" # Uses: 2017
"\203\2547H" # Uses: 1740
"\001\000\000\000\000\000\000\013" # Uses: 1689
"+\006\001\005\005\007\010\004" # Uses: 1735
"\022\001\000\000\000\000\000\000" # Uses: 648
"*\206H\316\301\002\001" # Uses: 355
"\372=\345Q" # Uses: 283
"\321\377\377\377" # Uses: 310
"\377\377\377\377\377\377\000[" # Uses: 298
"Proc-Type: 4,ENCRYPTED" # Uses: 274
"*\206H\206\367\015\001\001\001" # Uses: 310
"r--M-C CERTIFICATE----" # Uses: 285
"\323\356\377\377" # Uses: 281
"\377\377\377\377\377\377\377\377" # Uses: 306
"U\035\016" # Uses: 284
"\000\000\000\000\000\000\000\025" # Uses: 280
"\260\253\005\011" # Uses: 274
"\361\377\377\377" # Uses: 305
"\377\377\377\377\377\377\377\012" # Uses: 294
")\000\000\000\000\000\000\000" # Uses: 294
"\376\377\336\200" # Uses: 291
"\251\000\000\000\000\000\000\000" # Uses: 292
"\001\000\000\000" # Uses: 291
"U\035\006" # Uses: 286
"\025\000\000\000\000\000\000\000" # Uses: 264
"\264\001\000\000\000\000\000\000" # Uses: 282
"U\035\003" # Uses: 276
"\245\021\202\020" # Uses: 270
"\357\030\372\215" # Uses: 284
"\216\223?\036" # Uses: 248
"*M-----E" # Uses: 275
"\000\000\000\000\000\000\000\226" # Uses: 309
"\001\002" # Uses: 287
"\001\000\000\000\000\000\000(" # Uses: 261
"\377\377\377\011" # Uses: 238
"\005\000" # Uses: 260
"\377\377\377\377\377\377\377\262" # Uses: 282
"*:H\206\367\015\001\001\013" # Uses: 268
"\001\000\000\000\000\000\002\346" # Uses: 289
"\377\377\377/" # Uses: 275
"\001\000\000\000\000\000\000\015" # Uses: 275
"\0010" # Uses: 258
"DEK-Info: DES-CBC," # Uses: 270
"\356\3508^" # Uses: 238
"\377\377\377\004" # Uses: 262
"\230\000\000\000\000\000\000\000" # Uses: 239
"(\000\000\000\000\000\000\000" # Uses: 245
"-Type: -----E\377\377\377\377\377" # Uses: 246
"DEK-Info: DES-EDE3-CBC," # Uses: 259
"\377\377\377\377\377\377\377\245" # Uses: 235
"DEK-Info: DES%EDE3-CBC," # Uses: 231
"*\206H\316=\004\003\001" # Uses: 206
"\377\377\377\377\377\377\377F" # Uses: 240
"DEK-Info: DESo" # Uses: 238
"DEK-I\377\377\377\377 DES-EDE3-CBC," # Uses: 264
"\377\377\377\377\377\377\377\022" # Uses: 229
"n\001\000\000\000\000\000\000" # Uses: 269
"\377\010" # Uses: 257
"Proc-Type: 5,ENCRYPTED" # Uses: 226
"DEK-Info: AES-" # Uses: 237
"\001\006" # Uses: 213
"DEK-Info: AES-192-CBC," # Uses: 279
"\377\377\377\353" # Uses: 232
"\377\377\377\377\377\377\377\027" # Uses: 228
"\271\000\000\000\000\000\000\000" # Uses: 253
"\177\336\377\377" # Uses: 257
"Proc-Type: 8,ENCRYPTED" # Uses: 245
"\000\000\305\230" # Uses: 228
"\217Proc-Type: 4,ENCRYPTE" # Uses: 221
"\000\000\336\234" # Uses: 215
"\012\000\000\000\000\000\000\000" # Uses: 245
"DEK-Info: AES-256-CBC," # Uses: 234
"-Type: -----EN" # Uses: 241
"\351\377\377\377" # Uses: 220
"\222\377\377\377" # Uses: 218
"DEK-Info\306\337DES-CBC," # Uses: 237
"\177d\300\013" # Uses: 210
"g*+\031" # Uses: 263
"-------6---EGBIN CERTI" # Uses: 228
"DEK-Inko: DESo" # Uses: 245
"\001\003" # Uses: 227
"\034\336\377\377" # Uses: 226
"Pr\012M---D CERTIFICATE--" # Uses: 213
"\001;" # Uses: 219
"\215\000\000\000\000\000\000\000" # Uses: 229
"O\223K\213" # Uses: 224
"\002\000" # Uses: 214
"\000\000\356\200" # Uses: 203
"*\206H\316\377\377\377\377" # Uses: 222
"l\230#_" # Uses: 218
"\024\000\000\000\000\000\000\000" # Uses: 207
"\377\377\377\377\377\377\377\025" # Uses: 195
"\377\377\377\005" # Uses: 218
"\001\000\000\000\000\000\013\233" # Uses: 208
"\377\377\377\377\377\377\377\330" # Uses: 182
"\377\011" # Uses: 195
"J\222\347\027" # Uses: 215
"DEK-Info:\377-----BEG" # Uses: 211
"\223FF\030" # Uses: 202
"\231\271\012|" # Uses: 199
"\\\357fH" # Uses: 197
"\001\012" # Uses: 206
"\376\377\356\324" # Uses: 190
"\377\377\377\324" # Uses: 210
"Proc-Type: 3,ENCRYPTED" # Uses: 195
"\001\000\000\000\000\000\000\030" # Uses: 193
"DEK-Info: D--END CERTIF" # Uses: 187
"\377\377\377\236" # Uses: 173
"t\000\000\000\000\000\000\000" # Uses: 174
"\000\000\000\000\000\000\000\304" # Uses: 186
"\377\377\377\377\377\377\3771" # Uses: 178
"0\000\000\000" # Uses: 194
"\377\377\377\026" # Uses: 175
"\226\352\301\220" # Uses: 173
"\0001" # Uses: 178
"\033\000" # Uses: 187
"n\000\000\000\000\000\000\000" # Uses: 173
"DEK-Info: DESES-EF" # Uses: 179
"*\206H\3160\002\004=" # Uses: 190
"\001\033" # Uses: 154
"\376\377\377\236" # Uses: 180
"DEK-Info: AES-256-" # Uses: 176
"\007\000\000\000" # Uses: 165
"\377\377\377\377\377\377\001\247" # Uses: 149
"DEK-Hnfo: AES-128-" # Uses: 163
"L\020\224P" # Uses: 173
"\301\233\266\214" # Uses: 125
"\001\000\000\000\000\000\000v" # Uses: 163
"DEK-Info: DES-----" # Uses: 115
"DEK-fonI: DES-CBC,-192-" # Uses: 152
"\377\377\335\234" # Uses: 143
"\223\377\377\377" # Uses: 158
"2-KWPTEDProc-T" # Uses: 124
",\000\000\000" # Uses: 142
"Proc-Type: 4,ENCRYPTEL" # Uses: 129
"\377\377\377\001" # Uses: 126
"\034\000" # Uses: 109
"\015\000\000\000\000\000\000\000" # Uses: 123
"\224\377\377\377" # Uses: 136
"p\006\205\261" # Uses: 128
"DEK-Info: END CERTIFICA" # Uses: 120
"\376\377\377\322" # Uses: 108
"\377\001" # Uses: 118
"\377\377\377\377\377\377\377\017" # Uses: 116
"DEK-Info: DES-\275\275\274\323" # Uses: 98
"\3770" # Uses: 103
"\017V\253[" # Uses: 104
"\377\026" # Uses: 103
"P\224\020M" # Uses: 91
"\237\377\377\377" # Uses: 70
"\230\011#s" # Uses: 109
"\377\377\377\377\377\377\377\024" # Uses: 70
"\377\377\377\377\377\377\377h" # Uses: 72
"D\377\377-----BEGIN " # Uses: 89
"\377\377\377\377\377\377\377\006" # Uses: 74
"\225f\356v" # Uses: 81
"\323\377\377\377" # Uses: 62
"DEK-Info:\377----" # Uses: 60
"DEK-In&fo: DES" # Uses: 72
"DEK-Info: AES-256-CBC,D" # Uses: 57
"\000\000\000\000\000\000\000g" # Uses: 63
"\244\021\202\020" # Uses: 40
"\323\331\377\377" # Uses: 45
"\001>" # Uses: 56
"\377@" # Uses: 59
"\205$\014+" # Uses: 44
"<\000\000\000\000\000\000\000" # Uses: 43
"DEK-Info: D--END C" # Uses: 49
"-----END CERTIFICAT\373E-" # Uses: 46
":\000" # Uses: 35
"\377\377&\017" # Uses: 39
"\036\000\000\000\000\000\000\000" # Uses: 32
"\013\000" # Uses: 28
"\000\000\000\012" # Uses: 36
",\262\335\366" # Uses: 37
"DEK-InfoEDS: -" # Uses: 27
"\004\000" # Uses: 17
"-Ty\377\377\377\004-----E!D CE" # Uses: 15
"\012\000\000\000" # Uses: 14
"\000\001" # Uses: 4
"\000\000\000\323" # Uses: 6
"K\000\000\000\000\000\000\000" # Uses: 4
"\377\377\377\377\377\377\377&" # Uses: 4
"*\206H\316=\310\252[" # Uses: 2
"\377/" # Uses: 1
"DEK-Info: DES-CFIC" # Uses: 1
"L\366yu" # Uses: 3
"\377\377\377\377\377\377\002\"" # Uses: 0
###### End of recommended dictionary. ######
Done 13233857 runs in 601 second(s)
stat::number_of_executed_units: 13233857
stat::average_exec_per_sec:     22019
stat::new_units_added:          5492
stat::slowest_unit_time_sec:    0
stat::peak_rss_mb:              1025
