Dictionary: 340 entries
INFO: Running with entropic power schedule (0xFF, 100).
INFO: Seed: 1285688234
INFO: Loaded 1 modules   (18073 inline 8-bit counters): 18073 [0xaaaac86ec9c0, 0xaaaac86f1059), 
INFO: Loaded 1 PC tables (18073 PCs): 18073 [0xaaaac86f1060,0xaaaac87379f0), 
INFO:       25 files found in /b/runs/zstd__ZSTD_decompress/corpus
INFO: seed corpus: files: 25 min: 3b max: 1516b total: 5159b rss: 43Mb
#26	INITED cov: 152 ft: 158 corp: 19/1889b exec/s: 0 rss: 45Mb
#27	NEW    cov: 152 ft: 159 corp: 20/1913b lim: 1418 exec/s: 0 rss: 45Mb L: 24/1418 MS: 1 ShuffleBytes-
#36	REDUCE cov: 152 ft: 159 corp: 20/1912b lim: 1418 exec/s: 0 rss: 46Mb L: 5/1418 MS: 4 ShuffleBytes-EraseBytes-ChangeBinInt-InsertByte-
#47	NEW    cov: 152 ft: 168 corp: 21/2005b lim: 1418 exec/s: 0 rss: 47Mb L: 93/1418 MS: 1 InsertRepeatedBytes-
#75	REDUCE cov: 152 ft: 168 corp: 21/2004b lim: 1418 exec/s: 0 rss: 48Mb L: 2/1418 MS: 3 CrossOver-CrossOver-EraseBytes-
#156	NEW    cov: 152 ft: 177 corp: 22/2097b lim: 1418 exec/s: 0 rss: 50Mb L: 93/1418 MS: 1 ChangeBit-
#164	REDUCE cov: 152 ft: 177 corp: 22/2090b lim: 1418 exec/s: 0 rss: 50Mb L: 18/1418 MS: 3 ChangeByte-ShuffleBytes-EraseBytes-
#200	NEW    cov: 153 ft: 178 corp: 23/2101b lim: 1418 exec/s: 0 rss: 51Mb L: 11/1418 MS: 1 EraseBytes-
#216	NEW    cov: 153 ft: 187 corp: 24/2194b lim: 1418 exec/s: 0 rss: 52Mb L: 93/1418 MS: 1 ChangeBinInt-
#232	REDUCE cov: 153 ft: 187 corp: 24/2177b lim: 1418 exec/s: 0 rss: 53Mb L: 102/1418 MS: 1 EraseBytes-
#239	REDUCE cov: 153 ft: 187 corp: 24/2149b lim: 1418 exec/s: 0 rss: 53Mb L: 65/1418 MS: 2 CopyPart-EraseBytes-
#267	NEW    cov: 153 ft: 188 corp: 25/2243b lim: 1418 exec/s: 0 rss: 54Mb L: 94/1418 MS: 3 ChangeByte-InsertByte-CrossOver-
#309	NEW    cov: 154 ft: 189 corp: 26/2268b lim: 1418 exec/s: 0 rss: 55Mb L: 25/1418 MS: 2 CopyPart-InsertByte-
#326	NEW    cov: 155 ft: 190 corp: 27/2283b lim: 1418 exec/s: 0 rss: 56Mb L: 15/1418 MS: 2 ChangeBinInt-CopyPart-
#357	REDUCE cov: 155 ft: 199 corp: 28/2348b lim: 1418 exec/s: 0 rss: 57Mb L: 65/1418 MS: 1 ManualDict- DE: "An I/O error occurred when reading/seeking"-
#374	REDUCE cov: 155 ft: 199 corp: 28/2329b lim: 1418 exec/s: 0 rss: 57Mb L: 74/1418 MS: 2 ShuffleBytes-EraseBytes-
#376	REDUCE cov: 155 ft: 199 corp: 28/2287b lim: 1418 exec/s: 0 rss: 57Mb L: 51/1418 MS: 2 ChangeBit-EraseBytes-
#387	REDUCE cov: 155 ft: 199 corp: 28/2252b lim: 1418 exec/s: 0 rss: 58Mb L: 59/1418 MS: 1 EraseBytes-
#419	NEW    cov: 157 ft: 201 corp: 29/2262b lim: 1418 exec/s: 0 rss: 59Mb L: 10/1418 MS: 2 CrossOver-EraseBytes-
#431	NEW    cov: 158 ft: 202 corp: 30/2280b lim: 1418 exec/s: 0 rss: 59Mb L: 18/1418 MS: 2 ChangeByte-ChangeBit-
#452	REDUCE cov: 158 ft: 202 corp: 30/2270b lim: 1418 exec/s: 0 rss: 60Mb L: 49/1418 MS: 1 EraseBytes-
#454	NEW    cov: 159 ft: 203 corp: 31/2294b lim: 1418 exec/s: 0 rss: 60Mb L: 24/1418 MS: 2 CMP-ChangeByte- DE: "\001\000\000\000\000\000\000="-
#485	REDUCE cov: 159 ft: 203 corp: 31/2290b lim: 1418 exec/s: 0 rss: 61Mb L: 14/1418 MS: 1 EraseBytes-
#506	NEW    cov: 159 ft: 209 corp: 32/2355b lim: 1418 exec/s: 0 rss: 62Mb L: 65/1418 MS: 1 ChangeBinInt-
#524	REDUCE cov: 159 ft: 209 corp: 32/2333b lim: 1418 exec/s: 0 rss: 62Mb L: 27/1418 MS: 3 ChangeBinInt-ShuffleBytes-EraseBytes-
#541	NEW    cov: 166 ft: 216 corp: 33/2353b lim: 1418 exec/s: 0 rss: 63Mb L: 20/1418 MS: 2 ShuffleBytes-ShuffleBytes-
#572	NEW    cov: 167 ft: 217 corp: 34/2440b lim: 1418 exec/s: 0 rss: 64Mb L: 87/1418 MS: 1 InsertRepeatedBytes-
#614	REDUCE cov: 167 ft: 217 corp: 34/2436b lim: 1418 exec/s: 0 rss: 66Mb L: 13/1418 MS: 2 ShuffleBytes-EraseBytes-
#622	REDUCE cov: 167 ft: 217 corp: 34/2435b lim: 1418 exec/s: 0 rss: 66Mb L: 64/1418 MS: 3 CrossOver-CrossOver-EraseBytes-
#648	REDUCE cov: 167 ft: 217 corp: 34/2434b lim: 1418 exec/s: 0 rss: 67Mb L: 1/1418 MS: 1 EraseBytes-
#680	REDUCE cov: 167 ft: 217 corp: 34/2409b lim: 1418 exec/s: 0 rss: 68Mb L: 77/1418 MS: 2 ChangeBit-EraseBytes-
#682	REDUCE cov: 168 ft: 218 corp: 35/2485b lim: 1418 exec/s: 0 rss: 68Mb L: 76/1418 MS: 2 ShuffleBytes-CopyPart-
#694	NEW    cov: 168 ft: 227 corp: 36/2609b lim: 1418 exec/s: 0 rss: 68Mb L: 124/1418 MS: 2 EraseBytes-InsertRepeatedBytes-
#715	NEW    cov: 169 ft: 228 corp: 37/2705b lim: 1418 exec/s: 0 rss: 69Mb L: 96/1418 MS: 1 InsertRepeatedBytes-
#787	REDUCE cov: 169 ft: 228 corp: 37/2691b lim: 1418 exec/s: 0 rss: 71Mb L: 51/1418 MS: 2 InsertByte-EraseBytes-
#813	REDUCE cov: 169 ft: 228 corp: 37/2690b lim: 1418 exec/s: 0 rss: 72Mb L: 17/1418 MS: 1 EraseBytes-
#889	REDUCE cov: 169 ft: 228 corp: 37/2654b lim: 1418 exec/s: 0 rss: 75Mb L: 41/1418 MS: 1 EraseBytes-
#925	REDUCE cov: 169 ft: 228 corp: 37/2648b lim: 1418 exec/s: 0 rss: 76Mb L: 35/1418 MS: 1 EraseBytes-
#986	REDUCE cov: 169 ft: 228 corp: 37/2617b lim: 1418 exec/s: 0 rss: 78Mb L: 45/1418 MS: 1 EraseBytes-
	NEW_FUNC[1/1]: 0xaaaac8636dec in MEM_readLE24 /b/zstd/lib/decompress/../common/mem.h:310
#1013	NEW    cov: 171 ft: 230 corp: 38/2643b lim: 1418 exec/s: 0 rss: 79Mb L: 26/1418 MS: 2 InsertByte-CrossOver-
#1019	REDUCE cov: 171 ft: 230 corp: 38/2624b lim: 1418 exec/s: 0 rss: 79Mb L: 32/1418 MS: 1 EraseBytes-
#1046	REDUCE cov: 171 ft: 230 corp: 38/2597b lim: 1418 exec/s: 0 rss: 79Mb L: 60/1418 MS: 2 CopyPart-EraseBytes-
#1112	REDUCE cov: 171 ft: 230 corp: 38/2590b lim: 1418 exec/s: 0 rss: 81Mb L: 38/1418 MS: 1 EraseBytes-
	NEW_FUNC[1/1]: 0xaaaac84439e4 in ZSTD_XXH64_update /b/zstd/lib/common/xxhash.h:3525
#1113	NEW    cov: 175 ft: 234 corp: 39/2614b lim: 1418 exec/s: 0 rss: 81Mb L: 24/1418 MS: 1 ChangeBit-
#1145	REDUCE cov: 175 ft: 234 corp: 39/2613b lim: 1418 exec/s: 0 rss: 82Mb L: 34/1418 MS: 2 PersAutoDict-EraseBytes- DE: "\001\000\000\000\000\000\000="-
#1200	REDUCE cov: 175 ft: 234 corp: 39/2612b lim: 1418 exec/s: 0 rss: 84Mb L: 64/1418 MS: 5 InsertByte-CopyPart-CopyPart-CopyPart-EraseBytes-
#1231	NEW    cov: 179 ft: 239 corp: 40/2668b lim: 1418 exec/s: 0 rss: 85Mb L: 56/1418 MS: 1 ManualDict- DE: "last match must fit within dstBuffer"-
#1315	NEW    cov: 180 ft: 240 corp: 41/2693b lim: 1418 exec/s: 0 rss: 87Mb L: 25/1418 MS: 4 CopyPart-ShuffleBytes-ShuffleBytes-ChangeByte-
#1334	REDUCE cov: 181 ft: 241 corp: 42/2753b lim: 1418 exec/s: 0 rss: 88Mb L: 60/1418 MS: 4 ManualDict-CMP-ChangeBinInt-ChangeBinInt- DE: "ZSTDMT_getBuffer: buffer allocation failure !!"-"\377\377\377E"-
#1354	REDUCE cov: 181 ft: 241 corp: 42/2747b lim: 1418 exec/s: 0 rss: 89Mb L: 11/1418 MS: 5 ShuffleBytes-InsertByte-CrossOver-ShuffleBytes-EraseBytes-
#1365	REDUCE cov: 181 ft: 241 corp: 42/2743b lim: 1418 exec/s: 0 rss: 89Mb L: 60/1418 MS: 1 EraseBytes-
#1366	REDUCE cov: 181 ft: 241 corp: 42/2721b lim: 1418 exec/s: 0 rss: 89Mb L: 38/1418 MS: 1 EraseBytes-
#1450	REDUCE cov: 181 ft: 241 corp: 42/2657b lim: 1418 exec/s: 0 rss: 92Mb L: 32/1418 MS: 4 CopyPart-ShuffleBytes-ManualDict-CrossOver- DE: "not an end of match"-
#1531	REDUCE cov: 182 ft: 242 corp: 43/2689b lim: 1418 exec/s: 0 rss: 95Mb L: 32/1418 MS: 1 ChangeByte-
#1537	REDUCE cov: 182 ft: 242 corp: 43/2685b lim: 1418 exec/s: 0 rss: 95Mb L: 28/1418 MS: 1 EraseBytes-
#1568	REDUCE cov: 182 ft: 242 corp: 43/2679b lim: 1418 exec/s: 0 rss: 96Mb L: 19/1418 MS: 1 EraseBytes-
#1649	REDUCE cov: 182 ft: 242 corp: 43/2665b lim: 1418 exec/s: 0 rss: 99Mb L: 60/1418 MS: 1 EraseBytes-
#1680	REDUCE cov: 182 ft: 245 corp: 44/2804b lim: 1418 exec/s: 0 rss: 100Mb L: 139/1418 MS: 1 InsertRepeatedBytes-
#1762	REDUCE cov: 182 ft: 245 corp: 44/2802b lim: 1418 exec/s: 0 rss: 102Mb L: 58/1418 MS: 2 ShuffleBytes-EraseBytes-
#1863	NEW    cov: 182 ft: 248 corp: 45/2942b lim: 1418 exec/s: 0 rss: 106Mb L: 140/1418 MS: 1 InsertByte-
#1865	REDUCE cov: 182 ft: 248 corp: 45/2926b lim: 1418 exec/s: 0 rss: 106Mb L: 40/1418 MS: 2 ChangeByte-EraseBytes-
#1866	NEW    cov: 182 ft: 251 corp: 46/3065b lim: 1418 exec/s: 0 rss: 106Mb L: 139/1418 MS: 1 CrossOver-
#1994	NEW    cov: 184 ft: 267 corp: 47/3189b lim: 1418 exec/s: 0 rss: 110Mb L: 124/1418 MS: 3 ChangeByte-PersAutoDict-CopyPart- DE: "\001\000\000\000\000\000\000="-
#2042	NEW    cov: 184 ft: 270 corp: 48/3288b lim: 1418 exec/s: 0 rss: 111Mb L: 99/1418 MS: 3 CMP-EraseBytes-ManualDict- DE: "O li"-"wait for serialState->cond"-
#2063	REDUCE cov: 184 ft: 270 corp: 48/3284b lim: 1418 exec/s: 0 rss: 112Mb L: 30/1418 MS: 1 EraseBytes-
#2084	REDUCE cov: 185 ft: 271 corp: 49/3312b lim: 1418 exec/s: 0 rss: 113Mb L: 28/1418 MS: 1 ChangeByte-
#2150	REDUCE cov: 185 ft: 271 corp: 49/3297b lim: 1418 exec/s: 0 rss: 115Mb L: 45/1418 MS: 1 EraseBytes-
#2211	REDUCE cov: 185 ft: 271 corp: 49/3234b lim: 1418 exec/s: 0 rss: 117Mb L: 76/1418 MS: 1 EraseBytes-
#2213	REDUCE cov: 185 ft: 271 corp: 49/3228b lim: 1418 exec/s: 0 rss: 117Mb L: 39/1418 MS: 2 ChangeBinInt-EraseBytes-
#2221	REDUCE cov: 185 ft: 271 corp: 49/3227b lim: 1418 exec/s: 0 rss: 117Mb L: 29/1418 MS: 3 CrossOver-CopyPart-EraseBytes-
#2252	NEW    cov: 186 ft: 272 corp: 50/3254b lim: 1418 exec/s: 0 rss: 118Mb L: 27/1418 MS: 1 InsertByte-
#2333	REDUCE cov: 186 ft: 272 corp: 50/3249b lim: 1418 exec/s: 0 rss: 121Mb L: 13/1418 MS: 1 EraseBytes-
#2400	NEW    cov: 187 ft: 273 corp: 51/3269b lim: 1418 exec/s: 0 rss: 123Mb L: 20/1418 MS: 2 InsertByte-ShuffleBytes-
#2412	NEW    cov: 187 ft: 276 corp: 52/3433b lim: 1418 exec/s: 0 rss: 123Mb L: 164/1418 MS: 2 CMP-CopyPart- DE: "\000\000\000/"-
#2456	REDUCE cov: 187 ft: 276 corp: 52/3406b lim: 1418 exec/s: 0 rss: 125Mb L: 113/1418 MS: 4 InsertRepeatedBytes-InsertByte-EraseBytes-EraseBytes-
#2462	REDUCE cov: 187 ft: 276 corp: 52/3382b lim: 1418 exec/s: 0 rss: 125Mb L: 27/1418 MS: 1 EraseBytes-
#2464	REDUCE cov: 187 ft: 276 corp: 52/3377b lim: 1418 exec/s: 0 rss: 125Mb L: 71/1418 MS: 2 ShuffleBytes-EraseBytes-
#2518	REDUCE cov: 187 ft: 276 corp: 52/3361b lim: 1418 exec/s: 0 rss: 127Mb L: 24/1418 MS: 4 InsertByte-ChangeByte-ChangeBinInt-EraseBytes-
#2542	REDUCE cov: 187 ft: 276 corp: 52/3358b lim: 1418 exec/s: 0 rss: 128Mb L: 21/1418 MS: 4 ChangeBit-ChangeBit-InsertByte-EraseBytes-
#2623	REDUCE cov: 187 ft: 276 corp: 52/3354b lim: 1418 exec/s: 0 rss: 130Mb L: 34/1418 MS: 1 EraseBytes-
#2661	NEW    cov: 188 ft: 277 corp: 53/3553b lim: 1418 exec/s: 0 rss: 131Mb L: 199/1418 MS: 3 PersAutoDict-InsertRepeatedBytes-InsertByte- DE: "ZSTDMT_getBuffer: buffer allocation failure !!"-
#2673	REDUCE cov: 188 ft: 277 corp: 53/3552b lim: 1418 exec/s: 0 rss: 132Mb L: 17/1418 MS: 2 ChangeBit-EraseBytes-
#2700	NEW    cov: 188 ft: 280 corp: 54/3691b lim: 1418 exec/s: 0 rss: 133Mb L: 139/1418 MS: 2 ShuffleBytes-ChangeBinInt-
#2731	REDUCE cov: 188 ft: 280 corp: 54/3687b lim: 1418 exec/s: 0 rss: 134Mb L: 20/1418 MS: 1 EraseBytes-
#2798	REDUCE cov: 188 ft: 280 corp: 54/3673b lim: 1418 exec/s: 0 rss: 135Mb L: 27/1418 MS: 2 InsertByte-EraseBytes-
#2924	NEW    cov: 189 ft: 281 corp: 55/3707b lim: 1418 exec/s: 0 rss: 135Mb L: 34/1418 MS: 1 CrossOver-
#3010	REDUCE cov: 189 ft: 281 corp: 55/3706b lim: 1418 exec/s: 0 rss: 135Mb L: 19/1418 MS: 1 EraseBytes-
#3073	REDUCE cov: 189 ft: 281 corp: 55/3705b lim: 1418 exec/s: 0 rss: 135Mb L: 23/1418 MS: 3 ShuffleBytes-ChangeBit-EraseBytes-
#3154	REDUCE cov: 189 ft: 281 corp: 55/3688b lim: 1418 exec/s: 0 rss: 135Mb L: 96/1418 MS: 1 EraseBytes-
#3160	REDUCE cov: 189 ft: 281 corp: 55/3685b lim: 1418 exec/s: 0 rss: 135Mb L: 11/1418 MS: 1 EraseBytes-
#3168	REDUCE cov: 189 ft: 281 corp: 55/3674b lim: 1418 exec/s: 0 rss: 135Mb L: 16/1418 MS: 3 ChangeBit-ChangeBit-EraseBytes-
#3249	REDUCE cov: 189 ft: 281 corp: 55/3672b lim: 1418 exec/s: 0 rss: 135Mb L: 25/1418 MS: 1 EraseBytes-
#3331	REDUCE cov: 189 ft: 281 corp: 55/3662b lim: 1418 exec/s: 0 rss: 135Mb L: 38/1418 MS: 2 ShuffleBytes-EraseBytes-
	NEW_FUNC[1/2]: 0xaaaac8444340 in ZSTD_XXH64_digest /b/zstd/lib/common/xxhash.h:3576
	NEW_FUNC[2/2]: 0xaaaac844457c in XXH64_finalize /b/zstd/lib/common/xxhash.h:3391
#3434	NEW    cov: 199 ft: 291 corp: 56/3946b lim: 1418 exec/s: 0 rss: 135Mb L: 284/1418 MS: 3 PersAutoDict-ChangeByte-InsertRepeatedBytes- DE: "last match must fit within dstBuffer"-
#3452	NEW    cov: 200 ft: 292 corp: 57/4085b lim: 1418 exec/s: 0 rss: 135Mb L: 139/1418 MS: 3 InsertRepeatedBytes-InsertRepeatedBytes-PersAutoDict- DE: "\377\377\377E"-
#3463	REDUCE cov: 200 ft: 292 corp: 57/4083b lim: 1418 exec/s: 0 rss: 135Mb L: 27/1418 MS: 1 EraseBytes-
#3649	REDUCE cov: 200 ft: 292 corp: 57/4067b lim: 1418 exec/s: 0 rss: 135Mb L: 18/1418 MS: 1 EraseBytes-
#3777	REDUCE cov: 200 ft: 292 corp: 57/4005b lim: 1418 exec/s: 0 rss: 135Mb L: 137/1418 MS: 3 ChangeBit-ShuffleBytes-EraseBytes-
#3804	REDUCE cov: 200 ft: 292 corp: 57/3974b lim: 1418 exec/s: 0 rss: 135Mb L: 93/1418 MS: 2 PersAutoDict-EraseBytes- DE: "O li"-
#3909	REDUCE cov: 200 ft: 292 corp: 57/3965b lim: 1418 exec/s: 0 rss: 136Mb L: 25/1418 MS: 5 CrossOver-PersAutoDict-ChangeBit-InsertByte-EraseBytes- DE: "\377\377\377E"-
#3941	REDUCE cov: 200 ft: 292 corp: 57/3903b lim: 1418 exec/s: 0 rss: 136Mb L: 77/1418 MS: 2 ChangeByte-EraseBytes-
	NEW_FUNC[1/3]: 0xaaaac8439e68 in FSE_readNCount_body_default /b/zstd/lib/common/entropy_common.c:193
	NEW_FUNC[2/3]: 0xaaaac843ab10 in FSE_readNCount /b/zstd/lib/common/entropy_common.c:222
#4018	NEW    cov: 238 ft: 332 corp: 58/3923b lim: 1418 exec/s: 0 rss: 136Mb L: 20/1418 MS: 2 ChangeBit-ChangeBinInt-
#4037	REDUCE cov: 238 ft: 332 corp: 58/3888b lim: 1418 exec/s: 0 rss: 136Mb L: 104/1418 MS: 4 ChangeBinInt-PersAutoDict-ChangeByte-EraseBytes- DE: "last match must fit within dstBuffer"-
#4064	REDUCE cov: 238 ft: 332 corp: 58/3885b lim: 1418 exec/s: 0 rss: 136Mb L: 15/1418 MS: 2 InsertByte-EraseBytes-
#4065	NEW    cov: 239 ft: 333 corp: 59/3999b lim: 1418 exec/s: 0 rss: 136Mb L: 114/1418 MS: 1 InsertRepeatedBytes-
#4071	NEW    cov: 244 ft: 346 corp: 60/4019b lim: 1418 exec/s: 0 rss: 136Mb L: 20/1418 MS: 1 ChangeBinInt-
#4091	REDUCE cov: 244 ft: 346 corp: 60/4016b lim: 1418 exec/s: 0 rss: 136Mb L: 24/1418 MS: 5 CrossOver-ShuffleBytes-ChangeBinInt-PersAutoDict-EraseBytes- DE: "\377\377\377E"-
#4093	REDUCE cov: 244 ft: 346 corp: 60/3991b lim: 1418 exec/s: 0 rss: 136Mb L: 89/1418 MS: 2 ShuffleBytes-EraseBytes-
#4116	REDUCE cov: 244 ft: 346 corp: 60/3976b lim: 1418 exec/s: 0 rss: 136Mb L: 122/1418 MS: 3 ChangeBit-ChangeBinInt-EraseBytes-
#4132	REDUCE cov: 244 ft: 346 corp: 60/3975b lim: 1418 exec/s: 0 rss: 136Mb L: 16/1418 MS: 1 EraseBytes-
#4174	REDUCE cov: 244 ft: 346 corp: 60/3962b lim: 1418 exec/s: 0 rss: 136Mb L: 76/1418 MS: 2 ChangeByte-EraseBytes-
#4230	REDUCE cov: 244 ft: 346 corp: 60/3959b lim: 1418 exec/s: 0 rss: 136Mb L: 16/1418 MS: 1 EraseBytes-
#4276	REDUCE cov: 244 ft: 346 corp: 60/3957b lim: 1418 exec/s: 0 rss: 136Mb L: 24/1418 MS: 1 EraseBytes-
#4468	REDUCE cov: 244 ft: 346 corp: 60/3899b lim: 1418 exec/s: 0 rss: 136Mb L: 106/1418 MS: 2 ChangeByte-EraseBytes-
#4554	REDUCE cov: 244 ft: 346 corp: 60/3890b lim: 1418 exec/s: 0 rss: 136Mb L: 67/1418 MS: 1 EraseBytes-
#4576	REDUCE cov: 244 ft: 346 corp: 60/3883b lim: 1418 exec/s: 0 rss: 136Mb L: 92/1418 MS: 2 ChangeBinInt-EraseBytes-
#4619	REDUCE cov: 244 ft: 346 corp: 60/3876b lim: 1418 exec/s: 0 rss: 136Mb L: 17/1418 MS: 3 ChangeBit-InsertByte-EraseBytes-
#4669	REDUCE cov: 244 ft: 346 corp: 60/3866b lim: 1418 exec/s: 0 rss: 136Mb L: 22/1418 MS: 5 ChangeByte-InsertByte-ChangeByte-ChangeBinInt-EraseBytes-
#4757	REDUCE cov: 244 ft: 346 corp: 60/3846b lim: 1418 exec/s: 0 rss: 136Mb L: 84/1418 MS: 3 InsertByte-ChangeBit-EraseBytes-
#4778	REDUCE cov: 244 ft: 346 corp: 60/3839b lim: 1418 exec/s: 0 rss: 136Mb L: 17/1418 MS: 1 EraseBytes-
#4834	REDUCE cov: 244 ft: 346 corp: 60/3834b lim: 1418 exec/s: 0 rss: 136Mb L: 23/1418 MS: 1 EraseBytes-
#4915	REDUCE cov: 244 ft: 346 corp: 60/3828b lim: 1418 exec/s: 0 rss: 136Mb L: 54/1418 MS: 1 EraseBytes-
#4942	REDUCE cov: 244 ft: 346 corp: 60/3823b lim: 1418 exec/s: 0 rss: 136Mb L: 27/1418 MS: 2 ChangeBit-EraseBytes-
#4984	REDUCE cov: 244 ft: 346 corp: 60/3819b lim: 1418 exec/s: 0 rss: 136Mb L: 24/1418 MS: 2 ManualDict-EraseBytes- DE: "NULL not handled"-
#4993	REDUCE cov: 244 ft: 346 corp: 60/3817b lim: 1418 exec/s: 0 rss: 136Mb L: 82/1418 MS: 4 ShuffleBytes-ShuffleBytes-ChangeBinInt-EraseBytes-
#5297	REDUCE cov: 244 ft: 346 corp: 60/3784b lim: 1418 exec/s: 0 rss: 136Mb L: 49/1418 MS: 4 InsertByte-CMP-ChangeByte-EraseBytes- DE: "\011\000\000\000"-
#5372	REDUCE cov: 244 ft: 346 corp: 60/3772b lim: 1418 exec/s: 0 rss: 136Mb L: 27/1418 MS: 5 PersAutoDict-CopyPart-InsertByte-ChangeBit-EraseBytes- DE: "\001\000\000\000\000\000\000="-
#5482	REDUCE cov: 244 ft: 346 corp: 60/3736b lim: 1418 exec/s: 0 rss: 136Mb L: 60/1418 MS: 5 InsertByte-ChangeBit-ChangeBinInt-ShuffleBytes-EraseBytes-
#5595	REDUCE cov: 244 ft: 346 corp: 60/3727b lim: 1418 exec/s: 0 rss: 136Mb L: 97/1418 MS: 3 CopyPart-ChangeBinInt-EraseBytes-
#5624	REDUCE cov: 244 ft: 347 corp: 61/3825b lim: 1418 exec/s: 0 rss: 136Mb L: 98/1418 MS: 4 ChangeBinInt-ManualDict-ShuffleBytes-ShuffleBytes- DE: " %02X"-
#5818	REDUCE cov: 244 ft: 347 corp: 61/3819b lim: 1418 exec/s: 0 rss: 136Mb L: 92/1418 MS: 4 CMP-CrossOver-ChangeBinInt-EraseBytes- DE: "\210\377\377\377\377\377\377\377"-
	NEW_FUNC[1/1]: 0xaaaac8650d64 in ZSTD_decompressSequences /b/zstd/lib/decompress/zstd_decompress_block.c:1949
#5824	NEW    cov: 253 ft: 356 corp: 62/3839b lim: 1418 exec/s: 0 rss: 136Mb L: 20/1418 MS: 1 ChangeBinInt-
#5881	REDUCE cov: 253 ft: 356 corp: 62/3836b lim: 1418 exec/s: 0 rss: 136Mb L: 64/1418 MS: 2 ChangeByte-EraseBytes-
#6008	REDUCE cov: 253 ft: 356 corp: 62/3825b lim: 1418 exec/s: 0 rss: 136Mb L: 86/1418 MS: 2 ChangeASCIIInt-EraseBytes-
#6011	NEW    cov: 254 ft: 357 corp: 63/3841b lim: 1418 exec/s: 0 rss: 136Mb L: 16/1418 MS: 3 CopyPart-ChangeBit-CMP- DE: "\004\000\000\000\000\000\000\000"-
#6173	NEW    cov: 254 ft: 358 corp: 64/3872b lim: 1418 exec/s: 0 rss: 136Mb L: 31/1418 MS: 2 CopyPart-PersAutoDict- DE: " %02X"-
#6405	NEW    cov: 256 ft: 360 corp: 65/3898b lim: 1418 exec/s: 0 rss: 136Mb L: 26/1418 MS: 2 CopyPart-CopyPart-
#6422	REDUCE cov: 256 ft: 360 corp: 65/3864b lim: 1418 exec/s: 0 rss: 136Mb L: 52/1418 MS: 2 ChangeBinInt-EraseBytes-
#6471	REDUCE cov: 256 ft: 360 corp: 65/3815b lim: 1418 exec/s: 0 rss: 136Mb L: 73/1418 MS: 4 ChangeBit-ManualDict-ChangeBinInt-EraseBytes- DE: "ZSTD_loadCEntropy failed"-
#6473	REDUCE cov: 256 ft: 360 corp: 65/3802b lim: 1418 exec/s: 0 rss: 136Mb L: 51/1418 MS: 2 CMP-EraseBytes- DE: "\000\000\000\000\000\000\000\012"-
#6519	REDUCE cov: 256 ft: 360 corp: 65/3800b lim: 1418 exec/s: 0 rss: 136Mb L: 22/1418 MS: 1 EraseBytes-
#6545	REDUCE cov: 256 ft: 360 corp: 65/3796b lim: 1418 exec/s: 0 rss: 136Mb L: 15/1418 MS: 1 EraseBytes-
#6556	REDUCE cov: 256 ft: 360 corp: 65/3783b lim: 1418 exec/s: 0 rss: 136Mb L: 51/1418 MS: 1 EraseBytes-
#6672	REDUCE cov: 256 ft: 360 corp: 65/3770b lim: 1418 exec/s: 0 rss: 136Mb L: 27/1418 MS: 1 EraseBytes-
#6743	REDUCE cov: 256 ft: 360 corp: 65/3760b lim: 1418 exec/s: 0 rss: 136Mb L: 28/1418 MS: 1 EraseBytes-
#6760	REDUCE cov: 256 ft: 360 corp: 65/3756b lim: 1418 exec/s: 0 rss: 136Mb L: 24/1418 MS: 2 PersAutoDict-EraseBytes- DE: "NULL not handled"-
#6826	REDUCE cov: 256 ft: 360 corp: 65/3754b lim: 1418 exec/s: 0 rss: 136Mb L: 22/1418 MS: 1 EraseBytes-
#6982	REDUCE cov: 256 ft: 360 corp: 65/3751b lim: 1418 exec/s: 0 rss: 136Mb L: 19/1418 MS: 1 EraseBytes-
#7003	NEW    cov: 257 ft: 379 corp: 66/3771b lim: 1418 exec/s: 0 rss: 136Mb L: 20/1418 MS: 1 ChangeBit-
#7039	REDUCE cov: 257 ft: 379 corp: 66/3755b lim: 1418 exec/s: 0 rss: 136Mb L: 36/1418 MS: 1 EraseBytes-
#7056	REDUCE cov: 257 ft: 379 corp: 66/3750b lim: 1418 exec/s: 0 rss: 136Mb L: 46/1418 MS: 2 ChangeByte-EraseBytes-
#7193	REDUCE cov: 257 ft: 379 corp: 66/3727b lim: 1418 exec/s: 0 rss: 136Mb L: 26/1418 MS: 2 InsertByte-EraseBytes-
#7214	REDUCE cov: 257 ft: 379 corp: 66/3708b lim: 1418 exec/s: 0 rss: 136Mb L: 41/1418 MS: 1 EraseBytes-
#7371	REDUCE cov: 257 ft: 379 corp: 66/3706b lim: 1418 exec/s: 0 rss: 136Mb L: 17/1418 MS: 2 InsertByte-EraseBytes-
#7522	REDUCE cov: 257 ft: 379 corp: 66/3702b lim: 1418 exec/s: 0 rss: 136Mb L: 11/1418 MS: 1 EraseBytes-
#7673	REDUCE cov: 257 ft: 379 corp: 66/3699b lim: 1418 exec/s: 0 rss: 136Mb L: 14/1418 MS: 1 EraseBytes-
#7748	NEW    cov: 258 ft: 380 corp: 67/3723b lim: 1418 exec/s: 0 rss: 136Mb L: 24/1418 MS: 5 ChangeByte-ChangeBit-PersAutoDict-CrossOver-CrossOver- DE: "\004\000\000\000\000\000\000\000"-
#7764	REDUCE cov: 258 ft: 380 corp: 67/3720b lim: 1418 exec/s: 0 rss: 136Mb L: 14/1418 MS: 1 EraseBytes-
#7786	NEW    cov: 259 ft: 382 corp: 68/3748b lim: 1418 exec/s: 0 rss: 136Mb L: 28/1418 MS: 2 ChangeByte-CMP- DE: "\006\000\000\000\000\000\000\000"-
#7862	NEW    cov: 266 ft: 398 corp: 69/3768b lim: 1418 exec/s: 0 rss: 136Mb L: 20/1418 MS: 1 CopyPart-
#7933	REDUCE cov: 266 ft: 398 corp: 69/3753b lim: 1418 exec/s: 0 rss: 136Mb L: 58/1418 MS: 1 EraseBytes-
#8059	NEW    cov: 268 ft: 410 corp: 70/3853b lim: 1418 exec/s: 0 rss: 136Mb L: 100/1418 MS: 1 InsertRepeatedBytes-
#8111	REDUCE cov: 268 ft: 410 corp: 70/3848b lim: 1418 exec/s: 0 rss: 136Mb L: 10/1418 MS: 2 InsertByte-EraseBytes-
#8113	REDUCE cov: 268 ft: 410 corp: 70/3846b lim: 1418 exec/s: 0 rss: 136Mb L: 23/1418 MS: 2 ChangeBit-EraseBytes-
#8119	REDUCE cov: 268 ft: 410 corp: 70/3829b lim: 1418 exec/s: 0 rss: 136Mb L: 34/1418 MS: 1 EraseBytes-
#8121	REDUCE cov: 268 ft: 410 corp: 70/3827b lim: 1418 exec/s: 0 rss: 136Mb L: 20/1418 MS: 2 CrossOver-EraseBytes-
#8123	REDUCE cov: 268 ft: 410 corp: 70/3825b lim: 1418 exec/s: 0 rss: 136Mb L: 36/1418 MS: 2 ShuffleBytes-EraseBytes-
#8124	NEW    cov: 268 ft: 411 corp: 71/3902b lim: 1418 exec/s: 0 rss: 136Mb L: 77/1418 MS: 1 InsertRepeatedBytes-
#8200	REDUCE cov: 268 ft: 411 corp: 71/3896b lim: 1418 exec/s: 0 rss: 136Mb L: 18/1418 MS: 1 EraseBytes-
#8231	REDUCE cov: 268 ft: 411 corp: 71/3876b lim: 1418 exec/s: 0 rss: 136Mb L: 26/1418 MS: 1 EraseBytes-
#8235	REDUCE cov: 268 ft: 411 corp: 71/3858b lim: 1418 exec/s: 0 rss: 136Mb L: 74/1418 MS: 4 PersAutoDict-ManualDict-InsertByte-EraseBytes- DE: "\000\000\000/"-"set_basic - too small"-
#8265	REDUCE cov: 268 ft: 411 corp: 71/3851b lim: 1418 exec/s: 0 rss: 136Mb L: 67/1418 MS: 5 ShuffleBytes-ChangeBit-InsertByte-CMP-EraseBytes- DE: "\000\000\000N"-
#8321	REDUCE cov: 268 ft: 411 corp: 71/3840b lim: 1418 exec/s: 0 rss: 136Mb L: 16/1418 MS: 1 EraseBytes-
#8477	NEW    cov: 268 ft: 414 corp: 72/3861b lim: 1418 exec/s: 0 rss: 136Mb L: 21/1418 MS: 1 InsertByte-
#8538	NEW    cov: 270 ft: 416 corp: 73/3881b lim: 1418 exec/s: 0 rss: 136Mb L: 20/1418 MS: 1 PersAutoDict- DE: "\006\000\000\000\000\000\000\000"-
#8564	REDUCE cov: 270 ft: 416 corp: 73/3871b lim: 1418 exec/s: 0 rss: 136Mb L: 21/1418 MS: 1 EraseBytes-
#8720	REDUCE cov: 270 ft: 416 corp: 73/3846b lim: 1418 exec/s: 0 rss: 136Mb L: 75/1418 MS: 1 EraseBytes-
#8912	REDUCE cov: 270 ft: 416 corp: 73/3809b lim: 1418 exec/s: 0 rss: 136Mb L: 40/1418 MS: 2 ManualDict-EraseBytes- DE: "ZSTD_ldm_fillHashTable"-
#9049	NEW    cov: 270 ft: 422 corp: 74/3961b lim: 1418 exec/s: 0 rss: 136Mb L: 152/1418 MS: 2 ChangeBit-InsertRepeatedBytes-
#9356	REDUCE cov: 270 ft: 422 corp: 74/3898b lim: 1418 exec/s: 0 rss: 136Mb L: 89/1418 MS: 2 CMP-EraseBytes- DE: "\004\000"-
#9363	REDUCE cov: 270 ft: 422 corp: 74/3896b lim: 1418 exec/s: 0 rss: 136Mb L: 56/1418 MS: 2 CrossOver-EraseBytes-
#9389	REDUCE cov: 270 ft: 422 corp: 74/3895b lim: 1418 exec/s: 0 rss: 136Mb L: 23/1418 MS: 1 EraseBytes-
#9415	REDUCE cov: 270 ft: 422 corp: 74/3894b lim: 1418 exec/s: 0 rss: 136Mb L: 35/1418 MS: 1 EraseBytes-
#9502	REDUCE cov: 270 ft: 422 corp: 74/3892b lim: 1418 exec/s: 0 rss: 136Mb L: 25/1418 MS: 2 InsertByte-EraseBytes-
#9785	REDUCE cov: 270 ft: 425 corp: 75/3958b lim: 1418 exec/s: 0 rss: 136Mb L: 66/1418 MS: 3 ManualDict-ChangeByte-PersAutoDict- DE: "ZSTD_initDStream_usingDict"-"\001\000\000\000\000\000\000="-
#9842	REDUCE cov: 270 ft: 425 corp: 75/3947b lim: 1418 exec/s: 0 rss: 136Mb L: 55/1418 MS: 2 ChangeBinInt-EraseBytes-
#9865	REDUCE cov: 270 ft: 425 corp: 75/3945b lim: 1418 exec/s: 0 rss: 136Mb L: 21/1418 MS: 3 CrossOver-InsertByte-EraseBytes-
#9997	REDUCE cov: 270 ft: 426 corp: 76/4020b lim: 1418 exec/s: 0 rss: 136Mb L: 75/1418 MS: 2 ChangeBinInt-ChangeBit-
#10074	REDUCE cov: 270 ft: 426 corp: 76/3986b lim: 1418 exec/s: 0 rss: 136Mb L: 55/1418 MS: 2 PersAutoDict-EraseBytes- DE: "\001\000\000\000\000\000\000="-
#10468	REDUCE cov: 270 ft: 427 corp: 77/4051b lim: 1418 exec/s: 0 rss: 136Mb L: 65/1418 MS: 4 CMP-ChangeBit-CMP-ChangeByte- DE: "\275p"-"\210\377\377\377\377\377\377\377"-
#10545	REDUCE cov: 270 ft: 427 corp: 77/4050b lim: 1418 exec/s: 0 rss: 136Mb L: 22/1418 MS: 2 ShuffleBytes-EraseBytes-
#10599	NEW    cov: 270 ft: 435 corp: 78/4071b lim: 1418 exec/s: 0 rss: 136Mb L: 21/1418 MS: 4 ChangeBit-ChangeByte-ShuffleBytes-InsertByte-
#10605	NEW    cov: 270 ft: 437 corp: 79/4092b lim: 1418 exec/s: 0 rss: 136Mb L: 21/1418 MS: 1 ChangeBinInt-
#10631	NEW    cov: 271 ft: 445 corp: 80/4120b lim: 1418 exec/s: 0 rss: 136Mb L: 28/1418 MS: 1 ManualDict- DE: "~cold~"-
#10677	NEW    cov: 271 ft: 451 corp: 81/4148b lim: 1418 exec/s: 0 rss: 136Mb L: 28/1418 MS: 1 ChangeBinInt-
#10732	REDUCE cov: 271 ft: 455 corp: 82/4267b lim: 1418 exec/s: 0 rss: 136Mb L: 119/1418 MS: 5 InsertRepeatedBytes-ShuffleBytes-ShuffleBytes-ChangeBinInt-ChangeByte-
#10735	REDUCE cov: 271 ft: 455 corp: 82/4262b lim: 1418 exec/s: 0 rss: 136Mb L: 20/1418 MS: 3 CopyPart-ChangeBit-EraseBytes-
#10851	REDUCE cov: 272 ft: 456 corp: 83/4269b lim: 1418 exec/s: 0 rss: 136Mb L: 7/1418 MS: 1 EraseBytes-
#10982	REDUCE cov: 272 ft: 456 corp: 83/4249b lim: 1418 exec/s: 0 rss: 136Mb L: 35/1418 MS: 1 EraseBytes-
#10989	REDUCE cov: 272 ft: 456 corp: 83/4245b lim: 1418 exec/s: 0 rss: 136Mb L: 10/1418 MS: 2 ChangeByte-EraseBytes-
#11075	REDUCE cov: 272 ft: 456 corp: 83/4241b lim: 1418 exec/s: 0 rss: 136Mb L: 9/1418 MS: 1 EraseBytes-
#11141	NEW    cov: 272 ft: 458 corp: 84/4261b lim: 1418 exec/s: 0 rss: 136Mb L: 20/1418 MS: 1 ChangeBit-
#11197	REDUCE cov: 272 ft: 458 corp: 84/4260b lim: 1418 exec/s: 0 rss: 136Mb L: 10/1418 MS: 1 EraseBytes-
#11263	REDUCE cov: 272 ft: 458 corp: 84/4236b lim: 1418 exec/s: 0 rss: 136Mb L: 34/1418 MS: 1 EraseBytes-
#11319	REDUCE cov: 272 ft: 458 corp: 84/4226b lim: 1418 exec/s: 0 rss: 136Mb L: 25/1418 MS: 1 EraseBytes-
#11430	REDUCE cov: 272 ft: 458 corp: 84/4197b lim: 1418 exec/s: 0 rss: 136Mb L: 48/1418 MS: 1 EraseBytes-
#11435	REDUCE cov: 272 ft: 458 corp: 84/4195b lim: 1418 exec/s: 0 rss: 136Mb L: 15/1418 MS: 5 CopyPart-CopyPart-InsertByte-InsertByte-EraseBytes-
#11541	REDUCE cov: 272 ft: 460 corp: 85/4250b lim: 1418 exec/s: 0 rss: 136Mb L: 55/1418 MS: 1 PersAutoDict- DE: "\006\000\000\000\000\000\000\000"-
#11612	NEW    cov: 272 ft: 462 corp: 86/4274b lim: 1418 exec/s: 0 rss: 136Mb L: 24/1418 MS: 1 CMP- DE: "\374/\2657"-
#11737	REDUCE cov: 272 ft: 462 corp: 86/4258b lim: 1418 exec/s: 0 rss: 136Mb L: 39/1418 MS: 5 PersAutoDict-InsertRepeatedBytes-EraseBytes-CopyPart-EraseBytes- DE: "ZSTD_ldm_fillHashTable"-
#11793	NEW    cov: 273 ft: 463 corp: 87/4279b lim: 1418 exec/s: 0 rss: 136Mb L: 21/1418 MS: 1 ChangeBit-
#11815	NEW    cov: 273 ft: 465 corp: 88/4311b lim: 1418 exec/s: 0 rss: 136Mb L: 32/1418 MS: 2 ChangeBit-CrossOver-
#11892	REDUCE cov: 273 ft: 466 corp: 89/4351b lim: 1418 exec/s: 0 rss: 136Mb L: 40/1418 MS: 2 ChangeByte-ChangeBinInt-
#11993	REDUCE cov: 273 ft: 466 corp: 89/4348b lim: 1418 exec/s: 0 rss: 136Mb L: 23/1418 MS: 1 EraseBytes-
#12084	REDUCE cov: 273 ft: 466 corp: 89/4338b lim: 1418 exec/s: 0 rss: 136Mb L: 57/1418 MS: 1 EraseBytes-
#12095	NEW    cov: 274 ft: 467 corp: 90/4359b lim: 1418 exec/s: 0 rss: 136Mb L: 21/1418 MS: 1 ChangeBinInt-
#12127	REDUCE cov: 274 ft: 467 corp: 90/4323b lim: 1418 exec/s: 0 rss: 136Mb L: 39/1418 MS: 2 ChangeBinInt-EraseBytes-
#12238	NEW    cov: 274 ft: 468 corp: 91/4350b lim: 1418 exec/s: 0 rss: 136Mb L: 27/1418 MS: 1 EraseBytes-
#12239	REDUCE cov: 274 ft: 468 corp: 91/4345b lim: 1418 exec/s: 0 rss: 136Mb L: 16/1418 MS: 1 EraseBytes-
#12530	NEW    cov: 274 ft: 470 corp: 92/4386b lim: 1418 exec/s: 0 rss: 136Mb L: 41/1418 MS: 1 CrossOver-
#12617	REDUCE cov: 275 ft: 472 corp: 93/4455b lim: 1418 exec/s: 0 rss: 136Mb L: 69/1418 MS: 2 CrossOver-PersAutoDict- DE: "set_basic - too small"-
#12762	REDUCE cov: 275 ft: 472 corp: 93/4443b lim: 1418 exec/s: 0 rss: 136Mb L: 107/1418 MS: 5 ChangeByte-InsertByte-ChangeBit-CMP-EraseBytes- DE: "\377\377\377\364"-
#12833	REDUCE cov: 275 ft: 472 corp: 93/4431b lim: 1418 exec/s: 0 rss: 136Mb L: 22/1418 MS: 1 EraseBytes-
#12889	NEW    cov: 275 ft: 474 corp: 94/4459b lim: 1418 exec/s: 0 rss: 136Mb L: 28/1418 MS: 1 ShuffleBytes-
#12976	NEW    cov: 275 ft: 475 corp: 95/4489b lim: 1418 exec/s: 0 rss: 136Mb L: 30/1418 MS: 2 InsertByte-InsertByte-
#12982	REDUCE cov: 275 ft: 475 corp: 95/4460b lim: 1418 exec/s: 0 rss: 136Mb L: 63/1418 MS: 1 EraseBytes-
#13048	REDUCE cov: 275 ft: 475 corp: 95/4442b lim: 1418 exec/s: 0 rss: 136Mb L: 75/1418 MS: 1 EraseBytes-
#13199	REDUCE cov: 275 ft: 475 corp: 95/4429b lim: 1418 exec/s: 0 rss: 136Mb L: 43/1418 MS: 1 EraseBytes-
#13261	REDUCE cov: 275 ft: 475 corp: 95/4398b lim: 1418 exec/s: 0 rss: 136Mb L: 76/1418 MS: 2 ChangeBit-EraseBytes-
#13367	REDUCE cov: 275 ft: 475 corp: 95/4386b lim: 1418 exec/s: 0 rss: 136Mb L: 51/1418 MS: 1 EraseBytes-
#13393	REDUCE cov: 275 ft: 475 corp: 95/4349b lim: 1418 exec/s: 0 rss: 136Mb L: 39/1418 MS: 1 EraseBytes-
#13429	REDUCE cov: 275 ft: 475 corp: 95/4343b lim: 1418 exec/s: 0 rss: 136Mb L: 21/1418 MS: 1 EraseBytes-
#13450	REDUCE cov: 275 ft: 475 corp: 95/4342b lim: 1418 exec/s: 0 rss: 136Mb L: 9/1418 MS: 1 EraseBytes-
#13527	REDUCE cov: 275 ft: 475 corp: 95/4338b lim: 1418 exec/s: 0 rss: 136Mb L: 17/1418 MS: 2 EraseBytes-CopyPart-
#13530	NEW    cov: 275 ft: 479 corp: 96/4385b lim: 1418 exec/s: 0 rss: 136Mb L: 47/1418 MS: 3 ShuffleBytes-ChangeBit-CopyPart-
#13752	REDUCE cov: 275 ft: 479 corp: 96/4368b lim: 1418 exec/s: 0 rss: 136Mb L: 38/1418 MS: 2 ShuffleBytes-EraseBytes-
#13778	NEW    cov: 275 ft: 480 corp: 97/4396b lim: 1418 exec/s: 0 rss: 136Mb L: 28/1418 MS: 1 ChangeByte-
#13804	REDUCE cov: 275 ft: 480 corp: 97/4395b lim: 1418 exec/s: 0 rss: 136Mb L: 40/1418 MS: 1 EraseBytes-
#13840	NEW    cov: 275 ft: 482 corp: 98/4441b lim: 1418 exec/s: 0 rss: 136Mb L: 46/1418 MS: 1 CopyPart-
#13844	REDUCE cov: 275 ft: 482 corp: 98/4350b lim: 1418 exec/s: 0 rss: 136Mb L: 193/1418 MS: 4 ManualDict-ManualDict-CrossOver-EraseBytes- DE: "ZSTD_buildBlockEntropyStats_literals failed"-"Context should be init first"-
#13857	NEW    cov: 275 ft: 483 corp: 99/4416b lim: 1418 exec/s: 0 rss: 136Mb L: 66/1418 MS: 3 InsertByte-CrossOver-CopyPart-
#13954	REDUCE cov: 275 ft: 484 corp: 100/4456b lim: 1418 exec/s: 0 rss: 136Mb L: 40/1418 MS: 2 ManualDict-CopyPart- DE: "Offset too large!"-
#14110	REDUCE cov: 275 ft: 484 corp: 100/4442b lim: 1418 exec/s: 0 rss: 136Mb L: 33/1418 MS: 1 EraseBytes-
#14372	REDUCE cov: 275 ft: 484 corp: 100/4421b lim: 1418 exec/s: 0 rss: 136Mb L: 45/1418 MS: 2 CMP-EraseBytes- DE: "\023\000\000\000\000\000\000\000"-
#14471	REDUCE cov: 275 ft: 484 corp: 100/4420b lim: 1418 exec/s: 0 rss: 136Mb L: 24/1418 MS: 4 ChangeByte-ChangeBit-PersAutoDict-EraseBytes- DE: "\210\377\377\377\377\377\377\377"-
#14652	NEW    cov: 275 ft: 512 corp: 101/4440b lim: 1418 exec/s: 0 rss: 136Mb L: 20/1418 MS: 1 ChangeBinInt-
#14673	REDUCE cov: 275 ft: 512 corp: 101/4408b lim: 1418 exec/s: 0 rss: 136Mb L: 37/1418 MS: 1 EraseBytes-
#14780	REDUCE cov: 275 ft: 512 corp: 101/4407b lim: 1418 exec/s: 0 rss: 136Mb L: 14/1418 MS: 2 ChangeByte-EraseBytes-
#14791	REDUCE cov: 275 ft: 512 corp: 101/4384b lim: 1418 exec/s: 0 rss: 136Mb L: 52/1418 MS: 1 EraseBytes-
#14852	REDUCE cov: 277 ft: 514 corp: 102/4545b lim: 1418 exec/s: 0 rss: 136Mb L: 161/1418 MS: 1 InsertRepeatedBytes-
#15018	REDUCE cov: 277 ft: 514 corp: 102/4544b lim: 1418 exec/s: 0 rss: 136Mb L: 15/1418 MS: 1 EraseBytes-
#15055	REDUCE cov: 277 ft: 515 corp: 103/4575b lim: 1418 exec/s: 0 rss: 136Mb L: 31/1418 MS: 2 EraseBytes-CrossOver-
#15320	REDUCE cov: 277 ft: 515 corp: 103/4566b lim: 1418 exec/s: 0 rss: 136Mb L: 18/1418 MS: 5 InsertByte-ChangeByte-ShuffleBytes-PersAutoDict-EraseBytes- DE: "\001\000\000\000\000\000\000="-
#15406	REDUCE cov: 277 ft: 515 corp: 103/4564b lim: 1418 exec/s: 0 rss: 136Mb L: 5/1418 MS: 1 EraseBytes-
#15422	NEW    cov: 278 ft: 516 corp: 104/4584b lim: 1418 exec/s: 0 rss: 136Mb L: 20/1418 MS: 1 PersAutoDict- DE: "\275p"-
#15492	REDUCE cov: 278 ft: 516 corp: 104/4571b lim: 1418 exec/s: 0 rss: 136Mb L: 35/1418 MS: 5 CopyPart-ChangeByte-InsertByte-CopyPart-EraseBytes-
#15738	REDUCE cov: 278 ft: 516 corp: 104/4570b lim: 1418 exec/s: 0 rss: 136Mb L: 27/1418 MS: 1 EraseBytes-
#15814	REDUCE cov: 278 ft: 516 corp: 104/4569b lim: 1418 exec/s: 0 rss: 136Mb L: 17/1418 MS: 1 EraseBytes-
#16025	REDUCE cov: 278 ft: 516 corp: 104/4565b lim: 1418 exec/s: 0 rss: 136Mb L: 53/1418 MS: 1 EraseBytes-
#16081	REDUCE cov: 278 ft: 516 corp: 104/4563b lim: 1418 exec/s: 0 rss: 136Mb L: 39/1418 MS: 1 EraseBytes-
#16127	REDUCE cov: 278 ft: 516 corp: 104/4555b lim: 1418 exec/s: 0 rss: 136Mb L: 9/1418 MS: 1 EraseBytes-
#16158	NEW    cov: 279 ft: 517 corp: 105/4576b lim: 1418 exec/s: 0 rss: 136Mb L: 21/1418 MS: 1 InsertByte-
#16199	REDUCE cov: 279 ft: 517 corp: 105/4511b lim: 1418 exec/s: 0 rss: 136Mb L: 96/1418 MS: 1 EraseBytes-
#16215	NEW    cov: 279 ft: 518 corp: 106/4557b lim: 1418 exec/s: 0 rss: 136Mb L: 46/1418 MS: 1 ShuffleBytes-
#16301	REDUCE cov: 279 ft: 520 corp: 107/4600b lim: 1418 exec/s: 0 rss: 136Mb L: 43/1418 MS: 1 EraseBytes-
#16418	REDUCE cov: 279 ft: 520 corp: 107/4598b lim: 1418 exec/s: 0 rss: 136Mb L: 37/1418 MS: 2 ChangeBit-EraseBytes-
#16480	NEW    cov: 280 ft: 522 corp: 108/4622b lim: 1418 exec/s: 0 rss: 136Mb L: 24/1418 MS: 2 EraseBytes-CopyPart-
#16686	REDUCE cov: 280 ft: 523 corp: 109/4639b lim: 1418 exec/s: 0 rss: 136Mb L: 17/1418 MS: 1 ChangeBinInt-
#16722	REDUCE cov: 280 ft: 523 corp: 109/4637b lim: 1418 exec/s: 0 rss: 136Mb L: 14/1418 MS: 1 EraseBytes-
#16728	REDUCE cov: 280 ft: 523 corp: 109/4636b lim: 1418 exec/s: 0 rss: 136Mb L: 16/1418 MS: 1 EraseBytes-
#16764	REDUCE cov: 280 ft: 523 corp: 109/4634b lim: 1418 exec/s: 0 rss: 136Mb L: 35/1418 MS: 1 EraseBytes-
#16810	NEW    cov: 281 ft: 524 corp: 110/4703b lim: 1418 exec/s: 0 rss: 136Mb L: 69/1418 MS: 1 ManualDict- DE: "ZSTD_compressBlock_splitBlock_internal: No splits"-
#16932	REDUCE cov: 281 ft: 525 corp: 111/4738b lim: 1418 exec/s: 0 rss: 136Mb L: 35/1418 MS: 2 ShuffleBytes-PersAutoDict- DE: " %02X"-
#17088	REDUCE cov: 281 ft: 525 corp: 111/4734b lim: 1418 exec/s: 0 rss: 136Mb L: 17/1418 MS: 1 EraseBytes-
#17144	REDUCE cov: 281 ft: 525 corp: 111/4720b lim: 1418 exec/s: 0 rss: 136Mb L: 82/1418 MS: 1 EraseBytes-
#17465	REDUCE cov: 281 ft: 525 corp: 111/4699b lim: 1418 exec/s: 0 rss: 136Mb L: 48/1418 MS: 1 EraseBytes-
#17552	NEW    cov: 281 ft: 526 corp: 112/4771b lim: 1418 exec/s: 0 rss: 136Mb L: 72/1418 MS: 2 CopyPart-ChangeByte-
#17588	REDUCE cov: 281 ft: 526 corp: 112/4767b lim: 1418 exec/s: 0 rss: 136Mb L: 24/1418 MS: 1 EraseBytes-
#17611	REDUCE cov: 281 ft: 527 corp: 113/4805b lim: 1418 exec/s: 0 rss: 136Mb L: 38/1418 MS: 3 CrossOver-ChangeBinInt-ChangeBinInt-
#17629	REDUCE cov: 281 ft: 527 corp: 113/4799b lim: 1418 exec/s: 0 rss: 136Mb L: 30/1418 MS: 3 InsertRepeatedBytes-EraseBytes-EraseBytes-
#17720	REDUCE cov: 281 ft: 527 corp: 113/4798b lim: 1418 exec/s: 0 rss: 136Mb L: 20/1418 MS: 1 CrossOver-
#18041	REDUCE cov: 281 ft: 527 corp: 113/4795b lim: 1418 exec/s: 0 rss: 136Mb L: 21/1418 MS: 1 EraseBytes-
#18087	NEW    cov: 282 ft: 533 corp: 114/4819b lim: 1418 exec/s: 0 rss: 136Mb L: 24/1418 MS: 1 CopyPart-
#18243	NEW    cov: 283 ft: 534 corp: 115/4839b lim: 1418 exec/s: 0 rss: 136Mb L: 20/1418 MS: 1 CrossOver-
#18294	REDUCE cov: 283 ft: 534 corp: 115/4834b lim: 1418 exec/s: 0 rss: 136Mb L: 20/1418 MS: 1 EraseBytes-
#18375	REDUCE cov: 283 ft: 534 corp: 115/4830b lim: 1418 exec/s: 0 rss: 136Mb L: 34/1418 MS: 1 EraseBytes-
#18537	REDUCE cov: 283 ft: 534 corp: 115/4814b lim: 1418 exec/s: 0 rss: 136Mb L: 66/1418 MS: 2 PersAutoDict-EraseBytes- DE: "\000\000\000N"-
#18623	REDUCE cov: 283 ft: 534 corp: 115/4812b lim: 1418 exec/s: 0 rss: 136Mb L: 13/1418 MS: 1 EraseBytes-
#18679	REDUCE cov: 283 ft: 534 corp: 115/4801b lim: 1418 exec/s: 0 rss: 136Mb L: 55/1418 MS: 1 EraseBytes-
#18695	REDUCE cov: 283 ft: 534 corp: 115/4770b lim: 1418 exec/s: 0 rss: 136Mb L: 41/1418 MS: 1 EraseBytes-
#18696	REDUCE cov: 283 ft: 534 corp: 115/4753b lim: 1418 exec/s: 0 rss: 136Mb L: 58/1418 MS: 1 EraseBytes-
#18697	REDUCE cov: 283 ft: 534 corp: 115/4750b lim: 1418 exec/s: 0 rss: 136Mb L: 10/1418 MS: 1 EraseBytes-
#18793	REDUCE cov: 283 ft: 534 corp: 115/4746b lim: 1418 exec/s: 0 rss: 136Mb L: 33/1418 MS: 1 EraseBytes-
#18864	REDUCE cov: 283 ft: 534 corp: 115/4742b lim: 1418 exec/s: 0 rss: 136Mb L: 54/1418 MS: 1 EraseBytes-
#18977	REDUCE cov: 283 ft: 540 corp: 116/4899b lim: 1418 exec/s: 0 rss: 136Mb L: 157/1418 MS: 3 InsertRepeatedBytes-ShuffleBytes-ChangeBinInt-
#19028	NEW    cov: 283 ft: 541 corp: 117/4919b lim: 1418 exec/s: 0 rss: 136Mb L: 20/1418 MS: 1 ChangeBit-
#19089	REDUCE cov: 283 ft: 541 corp: 117/4916b lim: 1418 exec/s: 0 rss: 136Mb L: 27/1418 MS: 1 EraseBytes-
#19305	REDUCE cov: 283 ft: 541 corp: 117/4905b lim: 1418 exec/s: 0 rss: 136Mb L: 113/1418 MS: 1 EraseBytes-
#19337	REDUCE cov: 283 ft: 542 corp: 118/4951b lim: 1418 exec/s: 0 rss: 136Mb L: 46/1418 MS: 2 ChangeByte-InsertByte-
#19768	REDUCE cov: 283 ft: 542 corp: 118/4948b lim: 1418 exec/s: 0 rss: 136Mb L: 37/1418 MS: 1 EraseBytes-
#20184	REDUCE cov: 283 ft: 542 corp: 118/4946b lim: 1418 exec/s: 0 rss: 136Mb L: 33/1418 MS: 1 EraseBytes-
#20320	REDUCE cov: 283 ft: 542 corp: 118/4933b lim: 1418 exec/s: 0 rss: 136Mb L: 180/1418 MS: 1 EraseBytes-
#20712	REDUCE cov: 283 ft: 542 corp: 118/4922b lim: 1418 exec/s: 0 rss: 136Mb L: 32/1418 MS: 2 CrossOver-EraseBytes-
#20785	REDUCE cov: 283 ft: 542 corp: 118/4917b lim: 1418 exec/s: 0 rss: 136Mb L: 30/1418 MS: 3 ChangeByte-ShuffleBytes-EraseBytes-
#20896	REDUCE cov: 283 ft: 542 corp: 118/4912b lim: 1418 exec/s: 0 rss: 136Mb L: 25/1418 MS: 1 EraseBytes-
#21020	NEW    cov: 283 ft: 543 corp: 119/4938b lim: 1418 exec/s: 0 rss: 136Mb L: 26/1418 MS: 4 CopyPart-EraseBytes-PersAutoDict-InsertByte- DE: "\275p"-
#21057	REDUCE cov: 283 ft: 543 corp: 119/4934b lim: 1418 exec/s: 0 rss: 136Mb L: 28/1418 MS: 2 ShuffleBytes-EraseBytes-
#21311	NEW    cov: 283 ft: 546 corp: 120/5237b lim: 1418 exec/s: 0 rss: 136Mb L: 303/1418 MS: 4 PersAutoDict-InsertRepeatedBytes-PersAutoDict-ShuffleBytes- DE: "last match must fit within dstBuffer"-"wait for serialState->cond"-
#21332	REDUCE cov: 283 ft: 546 corp: 120/5229b lim: 1418 exec/s: 0 rss: 136Mb L: 40/1418 MS: 1 EraseBytes-
#21409	NEW    cov: 283 ft: 549 corp: 121/5269b lim: 1418 exec/s: 0 rss: 136Mb L: 40/1418 MS: 2 ChangeBit-ShuffleBytes-
#21710	REDUCE cov: 283 ft: 549 corp: 121/5265b lim: 1418 exec/s: 0 rss: 136Mb L: 42/1418 MS: 1 EraseBytes-
#21736	REDUCE cov: 283 ft: 549 corp: 121/5264b lim: 1418 exec/s: 0 rss: 136Mb L: 9/1418 MS: 1 EraseBytes-
#21787	REDUCE cov: 283 ft: 549 corp: 121/5260b lim: 1418 exec/s: 0 rss: 136Mb L: 21/1418 MS: 1 EraseBytes-
#21899	REDUCE cov: 283 ft: 549 corp: 121/5207b lim: 1418 exec/s: 0 rss: 136Mb L: 104/1418 MS: 2 ChangeByte-EraseBytes-
#21990	REDUCE cov: 283 ft: 549 corp: 121/5193b lim: 1418 exec/s: 0 rss: 136Mb L: 41/1418 MS: 1 EraseBytes-
#22162	REDUCE cov: 283 ft: 549 corp: 121/5182b lim: 1418 exec/s: 0 rss: 136Mb L: 26/1418 MS: 2 ChangeBit-EraseBytes-
#22408	REDUCE cov: 283 ft: 550 corp: 122/5307b lim: 1418 exec/s: 0 rss: 136Mb L: 125/1418 MS: 1 InsertRepeatedBytes-
#22628	REDUCE cov: 283 ft: 551 corp: 123/5345b lim: 1418 exec/s: 0 rss: 136Mb L: 38/1418 MS: 5 InsertByte-InsertByte-InsertByte-PersAutoDict-ChangeBit- DE: "\000\000\000\000\000\000\000\012"-
#23044	REDUCE cov: 283 ft: 551 corp: 123/5344b lim: 1418 exec/s: 0 rss: 136Mb L: 16/1418 MS: 1 EraseBytes-
#23070	REDUCE cov: 283 ft: 551 corp: 123/5332b lim: 1418 exec/s: 0 rss: 136Mb L: 28/1418 MS: 1 EraseBytes-
#23171	REDUCE cov: 284 ft: 552 corp: 124/5359b lim: 1418 exec/s: 0 rss: 136Mb L: 27/1418 MS: 1 ShuffleBytes-
#23447	REDUCE cov: 284 ft: 552 corp: 124/5342b lim: 1418 exec/s: 0 rss: 136Mb L: 87/1418 MS: 1 EraseBytes-
#23549	REDUCE cov: 284 ft: 552 corp: 124/5310b lim: 1418 exec/s: 0 rss: 136Mb L: 55/1418 MS: 2 ChangeBit-EraseBytes-
#23550	REDUCE cov: 284 ft: 552 corp: 124/5300b lim: 1418 exec/s: 0 rss: 136Mb L: 35/1418 MS: 1 EraseBytes-
#23673	REDUCE cov: 285 ft: 553 corp: 125/5379b lim: 1418 exec/s: 0 rss: 136Mb L: 79/1418 MS: 3 ChangeBinInt-ShuffleBytes-ManualDict- DE: "tableLog requires too much memory : unsupported"-
#23739	REDUCE cov: 285 ft: 553 corp: 125/5361b lim: 1418 exec/s: 0 rss: 136Mb L: 107/1418 MS: 1 EraseBytes-
#23811	REDUCE cov: 285 ft: 553 corp: 125/5342b lim: 1418 exec/s: 0 rss: 136Mb L: 34/1418 MS: 2 EraseBytes-PersAutoDict- DE: "\000\000\000N"-
#24277	REDUCE cov: 285 ft: 554 corp: 126/5363b lim: 1418 exec/s: 0 rss: 136Mb L: 21/1418 MS: 1 ChangeBinInt-
#24300	REDUCE cov: 285 ft: 557 corp: 127/5398b lim: 1418 exec/s: 0 rss: 136Mb L: 35/1418 MS: 3 ChangeBinInt-ChangeBinInt-ChangeBinInt-
#24352	REDUCE cov: 285 ft: 557 corp: 127/5396b lim: 1418 exec/s: 0 rss: 136Mb L: 24/1418 MS: 2 ChangeBit-EraseBytes-
#24680	REDUCE cov: 285 ft: 557 corp: 127/5392b lim: 1418 exec/s: 0 rss: 137Mb L: 22/1418 MS: 3 CrossOver-CopyPart-EraseBytes-
#24726	REDUCE cov: 285 ft: 557 corp: 127/5390b lim: 1418 exec/s: 0 rss: 137Mb L: 25/1418 MS: 1 EraseBytes-
#24757	REDUCE cov: 285 ft: 557 corp: 127/5386b lim: 1418 exec/s: 0 rss: 137Mb L: 135/1418 MS: 1 EraseBytes-
#24904	REDUCE cov: 285 ft: 557 corp: 127/5375b lim: 1418 exec/s: 0 rss: 137Mb L: 43/1418 MS: 2 ChangeBit-EraseBytes-
#24926	NEW    cov: 285 ft: 559 corp: 128/5403b lim: 1418 exec/s: 0 rss: 137Mb L: 28/1418 MS: 2 ChangeByte-ChangeBit-
#25287	REDUCE cov: 285 ft: 559 corp: 128/5391b lim: 1418 exec/s: 0 rss: 137Mb L: 95/1418 MS: 1 EraseBytes-
#25428	REDUCE cov: 285 ft: 559 corp: 128/5389b lim: 1418 exec/s: 0 rss: 137Mb L: 25/1418 MS: 1 EraseBytes-
#25649	REDUCE cov: 285 ft: 559 corp: 128/5377b lim: 1418 exec/s: 0 rss: 137Mb L: 67/1418 MS: 1 EraseBytes-
#25676	REDUCE cov: 285 ft: 560 corp: 129/5426b lim: 1418 exec/s: 0 rss: 137Mb L: 49/1418 MS: 2 CMP-ShuffleBytes- DE: "\004\000\000\000\000\000\000\000"-
#25693	REDUCE cov: 285 ft: 560 corp: 129/5423b lim: 1418 exec/s: 0 rss: 137Mb L: 92/1418 MS: 2 ChangeBit-EraseBytes-
#25799	REDUCE cov: 285 ft: 560 corp: 129/5411b lim: 1418 exec/s: 0 rss: 137Mb L: 28/1418 MS: 1 EraseBytes-
#25873	REDUCE cov: 285 ft: 560 corp: 129/5329b lim: 1418 exec/s: 0 rss: 137Mb L: 221/1418 MS: 4 CrossOver-ChangeBinInt-ChangeBit-CrossOver-
#25929	REDUCE cov: 285 ft: 560 corp: 129/5319b lim: 1418 exec/s: 0 rss: 137Mb L: 211/1418 MS: 1 EraseBytes-
#26014	REDUCE cov: 285 ft: 560 corp: 129/5309b lim: 1418 exec/s: 0 rss: 137Mb L: 21/1418 MS: 5 ChangeByte-CopyPart-ShuffleBytes-ShuffleBytes-EraseBytes-
#26015	REDUCE cov: 285 ft: 560 corp: 129/5291b lim: 1418 exec/s: 0 rss: 137Mb L: 28/1418 MS: 1 EraseBytes-
#26048	REDUCE cov: 285 ft: 560 corp: 129/5290b lim: 1418 exec/s: 0 rss: 137Mb L: 23/1418 MS: 3 ChangeASCIIInt-ChangeASCIIInt-EraseBytes-
#26067	REDUCE cov: 285 ft: 562 corp: 130/5375b lim: 1418 exec/s: 0 rss: 137Mb L: 85/1418 MS: 4 CrossOver-PersAutoDict-ShuffleBytes-InsertByte- DE: "Context should be init first"-
#26148	REDUCE cov: 285 ft: 562 corp: 130/5327b lim: 1418 exec/s: 0 rss: 137Mb L: 163/1418 MS: 1 EraseBytes-
#26167	REDUCE cov: 285 ft: 562 corp: 130/5318b lim: 1418 exec/s: 0 rss: 137Mb L: 76/1418 MS: 4 InsertRepeatedBytes-EraseBytes-EraseBytes-EraseBytes-
#26264	REDUCE cov: 285 ft: 562 corp: 130/5312b lim: 1418 exec/s: 0 rss: 137Mb L: 34/1418 MS: 2 ShuffleBytes-EraseBytes-
#26722	NEW    cov: 285 ft: 563 corp: 131/5340b lim: 1418 exec/s: 0 rss: 137Mb L: 28/1418 MS: 3 ChangeByte-ChangeByte-InsertByte-
#26768	REDUCE cov: 285 ft: 563 corp: 131/5329b lim: 1418 exec/s: 0 rss: 137Mb L: 44/1418 MS: 1 EraseBytes-
#26933	REDUCE cov: 285 ft: 563 corp: 131/5326b lim: 1418 exec/s: 0 rss: 137Mb L: 38/1418 MS: 5 ChangeByte-PersAutoDict-ShuffleBytes-ShuffleBytes-EraseBytes- DE: "NULL not handled"-
#27806	REDUCE cov: 285 ft: 564 corp: 132/5493b lim: 1418 exec/s: 0 rss: 137Mb L: 167/1418 MS: 3 ShuffleBytes-CMP-ChangeBit- DE: "\007\000\000\000"-
#27927	REDUCE cov: 285 ft: 564 corp: 132/5488b lim: 1418 exec/s: 0 rss: 137Mb L: 87/1418 MS: 1 EraseBytes-
#27993	REDUCE cov: 285 ft: 566 corp: 133/5515b lim: 1418 exec/s: 0 rss: 137Mb L: 27/1418 MS: 1 ChangeByte-
#28889	NEW    cov: 285 ft: 567 corp: 134/5551b lim: 1418 exec/s: 0 rss: 137Mb L: 36/1418 MS: 1 CMP- DE: "\000\000\000\000\000\000\000\000"-
#28925	REDUCE cov: 285 ft: 567 corp: 134/5543b lim: 1418 exec/s: 0 rss: 137Mb L: 20/1418 MS: 1 EraseBytes-
#28996	REDUCE cov: 285 ft: 567 corp: 134/5541b lim: 1418 exec/s: 0 rss: 137Mb L: 65/1418 MS: 1 EraseBytes-
#29174	REDUCE cov: 285 ft: 567 corp: 134/5519b lim: 1418 exec/s: 0 rss: 137Mb L: 54/1418 MS: 3 ChangeBit-ShuffleBytes-EraseBytes-
#29260	REDUCE cov: 285 ft: 567 corp: 134/5506b lim: 1418 exec/s: 0 rss: 137Mb L: 25/1418 MS: 1 EraseBytes-
#29306	REDUCE cov: 285 ft: 567 corp: 134/5503b lim: 1418 exec/s: 0 rss: 137Mb L: 14/1418 MS: 1 EraseBytes-
#29377	REDUCE cov: 285 ft: 567 corp: 134/5500b lim: 1418 exec/s: 0 rss: 137Mb L: 32/1418 MS: 1 EraseBytes-
#29924	REDUCE cov: 285 ft: 567 corp: 134/5458b lim: 1418 exec/s: 0 rss: 137Mb L: 125/1418 MS: 2 CopyPart-EraseBytes-
#29950	REDUCE cov: 285 ft: 567 corp: 134/5445b lim: 1418 exec/s: 0 rss: 137Mb L: 122/1418 MS: 1 EraseBytes-
#29991	REDUCE cov: 285 ft: 567 corp: 134/5438b lim: 1418 exec/s: 0 rss: 137Mb L: 26/1418 MS: 1 EraseBytes-
#30042	REDUCE cov: 285 ft: 567 corp: 134/5437b lim: 1418 exec/s: 0 rss: 137Mb L: 9/1418 MS: 1 EraseBytes-
#30043	REDUCE cov: 287 ft: 569 corp: 135/5459b lim: 1418 exec/s: 0 rss: 137Mb L: 22/1418 MS: 1 ChangeBit-
#30071	REDUCE cov: 287 ft: 569 corp: 135/5429b lim: 1418 exec/s: 0 rss: 137Mb L: 35/1418 MS: 3 InsertByte-ManualDict-EraseBytes- DE: "Freeing ddict hash set"-
#30304	REDUCE cov: 287 ft: 569 corp: 135/5422b lim: 1418 exec/s: 0 rss: 137Mb L: 27/1418 MS: 3 ChangeBit-CopyPart-EraseBytes-
#30830	REDUCE cov: 287 ft: 569 corp: 135/5399b lim: 1418 exec/s: 0 rss: 137Mb L: 26/1418 MS: 1 EraseBytes-
#31226	REDUCE cov: 287 ft: 570 corp: 136/5432b lim: 1418 exec/s: 0 rss: 137Mb L: 33/1418 MS: 1 ShuffleBytes-
#31317	REDUCE cov: 287 ft: 570 corp: 136/5426b lim: 1418 exec/s: 0 rss: 137Mb L: 40/1418 MS: 1 EraseBytes-
#31333	REDUCE cov: 287 ft: 570 corp: 136/5423b lim: 1418 exec/s: 0 rss: 137Mb L: 22/1418 MS: 1 EraseBytes-
#31394	NEW    cov: 289 ft: 572 corp: 137/5456b lim: 1418 exec/s: 0 rss: 137Mb L: 33/1418 MS: 1 PersAutoDict- DE: "\007\000\000\000"-
#31445	REDUCE cov: 289 ft: 572 corp: 137/5447b lim: 1418 exec/s: 0 rss: 137Mb L: 26/1418 MS: 1 EraseBytes-
#31632	REDUCE cov: 289 ft: 572 corp: 137/5446b lim: 1418 exec/s: 0 rss: 137Mb L: 24/1418 MS: 2 CMP-EraseBytes- DE: "\003\000\000\000\000\000\000\000"-
#31633	REDUCE cov: 289 ft: 572 corp: 137/5443b lim: 1418 exec/s: 0 rss: 137Mb L: 40/1418 MS: 1 EraseBytes-
#31654	REDUCE cov: 289 ft: 572 corp: 137/5438b lim: 1418 exec/s: 0 rss: 137Mb L: 30/1418 MS: 1 EraseBytes-
#31885	REDUCE cov: 289 ft: 572 corp: 137/5429b lim: 1418 exec/s: 0 rss: 137Mb L: 33/1418 MS: 1 EraseBytes-
#31937	REDUCE cov: 289 ft: 572 corp: 137/5419b lim: 1418 exec/s: 0 rss: 137Mb L: 55/1418 MS: 2 ManualDict-EraseBytes- DE: "Dictionary is corrupted"-
#32039	REDUCE cov: 289 ft: 572 corp: 137/5407b lim: 1418 exec/s: 0 rss: 137Mb L: 23/1418 MS: 2 CopyPart-EraseBytes-
#32065	REDUCE cov: 289 ft: 572 corp: 137/5401b lim: 1418 exec/s: 0 rss: 137Mb L: 81/1418 MS: 1 EraseBytes-
#32346	REDUCE cov: 289 ft: 572 corp: 137/5400b lim: 1418 exec/s: 0 rss: 137Mb L: 25/1418 MS: 1 EraseBytes-
#32577	REDUCE cov: 289 ft: 572 corp: 137/5335b lim: 1418 exec/s: 0 rss: 137Mb L: 98/1418 MS: 1 EraseBytes-
#32578	REDUCE cov: 289 ft: 572 corp: 137/5321b lim: 1418 exec/s: 0 rss: 137Mb L: 26/1418 MS: 1 EraseBytes-
#32579	REDUCE cov: 289 ft: 572 corp: 137/5320b lim: 1418 exec/s: 0 rss: 137Mb L: 23/1418 MS: 1 EraseBytes-
#32586	REDUCE cov: 289 ft: 572 corp: 137/5309b lim: 1418 exec/s: 0 rss: 137Mb L: 29/1418 MS: 2 ChangeByte-EraseBytes-
#32647	REDUCE cov: 289 ft: 572 corp: 137/5308b lim: 1418 exec/s: 0 rss: 137Mb L: 21/1418 MS: 1 EraseBytes-
#32682	REDUCE cov: 289 ft: 572 corp: 137/5307b lim: 1418 exec/s: 0 rss: 137Mb L: 11/1418 MS: 5 InsertByte-InsertByte-CrossOver-ChangeBinInt-EraseBytes-
#32843	REDUCE cov: 289 ft: 572 corp: 137/5303b lim: 1418 exec/s: 0 rss: 137Mb L: 25/1418 MS: 1 EraseBytes-
#33026	REDUCE cov: 289 ft: 572 corp: 137/5302b lim: 1418 exec/s: 0 rss: 137Mb L: 9/1418 MS: 3 EraseBytes-ChangeBit-ChangeBinInt-
#33349	REDUCE cov: 289 ft: 572 corp: 137/5286b lim: 1418 exec/s: 0 rss: 137Mb L: 38/1418 MS: 3 ChangeBit-CopyPart-EraseBytes-
#33365	REDUCE cov: 289 ft: 572 corp: 137/5282b lim: 1418 exec/s: 0 rss: 137Mb L: 24/1418 MS: 1 EraseBytes-
#33401	REDUCE cov: 290 ft: 573 corp: 138/5304b lim: 1418 exec/s: 0 rss: 137Mb L: 22/1418 MS: 1 PersAutoDict- DE: "\377\377\377E"-
#34282	REDUCE cov: 290 ft: 574 corp: 139/5356b lim: 1418 exec/s: 0 rss: 137Mb L: 52/1418 MS: 1 InsertRepeatedBytes-
#34349	NEW    cov: 290 ft: 575 corp: 140/5392b lim: 1418 exec/s: 0 rss: 137Mb L: 36/1418 MS: 2 ChangeByte-PersAutoDict- DE: "\000\000\000\000\000\000\000\012"-
#34426	REDUCE cov: 290 ft: 575 corp: 140/5380b lim: 1418 exec/s: 0 rss: 137Mb L: 27/1418 MS: 2 ChangeByte-EraseBytes-
#34649	REDUCE cov: 290 ft: 575 corp: 140/5378b lim: 1418 exec/s: 0 rss: 137Mb L: 9/1418 MS: 3 ShuffleBytes-InsertByte-EraseBytes-
#34885	REDUCE cov: 290 ft: 575 corp: 140/5373b lim: 1418 exec/s: 0 rss: 137Mb L: 93/1418 MS: 1 EraseBytes-
#35046	REDUCE cov: 290 ft: 575 corp: 140/5361b lim: 1418 exec/s: 0 rss: 137Mb L: 26/1418 MS: 1 EraseBytes-
#35128	REDUCE cov: 290 ft: 575 corp: 140/5350b lim: 1418 exec/s: 0 rss: 137Mb L: 82/1418 MS: 2 CMP-EraseBytes- DE: "\377\377\377\377\377\377\377\011"-
#35170	REDUCE cov: 290 ft: 575 corp: 140/5348b lim: 1418 exec/s: 0 rss: 137Mb L: 53/1418 MS: 2 InsertByte-EraseBytes-
#35335	REDUCE cov: 290 ft: 576 corp: 141/5484b lim: 1418 exec/s: 0 rss: 137Mb L: 136/1418 MS: 5 CopyPart-ManualDict-CrossOver-EraseBytes-PersAutoDict- DE: "ZSTD_createDStream"-"ZSTD_buildBlockEntropyStats_literals failed"-
#35372	REDUCE cov: 290 ft: 576 corp: 141/5465b lim: 1418 exec/s: 0 rss: 137Mb L: 33/1418 MS: 2 ChangeByte-EraseBytes-
#35404	REDUCE cov: 290 ft: 576 corp: 141/5456b lim: 1418 exec/s: 0 rss: 137Mb L: 31/1418 MS: 2 CopyPart-EraseBytes-
#35441	REDUCE cov: 290 ft: 576 corp: 141/5366b lim: 1418 exec/s: 0 rss: 137Mb L: 90/1418 MS: 2 EraseBytes-EraseBytes-
#35637	REDUCE cov: 290 ft: 576 corp: 141/5331b lim: 1418 exec/s: 0 rss: 137Mb L: 101/1418 MS: 1 EraseBytes-
#36314	REDUCE cov: 290 ft: 576 corp: 141/5329b lim: 1418 exec/s: 0 rss: 137Mb L: 38/1418 MS: 2 InsertByte-EraseBytes-
#36375	REDUCE cov: 290 ft: 576 corp: 141/5328b lim: 1418 exec/s: 0 rss: 137Mb L: 38/1418 MS: 1 EraseBytes-
#36526	REDUCE cov: 290 ft: 576 corp: 141/5316b lim: 1418 exec/s: 0 rss: 137Mb L: 39/1418 MS: 1 EraseBytes-
#36687	NEW    cov: 290 ft: 577 corp: 142/5369b lim: 1418 exec/s: 0 rss: 137Mb L: 53/1418 MS: 1 CopyPart-
#36763	REDUCE cov: 290 ft: 577 corp: 142/5368b lim: 1418 exec/s: 0 rss: 137Mb L: 10/1418 MS: 1 EraseBytes-
#36879	REDUCE cov: 290 ft: 577 corp: 142/5328b lim: 1418 exec/s: 0 rss: 137Mb L: 61/1418 MS: 1 EraseBytes-
#37706	REDUCE cov: 290 ft: 577 corp: 142/5311b lim: 1418 exec/s: 0 rss: 137Mb L: 108/1418 MS: 2 ShuffleBytes-EraseBytes-
#37727	REDUCE cov: 290 ft: 577 corp: 142/5306b lim: 1418 exec/s: 0 rss: 137Mb L: 36/1418 MS: 1 EraseBytes-
#37788	REDUCE cov: 290 ft: 577 corp: 142/5296b lim: 1418 exec/s: 0 rss: 137Mb L: 72/1418 MS: 1 EraseBytes-
#37834	REDUCE cov: 290 ft: 577 corp: 142/5280b lim: 1418 exec/s: 0 rss: 137Mb L: 56/1418 MS: 1 EraseBytes-
#38256	REDUCE cov: 290 ft: 577 corp: 142/5253b lim: 1418 exec/s: 0 rss: 137Mb L: 81/1418 MS: 2 InsertByte-EraseBytes-
#38318	REDUCE cov: 290 ft: 577 corp: 142/5229b lim: 1418 exec/s: 0 rss: 137Mb L: 66/1418 MS: 2 ManualDict-EraseBytes- DE: "Waiting for buffer..."-
#38384	REDUCE cov: 290 ft: 577 corp: 142/5226b lim: 1418 exec/s: 0 rss: 137Mb L: 58/1418 MS: 1 EraseBytes-
#38425	REDUCE cov: 290 ft: 577 corp: 142/5224b lim: 1418 exec/s: 0 rss: 137Mb L: 21/1418 MS: 1 EraseBytes-
#38471	REDUCE cov: 290 ft: 578 corp: 143/5257b lim: 1418 exec/s: 0 rss: 137Mb L: 33/1418 MS: 1 InsertByte-
#38517	REDUCE cov: 290 ft: 578 corp: 143/5245b lim: 1418 exec/s: 0 rss: 137Mb L: 22/1418 MS: 1 EraseBytes-
#38983	REDUCE cov: 290 ft: 578 corp: 143/5229b lim: 1418 exec/s: 0 rss: 137Mb L: 22/1418 MS: 1 EraseBytes-
#39014	REDUCE cov: 290 ft: 578 corp: 143/5227b lim: 1418 exec/s: 0 rss: 137Mb L: 33/1418 MS: 1 EraseBytes-
#39335	REDUCE cov: 290 ft: 578 corp: 143/5224b lim: 1418 exec/s: 0 rss: 137Mb L: 36/1418 MS: 1 EraseBytes-
#40064	REDUCE cov: 290 ft: 584 corp: 144/5310b lim: 1418 exec/s: 0 rss: 137Mb L: 86/1418 MS: 4 InsertRepeatedBytes-CopyPart-ChangeBinInt-PersAutoDict- DE: "\275p"-
#40259	REDUCE cov: 290 ft: 584 corp: 144/5300b lim: 1418 exec/s: 0 rss: 137Mb L: 48/1418 MS: 5 ShuffleBytes-CMP-ChangeBinInt-CrossOver-EraseBytes- DE: "\377\377\377\377\377\377\377\377"-
#40465	REDUCE cov: 290 ft: 584 corp: 144/5299b lim: 1418 exec/s: 0 rss: 137Mb L: 24/1418 MS: 1 EraseBytes-
#40571	NEW    cov: 290 ft: 586 corp: 145/5326b lim: 1418 exec/s: 0 rss: 137Mb L: 27/1418 MS: 1 CrossOver-
#40662	REDUCE cov: 290 ft: 586 corp: 145/5324b lim: 1418 exec/s: 0 rss: 137Mb L: 30/1418 MS: 1 EraseBytes-
#40718	REDUCE cov: 290 ft: 586 corp: 145/5306b lim: 1418 exec/s: 0 rss: 137Mb L: 63/1418 MS: 1 EraseBytes-
#40774	REDUCE cov: 290 ft: 586 corp: 145/5290b lim: 1418 exec/s: 0 rss: 137Mb L: 20/1418 MS: 1 EraseBytes-
#41321	REDUCE cov: 290 ft: 586 corp: 145/5287b lim: 1418 exec/s: 0 rss: 137Mb L: 68/1418 MS: 2 CMP-EraseBytes- DE: "\000\376"-
#41507	REDUCE cov: 290 ft: 586 corp: 145/5271b lim: 1418 exec/s: 0 rss: 137Mb L: 40/1418 MS: 1 EraseBytes-
#41754	REDUCE cov: 290 ft: 586 corp: 145/5253b lim: 1418 exec/s: 0 rss: 137Mb L: 45/1418 MS: 2 PersAutoDict-EraseBytes- DE: "\004\000\000\000\000\000\000\000"-
#41785	REDUCE cov: 290 ft: 586 corp: 145/5252b lim: 1418 exec/s: 0 rss: 137Mb L: 42/1418 MS: 1 EraseBytes-
#41835	NEW    cov: 290 ft: 587 corp: 146/5371b lim: 1418 exec/s: 0 rss: 137Mb L: 119/1418 MS: 5 PersAutoDict-ShuffleBytes-EraseBytes-ChangeByte-InsertRepeatedBytes- DE: "\007\000\000\000"-
#41902	REDUCE cov: 290 ft: 589 corp: 147/5413b lim: 1418 exec/s: 0 rss: 137Mb L: 42/1418 MS: 2 ChangeBinInt-CrossOver-
#41964	REDUCE cov: 290 ft: 589 corp: 147/5380b lim: 1418 exec/s: 0 rss: 137Mb L: 53/1418 MS: 2 ManualDict-EraseBytes- DE: "Parameter is out of bound"-
#41975	REDUCE cov: 290 ft: 589 corp: 147/5379b lim: 1418 exec/s: 0 rss: 137Mb L: 20/1418 MS: 1 EraseBytes-
#42136	REDUCE cov: 290 ft: 589 corp: 147/5374b lim: 1418 exec/s: 0 rss: 137Mb L: 15/1418 MS: 1 EraseBytes-
#42172	REDUCE cov: 290 ft: 589 corp: 147/5370b lim: 1418 exec/s: 0 rss: 137Mb L: 16/1418 MS: 1 EraseBytes-
#42269	REDUCE cov: 290 ft: 589 corp: 147/5362b lim: 1418 exec/s: 0 rss: 137Mb L: 36/1418 MS: 2 CopyPart-EraseBytes-
#42466	REDUCE cov: 290 ft: 590 corp: 148/5388b lim: 1418 exec/s: 0 rss: 137Mb L: 26/1418 MS: 2 ChangeBit-ShuffleBytes-
#42613	REDUCE cov: 290 ft: 590 corp: 148/5382b lim: 1418 exec/s: 0 rss: 137Mb L: 39/1418 MS: 2 CopyPart-EraseBytes-
#42664	REDUCE cov: 290 ft: 590 corp: 148/5373b lim: 1418 exec/s: 0 rss: 137Mb L: 14/1418 MS: 1 EraseBytes-
#43427	REDUCE cov: 290 ft: 590 corp: 148/5370b lim: 1418 exec/s: 0 rss: 137Mb L: 78/1418 MS: 3 ShuffleBytes-InsertByte-EraseBytes-
#43636	REDUCE cov: 290 ft: 590 corp: 148/5344b lim: 1418 exec/s: 0 rss: 137Mb L: 93/1418 MS: 4 CrossOver-ShuffleBytes-InsertRepeatedBytes-EraseBytes-
#43817	REDUCE cov: 290 ft: 590 corp: 148/5341b lim: 1418 exec/s: 0 rss: 137Mb L: 37/1418 MS: 1 EraseBytes-
#43883	REDUCE cov: 290 ft: 590 corp: 148/5340b lim: 1418 exec/s: 0 rss: 137Mb L: 33/1418 MS: 1 EraseBytes-
#44034	REDUCE cov: 290 ft: 590 corp: 148/5336b lim: 1418 exec/s: 0 rss: 137Mb L: 118/1418 MS: 1 EraseBytes-
#44268	NEW    cov: 290 ft: 591 corp: 149/5402b lim: 1418 exec/s: 0 rss: 137Mb L: 66/1418 MS: 4 ChangeByte-InsertByte-CrossOver-CMP- DE: ")\000\000\000\000\000\000\000"-
#44564	REDUCE cov: 290 ft: 591 corp: 149/5380b lim: 1418 exec/s: 0 rss: 137Mb L: 44/1418 MS: 1 EraseBytes-
#44700	REDUCE cov: 290 ft: 591 corp: 149/5376b lim: 1418 exec/s: 0 rss: 137Mb L: 22/1418 MS: 1 EraseBytes-
#44756	NEW    cov: 290 ft: 592 corp: 150/5431b lim: 1418 exec/s: 0 rss: 137Mb L: 55/1418 MS: 1 CrossOver-
#44903	REDUCE cov: 290 ft: 592 corp: 150/5425b lim: 1418 exec/s: 0 rss: 137Mb L: 20/1418 MS: 2 ChangeBit-EraseBytes-
#44914	REDUCE cov: 290 ft: 592 corp: 150/5420b lim: 1418 exec/s: 0 rss: 137Mb L: 73/1418 MS: 1 EraseBytes-
#45220	REDUCE cov: 290 ft: 592 corp: 150/5418b lim: 1418 exec/s: 0 rss: 137Mb L: 22/1418 MS: 1 EraseBytes-
#45286	REDUCE cov: 290 ft: 592 corp: 150/5414b lim: 1418 exec/s: 0 rss: 137Mb L: 12/1418 MS: 1 EraseBytes-
#45332	REDUCE cov: 290 ft: 592 corp: 150/5409b lim: 1418 exec/s: 0 rss: 137Mb L: 28/1418 MS: 1 EraseBytes-
#45509	REDUCE cov: 290 ft: 592 corp: 150/5406b lim: 1418 exec/s: 0 rss: 137Mb L: 21/1418 MS: 2 ChangeByte-EraseBytes-
#45615	REDUCE cov: 290 ft: 592 corp: 150/5402b lim: 1418 exec/s: 0 rss: 137Mb L: 38/1418 MS: 1 EraseBytes-
#45805	REDUCE cov: 290 ft: 593 corp: 151/5502b lim: 1418 exec/s: 0 rss: 137Mb L: 100/1418 MS: 5 PersAutoDict-ManualDict-PersAutoDict-InsertRepeatedBytes-ChangeBit- DE: "tableLog requires too much memory : unsupported"-"invalid input buffer"-"\377\377\377\377\377\377\377\377"-
#45864	REDUCE cov: 290 ft: 593 corp: 151/5480b lim: 1418 exec/s: 0 rss: 137Mb L: 71/1418 MS: 4 ManualDict-InsertByte-ChangeByte-EraseBytes- DE: "ZSTD_decompressContinue: case ZSTDds_decompressBlock"-
#45870	REDUCE cov: 290 ft: 594 corp: 152/5518b lim: 1418 exec/s: 0 rss: 137Mb L: 38/1418 MS: 1 ChangeByte-
#46226	REDUCE cov: 290 ft: 594 corp: 152/5517b lim: 1418 exec/s: 0 rss: 137Mb L: 67/1418 MS: 1 EraseBytes-
#46284	REDUCE cov: 290 ft: 594 corp: 152/5506b lim: 1418 exec/s: 0 rss: 137Mb L: 22/1418 MS: 3 ChangeBit-ManualDict-EraseBytes- DE: "hot!"-
#46436	REDUCE cov: 290 ft: 594 corp: 152/5505b lim: 1418 exec/s: 0 rss: 137Mb L: 21/1418 MS: 2 ChangeByte-EraseBytes-
#46557	REDUCE cov: 290 ft: 594 corp: 152/5503b lim: 1418 exec/s: 0 rss: 137Mb L: 25/1418 MS: 1 EraseBytes-
#46608	REDUCE cov: 290 ft: 594 corp: 152/5497b lim: 1418 exec/s: 0 rss: 137Mb L: 49/1418 MS: 1 EraseBytes-
#46609	REDUCE cov: 290 ft: 594 corp: 152/5494b lim: 1418 exec/s: 0 rss: 137Mb L: 20/1418 MS: 1 EraseBytes-
#46700	REDUCE cov: 290 ft: 594 corp: 152/5493b lim: 1418 exec/s: 0 rss: 137Mb L: 37/1418 MS: 1 EraseBytes-
#46786	REDUCE cov: 290 ft: 594 corp: 152/5490b lim: 1418 exec/s: 0 rss: 137Mb L: 19/1418 MS: 1 EraseBytes-
#46912	REDUCE cov: 290 ft: 594 corp: 152/5489b lim: 1418 exec/s: 0 rss: 137Mb L: 13/1418 MS: 1 EraseBytes-
#46958	REDUCE cov: 290 ft: 594 corp: 152/5477b lim: 1418 exec/s: 0 rss: 137Mb L: 25/1418 MS: 1 EraseBytes-
#47464	REDUCE cov: 290 ft: 594 corp: 152/5470b lim: 1418 exec/s: 0 rss: 137Mb L: 64/1418 MS: 1 EraseBytes-
#47465	REDUCE cov: 290 ft: 594 corp: 152/5466b lim: 1418 exec/s: 0 rss: 137Mb L: 26/1418 MS: 1 EraseBytes-
#47769	NEW    cov: 290 ft: 595 corp: 153/5503b lim: 1418 exec/s: 0 rss: 137Mb L: 37/1418 MS: 4 ChangeBit-InsertByte-ChangeBit-CMP- DE: "\005\000\000\000\000\000\000\000"-
#48135	REDUCE cov: 290 ft: 595 corp: 153/5498b lim: 1418 exec/s: 0 rss: 137Mb L: 28/1418 MS: 1 EraseBytes-
#48567	REDUCE cov: 290 ft: 595 corp: 153/5497b lim: 1418 exec/s: 0 rss: 137Mb L: 23/1418 MS: 2 ChangeByte-EraseBytes-
#49153	REDUCE cov: 290 ft: 595 corp: 153/5488b lim: 1418 exec/s: 0 rss: 137Mb L: 23/1418 MS: 1 EraseBytes-
#49264	REDUCE cov: 290 ft: 595 corp: 153/5477b lim: 1418 exec/s: 0 rss: 137Mb L: 19/1418 MS: 1 EraseBytes-
#49396	REDUCE cov: 290 ft: 595 corp: 153/5472b lim: 1418 exec/s: 0 rss: 137Mb L: 15/1418 MS: 2 ChangeByte-EraseBytes-
#50022	REDUCE cov: 290 ft: 595 corp: 153/5470b lim: 1418 exec/s: 0 rss: 137Mb L: 22/1418 MS: 1 EraseBytes-
#50112	REDUCE cov: 290 ft: 595 corp: 153/5454b lim: 1418 exec/s: 0 rss: 137Mb L: 84/1418 MS: 5 ManualDict-InsertByte-InsertByte-EraseBytes-EraseBytes- DE: "Reached end of sequences without finding a block delimiter"-
#50308	REDUCE cov: 290 ft: 595 corp: 153/5453b lim: 1418 exec/s: 0 rss: 137Mb L: 21/1418 MS: 1 EraseBytes-
#50619	REDUCE cov: 290 ft: 595 corp: 153/5450b lim: 1418 exec/s: 0 rss: 137Mb L: 25/1418 MS: 1 EraseBytes-
#50821	REDUCE cov: 290 ft: 597 corp: 154/5503b lim: 1418 exec/s: 0 rss: 137Mb L: 53/1418 MS: 2 ChangeByte-ChangeBit-
#50933	REDUCE cov: 290 ft: 597 corp: 154/5497b lim: 1418 exec/s: 0 rss: 137Mb L: 47/1418 MS: 2 ChangeBit-EraseBytes-
#52157	REDUCE cov: 290 ft: 597 corp: 154/5490b lim: 1428 exec/s: 52157 rss: 137Mb L: 27/1418 MS: 4 PersAutoDict-InsertByte-ChangeBinInt-EraseBytes- DE: "\377\377\377E"-
#53780	REDUCE cov: 290 ft: 597 corp: 154/5489b lim: 1438 exec/s: 53780 rss: 140Mb L: 36/1418 MS: 1 EraseBytes-
#54221	REDUCE cov: 290 ft: 597 corp: 154/5480b lim: 1438 exec/s: 54221 rss: 140Mb L: 24/1418 MS: 1 EraseBytes-
#54312	NEW    cov: 292 ft: 599 corp: 155/5588b lim: 1438 exec/s: 54312 rss: 140Mb L: 108/1418 MS: 1 InsertRepeatedBytes-
#54424	REDUCE cov: 292 ft: 599 corp: 155/5583b lim: 1438 exec/s: 54424 rss: 140Mb L: 39/1418 MS: 2 ChangeBit-EraseBytes-
#54680	REDUCE cov: 292 ft: 599 corp: 155/5582b lim: 1438 exec/s: 54680 rss: 140Mb L: 37/1418 MS: 1 EraseBytes-
#54936	REDUCE cov: 292 ft: 599 corp: 155/5562b lim: 1438 exec/s: 54936 rss: 140Mb L: 33/1418 MS: 1 EraseBytes-
#55303	REDUCE cov: 292 ft: 599 corp: 155/5559b lim: 1438 exec/s: 55303 rss: 140Mb L: 34/1418 MS: 2 ShuffleBytes-EraseBytes-
#55334	REDUCE cov: 292 ft: 599 corp: 155/5557b lim: 1438 exec/s: 55334 rss: 140Mb L: 23/1418 MS: 1 EraseBytes-
#55365	REDUCE cov: 292 ft: 599 corp: 155/5552b lim: 1438 exec/s: 55365 rss: 140Mb L: 23/1418 MS: 1 EraseBytes-
#56639	REDUCE cov: 292 ft: 599 corp: 155/5528b lim: 1448 exec/s: 56639 rss: 140Mb L: 49/1418 MS: 4 PersAutoDict-CrossOver-ChangeByte-EraseBytes- DE: "ZSTD_createDStream"-
#57047	REDUCE cov: 292 ft: 599 corp: 155/5495b lim: 1448 exec/s: 57047 rss: 140Mb L: 75/1418 MS: 3 ChangeByte-ChangeBinInt-EraseBytes-
#57513	REDUCE cov: 292 ft: 599 corp: 155/5492b lim: 1448 exec/s: 57513 rss: 140Mb L: 17/1418 MS: 1 EraseBytes-
#57665	REDUCE cov: 292 ft: 599 corp: 155/5490b lim: 1448 exec/s: 57665 rss: 140Mb L: 9/1418 MS: 2 InsertRepeatedBytes-EraseBytes-
#57698	REDUCE cov: 292 ft: 599 corp: 155/5476b lim: 1448 exec/s: 57698 rss: 140Mb L: 22/1418 MS: 3 InsertByte-ChangeBit-EraseBytes-
#57734	REDUCE cov: 292 ft: 599 corp: 155/5473b lim: 1448 exec/s: 57734 rss: 140Mb L: 23/1418 MS: 1 EraseBytes-
#57776	REDUCE cov: 292 ft: 599 corp: 155/5470b lim: 1448 exec/s: 57776 rss: 140Mb L: 30/1418 MS: 2 ChangeBit-EraseBytes-
#58173	REDUCE cov: 292 ft: 599 corp: 155/5442b lim: 1448 exec/s: 58173 rss: 140Mb L: 47/1418 MS: 2 ManualDict-EraseBytes- DE: "DDict found!"-
#58319	REDUCE cov: 292 ft: 599 corp: 155/5425b lim: 1448 exec/s: 58319 rss: 140Mb L: 32/1418 MS: 1 EraseBytes-
#58350	REDUCE cov: 292 ft: 599 corp: 155/5411b lim: 1448 exec/s: 58350 rss: 140Mb L: 70/1418 MS: 1 EraseBytes-
	NEW_FUNC[1/3]: 0xaaaac843ad28 in HUF_readStats_wksp /b/zstd/lib/common/entropy_common.c:332
	NEW_FUNC[2/3]: 0xaaaac85ff128 in HUF_readDTableX1_wksp /b/zstd/lib/decompress/huf_decompress.c:386
#58410	REDUCE cov: 302 ft: 609 corp: 156/5501b lim: 1448 exec/s: 58410 rss: 140Mb L: 90/1418 MS: 5 ChangeBinInt-ManualDict-ManualDict-ShuffleBytes-CMP- DE: "emitting an uncompressed block."-"ZSTD_decompressSequencesLong"-"\002\000\000\000"-
#59056	REDUCE cov: 302 ft: 609 corp: 156/5496b lim: 1448 exec/s: 59056 rss: 140Mb L: 22/1418 MS: 1 EraseBytes-
#60454	REDUCE cov: 302 ft: 609 corp: 156/5489b lim: 1458 exec/s: 60454 rss: 140Mb L: 46/1418 MS: 3 PersAutoDict-ChangeBinInt-EraseBytes- DE: "~cold~"-
#60645	REDUCE cov: 302 ft: 609 corp: 156/5486b lim: 1458 exec/s: 60645 rss: 140Mb L: 44/1418 MS: 1 EraseBytes-
#60667	REDUCE cov: 302 ft: 609 corp: 156/5474b lim: 1458 exec/s: 60667 rss: 140Mb L: 58/1418 MS: 2 CopyPart-EraseBytes-
#61125	REDUCE cov: 302 ft: 612 corp: 157/5519b lim: 1458 exec/s: 61125 rss: 140Mb L: 45/1418 MS: 3 CopyPart-EraseBytes-ChangeBinInt-
#61211	REDUCE cov: 302 ft: 612 corp: 157/5514b lim: 1458 exec/s: 61211 rss: 140Mb L: 12/1418 MS: 1 EraseBytes-
#61568	REDUCE cov: 302 ft: 612 corp: 157/5513b lim: 1458 exec/s: 61568 rss: 140Mb L: 46/1418 MS: 2 ShuffleBytes-EraseBytes-
#61750	REDUCE cov: 302 ft: 612 corp: 157/5510b lim: 1458 exec/s: 61750 rss: 140Mb L: 46/1418 MS: 2 ChangeByte-EraseBytes-
#62122	REDUCE cov: 302 ft: 612 corp: 157/5504b lim: 1458 exec/s: 62122 rss: 140Mb L: 30/1418 MS: 2 ChangeByte-EraseBytes-
#62298	REDUCE cov: 302 ft: 612 corp: 157/5502b lim: 1458 exec/s: 62298 rss: 140Mb L: 23/1418 MS: 1 EraseBytes-
#62454	REDUCE cov: 302 ft: 612 corp: 157/5497b lim: 1458 exec/s: 62454 rss: 140Mb L: 31/1418 MS: 1 EraseBytes-
#62511	REDUCE cov: 302 ft: 612 corp: 157/5487b lim: 1458 exec/s: 62511 rss: 140Mb L: 21/1418 MS: 2 ChangeBinInt-EraseBytes-
#63092	REDUCE cov: 302 ft: 612 corp: 157/5485b lim: 1458 exec/s: 63092 rss: 140Mb L: 28/1418 MS: 1 EraseBytes-
#63128	REDUCE cov: 302 ft: 612 corp: 157/5483b lim: 1458 exec/s: 63128 rss: 140Mb L: 26/1418 MS: 1 EraseBytes-
#63244	REDUCE cov: 302 ft: 612 corp: 157/5477b lim: 1458 exec/s: 63244 rss: 140Mb L: 21/1418 MS: 1 EraseBytes-
#63500	REDUCE cov: 302 ft: 612 corp: 157/5475b lim: 1458 exec/s: 63500 rss: 140Mb L: 24/1418 MS: 1 EraseBytes-
#63902	REDUCE cov: 302 ft: 612 corp: 157/5474b lim: 1458 exec/s: 63902 rss: 140Mb L: 57/1418 MS: 2 InsertRepeatedBytes-EraseBytes-
#63918	REDUCE cov: 302 ft: 612 corp: 157/5465b lim: 1458 exec/s: 63918 rss: 140Mb L: 33/1418 MS: 1 EraseBytes-
#64379	REDUCE cov: 302 ft: 612 corp: 157/5464b lim: 1458 exec/s: 64379 rss: 140Mb L: 15/1418 MS: 1 EraseBytes-
#64615	REDUCE cov: 302 ft: 612 corp: 157/5449b lim: 1458 exec/s: 64615 rss: 140Mb L: 21/1418 MS: 1 EraseBytes-
#64646	REDUCE cov: 302 ft: 612 corp: 157/5448b lim: 1458 exec/s: 64646 rss: 140Mb L: 15/1418 MS: 1 EraseBytes-
#64734	REDUCE cov: 302 ft: 612 corp: 157/5447b lim: 1458 exec/s: 64734 rss: 140Mb L: 24/1418 MS: 3 CopyPart-ChangeBit-EraseBytes-
#64801	REDUCE cov: 302 ft: 612 corp: 157/5436b lim: 1458 exec/s: 64801 rss: 140Mb L: 22/1418 MS: 2 ChangeBinInt-EraseBytes-
#64922	REDUCE cov: 302 ft: 612 corp: 157/5433b lim: 1458 exec/s: 64922 rss: 140Mb L: 25/1418 MS: 1 EraseBytes-
#65180	REDUCE cov: 302 ft: 612 corp: 157/5427b lim: 1458 exec/s: 65180 rss: 140Mb L: 33/1418 MS: 3 CopyPart-ChangeBinInt-EraseBytes-
#65286	REDUCE cov: 302 ft: 612 corp: 157/5426b lim: 1458 exec/s: 65286 rss: 140Mb L: 21/1418 MS: 1 EraseBytes-
#65517	REDUCE cov: 302 ft: 612 corp: 157/5424b lim: 1458 exec/s: 65517 rss: 140Mb L: 26/1418 MS: 1 EraseBytes-
#65786	REDUCE cov: 302 ft: 612 corp: 157/5418b lim: 1458 exec/s: 65786 rss: 140Mb L: 33/1418 MS: 4 ChangeBinInt-ChangeBit-ChangeBit-EraseBytes-
#65993	REDUCE cov: 302 ft: 612 corp: 157/5415b lim: 1458 exec/s: 65993 rss: 140Mb L: 42/1418 MS: 2 CMP-EraseBytes- DE: "\000\032"-
#66129	REDUCE cov: 302 ft: 612 corp: 157/5409b lim: 1458 exec/s: 66129 rss: 140Mb L: 27/1418 MS: 1 EraseBytes-
#66721	REDUCE cov: 302 ft: 612 corp: 157/5399b lim: 1458 exec/s: 66721 rss: 140Mb L: 42/1418 MS: 2 PersAutoDict-EraseBytes- DE: "\004\000"-
#66722	REDUCE cov: 302 ft: 612 corp: 157/5398b lim: 1458 exec/s: 66722 rss: 140Mb L: 25/1418 MS: 1 EraseBytes-
#67325	REDUCE cov: 302 ft: 612 corp: 157/5397b lim: 1458 exec/s: 67325 rss: 140Mb L: 23/1418 MS: 3 ChangeBinInt-ShuffleBytes-EraseBytes-
#67457	REDUCE cov: 302 ft: 612 corp: 157/5393b lim: 1458 exec/s: 67457 rss: 140Mb L: 24/1418 MS: 2 ChangeBit-EraseBytes-
#67570	REDUCE cov: 302 ft: 612 corp: 157/5392b lim: 1458 exec/s: 67570 rss: 140Mb L: 45/1418 MS: 3 ChangeBinInt-ChangeByte-EraseBytes-
#67592	REDUCE cov: 302 ft: 612 corp: 157/5390b lim: 1458 exec/s: 67592 rss: 140Mb L: 40/1418 MS: 2 CrossOver-EraseBytes-
#67838	REDUCE cov: 302 ft: 612 corp: 157/5381b lim: 1458 exec/s: 67838 rss: 140Mb L: 24/1418 MS: 1 EraseBytes-
#68075	REDUCE cov: 302 ft: 612 corp: 157/5348b lim: 1458 exec/s: 68075 rss: 140Mb L: 33/1418 MS: 2 ChangeByte-EraseBytes-
#68311	REDUCE cov: 302 ft: 612 corp: 157/5344b lim: 1458 exec/s: 68311 rss: 140Mb L: 10/1418 MS: 1 EraseBytes-
#68414	REDUCE cov: 304 ft: 614 corp: 158/5529b lim: 1458 exec/s: 68414 rss: 140Mb L: 185/1418 MS: 3 PersAutoDict-ChangeBit-InsertRepeatedBytes- DE: "\377\377\377E"-
#68513	REDUCE cov: 304 ft: 614 corp: 158/5528b lim: 1458 exec/s: 68513 rss: 140Mb L: 20/1418 MS: 4 ShuffleBytes-CMP-ChangeBit-EraseBytes- DE: "\000\000\000\000"-
#68597	REDUCE cov: 304 ft: 614 corp: 158/5524b lim: 1458 exec/s: 68597 rss: 140Mb L: 40/1418 MS: 4 ShuffleBytes-PersAutoDict-ManualDict-EraseBytes- DE: "\000\000\000\000\000\000\000\000"-"Selected set_repeat"-
#68993	REDUCE cov: 304 ft: 614 corp: 158/5496b lim: 1458 exec/s: 68993 rss: 140Mb L: 157/1418 MS: 1 EraseBytes-
#69065	REDUCE cov: 304 ft: 614 corp: 158/5488b lim: 1458 exec/s: 69065 rss: 140Mb L: 38/1418 MS: 2 ShuffleBytes-EraseBytes-
#69346	REDUCE cov: 304 ft: 614 corp: 158/5486b lim: 1458 exec/s: 69346 rss: 140Mb L: 18/1418 MS: 1 EraseBytes-
#69587	REDUCE cov: 304 ft: 614 corp: 158/5485b lim: 1458 exec/s: 69587 rss: 140Mb L: 45/1418 MS: 1 EraseBytes-
#69848	REDUCE cov: 304 ft: 614 corp: 158/5481b lim: 1458 exec/s: 69848 rss: 140Mb L: 18/1418 MS: 1 EraseBytes-
#70244	REDUCE cov: 304 ft: 614 corp: 158/5475b lim: 1458 exec/s: 70244 rss: 140Mb L: 36/1418 MS: 1 EraseBytes-
#70276	REDUCE cov: 304 ft: 614 corp: 158/5425b lim: 1458 exec/s: 70276 rss: 140Mb L: 107/1418 MS: 2 ShuffleBytes-EraseBytes-
#70277	REDUCE cov: 304 ft: 614 corp: 158/5424b lim: 1458 exec/s: 70277 rss: 140Mb L: 26/1418 MS: 1 EraseBytes-
#70439	REDUCE cov: 304 ft: 614 corp: 158/5418b lim: 1458 exec/s: 70439 rss: 140Mb L: 58/1418 MS: 2 ChangeBinInt-EraseBytes-
#70498	REDUCE cov: 304 ft: 614 corp: 158/5386b lim: 1458 exec/s: 70498 rss: 140Mb L: 58/1418 MS: 4 PersAutoDict-InsertByte-PersAutoDict-EraseBytes- DE: "ZSTD_createDStream"-"\275p"-
#70680	REDUCE cov: 304 ft: 616 corp: 159/5493b lim: 1458 exec/s: 70680 rss: 140Mb L: 107/1418 MS: 2 ShuffleBytes-ChangeByte-
#70783	REDUCE cov: 304 ft: 617 corp: 160/5628b lim: 1458 exec/s: 70783 rss: 140Mb L: 135/1418 MS: 3 ChangeBit-ManualDict-ManualDict- DE: "ZSTD_decompressStream"-"ZSTD_decompressSequencesLong"-
#71143	REDUCE cov: 304 ft: 617 corp: 160/5606b lim: 1458 exec/s: 71143 rss: 140Mb L: 113/1418 MS: 5 InsertRepeatedBytes-CrossOver-ChangeBit-ChangeBit-EraseBytes-
#71345	REDUCE cov: 304 ft: 617 corp: 160/5600b lim: 1458 exec/s: 71345 rss: 140Mb L: 33/1418 MS: 2 InsertByte-EraseBytes-
#71432	REDUCE cov: 304 ft: 617 corp: 160/5589b lim: 1458 exec/s: 71432 rss: 140Mb L: 29/1418 MS: 2 ChangeBinInt-EraseBytes-
#71693	REDUCE cov: 304 ft: 617 corp: 160/5577b lim: 1458 exec/s: 71693 rss: 140Mb L: 24/1418 MS: 1 EraseBytes-
#71785	REDUCE cov: 304 ft: 618 corp: 161/5602b lim: 1458 exec/s: 71785 rss: 140Mb L: 25/1418 MS: 2 CopyPart-ChangeBinInt-
#71863	REDUCE cov: 304 ft: 618 corp: 161/5593b lim: 1458 exec/s: 71863 rss: 140Mb L: 104/1418 MS: 3 ChangeBit-CMP-EraseBytes- DE: "%\000"-
#71864	REDUCE cov: 304 ft: 618 corp: 161/5575b lim: 1458 exec/s: 71864 rss: 140Mb L: 86/1418 MS: 1 EraseBytes-
#72760	REDUCE cov: 304 ft: 618 corp: 161/5574b lim: 1458 exec/s: 72760 rss: 140Mb L: 29/1418 MS: 1 EraseBytes-
#72886	REDUCE cov: 304 ft: 618 corp: 161/5573b lim: 1458 exec/s: 72886 rss: 140Mb L: 20/1418 MS: 1 EraseBytes-
#72972	REDUCE cov: 304 ft: 618 corp: 161/5532b lim: 1458 exec/s: 72972 rss: 140Mb L: 66/1418 MS: 1 EraseBytes-
#73493	REDUCE cov: 304 ft: 618 corp: 161/5526b lim: 1458 exec/s: 73493 rss: 140Mb L: 52/1418 MS: 1 EraseBytes-
#73599	REDUCE cov: 304 ft: 618 corp: 161/5518b lim: 1458 exec/s: 73599 rss: 140Mb L: 25/1418 MS: 1 EraseBytes-
#74100	REDUCE cov: 304 ft: 618 corp: 161/5516b lim: 1458 exec/s: 74100 rss: 140Mb L: 26/1418 MS: 1 EraseBytes-
#74301	REDUCE cov: 304 ft: 618 corp: 161/5514b lim: 1458 exec/s: 74301 rss: 140Mb L: 22/1418 MS: 1 EraseBytes-
#74937	REDUCE cov: 304 ft: 618 corp: 161/5513b lim: 1458 exec/s: 74937 rss: 140Mb L: 23/1418 MS: 1 EraseBytes-
#75033	NEW    cov: 304 ft: 620 corp: 162/5620b lim: 1458 exec/s: 75033 rss: 140Mb L: 107/1418 MS: 1 ChangeBit-
#75232	REDUCE cov: 304 ft: 621 corp: 163/5717b lim: 1458 exec/s: 75232 rss: 140Mb L: 97/1418 MS: 4 CopyPart-InsertByte-CrossOver-EraseBytes-
#75387	REDUCE cov: 304 ft: 621 corp: 163/5711b lim: 1458 exec/s: 75387 rss: 140Mb L: 101/1418 MS: 5 CrossOver-ChangeBit-CopyPart-InsertByte-EraseBytes-
#75420	NEW    cov: 304 ft: 623 corp: 164/5750b lim: 1458 exec/s: 75420 rss: 140Mb L: 39/1418 MS: 3 ChangeBinInt-ChangeByte-CopyPart-
#75466	REDUCE cov: 304 ft: 623 corp: 164/5731b lim: 1458 exec/s: 75466 rss: 140Mb L: 67/1418 MS: 1 EraseBytes-
#76203	REDUCE cov: 304 ft: 623 corp: 164/5727b lim: 1458 exec/s: 76203 rss: 140Mb L: 29/1418 MS: 2 ShuffleBytes-EraseBytes-
#76265	REDUCE cov: 304 ft: 623 corp: 164/5726b lim: 1458 exec/s: 76265 rss: 140Mb L: 96/1418 MS: 2 ChangeBit-EraseBytes-
#76341	REDUCE cov: 304 ft: 623 corp: 164/5715b lim: 1458 exec/s: 76341 rss: 140Mb L: 96/1418 MS: 1 EraseBytes-
#76477	REDUCE cov: 304 ft: 623 corp: 164/5710b lim: 1458 exec/s: 76477 rss: 140Mb L: 33/1418 MS: 1 EraseBytes-
#76493	REDUCE cov: 304 ft: 623 corp: 164/5704b lim: 1458 exec/s: 76493 rss: 140Mb L: 28/1418 MS: 1 EraseBytes-
#76554	REDUCE cov: 304 ft: 623 corp: 164/5702b lim: 1458 exec/s: 76554 rss: 140Mb L: 99/1418 MS: 1 EraseBytes-
#77137	REDUCE cov: 304 ft: 623 corp: 164/5700b lim: 1458 exec/s: 77137 rss: 140Mb L: 94/1418 MS: 3 ChangeBit-ChangeByte-EraseBytes-
#77823	REDUCE cov: 304 ft: 623 corp: 164/5699b lim: 1458 exec/s: 77823 rss: 140Mb L: 32/1418 MS: 1 EraseBytes-
#78369	REDUCE cov: 304 ft: 623 corp: 164/5681b lim: 1458 exec/s: 78369 rss: 140Mb L: 34/1418 MS: 1 EraseBytes-
#78496	REDUCE cov: 304 ft: 623 corp: 164/5680b lim: 1458 exec/s: 78496 rss: 140Mb L: 20/1418 MS: 2 ChangeBit-EraseBytes-
#79659	REDUCE cov: 304 ft: 623 corp: 164/5663b lim: 1468 exec/s: 79659 rss: 140Mb L: 77/1418 MS: 3 ChangeBit-CMP-EraseBytes- DE: "\000$"-
#80165	REDUCE cov: 304 ft: 623 corp: 164/5646b lim: 1468 exec/s: 80165 rss: 140Mb L: 31/1418 MS: 1 EraseBytes-
#80193	REDUCE cov: 304 ft: 623 corp: 164/5636b lim: 1468 exec/s: 80193 rss: 140Mb L: 29/1418 MS: 3 ChangeBit-ChangeByte-EraseBytes-
#80764	REDUCE cov: 304 ft: 623 corp: 164/5623b lim: 1468 exec/s: 80764 rss: 140Mb L: 54/1418 MS: 1 EraseBytes-
#81135	REDUCE cov: 304 ft: 623 corp: 164/5621b lim: 1468 exec/s: 81135 rss: 140Mb L: 20/1418 MS: 1 EraseBytes-
#81841	REDUCE cov: 304 ft: 623 corp: 164/5616b lim: 1468 exec/s: 81841 rss: 140Mb L: 31/1418 MS: 1 EraseBytes-
#82554	REDUCE cov: 304 ft: 623 corp: 164/5612b lim: 1468 exec/s: 82554 rss: 140Mb L: 92/1418 MS: 3 ChangeByte-ChangeBit-EraseBytes-
#82630	REDUCE cov: 304 ft: 645 corp: 165/5638b lim: 1468 exec/s: 82630 rss: 140Mb L: 26/1418 MS: 1 PersAutoDict- DE: "\000\000\000N"-
#83474	REDUCE cov: 304 ft: 645 corp: 165/5637b lim: 1468 exec/s: 83474 rss: 140Mb L: 14/1418 MS: 4 ChangeBinInt-CrossOver-ChangeByte-EraseBytes-
#84120	REDUCE cov: 304 ft: 645 corp: 165/5634b lim: 1468 exec/s: 84120 rss: 140Mb L: 21/1418 MS: 1 EraseBytes-
#84331	REDUCE cov: 304 ft: 648 corp: 166/5808b lim: 1468 exec/s: 84331 rss: 140Mb L: 174/1418 MS: 1 InsertRepeatedBytes-
#85563	REDUCE cov: 304 ft: 648 corp: 166/5807b lim: 1478 exec/s: 85563 rss: 140Mb L: 28/1418 MS: 2 ChangeBit-EraseBytes-
#86080	REDUCE cov: 304 ft: 649 corp: 167/5865b lim: 1478 exec/s: 86080 rss: 140Mb L: 58/1418 MS: 2 InsertByte-ChangeBinInt-
#86562	REDUCE cov: 304 ft: 649 corp: 167/5864b lim: 1478 exec/s: 86562 rss: 140Mb L: 26/1418 MS: 2 ChangeByte-EraseBytes-
#86818	REDUCE cov: 304 ft: 649 corp: 167/5851b lim: 1478 exec/s: 86818 rss: 140Mb L: 53/1418 MS: 1 EraseBytes-
#89474	REDUCE cov: 304 ft: 649 corp: 167/5847b lim: 1498 exec/s: 89474 rss: 140Mb L: 21/1418 MS: 1 EraseBytes-
#89695	REDUCE cov: 304 ft: 649 corp: 167/5839b lim: 1498 exec/s: 89695 rss: 140Mb L: 69/1418 MS: 1 EraseBytes-
#89796	REDUCE cov: 304 ft: 649 corp: 167/5826b lim: 1498 exec/s: 89796 rss: 140Mb L: 56/1418 MS: 1 EraseBytes-
#89815	REDUCE cov: 304 ft: 649 corp: 167/5821b lim: 1498 exec/s: 89815 rss: 140Mb L: 53/1418 MS: 4 ChangeBit-ChangeBinInt-ChangeByte-EraseBytes-
#89816	REDUCE cov: 304 ft: 649 corp: 167/5814b lim: 1498 exec/s: 89816 rss: 140Mb L: 21/1418 MS: 1 EraseBytes-
#89887	REDUCE cov: 304 ft: 649 corp: 167/5813b lim: 1498 exec/s: 89887 rss: 140Mb L: 30/1418 MS: 1 EraseBytes-
#89918	REDUCE cov: 304 ft: 649 corp: 167/5812b lim: 1498 exec/s: 89918 rss: 140Mb L: 28/1418 MS: 1 EraseBytes-
#90272	REDUCE cov: 304 ft: 649 corp: 167/5811b lim: 1498 exec/s: 90272 rss: 140Mb L: 57/1418 MS: 4 CrossOver-PersAutoDict-PersAutoDict-EraseBytes- DE: "\023\000\000\000\000\000\000\000"-")\000\000\000\000\000\000\000"-
#90868	REDUCE cov: 304 ft: 649 corp: 167/5806b lim: 1498 exec/s: 90868 rss: 140Mb L: 20/1418 MS: 1 EraseBytes-
#90963	REDUCE cov: 304 ft: 649 corp: 167/5786b lim: 1498 exec/s: 90963 rss: 140Mb L: 72/1418 MS: 5 ChangeBinInt-ManualDict-ChangeByte-PersAutoDict-EraseBytes- DE: "ZSTD_compressBlock_doubleFast_noDict_generic"-"\007\000\000\000"-
#91504	REDUCE cov: 304 ft: 649 corp: 167/5785b lim: 1498 exec/s: 91504 rss: 140Mb L: 19/1418 MS: 1 EraseBytes-
#92480	REDUCE cov: 304 ft: 649 corp: 167/5782b lim: 1498 exec/s: 92480 rss: 140Mb L: 31/1418 MS: 1 EraseBytes-
#92591	REDUCE cov: 304 ft: 649 corp: 167/5781b lim: 1498 exec/s: 92591 rss: 140Mb L: 24/1418 MS: 1 EraseBytes-
#92972	REDUCE cov: 304 ft: 649 corp: 167/5780b lim: 1498 exec/s: 92972 rss: 140Mb L: 20/1418 MS: 1 EraseBytes-
#93519	REDUCE cov: 304 ft: 649 corp: 167/5772b lim: 1498 exec/s: 93519 rss: 140Mb L: 23/1418 MS: 2 ShuffleBytes-EraseBytes-
#94230	REDUCE cov: 304 ft: 649 corp: 167/5768b lim: 1498 exec/s: 94230 rss: 140Mb L: 21/1418 MS: 1 EraseBytes-
#94597	REDUCE cov: 304 ft: 649 corp: 167/5764b lim: 1498 exec/s: 94597 rss: 140Mb L: 36/1418 MS: 2 ChangeBinInt-EraseBytes-
#95408	REDUCE cov: 304 ft: 649 corp: 167/5762b lim: 1498 exec/s: 95408 rss: 140Mb L: 13/1418 MS: 1 EraseBytes-
#96039	REDUCE cov: 304 ft: 649 corp: 167/5760b lim: 1498 exec/s: 96039 rss: 140Mb L: 52/1418 MS: 1 EraseBytes-
#96140	REDUCE cov: 304 ft: 649 corp: 167/5753b lim: 1498 exec/s: 96140 rss: 140Mb L: 24/1418 MS: 1 EraseBytes-
#96157	REDUCE cov: 304 ft: 649 corp: 167/5752b lim: 1498 exec/s: 96157 rss: 140Mb L: 56/1418 MS: 2 ChangeBit-EraseBytes-
#96238	NEW    cov: 304 ft: 650 corp: 168/5778b lim: 1498 exec/s: 96238 rss: 140Mb L: 26/1418 MS: 1 ManualDict- DE: "dict is too small"-
#97131	REDUCE cov: 304 ft: 650 corp: 168/5773b lim: 1498 exec/s: 97131 rss: 140Mb L: 15/1418 MS: 3 InsertByte-CrossOver-EraseBytes-
#97342	REDUCE cov: 304 ft: 650 corp: 168/5713b lim: 1498 exec/s: 97342 rss: 140Mb L: 114/1418 MS: 1 EraseBytes-
#97843	REDUCE cov: 304 ft: 650 corp: 168/5712b lim: 1498 exec/s: 97843 rss: 140Mb L: 25/1418 MS: 1 EraseBytes-
#98199	REDUCE cov: 304 ft: 651 corp: 169/5834b lim: 1498 exec/s: 98199 rss: 140Mb L: 122/1418 MS: 1 InsertRepeatedBytes-
#98300	REDUCE cov: 304 ft: 651 corp: 169/5828b lim: 1498 exec/s: 98300 rss: 140Mb L: 116/1418 MS: 1 EraseBytes-
#98868	REDUCE cov: 304 ft: 651 corp: 169/5779b lim: 1498 exec/s: 98868 rss: 140Mb L: 67/1418 MS: 3 ManualDict-ChangeBit-EraseBytes- DE: "Reached end of sequences without finding a block delimiter"-
#99464	REDUCE cov: 304 ft: 651 corp: 169/5776b lim: 1498 exec/s: 99464 rss: 140Mb L: 25/1418 MS: 1 EraseBytes-
#100447	REDUCE cov: 304 ft: 651 corp: 169/5766b lim: 1498 exec/s: 100447 rss: 140Mb L: 104/1418 MS: 3 ChangeByte-ChangeByte-EraseBytes-
#101766	REDUCE cov: 304 ft: 651 corp: 169/5752b lim: 1508 exec/s: 101766 rss: 140Mb L: 53/1418 MS: 4 ChangeBit-CMP-ChangeBit-EraseBytes- DE: "\007\000\000\000\000\000\000\000"-
#101937	REDUCE cov: 304 ft: 651 corp: 169/5746b lim: 1508 exec/s: 101937 rss: 140Mb L: 26/1418 MS: 1 EraseBytes-
#102738	REDUCE cov: 304 ft: 652 corp: 170/5771b lim: 1508 exec/s: 102738 rss: 140Mb L: 25/1418 MS: 1 ShuffleBytes-
#103137	NEW    cov: 304 ft: 653 corp: 171/5785b lim: 1508 exec/s: 103137 rss: 140Mb L: 14/1418 MS: 4 ChangeBit-EraseBytes-ChangeBinInt-PersAutoDict- DE: "\002\000\000\000"-
#103829	REDUCE cov: 304 ft: 653 corp: 171/5780b lim: 1508 exec/s: 103829 rss: 140Mb L: 21/1418 MS: 2 ShuffleBytes-EraseBytes-
#103991	REDUCE cov: 304 ft: 653 corp: 171/5778b lim: 1508 exec/s: 103991 rss: 140Mb L: 29/1418 MS: 2 ChangeBit-EraseBytes-
#104432	REDUCE cov: 304 ft: 653 corp: 171/5774b lim: 1508 exec/s: 104432 rss: 140Mb L: 41/1418 MS: 1 EraseBytes-
#104853	REDUCE cov: 304 ft: 653 corp: 171/5772b lim: 1508 exec/s: 104853 rss: 140Mb L: 20/1418 MS: 1 EraseBytes-
#105100	REDUCE cov: 304 ft: 653 corp: 171/5771b lim: 1508 exec/s: 105100 rss: 140Mb L: 23/1418 MS: 2 InsertByte-EraseBytes-
#105201	REDUCE cov: 304 ft: 653 corp: 171/5770b lim: 1508 exec/s: 105201 rss: 140Mb L: 23/1418 MS: 1 EraseBytes-
#105437	REDUCE cov: 304 ft: 653 corp: 171/5755b lim: 1508 exec/s: 105437 rss: 140Mb L: 30/1418 MS: 1 EraseBytes-
#105939	REDUCE cov: 304 ft: 653 corp: 171/5751b lim: 1508 exec/s: 105939 rss: 140Mb L: 34/1418 MS: 2 CopyPart-EraseBytes-
#107130	REDUCE cov: 304 ft: 653 corp: 171/5749b lim: 1518 exec/s: 107130 rss: 140Mb L: 22/1418 MS: 1 EraseBytes-
#107556	NEW    cov: 304 ft: 659 corp: 172/5789b lim: 1518 exec/s: 107556 rss: 140Mb L: 40/1418 MS: 1 CopyPart-
#108118	REDUCE cov: 304 ft: 659 corp: 172/5788b lim: 1518 exec/s: 108118 rss: 140Mb L: 27/1418 MS: 2 ChangeBit-EraseBytes-
#109676	REDUCE cov: 304 ft: 659 corp: 172/5782b lim: 1528 exec/s: 109676 rss: 140Mb L: 93/1418 MS: 3 CopyPart-ManualDict-EraseBytes- DE: "ZSTD_buildBlockEntropyStats_sequences failed"-
#109917	REDUCE cov: 304 ft: 659 corp: 172/5775b lim: 1528 exec/s: 109917 rss: 140Mb L: 50/1418 MS: 1 EraseBytes-
#110579	REDUCE cov: 304 ft: 659 corp: 172/5768b lim: 1528 exec/s: 110579 rss: 140Mb L: 29/1418 MS: 2 ChangeBinInt-EraseBytes-
#110707	NEW    cov: 304 ft: 660 corp: 173/5958b lim: 1528 exec/s: 110707 rss: 140Mb L: 190/1418 MS: 3 InsertRepeatedBytes-InsertRepeatedBytes-ChangeBinInt-
#110879	REDUCE cov: 304 ft: 660 corp: 173/5955b lim: 1528 exec/s: 110879 rss: 140Mb L: 18/1418 MS: 2 CopyPart-EraseBytes-
#111130	REDUCE cov: 304 ft: 660 corp: 173/5953b lim: 1528 exec/s: 111130 rss: 140Mb L: 27/1418 MS: 1 EraseBytes-
#111227	REDUCE cov: 304 ft: 660 corp: 173/5910b lim: 1528 exec/s: 111227 rss: 140Mb L: 147/1418 MS: 2 ShuffleBytes-EraseBytes-
#111338	NEW    cov: 304 ft: 671 corp: 174/6003b lim: 1528 exec/s: 111338 rss: 140Mb L: 93/1418 MS: 1 CrossOver-
#111504	REDUCE cov: 304 ft: 671 corp: 174/5991b lim: 1528 exec/s: 111504 rss: 140Mb L: 92/1418 MS: 1 EraseBytes-
#111775	REDUCE cov: 304 ft: 671 corp: 174/5954b lim: 1528 exec/s: 111775 rss: 140Mb L: 56/1418 MS: 1 EraseBytes-
#111881	NEW    cov: 304 ft: 672 corp: 175/5974b lim: 1528 exec/s: 111881 rss: 140Mb L: 20/1418 MS: 1 CMP- DE: "T\000\000\000\000\000\000\000"-
#112276	REDUCE cov: 304 ft: 672 corp: 175/5967b lim: 1528 exec/s: 112276 rss: 140Mb L: 43/1418 MS: 5 ChangeBit-PersAutoDict-ShuffleBytes-CrossOver-EraseBytes- DE: "Selected set_repeat"-
#112532	REDUCE cov: 304 ft: 672 corp: 175/5964b lim: 1528 exec/s: 112532 rss: 140Mb L: 23/1418 MS: 1 EraseBytes-
#113001	REDUCE cov: 304 ft: 672 corp: 175/5942b lim: 1528 exec/s: 113001 rss: 140Mb L: 34/1418 MS: 4 PersAutoDict-ChangeBinInt-ShuffleBytes-EraseBytes- DE: "O li"-
#114920	REDUCE cov: 304 ft: 699 corp: 176/6010b lim: 1538 exec/s: 114920 rss: 140Mb L: 68/1418 MS: 4 InsertRepeatedBytes-CrossOver-CrossOver-CopyPart-
#115111	REDUCE cov: 304 ft: 699 corp: 176/6003b lim: 1538 exec/s: 115111 rss: 140Mb L: 33/1418 MS: 1 EraseBytes-
#116377	REDUCE cov: 304 ft: 699 corp: 176/6001b lim: 1548 exec/s: 116377 rss: 140Mb L: 20/1418 MS: 1 EraseBytes-
#116705	REDUCE cov: 304 ft: 699 corp: 176/5983b lim: 1548 exec/s: 116705 rss: 140Mb L: 54/1418 MS: 3 CMP-InsertByte-EraseBytes- DE: "\011\000\000\000"-
#116711	REDUCE cov: 304 ft: 699 corp: 176/5980b lim: 1548 exec/s: 116711 rss: 140Mb L: 20/1418 MS: 1 EraseBytes-
#116857	REDUCE cov: 304 ft: 699 corp: 176/5944b lim: 1548 exec/s: 116857 rss: 140Mb L: 111/1418 MS: 1 EraseBytes-
#117159	REDUCE cov: 304 ft: 700 corp: 177/5997b lim: 1548 exec/s: 117159 rss: 140Mb L: 53/1418 MS: 2 CopyPart-ChangeByte-
#117651	REDUCE cov: 304 ft: 700 corp: 177/5969b lim: 1548 exec/s: 117651 rss: 140Mb L: 40/1418 MS: 2 ChangeByte-EraseBytes-
#118095	REDUCE cov: 304 ft: 700 corp: 177/5951b lim: 1548 exec/s: 118095 rss: 140Mb L: 93/1418 MS: 4 ChangeByte-ChangeByte-ShuffleBytes-EraseBytes-
#118441	REDUCE cov: 304 ft: 700 corp: 177/5942b lim: 1548 exec/s: 118441 rss: 140Mb L: 21/1418 MS: 1 EraseBytes-
#118553	REDUCE cov: 304 ft: 701 corp: 178/5982b lim: 1548 exec/s: 118553 rss: 140Mb L: 40/1418 MS: 2 ChangeByte-CopyPart-
#118595	REDUCE cov: 304 ft: 701 corp: 178/5978b lim: 1548 exec/s: 118595 rss: 140Mb L: 36/1418 MS: 2 ShuffleBytes-EraseBytes-
#118626	REDUCE cov: 304 ft: 701 corp: 178/5960b lim: 1548 exec/s: 118626 rss: 140Mb L: 74/1418 MS: 1 EraseBytes-
#118768	REDUCE cov: 304 ft: 701 corp: 178/5955b lim: 1548 exec/s: 118768 rss: 140Mb L: 62/1418 MS: 2 ChangeBit-EraseBytes-
#119169	REDUCE cov: 304 ft: 701 corp: 178/5949b lim: 1548 exec/s: 119169 rss: 140Mb L: 23/1418 MS: 1 EraseBytes-
#120057	REDUCE cov: 304 ft: 701 corp: 178/5946b lim: 1548 exec/s: 120057 rss: 140Mb L: 90/1418 MS: 3 ShuffleBytes-PersAutoDict-EraseBytes- DE: "wait for serialState->cond"-
#120629	REDUCE cov: 304 ft: 701 corp: 178/5945b lim: 1548 exec/s: 120629 rss: 140Mb L: 20/1418 MS: 2 ShuffleBytes-EraseBytes-
#120655	REDUCE cov: 304 ft: 701 corp: 178/5942b lim: 1548 exec/s: 120655 rss: 140Mb L: 40/1418 MS: 1 EraseBytes-
#120767	REDUCE cov: 304 ft: 701 corp: 178/5909b lim: 1548 exec/s: 120767 rss: 140Mb L: 57/1418 MS: 2 PersAutoDict-EraseBytes- DE: "\000\000\000N"-
#121373	REDUCE cov: 304 ft: 701 corp: 178/5907b lim: 1548 exec/s: 121373 rss: 140Mb L: 20/1418 MS: 1 EraseBytes-
#121909	REDUCE cov: 304 ft: 701 corp: 178/5906b lim: 1548 exec/s: 121909 rss: 140Mb L: 23/1418 MS: 1 EraseBytes-
#122805	REDUCE cov: 304 ft: 701 corp: 178/5902b lim: 1548 exec/s: 122805 rss: 140Mb L: 22/1418 MS: 1 EraseBytes-
#122949	REDUCE cov: 304 ft: 701 corp: 178/5900b lim: 1548 exec/s: 122949 rss: 140Mb L: 14/1418 MS: 4 ChangeBinInt-CrossOver-ShuffleBytes-EraseBytes-
#124371	NEW    cov: 304 ft: 702 corp: 179/6025b lim: 1558 exec/s: 124371 rss: 140Mb L: 125/1418 MS: 2 ManualDict-InsertRepeatedBytes- DE: "emitting an uncompressed block."-
#124497	REDUCE cov: 304 ft: 702 corp: 179/6024b lim: 1558 exec/s: 124497 rss: 140Mb L: 52/1418 MS: 1 EraseBytes-
#124859	REDUCE cov: 304 ft: 702 corp: 179/6021b lim: 1558 exec/s: 124859 rss: 140Mb L: 54/1418 MS: 2 ChangeBinInt-EraseBytes-
#125090	REDUCE cov: 304 ft: 702 corp: 179/6020b lim: 1558 exec/s: 125090 rss: 140Mb L: 39/1418 MS: 1 EraseBytes-
#125331	REDUCE cov: 304 ft: 702 corp: 179/6015b lim: 1558 exec/s: 125331 rss: 140Mb L: 22/1418 MS: 1 EraseBytes-
#126208	REDUCE cov: 304 ft: 702 corp: 179/6014b lim: 1558 exec/s: 126208 rss: 140Mb L: 52/1418 MS: 2 ChangeBinInt-EraseBytes-
#126839	REDUCE cov: 304 ft: 702 corp: 179/6003b lim: 1558 exec/s: 126839 rss: 140Mb L: 26/1418 MS: 1 EraseBytes-
#127236	REDUCE cov: 304 ft: 702 corp: 179/5998b lim: 1558 exec/s: 127236 rss: 140Mb L: 20/1418 MS: 2 ChangeBit-CrossOver-
#127315	REDUCE cov: 304 ft: 702 corp: 179/5996b lim: 1558 exec/s: 127315 rss: 141Mb L: 123/1418 MS: 4 ManualDict-InsertByte-CrossOver-EraseBytes- DE: "Dictionary mismatch"-
#127316	REDUCE cov: 304 ft: 702 corp: 179/5975b lim: 1558 exec/s: 127316 rss: 141Mb L: 102/1418 MS: 1 EraseBytes-
#128333	REDUCE cov: 304 ft: 702 corp: 179/5969b lim: 1568 exec/s: 128333 rss: 141Mb L: 35/1418 MS: 2 PersAutoDict-EraseBytes- DE: "\011\000\000\000"-
#128779	REDUCE cov: 304 ft: 702 corp: 179/5967b lim: 1568 exec/s: 128779 rss: 141Mb L: 24/1418 MS: 1 EraseBytes-
#128850	REDUCE cov: 304 ft: 702 corp: 179/5964b lim: 1568 exec/s: 128850 rss: 141Mb L: 24/1418 MS: 1 EraseBytes-
#129298	REDUCE cov: 304 ft: 702 corp: 179/5963b lim: 1568 exec/s: 129298 rss: 141Mb L: 112/1418 MS: 3 CopyPart-CrossOver-EraseBytes-
#131064	REDUCE cov: 304 ft: 702 corp: 179/5956b lim: 1578 exec/s: 131064 rss: 141Mb L: 29/1418 MS: 1 EraseBytes-
#131541	REDUCE cov: 304 ft: 704 corp: 180/6022b lim: 1578 exec/s: 131541 rss: 141Mb L: 66/1418 MS: 2 CrossOver-ChangeBinInt-
#131577	REDUCE cov: 304 ft: 704 corp: 180/6020b lim: 1578 exec/s: 131577 rss: 141Mb L: 21/1418 MS: 1 EraseBytes-
#131749	REDUCE cov: 304 ft: 704 corp: 180/6016b lim: 1578 exec/s: 131749 rss: 141Mb L: 29/1418 MS: 2 ChangeByte-EraseBytes-
#131955	REDUCE cov: 304 ft: 704 corp: 180/5970b lim: 1578 exec/s: 131955 rss: 141Mb L: 56/1418 MS: 1 EraseBytes-
#132886	REDUCE cov: 304 ft: 704 corp: 180/5968b lim: 1578 exec/s: 132886 rss: 141Mb L: 54/1418 MS: 1 EraseBytes-
#133252	REDUCE cov: 304 ft: 704 corp: 180/5945b lim: 1578 exec/s: 133252 rss: 141Mb L: 43/1418 MS: 1 EraseBytes-
#133523	REDUCE cov: 304 ft: 705 corp: 181/6038b lim: 1578 exec/s: 133523 rss: 141Mb L: 93/1418 MS: 1 PersAutoDict- DE: "set_basic - too small"-
#133774	REDUCE cov: 304 ft: 705 corp: 181/6037b lim: 1578 exec/s: 133774 rss: 141Mb L: 26/1418 MS: 1 EraseBytes-
#134595	REDUCE cov: 304 ft: 705 corp: 181/6033b lim: 1578 exec/s: 134595 rss: 141Mb L: 20/1418 MS: 1 EraseBytes-
#135298	REDUCE cov: 304 ft: 705 corp: 181/6014b lim: 1578 exec/s: 135298 rss: 141Mb L: 74/1418 MS: 3 ChangeBit-InsertRepeatedBytes-EraseBytes-
#135830	REDUCE cov: 304 ft: 705 corp: 181/6006b lim: 1578 exec/s: 135830 rss: 141Mb L: 85/1418 MS: 2 PersAutoDict-EraseBytes- DE: "Dictionary mismatch"-
#135839	REDUCE cov: 304 ft: 705 corp: 181/6005b lim: 1578 exec/s: 135839 rss: 141Mb L: 17/1418 MS: 4 CMP-CrossOver-ShuffleBytes-EraseBytes- DE: "\020\000"-
#136626	REDUCE cov: 304 ft: 706 corp: 182/6034b lim: 1578 exec/s: 136626 rss: 141Mb L: 29/1418 MS: 2 ShuffleBytes-CopyPart-
#137997	REDUCE cov: 304 ft: 706 corp: 182/6030b lim: 1588 exec/s: 137997 rss: 141Mb L: 36/1418 MS: 1 EraseBytes-
#138141	REDUCE cov: 304 ft: 710 corp: 183/6101b lim: 1588 exec/s: 138141 rss: 141Mb L: 71/1418 MS: 4 ManualDict-ChangeByte-CrossOver-CrossOver- DE: "reading magic number %08X"-
#138389	REDUCE cov: 304 ft: 711 corp: 184/6127b lim: 1588 exec/s: 138389 rss: 141Mb L: 26/1418 MS: 3 InsertByte-InsertByte-EraseBytes-
#138486	REDUCE cov: 304 ft: 711 corp: 184/6120b lim: 1588 exec/s: 138486 rss: 141Mb L: 67/1418 MS: 2 ShuffleBytes-EraseBytes-
#138953	REDUCE cov: 304 ft: 711 corp: 184/6110b lim: 1588 exec/s: 138953 rss: 141Mb L: 61/1418 MS: 2 CMP-EraseBytes- DE: "\001\000\020\000"-
#139560	REDUCE cov: 304 ft: 711 corp: 184/6085b lim: 1588 exec/s: 139560 rss: 141Mb L: 60/1418 MS: 2 CMP-EraseBytes- DE: "\320\000\000\000"-
#139629	REDUCE cov: 304 ft: 711 corp: 184/6080b lim: 1588 exec/s: 139629 rss: 141Mb L: 56/1418 MS: 4 CopyPart-ChangeASCIIInt-EraseBytes-EraseBytes-
#140397	REDUCE cov: 304 ft: 711 corp: 184/6079b lim: 1588 exec/s: 140397 rss: 141Mb L: 42/1418 MS: 3 CrossOver-ShuffleBytes-EraseBytes-
#141258	REDUCE cov: 304 ft: 711 corp: 184/6078b lim: 1588 exec/s: 141258 rss: 141Mb L: 25/1418 MS: 1 EraseBytes-
#141594	REDUCE cov: 304 ft: 716 corp: 185/6111b lim: 1588 exec/s: 141594 rss: 141Mb L: 33/1418 MS: 1 CrossOver-
#141811	REDUCE cov: 304 ft: 716 corp: 185/6108b lim: 1588 exec/s: 141811 rss: 141Mb L: 35/1418 MS: 2 CopyPart-EraseBytes-
#143832	REDUCE cov: 304 ft: 716 corp: 185/6099b lim: 1608 exec/s: 143832 rss: 141Mb L: 47/1418 MS: 1 EraseBytes-
#143853	REDUCE cov: 304 ft: 716 corp: 185/6076b lim: 1608 exec/s: 143853 rss: 141Mb L: 37/1418 MS: 1 EraseBytes-
#144025	REDUCE cov: 304 ft: 716 corp: 185/6075b lim: 1608 exec/s: 144025 rss: 141Mb L: 25/1418 MS: 2 CopyPart-EraseBytes-
#144126	REDUCE cov: 304 ft: 716 corp: 185/6074b lim: 1608 exec/s: 144126 rss: 141Mb L: 20/1418 MS: 1 EraseBytes-
#144197	REDUCE cov: 304 ft: 716 corp: 185/6064b lim: 1608 exec/s: 144197 rss: 141Mb L: 57/1418 MS: 1 EraseBytes-
#144263	REDUCE cov: 304 ft: 716 corp: 185/6063b lim: 1608 exec/s: 144263 rss: 141Mb L: 24/1418 MS: 1 EraseBytes-
#144432	REDUCE cov: 304 ft: 717 corp: 186/6099b lim: 1608 exec/s: 144432 rss: 141Mb L: 36/1418 MS: 4 ChangeByte-ShuffleBytes-CopyPart-InsertByte-
#145609	REDUCE cov: 304 ft: 717 corp: 186/6096b lim: 1618 exec/s: 145609 rss: 141Mb L: 23/1418 MS: 2 CopyPart-EraseBytes-
#145855	REDUCE cov: 304 ft: 717 corp: 186/6081b lim: 1618 exec/s: 145855 rss: 141Mb L: 59/1418 MS: 1 EraseBytes-
#145926	REDUCE cov: 304 ft: 717 corp: 186/6079b lim: 1618 exec/s: 145926 rss: 141Mb L: 34/1418 MS: 1 EraseBytes-
#146128	REDUCE cov: 304 ft: 717 corp: 186/6076b lim: 1618 exec/s: 146128 rss: 141Mb L: 44/1418 MS: 2 ShuffleBytes-EraseBytes-
#146259	REDUCE cov: 304 ft: 717 corp: 186/6074b lim: 1618 exec/s: 146259 rss: 141Mb L: 21/1418 MS: 1 EraseBytes-
#146495	REDUCE cov: 304 ft: 717 corp: 186/6073b lim: 1618 exec/s: 146495 rss: 141Mb L: 13/1418 MS: 1 EraseBytes-
#146526	REDUCE cov: 304 ft: 717 corp: 186/6071b lim: 1618 exec/s: 146526 rss: 141Mb L: 33/1418 MS: 1 EraseBytes-
#146792	REDUCE cov: 304 ft: 717 corp: 186/6070b lim: 1618 exec/s: 146792 rss: 141Mb L: 20/1418 MS: 1 EraseBytes-
#146864	REDUCE cov: 304 ft: 717 corp: 186/6064b lim: 1618 exec/s: 146864 rss: 141Mb L: 28/1418 MS: 2 InsertByte-EraseBytes-
#146921	REDUCE cov: 304 ft: 718 corp: 187/6084b lim: 1618 exec/s: 146921 rss: 141Mb L: 20/1418 MS: 2 ChangeBit-ChangeBit-
#147038	REDUCE cov: 304 ft: 718 corp: 187/6078b lim: 1618 exec/s: 147038 rss: 141Mb L: 29/1418 MS: 2 ChangeByte-EraseBytes-
#147620	REDUCE cov: 304 ft: 718 corp: 187/6073b lim: 1618 exec/s: 147620 rss: 141Mb L: 20/1418 MS: 2 ChangeBit-EraseBytes-
#148447	REDUCE cov: 304 ft: 718 corp: 187/6059b lim: 1618 exec/s: 148447 rss: 141Mb L: 45/1418 MS: 2 ChangeBit-EraseBytes-
#148660	REDUCE cov: 304 ft: 718 corp: 187/6058b lim: 1618 exec/s: 148660 rss: 141Mb L: 35/1418 MS: 3 CrossOver-InsertByte-EraseBytes-
#148816	REDUCE cov: 304 ft: 718 corp: 187/6057b lim: 1618 exec/s: 148816 rss: 141Mb L: 53/1418 MS: 1 EraseBytes-
#149279	NEW    cov: 304 ft: 735 corp: 188/6138b lim: 1618 exec/s: 149279 rss: 141Mb L: 81/1418 MS: 3 ChangeBinInt-CopyPart-CopyPart-
#149460	REDUCE cov: 304 ft: 735 corp: 188/6135b lim: 1618 exec/s: 149460 rss: 141Mb L: 12/1418 MS: 1 EraseBytes-
#149812	REDUCE cov: 304 ft: 735 corp: 188/6134b lim: 1618 exec/s: 149812 rss: 141Mb L: 32/1418 MS: 2 ChangeBit-EraseBytes-
#149828	REDUCE cov: 304 ft: 735 corp: 188/6095b lim: 1618 exec/s: 149828 rss: 141Mb L: 42/1418 MS: 1 EraseBytes-
#150419	REDUCE cov: 304 ft: 735 corp: 188/6089b lim: 1618 exec/s: 150419 rss: 141Mb L: 27/1418 MS: 1 EraseBytes-
#150540	REDUCE cov: 304 ft: 735 corp: 188/6088b lim: 1618 exec/s: 150540 rss: 141Mb L: 32/1418 MS: 1 EraseBytes-
#150616	REDUCE cov: 304 ft: 735 corp: 188/6086b lim: 1618 exec/s: 150616 rss: 141Mb L: 43/1418 MS: 1 EraseBytes-
#151082	REDUCE cov: 304 ft: 735 corp: 188/6085b lim: 1618 exec/s: 151082 rss: 141Mb L: 25/1418 MS: 1 EraseBytes-
#151156	REDUCE cov: 304 ft: 736 corp: 189/6224b lim: 1618 exec/s: 151156 rss: 141Mb L: 139/1418 MS: 4 CopyPart-ChangeBit-InsertRepeatedBytes-ChangeByte-
#151832	REDUCE cov: 304 ft: 736 corp: 189/6222b lim: 1618 exec/s: 151832 rss: 141Mb L: 52/1418 MS: 1 EraseBytes-
#152335	REDUCE cov: 304 ft: 736 corp: 189/6184b lim: 1618 exec/s: 152335 rss: 141Mb L: 101/1418 MS: 3 CMP-ChangeBinInt-EraseBytes- DE: "\030\000\000\000"-
#152726	REDUCE cov: 304 ft: 736 corp: 189/6183b lim: 1618 exec/s: 152726 rss: 141Mb L: 28/1418 MS: 1 EraseBytes-
#153392	REDUCE cov: 304 ft: 736 corp: 189/6182b lim: 1618 exec/s: 153392 rss: 141Mb L: 27/1418 MS: 1 EraseBytes-
#153553	REDUCE cov: 304 ft: 736 corp: 189/6181b lim: 1618 exec/s: 153553 rss: 141Mb L: 117/1418 MS: 1 EraseBytes-
#153919	REDUCE cov: 304 ft: 736 corp: 189/6178b lim: 1618 exec/s: 153919 rss: 141Mb L: 23/1418 MS: 1 EraseBytes-
#154472	REDUCE cov: 304 ft: 736 corp: 189/6176b lim: 1618 exec/s: 154472 rss: 141Mb L: 13/1418 MS: 3 ChangeBinInt-EraseBytes-ChangeBinInt-
#154795	REDUCE cov: 304 ft: 736 corp: 189/6174b lim: 1618 exec/s: 154795 rss: 141Mb L: 16/1418 MS: 3 CopyPart-CopyPart-EraseBytes-
#154836	REDUCE cov: 304 ft: 736 corp: 189/6171b lim: 1618 exec/s: 154836 rss: 141Mb L: 20/1418 MS: 1 EraseBytes-
#154872	REDUCE cov: 304 ft: 736 corp: 189/6168b lim: 1618 exec/s: 154872 rss: 141Mb L: 20/1418 MS: 1 EraseBytes-
#155353	REDUCE cov: 304 ft: 736 corp: 189/6167b lim: 1618 exec/s: 155353 rss: 141Mb L: 33/1418 MS: 1 EraseBytes-
#155460	REDUCE cov: 304 ft: 736 corp: 189/6165b lim: 1618 exec/s: 155460 rss: 141Mb L: 54/1418 MS: 2 EraseBytes-PersAutoDict- DE: "~cold~"-
#156094	REDUCE cov: 304 ft: 736 corp: 189/6154b lim: 1618 exec/s: 156094 rss: 141Mb L: 90/1418 MS: 4 InsertRepeatedBytes-CrossOver-ShuffleBytes-EraseBytes-
#156882	REDUCE cov: 304 ft: 736 corp: 189/6153b lim: 1618 exec/s: 78441 rss: 141Mb L: 20/1418 MS: 3 ChangeByte-ChangeBinInt-EraseBytes-
#156913	REDUCE cov: 304 ft: 736 corp: 189/6147b lim: 1618 exec/s: 78456 rss: 141Mb L: 33/1418 MS: 1 EraseBytes-
#157474	REDUCE cov: 304 ft: 736 corp: 189/6141b lim: 1618 exec/s: 78737 rss: 141Mb L: 84/1418 MS: 1 EraseBytes-
#157950	REDUCE cov: 304 ft: 736 corp: 189/6118b lim: 1618 exec/s: 78975 rss: 141Mb L: 61/1418 MS: 1 EraseBytes-
#157951	REDUCE cov: 304 ft: 736 corp: 189/6112b lim: 1618 exec/s: 78975 rss: 141Mb L: 23/1418 MS: 1 EraseBytes-
#159187	REDUCE cov: 304 ft: 736 corp: 189/6111b lim: 1628 exec/s: 79593 rss: 141Mb L: 36/1418 MS: 1 EraseBytes-
#159823	REDUCE cov: 304 ft: 736 corp: 189/6106b lim: 1628 exec/s: 79911 rss: 141Mb L: 28/1418 MS: 1 EraseBytes-
#161439	REDUCE cov: 304 ft: 736 corp: 189/6103b lim: 1638 exec/s: 80719 rss: 141Mb L: 20/1418 MS: 1 EraseBytes-
#161505	REDUCE cov: 304 ft: 736 corp: 189/6097b lim: 1638 exec/s: 80752 rss: 141Mb L: 21/1418 MS: 1 EraseBytes-
#161736	REDUCE cov: 304 ft: 736 corp: 189/6095b lim: 1638 exec/s: 80868 rss: 141Mb L: 54/1418 MS: 1 EraseBytes-
#162302	REDUCE cov: 304 ft: 736 corp: 189/6094b lim: 1638 exec/s: 81151 rss: 141Mb L: 27/1418 MS: 1 EraseBytes-
#162689	REDUCE cov: 304 ft: 737 corp: 190/6126b lim: 1638 exec/s: 81344 rss: 141Mb L: 32/1418 MS: 2 CopyPart-ChangeByte-
#163391	REDUCE cov: 304 ft: 737 corp: 190/6113b lim: 1638 exec/s: 81695 rss: 141Mb L: 31/1418 MS: 2 ShuffleBytes-EraseBytes-
#163958	REDUCE cov: 304 ft: 737 corp: 190/6110b lim: 1638 exec/s: 81979 rss: 141Mb L: 29/1418 MS: 2 ShuffleBytes-EraseBytes-
#165164	REDUCE cov: 304 ft: 737 corp: 190/6103b lim: 1648 exec/s: 82582 rss: 141Mb L: 21/1418 MS: 1 EraseBytes-
#167921	REDUCE cov: 304 ft: 737 corp: 190/6102b lim: 1668 exec/s: 83960 rss: 141Mb L: 13/1418 MS: 1 EraseBytes-
#168727	REDUCE cov: 304 ft: 737 corp: 190/6099b lim: 1668 exec/s: 84363 rss: 141Mb L: 22/1418 MS: 1 EraseBytes-
#170008	REDUCE cov: 304 ft: 737 corp: 190/6095b lim: 1678 exec/s: 85004 rss: 141Mb L: 21/1418 MS: 1 EraseBytes-
#170670	REDUCE cov: 304 ft: 737 corp: 190/6093b lim: 1678 exec/s: 85335 rss: 141Mb L: 22/1418 MS: 2 ChangeBit-EraseBytes-
#171801	REDUCE cov: 304 ft: 737 corp: 190/6090b lim: 1688 exec/s: 85900 rss: 141Mb L: 39/1418 MS: 1 EraseBytes-
#173039	REDUCE cov: 304 ft: 737 corp: 190/6089b lim: 1698 exec/s: 86519 rss: 141Mb L: 32/1418 MS: 3 InsertRepeatedBytes-InsertByte-EraseBytes-
#173268	REDUCE cov: 304 ft: 737 corp: 190/6088b lim: 1698 exec/s: 86634 rss: 141Mb L: 34/1418 MS: 4 InsertByte-PersAutoDict-ChangeBinInt-EraseBytes- DE: "\000\032"-
#177292	REDUCE cov: 304 ft: 737 corp: 190/6085b lim: 1738 exec/s: 88646 rss: 141Mb L: 26/1418 MS: 4 InsertByte-InsertRepeatedBytes-InsertByte-EraseBytes-
#177789	REDUCE cov: 304 ft: 737 corp: 190/6084b lim: 1738 exec/s: 88894 rss: 141Mb L: 12/1418 MS: 2 ChangeBit-EraseBytes-
#178155	REDUCE cov: 304 ft: 737 corp: 190/6081b lim: 1738 exec/s: 89077 rss: 141Mb L: 23/1418 MS: 1 EraseBytes-
#180511	REDUCE cov: 304 ft: 737 corp: 190/6079b lim: 1758 exec/s: 90255 rss: 141Mb L: 27/1418 MS: 1 EraseBytes-
#181844	REDUCE cov: 304 ft: 737 corp: 190/6077b lim: 1768 exec/s: 90922 rss: 141Mb L: 59/1418 MS: 3 CrossOver-ManualDict-EraseBytes- DE: "impossible to reach"-
#182115	REDUCE cov: 304 ft: 737 corp: 190/6076b lim: 1768 exec/s: 91057 rss: 141Mb L: 22/1418 MS: 1 EraseBytes-
#182367	REDUCE cov: 304 ft: 737 corp: 190/6072b lim: 1768 exec/s: 91183 rss: 141Mb L: 28/1418 MS: 2 ChangeBit-EraseBytes-
#182979	REDUCE cov: 304 ft: 737 corp: 190/6071b lim: 1768 exec/s: 91489 rss: 141Mb L: 33/1418 MS: 2 ChangeBit-EraseBytes-
#183390	REDUCE cov: 304 ft: 737 corp: 190/6068b lim: 1768 exec/s: 91695 rss: 141Mb L: 114/1418 MS: 1 EraseBytes-
#183566	REDUCE cov: 304 ft: 737 corp: 190/6067b lim: 1768 exec/s: 91783 rss: 141Mb L: 32/1418 MS: 1 EraseBytes-
#183864	REDUCE cov: 304 ft: 737 corp: 190/6060b lim: 1768 exec/s: 91932 rss: 141Mb L: 24/1418 MS: 3 InsertByte-ChangeBinInt-EraseBytes-
#184780	REDUCE cov: 304 ft: 737 corp: 190/6057b lim: 1768 exec/s: 92390 rss: 141Mb L: 40/1418 MS: 1 EraseBytes-
#184991	REDUCE cov: 304 ft: 775 corp: 191/6095b lim: 1768 exec/s: 92495 rss: 141Mb L: 38/1418 MS: 1 CrossOver-
#186562	REDUCE cov: 304 ft: 775 corp: 191/6094b lim: 1778 exec/s: 93281 rss: 141Mb L: 12/1418 MS: 1 EraseBytes-
#189853	REDUCE cov: 304 ft: 775 corp: 191/6088b lim: 1808 exec/s: 94926 rss: 141Mb L: 24/1418 MS: 1 EraseBytes-
#189914	NEW    cov: 304 ft: 776 corp: 192/6123b lim: 1808 exec/s: 94957 rss: 141Mb L: 35/1418 MS: 1 EraseBytes-
#190381	REDUCE cov: 304 ft: 776 corp: 192/6122b lim: 1808 exec/s: 95190 rss: 141Mb L: 52/1418 MS: 2 CrossOver-EraseBytes-
#191702	REDUCE cov: 304 ft: 776 corp: 192/6121b lim: 1818 exec/s: 95851 rss: 141Mb L: 53/1418 MS: 1 EraseBytes-
#192048	REDUCE cov: 304 ft: 777 corp: 193/6162b lim: 1818 exec/s: 96024 rss: 141Mb L: 41/1418 MS: 1 CrossOver-
#193330	REDUCE cov: 304 ft: 777 corp: 193/6161b lim: 1828 exec/s: 96665 rss: 141Mb L: 20/1418 MS: 2 ChangeBit-EraseBytes-
#194472	REDUCE cov: 304 ft: 779 corp: 194/6215b lim: 1838 exec/s: 97236 rss: 141Mb L: 54/1418 MS: 2 CrossOver-PersAutoDict- DE: "\002\000\000\000"-
#195638	REDUCE cov: 304 ft: 779 corp: 194/6214b lim: 1848 exec/s: 97819 rss: 141Mb L: 16/1418 MS: 1 EraseBytes-
#196379	REDUCE cov: 304 ft: 779 corp: 194/6208b lim: 1848 exec/s: 98189 rss: 141Mb L: 24/1418 MS: 1 EraseBytes-
#197051	REDUCE cov: 304 ft: 779 corp: 194/6207b lim: 1848 exec/s: 98525 rss: 141Mb L: 22/1418 MS: 2 ChangeBinInt-EraseBytes-
#199572	REDUCE cov: 304 ft: 779 corp: 194/6206b lim: 1868 exec/s: 99786 rss: 142Mb L: 32/1418 MS: 1 EraseBytes-
#199938	REDUCE cov: 304 ft: 779 corp: 194/6204b lim: 1868 exec/s: 99969 rss: 142Mb L: 31/1418 MS: 1 EraseBytes-
#200019	REDUCE cov: 304 ft: 779 corp: 194/6203b lim: 1868 exec/s: 100009 rss: 142Mb L: 20/1418 MS: 1 EraseBytes-
#201025	REDUCE cov: 304 ft: 779 corp: 194/6194b lim: 1878 exec/s: 100512 rss: 142Mb L: 45/1418 MS: 1 EraseBytes-
#203246	REDUCE cov: 304 ft: 779 corp: 194/6193b lim: 1898 exec/s: 101623 rss: 142Mb L: 22/1418 MS: 1 EraseBytes-
#204819	REDUCE cov: 304 ft: 779 corp: 194/6190b lim: 1908 exec/s: 102409 rss: 142Mb L: 17/1418 MS: 3 EraseBytes-ChangeByte-InsertByte-
#205122	REDUCE cov: 304 ft: 779 corp: 194/6189b lim: 1908 exec/s: 102561 rss: 142Mb L: 52/1418 MS: 3 ShuffleBytes-CrossOver-EraseBytes-
#208165	REDUCE cov: 305 ft: 780 corp: 195/6286b lim: 1938 exec/s: 104082 rss: 142Mb L: 97/1418 MS: 3 InsertRepeatedBytes-EraseBytes-InsertByte-
#210872	NEW    cov: 305 ft: 804 corp: 196/6355b lim: 1958 exec/s: 105436 rss: 142Mb L: 69/1418 MS: 2 CMP-CopyPart- DE: "\000\002"-
#211103	REDUCE cov: 305 ft: 804 corp: 196/6340b lim: 1958 exec/s: 105551 rss: 142Mb L: 82/1418 MS: 1 EraseBytes-
#211989	REDUCE cov: 305 ft: 804 corp: 196/6337b lim: 1958 exec/s: 105994 rss: 142Mb L: 23/1418 MS: 1 EraseBytes-
#212440	REDUCE cov: 305 ft: 804 corp: 196/6335b lim: 1958 exec/s: 106220 rss: 142Mb L: 24/1418 MS: 1 EraseBytes-
#212527	REDUCE cov: 305 ft: 804 corp: 196/6332b lim: 1958 exec/s: 106263 rss: 142Mb L: 20/1418 MS: 2 CopyPart-EraseBytes-
#212995	REDUCE cov: 305 ft: 804 corp: 196/6330b lim: 1958 exec/s: 106497 rss: 142Mb L: 51/1418 MS: 3 EraseBytes-ChangeByte-ChangeBinInt-
#213531	REDUCE cov: 305 ft: 804 corp: 196/6327b lim: 1958 exec/s: 106765 rss: 142Mb L: 33/1418 MS: 1 EraseBytes-
#213931	REDUCE cov: 305 ft: 804 corp: 196/6314b lim: 1958 exec/s: 106965 rss: 142Mb L: 69/1418 MS: 5 ManualDict-ManualDict-ChangeBinInt-InsertByte-EraseBytes- DE: "ZSTDMT_tryGetInputRange failed"-"reading magic number %08X"-
#214272	REDUCE cov: 305 ft: 804 corp: 196/6301b lim: 1958 exec/s: 107136 rss: 142Mb L: 56/1418 MS: 1 EraseBytes-
#215697	REDUCE cov: 305 ft: 804 corp: 196/6287b lim: 1968 exec/s: 107848 rss: 142Mb L: 55/1418 MS: 5 ChangeBit-CopyPart-ChangeByte-CopyPart-EraseBytes-
#216208	REDUCE cov: 305 ft: 804 corp: 196/6282b lim: 1968 exec/s: 108104 rss: 142Mb L: 22/1418 MS: 1 EraseBytes-
#216416	REDUCE cov: 305 ft: 804 corp: 196/6278b lim: 1968 exec/s: 108208 rss: 142Mb L: 25/1418 MS: 3 CopyPart-ChangeByte-EraseBytes-
#217742	REDUCE cov: 305 ft: 804 corp: 196/6253b lim: 1978 exec/s: 108871 rss: 142Mb L: 30/1418 MS: 1 EraseBytes-
#218043	REDUCE cov: 305 ft: 804 corp: 196/6251b lim: 1978 exec/s: 109021 rss: 142Mb L: 28/1418 MS: 1 EraseBytes-
#218719	REDUCE cov: 305 ft: 804 corp: 196/6249b lim: 1978 exec/s: 109359 rss: 142Mb L: 20/1418 MS: 1 EraseBytes-
#219082	REDUCE cov: 305 ft: 804 corp: 196/6246b lim: 1978 exec/s: 109541 rss: 142Mb L: 17/1418 MS: 3 CrossOver-CopyPart-EraseBytes-
#222619	REDUCE cov: 305 ft: 804 corp: 196/6245b lim: 2008 exec/s: 111309 rss: 142Mb L: 24/1418 MS: 2 ShuffleBytes-EraseBytes-
#223170	REDUCE cov: 305 ft: 804 corp: 196/6237b lim: 2008 exec/s: 111585 rss: 142Mb L: 20/1418 MS: 1 EraseBytes-
#223664	REDUCE cov: 305 ft: 804 corp: 196/6233b lim: 2008 exec/s: 111832 rss: 142Mb L: 47/1418 MS: 4 CMP-ShuffleBytes-ManualDict-EraseBytes- DE: "\025\000\000\000"-"ZSTD_decodeSeqHeaders"-
#224295	REDUCE cov: 305 ft: 804 corp: 196/6226b lim: 2008 exec/s: 112147 rss: 142Mb L: 52/1418 MS: 1 EraseBytes-
#224761	REDUCE cov: 305 ft: 804 corp: 196/6224b lim: 2008 exec/s: 112380 rss: 142Mb L: 13/1418 MS: 1 EraseBytes-
#226442	REDUCE cov: 305 ft: 804 corp: 196/6223b lim: 2018 exec/s: 113221 rss: 142Mb L: 17/1418 MS: 1 EraseBytes-
#226871	REDUCE cov: 305 ft: 804 corp: 196/6211b lim: 2018 exec/s: 113435 rss: 142Mb L: 33/1418 MS: 4 CrossOver-CopyPart-PersAutoDict-EraseBytes- DE: "not an end of match"-
#228537	REDUCE cov: 305 ft: 804 corp: 196/6208b lim: 2028 exec/s: 114268 rss: 142Mb L: 20/1418 MS: 1 EraseBytes-
#228984	REDUCE cov: 305 ft: 804 corp: 196/6207b lim: 2028 exec/s: 114492 rss: 142Mb L: 8/1418 MS: 2 ChangeByte-EraseBytes-
#230560	REDUCE cov: 305 ft: 804 corp: 196/6206b lim: 2038 exec/s: 115280 rss: 142Mb L: 22/1418 MS: 1 EraseBytes-
#231047	REDUCE cov: 305 ft: 804 corp: 196/6201b lim: 2038 exec/s: 115523 rss: 142Mb L: 21/1418 MS: 2 ChangeByte-EraseBytes-
#231504	REDUCE cov: 305 ft: 804 corp: 196/6200b lim: 2038 exec/s: 115752 rss: 142Mb L: 9/1418 MS: 2 CopyPart-EraseBytes-
#232085	REDUCE cov: 305 ft: 804 corp: 196/6199b lim: 2038 exec/s: 116042 rss: 142Mb L: 21/1418 MS: 1 EraseBytes-
#232706	REDUCE cov: 306 ft: 805 corp: 197/6219b lim: 2038 exec/s: 116353 rss: 142Mb L: 20/1418 MS: 1 PersAutoDict- DE: "\377\377\377\364"-
#233452	REDUCE cov: 306 ft: 806 corp: 198/6252b lim: 2038 exec/s: 116726 rss: 142Mb L: 33/1418 MS: 1 CopyPart-
#235388	REDUCE cov: 306 ft: 806 corp: 198/6251b lim: 2048 exec/s: 117694 rss: 142Mb L: 53/1418 MS: 1 EraseBytes-
#238620	REDUCE cov: 306 ft: 806 corp: 198/6250b lim: 2070 exec/s: 119310 rss: 142Mb L: 22/1418 MS: 2 ChangeByte-EraseBytes-
#238938	REDUCE cov: 306 ft: 806 corp: 198/6246b lim: 2070 exec/s: 119469 rss: 142Mb L: 23/1418 MS: 3 ShuffleBytes-ShuffleBytes-EraseBytes-
#240004	REDUCE cov: 306 ft: 806 corp: 198/6241b lim: 2070 exec/s: 120002 rss: 142Mb L: 29/1418 MS: 1 EraseBytes-
#240020	REDUCE cov: 306 ft: 806 corp: 198/6239b lim: 2070 exec/s: 120010 rss: 142Mb L: 33/1418 MS: 1 EraseBytes-
#241087	REDUCE cov: 306 ft: 806 corp: 198/6238b lim: 2070 exec/s: 120543 rss: 142Mb L: 21/1418 MS: 2 CrossOver-EraseBytes-
#241953	REDUCE cov: 306 ft: 806 corp: 198/6237b lim: 2070 exec/s: 120976 rss: 142Mb L: 40/1418 MS: 1 EraseBytes-
#243469	REDUCE cov: 306 ft: 806 corp: 198/6235b lim: 2081 exec/s: 121734 rss: 142Mb L: 31/1418 MS: 1 EraseBytes-
#245520	REDUCE cov: 306 ft: 806 corp: 198/6231b lim: 2092 exec/s: 122760 rss: 142Mb L: 35/1418 MS: 1 EraseBytes-
#245772	REDUCE cov: 306 ft: 806 corp: 198/6230b lim: 2092 exec/s: 122886 rss: 142Mb L: 20/1418 MS: 2 ChangeBinInt-EraseBytes-
#246092	REDUCE cov: 306 ft: 811 corp: 199/6271b lim: 2092 exec/s: 123046 rss: 142Mb L: 41/1418 MS: 5 PersAutoDict-InsertRepeatedBytes-ChangeByte-EraseBytes-CrossOver- DE: "\000\000\000\000\000\000\000\012"-
#247738	REDUCE cov: 306 ft: 811 corp: 199/6267b lim: 2103 exec/s: 123869 rss: 142Mb L: 23/1418 MS: 1 EraseBytes-
#248879	REDUCE cov: 306 ft: 811 corp: 199/6266b lim: 2114 exec/s: 124439 rss: 142Mb L: 20/1418 MS: 1 EraseBytes-
#249310	REDUCE cov: 306 ft: 811 corp: 199/6264b lim: 2114 exec/s: 124655 rss: 142Mb L: 24/1418 MS: 1 EraseBytes-
#250136	REDUCE cov: 306 ft: 811 corp: 199/6263b lim: 2114 exec/s: 125068 rss: 142Mb L: 27/1418 MS: 1 EraseBytes-
#251072	REDUCE cov: 306 ft: 811 corp: 199/6262b lim: 2114 exec/s: 125536 rss: 142Mb L: 19/1418 MS: 1 EraseBytes-
#252373	REDUCE cov: 306 ft: 811 corp: 199/6257b lim: 2125 exec/s: 126186 rss: 142Mb L: 22/1418 MS: 1 EraseBytes-
#254504	REDUCE cov: 306 ft: 811 corp: 199/6256b lim: 2136 exec/s: 127252 rss: 142Mb L: 20/1418 MS: 1 EraseBytes-
#256556	REDUCE cov: 306 ft: 811 corp: 199/6254b lim: 2147 exec/s: 128278 rss: 142Mb L: 21/1418 MS: 2 CopyPart-EraseBytes-
#257273	REDUCE cov: 306 ft: 811 corp: 199/6245b lim: 2147 exec/s: 128636 rss: 142Mb L: 32/1418 MS: 2 InsertByte-EraseBytes-
	NEW_FUNC[1/2]: 0xaaaac8439e18 in FSE_readNCount_bmi2 /b/zstd/lib/common/entropy_common.c:209
	NEW_FUNC[2/2]: 0xaaaac843c5b4 in FSE_decompress_wksp_bmi2 /b/zstd/lib/common/fse_decompress.c:303
#257551	REDUCE cov: 311 ft: 817 corp: 200/6385b lim: 2147 exec/s: 128775 rss: 142Mb L: 140/1418 MS: 3 ShuffleBytes-CopyPart-InsertRepeatedBytes-
#258272	REDUCE cov: 311 ft: 817 corp: 200/6383b lim: 2147 exec/s: 129136 rss: 142Mb L: 22/1418 MS: 1 EraseBytes-
#259504	REDUCE cov: 311 ft: 817 corp: 200/6382b lim: 2158 exec/s: 129752 rss: 142Mb L: 19/1418 MS: 2 ChangeByte-EraseBytes-
#259581	REDUCE cov: 311 ft: 817 corp: 200/6377b lim: 2158 exec/s: 129790 rss: 142Mb L: 51/1418 MS: 2 ManualDict-EraseBytes- DE: "Dictionary mismatch"-
#261370	REDUCE cov: 311 ft: 817 corp: 200/6329b lim: 2169 exec/s: 130685 rss: 142Mb L: 92/1418 MS: 4 InsertByte-ChangeByte-PersAutoDict-EraseBytes- DE: " %02X"-
#261824	REDUCE cov: 311 ft: 817 corp: 200/6319b lim: 2169 exec/s: 130912 rss: 142Mb L: 82/1418 MS: 4 ChangeByte-PersAutoDict-ChangeBinInt-EraseBytes- DE: "ZSTD_decompressStream"-
#262144	pulse  cov: 311 ft: 817 corp: 200/6319b lim: 2169 exec/s: 131072 rss: 142Mb
#263070	REDUCE cov: 311 ft: 817 corp: 200/6285b lim: 2180 exec/s: 131535 rss: 142Mb L: 48/1418 MS: 1 EraseBytes-
#263706	REDUCE cov: 311 ft: 817 corp: 200/6284b lim: 2180 exec/s: 131853 rss: 142Mb L: 20/1418 MS: 1 EraseBytes-
#264593	REDUCE cov: 311 ft: 817 corp: 200/6280b lim: 2180 exec/s: 132296 rss: 142Mb L: 13/1418 MS: 2 PersAutoDict-EraseBytes- DE: "\025\000\000\000"-
#265881	REDUCE cov: 311 ft: 817 corp: 200/6279b lim: 2191 exec/s: 132940 rss: 142Mb L: 41/1418 MS: 3 ShuffleBytes-CrossOver-EraseBytes-
#267457	REDUCE cov: 311 ft: 817 corp: 200/6278b lim: 2202 exec/s: 133728 rss: 142Mb L: 12/1418 MS: 1 EraseBytes-
#267909	REDUCE cov: 311 ft: 817 corp: 200/6277b lim: 2202 exec/s: 133954 rss: 142Mb L: 12/1418 MS: 2 ChangeByte-EraseBytes-
#268405	REDUCE cov: 311 ft: 817 corp: 200/6275b lim: 2202 exec/s: 134202 rss: 142Mb L: 20/1418 MS: 1 EraseBytes-
#269712	REDUCE cov: 311 ft: 817 corp: 200/6272b lim: 2213 exec/s: 134856 rss: 142Mb L: 29/1418 MS: 2 CMP-EraseBytes- DE: "\002\000\000\000\000\000\000\000"-
#271743	REDUCE cov: 311 ft: 817 corp: 200/6263b lim: 2224 exec/s: 135871 rss: 142Mb L: 31/1418 MS: 1 EraseBytes-
#271829	REDUCE cov: 311 ft: 824 corp: 201/6292b lim: 2224 exec/s: 135914 rss: 142Mb L: 29/1418 MS: 1 CopyPart-
#272282	REDUCE cov: 311 ft: 825 corp: 202/6327b lim: 2224 exec/s: 136141 rss: 142Mb L: 35/1418 MS: 3 CopyPart-PersAutoDict-InsertByte- DE: "\000\002"-
#272398	REDUCE cov: 311 ft: 825 corp: 202/6325b lim: 2224 exec/s: 136199 rss: 142Mb L: 22/1418 MS: 1 EraseBytes-
#272714	REDUCE cov: 311 ft: 825 corp: 202/6323b lim: 2224 exec/s: 136357 rss: 142Mb L: 110/1418 MS: 1 EraseBytes-
#274015	REDUCE cov: 311 ft: 825 corp: 202/6322b lim: 2235 exec/s: 137007 rss: 142Mb L: 19/1418 MS: 1 EraseBytes-
#274346	REDUCE cov: 311 ft: 825 corp: 202/6302b lim: 2235 exec/s: 137173 rss: 142Mb L: 28/1418 MS: 1 EraseBytes-
#276146	NEW    cov: 311 ft: 826 corp: 203/6402b lim: 2246 exec/s: 138073 rss: 142Mb L: 100/1418 MS: 5 ChangeBit-PersAutoDict-ChangeBinInt-ChangeBit-InsertRepeatedBytes- DE: "not an end of match"-
#276230	REDUCE cov: 311 ft: 826 corp: 203/6380b lim: 2246 exec/s: 138115 rss: 142Mb L: 78/1418 MS: 4 InsertByte-InsertRepeatedBytes-CopyPart-EraseBytes-
#276291	REDUCE cov: 311 ft: 826 corp: 203/6379b lim: 2246 exec/s: 138145 rss: 142Mb L: 28/1418 MS: 1 EraseBytes-
#277352	REDUCE cov: 311 ft: 826 corp: 203/6378b lim: 2246 exec/s: 138676 rss: 142Mb L: 27/1418 MS: 1 EraseBytes-
#277895	REDUCE cov: 311 ft: 826 corp: 203/6348b lim: 2246 exec/s: 138947 rss: 142Mb L: 48/1418 MS: 3 CMP-ChangeBit-EraseBytes- DE: "O*M\030"-
#278386	REDUCE cov: 311 ft: 826 corp: 203/6339b lim: 2246 exec/s: 139193 rss: 142Mb L: 39/1418 MS: 1 EraseBytes-
#281117	REDUCE cov: 311 ft: 826 corp: 203/6336b lim: 2268 exec/s: 140558 rss: 142Mb L: 28/1418 MS: 1 EraseBytes-
#282315	REDUCE cov: 311 ft: 826 corp: 203/6332b lim: 2279 exec/s: 141157 rss: 142Mb L: 23/1418 MS: 3 ChangeBit-PersAutoDict-EraseBytes- DE: "\275p"-
#283212	REDUCE cov: 311 ft: 826 corp: 203/6331b lim: 2279 exec/s: 141606 rss: 142Mb L: 52/1418 MS: 2 PersAutoDict-EraseBytes- DE: "\002\000\000\000\000\000\000\000"-
#285478	REDUCE cov: 311 ft: 826 corp: 203/6328b lim: 2301 exec/s: 142739 rss: 142Mb L: 21/1418 MS: 1 EraseBytes-
#286884	REDUCE cov: 311 ft: 826 corp: 203/6327b lim: 2312 exec/s: 143442 rss: 142Mb L: 39/1418 MS: 1 EraseBytes-
#287472	REDUCE cov: 311 ft: 826 corp: 203/6326b lim: 2312 exec/s: 143736 rss: 142Mb L: 20/1418 MS: 3 ShuffleBytes-CopyPart-EraseBytes-
#288563	REDUCE cov: 311 ft: 826 corp: 203/6316b lim: 2312 exec/s: 144281 rss: 142Mb L: 19/1418 MS: 1 EraseBytes-
#291494	REDUCE cov: 311 ft: 826 corp: 203/6315b lim: 2334 exec/s: 97164 rss: 142Mb L: 28/1418 MS: 1 EraseBytes-
#294540	REDUCE cov: 311 ft: 826 corp: 203/6313b lim: 2356 exec/s: 98180 rss: 142Mb L: 20/1418 MS: 1 EraseBytes-
#294568	REDUCE cov: 311 ft: 826 corp: 203/6310b lim: 2356 exec/s: 98189 rss: 142Mb L: 107/1418 MS: 3 CopyPart-CopyPart-EraseBytes-
#295634	REDUCE cov: 311 ft: 826 corp: 203/6308b lim: 2356 exec/s: 98544 rss: 142Mb L: 27/1418 MS: 1 EraseBytes-
#296729	REDUCE cov: 311 ft: 826 corp: 203/6306b lim: 2356 exec/s: 98909 rss: 142Mb L: 21/1418 MS: 5 CrossOver-ChangeByte-ChangeBinInt-EraseBytes-EraseBytes-
#298380	REDUCE cov: 311 ft: 826 corp: 203/6304b lim: 2367 exec/s: 99460 rss: 142Mb L: 20/1418 MS: 1 EraseBytes-
#299496	REDUCE cov: 311 ft: 826 corp: 203/6303b lim: 2378 exec/s: 99832 rss: 142Mb L: 32/1418 MS: 1 EraseBytes-
#304359	REDUCE cov: 311 ft: 826 corp: 203/6302b lim: 2422 exec/s: 101453 rss: 142Mb L: 19/1418 MS: 3 ChangeBinInt-ChangeBit-EraseBytes-
#309441	REDUCE cov: 311 ft: 826 corp: 203/6301b lim: 2466 exec/s: 103147 rss: 143Mb L: 38/1418 MS: 2 ShuffleBytes-EraseBytes-
#311348	REDUCE cov: 311 ft: 826 corp: 203/6299b lim: 2477 exec/s: 103782 rss: 143Mb L: 36/1418 MS: 2 ChangeBit-EraseBytes-
#318715	REDUCE cov: 311 ft: 826 corp: 203/6298b lim: 2543 exec/s: 106238 rss: 143Mb L: 22/1418 MS: 2 ChangeBit-EraseBytes-
#318866	REDUCE cov: 311 ft: 826 corp: 203/6295b lim: 2543 exec/s: 106288 rss: 143Mb L: 22/1418 MS: 1 EraseBytes-
#322328	REDUCE cov: 311 ft: 826 corp: 203/6293b lim: 2576 exec/s: 107442 rss: 143Mb L: 49/1418 MS: 2 PersAutoDict-EraseBytes- DE: "%\000"-
#322664	REDUCE cov: 311 ft: 826 corp: 203/6292b lim: 2576 exec/s: 107554 rss: 143Mb L: 20/1418 MS: 1 EraseBytes-
#322850	REDUCE cov: 311 ft: 826 corp: 203/6291b lim: 2576 exec/s: 107616 rss: 143Mb L: 20/1418 MS: 1 EraseBytes-
#324006	REDUCE cov: 311 ft: 826 corp: 203/6289b lim: 2587 exec/s: 108002 rss: 143Mb L: 12/1418 MS: 1 EraseBytes-
#328002	REDUCE cov: 311 ft: 826 corp: 203/6288b lim: 2620 exec/s: 109334 rss: 143Mb L: 35/1418 MS: 1 EraseBytes-
#330673	REDUCE cov: 311 ft: 826 corp: 203/6285b lim: 2642 exec/s: 110224 rss: 143Mb L: 25/1418 MS: 1 EraseBytes-
#332099	REDUCE cov: 311 ft: 833 corp: 204/6333b lim: 2653 exec/s: 110699 rss: 143Mb L: 48/1418 MS: 1 CopyPart-
#332720	NEW    cov: 311 ft: 834 corp: 205/6426b lim: 2653 exec/s: 110906 rss: 143Mb L: 93/1418 MS: 1 InsertRepeatedBytes-
#333731	REDUCE cov: 311 ft: 834 corp: 205/6425b lim: 2653 exec/s: 111243 rss: 143Mb L: 24/1418 MS: 1 EraseBytes-
#334472	REDUCE cov: 311 ft: 834 corp: 205/6394b lim: 2653 exec/s: 111490 rss: 143Mb L: 62/1418 MS: 1 EraseBytes-
#335139	REDUCE cov: 311 ft: 834 corp: 205/6383b lim: 2653 exec/s: 111713 rss: 143Mb L: 51/1418 MS: 2 ChangeBit-EraseBytes-
#335305	REDUCE cov: 311 ft: 834 corp: 205/6376b lim: 2653 exec/s: 111768 rss: 143Mb L: 44/1418 MS: 1 EraseBytes-
#337421	REDUCE cov: 311 ft: 834 corp: 205/6375b lim: 2664 exec/s: 112473 rss: 143Mb L: 24/1418 MS: 1 EraseBytes-
#339553	REDUCE cov: 311 ft: 834 corp: 205/6374b lim: 2675 exec/s: 113184 rss: 143Mb L: 20/1418 MS: 2 ChangeBinInt-EraseBytes-
#340214	REDUCE cov: 311 ft: 834 corp: 205/6372b lim: 2675 exec/s: 113404 rss: 143Mb L: 33/1418 MS: 1 EraseBytes-
#344385	REDUCE cov: 311 ft: 834 corp: 205/6363b lim: 2708 exec/s: 114795 rss: 143Mb L: 40/1418 MS: 1 EraseBytes-
#348811	REDUCE cov: 311 ft: 834 corp: 205/6362b lim: 2752 exec/s: 116270 rss: 143Mb L: 20/1418 MS: 1 EraseBytes-
#349017	REDUCE cov: 311 ft: 834 corp: 205/6360b lim: 2752 exec/s: 116339 rss: 143Mb L: 23/1418 MS: 1 EraseBytes-
#349153	REDUCE cov: 311 ft: 834 corp: 205/6355b lim: 2752 exec/s: 116384 rss: 143Mb L: 39/1418 MS: 1 EraseBytes-
#349739	REDUCE cov: 311 ft: 834 corp: 205/6354b lim: 2752 exec/s: 116579 rss: 143Mb L: 30/1418 MS: 1 EraseBytes-
#352056	REDUCE cov: 311 ft: 834 corp: 205/6343b lim: 2774 exec/s: 117352 rss: 143Mb L: 24/1418 MS: 2 InsertByte-EraseBytes-
#352903	REDUCE cov: 311 ft: 834 corp: 205/6342b lim: 2774 exec/s: 117634 rss: 143Mb L: 37/1418 MS: 2 InsertByte-EraseBytes-
#353014	REDUCE cov: 311 ft: 834 corp: 205/6341b lim: 2774 exec/s: 117671 rss: 143Mb L: 18/1418 MS: 1 EraseBytes-
#359301	REDUCE cov: 311 ft: 834 corp: 205/6338b lim: 2829 exec/s: 119767 rss: 143Mb L: 18/1418 MS: 2 EraseBytes-ChangeByte-
#359307	REDUCE cov: 311 ft: 834 corp: 205/6335b lim: 2829 exec/s: 119769 rss: 143Mb L: 25/1418 MS: 1 EraseBytes-
#362407	REDUCE cov: 311 ft: 834 corp: 205/6332b lim: 2851 exec/s: 120802 rss: 143Mb L: 32/1418 MS: 5 ManualDict-EraseBytes-InsertByte-CrossOver-InsertByte- DE: "set_basic - no gain"-
#365059	REDUCE cov: 311 ft: 834 corp: 205/6328b lim: 2873 exec/s: 121686 rss: 143Mb L: 35/1418 MS: 2 ChangeBit-EraseBytes-
#365772	REDUCE cov: 311 ft: 834 corp: 205/6325b lim: 2873 exec/s: 121924 rss: 143Mb L: 18/1418 MS: 3 CopyPart-EraseBytes-CrossOver-
#365848	REDUCE cov: 311 ft: 834 corp: 205/6323b lim: 2873 exec/s: 121949 rss: 143Mb L: 20/1418 MS: 1 EraseBytes-
#366920	REDUCE cov: 311 ft: 834 corp: 205/6321b lim: 2873 exec/s: 122306 rss: 143Mb L: 14/1418 MS: 2 EraseBytes-ChangeBit-
#374201	REDUCE cov: 311 ft: 834 corp: 205/6319b lim: 2939 exec/s: 124733 rss: 143Mb L: 52/1418 MS: 1 EraseBytes-
#375142	REDUCE cov: 311 ft: 834 corp: 205/6318b lim: 2939 exec/s: 125047 rss: 143Mb L: 21/1418 MS: 1 EraseBytes-
#375865	REDUCE cov: 311 ft: 834 corp: 205/6316b lim: 2939 exec/s: 125288 rss: 143Mb L: 21/1418 MS: 3 ShuffleBytes-ChangeBinInt-EraseBytes-
#376472	REDUCE cov: 311 ft: 834 corp: 205/6313b lim: 2939 exec/s: 125490 rss: 143Mb L: 26/1418 MS: 2 ChangeBit-EraseBytes-
#378839	REDUCE cov: 311 ft: 834 corp: 205/6310b lim: 2961 exec/s: 126279 rss: 143Mb L: 38/1418 MS: 2 ChangeBit-EraseBytes-
#380202	REDUCE cov: 311 ft: 834 corp: 205/6309b lim: 2972 exec/s: 126734 rss: 143Mb L: 47/1418 MS: 3 ChangeBit-CMP-EraseBytes- DE: "\000R"-
#380809	REDUCE cov: 311 ft: 834 corp: 205/6308b lim: 2972 exec/s: 126936 rss: 143Mb L: 23/1418 MS: 2 ChangeByte-EraseBytes-
#381355	REDUCE cov: 311 ft: 834 corp: 205/6305b lim: 2972 exec/s: 127118 rss: 143Mb L: 28/1418 MS: 1 EraseBytes-
#381397	REDUCE cov: 311 ft: 834 corp: 205/6304b lim: 2972 exec/s: 127132 rss: 143Mb L: 27/1418 MS: 2 ChangeByte-EraseBytes-
#381493	REDUCE cov: 311 ft: 834 corp: 205/6303b lim: 2972 exec/s: 127164 rss: 143Mb L: 22/1418 MS: 1 EraseBytes-
#386144	REDUCE cov: 311 ft: 834 corp: 205/6297b lim: 3016 exec/s: 128714 rss: 143Mb L: 10/1418 MS: 1 EraseBytes-
#397350	REDUCE cov: 311 ft: 834 corp: 205/6295b lim: 3126 exec/s: 132450 rss: 144Mb L: 31/1418 MS: 1 EraseBytes-
#400776	REDUCE cov: 311 ft: 834 corp: 205/6293b lim: 3159 exec/s: 133592 rss: 144Mb L: 20/1418 MS: 1 EraseBytes-
#401342	REDUCE cov: 311 ft: 849 corp: 206/6386b lim: 3159 exec/s: 133780 rss: 144Mb L: 93/1418 MS: 1 CopyPart-
#405758	REDUCE cov: 311 ft: 849 corp: 206/6385b lim: 3192 exec/s: 135252 rss: 144Mb L: 46/1418 MS: 1 EraseBytes-
#407819	REDUCE cov: 311 ft: 849 corp: 206/6384b lim: 3203 exec/s: 135939 rss: 144Mb L: 10/1418 MS: 1 EraseBytes-
#408730	REDUCE cov: 311 ft: 849 corp: 206/6380b lim: 3203 exec/s: 136243 rss: 144Mb L: 23/1418 MS: 1 EraseBytes-
#409716	REDUCE cov: 311 ft: 849 corp: 206/6377b lim: 3203 exec/s: 136572 rss: 144Mb L: 25/1418 MS: 1 EraseBytes-
#412817	REDUCE cov: 311 ft: 849 corp: 206/6371b lim: 3225 exec/s: 137605 rss: 144Mb L: 22/1418 MS: 1 EraseBytes-
#417323	REDUCE cov: 311 ft: 849 corp: 206/6368b lim: 3269 exec/s: 139107 rss: 144Mb L: 22/1418 MS: 1 EraseBytes-
#418364	REDUCE cov: 311 ft: 849 corp: 206/6366b lim: 3269 exec/s: 139454 rss: 144Mb L: 20/1418 MS: 1 EraseBytes-
#422886	REDUCE cov: 311 ft: 849 corp: 206/6365b lim: 3313 exec/s: 140962 rss: 144Mb L: 24/1418 MS: 2 InsertByte-EraseBytes-
#423322	REDUCE cov: 311 ft: 849 corp: 206/6363b lim: 3313 exec/s: 141107 rss: 144Mb L: 20/1418 MS: 1 EraseBytes-
#424200	REDUCE cov: 311 ft: 849 corp: 206/6362b lim: 3313 exec/s: 141400 rss: 144Mb L: 32/1418 MS: 3 ChangeBinInt-CopyPart-EraseBytes-
#424796	REDUCE cov: 311 ft: 849 corp: 206/6361b lim: 3313 exec/s: 141598 rss: 144Mb L: 22/1418 MS: 1 EraseBytes-
#429457	REDUCE cov: 311 ft: 849 corp: 206/6357b lim: 3357 exec/s: 143152 rss: 144Mb L: 36/1418 MS: 1 EraseBytes-
#431543	NEW    cov: 311 ft: 850 corp: 207/6436b lim: 3368 exec/s: 143847 rss: 144Mb L: 79/1418 MS: 1 EraseBytes-
#431710	NEW    cov: 311 ft: 862 corp: 208/6559b lim: 3368 exec/s: 107927 rss: 144Mb L: 123/1418 MS: 2 PersAutoDict-CrossOver- DE: "invalid input buffer"-
#433557	REDUCE cov: 311 ft: 862 corp: 208/6543b lim: 3379 exec/s: 108389 rss: 144Mb L: 107/1418 MS: 2 InsertRepeatedBytes-EraseBytes-
#435253	REDUCE cov: 311 ft: 862 corp: 208/6540b lim: 3390 exec/s: 108813 rss: 144Mb L: 30/1418 MS: 1 EraseBytes-
#440524	REDUCE cov: 311 ft: 862 corp: 208/6539b lim: 3434 exec/s: 110131 rss: 144Mb L: 78/1418 MS: 1 EraseBytes-
#440925	REDUCE cov: 311 ft: 867 corp: 209/6654b lim: 3434 exec/s: 110231 rss: 144Mb L: 115/1418 MS: 1 PersAutoDict- DE: "\000\000\000\000\000\000\000\012"-
#442140	REDUCE cov: 311 ft: 868 corp: 210/6698b lim: 3445 exec/s: 110535 rss: 144Mb L: 44/1418 MS: 5 ManualDict-PersAutoDict-CopyPart-ChangeBit-ChangeBit- DE: "no room for epilogue"-"\210\377\377\377\377\377\377\377"-
#442805	REDUCE cov: 311 ft: 868 corp: 210/6689b lim: 3445 exec/s: 110701 rss: 144Mb L: 35/1418 MS: 5 CopyPart-EraseBytes-ChangeByte-ChangeBit-EraseBytes-
#443431	REDUCE cov: 311 ft: 868 corp: 210/6677b lim: 3445 exec/s: 110857 rss: 144Mb L: 23/1418 MS: 1 EraseBytes-
#443552	REDUCE cov: 311 ft: 868 corp: 210/6657b lim: 3445 exec/s: 110888 rss: 144Mb L: 87/1418 MS: 1 EraseBytes-
#445648	REDUCE cov: 311 ft: 868 corp: 210/6651b lim: 3456 exec/s: 111412 rss: 144Mb L: 32/1418 MS: 1 EraseBytes-
#447654	NEW    cov: 311 ft: 876 corp: 211/6803b lim: 3467 exec/s: 111913 rss: 144Mb L: 152/1418 MS: 1 CopyPart-
#447810	REDUCE cov: 311 ft: 876 corp: 211/6801b lim: 3467 exec/s: 111952 rss: 144Mb L: 21/1418 MS: 1 EraseBytes-
#449086	REDUCE cov: 311 ft: 876 corp: 211/6798b lim: 3478 exec/s: 112271 rss: 144Mb L: 112/1418 MS: 1 EraseBytes-
#449422	REDUCE cov: 311 ft: 876 corp: 211/6792b lim: 3478 exec/s: 112355 rss: 144Mb L: 146/1418 MS: 1 EraseBytes-
#451473	REDUCE cov: 311 ft: 876 corp: 211/6791b lim: 3489 exec/s: 112868 rss: 144Mb L: 52/1418 MS: 1 EraseBytes-
#451591	REDUCE cov: 311 ft: 876 corp: 211/6785b lim: 3489 exec/s: 112897 rss: 144Mb L: 81/1418 MS: 3 CopyPart-InsertByte-EraseBytes-
#452347	REDUCE cov: 311 ft: 876 corp: 211/6782b lim: 3489 exec/s: 113086 rss: 144Mb L: 28/1418 MS: 1 EraseBytes-
#452390	REDUCE cov: 311 ft: 876 corp: 211/6781b lim: 3489 exec/s: 113097 rss: 144Mb L: 20/1418 MS: 3 EraseBytes-CMP-ShuffleBytes- DE: "\001\000\000\000\000\000\000\005"-
#453401	REDUCE cov: 311 ft: 876 corp: 211/6765b lim: 3489 exec/s: 113350 rss: 144Mb L: 130/1418 MS: 1 EraseBytes-
#456162	REDUCE cov: 311 ft: 876 corp: 211/6741b lim: 3511 exec/s: 114040 rss: 144Mb L: 88/1418 MS: 1 EraseBytes-
#457488	REDUCE cov: 311 ft: 876 corp: 211/6703b lim: 3522 exec/s: 114372 rss: 144Mb L: 92/1418 MS: 1 EraseBytes-
#457579	REDUCE cov: 311 ft: 876 corp: 211/6702b lim: 3522 exec/s: 114394 rss: 144Mb L: 27/1418 MS: 1 EraseBytes-
#459186	REDUCE cov: 311 ft: 876 corp: 211/6701b lim: 3533 exec/s: 114796 rss: 144Mb L: 22/1418 MS: 2 ChangeBit-EraseBytes-
#460072	REDUCE cov: 311 ft: 876 corp: 211/6700b lim: 3533 exec/s: 115018 rss: 144Mb L: 26/1418 MS: 1 EraseBytes-
#461672	REDUCE cov: 311 ft: 876 corp: 211/6698b lim: 3544 exec/s: 115418 rss: 144Mb L: 26/1418 MS: 5 PersAutoDict-ShuffleBytes-ChangeByte-ChangeASCIIInt-EraseBytes- DE: " %02X"-
#462423	REDUCE cov: 311 ft: 876 corp: 211/6694b lim: 3544 exec/s: 115605 rss: 144Mb L: 74/1418 MS: 1 EraseBytes-
#463954	REDUCE cov: 311 ft: 876 corp: 211/6693b lim: 3555 exec/s: 115988 rss: 144Mb L: 19/1418 MS: 1 EraseBytes-
#468380	REDUCE cov: 311 ft: 876 corp: 211/6686b lim: 3599 exec/s: 117095 rss: 144Mb L: 85/1418 MS: 1 EraseBytes-
#470376	REDUCE cov: 311 ft: 876 corp: 211/6682b lim: 3610 exec/s: 117594 rss: 144Mb L: 28/1418 MS: 1 EraseBytes-
#475332	REDUCE cov: 311 ft: 876 corp: 211/6678b lim: 3654 exec/s: 118833 rss: 144Mb L: 84/1418 MS: 1 EraseBytes-
#478098	REDUCE cov: 311 ft: 876 corp: 211/6675b lim: 3676 exec/s: 119524 rss: 144Mb L: 71/1418 MS: 1 EraseBytes-
#478484	REDUCE cov: 311 ft: 876 corp: 211/6674b lim: 3676 exec/s: 119621 rss: 144Mb L: 21/1418 MS: 1 EraseBytes-
#480195	REDUCE cov: 311 ft: 876 corp: 211/6669b lim: 3687 exec/s: 120048 rss: 144Mb L: 22/1418 MS: 1 EraseBytes-
#481366	REDUCE cov: 311 ft: 876 corp: 211/6668b lim: 3698 exec/s: 120341 rss: 144Mb L: 20/1418 MS: 1 EraseBytes-
#487255	REDUCE cov: 311 ft: 876 corp: 211/6667b lim: 3753 exec/s: 121813 rss: 144Mb L: 18/1418 MS: 4 InsertRepeatedBytes-ChangeBinInt-ChangeBinInt-EraseBytes-
#488217	REDUCE cov: 311 ft: 876 corp: 211/6664b lim: 3753 exec/s: 122054 rss: 144Mb L: 21/1418 MS: 2 ChangeBit-EraseBytes-
#497758	REDUCE cov: 311 ft: 876 corp: 211/6663b lim: 3841 exec/s: 124439 rss: 144Mb L: 22/1418 MS: 1 EraseBytes-
#498249	REDUCE cov: 311 ft: 876 corp: 211/6658b lim: 3841 exec/s: 124562 rss: 144Mb L: 88/1418 MS: 1 EraseBytes-
#498275	REDUCE cov: 311 ft: 876 corp: 211/6657b lim: 3841 exec/s: 124568 rss: 144Mb L: 19/1418 MS: 1 EraseBytes-
#502846	REDUCE cov: 311 ft: 876 corp: 211/6655b lim: 3885 exec/s: 125711 rss: 144Mb L: 82/1418 MS: 1 EraseBytes-
#507412	REDUCE cov: 311 ft: 876 corp: 211/6652b lim: 3929 exec/s: 126853 rss: 144Mb L: 25/1418 MS: 1 EraseBytes-
#510308	REDUCE cov: 311 ft: 876 corp: 211/6651b lim: 3951 exec/s: 127577 rss: 144Mb L: 21/1418 MS: 1 EraseBytes-
#517199	REDUCE cov: 311 ft: 876 corp: 211/6650b lim: 4017 exec/s: 129299 rss: 144Mb L: 31/1418 MS: 1 EraseBytes-
#520131	REDUCE cov: 311 ft: 876 corp: 211/6648b lim: 4039 exec/s: 130032 rss: 144Mb L: 19/1418 MS: 2 CopyPart-EraseBytes-
#520679	REDUCE cov: 311 ft: 876 corp: 211/6645b lim: 4039 exec/s: 130169 rss: 144Mb L: 36/1418 MS: 3 ShuffleBytes-ShuffleBytes-EraseBytes-
#521865	REDUCE cov: 311 ft: 876 corp: 211/6644b lim: 4050 exec/s: 130466 rss: 144Mb L: 51/1418 MS: 1 EraseBytes-
#524288	pulse  cov: 311 ft: 876 corp: 211/6644b lim: 4072 exec/s: 131072 rss: 144Mb
#535242	REDUCE cov: 311 ft: 876 corp: 211/6643b lim: 4177 exec/s: 133810 rss: 144Mb L: 87/1418 MS: 2 CopyPart-EraseBytes-
#539133	REDUCE cov: 311 ft: 876 corp: 211/6641b lim: 4213 exec/s: 134783 rss: 144Mb L: 24/1418 MS: 1 EraseBytes-
#539434	REDUCE cov: 311 ft: 876 corp: 211/6640b lim: 4213 exec/s: 134858 rss: 144Mb L: 9/1418 MS: 1 EraseBytes-
#547065	REDUCE cov: 311 ft: 876 corp: 211/6638b lim: 4285 exec/s: 136766 rss: 144Mb L: 22/1418 MS: 1 EraseBytes-
#551991	REDUCE cov: 311 ft: 880 corp: 212/6658b lim: 4333 exec/s: 137997 rss: 144Mb L: 20/1418 MS: 1 ChangeBit-
#552532	REDUCE cov: 311 ft: 880 corp: 212/6657b lim: 4333 exec/s: 138133 rss: 144Mb L: 18/1418 MS: 1 EraseBytes-
#556173	REDUCE cov: 311 ft: 880 corp: 212/6648b lim: 4369 exec/s: 139043 rss: 144Mb L: 78/1418 MS: 1 EraseBytes-
#557099	REDUCE cov: 311 ft: 880 corp: 212/6642b lim: 4369 exec/s: 139274 rss: 144Mb L: 19/1418 MS: 1 EraseBytes-
#559315	REDUCE cov: 311 ft: 880 corp: 212/6639b lim: 4381 exec/s: 139828 rss: 144Mb L: 29/1418 MS: 1 EraseBytes-
#565146	REDUCE cov: 311 ft: 880 corp: 212/6634b lim: 4429 exec/s: 141286 rss: 144Mb L: 80/1418 MS: 1 EraseBytes-
#569407	REDUCE cov: 311 ft: 884 corp: 213/6680b lim: 4465 exec/s: 142351 rss: 144Mb L: 46/1418 MS: 1 CrossOver-
#577749	REDUCE cov: 311 ft: 884 corp: 213/6671b lim: 4537 exec/s: 115549 rss: 144Mb L: 37/1418 MS: 2 ChangeByte-EraseBytes-
#592470	REDUCE cov: 311 ft: 884 corp: 213/6669b lim: 4681 exec/s: 118494 rss: 144Mb L: 26/1418 MS: 1 EraseBytes-
#593461	REDUCE cov: 311 ft: 884 corp: 213/6667b lim: 4681 exec/s: 118692 rss: 144Mb L: 78/1418 MS: 1 EraseBytes-
#597802	REDUCE cov: 311 ft: 884 corp: 213/6664b lim: 4717 exec/s: 119560 rss: 145Mb L: 20/1418 MS: 1 EraseBytes-
#599033	REDUCE cov: 311 ft: 884 corp: 213/6663b lim: 4729 exec/s: 119806 rss: 145Mb L: 21/1418 MS: 1 EraseBytes-
#602426	REDUCE cov: 311 ft: 884 corp: 213/6662b lim: 4753 exec/s: 120485 rss: 145Mb L: 19/1418 MS: 3 ChangeBit-EraseBytes-ChangeBinInt-
#610060	REDUCE cov: 311 ft: 885 corp: 214/6880b lim: 4825 exec/s: 122012 rss: 145Mb L: 218/1418 MS: 4 CrossOver-ShuffleBytes-ManualDict-CopyPart- DE: "attaching dictionary into context"-
#610161	REDUCE cov: 311 ft: 885 corp: 214/6858b lim: 4825 exec/s: 122032 rss: 145Mb L: 196/1418 MS: 1 EraseBytes-
#610808	REDUCE cov: 311 ft: 885 corp: 214/6791b lim: 4825 exec/s: 122161 rss: 145Mb L: 129/1418 MS: 2 ChangeBit-EraseBytes-
#611901	REDUCE cov: 311 ft: 885 corp: 214/6782b lim: 4825 exec/s: 122380 rss: 145Mb L: 120/1418 MS: 3 ManualDict-EraseBytes-EraseBytes- DE: "ZSTD_d_stableOutBuffer enabled but output differs!"-
#612197	REDUCE cov: 311 ft: 885 corp: 214/6748b lim: 4825 exec/s: 122439 rss: 145Mb L: 86/1418 MS: 1 EraseBytes-
#613068	REDUCE cov: 311 ft: 885 corp: 214/6745b lim: 4825 exec/s: 122613 rss: 145Mb L: 79/1418 MS: 1 EraseBytes-
#614094	REDUCE cov: 311 ft: 885 corp: 214/6743b lim: 4825 exec/s: 122818 rss: 145Mb L: 16/1418 MS: 1 EraseBytes-
#617525	REDUCE cov: 311 ft: 885 corp: 214/6742b lim: 4849 exec/s: 123505 rss: 145Mb L: 22/1418 MS: 1 EraseBytes-
#618036	REDUCE cov: 311 ft: 885 corp: 214/6741b lim: 4849 exec/s: 123607 rss: 145Mb L: 15/1418 MS: 1 EraseBytes-
#619837	REDUCE cov: 311 ft: 885 corp: 214/6739b lim: 4861 exec/s: 123967 rss: 145Mb L: 18/1418 MS: 1 EraseBytes-
#620508	REDUCE cov: 311 ft: 885 corp: 214/6712b lim: 4861 exec/s: 124101 rss: 145Mb L: 59/1418 MS: 1 EraseBytes-
#635815	REDUCE cov: 311 ft: 886 corp: 215/6811b lim: 5005 exec/s: 127163 rss: 145Mb L: 99/1418 MS: 2 CrossOver-CopyPart-
#638611	REDUCE cov: 311 ft: 886 corp: 215/6810b lim: 5029 exec/s: 127722 rss: 145Mb L: 21/1418 MS: 1 EraseBytes-
#638863	REDUCE cov: 311 ft: 886 corp: 215/6798b lim: 5029 exec/s: 127772 rss: 145Mb L: 87/1418 MS: 2 PersAutoDict-EraseBytes- DE: "\005\000\000\000\000\000\000\000"-
#639054	REDUCE cov: 311 ft: 886 corp: 215/6795b lim: 5029 exec/s: 127810 rss: 145Mb L: 21/1418 MS: 1 EraseBytes-
#640129	REDUCE cov: 311 ft: 886 corp: 215/6794b lim: 5029 exec/s: 128025 rss: 145Mb L: 36/1418 MS: 5 ChangeBinInt-EraseBytes-ManualDict-InsertByte-CrossOver- DE: "content-only"-
#648650	REDUCE cov: 311 ft: 886 corp: 215/6784b lim: 5113 exec/s: 129730 rss: 145Mb L: 77/1418 MS: 1 EraseBytes-
#653386	REDUCE cov: 311 ft: 886 corp: 215/6783b lim: 5149 exec/s: 130677 rss: 145Mb L: 29/1418 MS: 1 EraseBytes-
#654337	REDUCE cov: 311 ft: 886 corp: 215/6782b lim: 5149 exec/s: 130867 rss: 145Mb L: 80/1418 MS: 1 EraseBytes-
#655808	REDUCE cov: 311 ft: 886 corp: 215/6781b lim: 5161 exec/s: 131161 rss: 145Mb L: 22/1418 MS: 1 EraseBytes-
#661939	REDUCE cov: 311 ft: 886 corp: 215/6780b lim: 5221 exec/s: 132387 rss: 145Mb L: 21/1418 MS: 1 EraseBytes-
#666290	REDUCE cov: 311 ft: 886 corp: 215/6768b lim: 5257 exec/s: 133258 rss: 145Mb L: 65/1418 MS: 1 EraseBytes-
#666577	REDUCE cov: 311 ft: 886 corp: 215/6763b lim: 5257 exec/s: 133315 rss: 145Mb L: 60/1418 MS: 2 CopyPart-EraseBytes-
#666793	REDUCE cov: 311 ft: 890 corp: 216/6829b lim: 5257 exec/s: 133358 rss: 145Mb L: 66/1418 MS: 1 CopyPart-
#667564	REDUCE cov: 311 ft: 890 corp: 216/6823b lim: 5257 exec/s: 133512 rss: 145Mb L: 60/1418 MS: 1 EraseBytes-
#667615	REDUCE cov: 311 ft: 890 corp: 216/6818b lim: 5257 exec/s: 133523 rss: 145Mb L: 55/1418 MS: 1 EraseBytes-
#674643	REDUCE cov: 311 ft: 890 corp: 216/6812b lim: 5317 exec/s: 134928 rss: 145Mb L: 54/1418 MS: 3 ShuffleBytes-ChangeBit-EraseBytes-
#686519	REDUCE cov: 311 ft: 890 corp: 216/6809b lim: 5425 exec/s: 137303 rss: 145Mb L: 18/1418 MS: 1 EraseBytes-
#695590	REDUCE cov: 311 ft: 890 corp: 216/6808b lim: 5509 exec/s: 139118 rss: 145Mb L: 21/1418 MS: 1 EraseBytes-
#699953	REDUCE cov: 311 ft: 890 corp: 216/6807b lim: 5545 exec/s: 139990 rss: 145Mb L: 22/1418 MS: 3 ShuffleBytes-CopyPart-EraseBytes-
#704130	REDUCE cov: 311 ft: 890 corp: 216/6805b lim: 5581 exec/s: 140826 rss: 145Mb L: 16/1418 MS: 2 CopyPart-EraseBytes-
#704236	REDUCE cov: 311 ft: 890 corp: 216/6804b lim: 5581 exec/s: 140847 rss: 145Mb L: 15/1418 MS: 1 EraseBytes-
#723542	REDUCE cov: 311 ft: 890 corp: 216/6803b lim: 5773 exec/s: 144708 rss: 146Mb L: 21/1418 MS: 1 EraseBytes-
#734808	REDUCE cov: 311 ft: 890 corp: 216/6801b lim: 5881 exec/s: 122468 rss: 146Mb L: 53/1418 MS: 1 EraseBytes-
#743539	REDUCE cov: 311 ft: 890 corp: 216/6780b lim: 5965 exec/s: 123923 rss: 146Mb L: 38/1418 MS: 1 EraseBytes-
#743580	REDUCE cov: 311 ft: 890 corp: 216/6778b lim: 5965 exec/s: 123930 rss: 146Mb L: 24/1418 MS: 1 EraseBytes-
#751226	REDUCE cov: 311 ft: 890 corp: 216/6777b lim: 6037 exec/s: 125204 rss: 146Mb L: 26/1418 MS: 1 EraseBytes-
#755190	REDUCE cov: 311 ft: 890 corp: 216/6775b lim: 6073 exec/s: 125865 rss: 146Mb L: 27/1418 MS: 4 EraseBytes-ChangeBinInt-InsertRepeatedBytes-InsertByte-
#762992	REDUCE cov: 311 ft: 890 corp: 216/6774b lim: 6145 exec/s: 127165 rss: 146Mb L: 56/1418 MS: 2 PersAutoDict-EraseBytes- DE: "Freeing ddict hash set"-
#766938	REDUCE cov: 311 ft: 890 corp: 216/6772b lim: 6181 exec/s: 127823 rss: 146Mb L: 36/1418 MS: 1 EraseBytes-
#769554	REDUCE cov: 311 ft: 890 corp: 216/6767b lim: 6205 exec/s: 128259 rss: 146Mb L: 30/1418 MS: 1 EraseBytes-
#777135	REDUCE cov: 311 ft: 890 corp: 216/6766b lim: 6277 exec/s: 129522 rss: 146Mb L: 18/1418 MS: 1 EraseBytes-
#787281	REDUCE cov: 311 ft: 890 corp: 216/6765b lim: 6373 exec/s: 131213 rss: 146Mb L: 20/1418 MS: 1 EraseBytes-
#793992	REDUCE cov: 311 ft: 890 corp: 216/6764b lim: 6433 exec/s: 132332 rss: 146Mb L: 21/1418 MS: 1 EraseBytes-
#801473	REDUCE cov: 311 ft: 890 corp: 216/6763b lim: 6505 exec/s: 133578 rss: 146Mb L: 79/1418 MS: 1 EraseBytes-
#803464	REDUCE cov: 311 ft: 890 corp: 216/6760b lim: 6517 exec/s: 133910 rss: 146Mb L: 50/1418 MS: 1 EraseBytes-
#807905	REDUCE cov: 311 ft: 890 corp: 216/6759b lim: 6553 exec/s: 134650 rss: 146Mb L: 55/1418 MS: 1 EraseBytes-
#814466	REDUCE cov: 311 ft: 890 corp: 216/6756b lim: 6613 exec/s: 135744 rss: 146Mb L: 35/1418 MS: 1 EraseBytes-
#830613	REDUCE cov: 311 ft: 890 corp: 216/6755b lim: 6769 exec/s: 138435 rss: 146Mb L: 12/1418 MS: 2 ChangeBinInt-EraseBytes-
#840917	REDUCE cov: 311 ft: 893 corp: 217/6834b lim: 6865 exec/s: 140152 rss: 146Mb L: 79/1418 MS: 4 InsertRepeatedBytes-ChangeBinInt-CMP-CopyPart- DE: "'\000"-
#842864	REDUCE cov: 311 ft: 893 corp: 217/6819b lim: 6877 exec/s: 140477 rss: 146Mb L: 64/1418 MS: 2 InsertByte-EraseBytes-
#846970	REDUCE cov: 311 ft: 893 corp: 217/6816b lim: 6913 exec/s: 141161 rss: 146Mb L: 61/1418 MS: 1 EraseBytes-
#847981	REDUCE cov: 311 ft: 893 corp: 217/6804b lim: 6913 exec/s: 141330 rss: 146Mb L: 49/1418 MS: 1 EraseBytes-
#856170	REDUCE cov: 311 ft: 893 corp: 217/6800b lim: 6985 exec/s: 142695 rss: 146Mb L: 45/1418 MS: 4 InsertByte-InsertRepeatedBytes-ChangeByte-EraseBytes-
#861077	REDUCE cov: 311 ft: 893 corp: 217/6798b lim: 7033 exec/s: 143512 rss: 146Mb L: 33/1418 MS: 2 InsertRepeatedBytes-EraseBytes-
#861123	REDUCE cov: 311 ft: 893 corp: 217/6797b lim: 7033 exec/s: 143520 rss: 146Mb L: 11/1418 MS: 1 EraseBytes-
#866106	REDUCE cov: 311 ft: 893 corp: 217/6793b lim: 7081 exec/s: 144351 rss: 146Mb L: 41/1418 MS: 3 ChangeBinInt-ChangeBinInt-EraseBytes-
#868193	REDUCE cov: 311 ft: 893 corp: 217/6791b lim: 7093 exec/s: 144698 rss: 146Mb L: 39/1418 MS: 2 ChangeBinInt-EraseBytes-
#874464	REDUCE cov: 311 ft: 893 corp: 217/6783b lim: 7153 exec/s: 145744 rss: 146Mb L: 31/1418 MS: 1 EraseBytes-
#876960	REDUCE cov: 311 ft: 893 corp: 217/6781b lim: 7177 exec/s: 146160 rss: 146Mb L: 24/1418 MS: 1 EraseBytes-
#877961	REDUCE cov: 311 ft: 893 corp: 217/6778b lim: 7177 exec/s: 146326 rss: 146Mb L: 28/1418 MS: 1 EraseBytes-
#879732	REDUCE cov: 311 ft: 893 corp: 217/6777b lim: 7189 exec/s: 146622 rss: 146Mb L: 50/1418 MS: 1 EraseBytes-
#897858	REDUCE cov: 311 ft: 893 corp: 217/6776b lim: 7369 exec/s: 128265 rss: 146Mb L: 20/1418 MS: 1 EraseBytes-
#902879	REDUCE cov: 311 ft: 893 corp: 217/6775b lim: 7417 exec/s: 128982 rss: 146Mb L: 22/1418 MS: 1 EraseBytes-
#910485	REDUCE cov: 311 ft: 893 corp: 217/6766b lim: 7489 exec/s: 130069 rss: 146Mb L: 24/1418 MS: 1 EraseBytes-
#911336	REDUCE cov: 311 ft: 893 corp: 217/6765b lim: 7489 exec/s: 130190 rss: 146Mb L: 18/1418 MS: 1 EraseBytes-
#911517	REDUCE cov: 311 ft: 893 corp: 217/6764b lim: 7489 exec/s: 130216 rss: 146Mb L: 32/1418 MS: 1 EraseBytes-
#920003	REDUCE cov: 311 ft: 893 corp: 217/6762b lim: 7573 exec/s: 131429 rss: 146Mb L: 24/1418 MS: 1 EraseBytes-
#920164	REDUCE cov: 311 ft: 893 corp: 217/6761b lim: 7573 exec/s: 131452 rss: 146Mb L: 20/1418 MS: 1 EraseBytes-
#922889	REDUCE cov: 311 ft: 893 corp: 217/6760b lim: 7597 exec/s: 131841 rss: 146Mb L: 61/1418 MS: 5 CopyPart-ShuffleBytes-ChangeBinInt-ShuffleBytes-EraseBytes-
#937290	REDUCE cov: 311 ft: 893 corp: 217/6757b lim: 7729 exec/s: 133898 rss: 146Mb L: 23/1418 MS: 1 EraseBytes-
#939122	REDUCE cov: 311 ft: 893 corp: 217/6756b lim: 7741 exec/s: 134160 rss: 146Mb L: 21/1418 MS: 2 CrossOver-EraseBytes-
#954358	REDUCE cov: 311 ft: 893 corp: 217/6755b lim: 7885 exec/s: 136336 rss: 147Mb L: 78/1418 MS: 1 EraseBytes-
#954874	REDUCE cov: 311 ft: 893 corp: 217/6752b lim: 7885 exec/s: 136410 rss: 147Mb L: 15/1418 MS: 1 EraseBytes-
#960110	REDUCE cov: 311 ft: 893 corp: 217/6750b lim: 7933 exec/s: 137158 rss: 147Mb L: 76/1418 MS: 1 EraseBytes-
#979681	REDUCE cov: 311 ft: 893 corp: 217/6749b lim: 8125 exec/s: 139954 rss: 147Mb L: 16/1418 MS: 1 EraseBytes-
#982108	REDUCE cov: 311 ft: 893 corp: 217/6747b lim: 8149 exec/s: 140301 rss: 147Mb L: 16/1418 MS: 2 EraseBytes-CrossOver-
#992510	REDUCE cov: 311 ft: 893 corp: 217/6745b lim: 8249 exec/s: 141787 rss: 147Mb L: 52/1418 MS: 2 ShuffleBytes-EraseBytes-
#996929	REDUCE cov: 311 ft: 893 corp: 217/6743b lim: 8288 exec/s: 142418 rss: 147Mb L: 26/1418 MS: 4 InsertByte-InsertByte-ShuffleBytes-EraseBytes-
#1021370	REDUCE cov: 311 ft: 893 corp: 217/6742b lim: 8522 exec/s: 145910 rss: 147Mb L: 8/1418 MS: 1 EraseBytes-
#1023926	REDUCE cov: 311 ft: 893 corp: 217/6741b lim: 8535 exec/s: 146275 rss: 147Mb L: 20/1418 MS: 1 EraseBytes-
#1026337	REDUCE cov: 311 ft: 893 corp: 217/6740b lim: 8548 exec/s: 146619 rss: 147Mb L: 20/1418 MS: 1 EraseBytes-
#1032094	REDUCE cov: 311 ft: 893 corp: 217/6739b lim: 8600 exec/s: 129011 rss: 147Mb L: 36/1418 MS: 2 EraseBytes-InsertRepeatedBytes-
#1048576	pulse  cov: 311 ft: 893 corp: 217/6739b lim: 8756 exec/s: 131072 rss: 147Mb
#1050246	REDUCE cov: 311 ft: 893 corp: 217/6736b lim: 8769 exec/s: 131280 rss: 147Mb L: 27/1418 MS: 2 CopyPart-EraseBytes-
#1061577	REDUCE cov: 311 ft: 893 corp: 217/6735b lim: 8873 exec/s: 132697 rss: 147Mb L: 28/1418 MS: 1 EraseBytes-
#1090428	REDUCE cov: 311 ft: 893 corp: 217/6734b lim: 9159 exec/s: 136303 rss: 147Mb L: 23/1418 MS: 1 EraseBytes-
#1098844	REDUCE cov: 311 ft: 893 corp: 217/6733b lim: 9237 exec/s: 137355 rss: 147Mb L: 49/1418 MS: 1 EraseBytes-
#1100860	REDUCE cov: 311 ft: 893 corp: 217/6732b lim: 9250 exec/s: 137607 rss: 147Mb L: 22/1418 MS: 1 EraseBytes-
#1101246	REDUCE cov: 311 ft: 893 corp: 217/6731b lim: 9250 exec/s: 137655 rss: 147Mb L: 21/1418 MS: 1 EraseBytes-
#1108302	REDUCE cov: 311 ft: 893 corp: 217/6730b lim: 9315 exec/s: 138537 rss: 147Mb L: 18/1418 MS: 1 EraseBytes-
#1110523	REDUCE cov: 311 ft: 899 corp: 218/6802b lim: 9328 exec/s: 138815 rss: 147Mb L: 72/1418 MS: 1 CopyPart-
#1111239	REDUCE cov: 311 ft: 899 corp: 218/6801b lim: 9328 exec/s: 138904 rss: 147Mb L: 20/1418 MS: 1 EraseBytes-
#1132380	REDUCE cov: 311 ft: 899 corp: 218/6800b lim: 9536 exec/s: 141547 rss: 147Mb L: 19/1418 MS: 1 EraseBytes-
#1158256	REDUCE cov: 311 ft: 899 corp: 218/6798b lim: 9783 exec/s: 144782 rss: 147Mb L: 47/1418 MS: 1 EraseBytes-
#1159827	REDUCE cov: 311 ft: 899 corp: 218/6797b lim: 9796 exec/s: 144978 rss: 147Mb L: 21/1418 MS: 1 EraseBytes-
#1163419	REDUCE cov: 311 ft: 899 corp: 218/6796b lim: 9822 exec/s: 145427 rss: 147Mb L: 15/1418 MS: 2 CopyPart-EraseBytes-
#1169200	REDUCE cov: 311 ft: 899 corp: 218/6795b lim: 9874 exec/s: 146150 rss: 147Mb L: 27/1418 MS: 1 EraseBytes-
#1190706	REDUCE cov: 311 ft: 899 corp: 218/6794b lim: 10082 exec/s: 132300 rss: 147Mb L: 21/1418 MS: 1 EraseBytes-
#1202447	REDUCE cov: 311 ft: 900 corp: 219/6862b lim: 10186 exec/s: 133605 rss: 147Mb L: 68/1418 MS: 1 CopyPart-
#1214258	REDUCE cov: 311 ft: 900 corp: 219/6861b lim: 10303 exec/s: 134917 rss: 147Mb L: 23/1418 MS: 1 EraseBytes-
#1231804	REDUCE cov: 311 ft: 900 corp: 219/6858b lim: 10472 exec/s: 136867 rss: 148Mb L: 43/1418 MS: 1 EraseBytes-
#1245720	REDUCE cov: 311 ft: 900 corp: 219/6849b lim: 10602 exec/s: 138413 rss: 148Mb L: 43/1418 MS: 1 EraseBytes-
#1252226	REDUCE cov: 311 ft: 900 corp: 219/6847b lim: 10654 exec/s: 139136 rss: 148Mb L: 20/1418 MS: 1 EraseBytes-
#1255877	REDUCE cov: 311 ft: 900 corp: 219/6841b lim: 10680 exec/s: 139541 rss: 148Mb L: 62/1418 MS: 1 EraseBytes-
#1275678	REDUCE cov: 311 ft: 900 corp: 219/6840b lim: 10875 exec/s: 141742 rss: 148Mb L: 25/1418 MS: 1 EraseBytes-
#1298714	REDUCE cov: 311 ft: 900 corp: 219/6839b lim: 11096 exec/s: 144301 rss: 148Mb L: 46/1418 MS: 1 EraseBytes-
#1334285	REDUCE cov: 311 ft: 900 corp: 219/6838b lim: 11447 exec/s: 148253 rss: 148Mb L: 42/1418 MS: 1 EraseBytes-
#1347286	REDUCE cov: 311 ft: 900 corp: 219/6837b lim: 11564 exec/s: 134728 rss: 148Mb L: 12/1418 MS: 1 EraseBytes-
	NEW_FUNC[1/1]: 0xaaaac843bb00 in FSE_buildDTable_internal /b/zstd/lib/common/fse_decompress.c:59
#1366304	NEW    cov: 333 ft: 922 corp: 220/6857b lim: 11746 exec/s: 136630 rss: 148Mb L: 20/1418 MS: 3 CrossOver-EraseBytes-CMP- DE: "\001\003"-
	NEW_FUNC[1/3]: 0xaaaac844101c in FSE_initDState /b/zstd/lib/common/fse.h:527
	NEW_FUNC[2/3]: 0xaaaac8604eac in HUF_decompress1X1_usingDTable_internal /b/zstd/lib/decompress/huf_decompress.c:895
#1366726	NEW    cov: 387 ft: 976 corp: 221/6903b lim: 11746 exec/s: 136672 rss: 148Mb L: 46/1418 MS: 2 CopyPart-ManualDict- DE: "ZSTD_copyCCtx_internal"-
#1366757	NEW    cov: 387 ft: 981 corp: 222/6931b lim: 11746 exec/s: 136675 rss: 148Mb L: 28/1418 MS: 1 PersAutoDict- DE: "T\000\000\000\000\000\000\000"-
#1366949	NEW    cov: 388 ft: 982 corp: 223/7038b lim: 11746 exec/s: 136694 rss: 148Mb L: 107/1418 MS: 2 CrossOver-ManualDict- DE: "invalid buffers"-
#1367210	NEW    cov: 399 ft: 996 corp: 224/7084b lim: 11746 exec/s: 136721 rss: 148Mb L: 46/1418 MS: 1 ChangeByte-
#1367366	REDUCE cov: 399 ft: 996 corp: 224/7060b lim: 11746 exec/s: 136736 rss: 148Mb L: 83/1418 MS: 1 EraseBytes-
#1367494	REDUCE cov: 399 ft: 996 corp: 224/7023b lim: 11746 exec/s: 136749 rss: 148Mb L: 46/1418 MS: 3 ShuffleBytes-ChangeByte-EraseBytes-
#1367730	REDUCE cov: 399 ft: 996 corp: 224/7008b lim: 11746 exec/s: 136773 rss: 149Mb L: 31/1418 MS: 1 EraseBytes-
#1367767	REDUCE cov: 399 ft: 996 corp: 224/7003b lim: 11746 exec/s: 136776 rss: 149Mb L: 23/1418 MS: 2 ChangeByte-EraseBytes-
#1367863	NEW    cov: 400 ft: 997 corp: 225/7049b lim: 11746 exec/s: 136786 rss: 149Mb L: 46/1418 MS: 1 ChangeByte-
#1368169	REDUCE cov: 400 ft: 1001 corp: 226/7095b lim: 11746 exec/s: 136816 rss: 149Mb L: 46/1418 MS: 1 CopyPart-
#1368665	REDUCE cov: 400 ft: 1002 corp: 227/7118b lim: 11746 exec/s: 136866 rss: 149Mb L: 23/1418 MS: 1 PersAutoDict- DE: "O*M\030"-
#1368712	REDUCE cov: 400 ft: 1002 corp: 227/7112b lim: 11746 exec/s: 136871 rss: 149Mb L: 40/1418 MS: 2 InsertRepeatedBytes-EraseBytes-
#1369133	REDUCE cov: 400 ft: 1002 corp: 227/7107b lim: 11746 exec/s: 136913 rss: 149Mb L: 41/1418 MS: 1 EraseBytes-
#1369150	REDUCE cov: 400 ft: 1002 corp: 227/7104b lim: 11746 exec/s: 136915 rss: 149Mb L: 20/1418 MS: 2 ChangeByte-EraseBytes-
#1369271	NEW    cov: 401 ft: 1007 corp: 228/7150b lim: 11746 exec/s: 136927 rss: 149Mb L: 46/1418 MS: 1 ShuffleBytes-
#1369327	REDUCE cov: 401 ft: 1007 corp: 228/7142b lim: 11746 exec/s: 136932 rss: 149Mb L: 33/1418 MS: 1 EraseBytes-
#1369363	REDUCE cov: 401 ft: 1007 corp: 228/7132b lim: 11746 exec/s: 136936 rss: 149Mb L: 30/1418 MS: 1 EraseBytes-
#1369630	REDUCE cov: 401 ft: 1008 corp: 229/7166b lim: 11746 exec/s: 136963 rss: 149Mb L: 34/1418 MS: 2 InsertByte-ChangeBit-
#1369882	REDUCE cov: 401 ft: 1008 corp: 229/7148b lim: 11746 exec/s: 136988 rss: 149Mb L: 28/1418 MS: 2 ShuffleBytes-EraseBytes-
#1370253	REDUCE cov: 401 ft: 1008 corp: 229/7140b lim: 11746 exec/s: 137025 rss: 149Mb L: 38/1418 MS: 1 EraseBytes-
#1370270	REDUCE cov: 401 ft: 1008 corp: 229/7134b lim: 11746 exec/s: 137027 rss: 149Mb L: 25/1418 MS: 2 InsertByte-EraseBytes-
#1370406	REDUCE cov: 401 ft: 1008 corp: 229/7133b lim: 11746 exec/s: 137040 rss: 149Mb L: 29/1418 MS: 1 EraseBytes-
#1370699	REDUCE cov: 405 ft: 1015 corp: 230/7310b lim: 11746 exec/s: 137069 rss: 149Mb L: 177/1418 MS: 3 InsertRepeatedBytes-ShuffleBytes-CrossOver-
#1371331	REDUCE cov: 405 ft: 1015 corp: 230/7307b lim: 11746 exec/s: 137133 rss: 149Mb L: 26/1418 MS: 2 CrossOver-EraseBytes-
#1371469	NEW    cov: 405 ft: 1019 corp: 231/7354b lim: 11746 exec/s: 137146 rss: 149Mb L: 47/1418 MS: 3 ChangeBinInt-InsertByte-ChangeBinInt-
#1371630	NEW    cov: 405 ft: 1020 corp: 232/7374b lim: 11746 exec/s: 137163 rss: 149Mb L: 20/1418 MS: 1 CrossOver-
#1371634	REDUCE cov: 405 ft: 1020 corp: 232/7311b lim: 11746 exec/s: 137163 rss: 149Mb L: 114/1418 MS: 4 PersAutoDict-ChangeBinInt-ChangeBinInt-EraseBytes- DE: "\000R"-
#1371656	REDUCE cov: 405 ft: 1020 corp: 232/7306b lim: 11746 exec/s: 137165 rss: 149Mb L: 29/1418 MS: 2 CMP-EraseBytes- DE: "\005\000\000\000\000\000\000\000"-
#1371687	REDUCE cov: 405 ft: 1020 corp: 232/7303b lim: 11746 exec/s: 137168 rss: 149Mb L: 22/1418 MS: 1 EraseBytes-
#1371848	REDUCE cov: 405 ft: 1020 corp: 232/7300b lim: 11746 exec/s: 137184 rss: 149Mb L: 23/1418 MS: 1 EraseBytes-
#1371977	REDUCE cov: 405 ft: 1024 corp: 233/7399b lim: 11746 exec/s: 137197 rss: 149Mb L: 99/1418 MS: 4 ManualDict-CopyPart-ChangeBinInt-InsertByte- DE: "But this is _much_ less likely than a srcSize field error."-
#1372039	NEW    cov: 405 ft: 1029 corp: 234/7599b lim: 11746 exec/s: 137203 rss: 149Mb L: 200/1418 MS: 2 ShuffleBytes-InsertRepeatedBytes-
#1372076	REDUCE cov: 405 ft: 1029 corp: 234/7592b lim: 11746 exec/s: 137207 rss: 149Mb L: 26/1418 MS: 2 CopyPart-EraseBytes-
#1372177	REDUCE cov: 405 ft: 1029 corp: 234/7589b lim: 11746 exec/s: 137217 rss: 149Mb L: 96/1418 MS: 1 EraseBytes-
#1372678	REDUCE cov: 405 ft: 1029 corp: 234/7575b lim: 11746 exec/s: 137267 rss: 150Mb L: 24/1418 MS: 1 EraseBytes-
#1372794	REDUCE cov: 405 ft: 1029 corp: 234/7518b lim: 11746 exec/s: 137279 rss: 150Mb L: 57/1418 MS: 1 EraseBytes-
#1372820	REDUCE cov: 405 ft: 1031 corp: 235/7544b lim: 11746 exec/s: 137282 rss: 150Mb L: 26/1418 MS: 1 ChangeBinInt-
#1372926	REDUCE cov: 410 ft: 1036 corp: 236/7566b lim: 11746 exec/s: 137292 rss: 150Mb L: 22/1418 MS: 1 ShuffleBytes-
#1372964	NEW    cov: 410 ft: 1037 corp: 237/7592b lim: 11746 exec/s: 137296 rss: 150Mb L: 26/1418 MS: 3 ShuffleBytes-ShuffleBytes-ShuffleBytes-
#1373057	REDUCE cov: 410 ft: 1037 corp: 237/7588b lim: 11746 exec/s: 137305 rss: 150Mb L: 53/1418 MS: 3 ChangeBinInt-ChangeBinInt-EraseBytes-
#1373108	REDUCE cov: 410 ft: 1037 corp: 237/7580b lim: 11746 exec/s: 137310 rss: 150Mb L: 38/1418 MS: 1 EraseBytes-
#1373215	NEW    cov: 410 ft: 1038 corp: 238/7601b lim: 11746 exec/s: 137321 rss: 150Mb L: 21/1418 MS: 2 CopyPart-EraseBytes-
#1373271	REDUCE cov: 410 ft: 1038 corp: 238/7593b lim: 11746 exec/s: 137327 rss: 150Mb L: 21/1418 MS: 1 EraseBytes-
#1373361	REDUCE cov: 411 ft: 1039 corp: 239/7622b lim: 11746 exec/s: 137336 rss: 150Mb L: 29/1418 MS: 5 ChangeBit-ChangeBit-CopyPart-InsertByte-ChangeBinInt-
#1373509	REDUCE cov: 411 ft: 1039 corp: 239/7617b lim: 11746 exec/s: 137350 rss: 150Mb L: 91/1418 MS: 3 ShuffleBytes-CrossOver-EraseBytes-
#1373775	REDUCE cov: 415 ft: 1043 corp: 240/7645b lim: 11746 exec/s: 137377 rss: 150Mb L: 28/1418 MS: 1 ChangeBit-
#1373930	REDUCE cov: 415 ft: 1043 corp: 240/7623b lim: 11746 exec/s: 137393 rss: 150Mb L: 178/1418 MS: 5 CrossOver-CrossOver-ManualDict-PersAutoDict-EraseBytes- DE: "happening right at the place where we expect zstd magic bytes. "-"invalid buffers"-
#1374465	REDUCE cov: 415 ft: 1043 corp: 240/7587b lim: 11746 exec/s: 137446 rss: 150Mb L: 142/1418 MS: 5 PersAutoDict-ChangeByte-CMP-ChangeByte-EraseBytes- DE: "Context should be init first"-"\377\377\377\377\377\377\377\011"-
#1374546	REDUCE cov: 415 ft: 1043 corp: 240/7580b lim: 11746 exec/s: 137454 rss: 150Mb L: 21/1418 MS: 1 EraseBytes-
#1374568	REDUCE cov: 415 ft: 1043 corp: 240/7574b lim: 11746 exec/s: 137456 rss: 150Mb L: 85/1418 MS: 2 ShuffleBytes-EraseBytes-
#1374904	REDUCE cov: 415 ft: 1043 corp: 240/7572b lim: 11746 exec/s: 137490 rss: 150Mb L: 83/1418 MS: 1 EraseBytes-
#1374931	NEW    cov: 415 ft: 1045 corp: 241/7598b lim: 11746 exec/s: 137493 rss: 150Mb L: 26/1418 MS: 2 ChangeBit-ChangeBit-
#1375062	REDUCE cov: 415 ft: 1045 corp: 241/7570b lim: 11746 exec/s: 137506 rss: 150Mb L: 55/1418 MS: 1 EraseBytes-
#1375243	REDUCE cov: 415 ft: 1045 corp: 241/7569b lim: 11746 exec/s: 137524 rss: 150Mb L: 20/1418 MS: 1 EraseBytes-
#1375294	REDUCE cov: 415 ft: 1045 corp: 241/7551b lim: 11746 exec/s: 137529 rss: 150Mb L: 37/1418 MS: 1 EraseBytes-
#1375798	REDUCE cov: 415 ft: 1045 corp: 241/7543b lim: 11746 exec/s: 137579 rss: 150Mb L: 29/1418 MS: 4 CrossOver-ChangeByte-ChangeBinInt-EraseBytes-
#1376114	REDUCE cov: 415 ft: 1045 corp: 241/7540b lim: 11746 exec/s: 137611 rss: 150Mb L: 26/1418 MS: 1 EraseBytes-
#1376667	REDUCE cov: 415 ft: 1045 corp: 241/7537b lim: 11746 exec/s: 137666 rss: 150Mb L: 35/1418 MS: 3 ChangeByte-ShuffleBytes-EraseBytes-
#1376790	REDUCE cov: 415 ft: 1045 corp: 241/7497b lim: 11746 exec/s: 137679 rss: 150Mb L: 102/1418 MS: 3 InsertRepeatedBytes-ChangeBinInt-EraseBytes-
#1377076	REDUCE cov: 415 ft: 1045 corp: 241/7490b lim: 11746 exec/s: 137707 rss: 150Mb L: 40/1418 MS: 1 EraseBytes-
#1377152	REDUCE cov: 415 ft: 1045 corp: 241/7484b lim: 11746 exec/s: 137715 rss: 150Mb L: 22/1418 MS: 1 EraseBytes-
#1377198	REDUCE cov: 415 ft: 1045 corp: 241/7453b lim: 11746 exec/s: 137719 rss: 150Mb L: 71/1418 MS: 1 EraseBytes-
#1377434	REDUCE cov: 415 ft: 1045 corp: 241/7419b lim: 11746 exec/s: 137743 rss: 150Mb L: 37/1418 MS: 1 EraseBytes-
#1377456	REDUCE cov: 415 ft: 1045 corp: 241/7418b lim: 11746 exec/s: 137745 rss: 150Mb L: 23/1418 MS: 2 ChangeBit-EraseBytes-
#1377622	NEW    cov: 416 ft: 1046 corp: 242/7440b lim: 11746 exec/s: 137762 rss: 150Mb L: 22/1418 MS: 1 ChangeByte-
#1377823	REDUCE cov: 416 ft: 1047 corp: 243/7466b lim: 11746 exec/s: 137782 rss: 150Mb L: 26/1418 MS: 1 ChangeBinInt-
#1378114	REDUCE cov: 416 ft: 1048 corp: 244/7489b lim: 11746 exec/s: 137811 rss: 150Mb L: 23/1418 MS: 1 InsertByte-
#1378224	REDUCE cov: 416 ft: 1048 corp: 244/7487b lim: 11746 exec/s: 137822 rss: 150Mb L: 35/1418 MS: 5 EraseBytes-EraseBytes-ShuffleBytes-ChangeByte-CrossOver-
#1378945	REDUCE cov: 416 ft: 1048 corp: 244/7477b lim: 11746 exec/s: 137894 rss: 150Mb L: 25/1418 MS: 1 EraseBytes-
#1379147	REDUCE cov: 416 ft: 1048 corp: 244/7469b lim: 11746 exec/s: 137914 rss: 150Mb L: 32/1418 MS: 2 ChangeBinInt-EraseBytes-
#1379276	REDUCE cov: 416 ft: 1048 corp: 244/7462b lim: 11746 exec/s: 137927 rss: 150Mb L: 46/1418 MS: 4 InsertByte-ChangeBinInt-ChangeASCIIInt-EraseBytes-
#1379492	NEW    cov: 420 ft: 1052 corp: 245/7484b lim: 11746 exec/s: 137949 rss: 150Mb L: 22/1418 MS: 1 CrossOver-
#1379518	REDUCE cov: 420 ft: 1052 corp: 245/7481b lim: 11746 exec/s: 137951 rss: 150Mb L: 20/1418 MS: 1 EraseBytes-
#1379535	REDUCE cov: 420 ft: 1053 corp: 246/7516b lim: 11746 exec/s: 137953 rss: 150Mb L: 35/1418 MS: 2 ShuffleBytes-ChangeByte-
#1379781	REDUCE cov: 420 ft: 1053 corp: 246/7511b lim: 11746 exec/s: 137978 rss: 150Mb L: 30/1418 MS: 1 EraseBytes-
#1379914	REDUCE cov: 420 ft: 1054 corp: 247/7608b lim: 11746 exec/s: 137991 rss: 150Mb L: 97/1418 MS: 3 EraseBytes-EraseBytes-InsertRepeatedBytes-
#1380356	REDUCE cov: 420 ft: 1054 corp: 247/7601b lim: 11746 exec/s: 138035 rss: 150Mb L: 23/1418 MS: 2 CopyPart-EraseBytes-
#1380363	REDUCE cov: 420 ft: 1054 corp: 247/7573b lim: 11746 exec/s: 138036 rss: 150Mb L: 69/1418 MS: 2 ChangeBinInt-EraseBytes-
#1380409	REDUCE cov: 423 ft: 1057 corp: 248/7622b lim: 11746 exec/s: 138040 rss: 150Mb L: 49/1418 MS: 1 ManualDict- DE: "be inherited from the cdict)."-
#1380635	REDUCE cov: 423 ft: 1057 corp: 248/7610b lim: 11746 exec/s: 138063 rss: 150Mb L: 57/1418 MS: 1 EraseBytes-
#1381062	REDUCE cov: 423 ft: 1057 corp: 248/7605b lim: 11746 exec/s: 138106 rss: 150Mb L: 21/1418 MS: 2 CrossOver-EraseBytes-
#1381188	REDUCE cov: 423 ft: 1058 corp: 249/7656b lim: 11746 exec/s: 138118 rss: 150Mb L: 51/1418 MS: 1 ManualDict- DE: "not compatible with static DCtx"-
#1381200	REDUCE cov: 423 ft: 1058 corp: 249/7634b lim: 11746 exec/s: 138120 rss: 150Mb L: 27/1418 MS: 2 ShuffleBytes-EraseBytes-
#1381226	REDUCE cov: 423 ft: 1058 corp: 249/7632b lim: 11746 exec/s: 138122 rss: 150Mb L: 21/1418 MS: 1 EraseBytes-
#1382017	REDUCE cov: 424 ft: 1059 corp: 250/7659b lim: 11746 exec/s: 138201 rss: 150Mb L: 27/1418 MS: 1 CrossOver-
#1382558	REDUCE cov: 424 ft: 1059 corp: 250/7637b lim: 11746 exec/s: 138255 rss: 150Mb L: 29/1418 MS: 1 EraseBytes-
#1382989	REDUCE cov: 424 ft: 1059 corp: 250/7628b lim: 11746 exec/s: 138298 rss: 150Mb L: 37/1418 MS: 1 EraseBytes-
#1383051	REDUCE cov: 424 ft: 1059 corp: 250/7624b lim: 11746 exec/s: 138305 rss: 150Mb L: 23/1418 MS: 2 ChangeBit-EraseBytes-
#1383157	REDUCE cov: 424 ft: 1059 corp: 250/7619b lim: 11746 exec/s: 138315 rss: 150Mb L: 21/1418 MS: 1 EraseBytes-
#1383774	REDUCE cov: 424 ft: 1059 corp: 250/7614b lim: 11746 exec/s: 138377 rss: 150Mb L: 21/1418 MS: 2 PersAutoDict-EraseBytes- DE: "\030\000\000\000"-
#1384316	REDUCE cov: 424 ft: 1059 corp: 250/7613b lim: 11746 exec/s: 138431 rss: 150Mb L: 31/1418 MS: 2 InsertByte-EraseBytes-
#1384328	REDUCE cov: 424 ft: 1059 corp: 250/7610b lim: 11746 exec/s: 138432 rss: 150Mb L: 54/1418 MS: 2 ChangeByte-EraseBytes-
#1384609	REDUCE cov: 424 ft: 1059 corp: 250/7609b lim: 11746 exec/s: 138460 rss: 150Mb L: 25/1418 MS: 1 EraseBytes-
#1384800	REDUCE cov: 424 ft: 1059 corp: 250/7606b lim: 11746 exec/s: 138480 rss: 150Mb L: 20/1418 MS: 1 EraseBytes-
#1385291	REDUCE cov: 424 ft: 1059 corp: 250/7603b lim: 11746 exec/s: 138529 rss: 150Mb L: 20/1418 MS: 1 EraseBytes-
#1385809	REDUCE cov: 424 ft: 1059 corp: 250/7593b lim: 11746 exec/s: 138580 rss: 150Mb L: 21/1418 MS: 3 PersAutoDict-CrossOver-EraseBytes- DE: "\000\002"-
#1385900	REDUCE cov: 424 ft: 1059 corp: 250/7587b lim: 11746 exec/s: 138590 rss: 150Mb L: 21/1418 MS: 1 EraseBytes-
#1386081	REDUCE cov: 424 ft: 1059 corp: 250/7579b lim: 11746 exec/s: 138608 rss: 150Mb L: 21/1418 MS: 1 EraseBytes-
#1386848	REDUCE cov: 425 ft: 1060 corp: 251/7640b lim: 11746 exec/s: 138684 rss: 150Mb L: 61/1418 MS: 2 ChangeByte-InsertRepeatedBytes-
#1387064	REDUCE cov: 425 ft: 1060 corp: 251/7630b lim: 11746 exec/s: 138706 rss: 150Mb L: 25/1418 MS: 1 EraseBytes-
#1387106	REDUCE cov: 425 ft: 1060 corp: 251/7629b lim: 11746 exec/s: 138710 rss: 150Mb L: 20/1418 MS: 2 CopyPart-EraseBytes-
#1387968	REDUCE cov: 428 ft: 1069 corp: 252/7654b lim: 11746 exec/s: 138796 rss: 151Mb L: 25/1418 MS: 2 CopyPart-ChangeBit-
#1388124	REDUCE cov: 428 ft: 1069 corp: 252/7636b lim: 11746 exec/s: 138812 rss: 151Mb L: 36/1418 MS: 1 EraseBytes-
#1388230	REDUCE cov: 428 ft: 1069 corp: 252/7634b lim: 11746 exec/s: 138823 rss: 151Mb L: 59/1418 MS: 1 EraseBytes-
#1389216	REDUCE cov: 428 ft: 1069 corp: 252/7631b lim: 11746 exec/s: 138921 rss: 151Mb L: 23/1418 MS: 1 EraseBytes-
#1389247	NEW    cov: 428 ft: 1070 corp: 253/7658b lim: 11746 exec/s: 138924 rss: 151Mb L: 27/1418 MS: 1 PersAutoDict- DE: "\000\002"-
#1389559	REDUCE cov: 428 ft: 1070 corp: 253/7656b lim: 11746 exec/s: 138955 rss: 151Mb L: 24/1418 MS: 2 ManualDict-EraseBytes- DE: "ZSTDMT_getCCtx"-
#1390053	REDUCE cov: 428 ft: 1070 corp: 253/7655b lim: 11746 exec/s: 139005 rss: 151Mb L: 35/1418 MS: 4 ChangeBinInt-PersAutoDict-ChangeBinInt-EraseBytes- DE: "\030\000\000\000"-
#1390125	REDUCE cov: 428 ft: 1070 corp: 253/7648b lim: 11746 exec/s: 139012 rss: 151Mb L: 52/1418 MS: 2 ChangeByte-EraseBytes-
#1390647	REDUCE cov: 428 ft: 1072 corp: 254/7669b lim: 11746 exec/s: 139064 rss: 151Mb L: 21/1418 MS: 2 ChangeBinInt-InsertByte-
#1390703	NEW    cov: 428 ft: 1073 corp: 255/7700b lim: 11746 exec/s: 139070 rss: 151Mb L: 31/1418 MS: 1 CMP- DE: "\001\000\000\036"-
#1391064	REDUCE cov: 428 ft: 1073 corp: 255/7698b lim: 11746 exec/s: 139106 rss: 151Mb L: 23/1418 MS: 1 EraseBytes-
#1391608	REDUCE cov: 428 ft: 1073 corp: 255/7691b lim: 11746 exec/s: 139160 rss: 151Mb L: 45/1418 MS: 4 ChangeByte-InsertByte-CopyPart-EraseBytes-
#1391774	REDUCE cov: 428 ft: 1073 corp: 255/7689b lim: 11746 exec/s: 139177 rss: 151Mb L: 20/1418 MS: 1 EraseBytes-
#1392095	REDUCE cov: 428 ft: 1073 corp: 255/7670b lim: 11746 exec/s: 139209 rss: 151Mb L: 26/1418 MS: 1 EraseBytes-
#1392911	NEW    cov: 428 ft: 1074 corp: 256/7691b lim: 11746 exec/s: 139291 rss: 151Mb L: 21/1418 MS: 1 InsertByte-
#1393312	REDUCE cov: 428 ft: 1074 corp: 256/7690b lim: 11746 exec/s: 139331 rss: 151Mb L: 20/1418 MS: 1 EraseBytes-
#1393531	REDUCE cov: 428 ft: 1074 corp: 256/7680b lim: 11746 exec/s: 139353 rss: 151Mb L: 27/1418 MS: 4 ChangeBinInt-ChangeASCIIInt-ChangeBinInt-EraseBytes-
#1393572	REDUCE cov: 434 ft: 1083 corp: 257/7700b lim: 11746 exec/s: 139357 rss: 151Mb L: 20/1418 MS: 1 ChangeBinInt-
#1393593	NEW    cov: 439 ft: 1090 corp: 258/7741b lim: 11746 exec/s: 139359 rss: 151Mb L: 41/1418 MS: 1 CrossOver-
#1394069	NEW    cov: 439 ft: 1093 corp: 259/7782b lim: 11746 exec/s: 139406 rss: 151Mb L: 41/1418 MS: 1 ChangeByte-
#1394825	NEW    cov: 439 ft: 1094 corp: 260/7802b lim: 11746 exec/s: 139482 rss: 151Mb L: 20/1418 MS: 1 ChangeBit-
#1395077	NEW    cov: 440 ft: 1095 corp: 261/7919b lim: 11746 exec/s: 139507 rss: 151Mb L: 117/1418 MS: 2 ChangeBinInt-InsertRepeatedBytes-
#1395258	NEW    cov: 440 ft: 1096 corp: 262/8056b lim: 11746 exec/s: 139525 rss: 151Mb L: 137/1418 MS: 1 CrossOver-
#1395430	NEW    cov: 440 ft: 1097 corp: 263/8076b lim: 11746 exec/s: 139543 rss: 151Mb L: 20/1418 MS: 2 ChangeByte-ChangeBit-
#1395656	NEW    cov: 448 ft: 1105 corp: 264/8118b lim: 11746 exec/s: 139565 rss: 151Mb L: 42/1418 MS: 1 InsertByte-
#1395949	REDUCE cov: 448 ft: 1105 corp: 264/8101b lim: 11746 exec/s: 139594 rss: 151Mb L: 100/1418 MS: 3 ChangeByte-InsertByte-EraseBytes-
#1395955	REDUCE cov: 448 ft: 1105 corp: 264/8041b lim: 11746 exec/s: 139595 rss: 151Mb L: 77/1418 MS: 1 EraseBytes-
#1395974	NEW    cov: 449 ft: 1109 corp: 265/8132b lim: 11746 exec/s: 139597 rss: 151Mb L: 91/1418 MS: 4 ChangeBinInt-ManualDict-ChangeByte-ChangeByte- DE: "input suspected incompressible : sampling to check"-
#1396176	NEW    cov: 449 ft: 1111 corp: 266/8181b lim: 11746 exec/s: 139617 rss: 151Mb L: 49/1418 MS: 2 PersAutoDict-ShuffleBytes- DE: "\007\000\000\000\000\000\000\000"-
#1396322	NEW    cov: 449 ft: 1115 corp: 267/8201b lim: 11746 exec/s: 139632 rss: 151Mb L: 20/1418 MS: 1 ChangeBit-
#1396568	NEW    cov: 449 ft: 1116 corp: 268/8221b lim: 11746 exec/s: 139656 rss: 151Mb L: 20/1418 MS: 1 ChangeBinInt-
#1396870	REDUCE cov: 449 ft: 1116 corp: 268/8214b lim: 11746 exec/s: 139687 rss: 151Mb L: 93/1418 MS: 2 PersAutoDict-EraseBytes- DE: "\000\002"-
#1396936	NEW    cov: 449 ft: 1117 corp: 269/8242b lim: 11746 exec/s: 139693 rss: 151Mb L: 28/1418 MS: 1 CrossOver-
#1396969	REDUCE cov: 449 ft: 1117 corp: 269/8235b lim: 11746 exec/s: 139696 rss: 151Mb L: 34/1418 MS: 3 ShuffleBytes-InsertByte-EraseBytes-
#1396990	REDUCE cov: 449 ft: 1117 corp: 269/8221b lim: 11746 exec/s: 139699 rss: 151Mb L: 20/1418 MS: 1 EraseBytes-
#1397064	REDUCE cov: 449 ft: 1117 corp: 269/8209b lim: 11746 exec/s: 139706 rss: 151Mb L: 81/1418 MS: 4 CrossOver-CopyPart-ChangeBinInt-EraseBytes-
#1397702	REDUCE cov: 449 ft: 1117 corp: 269/8206b lim: 11746 exec/s: 139770 rss: 152Mb L: 46/1418 MS: 3 CopyPart-CrossOver-EraseBytes-
#1397949	REDUCE cov: 449 ft: 1117 corp: 269/8193b lim: 11746 exec/s: 139794 rss: 152Mb L: 29/1418 MS: 2 InsertByte-EraseBytes-
#1398121	REDUCE cov: 449 ft: 1117 corp: 269/8188b lim: 11746 exec/s: 139812 rss: 152Mb L: 72/1418 MS: 2 CMP-EraseBytes- DE: "\001\000\000\013"-
#1398138	NEW    cov: 449 ft: 1119 corp: 270/8208b lim: 11746 exec/s: 139813 rss: 152Mb L: 20/1418 MS: 2 ChangeBinInt-CopyPart-
#1398359	REDUCE cov: 449 ft: 1119 corp: 270/8189b lim: 11746 exec/s: 139835 rss: 152Mb L: 27/1418 MS: 1 EraseBytes-
#1398427	REDUCE cov: 449 ft: 1119 corp: 270/8186b lim: 11746 exec/s: 139842 rss: 152Mb L: 26/1418 MS: 3 CopyPart-ChangeBit-EraseBytes-
#1398578	REDUCE cov: 449 ft: 1119 corp: 270/8160b lim: 11746 exec/s: 139857 rss: 152Mb L: 65/1418 MS: 1 EraseBytes-
#1398630	REDUCE cov: 449 ft: 1119 corp: 270/8156b lim: 11746 exec/s: 139863 rss: 152Mb L: 61/1418 MS: 2 ChangeBit-EraseBytes-
#1398824	REDUCE cov: 449 ft: 1119 corp: 270/8153b lim: 11746 exec/s: 139882 rss: 152Mb L: 69/1418 MS: 4 InsertByte-ChangeBinInt-ShuffleBytes-EraseBytes-
#1399100	REDUCE cov: 449 ft: 1119 corp: 270/8142b lim: 11746 exec/s: 139910 rss: 152Mb L: 50/1418 MS: 1 EraseBytes-
#1399481	REDUCE cov: 449 ft: 1119 corp: 270/8141b lim: 11746 exec/s: 139948 rss: 152Mb L: 26/1418 MS: 1 EraseBytes-
#1399637	REDUCE cov: 449 ft: 1119 corp: 270/8114b lim: 11746 exec/s: 139963 rss: 152Mb L: 42/1418 MS: 1 EraseBytes-
#1399743	NEW    cov: 450 ft: 1120 corp: 271/8136b lim: 11746 exec/s: 139974 rss: 152Mb L: 22/1418 MS: 1 CMP- DE: "\000\006"-
#1400639	REDUCE cov: 450 ft: 1120 corp: 271/8133b lim: 11746 exec/s: 140063 rss: 152Mb L: 25/1418 MS: 1 EraseBytes-
#1400839	NEW    cov: 450 ft: 1121 corp: 272/8266b lim: 11746 exec/s: 140083 rss: 152Mb L: 133/1418 MS: 5 InsertRepeatedBytes-CrossOver-ManualDict-PersAutoDict-ChangeBinInt- DE: "CCtx pool overflow : free cctx"-"\000\006"-
#1400935	REDUCE cov: 450 ft: 1121 corp: 272/8260b lim: 11746 exec/s: 140093 rss: 152Mb L: 20/1418 MS: 1 EraseBytes-
#1400936	REDUCE cov: 450 ft: 1121 corp: 272/8209b lim: 11746 exec/s: 140093 rss: 152Mb L: 82/1418 MS: 1 EraseBytes-
#1401393	REDUCE cov: 450 ft: 1121 corp: 272/8207b lim: 11746 exec/s: 140139 rss: 152Mb L: 29/1418 MS: 2 CrossOver-EraseBytes-
#1401645	NEW    cov: 450 ft: 1122 corp: 273/8248b lim: 11746 exec/s: 140164 rss: 152Mb L: 41/1418 MS: 2 CopyPart-ChangeBit-
#1402139	REDUCE cov: 450 ft: 1122 corp: 273/8240b lim: 11746 exec/s: 140213 rss: 152Mb L: 27/1418 MS: 4 CMP-CMP-ChangeBit-EraseBytes- DE: "\377\377\377\377\377\377\377\377"-"\000\000\000\036"-
#1402160	REDUCE cov: 450 ft: 1122 corp: 273/8228b lim: 11746 exec/s: 140216 rss: 152Mb L: 70/1418 MS: 1 EraseBytes-
#1402401	REDUCE cov: 450 ft: 1122 corp: 273/8202b lim: 11746 exec/s: 140240 rss: 152Mb L: 44/1418 MS: 1 EraseBytes-
#1402417	REDUCE cov: 450 ft: 1122 corp: 273/8200b lim: 11746 exec/s: 140241 rss: 152Mb L: 23/1418 MS: 1 EraseBytes-
#1402713	REDUCE cov: 450 ft: 1122 corp: 273/8182b lim: 11746 exec/s: 140271 rss: 152Mb L: 24/1418 MS: 1 EraseBytes-
#1402920	REDUCE cov: 450 ft: 1122 corp: 273/8172b lim: 11746 exec/s: 140292 rss: 152Mb L: 71/1418 MS: 2 CrossOver-EraseBytes-
#1403002	REDUCE cov: 450 ft: 1122 corp: 273/8162b lim: 11746 exec/s: 140300 rss: 152Mb L: 61/1418 MS: 2 ChangeBinInt-EraseBytes-
#1403163	REDUCE cov: 450 ft: 1122 corp: 273/8160b lim: 11746 exec/s: 140316 rss: 152Mb L: 42/1418 MS: 1 EraseBytes-
#1403774	REDUCE cov: 450 ft: 1122 corp: 273/8151b lim: 11746 exec/s: 140377 rss: 152Mb L: 41/1418 MS: 1 EraseBytes-
#1404095	REDUCE cov: 450 ft: 1122 corp: 273/8144b lim: 11746 exec/s: 140409 rss: 152Mb L: 22/1418 MS: 1 EraseBytes-
#1404141	REDUCE cov: 450 ft: 1122 corp: 273/8143b lim: 11746 exec/s: 140414 rss: 152Mb L: 21/1418 MS: 1 EraseBytes-
#1404374	REDUCE cov: 450 ft: 1122 corp: 273/8131b lim: 11746 exec/s: 140437 rss: 152Mb L: 30/1418 MS: 3 CMP-ChangeByte-EraseBytes- DE: "\000\000\001\000\000\000\000\000"-
#1404644	REDUCE cov: 450 ft: 1122 corp: 273/8117b lim: 11746 exec/s: 140464 rss: 152Mb L: 27/1418 MS: 5 ShuffleBytes-InsertRepeatedBytes-ChangeBit-ChangeByte-EraseBytes-
#1404955	REDUCE cov: 450 ft: 1122 corp: 273/8115b lim: 11746 exec/s: 140495 rss: 152Mb L: 24/1418 MS: 1 EraseBytes-
#1405116	NEW    cov: 453 ft: 1125 corp: 274/8145b lim: 11746 exec/s: 140511 rss: 152Mb L: 30/1418 MS: 1 EraseBytes-
#1405317	REDUCE cov: 453 ft: 1126 corp: 275/8195b lim: 11746 exec/s: 140531 rss: 152Mb L: 50/1418 MS: 1 CrossOver-
#1405598	REDUCE cov: 453 ft: 1126 corp: 275/8165b lim: 11746 exec/s: 140559 rss: 152Mb L: 31/1418 MS: 1 EraseBytes-
#1406470	NEW    cov: 453 ft: 1129 corp: 276/8188b lim: 11746 exec/s: 140647 rss: 152Mb L: 23/1418 MS: 2 InsertByte-ChangeByte-
#1406886	REDUCE cov: 453 ft: 1131 corp: 277/8213b lim: 11746 exec/s: 140688 rss: 152Mb L: 25/1418 MS: 1 CrossOver-
#1406993	REDUCE cov: 453 ft: 1134 corp: 278/8341b lim: 11746 exec/s: 140699 rss: 152Mb L: 128/1418 MS: 2 CrossOver-InsertRepeatedBytes-
#1407004	REDUCE cov: 453 ft: 1134 corp: 278/8326b lim: 11746 exec/s: 140700 rss: 152Mb L: 113/1418 MS: 1 EraseBytes-
#1407010	REDUCE cov: 453 ft: 1134 corp: 278/8321b lim: 11746 exec/s: 140701 rss: 152Mb L: 45/1418 MS: 1 EraseBytes-
#1407036	REDUCE cov: 453 ft: 1134 corp: 278/8319b lim: 11746 exec/s: 140703 rss: 152Mb L: 22/1418 MS: 1 EraseBytes-
#1407247	NEW    cov: 453 ft: 1135 corp: 279/8344b lim: 11746 exec/s: 140724 rss: 153Mb L: 25/1418 MS: 1 ShuffleBytes-
#1408063	REDUCE cov: 453 ft: 1135 corp: 279/8341b lim: 11746 exec/s: 140806 rss: 153Mb L: 24/1418 MS: 1 EraseBytes-
#1408100	REDUCE cov: 453 ft: 1135 corp: 279/8286b lim: 11746 exec/s: 140810 rss: 153Mb L: 58/1418 MS: 2 ShuffleBytes-EraseBytes-
#1408391	NEW    cov: 453 ft: 1143 corp: 280/8311b lim: 11746 exec/s: 140839 rss: 153Mb L: 25/1418 MS: 1 ShuffleBytes-
#1408462	REDUCE cov: 453 ft: 1143 corp: 280/8310b lim: 11746 exec/s: 140846 rss: 153Mb L: 24/1418 MS: 1 EraseBytes-
#1409523	REDUCE cov: 453 ft: 1143 corp: 280/8307b lim: 11746 exec/s: 140952 rss: 153Mb L: 21/1418 MS: 1 EraseBytes-
#1409659	NEW    cov: 453 ft: 1147 corp: 281/8330b lim: 11746 exec/s: 140965 rss: 153Mb L: 23/1418 MS: 1 CopyPart-
#1409725	REDUCE cov: 453 ft: 1147 corp: 281/8316b lim: 11746 exec/s: 140972 rss: 153Mb L: 27/1418 MS: 1 EraseBytes-
#1410041	NEW    cov: 453 ft: 1149 corp: 282/8343b lim: 11746 exec/s: 141004 rss: 153Mb L: 27/1418 MS: 1 CMP- DE: "\035\000\000\000"-
#1410434	REDUCE cov: 453 ft: 1149 corp: 282/8339b lim: 11746 exec/s: 141043 rss: 153Mb L: 20/1418 MS: 3 ChangeByte-PersAutoDict-EraseBytes- DE: "\007\000\000\000\000\000\000\000"-
#1411985	REDUCE cov: 453 ft: 1149 corp: 282/8337b lim: 11759 exec/s: 141198 rss: 153Mb L: 25/1418 MS: 1 EraseBytes-
#1411996	NEW    cov: 453 ft: 1151 corp: 283/8360b lim: 11759 exec/s: 141199 rss: 153Mb L: 23/1418 MS: 1 ChangeBit-
#1412102	REDUCE cov: 453 ft: 1151 corp: 283/8340b lim: 11759 exec/s: 141210 rss: 153Mb L: 21/1418 MS: 1 EraseBytes-
#1412378	REDUCE cov: 453 ft: 1152 corp: 284/8362b lim: 11759 exec/s: 141237 rss: 153Mb L: 22/1418 MS: 1 ChangeBit-
#1412390	REDUCE cov: 453 ft: 1156 corp: 285/8386b lim: 11759 exec/s: 141239 rss: 153Mb L: 24/1418 MS: 2 ChangeByte-ShuffleBytes-
#1412903	REDUCE cov: 453 ft: 1156 corp: 285/8385b lim: 11759 exec/s: 141290 rss: 153Mb L: 22/1418 MS: 3 InsertByte-InsertRepeatedBytes-EraseBytes-
#1413720	REDUCE cov: 453 ft: 1156 corp: 285/8382b lim: 11759 exec/s: 141372 rss: 153Mb L: 55/1418 MS: 2 ChangeByte-EraseBytes-
#1414576	REDUCE cov: 453 ft: 1156 corp: 285/8379b lim: 11759 exec/s: 141457 rss: 153Mb L: 24/1418 MS: 1 EraseBytes-
#1415077	REDUCE cov: 453 ft: 1156 corp: 285/8376b lim: 11759 exec/s: 141507 rss: 153Mb L: 27/1418 MS: 1 EraseBytes-
#1415388	REDUCE cov: 453 ft: 1156 corp: 285/8375b lim: 11759 exec/s: 141538 rss: 153Mb L: 20/1418 MS: 1 EraseBytes-
#1416509	REDUCE cov: 453 ft: 1156 corp: 285/8374b lim: 11759 exec/s: 141650 rss: 153Mb L: 24/1418 MS: 1 EraseBytes-
#1416835	REDUCE cov: 453 ft: 1157 corp: 286/8399b lim: 11759 exec/s: 141683 rss: 153Mb L: 25/1418 MS: 1 ChangeBinInt-
#1418642	REDUCE cov: 453 ft: 1157 corp: 286/8376b lim: 11772 exec/s: 141864 rss: 154Mb L: 32/1418 MS: 2 PersAutoDict-EraseBytes- DE: "\035\000\000\000"-
#1419763	REDUCE cov: 453 ft: 1158 corp: 287/8397b lim: 11772 exec/s: 141976 rss: 154Mb L: 21/1418 MS: 1 ChangeBit-
#1420059	REDUCE cov: 453 ft: 1158 corp: 287/8392b lim: 11772 exec/s: 142005 rss: 154Mb L: 22/1418 MS: 1 EraseBytes-
#1420643	NEW    cov: 454 ft: 1159 corp: 288/8417b lim: 11772 exec/s: 142064 rss: 154Mb L: 25/1418 MS: 4 ShuffleBytes-ChangeBinInt-ShuffleBytes-ShuffleBytes-
#1420729	REDUCE cov: 454 ft: 1159 corp: 288/8411b lim: 11772 exec/s: 142072 rss: 154Mb L: 39/1418 MS: 1 EraseBytes-
#1421860	NEW    cov: 454 ft: 1160 corp: 289/8435b lim: 11772 exec/s: 142186 rss: 154Mb L: 24/1418 MS: 1 InsertByte-
#1422067	REDUCE cov: 454 ft: 1160 corp: 289/8418b lim: 11772 exec/s: 142206 rss: 154Mb L: 22/1418 MS: 2 ChangeBinInt-EraseBytes-
#1422268	REDUCE cov: 454 ft: 1160 corp: 289/8417b lim: 11772 exec/s: 142226 rss: 154Mb L: 24/1418 MS: 1 EraseBytes-
#1422739	REDUCE cov: 454 ft: 1160 corp: 289/8415b lim: 11772 exec/s: 142273 rss: 154Mb L: 22/1418 MS: 1 EraseBytes-
#1422910	REDUCE cov: 454 ft: 1160 corp: 289/8411b lim: 11772 exec/s: 142291 rss: 154Mb L: 26/1418 MS: 1 EraseBytes-
#1423086	NEW    cov: 459 ft: 1165 corp: 290/8436b lim: 11772 exec/s: 142308 rss: 154Mb L: 25/1418 MS: 1 CrossOver-
#1423239	NEW    cov: 462 ft: 1168 corp: 291/8489b lim: 11772 exec/s: 142323 rss: 154Mb L: 53/1418 MS: 3 InsertByte-ManualDict-ManualDict- DE: "input not entirely consumed"-"ZSTDMT_tryGetInputRange failed"-
#1423785	REDUCE cov: 462 ft: 1168 corp: 291/8488b lim: 11772 exec/s: 142378 rss: 154Mb L: 23/1418 MS: 1 EraseBytes-
#1424478	NEW    cov: 462 ft: 1174 corp: 292/8513b lim: 11772 exec/s: 142447 rss: 154Mb L: 25/1418 MS: 3 ChangeBit-ChangeBit-CopyPart-
#1425274	REDUCE cov: 462 ft: 1174 corp: 292/8509b lim: 11772 exec/s: 142527 rss: 154Mb L: 25/1418 MS: 1 EraseBytes-
#1426651	REDUCE cov: 462 ft: 1174 corp: 292/8505b lim: 11785 exec/s: 142665 rss: 154Mb L: 49/1418 MS: 2 ChangeBit-EraseBytes-
#1427037	REDUCE cov: 463 ft: 1175 corp: 293/8528b lim: 11785 exec/s: 142703 rss: 154Mb L: 23/1418 MS: 1 ChangeBinInt-
#1427518	NEW    cov: 463 ft: 1176 corp: 294/8553b lim: 11785 exec/s: 142751 rss: 154Mb L: 25/1418 MS: 1 ChangeByte-
#1428072	REDUCE cov: 463 ft: 1176 corp: 294/8544b lim: 11785 exec/s: 142807 rss: 154Mb L: 40/1418 MS: 4 CrossOver-CMP-CopyPart-EraseBytes- DE: "\000\012"-
#1428198	REDUCE cov: 463 ft: 1176 corp: 294/8543b lim: 11785 exec/s: 142819 rss: 154Mb L: 39/1418 MS: 1 EraseBytes-
#1428729	REDUCE cov: 463 ft: 1176 corp: 294/8540b lim: 11785 exec/s: 142872 rss: 155Mb L: 22/1418 MS: 1 EraseBytes-
#1429090	NEW    cov: 463 ft: 1177 corp: 295/8585b lim: 11785 exec/s: 142909 rss: 155Mb L: 45/1418 MS: 1 CrossOver-
#1429591	REDUCE cov: 463 ft: 1177 corp: 295/8584b lim: 11785 exec/s: 142959 rss: 155Mb L: 20/1418 MS: 1 EraseBytes-
#1429687	REDUCE cov: 463 ft: 1177 corp: 295/8581b lim: 11785 exec/s: 142968 rss: 155Mb L: 22/1418 MS: 1 EraseBytes-
#1430754	REDUCE cov: 463 ft: 1177 corp: 295/8580b lim: 11785 exec/s: 143075 rss: 155Mb L: 21/1418 MS: 2 CMP-EraseBytes- DE: "\211\377\377\377\377\377\377\377"-
#1430880	REDUCE cov: 463 ft: 1177 corp: 295/8568b lim: 11785 exec/s: 143088 rss: 155Mb L: 20/1418 MS: 1 EraseBytes-
#1431297	REDUCE cov: 463 ft: 1177 corp: 295/8561b lim: 11785 exec/s: 143129 rss: 155Mb L: 38/1418 MS: 2 InsertByte-EraseBytes-
#1431848	REDUCE cov: 463 ft: 1177 corp: 295/8560b lim: 11785 exec/s: 143184 rss: 155Mb L: 22/1418 MS: 1 EraseBytes-
#1434464	REDUCE cov: 463 ft: 1178 corp: 296/8582b lim: 11811 exec/s: 143446 rss: 155Mb L: 22/1418 MS: 1 ChangeByte-
#1436365	REDUCE cov: 463 ft: 1179 corp: 297/8605b lim: 11824 exec/s: 143636 rss: 155Mb L: 23/1418 MS: 1 ChangeBinInt-
#1436541	REDUCE cov: 463 ft: 1179 corp: 297/8603b lim: 11824 exec/s: 143654 rss: 155Mb L: 25/1418 MS: 1 EraseBytes-
#1437503	REDUCE cov: 463 ft: 1179 corp: 297/8590b lim: 11824 exec/s: 143750 rss: 155Mb L: 26/1418 MS: 2 ShuffleBytes-EraseBytes-
#1437583	NEW    cov: 463 ft: 1180 corp: 298/8724b lim: 11824 exec/s: 143758 rss: 155Mb L: 134/1418 MS: 5 InsertRepeatedBytes-PersAutoDict-ChangeByte-ManualDict-InsertRepeatedBytes- DE: "\006\000\000\000\000\000\000\000"-"Adjusting DDict based on requested dict ID from frame"-
#1437664	REDUCE cov: 463 ft: 1180 corp: 298/8723b lim: 11824 exec/s: 143766 rss: 155Mb L: 24/1418 MS: 1 EraseBytes-
#1437726	REDUCE cov: 463 ft: 1180 corp: 298/8678b lim: 11824 exec/s: 143772 rss: 155Mb L: 89/1418 MS: 2 InsertRepeatedBytes-EraseBytes-
#1437843	REDUCE cov: 463 ft: 1180 corp: 298/8673b lim: 11824 exec/s: 143784 rss: 155Mb L: 26/1418 MS: 2 CrossOver-EraseBytes-
#1438320	REDUCE cov: 463 ft: 1183 corp: 299/8696b lim: 11824 exec/s: 143832 rss: 155Mb L: 23/1418 MS: 2 InsertByte-ChangeByte-
#1438741	REDUCE cov: 463 ft: 1183 corp: 299/8695b lim: 11824 exec/s: 143874 rss: 155Mb L: 23/1418 MS: 1 EraseBytes-
#1439263	REDUCE cov: 463 ft: 1183 corp: 299/8692b lim: 11824 exec/s: 143926 rss: 155Mb L: 86/1418 MS: 2 ChangeBit-EraseBytes-
#1439505	REDUCE cov: 463 ft: 1185 corp: 300/8713b lim: 11824 exec/s: 143950 rss: 155Mb L: 21/1418 MS: 2 ChangeBit-InsertByte-
#1440248	REDUCE cov: 463 ft: 1185 corp: 300/8712b lim: 11824 exec/s: 144024 rss: 155Mb L: 21/1418 MS: 3 ChangeBit-ShuffleBytes-EraseBytes-
#1441766	REDUCE cov: 463 ft: 1185 corp: 300/8708b lim: 11837 exec/s: 144176 rss: 155Mb L: 21/1418 MS: 3 CopyPart-ChangeBit-EraseBytes-
#1442233	REDUCE cov: 463 ft: 1185 corp: 300/8704b lim: 11837 exec/s: 144223 rss: 155Mb L: 82/1418 MS: 2 PersAutoDict-EraseBytes- DE: "hot!"-
#1442505	NEW    cov: 465 ft: 1190 corp: 301/8771b lim: 11837 exec/s: 144250 rss: 155Mb L: 67/1418 MS: 2 InsertByte-ManualDict- DE: "Can't ref a dict when ctx not in init stage."-
#1442746	REDUCE cov: 465 ft: 1190 corp: 301/8769b lim: 11837 exec/s: 144274 rss: 155Mb L: 22/1418 MS: 1 EraseBytes-
#1442924	REDUCE cov: 465 ft: 1190 corp: 301/8738b lim: 11837 exec/s: 144292 rss: 155Mb L: 36/1418 MS: 3 ChangeByte-ChangeBinInt-EraseBytes-
#1443355	REDUCE cov: 465 ft: 1190 corp: 301/8734b lim: 11837 exec/s: 144335 rss: 155Mb L: 21/1418 MS: 1 EraseBytes-
#1444051	REDUCE cov: 465 ft: 1190 corp: 301/8731b lim: 11837 exec/s: 144405 rss: 155Mb L: 13/1418 MS: 1 EraseBytes-
#1445162	REDUCE cov: 465 ft: 1190 corp: 301/8723b lim: 11837 exec/s: 144516 rss: 156Mb L: 74/1418 MS: 1 EraseBytes-
#1445348	REDUCE cov: 465 ft: 1190 corp: 301/8721b lim: 11837 exec/s: 144534 rss: 156Mb L: 24/1418 MS: 1 EraseBytes-
#1445629	REDUCE cov: 465 ft: 1190 corp: 301/8711b lim: 11837 exec/s: 144562 rss: 156Mb L: 28/1418 MS: 1 EraseBytes-
#1446515	REDUCE cov: 465 ft: 1190 corp: 301/8710b lim: 11837 exec/s: 144651 rss: 156Mb L: 25/1418 MS: 1 EraseBytes-
#1447166	REDUCE cov: 465 ft: 1190 corp: 301/8706b lim: 11837 exec/s: 144716 rss: 156Mb L: 21/1418 MS: 1 EraseBytes-
#1447642	NEW    cov: 465 ft: 1191 corp: 302/8729b lim: 11837 exec/s: 144764 rss: 156Mb L: 23/1418 MS: 1 CopyPart-
#1448618	REDUCE cov: 465 ft: 1191 corp: 302/8728b lim: 11837 exec/s: 144861 rss: 156Mb L: 20/1418 MS: 1 EraseBytes-
#1449604	REDUCE cov: 465 ft: 1191 corp: 302/8711b lim: 11837 exec/s: 144960 rss: 156Mb L: 57/1418 MS: 1 EraseBytes-
#1453136	REDUCE cov: 465 ft: 1191 corp: 302/8710b lim: 11863 exec/s: 145313 rss: 156Mb L: 35/1418 MS: 2 ShuffleBytes-EraseBytes-
#1454622	REDUCE cov: 465 ft: 1191 corp: 302/8708b lim: 11876 exec/s: 145462 rss: 156Mb L: 25/1418 MS: 1 EraseBytes-
#1454754	REDUCE cov: 465 ft: 1191 corp: 302/8694b lim: 11876 exec/s: 145475 rss: 156Mb L: 43/1418 MS: 2 ChangeByte-EraseBytes-
#1455270	REDUCE cov: 465 ft: 1191 corp: 302/8691b lim: 11876 exec/s: 145527 rss: 156Mb L: 40/1418 MS: 1 EraseBytes-
#1455941	REDUCE cov: 465 ft: 1191 corp: 302/8688b lim: 11876 exec/s: 145594 rss: 156Mb L: 37/1418 MS: 1 EraseBytes-
#1458067	REDUCE cov: 465 ft: 1191 corp: 302/8687b lim: 11889 exec/s: 145806 rss: 156Mb L: 20/1418 MS: 1 EraseBytes-
#1458528	REDUCE cov: 465 ft: 1191 corp: 302/8685b lim: 11889 exec/s: 145852 rss: 156Mb L: 22/1418 MS: 1 EraseBytes-
#1459845	REDUCE cov: 465 ft: 1192 corp: 303/8707b lim: 11902 exec/s: 132713 rss: 156Mb L: 22/1418 MS: 2 ChangeBit-ChangeBit-
#1461186	REDUCE cov: 465 ft: 1192 corp: 303/8701b lim: 11915 exec/s: 132835 rss: 156Mb L: 29/1418 MS: 1 EraseBytes-
#1461571	REDUCE cov: 465 ft: 1193 corp: 304/8813b lim: 11915 exec/s: 132870 rss: 156Mb L: 112/1418 MS: 5 ChangeBit-InsertRepeatedBytes-CrossOver-InsertRepeatedBytes-PersAutoDict- DE: "Offset too large!"-
#1461633	REDUCE cov: 465 ft: 1193 corp: 304/8812b lim: 11915 exec/s: 132875 rss: 156Mb L: 20/1418 MS: 2 ChangeBit-EraseBytes-
#1462904	REDUCE cov: 465 ft: 1193 corp: 304/8777b lim: 11915 exec/s: 132991 rss: 156Mb L: 77/1418 MS: 1 EraseBytes-
#1463441	NEW    cov: 465 ft: 1194 corp: 305/8800b lim: 11915 exec/s: 133040 rss: 157Mb L: 23/1418 MS: 2 ChangeBit-InsertByte-
#1464012	REDUCE cov: 465 ft: 1194 corp: 305/8765b lim: 11915 exec/s: 133092 rss: 157Mb L: 42/1418 MS: 1 EraseBytes-
#1464220	REDUCE cov: 465 ft: 1195 corp: 306/8823b lim: 11915 exec/s: 133110 rss: 157Mb L: 58/1418 MS: 3 InsertByte-InsertByte-CrossOver-
#1464751	REDUCE cov: 465 ft: 1195 corp: 306/8822b lim: 11915 exec/s: 133159 rss: 157Mb L: 41/1418 MS: 1 EraseBytes-
#1466457	REDUCE cov: 465 ft: 1195 corp: 306/8820b lim: 11928 exec/s: 133314 rss: 157Mb L: 24/1418 MS: 1 EraseBytes-
#1466573	REDUCE cov: 465 ft: 1195 corp: 306/8819b lim: 11928 exec/s: 133324 rss: 157Mb L: 22/1418 MS: 1 EraseBytes-
#1466590	REDUCE cov: 465 ft: 1195 corp: 306/8817b lim: 11928 exec/s: 133326 rss: 157Mb L: 20/1418 MS: 2 CopyPart-EraseBytes-
#1467239	REDUCE cov: 465 ft: 1195 corp: 306/8797b lim: 11928 exec/s: 133385 rss: 157Mb L: 21/1418 MS: 4 PersAutoDict-ChangeByte-ChangeBit-EraseBytes- DE: "\377\377\377\377\377\377\377\377"-
#1468145	REDUCE cov: 465 ft: 1195 corp: 306/8796b lim: 11928 exec/s: 133467 rss: 157Mb L: 36/1418 MS: 1 EraseBytes-
#1468372	REDUCE cov: 465 ft: 1195 corp: 306/8795b lim: 11928 exec/s: 133488 rss: 157Mb L: 24/1418 MS: 2 ChangeBinInt-EraseBytes-
#1469043	REDUCE cov: 465 ft: 1195 corp: 306/8793b lim: 11928 exec/s: 133549 rss: 157Mb L: 25/1418 MS: 1 EraseBytes-
#1469930	REDUCE cov: 465 ft: 1195 corp: 306/8792b lim: 11928 exec/s: 133630 rss: 157Mb L: 22/1418 MS: 2 ShuffleBytes-EraseBytes-
#1470721	REDUCE cov: 465 ft: 1195 corp: 306/8790b lim: 11928 exec/s: 133701 rss: 157Mb L: 23/1418 MS: 1 EraseBytes-
#1471907	REDUCE cov: 465 ft: 1195 corp: 306/8787b lim: 11928 exec/s: 133809 rss: 157Mb L: 20/1418 MS: 1 EraseBytes-
#1472668	NEW    cov: 465 ft: 1196 corp: 307/8809b lim: 11928 exec/s: 133878 rss: 157Mb L: 22/1418 MS: 1 ChangeBinInt-
#1472999	REDUCE cov: 465 ft: 1197 corp: 308/8831b lim: 11928 exec/s: 133909 rss: 157Mb L: 22/1418 MS: 1 PersAutoDict- DE: "O*M\030"-
#1477737	NEW    cov: 465 ft: 1198 corp: 309/8879b lim: 11967 exec/s: 134339 rss: 157Mb L: 48/1418 MS: 3 ChangeBit-ChangeBinInt-CrossOver-
#1478848	REDUCE cov: 465 ft: 1198 corp: 309/8866b lim: 11967 exec/s: 134440 rss: 157Mb L: 35/1418 MS: 1 EraseBytes-
#1478874	REDUCE cov: 465 ft: 1198 corp: 309/8850b lim: 11967 exec/s: 134443 rss: 157Mb L: 42/1418 MS: 1 EraseBytes-
#1482110	REDUCE cov: 465 ft: 1198 corp: 309/8846b lim: 11993 exec/s: 134737 rss: 157Mb L: 21/1418 MS: 1 EraseBytes-
#1482951	REDUCE cov: 465 ft: 1198 corp: 309/8845b lim: 11993 exec/s: 134813 rss: 157Mb L: 28/1418 MS: 1 EraseBytes-
#1485692	REDUCE cov: 465 ft: 1198 corp: 309/8844b lim: 12019 exec/s: 135062 rss: 157Mb L: 21/1418 MS: 1 EraseBytes-
#1485928	REDUCE cov: 465 ft: 1198 corp: 309/8843b lim: 12019 exec/s: 135084 rss: 157Mb L: 23/1418 MS: 1 EraseBytes-
#1487011	REDUCE cov: 465 ft: 1198 corp: 309/8841b lim: 12019 exec/s: 135182 rss: 157Mb L: 34/1418 MS: 3 CopyPart-InsertByte-EraseBytes-
#1487267	REDUCE cov: 465 ft: 1198 corp: 309/8831b lim: 12019 exec/s: 135206 rss: 157Mb L: 25/1418 MS: 1 EraseBytes-
#1488573	REDUCE cov: 465 ft: 1198 corp: 309/8830b lim: 12032 exec/s: 135324 rss: 158Mb L: 20/1418 MS: 1 EraseBytes-
#1490079	REDUCE cov: 465 ft: 1198 corp: 309/8829b lim: 12045 exec/s: 135461 rss: 158Mb L: 22/1418 MS: 1 EraseBytes-
#1490356	REDUCE cov: 465 ft: 1198 corp: 309/8828b lim: 12045 exec/s: 135486 rss: 158Mb L: 20/1418 MS: 2 ChangeBinInt-EraseBytes-
#1490812	REDUCE cov: 465 ft: 1198 corp: 309/8826b lim: 12045 exec/s: 135528 rss: 158Mb L: 23/1418 MS: 1 EraseBytes-
#1491033	REDUCE cov: 465 ft: 1198 corp: 309/8825b lim: 12045 exec/s: 135548 rss: 158Mb L: 23/1418 MS: 1 EraseBytes-
#1491565	REDUCE cov: 465 ft: 1200 corp: 310/8846b lim: 12045 exec/s: 135596 rss: 158Mb L: 21/1418 MS: 2 ShuffleBytes-ChangeBinInt-
#1492093	REDUCE cov: 465 ft: 1200 corp: 310/8844b lim: 12045 exec/s: 135644 rss: 158Mb L: 26/1418 MS: 3 InsertByte-ChangeByte-EraseBytes-
#1493804	REDUCE cov: 465 ft: 1200 corp: 310/8843b lim: 12058 exec/s: 135800 rss: 158Mb L: 21/1418 MS: 1 EraseBytes-
#1497160	REDUCE cov: 465 ft: 1200 corp: 310/8842b lim: 12084 exec/s: 136105 rss: 158Mb L: 20/1418 MS: 1 EraseBytes-
#1498321	REDUCE cov: 465 ft: 1200 corp: 310/8840b lim: 12084 exec/s: 136211 rss: 158Mb L: 23/1418 MS: 1 EraseBytes-
#1501457	REDUCE cov: 465 ft: 1200 corp: 310/8839b lim: 12110 exec/s: 136496 rss: 158Mb L: 61/1418 MS: 1 EraseBytes-
#1502514	REDUCE cov: 465 ft: 1200 corp: 310/8838b lim: 12110 exec/s: 136592 rss: 158Mb L: 21/1418 MS: 2 ChangeBit-EraseBytes-
#1504225	REDUCE cov: 466 ft: 1201 corp: 311/8858b lim: 12123 exec/s: 136747 rss: 158Mb L: 20/1418 MS: 1 ChangeBinInt-
#1504896	REDUCE cov: 466 ft: 1201 corp: 311/8856b lim: 12123 exec/s: 136808 rss: 158Mb L: 20/1418 MS: 1 EraseBytes-
#1510967	REDUCE cov: 466 ft: 1201 corp: 311/8852b lim: 12175 exec/s: 137360 rss: 158Mb L: 21/1418 MS: 1 EraseBytes-
#1513828	REDUCE cov: 466 ft: 1201 corp: 311/8851b lim: 12201 exec/s: 137620 rss: 158Mb L: 20/1418 MS: 1 EraseBytes-
#1515234	REDUCE cov: 466 ft: 1201 corp: 311/8849b lim: 12214 exec/s: 137748 rss: 158Mb L: 20/1418 MS: 1 EraseBytes-
#1516250	REDUCE cov: 466 ft: 1201 corp: 311/8846b lim: 12214 exec/s: 137840 rss: 158Mb L: 20/1418 MS: 1 EraseBytes-
#1517291	REDUCE cov: 466 ft: 1202 corp: 312/8870b lim: 12214 exec/s: 137935 rss: 158Mb L: 24/1418 MS: 1 ChangeBit-
#1521852	REDUCE cov: 466 ft: 1202 corp: 312/8867b lim: 12253 exec/s: 138350 rss: 158Mb L: 20/1418 MS: 1 EraseBytes-
#1522844	REDUCE cov: 466 ft: 1202 corp: 312/8865b lim: 12253 exec/s: 138440 rss: 158Mb L: 21/1418 MS: 2 ChangeBinInt-EraseBytes-
#1523350	REDUCE cov: 466 ft: 1202 corp: 312/8864b lim: 12253 exec/s: 138486 rss: 158Mb L: 20/1418 MS: 1 EraseBytes-
#1524741	REDUCE cov: 466 ft: 1202 corp: 312/8862b lim: 12266 exec/s: 138612 rss: 158Mb L: 20/1418 MS: 1 EraseBytes-
#1525427	REDUCE cov: 466 ft: 1202 corp: 312/8860b lim: 12266 exec/s: 138675 rss: 158Mb L: 23/1418 MS: 1 EraseBytes-
#1527848	REDUCE cov: 466 ft: 1202 corp: 312/8854b lim: 12279 exec/s: 138895 rss: 159Mb L: 20/1418 MS: 1 EraseBytes-
#1530520	REDUCE cov: 466 ft: 1202 corp: 312/8848b lim: 12305 exec/s: 139138 rss: 159Mb L: 28/1418 MS: 2 ChangeBinInt-EraseBytes-
#1533582	REDUCE cov: 466 ft: 1202 corp: 312/8847b lim: 12331 exec/s: 139416 rss: 159Mb L: 25/1418 MS: 2 ChangeBinInt-EraseBytes-
#1535428	REDUCE cov: 466 ft: 1203 corp: 313/8913b lim: 12344 exec/s: 139584 rss: 159Mb L: 66/1418 MS: 1 CrossOver-
#1535474	REDUCE cov: 466 ft: 1203 corp: 313/8910b lim: 12344 exec/s: 139588 rss: 159Mb L: 22/1418 MS: 1 EraseBytes-
#1535905	REDUCE cov: 466 ft: 1203 corp: 313/8908b lim: 12344 exec/s: 139627 rss: 159Mb L: 20/1418 MS: 1 EraseBytes-
#1536841	REDUCE cov: 466 ft: 1203 corp: 313/8906b lim: 12344 exec/s: 139712 rss: 159Mb L: 21/1418 MS: 1 EraseBytes-
#1539342	REDUCE cov: 466 ft: 1203 corp: 313/8888b lim: 12357 exec/s: 139940 rss: 159Mb L: 48/1418 MS: 1 EraseBytes-
#1539423	REDUCE cov: 466 ft: 1203 corp: 313/8887b lim: 12357 exec/s: 139947 rss: 159Mb L: 22/1418 MS: 1 EraseBytes-
#1542714	REDUCE cov: 466 ft: 1203 corp: 313/8886b lim: 12383 exec/s: 140246 rss: 159Mb L: 22/1418 MS: 1 EraseBytes-
#1546090	REDUCE cov: 466 ft: 1203 corp: 313/8885b lim: 12409 exec/s: 140553 rss: 159Mb L: 22/1418 MS: 1 EraseBytes-
#1547841	REDUCE cov: 466 ft: 1203 corp: 313/8883b lim: 12422 exec/s: 140712 rss: 159Mb L: 20/1418 MS: 1 EraseBytes-
#1548002	REDUCE cov: 466 ft: 1203 corp: 313/8880b lim: 12422 exec/s: 140727 rss: 159Mb L: 25/1418 MS: 1 EraseBytes-
#1549149	REDUCE cov: 466 ft: 1203 corp: 313/8879b lim: 12422 exec/s: 140831 rss: 159Mb L: 21/1418 MS: 2 ChangeBit-EraseBytes-
#1550120	REDUCE cov: 466 ft: 1203 corp: 313/8877b lim: 12422 exec/s: 140920 rss: 159Mb L: 20/1418 MS: 1 EraseBytes-
#1550336	REDUCE cov: 466 ft: 1203 corp: 313/8876b lim: 12422 exec/s: 140939 rss: 159Mb L: 20/1418 MS: 1 EraseBytes-
#1551542	REDUCE cov: 466 ft: 1203 corp: 313/8869b lim: 12422 exec/s: 141049 rss: 159Mb L: 35/1418 MS: 1 EraseBytes-
#1557408	REDUCE cov: 466 ft: 1203 corp: 313/8868b lim: 12474 exec/s: 141582 rss: 159Mb L: 20/1418 MS: 1 EraseBytes-
#1559979	REDUCE cov: 466 ft: 1203 corp: 313/8867b lim: 12487 exec/s: 141816 rss: 159Mb L: 22/1418 MS: 1 EraseBytes-
#1560640	REDUCE cov: 466 ft: 1203 corp: 313/8862b lim: 12487 exec/s: 141876 rss: 159Mb L: 23/1418 MS: 1 EraseBytes-
#1565476	REDUCE cov: 466 ft: 1203 corp: 313/8861b lim: 12526 exec/s: 142316 rss: 159Mb L: 24/1418 MS: 1 EraseBytes-
#1566952	REDUCE cov: 466 ft: 1203 corp: 313/8860b lim: 12539 exec/s: 142450 rss: 159Mb L: 20/1418 MS: 1 EraseBytes-
#1568653	REDUCE cov: 466 ft: 1203 corp: 313/8857b lim: 12552 exec/s: 142604 rss: 159Mb L: 20/1418 MS: 1 EraseBytes-
#1569204	REDUCE cov: 466 ft: 1203 corp: 313/8856b lim: 12552 exec/s: 142654 rss: 159Mb L: 22/1418 MS: 1 EraseBytes-
#1569306	REDUCE cov: 466 ft: 1204 corp: 314/8904b lim: 12552 exec/s: 142664 rss: 159Mb L: 48/1418 MS: 2 ShuffleBytes-ShuffleBytes-
#1569962	REDUCE cov: 466 ft: 1205 corp: 315/8993b lim: 12552 exec/s: 142723 rss: 159Mb L: 89/1418 MS: 1 InsertRepeatedBytes-
#1570428	REDUCE cov: 466 ft: 1205 corp: 315/8954b lim: 12552 exec/s: 142766 rss: 159Mb L: 50/1418 MS: 1 EraseBytes-
#1571984	REDUCE cov: 466 ft: 1205 corp: 315/8953b lim: 12565 exec/s: 142907 rss: 159Mb L: 23/1418 MS: 1 EraseBytes-
#1572431	REDUCE cov: 466 ft: 1205 corp: 315/8938b lim: 12565 exec/s: 142948 rss: 159Mb L: 35/1418 MS: 2 ChangeBinInt-EraseBytes-
#1575722	REDUCE cov: 466 ft: 1205 corp: 315/8935b lim: 12591 exec/s: 143247 rss: 159Mb L: 32/1418 MS: 1 EraseBytes-
#1576066	REDUCE cov: 466 ft: 1205 corp: 315/8931b lim: 12591 exec/s: 143278 rss: 159Mb L: 44/1418 MS: 4 PersAutoDict-ChangeByte-CMP-EraseBytes- DE: "T\000\000\000\000\000\000\000"-"\003\000\000\000\000\000\000\000"-
#1583018	REDUCE cov: 466 ft: 1205 corp: 315/8930b lim: 12656 exec/s: 143910 rss: 159Mb L: 31/1418 MS: 2 PersAutoDict-EraseBytes- DE: "~cold~"-
#1583480	REDUCE cov: 466 ft: 1205 corp: 315/8926b lim: 12656 exec/s: 143952 rss: 159Mb L: 27/1418 MS: 2 CopyPart-EraseBytes-
#1584041	REDUCE cov: 466 ft: 1205 corp: 315/8925b lim: 12656 exec/s: 144003 rss: 159Mb L: 20/1418 MS: 1 EraseBytes-
#1584988	REDUCE cov: 466 ft: 1205 corp: 315/8917b lim: 12656 exec/s: 132082 rss: 159Mb L: 40/1418 MS: 2 ChangeBinInt-EraseBytes-
#1585394	REDUCE cov: 466 ft: 1205 corp: 315/8916b lim: 12656 exec/s: 132116 rss: 159Mb L: 20/1418 MS: 1 EraseBytes-
#1586150	REDUCE cov: 466 ft: 1205 corp: 315/8914b lim: 12656 exec/s: 132179 rss: 159Mb L: 20/1418 MS: 1 EraseBytes-
#1591161	REDUCE cov: 466 ft: 1205 corp: 315/8913b lim: 12695 exec/s: 132596 rss: 159Mb L: 24/1418 MS: 1 EraseBytes-
#1591652	REDUCE cov: 466 ft: 1205 corp: 315/8910b lim: 12695 exec/s: 132637 rss: 159Mb L: 21/1418 MS: 1 EraseBytes-
#1593853	REDUCE cov: 466 ft: 1205 corp: 315/8907b lim: 12708 exec/s: 132821 rss: 159Mb L: 20/1418 MS: 1 EraseBytes-
#1594169	REDUCE cov: 466 ft: 1205 corp: 315/8906b lim: 12708 exec/s: 132847 rss: 159Mb L: 26/1418 MS: 1 EraseBytes-
#1594270	REDUCE cov: 466 ft: 1205 corp: 315/8904b lim: 12708 exec/s: 132855 rss: 159Mb L: 20/1418 MS: 1 EraseBytes-
#1598725	REDUCE cov: 466 ft: 1205 corp: 315/8903b lim: 12747 exec/s: 133227 rss: 160Mb L: 20/1418 MS: 5 ChangeBinInt-ChangeASCIIInt-ShuffleBytes-EraseBytes-ChangeASCIIInt-
#1599946	REDUCE cov: 466 ft: 1205 corp: 315/8902b lim: 12747 exec/s: 133328 rss: 160Mb L: 23/1418 MS: 1 EraseBytes-
#1601307	REDUCE cov: 466 ft: 1205 corp: 315/8900b lim: 12760 exec/s: 133442 rss: 160Mb L: 22/1418 MS: 1 EraseBytes-
#1602383	REDUCE cov: 466 ft: 1205 corp: 315/8899b lim: 12760 exec/s: 133531 rss: 160Mb L: 21/1418 MS: 1 EraseBytes-
#1605474	REDUCE cov: 466 ft: 1205 corp: 315/8897b lim: 12786 exec/s: 133789 rss: 160Mb L: 20/1418 MS: 1 EraseBytes-
#1605625	REDUCE cov: 466 ft: 1205 corp: 315/8896b lim: 12786 exec/s: 133802 rss: 160Mb L: 21/1418 MS: 1 EraseBytes-
#1611851	REDUCE cov: 466 ft: 1205 corp: 315/8895b lim: 12838 exec/s: 134320 rss: 160Mb L: 20/1418 MS: 1 EraseBytes-
#1616797	REDUCE cov: 466 ft: 1205 corp: 315/8894b lim: 12877 exec/s: 134733 rss: 160Mb L: 20/1418 MS: 1 EraseBytes-
#1619823	REDUCE cov: 466 ft: 1205 corp: 315/8893b lim: 12903 exec/s: 134985 rss: 160Mb L: 20/1418 MS: 1 EraseBytes-
#1622559	REDUCE cov: 466 ft: 1205 corp: 315/8891b lim: 12929 exec/s: 135213 rss: 160Mb L: 22/1418 MS: 1 EraseBytes-
#1626930	REDUCE cov: 466 ft: 1205 corp: 315/8890b lim: 12968 exec/s: 135577 rss: 160Mb L: 20/1418 MS: 1 EraseBytes-
#1628051	REDUCE cov: 467 ft: 1206 corp: 316/8913b lim: 12968 exec/s: 135670 rss: 160Mb L: 23/1418 MS: 1 ChangeByte-
#1630383	REDUCE cov: 467 ft: 1206 corp: 316/8912b lim: 12981 exec/s: 135865 rss: 160Mb L: 19/1418 MS: 2 EraseBytes-ChangeBit-
#1631674	REDUCE cov: 467 ft: 1206 corp: 316/8910b lim: 12981 exec/s: 135972 rss: 160Mb L: 21/1418 MS: 1 EraseBytes-
#1633775	REDUCE cov: 467 ft: 1206 corp: 316/8909b lim: 12994 exec/s: 136147 rss: 160Mb L: 22/1418 MS: 1 EraseBytes-
#1634191	REDUCE cov: 467 ft: 1206 corp: 316/8908b lim: 12994 exec/s: 136182 rss: 160Mb L: 20/1418 MS: 1 EraseBytes-
#1639702	REDUCE cov: 467 ft: 1206 corp: 316/8907b lim: 13046 exec/s: 136641 rss: 160Mb L: 22/1418 MS: 1 EraseBytes-
#1644603	REDUCE cov: 467 ft: 1206 corp: 316/8906b lim: 13085 exec/s: 137050 rss: 160Mb L: 21/1418 MS: 1 EraseBytes-
#1649109	REDUCE cov: 467 ft: 1206 corp: 316/8904b lim: 13124 exec/s: 137425 rss: 160Mb L: 21/1418 MS: 1 EraseBytes-
#1649785	REDUCE cov: 467 ft: 1206 corp: 316/8903b lim: 13124 exec/s: 137482 rss: 160Mb L: 21/1418 MS: 1 EraseBytes-
#1655667	REDUCE cov: 467 ft: 1206 corp: 316/8899b lim: 13176 exec/s: 137972 rss: 160Mb L: 21/1418 MS: 2 CopyPart-EraseBytes-
#1657263	REDUCE cov: 467 ft: 1206 corp: 316/8895b lim: 13189 exec/s: 138105 rss: 160Mb L: 40/1418 MS: 1 EraseBytes-
#1658309	REDUCE cov: 467 ft: 1206 corp: 316/8894b lim: 13189 exec/s: 138192 rss: 160Mb L: 20/1418 MS: 1 EraseBytes-
#1663060	REDUCE cov: 467 ft: 1206 corp: 316/8890b lim: 13228 exec/s: 138588 rss: 160Mb L: 22/1418 MS: 1 EraseBytes-
#1664947	REDUCE cov: 467 ft: 1206 corp: 316/8888b lim: 13241 exec/s: 138745 rss: 160Mb L: 20/1418 MS: 2 ShuffleBytes-EraseBytes-
#1665358	REDUCE cov: 467 ft: 1206 corp: 316/8886b lim: 13241 exec/s: 138779 rss: 160Mb L: 20/1418 MS: 1 EraseBytes-
#1670464	REDUCE cov: 467 ft: 1206 corp: 316/8883b lim: 13280 exec/s: 139205 rss: 160Mb L: 20/1418 MS: 1 EraseBytes-
#1670715	REDUCE cov: 467 ft: 1206 corp: 316/8881b lim: 13280 exec/s: 139226 rss: 160Mb L: 20/1418 MS: 1 EraseBytes-
#1677331	REDUCE cov: 467 ft: 1206 corp: 316/8880b lim: 13345 exec/s: 139777 rss: 160Mb L: 23/1418 MS: 1 EraseBytes-
#1679933	REDUCE cov: 467 ft: 1206 corp: 316/8878b lim: 13358 exec/s: 139994 rss: 160Mb L: 20/1418 MS: 2 ShuffleBytes-EraseBytes-
#1686884	REDUCE cov: 467 ft: 1206 corp: 316/8877b lim: 13423 exec/s: 140573 rss: 160Mb L: 20/1418 MS: 1 EraseBytes-
#1688326	REDUCE cov: 467 ft: 1207 corp: 317/9011b lim: 13436 exec/s: 140693 rss: 160Mb L: 134/1418 MS: 2 ChangeASCIIInt-InsertRepeatedBytes-
#1688517	REDUCE cov: 467 ft: 1207 corp: 317/8954b lim: 13436 exec/s: 140709 rss: 160Mb L: 77/1418 MS: 1 EraseBytes-
#1688747	REDUCE cov: 467 ft: 1207 corp: 317/8942b lim: 13436 exec/s: 140728 rss: 160Mb L: 65/1418 MS: 5 InsertByte-ChangeBit-PersAutoDict-ShuffleBytes-EraseBytes- DE: "ZSTDMT_tryGetInputRange failed"-
#1689135	REDUCE cov: 467 ft: 1207 corp: 317/8911b lim: 13436 exec/s: 140761 rss: 160Mb L: 34/1418 MS: 3 ChangeBit-InsertByte-EraseBytes-
#1693401	REDUCE cov: 467 ft: 1207 corp: 317/8910b lim: 13475 exec/s: 141116 rss: 160Mb L: 33/1418 MS: 1 EraseBytes-
#1693437	REDUCE cov: 467 ft: 1207 corp: 317/8903b lim: 13475 exec/s: 141119 rss: 160Mb L: 26/1418 MS: 1 EraseBytes-
#1696568	REDUCE cov: 467 ft: 1207 corp: 317/8902b lim: 13501 exec/s: 141380 rss: 160Mb L: 25/1418 MS: 1 EraseBytes-
#1698774	REDUCE cov: 467 ft: 1207 corp: 317/8901b lim: 13514 exec/s: 141564 rss: 160Mb L: 20/1418 MS: 1 EraseBytes-
#1700165	REDUCE cov: 467 ft: 1207 corp: 317/8898b lim: 13527 exec/s: 141680 rss: 160Mb L: 21/1418 MS: 1 EraseBytes-
#1700586	REDUCE cov: 467 ft: 1207 corp: 317/8897b lim: 13527 exec/s: 141715 rss: 160Mb L: 20/1418 MS: 1 EraseBytes-
#1701612	REDUCE cov: 467 ft: 1207 corp: 317/8896b lim: 13527 exec/s: 141801 rss: 160Mb L: 20/1418 MS: 1 EraseBytes-
#1705313	REDUCE cov: 467 ft: 1209 corp: 318/8924b lim: 13553 exec/s: 142109 rss: 160Mb L: 28/1418 MS: 1 PersAutoDict- DE: "\023\000\000\000\000\000\000\000"-
#1709279	REDUCE cov: 467 ft: 1209 corp: 318/8919b lim: 13592 exec/s: 142439 rss: 160Mb L: 20/1418 MS: 1 EraseBytes-
#1711235	REDUCE cov: 467 ft: 1209 corp: 318/8917b lim: 13605 exec/s: 142602 rss: 160Mb L: 20/1418 MS: 1 EraseBytes-
#1714726	REDUCE cov: 467 ft: 1209 corp: 318/8914b lim: 13631 exec/s: 142893 rss: 160Mb L: 25/1418 MS: 1 EraseBytes-
#1715082	REDUCE cov: 467 ft: 1209 corp: 318/8913b lim: 13631 exec/s: 142923 rss: 160Mb L: 20/1418 MS: 1 EraseBytes-
#1715533	REDUCE cov: 467 ft: 1209 corp: 318/8912b lim: 13631 exec/s: 142961 rss: 160Mb L: 22/1418 MS: 1 EraseBytes-
#1717994	REDUCE cov: 467 ft: 1209 corp: 318/8909b lim: 13644 exec/s: 143166 rss: 160Mb L: 20/1418 MS: 1 EraseBytes-
#1726340	REDUCE cov: 467 ft: 1209 corp: 318/8908b lim: 13722 exec/s: 143861 rss: 160Mb L: 21/1418 MS: 1 EraseBytes-
#1729086	REDUCE cov: 467 ft: 1209 corp: 318/8907b lim: 13748 exec/s: 133006 rss: 160Mb L: 20/1418 MS: 1 EraseBytes-
#1732352	REDUCE cov: 467 ft: 1213 corp: 319/8927b lim: 13774 exec/s: 133257 rss: 160Mb L: 20/1418 MS: 1 ChangeBinInt-
#1732849	REDUCE cov: 467 ft: 1213 corp: 319/8923b lim: 13774 exec/s: 133296 rss: 160Mb L: 21/1418 MS: 2 CopyPart-EraseBytes-
#1740280	REDUCE cov: 467 ft: 1213 corp: 319/8922b lim: 13839 exec/s: 133867 rss: 160Mb L: 12/1418 MS: 1 EraseBytes-
#1754471	REDUCE cov: 467 ft: 1213 corp: 319/8921b lim: 13969 exec/s: 134959 rss: 160Mb L: 20/1418 MS: 1 EraseBytes-
#1754668	REDUCE cov: 467 ft: 1213 corp: 319/8920b lim: 13969 exec/s: 134974 rss: 160Mb L: 21/1418 MS: 2 CopyPart-EraseBytes-
#1757644	REDUCE cov: 467 ft: 1213 corp: 319/8919b lim: 13995 exec/s: 135203 rss: 160Mb L: 20/1418 MS: 1 EraseBytes-
#1765415	REDUCE cov: 467 ft: 1213 corp: 319/8918b lim: 14060 exec/s: 135801 rss: 160Mb L: 21/1418 MS: 1 EraseBytes-
#1773174	REDUCE cov: 467 ft: 1213 corp: 319/8916b lim: 14125 exec/s: 136398 rss: 160Mb L: 10/1418 MS: 4 CMP-InsertByte-ChangeByte-EraseBytes- DE: "\024\000\000\000\000\000\000\000"-
#1774686	REDUCE cov: 467 ft: 1215 corp: 320/8938b lim: 14138 exec/s: 136514 rss: 160Mb L: 22/1418 MS: 2 CopyPart-ChangeBit-
#1777482	REDUCE cov: 467 ft: 1215 corp: 320/8937b lim: 14164 exec/s: 136729 rss: 160Mb L: 21/1418 MS: 1 EraseBytes-
#1782398	REDUCE cov: 467 ft: 1215 corp: 320/8936b lim: 14203 exec/s: 137107 rss: 160Mb L: 9/1418 MS: 1 EraseBytes-
#1787250	REDUCE cov: 467 ft: 1215 corp: 320/8934b lim: 14242 exec/s: 137480 rss: 160Mb L: 20/1418 MS: 2 InsertRepeatedBytes-EraseBytes-
#1792912	REDUCE cov: 468 ft: 1216 corp: 321/8954b lim: 14294 exec/s: 137916 rss: 160Mb L: 20/1418 MS: 2 ShuffleBytes-ChangeBinInt-
#1793698	REDUCE cov: 468 ft: 1216 corp: 321/8952b lim: 14294 exec/s: 137976 rss: 160Mb L: 21/1418 MS: 1 EraseBytes-
#1800280	REDUCE cov: 468 ft: 1216 corp: 321/8949b lim: 14359 exec/s: 138483 rss: 160Mb L: 20/1418 MS: 2 ChangeBit-EraseBytes-
#1820251	NEW    cov: 468 ft: 1218 corp: 322/8969b lim: 14554 exec/s: 140019 rss: 160Mb L: 20/1418 MS: 1 ChangeByte-
#1841473	REDUCE cov: 468 ft: 1218 corp: 322/8968b lim: 14762 exec/s: 141651 rss: 160Mb L: 20/1418 MS: 2 ShuffleBytes-EraseBytes-
#1850829	REDUCE cov: 468 ft: 1218 corp: 322/8967b lim: 14853 exec/s: 142371 rss: 160Mb L: 20/1418 MS: 1 EraseBytes-
#1862620	REDUCE cov: 468 ft: 1218 corp: 322/8966b lim: 14970 exec/s: 143278 rss: 160Mb L: 20/1418 MS: 1 EraseBytes-
#1870616	REDUCE cov: 468 ft: 1218 corp: 322/8965b lim: 15048 exec/s: 143893 rss: 160Mb L: 20/1418 MS: 1 EraseBytes-
#1879977	REDUCE cov: 468 ft: 1218 corp: 322/8964b lim: 15139 exec/s: 134284 rss: 160Mb L: 20/1418 MS: 1 EraseBytes-
#1930334	REDUCE cov: 468 ft: 1218 corp: 322/8963b lim: 15633 exec/s: 137881 rss: 161Mb L: 19/1418 MS: 2 EraseBytes-ChangeBit-
#1933060	NEW    cov: 468 ft: 1219 corp: 323/8983b lim: 15659 exec/s: 138075 rss: 161Mb L: 20/1418 MS: 1 ChangeBit-
#1944116	REDUCE cov: 468 ft: 1219 corp: 323/8982b lim: 15763 exec/s: 138865 rss: 161Mb L: 20/1418 MS: 1 EraseBytes-
#1958452	REDUCE cov: 468 ft: 1219 corp: 323/8976b lim: 15893 exec/s: 139889 rss: 161Mb L: 34/1418 MS: 1 EraseBytes-
#1958753	REDUCE cov: 468 ft: 1219 corp: 323/8975b lim: 15893 exec/s: 139910 rss: 161Mb L: 20/1418 MS: 1 EraseBytes-
#1962694	REDUCE cov: 468 ft: 1219 corp: 323/8974b lim: 15932 exec/s: 140192 rss: 161Mb L: 20/1418 MS: 1 EraseBytes-
#1971585	REDUCE cov: 468 ft: 1219 corp: 323/8973b lim: 16010 exec/s: 140827 rss: 161Mb L: 106/1418 MS: 1 EraseBytes-
#1972156	REDUCE cov: 468 ft: 1219 corp: 323/8972b lim: 16010 exec/s: 140868 rss: 161Mb L: 20/1418 MS: 1 EraseBytes-
#1980357	REDUCE cov: 468 ft: 1219 corp: 323/8969b lim: 16088 exec/s: 141454 rss: 161Mb L: 20/1418 MS: 1 EraseBytes-
#1985388	REDUCE cov: 468 ft: 1219 corp: 323/8968b lim: 16127 exec/s: 141813 rss: 161Mb L: 20/1418 MS: 1 EraseBytes-
#1987141	REDUCE cov: 468 ft: 1219 corp: 323/8967b lim: 16140 exec/s: 141938 rss: 161Mb L: 39/1418 MS: 3 InsertRepeatedBytes-CrossOver-EraseBytes-
#1990027	REDUCE cov: 468 ft: 1219 corp: 323/8966b lim: 16166 exec/s: 142144 rss: 161Mb L: 21/1418 MS: 1 EraseBytes-
#1997673	REDUCE cov: 468 ft: 1219 corp: 323/8964b lim: 16231 exec/s: 142690 rss: 161Mb L: 20/1418 MS: 1 EraseBytes-
#2016129	REDUCE cov: 468 ft: 1219 corp: 323/8963b lim: 16401 exec/s: 144009 rss: 161Mb L: 19/1418 MS: 1 EraseBytes-
#2016871	REDUCE cov: 468 ft: 1219 corp: 323/8961b lim: 16401 exec/s: 144062 rss: 161Mb L: 20/1418 MS: 2 CopyPart-EraseBytes-
#2023012	REDUCE cov: 468 ft: 1219 corp: 323/8960b lim: 16457 exec/s: 144500 rss: 161Mb L: 20/1418 MS: 1 EraseBytes-
#2035508	REDUCE cov: 468 ft: 1219 corp: 323/8959b lim: 16569 exec/s: 135700 rss: 161Mb L: 20/1418 MS: 1 EraseBytes-
#2051019	REDUCE cov: 468 ft: 1220 corp: 324/8979b lim: 16723 exec/s: 136734 rss: 161Mb L: 20/1418 MS: 1 ChangeBit-
#2056621	REDUCE cov: 468 ft: 1220 corp: 324/8978b lim: 16765 exec/s: 137108 rss: 161Mb L: 19/1418 MS: 2 EraseBytes-ChangeBinInt-
#2056867	REDUCE cov: 468 ft: 1220 corp: 324/8976b lim: 16765 exec/s: 137124 rss: 161Mb L: 20/1418 MS: 1 EraseBytes-
#2097152	pulse  cov: 468 ft: 1220 corp: 324/8976b lim: 17157 exec/s: 139810 rss: 161Mb
#2118635	REDUCE cov: 468 ft: 1220 corp: 324/8975b lim: 17367 exec/s: 141242 rss: 161Mb L: 19/1418 MS: 3 ShuffleBytes-ChangeBit-EraseBytes-
#2138866	NEW    cov: 468 ft: 1221 corp: 325/8995b lim: 17563 exec/s: 142591 rss: 161Mb L: 20/1418 MS: 1 ChangeBit-
#2141157	REDUCE cov: 468 ft: 1221 corp: 325/8994b lim: 17577 exec/s: 142743 rss: 161Mb L: 38/1418 MS: 1 EraseBytes-
#2144323	REDUCE cov: 468 ft: 1221 corp: 325/8993b lim: 17605 exec/s: 142954 rss: 161Mb L: 21/1418 MS: 1 EraseBytes-
#2171194	REDUCE cov: 468 ft: 1221 corp: 325/8992b lim: 17871 exec/s: 135699 rss: 161Mb L: 20/1418 MS: 1 EraseBytes-
#2184330	REDUCE cov: 468 ft: 1221 corp: 325/8991b lim: 17997 exec/s: 136520 rss: 161Mb L: 20/1418 MS: 1 EraseBytes-
#2253731	REDUCE cov: 468 ft: 1221 corp: 325/8990b lim: 18683 exec/s: 140858 rss: 162Mb L: 20/1418 MS: 1 EraseBytes-
#2292132	REDUCE cov: 468 ft: 1221 corp: 325/8989b lim: 19061 exec/s: 143258 rss: 162Mb L: 20/1418 MS: 1 EraseBytes-
#2297004	REDUCE cov: 468 ft: 1221 corp: 325/8987b lim: 19103 exec/s: 143562 rss: 162Mb L: 20/1418 MS: 2 ChangeByte-EraseBytes-
#2310290	REDUCE cov: 468 ft: 1221 corp: 325/8986b lim: 19229 exec/s: 144393 rss: 162Mb L: 21/1418 MS: 1 EraseBytes-
#2338457	REDUCE cov: 468 ft: 1221 corp: 325/8983b lim: 19509 exec/s: 137556 rss: 162Mb L: 27/1418 MS: 2 ChangeBit-EraseBytes-
#2365408	REDUCE cov: 468 ft: 1221 corp: 325/8982b lim: 19775 exec/s: 139141 rss: 162Mb L: 20/1418 MS: 1 EraseBytes-
#2394274	REDUCE cov: 468 ft: 1221 corp: 325/8981b lim: 20055 exec/s: 140839 rss: 162Mb L: 20/1418 MS: 1 EraseBytes-
#2403290	REDUCE cov: 468 ft: 1221 corp: 325/8979b lim: 20139 exec/s: 141370 rss: 162Mb L: 34/1418 MS: 1 EraseBytes-
#2410502	REDUCE cov: 468 ft: 1221 corp: 325/8978b lim: 20209 exec/s: 141794 rss: 162Mb L: 20/1418 MS: 2 ChangeByte-EraseBytes-
#2433773	REDUCE cov: 468 ft: 1221 corp: 325/8975b lim: 20433 exec/s: 143163 rss: 162Mb L: 21/1418 MS: 1 EraseBytes-
#2539154	REDUCE cov: 468 ft: 1221 corp: 325/8972b lim: 21483 exec/s: 141064 rss: 162Mb L: 40/1418 MS: 1 EraseBytes-
#2539216	REDUCE cov: 468 ft: 1221 corp: 325/8971b lim: 21483 exec/s: 141067 rss: 162Mb L: 20/1418 MS: 2 InsertByte-EraseBytes-
#2589733	REDUCE cov: 468 ft: 1221 corp: 325/8970b lim: 21973 exec/s: 143874 rss: 162Mb L: 19/1418 MS: 2 EraseBytes-ShuffleBytes-
#2604256	REDUCE cov: 468 ft: 1221 corp: 325/8969b lim: 22113 exec/s: 144680 rss: 162Mb L: 52/1418 MS: 3 ChangeBinInt-ChangeBit-EraseBytes-
#2676707	REDUCE cov: 468 ft: 1221 corp: 325/8968b lim: 22827 exec/s: 140879 rss: 162Mb L: 37/1418 MS: 1 EraseBytes-
#2689638	NEW    cov: 469 ft: 1222 corp: 326/8988b lim: 22953 exec/s: 141559 rss: 162Mb L: 20/1418 MS: 1 ChangeBit-
#2712690	REDUCE cov: 469 ft: 1222 corp: 326/8987b lim: 23177 exec/s: 142773 rss: 162Mb L: 21/1418 MS: 2 EraseBytes-ShuffleBytes-
#2731911	REDUCE cov: 469 ft: 1223 corp: 327/9039b lim: 23359 exec/s: 143784 rss: 162Mb L: 52/1418 MS: 1 ChangeBinInt-
#2766527	REDUCE cov: 469 ft: 1223 corp: 327/9038b lim: 23695 exec/s: 138326 rss: 162Mb L: 18/1418 MS: 1 EraseBytes-
#2789709	REDUCE cov: 469 ft: 1223 corp: 327/9037b lim: 23919 exec/s: 139485 rss: 162Mb L: 21/1418 MS: 2 ChangeBit-EraseBytes-
#2822040	REDUCE cov: 469 ft: 1223 corp: 327/9036b lim: 24241 exec/s: 141102 rss: 162Mb L: 9/1418 MS: 1 EraseBytes-
#2822807	REDUCE cov: 469 ft: 1223 corp: 327/9035b lim: 24241 exec/s: 141140 rss: 162Mb L: 21/1418 MS: 2 ChangeByte-EraseBytes-
#2830920	REDUCE cov: 469 ft: 1223 corp: 327/9032b lim: 24311 exec/s: 141546 rss: 163Mb L: 111/1418 MS: 3 ShuffleBytes-CopyPart-EraseBytes-
#2852067	REDUCE cov: 469 ft: 1223 corp: 327/9031b lim: 24521 exec/s: 142603 rss: 163Mb L: 19/1418 MS: 2 CopyPart-EraseBytes-
#2965545	REDUCE cov: 469 ft: 1223 corp: 327/9030b lim: 25641 exec/s: 141216 rss: 163Mb L: 20/1418 MS: 3 ChangeBit-ChangeBinInt-EraseBytes-
#2973836	REDUCE cov: 469 ft: 1223 corp: 327/9029b lim: 25711 exec/s: 141611 rss: 163Mb L: 20/1418 MS: 1 EraseBytes-
#3011517	NEW    cov: 469 ft: 1224 corp: 328/9081b lim: 26075 exec/s: 143405 rss: 163Mb L: 52/1418 MS: 1 ChangeByte-
#3031955	REDUCE cov: 469 ft: 1224 corp: 328/9080b lim: 26271 exec/s: 144378 rss: 163Mb L: 19/1418 MS: 3 EraseBytes-ChangeBit-ChangeBit-
#3081586	REDUCE cov: 469 ft: 1224 corp: 328/9079b lim: 26761 exec/s: 140072 rss: 163Mb L: 18/1418 MS: 1 EraseBytes-
#3084289	REDUCE cov: 469 ft: 1224 corp: 328/9078b lim: 26775 exec/s: 140194 rss: 163Mb L: 19/1418 MS: 3 EraseBytes-ChangeBit-ChangeByte-
#3163000	REDUCE cov: 469 ft: 1224 corp: 328/9077b lim: 27559 exec/s: 143772 rss: 163Mb L: 20/1418 MS: 1 EraseBytes-
#3166451	REDUCE cov: 469 ft: 1224 corp: 328/9076b lim: 27587 exec/s: 143929 rss: 163Mb L: 19/1418 MS: 1 EraseBytes-
#3185732	REDUCE cov: 469 ft: 1224 corp: 328/9075b lim: 27769 exec/s: 144806 rss: 163Mb L: 20/1418 MS: 1 EraseBytes-
#3243983	REDUCE cov: 469 ft: 1224 corp: 328/9073b lim: 28343 exec/s: 141042 rss: 163Mb L: 20/1418 MS: 1 EraseBytes-
#3287285	REDUCE cov: 469 ft: 1224 corp: 328/9072b lim: 28763 exec/s: 142925 rss: 163Mb L: 19/1418 MS: 2 ChangeByte-EraseBytes-
#3304422	REDUCE cov: 469 ft: 1224 corp: 328/9071b lim: 28931 exec/s: 143670 rss: 163Mb L: 19/1418 MS: 2 PersAutoDict-EraseBytes- DE: " %02X"-
#3355358	REDUCE cov: 469 ft: 1224 corp: 328/9062b lim: 29435 exec/s: 145885 rss: 163Mb L: 52/1418 MS: 1 EraseBytes-
#3370524	REDUCE cov: 469 ft: 1224 corp: 328/9061b lim: 29575 exec/s: 140438 rss: 163Mb L: 23/1418 MS: 1 EraseBytes-
#3465130	REDUCE cov: 469 ft: 1224 corp: 328/9060b lim: 30513 exec/s: 144380 rss: 163Mb L: 24/1418 MS: 1 EraseBytes-
#3489079	REDUCE cov: 469 ft: 1235 corp: 329/9596b lim: 30751 exec/s: 145378 rss: 163Mb L: 536/1418 MS: 4 InsertRepeatedBytes-CopyPart-CopyPart-CopyPart-
#3490370	REDUCE cov: 469 ft: 1235 corp: 329/9461b lim: 30751 exec/s: 145432 rss: 163Mb L: 401/1418 MS: 1 EraseBytes-
#3496776	REDUCE cov: 469 ft: 1235 corp: 329/9455b lim: 30807 exec/s: 145699 rss: 163Mb L: 395/1418 MS: 1 EraseBytes-
#3546272	REDUCE cov: 469 ft: 1235 corp: 329/9454b lim: 31297 exec/s: 141850 rss: 163Mb L: 8/1418 MS: 1 EraseBytes-
#3605816	REDUCE cov: 469 ft: 1236 corp: 330/9545b lim: 31885 exec/s: 144232 rss: 163Mb L: 91/1418 MS: 4 PersAutoDict-CrossOver-InsertByte-ManualDict- DE: "dict is too small"-"srcSize >= MIN_CBLOCK_SIZE == 2; here we need lhSize = 3"-
#3605854	REDUCE cov: 469 ft: 1236 corp: 330/9542b lim: 31885 exec/s: 144234 rss: 163Mb L: 88/1418 MS: 3 ManualDict-ShuffleBytes-EraseBytes- DE: "ZSTD_createDCtx"-
#3605937	REDUCE cov: 469 ft: 1236 corp: 330/9525b lim: 31885 exec/s: 144237 rss: 163Mb L: 71/1418 MS: 3 ChangeBit-ChangeASCIIInt-EraseBytes-
#3606025	REDUCE cov: 469 ft: 1236 corp: 330/9513b lim: 31885 exec/s: 144241 rss: 163Mb L: 59/1418 MS: 3 ManualDict-CrossOver-EraseBytes- DE: "Block header doesn't fit"-
#3608321	REDUCE cov: 469 ft: 1236 corp: 330/9496b lim: 31899 exec/s: 144332 rss: 163Mb L: 42/1418 MS: 1 EraseBytes-
#3609272	REDUCE cov: 469 ft: 1236 corp: 330/9493b lim: 31899 exec/s: 144370 rss: 163Mb L: 39/1418 MS: 1 EraseBytes-
#3611183	REDUCE cov: 469 ft: 1236 corp: 330/9491b lim: 31913 exec/s: 144447 rss: 163Mb L: 32/1418 MS: 1 EraseBytes-
#3617164	REDUCE cov: 469 ft: 1236 corp: 330/9487b lim: 31969 exec/s: 144686 rss: 163Mb L: 35/1418 MS: 1 EraseBytes-
#3635145	REDUCE cov: 469 ft: 1236 corp: 330/9485b lim: 32137 exec/s: 145405 rss: 163Mb L: 109/1418 MS: 1 EraseBytes-
#3652524	REDUCE cov: 469 ft: 1236 corp: 330/9484b lim: 32305 exec/s: 146100 rss: 163Mb L: 19/1418 MS: 4 ChangeBit-InsertByte-ChangeBit-EraseBytes-
#3677583	REDUCE cov: 469 ft: 1237 corp: 331/10039b lim: 32543 exec/s: 141445 rss: 163Mb L: 555/1418 MS: 4 InsertByte-CrossOver-ChangeByte-CrossOver-
#3677674	REDUCE cov: 469 ft: 1237 corp: 331/10017b lim: 32543 exec/s: 141449 rss: 163Mb L: 533/1418 MS: 1 EraseBytes-
#3680215	REDUCE cov: 469 ft: 1237 corp: 331/9966b lim: 32557 exec/s: 141546 rss: 163Mb L: 482/1418 MS: 1 EraseBytes-
#3685178	REDUCE cov: 469 ft: 1237 corp: 331/9959b lim: 32599 exec/s: 141737 rss: 163Mb L: 475/1418 MS: 3 CMP-InsertRepeatedBytes-EraseBytes- DE: "\377\377\377\377\377\377\377\007"-
#3688964	REDUCE cov: 469 ft: 1237 corp: 331/9925b lim: 32627 exec/s: 141883 rss: 163Mb L: 441/1418 MS: 1 EraseBytes-
#3705005	REDUCE cov: 469 ft: 1237 corp: 331/9922b lim: 32781 exec/s: 142500 rss: 163Mb L: 32/1418 MS: 1 EraseBytes-
#3714591	REDUCE cov: 469 ft: 1237 corp: 331/9906b lim: 32871 exec/s: 142868 rss: 163Mb L: 425/1418 MS: 1 EraseBytes-
#3723428	REDUCE cov: 469 ft: 1237 corp: 331/9902b lim: 32946 exec/s: 143208 rss: 163Mb L: 421/1418 MS: 2 ShuffleBytes-EraseBytes-
#3830904	REDUCE cov: 469 ft: 1237 corp: 331/9900b lim: 34011 exec/s: 141885 rss: 164Mb L: 419/1418 MS: 1 EraseBytes-
#3839306	REDUCE cov: 469 ft: 1237 corp: 331/9899b lim: 34086 exec/s: 142196 rss: 164Mb L: 19/1418 MS: 2 ShuffleBytes-EraseBytes-
#3884387	REDUCE cov: 469 ft: 1237 corp: 331/9898b lim: 34521 exec/s: 143866 rss: 164Mb L: 20/1418 MS: 1 EraseBytes-
#3947718	REDUCE cov: 469 ft: 1237 corp: 331/9879b lim: 35151 exec/s: 140989 rss: 164Mb L: 400/1418 MS: 1 EraseBytes-
#4015475	REDUCE cov: 469 ft: 1237 corp: 331/9878b lim: 35826 exec/s: 143409 rss: 164Mb L: 20/1418 MS: 2 EraseBytes-ChangeByte-
#4061486	REDUCE cov: 469 ft: 1237 corp: 331/9877b lim: 36276 exec/s: 145053 rss: 164Mb L: 394/1418 MS: 1 EraseBytes-
#4194304	pulse  cov: 469 ft: 1237 corp: 331/9877b lim: 37596 exec/s: 144631 rss: 164Mb
#4238167	REDUCE cov: 469 ft: 1237 corp: 331/9874b lim: 38031 exec/s: 141272 rss: 164Mb L: 34/1418 MS: 1 EraseBytes-
#4274263	REDUCE cov: 469 ft: 1237 corp: 331/9873b lim: 38376 exec/s: 142475 rss: 164Mb L: 18/1418 MS: 1 EraseBytes-
#4297365	REDUCE cov: 469 ft: 1237 corp: 331/9871b lim: 38601 exec/s: 143245 rss: 164Mb L: 20/1418 MS: 2 CMP-EraseBytes- DE: "\000\000\000\037"-
#4311177	REDUCE cov: 469 ft: 1237 corp: 331/9870b lim: 38736 exec/s: 143705 rss: 164Mb L: 20/1418 MS: 2 CopyPart-EraseBytes-
#4324944	REDUCE cov: 469 ft: 1237 corp: 331/9869b lim: 38871 exec/s: 144164 rss: 164Mb L: 19/1418 MS: 2 EraseBytes-ChangeByte-
#4357805	REDUCE cov: 469 ft: 1237 corp: 331/9868b lim: 39186 exec/s: 145260 rss: 164Mb L: 19/1418 MS: 1 EraseBytes-
#4402777	REDUCE cov: 469 ft: 1237 corp: 331/9867b lim: 39621 exec/s: 142025 rss: 164Mb L: 21/1418 MS: 2 ChangeBit-EraseBytes-
#4414144	REDUCE cov: 469 ft: 1237 corp: 331/9865b lim: 39726 exec/s: 142391 rss: 164Mb L: 18/1418 MS: 2 EraseBytes-ChangeBit-
#4419896	REDUCE cov: 469 ft: 1237 corp: 331/9864b lim: 39771 exec/s: 142577 rss: 164Mb L: 24/1418 MS: 2 ChangeByte-EraseBytes-
#4486588	REDUCE cov: 469 ft: 1237 corp: 331/9863b lim: 40431 exec/s: 144728 rss: 164Mb L: 19/1418 MS: 2 PersAutoDict-EraseBytes- DE: "\320\000\000\000"-
#4497285	REDUCE cov: 469 ft: 1237 corp: 331/9862b lim: 40536 exec/s: 145073 rss: 164Mb L: 18/1418 MS: 2 ChangeByte-EraseBytes-
#4514836	REDUCE cov: 469 ft: 1237 corp: 331/9861b lim: 40701 exec/s: 145639 rss: 164Mb L: 20/1418 MS: 1 EraseBytes-
#4548897	REDUCE cov: 469 ft: 1237 corp: 331/9860b lim: 41031 exec/s: 142153 rss: 164Mb L: 17/1418 MS: 1 EraseBytes-
#4669363	REDUCE cov: 469 ft: 1237 corp: 331/9858b lim: 42231 exec/s: 145917 rss: 164Mb L: 33/1418 MS: 1 EraseBytes-
#4669989	REDUCE cov: 469 ft: 1237 corp: 331/9857b lim: 42231 exec/s: 145937 rss: 164Mb L: 16/1418 MS: 1 EraseBytes-
#4727041	REDUCE cov: 469 ft: 1237 corp: 331/9856b lim: 42786 exec/s: 143243 rss: 164Mb L: 54/1418 MS: 2 ShuffleBytes-EraseBytes-
#4797601	REDUCE cov: 469 ft: 1241 corp: 332/9907b lim: 43476 exec/s: 145381 rss: 164Mb L: 51/1418 MS: 5 CrossOver-ChangeBit-EraseBytes-CopyPart-ChangeBit-
#4797977	NEW    cov: 469 ft: 1242 corp: 333/9958b lim: 43476 exec/s: 145393 rss: 164Mb L: 51/1418 MS: 1 ManualDict- DE: "Splitting blocks failed!"-
#4798568	REDUCE cov: 469 ft: 1242 corp: 333/9955b lim: 43476 exec/s: 145411 rss: 164Mb L: 48/1418 MS: 1 EraseBytes-
#4798894	REDUCE cov: 469 ft: 1242 corp: 333/9952b lim: 43476 exec/s: 145421 rss: 164Mb L: 45/1418 MS: 1 EraseBytes-
#4802646	REDUCE cov: 469 ft: 1242 corp: 333/9949b lim: 43506 exec/s: 145534 rss: 164Mb L: 48/1418 MS: 2 CopyPart-EraseBytes-
#4804342	REDUCE cov: 469 ft: 1243 corp: 334/9997b lim: 43521 exec/s: 145586 rss: 164Mb L: 48/1418 MS: 1 CopyPart-
#4804363	REDUCE cov: 469 ft: 1243 corp: 334/9991b lim: 43521 exec/s: 145586 rss: 164Mb L: 39/1418 MS: 1 EraseBytes-
#4804827	REDUCE cov: 469 ft: 1243 corp: 334/9989b lim: 43521 exec/s: 145600 rss: 164Mb L: 37/1418 MS: 4 InsertByte-ManualDict-ShuffleBytes-EraseBytes- DE: "flush stage"-
#4805014	REDUCE cov: 469 ft: 1243 corp: 334/9978b lim: 43521 exec/s: 145606 rss: 164Mb L: 37/1418 MS: 2 ShuffleBytes-EraseBytes-
#4806530	REDUCE cov: 469 ft: 1243 corp: 334/9976b lim: 43536 exec/s: 145652 rss: 164Mb L: 35/1418 MS: 1 EraseBytes-
#4808931	REDUCE cov: 469 ft: 1243 corp: 334/9967b lim: 43551 exec/s: 145725 rss: 164Mb L: 39/1418 MS: 1 EraseBytes-
#4811107	REDUCE cov: 469 ft: 1243 corp: 334/9965b lim: 43566 exec/s: 145791 rss: 164Mb L: 35/1418 MS: 1 EraseBytes-
#4819538	REDUCE cov: 469 ft: 1243 corp: 334/9964b lim: 43641 exec/s: 146046 rss: 164Mb L: 38/1418 MS: 1 EraseBytes-
#4819705	REDUCE cov: 469 ft: 1243 corp: 334/9963b lim: 43641 exec/s: 146051 rss: 164Mb L: 34/1418 MS: 2 InsertByte-EraseBytes-
#4822651	REDUCE cov: 469 ft: 1243 corp: 334/9958b lim: 43656 exec/s: 146140 rss: 164Mb L: 33/1418 MS: 1 EraseBytes-
#4823617	REDUCE cov: 469 ft: 1243 corp: 334/9957b lim: 43656 exec/s: 141871 rss: 164Mb L: 32/1418 MS: 1 EraseBytes-
#4844988	REDUCE cov: 469 ft: 1243 corp: 334/9954b lim: 43866 exec/s: 142499 rss: 164Mb L: 32/1418 MS: 1 EraseBytes-
#4862190	REDUCE cov: 469 ft: 1243 corp: 334/9953b lim: 44031 exec/s: 143005 rss: 164Mb L: 33/1418 MS: 2 EraseBytes-ChangeBinInt-
#4949506	REDUCE cov: 469 ft: 1243 corp: 334/9952b lim: 44901 exec/s: 145573 rss: 165Mb L: 32/1418 MS: 1 EraseBytes-
#5058758	REDUCE cov: 469 ft: 1244 corp: 335/10041b lim: 45981 exec/s: 144535 rss: 165Mb L: 89/1418 MS: 2 PersAutoDict-InsertRepeatedBytes- DE: "ZSTD_buildBlockEntropyStats_sequences failed"-
#5059084	REDUCE cov: 469 ft: 1244 corp: 335/10018b lim: 45981 exec/s: 144545 rss: 165Mb L: 66/1418 MS: 1 EraseBytes-
#5060305	REDUCE cov: 469 ft: 1244 corp: 335/10003b lim: 45981 exec/s: 144580 rss: 165Mb L: 51/1418 MS: 1 EraseBytes-
#5060832	REDUCE cov: 469 ft: 1244 corp: 335/9995b lim: 45981 exec/s: 144595 rss: 165Mb L: 43/1418 MS: 2 ChangeBit-EraseBytes-
#5065103	REDUCE cov: 469 ft: 1244 corp: 335/9991b lim: 46011 exec/s: 144717 rss: 165Mb L: 39/1418 MS: 1 EraseBytes-
#5075907	REDUCE cov: 469 ft: 1244 corp: 335/9989b lim: 46116 exec/s: 145025 rss: 165Mb L: 18/1418 MS: 4 ChangeByte-CopyPart-PersAutoDict-EraseBytes- DE: "\006\000\000\000\000\000\000\000"-
#5087883	REDUCE cov: 469 ft: 1246 corp: 336/10049b lim: 46221 exec/s: 145368 rss: 165Mb L: 60/1418 MS: 1 ManualDict- DE: "Waiting for LDM to finish..."-
#5088867	REDUCE cov: 469 ft: 1246 corp: 336/10047b lim: 46221 exec/s: 145396 rss: 165Mb L: 58/1418 MS: 4 ManualDict-ChangeBit-ChangeBinInt-EraseBytes- DE: "reserving table space"-
#5090136	REDUCE cov: 469 ft: 1246 corp: 336/10043b lim: 46221 exec/s: 145432 rss: 165Mb L: 54/1418 MS: 4 ChangeBit-CrossOver-ChangeBinInt-EraseBytes-
#5095923	REDUCE cov: 469 ft: 1246 corp: 336/10036b lim: 46266 exec/s: 145597 rss: 165Mb L: 47/1418 MS: 2 ShuffleBytes-EraseBytes-
#5096049	REDUCE cov: 469 ft: 1246 corp: 336/10026b lim: 46266 exec/s: 145601 rss: 165Mb L: 37/1418 MS: 1 EraseBytes-
#5098835	REDUCE cov: 469 ft: 1246 corp: 336/10025b lim: 46281 exec/s: 145681 rss: 165Mb L: 38/1418 MS: 1 EraseBytes-
#5115101	REDUCE cov: 469 ft: 1246 corp: 336/10023b lim: 46431 exec/s: 146145 rss: 165Mb L: 35/1418 MS: 1 EraseBytes-
#5132423	REDUCE cov: 469 ft: 1246 corp: 336/10022b lim: 46596 exec/s: 142567 rss: 165Mb L: 19/1418 MS: 2 ChangeBit-EraseBytes-
#5160135	REDUCE cov: 469 ft: 1246 corp: 336/10021b lim: 46866 exec/s: 143337 rss: 165Mb L: 34/1418 MS: 2 ChangeBinInt-EraseBytes-
#5163292	REDUCE cov: 469 ft: 1246 corp: 336/10020b lim: 46896 exec/s: 143424 rss: 165Mb L: 33/1418 MS: 2 ChangeByte-EraseBytes-
#5172428	REDUCE cov: 469 ft: 1246 corp: 336/10019b lim: 46986 exec/s: 143678 rss: 165Mb L: 32/1418 MS: 1 EraseBytes-
#5187831	REDUCE cov: 469 ft: 1246 corp: 336/10018b lim: 47136 exec/s: 144106 rss: 165Mb L: 19/1418 MS: 3 ChangeBit-EraseBytes-InsertByte-
#5257502	REDUCE cov: 469 ft: 1246 corp: 336/10016b lim: 47826 exec/s: 146041 rss: 165Mb L: 36/1418 MS: 1 EraseBytes-
#5265560	REDUCE cov: 469 ft: 1247 corp: 337/10820b lim: 47901 exec/s: 146265 rss: 165Mb L: 804/1418 MS: 3 CrossOver-PersAutoDict-CopyPart- DE: "\020\000"-
#5265844	REDUCE cov: 469 ft: 1247 corp: 337/10750b lim: 47901 exec/s: 142320 rss: 165Mb L: 734/1418 MS: 4 ShuffleBytes-ChangeByte-ChangeByte-EraseBytes-
#5265951	REDUCE cov: 469 ft: 1247 corp: 337/10636b lim: 47901 exec/s: 142323 rss: 165Mb L: 620/1418 MS: 2 ChangeByte-EraseBytes-
#5266540	REDUCE cov: 469 ft: 1247 corp: 337/10588b lim: 47901 exec/s: 142338 rss: 165Mb L: 572/1418 MS: 4 EraseBytes-InsertRepeatedBytes-ChangeBit-PersAutoDict- DE: "ZSTD_buildBlockEntropyStats_sequences failed"-
#5267502	REDUCE cov: 469 ft: 1247 corp: 337/10587b lim: 47901 exec/s: 142364 rss: 165Mb L: 571/1418 MS: 2 CrossOver-EraseBytes-
#5271215	REDUCE cov: 469 ft: 1247 corp: 337/10558b lim: 47931 exec/s: 142465 rss: 165Mb L: 542/1418 MS: 3 CrossOver-InsertRepeatedBytes-EraseBytes-
#5271604	REDUCE cov: 469 ft: 1248 corp: 338/11100b lim: 47931 exec/s: 142475 rss: 165Mb L: 542/1418 MS: 4 ShuffleBytes-ChangeBinInt-ChangeBit-CrossOver-
#5272585	REDUCE cov: 469 ft: 1248 corp: 338/11098b lim: 47931 exec/s: 142502 rss: 165Mb L: 540/1418 MS: 1 EraseBytes-
#5274489	NEW    cov: 469 ft: 1249 corp: 339/11861b lim: 47946 exec/s: 142553 rss: 165Mb L: 763/1418 MS: 4 EraseBytes-CrossOver-InsertRepeatedBytes-CopyPart-
#5274798	REDUCE cov: 469 ft: 1249 corp: 339/11651b lim: 47946 exec/s: 142562 rss: 165Mb L: 553/1418 MS: 4 PersAutoDict-CopyPart-ChangeBinInt-EraseBytes- DE: "\377\377\377\364"-
#5276380	REDUCE cov: 469 ft: 1249 corp: 339/11648b lim: 47961 exec/s: 142604 rss: 165Mb L: 539/1418 MS: 2 CrossOver-EraseBytes-
#5278488	REDUCE cov: 469 ft: 1249 corp: 339/11645b lim: 47976 exec/s: 142661 rss: 165Mb L: 550/1418 MS: 3 ChangeByte-InsertByte-EraseBytes-
#5278515	REDUCE cov: 469 ft: 1249 corp: 339/11641b lim: 47976 exec/s: 142662 rss: 165Mb L: 535/1418 MS: 2 EraseBytes-CrossOver-
#5280678	REDUCE cov: 469 ft: 1249 corp: 339/11639b lim: 47991 exec/s: 142721 rss: 165Mb L: 538/1418 MS: 3 ChangeByte-InsertByte-EraseBytes-
#5280925	REDUCE cov: 469 ft: 1249 corp: 339/11622b lim: 47991 exec/s: 142727 rss: 165Mb L: 533/1418 MS: 2 ChangeBinInt-EraseBytes-
#5290640	REDUCE cov: 469 ft: 1249 corp: 339/11616b lim: 48081 exec/s: 142990 rss: 165Mb L: 532/1418 MS: 5 EraseBytes-CMP-ChangeByte-CopyPart-InsertRepeatedBytes- DE: "\004\000\000\000\000\000\000\000"-
#5318437	REDUCE cov: 470 ft: 1252 corp: 340/12155b lim: 48351 exec/s: 143741 rss: 165Mb L: 539/1418 MS: 2 ChangeBinInt-PersAutoDict- DE: "\011\000\000\000"-
#5323942	NEW    cov: 477 ft: 1262 corp: 341/12713b lim: 48396 exec/s: 143890 rss: 165Mb L: 558/1418 MS: 5 EraseBytes-PersAutoDict-CrossOver-ChangeBinInt-CMP- DE: "Dictionary is corrupted"-"A\000"-
#5324007	REDUCE cov: 477 ft: 1262 corp: 341/12707b lim: 48396 exec/s: 143892 rss: 165Mb L: 533/1418 MS: 5 ChangeByte-ManualDict-CopyPart-ManualDict-EraseBytes- DE: "ZSTDMT_releaseBuffer"-"ZSTDMT_compressStream_generic failed"-
#5324048	NEW    cov: 477 ft: 1263 corp: 342/13265b lim: 48396 exec/s: 143893 rss: 165Mb L: 558/1418 MS: 1 PersAutoDict- DE: "\377\377\377\377\377\377\377\007"-
#5324144	NEW    cov: 478 ft: 1264 corp: 343/13827b lim: 48396 exec/s: 143895 rss: 165Mb L: 562/1418 MS: 1 PersAutoDict- DE: "\035\000\000\000"-
#5324250	NEW    cov: 478 ft: 1268 corp: 344/14385b lim: 48396 exec/s: 143898 rss: 165Mb L: 558/1418 MS: 1 ManualDict- DE: "No room for empty frame block header"-
#5324271	NEW    cov: 478 ft: 1269 corp: 345/14975b lim: 48396 exec/s: 143899 rss: 165Mb L: 590/1418 MS: 1 ManualDict- DE: "External sequences are not valid"-
#5324471	REDUCE cov: 478 ft: 1269 corp: 345/14960b lim: 48396 exec/s: 143904 rss: 165Mb L: 547/1418 MS: 5 PersAutoDict-CrossOver-InsertByte-CopyPart-EraseBytes- DE: "\001\000\020\000"-
#5324472	REDUCE cov: 485 ft: 1276 corp: 346/15507b lim: 48396 exec/s: 143904 rss: 165Mb L: 547/1418 MS: 1 ChangeBinInt-
#5324515	NEW    cov: 487 ft: 1280 corp: 347/16055b lim: 48396 exec/s: 143905 rss: 165Mb L: 548/1418 MS: 3 ChangeBit-ChangeBinInt-InsertByte-
#5324588	NEW    cov: 487 ft: 1281 corp: 348/16Kb lim: 48396 exec/s: 143907 rss: 165Mb L: 597/1418 MS: 3 ChangeByte-ManualDict-PersAutoDict- DE: "ZSTD_compressBlock_fast_dictMatchState_generic"-"\025\000\000\000"-
#5324681	REDUCE cov: 490 ft: 1285 corp: 349/16Kb lim: 48396 exec/s: 143910 rss: 165Mb L: 547/1418 MS: 3 ChangeByte-ChangeBinInt-ManualDict- DE: "Version not supported"-
#5324834	REDUCE cov: 490 ft: 1285 corp: 349/16Kb lim: 48396 exec/s: 143914 rss: 165Mb L: 534/1418 MS: 3 PersAutoDict-InsertByte-EraseBytes- DE: "\011\000\000\000"-
#5324988	REDUCE cov: 490 ft: 1285 corp: 349/16Kb lim: 48396 exec/s: 143918 rss: 165Mb L: 583/1418 MS: 4 ManualDict-ManualDict-PersAutoDict-EraseBytes- DE: "legacy support is incompatible with static dctx"-"ZSTD_compress_advanced"-"\006\000\000\000\000\000\000\000"-
#5325285	NEW    cov: 490 ft: 1286 corp: 350/17Kb lim: 48396 exec/s: 143926 rss: 165Mb L: 548/1418 MS: 2 ChangeByte-PersAutoDict- DE: "\000\000\001\000\000\000\000\000"-
#5325301	REDUCE cov: 490 ft: 1286 corp: 350/17Kb lim: 48396 exec/s: 143927 rss: 165Mb L: 543/1418 MS: 1 EraseBytes-
#5325571	REDUCE cov: 490 ft: 1286 corp: 350/17Kb lim: 48396 exec/s: 143934 rss: 165Mb L: 534/1418 MS: 5 ChangeBit-InsertRepeatedBytes-EraseBytes-ChangeBinInt-InsertRepeatedBytes-
#5325644	REDUCE cov: 490 ft: 1286 corp: 350/17Kb lim: 48396 exec/s: 143936 rss: 165Mb L: 539/1418 MS: 3 ManualDict-ChangeByte-EraseBytes- DE: "FSE_buildCTable_wksp failed"-
#5325680	REDUCE cov: 490 ft: 1287 corp: 351/17Kb lim: 48396 exec/s: 143937 rss: 165Mb L: 534/1418 MS: 1 ShuffleBytes-
#5325948	REDUCE cov: 490 ft: 1287 corp: 351/17Kb lim: 48396 exec/s: 143944 rss: 165Mb L: 535/1418 MS: 3 ChangeBit-PersAutoDict-EraseBytes- DE: "ZSTDMT_tryGetInputRange failed"-
#5326187	REDUCE cov: 490 ft: 1287 corp: 351/17Kb lim: 48396 exec/s: 143951 rss: 165Mb L: 537/1418 MS: 4 EraseBytes-InsertRepeatedBytes-InsertByte-EraseBytes-
#5326475	REDUCE cov: 490 ft: 1287 corp: 351/17Kb lim: 48396 exec/s: 143958 rss: 165Mb L: 534/1418 MS: 3 ManualDict-PersAutoDict-EraseBytes- DE: "External sequences imply too large a block!"-"ZSTDMT_releaseBuffer"-
#5326500	NEW    cov: 490 ft: 1288 corp: 352/18Kb lim: 48396 exec/s: 143959 rss: 165Mb L: 659/1418 MS: 5 CopyPart-InsertRepeatedBytes-ShuffleBytes-InsertRepeatedBytes-ManualDict- DE: "ZSTD_compressBlock_fast_generic"-
#5326750	REDUCE cov: 490 ft: 1290 corp: 353/18Kb lim: 48396 exec/s: 143966 rss: 165Mb L: 540/1418 MS: 5 ChangeByte-CMP-InsertByte-PersAutoDict-ChangeByte- DE: "A\000\000\000"-"\000\032"-
#5326946	NEW    cov: 492 ft: 1292 corp: 354/19Kb lim: 48396 exec/s: 143971 rss: 165Mb L: 549/1418 MS: 1 InsertRepeatedBytes-
#5326978	NEW    cov: 495 ft: 1297 corp: 355/20Kb lim: 48396 exec/s: 143972 rss: 165Mb L: 721/1418 MS: 2 ShuffleBytes-InsertRepeatedBytes-
#5327007	NEW    cov: 495 ft: 1298 corp: 356/21Kb lim: 48396 exec/s: 143973 rss: 165Mb L: 1255/1418 MS: 4 InsertByte-ManualDict-ShuffleBytes-CrossOver- DE: "ZSTD_writeFrameHeader failed"-
#5327102	REDUCE cov: 495 ft: 1298 corp: 356/21Kb lim: 48396 exec/s: 143975 rss: 165Mb L: 532/1418 MS: 5 PersAutoDict-ChangeBit-PersAutoDict-PersAutoDict-EraseBytes- DE: "Splitting blocks failed!"-"ZSTD_decompressContinue: case ZSTDds_decompressBlock"-"\003\000\000\000\000\000\000\000"-
#5327110	REDUCE cov: 495 ft: 1298 corp: 356/21Kb lim: 48396 exec/s: 143975 rss: 165Mb L: 674/1418 MS: 3 InsertByte-CMP-EraseBytes- DE: "\001\033"-
#5327444	REDUCE cov: 495 ft: 1298 corp: 356/20Kb lim: 48396 exec/s: 143984 rss: 165Mb L: 758/1418 MS: 4 ManualDict-ManualDict-ChangeBinInt-EraseBytes- DE: "MT not compatible with static alloc"-"stableInBuffer condition not respected: wrong src pointer"-
#5327573	REDUCE cov: 495 ft: 1298 corp: 356/20Kb lim: 48396 exec/s: 143988 rss: 165Mb L: 537/1418 MS: 4 EraseBytes-CopyPart-PersAutoDict-ManualDict- DE: "reserving table space"-"N literals followed by a match"-
#5327576	REDUCE cov: 495 ft: 1298 corp: 356/20Kb lim: 48396 exec/s: 143988 rss: 165Mb L: 536/1418 MS: 3 CrossOver-EraseBytes-InsertByte-
#5327628	REDUCE cov: 495 ft: 1301 corp: 357/21Kb lim: 48396 exec/s: 143989 rss: 165Mb L: 758/1418 MS: 2 ChangeBit-ManualDict- DE: "ZSTD_buildBlockEntropyStats_sequences failed"-
#5327655	REDUCE cov: 496 ft: 1305 corp: 358/22Kb lim: 48396 exec/s: 143990 rss: 165Mb L: 758/1418 MS: 2 ManualDict-ChangeBinInt- DE: "ZSTD_c_stableOutBuffer enabled but output size differs!"-
#5327693	REDUCE cov: 496 ft: 1306 corp: 359/22Kb lim: 48396 exec/s: 143991 rss: 165Mb L: 534/1418 MS: 3 ChangeBinInt-ChangeByte-CMP- DE: "\001\025"-
#5327700	REDUCE cov: 496 ft: 1306 corp: 359/22Kb lim: 48396 exec/s: 143991 rss: 165Mb L: 533/1418 MS: 2 EraseBytes-CrossOver-
#5327848	REDUCE cov: 499 ft: 1309 corp: 360/23Kb lim: 48396 exec/s: 143995 rss: 165Mb L: 644/1418 MS: 3 ManualDict-ShuffleBytes-InsertRepeatedBytes- DE: "Consume header"-
#5327937	REDUCE cov: 499 ft: 1309 corp: 360/23Kb lim: 48396 exec/s: 143998 rss: 165Mb L: 642/1418 MS: 4 CopyPart-ManualDict-CrossOver-EraseBytes- DE: "not enough dstCapacity to write a new compressed block"-
#5328246	REDUCE cov: 499 ft: 1314 corp: 361/23Kb lim: 48396 exec/s: 144006 rss: 165Mb L: 691/1418 MS: 4 InsertRepeatedBytes-InsertRepeatedBytes-CopyPart-InsertRepeatedBytes-
#5328290	REDUCE cov: 499 ft: 1314 corp: 361/23Kb lim: 48396 exec/s: 144007 rss: 165Mb L: 750/1418 MS: 4 ChangeBinInt-ShuffleBytes-ChangeBinInt-EraseBytes-
#5328313	REDUCE cov: 499 ft: 1314 corp: 361/23Kb lim: 48396 exec/s: 144008 rss: 165Mb L: 633/1418 MS: 3 EraseBytes-ManualDict-InsertRepeatedBytes- DE: "Dictionary is corrupted"-
#5328315	REDUCE cov: 499 ft: 1314 corp: 361/23Kb lim: 48396 exec/s: 144008 rss: 165Mb L: 537/1418 MS: 2 InsertRepeatedBytes-EraseBytes-
#5328340	REDUCE cov: 499 ft: 1314 corp: 361/23Kb lim: 48396 exec/s: 144009 rss: 165Mb L: 537/1418 MS: 5 ChangeByte-EraseBytes-InsertByte-ChangeBinInt-ManualDict- DE: "free buffer %2u (address:%08X)"-
#5328395	REDUCE cov: 499 ft: 1314 corp: 361/23Kb lim: 48396 exec/s: 144010 rss: 165Mb L: 636/1418 MS: 5 ShuffleBytes-EraseBytes-InsertRepeatedBytes-ShuffleBytes-CopyPart-
#5328494	REDUCE cov: 499 ft: 1314 corp: 361/23Kb lim: 48396 exec/s: 144013 rss: 165Mb L: 571/1418 MS: 4 InsertByte-PersAutoDict-ChangeBinInt-EraseBytes- DE: "Waiting for buffer..."-
#5328604	REDUCE cov: 499 ft: 1314 corp: 361/23Kb lim: 48396 exec/s: 144016 rss: 165Mb L: 532/1418 MS: 5 PersAutoDict-ChangeByte-ChangeBit-CMP-EraseBytes- DE: "reserving table space"-"o\000\000\000\000\000\000\000"-
#5328617	REDUCE cov: 499 ft: 1314 corp: 361/23Kb lim: 48396 exec/s: 144016 rss: 165Mb L: 537/1418 MS: 3 ShuffleBytes-ShuffleBytes-EraseBytes-
#5328953	NEW    cov: 499 ft: 1317 corp: 362/24Kb lim: 48396 exec/s: 144025 rss: 165Mb L: 691/1418 MS: 1 ChangeBit-
#5329002	REDUCE cov: 499 ft: 1317 corp: 362/24Kb lim: 48396 exec/s: 144027 rss: 165Mb L: 653/1418 MS: 4 ChangeBinInt-CrossOver-CopyPart-EraseBytes-
#5329043	REDUCE cov: 499 ft: 1317 corp: 362/24Kb lim: 48396 exec/s: 144028 rss: 165Mb L: 601/1418 MS: 1 EraseBytes-
#5329095	REDUCE cov: 499 ft: 1317 corp: 362/24Kb lim: 48396 exec/s: 144029 rss: 165Mb L: 669/1418 MS: 2 CopyPart-EraseBytes-
#5329143	REDUCE cov: 499 ft: 1317 corp: 362/24Kb lim: 48396 exec/s: 144030 rss: 166Mb L: 747/1418 MS: 3 PersAutoDict-CopyPart-EraseBytes- DE: "\030\000\000\000"-
#5329304	REDUCE cov: 499 ft: 1318 corp: 363/24Kb lim: 48396 exec/s: 144035 rss: 166Mb L: 669/1418 MS: 1 ChangeBinInt-
#5329396	NEW    cov: 499 ft: 1320 corp: 364/25Kb lim: 48396 exec/s: 144037 rss: 166Mb L: 549/1418 MS: 2 CMP-InsertByte- DE: "\001\000\000\000\000\000\001O"-
#5329401	REDUCE cov: 499 ft: 1321 corp: 365/25Kb lim: 48396 exec/s: 144037 rss: 166Mb L: 659/1418 MS: 5 CopyPart-ChangeBinInt-ManualDict-ShuffleBytes-ChangeByte- DE: "Selected set_compressed"-
#5329421	REDUCE cov: 499 ft: 1321 corp: 365/25Kb lim: 48396 exec/s: 144038 rss: 166Mb L: 591/1418 MS: 5 InsertByte-ChangeBit-ChangeByte-ChangeBinInt-EraseBytes-
#5329618	REDUCE cov: 499 ft: 1321 corp: 365/25Kb lim: 48396 exec/s: 144043 rss: 166Mb L: 571/1418 MS: 2 InsertRepeatedBytes-EraseBytes-
#5329704	REDUCE cov: 499 ft: 1321 corp: 365/25Kb lim: 48396 exec/s: 144046 rss: 166Mb L: 718/1418 MS: 1 EraseBytes-
#5329726	REDUCE cov: 499 ft: 1321 corp: 365/25Kb lim: 48396 exec/s: 144046 rss: 166Mb L: 630/1418 MS: 2 PersAutoDict-EraseBytes- DE: "\001\033"-
#5329747	REDUCE cov: 499 ft: 1321 corp: 365/25Kb lim: 48396 exec/s: 144047 rss: 166Mb L: 565/1418 MS: 1 EraseBytes-
#5329825	REDUCE cov: 499 ft: 1321 corp: 365/25Kb lim: 48396 exec/s: 144049 rss: 166Mb L: 611/1418 MS: 3 ChangeBit-PersAutoDict-EraseBytes- DE: "Splitting blocks failed!"-
#5329877	REDUCE cov: 499 ft: 1321 corp: 365/25Kb lim: 48396 exec/s: 144050 rss: 166Mb L: 579/1418 MS: 2 EraseBytes-InsertRepeatedBytes-
#5329916	REDUCE cov: 499 ft: 1321 corp: 365/25Kb lim: 48396 exec/s: 144051 rss: 166Mb L: 538/1418 MS: 4 ShuffleBytes-ChangeBit-CrossOver-EraseBytes-
#5330099	REDUCE cov: 499 ft: 1321 corp: 365/25Kb lim: 48396 exec/s: 144056 rss: 166Mb L: 553/1418 MS: 3 CopyPart-ShuffleBytes-EraseBytes-
#5330157	REDUCE cov: 499 ft: 1321 corp: 365/25Kb lim: 48396 exec/s: 144058 rss: 166Mb L: 555/1418 MS: 3 PersAutoDict-PersAutoDict-EraseBytes- DE: "o\000\000\000\000\000\000\000"-"ZSTDMT_getCCtx"-
#5330247	REDUCE cov: 499 ft: 1322 corp: 366/26Kb lim: 48396 exec/s: 144060 rss: 166Mb L: 1188/1418 MS: 5 PersAutoDict-ChangeBinInt-InsertRepeatedBytes-ChangeBit-CopyPart- DE: "\000\006"-
#5330283	REDUCE cov: 499 ft: 1323 corp: 367/27Kb lim: 48396 exec/s: 144061 rss: 166Mb L: 579/1418 MS: 1 PersAutoDict- DE: "\000\000\001\000\000\000\000\000"-
#5330463	NEW    cov: 499 ft: 1324 corp: 368/27Kb lim: 48396 exec/s: 144066 rss: 166Mb L: 582/1418 MS: 5 ChangeBit-InsertByte-InsertByte-ChangeByte-InsertByte-
#5330560	REDUCE cov: 499 ft: 1324 corp: 368/27Kb lim: 48396 exec/s: 144069 rss: 166Mb L: 590/1418 MS: 2 InsertByte-EraseBytes-
#5330804	REDUCE cov: 499 ft: 1324 corp: 368/27Kb lim: 48396 exec/s: 144075 rss: 166Mb L: 537/1418 MS: 4 ShuffleBytes-ManualDict-CrossOver-EraseBytes- DE: "ZSTD_rleCompressBlock failed"-
#5331079	REDUCE cov: 506 ft: 1335 corp: 369/28Kb lim: 48396 exec/s: 144083 rss: 166Mb L: 854/1418 MS: 5 CrossOver-PersAutoDict-ChangeBit-CopyPart-InsertRepeatedBytes- DE: "ZSTD_compressBlock_fast_generic"-
#5331136	REDUCE cov: 506 ft: 1335 corp: 369/28Kb lim: 48396 exec/s: 144084 rss: 166Mb L: 935/1418 MS: 2 CrossOver-EraseBytes-
#5331309	REDUCE cov: 506 ft: 1335 corp: 369/27Kb lim: 48396 exec/s: 144089 rss: 166Mb L: 617/1418 MS: 3 PersAutoDict-ManualDict-EraseBytes- DE: "\001\000\000\000\000\000\000="-"Static dctx does not support multiple DDicts!"-
#5331528	REDUCE cov: 506 ft: 1335 corp: 369/27Kb lim: 48396 exec/s: 144095 rss: 166Mb L: 609/1418 MS: 4 CopyPart-InsertByte-CMP-EraseBytes- DE: "\377\377\377\377\377\377\377\207"-
#5331838	REDUCE cov: 506 ft: 1335 corp: 369/27Kb lim: 48396 exec/s: 144103 rss: 166Mb L: 537/1418 MS: 5 ManualDict-InsertRepeatedBytes-InsertByte-CMP-EraseBytes- DE: "not allowed"-"\012\002\000\000\000\000\000\000"-
#5331931	REDUCE cov: 506 ft: 1335 corp: 369/27Kb lim: 48396 exec/s: 144106 rss: 166Mb L: 605/1418 MS: 3 ChangeBit-CopyPart-EraseBytes-
#5332202	REDUCE cov: 506 ft: 1335 corp: 369/27Kb lim: 48396 exec/s: 144113 rss: 166Mb L: 556/1418 MS: 1 EraseBytes-
#5332713	REDUCE cov: 506 ft: 1335 corp: 369/27Kb lim: 48396 exec/s: 144127 rss: 166Mb L: 552/1418 MS: 1 EraseBytes-
#5332765	REDUCE cov: 506 ft: 1335 corp: 369/27Kb lim: 48396 exec/s: 144128 rss: 166Mb L: 556/1418 MS: 2 PersAutoDict-EraseBytes- DE: "\211\377\377\377\377\377\377\377"-
#5333060	REDUCE cov: 506 ft: 1336 corp: 370/28Kb lim: 48396 exec/s: 144136 rss: 166Mb L: 552/1418 MS: 5 CrossOver-ChangeBinInt-ShuffleBytes-ShuffleBytes-ManualDict- DE: "ZSTD_createCDict_advanced failed"-
#5333199	REDUCE cov: 506 ft: 1336 corp: 370/28Kb lim: 48396 exec/s: 144140 rss: 166Mb L: 533/1418 MS: 4 PersAutoDict-InsertByte-ShuffleBytes-EraseBytes- DE: "flush stage"-
#5333295	REDUCE cov: 506 ft: 1336 corp: 370/28Kb lim: 48396 exec/s: 144143 rss: 166Mb L: 544/1418 MS: 1 EraseBytes-
#5333361	REDUCE cov: 509 ft: 1339 corp: 371/28Kb lim: 48396 exec/s: 144144 rss: 166Mb L: 605/1418 MS: 1 CopyPart-
#5333440	REDUCE cov: 509 ft: 1339 corp: 371/28Kb lim: 48396 exec/s: 144147 rss: 166Mb L: 537/1418 MS: 4 ShuffleBytes-CrossOver-PersAutoDict-EraseBytes- DE: "ZSTD_writeFrameHeader failed"-
#5333457	REDUCE cov: 509 ft: 1339 corp: 371/28Kb lim: 48396 exec/s: 144147 rss: 166Mb L: 533/1418 MS: 2 EraseBytes-PersAutoDict- DE: "A\000\000\000"-
#5333658	REDUCE cov: 509 ft: 1339 corp: 371/28Kb lim: 48396 exec/s: 144152 rss: 166Mb L: 571/1418 MS: 1 EraseBytes-
#5333925	REDUCE cov: 509 ft: 1339 corp: 371/28Kb lim: 48396 exec/s: 144160 rss: 166Mb L: 562/1418 MS: 2 ManualDict-EraseBytes- DE: "Header of Literals' block doesn't respect format specification"-
#5334343	REDUCE cov: 509 ft: 1339 corp: 371/28Kb lim: 48396 exec/s: 144171 rss: 166Mb L: 583/1418 MS: 3 InsertRepeatedBytes-ChangeBinInt-EraseBytes-
#5334476	REDUCE cov: 509 ft: 1340 corp: 372/29Kb lim: 48396 exec/s: 144175 rss: 166Mb L: 537/1418 MS: 3 PersAutoDict-ManualDict-ChangeByte- DE: "reading magic number %08X"-"ZSTD_buildEntropyStatisticsAndEstimateSubBlockSize()"-
#5335283	REDUCE cov: 509 ft: 1341 corp: 373/29Kb lim: 48396 exec/s: 144196 rss: 166Mb L: 694/1418 MS: 2 EraseBytes-CrossOver-
#5335416	REDUCE cov: 509 ft: 1341 corp: 373/29Kb lim: 48396 exec/s: 144200 rss: 166Mb L: 610/1418 MS: 3 PersAutoDict-EraseBytes-InsertRepeatedBytes- DE: "\000R"-
#5335514	REDUCE cov: 509 ft: 1341 corp: 373/29Kb lim: 48396 exec/s: 144203 rss: 166Mb L: 541/1418 MS: 3 EraseBytes-CrossOver-InsertRepeatedBytes-
#5335517	REDUCE cov: 509 ft: 1341 corp: 373/29Kb lim: 48396 exec/s: 144203 rss: 166Mb L: 564/1418 MS: 3 ChangeByte-EraseBytes-InsertRepeatedBytes-
#5336001	REDUCE cov: 509 ft: 1341 corp: 373/29Kb lim: 48396 exec/s: 144216 rss: 166Mb L: 545/1418 MS: 4 ManualDict-ShuffleBytes-CrossOver-EraseBytes- DE: "input suspected incompressible : sampling to check"-
#5336292	REDUCE cov: 509 ft: 1342 corp: 374/30Kb lim: 48396 exec/s: 144224 rss: 166Mb L: 537/1418 MS: 1 CrossOver-
#5336692	REDUCE cov: 510 ft: 1343 corp: 375/30Kb lim: 48396 exec/s: 144234 rss: 166Mb L: 612/1418 MS: 5 ShuffleBytes-ChangeBit-CrossOver-InsertRepeatedBytes-CrossOver-
#5336835	REDUCE cov: 510 ft: 1343 corp: 375/30Kb lim: 48396 exec/s: 144238 rss: 166Mb L: 576/1418 MS: 3 PersAutoDict-ChangeBit-EraseBytes- DE: "Waiting for LDM to finish..."-
#5337006	REDUCE cov: 510 ft: 1343 corp: 375/30Kb lim: 48396 exec/s: 144243 rss: 166Mb L: 547/1418 MS: 1 EraseBytes-
#5337628	REDUCE cov: 510 ft: 1343 corp: 375/30Kb lim: 48396 exec/s: 144260 rss: 166Mb L: 670/1418 MS: 2 CrossOver-EraseBytes-
#5338033	REDUCE cov: 510 ft: 1343 corp: 375/30Kb lim: 48396 exec/s: 144271 rss: 166Mb L: 534/1418 MS: 5 CopyPart-CopyPart-PersAutoDict-ChangeBit-EraseBytes- DE: "\020\000"-
#5338263	REDUCE cov: 510 ft: 1343 corp: 375/30Kb lim: 48396 exec/s: 144277 rss: 166Mb L: 590/1418 MS: 5 ChangeBinInt-ManualDict-PersAutoDict-CrossOver-EraseBytes- DE: "end of frame : controlling src size"-"Waiting for buffer..."-
#5338384	REDUCE cov: 510 ft: 1343 corp: 375/30Kb lim: 48396 exec/s: 144280 rss: 166Mb L: 561/1418 MS: 1 EraseBytes-
#5338729	REDUCE cov: 510 ft: 1343 corp: 375/30Kb lim: 48396 exec/s: 144289 rss: 166Mb L: 536/1418 MS: 5 ChangeBinInt-PersAutoDict-CMP-ChangeBinInt-EraseBytes- DE: "happening right at the place where we expect zstd magic bytes. "-"\012\002\000\000\000\000\000\000"-
#5338755	REDUCE cov: 510 ft: 1344 corp: 376/31Kb lim: 48396 exec/s: 144290 rss: 166Mb L: 610/1418 MS: 1 ManualDict- DE: "ZSTD_compressStream2_simpleArgs failed"-
#5338783	REDUCE cov: 510 ft: 1345 corp: 377/31Kb lim: 48396 exec/s: 144291 rss: 166Mb L: 535/1418 MS: 3 InsertByte-CopyPart-PersAutoDict- DE: "A\000\000\000"-
#5338887	NEW    cov: 510 ft: 1346 corp: 378/32Kb lim: 48396 exec/s: 144294 rss: 166Mb L: 850/1418 MS: 4 EraseBytes-ManualDict-ShuffleBytes-CrossOver- DE: "ZSTD_initDStream_usingDict"-
#5339003	REDUCE cov: 510 ft: 1346 corp: 378/32Kb lim: 48396 exec/s: 144297 rss: 166Mb L: 590/1418 MS: 1 EraseBytes-
#5339103	REDUCE cov: 510 ft: 1346 corp: 378/32Kb lim: 48396 exec/s: 144300 rss: 166Mb L: 549/1418 MS: 5 ChangeBinInt-CMP-CopyPart-ChangeByte-EraseBytes- DE: "\377\000\000\000"-
#5339571	REDUCE cov: 510 ft: 1346 corp: 378/32Kb lim: 48396 exec/s: 144312 rss: 166Mb L: 533/1418 MS: 3 ChangeBinInt-CrossOver-EraseBytes-
#5339730	REDUCE cov: 510 ft: 1346 corp: 378/32Kb lim: 48396 exec/s: 144317 rss: 166Mb L: 825/1418 MS: 4 ShuffleBytes-CrossOver-ChangeByte-EraseBytes-
#5340172	REDUCE cov: 510 ft: 1346 corp: 378/32Kb lim: 48396 exec/s: 144328 rss: 166Mb L: 673/1418 MS: 2 ManualDict-EraseBytes- DE: "a match followed by N literals"-
#5340652	REDUCE cov: 510 ft: 1346 corp: 378/32Kb lim: 48396 exec/s: 144341 rss: 166Mb L: 550/1418 MS: 5 CMP-InsertRepeatedBytes-CMP-EraseBytes-CrossOver- DE: "\030\000"-"\030\000\000\000"-
#5340812	REDUCE cov: 510 ft: 1346 corp: 378/32Kb lim: 48396 exec/s: 144346 rss: 166Mb L: 533/1418 MS: 5 ManualDict-ShuffleBytes-EraseBytes-InsertByte-ManualDict- DE: "wait for serialState->cond"-"ZSTD_buildSeqTable failed"-
#5341097	REDUCE cov: 510 ft: 1346 corp: 378/32Kb lim: 48396 exec/s: 144353 rss: 166Mb L: 564/1418 MS: 5 CMP-CMP-ChangeBit-InsertRepeatedBytes-EraseBytes- DE: "\000\000\000\007"-"@\000\000\000"-
#5341150	REDUCE cov: 510 ft: 1346 corp: 378/32Kb lim: 48396 exec/s: 144355 rss: 166Mb L: 532/1418 MS: 3 ManualDict-InsertByte-EraseBytes- DE: "Destination buffer is too small"-
#5341224	REDUCE cov: 510 ft: 1346 corp: 378/32Kb lim: 48396 exec/s: 144357 rss: 166Mb L: 627/1418 MS: 4 InsertByte-ChangeBit-CopyPart-EraseBytes-
#5341341	REDUCE cov: 510 ft: 1347 corp: 379/32Kb lim: 48396 exec/s: 144360 rss: 166Mb L: 569/1418 MS: 2 ChangeBinInt-CopyPart-
#5341344	REDUCE cov: 510 ft: 1347 corp: 379/32Kb lim: 48396 exec/s: 144360 rss: 166Mb L: 586/1418 MS: 3 ShuffleBytes-ChangeBinInt-EraseBytes-
#5341477	REDUCE cov: 510 ft: 1347 corp: 379/32Kb lim: 48396 exec/s: 144364 rss: 166Mb L: 536/1418 MS: 3 ChangeByte-ChangeBit-EraseBytes-
#5342217	REDUCE cov: 510 ft: 1347 corp: 379/32Kb lim: 48396 exec/s: 144384 rss: 166Mb L: 546/1418 MS: 5 CrossOver-ManualDict-ManualDict-EraseBytes-ManualDict- DE: "Better"-"srcSize >= MIN_CBLOCK_SIZE == 2; here we need lhSize = 3"-"reusing statistics from previous huffman block"-
#5342403	REDUCE cov: 510 ft: 1347 corp: 379/32Kb lim: 48396 exec/s: 144389 rss: 166Mb L: 547/1418 MS: 1 EraseBytes-
#5342517	REDUCE cov: 510 ft: 1348 corp: 380/33Kb lim: 48396 exec/s: 144392 rss: 166Mb L: 686/1418 MS: 4 CrossOver-ShuffleBytes-ShuffleBytes-InsertByte-
#5342703	REDUCE cov: 510 ft: 1348 corp: 380/33Kb lim: 48396 exec/s: 144397 rss: 166Mb L: 569/1418 MS: 1 EraseBytes-
#5342731	REDUCE cov: 510 ft: 1348 corp: 380/33Kb lim: 48396 exec/s: 144398 rss: 166Mb L: 620/1418 MS: 3 ChangeBit-InsertRepeatedBytes-EraseBytes-
#5343381	REDUCE cov: 510 ft: 1348 corp: 380/33Kb lim: 48396 exec/s: 144415 rss: 166Mb L: 593/1418 MS: 5 CMP-CopyPart-CrossOver-ChangeBinInt-EraseBytes- DE: "\000\000\000\024"-
#5343400	REDUCE cov: 510 ft: 1348 corp: 380/33Kb lim: 48396 exec/s: 144416 rss: 166Mb L: 542/1418 MS: 4 ManualDict-PersAutoDict-ManualDict-EraseBytes- DE: "shortcut to single-pass ZSTD_decompress_usingDDict()"-"Consume header"-"Static dctx does not support multiple DDicts!"-
#5343457	REDUCE cov: 510 ft: 1349 corp: 381/33Kb lim: 48396 exec/s: 144417 rss: 166Mb L: 532/1418 MS: 2 ChangeASCIIInt-EraseBytes-
#5343477	REDUCE cov: 510 ft: 1349 corp: 381/33Kb lim: 48396 exec/s: 144418 rss: 166Mb L: 532/1418 MS: 5 PersAutoDict-EraseBytes-InsertRepeatedBytes-PersAutoDict-CMP- DE: "end of frame : controlling src size"-"Header of Literals' block doesn't respect format specification"-"\007\000\000\000\000\000\000\000"-
#5344163	REDUCE cov: 510 ft: 1349 corp: 381/33Kb lim: 48396 exec/s: 144436 rss: 166Mb L: 578/1418 MS: 1 EraseBytes-
#5345153	REDUCE cov: 510 ft: 1349 corp: 381/33Kb lim: 48396 exec/s: 144463 rss: 166Mb L: 534/1418 MS: 5 EraseBytes-ShuffleBytes-ChangeBinInt-CrossOver-InsertRepeatedBytes-
#5345867	REDUCE cov: 510 ft: 1349 corp: 381/33Kb lim: 48396 exec/s: 144482 rss: 166Mb L: 541/1418 MS: 4 ChangeBinInt-CrossOver-CMP-EraseBytes- DE: "\001\000\000\000\000\000\000\000"-
#5345897	REDUCE cov: 510 ft: 1349 corp: 381/33Kb lim: 48396 exec/s: 144483 rss: 166Mb L: 563/1418 MS: 5 InsertRepeatedBytes-ChangeBinInt-ShuffleBytes-ShuffleBytes-EraseBytes-
#5345996	REDUCE cov: 510 ft: 1349 corp: 381/33Kb lim: 48396 exec/s: 144486 rss: 166Mb L: 552/1418 MS: 4 CrossOver-ChangeBit-ChangeBinInt-EraseBytes-
#5346435	REDUCE cov: 510 ft: 1349 corp: 381/33Kb lim: 48396 exec/s: 144498 rss: 166Mb L: 545/1418 MS: 4 PersAutoDict-InsertRepeatedBytes-CMP-EraseBytes- DE: "Waiting for buffer..."-"#\000"-
#5346843	REDUCE cov: 510 ft: 1349 corp: 381/33Kb lim: 48396 exec/s: 144509 rss: 166Mb L: 532/1418 MS: 3 CrossOver-InsertRepeatedBytes-EraseBytes-
#5346884	REDUCE cov: 510 ft: 1349 corp: 381/33Kb lim: 48396 exec/s: 144510 rss: 166Mb L: 537/1418 MS: 1 EraseBytes-
#5347411	REDUCE cov: 510 ft: 1349 corp: 381/33Kb lim: 48396 exec/s: 144524 rss: 166Mb L: 547/1418 MS: 2 PersAutoDict-EraseBytes- DE: "\020\000"-
#5347703	REDUCE cov: 510 ft: 1349 corp: 381/33Kb lim: 48396 exec/s: 144532 rss: 166Mb L: 535/1418 MS: 2 ShuffleBytes-EraseBytes-
#5348159	REDUCE cov: 510 ft: 1349 corp: 381/33Kb lim: 48396 exec/s: 144544 rss: 166Mb L: 564/1418 MS: 1 EraseBytes-
#5348857	REDUCE cov: 510 ft: 1349 corp: 381/33Kb lim: 48396 exec/s: 144563 rss: 166Mb L: 534/1418 MS: 3 ChangeByte-ChangeByte-EraseBytes-
#5348951	REDUCE cov: 510 ft: 1349 corp: 381/33Kb lim: 48396 exec/s: 144566 rss: 166Mb L: 554/1418 MS: 4 ChangeBinInt-EraseBytes-ManualDict-ManualDict- DE: "ZSTD_compressSubBlock failed"-"ZSTDMT_freeBufferPool (address:%08X)"-
#5349549	REDUCE cov: 510 ft: 1349 corp: 381/33Kb lim: 48396 exec/s: 144582 rss: 166Mb L: 532/1418 MS: 3 CopyPart-EraseBytes-InsertByte-
#5349558	REDUCE cov: 510 ft: 1350 corp: 382/34Kb lim: 48396 exec/s: 144582 rss: 166Mb L: 538/1418 MS: 4 ChangeBit-InsertByte-ManualDict-CMP- DE: "not enough space remaining"-"\234\000\000\000\000\000\000\000"-
#5350105	REDUCE cov: 510 ft: 1350 corp: 382/34Kb lim: 48396 exec/s: 144597 rss: 166Mb L: 567/1418 MS: 2 CMP-EraseBytes- DE: "\377\011"-
#5350225	REDUCE cov: 510 ft: 1350 corp: 382/33Kb lim: 48396 exec/s: 144600 rss: 166Mb L: 550/1418 MS: 5 ShuffleBytes-ManualDict-CopyPart-ShuffleBytes-EraseBytes- DE: "Avoiding bug in zstd decoder in versions <= 1.4.0 by emitting "-
#5350301	REDUCE cov: 510 ft: 1350 corp: 382/33Kb lim: 48396 exec/s: 144602 rss: 166Mb L: 534/1418 MS: 1 EraseBytes-
#5350654	REDUCE cov: 510 ft: 1350 corp: 382/33Kb lim: 48396 exec/s: 144612 rss: 166Mb L: 532/1418 MS: 3 ManualDict-EraseBytes-InsertByte- DE: "ZSTDMT_tryGetInputRange failed"-
#5350791	REDUCE cov: 510 ft: 1350 corp: 382/33Kb lim: 48396 exec/s: 144615 rss: 166Mb L: 533/1418 MS: 2 PersAutoDict-EraseBytes- DE: "shortcut to single-pass ZSTD_decompress_usingDDict()"-
#5351140	REDUCE cov: 510 ft: 1351 corp: 383/34Kb lim: 48396 exec/s: 144625 rss: 166Mb L: 565/1418 MS: 4 ChangeBinInt-ManualDict-ChangeByte-InsertByte- DE: "completed ZSTD_compressStream2"-
#5351144	REDUCE cov: 510 ft: 1352 corp: 384/35Kb lim: 48396 exec/s: 144625 rss: 166Mb L: 683/1418 MS: 4 EraseBytes-InsertByte-InsertRepeatedBytes-CopyPart-
#5351512	REDUCE cov: 510 ft: 1352 corp: 384/35Kb lim: 48396 exec/s: 144635 rss: 166Mb L: 665/1418 MS: 3 ChangeBit-ChangeBit-EraseBytes-
#5351715	REDUCE cov: 510 ft: 1352 corp: 384/35Kb lim: 48396 exec/s: 144640 rss: 166Mb L: 580/1418 MS: 3 EraseBytes-CMP-InsertRepeatedBytes- DE: "\177\000\000\000\000\000\000\000"-
#5351916	REDUCE cov: 510 ft: 1352 corp: 384/35Kb lim: 48396 exec/s: 144646 rss: 166Mb L: 534/1418 MS: 1 EraseBytes-
#5352232	REDUCE cov: 510 ft: 1352 corp: 384/34Kb lim: 48396 exec/s: 144654 rss: 166Mb L: 540/1418 MS: 1 EraseBytes-
#5352675	REDUCE cov: 511 ft: 1353 corp: 385/35Kb lim: 48396 exec/s: 144666 rss: 166Mb L: 682/1418 MS: 3 InsertRepeatedBytes-CrossOver-ChangeBit-
#5352985	REDUCE cov: 511 ft: 1353 corp: 385/35Kb lim: 48396 exec/s: 144675 rss: 166Mb L: 557/1418 MS: 5 ChangeByte-PersAutoDict-CrossOver-CopyPart-EraseBytes- DE: "N literals followed by a match"-
#5353015	REDUCE cov: 511 ft: 1353 corp: 385/35Kb lim: 48396 exec/s: 144676 rss: 166Mb L: 535/1418 MS: 5 ShuffleBytes-CopyPart-EraseBytes-ChangeBinInt-CMP- DE: "\230\001\000\000\000\000\000\000"-
#5353853	REDUCE cov: 511 ft: 1353 corp: 385/35Kb lim: 48396 exec/s: 144698 rss: 166Mb L: 545/1418 MS: 3 CrossOver-ChangeByte-EraseBytes-
#5354665	REDUCE cov: 511 ft: 1353 corp: 385/35Kb lim: 48396 exec/s: 144720 rss: 166Mb L: 533/1418 MS: 2 CrossOver-EraseBytes-
#5354771	REDUCE cov: 512 ft: 1354 corp: 386/36Kb lim: 48396 exec/s: 144723 rss: 166Mb L: 534/1418 MS: 1 CopyPart-
#5354967	REDUCE cov: 512 ft: 1354 corp: 386/36Kb lim: 48396 exec/s: 144728 rss: 166Mb L: 533/1418 MS: 1 EraseBytes-
#5355193	REDUCE cov: 512 ft: 1354 corp: 386/36Kb lim: 48396 exec/s: 144734 rss: 166Mb L: 532/1418 MS: 1 EraseBytes-
#5355249	NEW    cov: 512 ft: 1356 corp: 387/36Kb lim: 48396 exec/s: 144736 rss: 166Mb L: 540/1418 MS: 1 CrossOver-
#5355366	REDUCE cov: 512 ft: 1356 corp: 387/36Kb lim: 48396 exec/s: 144739 rss: 166Mb L: 567/1418 MS: 2 CrossOver-EraseBytes-
#5356012	REDUCE cov: 512 ft: 1356 corp: 387/36Kb lim: 48396 exec/s: 144757 rss: 166Mb L: 541/1418 MS: 1 EraseBytes-
#5356810	REDUCE cov: 512 ft: 1356 corp: 387/36Kb lim: 48396 exec/s: 144778 rss: 166Mb L: 544/1418 MS: 3 ChangeByte-PersAutoDict-EraseBytes- DE: "ZSTDMT_getCCtx"-
#5356826	REDUCE cov: 512 ft: 1356 corp: 387/36Kb lim: 48396 exec/s: 144779 rss: 166Mb L: 537/1418 MS: 1 EraseBytes-
#5357632	REDUCE cov: 512 ft: 1356 corp: 387/36Kb lim: 48396 exec/s: 140990 rss: 166Mb L: 533/1418 MS: 1 EraseBytes-
#5358802	REDUCE cov: 512 ft: 1357 corp: 388/37Kb lim: 48396 exec/s: 141021 rss: 166Mb L: 624/1418 MS: 5 InsertRepeatedBytes-ChangeBit-ChangeByte-EraseBytes-InsertByte-
#5358928	REDUCE cov: 512 ft: 1357 corp: 388/37Kb lim: 48396 exec/s: 141024 rss: 166Mb L: 575/1418 MS: 1 EraseBytes-
#5359160	REDUCE cov: 512 ft: 1357 corp: 388/37Kb lim: 48396 exec/s: 141030 rss: 166Mb L: 548/1418 MS: 2 ChangeBit-EraseBytes-
#5359335	REDUCE cov: 512 ft: 1357 corp: 388/37Kb lim: 48396 exec/s: 141035 rss: 166Mb L: 532/1418 MS: 5 ChangeBit-CrossOver-CMP-InsertByte-EraseBytes- DE: "*\000\000\000\000\000\000\000"-
#5359565	REDUCE cov: 512 ft: 1357 corp: 388/37Kb lim: 48396 exec/s: 141041 rss: 166Mb L: 533/1418 MS: 5 ChangeBit-ChangeBinInt-PersAutoDict-CrossOver-EraseBytes- DE: "\002\000\000\000"-
#5360104	REDUCE cov: 513 ft: 1358 corp: 389/37Kb lim: 48396 exec/s: 141055 rss: 166Mb L: 595/1418 MS: 4 CrossOver-ChangeByte-InsertRepeatedBytes-PersAutoDict- DE: "\001\000\000\000\000\000\001O"-
#5360457	REDUCE cov: 513 ft: 1358 corp: 389/37Kb lim: 48396 exec/s: 141064 rss: 166Mb L: 542/1418 MS: 3 InsertByte-EraseBytes-InsertRepeatedBytes-
#5361259	REDUCE cov: 513 ft: 1358 corp: 389/37Kb lim: 48396 exec/s: 141085 rss: 166Mb L: 532/1418 MS: 2 ChangeBit-EraseBytes-
#5361931	REDUCE cov: 513 ft: 1358 corp: 389/37Kb lim: 48396 exec/s: 141103 rss: 166Mb L: 532/1418 MS: 2 ShuffleBytes-EraseBytes-
#5362461	REDUCE cov: 513 ft: 1358 corp: 389/37Kb lim: 48396 exec/s: 141117 rss: 166Mb L: 539/1418 MS: 5 ChangeBit-ChangeBit-ShuffleBytes-InsertRepeatedBytes-EraseBytes-
#5363919	REDUCE cov: 514 ft: 1359 corp: 390/38Kb lim: 48396 exec/s: 141155 rss: 166Mb L: 541/1418 MS: 3 ChangeBinInt-InsertByte-CMP- DE: "\026\002\000\000\000\000\000\000"-
#5364513	REDUCE cov: 514 ft: 1359 corp: 390/38Kb lim: 48396 exec/s: 141171 rss: 166Mb L: 536/1418 MS: 4 ManualDict-InsertByte-EraseBytes-InsertRepeatedBytes- DE: "Selected set_basic"-
#5364922	REDUCE cov: 517 ft: 1364 corp: 391/38Kb lim: 48396 exec/s: 141182 rss: 166Mb L: 536/1418 MS: 4 ChangeBit-CMP-ChangeBinInt-ChangeBinInt- DE: "\000\000\000@"-
#5365099	REDUCE cov: 517 ft: 1364 corp: 391/38Kb lim: 48396 exec/s: 141186 rss: 166Mb L: 532/1418 MS: 2 ManualDict-EraseBytes- DE: "input suspected incompressible : sampling to check"-
#5367174	REDUCE cov: 517 ft: 1364 corp: 391/38Kb lim: 48411 exec/s: 141241 rss: 166Mb L: 551/1418 MS: 5 ShuffleBytes-ChangeByte-InsertRepeatedBytes-EraseBytes-ManualDict- DE: "ZSTD_buildSequencesStatistics failed!"-
#5368236	REDUCE cov: 517 ft: 1364 corp: 391/38Kb lim: 48411 exec/s: 141269 rss: 167Mb L: 408/1418 MS: 2 ChangeBinInt-EraseBytes-
#5369527	REDUCE cov: 518 ft: 1367 corp: 392/38Kb lim: 48411 exec/s: 141303 rss: 167Mb L: 534/1418 MS: 1 InsertByte-
#5369663	REDUCE cov: 518 ft: 1367 corp: 392/38Kb lim: 48411 exec/s: 141306 rss: 167Mb L: 395/1418 MS: 1 EraseBytes-
#5371374	REDUCE cov: 518 ft: 1367 corp: 392/38Kb lim: 48426 exec/s: 141351 rss: 167Mb L: 313/1418 MS: 1 EraseBytes-
#5371781	REDUCE cov: 518 ft: 1367 corp: 392/38Kb lim: 48426 exec/s: 141362 rss: 167Mb L: 535/1418 MS: 2 CMP-EraseBytes- DE: "\000\000\000\000\000\000\002\012"-
#5375078	REDUCE cov: 518 ft: 1367 corp: 392/38Kb lim: 48456 exec/s: 141449 rss: 167Mb L: 553/1418 MS: 2 CopyPart-EraseBytes-
#5375929	REDUCE cov: 518 ft: 1367 corp: 392/38Kb lim: 48456 exec/s: 141471 rss: 167Mb L: 536/1418 MS: 1 EraseBytes-
#5377041	REDUCE cov: 518 ft: 1367 corp: 392/38Kb lim: 48456 exec/s: 141501 rss: 167Mb L: 532/1418 MS: 2 CrossOver-EraseBytes-
#5378801	REDUCE cov: 518 ft: 1367 corp: 392/38Kb lim: 48471 exec/s: 141547 rss: 167Mb L: 534/1418 MS: 5 CMP-ChangeASCIIInt-InsertRepeatedBytes-ManualDict-EraseBytes- DE: "\000\000\000\000\000\000\000\017"-"Avoiding bug in zstd decoder in versions <= 1.4.0 by emitting "-
#5379129	REDUCE cov: 518 ft: 1367 corp: 392/38Kb lim: 48471 exec/s: 141556 rss: 167Mb L: 536/1418 MS: 3 PersAutoDict-CopyPart-EraseBytes- DE: "\377\377\377\377\377\377\377\377"-
#5379528	REDUCE cov: 518 ft: 1367 corp: 392/38Kb lim: 48471 exec/s: 141566 rss: 167Mb L: 532/1418 MS: 4 ChangeBit-ChangeByte-EraseBytes-InsertByte-
#5380349	REDUCE cov: 518 ft: 1367 corp: 392/38Kb lim: 48471 exec/s: 141588 rss: 167Mb L: 16/1418 MS: 1 EraseBytes-
#5380718	REDUCE cov: 518 ft: 1367 corp: 392/38Kb lim: 48471 exec/s: 141597 rss: 167Mb L: 533/1418 MS: 4 InsertRepeatedBytes-ChangeBit-PersAutoDict-EraseBytes- DE: "\377\377\377\377\377\377\377\207"-
#5382303	REDUCE cov: 519 ft: 1369 corp: 393/39Kb lim: 48486 exec/s: 141639 rss: 167Mb L: 532/1418 MS: 5 ChangeBit-ManualDict-CMP-ShuffleBytes-ChangeByte- DE: "ZSTD_resetDStream"-"\377\377\377\377\377\377\377\365"-
#5382509	NEW    cov: 521 ft: 1371 corp: 394/39Kb lim: 48486 exec/s: 141644 rss: 167Mb L: 545/1418 MS: 1 CMP- DE: "\211\377\377\377\377\377\377\377"-
#5383045	REDUCE cov: 521 ft: 1371 corp: 394/39Kb lim: 48486 exec/s: 141659 rss: 167Mb L: 533/1418 MS: 1 EraseBytes-
#5383439	REDUCE cov: 521 ft: 1371 corp: 394/39Kb lim: 48486 exec/s: 141669 rss: 168Mb L: 538/1418 MS: 4 ShuffleBytes-ChangeBit-InsertRepeatedBytes-EraseBytes-
#5383947	REDUCE cov: 522 ft: 1372 corp: 395/40Kb lim: 48486 exec/s: 141682 rss: 168Mb L: 533/1418 MS: 3 ShuffleBytes-ChangeBinInt-InsertByte-
#5385541	REDUCE cov: 522 ft: 1373 corp: 396/41Kb lim: 48501 exec/s: 141724 rss: 168Mb L: 843/1418 MS: 4 ChangeByte-CMP-CMP-CrossOver- DE: "\327\000\000\000\000\000\000\000"-"\020\000\000\000\000\000\000\000"-
#5385741	NEW    cov: 523 ft: 1374 corp: 397/41Kb lim: 48501 exec/s: 141730 rss: 168Mb L: 580/1418 MS: 5 PersAutoDict-CMP-PersAutoDict-CopyPart-ShuffleBytes- DE: "legacy support is incompatible with static dctx"-"\001\000\000\000\000\000\000\014"-"\001\000\000\000\000\000\000="-
#5385854	REDUCE cov: 523 ft: 1374 corp: 397/41Kb lim: 48501 exec/s: 141733 rss: 168Mb L: 532/1418 MS: 3 InsertRepeatedBytes-InsertByte-EraseBytes-
#5385886	REDUCE cov: 523 ft: 1374 corp: 397/41Kb lim: 48501 exec/s: 141733 rss: 168Mb L: 535/1418 MS: 2 ChangeByte-EraseBytes-
#5387088	REDUCE cov: 523 ft: 1374 corp: 397/41Kb lim: 48501 exec/s: 141765 rss: 168Mb L: 697/1418 MS: 2 ChangeBit-EraseBytes-
#5387235	REDUCE cov: 523 ft: 1374 corp: 397/41Kb lim: 48501 exec/s: 141769 rss: 168Mb L: 535/1418 MS: 2 ChangeBinInt-EraseBytes-
#5387547	REDUCE cov: 523 ft: 1374 corp: 397/41Kb lim: 48501 exec/s: 141777 rss: 168Mb L: 646/1418 MS: 2 ChangeBinInt-EraseBytes-
#5387704	REDUCE cov: 523 ft: 1374 corp: 397/41Kb lim: 48501 exec/s: 141781 rss: 168Mb L: 597/1418 MS: 2 ShuffleBytes-EraseBytes-
#5390219	REDUCE cov: 523 ft: 1374 corp: 397/41Kb lim: 48516 exec/s: 141847 rss: 168Mb L: 533/1418 MS: 5 CopyPart-EraseBytes-PersAutoDict-CMP-InsertRepeatedBytes- DE: "\230\001\000\000\000\000\000\000"-"I\000\000\000\000\000\000\000"-
#5390377	REDUCE cov: 523 ft: 1374 corp: 397/41Kb lim: 48516 exec/s: 141852 rss: 168Mb L: 532/1418 MS: 3 ChangeByte-CopyPart-EraseBytes-
#5391786	REDUCE cov: 523 ft: 1374 corp: 397/41Kb lim: 48516 exec/s: 141889 rss: 168Mb L: 562/1418 MS: 4 ManualDict-ChangeByte-ChangeByte-EraseBytes- DE: "Nocompress block failed"-
#5392287	REDUCE cov: 523 ft: 1374 corp: 397/41Kb lim: 48516 exec/s: 141902 rss: 168Mb L: 541/1418 MS: 1 EraseBytes-
#5393312	REDUCE cov: 523 ft: 1374 corp: 397/41Kb lim: 48516 exec/s: 141929 rss: 169Mb L: 533/1418 MS: 5 ChangeBinInt-CMP-PersAutoDict-ShuffleBytes-EraseBytes- DE: "A\000\000\000"-"\377\011"-
#5395133	REDUCE cov: 523 ft: 1374 corp: 397/41Kb lim: 48531 exec/s: 141977 rss: 169Mb L: 18/1418 MS: 1 EraseBytes-
#5395337	REDUCE cov: 523 ft: 1374 corp: 397/41Kb lim: 48531 exec/s: 141982 rss: 169Mb L: 543/1418 MS: 4 ChangeByte-EraseBytes-ChangeBinInt-InsertRepeatedBytes-
#5397238	REDUCE cov: 523 ft: 1374 corp: 397/41Kb lim: 48546 exec/s: 142032 rss: 169Mb L: 553/1418 MS: 1 EraseBytes-
#5402120	REDUCE cov: 524 ft: 1376 corp: 398/42Kb lim: 48591 exec/s: 142161 rss: 169Mb L: 657/1418 MS: 2 ShuffleBytes-InsertRepeatedBytes-
#5402718	REDUCE cov: 524 ft: 1376 corp: 398/42Kb lim: 48591 exec/s: 142176 rss: 169Mb L: 536/1418 MS: 3 CrossOver-InsertRepeatedBytes-EraseBytes-
#5402863	REDUCE cov: 524 ft: 1376 corp: 398/41Kb lim: 48591 exec/s: 142180 rss: 169Mb L: 589/1418 MS: 5 ChangeBit-InsertByte-ManualDict-ManualDict-EraseBytes- DE: "invalid output buffer"-"ZSTD_decompressSequencesLong"-
#5404232	REDUCE cov: 524 ft: 1376 corp: 398/41Kb lim: 48591 exec/s: 142216 rss: 170Mb L: 566/1418 MS: 4 InsertRepeatedBytes-ManualDict-InsertRepeatedBytes-EraseBytes- DE: "should never happen"-
#5404580	REDUCE cov: 524 ft: 1376 corp: 398/41Kb lim: 48591 exec/s: 142225 rss: 170Mb L: 561/1418 MS: 3 CopyPart-EraseBytes-EraseBytes-
#5406053	REDUCE cov: 524 ft: 1376 corp: 398/41Kb lim: 48591 exec/s: 142264 rss: 170Mb L: 532/1418 MS: 3 ChangeBinInt-EraseBytes-ManualDict- DE: "sending selected sequences into seqStore"-
#5406468	REDUCE cov: 524 ft: 1376 corp: 398/41Kb lim: 48591 exec/s: 142275 rss: 170Mb L: 532/1418 MS: 5 PersAutoDict-ShuffleBytes-EraseBytes-CMP-InsertByte- DE: "\000\000\001\000\000\000\000\000"-"\377\377\377\377"-
#5406722	REDUCE cov: 525 ft: 1377 corp: 399/42Kb lim: 48591 exec/s: 142282 rss: 170Mb L: 644/1418 MS: 4 CMP-PersAutoDict-ManualDict-InsertRepeatedBytes- DE: "\377?"-"\007\000\000\000\000\000\000\000"-"input not entirely consumed"-
#5406725	REDUCE cov: 525 ft: 1377 corp: 399/42Kb lim: 48591 exec/s: 142282 rss: 170Mb L: 565/1418 MS: 3 ManualDict-EraseBytes-CrossOver- DE: "Allocation error : not enough memory"-
#5407262	REDUCE cov: 525 ft: 1377 corp: 399/42Kb lim: 48591 exec/s: 142296 rss: 170Mb L: 545/1418 MS: 2 ChangeBinInt-EraseBytes-
#5407591	REDUCE cov: 525 ft: 1378 corp: 400/43Kb lim: 48591 exec/s: 142305 rss: 170Mb L: 761/1418 MS: 4 PersAutoDict-ManualDict-ChangeBit-CopyPart- DE: "\001\000\000\000\000\000\000="-"Reset parameters is only possible during init stage."-
#5407924	REDUCE cov: 525 ft: 1378 corp: 400/43Kb lim: 48591 exec/s: 142313 rss: 170Mb L: 534/1418 MS: 3 ManualDict-EraseBytes-InsertRepeatedBytes- DE: "Compressing sequences of block failed"-
#5408542	REDUCE cov: 525 ft: 1378 corp: 400/43Kb lim: 48591 exec/s: 142330 rss: 170Mb L: 539/1418 MS: 3 CrossOver-PersAutoDict-EraseBytes- DE: "reading magic number %08X"-
#5409697	REDUCE cov: 525 ft: 1378 corp: 400/43Kb lim: 48591 exec/s: 142360 rss: 170Mb L: 755/1418 MS: 5 InsertRepeatedBytes-ChangeByte-ChangeBinInt-CopyPart-EraseBytes-
#5409897	REDUCE cov: 525 ft: 1378 corp: 400/43Kb lim: 48591 exec/s: 142365 rss: 170Mb L: 534/1418 MS: 5 CrossOver-ShuffleBytes-CrossOver-ChangeByte-EraseBytes-
#5411401	REDUCE cov: 525 ft: 1378 corp: 400/43Kb lim: 48591 exec/s: 142405 rss: 170Mb L: 649/1418 MS: 4 ShuffleBytes-ShuffleBytes-ManualDict-EraseBytes- DE: "ZSTD_resetDStream"-
#5412365	REDUCE cov: 525 ft: 1378 corp: 400/43Kb lim: 48591 exec/s: 142430 rss: 170Mb L: 541/1418 MS: 4 ChangeBinInt-ChangeBit-ChangeBit-EraseBytes-
#5413307	REDUCE cov: 525 ft: 1378 corp: 400/43Kb lim: 48591 exec/s: 142455 rss: 170Mb L: 540/1418 MS: 2 PersAutoDict-EraseBytes- DE: "\377\377\377\377\377\377\377\011"-
#5413865	REDUCE cov: 525 ft: 1379 corp: 401/44Kb lim: 48591 exec/s: 142470 rss: 170Mb L: 1021/1418 MS: 3 CopyPart-CopyPart-InsertRepeatedBytes-
#5414150	REDUCE cov: 525 ft: 1379 corp: 401/44Kb lim: 48591 exec/s: 142477 rss: 170Mb L: 532/1418 MS: 5 CMP-InsertByte-CrossOver-PersAutoDict-ManualDict- DE: "\027\000"-"wait for serialState->cond"-"Header of Literals' block doesn't respect format specification"-
#5414199	REDUCE cov: 525 ft: 1379 corp: 401/44Kb lim: 48591 exec/s: 142478 rss: 170Mb L: 952/1418 MS: 4 ManualDict-ChangeBinInt-ManualDict-EraseBytes- DE: "nbWorkers != 0"-"Splitting blocks failed!"-
#5414835	REDUCE cov: 525 ft: 1379 corp: 401/43Kb lim: 48591 exec/s: 142495 rss: 170Mb L: 594/1418 MS: 1 EraseBytes-
#5415418	REDUCE cov: 525 ft: 1379 corp: 401/43Kb lim: 48591 exec/s: 142511 rss: 170Mb L: 579/1418 MS: 3 InsertByte-CrossOver-EraseBytes-
#5415781	REDUCE cov: 525 ft: 1379 corp: 401/43Kb lim: 48591 exec/s: 142520 rss: 170Mb L: 915/1418 MS: 3 CMP-ManualDict-EraseBytes- DE: "1\000\000\000\000\000\000\000"-"an uncompressed block when sequences are < 4 bytes"-
#5415905	REDUCE cov: 525 ft: 1379 corp: 401/43Kb lim: 48591 exec/s: 142523 rss: 170Mb L: 669/1418 MS: 4 CMP-InsertRepeatedBytes-ChangeByte-EraseBytes- DE: "\000\000\000\036"-
#5416150	REDUCE cov: 525 ft: 1379 corp: 401/43Kb lim: 48591 exec/s: 142530 rss: 170Mb L: 536/1418 MS: 5 InsertRepeatedBytes-PersAutoDict-InsertRepeatedBytes-ChangeASCIIInt-EraseBytes- DE: "1\000\000\000\000\000\000\000"-
#5416199	REDUCE cov: 525 ft: 1379 corp: 401/43Kb lim: 48591 exec/s: 142531 rss: 170Mb L: 549/1418 MS: 4 ChangeByte-PersAutoDict-CopyPart-EraseBytes- DE: "set_basic - no gain"-
#5416508	REDUCE cov: 525 ft: 1380 corp: 402/44Kb lim: 48591 exec/s: 142539 rss: 170Mb L: 703/1418 MS: 4 ManualDict-ChangeASCIIInt-ChangeBit-PersAutoDict- DE: "farther than memory cache distance"-"\000R"-
#5416791	REDUCE cov: 525 ft: 1380 corp: 402/44Kb lim: 48591 exec/s: 142547 rss: 170Mb L: 681/1418 MS: 3 CrossOver-ChangeBinInt-EraseBytes-
#5416990	REDUCE cov: 525 ft: 1380 corp: 402/44Kb lim: 48591 exec/s: 142552 rss: 170Mb L: 536/1418 MS: 4 EraseBytes-ChangeBit-CopyPart-ManualDict- DE: "ZSTD_initCStream_usingDict"-
#5417165	REDUCE cov: 525 ft: 1380 corp: 402/44Kb lim: 48591 exec/s: 142556 rss: 170Mb L: 557/1418 MS: 5 EraseBytes-PersAutoDict-ShuffleBytes-InsertByte-ManualDict- DE: "Compressing sequences of block failed"-"should consume all input error."-
#5417434	REDUCE cov: 525 ft: 1380 corp: 402/44Kb lim: 48591 exec/s: 142564 rss: 170Mb L: 308/1418 MS: 4 CrossOver-EraseBytes-CMP-CopyPart- DE: ":\001\000\000\000\000\000\000"-
#5419975	REDUCE cov: 525 ft: 1380 corp: 402/44Kb lim: 48606 exec/s: 142630 rss: 170Mb L: 532/1418 MS: 1 EraseBytes-
#5420333	REDUCE cov: 526 ft: 1381 corp: 403/44Kb lim: 48606 exec/s: 142640 rss: 170Mb L: 549/1418 MS: 3 CrossOver-ChangeByte-ChangeBit-
#5422757	REDUCE cov: 526 ft: 1381 corp: 403/44Kb lim: 48621 exec/s: 142704 rss: 171Mb L: 549/1418 MS: 4 ShuffleBytes-ChangeBit-ChangeBinInt-EraseBytes-
#5423811	REDUCE cov: 526 ft: 1381 corp: 403/44Kb lim: 48621 exec/s: 142731 rss: 171Mb L: 535/1418 MS: 4 InsertByte-ShuffleBytes-CMP-EraseBytes- DE: "@\000\000\000"-
#5424764	REDUCE cov: 526 ft: 1381 corp: 403/44Kb lim: 48621 exec/s: 142756 rss: 171Mb L: 532/1418 MS: 3 ShuffleBytes-InsertByte-EraseBytes-
#5425148	REDUCE cov: 526 ft: 1381 corp: 403/44Kb lim: 48621 exec/s: 142767 rss: 171Mb L: 548/1418 MS: 4 ChangeBit-ShuffleBytes-EraseBytes-ManualDict- DE: "ZSTD_obm_stable passed but ZSTD_outBuffer is too small"-
#5426915	REDUCE cov: 526 ft: 1381 corp: 403/44Kb lim: 48636 exec/s: 142813 rss: 171Mb L: 533/1418 MS: 2 ManualDict-EraseBytes- DE: "missing init (ZSTD_compressBegin)"-
#5429148	REDUCE cov: 526 ft: 1382 corp: 404/45Kb lim: 48651 exec/s: 142872 rss: 171Mb L: 563/1418 MS: 3 PersAutoDict-InsertByte-PersAutoDict- DE: "\377\377\377\377\377\377\377\207"-"CCtx pool overflow : free cctx"-
#5429490	REDUCE cov: 526 ft: 1382 corp: 404/45Kb lim: 48651 exec/s: 142881 rss: 171Mb L: 534/1418 MS: 2 ManualDict-EraseBytes- DE: "Selected set_repeat"-
#5430688	REDUCE cov: 526 ft: 1382 corp: 404/45Kb lim: 48651 exec/s: 142912 rss: 171Mb L: 532/1418 MS: 3 InsertByte-EraseBytes-ManualDict- DE: "Src size is incorrect"-
#5430689	REDUCE cov: 526 ft: 1382 corp: 404/45Kb lim: 48651 exec/s: 142912 rss: 171Mb L: 533/1418 MS: 1 EraseBytes-
#5430731	REDUCE cov: 526 ft: 1382 corp: 404/45Kb lim: 48651 exec/s: 142913 rss: 171Mb L: 545/1418 MS: 2 ChangeBit-EraseBytes-
#5431023	REDUCE cov: 526 ft: 1382 corp: 404/45Kb lim: 48651 exec/s: 142921 rss: 171Mb L: 536/1418 MS: 2 PersAutoDict-EraseBytes- DE: "ZSTD_initDStream_usingDict"-
#5431368	REDUCE cov: 526 ft: 1382 corp: 404/45Kb lim: 48651 exec/s: 142930 rss: 171Mb L: 547/1418 MS: 5 InsertByte-CMP-InsertRepeatedBytes-EraseBytes-ManualDict- DE: "\377\377\377\377\377\377\377^"-"ZSTD_ldm_adjustParameters"-
#5432743	REDUCE cov: 526 ft: 1382 corp: 404/45Kb lim: 48651 exec/s: 142966 rss: 171Mb L: 534/1418 MS: 5 ChangeByte-CopyPart-CopyPart-PersAutoDict-EraseBytes- DE: "ZSTD_compressBlock_fast_generic"-
#5433045	REDUCE cov: 526 ft: 1382 corp: 404/45Kb lim: 48651 exec/s: 142974 rss: 171Mb L: 537/1418 MS: 2 ChangeASCIIInt-EraseBytes-
#5434275	REDUCE cov: 526 ft: 1382 corp: 404/45Kb lim: 48651 exec/s: 143007 rss: 171Mb L: 534/1418 MS: 5 CopyPart-CopyPart-ManualDict-ChangeByte-EraseBytes- DE: "Offset too large!"-
#5435268	REDUCE cov: 526 ft: 1382 corp: 404/45Kb lim: 48651 exec/s: 143033 rss: 171Mb L: 538/1418 MS: 3 InsertRepeatedBytes-EraseBytes-PersAutoDict- DE: "ZSTD_obm_stable passed but ZSTD_outBuffer is too small"-
#5435842	REDUCE cov: 526 ft: 1382 corp: 404/45Kb lim: 48651 exec/s: 143048 rss: 171Mb L: 533/1418 MS: 4 EraseBytes-PersAutoDict-EraseBytes-InsertRepeatedBytes- DE: "Src size is incorrect"-
#5437965	REDUCE cov: 526 ft: 1383 corp: 405/45Kb lim: 48666 exec/s: 143104 rss: 171Mb L: 844/1418 MS: 3 PersAutoDict-CrossOver-CopyPart- DE: "\000\000\001\000\000\000\000\000"-
#5438218	REDUCE cov: 526 ft: 1383 corp: 405/45Kb lim: 48666 exec/s: 143111 rss: 171Mb L: 796/1418 MS: 3 ManualDict-ChangeByte-EraseBytes- DE: "ZSTD_decompressSequencesSplitLitBuffer"-
#5438336	REDUCE cov: 526 ft: 1385 corp: 406/46Kb lim: 48666 exec/s: 143114 rss: 171Mb L: 628/1418 MS: 3 PersAutoDict-PersAutoDict-InsertRepeatedBytes- DE: "\211\377\377\377\377\377\377\377"-"Block header doesn't fit"-
#5439082	REDUCE cov: 526 ft: 1385 corp: 406/46Kb lim: 48666 exec/s: 143133 rss: 171Mb L: 573/1418 MS: 1 EraseBytes-
#5439254	REDUCE cov: 526 ft: 1385 corp: 406/46Kb lim: 48666 exec/s: 143138 rss: 171Mb L: 534/1418 MS: 2 PersAutoDict-EraseBytes- DE: "wait for serialState->cond"-
#5439690	REDUCE cov: 526 ft: 1385 corp: 406/46Kb lim: 48666 exec/s: 143149 rss: 171Mb L: 549/1418 MS: 1 EraseBytes-
#5439915	REDUCE cov: 526 ft: 1385 corp: 406/46Kb lim: 48666 exec/s: 143155 rss: 171Mb L: 536/1418 MS: 5 InsertRepeatedBytes-ChangeBinInt-CopyPart-InsertByte-EraseBytes-
#5440485	REDUCE cov: 526 ft: 1385 corp: 406/46Kb lim: 48666 exec/s: 143170 rss: 171Mb L: 532/1418 MS: 5 ChangeByte-ChangeBinInt-ChangeBit-ChangeBinInt-EraseBytes-
#5440724	REDUCE cov: 526 ft: 1385 corp: 406/46Kb lim: 48666 exec/s: 143176 rss: 172Mb L: 534/1418 MS: 4 ManualDict-ChangeByte-ChangeBit-EraseBytes- DE: "Not enough memory allocated. Try adjusting ZSTD_c_minMatch."-
#5442205	REDUCE cov: 526 ft: 1386 corp: 407/46Kb lim: 48666 exec/s: 143215 rss: 172Mb L: 533/1418 MS: 1 ChangeByte-
#5442728	REDUCE cov: 526 ft: 1386 corp: 407/46Kb lim: 48666 exec/s: 143229 rss: 172Mb L: 532/1418 MS: 3 ChangeByte-ManualDict-EraseBytes- DE: "Allocating new hash set"-
#5443270	REDUCE cov: 526 ft: 1387 corp: 408/47Kb lim: 48666 exec/s: 143243 rss: 172Mb L: 538/1418 MS: 2 ChangeBinInt-ManualDict- DE: "ZSTD_writeEpilogue failed"-
#5443843	REDUCE cov: 526 ft: 1388 corp: 409/48Kb lim: 48666 exec/s: 143259 rss: 172Mb L: 891/1418 MS: 3 EraseBytes-CrossOver-PersAutoDict- DE: "Freeing ddict hash set"-
#5443877	REDUCE cov: 526 ft: 1388 corp: 409/47Kb lim: 48666 exec/s: 143259 rss: 172Mb L: 659/1418 MS: 4 CrossOver-CopyPart-ChangeBit-EraseBytes-
#5444536	REDUCE cov: 526 ft: 1389 corp: 410/48Kb lim: 48666 exec/s: 143277 rss: 172Mb L: 548/1418 MS: 4 CMP-InsertByte-ShuffleBytes-PersAutoDict- DE: "k\000\000\000\000\000\000\000"-"\000\032"-
#5447272	REDUCE cov: 526 ft: 1389 corp: 410/48Kb lim: 48681 exec/s: 143349 rss: 172Mb L: 624/1418 MS: 1 EraseBytes-
#5447433	REDUCE cov: 526 ft: 1389 corp: 410/48Kb lim: 48681 exec/s: 143353 rss: 172Mb L: 533/1418 MS: 1 EraseBytes-
#5448088	REDUCE cov: 526 ft: 1389 corp: 410/48Kb lim: 48681 exec/s: 143370 rss: 172Mb L: 580/1418 MS: 5 ChangeByte-ManualDict-CopyPart-ManualDict-EraseBytes- DE: "ZSTD_createCDict_advanced failed"-"CCtx initialization failed"-
#5449060	REDUCE cov: 526 ft: 1389 corp: 410/48Kb lim: 48681 exec/s: 139719 rss: 172Mb L: 541/1418 MS: 2 EraseBytes-InsertRepeatedBytes-
#5450190	REDUCE cov: 526 ft: 1389 corp: 410/48Kb lim: 48681 exec/s: 139748 rss: 172Mb L: 537/1418 MS: 5 InsertRepeatedBytes-ChangeByte-InsertRepeatedBytes-ChangeBinInt-EraseBytes-
#5451408	REDUCE cov: 526 ft: 1389 corp: 410/48Kb lim: 48681 exec/s: 139779 rss: 172Mb L: 552/1418 MS: 3 ChangeBinInt-ChangeBit-EraseBytes-
#5453186	REDUCE cov: 526 ft: 1389 corp: 410/48Kb lim: 48696 exec/s: 139825 rss: 172Mb L: 532/1418 MS: 3 InsertRepeatedBytes-EraseBytes-CMP- DE: "\001@"-
#5454172	NEW    cov: 526 ft: 1390 corp: 411/48Kb lim: 48696 exec/s: 139850 rss: 172Mb L: 532/1418 MS: 1 ChangeByte-
#5454994	REDUCE cov: 526 ft: 1390 corp: 411/48Kb lim: 48696 exec/s: 139871 rss: 172Mb L: 536/1418 MS: 2 ShuffleBytes-EraseBytes-
#5455077	REDUCE cov: 526 ft: 1390 corp: 411/48Kb lim: 48696 exec/s: 139873 rss: 172Mb L: 544/1418 MS: 3 ShuffleBytes-ManualDict-EraseBytes- DE: "static CCtx can't allocate for an internal copy of dictionary"-
#5455175	REDUCE cov: 526 ft: 1390 corp: 411/48Kb lim: 48696 exec/s: 139876 rss: 172Mb L: 543/1418 MS: 3 EraseBytes-ShuffleBytes-InsertRepeatedBytes-
#5455300	REDUCE cov: 526 ft: 1390 corp: 411/48Kb lim: 48696 exec/s: 139879 rss: 172Mb L: 545/1418 MS: 5 CrossOver-CrossOver-PersAutoDict-CrossOver-EraseBytes- DE: "ZSTD_buildBlockEntropyStats_literals failed"-
#5456491	REDUCE cov: 526 ft: 1390 corp: 411/48Kb lim: 48696 exec/s: 139910 rss: 172Mb L: 533/1418 MS: 1 EraseBytes-
#5456867	REDUCE cov: 526 ft: 1390 corp: 411/48Kb lim: 48696 exec/s: 139919 rss: 172Mb L: 537/1418 MS: 1 EraseBytes-
#5457636	REDUCE cov: 526 ft: 1390 corp: 411/48Kb lim: 48696 exec/s: 139939 rss: 172Mb L: 532/1418 MS: 4 EraseBytes-ChangeByte-ChangeByte-InsertRepeatedBytes-
#5458334	REDUCE cov: 526 ft: 1390 corp: 411/48Kb lim: 48696 exec/s: 139957 rss: 172Mb L: 540/1418 MS: 3 ChangeByte-ChangeBinInt-EraseBytes-
#5459576	REDUCE cov: 526 ft: 1390 corp: 411/48Kb lim: 48696 exec/s: 139989 rss: 172Mb L: 532/1418 MS: 2 ManualDict-EraseBytes- DE: "Data corruption detected"-
#5460219	REDUCE cov: 526 ft: 1390 corp: 411/48Kb lim: 48696 exec/s: 140005 rss: 172Mb L: 536/1418 MS: 3 ChangeBit-ShuffleBytes-EraseBytes-
#5460844	REDUCE cov: 526 ft: 1390 corp: 411/48Kb lim: 48696 exec/s: 140021 rss: 172Mb L: 533/1418 MS: 5 PersAutoDict-CopyPart-PersAutoDict-ChangeBit-EraseBytes- DE: "emitting an uncompressed block."-"\001\000\000\000\000\000\000\005"-
#5461522	REDUCE cov: 526 ft: 1391 corp: 412/49Kb lim: 48696 exec/s: 140039 rss: 172Mb L: 557/1418 MS: 3 ManualDict-ManualDict-CrossOver- DE: "ZSTD_buildSeqStore failed"-"impossible to reach"-
#5461708	REDUCE cov: 526 ft: 1391 corp: 412/49Kb lim: 48696 exec/s: 140043 rss: 172Mb L: 532/1418 MS: 1 EraseBytes-
#5461907	REDUCE cov: 526 ft: 1391 corp: 412/49Kb lim: 48696 exec/s: 140048 rss: 172Mb L: 541/1418 MS: 4 CrossOver-InsertRepeatedBytes-ManualDict-EraseBytes- DE: "shortcut to single-pass ZSTD_decompress_usingDDict()"-
#5462086	REDUCE cov: 526 ft: 1391 corp: 412/49Kb lim: 48696 exec/s: 140053 rss: 172Mb L: 534/1418 MS: 4 CMP-ChangeBinInt-InsertByte-EraseBytes- DE: "\006\000"-
#5462464	REDUCE cov: 526 ft: 1394 corp: 413/49Kb lim: 48696 exec/s: 140063 rss: 172Mb L: 576/1418 MS: 3 CopyPart-ChangeASCIIInt-InsertRepeatedBytes-
#5463171	REDUCE cov: 526 ft: 1395 corp: 414/50Kb lim: 48696 exec/s: 140081 rss: 172Mb L: 977/1418 MS: 2 CopyPart-PersAutoDict- DE: "happening right at the place where we expect zstd magic bytes. "-
#5463251	REDUCE cov: 526 ft: 1395 corp: 414/50Kb lim: 48696 exec/s: 140083 rss: 172Mb L: 762/1418 MS: 5 CrossOver-ShuffleBytes-InsertRepeatedBytes-ManualDict-EraseBytes- DE: "srcSize >= MIN_CBLOCK_SIZE == 2; here we need up to 5 for case 3"-
#5464018	REDUCE cov: 526 ft: 1395 corp: 414/50Kb lim: 48696 exec/s: 140103 rss: 173Mb L: 538/1418 MS: 2 ManualDict-EraseBytes- DE: "not started"-
#5464516	REDUCE cov: 526 ft: 1395 corp: 414/50Kb lim: 48696 exec/s: 140115 rss: 173Mb L: 620/1418 MS: 3 InsertByte-CopyPart-EraseBytes-
#5464866	REDUCE cov: 526 ft: 1396 corp: 415/50Kb lim: 48696 exec/s: 140124 rss: 173Mb L: 607/1418 MS: 5 CopyPart-ChangeBit-PersAutoDict-InsertRepeatedBytes-PersAutoDict- DE: "should never happen"-"\007\000\000\000"-
#5464907	REDUCE cov: 526 ft: 1396 corp: 415/50Kb lim: 48696 exec/s: 140125 rss: 173Mb L: 545/1418 MS: 1 EraseBytes-
#5465802	REDUCE cov: 526 ft: 1396 corp: 415/50Kb lim: 48696 exec/s: 140148 rss: 173Mb L: 532/1418 MS: 5 ChangeBinInt-PersAutoDict-PersAutoDict-ChangeBit-EraseBytes- DE: "shortcut to single-pass ZSTD_decompress_usingDDict()"-"shortcut to single-pass ZSTD_decompress_usingDDict()"-
#5465884	REDUCE cov: 526 ft: 1396 corp: 415/50Kb lim: 48696 exec/s: 140150 rss: 173Mb L: 600/1418 MS: 2 ShuffleBytes-EraseBytes-
#5466255	REDUCE cov: 526 ft: 1396 corp: 415/50Kb lim: 48696 exec/s: 140160 rss: 173Mb L: 544/1418 MS: 1 EraseBytes-
#5466557	REDUCE cov: 526 ft: 1396 corp: 415/50Kb lim: 48696 exec/s: 140168 rss: 173Mb L: 549/1418 MS: 2 InsertRepeatedBytes-EraseBytes-
#5469071	REDUCE cov: 526 ft: 1396 corp: 415/50Kb lim: 48711 exec/s: 140232 rss: 173Mb L: 538/1418 MS: 4 InsertByte-ShuffleBytes-ChangeByte-EraseBytes-
#5470154	REDUCE cov: 526 ft: 1396 corp: 415/50Kb lim: 48711 exec/s: 140260 rss: 173Mb L: 534/1418 MS: 3 ChangeByte-ChangeBinInt-EraseBytes-
#5470476	REDUCE cov: 526 ft: 1396 corp: 415/50Kb lim: 48711 exec/s: 140268 rss: 173Mb L: 599/1418 MS: 2 ChangeByte-EraseBytes-
#5470592	REDUCE cov: 526 ft: 1396 corp: 415/50Kb lim: 48711 exec/s: 140271 rss: 173Mb L: 533/1418 MS: 1 EraseBytes-
#5474250	REDUCE cov: 526 ft: 1396 corp: 415/50Kb lim: 48741 exec/s: 140365 rss: 173Mb L: 534/1418 MS: 3 CopyPart-ChangeBit-EraseBytes-
#5474396	REDUCE cov: 526 ft: 1396 corp: 415/50Kb lim: 48741 exec/s: 140369 rss: 173Mb L: 583/1418 MS: 1 EraseBytes-
#5476272	REDUCE cov: 526 ft: 1396 corp: 415/50Kb lim: 48756 exec/s: 140417 rss: 173Mb L: 538/1418 MS: 1 EraseBytes-
#5476545	REDUCE cov: 526 ft: 1396 corp: 415/50Kb lim: 48756 exec/s: 140424 rss: 173Mb L: 534/1418 MS: 3 InsertByte-InsertByte-EraseBytes-
#5477552	REDUCE cov: 526 ft: 1396 corp: 415/50Kb lim: 48756 exec/s: 140450 rss: 173Mb L: 538/1418 MS: 2 CopyPart-EraseBytes-
#5478339	REDUCE cov: 526 ft: 1396 corp: 415/50Kb lim: 48756 exec/s: 140470 rss: 173Mb L: 532/1418 MS: 2 EraseBytes-InsertRepeatedBytes-
#5480689	REDUCE cov: 526 ft: 1396 corp: 415/50Kb lim: 48771 exec/s: 140530 rss: 173Mb L: 535/1418 MS: 5 ShuffleBytes-ChangeBinInt-EraseBytes-ShuffleBytes-PersAutoDict- DE: "content-only"-
#5482084	REDUCE cov: 526 ft: 1396 corp: 415/50Kb lim: 48771 exec/s: 140566 rss: 173Mb L: 548/1418 MS: 5 ShuffleBytes-InsertRepeatedBytes-EraseBytes-ChangeByte-ManualDict- DE: "HIST_count_wksp failed"-
#5484801	REDUCE cov: 526 ft: 1396 corp: 415/50Kb lim: 48786 exec/s: 140635 rss: 173Mb L: 532/1418 MS: 2 ChangeBinInt-EraseBytes-
#5485905	REDUCE cov: 526 ft: 1396 corp: 415/50Kb lim: 48786 exec/s: 140664 rss: 173Mb L: 18/1418 MS: 4 InsertByte-EraseBytes-InsertByte-ChangeByte-
#5486149	REDUCE cov: 526 ft: 1397 corp: 416/51Kb lim: 48786 exec/s: 140670 rss: 173Mb L: 532/1418 MS: 4 ShuffleBytes-CopyPart-ChangeBit-ChangeByte-
#5488547	REDUCE cov: 526 ft: 1397 corp: 416/51Kb lim: 48801 exec/s: 140731 rss: 173Mb L: 532/1418 MS: 3 EraseBytes-PersAutoDict-InsertRepeatedBytes- DE: "T\000\000\000\000\000\000\000"-
#5490718	REDUCE cov: 526 ft: 1397 corp: 416/51Kb lim: 48816 exec/s: 140787 rss: 173Mb L: 546/1418 MS: 1 EraseBytes-
#5492048	REDUCE cov: 526 ft: 1397 corp: 416/51Kb lim: 48816 exec/s: 140821 rss: 173Mb L: 532/1418 MS: 5 PersAutoDict-ChangeByte-ManualDict-CMP-EraseBytes- DE: "input not entirely consumed"-"srcSize >= MIN_CBLOCK_SIZE == 2; here we need lhSize = 3"-"\001\000\000\000\000\000\003l"-
#5492185	REDUCE cov: 526 ft: 1397 corp: 416/51Kb lim: 48816 exec/s: 140825 rss: 173Mb L: 534/1418 MS: 2 InsertRepeatedBytes-EraseBytes-
#5494522	REDUCE cov: 527 ft: 1398 corp: 417/51Kb lim: 48831 exec/s: 140885 rss: 173Mb L: 635/1418 MS: 2 ChangeByte-InsertRepeatedBytes-
#5495199	REDUCE cov: 527 ft: 1398 corp: 417/51Kb lim: 48831 exec/s: 140902 rss: 174Mb L: 533/1418 MS: 2 PersAutoDict-EraseBytes- DE: "External sequences imply too large a block!"-
#5496110	REDUCE cov: 527 ft: 1398 corp: 417/51Kb lim: 48831 exec/s: 140925 rss: 174Mb L: 532/1418 MS: 1 EraseBytes-
#5496405	REDUCE cov: 527 ft: 1398 corp: 417/51Kb lim: 48831 exec/s: 140933 rss: 174Mb L: 625/1418 MS: 5 InsertRepeatedBytes-InsertByte-ChangeBit-CrossOver-EraseBytes-
#5496494	REDUCE cov: 527 ft: 1398 corp: 417/51Kb lim: 48831 exec/s: 140935 rss: 174Mb L: 537/1418 MS: 4 ChangeByte-EraseBytes-PersAutoDict-CrossOver- DE: "\001\003"-
#5497912	REDUCE cov: 527 ft: 1398 corp: 417/51Kb lim: 48831 exec/s: 140972 rss: 174Mb L: 440/1418 MS: 3 ManualDict-ChangeBinInt-EraseBytes- DE: "External sequences imply too large a block!"-
#5499048	REDUCE cov: 527 ft: 1398 corp: 417/51Kb lim: 48831 exec/s: 141001 rss: 174Mb L: 532/1418 MS: 1 EraseBytes-
#5499484	REDUCE cov: 527 ft: 1398 corp: 417/51Kb lim: 48831 exec/s: 141012 rss: 174Mb L: 532/1418 MS: 1 EraseBytes-
#5502439	REDUCE cov: 527 ft: 1398 corp: 417/51Kb lim: 48846 exec/s: 141088 rss: 174Mb L: 532/1418 MS: 5 ShuffleBytes-CrossOver-ShuffleBytes-InsertByte-EraseBytes-
#5510704	REDUCE cov: 527 ft: 1399 corp: 418/52Kb lim: 48921 exec/s: 141300 rss: 174Mb L: 542/1418 MS: 5 CMP-ShuffleBytes-ChangeByte-ChangeBit-ChangeByte- DE: "\377\377\377?"-
#5511028	REDUCE cov: 527 ft: 1399 corp: 418/52Kb lim: 48921 exec/s: 141308 rss: 174Mb L: 536/1418 MS: 4 ChangeBinInt-ShuffleBytes-PersAutoDict-EraseBytes- DE: "Not enough memory allocated. Try adjusting ZSTD_c_minMatch."-
#5512980	REDUCE cov: 527 ft: 1400 corp: 419/52Kb lim: 48936 exec/s: 141358 rss: 174Mb L: 532/1418 MS: 2 PersAutoDict-ChangeBit- DE: "\377\377\377\377\377\377\377^"-
#5513271	REDUCE cov: 527 ft: 1402 corp: 420/53Kb lim: 48936 exec/s: 141365 rss: 174Mb L: 658/1418 MS: 1 InsertRepeatedBytes-
#5513313	REDUCE cov: 527 ft: 1402 corp: 420/53Kb lim: 48936 exec/s: 141367 rss: 174Mb L: 536/1418 MS: 2 InsertRepeatedBytes-EraseBytes-
#5513361	REDUCE cov: 527 ft: 1402 corp: 420/53Kb lim: 48936 exec/s: 141368 rss: 174Mb L: 555/1418 MS: 3 ChangeBit-InsertRepeatedBytes-EraseBytes-
#5514746	REDUCE cov: 527 ft: 1402 corp: 420/53Kb lim: 48936 exec/s: 141403 rss: 174Mb L: 537/1418 MS: 5 ShuffleBytes-EraseBytes-ManualDict-CopyPart-InsertRepeatedBytes- DE: "HIST_count_wksp failed"-
#5515412	REDUCE cov: 527 ft: 1402 corp: 420/53Kb lim: 48936 exec/s: 141420 rss: 174Mb L: 532/1418 MS: 1 EraseBytes-
#5519652	REDUCE cov: 527 ft: 1402 corp: 420/53Kb lim: 48966 exec/s: 141529 rss: 174Mb L: 532/1418 MS: 5 ChangeASCIIInt-ShuffleBytes-PersAutoDict-CrossOver-EraseBytes- DE: "\000R"-
#5525352	REDUCE cov: 527 ft: 1402 corp: 420/53Kb lim: 49011 exec/s: 141675 rss: 174Mb L: 535/1418 MS: 5 CopyPart-PersAutoDict-EraseBytes-InsertRepeatedBytes-InsertRepeatedBytes- DE: "nbWorkers != 0"-
#5527600	REDUCE cov: 527 ft: 1403 corp: 421/53Kb lim: 49026 exec/s: 141733 rss: 174Mb L: 566/1418 MS: 3 CrossOver-CrossOver-ChangeBit-
#5528787	REDUCE cov: 527 ft: 1403 corp: 421/53Kb lim: 49026 exec/s: 141763 rss: 174Mb L: 534/1418 MS: 2 EraseBytes-PersAutoDict- DE: "ZSTD_decompressSequencesSplitLitBuffer"-
#5529102	REDUCE cov: 527 ft: 1403 corp: 421/53Kb lim: 49026 exec/s: 141771 rss: 174Mb L: 532/1418 MS: 5 InsertRepeatedBytes-EraseBytes-ManualDict-InsertRepeatedBytes-PersAutoDict- DE: "ZSTD_compress_frameChunk failed"-"\377\377\377\377\377\377\377\207"-
#5529621	REDUCE cov: 527 ft: 1403 corp: 421/53Kb lim: 49026 exec/s: 141785 rss: 174Mb L: 534/1418 MS: 4 CMP-EraseBytes-ManualDict-InsertRepeatedBytes- DE: "\210\377\377\377\377\377\377\377"-"Sequence validation failed"-
#5532382	REDUCE cov: 527 ft: 1404 corp: 422/54Kb lim: 49041 exec/s: 141855 rss: 174Mb L: 532/1418 MS: 1 PersAutoDict- DE: "\001\025"-
#5533174	REDUCE cov: 527 ft: 1404 corp: 422/54Kb lim: 49041 exec/s: 141876 rss: 174Mb L: 537/1418 MS: 2 ManualDict-EraseBytes- DE: "N literals followed by a match"-
#5533519	REDUCE cov: 527 ft: 1404 corp: 422/54Kb lim: 49041 exec/s: 141885 rss: 174Mb L: 532/1418 MS: 5 PersAutoDict-ShuffleBytes-ChangeBit-InsertByte-EraseBytes- DE: "content-only"-
#5534431	REDUCE cov: 527 ft: 1404 corp: 422/54Kb lim: 49041 exec/s: 141908 rss: 174Mb L: 535/1418 MS: 2 ManualDict-EraseBytes- DE: "reserving optimal parser space"-
#5535452	REDUCE cov: 527 ft: 1404 corp: 422/54Kb lim: 49041 exec/s: 141934 rss: 174Mb L: 563/1418 MS: 1 EraseBytes-
#5539655	REDUCE cov: 527 ft: 1405 corp: 423/54Kb lim: 49071 exec/s: 142042 rss: 174Mb L: 532/1418 MS: 3 ChangeBit-ChangeBinInt-ChangeBinInt-
#5539667	REDUCE cov: 527 ft: 1405 corp: 423/54Kb lim: 49071 exec/s: 142042 rss: 174Mb L: 533/1418 MS: 2 ChangeBinInt-EraseBytes-
#5540931	REDUCE cov: 527 ft: 1405 corp: 423/54Kb lim: 49071 exec/s: 142075 rss: 174Mb L: 532/1418 MS: 4 ChangeByte-InsertByte-EraseBytes-InsertByte-
#5541557	REDUCE cov: 527 ft: 1405 corp: 423/54Kb lim: 49071 exec/s: 142091 rss: 174Mb L: 556/1418 MS: 1 EraseBytes-
#5542955	REDUCE cov: 527 ft: 1405 corp: 423/54Kb lim: 49071 exec/s: 142127 rss: 174Mb L: 534/1418 MS: 3 InsertRepeatedBytes-ChangeByte-EraseBytes-
#5548656	REDUCE cov: 527 ft: 1405 corp: 423/54Kb lim: 49116 exec/s: 138716 rss: 174Mb L: 533/1418 MS: 1 EraseBytes-
#5550472	REDUCE cov: 527 ft: 1405 corp: 423/54Kb lim: 49131 exec/s: 138761 rss: 174Mb L: 532/1418 MS: 1 EraseBytes-
#5560360	REDUCE cov: 527 ft: 1405 corp: 423/54Kb lim: 49221 exec/s: 139009 rss: 175Mb L: 17/1418 MS: 3 CopyPart-ChangeByte-EraseBytes-
#5561908	NEW    cov: 527 ft: 1406 corp: 424/55Kb lim: 49236 exec/s: 139047 rss: 175Mb L: 532/1418 MS: 3 ShuffleBytes-ChangeBinInt-PersAutoDict- DE: "happening right at the place where we expect zstd magic bytes. "-
#5563489	REDUCE cov: 527 ft: 1406 corp: 424/55Kb lim: 49251 exec/s: 139087 rss: 175Mb L: 532/1418 MS: 1 EraseBytes-
#5573416	REDUCE cov: 527 ft: 1406 corp: 424/55Kb lim: 49341 exec/s: 139335 rss: 175Mb L: 15/1418 MS: 2 ChangeBinInt-EraseBytes-
#5580180	REDUCE cov: 527 ft: 1406 corp: 424/55Kb lim: 49401 exec/s: 139504 rss: 175Mb L: 532/1418 MS: 4 InsertRepeatedBytes-ChangeByte-PersAutoDict-EraseBytes- DE: "ZSTD_decompressSequencesSplitLitBuffer"-
#5585247	REDUCE cov: 527 ft: 1406 corp: 424/55Kb lim: 49446 exec/s: 139631 rss: 175Mb L: 532/1418 MS: 2 PersAutoDict-EraseBytes- DE: "\012\002\000\000\000\000\000\000"-
#5586406	REDUCE cov: 527 ft: 1406 corp: 424/55Kb lim: 49446 exec/s: 139660 rss: 175Mb L: 548/1418 MS: 4 ShuffleBytes-EraseBytes-ShuffleBytes-InsertRepeatedBytes-
#5588906	REDUCE cov: 527 ft: 1406 corp: 424/55Kb lim: 49461 exec/s: 139722 rss: 175Mb L: 438/1418 MS: 5 PersAutoDict-ChangeByte-ChangeByte-ChangeBit-EraseBytes- DE: "\377\377\377\377\377\377\377\011"-
#5604162	REDUCE cov: 527 ft: 1406 corp: 424/55Kb lim: 49611 exec/s: 140104 rss: 175Mb L: 532/1418 MS: 1 EraseBytes-
#5607732	REDUCE cov: 527 ft: 1407 corp: 425/55Kb lim: 49641 exec/s: 140193 rss: 175Mb L: 664/1418 MS: 5 EraseBytes-CMP-InsertByte-InsertRepeatedBytes-CrossOver- DE: "\000\000\017\377"-
#5609123	REDUCE cov: 527 ft: 1407 corp: 425/55Kb lim: 49641 exec/s: 140228 rss: 175Mb L: 537/1418 MS: 1 EraseBytes-
#5612660	REDUCE cov: 527 ft: 1407 corp: 425/55Kb lim: 49671 exec/s: 140316 rss: 175Mb L: 532/1418 MS: 2 CrossOver-EraseBytes-
#5617228	REDUCE cov: 527 ft: 1407 corp: 425/55Kb lim: 49716 exec/s: 140430 rss: 175Mb L: 534/1418 MS: 3 ChangeBit-EraseBytes-ManualDict- DE: "ZSTD_initCStream"-
#5622613	REDUCE cov: 527 ft: 1407 corp: 425/55Kb lim: 49761 exec/s: 140565 rss: 175Mb L: 545/1418 MS: 5 ShuffleBytes-ChangeASCIIInt-ChangeByte-ChangeByte-EraseBytes-
#5622937	REDUCE cov: 527 ft: 1407 corp: 425/55Kb lim: 49761 exec/s: 140573 rss: 175Mb L: 533/1418 MS: 4 ChangeByte-ChangeBinInt-ChangeBinInt-EraseBytes-
#5624259	REDUCE cov: 527 ft: 1407 corp: 425/55Kb lim: 49761 exec/s: 140606 rss: 175Mb L: 532/1418 MS: 2 ShuffleBytes-EraseBytes-
#5626194	REDUCE cov: 527 ft: 1407 corp: 425/55Kb lim: 49776 exec/s: 140654 rss: 176Mb L: 533/1418 MS: 5 InsertByte-EraseBytes-CrossOver-EraseBytes-InsertRepeatedBytes-
#5630847	REDUCE cov: 527 ft: 1408 corp: 426/56Kb lim: 49821 exec/s: 140771 rss: 176Mb L: 553/1418 MS: 3 ChangeBit-PersAutoDict-PersAutoDict- DE: "reserving table space"-"srcSize >= MIN_CBLOCK_SIZE == 2; here we need lhSize = 3"-
#5632075	REDUCE cov: 527 ft: 1408 corp: 426/56Kb lim: 49821 exec/s: 140801 rss: 176Mb L: 437/1418 MS: 3 ChangeByte-ChangeBinInt-EraseBytes-
#5638214	REDUCE cov: 527 ft: 1409 corp: 427/57Kb lim: 49881 exec/s: 140955 rss: 176Mb L: 1042/1418 MS: 4 InsertRepeatedBytes-InsertRepeatedBytes-EraseBytes-CrossOver-
#5638357	REDUCE cov: 527 ft: 1409 corp: 427/56Kb lim: 49881 exec/s: 140958 rss: 176Mb L: 672/1418 MS: 3 ShuffleBytes-ShuffleBytes-EraseBytes-
#5638462	REDUCE cov: 527 ft: 1409 corp: 427/56Kb lim: 49881 exec/s: 140961 rss: 176Mb L: 643/1418 MS: 5 EraseBytes-CMP-ChangeByte-ManualDict-InsertRepeatedBytes- DE: "\006\000\000\000\000\000\000\000"-"ZSTD_compressBlock_targetCBlockSize_body failed"-
#5638668	REDUCE cov: 527 ft: 1409 corp: 427/56Kb lim: 49881 exec/s: 140966 rss: 176Mb L: 642/1418 MS: 1 EraseBytes-
#5638690	REDUCE cov: 527 ft: 1409 corp: 427/56Kb lim: 49881 exec/s: 140967 rss: 176Mb L: 560/1418 MS: 2 ManualDict-EraseBytes- DE: "ZSTD_initCStream_usingCDict_advanced"-
#5640828	REDUCE cov: 527 ft: 1409 corp: 427/56Kb lim: 49896 exec/s: 141020 rss: 176Mb L: 532/1418 MS: 3 EraseBytes-InsertByte-CopyPart-
#5642541	NEW    cov: 527 ft: 1411 corp: 428/57Kb lim: 49911 exec/s: 141063 rss: 176Mb L: 852/1418 MS: 3 CrossOver-EraseBytes-ChangeByte-
#5643352	REDUCE cov: 527 ft: 1411 corp: 428/57Kb lim: 49911 exec/s: 141083 rss: 176Mb L: 708/1418 MS: 1 EraseBytes-
#5643556	REDUCE cov: 527 ft: 1411 corp: 428/57Kb lim: 49911 exec/s: 141088 rss: 176Mb L: 598/1418 MS: 4 EraseBytes-ChangeBit-CrossOver-InsertRepeatedBytes-
#5644742	REDUCE cov: 527 ft: 1411 corp: 428/57Kb lim: 49911 exec/s: 141118 rss: 176Mb L: 548/1418 MS: 1 EraseBytes-
#5645890	REDUCE cov: 527 ft: 1411 corp: 428/57Kb lim: 49911 exec/s: 141147 rss: 176Mb L: 547/1418 MS: 3 EraseBytes-CMP-InsertRepeatedBytes- DE: "\377\000\000\000"-
#5646340	REDUCE cov: 527 ft: 1413 corp: 429/57Kb lim: 49911 exec/s: 141158 rss: 176Mb L: 534/1418 MS: 5 ManualDict-ShuffleBytes-ShuffleBytes-CMP-CMP- DE: "Using row-based hash table for lazy dict"-"\343\000"-"l\003\000\000\000\000\000\000"-
#5649726	REDUCE cov: 527 ft: 1413 corp: 429/57Kb lim: 49941 exec/s: 141243 rss: 176Mb L: 534/1418 MS: 1 EraseBytes-
#5657613	REDUCE cov: 527 ft: 1413 corp: 429/57Kb lim: 50016 exec/s: 137990 rss: 176Mb L: 533/1418 MS: 2 EraseBytes-InsertRepeatedBytes-
#5661288	REDUCE cov: 527 ft: 1413 corp: 429/57Kb lim: 50046 exec/s: 138080 rss: 176Mb L: 532/1418 MS: 5 EraseBytes-InsertByte-ManualDict-ShuffleBytes-PersAutoDict- DE: "Param out of bounds"-"Dictionary mismatch"-
#5661610	REDUCE cov: 527 ft: 1413 corp: 429/57Kb lim: 50046 exec/s: 138088 rss: 176Mb L: 534/1418 MS: 2 ShuffleBytes-EraseBytes-
#5664976	REDUCE cov: 527 ft: 1413 corp: 429/57Kb lim: 50076 exec/s: 138170 rss: 176Mb L: 536/1418 MS: 1 EraseBytes-
#5667071	REDUCE cov: 527 ft: 1413 corp: 429/57Kb lim: 50091 exec/s: 138221 rss: 176Mb L: 532/1418 MS: 5 PersAutoDict-InsertRepeatedBytes-CrossOver-CopyPart-EraseBytes- DE: "ZSTDMT_freeBufferPool (address:%08X)"-
#5672429	REDUCE cov: 527 ft: 1413 corp: 429/57Kb lim: 50136 exec/s: 138351 rss: 176Mb L: 533/1418 MS: 3 InsertByte-EraseBytes-ManualDict- DE: "Fractional weight"-
#5681262	REDUCE cov: 527 ft: 1414 corp: 430/58Kb lim: 50211 exec/s: 138567 rss: 176Mb L: 653/1418 MS: 3 ChangeBinInt-InsertRepeatedBytes-ChangeByte-
#5682072	REDUCE cov: 527 ft: 1414 corp: 430/58Kb lim: 50211 exec/s: 138587 rss: 176Mb L: 556/1418 MS: 5 ChangeBinInt-InsertRepeatedBytes-InsertByte-ManualDict-EraseBytes- DE: "Selected set_basic"-
#5683393	REDUCE cov: 527 ft: 1414 corp: 430/58Kb lim: 50211 exec/s: 138619 rss: 176Mb L: 532/1418 MS: 1 EraseBytes-
#5684633	REDUCE cov: 527 ft: 1414 corp: 430/58Kb lim: 50211 exec/s: 138649 rss: 176Mb L: 436/1418 MS: 5 ChangeBinInt-CMP-ChangeBit-ChangeBinInt-EraseBytes- DE: "@\000\000\000"-
#5685398	REDUCE cov: 527 ft: 1414 corp: 430/58Kb lim: 50211 exec/s: 138668 rss: 176Mb L: 545/1418 MS: 5 ChangeBinInt-ChangeBinInt-ChangeByte-ChangeBit-EraseBytes-
#5687675	REDUCE cov: 527 ft: 1414 corp: 430/58Kb lim: 50226 exec/s: 138723 rss: 176Mb L: 532/1418 MS: 2 CrossOver-EraseBytes-
#5697181	REDUCE cov: 527 ft: 1414 corp: 430/58Kb lim: 50316 exec/s: 138955 rss: 176Mb L: 534/1418 MS: 1 EraseBytes-
#5705624	REDUCE cov: 527 ft: 1415 corp: 431/58Kb lim: 50391 exec/s: 139161 rss: 176Mb L: 562/1418 MS: 3 InsertRepeatedBytes-PersAutoDict-ChangeBit- DE: "Consume header"-
#5709421	REDUCE cov: 527 ft: 1415 corp: 431/58Kb lim: 50421 exec/s: 139254 rss: 176Mb L: 533/1418 MS: 2 ManualDict-EraseBytes- DE: "reusing statistics from previous huffman block"-
#5710127	REDUCE cov: 527 ft: 1415 corp: 431/58Kb lim: 50421 exec/s: 139271 rss: 176Mb L: 548/1418 MS: 1 EraseBytes-
#5718906	REDUCE cov: 527 ft: 1415 corp: 431/58Kb lim: 50496 exec/s: 139485 rss: 176Mb L: 532/1418 MS: 4 CMP-ChangeBinInt-EraseBytes-PersAutoDict- DE: "\377\377\3774"-"set_basic - too small"-
#5726728	REDUCE cov: 527 ft: 1415 corp: 431/58Kb lim: 50571 exec/s: 139676 rss: 176Mb L: 540/1418 MS: 2 PersAutoDict-EraseBytes- DE: "Nocompress block failed"-
#5727686	REDUCE cov: 527 ft: 1415 corp: 431/58Kb lim: 50571 exec/s: 139699 rss: 176Mb L: 532/1418 MS: 3 ShuffleBytes-CMP-EraseBytes- DE: "\010\000\000\000\000\000\000\000"-
#5728978	REDUCE cov: 527 ft: 1415 corp: 431/58Kb lim: 50571 exec/s: 139731 rss: 176Mb L: 532/1418 MS: 2 EraseBytes-PersAutoDict- DE: "ZSTD_compressStream2_simpleArgs failed"-
#5730314	REDUCE cov: 527 ft: 1416 corp: 432/59Kb lim: 50571 exec/s: 139763 rss: 176Mb L: 533/1418 MS: 1 InsertByte-
#5740676	REDUCE cov: 527 ft: 1416 corp: 432/59Kb lim: 50661 exec/s: 140016 rss: 176Mb L: 539/1418 MS: 2 EraseBytes-CrossOver-
#5744313	REDUCE cov: 527 ft: 1416 corp: 432/59Kb lim: 50691 exec/s: 140105 rss: 176Mb L: 532/1418 MS: 2 ShuffleBytes-EraseBytes-
#5751289	REDUCE cov: 527 ft: 1417 corp: 433/60Kb lim: 50751 exec/s: 140275 rss: 176Mb L: 992/1418 MS: 1 CopyPart-
#5753193	REDUCE cov: 527 ft: 1417 corp: 433/60Kb lim: 50766 exec/s: 140321 rss: 176Mb L: 634/1418 MS: 4 PersAutoDict-CopyPart-InsertRepeatedBytes-EraseBytes- DE: "@\000\000\000"-
#5753415	REDUCE cov: 527 ft: 1417 corp: 433/59Kb lim: 50766 exec/s: 140327 rss: 176Mb L: 564/1418 MS: 2 CMP-EraseBytes- DE: "\377\377\377\377\377\377\377\211"-
#5754144	REDUCE cov: 527 ft: 1417 corp: 433/59Kb lim: 50766 exec/s: 140344 rss: 176Mb L: 532/1418 MS: 4 ChangeByte-ChangeBit-ShuffleBytes-EraseBytes-
#5759902	REDUCE cov: 527 ft: 1417 corp: 433/59Kb lim: 50811 exec/s: 140485 rss: 177Mb L: 535/1418 MS: 3 InsertRepeatedBytes-ChangeByte-EraseBytes-
#5760513	REDUCE cov: 527 ft: 1417 corp: 433/59Kb lim: 50811 exec/s: 140500 rss: 177Mb L: 536/1418 MS: 1 EraseBytes-
#5767840	REDUCE cov: 527 ft: 1417 corp: 433/59Kb lim: 50871 exec/s: 137329 rss: 177Mb L: 532/1418 MS: 2 PersAutoDict-EraseBytes- DE: "\001\000\000\000\000\000\003l"-
#5773097	REDUCE cov: 527 ft: 1418 corp: 434/60Kb lim: 50916 exec/s: 137454 rss: 177Mb L: 532/1418 MS: 2 CopyPart-ChangeBit-
#5783073	REDUCE cov: 527 ft: 1418 corp: 434/60Kb lim: 51006 exec/s: 137692 rss: 177Mb L: 537/1418 MS: 1 EraseBytes-
#5784416	REDUCE cov: 527 ft: 1418 corp: 434/60Kb lim: 51006 exec/s: 137724 rss: 177Mb L: 532/1418 MS: 3 InsertByte-ManualDict-EraseBytes- DE: "CCtx initialization failed"-
#5796754	REDUCE cov: 527 ft: 1418 corp: 434/60Kb lim: 51126 exec/s: 138017 rss: 177Mb L: 532/1418 MS: 3 ManualDict-EraseBytes-EraseBytes- DE: "ZSTD_compress2 failed"-
#5797430	REDUCE cov: 527 ft: 1418 corp: 434/60Kb lim: 51126 exec/s: 138034 rss: 177Mb L: 533/1418 MS: 1 EraseBytes-
#5805802	REDUCE cov: 527 ft: 1418 corp: 434/60Kb lim: 51201 exec/s: 138233 rss: 177Mb L: 13/1418 MS: 2 ChangeBit-EraseBytes-
#5808499	REDUCE cov: 527 ft: 1418 corp: 434/60Kb lim: 51216 exec/s: 138297 rss: 177Mb L: 532/1418 MS: 2 ShuffleBytes-EraseBytes-
#5818417	REDUCE cov: 527 ft: 1419 corp: 435/60Kb lim: 51306 exec/s: 138533 rss: 177Mb L: 599/1418 MS: 3 InsertByte-CMP-CopyPart- DE: "\000\000"-
#5818621	REDUCE cov: 527 ft: 1419 corp: 435/60Kb lim: 51306 exec/s: 138538 rss: 177Mb L: 539/1418 MS: 4 ShuffleBytes-InsertRepeatedBytes-EraseBytes-InsertRepeatedBytes-
#5819435	REDUCE cov: 527 ft: 1419 corp: 435/60Kb lim: 51306 exec/s: 138557 rss: 177Mb L: 532/1418 MS: 4 ChangeBit-ChangeASCIIInt-ManualDict-EraseBytes- DE: "last block"-
#5820780	REDUCE cov: 527 ft: 1419 corp: 435/60Kb lim: 51306 exec/s: 138590 rss: 177Mb L: 536/1418 MS: 5 InsertByte-ChangeBinInt-ChangeBit-EraseBytes-ManualDict- DE: "invalid skippable frame"-
#5828664	REDUCE cov: 527 ft: 1419 corp: 435/60Kb lim: 51381 exec/s: 138777 rss: 177Mb L: 533/1418 MS: 4 ManualDict-ShuffleBytes-CMP-EraseBytes- DE: "FSE_writeNCount failed"-"\001\000\000\000"-
#5847268	REDUCE cov: 527 ft: 1419 corp: 435/60Kb lim: 51561 exec/s: 139220 rss: 177Mb L: 532/1418 MS: 4 EraseBytes-ChangeByte-ManualDict-InsertByte- DE: "tableLog requires too much memory : unsupported"-
#5852807	REDUCE cov: 527 ft: 1420 corp: 436/61Kb lim: 51606 exec/s: 139352 rss: 177Mb L: 930/1418 MS: 4 CMP-CMP-CrossOver-ChangeBinInt- DE: "\377\377\377\377\377\377\377\354"-"\010\000\000\000"-
#5853045	REDUCE cov: 527 ft: 1420 corp: 436/61Kb lim: 51606 exec/s: 139358 rss: 177Mb L: 563/1418 MS: 3 ChangeByte-InsertRepeatedBytes-EraseBytes-
#5854191	REDUCE cov: 527 ft: 1420 corp: 436/61Kb lim: 51606 exec/s: 139385 rss: 177Mb L: 547/1418 MS: 1 EraseBytes-
#5864743	REDUCE cov: 527 ft: 1420 corp: 436/61Kb lim: 51711 exec/s: 139636 rss: 177Mb L: 533/1418 MS: 2 EraseBytes-InsertRepeatedBytes-
#5874434	REDUCE cov: 527 ft: 1420 corp: 436/61Kb lim: 51801 exec/s: 136614 rss: 177Mb L: 532/1418 MS: 1 EraseBytes-
#5886910	REDUCE cov: 527 ft: 1420 corp: 436/61Kb lim: 51921 exec/s: 136904 rss: 177Mb L: 532/1418 MS: 1 EraseBytes-
#5896849	REDUCE cov: 527 ft: 1420 corp: 436/61Kb lim: 52011 exec/s: 137136 rss: 177Mb L: 532/1418 MS: 4 ChangeBinInt-ChangeByte-ChangeBit-EraseBytes-
#5915623	REDUCE cov: 527 ft: 1420 corp: 436/61Kb lim: 52191 exec/s: 137572 rss: 177Mb L: 534/1418 MS: 4 ManualDict-ChangeBinInt-CrossOver-EraseBytes- DE: "be inherited from the cdict)."-
#5918165	REDUCE cov: 527 ft: 1420 corp: 436/61Kb lim: 52206 exec/s: 137631 rss: 177Mb L: 532/1418 MS: 2 InsertByte-EraseBytes-
#5939818	REDUCE cov: 527 ft: 1420 corp: 436/61Kb lim: 52416 exec/s: 138135 rss: 177Mb L: 533/1418 MS: 3 CMP-EraseBytes-ManualDict- DE: "\000\000\000\000\000\000\001\351"-"allocation failed for dictionary content"-
#5947721	REDUCE cov: 527 ft: 1420 corp: 436/61Kb lim: 52491 exec/s: 138319 rss: 177Mb L: 535/1418 MS: 3 InsertRepeatedBytes-PersAutoDict-EraseBytes- DE: "\000\012"-
#5956848	REDUCE cov: 527 ft: 1420 corp: 436/61Kb lim: 52581 exec/s: 138531 rss: 177Mb L: 532/1418 MS: 2 CrossOver-EraseBytes-
#5959555	REDUCE cov: 527 ft: 1420 corp: 436/61Kb lim: 52596 exec/s: 138594 rss: 177Mb L: 299/1418 MS: 2 ChangeBinInt-EraseBytes-
#5960882	REDUCE cov: 527 ft: 1420 corp: 436/61Kb lim: 52596 exec/s: 138625 rss: 177Mb L: 264/1418 MS: 2 InsertByte-EraseBytes-
#5976431	REDUCE cov: 527 ft: 1420 corp: 436/61Kb lim: 52746 exec/s: 138986 rss: 177Mb L: 532/1418 MS: 4 ManualDict-ManualDict-InsertRepeatedBytes-EraseBytes- DE: "stage zdss_read"-"RLE compress block failed"-
#5979747	REDUCE cov: 527 ft: 1420 corp: 436/61Kb lim: 52776 exec/s: 139063 rss: 177Mb L: 248/1418 MS: 1 EraseBytes-
#5988919	REDUCE cov: 527 ft: 1420 corp: 436/61Kb lim: 52866 exec/s: 136111 rss: 177Mb L: 532/1418 MS: 2 InsertRepeatedBytes-EraseBytes-
#6023492	REDUCE cov: 527 ft: 1420 corp: 436/61Kb lim: 53196 exec/s: 136897 rss: 177Mb L: 533/1418 MS: 3 ChangeBit-ManualDict-EraseBytes- DE: "ZSTD_initDStream_usingDDict"-
#6041128	REDUCE cov: 527 ft: 1420 corp: 436/61Kb lim: 53361 exec/s: 137298 rss: 177Mb L: 532/1418 MS: 1 EraseBytes-
#6042252	REDUCE cov: 527 ft: 1420 corp: 436/61Kb lim: 53361 exec/s: 137323 rss: 177Mb L: 533/1418 MS: 4 InsertByte-ChangeByte-ChangeByte-EraseBytes-
#6058708	REDUCE cov: 527 ft: 1420 corp: 436/61Kb lim: 53511 exec/s: 137697 rss: 177Mb L: 246/1418 MS: 1 EraseBytes-
#6062936	REDUCE cov: 527 ft: 1420 corp: 436/61Kb lim: 53541 exec/s: 137794 rss: 177Mb L: 533/1418 MS: 3 CMP-ChangeByte-EraseBytes- DE: "\001\000\000\000\000\000\000\263"-
#6063967	REDUCE cov: 527 ft: 1420 corp: 436/61Kb lim: 53541 exec/s: 137817 rss: 177Mb L: 532/1418 MS: 1 EraseBytes-
#6104948	REDUCE cov: 527 ft: 1420 corp: 436/61Kb lim: 53946 exec/s: 135665 rss: 177Mb L: 532/1418 MS: 1 EraseBytes-
#6119279	REDUCE cov: 527 ft: 1420 corp: 436/61Kb lim: 54081 exec/s: 135983 rss: 177Mb L: 532/1418 MS: 1 EraseBytes-
#6124533	REDUCE cov: 527 ft: 1421 corp: 437/62Kb lim: 54126 exec/s: 136100 rss: 177Mb L: 1065/1418 MS: 4 ChangeByte-ChangeBit-InsertByte-CrossOver-
#6124838	REDUCE cov: 527 ft: 1421 corp: 437/61Kb lim: 54126 exec/s: 136107 rss: 177Mb L: 803/1418 MS: 5 ShuffleBytes-InsertByte-ChangeBit-ManualDict-EraseBytes- DE: "no room for epilogue"-
#6125342	REDUCE cov: 527 ft: 1421 corp: 437/61Kb lim: 54126 exec/s: 136118 rss: 177Mb L: 613/1418 MS: 4 ChangeBinInt-CrossOver-ChangeBit-EraseBytes-
#6126924	REDUCE cov: 527 ft: 1421 corp: 437/61Kb lim: 54141 exec/s: 136153 rss: 177Mb L: 549/1418 MS: 2 CopyPart-EraseBytes-
#6130533	REDUCE cov: 527 ft: 1421 corp: 437/61Kb lim: 54171 exec/s: 136234 rss: 177Mb L: 544/1418 MS: 4 ShuffleBytes-ChangeBinInt-ChangeBinInt-EraseBytes-
#6153504	REDUCE cov: 527 ft: 1421 corp: 437/61Kb lim: 54396 exec/s: 136744 rss: 178Mb L: 532/1418 MS: 1 EraseBytes-
#6190161	REDUCE cov: 527 ft: 1421 corp: 437/61Kb lim: 54756 exec/s: 137559 rss: 178Mb L: 245/1418 MS: 2 InsertByte-EraseBytes-
#6192156	REDUCE cov: 527 ft: 1421 corp: 437/61Kb lim: 54771 exec/s: 137603 rss: 178Mb L: 532/1418 MS: 5 ShuffleBytes-CopyPart-ChangeBit-EraseBytes-CrossOver-
#6206971	REDUCE cov: 527 ft: 1421 corp: 437/61Kb lim: 54906 exec/s: 137932 rss: 178Mb L: 532/1418 MS: 5 ShuffleBytes-CMP-PersAutoDict-InsertRepeatedBytes-EraseBytes- DE: "b\000\000\000\000\000\000\000"-"\000\000\000N"-
#6214260	REDUCE cov: 527 ft: 1421 corp: 437/61Kb lim: 54966 exec/s: 135092 rss: 178Mb L: 532/1418 MS: 4 CMP-ChangeBinInt-PersAutoDict-EraseBytes- DE: "\377\377\377\377\377\377\377&"-"\377\377\377\377\377\377\377\211"-
#6253284	REDUCE cov: 527 ft: 1421 corp: 437/61Kb lim: 55341 exec/s: 135940 rss: 178Mb L: 532/1418 MS: 4 InsertRepeatedBytes-EraseBytes-ManualDict-InsertByte- DE: "ZSTDMT_getBuffer: create a new buffer"-
#6309868	REDUCE cov: 527 ft: 1421 corp: 437/61Kb lim: 55896 exec/s: 137171 rss: 178Mb L: 533/1418 MS: 4 InsertByte-ChangeBit-EraseBytes-InsertRepeatedBytes-
#6333719	NEW    cov: 527 ft: 1422 corp: 438/62Kb lim: 56121 exec/s: 134759 rss: 178Mb L: 668/1418 MS: 1 CopyPart-
#6334745	REDUCE cov: 527 ft: 1422 corp: 438/62Kb lim: 56121 exec/s: 134781 rss: 178Mb L: 588/1418 MS: 1 EraseBytes-
#6335170	REDUCE cov: 527 ft: 1422 corp: 438/62Kb lim: 56121 exec/s: 134790 rss: 178Mb L: 561/1418 MS: 5 CopyPart-PersAutoDict-EraseBytes-InsertRepeatedBytes-InsertRepeatedBytes- DE: "\000\000\000\024"-
#6335261	REDUCE cov: 527 ft: 1422 corp: 438/62Kb lim: 56121 exec/s: 134792 rss: 178Mb L: 555/1418 MS: 1 EraseBytes-
#6337772	REDUCE cov: 527 ft: 1422 corp: 438/62Kb lim: 56136 exec/s: 134846 rss: 178Mb L: 37/1418 MS: 1 EraseBytes-
#6346980	REDUCE cov: 527 ft: 1423 corp: 439/62Kb lim: 56226 exec/s: 135042 rss: 178Mb L: 558/1418 MS: 3 CMP-ManualDict-ManualDict- DE: "\321\002\000\000\000\000\000\000"-"Not enough space to copy sequences"-"Sequence validation failed"-
#6353127	NEW    cov: 527 ft: 1424 corp: 440/63Kb lim: 56286 exec/s: 135172 rss: 178Mb L: 558/1418 MS: 2 ChangeBinInt-CopyPart-
#6353821	REDUCE cov: 527 ft: 1424 corp: 440/63Kb lim: 56286 exec/s: 135187 rss: 178Mb L: 535/1418 MS: 4 EraseBytes-InsertRepeatedBytes-ManualDict-InsertRepeatedBytes- DE: "static CCtx can't allocate for an internal copy of dictionary"-
#6360264	REDUCE cov: 527 ft: 1424 corp: 440/63Kb lim: 56346 exec/s: 135324 rss: 178Mb L: 556/1418 MS: 3 CMP-CrossOver-EraseBytes- DE: "\010\000\000\000"-
#6360352	REDUCE cov: 527 ft: 1424 corp: 440/63Kb lim: 56346 exec/s: 135326 rss: 178Mb L: 532/1418 MS: 3 EraseBytes-ChangeByte-InsertByte-
#6361339	REDUCE cov: 527 ft: 1424 corp: 440/63Kb lim: 56346 exec/s: 135347 rss: 178Mb L: 549/1418 MS: 2 ManualDict-EraseBytes- DE: "Param out of bounds"-
#6363545	REDUCE cov: 527 ft: 1424 corp: 440/63Kb lim: 56361 exec/s: 135394 rss: 178Mb L: 34/1418 MS: 1 EraseBytes-
#6376012	REDUCE cov: 527 ft: 1424 corp: 440/63Kb lim: 56481 exec/s: 135659 rss: 178Mb L: 533/1418 MS: 2 EraseBytes-CrossOver-
#6378515	REDUCE cov: 527 ft: 1424 corp: 440/63Kb lim: 56496 exec/s: 135713 rss: 178Mb L: 542/1418 MS: 3 ChangeByte-InsertRepeatedBytes-EraseBytes-
#6385274	REDUCE cov: 527 ft: 1424 corp: 440/63Kb lim: 56556 exec/s: 135856 rss: 178Mb L: 532/1418 MS: 4 CopyPart-EraseBytes-ManualDict-ManualDict- DE: "Skippable frame magic number variant not supported"-"ZSTD_entropyCompressSeqStore_internal failed"-
#6403641	REDUCE cov: 527 ft: 1424 corp: 440/63Kb lim: 56736 exec/s: 136247 rss: 178Mb L: 537/1418 MS: 2 ChangeBit-EraseBytes-
#6403817	REDUCE cov: 527 ft: 1424 corp: 440/63Kb lim: 56736 exec/s: 136251 rss: 178Mb L: 244/1418 MS: 1 EraseBytes-
#6424198	REDUCE cov: 527 ft: 1424 corp: 440/63Kb lim: 56931 exec/s: 136685 rss: 178Mb L: 535/1418 MS: 1 EraseBytes-
#6444950	REDUCE cov: 527 ft: 1424 corp: 440/63Kb lim: 57126 exec/s: 134269 rss: 178Mb L: 532/1418 MS: 2 ManualDict-EraseBytes- DE: "ZSTD_d_stableOutBuffer enabled but output differs!"-
#6448090	REDUCE cov: 527 ft: 1424 corp: 440/63Kb lim: 57156 exec/s: 134335 rss: 178Mb L: 534/1418 MS: 5 ManualDict-CrossOver-ChangeByte-InsertRepeatedBytes-EraseBytes- DE: "not enough space remaining"-
#6506664	REDUCE cov: 527 ft: 1426 corp: 441/63Kb lim: 57726 exec/s: 135555 rss: 178Mb L: 708/1418 MS: 4 CrossOver-EraseBytes-CopyPart-CopyPart-
#6506877	REDUCE cov: 527 ft: 1426 corp: 441/63Kb lim: 57726 exec/s: 135559 rss: 178Mb L: 635/1418 MS: 3 ManualDict-PersAutoDict-EraseBytes- DE: "ZSTD_createDCtx"-"\002\000\000\000\000\000\000\000"-
#6507758	REDUCE cov: 527 ft: 1426 corp: 441/63Kb lim: 57726 exec/s: 135578 rss: 178Mb L: 609/1418 MS: 1 EraseBytes-
#6509983	REDUCE cov: 527 ft: 1426 corp: 441/63Kb lim: 57741 exec/s: 135624 rss: 178Mb L: 555/1418 MS: 5 PersAutoDict-EraseBytes-ManualDict-ManualDict-ManualDict- DE: "\377\377\377\377\377\377\377\377"-"ZSTD_initCStream_usingDict"-"Skippable frame magic number variant not supported"-"ZSTD_compressBegin_usingCDict_internal"-
#6511913	REDUCE cov: 527 ft: 1426 corp: 441/63Kb lim: 57756 exec/s: 135664 rss: 178Mb L: 535/1418 MS: 5 InsertByte-PersAutoDict-ShuffleBytes-InsertRepeatedBytes-EraseBytes- DE: "Parameter is out of bound"-
#6534607	REDUCE cov: 527 ft: 1426 corp: 441/63Kb lim: 57981 exec/s: 136137 rss: 178Mb L: 532/1418 MS: 4 ShuffleBytes-InsertByte-ManualDict-EraseBytes- DE: "Decompressed Block Size Exceeds Maximum"-
#6538395	REDUCE cov: 527 ft: 1426 corp: 441/63Kb lim: 58011 exec/s: 136216 rss: 178Mb L: 19/1418 MS: 3 ShuffleBytes-EraseBytes-ChangeBinInt-
#6557041	REDUCE cov: 527 ft: 1426 corp: 441/63Kb lim: 58191 exec/s: 133817 rss: 178Mb L: 33/1418 MS: 1 EraseBytes-
#6564252	REDUCE cov: 527 ft: 1426 corp: 441/63Kb lim: 58251 exec/s: 133964 rss: 178Mb L: 78/1418 MS: 1 EraseBytes-
#6611576	REDUCE cov: 527 ft: 1426 corp: 441/63Kb lim: 58716 exec/s: 134930 rss: 178Mb L: 392/1418 MS: 4 ManualDict-CMP-ManualDict-EraseBytes- DE: "ZSTDMT_tryGetInputRange failed"-"\013\000"-"Frame header size does not match decoded size!"-
#6622456	REDUCE cov: 527 ft: 1426 corp: 441/63Kb lim: 58821 exec/s: 135152 rss: 178Mb L: 377/1418 MS: 5 ChangeByte-ShuffleBytes-ShuffleBytes-InsertByte-EraseBytes-
#6638204	REDUCE cov: 527 ft: 1426 corp: 441/63Kb lim: 58971 exec/s: 135473 rss: 178Mb L: 532/1418 MS: 3 CMP-CMP-EraseBytes- DE: "\011\000"-"\001@"-
#6644568	REDUCE cov: 527 ft: 1426 corp: 441/63Kb lim: 59031 exec/s: 135603 rss: 178Mb L: 479/1418 MS: 4 InsertByte-EraseBytes-PersAutoDict-PersAutoDict- DE: "ZSTD_buildSeqStore failed"-"\013\000"-
#6644629	REDUCE cov: 527 ft: 1426 corp: 441/63Kb lim: 59031 exec/s: 135604 rss: 178Mb L: 30/1418 MS: 1 EraseBytes-
#6646298	REDUCE cov: 527 ft: 1426 corp: 441/63Kb lim: 59046 exec/s: 135638 rss: 178Mb L: 372/1418 MS: 4 ManualDict-EraseBytes-ManualDict-PersAutoDict- DE: "FSE_FUNCTION_EXTENSION must be defined"-"ZSTD_compressStream2_simpleArgs failed"-"\001\000\000\000\000\000\000\000"-
#6648088	REDUCE cov: 527 ft: 1426 corp: 441/63Kb lim: 59061 exec/s: 135675 rss: 178Mb L: 372/1418 MS: 5 EraseBytes-ChangeBinInt-InsertRepeatedBytes-ManualDict-InsertByte- DE: "end of frame : controlling src size"-
#6649042	REDUCE cov: 527 ft: 1426 corp: 441/63Kb lim: 59061 exec/s: 135694 rss: 178Mb L: 19/1418 MS: 4 EraseBytes-ChangeByte-ShuffleBytes-ChangeBit-
#6706367	REDUCE cov: 527 ft: 1426 corp: 441/63Kb lim: 59631 exec/s: 134127 rss: 178Mb L: 532/1418 MS: 5 ManualDict-InsertByte-ChangeBit-PersAutoDict-EraseBytes- DE: "Frame header size does not match decoded size!"-"Context should be init first"-
#6712424	REDUCE cov: 527 ft: 1426 corp: 441/63Kb lim: 59691 exec/s: 134248 rss: 178Mb L: 43/1418 MS: 2 ChangeBinInt-EraseBytes-
#6758135	REDUCE cov: 527 ft: 1426 corp: 441/63Kb lim: 60141 exec/s: 135162 rss: 178Mb L: 20/1418 MS: 1 EraseBytes-
#6776038	REDUCE cov: 527 ft: 1426 corp: 441/63Kb lim: 60306 exec/s: 135520 rss: 178Mb L: 415/1418 MS: 3 ChangeByte-PersAutoDict-EraseBytes- DE: "\013\000"-
#6777996	REDUCE cov: 527 ft: 1426 corp: 441/63Kb lim: 60321 exec/s: 135559 rss: 178Mb L: 439/1418 MS: 3 EraseBytes-ChangeBit-ChangeBinInt-
#6785960	REDUCE cov: 527 ft: 1427 corp: 442/63Kb lim: 60396 exec/s: 133058 rss: 178Mb L: 813/1418 MS: 4 EraseBytes-CrossOver-ChangeBinInt-PersAutoDict- DE: "A\000"-
#6786414	REDUCE cov: 527 ft: 1427 corp: 442/63Kb lim: 60396 exec/s: 133066 rss: 178Mb L: 700/1418 MS: 4 ManualDict-ChangeByte-ChangeByte-EraseBytes- DE: "ZSTD_createCCtx failed"-
#6786560	REDUCE cov: 527 ft: 1427 corp: 442/63Kb lim: 60396 exec/s: 133069 rss: 178Mb L: 670/1418 MS: 1 EraseBytes-
#6787078	REDUCE cov: 527 ft: 1427 corp: 442/63Kb lim: 60396 exec/s: 133079 rss: 178Mb L: 629/1418 MS: 3 ManualDict-ChangeByte-EraseBytes- DE: "ZSTD_decompressSequencesLong"-
#6792996	REDUCE cov: 527 ft: 1427 corp: 442/63Kb lim: 60441 exec/s: 133196 rss: 178Mb L: 372/1418 MS: 3 ChangeBit-ManualDict-EraseBytes- DE: "ZSTD_initDStream_usingDict"-
#6794572	REDUCE cov: 527 ft: 1427 corp: 442/63Kb lim: 60456 exec/s: 133226 rss: 178Mb L: 32/1418 MS: 1 EraseBytes-
#6795800	REDUCE cov: 527 ft: 1427 corp: 442/63Kb lim: 60456 exec/s: 133250 rss: 178Mb L: 408/1418 MS: 3 EraseBytes-PersAutoDict-InsertRepeatedBytes- DE: "\013\000"-
#6798032	REDUCE cov: 527 ft: 1427 corp: 442/63Kb lim: 60471 exec/s: 133294 rss: 178Mb L: 380/1418 MS: 2 ManualDict-EraseBytes- DE: "couldn't allocate prevCBlock"-
#6798653	REDUCE cov: 527 ft: 1428 corp: 443/64Kb lim: 60471 exec/s: 133306 rss: 178Mb L: 629/1418 MS: 1 CrossOver-
#6798658	REDUCE cov: 527 ft: 1428 corp: 443/64Kb lim: 60471 exec/s: 133307 rss: 178Mb L: 532/1418 MS: 5 PersAutoDict-CMP-InsertByte-ChangeByte-EraseBytes- DE: "ZSTD_createDCtx"-"\377\377\377\377\377\377\377v"-
#6800745	REDUCE cov: 527 ft: 1428 corp: 443/64Kb lim: 60486 exec/s: 133347 rss: 178Mb L: 588/1418 MS: 2 ChangeByte-EraseBytes-
#6801889	REDUCE cov: 527 ft: 1428 corp: 443/64Kb lim: 60486 exec/s: 133370 rss: 178Mb L: 567/1418 MS: 4 CopyPart-PersAutoDict-EraseBytes-EraseBytes- DE: "CCtx pool overflow : free cctx"-
#6807049	REDUCE cov: 527 ft: 1428 corp: 443/64Kb lim: 60531 exec/s: 133471 rss: 178Mb L: 539/1418 MS: 5 ManualDict-EraseBytes-ChangeBinInt-ChangeBit-PersAutoDict- DE: "The context is in the wrong stage!"-"\001\000\000\000\000\000\003l"-
#6812387	REDUCE cov: 527 ft: 1428 corp: 443/64Kb lim: 60576 exec/s: 133576 rss: 178Mb L: 534/1418 MS: 3 CopyPart-InsertByte-EraseBytes-
#6822465	REDUCE cov: 527 ft: 1428 corp: 443/64Kb lim: 60666 exec/s: 133773 rss: 178Mb L: 531/1418 MS: 3 InsertByte-ChangeByte-EraseBytes-
#6824548	REDUCE cov: 527 ft: 1428 corp: 443/64Kb lim: 60681 exec/s: 133814 rss: 178Mb L: 376/1418 MS: 3 ChangeByte-CMP-EraseBytes- DE: "\022\000"-
#6883819	NEW    cov: 527 ft: 1468 corp: 444/64Kb lim: 61266 exec/s: 134976 rss: 178Mb L: 144/1418 MS: 1 CopyPart-
#6886411	REDUCE cov: 527 ft: 1468 corp: 444/64Kb lim: 61281 exec/s: 132430 rss: 178Mb L: 529/1418 MS: 2 ChangeByte-EraseBytes-
#6905867	REDUCE cov: 527 ft: 1468 corp: 444/64Kb lim: 61461 exec/s: 132805 rss: 178Mb L: 532/1418 MS: 1 EraseBytes-
#6933830	REDUCE cov: 527 ft: 1469 corp: 445/64Kb lim: 61731 exec/s: 133342 rss: 178Mb L: 122/1418 MS: 3 ManualDict-PersAutoDict-InsertRepeatedBytes- DE: "ZSTD_compressBlock_fast_dictMatchState_generic"-"\001\033"-
#6934406	REDUCE cov: 527 ft: 1469 corp: 445/64Kb lim: 61731 exec/s: 133353 rss: 178Mb L: 114/1418 MS: 1 EraseBytes-
#6936102	REDUCE cov: 527 ft: 1469 corp: 445/64Kb lim: 61746 exec/s: 133386 rss: 178Mb L: 67/1418 MS: 1 EraseBytes-
#6942044	REDUCE cov: 527 ft: 1469 corp: 445/64Kb lim: 61791 exec/s: 133500 rss: 178Mb L: 61/1418 MS: 2 ManualDict-EraseBytes- DE: "NULL pointer!"-
#6942076	REDUCE cov: 527 ft: 1469 corp: 445/64Kb lim: 61791 exec/s: 133501 rss: 178Mb L: 45/1418 MS: 2 ShuffleBytes-EraseBytes-
#6947179	REDUCE cov: 527 ft: 1469 corp: 445/64Kb lim: 61836 exec/s: 133599 rss: 178Mb L: 532/1418 MS: 3 CMP-InsertRepeatedBytes-EraseBytes- DE: "\001@"-
#6967687	REDUCE cov: 527 ft: 1469 corp: 445/64Kb lim: 62031 exec/s: 133993 rss: 178Mb L: 373/1418 MS: 3 ChangeByte-ManualDict-EraseBytes- DE: "Static dctx does not support multiple DDicts!"-
#6975848	REDUCE cov: 527 ft: 1469 corp: 445/64Kb lim: 62106 exec/s: 134150 rss: 178Mb L: 43/1418 MS: 1 EraseBytes-
#7000624	REDUCE cov: 527 ft: 1469 corp: 445/64Kb lim: 62346 exec/s: 134627 rss: 178Mb L: 42/1418 MS: 1 EraseBytes-
#7011890	REDUCE cov: 527 ft: 1469 corp: 445/64Kb lim: 62451 exec/s: 132299 rss: 178Mb L: 32/1418 MS: 1 EraseBytes-
#7021171	REDUCE cov: 527 ft: 1469 corp: 445/64Kb lim: 62541 exec/s: 132474 rss: 178Mb L: 41/1418 MS: 1 EraseBytes-
#7025042	REDUCE cov: 527 ft: 1469 corp: 445/64Kb lim: 62571 exec/s: 132547 rss: 178Mb L: 40/1418 MS: 1 EraseBytes-
#7029118	REDUCE cov: 527 ft: 1469 corp: 445/64Kb lim: 62601 exec/s: 132624 rss: 178Mb L: 20/1418 MS: 1 EraseBytes-
#7057667	REDUCE cov: 527 ft: 1469 corp: 445/64Kb lim: 62871 exec/s: 133163 rss: 178Mb L: 524/1418 MS: 4 ChangeBit-ShuffleBytes-EraseBytes-PersAutoDict- DE: "\006\000"-
#7059853	REDUCE cov: 527 ft: 1469 corp: 445/64Kb lim: 62886 exec/s: 133204 rss: 178Mb L: 470/1418 MS: 1 EraseBytes-
#7063660	REDUCE cov: 527 ft: 1469 corp: 445/64Kb lim: 62916 exec/s: 133276 rss: 178Mb L: 350/1418 MS: 2 CMP-EraseBytes- DE: "\017\000"-
#7067251	REDUCE cov: 527 ft: 1469 corp: 445/63Kb lim: 62946 exec/s: 133344 rss: 178Mb L: 221/1418 MS: 1 EraseBytes-
#7079010	REDUCE cov: 527 ft: 1469 corp: 445/63Kb lim: 63051 exec/s: 133566 rss: 178Mb L: 436/1418 MS: 4 ChangeASCIIInt-EraseBytes-EraseBytes-ManualDict- DE: "ZSTDMT_releaseBuffer: pool capacity reached => freeing "-
#7080753	REDUCE cov: 527 ft: 1469 corp: 445/63Kb lim: 63066 exec/s: 133599 rss: 178Mb L: 266/1418 MS: 3 ChangeByte-ManualDict-EraseBytes- DE: "Dictionary is corrupted"-
#7082784	REDUCE cov: 527 ft: 1469 corp: 445/63Kb lim: 63081 exec/s: 133637 rss: 178Mb L: 260/1418 MS: 1 EraseBytes-
#7087330	REDUCE cov: 527 ft: 1469 corp: 445/63Kb lim: 63126 exec/s: 133723 rss: 178Mb L: 230/1418 MS: 1 EraseBytes-
#7087690	REDUCE cov: 527 ft: 1469 corp: 445/63Kb lim: 63126 exec/s: 133730 rss: 178Mb L: 372/1418 MS: 5 ChangeByte-CrossOver-InsertByte-ChangeBinInt-EraseBytes-
#7093527	REDUCE cov: 527 ft: 1469 corp: 445/63Kb lim: 63171 exec/s: 133840 rss: 178Mb L: 219/1418 MS: 2 CMP-EraseBytes- DE: "\377\377\377\023"-
#7097768	REDUCE cov: 527 ft: 1469 corp: 445/63Kb lim: 63201 exec/s: 133920 rss: 178Mb L: 194/1418 MS: 1 EraseBytes-
#7108991	REDUCE cov: 527 ft: 1469 corp: 445/63Kb lim: 63306 exec/s: 134131 rss: 178Mb L: 190/1418 MS: 3 EraseBytes-ShuffleBytes-InsertRepeatedBytes-
#7122836	REDUCE cov: 527 ft: 1469 corp: 445/63Kb lim: 63441 exec/s: 134393 rss: 178Mb L: 488/1418 MS: 5 CrossOver-CrossOver-PersAutoDict-ManualDict-EraseBytes- DE: "\013\000"-"RLE compress block failed"-
#7126988	REDUCE cov: 527 ft: 1469 corp: 445/63Kb lim: 63471 exec/s: 134471 rss: 178Mb L: 215/1418 MS: 2 InsertRepeatedBytes-EraseBytes-
#7131706	REDUCE cov: 527 ft: 1469 corp: 445/63Kb lim: 63516 exec/s: 132068 rss: 178Mb L: 398/1418 MS: 3 InsertRepeatedBytes-EraseBytes-ManualDict- DE: "ZSTD_decompressContinue: case ZSTDds_decompressBlock"-
#7141162	REDUCE cov: 527 ft: 1469 corp: 445/63Kb lim: 63606 exec/s: 132243 rss: 178Mb L: 396/1418 MS: 1 EraseBytes-
#7151282	REDUCE cov: 527 ft: 1469 corp: 445/63Kb lim: 63696 exec/s: 132431 rss: 178Mb L: 386/1418 MS: 5 PersAutoDict-ManualDict-ChangeByte-ShuffleBytes-EraseBytes- DE: "\025\000\000\000"-"not compatible with static CCtx"-
#7151613	REDUCE cov: 527 ft: 1469 corp: 445/63Kb lim: 63696 exec/s: 132437 rss: 178Mb L: 378/1418 MS: 1 EraseBytes-
#7152531	REDUCE cov: 527 ft: 1470 corp: 446/64Kb lim: 63696 exec/s: 132454 rss: 178Mb L: 585/1418 MS: 3 CrossOver-ChangeBit-InsertRepeatedBytes-
#7153460	REDUCE cov: 527 ft: 1470 corp: 446/64Kb lim: 63696 exec/s: 132471 rss: 178Mb L: 536/1418 MS: 4 CopyPart-CrossOver-EraseBytes-EraseBytes-
#7187771	REDUCE cov: 527 ft: 1470 corp: 446/64Kb lim: 64026 exec/s: 133106 rss: 178Mb L: 212/1418 MS: 1 EraseBytes-
#7193216	REDUCE cov: 527 ft: 1470 corp: 446/63Kb lim: 64071 exec/s: 133207 rss: 178Mb L: 413/1418 MS: 5 EraseBytes-ChangeBinInt-PersAutoDict-InsertByte-PersAutoDict- DE: "Frame header size does not match decoded size!"-"\013\000"-
#7196787	REDUCE cov: 527 ft: 1470 corp: 446/63Kb lim: 64101 exec/s: 133273 rss: 178Mb L: 185/1418 MS: 1 EraseBytes-
#7202620	REDUCE cov: 527 ft: 1470 corp: 446/63Kb lim: 64146 exec/s: 133381 rss: 178Mb L: 535/1418 MS: 3 ChangeASCIIInt-CMP-EraseBytes- DE: "\376\377\377\377\377\377\377\211"-
#7209976	REDUCE cov: 527 ft: 1470 corp: 446/63Kb lim: 64206 exec/s: 133518 rss: 178Mb L: 394/1418 MS: 1 EraseBytes-
#7214614	REDUCE cov: 527 ft: 1470 corp: 446/63Kb lim: 64251 exec/s: 133603 rss: 178Mb L: 534/1418 MS: 3 CMP-CMP-EraseBytes- DE: "\013\000\000\000"-"\000\000\000\024"-
#7216404	REDUCE cov: 527 ft: 1470 corp: 446/63Kb lim: 64266 exec/s: 133637 rss: 178Mb L: 381/1418 MS: 5 ManualDict-EraseBytes-ShuffleBytes-ShuffleBytes-PersAutoDict- DE: "ZSTD_decompressContinue: case ZSTDds_decompressBlock"-"\013\000"-
#7219355	REDUCE cov: 527 ft: 1470 corp: 446/63Kb lim: 64281 exec/s: 133691 rss: 178Mb L: 374/1418 MS: 1 EraseBytes-
#7228088	REDUCE cov: 527 ft: 1470 corp: 446/63Kb lim: 64356 exec/s: 133853 rss: 178Mb L: 376/1418 MS: 3 CopyPart-ManualDict-EraseBytes- DE: "ZSTD_decodeSeqHeaders"-
#7230719	REDUCE cov: 527 ft: 1470 corp: 446/63Kb lim: 64371 exec/s: 133902 rss: 178Mb L: 375/1418 MS: 1 EraseBytes-
#7234419	REDUCE cov: 527 ft: 1470 corp: 446/63Kb lim: 64401 exec/s: 133970 rss: 178Mb L: 527/1418 MS: 5 ChangeBit-EraseBytes-InsertRepeatedBytes-EraseBytes-InsertByte-
#7240599	REDUCE cov: 527 ft: 1470 corp: 446/63Kb lim: 64461 exec/s: 134085 rss: 178Mb L: 372/1418 MS: 5 ManualDict-PersAutoDict-ShuffleBytes-CrossOver-EraseBytes- DE: "Parameter is out of bound"-"ZSTD_d_stableOutBuffer enabled but output differs!"-
#7272655	REDUCE cov: 527 ft: 1470 corp: 446/63Kb lim: 64776 exec/s: 132230 rss: 178Mb L: 37/1418 MS: 1 EraseBytes-
#7312053	REDUCE cov: 527 ft: 1470 corp: 446/63Kb lim: 65166 exec/s: 132946 rss: 178Mb L: 372/1418 MS: 3 ChangeBinInt-ManualDict-EraseBytes- DE: "ZSTD_compressSubBlock_literal using raw literal"-
#7322850	REDUCE cov: 527 ft: 1470 corp: 446/63Kb lim: 65271 exec/s: 133142 rss: 178Mb L: 184/1418 MS: 2 ShuffleBytes-EraseBytes-
#7344937	REDUCE cov: 527 ft: 1470 corp: 446/63Kb lim: 65481 exec/s: 133544 rss: 178Mb L: 34/1418 MS: 2 ShuffleBytes-EraseBytes-
#7345728	REDUCE cov: 527 ft: 1470 corp: 446/63Kb lim: 65481 exec/s: 133558 rss: 178Mb L: 18/1418 MS: 1 EraseBytes-
#7364628	REDUCE cov: 527 ft: 1470 corp: 446/63Kb lim: 65536 exec/s: 133902 rss: 178Mb L: 532/1418 MS: 5 ManualDict-ManualDict-EraseBytes-PersAutoDict-InsertRepeatedBytes- DE: "ZSTD_compressContinue failed"-"Static dctx does not support multiple DDicts!"-"\343\000"-
#7388094	REDUCE cov: 527 ft: 1470 corp: 446/63Kb lim: 65536 exec/s: 131930 rss: 178Mb L: 20/1418 MS: 1 EraseBytes-
#7393299	REDUCE cov: 527 ft: 1470 corp: 446/63Kb lim: 65536 exec/s: 132023 rss: 178Mb L: 513/1418 MS: 5 EraseBytes-PersAutoDict-CopyPart-ChangeByte-PersAutoDict- DE: "Waiting for LDM to finish..."-"\013\000"-
#7396830	REDUCE cov: 527 ft: 1470 corp: 446/63Kb lim: 65536 exec/s: 132086 rss: 178Mb L: 434/1418 MS: 1 EraseBytes-
#7403766	REDUCE cov: 527 ft: 1470 corp: 446/63Kb lim: 65536 exec/s: 132210 rss: 178Mb L: 418/1418 MS: 1 EraseBytes-
#7404506	REDUCE cov: 527 ft: 1470 corp: 446/63Kb lim: 65536 exec/s: 132223 rss: 178Mb L: 376/1418 MS: 5 ChangeBit-PersAutoDict-CrossOver-CrossOver-EraseBytes- DE: "ZSTD_compressBlock_fast_generic"-
#7430447	REDUCE cov: 527 ft: 1470 corp: 446/63Kb lim: 65536 exec/s: 132686 rss: 178Mb L: 183/1418 MS: 1 EraseBytes-
#7431471	REDUCE cov: 527 ft: 1470 corp: 446/63Kb lim: 65536 exec/s: 132704 rss: 178Mb L: 455/1418 MS: 4 ChangeBinInt-EraseBytes-ShuffleBytes-ChangeBinInt-
#7436970	REDUCE cov: 527 ft: 1470 corp: 446/63Kb lim: 65536 exec/s: 132803 rss: 178Mb L: 374/1418 MS: 4 ChangeByte-ChangeBit-EraseBytes-ManualDict- DE: "happening right at the place where we expect zstd magic bytes. "-
#7437940	REDUCE cov: 527 ft: 1470 corp: 446/63Kb lim: 65536 exec/s: 132820 rss: 178Mb L: 532/1418 MS: 5 PersAutoDict-ManualDict-CopyPart-InsertRepeatedBytes-EraseBytes- DE: "content-only"-"not compatible with static DCtx"-
#7445447	REDUCE cov: 527 ft: 1470 corp: 446/63Kb lim: 65536 exec/s: 132954 rss: 178Mb L: 443/1418 MS: 2 CMP-EraseBytes- DE: "\000+"-
#7454235	REDUCE cov: 527 ft: 1470 corp: 446/63Kb lim: 65536 exec/s: 133111 rss: 178Mb L: 375/1418 MS: 3 PersAutoDict-CopyPart-EraseBytes- DE: "Reset parameters is only possible during init stage."-
#7476442	REDUCE cov: 527 ft: 1470 corp: 446/63Kb lim: 65536 exec/s: 133507 rss: 178Mb L: 342/1418 MS: 2 EraseBytes-ChangeBinInt-
#7476732	REDUCE cov: 527 ft: 1470 corp: 446/63Kb lim: 65536 exec/s: 133513 rss: 178Mb L: 216/1418 MS: 5 ManualDict-PersAutoDict-ManualDict-InsertByte-EraseBytes- DE: "flush stage"-"Not enough space to copy sequences"-"Version not supported"-
#7481915	REDUCE cov: 527 ft: 1470 corp: 446/63Kb lim: 65536 exec/s: 133605 rss: 178Mb L: 212/1418 MS: 3 ShuffleBytes-CopyPart-EraseBytes-
#7506768	REDUCE cov: 527 ft: 1470 corp: 446/63Kb lim: 65536 exec/s: 131697 rss: 178Mb L: 181/1418 MS: 3 InsertRepeatedBytes-ChangeBit-EraseBytes-
#7523669	REDUCE cov: 527 ft: 1470 corp: 446/63Kb lim: 65536 exec/s: 131994 rss: 178Mb L: 442/1418 MS: 1 EraseBytes-
#7580900	REDUCE cov: 527 ft: 1470 corp: 446/63Kb lim: 65536 exec/s: 132998 rss: 178Mb L: 532/1418 MS: 1 EraseBytes-
#7594271	REDUCE cov: 527 ft: 1470 corp: 446/63Kb lim: 65536 exec/s: 133232 rss: 178Mb L: 436/1418 MS: 1 EraseBytes-
#7611977	REDUCE cov: 527 ft: 1470 corp: 446/63Kb lim: 65536 exec/s: 133543 rss: 178Mb L: 33/1418 MS: 1 EraseBytes-
#7627143	REDUCE cov: 527 ft: 1470 corp: 446/63Kb lim: 65536 exec/s: 131502 rss: 178Mb L: 372/1418 MS: 1 EraseBytes-
#7636528	REDUCE cov: 527 ft: 1470 corp: 446/63Kb lim: 65536 exec/s: 131664 rss: 178Mb L: 377/1418 MS: 5 ShuffleBytes-ShuffleBytes-PersAutoDict-EraseBytes-ChangeBinInt- DE: "\000\000\000\000\000\000\000\017"-
#7640290	REDUCE cov: 527 ft: 1470 corp: 446/62Kb lim: 65536 exec/s: 131729 rss: 178Mb L: 292/1418 MS: 2 PersAutoDict-EraseBytes- DE: "ZSTD_initCStream"-
#7643635	REDUCE cov: 527 ft: 1470 corp: 446/62Kb lim: 65536 exec/s: 131786 rss: 178Mb L: 499/1418 MS: 5 CopyPart-EraseBytes-ShuffleBytes-InsertByte-ChangeBinInt-
#7644217	REDUCE cov: 527 ft: 1470 corp: 446/62Kb lim: 65536 exec/s: 131796 rss: 178Mb L: 397/1418 MS: 2 CrossOver-EraseBytes-
#7645417	REDUCE cov: 527 ft: 1470 corp: 446/62Kb lim: 65536 exec/s: 131817 rss: 178Mb L: 360/1418 MS: 5 CMP-ChangeBinInt-EraseBytes-ChangeBit-InsertRepeatedBytes- DE: "\000\000\000\000\000\000\000\000"-
#7645932	REDUCE cov: 527 ft: 1470 corp: 446/62Kb lim: 65536 exec/s: 131826 rss: 178Mb L: 276/1418 MS: 5 PersAutoDict-PersAutoDict-ChangeByte-EraseBytes-InsertByte- DE: "\377\377\377\377"-"stage zdss_read"-
#7666618	REDUCE cov: 527 ft: 1470 corp: 446/62Kb lim: 65536 exec/s: 132183 rss: 178Mb L: 287/1418 MS: 1 EraseBytes-
#7705225	REDUCE cov: 527 ft: 1470 corp: 446/62Kb lim: 65536 exec/s: 132848 rss: 178Mb L: 278/1418 MS: 2 InsertByte-EraseBytes-
#7863726	REDUCE cov: 527 ft: 1470 corp: 446/62Kb lim: 65536 exec/s: 133283 rss: 178Mb L: 21/1418 MS: 1 EraseBytes-
#7867819	REDUCE cov: 527 ft: 1470 corp: 446/62Kb lim: 65536 exec/s: 131130 rss: 178Mb L: 180/1418 MS: 3 ChangeByte-ManualDict-EraseBytes- DE: "Frame requires too much memory for decoding"-
#7872977	REDUCE cov: 527 ft: 1470 corp: 446/62Kb lim: 65536 exec/s: 131216 rss: 178Mb L: 18/1418 MS: 3 CMP-ShuffleBytes-EraseBytes- DE: "\025\000\000\000"-
#7882578	REDUCE cov: 527 ft: 1470 corp: 446/62Kb lim: 65536 exec/s: 131376 rss: 178Mb L: 30/1418 MS: 1 EraseBytes-
#7887324	REDUCE cov: 527 ft: 1470 corp: 446/62Kb lim: 65536 exec/s: 131455 rss: 178Mb L: 373/1418 MS: 1 EraseBytes-
#7897649	REDUCE cov: 527 ft: 1470 corp: 446/62Kb lim: 65536 exec/s: 131627 rss: 178Mb L: 277/1418 MS: 5 PersAutoDict-ChangeByte-EraseBytes-PersAutoDict-EraseBytes- DE: "not an end of match"-"Allocation error : not enough memory"-
#7898419	REDUCE cov: 527 ft: 1470 corp: 446/62Kb lim: 65536 exec/s: 131640 rss: 178Mb L: 499/1418 MS: 5 InsertRepeatedBytes-ChangeBit-EraseBytes-CMP-ChangeBinInt- DE: "\377\377\377\377\377\377\377\240"-
#7903544	REDUCE cov: 527 ft: 1470 corp: 446/62Kb lim: 65536 exec/s: 131725 rss: 178Mb L: 381/1418 MS: 5 EraseBytes-PersAutoDict-ShuffleBytes-PersAutoDict-ManualDict- DE: "ZSTDMT_releaseBuffer"-"\013\000"-"ZSTD_compressBlock_splitBlock: Nocompress block"-
#7905508	REDUCE cov: 527 ft: 1470 corp: 446/62Kb lim: 65536 exec/s: 131758 rss: 178Mb L: 484/1418 MS: 4 ChangeByte-ChangeByte-InsertByte-EraseBytes-
#7905533	REDUCE cov: 527 ft: 1470 corp: 446/62Kb lim: 65536 exec/s: 131758 rss: 178Mb L: 374/1418 MS: 5 CMP-ChangeBit-ManualDict-PersAutoDict-EraseBytes- DE: "\377\377\377\377\377\377\377\377"-"cctx size estimate failed!"-"ZSTD_resetDStream"-
#7916467	REDUCE cov: 527 ft: 1470 corp: 446/62Kb lim: 65536 exec/s: 131941 rss: 178Mb L: 471/1418 MS: 4 CopyPart-CMP-InsertByte-EraseBytes- DE: "\312\000"-
#7921792	REDUCE cov: 527 ft: 1470 corp: 446/62Kb lim: 65536 exec/s: 132029 rss: 178Mb L: 468/1418 MS: 5 InsertByte-ChangeASCIIInt-CopyPart-EraseBytes-InsertRepeatedBytes-
#7945593	REDUCE cov: 527 ft: 1470 corp: 446/62Kb lim: 65536 exec/s: 132426 rss: 178Mb L: 12/1418 MS: 1 EraseBytes-
#8067652	REDUCE cov: 527 ft: 1470 corp: 446/62Kb lim: 65536 exec/s: 132256 rss: 178Mb L: 373/1418 MS: 4 PersAutoDict-PersAutoDict-ShuffleBytes-EraseBytes- DE: "Selected set_compressed"-"ZSTD_createDCtx"-
#8082148	REDUCE cov: 527 ft: 1470 corp: 446/62Kb lim: 65536 exec/s: 132494 rss: 178Mb L: 13/1418 MS: 1 EraseBytes-
#8108416	REDUCE cov: 527 ft: 1470 corp: 446/62Kb lim: 65536 exec/s: 132924 rss: 178Mb L: 276/1418 MS: 3 ManualDict-ManualDict-EraseBytes- DE: "ZSTD_decompressBegin_usingDDict"-"ZSTD_decompressContinue: case ZSTDds_decompressBlock"-
#8152712	REDUCE cov: 527 ft: 1470 corp: 446/62Kb lim: 65536 exec/s: 131495 rss: 178Mb L: 524/1418 MS: 5 ManualDict-PersAutoDict-PersAutoDict-PersAutoDict-EraseBytes- DE: "reserving optimal parser space"-"FSE_buildCTable_wksp failed"-"Allocating new hash set"-"\013\000"-
#8160455	REDUCE cov: 527 ft: 1470 corp: 446/62Kb lim: 65536 exec/s: 131620 rss: 178Mb L: 515/1418 MS: 3 EraseBytes-ManualDict-PersAutoDict- DE: "NULL not handled"-"\013\000"-
#8168786	REDUCE cov: 527 ft: 1470 corp: 446/62Kb lim: 65536 exec/s: 131754 rss: 178Mb L: 427/1418 MS: 1 EraseBytes-
#8188945	REDUCE cov: 527 ft: 1470 corp: 446/62Kb lim: 65536 exec/s: 132079 rss: 178Mb L: 21/1418 MS: 4 CrossOver-ChangeBinInt-ShuffleBytes-EraseBytes-
#8201811	REDUCE cov: 527 ft: 1470 corp: 446/62Kb lim: 65536 exec/s: 132287 rss: 178Mb L: 15/1418 MS: 1 EraseBytes-
#8204743	REDUCE cov: 527 ft: 1470 corp: 446/62Kb lim: 65536 exec/s: 132334 rss: 178Mb L: 409/1418 MS: 2 InsertRepeatedBytes-EraseBytes-
#8224615	REDUCE cov: 527 ft: 1470 corp: 446/62Kb lim: 65536 exec/s: 130549 rss: 178Mb L: 422/1418 MS: 2 CMP-EraseBytes- DE: "\000\000\000\000\000\000\000\023"-
#8239030	REDUCE cov: 527 ft: 1470 corp: 446/62Kb lim: 65536 exec/s: 130778 rss: 178Mb L: 388/1418 MS: 5 CopyPart-ChangeBit-CrossOver-CopyPart-EraseBytes-
#8275478	REDUCE cov: 527 ft: 1470 corp: 446/62Kb lim: 65536 exec/s: 131356 rss: 178Mb L: 19/1418 MS: 2 CopyPart-EraseBytes-
#8278148	REDUCE cov: 527 ft: 1470 corp: 446/62Kb lim: 65536 exec/s: 131399 rss: 178Mb L: 372/1418 MS: 5 InsertByte-EraseBytes-ChangeBinInt-PersAutoDict-InsertByte- DE: "1\000\000\000\000\000\000\000"-
#8296424	REDUCE cov: 527 ft: 1470 corp: 446/62Kb lim: 65536 exec/s: 131689 rss: 178Mb L: 390/1418 MS: 1 EraseBytes-
#8307658	REDUCE cov: 527 ft: 1470 corp: 446/62Kb lim: 65536 exec/s: 131867 rss: 178Mb L: 377/1418 MS: 4 EraseBytes-ChangeBinInt-InsertByte-ManualDict- DE: "headerSize too small"-
#8377103	REDUCE cov: 527 ft: 1470 corp: 446/61Kb lim: 65536 exec/s: 130892 rss: 178Mb L: 395/1418 MS: 5 ChangeBit-InsertByte-CrossOver-ChangeBinInt-EraseBytes-
#8377943	REDUCE cov: 527 ft: 1470 corp: 446/61Kb lim: 65536 exec/s: 130905 rss: 178Mb L: 267/1418 MS: 5 CrossOver-ManualDict-CrossOver-InsertByte-EraseBytes- DE: "ZSTDMT_getFrameProgression"-
#8382264	REDUCE cov: 527 ft: 1470 corp: 446/61Kb lim: 65536 exec/s: 130972 rss: 178Mb L: 517/1418 MS: 5 PersAutoDict-ChangeBit-InsertByte-ChangeByte-EraseBytes- DE: "\013\000"-
#8384134	REDUCE cov: 527 ft: 1470 corp: 446/61Kb lim: 65536 exec/s: 131002 rss: 178Mb L: 393/1418 MS: 5 ChangeBit-InsertByte-CrossOver-ManualDict-EraseBytes- DE: "Can't ref a pool when ctx not in init stage."-
#8386241	REDUCE cov: 527 ft: 1470 corp: 446/61Kb lim: 65536 exec/s: 131035 rss: 178Mb L: 385/1418 MS: 2 EraseBytes-PersAutoDict- DE: "ZSTD_compressBlock_fast_generic"-
#8388608	pulse  cov: 527 ft: 1470 corp: 446/61Kb lim: 65536 exec/s: 131072 rss: 178Mb
#8412355	REDUCE cov: 527 ft: 1470 corp: 446/61Kb lim: 65536 exec/s: 131443 rss: 178Mb L: 220/1418 MS: 4 EraseBytes-ManualDict-ChangeBinInt-InsertRepeatedBytes- DE: "ZSTDMT_releaseBuffer"-
#8421285	REDUCE cov: 527 ft: 1470 corp: 446/61Kb lim: 65536 exec/s: 131582 rss: 178Mb L: 381/1418 MS: 5 InsertByte-CrossOver-InsertByte-CrossOver-EraseBytes-
#8467077	REDUCE cov: 527 ft: 1470 corp: 446/61Kb lim: 65536 exec/s: 130262 rss: 178Mb L: 217/1418 MS: 2 PersAutoDict-EraseBytes- DE: "ZSTD_createCCtx failed"-
#8487678	REDUCE cov: 527 ft: 1470 corp: 446/61Kb lim: 65536 exec/s: 130579 rss: 178Mb L: 214/1418 MS: 1 EraseBytes-
#8496067	REDUCE cov: 527 ft: 1470 corp: 446/61Kb lim: 65536 exec/s: 130708 rss: 178Mb L: 317/1418 MS: 4 InsertRepeatedBytes-ChangeBinInt-ChangeBit-EraseBytes-
#8503526	REDUCE cov: 527 ft: 1470 corp: 446/61Kb lim: 65536 exec/s: 130823 rss: 178Mb L: 258/1418 MS: 4 InsertByte-PersAutoDict-InsertByte-EraseBytes- DE: "\377\377\377\377\377\377\377\207"-
#8505473	REDUCE cov: 527 ft: 1470 corp: 446/61Kb lim: 65536 exec/s: 130853 rss: 178Mb L: 372/1418 MS: 2 CrossOver-EraseBytes-
#8509144	REDUCE cov: 527 ft: 1470 corp: 446/61Kb lim: 65536 exec/s: 130909 rss: 178Mb L: 379/1418 MS: 1 EraseBytes-
#8527426	REDUCE cov: 527 ft: 1470 corp: 446/61Kb lim: 65536 exec/s: 131191 rss: 178Mb L: 376/1418 MS: 2 ShuffleBytes-EraseBytes-
#8532304	REDUCE cov: 527 ft: 1470 corp: 446/61Kb lim: 65536 exec/s: 131266 rss: 178Mb L: 251/1418 MS: 3 ChangeByte-ChangeBinInt-EraseBytes-
#8538618	REDUCE cov: 527 ft: 1470 corp: 446/61Kb lim: 65536 exec/s: 131363 rss: 178Mb L: 285/1418 MS: 4 ShuffleBytes-ChangeBit-CopyPart-EraseBytes-
#8539040	REDUCE cov: 527 ft: 1470 corp: 446/61Kb lim: 65536 exec/s: 131369 rss: 178Mb L: 252/1418 MS: 2 ChangeByte-EraseBytes-
#8541003	REDUCE cov: 527 ft: 1470 corp: 446/61Kb lim: 65536 exec/s: 131400 rss: 178Mb L: 222/1418 MS: 3 ManualDict-ChangeByte-EraseBytes- DE: "External sequences are not valid"-
#8541094	REDUCE cov: 527 ft: 1470 corp: 446/61Kb lim: 65536 exec/s: 131401 rss: 178Mb L: 212/1418 MS: 1 EraseBytes-
#8546247	REDUCE cov: 527 ft: 1470 corp: 446/61Kb lim: 65536 exec/s: 131480 rss: 178Mb L: 213/1418 MS: 3 CMP-EraseBytes-InsertRepeatedBytes- DE: "\377\003"-
#8548949	REDUCE cov: 527 ft: 1470 corp: 446/61Kb lim: 65536 exec/s: 131522 rss: 178Mb L: 186/1418 MS: 2 ChangeBinInt-EraseBytes-
#8549415	REDUCE cov: 527 ft: 1470 corp: 446/61Kb lim: 65536 exec/s: 131529 rss: 178Mb L: 374/1418 MS: 1 EraseBytes-
#8554507	REDUCE cov: 527 ft: 1470 corp: 446/61Kb lim: 65536 exec/s: 131607 rss: 178Mb L: 212/1418 MS: 2 ChangeByte-EraseBytes-
#8558536	REDUCE cov: 527 ft: 1470 corp: 446/61Kb lim: 65536 exec/s: 131669 rss: 178Mb L: 182/1418 MS: 4 CopyPart-InsertByte-EraseBytes-PersAutoDict- DE: "Consume header"-
#8570190	REDUCE cov: 527 ft: 1470 corp: 446/61Kb lim: 65536 exec/s: 129851 rss: 178Mb L: 244/1418 MS: 4 CopyPart-ShuffleBytes-EraseBytes-CMP- DE: "\005\000"-
#8581317	REDUCE cov: 527 ft: 1470 corp: 446/61Kb lim: 65536 exec/s: 130019 rss: 178Mb L: 12/1418 MS: 2 ShuffleBytes-EraseBytes-
#8593401	REDUCE cov: 527 ft: 1470 corp: 446/61Kb lim: 65536 exec/s: 130203 rss: 178Mb L: 181/1418 MS: 4 ShuffleBytes-EraseBytes-PersAutoDict-ManualDict- DE: "\000\000\000N"-"stage zdss_init => transparent reset "-
#8612798	REDUCE cov: 527 ft: 1470 corp: 446/61Kb lim: 65536 exec/s: 130496 rss: 178Mb L: 375/1418 MS: 2 ManualDict-EraseBytes- DE: "Frame index is too large"-
#8617775	REDUCE cov: 527 ft: 1470 corp: 446/61Kb lim: 65536 exec/s: 130572 rss: 178Mb L: 435/1418 MS: 2 EraseBytes-PersAutoDict- DE: "\013\000"-
#8618221	REDUCE cov: 527 ft: 1470 corp: 446/60Kb lim: 65536 exec/s: 130579 rss: 178Mb L: 376/1418 MS: 1 EraseBytes-
#8637366	REDUCE cov: 527 ft: 1470 corp: 446/60Kb lim: 65536 exec/s: 130869 rss: 178Mb L: 373/1418 MS: 5 EraseBytes-InsertRepeatedBytes-ChangeBinInt-ShuffleBytes-InsertRepeatedBytes-
#8680817	REDUCE cov: 527 ft: 1470 corp: 446/60Kb lim: 65536 exec/s: 131527 rss: 178Mb L: 14/1418 MS: 1 EraseBytes-
#8703609	REDUCE cov: 527 ft: 1470 corp: 446/60Kb lim: 65536 exec/s: 129904 rss: 178Mb L: 381/1418 MS: 2 PersAutoDict-EraseBytes- DE: "\013\000"-
#8736228	REDUCE cov: 527 ft: 1470 corp: 446/60Kb lim: 65536 exec/s: 130391 rss: 178Mb L: 532/1418 MS: 4 ManualDict-ChangeBit-EraseBytes-CMP- DE: "ZSTD_buildEntropyStatisticsAndEstimateSubBlockSize()"-"\000\000\000\000\000\000\000\334"-
#8762390	REDUCE cov: 527 ft: 1470 corp: 446/60Kb lim: 65536 exec/s: 130781 rss: 178Mb L: 373/1418 MS: 2 CMP-EraseBytes- DE: "\011\000"-
#8822331	REDUCE cov: 527 ft: 1470 corp: 446/60Kb lim: 65536 exec/s: 129740 rss: 178Mb L: 13/1418 MS: 1 EraseBytes-
#8841540	REDUCE cov: 527 ft: 1470 corp: 446/60Kb lim: 65536 exec/s: 130022 rss: 178Mb L: 372/1418 MS: 4 ManualDict-ShuffleBytes-EraseBytes-InsertRepeatedBytes- DE: "ZSTD_compressBlock_splitBlock failed"-
#8859274	REDUCE cov: 527 ft: 1470 corp: 446/60Kb lim: 65536 exec/s: 130283 rss: 178Mb L: 180/1418 MS: 4 ChangeByte-InsertRepeatedBytes-ShuffleBytes-EraseBytes-
#8864134	REDUCE cov: 527 ft: 1470 corp: 446/60Kb lim: 65536 exec/s: 130354 rss: 178Mb L: 13/1418 MS: 5 ChangeBit-InsertByte-InsertByte-InsertRepeatedBytes-EraseBytes-
#8879128	REDUCE cov: 527 ft: 1470 corp: 446/60Kb lim: 65536 exec/s: 130575 rss: 178Mb L: 105/1418 MS: 3 CopyPart-CrossOver-EraseBytes-
#8973849	REDUCE cov: 527 ft: 1470 corp: 446/60Kb lim: 65536 exec/s: 130055 rss: 178Mb L: 20/1418 MS: 1 EraseBytes-
#8997821	REDUCE cov: 527 ft: 1470 corp: 446/60Kb lim: 65536 exec/s: 130403 rss: 178Mb L: 373/1418 MS: 2 EraseBytes-PersAutoDict- DE: "\000\000\000/"-
#9030050	REDUCE cov: 527 ft: 1470 corp: 446/60Kb lim: 65536 exec/s: 130870 rss: 178Mb L: 372/1418 MS: 4 CrossOver-CrossOver-EraseBytes-PersAutoDict- DE: "\023\000\000\000\000\000\000\000"-
#9030649	REDUCE cov: 527 ft: 1470 corp: 446/60Kb lim: 65536 exec/s: 130878 rss: 178Mb L: 462/1418 MS: 4 ChangeBinInt-ChangeByte-EraseBytes-InsertRepeatedBytes-
#9037929	REDUCE cov: 527 ft: 1470 corp: 446/60Kb lim: 65536 exec/s: 130984 rss: 178Mb L: 372/1418 MS: 5 InsertByte-EraseBytes-ChangeASCIIInt-CrossOver-InsertByte-
#9061369	REDUCE cov: 527 ft: 1470 corp: 446/60Kb lim: 65536 exec/s: 129448 rss: 178Mb L: 457/1418 MS: 5 ChangeBinInt-PersAutoDict-ChangeBit-EraseBytes-PersAutoDict- DE: "\376\377\377\377\377\377\377\211"-"ZSTD_buildSeqTable failed"-
#9068003	REDUCE cov: 527 ft: 1470 corp: 446/60Kb lim: 65536 exec/s: 129542 rss: 178Mb L: 104/1418 MS: 4 InsertByte-EraseBytes-CopyPart-CopyPart-
#9070974	REDUCE cov: 527 ft: 1470 corp: 446/60Kb lim: 65536 exec/s: 129585 rss: 178Mb L: 20/1418 MS: 1 EraseBytes-
#9083356	REDUCE cov: 527 ft: 1470 corp: 446/60Kb lim: 65536 exec/s: 129762 rss: 178Mb L: 446/1418 MS: 2 ShuffleBytes-EraseBytes-
#9116691	REDUCE cov: 527 ft: 1470 corp: 446/60Kb lim: 65536 exec/s: 130238 rss: 178Mb L: 439/1418 MS: 5 ChangeASCIIInt-EraseBytes-ChangeByte-ChangeByte-CopyPart-
#9131479	REDUCE cov: 527 ft: 1470 corp: 446/60Kb lim: 65536 exec/s: 130449 rss: 178Mb L: 438/1418 MS: 3 ChangeBinInt-CMP-EraseBytes- DE: "\000\000\000\000\000\000\000\304"-
#9134050	REDUCE cov: 527 ft: 1470 corp: 446/60Kb lim: 65536 exec/s: 130486 rss: 178Mb L: 19/1418 MS: 1 EraseBytes-
#9134880	REDUCE cov: 527 ft: 1470 corp: 446/60Kb lim: 65536 exec/s: 130498 rss: 178Mb L: 372/1418 MS: 5 PersAutoDict-ChangeBit-ChangeBit-EraseBytes-InsertByte- DE: "Adjusting DDict based on requested dict ID from frame"-
#9176430	REDUCE cov: 527 ft: 1470 corp: 446/60Kb lim: 65536 exec/s: 129245 rss: 178Mb L: 522/1418 MS: 5 InsertRepeatedBytes-EraseBytes-ShuffleBytes-ChangeBinInt-PersAutoDict- DE: "ZSTD_compressBegin_usingCDict_internal"-
#9188871	REDUCE cov: 527 ft: 1470 corp: 446/60Kb lim: 65536 exec/s: 129420 rss: 178Mb L: 437/1418 MS: 1 EraseBytes-
#9220026	REDUCE cov: 527 ft: 1470 corp: 446/60Kb lim: 65536 exec/s: 129859 rss: 178Mb L: 500/1418 MS: 5 CopyPart-ShuffleBytes-CrossOver-ShuffleBytes-EraseBytes-
#9229108	REDUCE cov: 527 ft: 1470 corp: 446/60Kb lim: 65536 exec/s: 129987 rss: 178Mb L: 438/1418 MS: 2 EraseBytes-PersAutoDict- DE: "\013\000"-
#9229301	REDUCE cov: 527 ft: 1470 corp: 446/60Kb lim: 65536 exec/s: 129990 rss: 178Mb L: 386/1418 MS: 3 ChangeBit-InsertRepeatedBytes-EraseBytes-
#9233268	REDUCE cov: 527 ft: 1470 corp: 446/60Kb lim: 65536 exec/s: 130046 rss: 178Mb L: 372/1418 MS: 2 ManualDict-EraseBytes- DE: "ZSTD_compressStream2 : transparent init stage"-
#9374599	REDUCE cov: 527 ft: 1470 corp: 446/60Kb lim: 65536 exec/s: 130202 rss: 178Mb L: 20/1418 MS: 1 EraseBytes-
#9384940	REDUCE cov: 527 ft: 1470 corp: 446/60Kb lim: 65536 exec/s: 130346 rss: 178Mb L: 102/1418 MS: 1 EraseBytes-
#9394715	REDUCE cov: 527 ft: 1470 corp: 446/60Kb lim: 65536 exec/s: 130482 rss: 178Mb L: 523/1418 MS: 5 ChangeBit-PersAutoDict-InsertByte-InsertRepeatedBytes-EraseBytes- DE: "\013\000"-
#9396761	REDUCE cov: 527 ft: 1470 corp: 446/60Kb lim: 65536 exec/s: 130510 rss: 178Mb L: 413/1418 MS: 1 EraseBytes-
#9399222	REDUCE cov: 527 ft: 1470 corp: 446/60Kb lim: 65536 exec/s: 130544 rss: 178Mb L: 398/1418 MS: 1 EraseBytes-
#9408786	REDUCE cov: 527 ft: 1470 corp: 446/60Kb lim: 65536 exec/s: 128887 rss: 178Mb L: 381/1418 MS: 4 CMP-CMP-ChangeByte-EraseBytes- DE: "\003\000\000\000"-"\000\000\000\000\000\000\000\005"-
#9448404	REDUCE cov: 527 ft: 1470 corp: 446/60Kb lim: 65536 exec/s: 129430 rss: 178Mb L: 12/1418 MS: 3 ChangeByte-ChangeBinInt-EraseBytes-
#9455474	REDUCE cov: 527 ft: 1470 corp: 446/60Kb lim: 65536 exec/s: 129527 rss: 178Mb L: 377/1418 MS: 5 ChangeBit-CopyPart-EraseBytes-ChangeBit-PersAutoDict- DE: "\013\000"-
#9464118	REDUCE cov: 527 ft: 1470 corp: 446/60Kb lim: 65536 exec/s: 129645 rss: 178Mb L: 468/1418 MS: 4 ChangeBit-EraseBytes-ChangeBit-PersAutoDict- DE: "\013\000"-
#9465481	REDUCE cov: 527 ft: 1470 corp: 446/60Kb lim: 65536 exec/s: 129664 rss: 178Mb L: 380/1418 MS: 3 EraseBytes-ChangeBit-CrossOver-
#9466144	REDUCE cov: 527 ft: 1470 corp: 446/60Kb lim: 65536 exec/s: 129673 rss: 178Mb L: 387/1418 MS: 3 ShuffleBytes-PersAutoDict-EraseBytes- DE: "ZSTD_writeEpilogue failed"-
#9469107	REDUCE cov: 527 ft: 1470 corp: 446/60Kb lim: 65536 exec/s: 129713 rss: 178Mb L: 463/1418 MS: 3 CrossOver-EraseBytes-PersAutoDict- DE: "\013\000"-
#9477351	REDUCE cov: 527 ft: 1470 corp: 446/59Kb lim: 65536 exec/s: 129826 rss: 178Mb L: 388/1418 MS: 4 ChangeBinInt-InsertRepeatedBytes-CMP-EraseBytes- DE: "\000\000\000\000\000\000\000\247"-
#9483231	REDUCE cov: 527 ft: 1470 corp: 446/59Kb lim: 65536 exec/s: 129907 rss: 178Mb L: 382/1418 MS: 5 CrossOver-InsertByte-EraseBytes-ChangeBit-EraseBytes-
#9483331	REDUCE cov: 527 ft: 1470 corp: 446/59Kb lim: 65536 exec/s: 129908 rss: 178Mb L: 337/1418 MS: 5 ChangeBit-InsertByte-ManualDict-CopyPart-EraseBytes- DE: "ZSTD_compress_advanced"-
#9483448	REDUCE cov: 527 ft: 1470 corp: 446/59Kb lim: 65536 exec/s: 129910 rss: 178Mb L: 214/1418 MS: 2 ChangeByte-EraseBytes-
#9484218	REDUCE cov: 527 ft: 1470 corp: 446/59Kb lim: 65536 exec/s: 129920 rss: 178Mb L: 375/1418 MS: 5 InsertRepeatedBytes-ShuffleBytes-CMP-ChangeByte-EraseBytes- DE: "4\000\000\000\000\000\000\000"-
#9491220	REDUCE cov: 527 ft: 1470 corp: 446/59Kb lim: 65536 exec/s: 130016 rss: 178Mb L: 198/1418 MS: 2 ManualDict-EraseBytes- DE: "impossible to reach"-
#9496630	REDUCE cov: 527 ft: 1470 corp: 446/59Kb lim: 65536 exec/s: 130090 rss: 178Mb L: 372/1418 MS: 5 ShuffleBytes-InsertByte-PersAutoDict-CMP-EraseBytes- DE: "ZSTD_initDStream_usingDict"-"\000\000\000\000\000\000\000\011"-
#9498730	REDUCE cov: 527 ft: 1470 corp: 446/59Kb lim: 65536 exec/s: 130119 rss: 178Mb L: 436/1418 MS: 5 ChangeBit-PersAutoDict-ManualDict-PersAutoDict-EraseBytes- DE: "not enough dstCapacity to write a new compressed block"-"ZSTD_decompressStream"-"Sequence validation failed"-
#9500308	REDUCE cov: 527 ft: 1470 corp: 446/59Kb lim: 65536 exec/s: 130141 rss: 178Mb L: 376/1418 MS: 3 EraseBytes-InsertRepeatedBytes-InsertRepeatedBytes-
#9500668	REDUCE cov: 527 ft: 1470 corp: 446/59Kb lim: 65536 exec/s: 130146 rss: 178Mb L: 377/1418 MS: 5 ShuffleBytes-CrossOver-CMP-ShuffleBytes-EraseBytes- DE: ")\000"-
#9519875	REDUCE cov: 527 ft: 1470 corp: 446/59Kb lim: 65536 exec/s: 130409 rss: 178Mb L: 185/1418 MS: 2 InsertRepeatedBytes-EraseBytes-
#9538568	REDUCE cov: 527 ft: 1470 corp: 446/59Kb lim: 65536 exec/s: 128899 rss: 178Mb L: 381/1418 MS: 3 ShuffleBytes-ChangeBinInt-EraseBytes-
#9550779	REDUCE cov: 527 ft: 1470 corp: 446/59Kb lim: 65536 exec/s: 129064 rss: 178Mb L: 181/1418 MS: 1 EraseBytes-
#9551195	REDUCE cov: 527 ft: 1470 corp: 446/59Kb lim: 65536 exec/s: 129070 rss: 178Mb L: 379/1418 MS: 1 EraseBytes-
#9560506	REDUCE cov: 527 ft: 1470 corp: 446/59Kb lim: 65536 exec/s: 129196 rss: 178Mb L: 376/1418 MS: 1 EraseBytes-
#9571011	REDUCE cov: 527 ft: 1470 corp: 446/59Kb lim: 65536 exec/s: 129337 rss: 178Mb L: 532/1418 MS: 5 ChangeByte-ChangeBinInt-EraseBytes-InsertByte-CopyPart-
#9576727	REDUCE cov: 527 ft: 1470 corp: 446/59Kb lim: 65536 exec/s: 129415 rss: 178Mb L: 373/1418 MS: 1 EraseBytes-
#9581873	REDUCE cov: 527 ft: 1471 corp: 447/59Kb lim: 65536 exec/s: 129484 rss: 178Mb L: 27/1418 MS: 1 CopyPart-
#9601684	REDUCE cov: 527 ft: 1471 corp: 447/59Kb lim: 65536 exec/s: 129752 rss: 178Mb L: 375/1418 MS: 1 EraseBytes-
#9614741	REDUCE cov: 527 ft: 1471 corp: 447/59Kb lim: 65536 exec/s: 129928 rss: 178Mb L: 374/1418 MS: 2 ManualDict-EraseBytes- DE: "The context is in the wrong stage!"-
#9641074	REDUCE cov: 527 ft: 1471 corp: 447/59Kb lim: 65536 exec/s: 130284 rss: 178Mb L: 374/1418 MS: 3 InsertByte-ShuffleBytes-EraseBytes-
#9662165	NEW    cov: 527 ft: 1472 corp: 448/59Kb lim: 65536 exec/s: 128828 rss: 178Mb L: 53/1418 MS: 1 CopyPart-
#9662352	REDUCE cov: 527 ft: 1472 corp: 448/59Kb lim: 65536 exec/s: 128831 rss: 178Mb L: 47/1418 MS: 2 ShuffleBytes-EraseBytes-
#9671301	REDUCE cov: 527 ft: 1472 corp: 448/59Kb lim: 65536 exec/s: 128950 rss: 178Mb L: 468/1418 MS: 4 PersAutoDict-CrossOver-EraseBytes-InsertRepeatedBytes- DE: "\013\000"-
#9671528	REDUCE cov: 527 ft: 1472 corp: 448/59Kb lim: 65536 exec/s: 128953 rss: 178Mb L: 43/1418 MS: 2 CrossOver-EraseBytes-
#9672735	REDUCE cov: 527 ft: 1472 corp: 448/59Kb lim: 65536 exec/s: 128969 rss: 178Mb L: 374/1418 MS: 2 InsertRepeatedBytes-EraseBytes-
#9744816	REDUCE cov: 527 ft: 1472 corp: 448/59Kb lim: 65536 exec/s: 129930 rss: 178Mb L: 11/1418 MS: 1 EraseBytes-
#9748440	REDUCE cov: 527 ft: 1472 corp: 448/59Kb lim: 65536 exec/s: 129979 rss: 178Mb L: 373/1418 MS: 4 ManualDict-InsertRepeatedBytes-InsertByte-EraseBytes- DE: "HIST_count_wksp failed"-
#9822218	REDUCE cov: 527 ft: 1472 corp: 448/59Kb lim: 65536 exec/s: 129239 rss: 178Mb L: 180/1418 MS: 3 ChangeByte-ManualDict-EraseBytes- DE: "dst buf is too small to fit worst-case frame header size."-
#9851429	REDUCE cov: 527 ft: 1472 corp: 448/59Kb lim: 65536 exec/s: 129624 rss: 178Mb L: 42/1418 MS: 1 EraseBytes-
#9862591	REDUCE cov: 527 ft: 1472 corp: 448/59Kb lim: 65536 exec/s: 129770 rss: 178Mb L: 37/1418 MS: 2 ChangeBit-EraseBytes-
#9901589	REDUCE cov: 527 ft: 1472 corp: 448/59Kb lim: 65536 exec/s: 128592 rss: 178Mb L: 372/1418 MS: 3 EraseBytes-ChangeBinInt-ManualDict- DE: "ZSTDMT_waitForAllJobsCompleted"-
#9956025	REDUCE cov: 527 ft: 1472 corp: 448/59Kb lim: 65536 exec/s: 129299 rss: 178Mb L: 373/1418 MS: 1 EraseBytes-
#9965787	NEW    cov: 527 ft: 1512 corp: 449/60Kb lim: 65536 exec/s: 129425 rss: 178Mb L: 532/1418 MS: 2 CopyPart-CopyPart-
#9966768	REDUCE cov: 527 ft: 1512 corp: 449/59Kb lim: 65536 exec/s: 129438 rss: 178Mb L: 420/1418 MS: 1 EraseBytes-
#9969175	REDUCE cov: 527 ft: 1512 corp: 449/59Kb lim: 65536 exec/s: 129469 rss: 178Mb L: 400/1418 MS: 2 ManualDict-EraseBytes- DE: "ZSTD_decompressMultiFrame"-
#9970206	REDUCE cov: 527 ft: 1512 corp: 449/59Kb lim: 65536 exec/s: 129483 rss: 178Mb L: 389/1418 MS: 1 EraseBytes-
#9971862	REDUCE cov: 527 ft: 1512 corp: 449/59Kb lim: 65536 exec/s: 129504 rss: 178Mb L: 339/1418 MS: 1 EraseBytes-
#9974788	REDUCE cov: 527 ft: 1512 corp: 449/59Kb lim: 65536 exec/s: 129542 rss: 178Mb L: 20/1418 MS: 1 EraseBytes-
#9976669	REDUCE cov: 527 ft: 1512 corp: 449/59Kb lim: 65536 exec/s: 129567 rss: 178Mb L: 316/1418 MS: 1 EraseBytes-
#9977226	REDUCE cov: 527 ft: 1512 corp: 449/59Kb lim: 65536 exec/s: 129574 rss: 178Mb L: 18/1418 MS: 2 EraseBytes-ChangeBit-
#9980048	REDUCE cov: 527 ft: 1512 corp: 449/59Kb lim: 65536 exec/s: 129611 rss: 178Mb L: 15/1418 MS: 2 ChangeBit-EraseBytes-
#9981553	REDUCE cov: 527 ft: 1512 corp: 449/59Kb lim: 65536 exec/s: 129630 rss: 178Mb L: 372/1418 MS: 5 PersAutoDict-PersAutoDict-InsertRepeatedBytes-PersAutoDict-EraseBytes- DE: "not an end of match"-"A\000"-"I\000\000\000\000\000\000\000"-
#10019516	REDUCE cov: 527 ft: 1512 corp: 449/59Kb lim: 65536 exec/s: 130123 rss: 178Mb L: 373/1418 MS: 3 ChangeBinInt-CrossOver-EraseBytes-
#10056187	REDUCE cov: 527 ft: 1512 corp: 449/59Kb lim: 65536 exec/s: 128925 rss: 178Mb L: 20/1418 MS: 1 EraseBytes-
#10076668	REDUCE cov: 527 ft: 1512 corp: 449/59Kb lim: 65536 exec/s: 129188 rss: 178Mb L: 315/1418 MS: 1 EraseBytes-
#10082010	REDUCE cov: 527 ft: 1512 corp: 449/59Kb lim: 65536 exec/s: 129256 rss: 178Mb L: 290/1418 MS: 2 CrossOver-EraseBytes-
#10118196	REDUCE cov: 527 ft: 1512 corp: 449/59Kb lim: 65536 exec/s: 129720 rss: 178Mb L: 36/1418 MS: 1 EraseBytes-
#10197967	REDUCE cov: 527 ft: 1512 corp: 449/59Kb lim: 65536 exec/s: 129088 rss: 178Mb L: 14/1418 MS: 1 EraseBytes-
#10267353	REDUCE cov: 527 ft: 1512 corp: 449/59Kb lim: 65536 exec/s: 129966 rss: 178Mb L: 68/1418 MS: 1 EraseBytes-
#10279499	REDUCE cov: 527 ft: 1512 corp: 449/59Kb lim: 65536 exec/s: 130120 rss: 178Mb L: 10/1418 MS: 1 EraseBytes-
#10318743	REDUCE cov: 527 ft: 1512 corp: 449/59Kb lim: 65536 exec/s: 128984 rss: 178Mb L: 532/1418 MS: 4 ChangeByte-CMP-EraseBytes-ManualDict- DE: "\000\000\000\000\000\000\000\357"-"hot!"-
#10328045	REDUCE cov: 527 ft: 1512 corp: 449/59Kb lim: 65536 exec/s: 129100 rss: 178Mb L: 372/1418 MS: 2 CopyPart-EraseBytes-
#10333294	REDUCE cov: 527 ft: 1512 corp: 449/59Kb lim: 65536 exec/s: 129166 rss: 178Mb L: 481/1418 MS: 4 ManualDict-EraseBytes-CrossOver-PersAutoDict- DE: "RLE compress block failed"-"\013\000"-
#10336082	REDUCE cov: 527 ft: 1512 corp: 449/59Kb lim: 65536 exec/s: 129201 rss: 178Mb L: 431/1418 MS: 3 CopyPart-InsertRepeatedBytes-EraseBytes-
#10341885	REDUCE cov: 527 ft: 1512 corp: 449/59Kb lim: 65536 exec/s: 129273 rss: 178Mb L: 409/1418 MS: 3 ChangeBit-CopyPart-EraseBytes-
#10345500	REDUCE cov: 527 ft: 1512 corp: 449/59Kb lim: 65536 exec/s: 129318 rss: 178Mb L: 376/1418 MS: 5 ChangeBit-ChangeBinInt-InsertByte-ShuffleBytes-EraseBytes-
#10386282	REDUCE cov: 527 ft: 1512 corp: 449/59Kb lim: 65536 exec/s: 129828 rss: 178Mb L: 19/1418 MS: 2 EraseBytes-ChangeByte-
#10427899	REDUCE cov: 527 ft: 1512 corp: 449/59Kb lim: 65536 exec/s: 128739 rss: 178Mb L: 427/1418 MS: 2 PersAutoDict-EraseBytes- DE: "\013\000"-
#10438591	REDUCE cov: 527 ft: 1512 corp: 449/59Kb lim: 65536 exec/s: 128871 rss: 178Mb L: 399/1418 MS: 2 ManualDict-EraseBytes- DE: "Selected set_compressed"-
#10463289	REDUCE cov: 527 ft: 1512 corp: 449/59Kb lim: 65536 exec/s: 129176 rss: 178Mb L: 14/1418 MS: 3 EraseBytes-ChangeBinInt-InsertByte-
#10500701	REDUCE cov: 527 ft: 1512 corp: 449/59Kb lim: 65536 exec/s: 129638 rss: 178Mb L: 40/1418 MS: 2 EraseBytes-ChangeBit-
#10502272	REDUCE cov: 527 ft: 1512 corp: 449/59Kb lim: 65536 exec/s: 129657 rss: 178Mb L: 11/1418 MS: 1 EraseBytes-
#10520108	REDUCE cov: 527 ft: 1512 corp: 449/59Kb lim: 65536 exec/s: 129877 rss: 178Mb L: 20/1418 MS: 1 EraseBytes-
#10551118	REDUCE cov: 527 ft: 1512 corp: 449/59Kb lim: 65536 exec/s: 128672 rss: 178Mb L: 375/1418 MS: 5 PersAutoDict-InsertByte-CrossOver-PersAutoDict-EraseBytes- DE: "FSE_writeNCount failed"-"shortcut to single-pass ZSTD_decompress_usingDDict()"-
#10557420	REDUCE cov: 527 ft: 1512 corp: 449/59Kb lim: 65536 exec/s: 128749 rss: 178Mb L: 392/1418 MS: 2 ChangeBinInt-EraseBytes-
#10587531	REDUCE cov: 527 ft: 1512 corp: 449/59Kb lim: 65536 exec/s: 129116 rss: 178Mb L: 20/1418 MS: 1 EraseBytes-
#10608300	REDUCE cov: 527 ft: 1512 corp: 449/59Kb lim: 65536 exec/s: 129369 rss: 178Mb L: 433/1418 MS: 4 ManualDict-EraseBytes-ManualDict-ChangeBinInt- DE: "init missing"-"ZSTD_buildSeqStore failed"-
#10620778	REDUCE cov: 527 ft: 1512 corp: 449/59Kb lim: 65536 exec/s: 129521 rss: 178Mb L: 389/1418 MS: 3 ChangeBit-ChangeBit-EraseBytes-
#10709262	REDUCE cov: 527 ft: 1512 corp: 449/59Kb lim: 65536 exec/s: 129027 rss: 178Mb L: 465/1418 MS: 4 PersAutoDict-ChangeBit-EraseBytes-PersAutoDict- DE: "\377\377\377?"-"\013\000"-
#10722284	REDUCE cov: 527 ft: 1512 corp: 449/59Kb lim: 65536 exec/s: 129184 rss: 178Mb L: 372/1418 MS: 2 CopyPart-EraseBytes-
#10738340	REDUCE cov: 527 ft: 1512 corp: 449/59Kb lim: 65536 exec/s: 129377 rss: 178Mb L: 36/1418 MS: 1 EraseBytes-
#10749858	REDUCE cov: 527 ft: 1512 corp: 449/59Kb lim: 65536 exec/s: 129516 rss: 178Mb L: 428/1418 MS: 3 ShuffleBytes-ChangeByte-EraseBytes-
#10776920	REDUCE cov: 527 ft: 1512 corp: 449/59Kb lim: 65536 exec/s: 129842 rss: 178Mb L: 410/1418 MS: 2 ChangeBinInt-EraseBytes-
#10780722	REDUCE cov: 527 ft: 1512 corp: 449/59Kb lim: 65536 exec/s: 129888 rss: 178Mb L: 385/1418 MS: 2 ManualDict-EraseBytes- DE: "search depth 2"-
#10804849	REDUCE cov: 527 ft: 1512 corp: 449/59Kb lim: 65536 exec/s: 128629 rss: 178Mb L: 381/1418 MS: 2 ChangeByte-EraseBytes-
#10840849	REDUCE cov: 527 ft: 1512 corp: 449/59Kb lim: 65536 exec/s: 129057 rss: 178Mb L: 359/1418 MS: 5 ChangeBit-ChangeBit-ChangeBit-ChangeBinInt-EraseBytes-
#10895270	REDUCE cov: 527 ft: 1512 corp: 449/59Kb lim: 65536 exec/s: 129705 rss: 178Mb L: 375/1418 MS: 1 EraseBytes-
#10904132	REDUCE cov: 527 ft: 1512 corp: 449/59Kb lim: 65536 exec/s: 129811 rss: 178Mb L: 372/1418 MS: 2 ShuffleBytes-EraseBytes-
#10918084	REDUCE cov: 528 ft: 1513 corp: 450/59Kb lim: 65536 exec/s: 129977 rss: 178Mb L: 532/1418 MS: 2 ChangeByte-ChangeBinInt-
#10941590	REDUCE cov: 528 ft: 1513 corp: 450/59Kb lim: 65536 exec/s: 128724 rss: 178Mb L: 355/1418 MS: 1 EraseBytes-
#11054778	REDUCE cov: 528 ft: 1513 corp: 450/59Kb lim: 65536 exec/s: 128543 rss: 178Mb L: 20/1418 MS: 3 EraseBytes-ShuffleBytes-ChangeBinInt-
#11080961	REDUCE cov: 528 ft: 1513 corp: 450/59Kb lim: 65536 exec/s: 128848 rss: 178Mb L: 373/1418 MS: 3 ShuffleBytes-ShuffleBytes-EraseBytes-
#11158406	REDUCE cov: 528 ft: 1513 corp: 450/59Kb lim: 65536 exec/s: 129748 rss: 178Mb L: 380/1418 MS: 5 ChangeASCIIInt-ChangeBinInt-ChangeByte-ChangeBinInt-EraseBytes-
#11210774	REDUCE cov: 528 ft: 1513 corp: 450/59Kb lim: 65536 exec/s: 128859 rss: 178Mb L: 377/1418 MS: 3 ChangeByte-ChangeBit-EraseBytes-
#11239889	REDUCE cov: 528 ft: 1513 corp: 450/59Kb lim: 65536 exec/s: 129194 rss: 178Mb L: 17/1418 MS: 5 CopyPart-ChangeByte-ChangeASCIIInt-ChangeByte-EraseBytes-
#11258915	REDUCE cov: 528 ft: 1513 corp: 450/59Kb lim: 65536 exec/s: 129412 rss: 178Mb L: 18/1418 MS: 1 EraseBytes-
#11274499	REDUCE cov: 528 ft: 1513 corp: 450/59Kb lim: 65536 exec/s: 129591 rss: 178Mb L: 351/1418 MS: 4 CopyPart-InsertRepeatedBytes-EraseBytes-EraseBytes-
#11312291	REDUCE cov: 528 ft: 1513 corp: 450/59Kb lim: 65536 exec/s: 130026 rss: 178Mb L: 342/1418 MS: 2 ManualDict-EraseBytes- DE: "try to read beyond literal buffer"-
#11322293	REDUCE cov: 528 ft: 1513 corp: 450/59Kb lim: 65536 exec/s: 128662 rss: 178Mb L: 49/1418 MS: 2 EraseBytes-ChangeBit-
#11322544	REDUCE cov: 528 ft: 1513 corp: 450/59Kb lim: 65536 exec/s: 128665 rss: 178Mb L: 16/1418 MS: 1 EraseBytes-
#11329555	REDUCE cov: 528 ft: 1513 corp: 450/59Kb lim: 65536 exec/s: 128744 rss: 178Mb L: 14/1418 MS: 1 EraseBytes-
#11351662	REDUCE cov: 528 ft: 1513 corp: 450/59Kb lim: 65536 exec/s: 128996 rss: 178Mb L: 45/1418 MS: 2 ChangeBit-EraseBytes-
#11387573	REDUCE cov: 528 ft: 1513 corp: 450/59Kb lim: 65536 exec/s: 129404 rss: 178Mb L: 10/1418 MS: 1 EraseBytes-
#11483226	REDUCE cov: 528 ft: 1513 corp: 450/59Kb lim: 65536 exec/s: 129025 rss: 178Mb L: 44/1418 MS: 3 ChangeBinInt-CMP-EraseBytes- DE: "\000@"-
#11571090	REDUCE cov: 528 ft: 1513 corp: 450/59Kb lim: 65536 exec/s: 130012 rss: 178Mb L: 391/1418 MS: 4 ChangeBinInt-CMP-ChangeBit-EraseBytes- DE: "\377\377\377\000"-
#11573572	REDUCE cov: 528 ft: 1513 corp: 450/59Kb lim: 65536 exec/s: 128595 rss: 178Mb L: 15/1418 MS: 2 EraseBytes-ChangeByte-
#11581094	REDUCE cov: 528 ft: 1513 corp: 450/59Kb lim: 65536 exec/s: 128678 rss: 178Mb L: 385/1418 MS: 2 ShuffleBytes-EraseBytes-
#11592307	REDUCE cov: 528 ft: 1513 corp: 450/59Kb lim: 65536 exec/s: 128803 rss: 178Mb L: 376/1418 MS: 3 ManualDict-ManualDict-EraseBytes- DE: "ZSTD_ldm_fillHashTable"-"Unspecified error code"-
#11596891	REDUCE cov: 528 ft: 1513 corp: 450/59Kb lim: 65536 exec/s: 128854 rss: 178Mb L: 424/1418 MS: 4 ChangeBinInt-EraseBytes-ShuffleBytes-PersAutoDict- DE: "\013\000"-
#11619920	REDUCE cov: 528 ft: 1513 corp: 450/59Kb lim: 65536 exec/s: 129110 rss: 178Mb L: 385/1418 MS: 4 CrossOver-EraseBytes-ShuffleBytes-PersAutoDict- DE: "Block header doesn't fit"-
#11640593	REDUCE cov: 528 ft: 1514 corp: 451/59Kb lim: 65536 exec/s: 129339 rss: 178Mb L: 114/1418 MS: 3 PersAutoDict-CopyPart-CopyPart- DE: "\023\000\000\000\000\000\000\000"-
#11640796	REDUCE cov: 528 ft: 1514 corp: 451/59Kb lim: 65536 exec/s: 129342 rss: 178Mb L: 94/1418 MS: 3 CopyPart-CMP-EraseBytes- DE: "\001\000\000\000\000\000\000T"-
#11682627	REDUCE cov: 528 ft: 1514 corp: 451/59Kb lim: 65536 exec/s: 129806 rss: 178Mb L: 90/1418 MS: 1 EraseBytes-
#11687849	REDUCE cov: 528 ft: 1514 corp: 451/59Kb lim: 65536 exec/s: 129864 rss: 178Mb L: 84/1418 MS: 2 ChangeBit-EraseBytes-
#11797446	REDUCE cov: 528 ft: 1514 corp: 451/59Kb lim: 65536 exec/s: 129642 rss: 178Mb L: 372/1418 MS: 2 ChangeBit-EraseBytes-
#11812274	REDUCE cov: 528 ft: 1514 corp: 451/59Kb lim: 65536 exec/s: 129805 rss: 178Mb L: 16/1418 MS: 3 ShuffleBytes-ChangeByte-EraseBytes-
#11827669	REDUCE cov: 528 ft: 1514 corp: 451/59Kb lim: 65536 exec/s: 128561 rss: 178Mb L: 340/1418 MS: 5 ChangeBit-ManualDict-ChangeBit-EraseBytes-ManualDict- DE: "Compressing chunk failed!"-"ZSTD_CCtx_setCParams"-
#11949666	REDUCE cov: 528 ft: 1514 corp: 451/59Kb lim: 65536 exec/s: 129887 rss: 178Mb L: 372/1418 MS: 2 CrossOver-EraseBytes-
#11952123	REDUCE cov: 528 ft: 1514 corp: 451/59Kb lim: 65536 exec/s: 129914 rss: 178Mb L: 19/1418 MS: 2 EraseBytes-CrossOver-
#11975143	REDUCE cov: 528 ft: 1514 corp: 451/59Kb lim: 65536 exec/s: 128764 rss: 178Mb L: 374/1418 MS: 5 InsertRepeatedBytes-ManualDict-ChangeBinInt-EraseBytes-CrossOver- DE: "Operation not authorized at current processing stage"-
#11982496	REDUCE cov: 528 ft: 1514 corp: 451/59Kb lim: 65536 exec/s: 128844 rss: 178Mb L: 393/1418 MS: 3 ShuffleBytes-EraseBytes-PersAutoDict- DE: "\013\000"-
#11989272	REDUCE cov: 528 ft: 1514 corp: 451/59Kb lim: 65536 exec/s: 128916 rss: 178Mb L: 80/1418 MS: 1 EraseBytes-
#11992650	REDUCE cov: 528 ft: 1514 corp: 451/59Kb lim: 65536 exec/s: 128953 rss: 178Mb L: 387/1418 MS: 3 EraseBytes-ChangeASCIIInt-PersAutoDict- DE: "\013\000"-
#12005206	REDUCE cov: 528 ft: 1514 corp: 451/59Kb lim: 65536 exec/s: 129088 rss: 178Mb L: 75/1418 MS: 1 EraseBytes-
#12051096	REDUCE cov: 528 ft: 1514 corp: 451/59Kb lim: 65536 exec/s: 129581 rss: 178Mb L: 372/1418 MS: 5 ChangeBit-ShuffleBytes-EraseBytes-PersAutoDict-InsertByte- DE: "'\000"-
#12053124	REDUCE cov: 528 ft: 1514 corp: 451/59Kb lim: 65536 exec/s: 129603 rss: 178Mb L: 378/1418 MS: 3 EraseBytes-CrossOver-CrossOver-
#12054822	REDUCE cov: 528 ft: 1514 corp: 451/59Kb lim: 65536 exec/s: 129621 rss: 178Mb L: 528/1418 MS: 3 EraseBytes-ManualDict-ChangeBit- DE: "Specified maxSymbolValue is too small"-
#12076195	REDUCE cov: 528 ft: 1514 corp: 451/59Kb lim: 65536 exec/s: 129851 rss: 178Mb L: 376/1418 MS: 3 CopyPart-ManualDict-EraseBytes- DE: "ZSTD_buildCTable for Offsets failed"-
#12080486	REDUCE cov: 528 ft: 1514 corp: 451/59Kb lim: 65536 exec/s: 129897 rss: 178Mb L: 374/1418 MS: 1 EraseBytes-
#12085053	REDUCE cov: 528 ft: 1514 corp: 451/59Kb lim: 65536 exec/s: 128564 rss: 178Mb L: 375/1418 MS: 2 ChangeBit-EraseBytes-
#12151574	REDUCE cov: 528 ft: 1514 corp: 451/59Kb lim: 65536 exec/s: 129272 rss: 178Mb L: 20/1418 MS: 1 EraseBytes-
#12173036	REDUCE cov: 528 ft: 1515 corp: 452/59Kb lim: 65536 exec/s: 129500 rss: 178Mb L: 85/1418 MS: 2 CopyPart-CopyPart-
#12175252	REDUCE cov: 528 ft: 1515 corp: 452/59Kb lim: 65536 exec/s: 129523 rss: 178Mb L: 76/1418 MS: 1 EraseBytes-
#12175393	REDUCE cov: 528 ft: 1515 corp: 452/59Kb lim: 65536 exec/s: 129525 rss: 178Mb L: 75/1418 MS: 1 EraseBytes-
#12176032	REDUCE cov: 528 ft: 1515 corp: 452/59Kb lim: 65536 exec/s: 129532 rss: 178Mb L: 369/1418 MS: 4 CopyPart-EraseBytes-ChangeBit-InsertRepeatedBytes-
#12191920	REDUCE cov: 528 ft: 1515 corp: 452/59Kb lim: 65536 exec/s: 129701 rss: 178Mb L: 340/1418 MS: 3 ShuffleBytes-ChangeBit-EraseBytes-
#12195088	REDUCE cov: 528 ft: 1515 corp: 452/59Kb lim: 65536 exec/s: 129734 rss: 178Mb L: 19/1418 MS: 3 EraseBytes-ChangeByte-ChangeBinInt-
#12248219	REDUCE cov: 528 ft: 1515 corp: 452/59Kb lim: 65536 exec/s: 128928 rss: 178Mb L: 372/1418 MS: 1 EraseBytes-
#12303815	REDUCE cov: 528 ft: 1515 corp: 452/59Kb lim: 65536 exec/s: 129513 rss: 178Mb L: 32/1418 MS: 1 EraseBytes-
#12313758	REDUCE cov: 528 ft: 1515 corp: 452/59Kb lim: 65536 exec/s: 129618 rss: 178Mb L: 373/1418 MS: 3 CrossOver-InsertRepeatedBytes-EraseBytes-
#12355859	REDUCE cov: 528 ft: 1517 corp: 453/59Kb lim: 65536 exec/s: 128706 rss: 178Mb L: 39/1418 MS: 1 CopyPart-
#12446038	REDUCE cov: 528 ft: 1517 corp: 453/59Kb lim: 65536 exec/s: 129646 rss: 178Mb L: 373/1418 MS: 4 CopyPart-ManualDict-InsertByte-EraseBytes- DE: "Unsupported frame parameter"-
#12518982	REDUCE cov: 528 ft: 1517 corp: 453/59Kb lim: 65536 exec/s: 129061 rss: 178Mb L: 365/1418 MS: 4 EraseBytes-InsertRepeatedBytes-CopyPart-CrossOver-
#12532533	REDUCE cov: 528 ft: 1517 corp: 453/59Kb lim: 65536 exec/s: 129201 rss: 178Mb L: 15/1418 MS: 1 EraseBytes-
#12562524	REDUCE cov: 528 ft: 1517 corp: 453/59Kb lim: 65536 exec/s: 129510 rss: 178Mb L: 27/1418 MS: 1 EraseBytes-
#12583016	REDUCE cov: 529 ft: 1518 corp: 454/59Kb lim: 65536 exec/s: 129721 rss: 178Mb L: 276/1418 MS: 2 CopyPart-ChangeByte-
#12774308	NEW    cov: 530 ft: 1519 corp: 455/59Kb lim: 65536 exec/s: 129033 rss: 178Mb L: 276/1418 MS: 2 CopyPart-ChangeBit-
#12801449	REDUCE cov: 530 ft: 1519 corp: 455/59Kb lim: 65536 exec/s: 129307 rss: 178Mb L: 18/1418 MS: 1 EraseBytes-
#12816376	REDUCE cov: 530 ft: 1519 corp: 455/59Kb lim: 65536 exec/s: 129458 rss: 178Mb L: 73/1418 MS: 2 ChangeByte-EraseBytes-
#12820126	REDUCE cov: 530 ft: 1519 corp: 455/59Kb lim: 65536 exec/s: 129496 rss: 178Mb L: 429/1418 MS: 5 PersAutoDict-ManualDict-ChangeBinInt-InsertByte-EraseBytes- DE: "\013\000"-"ZSTD_compressStream2 : transparent init stage"-
#12822045	REDUCE cov: 530 ft: 1519 corp: 455/59Kb lim: 65536 exec/s: 129515 rss: 178Mb L: 377/1418 MS: 4 InsertByte-InsertRepeatedBytes-CopyPart-EraseBytes-
#12839765	REDUCE cov: 530 ft: 1519 corp: 455/59Kb lim: 65536 exec/s: 129694 rss: 178Mb L: 526/1418 MS: 5 ChangeBinInt-InsertByte-ManualDict-ChangeBinInt-EraseBytes- DE: "but following bytes are garbage: "-
#12844896	REDUCE cov: 530 ft: 1519 corp: 455/59Kb lim: 65536 exec/s: 129746 rss: 178Mb L: 374/1418 MS: 1 EraseBytes-
#12874164	REDUCE cov: 530 ft: 1519 corp: 455/59Kb lim: 65536 exec/s: 128741 rss: 178Mb L: 373/1418 MS: 3 InsertRepeatedBytes-ManualDict-EraseBytes- DE: "stage zdss_read"-
#13010796	REDUCE cov: 530 ft: 1519 corp: 455/59Kb lim: 65536 exec/s: 128819 rss: 178Mb L: 372/1418 MS: 2 InsertByte-EraseBytes-
#13050073	REDUCE cov: 530 ft: 1519 corp: 455/59Kb lim: 65536 exec/s: 129208 rss: 178Mb L: 19/1418 MS: 2 EraseBytes-ChangeByte-
#13059200	REDUCE cov: 530 ft: 1519 corp: 455/59Kb lim: 65536 exec/s: 129299 rss: 178Mb L: 14/1418 MS: 2 EraseBytes-ChangeBit-
#13181247	REDUCE cov: 530 ft: 1519 corp: 455/59Kb lim: 65536 exec/s: 129227 rss: 178Mb L: 372/1418 MS: 2 CrossOver-EraseBytes-
#13267838	REDUCE cov: 530 ft: 1519 corp: 455/59Kb lim: 65536 exec/s: 128813 rss: 178Mb L: 372/1418 MS: 1 EraseBytes-
#13646978	REDUCE cov: 530 ft: 1519 corp: 455/59Kb lim: 65536 exec/s: 129971 rss: 178Mb L: 530/1418 MS: 5 ChangeBinInt-InsertByte-EraseBytes-CrossOver-ChangeBinInt-
#13660185	REDUCE cov: 530 ft: 1519 corp: 455/59Kb lim: 65536 exec/s: 128869 rss: 178Mb L: 311/1418 MS: 2 EraseBytes-CMP- DE: "^\000\000\000"-
#13713853	REDUCE cov: 530 ft: 1520 corp: 456/59Kb lim: 65536 exec/s: 129375 rss: 178Mb L: 532/1418 MS: 3 ChangeASCIIInt-ChangeASCIIInt-ChangeBinInt-
#13963192	REDUCE cov: 530 ft: 1520 corp: 456/59Kb lim: 65536 exec/s: 129288 rss: 178Mb L: 516/1418 MS: 4 ManualDict-ShuffleBytes-PersAutoDict-EraseBytes- DE: "farther than memory cache distance"-"\013\000"-
#13978019	REDUCE cov: 530 ft: 1520 corp: 456/59Kb lim: 65536 exec/s: 129426 rss: 178Mb L: 443/1418 MS: 2 PersAutoDict-EraseBytes- DE: "\000\000\000\000\000\000\000\247"-
#14011551	REDUCE cov: 530 ft: 1520 corp: 456/59Kb lim: 65536 exec/s: 129736 rss: 178Mb L: 386/1418 MS: 2 InsertRepeatedBytes-EraseBytes-
#14100056	REDUCE cov: 530 ft: 1520 corp: 456/59Kb lim: 65536 exec/s: 129358 rss: 178Mb L: 380/1418 MS: 5 CrossOver-EraseBytes-ChangeByte-InsertByte-InsertRepeatedBytes-
#14330028	REDUCE cov: 530 ft: 1520 corp: 456/59Kb lim: 65536 exec/s: 129099 rss: 178Mb L: 310/1418 MS: 2 ShuffleBytes-EraseBytes-
#14334261	REDUCE cov: 530 ft: 1520 corp: 456/59Kb lim: 65536 exec/s: 129137 rss: 178Mb L: 378/1418 MS: 3 ManualDict-ShuffleBytes-EraseBytes- DE: "HIST_count_wksp failed"-
#14372264	REDUCE cov: 530 ft: 1520 corp: 456/59Kb lim: 65536 exec/s: 129479 rss: 178Mb L: 72/1418 MS: 3 ChangeBit-ChangeBinInt-EraseBytes-
#14564264	REDUCE cov: 530 ft: 1520 corp: 456/59Kb lim: 65536 exec/s: 128887 rss: 178Mb L: 397/1418 MS: 5 ShuffleBytes-ChangeASCIIInt-PersAutoDict-EraseBytes-ChangeBinInt- DE: "\000\000\000\000\000\000\000\000"-
#14573658	REDUCE cov: 530 ft: 1520 corp: 456/59Kb lim: 65536 exec/s: 128970 rss: 178Mb L: 335/1418 MS: 4 PersAutoDict-CrossOver-InsertRepeatedBytes-EraseBytes- DE: "not allowed"-
#14619814	REDUCE cov: 530 ft: 1520 corp: 456/59Kb lim: 65536 exec/s: 129378 rss: 178Mb L: 332/1418 MS: 1 EraseBytes-
#14631855	REDUCE cov: 530 ft: 1520 corp: 456/59Kb lim: 65536 exec/s: 129485 rss: 178Mb L: 308/1418 MS: 1 EraseBytes-
#14722169	REDUCE cov: 530 ft: 1520 corp: 456/59Kb lim: 65536 exec/s: 129141 rss: 178Mb L: 374/1418 MS: 4 ManualDict-CrossOver-EraseBytes-PersAutoDict- DE: "can only set params in cctx init stage"-"\030\000\000\000"-
#14765171	REDUCE cov: 530 ft: 1520 corp: 456/59Kb lim: 65536 exec/s: 129519 rss: 178Mb L: 309/1418 MS: 2 CMP-EraseBytes- DE: "\377\377\377\377\377\377\377\010"-
#14878987	REDUCE cov: 530 ft: 1520 corp: 456/59Kb lim: 65536 exec/s: 129382 rss: 178Mb L: 20/1418 MS: 1 EraseBytes-
#14954114	REDUCE cov: 530 ft: 1520 corp: 456/59Kb lim: 65536 exec/s: 128914 rss: 178Mb L: 377/1418 MS: 2 EraseBytes-ManualDict- DE: "Can't set pledgedSrcSize when not in init stage."-
#14957268	REDUCE cov: 530 ft: 1520 corp: 456/59Kb lim: 65536 exec/s: 128941 rss: 178Mb L: 373/1418 MS: 4 ManualDict-InsertByte-InsertRepeatedBytes-EraseBytes- DE: "At least one frame successfully completed, "-
#14980467	REDUCE cov: 530 ft: 1520 corp: 456/59Kb lim: 65536 exec/s: 129141 rss: 178Mb L: 308/1418 MS: 4 ManualDict-ShuffleBytes-CrossOver-EraseBytes- DE: "ZSTD_compressBlock_targetCBlockSize_body failed"-
#14985905	REDUCE cov: 530 ft: 1520 corp: 456/59Kb lim: 65536 exec/s: 129188 rss: 178Mb L: 11/1418 MS: 3 EraseBytes-InsertByte-CMP- DE: "\000@"-
#15029292	REDUCE cov: 530 ft: 1520 corp: 456/59Kb lim: 65536 exec/s: 129562 rss: 178Mb L: 21/1418 MS: 2 EraseBytes-ChangeBinInt-
#15071391	REDUCE cov: 530 ft: 1520 corp: 456/59Kb lim: 65536 exec/s: 128815 rss: 178Mb L: 437/1418 MS: 4 EraseBytes-ChangeByte-CopyPart-PersAutoDict- DE: "\013\000"-
#15072635	REDUCE cov: 530 ft: 1520 corp: 456/59Kb lim: 65536 exec/s: 128825 rss: 178Mb L: 381/1418 MS: 4 ChangeBit-EraseBytes-ShuffleBytes-InsertRepeatedBytes-
#15093495	REDUCE cov: 530 ft: 1520 corp: 456/59Kb lim: 65536 exec/s: 129004 rss: 178Mb L: 376/1418 MS: 5 ChangeBit-EraseBytes-CMP-ChangeBinInt-ManualDict- DE: "\\\001\000\000\000\000\000\000"-"ZSTD_rleCompressBlock failed"-
#15132597	REDUCE cov: 530 ft: 1520 corp: 456/59Kb lim: 65536 exec/s: 129338 rss: 178Mb L: 376/1418 MS: 2 ChangeBit-EraseBytes-
#15221556	REDUCE cov: 530 ft: 1520 corp: 456/59Kb lim: 65536 exec/s: 128996 rss: 178Mb L: 372/1418 MS: 4 EraseBytes-ChangeBinInt-ChangeBit-InsertRepeatedBytes-
#15227365	REDUCE cov: 530 ft: 1520 corp: 456/59Kb lim: 65536 exec/s: 129045 rss: 178Mb L: 464/1418 MS: 4 PersAutoDict-ChangeBit-ChangeBinInt-EraseBytes- DE: "\013\000"-
#15231897	REDUCE cov: 530 ft: 1520 corp: 456/59Kb lim: 65536 exec/s: 129083 rss: 178Mb L: 445/1418 MS: 2 ChangeByte-EraseBytes-
#15235310	REDUCE cov: 530 ft: 1520 corp: 456/59Kb lim: 65536 exec/s: 129112 rss: 178Mb L: 388/1418 MS: 3 PersAutoDict-EraseBytes-ManualDict- DE: "~cold~"-"ZSTD_compressBlock_doubleFast_noDict_generic"-
#15254723	REDUCE cov: 530 ft: 1520 corp: 456/59Kb lim: 65536 exec/s: 129277 rss: 178Mb L: 373/1418 MS: 3 InsertRepeatedBytes-EraseBytes-InsertRepeatedBytes-
#15400429	REDUCE cov: 530 ft: 1520 corp: 456/59Kb lim: 65536 exec/s: 129415 rss: 178Mb L: 364/1418 MS: 1 EraseBytes-
#15404719	REDUCE cov: 530 ft: 1520 corp: 456/59Kb lim: 65536 exec/s: 129451 rss: 178Mb L: 372/1418 MS: 5 ManualDict-EraseBytes-EraseBytes-ChangeBit-PersAutoDict- DE: "ZSTD_copyDDictParameters"-"\013\000"-
#15415409	REDUCE cov: 530 ft: 1520 corp: 456/58Kb lim: 65536 exec/s: 129541 rss: 178Mb L: 244/1418 MS: 5 ChangeBit-ShuffleBytes-CMP-ShuffleBytes-EraseBytes- DE: "5\000\000\000"-
#15417065	REDUCE cov: 530 ft: 1520 corp: 456/58Kb lim: 65536 exec/s: 129555 rss: 178Mb L: 143/1418 MS: 1 EraseBytes-
#15424926	REDUCE cov: 530 ft: 1520 corp: 456/58Kb lim: 65536 exec/s: 129621 rss: 178Mb L: 127/1418 MS: 1 EraseBytes-
#15436132	REDUCE cov: 530 ft: 1520 corp: 456/58Kb lim: 65536 exec/s: 129715 rss: 178Mb L: 125/1418 MS: 1 EraseBytes-
#15456608	REDUCE cov: 530 ft: 1520 corp: 456/58Kb lim: 65536 exec/s: 128805 rss: 178Mb L: 122/1418 MS: 1 EraseBytes-
#15473330	REDUCE cov: 530 ft: 1520 corp: 456/58Kb lim: 65536 exec/s: 128944 rss: 178Mb L: 118/1418 MS: 2 ChangeBinInt-EraseBytes-
#15474246	REDUCE cov: 530 ft: 1520 corp: 456/58Kb lim: 65536 exec/s: 128952 rss: 178Mb L: 387/1418 MS: 1 EraseBytes-
#15502038	REDUCE cov: 530 ft: 1520 corp: 456/58Kb lim: 65536 exec/s: 129183 rss: 178Mb L: 436/1418 MS: 2 PersAutoDict-EraseBytes- DE: "\013\000"-
#15518197	REDUCE cov: 530 ft: 1520 corp: 456/58Kb lim: 65536 exec/s: 129318 rss: 178Mb L: 449/1418 MS: 4 ChangeByte-ManualDict-ChangeBinInt-EraseBytes- DE: "an uncompressed block when sequences are < 4 bytes"-
#15540410	REDUCE cov: 530 ft: 1520 corp: 456/58Kb lim: 65536 exec/s: 129503 rss: 178Mb L: 375/1418 MS: 3 CrossOver-InsertRepeatedBytes-EraseBytes-
#15549941	REDUCE cov: 530 ft: 1520 corp: 456/58Kb lim: 65536 exec/s: 129582 rss: 178Mb L: 117/1418 MS: 1 EraseBytes-
#15558643	REDUCE cov: 530 ft: 1520 corp: 456/58Kb lim: 65536 exec/s: 129655 rss: 178Mb L: 390/1418 MS: 2 EraseBytes-InsertRepeatedBytes-
#15566312	REDUCE cov: 530 ft: 1520 corp: 456/58Kb lim: 65536 exec/s: 129719 rss: 178Mb L: 60/1418 MS: 4 ChangeBinInt-CMP-EraseBytes-CrossOver- DE: "'\000"-
#15570007	REDUCE cov: 530 ft: 1520 corp: 456/58Kb lim: 65536 exec/s: 129750 rss: 178Mb L: 377/1418 MS: 5 ChangeASCIIInt-EraseBytes-ShuffleBytes-InsertRepeatedBytes-InsertRepeatedBytes-
#15675613	REDUCE cov: 530 ft: 1520 corp: 456/58Kb lim: 65536 exec/s: 129550 rss: 178Mb L: 372/1418 MS: 1 EraseBytes-
#15750435	REDUCE cov: 530 ft: 1520 corp: 456/58Kb lim: 65536 exec/s: 129101 rss: 178Mb L: 19/1418 MS: 2 EraseBytes-ChangeBit-
#15751956	REDUCE cov: 530 ft: 1520 corp: 456/58Kb lim: 65536 exec/s: 129114 rss: 178Mb L: 374/1418 MS: 1 EraseBytes-
#15850604	REDUCE cov: 530 ft: 1520 corp: 456/58Kb lim: 65536 exec/s: 128866 rss: 178Mb L: 267/1418 MS: 3 EraseBytes-ChangeByte-ChangeBinInt-
#15877983	REDUCE cov: 530 ft: 1520 corp: 456/58Kb lim: 65536 exec/s: 129089 rss: 178Mb L: 253/1418 MS: 4 CopyPart-CopyPart-EraseBytes-PersAutoDict- DE: "ZSTD_buildCTable for Offsets failed"-
#15955266	REDUCE cov: 530 ft: 1520 corp: 456/58Kb lim: 65536 exec/s: 129717 rss: 178Mb L: 116/1418 MS: 3 InsertByte-EraseBytes-InsertByte-
#15959491	REDUCE cov: 530 ft: 1520 corp: 456/58Kb lim: 65536 exec/s: 129751 rss: 178Mb L: 372/1418 MS: 5 InsertByte-CrossOver-ChangeBinInt-PersAutoDict-EraseBytes- DE: "not compatible with static DCtx"-
#16150082	REDUCE cov: 530 ft: 1520 corp: 456/58Kb lim: 65536 exec/s: 129200 rss: 178Mb L: 251/1418 MS: 1 EraseBytes-
#16155180	REDUCE cov: 530 ft: 1520 corp: 456/58Kb lim: 65536 exec/s: 129241 rss: 178Mb L: 31/1418 MS: 3 ChangeByte-CopyPart-EraseBytes-
#16157877	REDUCE cov: 530 ft: 1520 corp: 456/58Kb lim: 65536 exec/s: 129263 rss: 178Mb L: 245/1418 MS: 2 ChangeBit-EraseBytes-
#16193274	REDUCE cov: 530 ft: 1520 corp: 456/58Kb lim: 65536 exec/s: 129546 rss: 178Mb L: 372/1418 MS: 2 ChangeByte-EraseBytes-
#16216482	REDUCE cov: 530 ft: 1520 corp: 456/58Kb lim: 65536 exec/s: 129731 rss: 178Mb L: 18/1418 MS: 3 ShuffleBytes-CopyPart-EraseBytes-
#16244258	REDUCE cov: 530 ft: 1520 corp: 456/58Kb lim: 65536 exec/s: 128922 rss: 178Mb L: 45/1418 MS: 1 EraseBytes-
#16292638	REDUCE cov: 530 ft: 1520 corp: 456/58Kb lim: 65536 exec/s: 129306 rss: 178Mb L: 444/1418 MS: 5 ShuffleBytes-ChangeASCIIInt-PersAutoDict-ChangeBit-EraseBytes- DE: "\376\377\377\377\377\377\377\211"-
#16396060	REDUCE cov: 530 ft: 1520 corp: 456/58Kb lim: 65536 exec/s: 129102 rss: 179Mb L: 17/1418 MS: 2 ShuffleBytes-EraseBytes-
#16424371	REDUCE cov: 530 ft: 1520 corp: 456/58Kb lim: 65536 exec/s: 129325 rss: 179Mb L: 16/1418 MS: 1 EraseBytes-
#16452487	REDUCE cov: 530 ft: 1520 corp: 456/58Kb lim: 65536 exec/s: 129547 rss: 179Mb L: 20/1418 MS: 1 EraseBytes-
#16468745	REDUCE cov: 530 ft: 1520 corp: 456/58Kb lim: 65536 exec/s: 129675 rss: 179Mb L: 319/1418 MS: 3 ChangeBinInt-PersAutoDict-EraseBytes- DE: "\030\000\000\000"-
#16470175	REDUCE cov: 530 ft: 1520 corp: 456/58Kb lim: 65536 exec/s: 129686 rss: 179Mb L: 295/1418 MS: 5 ChangeByte-InsertRepeatedBytes-ManualDict-InsertRepeatedBytes-EraseBytes- DE: "Compressing chunk failed!"-
#16470764	REDUCE cov: 530 ft: 1520 corp: 456/58Kb lim: 65536 exec/s: 129691 rss: 179Mb L: 278/1418 MS: 4 ShuffleBytes-ChangeBinInt-CrossOver-EraseBytes-
#16471216	REDUCE cov: 530 ft: 1520 corp: 456/58Kb lim: 65536 exec/s: 129694 rss: 179Mb L: 276/1418 MS: 2 CrossOver-EraseBytes-
#16507528	REDUCE cov: 530 ft: 1520 corp: 456/58Kb lim: 65536 exec/s: 128965 rss: 179Mb L: 20/1418 MS: 2 ShuffleBytes-EraseBytes-
#16528548	REDUCE cov: 530 ft: 1520 corp: 456/58Kb lim: 65536 exec/s: 129129 rss: 179Mb L: 436/1418 MS: 5 PersAutoDict-EraseBytes-ShuffleBytes-ChangeASCIIInt-CrossOver- DE: "Static dctx does not support multiple DDicts!"-
#16618898	REDUCE cov: 530 ft: 1520 corp: 456/58Kb lim: 65536 exec/s: 128828 rss: 179Mb L: 244/1418 MS: 5 ShuffleBytes-EraseBytes-InsertRepeatedBytes-ChangeBit-EraseBytes-
#16623009	REDUCE cov: 530 ft: 1520 corp: 456/58Kb lim: 65536 exec/s: 128860 rss: 179Mb L: 14/1418 MS: 1 EraseBytes-
#16697370	REDUCE cov: 530 ft: 1520 corp: 456/58Kb lim: 65536 exec/s: 129436 rss: 179Mb L: 13/1418 MS: 1 EraseBytes-
#16699996	REDUCE cov: 530 ft: 1520 corp: 456/58Kb lim: 65536 exec/s: 129457 rss: 179Mb L: 59/1418 MS: 1 EraseBytes-
#16777216	pulse  cov: 530 ft: 1520 corp: 456/58Kb lim: 65536 exec/s: 129055 rss: 179Mb
#16986068	REDUCE cov: 530 ft: 1520 corp: 456/58Kb lim: 65536 exec/s: 129664 rss: 179Mb L: 343/1418 MS: 2 EraseBytes-ChangeBit-
#17016695	REDUCE cov: 530 ft: 1520 corp: 456/58Kb lim: 65536 exec/s: 128914 rss: 179Mb L: 340/1418 MS: 2 CopyPart-EraseBytes-
#17051612	REDUCE cov: 530 ft: 1520 corp: 456/58Kb lim: 65536 exec/s: 129178 rss: 179Mb L: 19/1418 MS: 2 EraseBytes-ChangeBit-
#17213164	REDUCE cov: 530 ft: 1520 corp: 456/58Kb lim: 65536 exec/s: 129422 rss: 179Mb L: 19/1418 MS: 2 EraseBytes-ChangeASCIIInt-
#17213693	REDUCE cov: 530 ft: 1520 corp: 456/58Kb lim: 65536 exec/s: 129426 rss: 179Mb L: 341/1418 MS: 4 InsertByte-ShuffleBytes-EraseBytes-ChangeBit-
#17246191	REDUCE cov: 530 ft: 1520 corp: 456/58Kb lim: 65536 exec/s: 129670 rss: 179Mb L: 336/1418 MS: 3 ChangeBit-CopyPart-EraseBytes-
#17260537	REDUCE cov: 530 ft: 1520 corp: 456/58Kb lim: 65536 exec/s: 129778 rss: 179Mb L: 320/1418 MS: 1 EraseBytes-
#17293084	REDUCE cov: 530 ft: 1520 corp: 456/57Kb lim: 65536 exec/s: 129052 rss: 179Mb L: 288/1418 MS: 2 EraseBytes-ChangeBit-
#17295884	REDUCE cov: 530 ft: 1520 corp: 456/57Kb lim: 65536 exec/s: 129073 rss: 179Mb L: 282/1418 MS: 5 InsertByte-ShuffleBytes-ChangeBit-EraseBytes-PersAutoDict- DE: "not compatible with static DCtx"-
#17301620	REDUCE cov: 530 ft: 1520 corp: 456/57Kb lim: 65536 exec/s: 129116 rss: 179Mb L: 524/1418 MS: 1 EraseBytes-
#17366468	REDUCE cov: 530 ft: 1520 corp: 456/57Kb lim: 65536 exec/s: 129600 rss: 179Mb L: 280/1418 MS: 3 InsertByte-ChangeBit-EraseBytes-
#17439486	REDUCE cov: 530 ft: 1520 corp: 456/57Kb lim: 65536 exec/s: 129181 rss: 179Mb L: 31/1418 MS: 3 ShuffleBytes-ChangeBinInt-EraseBytes-
#17453208	REDUCE cov: 530 ft: 1520 corp: 456/57Kb lim: 65536 exec/s: 129283 rss: 179Mb L: 279/1418 MS: 2 ManualDict-EraseBytes- DE: "ZSTD_initCStream_usingDict"-
#17478831	REDUCE cov: 530 ft: 1520 corp: 456/57Kb lim: 65536 exec/s: 129472 rss: 179Mb L: 318/1418 MS: 3 CrossOver-InsertByte-EraseBytes-
#17538397	REDUCE cov: 530 ft: 1520 corp: 456/57Kb lim: 65536 exec/s: 128958 rss: 179Mb L: 276/1418 MS: 1 EraseBytes-
#17545259	REDUCE cov: 530 ft: 1520 corp: 456/57Kb lim: 65536 exec/s: 129009 rss: 179Mb L: 343/1418 MS: 2 EraseBytes-ChangeBit-
#17626060	REDUCE cov: 530 ft: 1520 corp: 456/57Kb lim: 65536 exec/s: 129603 rss: 179Mb L: 58/1418 MS: 1 EraseBytes-
#17704287	REDUCE cov: 530 ft: 1520 corp: 456/57Kb lim: 65536 exec/s: 129228 rss: 179Mb L: 317/1418 MS: 2 ManualDict-EraseBytes- DE: "ZSTD_compress_insertDictionary failed"-
#17941965	REDUCE cov: 530 ft: 1520 corp: 456/57Kb lim: 65536 exec/s: 129078 rss: 179Mb L: 308/1418 MS: 3 PersAutoDict-CrossOver-EraseBytes- DE: "\377\377\377\023"-
#18082051	REDUCE cov: 530 ft: 1520 corp: 456/57Kb lim: 65536 exec/s: 129157 rss: 179Mb L: 341/1418 MS: 1 EraseBytes-
#18229817	REDUCE cov: 530 ft: 1527 corp: 457/58Kb lim: 65536 exec/s: 129289 rss: 179Mb L: 156/1418 MS: 1 CopyPart-
#18359089	REDUCE cov: 530 ft: 1527 corp: 457/58Kb lim: 65536 exec/s: 129289 rss: 179Mb L: 108/1418 MS: 2 CopyPart-EraseBytes-
#18365110	REDUCE cov: 530 ft: 1527 corp: 457/58Kb lim: 65536 exec/s: 129331 rss: 179Mb L: 12/1418 MS: 1 EraseBytes-
#18461490	REDUCE cov: 530 ft: 1527 corp: 457/58Kb lim: 65536 exec/s: 129101 rss: 179Mb L: 469/1418 MS: 5 PersAutoDict-ChangeBinInt-EraseBytes-ManualDict-PersAutoDict- DE: "'\000"-"compressStream2 initialization failed"-"ZSTD_compressBlock_doubleFast_noDict_generic"-
#18521770	REDUCE cov: 530 ft: 1527 corp: 457/58Kb lim: 65536 exec/s: 129522 rss: 179Mb L: 468/1418 MS: 5 ChangeBit-ManualDict-EraseBytes-ChangeByte-PersAutoDict- DE: "ZSTDMT_tryGetInputRange failed"-"Not enough memory allocated. Try adjusting ZSTD_c_minMatch."-
#18547237	REDUCE cov: 530 ft: 1527 corp: 457/58Kb lim: 65536 exec/s: 129700 rss: 179Mb L: 30/1418 MS: 2 EraseBytes-ChangeBit-
#18577074	REDUCE cov: 530 ft: 1527 corp: 457/58Kb lim: 65536 exec/s: 129007 rss: 179Mb L: 11/1418 MS: 2 ChangeByte-EraseBytes-
#19195346	REDUCE cov: 530 ft: 1527 corp: 457/57Kb lim: 65536 exec/s: 129698 rss: 179Mb L: 414/1418 MS: 2 EraseBytes-ChangeBinInt-
#19235673	REDUCE cov: 530 ft: 1527 corp: 457/57Kb lim: 65536 exec/s: 129970 rss: 179Mb L: 18/1418 MS: 2 ChangeBinInt-EraseBytes-
#19384616	REDUCE cov: 530 ft: 1527 corp: 457/57Kb lim: 65536 exec/s: 129230 rss: 179Mb L: 409/1418 MS: 3 InsertByte-EraseBytes-CrossOver-
#19451393	REDUCE cov: 530 ft: 1527 corp: 457/57Kb lim: 65536 exec/s: 129675 rss: 179Mb L: 30/1418 MS: 2 ChangeBit-EraseBytes-
#19580639	REDUCE cov: 530 ft: 1527 corp: 457/57Kb lim: 65536 exec/s: 129673 rss: 179Mb L: 75/1418 MS: 1 EraseBytes-
#19601937	REDUCE cov: 530 ft: 1527 corp: 457/57Kb lim: 65536 exec/s: 129814 rss: 179Mb L: 372/1418 MS: 3 InsertByte-EraseBytes-PersAutoDict- DE: "\377\377\377\377\377\377\377\010"-
#19677833	REDUCE cov: 530 ft: 1527 corp: 457/57Kb lim: 65536 exec/s: 129459 rss: 179Mb L: 407/1418 MS: 1 EraseBytes-
#19806902	REDUCE cov: 530 ft: 1527 corp: 457/57Kb lim: 65536 exec/s: 129456 rss: 179Mb L: 517/1418 MS: 4 ChangeBinInt-ChangeBinInt-ShuffleBytes-EraseBytes-
#19825930	REDUCE cov: 530 ft: 1527 corp: 457/57Kb lim: 65536 exec/s: 129581 rss: 179Mb L: 333/1418 MS: 3 ManualDict-PersAutoDict-EraseBytes- DE: "stage zdss_init => transparent reset "-"tableLog requires too much memory : unsupported"-
#19888685	REDUCE cov: 530 ft: 1527 corp: 457/57Kb lim: 65536 exec/s: 129991 rss: 179Mb L: 244/1418 MS: 5 ChangeByte-ChangeByte-ChangeBit-CrossOver-EraseBytes-
#19943118	REDUCE cov: 530 ft: 1527 corp: 457/57Kb lim: 65536 exec/s: 129500 rss: 179Mb L: 404/1418 MS: 3 InsertByte-InsertByte-EraseBytes-
#20020795	REDUCE cov: 530 ft: 1527 corp: 457/57Kb lim: 65536 exec/s: 130005 rss: 179Mb L: 27/1418 MS: 2 EraseBytes-ChangeByte-
#20353606	REDUCE cov: 530 ft: 1527 corp: 457/57Kb lim: 65536 exec/s: 129640 rss: 179Mb L: 14/1418 MS: 1 EraseBytes-
#20633573	REDUCE cov: 530 ft: 1527 corp: 457/57Kb lim: 65536 exec/s: 129770 rss: 179Mb L: 26/1418 MS: 2 InsertByte-EraseBytes-
#20771401	REDUCE cov: 530 ft: 1527 corp: 457/57Kb lim: 65536 exec/s: 129821 rss: 179Mb L: 406/1418 MS: 3 EraseBytes-ChangeBinInt-PersAutoDict- DE: "\013\000"-
#20797694	REDUCE cov: 530 ft: 1527 corp: 457/57Kb lim: 65536 exec/s: 129985 rss: 179Mb L: 381/1418 MS: 3 EraseBytes-ShuffleBytes-InsertRepeatedBytes-
#20857698	REDUCE cov: 530 ft: 1527 corp: 457/57Kb lim: 65536 exec/s: 129550 rss: 179Mb L: 305/1418 MS: 4 ManualDict-ChangeBit-PersAutoDict-EraseBytes- DE: "flush stage"-"invalid buffers"-
#20941355	REDUCE cov: 530 ft: 1527 corp: 457/57Kb lim: 65536 exec/s: 130070 rss: 179Mb L: 304/1418 MS: 2 ChangeBit-EraseBytes-
#20953895	REDUCE cov: 530 ft: 1527 corp: 457/57Kb lim: 65536 exec/s: 130148 rss: 179Mb L: 379/1418 MS: 5 ManualDict-InsertByte-CrossOver-CopyPart-EraseBytes- DE: "Can't copy a ctx that's not in init stage."-
#21013112	REDUCE cov: 530 ft: 1527 corp: 457/57Kb lim: 65536 exec/s: 129710 rss: 179Mb L: 296/1418 MS: 2 CopyPart-EraseBytes-
#21076762	REDUCE cov: 530 ft: 1527 corp: 457/57Kb lim: 65536 exec/s: 130103 rss: 179Mb L: 440/1418 MS: 5 CMP-EraseBytes-ChangeBit-CopyPart-ManualDict- DE: "\000\000\000\033"-"Reached end of sequences without finding a block delimiter"-
#21109016	REDUCE cov: 530 ft: 1527 corp: 457/57Kb lim: 65536 exec/s: 129503 rss: 179Mb L: 288/1418 MS: 4 InsertByte-ManualDict-InsertByte-EraseBytes- DE: "Attempting ZSTD_compressSuperBlock()"-
#21147224	REDUCE cov: 530 ft: 1527 corp: 457/57Kb lim: 65536 exec/s: 129737 rss: 179Mb L: 13/1418 MS: 3 CopyPart-EraseBytes-ChangeByte-
#21190451	REDUCE cov: 530 ft: 1527 corp: 457/57Kb lim: 65536 exec/s: 130002 rss: 179Mb L: 432/1418 MS: 2 ChangeByte-EraseBytes-
#21220415	REDUCE cov: 530 ft: 1527 corp: 457/57Kb lim: 65536 exec/s: 130186 rss: 179Mb L: 378/1418 MS: 4 CMP-CopyPart-EraseBytes-InsertRepeatedBytes- DE: "\000\000\000\000"-
#21310411	REDUCE cov: 530 ft: 1527 corp: 457/57Kb lim: 65536 exec/s: 129941 rss: 179Mb L: 18/1418 MS: 1 EraseBytes-
#21425139	REDUCE cov: 530 ft: 1527 corp: 457/57Kb lim: 65536 exec/s: 129849 rss: 179Mb L: 281/1418 MS: 3 ChangeBinInt-EraseBytes-CrossOver-
#21453589	REDUCE cov: 530 ft: 1527 corp: 457/57Kb lim: 65536 exec/s: 130021 rss: 179Mb L: 413/1418 MS: 5 ChangeBit-ChangeBit-EraseBytes-PersAutoDict-CrossOver- DE: "\001\000\000\000\000\000\000\000"-
#21489666	REDUCE cov: 530 ft: 1527 corp: 457/57Kb lim: 65536 exec/s: 130240 rss: 179Mb L: 340/1418 MS: 2 EraseBytes-CMP- DE: "\002\000\000\000"-
#21629750	REDUCE cov: 530 ft: 1527 corp: 457/57Kb lim: 65536 exec/s: 130299 rss: 179Mb L: 377/1418 MS: 4 ManualDict-ChangeBit-InsertRepeatedBytes-EraseBytes- DE: "be inherited from the cdict)."-
#21681541	REDUCE cov: 530 ft: 1527 corp: 457/57Kb lim: 65536 exec/s: 129829 rss: 179Mb L: 278/1418 MS: 1 EraseBytes-
#22035458	REDUCE cov: 530 ft: 1527 corp: 457/57Kb lim: 65536 exec/s: 129620 rss: 179Mb L: 19/1418 MS: 2 ChangeASCIIInt-EraseBytes-
#22113213	REDUCE cov: 530 ft: 1527 corp: 457/57Kb lim: 65536 exec/s: 130077 rss: 179Mb L: 453/1418 MS: 5 ManualDict-CMP-EraseBytes-ShuffleBytes-ChangeByte- DE: "srcSize >= MIN_CBLOCK_SIZE == 2; here we need lhSize = 3"-"\001\000\000\000\000\000\000\326"-
#22115193	REDUCE cov: 530 ft: 1527 corp: 457/57Kb lim: 65536 exec/s: 130089 rss: 179Mb L: 432/1418 MS: 5 PersAutoDict-ChangeBinInt-ChangeByte-InsertRepeatedBytes-EraseBytes- DE: "N literals followed by a match"-
#22176044	REDUCE cov: 530 ft: 1527 corp: 457/57Kb lim: 65536 exec/s: 129684 rss: 179Mb L: 387/1418 MS: 1 EraseBytes-
#22231394	REDUCE cov: 530 ft: 1527 corp: 457/57Kb lim: 65536 exec/s: 130008 rss: 179Mb L: 276/1418 MS: 5 CopyPart-ChangeBinInt-InsertByte-ChangeByte-EraseBytes-
#22328947	REDUCE cov: 530 ft: 1527 corp: 457/57Kb lim: 65536 exec/s: 129819 rss: 179Mb L: 19/1418 MS: 3 ChangeBit-ChangeBinInt-EraseBytes-
#22351749	REDUCE cov: 530 ft: 1527 corp: 457/57Kb lim: 65536 exec/s: 129952 rss: 179Mb L: 375/1418 MS: 2 CopyPart-EraseBytes-
#22484861	REDUCE cov: 530 ft: 1527 corp: 457/57Kb lim: 65536 exec/s: 129970 rss: 179Mb L: 379/1418 MS: 2 ChangeBit-EraseBytes-
#22529729	REDUCE cov: 530 ft: 1527 corp: 457/57Kb lim: 65536 exec/s: 130229 rss: 179Mb L: 405/1418 MS: 3 ChangeByte-EraseBytes-PersAutoDict- DE: "ZSTD_ldm_fillHashTable"-
#22577599	NEW    cov: 530 ft: 1528 corp: 458/57Kb lim: 65536 exec/s: 129756 rss: 179Mb L: 159/1418 MS: 5 InsertByte-ShuffleBytes-InsertByte-PersAutoDict-InsertByte- DE: "\005\000\000\000\000\000\000\000"-
#22577672	REDUCE cov: 530 ft: 1528 corp: 458/57Kb lim: 65536 exec/s: 129756 rss: 179Mb L: 121/1418 MS: 3 ChangeBit-ChangeBit-EraseBytes-
#22578810	REDUCE cov: 530 ft: 1528 corp: 458/57Kb lim: 65536 exec/s: 129763 rss: 179Mb L: 74/1418 MS: 3 CMP-ChangeBinInt-EraseBytes- DE: "\377\377\377\001"-
#22579356	REDUCE cov: 530 ft: 1528 corp: 458/57Kb lim: 65536 exec/s: 129766 rss: 179Mb L: 64/1418 MS: 1 EraseBytes-
#22581292	REDUCE cov: 530 ft: 1528 corp: 458/57Kb lim: 65536 exec/s: 129777 rss: 179Mb L: 53/1418 MS: 1 EraseBytes-
#22583134	REDUCE cov: 530 ft: 1528 corp: 458/57Kb lim: 65536 exec/s: 129788 rss: 179Mb L: 44/1418 MS: 2 ShuffleBytes-EraseBytes-
#22601341	REDUCE cov: 530 ft: 1528 corp: 458/57Kb lim: 65536 exec/s: 129892 rss: 179Mb L: 35/1418 MS: 2 ChangeBit-EraseBytes-
#22602137	REDUCE cov: 530 ft: 1528 corp: 458/57Kb lim: 65536 exec/s: 129897 rss: 179Mb L: 34/1418 MS: 1 EraseBytes-
#22610964	REDUCE cov: 530 ft: 1528 corp: 458/57Kb lim: 65536 exec/s: 129948 rss: 179Mb L: 25/1418 MS: 2 ChangeBit-EraseBytes-
#22624562	REDUCE cov: 530 ft: 1530 corp: 459/57Kb lim: 65536 exec/s: 130026 rss: 179Mb L: 30/1418 MS: 3 EraseBytes-ChangeBit-CopyPart-
#22624763	REDUCE cov: 530 ft: 1530 corp: 459/57Kb lim: 65536 exec/s: 130027 rss: 179Mb L: 26/1418 MS: 1 EraseBytes-
#22634580	REDUCE cov: 530 ft: 1533 corp: 460/57Kb lim: 65536 exec/s: 130083 rss: 179Mb L: 44/1418 MS: 2 ChangeByte-CopyPart-
#22641045	NEW    cov: 530 ft: 1536 corp: 461/57Kb lim: 65536 exec/s: 130120 rss: 179Mb L: 57/1418 MS: 5 ShuffleBytes-CopyPart-InsertByte-ChangeBit-CopyPart-
#22641066	REDUCE cov: 530 ft: 1536 corp: 461/57Kb lim: 65536 exec/s: 130121 rss: 179Mb L: 54/1418 MS: 1 EraseBytes-
#22642832	REDUCE cov: 530 ft: 1536 corp: 461/57Kb lim: 65536 exec/s: 130131 rss: 179Mb L: 43/1418 MS: 1 EraseBytes-
#22649143	REDUCE cov: 530 ft: 1536 corp: 461/57Kb lim: 65536 exec/s: 130167 rss: 179Mb L: 52/1418 MS: 1 EraseBytes-
#22655089	REDUCE cov: 530 ft: 1536 corp: 461/57Kb lim: 65536 exec/s: 130201 rss: 179Mb L: 42/1418 MS: 1 EraseBytes-
#22657625	REDUCE cov: 530 ft: 1536 corp: 461/57Kb lim: 65536 exec/s: 130216 rss: 179Mb L: 24/1418 MS: 1 EraseBytes-
#22670791	REDUCE cov: 530 ft: 1536 corp: 461/57Kb lim: 65536 exec/s: 130291 rss: 179Mb L: 39/1418 MS: 1 EraseBytes-
#22671277	REDUCE cov: 530 ft: 1536 corp: 461/57Kb lim: 65536 exec/s: 130294 rss: 179Mb L: 23/1418 MS: 1 EraseBytes-
#22701318	REDUCE cov: 530 ft: 1536 corp: 461/57Kb lim: 65536 exec/s: 129721 rss: 179Mb L: 22/1418 MS: 1 EraseBytes-
#22788436	REDUCE cov: 530 ft: 1536 corp: 461/57Kb lim: 65536 exec/s: 130219 rss: 179Mb L: 47/1418 MS: 3 ChangeByte-EraseBytes-PersAutoDict- DE: "\000$"-
#22827488	REDUCE cov: 530 ft: 1536 corp: 461/57Kb lim: 65536 exec/s: 129701 rss: 179Mb L: 28/1418 MS: 2 EraseBytes-ChangeBit-
#22899984	REDUCE cov: 530 ft: 1536 corp: 461/57Kb lim: 65536 exec/s: 130113 rss: 179Mb L: 27/1418 MS: 1 EraseBytes-
#22917130	REDUCE cov: 530 ft: 1536 corp: 461/57Kb lim: 65536 exec/s: 130210 rss: 179Mb L: 372/1418 MS: 1 EraseBytes-
#22986705	REDUCE cov: 530 ft: 1536 corp: 461/57Kb lim: 65536 exec/s: 129868 rss: 183Mb L: 377/1418 MS: 5 ChangeASCIIInt-ShuffleBytes-PersAutoDict-ShuffleBytes-EraseBytes- DE: "k\000\000\000\000\000\000\000"-
#23267787	REDUCE cov: 530 ft: 1536 corp: 461/57Kb lim: 65536 exec/s: 129987 rss: 183Mb L: 374/1418 MS: 2 ChangeBit-EraseBytes-
#23303577	REDUCE cov: 530 ft: 1536 corp: 461/57Kb lim: 65536 exec/s: 130187 rss: 183Mb L: 344/1418 MS: 5 ChangeBinInt-EraseBytes-CopyPart-ChangeBit-ChangeBit-
#23399823	REDUCE cov: 530 ft: 1537 corp: 462/57Kb lim: 65536 exec/s: 129999 rss: 183Mb L: 20/1418 MS: 1 ChangeBinInt-
#23440260	REDUCE cov: 530 ft: 1537 corp: 462/57Kb lim: 65536 exec/s: 130223 rss: 183Mb L: 19/1418 MS: 2 ChangeBinInt-EraseBytes-
#23644702	REDUCE cov: 530 ft: 1538 corp: 463/58Kb lim: 65536 exec/s: 129915 rss: 183Mb L: 803/1418 MS: 2 InsertByte-CrossOver-
#23645280	REDUCE cov: 530 ft: 1538 corp: 463/57Kb lim: 65536 exec/s: 129919 rss: 183Mb L: 579/1418 MS: 3 InsertRepeatedBytes-ShuffleBytes-EraseBytes-
#23645336	REDUCE cov: 530 ft: 1538 corp: 463/57Kb lim: 65536 exec/s: 129919 rss: 183Mb L: 564/1418 MS: 1 EraseBytes-
#23645837	REDUCE cov: 530 ft: 1538 corp: 463/57Kb lim: 65536 exec/s: 129922 rss: 183Mb L: 554/1418 MS: 1 EraseBytes-
#23661782	REDUCE cov: 530 ft: 1538 corp: 463/57Kb lim: 65536 exec/s: 130009 rss: 183Mb L: 543/1418 MS: 5 ShuffleBytes-CopyPart-PersAutoDict-ChangeByte-EraseBytes- DE: "\030\000\000\000"-
#23667174	REDUCE cov: 530 ft: 1538 corp: 463/57Kb lim: 65536 exec/s: 130039 rss: 183Mb L: 539/1418 MS: 2 ChangeByte-EraseBytes-
#23697441	REDUCE cov: 530 ft: 1538 corp: 463/57Kb lim: 65536 exec/s: 130205 rss: 183Mb L: 532/1418 MS: 2 PersAutoDict-EraseBytes- DE: "not an end of match"-
#23826669	REDUCE cov: 530 ft: 1538 corp: 463/57Kb lim: 65536 exec/s: 130200 rss: 183Mb L: 19/1418 MS: 3 ChangeByte-ChangeByte-EraseBytes-
#23846700	REDUCE cov: 530 ft: 1538 corp: 463/57Kb lim: 65536 exec/s: 130309 rss: 183Mb L: 26/1418 MS: 1 EraseBytes-
#24056726	NEW    cov: 530 ft: 1539 corp: 464/57Kb lim: 65536 exec/s: 130036 rss: 183Mb L: 70/1418 MS: 1 CopyPart-
#24058257	REDUCE cov: 530 ft: 1539 corp: 464/57Kb lim: 65536 exec/s: 130044 rss: 183Mb L: 46/1418 MS: 1 EraseBytes-
#24059681	NEW    cov: 530 ft: 1540 corp: 465/58Kb lim: 65536 exec/s: 130052 rss: 183Mb L: 330/1418 MS: 4 EraseBytes-ChangeByte-InsertRepeatedBytes-CopyPart-
#24059935	REDUCE cov: 530 ft: 1540 corp: 465/58Kb lim: 65536 exec/s: 130053 rss: 183Mb L: 197/1418 MS: 4 InsertByte-ChangeBit-ChangeBinInt-EraseBytes-
#24061292	REDUCE cov: 530 ft: 1540 corp: 465/58Kb lim: 65536 exec/s: 130061 rss: 183Mb L: 195/1418 MS: 2 CrossOver-EraseBytes-
#24061509	REDUCE cov: 530 ft: 1540 corp: 465/58Kb lim: 65536 exec/s: 130062 rss: 183Mb L: 149/1418 MS: 2 CMP-EraseBytes- DE: "\377\377\377\377\377\377\377\377"-
#24061737	REDUCE cov: 530 ft: 1540 corp: 465/57Kb lim: 65536 exec/s: 130063 rss: 183Mb L: 130/1418 MS: 3 PersAutoDict-ShuffleBytes-EraseBytes- DE: "ZSTD_decodeSeqHeaders"-
#24063948	REDUCE cov: 530 ft: 1540 corp: 465/57Kb lim: 65536 exec/s: 130075 rss: 183Mb L: 102/1418 MS: 1 EraseBytes-
#24071279	REDUCE cov: 530 ft: 1540 corp: 465/57Kb lim: 65536 exec/s: 130115 rss: 183Mb L: 84/1418 MS: 1 EraseBytes-
#24071950	REDUCE cov: 530 ft: 1540 corp: 465/57Kb lim: 65536 exec/s: 130118 rss: 183Mb L: 82/1418 MS: 1 EraseBytes-
#24084744	REDUCE cov: 530 ft: 1540 corp: 465/57Kb lim: 65536 exec/s: 130187 rss: 183Mb L: 340/1418 MS: 4 ChangeBinInt-InsertRepeatedBytes-ShuffleBytes-EraseBytes-
#24088790	REDUCE cov: 530 ft: 1540 corp: 465/57Kb lim: 65536 exec/s: 130209 rss: 183Mb L: 76/1418 MS: 1 EraseBytes-
#24248692	REDUCE cov: 530 ft: 1540 corp: 465/57Kb lim: 65536 exec/s: 130369 rss: 183Mb L: 404/1418 MS: 2 InsertRepeatedBytes-EraseBytes-
#24445333	REDUCE cov: 530 ft: 1540 corp: 465/57Kb lim: 65536 exec/s: 130723 rss: 184Mb L: 153/1418 MS: 1 EraseBytes-
#24446483	REDUCE cov: 530 ft: 1540 corp: 465/57Kb lim: 65536 exec/s: 130729 rss: 184Mb L: 18/1418 MS: 5 ChangeBit-CrossOver-ChangeBit-ChangeBinInt-EraseBytes-
#24481774	REDUCE cov: 530 ft: 1540 corp: 465/57Kb lim: 65536 exec/s: 130222 rss: 184Mb L: 75/1418 MS: 1 EraseBytes-
#24523556	REDUCE cov: 530 ft: 1542 corp: 466/58Kb lim: 65536 exec/s: 130444 rss: 184Mb L: 223/1418 MS: 2 CopyPart-CopyPart-
#24524317	REDUCE cov: 530 ft: 1542 corp: 466/58Kb lim: 65536 exec/s: 130448 rss: 184Mb L: 182/1418 MS: 1 EraseBytes-
#24527333	REDUCE cov: 530 ft: 1542 corp: 466/58Kb lim: 65536 exec/s: 130464 rss: 184Mb L: 180/1418 MS: 1 EraseBytes-
#24544435	REDUCE cov: 530 ft: 1542 corp: 466/58Kb lim: 65536 exec/s: 130555 rss: 184Mb L: 175/1418 MS: 2 CrossOver-EraseBytes-
#24557252	REDUCE cov: 530 ft: 1542 corp: 466/58Kb lim: 65536 exec/s: 130623 rss: 184Mb L: 170/1418 MS: 2 PersAutoDict-EraseBytes- DE: "invalid buffers"-
#24568078	REDUCE cov: 530 ft: 1542 corp: 466/58Kb lim: 65536 exec/s: 130681 rss: 184Mb L: 155/1418 MS: 1 EraseBytes-
#24590435	REDUCE cov: 530 ft: 1542 corp: 466/57Kb lim: 65536 exec/s: 130108 rss: 184Mb L: 396/1418 MS: 2 EraseBytes-ChangeBinInt-
#24590756	REDUCE cov: 530 ft: 1542 corp: 466/57Kb lim: 65536 exec/s: 130109 rss: 184Mb L: 322/1418 MS: 1 EraseBytes-
#24591528	REDUCE cov: 530 ft: 1542 corp: 466/57Kb lim: 65536 exec/s: 130113 rss: 184Mb L: 151/1418 MS: 2 ChangeBinInt-EraseBytes-
#24597307	REDUCE cov: 530 ft: 1542 corp: 466/57Kb lim: 65536 exec/s: 130144 rss: 184Mb L: 399/1418 MS: 4 ChangeBinInt-EraseBytes-InsertRepeatedBytes-CopyPart-
#24632204	REDUCE cov: 530 ft: 1542 corp: 466/57Kb lim: 65536 exec/s: 130329 rss: 184Mb L: 262/1418 MS: 2 EraseBytes-ChangeBinInt-
#24632995	REDUCE cov: 530 ft: 1542 corp: 466/57Kb lim: 65536 exec/s: 130333 rss: 184Mb L: 142/1418 MS: 1 EraseBytes-
#24715591	REDUCE cov: 530 ft: 1542 corp: 466/57Kb lim: 65536 exec/s: 130770 rss: 184Mb L: 71/1418 MS: 1 EraseBytes-
#24733341	REDUCE cov: 530 ft: 1542 corp: 466/57Kb lim: 65536 exec/s: 130175 rss: 184Mb L: 373/1418 MS: 5 CrossOver-EraseBytes-ManualDict-EraseBytes-ManualDict- DE: "last match must fit within dstBuffer"-"set_basic - too small"-
#24813243	REDUCE cov: 530 ft: 1542 corp: 466/57Kb lim: 65536 exec/s: 130596 rss: 184Mb L: 246/1418 MS: 2 ChangeByte-EraseBytes-
#24887696	REDUCE cov: 530 ft: 1542 corp: 466/57Kb lim: 65536 exec/s: 130302 rss: 184Mb L: 398/1418 MS: 3 InsertRepeatedBytes-EraseBytes-CopyPart-
#24941524	REDUCE cov: 530 ft: 1542 corp: 466/57Kb lim: 65536 exec/s: 130583 rss: 184Mb L: 465/1418 MS: 3 CMP-EraseBytes-PersAutoDict- DE: "\370\003\000\000"-"\013\000"-
#24968450	REDUCE cov: 530 ft: 1542 corp: 466/57Kb lim: 65536 exec/s: 130724 rss: 184Mb L: 141/1418 MS: 1 EraseBytes-
#24980300	REDUCE cov: 530 ft: 1542 corp: 466/57Kb lim: 65536 exec/s: 130105 rss: 184Mb L: 462/1418 MS: 5 ShuffleBytes-CopyPart-EraseBytes-ChangeBit-CrossOver-
#24987827	REDUCE cov: 530 ft: 1542 corp: 466/57Kb lim: 65536 exec/s: 130144 rss: 184Mb L: 445/1418 MS: 2 CopyPart-EraseBytes-
#25035322	REDUCE cov: 530 ft: 1542 corp: 466/57Kb lim: 65536 exec/s: 130392 rss: 184Mb L: 415/1418 MS: 5 ChangeByte-ChangeBit-CrossOver-ManualDict-EraseBytes- DE: "ZSTD_CCtx_setParams"-
#25041509	REDUCE cov: 530 ft: 1542 corp: 466/57Kb lim: 65536 exec/s: 130424 rss: 184Mb L: 137/1418 MS: 2 ChangeBit-EraseBytes-
#25054507	REDUCE cov: 530 ft: 1542 corp: 466/57Kb lim: 65536 exec/s: 130492 rss: 184Mb L: 386/1418 MS: 3 ChangeBit-ChangeBit-EraseBytes-
#25089457	REDUCE cov: 530 ft: 1542 corp: 466/56Kb lim: 65536 exec/s: 130674 rss: 184Mb L: 718/718 MS: 5 CMP-ChangeASCIIInt-PersAutoDict-ChangeASCIIInt-EraseBytes- DE: "\377\377\377\031"-"\020\000"-
#25092034	REDUCE cov: 530 ft: 1542 corp: 466/56Kb lim: 65536 exec/s: 130687 rss: 184Mb L: 381/718 MS: 2 ManualDict-EraseBytes- DE: "~cold~"-
#25133810	REDUCE cov: 530 ft: 1542 corp: 466/56Kb lim: 65536 exec/s: 130226 rss: 184Mb L: 642/642 MS: 1 EraseBytes-
#25242803	REDUCE cov: 530 ft: 1549 corp: 467/57Kb lim: 65536 exec/s: 130791 rss: 184Mb L: 422/642 MS: 3 ManualDict-CopyPart-CopyPart- DE: "CCtx initialization failed"-
#25242947	REDUCE cov: 530 ft: 1549 corp: 467/57Kb lim: 65536 exec/s: 130792 rss: 184Mb L: 69/642 MS: 4 ChangeBinInt-ShuffleBytes-CrossOver-EraseBytes-
#25243848	REDUCE cov: 530 ft: 1549 corp: 467/57Kb lim: 65536 exec/s: 130797 rss: 184Mb L: 421/642 MS: 1 EraseBytes-
#25244179	REDUCE cov: 530 ft: 1549 corp: 467/57Kb lim: 65536 exec/s: 130798 rss: 184Mb L: 340/642 MS: 1 EraseBytes-
#25246060	REDUCE cov: 530 ft: 1549 corp: 467/57Kb lim: 65536 exec/s: 130808 rss: 184Mb L: 330/642 MS: 1 EraseBytes-
#25247722	REDUCE cov: 530 ft: 1549 corp: 467/57Kb lim: 65536 exec/s: 130817 rss: 184Mb L: 374/642 MS: 2 InsertRepeatedBytes-EraseBytes-
#25253654	REDUCE cov: 530 ft: 1549 corp: 467/57Kb lim: 65536 exec/s: 130173 rss: 184Mb L: 487/642 MS: 2 PersAutoDict-EraseBytes- DE: "\013\000"-
#25255857	REDUCE cov: 530 ft: 1549 corp: 467/57Kb lim: 65536 exec/s: 130184 rss: 184Mb L: 472/642 MS: 3 PersAutoDict-PersAutoDict-EraseBytes- DE: "\000\000\000\000\000\000\002\012"-"\001\000\000\000\000\000\000\326"-
#25256741	REDUCE cov: 530 ft: 1549 corp: 467/57Kb lim: 65536 exec/s: 130189 rss: 184Mb L: 456/642 MS: 4 CMP-ChangeByte-ChangeBinInt-EraseBytes- DE: "\000\000\000\000\000\000\001\032"-
#25263990	REDUCE cov: 530 ft: 1549 corp: 467/57Kb lim: 65536 exec/s: 130226 rss: 184Mb L: 438/642 MS: 4 ChangeByte-ChangeBinInt-CopyPart-EraseBytes-
#25266596	REDUCE cov: 530 ft: 1549 corp: 467/57Kb lim: 65536 exec/s: 130240 rss: 184Mb L: 425/642 MS: 1 EraseBytes-
#25268325	REDUCE cov: 530 ft: 1549 corp: 467/57Kb lim: 65536 exec/s: 130249 rss: 184Mb L: 415/642 MS: 4 InsertByte-ChangeBinInt-PersAutoDict-EraseBytes- DE: "ZSTD_compressBlock_splitBlock: Nocompress block"-
#25271979	REDUCE cov: 530 ft: 1549 corp: 467/57Kb lim: 65536 exec/s: 130267 rss: 184Mb L: 393/642 MS: 4 ChangeByte-InsertByte-ChangeBit-EraseBytes-
#25279518	REDUCE cov: 530 ft: 1549 corp: 467/57Kb lim: 65536 exec/s: 130306 rss: 184Mb L: 599/599 MS: 4 ChangeBinInt-InsertByte-PersAutoDict-EraseBytes- DE: "\001\000\000\013"-
#25282199	REDUCE cov: 530 ft: 1549 corp: 467/57Kb lim: 65536 exec/s: 130320 rss: 184Mb L: 245/599 MS: 1 EraseBytes-
#25286335	REDUCE cov: 530 ft: 1549 corp: 467/57Kb lim: 65536 exec/s: 130341 rss: 184Mb L: 135/599 MS: 1 EraseBytes-
#25293476	REDUCE cov: 530 ft: 1549 corp: 467/56Kb lim: 65536 exec/s: 130378 rss: 184Mb L: 379/599 MS: 1 EraseBytes-
#25305096	REDUCE cov: 530 ft: 1549 corp: 467/56Kb lim: 65536 exec/s: 130438 rss: 184Mb L: 373/599 MS: 5 ChangeBit-EraseBytes-InsertRepeatedBytes-ManualDict-InsertRepeatedBytes- DE: "Freeing ddict hash set"-
#25331942	REDUCE cov: 530 ft: 1549 corp: 467/56Kb lim: 65536 exec/s: 130577 rss: 184Mb L: 540/540 MS: 1 EraseBytes-
#25472437	REDUCE cov: 530 ft: 1549 corp: 467/56Kb lim: 65536 exec/s: 130627 rss: 184Mb L: 150/540 MS: 2 ChangeBit-EraseBytes-
#25492723	REDUCE cov: 530 ft: 1549 corp: 467/56Kb lim: 65536 exec/s: 130731 rss: 184Mb L: 536/536 MS: 1 EraseBytes-
#25497161	REDUCE cov: 530 ft: 1549 corp: 467/56Kb lim: 65536 exec/s: 130754 rss: 184Mb L: 17/536 MS: 3 ChangeByte-ChangeBinInt-EraseBytes-
#25502407	REDUCE cov: 530 ft: 1550 corp: 468/57Kb lim: 65536 exec/s: 130781 rss: 184Mb L: 116/536 MS: 1 ShuffleBytes-
#25563351	REDUCE cov: 530 ft: 1550 corp: 468/57Kb lim: 65536 exec/s: 130425 rss: 184Mb L: 372/536 MS: 2 CopyPart-EraseBytes-
#25638612	REDUCE cov: 530 ft: 1550 corp: 468/57Kb lim: 65536 exec/s: 130809 rss: 184Mb L: 320/536 MS: 1 EraseBytes-
#25660658	REDUCE cov: 530 ft: 1550 corp: 468/57Kb lim: 65536 exec/s: 130921 rss: 184Mb L: 319/536 MS: 1 EraseBytes-
#25791230	REDUCE cov: 530 ft: 1550 corp: 468/57Kb lim: 65536 exec/s: 130919 rss: 188Mb L: 533/533 MS: 2 ShuffleBytes-EraseBytes-
#25854033	REDUCE cov: 530 ft: 1550 corp: 468/57Kb lim: 65536 exec/s: 130575 rss: 188Mb L: 244/533 MS: 3 ChangeBit-EraseBytes-ManualDict- DE: "ZSTD_buildCTable for LitLens failed"-
#25922499	REDUCE cov: 530 ft: 1550 corp: 468/57Kb lim: 65536 exec/s: 130263 rss: 188Mb L: 318/533 MS: 1 EraseBytes-
#25965702	REDUCE cov: 530 ft: 1550 corp: 468/57Kb lim: 65536 exec/s: 130480 rss: 188Mb L: 528/533 MS: 3 ChangeBit-ChangeBit-EraseBytes-
#25979827	REDUCE cov: 530 ft: 1550 corp: 468/56Kb lim: 65536 exec/s: 130551 rss: 188Mb L: 523/532 MS: 5 EraseBytes-ChangeBinInt-ShuffleBytes-ShuffleBytes-CMP- DE: "\023\000\000\000"-
#26053604	REDUCE cov: 530 ft: 1550 corp: 468/56Kb lim: 65536 exec/s: 130268 rss: 188Mb L: 315/532 MS: 1 EraseBytes-
#26218865	REDUCE cov: 530 ft: 1550 corp: 468/56Kb lim: 65536 exec/s: 130442 rss: 188Mb L: 309/532 MS: 1 EraseBytes-
#26278983	REDUCE cov: 530 ft: 1550 corp: 468/56Kb lim: 65536 exec/s: 130741 rss: 188Mb L: 19/532 MS: 3 ChangeBit-EraseBytes-ChangeByte-
#26446939	REDUCE cov: 530 ft: 1550 corp: 468/56Kb lim: 65536 exec/s: 130925 rss: 188Mb L: 306/532 MS: 1 EraseBytes-
#26450013	REDUCE cov: 530 ft: 1550 corp: 468/56Kb lim: 65536 exec/s: 130940 rss: 188Mb L: 251/532 MS: 4 EraseBytes-ChangeBinInt-InsertByte-ChangeByte-
#26457987	REDUCE cov: 530 ft: 1550 corp: 468/56Kb lim: 65536 exec/s: 130980 rss: 188Mb L: 233/532 MS: 4 CMP-ChangeBinInt-CrossOver-EraseBytes- DE: "\002\000\000\000\000\000\000\000"-
#26492638	REDUCE cov: 530 ft: 1550 corp: 468/56Kb lim: 65536 exec/s: 130505 rss: 188Mb L: 209/532 MS: 1 EraseBytes-
#26523654	REDUCE cov: 530 ft: 1550 corp: 468/56Kb lim: 65536 exec/s: 130658 rss: 188Mb L: 197/532 MS: 1 EraseBytes-
#26528496	REDUCE cov: 530 ft: 1551 corp: 469/57Kb lim: 65536 exec/s: 130682 rss: 188Mb L: 332/532 MS: 2 ChangeBit-CrossOver-
#26529237	REDUCE cov: 530 ft: 1551 corp: 469/57Kb lim: 65536 exec/s: 130685 rss: 188Mb L: 206/532 MS: 1 EraseBytes-
#26529288	REDUCE cov: 530 ft: 1551 corp: 469/56Kb lim: 65536 exec/s: 130686 rss: 188Mb L: 159/532 MS: 1 EraseBytes-
#26535039	REDUCE cov: 530 ft: 1551 corp: 469/56Kb lim: 65536 exec/s: 130714 rss: 188Mb L: 146/532 MS: 1 EraseBytes-
#26536138	REDUCE cov: 530 ft: 1551 corp: 469/56Kb lim: 65536 exec/s: 130719 rss: 188Mb L: 190/532 MS: 4 ChangeByte-InsertByte-EraseBytes-CopyPart-
#26538175	REDUCE cov: 530 ft: 1551 corp: 469/56Kb lim: 65536 exec/s: 130729 rss: 188Mb L: 137/532 MS: 2 InsertRepeatedBytes-EraseBytes-
#26587851	REDUCE cov: 530 ft: 1551 corp: 469/56Kb lim: 65536 exec/s: 130974 rss: 188Mb L: 121/532 MS: 1 EraseBytes-
#26595261	REDUCE cov: 530 ft: 1551 corp: 469/56Kb lim: 65536 exec/s: 131011 rss: 188Mb L: 188/532 MS: 5 CopyPart-ChangeBit-InsertByte-CopyPart-EraseBytes-
#26600443	REDUCE cov: 530 ft: 1551 corp: 469/56Kb lim: 65536 exec/s: 131036 rss: 188Mb L: 62/532 MS: 2 ChangeByte-EraseBytes-
#26613529	REDUCE cov: 530 ft: 1551 corp: 469/56Kb lim: 65536 exec/s: 130458 rss: 188Mb L: 52/532 MS: 1 EraseBytes-
#26646416	REDUCE cov: 530 ft: 1551 corp: 469/56Kb lim: 65536 exec/s: 130619 rss: 188Mb L: 372/532 MS: 2 InsertByte-EraseBytes-
#26664007	REDUCE cov: 530 ft: 1551 corp: 469/56Kb lim: 65536 exec/s: 130705 rss: 188Mb L: 34/532 MS: 1 EraseBytes-
#26675104	REDUCE cov: 530 ft: 1551 corp: 469/56Kb lim: 65536 exec/s: 130760 rss: 188Mb L: 25/532 MS: 2 ChangeByte-EraseBytes-
#26692337	REDUCE cov: 530 ft: 1551 corp: 469/56Kb lim: 65536 exec/s: 130844 rss: 188Mb L: 22/532 MS: 3 ShuffleBytes-ChangeBinInt-EraseBytes-
#26856496	REDUCE cov: 530 ft: 1551 corp: 469/56Kb lim: 65536 exec/s: 131007 rss: 188Mb L: 525/532 MS: 4 InsertRepeatedBytes-CopyPart-EraseBytes-EraseBytes-
#26931989	REDUCE cov: 530 ft: 1551 corp: 469/56Kb lim: 65536 exec/s: 130737 rss: 188Mb L: 394/532 MS: 3 EraseBytes-ShuffleBytes-CopyPart-
#26976625	REDUCE cov: 530 ft: 1551 corp: 469/56Kb lim: 65536 exec/s: 130954 rss: 188Mb L: 181/532 MS: 1 EraseBytes-
#27068239	REDUCE cov: 530 ft: 1551 corp: 469/56Kb lim: 65536 exec/s: 130764 rss: 188Mb L: 471/532 MS: 4 ChangeBit-EraseBytes-ChangeByte-PersAutoDict- DE: "\013\000"-
#27077168	REDUCE cov: 530 ft: 1551 corp: 469/56Kb lim: 65536 exec/s: 130807 rss: 188Mb L: 418/532 MS: 4 ChangeByte-ManualDict-ManualDict-EraseBytes- DE: "ZSTD_initCStream"-"ZSTD_createCCtx failed"-
#27087032	REDUCE cov: 530 ft: 1551 corp: 469/56Kb lim: 65536 exec/s: 130855 rss: 188Mb L: 406/532 MS: 4 InsertByte-InsertByte-EraseBytes-InsertRepeatedBytes-
#27087907	REDUCE cov: 530 ft: 1551 corp: 469/56Kb lim: 65536 exec/s: 130859 rss: 188Mb L: 374/532 MS: 5 ManualDict-CMP-CrossOver-EraseBytes-CopyPart- DE: "Adjusting DDict based on requested dict ID from frame"-"\031\000\000\000"-
#27195423	REDUCE cov: 530 ft: 1551 corp: 469/56Kb lim: 65536 exec/s: 130747 rss: 188Mb L: 373/532 MS: 1 EraseBytes-
#27197794	REDUCE cov: 530 ft: 1552 corp: 470/56Kb lim: 65536 exec/s: 130758 rss: 188Mb L: 37/532 MS: 1 CopyPart-
#27209030	REDUCE cov: 530 ft: 1552 corp: 470/56Kb lim: 65536 exec/s: 130812 rss: 188Mb L: 33/532 MS: 1 EraseBytes-
#27224355	REDUCE cov: 530 ft: 1552 corp: 470/56Kb lim: 65536 exec/s: 130886 rss: 188Mb L: 522/532 MS: 5 ChangeBit-ChangeByte-EraseBytes-CrossOver-InsertByte-
#27232996	REDUCE cov: 530 ft: 1553 corp: 471/56Kb lim: 65536 exec/s: 130927 rss: 188Mb L: 55/532 MS: 1 CopyPart-
#27233487	REDUCE cov: 530 ft: 1553 corp: 471/56Kb lim: 65536 exec/s: 130930 rss: 188Mb L: 44/532 MS: 1 EraseBytes-
#27258413	REDUCE cov: 530 ft: 1553 corp: 471/56Kb lim: 65536 exec/s: 131050 rss: 188Mb L: 303/532 MS: 1 EraseBytes-
#27294105	REDUCE cov: 530 ft: 1553 corp: 471/56Kb lim: 65536 exec/s: 131221 rss: 188Mb L: 27/532 MS: 2 CrossOver-EraseBytes-
#27363422	REDUCE cov: 530 ft: 1553 corp: 471/56Kb lim: 65536 exec/s: 130925 rss: 188Mb L: 372/532 MS: 2 EraseBytes-InsertRepeatedBytes-
#27488273	REDUCE cov: 530 ft: 1553 corp: 471/56Kb lim: 65536 exec/s: 130896 rss: 188Mb L: 373/532 MS: 1 EraseBytes-
#27645515	REDUCE cov: 530 ft: 1553 corp: 471/56Kb lim: 65536 exec/s: 131021 rss: 188Mb L: 372/532 MS: 2 InsertByte-EraseBytes-
#27943016	REDUCE cov: 530 ft: 1554 corp: 472/56Kb lim: 65536 exec/s: 131187 rss: 188Mb L: 43/532 MS: 1 CrossOver-
#27943429	REDUCE cov: 530 ft: 1554 corp: 472/56Kb lim: 65536 exec/s: 131189 rss: 188Mb L: 39/532 MS: 3 ChangeBinInt-ChangeBinInt-EraseBytes-
#27951515	REDUCE cov: 530 ft: 1554 corp: 472/56Kb lim: 65536 exec/s: 131227 rss: 188Mb L: 37/532 MS: 1 EraseBytes-
#27960121	REDUCE cov: 530 ft: 1554 corp: 472/56Kb lim: 65536 exec/s: 131268 rss: 188Mb L: 34/532 MS: 1 EraseBytes-
#27965329	REDUCE cov: 530 ft: 1554 corp: 472/56Kb lim: 65536 exec/s: 131292 rss: 188Mb L: 33/532 MS: 3 CrossOver-ChangeBinInt-EraseBytes-
#28040697	REDUCE cov: 530 ft: 1554 corp: 472/56Kb lim: 65536 exec/s: 131031 rss: 188Mb L: 182/532 MS: 3 EraseBytes-ChangeBinInt-ChangeBit-
#28147333	REDUCE cov: 530 ft: 1554 corp: 472/56Kb lim: 65536 exec/s: 130917 rss: 188Mb L: 32/532 MS: 1 EraseBytes-
#28376855	REDUCE cov: 530 ft: 1555 corp: 473/56Kb lim: 65536 exec/s: 131374 rss: 188Mb L: 188/532 MS: 2 CopyPart-InsertRepeatedBytes-
#28381481	REDUCE cov: 530 ft: 1555 corp: 473/56Kb lim: 65536 exec/s: 131395 rss: 188Mb L: 104/532 MS: 1 EraseBytes-
#28412785	REDUCE cov: 530 ft: 1555 corp: 473/56Kb lim: 65536 exec/s: 130934 rss: 188Mb L: 502/532 MS: 4 ManualDict-InsertByte-EraseBytes-PersAutoDict- DE: "Data corruption detected"-"\013\000"-
#28418590	REDUCE cov: 530 ft: 1555 corp: 473/56Kb lim: 65536 exec/s: 130961 rss: 188Mb L: 422/532 MS: 5 ChangeBit-ChangeByte-CrossOver-ChangeBit-EraseBytes-
#28422056	REDUCE cov: 530 ft: 1555 corp: 473/56Kb lim: 65536 exec/s: 130977 rss: 188Mb L: 98/532 MS: 1 EraseBytes-
#28426094	REDUCE cov: 530 ft: 1555 corp: 473/56Kb lim: 65536 exec/s: 130995 rss: 188Mb L: 418/532 MS: 3 ShuffleBytes-ChangeBinInt-EraseBytes-
#28505405	REDUCE cov: 530 ft: 1555 corp: 473/56Kb lim: 65536 exec/s: 131361 rss: 188Mb L: 399/532 MS: 1 EraseBytes-
#28529432	REDUCE cov: 530 ft: 1555 corp: 473/56Kb lim: 65536 exec/s: 130868 rss: 188Mb L: 95/532 MS: 2 ShuffleBytes-EraseBytes-
#28591921	REDUCE cov: 530 ft: 1555 corp: 473/56Kb lim: 65536 exec/s: 131155 rss: 188Mb L: 377/532 MS: 4 PersAutoDict-InsertRepeatedBytes-ChangeBit-EraseBytes- DE: "\377\011"-
#28665744	REDUCE cov: 530 ft: 1555 corp: 473/56Kb lim: 65536 exec/s: 130893 rss: 188Mb L: 374/532 MS: 3 PersAutoDict-ChangeBit-EraseBytes- DE: "Better"-
#28702407	REDUCE cov: 530 ft: 1555 corp: 473/56Kb lim: 65536 exec/s: 131061 rss: 188Mb L: 180/532 MS: 3 ChangeBinInt-EraseBytes-CopyPart-
#28753629	REDUCE cov: 530 ft: 1555 corp: 473/56Kb lim: 65536 exec/s: 131295 rss: 188Mb L: 406/532 MS: 2 EraseBytes-PersAutoDict- DE: "\013\000"-
#28757781	REDUCE cov: 530 ft: 1555 corp: 473/56Kb lim: 65536 exec/s: 131314 rss: 188Mb L: 19/532 MS: 2 ChangeBit-EraseBytes-
#28828442	REDUCE cov: 530 ft: 1555 corp: 473/56Kb lim: 65536 exec/s: 131038 rss: 188Mb L: 387/532 MS: 1 EraseBytes-
#28874154	REDUCE cov: 530 ft: 1555 corp: 473/56Kb lim: 65536 exec/s: 131246 rss: 188Mb L: 26/532 MS: 2 CrossOver-EraseBytes-
#28883880	REDUCE cov: 530 ft: 1555 corp: 473/56Kb lim: 65536 exec/s: 131290 rss: 188Mb L: 92/532 MS: 1 EraseBytes-
#28959373	REDUCE cov: 530 ft: 1555 corp: 473/56Kb lim: 65536 exec/s: 131037 rss: 188Mb L: 377/532 MS: 3 ChangeByte-EraseBytes-InsertRepeatedBytes-
#29025159	REDUCE cov: 530 ft: 1555 corp: 473/56Kb lim: 65536 exec/s: 131335 rss: 188Mb L: 180/532 MS: 1 EraseBytes-
#29043641	REDUCE cov: 530 ft: 1555 corp: 473/56Kb lim: 65536 exec/s: 131419 rss: 188Mb L: 14/532 MS: 2 CMP-EraseBytes- DE: "6\000\000\000"-
#29135262	REDUCE cov: 530 ft: 1555 corp: 473/56Kb lim: 65536 exec/s: 131239 rss: 188Mb L: 300/532 MS: 1 EraseBytes-
#29166398	REDUCE cov: 530 ft: 1555 corp: 473/56Kb lim: 65536 exec/s: 131380 rss: 188Mb L: 72/532 MS: 1 EraseBytes-
#29482555	REDUCE cov: 530 ft: 1555 corp: 473/56Kb lim: 65536 exec/s: 131033 rss: 188Mb L: 13/532 MS: 2 EraseBytes-ShuffleBytes-
#29492432	REDUCE cov: 530 ft: 1555 corp: 473/56Kb lim: 65536 exec/s: 131077 rss: 188Mb L: 374/532 MS: 2 CopyPart-EraseBytes-
#29567734	REDUCE cov: 530 ft: 1555 corp: 473/56Kb lim: 65536 exec/s: 131412 rss: 188Mb L: 25/532 MS: 2 EraseBytes-ChangeBit-
#29577298	REDUCE cov: 530 ft: 1555 corp: 473/56Kb lim: 65536 exec/s: 131454 rss: 188Mb L: 400/532 MS: 4 ChangeBinInt-ChangeBinInt-InsertByte-EraseBytes-
#29583210	REDUCE cov: 530 ft: 1555 corp: 473/56Kb lim: 65536 exec/s: 131480 rss: 188Mb L: 280/532 MS: 2 EraseBytes-ManualDict- DE: "next input"-
#29609977	REDUCE cov: 530 ft: 1555 corp: 473/56Kb lim: 65536 exec/s: 131017 rss: 188Mb L: 106/532 MS: 2 CMP-EraseBytes- DE: "\000\034"-
#29620128	REDUCE cov: 530 ft: 1555 corp: 473/56Kb lim: 65536 exec/s: 131062 rss: 188Mb L: 277/532 MS: 1 EraseBytes-
#29746089	REDUCE cov: 530 ft: 1555 corp: 473/56Kb lim: 65536 exec/s: 131040 rss: 188Mb L: 147/532 MS: 1 EraseBytes-
#29771170	REDUCE cov: 530 ft: 1555 corp: 473/56Kb lim: 65536 exec/s: 131150 rss: 188Mb L: 372/532 MS: 1 EraseBytes-
#29939112	REDUCE cov: 530 ft: 1555 corp: 473/56Kb lim: 65536 exec/s: 131311 rss: 188Mb L: 17/532 MS: 2 EraseBytes-ChangeBit-
#30055101	REDUCE cov: 530 ft: 1555 corp: 473/56Kb lim: 65536 exec/s: 131244 rss: 188Mb L: 524/532 MS: 4 InsertByte-CMP-EraseBytes-InsertByte- DE: "\377\377\377\377\377\377\377\207"-
#30516723	REDUCE cov: 530 ft: 1555 corp: 473/56Kb lim: 65536 exec/s: 131537 rss: 188Mb L: 19/532 MS: 2 EraseBytes-ChangeBinInt-
#30533575	REDUCE cov: 530 ft: 1555 corp: 473/56Kb lim: 65536 exec/s: 131610 rss: 188Mb L: 17/532 MS: 2 ChangeByte-EraseBytes-
#30796338	REDUCE cov: 530 ft: 1555 corp: 473/56Kb lim: 65536 exec/s: 131608 rss: 188Mb L: 373/532 MS: 3 ChangeBit-InsertRepeatedBytes-EraseBytes-
#30899574	REDUCE cov: 530 ft: 1555 corp: 473/56Kb lim: 65536 exec/s: 131487 rss: 188Mb L: 89/532 MS: 1 EraseBytes-
#31053875	REDUCE cov: 530 ft: 1555 corp: 473/56Kb lim: 65536 exec/s: 131584 rss: 188Mb L: 88/532 MS: 1 EraseBytes-
#31339595	REDUCE cov: 530 ft: 1555 corp: 473/56Kb lim: 65536 exec/s: 131678 rss: 188Mb L: 276/532 MS: 5 ChangeByte-CMP-ChangeByte-CrossOver-EraseBytes- DE: "\245\000\000\000\000\000\000\000"-
#31341924	REDUCE cov: 530 ft: 1555 corp: 473/56Kb lim: 65536 exec/s: 131688 rss: 188Mb L: 371/532 MS: 4 InsertRepeatedBytes-PersAutoDict-EraseBytes-ChangeBit- DE: "External sequences imply too large a block!"-
#31380081	REDUCE cov: 530 ft: 1555 corp: 473/56Kb lim: 65536 exec/s: 131849 rss: 188Mb L: 19/532 MS: 2 InsertByte-EraseBytes-
#31524194	REDUCE cov: 530 ft: 1555 corp: 473/56Kb lim: 65536 exec/s: 131900 rss: 188Mb L: 504/532 MS: 3 PersAutoDict-EraseBytes-CopyPart- DE: "\013\000"-
#31573160	REDUCE cov: 530 ft: 1555 corp: 473/56Kb lim: 65536 exec/s: 131554 rss: 188Mb L: 476/532 MS: 1 EraseBytes-
#31597415	REDUCE cov: 530 ft: 1555 corp: 473/56Kb lim: 65536 exec/s: 131655 rss: 188Mb L: 365/532 MS: 5 ShuffleBytes-PersAutoDict-ShuffleBytes-CrossOver-EraseBytes- DE: "\011\000"-
#31686188	REDUCE cov: 530 ft: 1555 corp: 473/56Kb lim: 65536 exec/s: 131477 rss: 188Mb L: 374/532 MS: 3 InsertByte-PersAutoDict-EraseBytes- DE: "ZSTD_compressBlock_fast_dictMatchState_generic"-
#31904400	REDUCE cov: 530 ft: 1555 corp: 473/56Kb lim: 65536 exec/s: 131836 rss: 188Mb L: 372/532 MS: 2 ManualDict-EraseBytes- DE: "stage zdss_init => transparent reset "-
#31977217	REDUCE cov: 530 ft: 1555 corp: 473/56Kb lim: 65536 exec/s: 131593 rss: 188Mb L: 11/532 MS: 2 EraseBytes-InsertByte-
#32168249	REDUCE cov: 530 ft: 1555 corp: 473/56Kb lim: 65536 exec/s: 131837 rss: 188Mb L: 364/532 MS: 2 ChangeBinInt-EraseBytes-
#32282581	REDUCE cov: 530 ft: 1555 corp: 473/55Kb lim: 65536 exec/s: 131765 rss: 188Mb L: 487/532 MS: 2 PersAutoDict-EraseBytes- DE: "\013\000"-
#32328362	REDUCE cov: 530 ft: 1555 corp: 473/55Kb lim: 65536 exec/s: 131952 rss: 188Mb L: 464/532 MS: 1 EraseBytes-
#32445053	REDUCE cov: 530 ft: 1555 corp: 473/55Kb lim: 65536 exec/s: 131890 rss: 188Mb L: 417/532 MS: 1 EraseBytes-
#32469930	REDUCE cov: 530 ft: 1555 corp: 473/55Kb lim: 65536 exec/s: 131991 rss: 188Mb L: 53/532 MS: 2 ChangeByte-EraseBytes-
#32527183	REDUCE cov: 530 ft: 1555 corp: 473/55Kb lim: 65536 exec/s: 131689 rss: 188Mb L: 12/532 MS: 3 ChangeByte-EraseBytes-CMP- DE: "\004\000\000\000\000\000\000\000"-
#32702949	REDUCE cov: 530 ft: 1555 corp: 473/55Kb lim: 65536 exec/s: 131866 rss: 188Mb L: 297/532 MS: 1 EraseBytes-
#32736940	REDUCE cov: 530 ft: 1555 corp: 473/55Kb lim: 65536 exec/s: 132003 rss: 188Mb L: 372/532 MS: 1 EraseBytes-
#33001613	REDUCE cov: 530 ft: 1558 corp: 474/56Kb lim: 65536 exec/s: 132006 rss: 188Mb L: 147/532 MS: 3 PersAutoDict-CopyPart-CopyPart- DE: "\000\000"-
#33004239	REDUCE cov: 530 ft: 1558 corp: 474/55Kb lim: 65536 exec/s: 132016 rss: 188Mb L: 121/532 MS: 1 EraseBytes-
#33043307	REDUCE cov: 530 ft: 1558 corp: 474/55Kb lim: 65536 exec/s: 132173 rss: 188Mb L: 109/532 MS: 3 ShuffleBytes-CrossOver-EraseBytes-
#33050408	REDUCE cov: 530 ft: 1558 corp: 474/55Kb lim: 65536 exec/s: 131674 rss: 188Mb L: 107/532 MS: 1 EraseBytes-
#33174309	REDUCE cov: 530 ft: 1558 corp: 474/55Kb lim: 65536 exec/s: 132168 rss: 188Mb L: 105/532 MS: 1 EraseBytes-
#33241652	REDUCE cov: 530 ft: 1558 corp: 474/55Kb lim: 65536 exec/s: 131911 rss: 188Mb L: 19/532 MS: 3 ShuffleBytes-ChangeBit-EraseBytes-
#33337046	REDUCE cov: 530 ft: 1558 corp: 474/55Kb lim: 65536 exec/s: 131766 rss: 188Mb L: 43/532 MS: 4 ChangeBinInt-CrossOver-PersAutoDict-EraseBytes- DE: "\020\000"-
#33554432	pulse  cov: 530 ft: 1558 corp: 474/55Kb lim: 65536 exec/s: 132104 rss: 188Mb
#33654544	REDUCE cov: 530 ft: 1558 corp: 474/55Kb lim: 65536 exec/s: 131978 rss: 188Mb L: 373/532 MS: 3 InsertByte-ChangeASCIIInt-EraseBytes-
#33770540	REDUCE cov: 530 ft: 1558 corp: 474/55Kb lim: 65536 exec/s: 131916 rss: 188Mb L: 289/532 MS: 1 EraseBytes-
#33884258	REDUCE cov: 530 ft: 1558 corp: 474/55Kb lim: 65536 exec/s: 131845 rss: 188Mb L: 294/532 MS: 3 InsertByte-ShuffleBytes-EraseBytes-
#33923811	REDUCE cov: 530 ft: 1558 corp: 474/55Kb lim: 65536 exec/s: 131999 rss: 188Mb L: 19/532 MS: 3 ChangeBit-EraseBytes-ChangeByte-
#33949908	REDUCE cov: 530 ft: 1558 corp: 474/55Kb lim: 65536 exec/s: 132100 rss: 188Mb L: 13/532 MS: 2 EraseBytes-ChangeBit-
#34191036	REDUCE cov: 530 ft: 1558 corp: 474/55Kb lim: 65536 exec/s: 132011 rss: 188Mb L: 509/532 MS: 3 ManualDict-EraseBytes-PersAutoDict- DE: "Block header doesn't fit"-"\013\000"-
#34222715	REDUCE cov: 530 ft: 1558 corp: 474/55Kb lim: 65536 exec/s: 132134 rss: 188Mb L: 403/532 MS: 4 ChangeBinInt-ChangeBinInt-PersAutoDict-EraseBytes- DE: "\013\000"-
#34239719	REDUCE cov: 530 ft: 1558 corp: 474/55Kb lim: 65536 exec/s: 132199 rss: 188Mb L: 400/532 MS: 4 EraseBytes-InsertRepeatedBytes-EraseBytes-InsertRepeatedBytes-
#34242983	REDUCE cov: 530 ft: 1558 corp: 474/55Kb lim: 65536 exec/s: 132212 rss: 188Mb L: 407/532 MS: 4 EraseBytes-CrossOver-CrossOver-InsertRepeatedBytes-
#34255513	REDUCE cov: 530 ft: 1558 corp: 474/55Kb lim: 65536 exec/s: 132260 rss: 188Mb L: 391/532 MS: 5 CrossOver-ChangeByte-ChangeByte-CopyPart-EraseBytes-
#34288549	REDUCE cov: 530 ft: 1558 corp: 474/55Kb lim: 65536 exec/s: 132388 rss: 188Mb L: 370/532 MS: 1 EraseBytes-
#34351157	REDUCE cov: 530 ft: 1558 corp: 474/55Kb lim: 65536 exec/s: 132119 rss: 188Mb L: 380/532 MS: 3 ManualDict-ShuffleBytes-EraseBytes- DE: "But this is _much_ less likely than a srcSize field error."-
#34407606	REDUCE cov: 530 ft: 1558 corp: 474/55Kb lim: 65536 exec/s: 132336 rss: 188Mb L: 373/532 MS: 4 CopyPart-CrossOver-InsertByte-EraseBytes-
#34417547	REDUCE cov: 530 ft: 1558 corp: 474/55Kb lim: 65536 exec/s: 132375 rss: 188Mb L: 144/532 MS: 1 EraseBytes-
#34440558	REDUCE cov: 530 ft: 1558 corp: 474/55Kb lim: 65536 exec/s: 131956 rss: 188Mb L: 104/532 MS: 1 EraseBytes-
#35039419	REDUCE cov: 530 ft: 1558 corp: 474/55Kb lim: 65536 exec/s: 132224 rss: 188Mb L: 372/532 MS: 1 EraseBytes-
#35048385	REDUCE cov: 530 ft: 1558 corp: 474/55Kb lim: 65536 exec/s: 132258 rss: 188Mb L: 291/532 MS: 1 EraseBytes-
#35189528	REDUCE cov: 530 ft: 1558 corp: 474/55Kb lim: 65536 exec/s: 132291 rss: 188Mb L: 30/532 MS: 3 EraseBytes-ShuffleBytes-ChangeBit-
#35275301	REDUCE cov: 530 ft: 1558 corp: 474/55Kb lim: 65536 exec/s: 132117 rss: 188Mb L: 372/532 MS: 3 CrossOver-EraseBytes-InsertRepeatedBytes-
#35304829	REDUCE cov: 530 ft: 1558 corp: 474/55Kb lim: 65536 exec/s: 132227 rss: 188Mb L: 19/532 MS: 3 EraseBytes-InsertByte-ChangeBinInt-
#35568498	REDUCE cov: 530 ft: 1558 corp: 474/55Kb lim: 65536 exec/s: 132224 rss: 188Mb L: 369/532 MS: 4 ChangeBinInt-CopyPart-ChangeByte-EraseBytes-
#35612786	REDUCE cov: 530 ft: 1558 corp: 474/55Kb lim: 65536 exec/s: 132389 rss: 188Mb L: 367/532 MS: 3 ChangeByte-InsertByte-EraseBytes-
#35619794	REDUCE cov: 530 ft: 1559 corp: 475/55Kb lim: 65536 exec/s: 132415 rss: 188Mb L: 46/532 MS: 3 EraseBytes-ChangeByte-ChangeByte-
#35620037	REDUCE cov: 530 ft: 1559 corp: 475/55Kb lim: 65536 exec/s: 132416 rss: 188Mb L: 44/532 MS: 3 InsertByte-ChangeBit-EraseBytes-
#35622944	REDUCE cov: 530 ft: 1559 corp: 475/55Kb lim: 65536 exec/s: 132427 rss: 188Mb L: 38/532 MS: 2 ChangeBit-EraseBytes-
#35625119	REDUCE cov: 530 ft: 1559 corp: 475/55Kb lim: 65536 exec/s: 132435 rss: 188Mb L: 34/532 MS: 5 CopyPart-ChangeBit-ChangeBinInt-EraseBytes-InsertByte-
#35956505	REDUCE cov: 530 ft: 1560 corp: 476/55Kb lim: 65536 exec/s: 132193 rss: 188Mb L: 55/532 MS: 1 CrossOver-
#35957081	REDUCE cov: 530 ft: 1560 corp: 476/55Kb lim: 65536 exec/s: 132195 rss: 188Mb L: 47/532 MS: 1 EraseBytes-
#36078618	REDUCE cov: 530 ft: 1561 corp: 477/55Kb lim: 65536 exec/s: 132641 rss: 188Mb L: 66/532 MS: 2 CopyPart-CopyPart-
#36081819	REDUCE cov: 530 ft: 1561 corp: 477/55Kb lim: 65536 exec/s: 132167 rss: 188Mb L: 53/532 MS: 1 EraseBytes-
#36145589	REDUCE cov: 530 ft: 1561 corp: 477/55Kb lim: 65536 exec/s: 132401 rss: 188Mb L: 278/532 MS: 5 EraseBytes-InsertByte-CrossOver-PersAutoDict-ChangeBit- DE: "\027\000"-
#36291151	REDUCE cov: 530 ft: 1561 corp: 477/55Kb lim: 65536 exec/s: 132449 rss: 188Mb L: 23/532 MS: 2 ChangeBinInt-EraseBytes-
#36619351	REDUCE cov: 530 ft: 1561 corp: 477/55Kb lim: 65536 exec/s: 132678 rss: 188Mb L: 276/532 MS: 5 ChangeBit-CMP-PersAutoDict-PersAutoDict-EraseBytes- DE: "\001@"-"Waiting for LDM to finish..."-"should consume all input error."-
#36621860	REDUCE cov: 530 ft: 1561 corp: 477/55Kb lim: 65536 exec/s: 132687 rss: 188Mb L: 531/532 MS: 4 ChangeByte-EraseBytes-CMP-ChangeBinInt- DE: "\000\000\000\000\000\000\000\006"-
#36639567	REDUCE cov: 530 ft: 1561 corp: 477/55Kb lim: 65536 exec/s: 132752 rss: 188Mb L: 18/532 MS: 2 EraseBytes-ChangeBit-
#36776361	REDUCE cov: 530 ft: 1561 corp: 477/55Kb lim: 65536 exec/s: 132766 rss: 188Mb L: 366/532 MS: 4 InsertRepeatedBytes-InsertByte-ShuffleBytes-EraseBytes-
#36809727	REDUCE cov: 530 ft: 1561 corp: 477/55Kb lim: 65536 exec/s: 132409 rss: 188Mb L: 52/532 MS: 1 EraseBytes-
#37246088	REDUCE cov: 530 ft: 1561 corp: 477/55Kb lim: 65536 exec/s: 132548 rss: 188Mb L: 17/532 MS: 1 EraseBytes-
#37803314	REDUCE cov: 530 ft: 1561 corp: 477/55Kb lim: 65536 exec/s: 132643 rss: 188Mb L: 75/532 MS: 1 EraseBytes-
#37819247	REDUCE cov: 530 ft: 1561 corp: 477/55Kb lim: 65536 exec/s: 132699 rss: 188Mb L: 14/532 MS: 3 EraseBytes-ChangeBinInt-ChangeBinInt-
#37827190	REDUCE cov: 530 ft: 1561 corp: 477/55Kb lim: 65536 exec/s: 132726 rss: 188Mb L: 15/532 MS: 3 ChangeBit-ShuffleBytes-EraseBytes-
#38062251	REDUCE cov: 530 ft: 1561 corp: 477/55Kb lim: 65536 exec/s: 132621 rss: 188Mb L: 29/532 MS: 1 EraseBytes-
#38334509	REDUCE cov: 530 ft: 1561 corp: 477/55Kb lim: 65536 exec/s: 132645 rss: 188Mb L: 31/532 MS: 3 ChangeByte-ChangeBit-EraseBytes-
#38344395	REDUCE cov: 530 ft: 1561 corp: 477/55Kb lim: 65536 exec/s: 132679 rss: 188Mb L: 30/532 MS: 1 EraseBytes-
#38360986	REDUCE cov: 530 ft: 1561 corp: 477/55Kb lim: 65536 exec/s: 132736 rss: 188Mb L: 29/532 MS: 1 EraseBytes-
#38557097	REDUCE cov: 530 ft: 1561 corp: 477/55Kb lim: 65536 exec/s: 132955 rss: 188Mb L: 28/532 MS: 1 EraseBytes-
#38765443	REDUCE cov: 530 ft: 1561 corp: 477/55Kb lim: 65536 exec/s: 132758 rss: 188Mb L: 14/532 MS: 1 EraseBytes-
#38894401	REDUCE cov: 530 ft: 1561 corp: 477/55Kb lim: 65536 exec/s: 132745 rss: 188Mb L: 18/532 MS: 3 InsertRepeatedBytes-ChangeBit-EraseBytes-
#38924969	REDUCE cov: 530 ft: 1561 corp: 477/55Kb lim: 65536 exec/s: 132849 rss: 188Mb L: 17/532 MS: 3 ChangeByte-EraseBytes-ChangeBit-
#39226304	REDUCE cov: 530 ft: 1561 corp: 477/55Kb lim: 65536 exec/s: 132970 rss: 188Mb L: 366/532 MS: 5 CrossOver-EraseBytes-InsertByte-PersAutoDict-ChangeBit- DE: "\003\000\000\000"-
#39331611	REDUCE cov: 530 ft: 1561 corp: 477/55Kb lim: 65536 exec/s: 132877 rss: 188Mb L: 365/532 MS: 2 ChangeByte-EraseBytes-
#39588042	REDUCE cov: 530 ft: 1561 corp: 477/55Kb lim: 65536 exec/s: 132845 rss: 188Mb L: 28/532 MS: 1 EraseBytes-
#39688449	REDUCE cov: 530 ft: 1561 corp: 477/55Kb lim: 65536 exec/s: 133182 rss: 188Mb L: 31/532 MS: 2 ChangeByte-EraseBytes-
#39764839	REDUCE cov: 530 ft: 1561 corp: 477/55Kb lim: 65536 exec/s: 132992 rss: 188Mb L: 268/532 MS: 5 InsertByte-PersAutoDict-CMP-EraseBytes-ChangeBinInt- DE: "\011\000"-"3\000\000\000\000\000\000\000"-
#39917706	REDUCE cov: 530 ft: 1561 corp: 477/55Kb lim: 65536 exec/s: 133059 rss: 188Mb L: 247/532 MS: 2 EraseBytes-PersAutoDict- DE: "\005\000"-
#39958130	REDUCE cov: 530 ft: 1561 corp: 477/55Kb lim: 65536 exec/s: 133193 rss: 188Mb L: 511/532 MS: 4 ChangeBit-EraseBytes-CopyPart-PersAutoDict- DE: "\013\000"-
#39997870	REDUCE cov: 530 ft: 1561 corp: 477/55Kb lim: 65536 exec/s: 132883 rss: 188Mb L: 441/532 MS: 5 CopyPart-ChangeBinInt-CrossOver-CrossOver-EraseBytes-
#40061731	REDUCE cov: 530 ft: 1561 corp: 477/55Kb lim: 65536 exec/s: 133095 rss: 188Mb L: 12/532 MS: 1 EraseBytes-
#40070334	REDUCE cov: 530 ft: 1561 corp: 477/55Kb lim: 65536 exec/s: 133124 rss: 188Mb L: 25/532 MS: 3 EraseBytes-CopyPart-ChangeBinInt-
#40071161	REDUCE cov: 530 ft: 1561 corp: 477/55Kb lim: 65536 exec/s: 133126 rss: 188Mb L: 386/532 MS: 2 InsertByte-EraseBytes-
#40104602	REDUCE cov: 530 ft: 1561 corp: 477/55Kb lim: 65536 exec/s: 133237 rss: 188Mb L: 197/532 MS: 1 EraseBytes-
#40152442	REDUCE cov: 530 ft: 1561 corp: 477/55Kb lim: 65536 exec/s: 132955 rss: 188Mb L: 379/532 MS: 5 ShuffleBytes-ShuffleBytes-ChangeBit-InsertRepeatedBytes-EraseBytes-
#40161798	REDUCE cov: 530 ft: 1561 corp: 477/55Kb lim: 65536 exec/s: 132986 rss: 188Mb L: 364/532 MS: 1 EraseBytes-
#40163299	REDUCE cov: 530 ft: 1561 corp: 477/55Kb lim: 65536 exec/s: 132991 rss: 188Mb L: 365/532 MS: 1 EraseBytes-
#40301705	REDUCE cov: 530 ft: 1561 corp: 477/55Kb lim: 65536 exec/s: 133008 rss: 188Mb L: 364/532 MS: 1 EraseBytes-
#40525976	REDUCE cov: 530 ft: 1561 corp: 477/55Kb lim: 65536 exec/s: 133309 rss: 188Mb L: 373/532 MS: 1 EraseBytes-
#40635382	REDUCE cov: 530 ft: 1561 corp: 477/55Kb lim: 65536 exec/s: 133230 rss: 188Mb L: 195/532 MS: 1 EraseBytes-
#40746719	REDUCE cov: 530 ft: 1561 corp: 477/55Kb lim: 65536 exec/s: 133159 rss: 188Mb L: 184/532 MS: 2 PersAutoDict-EraseBytes- DE: "\010\000\000\000\000\000\000\000"-
#41056495	REDUCE cov: 530 ft: 1561 corp: 477/55Kb lim: 65536 exec/s: 133300 rss: 188Mb L: 181/532 MS: 1 EraseBytes-
#41297957	REDUCE cov: 530 ft: 1561 corp: 477/55Kb lim: 65536 exec/s: 133219 rss: 188Mb L: 19/532 MS: 2 ChangeByte-EraseBytes-
#41729735	REDUCE cov: 530 ft: 1561 corp: 477/55Kb lim: 65536 exec/s: 133321 rss: 188Mb L: 505/532 MS: 3 ChangeByte-PersAutoDict-EraseBytes- DE: "\013\000"-
#41736834	REDUCE cov: 530 ft: 1561 corp: 477/55Kb lim: 65536 exec/s: 133344 rss: 188Mb L: 415/532 MS: 4 InsertByte-InsertByte-PersAutoDict-EraseBytes- DE: "\000\000\000\000\000\000\001\351"-
#41758379	REDUCE cov: 530 ft: 1561 corp: 477/55Kb lim: 65536 exec/s: 133413 rss: 188Mb L: 409/532 MS: 5 ManualDict-EraseBytes-EraseBytes-CMP-CMP- DE: "ZSTD_copyDDictParameters"-"\001\000\000\000\000\000\000Z"-"\010\000"-
#41821977	REDUCE cov: 530 ft: 1561 corp: 477/55Kb lim: 65536 exec/s: 133191 rss: 188Mb L: 394/532 MS: 3 ManualDict-InsertRepeatedBytes-EraseBytes- DE: "HIST_count_wksp failed"-
#41828683	REDUCE cov: 530 ft: 1561 corp: 477/55Kb lim: 65536 exec/s: 133212 rss: 188Mb L: 397/532 MS: 1 EraseBytes-
#41853046	REDUCE cov: 530 ft: 1561 corp: 477/55Kb lim: 65536 exec/s: 133289 rss: 188Mb L: 320/532 MS: 3 CrossOver-CrossOver-EraseBytes-
#41854274	REDUCE cov: 530 ft: 1561 corp: 477/55Kb lim: 65536 exec/s: 133293 rss: 188Mb L: 39/532 MS: 3 EraseBytes-ShuffleBytes-ChangeBinInt-
#41871696	REDUCE cov: 530 ft: 1561 corp: 477/55Kb lim: 65536 exec/s: 133349 rss: 188Mb L: 375/532 MS: 2 ShuffleBytes-EraseBytes-
#41949920	REDUCE cov: 530 ft: 1561 corp: 477/55Kb lim: 65536 exec/s: 133174 rss: 188Mb L: 372/532 MS: 4 CopyPart-CopyPart-InsertRepeatedBytes-EraseBytes-
#41967116	REDUCE cov: 530 ft: 1561 corp: 477/55Kb lim: 65536 exec/s: 133228 rss: 188Mb L: 316/532 MS: 1 EraseBytes-
#41968385	REDUCE cov: 530 ft: 1561 corp: 477/55Kb lim: 65536 exec/s: 133232 rss: 188Mb L: 288/532 MS: 4 EraseBytes-ChangeBinInt-ChangeByte-InsertRepeatedBytes-
#42006326	REDUCE cov: 530 ft: 1561 corp: 477/55Kb lim: 65536 exec/s: 133353 rss: 188Mb L: 267/532 MS: 1 EraseBytes-
#42161240	REDUCE cov: 530 ft: 1561 corp: 477/55Kb lim: 65536 exec/s: 133421 rss: 188Mb L: 280/532 MS: 4 EraseBytes-EraseBytes-ChangeBinInt-InsertRepeatedBytes-
#42236903	REDUCE cov: 530 ft: 1561 corp: 477/55Kb lim: 65536 exec/s: 133239 rss: 188Mb L: 277/532 MS: 3 ShuffleBytes-InsertRepeatedBytes-EraseBytes-
#42259165	REDUCE cov: 530 ft: 1561 corp: 477/55Kb lim: 65536 exec/s: 133309 rss: 188Mb L: 276/532 MS: 2 EraseBytes-InsertByte-
#43293862	REDUCE cov: 530 ft: 1561 corp: 477/55Kb lim: 65536 exec/s: 133623 rss: 188Mb L: 372/532 MS: 2 PersAutoDict-EraseBytes- DE: "Selected set_repeat"-
#43407405	REDUCE cov: 530 ft: 1561 corp: 477/55Kb lim: 65536 exec/s: 133561 rss: 188Mb L: 294/532 MS: 3 ChangeBinInt-EraseBytes-InsertRepeatedBytes-
#43532006	REDUCE cov: 530 ft: 1561 corp: 477/54Kb lim: 65536 exec/s: 133533 rss: 188Mb L: 279/532 MS: 1 EraseBytes-
#44051715	REDUCE cov: 530 ft: 1561 corp: 477/54Kb lim: 65536 exec/s: 133490 rss: 188Mb L: 323/532 MS: 4 EraseBytes-CMP-ChangeBit-InsertRepeatedBytes- DE: "\377\377\377\377\377\377\377\211"-
#44088132	REDUCE cov: 530 ft: 1561 corp: 477/54Kb lim: 65536 exec/s: 133600 rss: 188Mb L: 18/532 MS: 2 ChangeByte-EraseBytes-
#44094778	REDUCE cov: 530 ft: 1561 corp: 477/54Kb lim: 65536 exec/s: 133620 rss: 188Mb L: 312/532 MS: 1 EraseBytes-
#44096299	REDUCE cov: 530 ft: 1561 corp: 477/54Kb lim: 65536 exec/s: 133625 rss: 188Mb L: 277/532 MS: 1 EraseBytes-
#44229240	REDUCE cov: 530 ft: 1561 corp: 477/54Kb lim: 65536 exec/s: 133623 rss: 188Mb L: 17/532 MS: 1 EraseBytes-
#44308784	REDUCE cov: 530 ft: 1561 corp: 477/54Kb lim: 65536 exec/s: 133460 rss: 188Mb L: 276/532 MS: 4 CopyPart-InsertByte-InsertByte-EraseBytes-
#44376833	REDUCE cov: 530 ft: 1561 corp: 477/54Kb lim: 65536 exec/s: 133665 rss: 188Mb L: 182/532 MS: 4 ChangeBit-ChangeBit-ShuffleBytes-EraseBytes-
#44393044	REDUCE cov: 530 ft: 1561 corp: 477/54Kb lim: 65536 exec/s: 133713 rss: 188Mb L: 16/532 MS: 1 EraseBytes-
#44464191	REDUCE cov: 530 ft: 1561 corp: 477/54Kb lim: 65536 exec/s: 133526 rss: 188Mb L: 11/532 MS: 2 ShuffleBytes-EraseBytes-
#44467231	REDUCE cov: 530 ft: 1561 corp: 477/54Kb lim: 65536 exec/s: 133535 rss: 188Mb L: 180/532 MS: 5 InsertByte-CMP-InsertRepeatedBytes-CrossOver-EraseBytes- DE: "\000\000\000\024"-
#44566653	REDUCE cov: 530 ft: 1561 corp: 477/54Kb lim: 65536 exec/s: 133833 rss: 188Mb L: 311/532 MS: 2 EraseBytes-CopyPart-
#44642875	REDUCE cov: 530 ft: 1561 corp: 477/54Kb lim: 65536 exec/s: 133661 rss: 188Mb L: 11/532 MS: 2 PersAutoDict-EraseBytes- DE: "\025\000\000\000"-
#44674239	REDUCE cov: 530 ft: 1561 corp: 477/54Kb lim: 65536 exec/s: 133755 rss: 188Mb L: 363/532 MS: 4 InsertByte-CMP-EraseBytes-ChangeBit- DE: "\001\024"-
#44678325	REDUCE cov: 530 ft: 1561 corp: 477/54Kb lim: 65536 exec/s: 133767 rss: 188Mb L: 15/532 MS: 1 EraseBytes-
#44723257	REDUCE cov: 530 ft: 1561 corp: 477/54Kb lim: 65536 exec/s: 133502 rss: 188Mb L: 291/532 MS: 2 EraseBytes-ManualDict- DE: "Version not supported"-
#44781469	REDUCE cov: 530 ft: 1561 corp: 477/54Kb lim: 65536 exec/s: 133676 rss: 188Mb L: 9/532 MS: 2 PersAutoDict-EraseBytes- DE: "\005\000"-
#44943786	REDUCE cov: 530 ft: 1561 corp: 477/54Kb lim: 65536 exec/s: 133761 rss: 188Mb L: 290/532 MS: 2 ShuffleBytes-EraseBytes-
#45250427	REDUCE cov: 530 ft: 1561 corp: 477/54Kb lim: 65536 exec/s: 133877 rss: 188Mb L: 44/532 MS: 1 EraseBytes-
#45269478	REDUCE cov: 530 ft: 1561 corp: 477/54Kb lim: 65536 exec/s: 133933 rss: 188Mb L: 281/532 MS: 1 EraseBytes-
#45812703	REDUCE cov: 530 ft: 1561 corp: 477/54Kb lim: 65536 exec/s: 133955 rss: 188Mb L: 360/532 MS: 5 EraseBytes-InsertRepeatedBytes-ManualDict-ChangeByte-ChangeBit- DE: "DictID already exists, replacing rather than adding"-
#45822336	REDUCE cov: 530 ft: 1561 corp: 477/54Kb lim: 65536 exec/s: 133983 rss: 188Mb L: 321/532 MS: 3 InsertRepeatedBytes-EraseBytes-InsertRepeatedBytes-
#45826231	REDUCE cov: 530 ft: 1561 corp: 477/54Kb lim: 65536 exec/s: 133994 rss: 188Mb L: 308/532 MS: 5 ManualDict-CrossOver-PersAutoDict-ChangeBit-EraseBytes- DE: "Bad sequence copy"-"can only set params in cctx init stage"-
#45899242	REDUCE cov: 530 ft: 1561 corp: 477/54Kb lim: 65536 exec/s: 133817 rss: 188Mb L: 277/532 MS: 1 EraseBytes-
#45899257	REDUCE cov: 530 ft: 1561 corp: 477/54Kb lim: 65536 exec/s: 133817 rss: 188Mb L: 311/532 MS: 5 CrossOver-CMP-ShuffleBytes-EraseBytes-ManualDict- DE: "\021\000"-"Corrupted frame header!"-
#46167602	REDUCE cov: 530 ft: 1561 corp: 477/54Kb lim: 65536 exec/s: 133819 rss: 188Mb L: 307/532 MS: 5 ChangeByte-ChangeBinInt-ChangeByte-EraseBytes-CopyPart-
#46246034	REDUCE cov: 530 ft: 1561 corp: 477/54Kb lim: 65536 exec/s: 134046 rss: 188Mb L: 19/532 MS: 2 EraseBytes-ChangeBit-
#46384605	REDUCE cov: 530 ft: 1561 corp: 477/54Kb lim: 65536 exec/s: 134059 rss: 188Mb L: 300/532 MS: 1 EraseBytes-
#46403831	REDUCE cov: 530 ft: 1561 corp: 477/54Kb lim: 65536 exec/s: 133728 rss: 188Mb L: 33/532 MS: 1 EraseBytes-
#46473652	REDUCE cov: 530 ft: 1561 corp: 477/54Kb lim: 65536 exec/s: 133929 rss: 188Mb L: 288/532 MS: 1 EraseBytes-
#46495279	REDUCE cov: 530 ft: 1561 corp: 477/54Kb lim: 65536 exec/s: 133992 rss: 188Mb L: 276/532 MS: 2 ChangeBit-EraseBytes-
#46553026	REDUCE cov: 530 ft: 1561 corp: 477/54Kb lim: 65536 exec/s: 133773 rss: 188Mb L: 19/532 MS: 2 PersAutoDict-EraseBytes- DE: "\000\034"-
#46638746	REDUCE cov: 530 ft: 1561 corp: 477/54Kb lim: 65536 exec/s: 134019 rss: 188Mb L: 502/532 MS: 5 PersAutoDict-InsertByte-InsertRepeatedBytes-InsertByte-EraseBytes- DE: "\013\000"-
#46648277	REDUCE cov: 530 ft: 1561 corp: 477/54Kb lim: 65536 exec/s: 134046 rss: 188Mb L: 398/532 MS: 1 EraseBytes-
#46673892	REDUCE cov: 530 ft: 1561 corp: 477/54Kb lim: 65536 exec/s: 133736 rss: 188Mb L: 388/532 MS: 5 CMP-ShuffleBytes-PersAutoDict-ChangeBit-EraseBytes- DE: "\377\377\377\377\377\377\377\004"-")\000"-
#46839528	REDUCE cov: 530 ft: 1561 corp: 477/54Kb lim: 65536 exec/s: 133827 rss: 188Mb L: 18/532 MS: 1 EraseBytes-
#46866574	REDUCE cov: 530 ft: 1565 corp: 478/54Kb lim: 65536 exec/s: 133904 rss: 188Mb L: 88/532 MS: 1 CopyPart-
#46876266	REDUCE cov: 530 ft: 1565 corp: 478/54Kb lim: 65536 exec/s: 133932 rss: 188Mb L: 383/532 MS: 2 CrossOver-EraseBytes-
#47084927	REDUCE cov: 530 ft: 1565 corp: 478/54Kb lim: 65536 exec/s: 133763 rss: 188Mb L: 376/532 MS: 1 EraseBytes-
#47540418	NEW    cov: 530 ft: 1569 corp: 479/54Kb lim: 65536 exec/s: 133916 rss: 188Mb L: 176/532 MS: 1 CopyPart-
#48180010	REDUCE cov: 530 ft: 1569 corp: 479/54Kb lim: 65536 exec/s: 134206 rss: 188Mb L: 29/532 MS: 2 EraseBytes-ChangeBit-
#48233961	REDUCE cov: 530 ft: 1569 corp: 479/54Kb lim: 65536 exec/s: 133983 rss: 188Mb L: 375/532 MS: 1 EraseBytes-
#48423617	REDUCE cov: 530 ft: 1569 corp: 479/54Kb lim: 65536 exec/s: 134137 rss: 188Mb L: 180/532 MS: 1 EraseBytes-
#48600994	REDUCE cov: 530 ft: 1569 corp: 479/54Kb lim: 65536 exec/s: 134256 rss: 188Mb L: 19/532 MS: 2 ChangeBit-EraseBytes-
#48721261	REDUCE cov: 530 ft: 1569 corp: 479/54Kb lim: 65536 exec/s: 134218 rss: 188Mb L: 11/532 MS: 2 EraseBytes-ShuffleBytes-
#48726045	REDUCE cov: 530 ft: 1569 corp: 479/54Kb lim: 65536 exec/s: 134231 rss: 188Mb L: 262/532 MS: 4 EraseBytes-ChangeByte-EraseBytes-ChangeBinInt-
#48731903	REDUCE cov: 530 ft: 1569 corp: 479/54Kb lim: 65536 exec/s: 134247 rss: 188Mb L: 214/532 MS: 3 ChangeByte-ShuffleBytes-EraseBytes-
#48827963	REDUCE cov: 530 ft: 1569 corp: 479/54Kb lim: 65536 exec/s: 134142 rss: 188Mb L: 236/532 MS: 5 InsertRepeatedBytes-InsertByte-EraseBytes-ChangeBit-ChangeBit-
#48872095	REDUCE cov: 530 ft: 1569 corp: 479/54Kb lim: 65536 exec/s: 134263 rss: 188Mb L: 374/532 MS: 2 PersAutoDict-EraseBytes- DE: "\000\000\000\024"-
#48964227	REDUCE cov: 530 ft: 1569 corp: 479/54Kb lim: 65536 exec/s: 134148 rss: 188Mb L: 191/532 MS: 2 CMP-EraseBytes- DE: "\377\377\377#"-
#49094472	REDUCE cov: 530 ft: 1569 corp: 479/54Kb lim: 65536 exec/s: 134137 rss: 188Mb L: 212/532 MS: 5 InsertByte-EraseBytes-ManualDict-InsertByte-InsertByte- DE: "Context should be init first"-
#50310739	REDUCE cov: 530 ft: 1569 corp: 479/54Kb lim: 65536 exec/s: 134520 rss: 188Mb L: 182/532 MS: 2 EraseBytes-ManualDict- DE: "ZSTD_decompressSequencesSplitLitBuffer"-
#50631057	REDUCE cov: 530 ft: 1569 corp: 479/54Kb lim: 65536 exec/s: 134299 rss: 188Mb L: 19/532 MS: 3 CopyPart-InsertByte-EraseBytes-
#50697323	REDUCE cov: 530 ft: 1569 corp: 479/54Kb lim: 65536 exec/s: 134475 rss: 188Mb L: 180/532 MS: 1 EraseBytes-
#50847262	REDUCE cov: 530 ft: 1569 corp: 479/54Kb lim: 65536 exec/s: 134516 rss: 188Mb L: 134/532 MS: 4 CrossOver-ChangeBinInt-CopyPart-EraseBytes-
#51051925	REDUCE cov: 530 ft: 1570 corp: 480/54Kb lim: 65536 exec/s: 134347 rss: 188Mb L: 198/532 MS: 3 CopyPart-InsertRepeatedBytes-ChangeBinInt-
#51052886	NEW    cov: 530 ft: 1571 corp: 481/54Kb lim: 65536 exec/s: 134349 rss: 188Mb L: 320/532 MS: 1 CopyPart-
#51052962	REDUCE cov: 530 ft: 1571 corp: 481/54Kb lim: 65536 exec/s: 134349 rss: 188Mb L: 309/532 MS: 1 EraseBytes-
#51053333	REDUCE cov: 530 ft: 1571 corp: 481/54Kb lim: 65536 exec/s: 134350 rss: 188Mb L: 213/532 MS: 1 EraseBytes-
#51054204	REDUCE cov: 530 ft: 1571 corp: 481/54Kb lim: 65536 exec/s: 134353 rss: 188Mb L: 183/532 MS: 1 EraseBytes-
#51054908	REDUCE cov: 530 ft: 1571 corp: 481/54Kb lim: 65536 exec/s: 134355 rss: 188Mb L: 197/532 MS: 4 InsertByte-InsertRepeatedBytes-ChangeBinInt-EraseBytes-
#51057810	REDUCE cov: 530 ft: 1571 corp: 481/54Kb lim: 65536 exec/s: 134362 rss: 188Mb L: 181/532 MS: 2 ChangeBit-EraseBytes-
#51122306	REDUCE cov: 530 ft: 1571 corp: 481/54Kb lim: 65536 exec/s: 134532 rss: 188Mb L: 180/532 MS: 1 EraseBytes-
#51139314	REDUCE cov: 530 ft: 1571 corp: 481/54Kb lim: 65536 exec/s: 134577 rss: 188Mb L: 180/532 MS: 3 ManualDict-ChangeBit-EraseBytes- DE: "Corrupted frame header!"-
#51749319	REDUCE cov: 530 ft: 1571 corp: 481/54Kb lim: 65536 exec/s: 134413 rss: 188Mb L: 354/532 MS: 5 ChangeBit-ChangeByte-ChangeBinInt-EraseBytes-ChangeBinInt-
#51782872	REDUCE cov: 530 ft: 1571 corp: 481/54Kb lim: 65536 exec/s: 134500 rss: 188Mb L: 319/532 MS: 3 CopyPart-ChangeBit-EraseBytes-
#51831230	REDUCE cov: 530 ft: 1571 corp: 481/54Kb lim: 65536 exec/s: 134626 rss: 188Mb L: 482/532 MS: 3 EraseBytes-CrossOver-ChangeBinInt-
#51849531	REDUCE cov: 530 ft: 1571 corp: 481/54Kb lim: 65536 exec/s: 134674 rss: 188Mb L: 314/532 MS: 1 EraseBytes-
#51857199	REDUCE cov: 530 ft: 1571 corp: 481/54Kb lim: 65536 exec/s: 134694 rss: 188Mb L: 309/532 MS: 3 ManualDict-ChangeBit-EraseBytes- DE: "missing init (ZSTD_compressBegin)"-
#51868605	REDUCE cov: 530 ft: 1571 corp: 481/54Kb lim: 65536 exec/s: 134723 rss: 188Mb L: 373/532 MS: 1 EraseBytes-
#51964697	REDUCE cov: 530 ft: 1571 corp: 481/54Kb lim: 65536 exec/s: 134623 rss: 188Mb L: 318/532 MS: 2 ManualDict-EraseBytes- DE: "reserving table space"-
#51968968	REDUCE cov: 530 ft: 1571 corp: 481/54Kb lim: 65536 exec/s: 134634 rss: 188Mb L: 316/532 MS: 1 EraseBytes-
#52006897	REDUCE cov: 530 ft: 1571 corp: 481/54Kb lim: 65536 exec/s: 134732 rss: 188Mb L: 308/532 MS: 4 ShuffleBytes-ChangeByte-InsertByte-EraseBytes-
#52033748	REDUCE cov: 530 ft: 1571 corp: 481/54Kb lim: 65536 exec/s: 134454 rss: 188Mb L: 297/532 MS: 1 EraseBytes-
#52096497	REDUCE cov: 530 ft: 1571 corp: 481/54Kb lim: 65536 exec/s: 134616 rss: 188Mb L: 291/532 MS: 4 PersAutoDict-ShuffleBytes-PersAutoDict-EraseBytes- DE: "ZSTD_decompressSequencesLong"-"\377\377\377\377\377\377\377\365"-
#52140731	REDUCE cov: 530 ft: 1571 corp: 481/54Kb lim: 65536 exec/s: 134730 rss: 188Mb L: 273/532 MS: 4 PersAutoDict-ChangeBit-CopyPart-EraseBytes- DE: "\000\376"-
#52214010	REDUCE cov: 530 ft: 1571 corp: 481/54Kb lim: 65536 exec/s: 134572 rss: 188Mb L: 266/532 MS: 4 PersAutoDict-ChangeBinInt-CrossOver-EraseBytes- DE: "wait for serialState->cond"-
#52423099	REDUCE cov: 530 ft: 1571 corp: 481/54Kb lim: 65536 exec/s: 134763 rss: 188Mb L: 19/532 MS: 4 CopyPart-EraseBytes-ChangeBit-ChangeBit-
#52549706	REDUCE cov: 530 ft: 1571 corp: 481/54Kb lim: 65536 exec/s: 134742 rss: 188Mb L: 265/532 MS: 2 ChangeByte-EraseBytes-
#52595939	REDUCE cov: 530 ft: 1571 corp: 481/54Kb lim: 65536 exec/s: 134516 rss: 188Mb L: 367/532 MS: 3 ChangeBit-CrossOver-EraseBytes-
#52613905	REDUCE cov: 530 ft: 1571 corp: 481/54Kb lim: 65536 exec/s: 134562 rss: 188Mb L: 366/532 MS: 1 EraseBytes-
#52657914	REDUCE cov: 530 ft: 1571 corp: 481/54Kb lim: 65536 exec/s: 134674 rss: 188Mb L: 372/532 MS: 4 InsertByte-CMP-PersAutoDict-EraseBytes- DE: "\001\017"-"External sequences imply too large a block!"-
#52659050	REDUCE cov: 530 ft: 1571 corp: 481/54Kb lim: 65536 exec/s: 134677 rss: 188Mb L: 256/532 MS: 1 EraseBytes-
#52660525	REDUCE cov: 530 ft: 1571 corp: 481/54Kb lim: 65536 exec/s: 134681 rss: 188Mb L: 246/532 MS: 5 ChangeBinInt-InsertRepeatedBytes-EraseBytes-EraseBytes-EraseBytes-
#52856375	REDUCE cov: 530 ft: 1571 corp: 481/54Kb lim: 65536 exec/s: 134837 rss: 188Mb L: 474/532 MS: 5 ManualDict-PersAutoDict-InsertByte-InsertByte-EraseBytes- DE: "ZSTD_buildCTable for Offsets failed"-"\013\000"-
#52884751	REDUCE cov: 530 ft: 1571 corp: 481/54Kb lim: 65536 exec/s: 134566 rss: 188Mb L: 421/532 MS: 1 EraseBytes-
#52920108	REDUCE cov: 530 ft: 1571 corp: 481/54Kb lim: 65536 exec/s: 134656 rss: 188Mb L: 245/532 MS: 2 PersAutoDict-EraseBytes- DE: "ZSTD_buildCTable for Offsets failed"-
#53010652	REDUCE cov: 530 ft: 1571 corp: 481/54Kb lim: 65536 exec/s: 134544 rss: 188Mb L: 410/532 MS: 4 InsertByte-CopyPart-EraseBytes-CopyPart-
#53052519	REDUCE cov: 530 ft: 1571 corp: 481/54Kb lim: 65536 exec/s: 134651 rss: 188Mb L: 377/532 MS: 2 EraseBytes-InsertRepeatedBytes-
#53087380	REDUCE cov: 530 ft: 1571 corp: 481/54Kb lim: 65536 exec/s: 134739 rss: 188Mb L: 365/532 MS: 1 EraseBytes-
#53209731	REDUCE cov: 530 ft: 1571 corp: 481/54Kb lim: 65536 exec/s: 134708 rss: 188Mb L: 364/532 MS: 1 EraseBytes-
#53541435	REDUCE cov: 530 ft: 1571 corp: 481/54Kb lim: 65536 exec/s: 134865 rss: 188Mb L: 361/532 MS: 4 PersAutoDict-EraseBytes-ManualDict-ChangeBit- DE: "\376\377\377\377\377\377\377\211"-"Selected set_repeat"-
#53640647	REDUCE cov: 530 ft: 1571 corp: 481/54Kb lim: 65536 exec/s: 134775 rss: 188Mb L: 345/532 MS: 2 EraseBytes-CrossOver-
#53801091	REDUCE cov: 530 ft: 1571 corp: 481/54Kb lim: 65536 exec/s: 134839 rss: 188Mb L: 342/532 MS: 4 ShuffleBytes-ChangeByte-ChangeBinInt-EraseBytes-
#54176063	REDUCE cov: 530 ft: 1571 corp: 481/54Kb lim: 65536 exec/s: 134766 rss: 188Mb L: 375/532 MS: 2 ChangeBit-EraseBytes-
#54480951	REDUCE cov: 530 ft: 1571 corp: 481/54Kb lim: 65536 exec/s: 134853 rss: 188Mb L: 340/532 MS: 3 ChangeBit-CrossOver-EraseBytes-
#54807292	REDUCE cov: 530 ft: 1571 corp: 481/54Kb lim: 65536 exec/s: 134993 rss: 188Mb L: 374/532 MS: 1 EraseBytes-
#55182154	REDUCE cov: 530 ft: 1571 corp: 481/54Kb lim: 65536 exec/s: 134919 rss: 188Mb L: 244/532 MS: 2 CMP-EraseBytes- DE: "\377\377\377\377\377\377\000\027"-
#55214824	REDUCE cov: 530 ft: 1571 corp: 481/54Kb lim: 65536 exec/s: 134999 rss: 188Mb L: 50/532 MS: 5 ChangeByte-ChangeByte-ChangeByte-ChangeByte-EraseBytes-
#55725558	REDUCE cov: 530 ft: 1575 corp: 482/54Kb lim: 65536 exec/s: 134928 rss: 188Mb L: 390/532 MS: 4 CrossOver-ManualDict-ChangeBinInt-CopyPart- DE: "Matchlength too small for the minMatch"-
#55725884	REDUCE cov: 530 ft: 1575 corp: 482/54Kb lim: 65536 exec/s: 134929 rss: 188Mb L: 309/532 MS: 1 EraseBytes-
#55728935	REDUCE cov: 530 ft: 1575 corp: 482/54Kb lim: 65536 exec/s: 134936 rss: 188Mb L: 291/532 MS: 1 EraseBytes-
#55731787	REDUCE cov: 530 ft: 1575 corp: 482/54Kb lim: 65536 exec/s: 134943 rss: 188Mb L: 229/532 MS: 2 CMP-EraseBytes- DE: "\000\000\000\000\000\000\001\242"-
#55790678	REDUCE cov: 530 ft: 1575 corp: 482/54Kb lim: 65536 exec/s: 135086 rss: 188Mb L: 217/532 MS: 1 EraseBytes-
#56328509	REDUCE cov: 530 ft: 1575 corp: 482/54Kb lim: 65536 exec/s: 135080 rss: 188Mb L: 215/532 MS: 1 EraseBytes-
#57286697	REDUCE cov: 530 ft: 1575 corp: 482/54Kb lim: 65536 exec/s: 135110 rss: 188Mb L: 173/532 MS: 3 ChangeASCIIInt-EraseBytes-ChangeBit-
#57363258	REDUCE cov: 530 ft: 1575 corp: 482/54Kb lim: 65536 exec/s: 135290 rss: 188Mb L: 373/532 MS: 1 EraseBytes-
#57376777	REDUCE cov: 530 ft: 1575 corp: 482/54Kb lim: 65536 exec/s: 135322 rss: 188Mb L: 172/532 MS: 4 ShuffleBytes-CrossOver-ManualDict-CrossOver- DE: "ZSTDMT_releaseBuffer"-
#57381335	REDUCE cov: 530 ft: 1575 corp: 482/54Kb lim: 65536 exec/s: 135014 rss: 188Mb L: 19/532 MS: 3 ChangeBit-ChangeBinInt-EraseBytes-
#57741069	REDUCE cov: 530 ft: 1575 corp: 482/54Kb lim: 65536 exec/s: 135224 rss: 188Mb L: 364/532 MS: 4 EraseBytes-ChangeBinInt-ChangeBinInt-ChangeBinInt-
#57822929	REDUCE cov: 530 ft: 1575 corp: 482/54Kb lim: 65536 exec/s: 135100 rss: 188Mb L: 330/532 MS: 5 ChangeBit-ShuffleBytes-ChangeBinInt-InsertByte-EraseBytes-
#57823936	REDUCE cov: 530 ft: 1575 corp: 482/54Kb lim: 65536 exec/s: 135102 rss: 188Mb L: 311/532 MS: 2 InsertByte-EraseBytes-
#57837187	REDUCE cov: 530 ft: 1575 corp: 482/54Kb lim: 65536 exec/s: 135133 rss: 188Mb L: 73/532 MS: 1 EraseBytes-
#57898162	REDUCE cov: 530 ft: 1575 corp: 482/54Kb lim: 65536 exec/s: 135276 rss: 188Mb L: 437/532 MS: 5 CrossOver-InsertByte-PersAutoDict-PersAutoDict-EraseBytes- DE: "\013\000"-"DictID already exists, replacing rather than adding"-
#57902769	REDUCE cov: 530 ft: 1575 corp: 482/54Kb lim: 65536 exec/s: 135286 rss: 188Mb L: 411/532 MS: 2 ChangeBit-EraseBytes-
#58050046	REDUCE cov: 530 ft: 1575 corp: 482/54Kb lim: 65536 exec/s: 135314 rss: 188Mb L: 397/532 MS: 2 InsertRepeatedBytes-EraseBytes-
#58099827	REDUCE cov: 530 ft: 1575 corp: 482/54Kb lim: 65536 exec/s: 135115 rss: 188Mb L: 214/532 MS: 1 EraseBytes-
#58232934	REDUCE cov: 530 ft: 1575 corp: 482/54Kb lim: 65536 exec/s: 135111 rss: 188Mb L: 72/532 MS: 2 ChangeBit-EraseBytes-
#58242204	NEW    cov: 530 ft: 1579 corp: 483/54Kb lim: 65536 exec/s: 135132 rss: 188Mb L: 773/773 MS: 5 CrossOver-InsertRepeatedBytes-ChangeByte-InsertRepeatedBytes-CrossOver-
#58242545	REDUCE cov: 530 ft: 1579 corp: 483/54Kb lim: 65536 exec/s: 135133 rss: 188Mb L: 464/532 MS: 1 EraseBytes-
#58246866	REDUCE cov: 530 ft: 1579 corp: 483/54Kb lim: 65536 exec/s: 135143 rss: 188Mb L: 361/532 MS: 1 EraseBytes-
#58295680	REDUCE cov: 530 ft: 1579 corp: 483/54Kb lim: 65536 exec/s: 135256 rss: 188Mb L: 378/532 MS: 4 ShuffleBytes-InsertByte-ManualDict-EraseBytes- DE: "dstBuffer released"-
#58364673	REDUCE cov: 530 ft: 1579 corp: 483/54Kb lim: 65536 exec/s: 135103 rss: 188Mb L: 377/532 MS: 3 EraseBytes-ChangeBit-InsertRepeatedBytes-
#58401984	REDUCE cov: 530 ft: 1579 corp: 483/54Kb lim: 65536 exec/s: 135189 rss: 188Mb L: 376/532 MS: 1 EraseBytes-
#58639865	REDUCE cov: 530 ft: 1579 corp: 483/54Kb lim: 65536 exec/s: 135114 rss: 188Mb L: 211/532 MS: 1 EraseBytes-
#59076417	REDUCE cov: 530 ft: 1579 corp: 483/54Kb lim: 65536 exec/s: 135186 rss: 188Mb L: 49/532 MS: 2 ChangeByte-EraseBytes-
#59174553	REDUCE cov: 530 ft: 1579 corp: 483/54Kb lim: 65536 exec/s: 135410 rss: 188Mb L: 208/532 MS: 1 EraseBytes-
#59530292	REDUCE cov: 530 ft: 1579 corp: 483/54Kb lim: 65536 exec/s: 135296 rss: 188Mb L: 373/532 MS: 4 EraseBytes-CrossOver-CrossOver-InsertRepeatedBytes-
#59884784	REDUCE cov: 530 ft: 1579 corp: 483/54Kb lim: 65536 exec/s: 135485 rss: 188Mb L: 414/532 MS: 2 EraseBytes-PersAutoDict- DE: "\013\000"-
#59894315	REDUCE cov: 530 ft: 1579 corp: 483/54Kb lim: 65536 exec/s: 135507 rss: 188Mb L: 386/532 MS: 1 EraseBytes-
#60024705	REDUCE cov: 530 ft: 1579 corp: 483/54Kb lim: 65536 exec/s: 135495 rss: 188Mb L: 384/532 MS: 5 ChangeByte-InsertByte-ChangeByte-InsertByte-EraseBytes-
#60038002	REDUCE cov: 530 ft: 1579 corp: 483/54Kb lim: 65536 exec/s: 135220 rss: 188Mb L: 18/532 MS: 2 EraseBytes-ChangeBinInt-
#60173879	REDUCE cov: 530 ft: 1579 corp: 483/54Kb lim: 65536 exec/s: 135526 rss: 188Mb L: 358/532 MS: 2 ChangeBinInt-EraseBytes-
#60352049	REDUCE cov: 530 ft: 1579 corp: 483/54Kb lim: 65536 exec/s: 135318 rss: 188Mb L: 382/532 MS: 5 CopyPart-EraseBytes-CMP-CopyPart-CopyPart- DE: "\025\000\000\000\000\000\000\000"-
#60380715	REDUCE cov: 530 ft: 1579 corp: 483/54Kb lim: 65536 exec/s: 135382 rss: 188Mb L: 377/532 MS: 1 EraseBytes-
#60802588	REDUCE cov: 530 ft: 1579 corp: 483/54Kb lim: 65536 exec/s: 135417 rss: 188Mb L: 372/532 MS: 3 ChangeBit-CMP-EraseBytes- DE: "\000@"-
#60963843	REDUCE cov: 530 ft: 1579 corp: 483/54Kb lim: 65536 exec/s: 135475 rss: 188Mb L: 373/532 MS: 5 ManualDict-CrossOver-ChangeByte-CopyPart-EraseBytes- DE: "ZSTD_entropyCompressSeqStore_internal failed"-
#61410210	REDUCE cov: 530 ft: 1579 corp: 483/54Kb lim: 65536 exec/s: 135563 rss: 188Mb L: 19/532 MS: 2 ShuffleBytes-EraseBytes-
#61651034	REDUCE cov: 530 ft: 1579 corp: 483/54Kb lim: 65536 exec/s: 135496 rss: 188Mb L: 374/532 MS: 4 ChangeBinInt-PersAutoDict-ManualDict-EraseBytes- DE: "ZSTD_compressBegin_usingCDict_internal"-"not enough dstCapacity to write a new compressed block"-
#61672979	REDUCE cov: 530 ft: 1579 corp: 483/54Kb lim: 65536 exec/s: 135545 rss: 188Mb L: 504/532 MS: 5 InsertRepeatedBytes-EraseBytes-CopyPart-CopyPart-PersAutoDict- DE: "\013\000"-
#61675502	REDUCE cov: 530 ft: 1579 corp: 483/54Kb lim: 65536 exec/s: 135550 rss: 188Mb L: 423/532 MS: 3 CMP-ManualDict-EraseBytes- DE: "\3772"-"search depth 1"-
#61880618	REDUCE cov: 530 ft: 1579 corp: 483/54Kb lim: 65536 exec/s: 135406 rss: 188Mb L: 420/532 MS: 1 EraseBytes-
#62128616	REDUCE cov: 530 ft: 1579 corp: 483/53Kb lim: 65536 exec/s: 135652 rss: 188Mb L: 157/532 MS: 3 InsertByte-ChangeBinInt-EraseBytes-
#62154863	REDUCE cov: 530 ft: 1579 corp: 483/53Kb lim: 65536 exec/s: 135413 rss: 188Mb L: 155/532 MS: 2 ChangeBinInt-EraseBytes-
#62294289	REDUCE cov: 530 ft: 1579 corp: 483/53Kb lim: 65536 exec/s: 135422 rss: 188Mb L: 154/532 MS: 1 EraseBytes-
#62299289	REDUCE cov: 530 ft: 1579 corp: 483/53Kb lim: 65536 exec/s: 135433 rss: 188Mb L: 388/532 MS: 5 ChangeByte-ChangeBinInt-ChangeASCIIInt-ChangeBinInt-EraseBytes-
#62318755	REDUCE cov: 530 ft: 1579 corp: 483/53Kb lim: 65536 exec/s: 135475 rss: 188Mb L: 148/532 MS: 1 EraseBytes-
#62447904	REDUCE cov: 530 ft: 1579 corp: 483/53Kb lim: 65536 exec/s: 135461 rss: 188Mb L: 385/532 MS: 4 EraseBytes-PersAutoDict-PersAutoDict-CopyPart- DE: "Matchlength too small for the minMatch"-"ZSTD_buildBlockEntropyStats_literals failed"-
#62485076	REDUCE cov: 530 ft: 1579 corp: 483/53Kb lim: 65536 exec/s: 135542 rss: 188Mb L: 310/532 MS: 2 CopyPart-EraseBytes-
#62546827	REDUCE cov: 530 ft: 1579 corp: 483/53Kb lim: 65536 exec/s: 135382 rss: 188Mb L: 373/532 MS: 1 EraseBytes-
#63029092	REDUCE cov: 530 ft: 1579 corp: 483/53Kb lim: 65536 exec/s: 135546 rss: 188Mb L: 372/532 MS: 5 EraseBytes-InsertByte-CopyPart-ManualDict-InsertByte- DE: "Selected set_basic"-
#63085877	REDUCE cov: 530 ft: 1579 corp: 483/53Kb lim: 65536 exec/s: 135668 rss: 188Mb L: 381/532 MS: 5 ChangeASCIIInt-InsertByte-CopyPart-EraseBytes-CrossOver-
#63438602	REDUCE cov: 530 ft: 1579 corp: 483/53Kb lim: 65536 exec/s: 135552 rss: 188Mb L: 380/532 MS: 5 CrossOver-InsertByte-ManualDict-EraseBytes-CrossOver- DE: "ZSTD_buildEntropyStatisticsAndEstimateSubBlockSize()"-
#63667534	REDUCE cov: 530 ft: 1579 corp: 483/53Kb lim: 65536 exec/s: 135751 rss: 188Mb L: 19/532 MS: 2 EraseBytes-ChangeByte-
#63792108	REDUCE cov: 530 ft: 1579 corp: 483/53Kb lim: 65536 exec/s: 135727 rss: 188Mb L: 22/532 MS: 4 ChangeByte-CMP-CMP-EraseBytes- DE: "\267\377\377\377\377\377\377\377"-"\007\000\000\000\000\000\000\000"-
#63908975	REDUCE cov: 530 ft: 1579 corp: 483/53Kb lim: 65536 exec/s: 135687 rss: 188Mb L: 378/532 MS: 2 EraseBytes-ManualDict- DE: "sequences define a frame longer than source"-
#64054507	REDUCE cov: 530 ft: 1579 corp: 483/53Kb lim: 65536 exec/s: 135708 rss: 188Mb L: 375/532 MS: 2 EraseBytes-PersAutoDict- DE: "ZSTD_compressBlock_fast_dictMatchState_generic"-
#64117678	REDUCE cov: 530 ft: 1579 corp: 483/53Kb lim: 65536 exec/s: 135555 rss: 188Mb L: 21/532 MS: 1 EraseBytes-
#64211716	REDUCE cov: 530 ft: 1579 corp: 483/53Kb lim: 65536 exec/s: 135754 rss: 188Mb L: 339/532 MS: 3 ChangeBit-ChangeBit-EraseBytes-
#64217240	REDUCE cov: 530 ft: 1579 corp: 483/53Kb lim: 65536 exec/s: 135765 rss: 188Mb L: 331/532 MS: 4 ChangeBinInt-ChangeBinInt-ChangeBit-EraseBytes-
#64337453	REDUCE cov: 530 ft: 1579 corp: 483/53Kb lim: 65536 exec/s: 135733 rss: 188Mb L: 311/532 MS: 3 CrossOver-ManualDict-EraseBytes- DE: "stage zdss_init => transparent reset "-
#64701306	REDUCE cov: 530 ft: 1579 corp: 483/53Kb lim: 65536 exec/s: 135642 rss: 188Mb L: 374/532 MS: 3 ChangeBinInt-EraseBytes-ManualDict- DE: "Allocation error : not enough memory"-
#64927929	REDUCE cov: 530 ft: 1579 corp: 483/53Kb lim: 65536 exec/s: 135548 rss: 188Mb L: 373/532 MS: 3 ChangeASCIIInt-EraseBytes-InsertRepeatedBytes-
#65428886	REDUCE cov: 530 ft: 1579 corp: 483/53Kb lim: 65536 exec/s: 135744 rss: 188Mb L: 12/532 MS: 2 ChangeASCIIInt-EraseBytes-
#65472783	REDUCE cov: 530 ft: 1579 corp: 483/53Kb lim: 65536 exec/s: 135835 rss: 188Mb L: 19/532 MS: 2 ShuffleBytes-EraseBytes-
#65542882	REDUCE cov: 530 ft: 1579 corp: 483/53Kb lim: 65536 exec/s: 135699 rss: 188Mb L: 308/532 MS: 4 EraseBytes-ChangeBinInt-ChangeBit-InsertByte-
#65825924	REDUCE cov: 530 ft: 1579 corp: 483/53Kb lim: 65536 exec/s: 135723 rss: 188Mb L: 372/532 MS: 2 ManualDict-EraseBytes- DE: "set_basic - no gain"-
#65937957	REDUCE cov: 530 ft: 1579 corp: 483/53Kb lim: 65536 exec/s: 135674 rss: 188Mb L: 272/532 MS: 3 ChangeByte-ChangeBit-EraseBytes-
#66051448	REDUCE cov: 530 ft: 1579 corp: 483/53Kb lim: 65536 exec/s: 135629 rss: 188Mb L: 45/532 MS: 1 EraseBytes-
#66097951	REDUCE cov: 530 ft: 1579 corp: 483/53Kb lim: 65536 exec/s: 135724 rss: 188Mb L: 13/532 MS: 3 CopyPart-InsertByte-EraseBytes-
#66147903	REDUCE cov: 530 ft: 1579 corp: 483/53Kb lim: 65536 exec/s: 135827 rss: 188Mb L: 309/532 MS: 2 ChangeBinInt-EraseBytes-
#66252655	REDUCE cov: 530 ft: 1579 corp: 483/53Kb lim: 65536 exec/s: 135763 rss: 188Mb L: 20/532 MS: 2 ChangeBit-EraseBytes-
#66751449	REDUCE cov: 530 ft: 1579 corp: 483/53Kb lim: 65536 exec/s: 135673 rss: 188Mb L: 270/532 MS: 4 CrossOver-ChangeBinInt-ChangeBinInt-EraseBytes-
#67082393	REDUCE cov: 530 ft: 1579 corp: 483/53Kb lim: 65536 exec/s: 135794 rss: 188Mb L: 15/532 MS: 4 EraseBytes-InsertByte-ChangeByte-EraseBytes-
#67108864	pulse  cov: 530 ft: 1579 corp: 483/53Kb lim: 65536 exec/s: 135847 rss: 188Mb
#67402266	REDUCE cov: 530 ft: 1579 corp: 483/53Kb lim: 65536 exec/s: 135891 rss: 188Mb L: 268/532 MS: 3 ChangeBit-CrossOver-EraseBytes-
#67420186	REDUCE cov: 530 ft: 1579 corp: 483/53Kb lim: 65536 exec/s: 135927 rss: 188Mb L: 501/532 MS: 5 ChangeBinInt-ShuffleBytes-PersAutoDict-ShuffleBytes-EraseBytes- DE: "\377\377\377\377\377\377\377\011"-
#67689304	REDUCE cov: 530 ft: 1579 corp: 483/53Kb lim: 65536 exec/s: 135922 rss: 188Mb L: 399/532 MS: 3 CopyPart-EraseBytes-PersAutoDict- DE: "\013\000"-
#67744802	REDUCE cov: 530 ft: 1579 corp: 483/53Kb lim: 65536 exec/s: 135761 rss: 188Mb L: 372/532 MS: 3 ShuffleBytes-PersAutoDict-EraseBytes- DE: "ZSTD_compressBlock_targetCBlockSize_body failed"-
#68307368	REDUCE cov: 530 ft: 1579 corp: 483/53Kb lim: 65536 exec/s: 135799 rss: 188Mb L: 372/532 MS: 1 EraseBytes-
#68502902	REDUCE cov: 530 ft: 1579 corp: 483/53Kb lim: 65536 exec/s: 135918 rss: 188Mb L: 372/532 MS: 4 EraseBytes-PersAutoDict-ChangeBinInt-PersAutoDict- DE: "k\000\000\000\000\000\000\000"-"not an end of match"-
#68629979	REDUCE cov: 530 ft: 1579 corp: 483/53Kb lim: 65536 exec/s: 135900 rss: 188Mb L: 19/532 MS: 2 EraseBytes-ChangeBit-
#68793211	REDUCE cov: 530 ft: 1579 corp: 483/53Kb lim: 65536 exec/s: 135954 rss: 188Mb L: 500/532 MS: 2 InsertByte-EraseBytes-
#68965443	REDUCE cov: 530 ft: 1579 corp: 483/53Kb lim: 65536 exec/s: 136026 rss: 188Mb L: 308/532 MS: 2 ChangeBit-EraseBytes-
#69024711	REDUCE cov: 530 ft: 1579 corp: 483/53Kb lim: 65536 exec/s: 135875 rss: 188Mb L: 366/532 MS: 3 ChangeBinInt-ShuffleBytes-EraseBytes-
#69082362	REDUCE cov: 530 ft: 1579 corp: 483/53Kb lim: 65536 exec/s: 135988 rss: 188Mb L: 273/532 MS: 1 EraseBytes-
#69168069	REDUCE cov: 530 ft: 1579 corp: 483/53Kb lim: 65536 exec/s: 135890 rss: 188Mb L: 217/532 MS: 2 PersAutoDict-EraseBytes- DE: "last match must fit within dstBuffer"-
#69295013	REDUCE cov: 530 ft: 1579 corp: 483/53Kb lim: 65536 exec/s: 135872 rss: 188Mb L: 372/532 MS: 4 PersAutoDict-ManualDict-ManualDict-EraseBytes- DE: "\003\000\000\000\000\000\000\000"-"skipping attaching empty dictionary"-"not enough space to store compressed block"-
#69382809	REDUCE cov: 530 ft: 1579 corp: 483/53Kb lim: 65536 exec/s: 136044 rss: 188Mb L: 192/532 MS: 1 EraseBytes-
#69735725	REDUCE cov: 530 ft: 1579 corp: 483/53Kb lim: 65536 exec/s: 135937 rss: 188Mb L: 14/532 MS: 1 EraseBytes-
#69825160	REDUCE cov: 530 ft: 1579 corp: 483/53Kb lim: 65536 exec/s: 135846 rss: 188Mb L: 425/532 MS: 5 ShuffleBytes-PersAutoDict-PersAutoDict-InsertRepeatedBytes-EraseBytes- DE: "\013\000"-"\000\000\000\000\000\000\000\304"-
#69973878	REDUCE cov: 530 ft: 1579 corp: 483/53Kb lim: 65536 exec/s: 135871 rss: 188Mb L: 182/532 MS: 3 ChangeBit-InsertByte-EraseBytes-
#69982459	REDUCE cov: 530 ft: 1579 corp: 483/53Kb lim: 65536 exec/s: 135888 rss: 188Mb L: 412/532 MS: 1 EraseBytes-
#70156389	REDUCE cov: 530 ft: 1579 corp: 483/53Kb lim: 65536 exec/s: 135961 rss: 188Mb L: 19/532 MS: 5 CopyPart-ChangeBit-EraseBytes-CopyPart-ChangeASCIIInt-
#70195180	REDUCE cov: 530 ft: 1579 corp: 483/53Kb lim: 65536 exec/s: 136037 rss: 188Mb L: 72/532 MS: 1 EraseBytes-
#70270209	REDUCE cov: 530 ft: 1579 corp: 483/53Kb lim: 65536 exec/s: 135919 rss: 188Mb L: 345/532 MS: 4 ChangeBinInt-PersAutoDict-EraseBytes-ChangeBinInt- DE: "\377\000\000\000"-
#70302574	REDUCE cov: 530 ft: 1579 corp: 483/53Kb lim: 65536 exec/s: 135981 rss: 188Mb L: 370/532 MS: 5 ChangeBinInt-ChangeBit-CMP-ShuffleBytes-EraseBytes- DE: "\004\000\000\000"-
#70313262	REDUCE cov: 530 ft: 1579 corp: 483/53Kb lim: 65536 exec/s: 136002 rss: 188Mb L: 392/532 MS: 3 CopyPart-ChangeByte-EraseBytes-
#70314820	REDUCE cov: 530 ft: 1579 corp: 483/53Kb lim: 65536 exec/s: 136005 rss: 188Mb L: 382/532 MS: 3 InsertRepeatedBytes-ManualDict-EraseBytes- DE: "ZSTD_decompressBegin_usingDDict"-
#70319977	REDUCE cov: 530 ft: 1579 corp: 483/53Kb lim: 65536 exec/s: 136015 rss: 188Mb L: 288/532 MS: 2 ShuffleBytes-EraseBytes-
#70388432	REDUCE cov: 530 ft: 1579 corp: 483/53Kb lim: 65536 exec/s: 135885 rss: 188Mb L: 375/532 MS: 5 InsertByte-EraseBytes-InsertRepeatedBytes-CrossOver-CMP- DE: "\000\000\000\000\000\000\000\304"-
#70443616	REDUCE cov: 530 ft: 1579 corp: 483/53Kb lim: 65536 exec/s: 135991 rss: 188Mb L: 287/532 MS: 4 InsertByte-InsertRepeatedBytes-ChangeBinInt-EraseBytes-
#70680964	REDUCE cov: 530 ft: 1579 corp: 483/52Kb lim: 65536 exec/s: 135924 rss: 188Mb L: 359/532 MS: 3 ShuffleBytes-InsertByte-EraseBytes-
#70697788	REDUCE cov: 530 ft: 1579 corp: 483/52Kb lim: 65536 exec/s: 135957 rss: 188Mb L: 286/532 MS: 4 ChangeBinInt-ChangeBinInt-PersAutoDict-EraseBytes- DE: "\021\000"-
#70733748	REDUCE cov: 530 ft: 1579 corp: 483/52Kb lim: 65536 exec/s: 136026 rss: 188Mb L: 280/532 MS: 5 EraseBytes-InsertRepeatedBytes-ChangeBinInt-ShuffleBytes-PersAutoDict- DE: "reusing statistics from previous huffman block"-
#70911272	REDUCE cov: 530 ft: 1579 corp: 483/52Kb lim: 65536 exec/s: 136106 rss: 188Mb L: 275/532 MS: 4 EraseBytes-ChangeBinInt-ChangeBinInt-ManualDict- DE: "shortcut to single-pass ZSTD_decompress_usingDDict()"-
#70973919	REDUCE cov: 530 ft: 1579 corp: 483/52Kb lim: 65536 exec/s: 135965 rss: 188Mb L: 277/532 MS: 2 InsertRepeatedBytes-EraseBytes-
#71151134	REDUCE cov: 530 ft: 1579 corp: 483/52Kb lim: 65536 exec/s: 136044 rss: 188Mb L: 303/532 MS: 5 ManualDict-InsertRepeatedBytes-ChangeByte-ChangeBinInt-EraseBytes- DE: "Literal entropy tables were never written"-
#71202797	REDUCE cov: 530 ft: 1579 corp: 483/52Kb lim: 65536 exec/s: 135883 rss: 188Mb L: 228/532 MS: 3 ShuffleBytes-ManualDict-EraseBytes- DE: "ZSTD_compressSubBlock failed"-
#71255819	REDUCE cov: 530 ft: 1579 corp: 483/52Kb lim: 65536 exec/s: 135984 rss: 188Mb L: 46/532 MS: 2 EraseBytes-ChangeByte-
#71264575	REDUCE cov: 530 ft: 1579 corp: 483/52Kb lim: 65536 exec/s: 136001 rss: 188Mb L: 357/532 MS: 1 EraseBytes-
#71310050	REDUCE cov: 530 ft: 1579 corp: 483/52Kb lim: 65536 exec/s: 136087 rss: 188Mb L: 223/532 MS: 5 EraseBytes-InsertByte-ChangeBit-ChangeBinInt-ChangeBinInt-
#71364110	REDUCE cov: 530 ft: 1579 corp: 483/52Kb lim: 65536 exec/s: 135931 rss: 188Mb L: 370/532 MS: 5 ManualDict-EraseBytes-ChangeBit-ChangeBit-PersAutoDict- DE: "Offset too large!"-"Sequence validation failed"-
#71377603	REDUCE cov: 530 ft: 1579 corp: 483/52Kb lim: 65536 exec/s: 135957 rss: 188Mb L: 215/532 MS: 3 EraseBytes-InsertRepeatedBytes-InsertRepeatedBytes-
#71438206	REDUCE cov: 530 ft: 1579 corp: 483/52Kb lim: 65536 exec/s: 136072 rss: 188Mb L: 19/532 MS: 3 ChangeByte-CrossOver-EraseBytes-
#71482776	REDUCE cov: 530 ft: 1579 corp: 483/52Kb lim: 65536 exec/s: 135898 rss: 188Mb L: 344/532 MS: 5 InsertRepeatedBytes-ChangeBinInt-ChangeByte-EraseBytes-CMP- DE: "^\000\000\000\000\000\000\000"-
#72230775	REDUCE cov: 530 ft: 1579 corp: 483/52Kb lim: 65536 exec/s: 136027 rss: 188Mb L: 181/532 MS: 4 PersAutoDict-PersAutoDict-ShuffleBytes-EraseBytes- DE: "skipping attaching empty dictionary"-"\377\377\377\364"-
#72231927	REDUCE cov: 530 ft: 1579 corp: 483/52Kb lim: 65536 exec/s: 136029 rss: 188Mb L: 19/532 MS: 2 EraseBytes-ChangeASCIIInt-
#72299126	REDUCE cov: 530 ft: 1579 corp: 483/52Kb lim: 65536 exec/s: 136156 rss: 188Mb L: 213/532 MS: 4 ChangeBinInt-ChangeByte-PersAutoDict-EraseBytes- DE: "static CCtx can't allocate for an internal copy of dictionary"-
#72383830	REDUCE cov: 530 ft: 1579 corp: 483/52Kb lim: 65536 exec/s: 136059 rss: 188Mb L: 19/532 MS: 4 ChangeBit-ShuffleBytes-ChangeByte-EraseBytes-
#72411692	REDUCE cov: 530 ft: 1579 corp: 483/52Kb lim: 65536 exec/s: 136112 rss: 188Mb L: 19/532 MS: 2 ChangeASCIIInt-EraseBytes-
#72454684	REDUCE cov: 530 ft: 1579 corp: 483/52Kb lim: 65536 exec/s: 136193 rss: 188Mb L: 23/532 MS: 2 ChangeBinInt-EraseBytes-
#72477603	REDUCE cov: 530 ft: 1579 corp: 483/52Kb lim: 65536 exec/s: 135980 rss: 188Mb L: 340/532 MS: 4 ChangeBinInt-EraseBytes-ChangeByte-InsertByte-
#72487287	REDUCE cov: 530 ft: 1579 corp: 483/52Kb lim: 65536 exec/s: 135998 rss: 188Mb L: 276/532 MS: 4 ChangeBinInt-EraseBytes-InsertRepeatedBytes-CMP- DE: "\001\000\000\000\000\000\000\005"-
#72745399	REDUCE cov: 530 ft: 1579 corp: 483/52Kb lim: 65536 exec/s: 135972 rss: 188Mb L: 45/532 MS: 2 ChangeByte-EraseBytes-
#73578348	REDUCE cov: 530 ft: 1579 corp: 483/52Kb lim: 65536 exec/s: 136004 rss: 188Mb L: 212/532 MS: 4 EraseBytes-ChangeBinInt-ChangeByte-CopyPart-
#73779539	REDUCE cov: 530 ft: 1579 corp: 483/52Kb lim: 65536 exec/s: 136124 rss: 188Mb L: 356/532 MS: 1 EraseBytes-
#74025902	REDUCE cov: 530 ft: 1579 corp: 483/52Kb lim: 65536 exec/s: 136077 rss: 188Mb L: 463/532 MS: 3 CMP-ManualDict-EraseBytes- DE: "\012\000"-"ZSTD_rleCompressBlock failed"-
#74058683	REDUCE cov: 530 ft: 1579 corp: 483/52Kb lim: 65536 exec/s: 136137 rss: 188Mb L: 412/532 MS: 1 EraseBytes-
#74097805	REDUCE cov: 530 ft: 1579 corp: 483/52Kb lim: 65536 exec/s: 136209 rss: 188Mb L: 393/532 MS: 2 ShuffleBytes-EraseBytes-
#74113430	REDUCE cov: 530 ft: 1579 corp: 483/52Kb lim: 65536 exec/s: 136237 rss: 188Mb L: 377/532 MS: 5 PersAutoDict-ManualDict-InsertRepeatedBytes-InsertRepeatedBytes-EraseBytes- DE: "hot!"-"reserving optimal parser space"-
#74153811	REDUCE cov: 530 ft: 1579 corp: 483/52Kb lim: 65536 exec/s: 136062 rss: 188Mb L: 362/532 MS: 1 EraseBytes-
#74380628	REDUCE cov: 530 ft: 1579 corp: 483/52Kb lim: 65536 exec/s: 136228 rss: 188Mb L: 357/532 MS: 2 ChangeBit-EraseBytes-
#74467484	REDUCE cov: 530 ft: 1579 corp: 483/52Kb lim: 65536 exec/s: 136137 rss: 188Mb L: 351/532 MS: 1 EraseBytes-
#74827162	REDUCE cov: 530 ft: 1579 corp: 483/52Kb lim: 65536 exec/s: 136049 rss: 188Mb L: 372/532 MS: 3 EraseBytes-CrossOver-InsertByte-
#75021093	REDUCE cov: 530 ft: 1579 corp: 483/52Kb lim: 65536 exec/s: 136154 rss: 188Mb L: 349/532 MS: 1 EraseBytes-
#75051372	REDUCE cov: 530 ft: 1579 corp: 483/52Kb lim: 65536 exec/s: 136209 rss: 188Mb L: 517/532 MS: 4 EraseBytes-PersAutoDict-ShuffleBytes-ChangeBinInt- DE: "\006\000\000\000\000\000\000\000"-
#75051412	REDUCE cov: 530 ft: 1579 corp: 483/52Kb lim: 65536 exec/s: 136209 rss: 188Mb L: 361/532 MS: 5 ChangeBinInt-PersAutoDict-ShuffleBytes-ChangeBinInt-EraseBytes- DE: "ZSTD_compressSubBlock failed"-
#75054054	REDUCE cov: 530 ft: 1579 corp: 483/52Kb lim: 65536 exec/s: 136214 rss: 188Mb L: 331/532 MS: 2 ChangeByte-EraseBytes-
#75059330	REDUCE cov: 530 ft: 1579 corp: 483/52Kb lim: 65536 exec/s: 136223 rss: 188Mb L: 299/532 MS: 1 EraseBytes-
#75158669	REDUCE cov: 530 ft: 1579 corp: 483/52Kb lim: 65536 exec/s: 136157 rss: 188Mb L: 259/532 MS: 4 CMP-EraseBytes-CrossOver-PersAutoDict- DE: "\000\000\000\003"-"ZSTD_rleCompressBlock failed"-
#75218470	REDUCE cov: 530 ft: 1579 corp: 483/52Kb lim: 65536 exec/s: 136265 rss: 188Mb L: 341/532 MS: 1 EraseBytes-
#75390365	REDUCE cov: 530 ft: 1579 corp: 483/52Kb lim: 65536 exec/s: 136083 rss: 188Mb L: 253/532 MS: 5 ChangeBit-ShuffleBytes-ChangeByte-CrossOver-EraseBytes-
#75532485	REDUCE cov: 530 ft: 1579 corp: 483/52Kb lim: 65536 exec/s: 136094 rss: 188Mb L: 249/532 MS: 5 ShuffleBytes-CopyPart-CopyPart-EraseBytes-CMP- DE: "\015\000\000\000\000\000\000\000"-
#75571129	REDUCE cov: 530 ft: 1579 corp: 483/52Kb lim: 65536 exec/s: 136164 rss: 188Mb L: 474/532 MS: 4 ShuffleBytes-ShuffleBytes-PersAutoDict-EraseBytes- DE: "\012\000"-
#75588353	REDUCE cov: 530 ft: 1579 corp: 483/52Kb lim: 65536 exec/s: 136195 rss: 188Mb L: 421/532 MS: 4 ChangeASCIIInt-ManualDict-PersAutoDict-EraseBytes- DE: "MT not compatible with static alloc"-"last match must fit within dstBuffer"-
#75606283	REDUCE cov: 530 ft: 1579 corp: 483/52Kb lim: 65536 exec/s: 136227 rss: 188Mb L: 349/532 MS: 5 ShuffleBytes-CMP-EraseBytes-ChangeByte-InsertRepeatedBytes- DE: "\000\032"-
#75627263	REDUCE cov: 530 ft: 1579 corp: 483/52Kb lim: 65536 exec/s: 136265 rss: 188Mb L: 347/532 MS: 5 EraseBytes-InsertByte-InsertByte-ManualDict-CopyPart- DE: "ZSTD_compressSubBlock_literal failed"-
#75650269	REDUCE cov: 530 ft: 1579 corp: 483/52Kb lim: 65536 exec/s: 136306 rss: 188Mb L: 342/532 MS: 1 EraseBytes-
#75934018	REDUCE cov: 530 ft: 1579 corp: 483/52Kb lim: 65536 exec/s: 136326 rss: 188Mb L: 248/532 MS: 4 InsertRepeatedBytes-EraseBytes-InsertRepeatedBytes-ManualDict- DE: "Param out of bounds"-
#75975655	REDUCE cov: 530 ft: 1579 corp: 483/52Kb lim: 65536 exec/s: 136157 rss: 188Mb L: 19/532 MS: 2 CrossOver-EraseBytes-
#76161309	REDUCE cov: 530 ft: 1579 corp: 483/52Kb lim: 65536 exec/s: 136245 rss: 188Mb L: 244/532 MS: 4 PersAutoDict-CrossOver-ShuffleBytes-EraseBytes- DE: "ZSTDMT_tryGetInputRange failed"-
#76576054	REDUCE cov: 530 ft: 1579 corp: 483/51Kb lim: 65536 exec/s: 136256 rss: 188Mb L: 437/532 MS: 5 ShuffleBytes-InsertRepeatedBytes-ChangeBinInt-PersAutoDict-EraseBytes- DE: "\013\000"-
#76579098	REDUCE cov: 530 ft: 1579 corp: 483/51Kb lim: 65536 exec/s: 136261 rss: 188Mb L: 408/532 MS: 4 ManualDict-ShuffleBytes-ChangeBit-EraseBytes- DE: "sequences define a frame longer than source"-
#76601604	REDUCE cov: 530 ft: 1579 corp: 483/51Kb lim: 65536 exec/s: 136301 rss: 188Mb L: 401/532 MS: 1 EraseBytes-
#76606626	REDUCE cov: 530 ft: 1579 corp: 483/51Kb lim: 65536 exec/s: 136310 rss: 188Mb L: 341/532 MS: 2 ChangeByte-EraseBytes-
#76655870	REDUCE cov: 530 ft: 1579 corp: 483/51Kb lim: 65536 exec/s: 136156 rss: 188Mb L: 398/532 MS: 4 CopyPart-ChangeBit-ChangeBit-EraseBytes-
#76757242	REDUCE cov: 530 ft: 1579 corp: 483/51Kb lim: 65536 exec/s: 136336 rss: 188Mb L: 372/532 MS: 2 EraseBytes-InsertByte-
#76908789	REDUCE cov: 530 ft: 1579 corp: 483/51Kb lim: 65536 exec/s: 136363 rss: 188Mb L: 401/532 MS: 2 PersAutoDict-EraseBytes- DE: "\013\000"-
#76909615	REDUCE cov: 530 ft: 1579 corp: 483/51Kb lim: 65536 exec/s: 136364 rss: 188Mb L: 340/532 MS: 1 EraseBytes-
#76965132	REDUCE cov: 530 ft: 1579 corp: 483/51Kb lim: 65536 exec/s: 136221 rss: 188Mb L: 340/532 MS: 2 InsertRepeatedBytes-EraseBytes-
#77070575	REDUCE cov: 530 ft: 1579 corp: 483/51Kb lim: 65536 exec/s: 136167 rss: 188Mb L: 374/532 MS: 3 ChangeBit-ChangeBit-EraseBytes-
#77650248	REDUCE cov: 530 ft: 1579 corp: 483/51Kb lim: 65536 exec/s: 136228 rss: 188Mb L: 17/532 MS: 3 EraseBytes-CMP-ChangeByte- DE: "3\000\000\000"-
#78433046	REDUCE cov: 530 ft: 1579 corp: 483/51Kb lim: 65536 exec/s: 136405 rss: 188Mb L: 18/532 MS: 3 ChangeByte-ChangeBinInt-EraseBytes-
#78509722	REDUCE cov: 530 ft: 1579 corp: 483/51Kb lim: 65536 exec/s: 136301 rss: 188Mb L: 14/532 MS: 1 EraseBytes-
#78573949	REDUCE cov: 530 ft: 1579 corp: 483/51Kb lim: 65536 exec/s: 136413 rss: 188Mb L: 323/532 MS: 2 EraseBytes-ChangeBit-
#78619994	REDUCE cov: 530 ft: 1579 corp: 483/51Kb lim: 65536 exec/s: 136256 rss: 188Mb L: 277/532 MS: 5 InsertByte-ManualDict-InsertRepeatedBytes-ChangeBinInt-EraseBytes- DE: "ZSTD_copyCCtx_internal"-
#78648991	REDUCE cov: 530 ft: 1579 corp: 483/51Kb lim: 65536 exec/s: 136306 rss: 188Mb L: 276/532 MS: 2 EraseBytes-InsertRepeatedBytes-
#79127643	REDUCE cov: 530 ft: 1579 corp: 483/51Kb lim: 65536 exec/s: 136426 rss: 188Mb L: 19/532 MS: 2 ChangeASCIIInt-EraseBytes-
#79813890	REDUCE cov: 530 ft: 1579 corp: 483/51Kb lim: 65536 exec/s: 136434 rss: 188Mb L: 180/532 MS: 2 EraseBytes-InsertByte-
#79993624	REDUCE cov: 530 ft: 1579 corp: 483/51Kb lim: 65536 exec/s: 136507 rss: 188Mb L: 240/532 MS: 4 CopyPart-ChangeByte-EraseBytes-ChangeBinInt-
#80007051	REDUCE cov: 530 ft: 1579 corp: 483/51Kb lim: 65536 exec/s: 136530 rss: 188Mb L: 233/532 MS: 2 CrossOver-EraseBytes-
#80149727	REDUCE cov: 530 ft: 1579 corp: 483/51Kb lim: 65536 exec/s: 136541 rss: 188Mb L: 226/532 MS: 1 EraseBytes-
#80157590	REDUCE cov: 530 ft: 1579 corp: 483/51Kb lim: 65536 exec/s: 136554 rss: 188Mb L: 473/532 MS: 3 ShuffleBytes-PersAutoDict-EraseBytes- DE: "\013\000"-
#80164238	REDUCE cov: 530 ft: 1579 corp: 483/51Kb lim: 65536 exec/s: 136565 rss: 188Mb L: 31/532 MS: 3 ChangeBit-EraseBytes-ChangeBinInt-
#80298382	REDUCE cov: 530 ft: 1579 corp: 483/51Kb lim: 65536 exec/s: 136561 rss: 188Mb L: 419/532 MS: 4 EraseBytes-InsertRepeatedBytes-CMP-InsertRepeatedBytes- DE: "\367\377\377\377"-
#80598799	REDUCE cov: 530 ft: 1579 corp: 483/51Kb lim: 65536 exec/s: 136376 rss: 188Mb L: 386/532 MS: 2 ChangeASCIIInt-EraseBytes-
#80604392	REDUCE cov: 530 ft: 1579 corp: 483/51Kb lim: 65536 exec/s: 136386 rss: 188Mb L: 17/532 MS: 3 EraseBytes-ChangeBinInt-ChangeBit-
#80752064	REDUCE cov: 530 ft: 1579 corp: 483/51Kb lim: 65536 exec/s: 136405 rss: 188Mb L: 223/532 MS: 2 InsertRepeatedBytes-EraseBytes-
#80829306	REDUCE cov: 530 ft: 1579 corp: 483/51Kb lim: 65536 exec/s: 136535 rss: 188Mb L: 18/532 MS: 2 EraseBytes-ChangeBit-
#80832485	REDUCE cov: 530 ft: 1579 corp: 483/51Kb lim: 65536 exec/s: 136541 rss: 188Mb L: 222/532 MS: 4 InsertByte-CopyPart-ManualDict-EraseBytes- DE: "Version not supported"-
#80838957	REDUCE cov: 530 ft: 1579 corp: 483/51Kb lim: 65536 exec/s: 136552 rss: 188Mb L: 383/532 MS: 2 PersAutoDict-EraseBytes- DE: "FSE_writeNCount failed"-
#80957939	REDUCE cov: 530 ft: 1579 corp: 483/51Kb lim: 65536 exec/s: 136522 rss: 188Mb L: 17/532 MS: 2 EraseBytes-ChangeBinInt-
#81094024	REDUCE cov: 530 ft: 1579 corp: 483/51Kb lim: 65536 exec/s: 136521 rss: 188Mb L: 219/532 MS: 5 ManualDict-CopyPart-ChangeByte-EraseBytes-ManualDict- DE: "ZSTD_buildCTable for Offsets failed"-"Freeing ddict hash set"-
#81120221	REDUCE cov: 530 ft: 1579 corp: 483/51Kb lim: 65536 exec/s: 136566 rss: 188Mb L: 372/532 MS: 2 ChangeByte-EraseBytes-
#81349398	REDUCE cov: 530 ft: 1579 corp: 483/51Kb lim: 65536 exec/s: 136492 rss: 188Mb L: 358/532 MS: 2 EraseBytes-PersAutoDict- DE: "\012\000"-
#81485363	REDUCE cov: 530 ft: 1579 corp: 483/51Kb lim: 65536 exec/s: 136491 rss: 188Mb L: 341/532 MS: 5 ChangeBit-CrossOver-PersAutoDict-InsertRepeatedBytes-EraseBytes- DE: "\377\377\377\001"-
#81489975	REDUCE cov: 530 ft: 1579 corp: 483/51Kb lim: 65536 exec/s: 136499 rss: 188Mb L: 19/532 MS: 2 ChangeBit-EraseBytes-
#81500224	REDUCE cov: 530 ft: 1579 corp: 483/51Kb lim: 65536 exec/s: 136516 rss: 188Mb L: 462/532 MS: 4 EraseBytes-InsertByte-ChangeBit-PersAutoDict- DE: "\013\000"-
#81503741	REDUCE cov: 530 ft: 1579 corp: 483/51Kb lim: 65536 exec/s: 136522 rss: 188Mb L: 378/532 MS: 2 InsertByte-EraseBytes-
#81603777	REDUCE cov: 530 ft: 1607 corp: 484/51Kb lim: 65536 exec/s: 136461 rss: 188Mb L: 47/532 MS: 1 CopyPart-
#81825635	REDUCE cov: 530 ft: 1607 corp: 484/51Kb lim: 65536 exec/s: 136603 rss: 188Mb L: 464/532 MS: 3 ChangeByte-PersAutoDict-EraseBytes- DE: "\013\000"-
#81834970	REDUCE cov: 530 ft: 1607 corp: 484/51Kb lim: 65536 exec/s: 136619 rss: 188Mb L: 213/532 MS: 5 ChangeByte-ManualDict-ManualDict-EraseBytes-CopyPart- DE: "not enough space remaining"-"ZSTDMT_tryGetInputRange"-
#81868616	REDUCE cov: 530 ft: 1607 corp: 484/51Kb lim: 65536 exec/s: 136447 rss: 188Mb L: 457/532 MS: 1 EraseBytes-
#81888165	REDUCE cov: 530 ft: 1607 corp: 484/51Kb lim: 65536 exec/s: 136480 rss: 188Mb L: 432/532 MS: 4 CopyPart-EraseBytes-ChangeBit-InsertRepeatedBytes-
#81969910	REDUCE cov: 530 ft: 1607 corp: 484/51Kb lim: 65536 exec/s: 136616 rss: 188Mb L: 393/532 MS: 5 ShuffleBytes-ChangeBit-InsertRepeatedBytes-CopyPart-EraseBytes-
#81983365	DONE   cov: 530 ft: 1607 corp: 484/51Kb lim: 65536 exec/s: 136411 rss: 188Mb
###### Recommended dictionary. ######
"\001\000\000\000\000\000\000=" # Uses: 24253
"\377\377\377E" # Uses: 24230
"O li" # Uses: 24198
"\000\000\000/" # Uses: 24006
"\011\000\000\000" # Uses: 24022
"\210\377\377\377\377\377\377\377" # Uses: 23914
"\004\000\000\000\000\000\000\000" # Uses: 24285
"\000\000\000\000\000\000\000\012" # Uses: 23760
"\006\000\000\000\000\000\000\000" # Uses: 23831
"\000\000\000N" # Uses: 24008
"\004\000" # Uses: 23952
"\275p" # Uses: 24181
"\374/\2657" # Uses: 23880
"\377\377\377\364" # Uses: 24119
"\023\000\000\000\000\000\000\000" # Uses: 24021
"\007\000\000\000" # Uses: 24174
"\000\000\000\000\000\000\000\000" # Uses: 24044
"\003\000\000\000\000\000\000\000" # Uses: 23761
"\377\377\377\377\377\377\377\011" # Uses: 24002
"\377\377\377\377\377\377\377\377" # Uses: 23937
"\000\376" # Uses: 23804
")\000\000\000\000\000\000\000" # Uses: 24178
"\005\000\000\000\000\000\000\000" # Uses: 23480
"\002\000\000\000" # Uses: 24102
"\000\032" # Uses: 24016
"\000\000\000\000" # Uses: 24096
"%\000" # Uses: 23891
"\000$" # Uses: 23704
"\007\000\000\000\000\000\000\000" # Uses: 23552
"T\000\000\000\000\000\000\000" # Uses: 23952
"\020\000" # Uses: 23874
"\001\000\020\000" # Uses: 24003
"\320\000\000\000" # Uses: 23949
"\030\000\000\000" # Uses: 23816
"\000\002" # Uses: 23678
"\025\000\000\000" # Uses: 23812
"\002\000\000\000\000\000\000\000" # Uses: 23389
"O*M\030" # Uses: 23375
"\000R" # Uses: 23649
"\001\000\000\000\000\000\000\005" # Uses: 23505
"'\000" # Uses: 22848
"\001\003" # Uses: 22493
"\001\000\000\036" # Uses: 22379
"\001\000\000\013" # Uses: 22671
"\000\006" # Uses: 22638
"\000\000\000\036" # Uses: 22482
"\000\000\001\000\000\000\000\000" # Uses: 22293
"\035\000\000\000" # Uses: 22369
"\000\012" # Uses: 22358
"\211\377\377\377\377\377\377\377" # Uses: 22649
"\024\000\000\000\000\000\000\000" # Uses: 22347
"\377\377\377\377\377\377\377\007" # Uses: 20364
"\000\000\000\037" # Uses: 19950
"A\000" # Uses: 19291
"A\000\000\000" # Uses: 19459
"\001\033" # Uses: 19165
"\001\025" # Uses: 19179
"o\000\000\000\000\000\000\000" # Uses: 19129
"\001\000\000\000\000\000\001O" # Uses: 19511
"\377\377\377\377\377\377\377\207" # Uses: 19600
"\012\002\000\000\000\000\000\000" # Uses: 19421
"\377\000\000\000" # Uses: 19148
"\030\000" # Uses: 19197
"\000\000\000\007" # Uses: 19159
"@\000\000\000" # Uses: 19203
"\000\000\000\024" # Uses: 19468
"\001\000\000\000\000\000\000\000" # Uses: 19155
"#\000" # Uses: 19174
"\234\000\000\000\000\000\000\000" # Uses: 19118
"\377\011" # Uses: 19156
"\177\000\000\000\000\000\000\000" # Uses: 19337
"\230\001\000\000\000\000\000\000" # Uses: 19530
"*\000\000\000\000\000\000\000" # Uses: 19216
"\026\002\000\000\000\000\000\000" # Uses: 19446
"\000\000\000@" # Uses: 19268
"\000\000\000\000\000\000\002\012" # Uses: 19257
"\000\000\000\000\000\000\000\017" # Uses: 19103
"\377\377\377\377\377\377\377\365" # Uses: 19210
"\327\000\000\000\000\000\000\000" # Uses: 19211
"\020\000\000\000\000\000\000\000" # Uses: 19146
"\001\000\000\000\000\000\000\014" # Uses: 19211
"I\000\000\000\000\000\000\000" # Uses: 19173
"\377\377\377\377" # Uses: 19072
"\377?" # Uses: 19277
"\027\000" # Uses: 19177
"1\000\000\000\000\000\000\000" # Uses: 18923
":\001\000\000\000\000\000\000" # Uses: 19234
"\377\377\377\377\377\377\377^" # Uses: 19099
"k\000\000\000\000\000\000\000" # Uses: 19252
"\001@" # Uses: 19315
"\006\000" # Uses: 19023
"\001\000\000\000\000\000\003l" # Uses: 19157
"\377\377\377?" # Uses: 19175
"\000\000\017\377" # Uses: 18990
"\343\000" # Uses: 19197
"l\003\000\000\000\000\000\000" # Uses: 18905
"\377\377\3774" # Uses: 19185
"\010\000\000\000\000\000\000\000" # Uses: 19062
"\377\377\377\377\377\377\377\211" # Uses: 18936
"\000\000" # Uses: 19125
"\001\000\000\000" # Uses: 19137
"\377\377\377\377\377\377\377\354" # Uses: 19114
"\010\000\000\000" # Uses: 18999
"\000\000\000\000\000\000\001\351" # Uses: 18952
"\001\000\000\000\000\000\000\263" # Uses: 18886
"b\000\000\000\000\000\000\000" # Uses: 18789
"\377\377\377\377\377\377\377&" # Uses: 18902
"\321\002\000\000\000\000\000\000" # Uses: 18764
"\013\000" # Uses: 18684
"\011\000" # Uses: 18731
"\377\377\377\377\377\377\377v" # Uses: 18678
"\022\000" # Uses: 18802
"\017\000" # Uses: 18787
"\377\377\377\023" # Uses: 18597
"\376\377\377\377\377\377\377\211" # Uses: 18719
"\013\000\000\000" # Uses: 18373
"\000+" # Uses: 18401
"\377\377\377\377\377\377\377\240" # Uses: 18295
"\312\000" # Uses: 18251
"\000\000\000\000\000\000\000\023" # Uses: 18245
"\377\003" # Uses: 18273
"\005\000" # Uses: 18114
"\000\000\000\000\000\000\000\334" # Uses: 18375
"\000\000\000\000\000\000\000\304" # Uses: 17953
"\003\000\000\000" # Uses: 17853
"\000\000\000\000\000\000\000\005" # Uses: 17843
"\000\000\000\000\000\000\000\247" # Uses: 17762
"4\000\000\000\000\000\000\000" # Uses: 18068
"\000\000\000\000\000\000\000\011" # Uses: 17949
")\000" # Uses: 17682
"\000\000\000\000\000\000\000\357" # Uses: 17363
"\000@" # Uses: 17380
"\377\377\377\000" # Uses: 17308
"\001\000\000\000\000\000\000T" # Uses: 17253
"^\000\000\000" # Uses: 16429
"\377\377\377\377\377\377\377\010" # Uses: 16461
"\\\001\000\000\000\000\000\000" # Uses: 16409
"5\000\000\000" # Uses: 16147
"\000\000\000\033" # Uses: 14782
"\001\000\000\000\000\000\000\326" # Uses: 14578
"\377\377\377\001" # Uses: 14539
"\370\003\000\000" # Uses: 14070
"\377\377\377\031" # Uses: 13765
"\000\000\000\000\000\000\001\032" # Uses: 13795
"\023\000\000\000" # Uses: 13434
"\031\000\000\000" # Uses: 13127
"6\000\000\000" # Uses: 12782
"\000\034" # Uses: 12543
"\245\000\000\000\000\000\000\000" # Uses: 11931
"\000\000\000\000\000\000\000\006" # Uses: 11231
"3\000\000\000\000\000\000\000" # Uses: 10220
"\001\000\000\000\000\000\000Z" # Uses: 9602
"\010\000" # Uses: 9643
"\001\024" # Uses: 8879
"\021\000" # Uses: 8460
"\377\377\377\377\377\377\377\004" # Uses: 8413
"\377\377\377#" # Uses: 7814
"\001\017" # Uses: 6907
"\377\377\377\377\377\377\000\027" # Uses: 6200
"\000\000\000\000\000\000\001\242" # Uses: 5975
"\025\000\000\000\000\000\000\000" # Uses: 5058
"\3772" # Uses: 4736
"\267\377\377\377\377\377\377\377" # Uses: 4253
"\004\000\000\000" # Uses: 2666
"^\000\000\000\000\000\000\000" # Uses: 2444
"\012\000" # Uses: 1724
"\000\000\000\003" # Uses: 1583
"\015\000\000\000\000\000\000\000" # Uses: 1455
"3\000\000\000" # Uses: 989
"\367\377\377\377" # Uses: 386
###### End of recommended dictionary. ######
Done 81983365 runs in 601 second(s)
stat::number_of_executed_units: 81983365
stat::average_exec_per_sec:     136411
stat::new_units_added:          3365
stat::slowest_unit_time_sec:    0
stat::peak_rss_mb:              189
