Dictionary: 10 entries
INFO: Running with entropic power schedule (0xFF, 100).
INFO: Seed: 1494587008
INFO: Loaded 1 modules   (1449 inline 8-bit counters): 1449 [0xaaaac4417668, 0xaaaac4417c11), 
INFO: Loaded 1 PC tables (1449 PCs): 1449 [0xaaaac4417c18,0xaaaac441d6a8), 
INFO:       49 files found in /b/runs/brotli__decode_fuzzer/corpus
INFO: seed corpus: files: 49 min: 1b max: 50299b total: 223961b rss: 40Mb
#50	INITED cov: 628 ft: 1269 corp: 31/23Kb exec/s: 0 rss: 47Mb
#51	NEW    cov: 633 ft: 1318 corp: 32/23Kb lim: 4096 exec/s: 0 rss: 47Mb L: 59/4096 MS: 1 InsertByte-
#60	NEW    cov: 633 ft: 1320 corp: 33/23Kb lim: 4096 exec/s: 0 rss: 47Mb L: 120/4096 MS: 4 InsertByte-ChangeByte-ChangeBit-InsertRepeatedBytes-
#62	NEW    cov: 633 ft: 1321 corp: 34/23Kb lim: 4096 exec/s: 0 rss: 47Mb L: 11/4096 MS: 2 ChangeBinInt-InsertByte-
#63	NEW    cov: 633 ft: 1324 corp: 35/23Kb lim: 4096 exec/s: 0 rss: 47Mb L: 3/4096 MS: 1 InsertByte-
#70	NEW    cov: 634 ft: 1336 corp: 36/27Kb lim: 4096 exec/s: 0 rss: 48Mb L: 4096/4096 MS: 2 ChangeASCIIInt-ChangeASCIIInt-
#71	NEW    cov: 634 ft: 1340 corp: 37/31Kb lim: 4096 exec/s: 0 rss: 48Mb L: 4096/4096 MS: 1 CrossOver-
#72	NEW    cov: 634 ft: 1344 corp: 38/31Kb lim: 4096 exec/s: 0 rss: 48Mb L: 425/4096 MS: 1 ChangeBit-
#74	NEW    cov: 634 ft: 1362 corp: 39/32Kb lim: 4096 exec/s: 0 rss: 48Mb L: 426/4096 MS: 2 InsertByte-ChangeBit-
#77	NEW    cov: 635 ft: 1363 corp: 40/32Kb lim: 4096 exec/s: 0 rss: 48Mb L: 70/4096 MS: 3 ChangeByte-ChangeByte-InsertRepeatedBytes-
#78	NEW    cov: 637 ft: 1369 corp: 41/32Kb lim: 4096 exec/s: 0 rss: 48Mb L: 19/4096 MS: 1 CrossOver-
#84	NEW    cov: 637 ft: 1370 corp: 42/32Kb lim: 4096 exec/s: 0 rss: 49Mb L: 425/4096 MS: 1 ChangeByte-
#87	NEW    cov: 640 ft: 1374 corp: 43/32Kb lim: 4096 exec/s: 0 rss: 49Mb L: 39/4096 MS: 3 CopyPart-EraseBytes-InsertRepeatedBytes-
#89	NEW    cov: 641 ft: 1385 corp: 44/32Kb lim: 4096 exec/s: 0 rss: 49Mb L: 69/4096 MS: 2 ShuffleBytes-ChangeBit-
#92	NEW    cov: 646 ft: 1393 corp: 45/33Kb lim: 4096 exec/s: 0 rss: 49Mb L: 95/4096 MS: 3 ShuffleBytes-ShuffleBytes-InsertRepeatedBytes-
#97	NEW    cov: 646 ft: 1394 corp: 46/33Kb lim: 4096 exec/s: 0 rss: 49Mb L: 22/4096 MS: 5 InsertRepeatedBytes-CrossOver-EraseBytes-ManualDict-ManualDict- DE: "INVALID"-"[]"-
#98	NEW    cov: 646 ft: 1396 corp: 47/33Kb lim: 4096 exec/s: 0 rss: 49Mb L: 19/4096 MS: 1 ChangeByte-
#99	NEW    cov: 647 ft: 1397 corp: 48/33Kb lim: 4096 exec/s: 0 rss: 49Mb L: 7/4096 MS: 1 EraseBytes-
#100	NEW    cov: 650 ft: 1426 corp: 49/33Kb lim: 4096 exec/s: 0 rss: 49Mb L: 22/4096 MS: 1 ManualDict- DE: "needs more input"-
#101	NEW    cov: 655 ft: 1456 corp: 50/37Kb lim: 4096 exec/s: 0 rss: 49Mb L: 4096/4096 MS: 1 CrossOver-
#107	NEW    cov: 657 ft: 1458 corp: 51/40Kb lim: 4096 exec/s: 0 rss: 49Mb L: 3358/4096 MS: 1 CrossOver-
#108	NEW    cov: 658 ft: 1475 corp: 52/43Kb lim: 4096 exec/s: 0 rss: 50Mb L: 2956/4096 MS: 1 EraseBytes-
#110	NEW    cov: 665 ft: 1482 corp: 53/43Kb lim: 4096 exec/s: 0 rss: 50Mb L: 9/4096 MS: 2 ChangeBit-CopyPart-
#114	NEW    cov: 665 ft: 1485 corp: 54/43Kb lim: 4096 exec/s: 0 rss: 50Mb L: 2/4096 MS: 4 PersAutoDict-ShuffleBytes-ShuffleBytes-EraseBytes- DE: "[]"-
#115	NEW    cov: 668 ft: 1504 corp: 55/43Kb lim: 4096 exec/s: 0 rss: 50Mb L: 9/4096 MS: 1 CMP- DE: "\000\000\002\241"-
#117	NEW    cov: 668 ft: 1505 corp: 56/43Kb lim: 4096 exec/s: 0 rss: 50Mb L: 40/4096 MS: 2 ShuffleBytes-InsertRepeatedBytes-
#119	NEW    cov: 669 ft: 1506 corp: 57/43Kb lim: 4096 exec/s: 0 rss: 50Mb L: 211/4096 MS: 2 PersAutoDict-InsertRepeatedBytes- DE: "\000\000\002\241"-
#120	NEW    cov: 669 ft: 1510 corp: 58/43Kb lim: 4096 exec/s: 0 rss: 50Mb L: 9/4096 MS: 1 ManualDict- DE: "INVALID"-
#126	NEW    cov: 669 ft: 1518 corp: 59/43Kb lim: 4096 exec/s: 0 rss: 50Mb L: 9/4096 MS: 1 EraseBytes-
#128	NEW    cov: 669 ft: 1519 corp: 60/43Kb lim: 4096 exec/s: 0 rss: 50Mb L: 425/4096 MS: 2 PersAutoDict-ChangeBinInt- DE: "INVALID"-
#129	NEW    cov: 678 ft: 1530 corp: 61/44Kb lim: 4096 exec/s: 0 rss: 50Mb L: 362/4096 MS: 1 ShuffleBytes-
#136	NEW    cov: 678 ft: 1533 corp: 62/44Kb lim: 4096 exec/s: 0 rss: 50Mb L: 361/4096 MS: 2 ChangeByte-EraseBytes-
#139	NEW    cov: 678 ft: 1534 corp: 63/47Kb lim: 4096 exec/s: 0 rss: 51Mb L: 3148/4096 MS: 3 CrossOver-ChangeASCIIInt-EraseBytes-
#142	NEW    cov: 678 ft: 1536 corp: 64/47Kb lim: 4096 exec/s: 0 rss: 51Mb L: 169/4096 MS: 3 PersAutoDict-ChangeBit-InsertRepeatedBytes- DE: "[]"-
#145	NEW    cov: 678 ft: 1537 corp: 65/47Kb lim: 4096 exec/s: 0 rss: 51Mb L: 7/4096 MS: 3 ShuffleBytes-InsertByte-EraseBytes-
#147	NEW    cov: 678 ft: 1539 corp: 66/47Kb lim: 4096 exec/s: 0 rss: 51Mb L: 8/4096 MS: 2 ManualDict-InsertByte- DE: "[]"-
#159	NEW    cov: 680 ft: 1550 corp: 67/48Kb lim: 4096 exec/s: 0 rss: 51Mb L: 65/4096 MS: 2 CMP-InsertRepeatedBytes- DE: "\001\022"-
#165	NEW    cov: 680 ft: 1551 corp: 68/48Kb lim: 4096 exec/s: 0 rss: 52Mb L: 425/4096 MS: 1 ChangeByte-
#176	NEW    cov: 680 ft: 1554 corp: 69/51Kb lim: 4096 exec/s: 0 rss: 52Mb L: 3027/4096 MS: 1 EraseBytes-
#182	NEW    cov: 681 ft: 1555 corp: 70/53Kb lim: 4096 exec/s: 0 rss: 52Mb L: 2558/4096 MS: 1 CrossOver-
#183	NEW    cov: 685 ft: 1560 corp: 71/53Kb lim: 4096 exec/s: 0 rss: 52Mb L: 78/4096 MS: 1 InsertRepeatedBytes-
#199	NEW    cov: 686 ft: 1568 corp: 72/53Kb lim: 4096 exec/s: 0 rss: 52Mb L: 9/4096 MS: 1 EraseBytes-
#200	NEW    cov: 686 ft: 1571 corp: 73/53Kb lim: 4096 exec/s: 0 rss: 52Mb L: 15/4096 MS: 1 InsertRepeatedBytes-
#201	NEW    cov: 686 ft: 1584 corp: 74/57Kb lim: 4096 exec/s: 0 rss: 53Mb L: 4096/4096 MS: 1 PersAutoDict- DE: "\001\022"-
#203	REDUCE cov: 686 ft: 1584 corp: 74/57Kb lim: 4096 exec/s: 0 rss: 53Mb L: 87/4096 MS: 2 CrossOver-EraseBytes-
#209	REDUCE cov: 686 ft: 1584 corp: 74/57Kb lim: 4096 exec/s: 0 rss: 53Mb L: 606/4096 MS: 1 EraseBytes-
#213	REDUCE cov: 686 ft: 1584 corp: 74/56Kb lim: 4096 exec/s: 0 rss: 54Mb L: 1402/4096 MS: 4 ChangeByte-CMP-PersAutoDict-EraseBytes- DE: "\344\377\377\377\377\377\377\377"-"needs more input"-
#215	NEW    cov: 688 ft: 1586 corp: 75/56Kb lim: 4096 exec/s: 0 rss: 54Mb L: 8/4096 MS: 2 ChangeByte-CopyPart-
#232	NEW    cov: 688 ft: 1587 corp: 76/56Kb lim: 4096 exec/s: 0 rss: 54Mb L: 15/4096 MS: 2 ShuffleBytes-ChangeBit-
#233	NEW    cov: 691 ft: 1612 corp: 77/59Kb lim: 4096 exec/s: 0 rss: 54Mb L: 2956/4096 MS: 1 ShuffleBytes-
#234	NEW    cov: 691 ft: 1621 corp: 78/62Kb lim: 4096 exec/s: 0 rss: 54Mb L: 3559/4096 MS: 1 EraseBytes-
#238	REDUCE cov: 691 ft: 1621 corp: 78/62Kb lim: 4096 exec/s: 0 rss: 54Mb L: 32/4096 MS: 4 ShuffleBytes-CrossOver-ChangeByte-EraseBytes-
#240	NEW    cov: 691 ft: 1623 corp: 79/63Kb lim: 4096 exec/s: 0 rss: 54Mb L: 362/4096 MS: 2 ChangeBit-ChangeByte-
#246	REDUCE cov: 691 ft: 1623 corp: 79/62Kb lim: 4096 exec/s: 0 rss: 54Mb L: 2656/4096 MS: 1 EraseBytes-
#247	NEW    cov: 692 ft: 1629 corp: 80/62Kb lim: 4096 exec/s: 0 rss: 54Mb L: 364/4096 MS: 1 PersAutoDict- DE: "\001\022"-
#250	NEW    cov: 692 ft: 1630 corp: 81/66Kb lim: 4096 exec/s: 0 rss: 55Mb L: 3682/4096 MS: 3 ChangeBinInt-CrossOver-EraseBytes-
#251	NEW    cov: 693 ft: 1647 corp: 82/66Kb lim: 4096 exec/s: 0 rss: 55Mb L: 73/4096 MS: 1 CMP- DE: "\001\000\004\000"-
#253	NEW    cov: 693 ft: 1679 corp: 83/66Kb lim: 4096 exec/s: 0 rss: 55Mb L: 37/4096 MS: 2 CopyPart-EraseBytes-
#259	NEW    cov: 696 ft: 1695 corp: 84/67Kb lim: 4096 exec/s: 0 rss: 55Mb L: 364/4096 MS: 1 ChangeBinInt-
#264	NEW    cov: 698 ft: 1697 corp: 85/67Kb lim: 4096 exec/s: 0 rss: 55Mb L: 2/4096 MS: 5 ManualDict-ChangeBit-CopyPart-EraseBytes-PersAutoDict- DE: "[]"-"\001\022"-
#271	NEW    cov: 698 ft: 1703 corp: 86/67Kb lim: 4096 exec/s: 0 rss: 55Mb L: 10/4096 MS: 2 InsertByte-ChangeBinInt-
#272	NEW    cov: 701 ft: 1710 corp: 87/69Kb lim: 4096 exec/s: 0 rss: 55Mb L: 2956/4096 MS: 1 PersAutoDict- DE: "\001\022"-
#279	NEW    cov: 702 ft: 1717 corp: 88/70Kb lim: 4096 exec/s: 0 rss: 56Mb L: 370/4096 MS: 2 ChangeByte-PersAutoDict- DE: "\344\377\377\377\377\377\377\377"-
#280	REDUCE cov: 702 ft: 1717 corp: 88/70Kb lim: 4096 exec/s: 0 rss: 56Mb L: 572/4096 MS: 1 CrossOver-
#291	NEW    cov: 702 ft: 1722 corp: 89/70Kb lim: 4096 exec/s: 0 rss: 56Mb L: 22/4096 MS: 1 ManualDict- DE: "INVALID"-
#295	NEW    cov: 702 ft: 1723 corp: 90/70Kb lim: 4096 exec/s: 0 rss: 57Mb L: 29/4096 MS: 4 PersAutoDict-ChangeBit-EraseBytes-PersAutoDict- DE: "\000\000\002\241"-"needs more input"-
#296	NEW    cov: 702 ft: 1729 corp: 91/70Kb lim: 4096 exec/s: 0 rss: 57Mb L: 425/4096 MS: 1 PersAutoDict- DE: "needs more input"-
#297	NEW    cov: 702 ft: 1732 corp: 92/74Kb lim: 4096 exec/s: 0 rss: 57Mb L: 4096/4096 MS: 1 ChangeByte-
#298	NEW    cov: 702 ft: 1735 corp: 93/78Kb lim: 4096 exec/s: 0 rss: 57Mb L: 3690/4096 MS: 1 CMP- DE: "\000\000\000\000\000\000\000\000"-
#308	REDUCE cov: 702 ft: 1735 corp: 93/78Kb lim: 4096 exec/s: 0 rss: 57Mb L: 22/4096 MS: 5 PersAutoDict-ManualDict-ChangeBinInt-InsertByte-EraseBytes- DE: "\344\377\377\377\377\377\377\377"-"Regular"-
#309	NEW    cov: 702 ft: 1741 corp: 94/78Kb lim: 4096 exec/s: 0 rss: 57Mb L: 425/4096 MS: 1 CMP- DE: "\377\377\377\377"-
#316	NEW    cov: 702 ft: 1763 corp: 95/78Kb lim: 4096 exec/s: 0 rss: 57Mb L: 255/4096 MS: 2 ShuffleBytes-EraseBytes-
#328	NEW    cov: 702 ft: 1764 corp: 96/81Kb lim: 4096 exec/s: 0 rss: 58Mb L: 2960/4096 MS: 2 PersAutoDict-ChangeBit- DE: "\001\000\004\000"-
#334	NEW    cov: 702 ft: 1765 corp: 97/82Kb lim: 4096 exec/s: 0 rss: 58Mb L: 426/4096 MS: 1 InsertByte-
#336	NEW    cov: 702 ft: 1770 corp: 98/82Kb lim: 4096 exec/s: 0 rss: 58Mb L: 427/4096 MS: 2 PersAutoDict-ShuffleBytes- DE: "[]"-
#337	NEW    cov: 702 ft: 1775 corp: 99/86Kb lim: 4096 exec/s: 0 rss: 58Mb L: 3597/4096 MS: 1 InsertRepeatedBytes-
#343	NEW    cov: 702 ft: 1778 corp: 100/90Kb lim: 4096 exec/s: 0 rss: 58Mb L: 4096/4096 MS: 1 ShuffleBytes-
#346	NEW    cov: 702 ft: 1784 corp: 101/93Kb lim: 4096 exec/s: 0 rss: 58Mb L: 3685/4096 MS: 3 InsertByte-CMP-ChangeBit- DE: "\377\000"-
#365	NEW    cov: 702 ft: 1786 corp: 102/94Kb lim: 4096 exec/s: 0 rss: 59Mb L: 426/4096 MS: 4 ChangeASCIIInt-ChangeBit-ChangeByte-PersAutoDict- DE: "\344\377\377\377\377\377\377\377"-
#372	NEW    cov: 703 ft: 1790 corp: 103/94Kb lim: 4096 exec/s: 0 rss: 60Mb L: 15/4096 MS: 2 ChangeBit-CrossOver-
#374	NEW    cov: 703 ft: 1794 corp: 104/94Kb lim: 4096 exec/s: 0 rss: 60Mb L: 368/4096 MS: 2 CMP-ManualDict- DE: "\001\000\000\000"-"needs more output"-
#376	REDUCE cov: 703 ft: 1794 corp: 104/94Kb lim: 4096 exec/s: 0 rss: 60Mb L: 395/4096 MS: 2 CMP-EraseBytes- DE: "\001\004\000\000"-
#392	NEW    cov: 707 ft: 1805 corp: 105/94Kb lim: 4096 exec/s: 0 rss: 60Mb L: 19/4096 MS: 1 ChangeByte-
#404	NEW    cov: 707 ft: 1810 corp: 106/94Kb lim: 4096 exec/s: 0 rss: 60Mb L: 13/4096 MS: 2 ChangeByte-EraseBytes-
#409	NEW    cov: 708 ft: 1818 corp: 107/94Kb lim: 4096 exec/s: 0 rss: 60Mb L: 487/4096 MS: 5 ShuffleBytes-ManualDict-InsertRepeatedBytes-ChangeByte-ManualDict- DE: "needs more output"-" not \\3er \\3al \\4ful \\4ive \\5less \\4es"-
#421	REDUCE cov: 708 ft: 1818 corp: 107/94Kb lim: 4096 exec/s: 0 rss: 60Mb L: 32/4096 MS: 2 ChangeBit-EraseBytes-
#425	REDUCE cov: 708 ft: 1818 corp: 107/93Kb lim: 4096 exec/s: 0 rss: 60Mb L: 2357/4096 MS: 4 ChangeASCIIInt-CrossOver-ManualDict-EraseBytes- DE: "Large Window Brotli"-
#426	NEW    cov: 708 ft: 1825 corp: 108/96Kb lim: 4096 exec/s: 0 rss: 60Mb L: 3194/4096 MS: 1 EraseBytes-
#451	REDUCE cov: 708 ft: 1825 corp: 108/96Kb lim: 4096 exec/s: 0 rss: 61Mb L: 344/4096 MS: 5 PersAutoDict-ChangeASCIIInt-InsertRepeatedBytes-ChangeBinInt-EraseBytes- DE: "\377\377\377\377"-
#458	REDUCE cov: 708 ft: 1825 corp: 108/96Kb lim: 4096 exec/s: 0 rss: 61Mb L: 37/4096 MS: 2 ManualDict-EraseBytes- DE: "Large Window Brotli"-
#459	NEW    cov: 708 ft: 1827 corp: 109/96Kb lim: 4096 exec/s: 0 rss: 61Mb L: 428/4096 MS: 1 PersAutoDict- DE: "\377\000"-
#466	NEW    cov: 709 ft: 1828 corp: 110/97Kb lim: 4096 exec/s: 0 rss: 61Mb L: 363/4096 MS: 2 ChangeBinInt-InsertByte-
#473	NEW    cov: 709 ft: 1832 corp: 111/99Kb lim: 4096 exec/s: 0 rss: 62Mb L: 2661/4096 MS: 2 ChangeASCIIInt-CrossOver-
#474	NEW    cov: 711 ft: 1834 corp: 112/99Kb lim: 4096 exec/s: 0 rss: 62Mb L: 10/4096 MS: 1 InsertByte-
#479	REDUCE cov: 711 ft: 1834 corp: 112/99Kb lim: 4096 exec/s: 0 rss: 62Mb L: 379/4096 MS: 5 ChangeBit-ChangeBinInt-CrossOver-ChangeBinInt-EraseBytes-
#481	REDUCE cov: 711 ft: 1834 corp: 112/99Kb lim: 4096 exec/s: 0 rss: 62Mb L: 139/4096 MS: 2 CrossOver-EraseBytes-
#483	NEW    cov: 711 ft: 1835 corp: 113/99Kb lim: 4096 exec/s: 0 rss: 62Mb L: 441/4096 MS: 2 ChangeByte-ManualDict- DE: "needs more input"-
#490	NEW    cov: 711 ft: 1838 corp: 114/103Kb lim: 4096 exec/s: 0 rss: 63Mb L: 4096/4096 MS: 2 ShuffleBytes-CopyPart-
#493	NEW    cov: 711 ft: 1843 corp: 115/104Kb lim: 4096 exec/s: 0 rss: 63Mb L: 471/4096 MS: 3 ChangeBit-ShuffleBytes-InsertRepeatedBytes-
#529	NEW    cov: 711 ft: 1867 corp: 116/105Kb lim: 4096 exec/s: 0 rss: 64Mb L: 983/4096 MS: 1 CrossOver-
#533	NEW    cov: 711 ft: 1876 corp: 117/105Kb lim: 4096 exec/s: 0 rss: 64Mb L: 318/4096 MS: 4 ChangeBinInt-ChangeByte-EraseBytes-CMP- DE: " \000\000\000\000\000\000\000"-
#540	NEW    cov: 712 ft: 1879 corp: 118/108Kb lim: 4096 exec/s: 0 rss: 64Mb L: 2960/4096 MS: 2 ShuffleBytes-PersAutoDict- DE: "\377\377\377\377"-
#542	NEW    cov: 712 ft: 1883 corp: 119/111Kb lim: 4096 exec/s: 0 rss: 65Mb L: 3195/4096 MS: 2 InsertByte-CMP- DE: "\031\000\000\000"-
#546	NEW    cov: 712 ft: 1885 corp: 120/111Kb lim: 4096 exec/s: 0 rss: 65Mb L: 9/4096 MS: 4 CMP-ChangeBinInt-ChangeByte-ManualDict- DE: "\377\377\377\377"-"INVALID"-
#555	NEW    cov: 712 ft: 1892 corp: 121/111Kb lim: 4096 exec/s: 0 rss: 65Mb L: 20/4096 MS: 4 ChangeBinInt-InsertRepeatedBytes-PersAutoDict-EraseBytes- DE: "\377\000"-
#564	NEW    cov: 712 ft: 1896 corp: 122/115Kb lim: 4096 exec/s: 0 rss: 66Mb L: 3714/4096 MS: 4 ChangeBinInt-ManualDict-ChangeASCIIInt-InsertRepeatedBytes- DE: "INVALID"-
#571	NEW    cov: 712 ft: 1898 corp: 123/119Kb lim: 4096 exec/s: 0 rss: 66Mb L: 4096/4096 MS: 2 ChangeASCIIInt-ChangeBinInt-
#576	NEW    cov: 713 ft: 1899 corp: 124/119Kb lim: 4096 exec/s: 0 rss: 66Mb L: 1/4096 MS: 5 CopyPart-EraseBytes-ChangeBit-ChangeBit-ChangeBit-
#578	REDUCE cov: 713 ft: 1899 corp: 124/118Kb lim: 4096 exec/s: 0 rss: 66Mb L: 1335/4096 MS: 2 ChangeASCIIInt-CrossOver-
#591	NEW    cov: 713 ft: 1903 corp: 125/118Kb lim: 4096 exec/s: 0 rss: 67Mb L: 15/4096 MS: 3 ChangeByte-CrossOver-ChangeByte-
#592	NEW    cov: 713 ft: 1906 corp: 126/118Kb lim: 4096 exec/s: 0 rss: 67Mb L: 20/4096 MS: 1 ChangeBinInt-
#606	REDUCE cov: 713 ft: 1906 corp: 126/118Kb lim: 4096 exec/s: 0 rss: 67Mb L: 343/4096 MS: 4 InsertRepeatedBytes-InsertByte-ShuffleBytes-EraseBytes-
#628	NEW    cov: 714 ft: 1908 corp: 127/118Kb lim: 4096 exec/s: 0 rss: 68Mb L: 361/4096 MS: 2 ChangeBit-ShuffleBytes-
#632	NEW    cov: 714 ft: 1909 corp: 128/118Kb lim: 4096 exec/s: 0 rss: 68Mb L: 463/4096 MS: 4 ManualDict-PersAutoDict-CopyPart-ChangeByte- DE: " not \\3er \\3al \\4ful \\4ive \\5less \\4es"-"\001\000\000\000"-
#634	REDUCE cov: 714 ft: 1909 corp: 128/118Kb lim: 4096 exec/s: 0 rss: 68Mb L: 3685/4096 MS: 2 ShuffleBytes-EraseBytes-
#636	NEW    cov: 714 ft: 1910 corp: 129/118Kb lim: 4096 exec/s: 0 rss: 68Mb L: 27/4096 MS: 2 ChangeBit-ManualDict- DE: "Large Window Brotli"-
#643	NEW    cov: 714 ft: 1916 corp: 130/122Kb lim: 4096 exec/s: 0 rss: 69Mb L: 3916/4096 MS: 2 ChangeByte-CopyPart-
#649	NEW    cov: 714 ft: 1923 corp: 131/122Kb lim: 4096 exec/s: 0 rss: 69Mb L: 71/4096 MS: 1 EraseBytes-
#650	NEW    cov: 714 ft: 1924 corp: 132/122Kb lim: 4096 exec/s: 0 rss: 69Mb L: 27/4096 MS: 1 CrossOver-
#682	NEW    cov: 716 ft: 1929 corp: 133/122Kb lim: 4096 exec/s: 0 rss: 70Mb L: 363/4096 MS: 2 ChangeBit-PersAutoDict- DE: "\001\000\000\000"-
#683	NEW    cov: 716 ft: 1934 corp: 134/122Kb lim: 4096 exec/s: 0 rss: 70Mb L: 77/4096 MS: 1 CMP- DE: "\001\000\000\000\000\000\000\000"-
#699	NEW    cov: 716 ft: 1935 corp: 135/123Kb lim: 4096 exec/s: 0 rss: 70Mb L: 426/4096 MS: 1 ChangeByte-
#705	NEW    cov: 720 ft: 1945 corp: 136/127Kb lim: 4096 exec/s: 0 rss: 71Mb L: 4096/4096 MS: 1 ChangeBit-
#714	NEW    cov: 720 ft: 1947 corp: 137/127Kb lim: 4096 exec/s: 0 rss: 71Mb L: 19/4096 MS: 4 PersAutoDict-ChangeByte-ShuffleBytes-CrossOver- DE: "\001\000\000\000"-
#720	NEW    cov: 720 ft: 1950 corp: 138/127Kb lim: 4096 exec/s: 0 rss: 71Mb L: 6/4096 MS: 1 EraseBytes-
#731	NEW    cov: 721 ft: 1955 corp: 139/127Kb lim: 4096 exec/s: 0 rss: 71Mb L: 10/4096 MS: 1 InsertByte-
#732	REDUCE cov: 721 ft: 1955 corp: 139/127Kb lim: 4096 exec/s: 0 rss: 71Mb L: 1/4096 MS: 1 EraseBytes-
#738	NEW    cov: 721 ft: 1957 corp: 140/127Kb lim: 4096 exec/s: 0 rss: 72Mb L: 72/4096 MS: 1 InsertByte-
#743	NEW    cov: 721 ft: 1960 corp: 141/130Kb lim: 4096 exec/s: 0 rss: 72Mb L: 3079/4096 MS: 5 InsertRepeatedBytes-ManualDict-ChangeBit-ChangeBinInt-CMP- DE: "t \\4ize \\2\\xc2\\xa0\\4ous \\5 the \\2e "-"\377\003\000\000"-
#746	NEW    cov: 721 ft: 1961 corp: 142/134Kb lim: 4096 exec/s: 0 rss: 73Mb L: 3916/4096 MS: 3 CopyPart-ChangeBinInt-ChangeASCIIInt-
#762	NEW    cov: 721 ft: 1964 corp: 143/137Kb lim: 4096 exec/s: 0 rss: 73Mb L: 2961/4096 MS: 1 InsertByte-
#768	NEW    cov: 721 ft: 1966 corp: 144/141Kb lim: 4096 exec/s: 0 rss: 73Mb L: 4096/4096 MS: 1 ChangeBinInt-
#769	NEW    cov: 721 ft: 1967 corp: 145/142Kb lim: 4096 exec/s: 0 rss: 73Mb L: 983/4096 MS: 1 ChangeBinInt-
#771	NEW    cov: 721 ft: 1968 corp: 146/145Kb lim: 4096 exec/s: 0 rss: 73Mb L: 3854/4096 MS: 2 ManualDict-CopyPart- DE: "[ProcessCommandsInternal] dictionary word: [%.*s],"-
#782	NEW    cov: 721 ft: 1970 corp: 147/149Kb lim: 4096 exec/s: 0 rss: 74Mb L: 4096/4096 MS: 1 ChangeBinInt-
#784	NEW    cov: 722 ft: 1975 corp: 148/152Kb lim: 4096 exec/s: 0 rss: 75Mb L: 2979/4096 MS: 2 ManualDict-ChangeBinInt- DE: "Large Window Brotli"-
#789	NEW    cov: 722 ft: 1982 corp: 149/153Kb lim: 4096 exec/s: 0 rss: 75Mb L: 984/4096 MS: 5 ShuffleBytes-CopyPart-ChangeBit-CopyPart-InsertByte-
#800	REDUCE cov: 722 ft: 1982 corp: 149/153Kb lim: 4096 exec/s: 0 rss: 75Mb L: 366/4096 MS: 1 EraseBytes-
#809	NEW    cov: 722 ft: 1983 corp: 150/153Kb lim: 4096 exec/s: 0 rss: 75Mb L: 31/4096 MS: 4 ShuffleBytes-ChangeBinInt-InsertByte-CopyPart-
#810	NEW    cov: 722 ft: 1984 corp: 151/153Kb lim: 4096 exec/s: 0 rss: 75Mb L: 25/4096 MS: 1 EraseBytes-
#811	NEW    cov: 722 ft: 1985 corp: 152/157Kb lim: 4096 exec/s: 0 rss: 75Mb L: 4096/4096 MS: 1 ChangeByte-
#818	NEW    cov: 722 ft: 1988 corp: 153/157Kb lim: 4096 exec/s: 0 rss: 76Mb L: 67/4096 MS: 2 CMP-CopyPart- DE: "\004\000\000\000\000\000\000\000"-
#823	REDUCE cov: 722 ft: 1990 corp: 154/158Kb lim: 4096 exec/s: 0 rss: 76Mb L: 572/4096 MS: 5 ChangeASCIIInt-CMP-ChangeASCIIInt-ChangeASCIIInt-CMP- DE: "\377\377\007\000"-"\377\007\000\000"-
#829	REDUCE cov: 722 ft: 1991 corp: 155/158Kb lim: 4096 exec/s: 0 rss: 76Mb L: 327/4096 MS: 1 EraseBytes-
#851	NEW    cov: 722 ft: 1993 corp: 156/162Kb lim: 4096 exec/s: 0 rss: 77Mb L: 4096/4096 MS: 2 ChangeBinInt-ChangeByte-
#854	NEW    cov: 722 ft: 1994 corp: 157/163Kb lim: 4096 exec/s: 0 rss: 77Mb L: 430/4096 MS: 3 CMP-ManualDict-InsertByte- DE: "\377\377\377\207"-"that \\1\\'\\6 with \\6 from \\4 by \\1(\\6. T"-
#855	NEW    cov: 723 ft: 1995 corp: 158/163Kb lim: 4096 exec/s: 0 rss: 77Mb L: 514/4096 MS: 1 InsertRepeatedBytes-
#856	NEW    cov: 723 ft: 1996 corp: 159/163Kb lim: 4096 exec/s: 0 rss: 77Mb L: 69/4096 MS: 1 CMP- DE: "\000\000\000\000\000\000\000\000"-
#887	REDUCE cov: 723 ft: 1996 corp: 159/162Kb lim: 4096 exec/s: 0 rss: 78Mb L: 2177/4096 MS: 1 EraseBytes-
#897	NEW    cov: 723 ft: 1999 corp: 160/164Kb lim: 4096 exec/s: 0 rss: 78Mb L: 2142/4096 MS: 5 ChangeBit-ShuffleBytes-ShuffleBytes-ManualDict-EraseBytes- DE: "needs more input"-
#901	REDUCE cov: 723 ft: 1999 corp: 160/164Kb lim: 4096 exec/s: 0 rss: 78Mb L: 342/4096 MS: 4 CopyPart-InsertRepeatedBytes-CopyPart-EraseBytes-
#907	REDUCE cov: 723 ft: 1999 corp: 160/163Kb lim: 4096 exec/s: 0 rss: 79Mb L: 1708/4096 MS: 1 EraseBytes-
#915	REDUCE cov: 723 ft: 1999 corp: 160/163Kb lim: 4096 exec/s: 0 rss: 79Mb L: 71/4096 MS: 3 ChangeByte-ShuffleBytes-EraseBytes-
#922	NEW    cov: 723 ft: 2002 corp: 161/167Kb lim: 4096 exec/s: 0 rss: 80Mb L: 4096/4096 MS: 2 ChangeASCIIInt-ChangeASCIIInt-
#923	NEW    cov: 723 ft: 2004 corp: 162/171Kb lim: 4096 exec/s: 0 rss: 80Mb L: 4096/4096 MS: 1 ChangeBinInt-
#932	NEW    cov: 723 ft: 2005 corp: 163/171Kb lim: 4096 exec/s: 0 rss: 81Mb L: 534/4096 MS: 4 ShuffleBytes-ChangeASCIIInt-ChangeByte-InsertRepeatedBytes-
#938	NEW    cov: 723 ft: 2006 corp: 164/171Kb lim: 4096 exec/s: 0 rss: 81Mb L: 197/4096 MS: 1 EraseBytes-
#959	NEW    cov: 723 ft: 2008 corp: 165/172Kb lim: 4096 exec/s: 0 rss: 81Mb L: 362/4096 MS: 1 ManualDict- DE: "[]"-
#963	REDUCE cov: 723 ft: 2009 corp: 166/173Kb lim: 4096 exec/s: 0 rss: 81Mb L: 783/4096 MS: 4 CopyPart-InsertByte-CrossOver-CrossOver-
#964	NEW    cov: 723 ft: 2010 corp: 167/173Kb lim: 4096 exec/s: 0 rss: 81Mb L: 299/4096 MS: 1 EraseBytes-
#965	NEW    cov: 723 ft: 2017 corp: 168/173Kb lim: 4096 exec/s: 0 rss: 82Mb L: 84/4096 MS: 1 InsertRepeatedBytes-
#966	REDUCE cov: 723 ft: 2017 corp: 168/172Kb lim: 4096 exec/s: 0 rss: 82Mb L: 1656/4096 MS: 1 EraseBytes-
#969	REDUCE cov: 723 ft: 2018 corp: 169/174Kb lim: 4096 exec/s: 0 rss: 82Mb L: 1336/4096 MS: 3 ShuffleBytes-ChangeByte-InsertByte-
#1010	NEW    cov: 723 ft: 2019 corp: 170/177Kb lim: 4096 exec/s: 0 rss: 83Mb L: 3734/4096 MS: 1 InsertRepeatedBytes-
#1012	REDUCE cov: 723 ft: 2019 corp: 170/176Kb lim: 4096 exec/s: 0 rss: 83Mb L: 1382/4096 MS: 2 ChangeByte-EraseBytes-
#1018	NEW    cov: 723 ft: 2026 corp: 171/179Kb lim: 4096 exec/s: 0 rss: 83Mb L: 2956/4096 MS: 1 ManualDict- DE: "Regular"-
#1027	NEW    cov: 724 ft: 2027 corp: 172/179Kb lim: 4096 exec/s: 0 rss: 84Mb L: 4/4096 MS: 4 ChangeBit-CrossOver-CopyPart-ChangeByte-
#1045	NEW    cov: 724 ft: 2029 corp: 173/180Kb lim: 4096 exec/s: 0 rss: 84Mb L: 747/4096 MS: 3 InsertByte-ChangeBinInt-EraseBytes-
#1051	REDUCE cov: 724 ft: 2029 corp: 173/180Kb lim: 4096 exec/s: 0 rss: 84Mb L: 17/4096 MS: 1 EraseBytes-
#1055	NEW    cov: 725 ft: 2030 corp: 174/180Kb lim: 4096 exec/s: 0 rss: 85Mb L: 4/4096 MS: 4 CopyPart-ChangeBit-ShuffleBytes-CopyPart-
#1076	NEW    cov: 725 ft: 2031 corp: 175/183Kb lim: 4096 exec/s: 0 rss: 86Mb L: 3194/4096 MS: 1 ChangeByte-
#1079	NEW    cov: 725 ft: 2033 corp: 176/183Kb lim: 4096 exec/s: 0 rss: 86Mb L: 40/4096 MS: 3 ChangeBit-CrossOver-CrossOver-
#1096	NEW    cov: 726 ft: 2034 corp: 177/183Kb lim: 4096 exec/s: 0 rss: 86Mb L: 48/4096 MS: 2 ManualDict-ManualDict- DE: "INVALID"-"that \\1\\'\\6 with \\6 from \\4 by \\1(\\6. T"-
#1097	NEW    cov: 726 ft: 2035 corp: 178/187Kb lim: 4096 exec/s: 0 rss: 86Mb L: 4096/4096 MS: 1 CrossOver-
#1102	NEW    cov: 726 ft: 2036 corp: 179/187Kb lim: 4096 exec/s: 0 rss: 86Mb L: 35/4096 MS: 5 ChangeBinInt-PersAutoDict-ShuffleBytes-ShuffleBytes-EraseBytes- DE: "\001\000\004\000"-
#1121	NEW    cov: 726 ft: 2037 corp: 180/191Kb lim: 4096 exec/s: 0 rss: 88Mb L: 4096/4096 MS: 4 ChangeByte-CopyPart-ManualDict-PersAutoDict- DE: "[ProcessCommandsInternal] dictionary word: [%.*s],"-" \000\000\000\000\000\000\000"-
#1123	REDUCE cov: 726 ft: 2037 corp: 180/191Kb lim: 4096 exec/s: 0 rss: 88Mb L: 2739/4096 MS: 2 CrossOver-EraseBytes-
#1130	NEW    cov: 726 ft: 2039 corp: 181/195Kb lim: 4096 exec/s: 0 rss: 88Mb L: 4096/4096 MS: 2 CrossOver-ShuffleBytes-
#1131	NEW    cov: 726 ft: 2041 corp: 182/195Kb lim: 4096 exec/s: 0 rss: 88Mb L: 224/4096 MS: 1 InsertRepeatedBytes-
#1133	NEW    cov: 726 ft: 2043 corp: 183/199Kb lim: 4096 exec/s: 0 rss: 89Mb L: 4040/4096 MS: 2 CrossOver-InsertByte-
#1139	NEW    cov: 728 ft: 2045 corp: 184/200Kb lim: 4096 exec/s: 0 rss: 89Mb L: 510/4096 MS: 1 InsertRepeatedBytes-
#1155	NEW    cov: 728 ft: 2046 corp: 185/200Kb lim: 4096 exec/s: 0 rss: 89Mb L: 15/4096 MS: 1 ChangeBinInt-
#1163	NEW    cov: 728 ft: 2048 corp: 186/202Kb lim: 4096 exec/s: 0 rss: 89Mb L: 1856/4096 MS: 3 EraseBytes-ChangeBit-PersAutoDict- DE: "Large Window Brotli"-
#1179	NEW    cov: 728 ft: 2055 corp: 187/202Kb lim: 4096 exec/s: 0 rss: 92Mb L: 370/4096 MS: 1 PersAutoDict- DE: "\344\377\377\377\377\377\377\377"-
#1182	REDUCE cov: 728 ft: 2055 corp: 187/201Kb lim: 4096 exec/s: 0 rss: 92Mb L: 2782/4096 MS: 3 ChangeByte-InsertRepeatedBytes-CrossOver-
#1190	NEW    cov: 728 ft: 2056 corp: 188/202Kb lim: 4096 exec/s: 0 rss: 92Mb L: 940/4096 MS: 3 CopyPart-InsertByte-CrossOver-
#1229	NEW    cov: 728 ft: 2057 corp: 189/206Kb lim: 4096 exec/s: 0 rss: 94Mb L: 4096/4096 MS: 4 ChangeBit-ChangeASCIIInt-CrossOver-ChangeBinInt-
#1230	NEW    cov: 728 ft: 2058 corp: 190/206Kb lim: 4096 exec/s: 0 rss: 94Mb L: 74/4096 MS: 1 InsertByte-
#1237	NEW    cov: 728 ft: 2060 corp: 191/206Kb lim: 4096 exec/s: 0 rss: 95Mb L: 300/4096 MS: 2 InsertByte-EraseBytes-
#1248	NEW    cov: 728 ft: 2063 corp: 192/207Kb lim: 4096 exec/s: 0 rss: 95Mb L: 370/4096 MS: 1 ChangeByte-
#1251	NEW    cov: 728 ft: 2069 corp: 193/207Kb lim: 4096 exec/s: 0 rss: 95Mb L: 42/4096 MS: 3 CrossOver-ShuffleBytes-ManualDict- DE: "Regular"-
#1282	NEW    cov: 728 ft: 2070 corp: 194/207Kb lim: 4096 exec/s: 0 rss: 96Mb L: 418/4096 MS: 1 InsertRepeatedBytes-
#1284	REDUCE cov: 728 ft: 2070 corp: 194/207Kb lim: 4096 exec/s: 0 rss: 96Mb L: 615/4096 MS: 2 ChangeASCIIInt-EraseBytes-
#1287	REDUCE cov: 728 ft: 2070 corp: 194/207Kb lim: 4096 exec/s: 0 rss: 96Mb L: 839/4096 MS: 3 PersAutoDict-CopyPart-CrossOver- DE: "t \\4ize \\2\\xc2\\xa0\\4ous \\5 the \\2e "-
#1291	REDUCE cov: 728 ft: 2070 corp: 194/207Kb lim: 4096 exec/s: 0 rss: 97Mb L: 307/4096 MS: 4 ChangeBinInt-PersAutoDict-ChangeBit-EraseBytes- DE: "\377\007\000\000"-
#1302	NEW    cov: 728 ft: 2071 corp: 195/211Kb lim: 4096 exec/s: 0 rss: 97Mb L: 4096/4096 MS: 1 CrossOver-
#1324	NEW    cov: 728 ft: 2072 corp: 196/211Kb lim: 4096 exec/s: 0 rss: 98Mb L: 57/4096 MS: 2 ChangeByte-EraseBytes-
#1326	REDUCE cov: 728 ft: 2072 corp: 196/211Kb lim: 4096 exec/s: 0 rss: 98Mb L: 1373/4096 MS: 2 ShuffleBytes-EraseBytes-
#1341	NEW    cov: 729 ft: 2073 corp: 197/211Kb lim: 4096 exec/s: 0 rss: 99Mb L: 483/4096 MS: 5 InsertByte-ChangeBinInt-ChangeBit-InsertRepeatedBytes-ChangeByte-
#1358	NEW    cov: 729 ft: 2074 corp: 198/215Kb lim: 4096 exec/s: 0 rss: 99Mb L: 4096/4096 MS: 2 ShuffleBytes-PersAutoDict- DE: "that \\1\\'\\6 with \\6 from \\4 by \\1(\\6. T"-
#1380	NEW    cov: 729 ft: 2077 corp: 199/215Kb lim: 4096 exec/s: 0 rss: 101Mb L: 74/4096 MS: 2 PersAutoDict-InsertRepeatedBytes- DE: "\377\377\377\207"-
#1384	NEW    cov: 729 ft: 2081 corp: 200/219Kb lim: 4096 exec/s: 0 rss: 101Mb L: 3266/4096 MS: 4 ChangeASCIIInt-ChangeBit-ChangeBit-InsertRepeatedBytes-
#1388	NEW    cov: 729 ft: 2092 corp: 201/222Kb lim: 4096 exec/s: 0 rss: 102Mb L: 2956/4096 MS: 4 ShuffleBytes-ChangeBinInt-ChangeASCIIInt-ChangeBinInt-
#1389	NEW    cov: 730 ft: 2094 corp: 202/224Kb lim: 4096 exec/s: 0 rss: 102Mb L: 2956/4096 MS: 1 CopyPart-
#1396	NEW    cov: 730 ft: 2095 corp: 203/224Kb lim: 4096 exec/s: 0 rss: 102Mb L: 48/4096 MS: 2 ChangeBinInt-CMP- DE: "\037\000\000\000\000\000\000\000"-
#1407	NEW    cov: 730 ft: 2097 corp: 204/228Kb lim: 4096 exec/s: 0 rss: 103Mb L: 4096/4096 MS: 1 CrossOver-
#1423	NEW    cov: 730 ft: 2098 corp: 205/229Kb lim: 4096 exec/s: 0 rss: 104Mb L: 363/4096 MS: 1 PersAutoDict- DE: "[]"-
#1424	REDUCE cov: 730 ft: 2098 corp: 205/229Kb lim: 4096 exec/s: 0 rss: 104Mb L: 19/4096 MS: 1 EraseBytes-
#1434	REDUCE cov: 730 ft: 2104 corp: 206/229Kb lim: 4096 exec/s: 0 rss: 104Mb L: 616/4096 MS: 5 ChangeBinInt-InsertByte-ChangeASCIIInt-ChangeASCIIInt-ShuffleBytes-
#1450	REDUCE cov: 730 ft: 2104 corp: 206/229Kb lim: 4096 exec/s: 0 rss: 105Mb L: 3668/4096 MS: 1 CrossOver-
#1452	NEW    cov: 730 ft: 2105 corp: 207/233Kb lim: 4096 exec/s: 0 rss: 105Mb L: 4096/4096 MS: 2 ChangeBit-ChangeByte-
#1477	NEW    cov: 730 ft: 2107 corp: 208/235Kb lim: 4096 exec/s: 0 rss: 106Mb L: 2336/4096 MS: 5 CMP-ChangeASCIIInt-ChangeByte-InsertByte-EraseBytes- DE: "\000\000\000\372"-
#1493	NEW    cov: 730 ft: 2108 corp: 209/236Kb lim: 4096 exec/s: 0 rss: 106Mb L: 783/4096 MS: 1 ChangeBinInt-
#1494	NEW    cov: 730 ft: 2109 corp: 210/238Kb lim: 4096 exec/s: 0 rss: 106Mb L: 1590/4096 MS: 1 EraseBytes-
#1495	NEW    cov: 730 ft: 2110 corp: 211/242Kb lim: 4096 exec/s: 0 rss: 106Mb L: 4042/4096 MS: 1 InsertRepeatedBytes-
#1506	REDUCE cov: 730 ft: 2110 corp: 211/241Kb lim: 4096 exec/s: 0 rss: 107Mb L: 304/4096 MS: 1 CrossOver-
#1508	NEW    cov: 730 ft: 2111 corp: 212/242Kb lim: 4096 exec/s: 0 rss: 107Mb L: 442/4096 MS: 2 ChangeBit-InsertByte-
#1511	NEW    cov: 730 ft: 2117 corp: 213/242Kb lim: 4096 exec/s: 0 rss: 107Mb L: 18/4096 MS: 3 ChangeByte-ShuffleBytes-EraseBytes-
#1514	NEW    cov: 730 ft: 2126 corp: 214/242Kb lim: 4096 exec/s: 0 rss: 107Mb L: 510/4096 MS: 3 ShuffleBytes-InsertRepeatedBytes-InsertByte-
#1522	NEW    cov: 731 ft: 2132 corp: 215/243Kb lim: 4096 exec/s: 0 rss: 108Mb L: 388/4096 MS: 3 CrossOver-ShuffleBytes-InsertRepeatedBytes-
#1528	NEW    cov: 731 ft: 2138 corp: 216/243Kb lim: 4096 exec/s: 0 rss: 108Mb L: 413/4096 MS: 1 InsertRepeatedBytes-
#1534	NEW    cov: 731 ft: 2142 corp: 217/243Kb lim: 4096 exec/s: 0 rss: 108Mb L: 77/4096 MS: 1 CrossOver-
#1544	NEW    cov: 731 ft: 2147 corp: 218/243Kb lim: 4096 exec/s: 0 rss: 109Mb L: 32/4096 MS: 5 InsertByte-InsertRepeatedBytes-ManualDict-ShuffleBytes-CopyPart- DE: "Large Window Brotli"-
#1558	REDUCE cov: 731 ft: 2147 corp: 218/243Kb lim: 4096 exec/s: 0 rss: 109Mb L: 543/4096 MS: 4 ChangeBit-ChangeBit-ChangeASCIIInt-EraseBytes-
#1585	REDUCE cov: 731 ft: 2147 corp: 218/243Kb lim: 4096 exec/s: 0 rss: 110Mb L: 66/4096 MS: 2 PersAutoDict-EraseBytes- DE: "\377\377\377\207"-
#1587	NEW    cov: 731 ft: 2149 corp: 219/244Kb lim: 4096 exec/s: 0 rss: 110Mb L: 784/4096 MS: 2 InsertByte-ChangeBit-
#1588	NEW    cov: 731 ft: 2150 corp: 220/244Kb lim: 4096 exec/s: 0 rss: 110Mb L: 70/4096 MS: 1 InsertByte-
#1601	NEW    cov: 731 ft: 2151 corp: 221/244Kb lim: 4096 exec/s: 0 rss: 111Mb L: 361/4096 MS: 3 ManualDict-ChangeBit-ManualDict- DE: "needs more input"-"INVALID"-
#1613	NEW    cov: 731 ft: 2155 corp: 222/248Kb lim: 4096 exec/s: 0 rss: 111Mb L: 3994/4096 MS: 2 CopyPart-InsertRepeatedBytes-
#1620	NEW    cov: 731 ft: 2156 corp: 223/249Kb lim: 4096 exec/s: 0 rss: 111Mb L: 362/4096 MS: 2 ChangeBinInt-ChangeBit-
#1622	NEW    cov: 731 ft: 2164 corp: 224/249Kb lim: 4096 exec/s: 0 rss: 111Mb L: 357/4096 MS: 2 ManualDict-CrossOver- DE: "[]"-
#1664	NEW    cov: 734 ft: 2167 corp: 225/250Kb lim: 4096 exec/s: 0 rss: 114Mb L: 788/4096 MS: 2 PersAutoDict-CrossOver- DE: "Large Window Brotli"-
#1686	NEW    cov: 734 ft: 2168 corp: 226/250Kb lim: 4096 exec/s: 0 rss: 115Mb L: 35/4096 MS: 2 ChangeBit-CopyPart-
#1690	REDUCE cov: 734 ft: 2170 corp: 227/250Kb lim: 4096 exec/s: 0 rss: 115Mb L: 358/4096 MS: 4 CrossOver-ChangeByte-ChangeBinInt-PersAutoDict- DE: "\004\000\000\000\000\000\000\000"-
#1714	NEW    cov: 734 ft: 2172 corp: 228/252Kb lim: 4096 exec/s: 0 rss: 116Mb L: 2121/4096 MS: 4 ChangeASCIIInt-CopyPart-CopyPart-EraseBytes-
#1720	NEW    cov: 734 ft: 2173 corp: 229/252Kb lim: 4096 exec/s: 0 rss: 116Mb L: 42/4096 MS: 1 ChangeBinInt-
#1721	NEW    cov: 734 ft: 2176 corp: 230/252Kb lim: 4096 exec/s: 0 rss: 116Mb L: 18/4096 MS: 1 ShuffleBytes-
#1722	REDUCE cov: 734 ft: 2176 corp: 230/252Kb lim: 4096 exec/s: 0 rss: 116Mb L: 33/4096 MS: 1 EraseBytes-
#1733	NEW    cov: 734 ft: 2177 corp: 231/252Kb lim: 4096 exec/s: 0 rss: 116Mb L: 91/4096 MS: 1 CrossOver-
#1747	NEW    cov: 734 ft: 2179 corp: 232/252Kb lim: 4096 exec/s: 0 rss: 117Mb L: 27/4096 MS: 4 ChangeBit-ShuffleBytes-ShuffleBytes-CopyPart-
#1753	REDUCE cov: 734 ft: 2179 corp: 232/252Kb lim: 4096 exec/s: 0 rss: 117Mb L: 38/4096 MS: 1 EraseBytes-
#1754	NEW    cov: 734 ft: 2184 corp: 233/252Kb lim: 4096 exec/s: 0 rss: 117Mb L: 98/4096 MS: 1 CopyPart-
#1755	NEW    cov: 734 ft: 2185 corp: 234/252Kb lim: 4096 exec/s: 0 rss: 117Mb L: 5/4096 MS: 1 ChangeByte-
#1764	NEW    cov: 734 ft: 2187 corp: 235/252Kb lim: 4096 exec/s: 0 rss: 118Mb L: 71/4096 MS: 4 ChangeByte-InsertByte-ChangeByte-ChangeASCIIInt-
#1769	NEW    cov: 735 ft: 2192 corp: 236/253Kb lim: 4096 exec/s: 0 rss: 118Mb L: 576/4096 MS: 5 ManualDict-CopyPart-PersAutoDict-ChangeByte-CrossOver- DE: "needs more output"-"[ProcessCommandsInternal] dictionary word: [%.*s],"-
#1774	REDUCE cov: 735 ft: 2192 corp: 236/252Kb lim: 4096 exec/s: 0 rss: 118Mb L: 715/4096 MS: 5 InsertByte-ManualDict-ChangeASCIIInt-ChangeBit-EraseBytes- DE: "Large Window Brotli"-
#1800	REDUCE cov: 735 ft: 2192 corp: 236/252Kb lim: 4096 exec/s: 0 rss: 119Mb L: 34/4096 MS: 1 EraseBytes-
#1801	NEW    cov: 737 ft: 2195 corp: 237/252Kb lim: 4096 exec/s: 0 rss: 119Mb L: 1/4096 MS: 1 ChangeBit-
#1807	NEW    cov: 739 ft: 2197 corp: 238/252Kb lim: 4096 exec/s: 0 rss: 119Mb L: 7/4096 MS: 1 CrossOver-
#1816	NEW    cov: 739 ft: 2199 corp: 239/255Kb lim: 4096 exec/s: 0 rss: 120Mb L: 2491/4096 MS: 4 CrossOver-ChangeASCIIInt-CopyPart-EraseBytes-
#1839	NEW    cov: 739 ft: 2200 corp: 240/258Kb lim: 4096 exec/s: 0 rss: 121Mb L: 3088/4096 MS: 3 InsertRepeatedBytes-EraseBytes-CopyPart-
#1876	REDUCE cov: 739 ft: 2200 corp: 240/258Kb lim: 4096 exec/s: 0 rss: 123Mb L: 1301/4096 MS: 2 ChangeByte-EraseBytes-
#1882	NEW    cov: 739 ft: 2201 corp: 241/260Kb lim: 4096 exec/s: 0 rss: 124Mb L: 2121/4096 MS: 1 ShuffleBytes-
#1883	REDUCE cov: 739 ft: 2201 corp: 241/259Kb lim: 4096 exec/s: 0 rss: 124Mb L: 2749/4096 MS: 1 EraseBytes-
#1888	NEW    cov: 739 ft: 2206 corp: 242/259Kb lim: 4096 exec/s: 0 rss: 124Mb L: 53/4096 MS: 5 CMP-ChangeBit-CopyPart-ChangeBit-InsertRepeatedBytes- DE: "\000\000\000\000\000\000\037\342"-
#1896	REDUCE cov: 739 ft: 2206 corp: 242/259Kb lim: 4096 exec/s: 0 rss: 124Mb L: 1547/4096 MS: 3 ChangeByte-CMP-EraseBytes- DE: "!\000\000\000\000\000\000\000"-
#1901	NEW    cov: 739 ft: 2211 corp: 243/259Kb lim: 4096 exec/s: 0 rss: 124Mb L: 12/4096 MS: 5 PersAutoDict-ChangeBit-EraseBytes-InsertByte-ChangeByte- DE: "INVALID"-
#1913	NEW    cov: 739 ft: 2212 corp: 244/263Kb lim: 4096 exec/s: 0 rss: 125Mb L: 3559/4096 MS: 2 ChangeBinInt-ChangeByte-
#1944	NEW    cov: 739 ft: 2213 corp: 245/263Kb lim: 4096 exec/s: 0 rss: 126Mb L: 25/4096 MS: 1 CopyPart-
#1951	REDUCE cov: 739 ft: 2213 corp: 245/262Kb lim: 4096 exec/s: 0 rss: 126Mb L: 305/4096 MS: 2 CrossOver-EraseBytes-
#1958	NEW    cov: 739 ft: 2214 corp: 246/263Kb lim: 4096 exec/s: 0 rss: 127Mb L: 363/4096 MS: 2 PersAutoDict-PersAutoDict- DE: " not \\3er \\3al \\4ful \\4ive \\5less \\4es"-"\001\022"-
#2002	REDUCE cov: 739 ft: 2214 corp: 246/262Kb lim: 4096 exec/s: 0 rss: 129Mb L: 456/4096 MS: 4 PersAutoDict-CrossOver-ChangeBinInt-CrossOver- DE: "\000\000\000\000\000\000\037\342"-
#2003	REDUCE cov: 739 ft: 2215 corp: 247/262Kb lim: 4096 exec/s: 0 rss: 129Mb L: 67/4096 MS: 1 InsertByte-
#2004	NEW    cov: 739 ft: 2218 corp: 248/262Kb lim: 4096 exec/s: 0 rss: 129Mb L: 70/4096 MS: 1 ManualDict- DE: "Regular"-
#2032	NEW    cov: 740 ft: 2219 corp: 249/266Kb lim: 4096 exec/s: 0 rss: 130Mb L: 4096/4096 MS: 3 ChangeASCIIInt-PersAutoDict-ChangeByte- DE: "[]"-
#2060	NEW    cov: 740 ft: 2220 corp: 250/270Kb lim: 4096 exec/s: 0 rss: 132Mb L: 4096/4096 MS: 3 CrossOver-ShuffleBytes-CrossOver-
#2062	REDUCE cov: 740 ft: 2220 corp: 250/270Kb lim: 4096 exec/s: 0 rss: 132Mb L: 1244/4096 MS: 2 ChangeByte-CrossOver-
#2108	NEW    cov: 740 ft: 2221 corp: 251/270Kb lim: 4096 exec/s: 0 rss: 134Mb L: 71/4096 MS: 1 InsertByte-
#2142	REDUCE cov: 740 ft: 2221 corp: 251/270Kb lim: 4096 exec/s: 0 rss: 135Mb L: 195/4096 MS: 4 ChangeBinInt-ManualDict-CrossOver-EraseBytes- DE: " not \\3er \\3al \\4ful \\4ive \\5less \\4es"-
#2143	NEW    cov: 740 ft: 2222 corp: 252/270Kb lim: 4096 exec/s: 0 rss: 135Mb L: 50/4096 MS: 1 InsertRepeatedBytes-
#2166	NEW    cov: 740 ft: 2223 corp: 253/273Kb lim: 4096 exec/s: 0 rss: 136Mb L: 3194/4096 MS: 3 CMP-ChangeBinInt-CMP- DE: " \000\000\000\000\000\000\000"-"\001\000\000\000\000\000\000\037"-
#2212	REDUCE cov: 740 ft: 2223 corp: 253/273Kb lim: 4096 exec/s: 0 rss: 138Mb L: 31/4096 MS: 1 EraseBytes-
#2218	REDUCE cov: 740 ft: 2223 corp: 253/272Kb lim: 4096 exec/s: 0 rss: 138Mb L: 3139/4096 MS: 1 EraseBytes-
#2220	NEW    cov: 740 ft: 2235 corp: 254/275Kb lim: 4096 exec/s: 0 rss: 138Mb L: 2670/4096 MS: 2 PersAutoDict-InsertByte- DE: "\037\000\000\000\000\000\000\000"-
#2248	NEW    cov: 740 ft: 2239 corp: 255/279Kb lim: 4096 exec/s: 0 rss: 139Mb L: 4096/4096 MS: 3 ChangeByte-CopyPart-CrossOver-
#2270	NEW    cov: 740 ft: 2242 corp: 256/281Kb lim: 4096 exec/s: 0 rss: 140Mb L: 2204/4096 MS: 2 InsertRepeatedBytes-ShuffleBytes-
#2272	REDUCE cov: 740 ft: 2242 corp: 256/280Kb lim: 4096 exec/s: 0 rss: 140Mb L: 1765/4096 MS: 2 ChangeBit-EraseBytes-
#2274	NEW    cov: 740 ft: 2245 corp: 257/284Kb lim: 4096 exec/s: 0 rss: 141Mb L: 4096/4096 MS: 2 CopyPart-ChangeASCIIInt-
#2280	NEW    cov: 740 ft: 2246 corp: 258/288Kb lim: 4096 exec/s: 0 rss: 141Mb L: 3698/4096 MS: 1 PersAutoDict- DE: "\000\000\000\000\000\000\000\000"-
#2347	NEW    cov: 740 ft: 2247 corp: 259/288Kb lim: 4096 exec/s: 0 rss: 143Mb L: 365/4096 MS: 2 InsertByte-InsertByte-
#2358	NEW    cov: 740 ft: 2249 corp: 260/288Kb lim: 4096 exec/s: 0 rss: 143Mb L: 147/4096 MS: 1 InsertRepeatedBytes-
#2390	REDUCE cov: 740 ft: 2264 corp: 261/289Kb lim: 4096 exec/s: 0 rss: 145Mb L: 393/4096 MS: 2 InsertRepeatedBytes-EraseBytes-
#2391	NEW    cov: 740 ft: 2273 corp: 262/289Kb lim: 4096 exec/s: 0 rss: 145Mb L: 69/4096 MS: 1 ManualDict- DE: "Large Window Brotli"-
#2409	REDUCE cov: 740 ft: 2273 corp: 262/289Kb lim: 4096 exec/s: 0 rss: 146Mb L: 1260/4096 MS: 3 ChangeASCIIInt-ChangeByte-EraseBytes-
#2433	REDUCE cov: 740 ft: 2273 corp: 262/289Kb lim: 4096 exec/s: 0 rss: 149Mb L: 125/4096 MS: 4 InsertByte-CMP-ChangeBit-EraseBytes- DE: "\377\377\377\377\377\377\377\000"-
#2439	NEW    cov: 740 ft: 2274 corp: 263/293Kb lim: 4096 exec/s: 0 rss: 150Mb L: 4096/4096 MS: 1 CopyPart-
#2440	NEW    cov: 740 ft: 2278 corp: 264/293Kb lim: 4096 exec/s: 0 rss: 150Mb L: 16/4096 MS: 1 EraseBytes-
#2455	NEW    cov: 740 ft: 2279 corp: 265/293Kb lim: 4096 exec/s: 0 rss: 150Mb L: 284/4096 MS: 5 EraseBytes-ManualDict-InsertRepeatedBytes-ChangeByte-ChangeBit- DE: " not \\3er \\3al \\4ful \\4ive \\5less \\4es"-
#2456	NEW    cov: 740 ft: 2280 corp: 266/296Kb lim: 4096 exec/s: 0 rss: 150Mb L: 3194/4096 MS: 1 ChangeBit-
#2457	REDUCE cov: 740 ft: 2280 corp: 266/296Kb lim: 4096 exec/s: 0 rss: 151Mb L: 2804/4096 MS: 1 EraseBytes-
#2474	NEW    cov: 740 ft: 2281 corp: 267/300Kb lim: 4096 exec/s: 0 rss: 152Mb L: 4096/4096 MS: 2 ManualDict-ChangeBit- DE: "needs more output"-
#2498	NEW    cov: 740 ft: 2282 corp: 268/300Kb lim: 4096 exec/s: 0 rss: 153Mb L: 43/4096 MS: 4 ChangeBinInt-ChangeBinInt-ManualDict-EraseBytes- DE: "needs more input"-
#2524	NEW    cov: 740 ft: 2284 corp: 269/300Kb lim: 4096 exec/s: 0 rss: 153Mb L: 58/4096 MS: 1 ManualDict- DE: "needs more output"-
#2534	REDUCE cov: 740 ft: 2285 corp: 270/301Kb lim: 4096 exec/s: 0 rss: 154Mb L: 842/4096 MS: 5 ChangeByte-InsertByte-ChangeByte-InsertByte-InsertByte-
#2572	REDUCE cov: 740 ft: 2285 corp: 270/301Kb lim: 4096 exec/s: 0 rss: 158Mb L: 281/4096 MS: 3 InsertByte-ChangeBinInt-EraseBytes-
#2593	NEW    cov: 740 ft: 2288 corp: 271/301Kb lim: 4096 exec/s: 0 rss: 159Mb L: 27/4096 MS: 1 ChangeBinInt-
#2631	REDUCE cov: 740 ft: 2289 corp: 272/304Kb lim: 4096 exec/s: 0 rss: 161Mb L: 2864/4096 MS: 3 ManualDict-ManualDict-InsertRepeatedBytes- DE: "Regular"-"[ProcessCommandsInternal] dictionary word: [%.*s],"-
#2632	NEW    cov: 740 ft: 2291 corp: 273/305Kb lim: 4096 exec/s: 0 rss: 161Mb L: 1895/4096 MS: 1 CrossOver-
#2643	NEW    cov: 740 ft: 2292 corp: 274/309Kb lim: 4096 exec/s: 0 rss: 162Mb L: 3560/4096 MS: 1 CrossOver-
#2648	REDUCE cov: 740 ft: 2296 corp: 275/309Kb lim: 4096 exec/s: 0 rss: 162Mb L: 567/4096 MS: 5 InsertByte-InsertByte-ChangeByte-ChangeBit-CrossOver-
#2653	NEW    cov: 741 ft: 2297 corp: 276/310Kb lim: 4096 exec/s: 0 rss: 162Mb L: 362/4096 MS: 5 ShuffleBytes-ChangeBit-ShuffleBytes-CMP-ChangeBinInt- DE: "\377\377\377\377\377\377\377\024"-
#2696	REDUCE cov: 741 ft: 2297 corp: 276/310Kb lim: 4096 exec/s: 0 rss: 164Mb L: 416/4096 MS: 3 ManualDict-PersAutoDict-CrossOver- DE: "that \\1\\'\\6 with \\6 from \\4 by \\1(\\6. T"-"\037\000\000\000\000\000\000\000"-
#2714	REDUCE cov: 741 ft: 2297 corp: 276/310Kb lim: 4096 exec/s: 0 rss: 164Mb L: 310/4096 MS: 3 ChangeBit-CrossOver-EraseBytes-
#2721	REDUCE cov: 741 ft: 2297 corp: 276/310Kb lim: 4096 exec/s: 0 rss: 164Mb L: 56/4096 MS: 2 ChangeASCIIInt-EraseBytes-
#2737	NEW    cov: 741 ft: 2299 corp: 277/310Kb lim: 4096 exec/s: 0 rss: 165Mb L: 59/4096 MS: 1 ChangeBinInt-
#2754	REDUCE cov: 741 ft: 2299 corp: 277/310Kb lim: 4096 exec/s: 0 rss: 166Mb L: 61/4096 MS: 2 ChangeBit-EraseBytes-
#2760	NEW    cov: 741 ft: 2300 corp: 278/310Kb lim: 4096 exec/s: 0 rss: 166Mb L: 16/4096 MS: 1 CrossOver-
#2766	NEW    cov: 741 ft: 2303 corp: 279/310Kb lim: 4096 exec/s: 0 rss: 166Mb L: 13/4096 MS: 1 PersAutoDict- DE: "\377\377\377\377"-
#2773	NEW    cov: 741 ft: 2304 corp: 280/310Kb lim: 4096 exec/s: 0 rss: 167Mb L: 26/4096 MS: 2 ManualDict-ChangeBit- DE: "Regular"-
#2779	NEW    cov: 741 ft: 2306 corp: 281/310Kb lim: 4096 exec/s: 0 rss: 167Mb L: 45/4096 MS: 1 ManualDict- DE: " not \\3er \\3al \\4ful \\4ive \\5less \\4es"-
#2783	REDUCE cov: 741 ft: 2306 corp: 281/310Kb lim: 4096 exec/s: 0 rss: 167Mb L: 115/4096 MS: 4 ChangeBinInt-InsertRepeatedBytes-ChangeASCIIInt-EraseBytes-
#2800	NEW    cov: 744 ft: 2312 corp: 282/310Kb lim: 4096 exec/s: 0 rss: 169Mb L: 70/4096 MS: 2 ShuffleBytes-InsertByte-
#2801	NEW    cov: 744 ft: 2313 corp: 283/310Kb lim: 4096 exec/s: 0 rss: 169Mb L: 24/4096 MS: 1 PersAutoDict- DE: "!\000\000\000\000\000\000\000"-
#2827	NEW    cov: 744 ft: 2317 corp: 284/310Kb lim: 4096 exec/s: 0 rss: 170Mb L: 42/4096 MS: 1 EraseBytes-
#2836	NEW    cov: 744 ft: 2318 corp: 285/310Kb lim: 4096 exec/s: 0 rss: 170Mb L: 31/4096 MS: 4 ChangeBinInt-ManualDict-CopyPart-ChangeBinInt- DE: "INVALID"-
#2891	REDUCE cov: 744 ft: 2318 corp: 285/308Kb lim: 4096 exec/s: 0 rss: 171Mb L: 1297/4096 MS: 5 ChangeASCIIInt-ManualDict-InsertRepeatedBytes-ChangeBit-CrossOver- DE: "Large Window Brotli"-
#2894	NEW    cov: 744 ft: 2319 corp: 286/308Kb lim: 4096 exec/s: 0 rss: 172Mb L: 85/4096 MS: 3 CrossOver-PersAutoDict-ChangeBinInt- DE: "\000\000\002\241"-
#2901	REDUCE cov: 744 ft: 2319 corp: 286/308Kb lim: 4096 exec/s: 0 rss: 172Mb L: 1393/4096 MS: 2 ChangeBinInt-EraseBytes-
#2902	NEW    cov: 744 ft: 2321 corp: 287/308Kb lim: 4096 exec/s: 0 rss: 172Mb L: 30/4096 MS: 1 EraseBytes-
#2903	REDUCE cov: 744 ft: 2321 corp: 287/308Kb lim: 4096 exec/s: 0 rss: 172Mb L: 269/4096 MS: 1 EraseBytes-
#2909	NEW    cov: 744 ft: 2323 corp: 288/308Kb lim: 4096 exec/s: 0 rss: 173Mb L: 466/4096 MS: 1 CrossOver-
#2933	NEW    cov: 746 ft: 2325 corp: 289/308Kb lim: 4096 exec/s: 0 rss: 174Mb L: 27/4096 MS: 4 ShuffleBytes-ShuffleBytes-ChangeBit-CMP- DE: "\377\377\377\377\377\377\377\367"-
#2959	NEW    cov: 746 ft: 2326 corp: 290/312Kb lim: 4096 exec/s: 0 rss: 175Mb L: 3813/4096 MS: 1 CrossOver-
#2983	REDUCE cov: 746 ft: 2326 corp: 290/312Kb lim: 4096 exec/s: 0 rss: 176Mb L: 1052/4096 MS: 4 InsertByte-ManualDict-ChangeASCIIInt-EraseBytes- DE: "Large Window Brotli"-
#3010	REDUCE cov: 746 ft: 2326 corp: 290/311Kb lim: 4096 exec/s: 0 rss: 178Mb L: 3326/4096 MS: 2 PersAutoDict-EraseBytes- DE: "\377\377\377\377"-
#3012	REDUCE cov: 746 ft: 2326 corp: 290/309Kb lim: 4096 exec/s: 0 rss: 178Mb L: 2306/4096 MS: 2 ShuffleBytes-EraseBytes-
#3043	REDUCE cov: 746 ft: 2327 corp: 291/310Kb lim: 4096 exec/s: 0 rss: 179Mb L: 416/4096 MS: 1 InsertRepeatedBytes-
#3054	NEW    cov: 746 ft: 2331 corp: 292/310Kb lim: 4096 exec/s: 0 rss: 179Mb L: 99/4096 MS: 1 InsertRepeatedBytes-
#3066	NEW    cov: 746 ft: 2332 corp: 293/314Kb lim: 4096 exec/s: 0 rss: 180Mb L: 4096/4096 MS: 2 ChangeBinInt-CopyPart-
#3070	NEW    cov: 746 ft: 2333 corp: 294/314Kb lim: 4096 exec/s: 0 rss: 181Mb L: 209/4096 MS: 4 InsertRepeatedBytes-InsertRepeatedBytes-InsertRepeatedBytes-ChangeBit-
#3076	REDUCE cov: 746 ft: 2333 corp: 294/314Kb lim: 4096 exec/s: 0 rss: 181Mb L: 214/4096 MS: 1 EraseBytes-
#3116	NEW    cov: 746 ft: 2334 corp: 295/318Kb lim: 4096 exec/s: 0 rss: 182Mb L: 4096/4096 MS: 5 ChangeBit-ChangeASCIIInt-ChangeBit-ChangeBinInt-ChangeBinInt-
#3118	REDUCE cov: 746 ft: 2334 corp: 295/317Kb lim: 4096 exec/s: 0 rss: 183Mb L: 2669/4096 MS: 2 ChangeByte-EraseBytes-
#3126	REDUCE cov: 746 ft: 2337 corp: 296/317Kb lim: 4096 exec/s: 0 rss: 183Mb L: 459/4096 MS: 3 CrossOver-InsertByte-ManualDict- DE: "that \\1\\'\\6 with \\6 from \\4 by \\1(\\6. T"-
#3173	NEW    cov: 746 ft: 2338 corp: 297/321Kb lim: 4096 exec/s: 0 rss: 185Mb L: 4096/4096 MS: 2 CopyPart-CMP- DE: "\361\377?\000"-
#3177	REDUCE cov: 746 ft: 2340 corp: 298/324Kb lim: 4096 exec/s: 0 rss: 185Mb L: 2782/4096 MS: 4 PersAutoDict-ManualDict-PersAutoDict-CopyPart- DE: "\377\377\377\207"-"t \\4ize \\2\\xc2\\xa0\\4ous \\5 the \\2e "-"\000\000\000\372"-
#3186	NEW    cov: 746 ft: 2342 corp: 299/324Kb lim: 4096 exec/s: 0 rss: 185Mb L: 491/4096 MS: 4 ChangeBit-PersAutoDict-CMP-CopyPart- DE: "\377\377\007\000"-"\017\000\000\000\000\000\000\000"-
#3194	REDUCE cov: 746 ft: 2342 corp: 299/324Kb lim: 4096 exec/s: 0 rss: 186Mb L: 2557/4096 MS: 3 InsertRepeatedBytes-InsertByte-EraseBytes-
#3197	NEW    cov: 746 ft: 2343 corp: 300/325Kb lim: 4096 exec/s: 0 rss: 186Mb L: 663/4096 MS: 3 InsertByte-CrossOver-PersAutoDict- DE: "t \\4ize \\2\\xc2\\xa0\\4ous \\5 the \\2e "-
#3200	NEW    cov: 747 ft: 2344 corp: 301/325Kb lim: 4096 exec/s: 0 rss: 186Mb L: 11/4096 MS: 3 CopyPart-CrossOver-PersAutoDict- DE: "[]"-
#3202	NEW    cov: 747 ft: 2345 corp: 302/329Kb lim: 4096 exec/s: 0 rss: 186Mb L: 4048/4096 MS: 2 ChangeASCIIInt-PersAutoDict- DE: "\000\000\000\000\000\000\037\342"-
#3265	REDUCE cov: 747 ft: 2345 corp: 302/329Kb lim: 4096 exec/s: 0 rss: 189Mb L: 678/4096 MS: 3 PersAutoDict-PersAutoDict-EraseBytes- DE: "\377\000"-"!\000\000\000\000\000\000\000"-
#3338	REDUCE cov: 747 ft: 2345 corp: 302/329Kb lim: 4096 exec/s: 0 rss: 193Mb L: 30/4096 MS: 3 ChangeBit-InsertByte-EraseBytes-
#3340	REDUCE cov: 747 ft: 2345 corp: 302/328Kb lim: 4096 exec/s: 3340 rss: 193Mb L: 508/4096 MS: 2 InsertRepeatedBytes-EraseBytes-
#3351	NEW    cov: 747 ft: 2346 corp: 303/332Kb lim: 4096 exec/s: 3351 rss: 193Mb L: 4096/4096 MS: 1 CrossOver-
#3359	REDUCE cov: 747 ft: 2346 corp: 303/332Kb lim: 4096 exec/s: 3359 rss: 193Mb L: 361/4096 MS: 3 ShuffleBytes-ChangeByte-EraseBytes-
#3440	NEW    cov: 747 ft: 2347 corp: 304/332Kb lim: 4096 exec/s: 3440 rss: 197Mb L: 43/4096 MS: 1 CMP- DE: "@\000\000\000\000\000\000\000"-
#3450	NEW    cov: 747 ft: 2349 corp: 305/336Kb lim: 4096 exec/s: 3450 rss: 198Mb L: 3291/4096 MS: 5 ShuffleBytes-ChangeASCIIInt-EraseBytes-ChangeByte-ChangeASCIIInt-
#3490	NEW    cov: 747 ft: 2350 corp: 306/338Kb lim: 4096 exec/s: 3490 rss: 206Mb L: 2304/4096 MS: 4 ManualDict-InsertByte-EraseBytes-CMP- DE: "needs more input"-"\000\000\002\000"-
#3501	NEW    cov: 747 ft: 2351 corp: 307/339Kb lim: 4096 exec/s: 3501 rss: 207Mb L: 892/4096 MS: 1 InsertRepeatedBytes-
#3512	NEW    cov: 747 ft: 2355 corp: 308/339Kb lim: 4096 exec/s: 3512 rss: 207Mb L: 93/4096 MS: 1 CopyPart-
#3518	NEW    cov: 747 ft: 2359 corp: 309/339Kb lim: 4096 exec/s: 3518 rss: 207Mb L: 70/4096 MS: 1 InsertByte-
#3530	NEW    cov: 747 ft: 2360 corp: 310/339Kb lim: 4096 exec/s: 3530 rss: 208Mb L: 11/4096 MS: 2 ChangeBit-ChangeByte-
#3570	NEW    cov: 747 ft: 2363 corp: 311/339Kb lim: 4096 exec/s: 3570 rss: 209Mb L: 15/4096 MS: 5 ChangeBit-CMP-PersAutoDict-EraseBytes-CMP- DE: "\003\253"-"\017\000\000\000\000\000\000\000"-"\351\037\000\000\000\000\000\000"-
#3581	REDUCE cov: 747 ft: 2363 corp: 311/338Kb lim: 4096 exec/s: 3581 rss: 209Mb L: 3590/4096 MS: 1 CrossOver-
#3635	REDUCE cov: 747 ft: 2363 corp: 311/338Kb lim: 4096 exec/s: 3635 rss: 211Mb L: 238/4096 MS: 4 InsertByte-CopyPart-CopyPart-EraseBytes-
#3652	NEW    cov: 747 ft: 2368 corp: 312/338Kb lim: 4096 exec/s: 3652 rss: 212Mb L: 24/4096 MS: 2 ManualDict-EraseBytes- DE: "Regular"-
#3697	NEW    cov: 748 ft: 2370 corp: 313/339Kb lim: 4096 exec/s: 3697 rss: 213Mb L: 427/4096 MS: 5 ChangeBinInt-ManualDict-ChangeByte-InsertByte-ChangeByte- DE: "needs more output"-
#3698	REDUCE cov: 749 ft: 2371 corp: 314/339Kb lim: 4096 exec/s: 3698 rss: 213Mb L: 2/4096 MS: 1 InsertByte-
#3704	NEW    cov: 749 ft: 2372 corp: 315/342Kb lim: 4096 exec/s: 3704 rss: 214Mb L: 3442/4096 MS: 1 EraseBytes-
#3716	REDUCE cov: 749 ft: 2372 corp: 315/342Kb lim: 4096 exec/s: 3716 rss: 214Mb L: 746/4096 MS: 2 ChangeByte-EraseBytes-
	NEW_FUNC[1/1]: 0xaaaac438cb88 in SafeDecodeLiteralBlockSwitch /b/brotli/c/dec/decode.c:1219
#3722	NEW    cov: 768 ft: 2391 corp: 316/344Kb lim: 4096 exec/s: 3722 rss: 214Mb L: 1891/4096 MS: 1 EraseBytes-
#3732	REDUCE cov: 768 ft: 2391 corp: 316/343Kb lim: 4096 exec/s: 3732 rss: 214Mb L: 1594/4096 MS: 5 ChangeASCIIInt-ManualDict-CopyPart-ShuffleBytes-EraseBytes- DE: "Regular"-
#3745	NEW    cov: 768 ft: 2393 corp: 317/345Kb lim: 4096 exec/s: 3745 rss: 214Mb L: 1900/4096 MS: 3 InsertByte-CMP-ManualDict- DE: "\000\000\000\000\000\000\000\000"-"needs more output"-
#3767	REDUCE cov: 768 ft: 2397 corp: 318/345Kb lim: 4096 exec/s: 3767 rss: 214Mb L: 238/4096 MS: 2 ManualDict-ShuffleBytes- DE: "[ProcessCommandsInternal] dictionary word: [%.*s],"-
#3778	NEW    cov: 769 ft: 2398 corp: 319/346Kb lim: 4096 exec/s: 3778 rss: 214Mb L: 784/4096 MS: 1 InsertByte-
#3783	REDUCE cov: 769 ft: 2398 corp: 319/346Kb lim: 4096 exec/s: 3783 rss: 214Mb L: 334/4096 MS: 5 ManualDict-InsertRepeatedBytes-ChangeByte-ChangeByte-EraseBytes- DE: "needs more output"-
#3787	NEW    cov: 769 ft: 2399 corp: 320/346Kb lim: 4096 exec/s: 3787 rss: 214Mb L: 300/4096 MS: 4 ManualDict-PersAutoDict-InsertByte-ShuffleBytes- DE: "Large Window Brotli"-"\003\253"-
#3788	REDUCE cov: 769 ft: 2399 corp: 320/346Kb lim: 4096 exec/s: 3788 rss: 214Mb L: 12/4096 MS: 1 EraseBytes-
#3803	REDUCE cov: 769 ft: 2399 corp: 320/346Kb lim: 4096 exec/s: 3803 rss: 214Mb L: 311/4096 MS: 5 CMP-ChangeBinInt-CMP-InsertByte-EraseBytes- DE: "\372\377\377\377"-"\005\000\000\000\000\000\000\000"-
#3823	NEW    cov: 769 ft: 2401 corp: 321/346Kb lim: 4096 exec/s: 3823 rss: 214Mb L: 156/4096 MS: 5 InsertByte-InsertByte-CMP-CopyPart-InsertRepeatedBytes- DE: "+\000\000\000"-
#3837	NEW    cov: 769 ft: 2404 corp: 322/348Kb lim: 4096 exec/s: 3837 rss: 214Mb L: 2095/4096 MS: 4 ShuffleBytes-InsertRepeatedBytes-ChangeBit-CrossOver-
#3838	REDUCE cov: 769 ft: 2404 corp: 322/348Kb lim: 4096 exec/s: 3838 rss: 214Mb L: 647/4096 MS: 1 EraseBytes-
#3887	REDUCE cov: 769 ft: 2404 corp: 322/348Kb lim: 4096 exec/s: 3887 rss: 214Mb L: 263/4096 MS: 4 ManualDict-ChangeByte-PersAutoDict-EraseBytes- DE: "t \\4ize \\2\\xc2\\xa0\\4ous \\5 the \\2e "-"\372\377\377\377"-
#3901	REDUCE cov: 769 ft: 2408 corp: 323/348Kb lim: 4096 exec/s: 3901 rss: 214Mb L: 27/4096 MS: 4 ChangeByte-ChangeASCIIInt-EraseBytes-InsertByte-
#3937	NEW    cov: 769 ft: 2409 corp: 324/348Kb lim: 4096 exec/s: 3937 rss: 214Mb L: 65/4096 MS: 1 EraseBytes-
#4006	NEW    cov: 769 ft: 2410 corp: 325/348Kb lim: 4096 exec/s: 4006 rss: 216Mb L: 82/4096 MS: 4 InsertRepeatedBytes-InsertByte-PersAutoDict-PersAutoDict- DE: "\001\000\004\000"-"t \\4ize \\2\\xc2\\xa0\\4ous \\5 the \\2e "-
#4060	REDUCE cov: 769 ft: 2410 corp: 325/348Kb lim: 4096 exec/s: 4060 rss: 216Mb L: 170/4096 MS: 4 ManualDict-ChangeBinInt-ShuffleBytes-EraseBytes- DE: "needs more input"-
#4071	REDUCE cov: 769 ft: 2410 corp: 325/348Kb lim: 4096 exec/s: 4071 rss: 216Mb L: 69/4096 MS: 1 EraseBytes-
#4083	REDUCE cov: 769 ft: 2410 corp: 325/348Kb lim: 4096 exec/s: 4083 rss: 216Mb L: 54/4096 MS: 2 ChangeBinInt-EraseBytes-
	NEW_FUNC[1/1]: 0xaaaac438a5e4 in SafeDecodeDistanceBlockSwitch /b/brotli/c/dec/decode.c:1261
#4093	NEW    cov: 782 ft: 2423 corp: 326/352Kb lim: 4096 exec/s: 4093 rss: 216Mb L: 3577/4096 MS: 5 ShuffleBytes-CopyPart-CopyPart-ManualDict-InsertByte- DE: "[ProcessCommandsInternal] dictionary word: [%.*s],"-
#4145	NEW    cov: 782 ft: 2425 corp: 327/354Kb lim: 4096 exec/s: 4145 rss: 216Mb L: 2660/4096 MS: 2 CrossOver-PersAutoDict- DE: "INVALID"-
#4211	NEW    cov: 782 ft: 2426 corp: 328/358Kb lim: 4096 exec/s: 4211 rss: 216Mb L: 4096/4096 MS: 1 CrossOver-
#4242	NEW    cov: 782 ft: 2427 corp: 329/362Kb lim: 4096 exec/s: 4242 rss: 216Mb L: 3954/4096 MS: 1 ManualDict- DE: " not \\3er \\3al \\4ful \\4ive \\5less \\4es"-
#4253	REDUCE cov: 782 ft: 2427 corp: 329/362Kb lim: 4096 exec/s: 4253 rss: 216Mb L: 65/4096 MS: 1 EraseBytes-
#4279	REDUCE cov: 782 ft: 2427 corp: 329/361Kb lim: 4096 exec/s: 4279 rss: 216Mb L: 1907/4096 MS: 1 EraseBytes-
#4333	NEW    cov: 782 ft: 2429 corp: 330/361Kb lim: 4096 exec/s: 4333 rss: 216Mb L: 13/4096 MS: 4 CopyPart-ChangeByte-ManualDict-ChangeBit- DE: "INVALID"-
#4340	NEW    cov: 782 ft: 2430 corp: 331/363Kb lim: 4096 exec/s: 4340 rss: 216Mb L: 2670/4096 MS: 2 PersAutoDict-ChangeByte- DE: "\377\377\377\377"-
#4372	REDUCE cov: 782 ft: 2430 corp: 331/363Kb lim: 4096 exec/s: 4372 rss: 216Mb L: 234/4096 MS: 2 CopyPart-EraseBytes-
#4378	NEW    cov: 782 ft: 2431 corp: 332/367Kb lim: 4096 exec/s: 4378 rss: 216Mb L: 4096/4096 MS: 1 CrossOver-
#4419	REDUCE cov: 782 ft: 2431 corp: 332/367Kb lim: 4096 exec/s: 4419 rss: 217Mb L: 223/4096 MS: 1 EraseBytes-
#4425	NEW    cov: 782 ft: 2432 corp: 333/371Kb lim: 4096 exec/s: 4425 rss: 217Mb L: 4096/4096 MS: 1 CMP- DE: "\377\377\377\007"-
#4434	NEW    cov: 782 ft: 2433 corp: 334/375Kb lim: 4096 exec/s: 4434 rss: 217Mb L: 3778/4096 MS: 4 ChangeBit-ChangeBit-ChangeBit-CopyPart-
#4490	NEW    cov: 782 ft: 2435 corp: 335/375Kb lim: 4096 exec/s: 4490 rss: 218Mb L: 492/4096 MS: 1 CrossOver-
#4522	REDUCE cov: 782 ft: 2435 corp: 335/375Kb lim: 4096 exec/s: 4522 rss: 218Mb L: 148/4096 MS: 2 ChangeByte-EraseBytes-
#4571	NEW    cov: 782 ft: 2437 corp: 336/375Kb lim: 4096 exec/s: 4571 rss: 218Mb L: 47/4096 MS: 4 ShuffleBytes-CopyPart-InsertRepeatedBytes-CopyPart-
#4592	NEW    cov: 785 ft: 2440 corp: 337/375Kb lim: 4096 exec/s: 4592 rss: 218Mb L: 10/4096 MS: 1 ChangeByte-
#4593	REDUCE cov: 785 ft: 2440 corp: 337/375Kb lim: 4096 exec/s: 4593 rss: 218Mb L: 193/4096 MS: 1 EraseBytes-
#4619	REDUCE cov: 785 ft: 2440 corp: 337/375Kb lim: 4096 exec/s: 4619 rss: 218Mb L: 49/4096 MS: 1 EraseBytes-
#4640	NEW    cov: 785 ft: 2444 corp: 338/376Kb lim: 4096 exec/s: 4640 rss: 218Mb L: 459/4096 MS: 1 ChangeBit-
#4722	NEW    cov: 786 ft: 2445 corp: 339/380Kb lim: 4096 exec/s: 4722 rss: 218Mb L: 4027/4096 MS: 2 ShuffleBytes-CopyPart-
#4757	NEW    cov: 786 ft: 2447 corp: 340/382Kb lim: 4096 exec/s: 4757 rss: 218Mb L: 2203/4096 MS: 5 ChangeBinInt-ChangeByte-InsertRepeatedBytes-EraseBytes-PersAutoDict- DE: "\377\377\377\207"-
#4760	REDUCE cov: 786 ft: 2447 corp: 340/382Kb lim: 4096 exec/s: 4760 rss: 218Mb L: 12/4096 MS: 3 ChangeBit-InsertByte-EraseBytes-
#4776	REDUCE cov: 786 ft: 2447 corp: 340/381Kb lim: 4096 exec/s: 4776 rss: 218Mb L: 1324/4096 MS: 1 EraseBytes-
#4777	REDUCE cov: 786 ft: 2447 corp: 340/381Kb lim: 4096 exec/s: 4777 rss: 218Mb L: 151/4096 MS: 1 EraseBytes-
#4785	REDUCE cov: 786 ft: 2447 corp: 340/381Kb lim: 4096 exec/s: 4785 rss: 218Mb L: 373/4096 MS: 3 InsertRepeatedBytes-EraseBytes-EraseBytes-
#4846	REDUCE cov: 786 ft: 2447 corp: 340/381Kb lim: 4096 exec/s: 4846 rss: 218Mb L: 16/4096 MS: 1 EraseBytes-
#4878	REDUCE cov: 786 ft: 2447 corp: 340/380Kb lim: 4096 exec/s: 4878 rss: 218Mb L: 2729/4096 MS: 2 CopyPart-EraseBytes-
#4892	REDUCE cov: 786 ft: 2447 corp: 340/380Kb lim: 4096 exec/s: 4892 rss: 218Mb L: 44/4096 MS: 4 ChangeBit-ShuffleBytes-ChangeBinInt-EraseBytes-
#5008	REDUCE cov: 786 ft: 2447 corp: 340/379Kb lim: 4096 exec/s: 5008 rss: 219Mb L: 961/4096 MS: 1 EraseBytes-
#5030	REDUCE cov: 786 ft: 2447 corp: 340/379Kb lim: 4096 exec/s: 5030 rss: 219Mb L: 662/4096 MS: 2 ManualDict-EraseBytes- DE: "needs more output"-
#5108	REDUCE cov: 786 ft: 2447 corp: 340/379Kb lim: 4096 exec/s: 5108 rss: 219Mb L: 1037/4096 MS: 3 ChangeBinInt-ChangeByte-EraseBytes-
#5116	REDUCE cov: 786 ft: 2447 corp: 340/379Kb lim: 4096 exec/s: 5116 rss: 219Mb L: 2700/4096 MS: 3 CMP-CMP-EraseBytes- DE: "\000\004"-"\377\377\377\377"-
#5125	NEW    cov: 786 ft: 2448 corp: 341/383Kb lim: 4096 exec/s: 5125 rss: 219Mb L: 4096/4096 MS: 4 ChangeBinInt-CrossOver-ManualDict-ShuffleBytes- DE: "[]"-
#5140	REDUCE cov: 786 ft: 2448 corp: 341/383Kb lim: 4096 exec/s: 5140 rss: 219Mb L: 78/4096 MS: 5 ChangeByte-PersAutoDict-ChangeBit-ShuffleBytes-EraseBytes- DE: "\003\253"-
#5141	NEW    cov: 787 ft: 2449 corp: 342/383Kb lim: 4096 exec/s: 5141 rss: 219Mb L: 10/4096 MS: 1 CopyPart-
#5155	NEW    cov: 787 ft: 2452 corp: 343/383Kb lim: 4096 exec/s: 5155 rss: 219Mb L: 503/4096 MS: 4 ShuffleBytes-ChangeASCIIInt-InsertRepeatedBytes-ShuffleBytes-
#5192	NEW    cov: 787 ft: 2454 corp: 344/386Kb lim: 4096 exec/s: 5192 rss: 219Mb L: 2311/4096 MS: 2 InsertRepeatedBytes-InsertRepeatedBytes-
#5224	REDUCE cov: 787 ft: 2454 corp: 344/386Kb lim: 4096 exec/s: 5224 rss: 219Mb L: 33/4096 MS: 2 ShuffleBytes-EraseBytes-
#5279	NEW    cov: 787 ft: 2456 corp: 345/390Kb lim: 4096 exec/s: 5279 rss: 220Mb L: 4096/4096 MS: 5 PersAutoDict-CopyPart-CopyPart-PersAutoDict-ManualDict- DE: "\000\004"-"Regular"-"[ProcessCommandsInternal] dictionary word: [%.*s],"-
#5285	REDUCE cov: 787 ft: 2456 corp: 345/389Kb lim: 4096 exec/s: 5285 rss: 220Mb L: 519/4096 MS: 1 EraseBytes-
#5327	REDUCE cov: 787 ft: 2456 corp: 345/389Kb lim: 4096 exec/s: 5327 rss: 220Mb L: 163/4096 MS: 2 ChangeASCIIInt-EraseBytes-
#5329	REDUCE cov: 787 ft: 2456 corp: 345/389Kb lim: 4096 exec/s: 5329 rss: 220Mb L: 422/4096 MS: 2 ChangeByte-EraseBytes-
#5330	NEW    cov: 787 ft: 2458 corp: 346/392Kb lim: 4096 exec/s: 5330 rss: 220Mb L: 2956/4096 MS: 1 ChangeBit-
#5413	REDUCE cov: 787 ft: 2458 corp: 346/392Kb lim: 4096 exec/s: 5413 rss: 220Mb L: 39/4096 MS: 3 ShuffleBytes-InsertByte-EraseBytes-
#5472	NEW    cov: 787 ft: 2459 corp: 347/394Kb lim: 4096 exec/s: 5472 rss: 220Mb L: 2137/4096 MS: 4 ChangeBit-ChangeBit-ShuffleBytes-ManualDict- DE: "needs more input"-
#5475	NEW    cov: 787 ft: 2460 corp: 348/395Kb lim: 4096 exec/s: 5475 rss: 220Mb L: 572/4096 MS: 3 ChangeBit-PersAutoDict-CrossOver- DE: "[ProcessCommandsInternal] dictionary word: [%.*s],"-
#5477	NEW    cov: 787 ft: 2461 corp: 349/399Kb lim: 4096 exec/s: 5477 rss: 220Mb L: 4096/4096 MS: 2 ShuffleBytes-CMP- DE: "\377\005"-
#5661	REDUCE cov: 787 ft: 2461 corp: 349/398Kb lim: 4096 exec/s: 5661 rss: 221Mb L: 2088/4096 MS: 4 ChangeASCIIInt-ManualDict-ChangeByte-EraseBytes- DE: "that \\1\\'\\6 with \\6 from \\4 by \\1(\\6. T"-
#5673	NEW    cov: 787 ft: 2462 corp: 350/398Kb lim: 4096 exec/s: 5673 rss: 221Mb L: 572/4096 MS: 2 CopyPart-CopyPart-
#5688	REDUCE cov: 787 ft: 2462 corp: 350/398Kb lim: 4096 exec/s: 5688 rss: 222Mb L: 2785/4096 MS: 5 PersAutoDict-InsertRepeatedBytes-ChangeBinInt-ChangeBit-CrossOver- DE: "[ProcessCommandsInternal] dictionary word: [%.*s],"-
#5696	NEW    cov: 787 ft: 2463 corp: 351/398Kb lim: 4096 exec/s: 5696 rss: 222Mb L: 121/4096 MS: 3 ManualDict-ShuffleBytes-PersAutoDict- DE: "that \\1\\'\\6 with \\6 from \\4 by \\1(\\6. T"-"\377\377\377\377\377\377\377\367"-
#5754	REDUCE cov: 787 ft: 2463 corp: 351/398Kb lim: 4096 exec/s: 5754 rss: 223Mb L: 3638/4096 MS: 3 PersAutoDict-ChangeByte-EraseBytes- DE: "needs more output"-
#5835	REDUCE cov: 787 ft: 2463 corp: 351/398Kb lim: 4096 exec/s: 5835 rss: 223Mb L: 72/4096 MS: 1 EraseBytes-
#5858	NEW    cov: 790 ft: 2468 corp: 352/398Kb lim: 4096 exec/s: 5858 rss: 223Mb L: 10/4096 MS: 3 EraseBytes-ChangeByte-ShuffleBytes-
#5869	REDUCE cov: 790 ft: 2468 corp: 352/398Kb lim: 4096 exec/s: 5869 rss: 223Mb L: 3954/4096 MS: 1 EraseBytes-
#5880	REDUCE cov: 790 ft: 2468 corp: 352/398Kb lim: 4096 exec/s: 5880 rss: 223Mb L: 131/4096 MS: 1 EraseBytes-
#6026	REDUCE cov: 790 ft: 2468 corp: 352/398Kb lim: 4096 exec/s: 6026 rss: 223Mb L: 134/4096 MS: 1 EraseBytes-
#6062	REDUCE cov: 790 ft: 2468 corp: 352/398Kb lim: 4096 exec/s: 6062 rss: 223Mb L: 296/4096 MS: 1 EraseBytes-
#6097	NEW    cov: 790 ft: 2469 corp: 353/398Kb lim: 4096 exec/s: 6097 rss: 223Mb L: 271/4096 MS: 5 CopyPart-EraseBytes-InsertRepeatedBytes-ShuffleBytes-ShuffleBytes-
#6103	REDUCE cov: 790 ft: 2469 corp: 353/398Kb lim: 4096 exec/s: 6103 rss: 223Mb L: 17/4096 MS: 1 EraseBytes-
#6146	REDUCE cov: 790 ft: 2470 corp: 354/402Kb lim: 4096 exec/s: 6146 rss: 223Mb L: 3811/4096 MS: 3 ChangeByte-ChangeBinInt-CopyPart-
#6197	REDUCE cov: 790 ft: 2470 corp: 354/402Kb lim: 4096 exec/s: 6197 rss: 223Mb L: 2740/4096 MS: 1 EraseBytes-
#6250	NEW    cov: 790 ft: 2471 corp: 355/402Kb lim: 4096 exec/s: 6250 rss: 223Mb L: 292/4096 MS: 3 ChangeBit-ChangeBit-PersAutoDict- DE: "@\000\000\000\000\000\000\000"-
#6287	REDUCE cov: 790 ft: 2472 corp: 356/406Kb lim: 4096 exec/s: 6287 rss: 223Mb L: 3961/4096 MS: 2 ChangeByte-ManualDict- DE: "Regular"-
#6296	NEW    cov: 790 ft: 2473 corp: 357/406Kb lim: 4096 exec/s: 6296 rss: 223Mb L: 27/4096 MS: 4 ChangeBinInt-CopyPart-EraseBytes-ChangeByte-
#6304	REDUCE cov: 790 ft: 2473 corp: 357/405Kb lim: 4096 exec/s: 6304 rss: 223Mb L: 2094/4096 MS: 3 ChangeByte-ChangeByte-EraseBytes-
#6322	NEW    cov: 791 ft: 2474 corp: 358/405Kb lim: 4096 exec/s: 6322 rss: 223Mb L: 14/4096 MS: 3 ShuffleBytes-CopyPart-ShuffleBytes-
#6323	REDUCE cov: 791 ft: 2474 corp: 358/405Kb lim: 4096 exec/s: 6323 rss: 223Mb L: 232/4096 MS: 1 EraseBytes-
#6369	REDUCE cov: 791 ft: 2482 corp: 359/406Kb lim: 4096 exec/s: 6369 rss: 223Mb L: 269/4096 MS: 1 ManualDict- DE: " not \\3er \\3al \\4ful \\4ive \\5less \\4es"-
#6393	REDUCE cov: 791 ft: 2483 corp: 360/407Kb lim: 4096 exec/s: 6393 rss: 223Mb L: 1770/4096 MS: 4 PersAutoDict-ChangeByte-ChangeBinInt-InsertByte- DE: "\001\000\000\000"-
#6453	REDUCE cov: 791 ft: 2484 corp: 361/408Kb lim: 4096 exec/s: 6453 rss: 223Mb L: 276/4096 MS: 5 ManualDict-ManualDict-ChangeBinInt-ChangeByte-ChangeBinInt- DE: "INVALID"-" not \\3er \\3al \\4ful \\4ive \\5less \\4es"-
#6516	NEW    cov: 791 ft: 2486 corp: 362/408Kb lim: 4096 exec/s: 6516 rss: 223Mb L: 177/4096 MS: 3 CrossOver-PersAutoDict-ChangeByte- DE: " \000\000\000\000\000\000\000"-
#6562	NEW    cov: 791 ft: 2491 corp: 363/408Kb lim: 4096 exec/s: 6562 rss: 223Mb L: 431/4096 MS: 1 PersAutoDict- DE: "\000\000\002\241"-
#6606	REDUCE cov: 791 ft: 2491 corp: 363/408Kb lim: 4096 exec/s: 6606 rss: 223Mb L: 2723/4096 MS: 4 CrossOver-ShuffleBytes-ShuffleBytes-EraseBytes-
#6613	REDUCE cov: 791 ft: 2491 corp: 363/407Kb lim: 4096 exec/s: 6613 rss: 223Mb L: 1075/4096 MS: 2 ShuffleBytes-EraseBytes-
#6634	NEW    cov: 791 ft: 2492 corp: 364/407Kb lim: 4096 exec/s: 6634 rss: 223Mb L: 11/4096 MS: 1 InsertByte-
#6646	NEW    cov: 791 ft: 2493 corp: 365/411Kb lim: 4096 exec/s: 6646 rss: 223Mb L: 4096/4096 MS: 2 ShuffleBytes-CrossOver-
#6660	NEW    cov: 791 ft: 2496 corp: 366/411Kb lim: 4096 exec/s: 6660 rss: 223Mb L: 12/4096 MS: 4 ShuffleBytes-ShuffleBytes-CopyPart-EraseBytes-
#6665	NEW    cov: 791 ft: 2497 corp: 367/412Kb lim: 4096 exec/s: 6665 rss: 223Mb L: 882/4096 MS: 5 CopyPart-ChangeBinInt-ChangeBinInt-InsertByte-InsertRepeatedBytes-
#6679	REDUCE cov: 791 ft: 2497 corp: 367/411Kb lim: 4096 exec/s: 6679 rss: 223Mb L: 911/4096 MS: 4 InsertByte-CMP-ChangeASCIIInt-EraseBytes- DE: "\377\377\377\377\377\377\377\377"-
#6747	NEW    cov: 795 ft: 2501 corp: 368/411Kb lim: 4096 exec/s: 6747 rss: 223Mb L: 44/4096 MS: 3 EraseBytes-InsertRepeatedBytes-EraseBytes-
#6758	REDUCE cov: 795 ft: 2501 corp: 368/411Kb lim: 4096 exec/s: 6758 rss: 223Mb L: 54/4096 MS: 1 EraseBytes-
#6784	NEW    cov: 795 ft: 2506 corp: 369/411Kb lim: 4096 exec/s: 3392 rss: 223Mb L: 14/4096 MS: 1 InsertByte-
#6831	NEW    cov: 795 ft: 2507 corp: 370/415Kb lim: 4096 exec/s: 3415 rss: 223Mb L: 3597/4096 MS: 2 ManualDict-ManualDict- DE: "Regular"-"[]"-
#6834	REDUCE cov: 795 ft: 2507 corp: 370/415Kb lim: 4096 exec/s: 3417 rss: 223Mb L: 3955/4096 MS: 3 CopyPart-ManualDict-EraseBytes- DE: "t \\4ize \\2\\xc2\\xa0\\4ous \\5 the \\2e "-
#6893	REDUCE cov: 795 ft: 2507 corp: 370/415Kb lim: 4096 exec/s: 3446 rss: 224Mb L: 1240/4096 MS: 4 CopyPart-ChangeBinInt-CrossOver-EraseBytes-
#6955	NEW    cov: 795 ft: 2512 corp: 371/415Kb lim: 4096 exec/s: 3477 rss: 224Mb L: 45/4096 MS: 2 PersAutoDict-ChangeBinInt- DE: "\344\377\377\377\377\377\377\377"-
#7051	REDUCE cov: 795 ft: 2512 corp: 371/414Kb lim: 4096 exec/s: 3525 rss: 224Mb L: 1814/4096 MS: 1 EraseBytes-
#7062	REDUCE cov: 795 ft: 2512 corp: 371/414Kb lim: 4096 exec/s: 3531 rss: 224Mb L: 120/4096 MS: 1 EraseBytes-
#7080	REDUCE cov: 795 ft: 2512 corp: 371/414Kb lim: 4096 exec/s: 3540 rss: 224Mb L: 149/4096 MS: 3 ShuffleBytes-ChangeByte-EraseBytes-
#7086	REDUCE cov: 795 ft: 2512 corp: 371/414Kb lim: 4096 exec/s: 3543 rss: 224Mb L: 33/4096 MS: 1 EraseBytes-
#7149	REDUCE cov: 795 ft: 2512 corp: 371/414Kb lim: 4096 exec/s: 3574 rss: 224Mb L: 235/4096 MS: 3 ChangeBinInt-ChangeByte-EraseBytes-
#7285	REDUCE cov: 795 ft: 2512 corp: 371/413Kb lim: 4096 exec/s: 3642 rss: 225Mb L: 1745/4096 MS: 1 EraseBytes-
#7392	REDUCE cov: 795 ft: 2512 corp: 371/413Kb lim: 4096 exec/s: 3696 rss: 227Mb L: 289/4096 MS: 2 PersAutoDict-EraseBytes- DE: "\000\000\002\000"-
#7460	REDUCE cov: 795 ft: 2512 corp: 371/413Kb lim: 4096 exec/s: 3730 rss: 227Mb L: 14/4096 MS: 1 EraseBytes-
#7518	REDUCE cov: 795 ft: 2512 corp: 371/412Kb lim: 4096 exec/s: 3759 rss: 227Mb L: 1824/4096 MS: 3 ShuffleBytes-ChangeByte-EraseBytes-
#7544	REDUCE cov: 795 ft: 2512 corp: 371/411Kb lim: 4096 exec/s: 3772 rss: 227Mb L: 2915/4096 MS: 1 EraseBytes-
#7697	NEW    cov: 795 ft: 2513 corp: 372/411Kb lim: 4096 exec/s: 3848 rss: 228Mb L: 78/4096 MS: 3 PersAutoDict-ChangeBinInt-InsertByte- DE: "\031\000\000\000"-
#7762	REDUCE cov: 795 ft: 2513 corp: 372/411Kb lim: 4096 exec/s: 3881 rss: 228Mb L: 3150/4096 MS: 5 ShuffleBytes-ShuffleBytes-CrossOver-PersAutoDict-EraseBytes- DE: "\001\000\004\000"-
#7773	REDUCE cov: 795 ft: 2513 corp: 372/411Kb lim: 4096 exec/s: 3886 rss: 228Mb L: 17/4096 MS: 1 EraseBytes-
#7799	REDUCE cov: 795 ft: 2513 corp: 372/411Kb lim: 4096 exec/s: 3899 rss: 228Mb L: 3860/4096 MS: 1 EraseBytes-
#7801	REDUCE cov: 795 ft: 2513 corp: 372/411Kb lim: 4096 exec/s: 3900 rss: 228Mb L: 55/4096 MS: 2 ShuffleBytes-EraseBytes-
#7914	REDUCE cov: 795 ft: 2513 corp: 372/411Kb lim: 4096 exec/s: 3957 rss: 228Mb L: 286/4096 MS: 3 ShuffleBytes-ChangeBinInt-EraseBytes-
#7965	REDUCE cov: 795 ft: 2513 corp: 372/411Kb lim: 4096 exec/s: 3982 rss: 228Mb L: 47/4096 MS: 1 EraseBytes-
#7966	NEW    cov: 795 ft: 2514 corp: 373/413Kb lim: 4096 exec/s: 3983 rss: 228Mb L: 2901/4096 MS: 1 CopyPart-
#7970	NEW    cov: 795 ft: 2515 corp: 374/414Kb lim: 4096 exec/s: 3985 rss: 228Mb L: 268/4096 MS: 4 InsertRepeatedBytes-ChangeASCIIInt-EraseBytes-ChangeBit-
#8008	REDUCE cov: 795 ft: 2515 corp: 374/414Kb lim: 4096 exec/s: 4004 rss: 228Mb L: 366/4096 MS: 3 PersAutoDict-ChangeBit-EraseBytes- DE: "\377\377\377\377\377\377\377\000"-
#8108	NEW    cov: 805 ft: 2525 corp: 375/415Kb lim: 4096 exec/s: 4054 rss: 229Mb L: 1663/4096 MS: 5 CopyPart-CrossOver-ShuffleBytes-EraseBytes-ChangeByte-
#8112	NEW    cov: 805 ft: 2526 corp: 376/416Kb lim: 4096 exec/s: 4056 rss: 229Mb L: 448/4096 MS: 4 ManualDict-ChangeBinInt-ChangeBinInt-InsertByte- DE: "needs more input"-
#8192	pulse  cov: 805 ft: 2526 corp: 376/416Kb lim: 4096 exec/s: 4096 rss: 229Mb
#8204	REDUCE cov: 805 ft: 2526 corp: 376/416Kb lim: 4096 exec/s: 4102 rss: 229Mb L: 181/4096 MS: 2 InsertByte-EraseBytes-
#8223	NEW    cov: 805 ft: 2527 corp: 377/418Kb lim: 4096 exec/s: 4111 rss: 229Mb L: 2712/4096 MS: 4 ShuffleBytes-InsertByte-EraseBytes-InsertRepeatedBytes-
#8234	REDUCE cov: 805 ft: 2527 corp: 377/418Kb lim: 4096 exec/s: 4117 rss: 229Mb L: 3093/4096 MS: 1 EraseBytes-
#8278	REDUCE cov: 805 ft: 2527 corp: 377/418Kb lim: 4096 exec/s: 4139 rss: 229Mb L: 217/4096 MS: 4 ChangeASCIIInt-ChangeASCIIInt-InsertByte-EraseBytes-
#8320	REDUCE cov: 805 ft: 2527 corp: 377/417Kb lim: 4096 exec/s: 4160 rss: 229Mb L: 273/4096 MS: 2 PersAutoDict-EraseBytes- DE: "\351\037\000\000\000\000\000\000"-
#8367	REDUCE cov: 805 ft: 2527 corp: 377/417Kb lim: 4096 exec/s: 4183 rss: 229Mb L: 532/4096 MS: 2 PersAutoDict-EraseBytes- DE: "\031\000\000\000"-
#8389	REDUCE cov: 805 ft: 2527 corp: 377/417Kb lim: 4096 exec/s: 4194 rss: 229Mb L: 1818/4096 MS: 2 ChangeBinInt-EraseBytes-
#8395	NEW    cov: 807 ft: 2529 corp: 378/417Kb lim: 4096 exec/s: 4197 rss: 229Mb L: 27/4096 MS: 1 ChangeBinInt-
#8424	NEW    cov: 807 ft: 2531 corp: 379/420Kb lim: 4096 exec/s: 4212 rss: 229Mb L: 3169/4096 MS: 4 ChangeBinInt-EraseBytes-InsertByte-InsertRepeatedBytes-
#8434	NEW    cov: 807 ft: 2533 corp: 380/420Kb lim: 4096 exec/s: 4217 rss: 229Mb L: 58/4096 MS: 5 ChangeBit-InsertByte-CrossOver-ChangeBit-CrossOver-
#8474	REDUCE cov: 807 ft: 2533 corp: 380/420Kb lim: 4096 exec/s: 4237 rss: 229Mb L: 3/4096 MS: 5 CrossOver-ChangeByte-ChangeByte-ChangeBinInt-EraseBytes-
#8500	REDUCE cov: 807 ft: 2533 corp: 380/420Kb lim: 4096 exec/s: 4250 rss: 230Mb L: 1682/4096 MS: 1 CrossOver-
#8527	REDUCE cov: 807 ft: 2533 corp: 380/419Kb lim: 4096 exec/s: 4263 rss: 230Mb L: 834/4096 MS: 2 ChangeASCIIInt-EraseBytes-
#8543	REDUCE cov: 807 ft: 2533 corp: 380/419Kb lim: 4096 exec/s: 4271 rss: 230Mb L: 31/4096 MS: 1 EraseBytes-
#8681	NEW    cov: 807 ft: 2538 corp: 381/420Kb lim: 4096 exec/s: 4340 rss: 230Mb L: 487/4096 MS: 3 PersAutoDict-PersAutoDict-ChangeBit- DE: "\377\007\000\000"-"@\000\000\000\000\000\000\000"-
#8737	NEW    cov: 807 ft: 2539 corp: 382/420Kb lim: 4096 exec/s: 4368 rss: 230Mb L: 64/4096 MS: 1 InsertRepeatedBytes-
#8788	NEW    cov: 807 ft: 2540 corp: 383/424Kb lim: 4096 exec/s: 4394 rss: 230Mb L: 4096/4096 MS: 1 CrossOver-
#8860	REDUCE cov: 807 ft: 2540 corp: 383/424Kb lim: 4096 exec/s: 4430 rss: 230Mb L: 1433/4096 MS: 2 ChangeBit-EraseBytes-
#8896	REDUCE cov: 807 ft: 2540 corp: 383/423Kb lim: 4096 exec/s: 4448 rss: 230Mb L: 184/4096 MS: 1 EraseBytes-
#8917	REDUCE cov: 807 ft: 2540 corp: 383/423Kb lim: 4096 exec/s: 4458 rss: 234Mb L: 3635/4096 MS: 1 EraseBytes-
#8924	REDUCE cov: 807 ft: 2540 corp: 383/423Kb lim: 4096 exec/s: 4462 rss: 234Mb L: 1298/4096 MS: 2 ManualDict-EraseBytes- DE: "t \\4ize \\2\\xc2\\xa0\\4ous \\5 the \\2e "-
#8940	REDUCE cov: 807 ft: 2540 corp: 383/423Kb lim: 4096 exec/s: 4470 rss: 234Mb L: 121/4096 MS: 1 EraseBytes-
#8968	REDUCE cov: 807 ft: 2540 corp: 383/423Kb lim: 4096 exec/s: 4484 rss: 234Mb L: 327/4096 MS: 3 PersAutoDict-CMP-EraseBytes- DE: "needs more output"-"9\000\000\000\000\000\000\000"-
#9036	NEW    cov: 807 ft: 2543 corp: 384/423Kb lim: 4096 exec/s: 4518 rss: 234Mb L: 193/4096 MS: 3 ChangeBit-ShuffleBytes-InsertRepeatedBytes-
#9055	NEW    cov: 807 ft: 2545 corp: 385/423Kb lim: 4096 exec/s: 4527 rss: 234Mb L: 60/4096 MS: 4 CopyPart-InsertByte-ChangeBinInt-EraseBytes-
#9063	REDUCE cov: 807 ft: 2545 corp: 385/422Kb lim: 4096 exec/s: 4531 rss: 234Mb L: 1207/4096 MS: 3 ShuffleBytes-ChangeBit-EraseBytes-
#9124	REDUCE cov: 807 ft: 2545 corp: 385/422Kb lim: 4096 exec/s: 4562 rss: 234Mb L: 250/4096 MS: 1 EraseBytes-
#9252	REDUCE cov: 807 ft: 2545 corp: 385/422Kb lim: 4096 exec/s: 4626 rss: 234Mb L: 173/4096 MS: 3 ChangeBinInt-ShuffleBytes-EraseBytes-
#9342	REDUCE cov: 807 ft: 2545 corp: 385/421Kb lim: 4096 exec/s: 4671 rss: 234Mb L: 3164/4096 MS: 5 ChangeBit-PersAutoDict-ManualDict-CrossOver-CMP- DE: "\377\377\007\000"-"Regular"-"\000\000\000\001"-
#9428	REDUCE cov: 807 ft: 2545 corp: 385/421Kb lim: 4096 exec/s: 4714 rss: 234Mb L: 64/4096 MS: 1 EraseBytes-
#9440	REDUCE cov: 807 ft: 2545 corp: 385/421Kb lim: 4096 exec/s: 4720 rss: 234Mb L: 68/4096 MS: 2 PersAutoDict-EraseBytes- DE: "\000\000\000\000\000\000\037\342"-
#9461	REDUCE cov: 807 ft: 2546 corp: 386/421Kb lim: 4096 exec/s: 4730 rss: 234Mb L: 49/4096 MS: 1 ChangeBit-
#9517	NEW    cov: 807 ft: 2550 corp: 387/421Kb lim: 4096 exec/s: 4758 rss: 234Mb L: 492/4096 MS: 1 ChangeBit-
#9578	NEW    cov: 807 ft: 2551 corp: 388/422Kb lim: 4096 exec/s: 4789 rss: 234Mb L: 481/4096 MS: 1 InsertRepeatedBytes-
#9702	REDUCE cov: 807 ft: 2551 corp: 388/422Kb lim: 4096 exec/s: 4851 rss: 234Mb L: 297/4096 MS: 4 ChangeBit-InsertRepeatedBytes-InsertRepeatedBytes-EraseBytes-
#9704	REDUCE cov: 807 ft: 2551 corp: 388/422Kb lim: 4096 exec/s: 4852 rss: 234Mb L: 582/4096 MS: 2 InsertByte-EraseBytes-
#9712	REDUCE cov: 807 ft: 2551 corp: 388/422Kb lim: 4096 exec/s: 4856 rss: 234Mb L: 45/4096 MS: 3 PersAutoDict-ChangeByte-EraseBytes- DE: "\377\377\377\377\377\377\377\000"-
#9769	REDUCE cov: 807 ft: 2551 corp: 388/422Kb lim: 4096 exec/s: 4884 rss: 235Mb L: 136/4096 MS: 2 CMP-EraseBytes- DE: "%\000\000\000\000\000\000\000"-
#9785	REDUCE cov: 807 ft: 2551 corp: 388/422Kb lim: 4096 exec/s: 4892 rss: 235Mb L: 293/4096 MS: 1 EraseBytes-
#9917	REDUCE cov: 807 ft: 2551 corp: 388/422Kb lim: 4096 exec/s: 4958 rss: 235Mb L: 34/4096 MS: 2 ChangeByte-EraseBytes-
#9977	REDUCE cov: 807 ft: 2551 corp: 388/422Kb lim: 4096 exec/s: 4988 rss: 235Mb L: 64/4096 MS: 5 ChangeByte-InsertByte-ChangeByte-ChangeBinInt-EraseBytes-
#10001	NEW    cov: 807 ft: 2552 corp: 389/426Kb lim: 4096 exec/s: 5000 rss: 235Mb L: 4004/4096 MS: 4 InsertByte-ManualDict-ChangeBit-CopyPart- DE: "needs more output"-
#10222	NEW    cov: 808 ft: 2553 corp: 390/426Kb lim: 4096 exec/s: 5111 rss: 239Mb L: 383/4096 MS: 1 CrossOver-
#10298	NEW    cov: 809 ft: 2559 corp: 391/426Kb lim: 4096 exec/s: 5149 rss: 239Mb L: 60/4096 MS: 1 CMP- DE: "\001\000\000\000\000\000B5"-
#10420	REDUCE cov: 809 ft: 2559 corp: 391/426Kb lim: 4096 exec/s: 5210 rss: 239Mb L: 247/4096 MS: 2 ShuffleBytes-EraseBytes-
#10506	REDUCE cov: 809 ft: 2560 corp: 392/429Kb lim: 4096 exec/s: 5253 rss: 239Mb L: 2804/4096 MS: 1 PersAutoDict- DE: "\001\000\000\000\000\000\000\000"-
#10538	REDUCE cov: 809 ft: 2560 corp: 392/429Kb lim: 4096 exec/s: 5269 rss: 239Mb L: 24/4096 MS: 2 ChangeBit-EraseBytes-
#10539	REDUCE cov: 809 ft: 2560 corp: 392/429Kb lim: 4096 exec/s: 5269 rss: 239Mb L: 12/4096 MS: 1 EraseBytes-
#10611	REDUCE cov: 809 ft: 2560 corp: 392/429Kb lim: 4096 exec/s: 5305 rss: 239Mb L: 363/4096 MS: 2 ChangeBinInt-EraseBytes-
#10635	REDUCE cov: 809 ft: 2560 corp: 392/429Kb lim: 4096 exec/s: 5317 rss: 239Mb L: 421/4096 MS: 4 InsertByte-CMP-ChangeByte-EraseBytes- DE: "\001\000\000\000\000\000\000\021"-
#10677	REDUCE cov: 809 ft: 2560 corp: 392/427Kb lim: 4096 exec/s: 5338 rss: 239Mb L: 2503/4096 MS: 2 ChangeByte-EraseBytes-
#10707	NEW    cov: 809 ft: 2561 corp: 393/428Kb lim: 4096 exec/s: 5353 rss: 239Mb L: 428/4096 MS: 5 CopyPart-ChangeASCIIInt-PersAutoDict-ChangeBit-InsertByte- DE: "INVALID"-
#10858	REDUCE cov: 809 ft: 2561 corp: 393/428Kb lim: 4096 exec/s: 5429 rss: 240Mb L: 18/4096 MS: 1 EraseBytes-
#10859	REDUCE cov: 809 ft: 2561 corp: 393/428Kb lim: 4096 exec/s: 5429 rss: 240Mb L: 26/4096 MS: 1 EraseBytes-
#10909	REDUCE cov: 809 ft: 2561 corp: 393/428Kb lim: 4096 exec/s: 5454 rss: 240Mb L: 448/4096 MS: 5 CrossOver-ManualDict-ShuffleBytes-InsertByte-EraseBytes- DE: "[ProcessCommandsInternal] dictionary word: [%.*s],"-
#10991	NEW    cov: 809 ft: 2563 corp: 394/428Kb lim: 4096 exec/s: 5495 rss: 240Mb L: 12/4096 MS: 2 CrossOver-EraseBytes-
#11053	REDUCE cov: 809 ft: 2563 corp: 394/428Kb lim: 4096 exec/s: 5526 rss: 241Mb L: 49/4096 MS: 2 PersAutoDict-EraseBytes- DE: "\001\000\000\000\000\000\000\021"-
#11099	REDUCE cov: 809 ft: 2563 corp: 394/427Kb lim: 4096 exec/s: 5549 rss: 241Mb L: 1851/4096 MS: 1 EraseBytes-
#11126	REDUCE cov: 809 ft: 2563 corp: 394/427Kb lim: 4096 exec/s: 5563 rss: 241Mb L: 2710/4096 MS: 2 CrossOver-ChangeBit-
#11168	REDUCE cov: 809 ft: 2563 corp: 394/426Kb lim: 4096 exec/s: 5584 rss: 241Mb L: 976/4096 MS: 2 InsertRepeatedBytes-EraseBytes-
#11173	REDUCE cov: 809 ft: 2563 corp: 394/426Kb lim: 4096 exec/s: 5586 rss: 241Mb L: 130/4096 MS: 5 ChangeBit-ChangeBinInt-PersAutoDict-ChangeByte-EraseBytes- DE: " not \\3er \\3al \\4ful \\4ive \\5less \\4es"-
#11195	NEW    cov: 809 ft: 2565 corp: 395/428Kb lim: 4096 exec/s: 5597 rss: 241Mb L: 1900/4096 MS: 2 ChangeASCIIInt-ManualDict- DE: "[]"-
#11206	REDUCE cov: 809 ft: 2565 corp: 395/427Kb lim: 4096 exec/s: 5603 rss: 241Mb L: 1988/4096 MS: 1 EraseBytes-
#11229	REDUCE cov: 809 ft: 2565 corp: 395/427Kb lim: 4096 exec/s: 5614 rss: 241Mb L: 473/4096 MS: 3 CopyPart-EraseBytes-EraseBytes-
#11266	REDUCE cov: 809 ft: 2565 corp: 395/427Kb lim: 4096 exec/s: 5633 rss: 241Mb L: 964/4096 MS: 2 InsertByte-EraseBytes-
#11298	REDUCE cov: 809 ft: 2565 corp: 395/427Kb lim: 4096 exec/s: 5649 rss: 241Mb L: 667/4096 MS: 2 ChangeASCIIInt-EraseBytes-
#11365	REDUCE cov: 809 ft: 2565 corp: 395/427Kb lim: 4096 exec/s: 5682 rss: 241Mb L: 4071/4096 MS: 2 ChangeBit-CrossOver-
#11411	NEW    cov: 809 ft: 2570 corp: 396/427Kb lim: 4096 exec/s: 5705 rss: 241Mb L: 16/4096 MS: 1 ManualDict- DE: "Regular"-
#11453	NEW    cov: 809 ft: 2571 corp: 397/431Kb lim: 4096 exec/s: 5726 rss: 241Mb L: 4096/4096 MS: 2 CrossOver-CrossOver-
#11551	NEW    cov: 809 ft: 2574 corp: 398/433Kb lim: 4096 exec/s: 5775 rss: 241Mb L: 2270/4096 MS: 3 EraseBytes-CopyPart-ChangeBit-
#11573	REDUCE cov: 809 ft: 2574 corp: 398/433Kb lim: 4096 exec/s: 5786 rss: 241Mb L: 42/4096 MS: 2 CrossOver-EraseBytes-
#11581	REDUCE cov: 809 ft: 2574 corp: 398/433Kb lim: 4096 exec/s: 5790 rss: 241Mb L: 23/4096 MS: 3 InsertByte-ShuffleBytes-EraseBytes-
#11638	REDUCE cov: 809 ft: 2575 corp: 399/434Kb lim: 4096 exec/s: 5819 rss: 241Mb L: 803/4096 MS: 2 ChangeByte-EraseBytes-
#11697	REDUCE cov: 809 ft: 2575 corp: 399/434Kb lim: 4096 exec/s: 5848 rss: 242Mb L: 811/4096 MS: 4 PersAutoDict-InsertRepeatedBytes-ManualDict-EraseBytes- DE: "\377\377\377\007"-"needs more input"-
#11704	REDUCE cov: 809 ft: 2575 corp: 399/433Kb lim: 4096 exec/s: 5852 rss: 242Mb L: 20/4096 MS: 2 ManualDict-EraseBytes- DE: "INVALID"-
#11710	NEW    cov: 809 ft: 2579 corp: 400/437Kb lim: 4096 exec/s: 5855 rss: 242Mb L: 3577/4096 MS: 1 ChangeBit-
#11804	REDUCE cov: 809 ft: 2579 corp: 400/437Kb lim: 4096 exec/s: 5902 rss: 242Mb L: 1768/4096 MS: 4 InsertRepeatedBytes-ChangeASCIIInt-PersAutoDict-EraseBytes- DE: "\351\037\000\000\000\000\000\000"-
#11885	REDUCE cov: 809 ft: 2579 corp: 400/436Kb lim: 4096 exec/s: 5942 rss: 242Mb L: 3732/4096 MS: 1 EraseBytes-
#11911	NEW    cov: 809 ft: 2580 corp: 401/437Kb lim: 4096 exec/s: 5955 rss: 242Mb L: 362/4096 MS: 1 ChangeByte-
#12031	REDUCE cov: 809 ft: 2580 corp: 401/437Kb lim: 4096 exec/s: 6015 rss: 242Mb L: 18/4096 MS: 5 ChangeByte-ShuffleBytes-ChangeByte-ManualDict-EraseBytes- DE: "[]"-
#12097	NEW    cov: 809 ft: 2581 corp: 402/439Kb lim: 4096 exec/s: 6048 rss: 243Mb L: 2956/4096 MS: 1 ManualDict- DE: "[]"-
#12143	NEW    cov: 809 ft: 2582 corp: 403/440Kb lim: 4096 exec/s: 6071 rss: 243Mb L: 47/4096 MS: 1 ChangeBit-
#12149	REDUCE cov: 809 ft: 2582 corp: 403/438Kb lim: 4096 exec/s: 6074 rss: 243Mb L: 2639/4096 MS: 1 EraseBytes-
#12183	NEW    cov: 809 ft: 2585 corp: 404/439Kb lim: 4096 exec/s: 6091 rss: 243Mb L: 78/4096 MS: 4 ShuffleBytes-ChangeBit-ChangeBit-InsertRepeatedBytes-
#12269	REDUCE cov: 809 ft: 2585 corp: 404/439Kb lim: 4096 exec/s: 6134 rss: 243Mb L: 19/4096 MS: 1 EraseBytes-
#12304	REDUCE cov: 809 ft: 2585 corp: 404/438Kb lim: 4096 exec/s: 6152 rss: 243Mb L: 1185/4096 MS: 5 ChangeASCIIInt-CrossOver-EraseBytes-ChangeByte-EraseBytes-
#12311	REDUCE cov: 809 ft: 2585 corp: 404/438Kb lim: 4096 exec/s: 6155 rss: 243Mb L: 62/4096 MS: 2 PersAutoDict-EraseBytes- DE: " \000\000\000\000\000\000\000"-
#12431	REDUCE cov: 809 ft: 2585 corp: 404/438Kb lim: 4096 exec/s: 6215 rss: 243Mb L: 30/4096 MS: 5 CopyPart-ChangeBit-ChangeByte-ChangeByte-EraseBytes-
#12519	REDUCE cov: 809 ft: 2585 corp: 404/438Kb lim: 4096 exec/s: 6259 rss: 243Mb L: 16/4096 MS: 3 PersAutoDict-ChangeBit-EraseBytes- DE: "\001\004\000\000"-
#12536	NEW    cov: 809 ft: 2586 corp: 405/438Kb lim: 4096 exec/s: 6268 rss: 243Mb L: 4/4096 MS: 2 ShuffleBytes-EraseBytes-
#12681	NEW    cov: 809 ft: 2590 corp: 406/438Kb lim: 4096 exec/s: 6340 rss: 243Mb L: 71/4096 MS: 5 ManualDict-ChangeBinInt-CopyPart-ManualDict-ManualDict- DE: "needs more output"-"INVALID"-"needs more output"-
#12713	REDUCE cov: 809 ft: 2590 corp: 406/437Kb lim: 4096 exec/s: 6356 rss: 243Mb L: 2535/4096 MS: 2 ChangeBit-CrossOver-
#12715	REDUCE cov: 809 ft: 2590 corp: 406/437Kb lim: 4096 exec/s: 6357 rss: 243Mb L: 422/4096 MS: 2 EraseBytes-CrossOver-
#12737	NEW    cov: 809 ft: 2622 corp: 407/437Kb lim: 4096 exec/s: 6368 rss: 243Mb L: 24/4096 MS: 2 ChangeByte-CopyPart-
#12770	REDUCE cov: 809 ft: 2622 corp: 407/437Kb lim: 4096 exec/s: 6385 rss: 243Mb L: 598/4096 MS: 3 ChangeBit-ChangeASCIIInt-EraseBytes-
#12829	REDUCE cov: 809 ft: 2622 corp: 407/437Kb lim: 4096 exec/s: 4276 rss: 243Mb L: 63/4096 MS: 4 ChangeBit-InsertByte-ChangeBinInt-EraseBytes-
#12864	REDUCE cov: 809 ft: 2622 corp: 407/436Kb lim: 4096 exec/s: 4288 rss: 243Mb L: 234/4096 MS: 5 ChangeBit-InsertByte-ManualDict-InsertByte-EraseBytes- DE: "that \\1\\'\\6 with \\6 from \\4 by \\1(\\6. T"-
#12875	REDUCE cov: 809 ft: 2622 corp: 407/436Kb lim: 4096 exec/s: 4291 rss: 243Mb L: 42/4096 MS: 1 EraseBytes-
#13001	REDUCE cov: 811 ft: 2624 corp: 408/438Kb lim: 4096 exec/s: 4333 rss: 243Mb L: 1828/4096 MS: 1 EraseBytes-
#13031	REDUCE cov: 811 ft: 2624 corp: 408/438Kb lim: 4096 exec/s: 4343 rss: 243Mb L: 1318/4096 MS: 5 ChangeBit-PersAutoDict-InsertRepeatedBytes-ChangeBinInt-EraseBytes- DE: "%\000\000\000\000\000\000\000"-
#13062	REDUCE cov: 811 ft: 2624 corp: 408/437Kb lim: 4096 exec/s: 4354 rss: 243Mb L: 1411/4096 MS: 1 EraseBytes-
#13254	REDUCE cov: 811 ft: 2624 corp: 408/436Kb lim: 4096 exec/s: 4418 rss: 243Mb L: 2923/4096 MS: 2 CMP-EraseBytes- DE: "\377\377\377\377"-
#13300	REDUCE cov: 811 ft: 2624 corp: 408/436Kb lim: 4096 exec/s: 4433 rss: 243Mb L: 253/4096 MS: 1 EraseBytes-
#13345	REDUCE cov: 811 ft: 2624 corp: 408/436Kb lim: 4096 exec/s: 4448 rss: 243Mb L: 149/4096 MS: 5 ChangeBit-ManualDict-InsertRepeatedBytes-ChangeByte-EraseBytes- DE: "needs more input"-
#13410	REDUCE cov: 811 ft: 2624 corp: 408/436Kb lim: 4096 exec/s: 4470 rss: 243Mb L: 147/4096 MS: 5 ShuffleBytes-InsertByte-CMP-ShuffleBytes-EraseBytes- DE: "\000\004\000\000"-
#13456	REDUCE cov: 811 ft: 2624 corp: 408/435Kb lim: 4096 exec/s: 4485 rss: 243Mb L: 1833/4096 MS: 1 EraseBytes-
#13499	REDUCE cov: 811 ft: 2624 corp: 408/435Kb lim: 4096 exec/s: 4499 rss: 243Mb L: 247/4096 MS: 3 InsertByte-ChangeASCIIInt-EraseBytes-
#13546	REDUCE cov: 811 ft: 2624 corp: 408/434Kb lim: 4096 exec/s: 4515 rss: 243Mb L: 374/4096 MS: 2 CopyPart-EraseBytes-
#13612	REDUCE cov: 811 ft: 2627 corp: 409/434Kb lim: 4096 exec/s: 4537 rss: 243Mb L: 19/4096 MS: 1 ChangeByte-
#13734	NEW    cov: 811 ft: 2628 corp: 410/434Kb lim: 4096 exec/s: 4578 rss: 243Mb L: 10/4096 MS: 5 CMP-ShuffleBytes-EraseBytes-ChangeBinInt-CrossOver- DE: "\357\377\377\377"-
#13739	REDUCE cov: 811 ft: 2628 corp: 410/434Kb lim: 4096 exec/s: 4579 rss: 243Mb L: 963/4096 MS: 5 ShuffleBytes-ShuffleBytes-CMP-ChangeBinInt-EraseBytes- DE: "\001\000\000\000\000\000\000\000"-
#13745	REDUCE cov: 811 ft: 2628 corp: 410/434Kb lim: 4096 exec/s: 4581 rss: 243Mb L: 46/4096 MS: 1 EraseBytes-
#13767	NEW    cov: 811 ft: 2634 corp: 411/434Kb lim: 4096 exec/s: 4589 rss: 243Mb L: 79/4096 MS: 2 ShuffleBytes-CrossOver-
#13915	REDUCE cov: 811 ft: 2634 corp: 411/434Kb lim: 4096 exec/s: 4638 rss: 243Mb L: 160/4096 MS: 3 ChangeASCIIInt-CopyPart-EraseBytes-
#13927	REDUCE cov: 811 ft: 2634 corp: 411/434Kb lim: 4096 exec/s: 4642 rss: 243Mb L: 293/4096 MS: 2 PersAutoDict-EraseBytes- DE: "\001\000\000\000\000\000B5"-
#14063	NEW    cov: 811 ft: 2637 corp: 412/434Kb lim: 4096 exec/s: 4687 rss: 243Mb L: 79/4096 MS: 1 ChangeBit-
#14070	REDUCE cov: 811 ft: 2637 corp: 412/434Kb lim: 4096 exec/s: 4690 rss: 243Mb L: 662/4096 MS: 2 InsertRepeatedBytes-CrossOver-
#14126	REDUCE cov: 811 ft: 2637 corp: 412/434Kb lim: 4096 exec/s: 4708 rss: 243Mb L: 42/4096 MS: 1 EraseBytes-
#14147	REDUCE cov: 811 ft: 2637 corp: 412/434Kb lim: 4096 exec/s: 4715 rss: 243Mb L: 40/4096 MS: 1 EraseBytes-
#14165	REDUCE cov: 811 ft: 2637 corp: 412/433Kb lim: 4096 exec/s: 4721 rss: 243Mb L: 138/4096 MS: 3 ChangeBit-InsertByte-EraseBytes-
#14214	REDUCE cov: 811 ft: 2637 corp: 412/433Kb lim: 4096 exec/s: 4738 rss: 243Mb L: 560/4096 MS: 4 ChangeASCIIInt-ChangeBinInt-ShuffleBytes-EraseBytes-
#14225	REDUCE cov: 811 ft: 2637 corp: 412/433Kb lim: 4096 exec/s: 4741 rss: 243Mb L: 9/4096 MS: 1 EraseBytes-
#14282	REDUCE cov: 811 ft: 2637 corp: 412/433Kb lim: 4096 exec/s: 4760 rss: 243Mb L: 113/4096 MS: 2 ChangeBit-EraseBytes-
#14348	REDUCE cov: 811 ft: 2637 corp: 412/433Kb lim: 4096 exec/s: 4782 rss: 243Mb L: 193/4096 MS: 1 EraseBytes-
#14389	REDUCE cov: 811 ft: 2637 corp: 412/433Kb lim: 4096 exec/s: 4796 rss: 243Mb L: 76/4096 MS: 1 EraseBytes-
#14458	REDUCE cov: 811 ft: 2637 corp: 412/433Kb lim: 4096 exec/s: 4819 rss: 243Mb L: 51/4096 MS: 4 PersAutoDict-ChangeByte-InsertByte-EraseBytes- DE: "\377\377\377\377\377\377\377\377"-
#14477	REDUCE cov: 811 ft: 2637 corp: 412/433Kb lim: 4096 exec/s: 4825 rss: 243Mb L: 31/4096 MS: 4 PersAutoDict-ChangeByte-PersAutoDict-EraseBytes- DE: "that \\1\\'\\6 with \\6 from \\4 by \\1(\\6. T"-"\001\000\000\000\000\000\000\037"-
#14479	REDUCE cov: 811 ft: 2637 corp: 412/432Kb lim: 4096 exec/s: 4826 rss: 243Mb L: 1003/4096 MS: 2 ManualDict-EraseBytes- DE: "[ProcessCommandsInternal] dictionary word: [%.*s],"-
#14502	NEW    cov: 811 ft: 2638 corp: 413/432Kb lim: 4096 exec/s: 4834 rss: 243Mb L: 55/4096 MS: 3 ChangeBit-CrossOver-InsertRepeatedBytes-
#14531	NEW    cov: 812 ft: 2639 corp: 414/432Kb lim: 4096 exec/s: 4843 rss: 243Mb L: 5/4096 MS: 4 ChangeByte-EraseBytes-EraseBytes-CopyPart-
#14557	REDUCE cov: 812 ft: 2639 corp: 414/432Kb lim: 4096 exec/s: 4852 rss: 243Mb L: 666/4096 MS: 1 EraseBytes-
#14608	REDUCE cov: 812 ft: 2639 corp: 414/432Kb lim: 4096 exec/s: 4869 rss: 243Mb L: 1151/4096 MS: 1 EraseBytes-
#14609	REDUCE cov: 812 ft: 2639 corp: 414/432Kb lim: 4096 exec/s: 4869 rss: 243Mb L: 231/4096 MS: 1 EraseBytes-
#14615	REDUCE cov: 812 ft: 2639 corp: 414/430Kb lim: 4096 exec/s: 4871 rss: 243Mb L: 2194/4096 MS: 1 EraseBytes-
#14677	REDUCE cov: 812 ft: 2639 corp: 414/429Kb lim: 4096 exec/s: 4892 rss: 243Mb L: 2063/4096 MS: 2 CrossOver-EraseBytes-
#14743	REDUCE cov: 812 ft: 2639 corp: 414/429Kb lim: 4096 exec/s: 4914 rss: 243Mb L: 424/4096 MS: 1 EraseBytes-
#14759	REDUCE cov: 812 ft: 2639 corp: 414/429Kb lim: 4096 exec/s: 4919 rss: 243Mb L: 1541/4096 MS: 1 EraseBytes-
#14840	REDUCE cov: 812 ft: 2639 corp: 414/429Kb lim: 4096 exec/s: 4946 rss: 243Mb L: 26/4096 MS: 1 EraseBytes-
#14869	REDUCE cov: 812 ft: 2639 corp: 414/429Kb lim: 4096 exec/s: 4956 rss: 243Mb L: 209/4096 MS: 4 CMP-CMP-InsertRepeatedBytes-EraseBytes- DE: "\000\000\000\377"-"\001\000\000\000\000\000\000\000"-
#14918	REDUCE cov: 812 ft: 2639 corp: 414/429Kb lim: 4096 exec/s: 4972 rss: 243Mb L: 335/4096 MS: 4 CMP-CMP-PersAutoDict-EraseBytes- DE: "\000\004\000\000"-"\004\376\377\000\000\000\000\000"-"\003\253"-
#15025	REDUCE cov: 812 ft: 2639 corp: 414/429Kb lim: 4096 exec/s: 5008 rss: 243Mb L: 505/4096 MS: 2 ChangeBinInt-EraseBytes-
#15111	NEW    cov: 812 ft: 2641 corp: 415/429Kb lim: 4096 exec/s: 5037 rss: 243Mb L: 71/4096 MS: 1 ManualDict- DE: "Large Window Brotli"-
#15117	REDUCE cov: 812 ft: 2641 corp: 415/429Kb lim: 4096 exec/s: 5039 rss: 243Mb L: 17/4096 MS: 1 EraseBytes-
#15134	REDUCE cov: 812 ft: 2641 corp: 415/429Kb lim: 4096 exec/s: 5044 rss: 243Mb L: 2659/4096 MS: 2 EraseBytes-PersAutoDict- DE: "\377\377\007\000"-
#15145	NEW    cov: 812 ft: 2645 corp: 416/429Kb lim: 4096 exec/s: 5048 rss: 243Mb L: 143/4096 MS: 1 InsertRepeatedBytes-
#15184	NEW    cov: 812 ft: 2649 corp: 417/429Kb lim: 4096 exec/s: 5061 rss: 243Mb L: 77/4096 MS: 4 InsertRepeatedBytes-PersAutoDict-ChangeByte-ManualDict- DE: "\357\377\377\377"-"INVALID"-
#15201	REDUCE cov: 812 ft: 2649 corp: 417/429Kb lim: 4096 exec/s: 5067 rss: 243Mb L: 30/4096 MS: 2 CMP-EraseBytes- DE: "\004\000\000\000\000\000\000\000"-
#15202	REDUCE cov: 812 ft: 2649 corp: 417/429Kb lim: 4096 exec/s: 5067 rss: 243Mb L: 1646/4096 MS: 1 EraseBytes-
#15246	REDUCE cov: 812 ft: 2649 corp: 417/429Kb lim: 4096 exec/s: 5082 rss: 243Mb L: 70/4096 MS: 4 CMP-CMP-CopyPart-EraseBytes- DE: "\377\377\010\364"-"\377\000"-
#15262	REDUCE cov: 812 ft: 2649 corp: 417/429Kb lim: 4096 exec/s: 5087 rss: 243Mb L: 94/4096 MS: 1 EraseBytes-
#15363	REDUCE cov: 812 ft: 2649 corp: 417/429Kb lim: 4096 exec/s: 5121 rss: 243Mb L: 92/4096 MS: 1 EraseBytes-
#15371	REDUCE cov: 812 ft: 2649 corp: 417/429Kb lim: 4096 exec/s: 5123 rss: 243Mb L: 24/4096 MS: 3 InsertByte-PersAutoDict-EraseBytes- DE: "\004\376\377\000\000\000\000\000"-
#15428	REDUCE cov: 812 ft: 2649 corp: 417/428Kb lim: 4096 exec/s: 5142 rss: 243Mb L: 1149/4096 MS: 2 InsertRepeatedBytes-CrossOver-
#15457	NEW    cov: 813 ft: 2650 corp: 418/428Kb lim: 4096 exec/s: 5152 rss: 243Mb L: 3/4096 MS: 4 EraseBytes-EraseBytes-ChangeBit-ShuffleBytes-
#15473	REDUCE cov: 813 ft: 2650 corp: 418/427Kb lim: 4096 exec/s: 5157 rss: 243Mb L: 2125/4096 MS: 1 EraseBytes-
#15489	REDUCE cov: 813 ft: 2650 corp: 418/427Kb lim: 4096 exec/s: 5163 rss: 243Mb L: 9/4096 MS: 1 EraseBytes-
#15511	NEW    cov: 813 ft: 2651 corp: 419/427Kb lim: 4096 exec/s: 5170 rss: 243Mb L: 50/4096 MS: 2 InsertRepeatedBytes-CrossOver-
#15527	REDUCE cov: 813 ft: 2651 corp: 419/426Kb lim: 4096 exec/s: 5175 rss: 243Mb L: 2030/4096 MS: 1 EraseBytes-
#15548	REDUCE cov: 813 ft: 2651 corp: 419/426Kb lim: 4096 exec/s: 5182 rss: 243Mb L: 70/4096 MS: 1 EraseBytes-
#15604	REDUCE cov: 813 ft: 2651 corp: 419/426Kb lim: 4096 exec/s: 5201 rss: 243Mb L: 203/4096 MS: 1 EraseBytes-
#15618	REDUCE cov: 813 ft: 2651 corp: 419/425Kb lim: 4096 exec/s: 5206 rss: 243Mb L: 1827/4096 MS: 4 ShuffleBytes-CMP-InsertByte-EraseBytes- DE: "\001\000\000\000\000\000\000,"-
#15685	NEW    cov: 813 ft: 2654 corp: 420/425Kb lim: 4096 exec/s: 5228 rss: 243Mb L: 25/4096 MS: 2 EraseBytes-EraseBytes-
#15716	REDUCE cov: 813 ft: 2654 corp: 420/425Kb lim: 4096 exec/s: 5238 rss: 243Mb L: 286/4096 MS: 1 EraseBytes-
#15807	REDUCE cov: 813 ft: 2654 corp: 420/422Kb lim: 4096 exec/s: 5269 rss: 243Mb L: 529/4096 MS: 1 CrossOver-
#15822	REDUCE cov: 813 ft: 2654 corp: 420/422Kb lim: 4096 exec/s: 5274 rss: 243Mb L: 60/4096 MS: 5 InsertRepeatedBytes-ChangeByte-PersAutoDict-EraseBytes-EraseBytes- DE: "9\000\000\000\000\000\000\000"-
#15876	NEW    cov: 813 ft: 2655 corp: 421/422Kb lim: 4096 exec/s: 5292 rss: 243Mb L: 120/4096 MS: 4 ShuffleBytes-CopyPart-ChangeBinInt-InsertRepeatedBytes-
#15927	NEW    cov: 813 ft: 2656 corp: 422/423Kb lim: 4096 exec/s: 5309 rss: 244Mb L: 573/4096 MS: 1 InsertByte-
#15928	NEW    cov: 813 ft: 2660 corp: 423/423Kb lim: 4096 exec/s: 5309 rss: 244Mb L: 25/4096 MS: 1 CrossOver-
#16004	NEW    cov: 813 ft: 2663 corp: 424/423Kb lim: 4096 exec/s: 5334 rss: 244Mb L: 52/4096 MS: 1 EraseBytes-
#16065	NEW    cov: 814 ft: 2664 corp: 425/423Kb lim: 4096 exec/s: 5355 rss: 244Mb L: 9/4096 MS: 1 EraseBytes-
#16116	REDUCE cov: 814 ft: 2664 corp: 425/423Kb lim: 4096 exec/s: 5372 rss: 248Mb L: 453/4096 MS: 1 EraseBytes-
#16193	NEW    cov: 814 ft: 2669 corp: 426/423Kb lim: 4096 exec/s: 5397 rss: 248Mb L: 24/4096 MS: 2 InsertRepeatedBytes-PersAutoDict- DE: "@\000\000\000\000\000\000\000"-
#16202	REDUCE cov: 814 ft: 2669 corp: 426/423Kb lim: 4096 exec/s: 5400 rss: 248Mb L: 128/4096 MS: 4 ChangeBit-CMP-CrossOver-EraseBytes- DE: "\005\000"-
#16224	REDUCE cov: 814 ft: 2669 corp: 426/423Kb lim: 4096 exec/s: 5408 rss: 248Mb L: 102/4096 MS: 2 ChangeASCIIInt-EraseBytes-
#16273	REDUCE cov: 814 ft: 2669 corp: 426/422Kb lim: 4096 exec/s: 5424 rss: 248Mb L: 211/4096 MS: 4 ChangeBit-CopyPart-ChangeByte-EraseBytes-
#16384	pulse  cov: 814 ft: 2669 corp: 426/422Kb lim: 4096 exec/s: 5461 rss: 248Mb
#16446	REDUCE cov: 814 ft: 2669 corp: 426/422Kb lim: 4096 exec/s: 5482 rss: 248Mb L: 2752/4096 MS: 3 ChangeBit-CMP-EraseBytes- DE: "\376\377\377\377\377\377\377\321"-
#16502	REDUCE cov: 814 ft: 2669 corp: 426/422Kb lim: 4096 exec/s: 5500 rss: 248Mb L: 32/4096 MS: 1 EraseBytes-
#16621	REDUCE cov: 814 ft: 2669 corp: 426/422Kb lim: 4096 exec/s: 5540 rss: 248Mb L: 657/4096 MS: 4 CrossOver-ChangeByte-ChangeASCIIInt-EraseBytes-
#16704	REDUCE cov: 814 ft: 2669 corp: 426/422Kb lim: 4096 exec/s: 5568 rss: 248Mb L: 6/4096 MS: 3 ChangeBinInt-ChangeBit-EraseBytes-
#16731	REDUCE cov: 814 ft: 2670 corp: 427/422Kb lim: 4096 exec/s: 5577 rss: 248Mb L: 270/4096 MS: 2 ShuffleBytes-InsertRepeatedBytes-
#16757	REDUCE cov: 814 ft: 2670 corp: 427/422Kb lim: 4096 exec/s: 5585 rss: 248Mb L: 76/4096 MS: 1 CrossOver-
#16763	REDUCE cov: 814 ft: 2670 corp: 427/422Kb lim: 4096 exec/s: 5587 rss: 248Mb L: 3480/4096 MS: 1 EraseBytes-
#16876	REDUCE cov: 814 ft: 2670 corp: 427/422Kb lim: 4096 exec/s: 5625 rss: 248Mb L: 413/4096 MS: 3 InsertByte-CopyPart-EraseBytes-
#16917	REDUCE cov: 814 ft: 2670 corp: 427/422Kb lim: 4096 exec/s: 5639 rss: 248Mb L: 106/4096 MS: 1 EraseBytes-
#16924	REDUCE cov: 814 ft: 2670 corp: 427/421Kb lim: 4096 exec/s: 5641 rss: 248Mb L: 1468/4096 MS: 2 CMP-EraseBytes- DE: "\006\000"-
#16984	REDUCE cov: 814 ft: 2670 corp: 427/421Kb lim: 4096 exec/s: 5661 rss: 248Mb L: 509/4096 MS: 5 ChangeBinInt-ShuffleBytes-InsertByte-EraseBytes-ChangeBit-
#17250	REDUCE cov: 814 ft: 2670 corp: 427/421Kb lim: 4096 exec/s: 5750 rss: 249Mb L: 271/4096 MS: 1 EraseBytes-
#17276	NEW    cov: 814 ft: 2671 corp: 428/425Kb lim: 4096 exec/s: 5758 rss: 249Mb L: 4096/4096 MS: 1 CrossOver-
#17327	REDUCE cov: 814 ft: 2671 corp: 428/424Kb lim: 4096 exec/s: 5775 rss: 249Mb L: 2018/4096 MS: 1 EraseBytes-
#17344	REDUCE cov: 814 ft: 2671 corp: 428/424Kb lim: 4096 exec/s: 5781 rss: 249Mb L: 587/4096 MS: 2 ChangeBinInt-EraseBytes-
#17454	NEW    cov: 814 ft: 2672 corp: 429/424Kb lim: 4096 exec/s: 5818 rss: 249Mb L: 176/4096 MS: 5 ShuffleBytes-PersAutoDict-InsertRepeatedBytes-InsertByte-InsertRepeatedBytes- DE: "Large Window Brotli"-
#17515	REDUCE cov: 814 ft: 2672 corp: 429/424Kb lim: 4096 exec/s: 5838 rss: 249Mb L: 119/4096 MS: 1 EraseBytes-
#17564	REDUCE cov: 814 ft: 2672 corp: 429/424Kb lim: 4096 exec/s: 5854 rss: 249Mb L: 106/4096 MS: 4 ChangeASCIIInt-ChangeBit-CrossOver-EraseBytes-
#17583	REDUCE cov: 814 ft: 2672 corp: 429/424Kb lim: 4096 exec/s: 5861 rss: 249Mb L: 120/4096 MS: 4 ChangeBit-ShuffleBytes-ShuffleBytes-EraseBytes-
#17621	REDUCE cov: 814 ft: 2672 corp: 429/424Kb lim: 4096 exec/s: 5873 rss: 249Mb L: 11/4096 MS: 3 ManualDict-ChangeBit-EraseBytes- DE: "Regular"-
#17648	REDUCE cov: 814 ft: 2672 corp: 429/423Kb lim: 4096 exec/s: 5882 rss: 249Mb L: 2294/4096 MS: 2 ChangeASCIIInt-EraseBytes-
#17681	REDUCE cov: 814 ft: 2672 corp: 429/423Kb lim: 4096 exec/s: 5893 rss: 249Mb L: 3431/4096 MS: 3 EraseBytes-PersAutoDict-ChangeBit- DE: "\344\377\377\377\377\377\377\377"-
#17785	REDUCE cov: 814 ft: 2672 corp: 429/422Kb lim: 4096 exec/s: 5928 rss: 249Mb L: 223/4096 MS: 4 ChangeByte-ChangeASCIIInt-CMP-EraseBytes- DE: "\001\000\000\000\000\000\000\000"-
#17816	REDUCE cov: 814 ft: 2672 corp: 429/422Kb lim: 4096 exec/s: 5938 rss: 249Mb L: 383/4096 MS: 1 EraseBytes-
#17872	NEW    cov: 814 ft: 2675 corp: 430/422Kb lim: 4096 exec/s: 5957 rss: 249Mb L: 31/4096 MS: 1 PersAutoDict- DE: "INVALID"-
#17888	REDUCE cov: 814 ft: 2675 corp: 430/422Kb lim: 4096 exec/s: 5962 rss: 249Mb L: 1528/4096 MS: 1 EraseBytes-
#17920	REDUCE cov: 814 ft: 2675 corp: 430/422Kb lim: 4096 exec/s: 5973 rss: 249Mb L: 344/4096 MS: 2 InsertByte-EraseBytes-
#17923	NEW    cov: 814 ft: 2677 corp: 431/422Kb lim: 4096 exec/s: 5974 rss: 249Mb L: 25/4096 MS: 3 CrossOver-CopyPart-ChangeBinInt-
#17946	REDUCE cov: 814 ft: 2677 corp: 431/422Kb lim: 4096 exec/s: 5982 rss: 249Mb L: 1280/4096 MS: 3 CMP-ChangeByte-EraseBytes- DE: "\004\000"-
#17973	REDUCE cov: 814 ft: 2677 corp: 431/422Kb lim: 4096 exec/s: 5991 rss: 249Mb L: 68/4096 MS: 2 ShuffleBytes-EraseBytes-
#18000	NEW    cov: 814 ft: 2678 corp: 432/422Kb lim: 4096 exec/s: 6000 rss: 249Mb L: 177/4096 MS: 2 InsertByte-ChangeASCIIInt-
#18077	REDUCE cov: 814 ft: 2678 corp: 432/422Kb lim: 4096 exec/s: 6025 rss: 249Mb L: 343/4096 MS: 2 EraseBytes-ChangeASCIIInt-
#18143	NEW    cov: 815 ft: 2679 corp: 433/425Kb lim: 4096 exec/s: 6047 rss: 249Mb L: 2804/4096 MS: 1 ShuffleBytes-
#18202	REDUCE cov: 815 ft: 2679 corp: 433/424Kb lim: 4096 exec/s: 6067 rss: 249Mb L: 2768/4096 MS: 4 CopyPart-ChangeBit-ChangeASCIIInt-EraseBytes-
#18239	REDUCE cov: 815 ft: 2679 corp: 433/423Kb lim: 4096 exec/s: 6079 rss: 249Mb L: 698/4096 MS: 2 CrossOver-EraseBytes-
#18282	REDUCE cov: 815 ft: 2679 corp: 433/423Kb lim: 4096 exec/s: 6094 rss: 251Mb L: 3435/4096 MS: 3 EraseBytes-ShuffleBytes-CopyPart-
#18380	REDUCE cov: 815 ft: 2679 corp: 433/423Kb lim: 4096 exec/s: 6126 rss: 251Mb L: 18/4096 MS: 3 InsertByte-ChangeBit-EraseBytes-
#18462	REDUCE cov: 815 ft: 2679 corp: 433/423Kb lim: 4096 exec/s: 6154 rss: 251Mb L: 89/4096 MS: 2 CopyPart-EraseBytes-
#18503	REDUCE cov: 815 ft: 2679 corp: 433/423Kb lim: 4096 exec/s: 6167 rss: 251Mb L: 787/4096 MS: 1 EraseBytes-
#18550	REDUCE cov: 815 ft: 2679 corp: 433/423Kb lim: 4096 exec/s: 6183 rss: 251Mb L: 47/4096 MS: 2 InsertByte-EraseBytes-
#18616	REDUCE cov: 815 ft: 2679 corp: 433/423Kb lim: 4096 exec/s: 6205 rss: 251Mb L: 901/4096 MS: 1 EraseBytes-
#18625	REDUCE cov: 815 ft: 2679 corp: 433/422Kb lim: 4096 exec/s: 6208 rss: 251Mb L: 1848/4096 MS: 4 InsertRepeatedBytes-CrossOver-InsertByte-CrossOver-
#18631	REDUCE cov: 815 ft: 2679 corp: 433/422Kb lim: 4096 exec/s: 6210 rss: 251Mb L: 7/4096 MS: 1 EraseBytes-
#18632	REDUCE cov: 815 ft: 2679 corp: 433/422Kb lim: 4096 exec/s: 6210 rss: 251Mb L: 11/4096 MS: 1 EraseBytes-
#18814	REDUCE cov: 815 ft: 2679 corp: 433/422Kb lim: 4096 exec/s: 6271 rss: 251Mb L: 80/4096 MS: 2 PersAutoDict-EraseBytes- DE: "\000\000\000\000\000\000\037\342"-
#18897	REDUCE cov: 815 ft: 2679 corp: 433/422Kb lim: 4096 exec/s: 6299 rss: 251Mb L: 441/4096 MS: 3 InsertByte-CopyPart-EraseBytes-
#18903	REDUCE cov: 815 ft: 2679 corp: 433/422Kb lim: 4096 exec/s: 6301 rss: 251Mb L: 46/4096 MS: 1 EraseBytes-
#18952	NEW    cov: 815 ft: 2680 corp: 434/426Kb lim: 4096 exec/s: 4738 rss: 251Mb L: 4077/4096 MS: 4 ChangeBit-PersAutoDict-ManualDict-CrossOver- DE: "9\000\000\000\000\000\000\000"-"[ProcessCommandsInternal] dictionary word: [%.*s],"-
#19040	REDUCE cov: 815 ft: 2680 corp: 434/426Kb lim: 4096 exec/s: 4760 rss: 251Mb L: 76/4096 MS: 3 ChangeBinInt-InsertByte-EraseBytes-
#19066	REDUCE cov: 815 ft: 2680 corp: 434/426Kb lim: 4096 exec/s: 4766 rss: 251Mb L: 37/4096 MS: 1 EraseBytes-
#19218	REDUCE cov: 815 ft: 2680 corp: 434/426Kb lim: 4096 exec/s: 4804 rss: 251Mb L: 123/4096 MS: 2 ChangeBit-EraseBytes-
#19221	REDUCE cov: 815 ft: 2680 corp: 434/426Kb lim: 4096 exec/s: 4805 rss: 251Mb L: 1759/4096 MS: 3 ManualDict-ChangeBit-EraseBytes- DE: "t \\4ize \\2\\xc2\\xa0\\4ous \\5 the \\2e "-
#19308	REDUCE cov: 815 ft: 2680 corp: 434/426Kb lim: 4096 exec/s: 4827 rss: 251Mb L: 28/4096 MS: 2 ChangeBit-EraseBytes-
#19470	REDUCE cov: 815 ft: 2680 corp: 434/426Kb lim: 4096 exec/s: 4867 rss: 251Mb L: 62/4096 MS: 2 InsertByte-EraseBytes-
#19496	REDUCE cov: 815 ft: 2680 corp: 434/426Kb lim: 4096 exec/s: 4874 rss: 251Mb L: 2759/4096 MS: 1 CrossOver-
#19497	REDUCE cov: 815 ft: 2680 corp: 434/426Kb lim: 4096 exec/s: 4874 rss: 251Mb L: 13/4096 MS: 1 EraseBytes-
#19605	REDUCE cov: 815 ft: 2680 corp: 434/425Kb lim: 4096 exec/s: 4901 rss: 251Mb L: 1914/4096 MS: 3 CrossOver-ChangeASCIIInt-CrossOver-
#19736	REDUCE cov: 815 ft: 2680 corp: 434/424Kb lim: 4096 exec/s: 4934 rss: 251Mb L: 876/4096 MS: 1 EraseBytes-
#19814	REDUCE cov: 815 ft: 2681 corp: 435/424Kb lim: 4096 exec/s: 4953 rss: 251Mb L: 24/4096 MS: 3 CrossOver-ChangeBit-ShuffleBytes-
#19885	REDUCE cov: 815 ft: 2681 corp: 435/424Kb lim: 4096 exec/s: 4971 rss: 251Mb L: 2535/4096 MS: 1 EraseBytes-
#19896	NEW    cov: 815 ft: 2683 corp: 436/424Kb lim: 4096 exec/s: 4974 rss: 251Mb L: 40/4096 MS: 1 InsertRepeatedBytes-
#19912	REDUCE cov: 815 ft: 2683 corp: 436/424Kb lim: 4096 exec/s: 4978 rss: 251Mb L: 20/4096 MS: 1 EraseBytes-
#19998	REDUCE cov: 815 ft: 2683 corp: 436/424Kb lim: 4096 exec/s: 4999 rss: 251Mb L: 919/4096 MS: 1 EraseBytes-
#20008	REDUCE cov: 815 ft: 2683 corp: 436/423Kb lim: 4096 exec/s: 5002 rss: 251Mb L: 1307/4096 MS: 5 CMP-ChangeASCIIInt-ChangeBit-InsertRepeatedBytes-EraseBytes- DE: "\000\000\000\000"-
#20084	REDUCE cov: 815 ft: 2683 corp: 436/423Kb lim: 4096 exec/s: 5021 rss: 251Mb L: 44/4096 MS: 1 EraseBytes-
#20096	REDUCE cov: 815 ft: 2684 corp: 437/424Kb lim: 4096 exec/s: 5024 rss: 251Mb L: 784/4096 MS: 2 PersAutoDict-ChangeByte- DE: " not \\3er \\3al \\4ful \\4ive \\5less \\4es"-
#20137	REDUCE cov: 815 ft: 2684 corp: 437/424Kb lim: 4096 exec/s: 5034 rss: 251Mb L: 63/4096 MS: 1 EraseBytes-
#20139	REDUCE cov: 815 ft: 2684 corp: 437/424Kb lim: 4096 exec/s: 5034 rss: 251Mb L: 1978/4096 MS: 2 CopyPart-EraseBytes-
#20284	NEW    cov: 815 ft: 2685 corp: 438/427Kb lim: 4096 exec/s: 5071 rss: 251Mb L: 3182/4096 MS: 2 EraseBytes-CopyPart-
#20295	REDUCE cov: 815 ft: 2685 corp: 438/427Kb lim: 4096 exec/s: 5073 rss: 251Mb L: 21/4096 MS: 1 EraseBytes-
#20305	REDUCE cov: 815 ft: 2685 corp: 438/427Kb lim: 4096 exec/s: 5076 rss: 251Mb L: 2250/4096 MS: 5 ChangeByte-InsertByte-ShuffleBytes-InsertByte-EraseBytes-
#20446	NEW    cov: 815 ft: 2688 corp: 439/427Kb lim: 4096 exec/s: 5111 rss: 251Mb L: 10/4096 MS: 1 CrossOver-
#20477	REDUCE cov: 815 ft: 2688 corp: 439/427Kb lim: 4096 exec/s: 5119 rss: 251Mb L: 32/4096 MS: 1 EraseBytes-
#20621	REDUCE cov: 815 ft: 2688 corp: 439/426Kb lim: 4096 exec/s: 5155 rss: 251Mb L: 1532/4096 MS: 4 InsertByte-ManualDict-ChangeASCIIInt-EraseBytes- DE: "[]"-
#20665	NEW    cov: 815 ft: 2689 corp: 440/430Kb lim: 4096 exec/s: 5166 rss: 251Mb L: 3968/4096 MS: 4 CopyPart-InsertByte-ChangeASCIIInt-InsertByte-
#20800	REDUCE cov: 815 ft: 2689 corp: 440/430Kb lim: 4096 exec/s: 5200 rss: 251Mb L: 180/4096 MS: 5 ChangeBit-PersAutoDict-ManualDict-CrossOver-EraseBytes- DE: "\006\000"-" not \\3er \\3al \\4ful \\4ive \\5less \\4es"-
#20821	REDUCE cov: 815 ft: 2689 corp: 440/430Kb lim: 4096 exec/s: 5205 rss: 251Mb L: 101/4096 MS: 1 EraseBytes-
#20879	NEW    cov: 815 ft: 2696 corp: 441/430Kb lim: 4096 exec/s: 5219 rss: 251Mb L: 51/4096 MS: 3 PersAutoDict-ChangeByte-InsertRepeatedBytes- DE: "\000\000\000\000\000\000\037\342"-
#20882	REDUCE cov: 815 ft: 2696 corp: 441/429Kb lim: 4096 exec/s: 5220 rss: 251Mb L: 3294/4096 MS: 3 ChangeBit-ChangeBinInt-EraseBytes-
#20883	NEW    cov: 817 ft: 2698 corp: 442/429Kb lim: 4096 exec/s: 5220 rss: 251Mb L: 86/4096 MS: 1 InsertRepeatedBytes-
#21104	REDUCE cov: 817 ft: 2698 corp: 442/429Kb lim: 4096 exec/s: 5276 rss: 251Mb L: 38/4096 MS: 1 EraseBytes-
#21164	REDUCE cov: 817 ft: 2698 corp: 442/429Kb lim: 4096 exec/s: 5291 rss: 251Mb L: 894/4096 MS: 5 InsertByte-ManualDict-ShuffleBytes-ChangeBinInt-EraseBytes- DE: " not \\3er \\3al \\4ful \\4ive \\5less \\4es"-
#21170	REDUCE cov: 818 ft: 2699 corp: 443/429Kb lim: 4096 exec/s: 5292 rss: 251Mb L: 68/4096 MS: 1 ChangeBit-
#21199	REDUCE cov: 818 ft: 2699 corp: 443/429Kb lim: 4096 exec/s: 5299 rss: 251Mb L: 31/4096 MS: 4 ChangeBinInt-ChangeByte-ChangeASCIIInt-EraseBytes-
#21235	REDUCE cov: 818 ft: 2699 corp: 443/429Kb lim: 4096 exec/s: 5308 rss: 251Mb L: 63/4096 MS: 1 EraseBytes-
#21262	REDUCE cov: 818 ft: 2699 corp: 443/429Kb lim: 4096 exec/s: 5315 rss: 251Mb L: 247/4096 MS: 2 PersAutoDict-CrossOver- DE: "\376\377\377\377\377\377\377\321"-
#21299	REDUCE cov: 818 ft: 2699 corp: 443/428Kb lim: 4096 exec/s: 5324 rss: 251Mb L: 146/4096 MS: 2 PersAutoDict-CrossOver- DE: "\000\000\000\377"-
#21302	REDUCE cov: 818 ft: 2699 corp: 443/428Kb lim: 4096 exec/s: 5325 rss: 251Mb L: 424/4096 MS: 3 ChangeBit-InsertByte-EraseBytes-
#21408	REDUCE cov: 818 ft: 2699 corp: 443/428Kb lim: 4096 exec/s: 5352 rss: 251Mb L: 19/4096 MS: 1 EraseBytes-
#21463	REDUCE cov: 818 ft: 2699 corp: 443/428Kb lim: 4096 exec/s: 5365 rss: 251Mb L: 145/4096 MS: 5 ChangeASCIIInt-ChangeBinInt-ChangeByte-CopyPart-EraseBytes-
#21516	REDUCE cov: 818 ft: 2699 corp: 443/428Kb lim: 4096 exec/s: 5379 rss: 251Mb L: 732/4096 MS: 3 ManualDict-CopyPart-EraseBytes- DE: "t \\4ize \\2\\xc2\\xa0\\4ous \\5 the \\2e "-
#21646	REDUCE cov: 818 ft: 2699 corp: 443/428Kb lim: 4096 exec/s: 5411 rss: 251Mb L: 568/4096 MS: 5 ChangeByte-CrossOver-PersAutoDict-ChangeBit-EraseBytes- DE: "!\000\000\000\000\000\000\000"-
#21902	REDUCE cov: 818 ft: 2699 corp: 443/427Kb lim: 4096 exec/s: 5475 rss: 251Mb L: 555/4096 MS: 1 CrossOver-
#21941	NEW    cov: 818 ft: 2701 corp: 444/427Kb lim: 4096 exec/s: 5485 rss: 251Mb L: 188/4096 MS: 4 CopyPart-InsertRepeatedBytes-ManualDict-CrossOver- DE: "needs more output"-
#22007	NEW    cov: 818 ft: 2702 corp: 445/428Kb lim: 4096 exec/s: 5501 rss: 251Mb L: 512/4096 MS: 1 InsertRepeatedBytes-
#22045	REDUCE cov: 818 ft: 2702 corp: 445/428Kb lim: 4096 exec/s: 5511 rss: 251Mb L: 212/4096 MS: 3 ShuffleBytes-ChangeBit-EraseBytes-
#22128	REDUCE cov: 818 ft: 2702 corp: 445/427Kb lim: 4096 exec/s: 5532 rss: 251Mb L: 1222/4096 MS: 3 ChangeBinInt-InsertRepeatedBytes-EraseBytes-
#22156	REDUCE cov: 818 ft: 2702 corp: 445/427Kb lim: 4096 exec/s: 5539 rss: 251Mb L: 31/4096 MS: 3 ShuffleBytes-InsertByte-EraseBytes-
#22177	REDUCE cov: 818 ft: 2702 corp: 445/427Kb lim: 4096 exec/s: 5544 rss: 251Mb L: 84/4096 MS: 1 EraseBytes-
#22179	REDUCE cov: 818 ft: 2702 corp: 445/427Kb lim: 4096 exec/s: 5544 rss: 251Mb L: 88/4096 MS: 2 InsertByte-EraseBytes-
#22182	REDUCE cov: 818 ft: 2702 corp: 445/427Kb lim: 4096 exec/s: 5545 rss: 251Mb L: 29/4096 MS: 3 ChangeBit-PersAutoDict-EraseBytes- DE: "Regular"-
#22324	NEW    cov: 819 ft: 2703 corp: 446/427Kb lim: 4096 exec/s: 5581 rss: 251Mb L: 10/4096 MS: 2 ChangeBinInt-CrossOver-
#22332	NEW    cov: 819 ft: 2704 corp: 447/427Kb lim: 4096 exec/s: 5583 rss: 251Mb L: 89/4096 MS: 3 InsertRepeatedBytes-ChangeByte-PersAutoDict- DE: "[ProcessCommandsInternal] dictionary word: [%.*s],"-
#22354	REDUCE cov: 819 ft: 2704 corp: 447/427Kb lim: 4096 exec/s: 5588 rss: 251Mb L: 622/4096 MS: 2 CopyPart-EraseBytes-
#22533	REDUCE cov: 819 ft: 2704 corp: 447/427Kb lim: 4096 exec/s: 5633 rss: 251Mb L: 322/4096 MS: 4 ChangeASCIIInt-InsertByte-InsertByte-EraseBytes-
#22595	REDUCE cov: 819 ft: 2704 corp: 447/427Kb lim: 4096 exec/s: 5648 rss: 251Mb L: 61/4096 MS: 2 ChangeBit-EraseBytes-
#22641	REDUCE cov: 819 ft: 2704 corp: 447/427Kb lim: 4096 exec/s: 5660 rss: 251Mb L: 90/4096 MS: 1 EraseBytes-
#22660	REDUCE cov: 819 ft: 2704 corp: 447/427Kb lim: 4096 exec/s: 5665 rss: 251Mb L: 12/4096 MS: 4 InsertRepeatedBytes-CMP-EraseBytes-CrossOver- DE: "\005\000\000\000\000\000\000\000"-
#22737	REDUCE cov: 819 ft: 2704 corp: 447/427Kb lim: 4096 exec/s: 5684 rss: 251Mb L: 31/4096 MS: 2 ShuffleBytes-EraseBytes-
#22846	REDUCE cov: 819 ft: 2704 corp: 447/427Kb lim: 4096 exec/s: 5711 rss: 251Mb L: 287/4096 MS: 4 CMP-CrossOver-PersAutoDict-EraseBytes- DE: "!\000\000\000\000\000\000\000"-"\004\000\000\000\000\000\000\000"-
#23086	REDUCE cov: 819 ft: 2704 corp: 447/427Kb lim: 4096 exec/s: 5771 rss: 251Mb L: 85/4096 MS: 5 CrossOver-CopyPart-InsertByte-ShuffleBytes-EraseBytes-
#23121	NEW    cov: 820 ft: 2707 corp: 448/427Kb lim: 4096 exec/s: 5780 rss: 251Mb L: 27/4096 MS: 5 CopyPart-ChangeBit-InsertByte-ShuffleBytes-ChangeBinInt-
#23232	REDUCE cov: 820 ft: 2707 corp: 448/426Kb lim: 4096 exec/s: 5808 rss: 254Mb L: 1292/4096 MS: 1 EraseBytes-
#23267	REDUCE cov: 820 ft: 2707 corp: 448/426Kb lim: 4096 exec/s: 5816 rss: 254Mb L: 23/4096 MS: 5 ShuffleBytes-ShuffleBytes-ChangeByte-ChangeASCIIInt-EraseBytes-
#23387	REDUCE cov: 820 ft: 2707 corp: 448/426Kb lim: 4096 exec/s: 5846 rss: 255Mb L: 546/4096 MS: 5 InsertRepeatedBytes-ChangeBit-InsertRepeatedBytes-CopyPart-EraseBytes-
#23456	REDUCE cov: 820 ft: 2707 corp: 448/426Kb lim: 4096 exec/s: 5864 rss: 256Mb L: 257/4096 MS: 4 ManualDict-ChangeASCIIInt-InsertByte-CrossOver- DE: "[ProcessCommandsInternal] dictionary word: [%.*s],"-
#23535	REDUCE cov: 820 ft: 2707 corp: 448/425Kb lim: 4096 exec/s: 5883 rss: 256Mb L: 254/4096 MS: 4 EraseBytes-ManualDict-InsertByte-ChangeASCIIInt- DE: " not \\3er \\3al \\4ful \\4ive \\5less \\4es"-
#23601	REDUCE cov: 820 ft: 2707 corp: 448/425Kb lim: 4096 exec/s: 5900 rss: 256Mb L: 63/4096 MS: 1 EraseBytes-
#23623	REDUCE cov: 820 ft: 2707 corp: 448/425Kb lim: 4096 exec/s: 5905 rss: 256Mb L: 1618/4096 MS: 2 ChangeByte-EraseBytes-
#23645	REDUCE cov: 820 ft: 2707 corp: 448/425Kb lim: 4096 exec/s: 5911 rss: 256Mb L: 12/4096 MS: 2 ChangeBinInt-EraseBytes-
#23797	NEW    cov: 821 ft: 2708 corp: 449/429Kb lim: 4096 exec/s: 5949 rss: 257Mb L: 4096/4096 MS: 2 ChangeASCIIInt-CrossOver-
#23831	NEW    cov: 821 ft: 2712 corp: 450/429Kb lim: 4096 exec/s: 5957 rss: 257Mb L: 88/4096 MS: 4 InsertByte-InsertRepeatedBytes-CrossOver-PersAutoDict- DE: "\377\003\000\000"-
#23891	REDUCE cov: 821 ft: 2713 corp: 451/430Kb lim: 4096 exec/s: 5972 rss: 257Mb L: 557/4096 MS: 5 InsertRepeatedBytes-InsertByte-ChangeASCIIInt-EraseBytes-InsertRepeatedBytes-
#23932	REDUCE cov: 821 ft: 2713 corp: 451/430Kb lim: 4096 exec/s: 5983 rss: 257Mb L: 688/4096 MS: 1 EraseBytes-
#24011	REDUCE cov: 821 ft: 2713 corp: 451/429Kb lim: 4096 exec/s: 6002 rss: 257Mb L: 2548/4096 MS: 4 InsertByte-InsertRepeatedBytes-ChangeBinInt-EraseBytes-
#24087	REDUCE cov: 821 ft: 2713 corp: 451/429Kb lim: 4096 exec/s: 6021 rss: 257Mb L: 112/4096 MS: 1 EraseBytes-
#24128	REDUCE cov: 821 ft: 2713 corp: 451/429Kb lim: 4096 exec/s: 6032 rss: 258Mb L: 44/4096 MS: 1 EraseBytes-
#24176	REDUCE cov: 821 ft: 2713 corp: 451/429Kb lim: 4096 exec/s: 6044 rss: 258Mb L: 59/4096 MS: 3 ChangeBinInt-ShuffleBytes-EraseBytes-
#24212	REDUCE cov: 821 ft: 2713 corp: 451/429Kb lim: 4096 exec/s: 6053 rss: 258Mb L: 10/4096 MS: 1 EraseBytes-
#24233	REDUCE cov: 821 ft: 2713 corp: 451/429Kb lim: 4096 exec/s: 6058 rss: 258Mb L: 232/4096 MS: 1 EraseBytes-
#24297	REDUCE cov: 821 ft: 2713 corp: 451/429Kb lim: 4096 exec/s: 6074 rss: 258Mb L: 86/4096 MS: 4 ChangeByte-InsertByte-ChangeBit-EraseBytes-
#24358	REDUCE cov: 821 ft: 2713 corp: 451/429Kb lim: 4096 exec/s: 6089 rss: 258Mb L: 1091/4096 MS: 1 EraseBytes-
#24444	REDUCE cov: 821 ft: 2713 corp: 451/429Kb lim: 4096 exec/s: 6111 rss: 258Mb L: 4/4096 MS: 1 EraseBytes-
#24516	REDUCE cov: 821 ft: 2714 corp: 452/432Kb lim: 4096 exec/s: 6129 rss: 258Mb L: 3073/4096 MS: 2 CopyPart-CrossOver-
#24578	REDUCE cov: 821 ft: 2714 corp: 452/432Kb lim: 4096 exec/s: 6144 rss: 258Mb L: 47/4096 MS: 2 ManualDict-EraseBytes- DE: "Large Window Brotli"-
#24609	REDUCE cov: 821 ft: 2714 corp: 452/430Kb lim: 4096 exec/s: 6152 rss: 258Mb L: 2051/4096 MS: 1 EraseBytes-
#24708	REDUCE cov: 821 ft: 2714 corp: 452/430Kb lim: 4096 exec/s: 6177 rss: 258Mb L: 40/4096 MS: 4 CrossOver-ShuffleBytes-InsertByte-EraseBytes-
#24745	REDUCE cov: 821 ft: 2714 corp: 452/430Kb lim: 4096 exec/s: 6186 rss: 258Mb L: 345/4096 MS: 2 ChangeByte-EraseBytes-
#24758	REDUCE cov: 821 ft: 2714 corp: 452/430Kb lim: 4096 exec/s: 6189 rss: 258Mb L: 1120/4096 MS: 3 InsertByte-ChangeASCIIInt-EraseBytes-
#24788	REDUCE cov: 821 ft: 2717 corp: 453/430Kb lim: 4096 exec/s: 6197 rss: 258Mb L: 119/4096 MS: 5 ShuffleBytes-InsertByte-ChangeByte-EraseBytes-ChangeByte-
#24795	NEW    cov: 821 ft: 2718 corp: 454/433Kb lim: 4096 exec/s: 6198 rss: 258Mb L: 3194/4096 MS: 2 ShuffleBytes-ChangeByte-
#24832	NEW    cov: 821 ft: 2719 corp: 455/437Kb lim: 4096 exec/s: 6208 rss: 258Mb L: 4096/4096 MS: 2 ChangeBinInt-ChangeByte-
#24889	REDUCE cov: 821 ft: 2719 corp: 455/437Kb lim: 4096 exec/s: 6222 rss: 258Mb L: 237/4096 MS: 2 ChangeBinInt-EraseBytes-
#24920	NEW    cov: 821 ft: 2720 corp: 456/441Kb lim: 4096 exec/s: 6230 rss: 258Mb L: 4077/4096 MS: 1 ShuffleBytes-
#24977	REDUCE cov: 821 ft: 2720 corp: 456/440Kb lim: 4096 exec/s: 6244 rss: 258Mb L: 2356/4096 MS: 2 PersAutoDict-EraseBytes- DE: " not \\3er \\3al \\4ful \\4ive \\5less \\4es"-
#25029	REDUCE cov: 821 ft: 2720 corp: 456/440Kb lim: 4096 exec/s: 6257 rss: 258Mb L: 6/4096 MS: 2 ChangeByte-EraseBytes-
#25031	NEW    cov: 821 ft: 2722 corp: 457/444Kb lim: 4096 exec/s: 6257 rss: 258Mb L: 4096/4096 MS: 2 ChangeASCIIInt-PersAutoDict- DE: "\006\000"-
#25036	REDUCE cov: 821 ft: 2722 corp: 457/444Kb lim: 4096 exec/s: 6259 rss: 258Mb L: 346/4096 MS: 5 InsertRepeatedBytes-ChangeBinInt-CopyPart-CrossOver-EraseBytes-
#25042	REDUCE cov: 821 ft: 2722 corp: 457/444Kb lim: 4096 exec/s: 6260 rss: 258Mb L: 34/4096 MS: 1 EraseBytes-
#25190	REDUCE cov: 821 ft: 2722 corp: 457/444Kb lim: 4096 exec/s: 6297 rss: 258Mb L: 3782/4096 MS: 3 ChangeByte-ChangeByte-EraseBytes-
#25266	REDUCE cov: 821 ft: 2722 corp: 457/443Kb lim: 4096 exec/s: 6316 rss: 258Mb L: 2930/4096 MS: 1 EraseBytes-
#25294	REDUCE cov: 821 ft: 2722 corp: 457/443Kb lim: 4096 exec/s: 6323 rss: 258Mb L: 1397/4096 MS: 3 PersAutoDict-InsertByte-EraseBytes- DE: "\377\377\377\377\377\377\377\377"-
#25311	REDUCE cov: 821 ft: 2722 corp: 457/443Kb lim: 4096 exec/s: 5062 rss: 258Mb L: 84/4096 MS: 2 ShuffleBytes-CrossOver-
#25340	NEW    cov: 821 ft: 2723 corp: 458/443Kb lim: 4096 exec/s: 5068 rss: 258Mb L: 13/4096 MS: 4 CrossOver-ManualDict-CMP-CrossOver- DE: "[]"-"\377\377\377\377\377\377\377\364"-
#25541	NEW    cov: 821 ft: 2724 corp: 459/443Kb lim: 4096 exec/s: 5108 rss: 258Mb L: 88/4096 MS: 1 ChangeBinInt-
#25545	REDUCE cov: 821 ft: 2724 corp: 459/442Kb lim: 4096 exec/s: 5109 rss: 258Mb L: 831/4096 MS: 4 ChangeByte-InsertRepeatedBytes-InsertByte-EraseBytes-
#25629	NEW    cov: 821 ft: 2725 corp: 460/443Kb lim: 4096 exec/s: 5125 rss: 258Mb L: 490/4096 MS: 4 ShuffleBytes-ChangeByte-ChangeASCIIInt-EraseBytes-
#25700	REDUCE cov: 821 ft: 2725 corp: 460/443Kb lim: 4096 exec/s: 5140 rss: 258Mb L: 10/4096 MS: 1 EraseBytes-
#25732	REDUCE cov: 821 ft: 2725 corp: 460/443Kb lim: 4096 exec/s: 5146 rss: 258Mb L: 591/4096 MS: 2 ChangeByte-EraseBytes-
#25735	REDUCE cov: 821 ft: 2725 corp: 460/443Kb lim: 4096 exec/s: 5147 rss: 258Mb L: 169/4096 MS: 3 InsertRepeatedBytes-ChangeBit-EraseBytes-
#25741	REDUCE cov: 821 ft: 2725 corp: 460/443Kb lim: 4096 exec/s: 5148 rss: 258Mb L: 112/4096 MS: 1 EraseBytes-
#25816	REDUCE cov: 821 ft: 2725 corp: 460/443Kb lim: 4096 exec/s: 5163 rss: 258Mb L: 245/4096 MS: 5 ChangeByte-ChangeByte-ChangeBinInt-PersAutoDict-EraseBytes- DE: "\377\007\000\000"-
#25843	REDUCE cov: 821 ft: 2725 corp: 460/443Kb lim: 4096 exec/s: 5168 rss: 258Mb L: 54/4096 MS: 2 EraseBytes-InsertRepeatedBytes-
#25844	REDUCE cov: 821 ft: 2725 corp: 460/443Kb lim: 4096 exec/s: 5168 rss: 258Mb L: 432/4096 MS: 1 EraseBytes-
#25945	REDUCE cov: 821 ft: 2725 corp: 460/443Kb lim: 4096 exec/s: 5189 rss: 258Mb L: 63/4096 MS: 1 EraseBytes-
#25961	NEW    cov: 821 ft: 2726 corp: 461/443Kb lim: 4096 exec/s: 5192 rss: 258Mb L: 96/4096 MS: 1 InsertRepeatedBytes-
#26102	REDUCE cov: 821 ft: 2726 corp: 461/443Kb lim: 4096 exec/s: 5220 rss: 258Mb L: 169/4096 MS: 1 EraseBytes-
#26284	REDUCE cov: 821 ft: 2726 corp: 461/442Kb lim: 4096 exec/s: 5256 rss: 258Mb L: 202/4096 MS: 2 CopyPart-EraseBytes-
#26355	REDUCE cov: 821 ft: 2728 corp: 462/443Kb lim: 4096 exec/s: 5271 rss: 258Mb L: 332/4096 MS: 1 InsertRepeatedBytes-
#26389	REDUCE cov: 822 ft: 2729 corp: 463/443Kb lim: 4096 exec/s: 5277 rss: 258Mb L: 47/4096 MS: 4 ShuffleBytes-ChangeBinInt-ChangeBit-PersAutoDict- DE: "\000\004"-
#26405	REDUCE cov: 822 ft: 2729 corp: 463/443Kb lim: 4096 exec/s: 5281 rss: 258Mb L: 147/4096 MS: 1 EraseBytes-
#26413	REDUCE cov: 824 ft: 2731 corp: 464/443Kb lim: 4096 exec/s: 5282 rss: 258Mb L: 424/4096 MS: 3 ManualDict-CrossOver-ChangeBinInt- DE: "Regular"-
#26424	REDUCE cov: 824 ft: 2731 corp: 464/443Kb lim: 4096 exec/s: 5284 rss: 258Mb L: 1626/4096 MS: 1 EraseBytes-
#26431	REDUCE cov: 824 ft: 2731 corp: 464/443Kb lim: 4096 exec/s: 5286 rss: 258Mb L: 318/4096 MS: 2 CopyPart-EraseBytes-
#26433	REDUCE cov: 824 ft: 2731 corp: 464/442Kb lim: 4096 exec/s: 5286 rss: 258Mb L: 369/4096 MS: 2 ShuffleBytes-EraseBytes-
#26538	REDUCE cov: 824 ft: 2731 corp: 464/442Kb lim: 4096 exec/s: 5307 rss: 258Mb L: 1369/4096 MS: 5 ChangeBit-ManualDict-InsertByte-ShuffleBytes-EraseBytes- DE: "that \\1\\'\\6 with \\6 from \\4 by \\1(\\6. T"-
#26574	NEW    cov: 824 ft: 2734 corp: 465/442Kb lim: 4096 exec/s: 5314 rss: 258Mb L: 16/4096 MS: 1 ShuffleBytes-
#26630	REDUCE cov: 824 ft: 2734 corp: 465/442Kb lim: 4096 exec/s: 5326 rss: 258Mb L: 3055/4096 MS: 1 EraseBytes-
#26656	REDUCE cov: 824 ft: 2734 corp: 465/442Kb lim: 4096 exec/s: 5331 rss: 258Mb L: 15/4096 MS: 1 EraseBytes-
#26885	REDUCE cov: 824 ft: 2734 corp: 465/442Kb lim: 4096 exec/s: 5377 rss: 258Mb L: 83/4096 MS: 4 ManualDict-CMP-CrossOver-EraseBytes- DE: "that \\1\\'\\6 with \\6 from \\4 by \\1(\\6. T"-"\000\250"-
#26995	NEW    cov: 824 ft: 2735 corp: 466/446Kb lim: 4096 exec/s: 5399 rss: 258Mb L: 4096/4096 MS: 5 PersAutoDict-ChangeByte-ShuffleBytes-CopyPart-ShuffleBytes- DE: "\377\377\377\377"-
#27011	NEW    cov: 825 ft: 2736 corp: 467/447Kb lim: 4096 exec/s: 5402 rss: 258Mb L: 1117/4096 MS: 1 EraseBytes-
#27068	REDUCE cov: 825 ft: 2736 corp: 467/447Kb lim: 4096 exec/s: 5413 rss: 258Mb L: 249/4096 MS: 2 CopyPart-EraseBytes-
#27135	REDUCE cov: 825 ft: 2736 corp: 467/447Kb lim: 4096 exec/s: 5427 rss: 258Mb L: 63/4096 MS: 2 CrossOver-EraseBytes-
#27340	NEW    cov: 825 ft: 2745 corp: 468/447Kb lim: 4096 exec/s: 5468 rss: 258Mb L: 60/4096 MS: 5 InsertByte-ChangeByte-CrossOver-ChangeBinInt-CrossOver-
#27360	REDUCE cov: 825 ft: 2745 corp: 468/445Kb lim: 4096 exec/s: 5472 rss: 258Mb L: 2547/4096 MS: 5 InsertRepeatedBytes-PersAutoDict-ManualDict-ChangeBinInt-EraseBytes- DE: "9\000\000\000\000\000\000\000"-"needs more input"-
#27433	REDUCE cov: 825 ft: 2745 corp: 468/445Kb lim: 4096 exec/s: 5486 rss: 258Mb L: 188/4096 MS: 3 CMP-CopyPart-EraseBytes- DE: "\000\000"-
#27438	REDUCE cov: 825 ft: 2745 corp: 468/445Kb lim: 4096 exec/s: 5487 rss: 258Mb L: 555/4096 MS: 5 ChangeByte-CrossOver-InsertByte-ChangeByte-EraseBytes-
#27452	REDUCE cov: 825 ft: 2745 corp: 468/445Kb lim: 4096 exec/s: 5490 rss: 258Mb L: 35/4096 MS: 4 ChangeBinInt-ManualDict-ChangeBinInt-EraseBytes- DE: "INVALID"-
#27468	REDUCE cov: 825 ft: 2745 corp: 468/445Kb lim: 4096 exec/s: 5493 rss: 258Mb L: 2485/4096 MS: 1 EraseBytes-
#27487	NEW    cov: 827 ft: 2747 corp: 469/448Kb lim: 4096 exec/s: 5497 rss: 258Mb L: 2311/4096 MS: 4 ManualDict-ShuffleBytes-ChangeBinInt-EraseBytes- DE: "t \\4ize \\2\\xc2\\xa0\\4ous \\5 the \\2e "-
#27494	REDUCE cov: 827 ft: 2748 corp: 470/450Kb lim: 4096 exec/s: 5498 rss: 258Mb L: 2017/4096 MS: 2 InsertRepeatedBytes-InsertByte-
#27535	NEW    cov: 827 ft: 2770 corp: 471/450Kb lim: 4096 exec/s: 5507 rss: 258Mb L: 66/4096 MS: 1 InsertRepeatedBytes-
#27603	REDUCE cov: 827 ft: 2770 corp: 471/450Kb lim: 4096 exec/s: 5520 rss: 258Mb L: 52/4096 MS: 3 ChangeByte-ChangeBit-EraseBytes-
#27640	REDUCE cov: 827 ft: 2770 corp: 471/450Kb lim: 4096 exec/s: 5528 rss: 258Mb L: 4060/4096 MS: 2 ChangeBinInt-EraseBytes-
#27667	REDUCE cov: 827 ft: 2770 corp: 471/449Kb lim: 4096 exec/s: 5533 rss: 258Mb L: 3043/4096 MS: 2 ChangeBinInt-EraseBytes-
#27754	REDUCE cov: 827 ft: 2771 corp: 472/450Kb lim: 4096 exec/s: 5550 rss: 258Mb L: 94/4096 MS: 2 ShuffleBytes-CMP- DE: "\000\000\000\000\000\000\000@"-
#27834	NEW    cov: 827 ft: 2772 corp: 473/450Kb lim: 4096 exec/s: 5566 rss: 258Mb L: 21/4096 MS: 5 InsertByte-ChangeByte-InsertByte-ChangeBit-ManualDict- DE: "Regular"-
#27880	REDUCE cov: 827 ft: 2772 corp: 473/450Kb lim: 4096 exec/s: 5576 rss: 258Mb L: 152/4096 MS: 1 EraseBytes-
#27941	REDUCE cov: 827 ft: 2772 corp: 473/449Kb lim: 4096 exec/s: 5588 rss: 258Mb L: 76/4096 MS: 1 EraseBytes-
#28085	REDUCE cov: 827 ft: 2772 corp: 473/449Kb lim: 4096 exec/s: 5617 rss: 258Mb L: 36/4096 MS: 4 CMP-EraseBytes-ManualDict-EraseBytes- DE: "\364\377\377\377\377\377\377\377"-"needs more input"-
#28108	REDUCE cov: 827 ft: 2772 corp: 473/449Kb lim: 4096 exec/s: 5621 rss: 258Mb L: 2776/4096 MS: 3 InsertRepeatedBytes-PersAutoDict-EraseBytes- DE: "\376\377\377\377\377\377\377\321"-
#28144	REDUCE cov: 827 ft: 2772 corp: 473/449Kb lim: 4096 exec/s: 5628 rss: 258Mb L: 9/4096 MS: 1 EraseBytes-
#28158	REDUCE cov: 827 ft: 2772 corp: 473/449Kb lim: 4096 exec/s: 5631 rss: 258Mb L: 32/4096 MS: 4 InsertByte-ManualDict-CrossOver-EraseBytes- DE: "needs more output"-
#28190	REDUCE cov: 827 ft: 2772 corp: 473/449Kb lim: 4096 exec/s: 5638 rss: 258Mb L: 365/4096 MS: 2 ManualDict-EraseBytes- DE: "INVALID"-
#28218	REDUCE cov: 827 ft: 2772 corp: 473/449Kb lim: 4096 exec/s: 5643 rss: 258Mb L: 1950/4096 MS: 3 CopyPart-InsertRepeatedBytes-EraseBytes-
#28245	REDUCE cov: 827 ft: 2772 corp: 473/449Kb lim: 4096 exec/s: 5649 rss: 258Mb L: 38/4096 MS: 2 ChangeByte-EraseBytes-
#28344	REDUCE cov: 827 ft: 2772 corp: 473/449Kb lim: 4096 exec/s: 5668 rss: 258Mb L: 224/4096 MS: 4 CrossOver-InsertByte-ChangeASCIIInt-EraseBytes-
#28459	REDUCE cov: 827 ft: 2772 corp: 473/449Kb lim: 4096 exec/s: 5691 rss: 258Mb L: 254/4096 MS: 5 ManualDict-ChangeASCIIInt-InsertByte-CopyPart-EraseBytes- DE: "needs more input"-
#28525	NEW    cov: 827 ft: 2773 corp: 474/449Kb lim: 4096 exec/s: 5705 rss: 258Mb L: 26/4096 MS: 1 PersAutoDict- DE: "\000\000"-
#28595	REDUCE cov: 827 ft: 2773 corp: 474/448Kb lim: 4096 exec/s: 5719 rss: 258Mb L: 3206/4096 MS: 5 CopyPart-EraseBytes-ManualDict-CopyPart-ChangeBit- DE: "t \\4ize \\2\\xc2\\xa0\\4ous \\5 the \\2e "-
#28609	REDUCE cov: 827 ft: 2773 corp: 474/448Kb lim: 4096 exec/s: 5721 rss: 258Mb L: 77/4096 MS: 4 ShuffleBytes-ManualDict-PersAutoDict-EraseBytes- DE: "needs more output"-"\377\377\010\364"-
#28611	NEW    cov: 827 ft: 2774 corp: 475/448Kb lim: 4096 exec/s: 5722 rss: 258Mb L: 66/4096 MS: 2 CopyPart-InsertByte-
#28642	REDUCE cov: 827 ft: 2776 corp: 476/448Kb lim: 4096 exec/s: 5728 rss: 258Mb L: 29/4096 MS: 1 ShuffleBytes-
#28742	REDUCE cov: 827 ft: 2777 corp: 477/450Kb lim: 4096 exec/s: 5748 rss: 258Mb L: 1505/4096 MS: 5 PersAutoDict-PersAutoDict-ChangeASCIIInt-EraseBytes-ChangeBit- DE: " \000\000\000\000\000\000\000"-"\377\377\377\207"-
#28781	REDUCE cov: 827 ft: 2777 corp: 477/450Kb lim: 4096 exec/s: 5756 rss: 258Mb L: 260/4096 MS: 4 PersAutoDict-ChangeASCIIInt-InsertByte-EraseBytes- DE: "\357\377\377\377"-
#28811	REDUCE cov: 827 ft: 2777 corp: 477/448Kb lim: 4096 exec/s: 5762 rss: 258Mb L: 2112/4096 MS: 5 ShuffleBytes-EraseBytes-ChangeBinInt-ChangeByte-ChangeBinInt-
#28835	REDUCE cov: 827 ft: 2777 corp: 477/447Kb lim: 4096 exec/s: 5767 rss: 258Mb L: 377/4096 MS: 4 ShuffleBytes-CopyPart-ManualDict-EraseBytes- DE: "needs more output"-
#28878	REDUCE cov: 827 ft: 2777 corp: 477/447Kb lim: 4096 exec/s: 5775 rss: 258Mb L: 235/4096 MS: 3 ChangeByte-ChangeASCIIInt-EraseBytes-
#28907	REDUCE cov: 827 ft: 2777 corp: 477/447Kb lim: 4096 exec/s: 5781 rss: 258Mb L: 328/4096 MS: 4 ManualDict-EraseBytes-CrossOver-ChangeBinInt- DE: "[]"-
#28946	REDUCE cov: 827 ft: 2777 corp: 477/447Kb lim: 4096 exec/s: 5789 rss: 258Mb L: 433/4096 MS: 4 ChangeByte-PersAutoDict-ShuffleBytes-EraseBytes- DE: "\377\377\377\207"-
#29059	REDUCE cov: 827 ft: 2777 corp: 477/447Kb lim: 4096 exec/s: 5811 rss: 258Mb L: 80/4096 MS: 3 PersAutoDict-ManualDict-EraseBytes- DE: "\344\377\377\377\377\377\377\377"-"Regular"-
#29175	NEW    cov: 827 ft: 2782 corp: 478/447Kb lim: 4096 exec/s: 5835 rss: 258Mb L: 83/4096 MS: 1 PersAutoDict- DE: "\377\003\000\000"-
#29246	NEW    cov: 827 ft: 2785 corp: 479/447Kb lim: 4096 exec/s: 5849 rss: 258Mb L: 60/4096 MS: 1 ChangeByte-
#29253	REDUCE cov: 827 ft: 2785 corp: 479/447Kb lim: 4096 exec/s: 5850 rss: 258Mb L: 28/4096 MS: 2 ShuffleBytes-EraseBytes-
#29259	REDUCE cov: 827 ft: 2785 corp: 479/447Kb lim: 4096 exec/s: 5851 rss: 258Mb L: 2047/4096 MS: 1 EraseBytes-
#29272	REDUCE cov: 827 ft: 2785 corp: 479/445Kb lim: 4096 exec/s: 5854 rss: 258Mb L: 1746/4096 MS: 3 InsertRepeatedBytes-ChangeBinInt-CrossOver-
#29275	REDUCE cov: 827 ft: 2785 corp: 479/445Kb lim: 4096 exec/s: 5855 rss: 258Mb L: 1222/4096 MS: 3 ChangeBinInt-CrossOver-EraseBytes-
#29306	REDUCE cov: 827 ft: 2785 corp: 479/445Kb lim: 4096 exec/s: 5861 rss: 258Mb L: 9/4096 MS: 1 EraseBytes-
#29363	REDUCE cov: 827 ft: 2785 corp: 479/445Kb lim: 4096 exec/s: 5872 rss: 258Mb L: 38/4096 MS: 2 ShuffleBytes-EraseBytes-
#29384	REDUCE cov: 827 ft: 2785 corp: 479/445Kb lim: 4096 exec/s: 5876 rss: 258Mb L: 16/4096 MS: 1 EraseBytes-
#29405	NEW    cov: 827 ft: 2786 corp: 480/445Kb lim: 4096 exec/s: 5881 rss: 258Mb L: 22/4096 MS: 1 ShuffleBytes-
#29457	REDUCE cov: 827 ft: 2786 corp: 480/445Kb lim: 4096 exec/s: 5891 rss: 258Mb L: 99/4096 MS: 2 ChangeByte-EraseBytes-
#29526	NEW    cov: 827 ft: 2787 corp: 481/448Kb lim: 4096 exec/s: 5905 rss: 258Mb L: 2653/4096 MS: 4 PersAutoDict-ChangeBit-ChangeByte-EraseBytes- DE: "\004\376\377\000\000\000\000\000"-
#29578	REDUCE cov: 827 ft: 2787 corp: 481/447Kb lim: 4096 exec/s: 5915 rss: 258Mb L: 3316/4096 MS: 2 CopyPart-EraseBytes-
#29654	REDUCE cov: 827 ft: 2787 corp: 481/447Kb lim: 4096 exec/s: 5930 rss: 258Mb L: 227/4096 MS: 1 EraseBytes-
#29970	REDUCE cov: 827 ft: 2787 corp: 481/447Kb lim: 4096 exec/s: 5994 rss: 258Mb L: 1067/4096 MS: 1 EraseBytes-
#30037	REDUCE cov: 827 ft: 2787 corp: 481/447Kb lim: 4096 exec/s: 6007 rss: 258Mb L: 27/4096 MS: 2 CopyPart-EraseBytes-
#30123	REDUCE cov: 827 ft: 2787 corp: 481/447Kb lim: 4096 exec/s: 6024 rss: 258Mb L: 13/4096 MS: 1 EraseBytes-
#30157	REDUCE cov: 827 ft: 2787 corp: 481/447Kb lim: 4096 exec/s: 6031 rss: 258Mb L: 190/4096 MS: 4 ShuffleBytes-ShuffleBytes-ChangeBinInt-EraseBytes-
#30212	REDUCE cov: 827 ft: 2787 corp: 481/447Kb lim: 4096 exec/s: 6042 rss: 258Mb L: 2/4096 MS: 5 ShuffleBytes-InsertByte-ChangeBinInt-ChangeBinInt-EraseBytes-
#30264	REDUCE cov: 827 ft: 2787 corp: 481/445Kb lim: 4096 exec/s: 6052 rss: 258Mb L: 2891/4096 MS: 2 ChangeByte-EraseBytes-
#30351	REDUCE cov: 827 ft: 2787 corp: 481/445Kb lim: 4096 exec/s: 6070 rss: 258Mb L: 3492/4096 MS: 2 CopyPart-CrossOver-
#30367	REDUCE cov: 827 ft: 2787 corp: 481/445Kb lim: 4096 exec/s: 6073 rss: 258Mb L: 10/4096 MS: 1 EraseBytes-
#30406	REDUCE cov: 827 ft: 2787 corp: 481/444Kb lim: 4096 exec/s: 6081 rss: 258Mb L: 2444/4096 MS: 4 ChangeByte-CMP-ChangeASCIIInt-EraseBytes- DE: "\000\032"-
#30412	REDUCE cov: 827 ft: 2787 corp: 481/444Kb lim: 4096 exec/s: 6082 rss: 258Mb L: 1823/4096 MS: 1 EraseBytes-
#30420	REDUCE cov: 827 ft: 2787 corp: 481/442Kb lim: 4096 exec/s: 6084 rss: 258Mb L: 1912/4096 MS: 3 ShuffleBytes-CrossOver-EraseBytes-
#30512	REDUCE cov: 827 ft: 2787 corp: 481/442Kb lim: 4096 exec/s: 6102 rss: 258Mb L: 372/4096 MS: 2 ChangeBinInt-CrossOver-
#30539	NEW    cov: 827 ft: 2788 corp: 482/444Kb lim: 4096 exec/s: 6107 rss: 258Mb L: 2096/4096 MS: 2 PersAutoDict-InsertByte- DE: "\377\377\377\377\377\377\377\364"-
#30570	REDUCE cov: 827 ft: 2788 corp: 482/443Kb lim: 4096 exec/s: 6114 rss: 258Mb L: 3002/4096 MS: 1 CrossOver-
#30599	REDUCE cov: 827 ft: 2788 corp: 482/443Kb lim: 4096 exec/s: 6119 rss: 258Mb L: 81/4096 MS: 4 ShuffleBytes-ChangeByte-ChangeBit-EraseBytes-
#30651	REDUCE cov: 827 ft: 2788 corp: 482/442Kb lim: 4096 exec/s: 6130 rss: 258Mb L: 2877/4096 MS: 2 ChangeBit-CrossOver-
#30652	REDUCE cov: 827 ft: 2788 corp: 482/442Kb lim: 4096 exec/s: 6130 rss: 258Mb L: 19/4096 MS: 1 EraseBytes-
#30695	NEW    cov: 827 ft: 2789 corp: 483/442Kb lim: 4096 exec/s: 6139 rss: 258Mb L: 257/4096 MS: 3 EraseBytes-ChangeASCIIInt-ChangeBit-
#30820	REDUCE cov: 827 ft: 2789 corp: 483/442Kb lim: 4096 exec/s: 6164 rss: 258Mb L: 298/4096 MS: 5 ManualDict-ChangeByte-CopyPart-InsertRepeatedBytes-EraseBytes- DE: "needs more output"-
#30863	REDUCE cov: 827 ft: 2789 corp: 483/442Kb lim: 4096 exec/s: 6172 rss: 258Mb L: 1282/4096 MS: 3 InsertByte-ShuffleBytes-CrossOver-
#30884	REDUCE cov: 827 ft: 2789 corp: 483/442Kb lim: 4096 exec/s: 6176 rss: 258Mb L: 95/4096 MS: 1 EraseBytes-
#30905	REDUCE cov: 827 ft: 2789 corp: 483/442Kb lim: 4096 exec/s: 6181 rss: 258Mb L: 233/4096 MS: 1 EraseBytes-
#30911	NEW    cov: 827 ft: 2790 corp: 484/442Kb lim: 4096 exec/s: 6182 rss: 258Mb L: 37/4096 MS: 1 CopyPart-
#30957	REDUCE cov: 827 ft: 2790 corp: 484/442Kb lim: 4096 exec/s: 6191 rss: 258Mb L: 592/4096 MS: 1 EraseBytes-
#30968	REDUCE cov: 827 ft: 2790 corp: 484/442Kb lim: 4096 exec/s: 6193 rss: 258Mb L: 4068/4096 MS: 1 EraseBytes-
#30984	REDUCE cov: 827 ft: 2790 corp: 484/441Kb lim: 4096 exec/s: 6196 rss: 258Mb L: 736/4096 MS: 1 EraseBytes-
#31065	REDUCE cov: 827 ft: 2790 corp: 484/441Kb lim: 4096 exec/s: 6213 rss: 258Mb L: 25/4096 MS: 1 EraseBytes-
#31116	REDUCE cov: 827 ft: 2790 corp: 484/441Kb lim: 4096 exec/s: 6223 rss: 258Mb L: 144/4096 MS: 1 EraseBytes-
#31126	REDUCE cov: 827 ft: 2790 corp: 484/441Kb lim: 4096 exec/s: 6225 rss: 258Mb L: 234/4096 MS: 5 ShuffleBytes-InsertRepeatedBytes-CopyPart-ChangeBinInt-EraseBytes-
#31149	NEW    cov: 827 ft: 2792 corp: 485/441Kb lim: 4096 exec/s: 6229 rss: 258Mb L: 68/4096 MS: 3 ShuffleBytes-ChangeBinInt-EraseBytes-
#31178	REDUCE cov: 827 ft: 2792 corp: 485/441Kb lim: 4096 exec/s: 6235 rss: 258Mb L: 8/4096 MS: 4 ShuffleBytes-CrossOver-EraseBytes-ChangeByte-
#31223	REDUCE cov: 827 ft: 2792 corp: 485/441Kb lim: 4096 exec/s: 6244 rss: 258Mb L: 3585/4096 MS: 5 ChangeBinInt-ManualDict-CrossOver-InsertByte-EraseBytes- DE: "Large Window Brotli"-
#31314	REDUCE cov: 827 ft: 2792 corp: 485/440Kb lim: 4096 exec/s: 6262 rss: 258Mb L: 1660/4096 MS: 1 EraseBytes-
#31407	REDUCE cov: 827 ft: 2792 corp: 485/438Kb lim: 4096 exec/s: 6281 rss: 258Mb L: 2054/4096 MS: 3 ShuffleBytes-ChangeByte-EraseBytes-
#31451	REDUCE cov: 827 ft: 2792 corp: 485/438Kb lim: 4096 exec/s: 6290 rss: 258Mb L: 106/4096 MS: 4 ChangeByte-ChangeByte-ShuffleBytes-EraseBytes-
#31493	REDUCE cov: 827 ft: 2792 corp: 485/438Kb lim: 4096 exec/s: 6298 rss: 258Mb L: 17/4096 MS: 2 InsertByte-EraseBytes-
#31534	REDUCE cov: 827 ft: 2792 corp: 485/438Kb lim: 4096 exec/s: 5255 rss: 258Mb L: 93/4096 MS: 1 EraseBytes-
#31585	REDUCE cov: 827 ft: 2792 corp: 485/438Kb lim: 4096 exec/s: 5264 rss: 258Mb L: 5/4096 MS: 1 EraseBytes-
#31607	REDUCE cov: 827 ft: 2792 corp: 485/438Kb lim: 4096 exec/s: 5267 rss: 258Mb L: 356/4096 MS: 2 ChangeASCIIInt-EraseBytes-
#31613	REDUCE cov: 827 ft: 2792 corp: 485/438Kb lim: 4096 exec/s: 5268 rss: 258Mb L: 43/4096 MS: 1 EraseBytes-
#31615	REDUCE cov: 827 ft: 2792 corp: 485/438Kb lim: 4096 exec/s: 5269 rss: 258Mb L: 77/4096 MS: 2 ChangeASCIIInt-EraseBytes-
#31719	NEW    cov: 827 ft: 2793 corp: 486/438Kb lim: 4096 exec/s: 5286 rss: 258Mb L: 179/4096 MS: 4 CrossOver-ChangeBinInt-ChangeBit-CrossOver-
#31810	REDUCE cov: 827 ft: 2793 corp: 486/438Kb lim: 4096 exec/s: 5301 rss: 258Mb L: 579/4096 MS: 1 EraseBytes-
#31896	REDUCE cov: 827 ft: 2793 corp: 486/438Kb lim: 4096 exec/s: 5316 rss: 258Mb L: 182/4096 MS: 1 EraseBytes-
#31902	REDUCE cov: 827 ft: 2793 corp: 486/438Kb lim: 4096 exec/s: 5317 rss: 258Mb L: 1647/4096 MS: 1 EraseBytes-
#31981	REDUCE cov: 827 ft: 2793 corp: 486/437Kb lim: 4096 exec/s: 5330 rss: 258Mb L: 3219/4096 MS: 4 CrossOver-ChangeBit-ChangeASCIIInt-EraseBytes-
#32109	NEW    cov: 827 ft: 2794 corp: 487/437Kb lim: 4096 exec/s: 5351 rss: 258Mb L: 75/4096 MS: 3 ManualDict-ShuffleBytes-CMP- DE: "INVALID"-"\001\000\000\035"-
#32123	REDUCE cov: 827 ft: 2794 corp: 487/437Kb lim: 4096 exec/s: 5353 rss: 258Mb L: 422/4096 MS: 4 CrossOver-InsertByte-InsertRepeatedBytes-CrossOver-
#32154	REDUCE cov: 827 ft: 2794 corp: 487/437Kb lim: 4096 exec/s: 5359 rss: 258Mb L: 297/4096 MS: 1 EraseBytes-
#32180	REDUCE cov: 827 ft: 2794 corp: 487/437Kb lim: 4096 exec/s: 5363 rss: 258Mb L: 189/4096 MS: 1 EraseBytes-
#32298	REDUCE cov: 827 ft: 2794 corp: 487/437Kb lim: 4096 exec/s: 5383 rss: 258Mb L: 25/4096 MS: 3 ChangeByte-CopyPart-EraseBytes-
#32299	REDUCE cov: 827 ft: 2794 corp: 487/437Kb lim: 4096 exec/s: 5383 rss: 258Mb L: 68/4096 MS: 1 EraseBytes-
#32332	REDUCE cov: 827 ft: 2794 corp: 487/436Kb lim: 4096 exec/s: 5388 rss: 258Mb L: 134/4096 MS: 3 ChangeByte-ManualDict-EraseBytes- DE: "[]"-
#32409	REDUCE cov: 827 ft: 2794 corp: 487/436Kb lim: 4096 exec/s: 5401 rss: 258Mb L: 349/4096 MS: 2 InsertByte-EraseBytes-
#32580	REDUCE cov: 827 ft: 2796 corp: 488/437Kb lim: 4096 exec/s: 5430 rss: 258Mb L: 211/4096 MS: 1 PersAutoDict- DE: "\006\000"-
#32605	REDUCE cov: 827 ft: 2796 corp: 488/437Kb lim: 4096 exec/s: 5434 rss: 258Mb L: 169/4096 MS: 5 ManualDict-ManualDict-InsertRepeatedBytes-CMP-EraseBytes- DE: "Regular"-" not \\3er \\3al \\4ful \\4ive \\5less \\4es"-"\000\000\000\375"-
#32751	REDUCE cov: 827 ft: 2796 corp: 488/437Kb lim: 4096 exec/s: 5458 rss: 258Mb L: 61/4096 MS: 1 EraseBytes-
#32762	REDUCE cov: 827 ft: 2797 corp: 489/437Kb lim: 4096 exec/s: 5460 rss: 258Mb L: 209/4096 MS: 1 ManualDict- DE: "t \\4ize \\2\\xc2\\xa0\\4ous \\5 the \\2e "-
#32768	pulse  cov: 827 ft: 2797 corp: 489/437Kb lim: 4096 exec/s: 5461 rss: 258Mb
#32772	REDUCE cov: 827 ft: 2797 corp: 489/435Kb lim: 4096 exec/s: 5462 rss: 258Mb L: 912/4096 MS: 5 ChangeBinInt-CopyPart-CopyPart-CopyPart-CrossOver-
#32825	REDUCE cov: 827 ft: 2797 corp: 489/435Kb lim: 4096 exec/s: 5470 rss: 258Mb L: 3572/4096 MS: 3 CopyPart-ChangeByte-EraseBytes-
#32843	REDUCE cov: 827 ft: 2797 corp: 489/435Kb lim: 4096 exec/s: 5473 rss: 258Mb L: 427/4096 MS: 3 PersAutoDict-CrossOver-EraseBytes- DE: "\001\022"-
#32919	REDUCE cov: 827 ft: 2797 corp: 489/435Kb lim: 4096 exec/s: 5486 rss: 258Mb L: 21/4096 MS: 1 EraseBytes-
#32927	REDUCE cov: 827 ft: 2797 corp: 489/435Kb lim: 4096 exec/s: 5487 rss: 258Mb L: 84/4096 MS: 3 ChangeByte-ChangeBinInt-EraseBytes-
#32928	REDUCE cov: 827 ft: 2797 corp: 489/435Kb lim: 4096 exec/s: 5488 rss: 258Mb L: 21/4096 MS: 1 EraseBytes-
#33009	REDUCE cov: 827 ft: 2797 corp: 489/435Kb lim: 4096 exec/s: 5501 rss: 258Mb L: 74/4096 MS: 1 EraseBytes-
#33132	REDUCE cov: 827 ft: 2797 corp: 489/434Kb lim: 4096 exec/s: 5522 rss: 258Mb L: 1488/4096 MS: 3 CopyPart-ChangeASCIIInt-EraseBytes-
#33146	REDUCE cov: 827 ft: 2797 corp: 489/434Kb lim: 4096 exec/s: 5524 rss: 258Mb L: 227/4096 MS: 4 InsertByte-ChangeASCIIInt-CMP-EraseBytes- DE: "\000\000\000\000\000\000\000\003"-
#33360	REDUCE cov: 827 ft: 2797 corp: 489/434Kb lim: 4096 exec/s: 5560 rss: 258Mb L: 35/4096 MS: 4 CrossOver-ChangeBinInt-CMP-EraseBytes- DE: "\377\377\377\377\377\377\377\377"-
#33371	REDUCE cov: 827 ft: 2797 corp: 489/434Kb lim: 4096 exec/s: 5561 rss: 258Mb L: 36/4096 MS: 1 EraseBytes-
#33431	REDUCE cov: 827 ft: 2797 corp: 489/434Kb lim: 4096 exec/s: 5571 rss: 258Mb L: 516/4096 MS: 5 ChangeASCIIInt-ChangeBinInt-InsertRepeatedBytes-CopyPart-EraseBytes-
#33437	REDUCE cov: 827 ft: 2798 corp: 490/437Kb lim: 4096 exec/s: 5572 rss: 258Mb L: 3043/4096 MS: 1 CopyPart-
#33571	REDUCE cov: 827 ft: 2798 corp: 490/437Kb lim: 4096 exec/s: 5595 rss: 258Mb L: 53/4096 MS: 4 PersAutoDict-ChangeByte-ShuffleBytes-EraseBytes- DE: "%\000\000\000\000\000\000\000"-
#33734	REDUCE cov: 827 ft: 2798 corp: 490/437Kb lim: 4096 exec/s: 5622 rss: 258Mb L: 157/4096 MS: 3 ChangeBinInt-InsertByte-EraseBytes-
#33795	NEW    cov: 827 ft: 2799 corp: 491/441Kb lim: 4096 exec/s: 5632 rss: 258Mb L: 4087/4096 MS: 1 InsertRepeatedBytes-
#33985	REDUCE cov: 827 ft: 2799 corp: 491/441Kb lim: 4096 exec/s: 5664 rss: 258Mb L: 136/4096 MS: 5 CrossOver-CrossOver-ManualDict-EraseBytes-EraseBytes- DE: "[]"-
#34007	REDUCE cov: 827 ft: 2799 corp: 491/440Kb lim: 4096 exec/s: 5667 rss: 258Mb L: 2149/4096 MS: 2 ChangeBit-EraseBytes-
#34016	REDUCE cov: 827 ft: 2799 corp: 491/439Kb lim: 4096 exec/s: 5669 rss: 258Mb L: 1417/4096 MS: 4 ChangeBinInt-PersAutoDict-ChangeBinInt-EraseBytes- DE: "\000\004\000\000"-
#34050	REDUCE cov: 827 ft: 2799 corp: 491/439Kb lim: 4096 exec/s: 5675 rss: 258Mb L: 842/4096 MS: 4 CopyPart-ChangeByte-ChangeBinInt-EraseBytes-
#34054	REDUCE cov: 827 ft: 2799 corp: 491/439Kb lim: 4096 exec/s: 5675 rss: 258Mb L: 1603/4096 MS: 4 ChangeByte-ShuffleBytes-CopyPart-EraseBytes-
#34265	NEW    cov: 827 ft: 2803 corp: 492/439Kb lim: 4096 exec/s: 5710 rss: 258Mb L: 66/4096 MS: 1 CopyPart-
#34338	REDUCE cov: 827 ft: 2803 corp: 492/438Kb lim: 4096 exec/s: 5723 rss: 258Mb L: 1609/4096 MS: 3 PersAutoDict-ShuffleBytes-EraseBytes- DE: "\000\000\000\372"-
#34465	REDUCE cov: 827 ft: 2804 corp: 493/441Kb lim: 4096 exec/s: 5744 rss: 258Mb L: 3006/4096 MS: 2 CMP-ShuffleBytes- DE: "\377\377\377\374"-
#34536	NEW    cov: 827 ft: 2812 corp: 494/441Kb lim: 4096 exec/s: 5756 rss: 258Mb L: 112/4096 MS: 1 InsertRepeatedBytes-
#34753	REDUCE cov: 827 ft: 2812 corp: 494/441Kb lim: 4096 exec/s: 5792 rss: 258Mb L: 84/4096 MS: 2 CopyPart-EraseBytes-
#34814	REDUCE cov: 827 ft: 2812 corp: 494/440Kb lim: 4096 exec/s: 5802 rss: 258Mb L: 2483/4096 MS: 1 EraseBytes-
#34906	REDUCE cov: 827 ft: 2812 corp: 494/440Kb lim: 4096 exec/s: 5817 rss: 258Mb L: 275/4096 MS: 2 ChangeByte-EraseBytes-
#34947	REDUCE cov: 827 ft: 2812 corp: 494/440Kb lim: 4096 exec/s: 5824 rss: 258Mb L: 60/4096 MS: 1 EraseBytes-
#34965	REDUCE cov: 827 ft: 2812 corp: 494/440Kb lim: 4096 exec/s: 5827 rss: 258Mb L: 66/4096 MS: 3 ChangeBit-ChangeASCIIInt-EraseBytes-
#34986	REDUCE cov: 827 ft: 2812 corp: 494/440Kb lim: 4096 exec/s: 5831 rss: 258Mb L: 63/4096 MS: 1 EraseBytes-
#35017	REDUCE cov: 827 ft: 2812 corp: 494/440Kb lim: 4096 exec/s: 5836 rss: 258Mb L: 274/4096 MS: 1 EraseBytes-
#35036	REDUCE cov: 827 ft: 2812 corp: 494/440Kb lim: 4096 exec/s: 5839 rss: 258Mb L: 363/4096 MS: 4 ChangeASCIIInt-ChangeBinInt-InsertByte-EraseBytes-
#35037	REDUCE cov: 827 ft: 2812 corp: 494/440Kb lim: 4096 exec/s: 5839 rss: 258Mb L: 11/4096 MS: 1 EraseBytes-
#35062	REDUCE cov: 827 ft: 2812 corp: 494/440Kb lim: 4096 exec/s: 5843 rss: 258Mb L: 103/4096 MS: 5 CrossOver-InsertByte-CrossOver-EraseBytes-ShuffleBytes-
#35098	REDUCE cov: 827 ft: 2812 corp: 494/440Kb lim: 4096 exec/s: 5849 rss: 258Mb L: 14/4096 MS: 1 EraseBytes-
#35119	REDUCE cov: 827 ft: 2812 corp: 494/440Kb lim: 4096 exec/s: 5853 rss: 258Mb L: 38/4096 MS: 1 EraseBytes-
#35130	REDUCE cov: 827 ft: 2812 corp: 494/440Kb lim: 4096 exec/s: 5855 rss: 258Mb L: 11/4096 MS: 1 EraseBytes-
#35146	NEW    cov: 827 ft: 2814 corp: 495/440Kb lim: 4096 exec/s: 5857 rss: 258Mb L: 41/4096 MS: 1 InsertRepeatedBytes-
#35179	REDUCE cov: 827 ft: 2814 corp: 495/440Kb lim: 4096 exec/s: 5863 rss: 258Mb L: 119/4096 MS: 3 ChangeBit-ChangeASCIIInt-EraseBytes-
#35190	NEW    cov: 827 ft: 2815 corp: 496/440Kb lim: 4096 exec/s: 5865 rss: 258Mb L: 68/4096 MS: 1 ChangeBit-
#35492	REDUCE cov: 827 ft: 2815 corp: 496/440Kb lim: 4096 exec/s: 5915 rss: 258Mb L: 88/4096 MS: 2 EraseBytes-ManualDict- DE: "Large Window Brotli"-
#35523	REDUCE cov: 827 ft: 2815 corp: 496/440Kb lim: 4096 exec/s: 5920 rss: 258Mb L: 85/4096 MS: 1 EraseBytes-
#35575	REDUCE cov: 827 ft: 2815 corp: 496/440Kb lim: 4096 exec/s: 5929 rss: 258Mb L: 63/4096 MS: 2 ChangeByte-EraseBytes-
#35596	REDUCE cov: 827 ft: 2815 corp: 496/440Kb lim: 4096 exec/s: 5932 rss: 258Mb L: 68/4096 MS: 1 EraseBytes-
#35827	REDUCE cov: 827 ft: 2815 corp: 496/440Kb lim: 4096 exec/s: 5971 rss: 258Mb L: 199/4096 MS: 1 EraseBytes-
#35833	REDUCE cov: 827 ft: 2815 corp: 496/440Kb lim: 4096 exec/s: 5972 rss: 258Mb L: 140/4096 MS: 1 EraseBytes-
#35839	REDUCE cov: 827 ft: 2815 corp: 496/440Kb lim: 4096 exec/s: 5973 rss: 258Mb L: 54/4096 MS: 1 EraseBytes-
#35916	NEW    cov: 827 ft: 2816 corp: 497/440Kb lim: 4096 exec/s: 5986 rss: 258Mb L: 71/4096 MS: 2 ChangeBit-InsertRepeatedBytes-
#35930	REDUCE cov: 827 ft: 2816 corp: 497/440Kb lim: 4096 exec/s: 5988 rss: 258Mb L: 56/4096 MS: 4 CopyPart-InsertByte-InsertRepeatedBytes-EraseBytes-
#35934	REDUCE cov: 827 ft: 2816 corp: 497/440Kb lim: 4096 exec/s: 5989 rss: 258Mb L: 31/4096 MS: 4 ChangeBinInt-ChangeBinInt-ChangeByte-EraseBytes-
#36116	REDUCE cov: 827 ft: 2816 corp: 497/438Kb lim: 4096 exec/s: 6019 rss: 258Mb L: 2073/4096 MS: 2 PersAutoDict-EraseBytes- DE: "\001\000\000\000\000\000\000\037"-
#36145	REDUCE cov: 827 ft: 2816 corp: 497/438Kb lim: 4096 exec/s: 6024 rss: 258Mb L: 2629/4096 MS: 4 ChangeBit-PersAutoDict-ShuffleBytes-EraseBytes- DE: "\001\000\000\000"-
#36176	REDUCE cov: 827 ft: 2816 corp: 497/438Kb lim: 4096 exec/s: 6029 rss: 258Mb L: 285/4096 MS: 1 EraseBytes-
#36192	REDUCE cov: 827 ft: 2816 corp: 497/437Kb lim: 4096 exec/s: 6032 rss: 258Mb L: 2589/4096 MS: 1 EraseBytes-
#36258	REDUCE cov: 827 ft: 2816 corp: 497/437Kb lim: 4096 exec/s: 6043 rss: 258Mb L: 1536/4096 MS: 1 EraseBytes-
#36359	REDUCE cov: 827 ft: 2816 corp: 497/437Kb lim: 4096 exec/s: 6059 rss: 258Mb L: 20/4096 MS: 1 EraseBytes-
#36366	NEW    cov: 828 ft: 2817 corp: 498/437Kb lim: 4096 exec/s: 6061 rss: 258Mb L: 73/4096 MS: 2 ChangeBinInt-ChangeASCIIInt-
#36375	REDUCE cov: 828 ft: 2817 corp: 498/437Kb lim: 4096 exec/s: 6062 rss: 258Mb L: 157/4096 MS: 4 ChangeBinInt-ShuffleBytes-CrossOver-EraseBytes-
#36401	REDUCE cov: 828 ft: 2817 corp: 498/437Kb lim: 4096 exec/s: 6066 rss: 258Mb L: 200/4096 MS: 1 EraseBytes-
#36434	REDUCE cov: 828 ft: 2817 corp: 498/436Kb lim: 4096 exec/s: 6072 rss: 258Mb L: 630/4096 MS: 3 InsertRepeatedBytes-ManualDict-EraseBytes- DE: "that \\1\\'\\6 with \\6 from \\4 by \\1(\\6. T"-
#36490	REDUCE cov: 828 ft: 2817 corp: 498/436Kb lim: 4096 exec/s: 6081 rss: 258Mb L: 21/4096 MS: 1 EraseBytes-
#36522	NEW    cov: 828 ft: 2818 corp: 499/436Kb lim: 4096 exec/s: 6087 rss: 258Mb L: 57/4096 MS: 2 ShuffleBytes-InsertRepeatedBytes-
#36643	REDUCE cov: 828 ft: 2818 corp: 499/436Kb lim: 4096 exec/s: 6107 rss: 258Mb L: 187/4096 MS: 1 EraseBytes-
#36654	REDUCE cov: 828 ft: 2818 corp: 499/436Kb lim: 4096 exec/s: 6109 rss: 258Mb L: 12/4096 MS: 1 EraseBytes-
#36719	REDUCE cov: 828 ft: 2818 corp: 499/436Kb lim: 4096 exec/s: 6119 rss: 258Mb L: 69/4096 MS: 5 CMP-ShuffleBytes-ShuffleBytes-ManualDict-EraseBytes- DE: "\011\000"-"t \\4ize \\2\\xc2\\xa0\\4ous \\5 the \\2e "-
#36730	REDUCE cov: 828 ft: 2818 corp: 499/436Kb lim: 4096 exec/s: 6121 rss: 258Mb L: 129/4096 MS: 1 EraseBytes-
#37106	REDUCE cov: 828 ft: 2818 corp: 499/436Kb lim: 4096 exec/s: 6184 rss: 258Mb L: 211/4096 MS: 1 EraseBytes-
#37169	REDUCE cov: 828 ft: 2818 corp: 499/436Kb lim: 4096 exec/s: 6194 rss: 258Mb L: 2968/4096 MS: 3 InsertByte-ShuffleBytes-EraseBytes-
#37172	REDUCE cov: 828 ft: 2818 corp: 499/436Kb lim: 4096 exec/s: 6195 rss: 258Mb L: 42/4096 MS: 3 ChangeASCIIInt-PersAutoDict-EraseBytes- DE: "\001\004\000\000"-
#37179	NEW    cov: 828 ft: 2822 corp: 500/436Kb lim: 4096 exec/s: 6196 rss: 258Mb L: 132/4096 MS: 2 EraseBytes-InsertRepeatedBytes-
#37210	REDUCE cov: 828 ft: 2822 corp: 500/436Kb lim: 4096 exec/s: 6201 rss: 258Mb L: 338/4096 MS: 1 EraseBytes-
#37226	REDUCE cov: 828 ft: 2822 corp: 500/436Kb lim: 4096 exec/s: 6204 rss: 258Mb L: 56/4096 MS: 1 EraseBytes-
#37232	REDUCE cov: 828 ft: 2822 corp: 500/436Kb lim: 4096 exec/s: 6205 rss: 258Mb L: 17/4096 MS: 1 EraseBytes-
#37298	REDUCE cov: 828 ft: 2822 corp: 500/436Kb lim: 4096 exec/s: 6216 rss: 258Mb L: 1567/4096 MS: 1 CrossOver-
#37434	REDUCE cov: 828 ft: 2822 corp: 500/436Kb lim: 4096 exec/s: 6239 rss: 258Mb L: 2841/4096 MS: 1 EraseBytes-
#37567	REDUCE cov: 828 ft: 2822 corp: 500/436Kb lim: 4096 exec/s: 6261 rss: 258Mb L: 47/4096 MS: 3 CopyPart-ShuffleBytes-EraseBytes-
#37573	REDUCE cov: 828 ft: 2822 corp: 500/436Kb lim: 4096 exec/s: 6262 rss: 258Mb L: 22/4096 MS: 1 EraseBytes-
#37657	REDUCE cov: 828 ft: 2823 corp: 501/436Kb lim: 4096 exec/s: 6276 rss: 258Mb L: 143/4096 MS: 4 PersAutoDict-ChangeASCIIInt-ChangeBit-CrossOver- DE: "\005\000\000\000\000\000\000\000"-
#37694	REDUCE cov: 828 ft: 2823 corp: 501/436Kb lim: 4096 exec/s: 6282 rss: 258Mb L: 21/4096 MS: 2 ChangeBit-EraseBytes-
#37700	REDUCE cov: 828 ft: 2823 corp: 501/436Kb lim: 4096 exec/s: 6283 rss: 258Mb L: 1432/4096 MS: 1 EraseBytes-
#37754	REDUCE cov: 828 ft: 2823 corp: 501/435Kb lim: 4096 exec/s: 6292 rss: 258Mb L: 635/4096 MS: 4 ManualDict-InsertByte-ChangeASCIIInt-EraseBytes- DE: "needs more output"-
#37842	NEW    cov: 828 ft: 2836 corp: 502/437Kb lim: 4096 exec/s: 5406 rss: 258Mb L: 1828/4096 MS: 3 ShuffleBytes-ChangeByte-ManualDict- DE: "needs more input"-
#37853	REDUCE cov: 828 ft: 2836 corp: 502/437Kb lim: 4096 exec/s: 5407 rss: 258Mb L: 55/4096 MS: 1 EraseBytes-
#37929	REDUCE cov: 828 ft: 2836 corp: 502/437Kb lim: 4096 exec/s: 5418 rss: 258Mb L: 128/4096 MS: 1 EraseBytes-
#37965	REDUCE cov: 828 ft: 2836 corp: 502/437Kb lim: 4096 exec/s: 5423 rss: 258Mb L: 13/4096 MS: 1 EraseBytes-
#38053	REDUCE cov: 828 ft: 2836 corp: 502/437Kb lim: 4096 exec/s: 5436 rss: 258Mb L: 240/4096 MS: 3 CMP-ShuffleBytes-EraseBytes- DE: "\377\003"-
#38070	REDUCE cov: 828 ft: 2836 corp: 502/437Kb lim: 4096 exec/s: 5438 rss: 258Mb L: 26/4096 MS: 2 ChangeBinInt-EraseBytes-
#38322	REDUCE cov: 828 ft: 2836 corp: 502/437Kb lim: 4096 exec/s: 5474 rss: 258Mb L: 363/4096 MS: 2 ChangeBit-EraseBytes-
#38343	REDUCE cov: 828 ft: 2836 corp: 502/437Kb lim: 4096 exec/s: 5477 rss: 258Mb L: 37/4096 MS: 1 EraseBytes-
#38511	REDUCE cov: 828 ft: 2836 corp: 502/436Kb lim: 4096 exec/s: 5501 rss: 258Mb L: 891/4096 MS: 3 ChangeByte-ChangeByte-EraseBytes-
#38673	REDUCE cov: 828 ft: 2836 corp: 502/435Kb lim: 4096 exec/s: 5524 rss: 258Mb L: 3015/4096 MS: 2 EraseBytes-CrossOver-
#38934	NEW    cov: 828 ft: 2837 corp: 503/435Kb lim: 4096 exec/s: 5562 rss: 258Mb L: 79/4096 MS: 1 CrossOver-
#38955	REDUCE cov: 828 ft: 2837 corp: 503/435Kb lim: 4096 exec/s: 5565 rss: 258Mb L: 38/4096 MS: 1 EraseBytes-
#39092	NEW    cov: 829 ft: 2838 corp: 504/438Kb lim: 4096 exec/s: 5584 rss: 258Mb L: 2874/4096 MS: 2 EraseBytes-CMP- DE: "P\017\000\000"-
#39208	REDUCE cov: 829 ft: 2838 corp: 504/438Kb lim: 4096 exec/s: 5601 rss: 258Mb L: 286/4096 MS: 1 EraseBytes-
#39210	REDUCE cov: 829 ft: 2838 corp: 504/438Kb lim: 4096 exec/s: 5601 rss: 258Mb L: 21/4096 MS: 2 InsertByte-EraseBytes-
#39212	REDUCE cov: 829 ft: 2838 corp: 504/438Kb lim: 4096 exec/s: 5601 rss: 258Mb L: 106/4096 MS: 2 ChangeBit-EraseBytes-
#39464	REDUCE cov: 829 ft: 2838 corp: 504/438Kb lim: 4096 exec/s: 5637 rss: 258Mb L: 94/4096 MS: 2 ChangeBinInt-EraseBytes-
#39681	REDUCE cov: 829 ft: 2838 corp: 504/438Kb lim: 4096 exec/s: 5668 rss: 258Mb L: 8/4096 MS: 1 EraseBytes-
#39690	REDUCE cov: 829 ft: 2838 corp: 504/437Kb lim: 4096 exec/s: 5670 rss: 258Mb L: 1679/4096 MS: 4 PersAutoDict-PersAutoDict-PersAutoDict-EraseBytes- DE: "\000\000\000\372"-"+\000\000\000"-"\357\377\377\377"-
#39692	REDUCE cov: 829 ft: 2838 corp: 504/437Kb lim: 4096 exec/s: 5670 rss: 258Mb L: 17/4096 MS: 2 ChangeBinInt-EraseBytes-
#39752	REDUCE cov: 829 ft: 2838 corp: 504/437Kb lim: 4096 exec/s: 5678 rss: 258Mb L: 46/4096 MS: 5 InsertByte-ManualDict-ChangeByte-ChangeBinInt-EraseBytes- DE: "t \\4ize \\2\\xc2\\xa0\\4ous \\5 the \\2e "-
#39774	REDUCE cov: 829 ft: 2838 corp: 504/437Kb lim: 4096 exec/s: 5682 rss: 258Mb L: 991/4096 MS: 2 CopyPart-EraseBytes-
#39870	REDUCE cov: 829 ft: 2839 corp: 505/438Kb lim: 4096 exec/s: 5695 rss: 258Mb L: 690/4096 MS: 1 PersAutoDict- DE: "\003\253"-
#40036	REDUCE cov: 829 ft: 2839 corp: 505/438Kb lim: 4096 exec/s: 5719 rss: 258Mb L: 48/4096 MS: 1 EraseBytes-
#40044	REDUCE cov: 829 ft: 2839 corp: 505/438Kb lim: 4096 exec/s: 5720 rss: 258Mb L: 66/4096 MS: 3 ChangeASCIIInt-CopyPart-EraseBytes-
#40180	NEW    cov: 829 ft: 2847 corp: 506/438Kb lim: 4096 exec/s: 5740 rss: 258Mb L: 12/4096 MS: 1 EraseBytes-
#40202	REDUCE cov: 829 ft: 2850 corp: 507/438Kb lim: 4096 exec/s: 5743 rss: 258Mb L: 175/4096 MS: 2 PersAutoDict-CopyPart- DE: "\364\377\377\377\377\377\377\377"-
#40238	REDUCE cov: 829 ft: 2850 corp: 507/436Kb lim: 4096 exec/s: 5748 rss: 258Mb L: 2350/4096 MS: 1 EraseBytes-
#40311	REDUCE cov: 829 ft: 2850 corp: 507/436Kb lim: 4096 exec/s: 5758 rss: 258Mb L: 9/4096 MS: 3 ShuffleBytes-InsertByte-EraseBytes-
#40392	REDUCE cov: 829 ft: 2850 corp: 507/436Kb lim: 4096 exec/s: 5770 rss: 258Mb L: 124/4096 MS: 1 EraseBytes-
#40393	NEW    cov: 829 ft: 2851 corp: 508/439Kb lim: 4096 exec/s: 5770 rss: 258Mb L: 2804/4096 MS: 1 ChangeBinInt-
#40414	REDUCE cov: 829 ft: 2851 corp: 508/438Kb lim: 4096 exec/s: 5773 rss: 258Mb L: 1740/4096 MS: 1 EraseBytes-
#40431	REDUCE cov: 829 ft: 2851 corp: 508/438Kb lim: 4096 exec/s: 5775 rss: 258Mb L: 57/4096 MS: 2 InsertByte-EraseBytes-
#40512	REDUCE cov: 829 ft: 2852 corp: 509/438Kb lim: 4096 exec/s: 5787 rss: 258Mb L: 169/4096 MS: 1 ManualDict- DE: "that \\1\\'\\6 with \\6 from \\4 by \\1(\\6. T"-
#40593	REDUCE cov: 829 ft: 2852 corp: 509/438Kb lim: 4096 exec/s: 5799 rss: 258Mb L: 20/4096 MS: 1 EraseBytes-
#40801	REDUCE cov: 829 ft: 2852 corp: 509/438Kb lim: 4096 exec/s: 5828 rss: 258Mb L: 581/4096 MS: 3 PersAutoDict-ChangeBinInt-EraseBytes- DE: "\000\000\000\001"-
#40993	REDUCE cov: 829 ft: 2854 corp: 510/438Kb lim: 4096 exec/s: 5856 rss: 258Mb L: 26/4096 MS: 2 ChangeBit-ChangeBinInt-
#41128	NEW    cov: 829 ft: 2855 corp: 511/442Kb lim: 4096 exec/s: 5875 rss: 258Mb L: 4096/4096 MS: 5 CrossOver-PersAutoDict-ChangeBit-InsertRepeatedBytes-InsertByte- DE: "\377\377\377\007"-
#41380	REDUCE cov: 829 ft: 2855 corp: 511/442Kb lim: 4096 exec/s: 5911 rss: 258Mb L: 1164/4096 MS: 2 CrossOver-EraseBytes-
#41432	REDUCE cov: 829 ft: 2859 corp: 512/442Kb lim: 4096 exec/s: 5918 rss: 258Mb L: 163/4096 MS: 2 InsertRepeatedBytes-ChangeBit-
#41479	REDUCE cov: 829 ft: 2859 corp: 512/442Kb lim: 4096 exec/s: 5925 rss: 258Mb L: 717/4096 MS: 2 PersAutoDict-CrossOver- DE: "\001\000\000\000\000\000\000\000"-
#41773	REDUCE cov: 829 ft: 2859 corp: 512/442Kb lim: 4096 exec/s: 5967 rss: 258Mb L: 707/4096 MS: 4 InsertRepeatedBytes-CrossOver-ChangeByte-EraseBytes-
#41869	REDUCE cov: 829 ft: 2861 corp: 513/442Kb lim: 4096 exec/s: 5981 rss: 258Mb L: 353/4096 MS: 1 InsertRepeatedBytes-
#41991	REDUCE cov: 829 ft: 2861 corp: 513/442Kb lim: 4096 exec/s: 5998 rss: 258Mb L: 54/4096 MS: 2 ChangeBinInt-EraseBytes-
#42049	REDUCE cov: 829 ft: 2861 corp: 513/442Kb lim: 4096 exec/s: 6007 rss: 258Mb L: 74/4096 MS: 3 PersAutoDict-ChangeBinInt-EraseBytes- DE: "needs more input"-
#42102	REDUCE cov: 829 ft: 2861 corp: 513/442Kb lim: 4096 exec/s: 6014 rss: 258Mb L: 27/4096 MS: 3 CMP-PersAutoDict-CrossOver- DE: "\377\000\000\000\000\000\000\000"-"\000\000"-
#42243	REDUCE cov: 829 ft: 2861 corp: 513/441Kb lim: 4096 exec/s: 6034 rss: 258Mb L: 1035/4096 MS: 1 EraseBytes-
#42509	REDUCE cov: 829 ft: 2861 corp: 513/441Kb lim: 4096 exec/s: 6072 rss: 258Mb L: 172/4096 MS: 1 EraseBytes-
#42566	REDUCE cov: 829 ft: 2861 corp: 513/441Kb lim: 4096 exec/s: 6080 rss: 258Mb L: 974/4096 MS: 2 ChangeASCIIInt-EraseBytes-
#42772	REDUCE cov: 829 ft: 2861 corp: 513/441Kb lim: 4096 exec/s: 6110 rss: 258Mb L: 335/4096 MS: 1 EraseBytes-
#42786	NEW    cov: 830 ft: 2862 corp: 514/445Kb lim: 4096 exec/s: 6112 rss: 258Mb L: 3994/4096 MS: 4 InsertRepeatedBytes-CrossOver-ChangeByte-CopyPart-
#42847	REDUCE cov: 830 ft: 2862 corp: 514/445Kb lim: 4096 exec/s: 6121 rss: 259Mb L: 2763/4096 MS: 1 EraseBytes-
#42898	REDUCE cov: 830 ft: 2862 corp: 514/444Kb lim: 4096 exec/s: 6128 rss: 259Mb L: 2880/4096 MS: 1 EraseBytes-
#42942	REDUCE cov: 830 ft: 2862 corp: 514/444Kb lim: 4096 exec/s: 6134 rss: 259Mb L: 86/4096 MS: 4 ChangeBit-CrossOver-ChangeASCIIInt-EraseBytes-
#43096	REDUCE cov: 830 ft: 2862 corp: 514/444Kb lim: 4096 exec/s: 6156 rss: 259Mb L: 64/4096 MS: 4 ChangeBit-ChangeBit-CopyPart-EraseBytes-
#43103	REDUCE cov: 830 ft: 2874 corp: 515/444Kb lim: 4096 exec/s: 6157 rss: 259Mb L: 32/4096 MS: 2 ChangeASCIIInt-EraseBytes-
#43107	REDUCE cov: 830 ft: 2874 corp: 515/444Kb lim: 4096 exec/s: 6158 rss: 259Mb L: 216/4096 MS: 4 CrossOver-ChangeASCIIInt-ChangeBinInt-EraseBytes-
#43231	REDUCE cov: 830 ft: 2874 corp: 515/443Kb lim: 4096 exec/s: 6175 rss: 259Mb L: 1216/4096 MS: 4 ManualDict-ShuffleBytes-ChangeBinInt-EraseBytes- DE: "[ProcessCommandsInternal] dictionary word: [%.*s],"-
#43277	REDUCE cov: 830 ft: 2874 corp: 515/443Kb lim: 4096 exec/s: 6182 rss: 259Mb L: 56/4096 MS: 1 EraseBytes-
#43359	REDUCE cov: 830 ft: 2874 corp: 515/443Kb lim: 4096 exec/s: 6194 rss: 259Mb L: 614/4096 MS: 2 ChangeByte-EraseBytes-
#43372	REDUCE cov: 830 ft: 2874 corp: 515/443Kb lim: 4096 exec/s: 6196 rss: 259Mb L: 46/4096 MS: 3 ChangeBinInt-ManualDict-EraseBytes- DE: "needs more output"-
#43386	REDUCE cov: 830 ft: 2874 corp: 515/442Kb lim: 4096 exec/s: 6198 rss: 259Mb L: 2545/4096 MS: 4 CopyPart-ChangeBinInt-ShuffleBytes-EraseBytes-
#43408	REDUCE cov: 830 ft: 2874 corp: 515/442Kb lim: 4096 exec/s: 6201 rss: 259Mb L: 157/4096 MS: 2 ChangeBinInt-EraseBytes-
#43617	REDUCE cov: 830 ft: 2874 corp: 515/439Kb lim: 4096 exec/s: 6231 rss: 259Mb L: 283/4096 MS: 4 PersAutoDict-ChangeByte-PersAutoDict-CrossOver- DE: "\000\000\000\000"-"\344\377\377\377\377\377\377\377"-
#43794	REDUCE cov: 830 ft: 2874 corp: 515/439Kb lim: 4096 exec/s: 6256 rss: 259Mb L: 3082/4096 MS: 2 CopyPart-EraseBytes-
#43853	REDUCE cov: 830 ft: 2874 corp: 515/439Kb lim: 4096 exec/s: 6264 rss: 259Mb L: 283/4096 MS: 4 CMP-InsertByte-CopyPart-EraseBytes- DE: "\231\001"-
#43888	REDUCE cov: 830 ft: 2874 corp: 515/439Kb lim: 4096 exec/s: 6269 rss: 259Mb L: 1132/4096 MS: 5 ShuffleBytes-ChangeASCIIInt-PersAutoDict-ChangeByte-EraseBytes- DE: "\377\000\000\000\000\000\000\000"-
#44031	REDUCE cov: 830 ft: 2874 corp: 515/439Kb lim: 4096 exec/s: 6290 rss: 259Mb L: 8/4096 MS: 3 ChangeBit-ChangeByte-EraseBytes-
#44072	REDUCE cov: 830 ft: 2874 corp: 515/439Kb lim: 4096 exec/s: 6296 rss: 259Mb L: 51/4096 MS: 1 EraseBytes-
#44079	REDUCE cov: 830 ft: 2874 corp: 515/438Kb lim: 4096 exec/s: 6297 rss: 259Mb L: 3007/4096 MS: 2 ChangeBinInt-CrossOver-
#44110	REDUCE cov: 830 ft: 2874 corp: 515/438Kb lim: 4096 exec/s: 6301 rss: 259Mb L: 14/4096 MS: 1 EraseBytes-
#44122	NEW    cov: 830 ft: 2875 corp: 516/439Kb lim: 4096 exec/s: 6303 rss: 259Mb L: 1068/4096 MS: 2 InsertRepeatedBytes-CrossOver-
#44176	REDUCE cov: 830 ft: 2875 corp: 516/439Kb lim: 4096 exec/s: 6310 rss: 259Mb L: 107/4096 MS: 4 CrossOver-InsertByte-ChangeByte-EraseBytes-
#44192	REDUCE cov: 830 ft: 2875 corp: 516/439Kb lim: 4096 exec/s: 6313 rss: 259Mb L: 65/4096 MS: 1 EraseBytes-
#44243	REDUCE cov: 830 ft: 2875 corp: 516/437Kb lim: 4096 exec/s: 6320 rss: 259Mb L: 2129/4096 MS: 1 CrossOver-
#44301	REDUCE cov: 830 ft: 2875 corp: 516/437Kb lim: 4096 exec/s: 5537 rss: 259Mb L: 18/4096 MS: 3 InsertByte-ChangeBit-EraseBytes-
#44355	REDUCE cov: 830 ft: 2875 corp: 516/437Kb lim: 4096 exec/s: 5544 rss: 259Mb L: 223/4096 MS: 4 ChangeBinInt-InsertRepeatedBytes-ChangeBit-EraseBytes-
#44405	REDUCE cov: 830 ft: 2875 corp: 516/437Kb lim: 4096 exec/s: 5550 rss: 259Mb L: 339/4096 MS: 5 ChangeBit-InsertByte-ChangeBinInt-ChangeByte-EraseBytes-
#44496	REDUCE cov: 830 ft: 2875 corp: 516/437Kb lim: 4096 exec/s: 5562 rss: 259Mb L: 299/4096 MS: 1 EraseBytes-
#44506	REDUCE cov: 830 ft: 2876 corp: 517/438Kb lim: 4096 exec/s: 5563 rss: 259Mb L: 406/4096 MS: 5 CopyPart-InsertRepeatedBytes-InsertRepeatedBytes-ChangeASCIIInt-PersAutoDict- DE: "INVALID"-
#44512	REDUCE cov: 830 ft: 2876 corp: 517/438Kb lim: 4096 exec/s: 5564 rss: 259Mb L: 49/4096 MS: 1 EraseBytes-
#44518	REDUCE cov: 830 ft: 2876 corp: 517/437Kb lim: 4096 exec/s: 5564 rss: 259Mb L: 2125/4096 MS: 1 EraseBytes-
#44622	REDUCE cov: 830 ft: 2876 corp: 517/437Kb lim: 4096 exec/s: 5577 rss: 259Mb L: 76/4096 MS: 4 ChangeByte-ChangeByte-ChangeByte-EraseBytes-
#44640	NEW    cov: 830 ft: 2877 corp: 518/437Kb lim: 4096 exec/s: 5580 rss: 259Mb L: 105/4096 MS: 3 ShuffleBytes-PersAutoDict-ManualDict- DE: "\001\004\000\000"-"that \\1\\'\\6 with \\6 from \\4 by \\1(\\6. T"-
#44656	REDUCE cov: 830 ft: 2877 corp: 518/436Kb lim: 4096 exec/s: 5582 rss: 259Mb L: 1336/4096 MS: 1 EraseBytes-
#44717	REDUCE cov: 830 ft: 2877 corp: 518/436Kb lim: 4096 exec/s: 5589 rss: 259Mb L: 32/4096 MS: 1 EraseBytes-
#44760	REDUCE cov: 830 ft: 2877 corp: 518/436Kb lim: 4096 exec/s: 5595 rss: 259Mb L: 27/4096 MS: 3 ChangeBit-ChangeBinInt-EraseBytes-
#44962	REDUCE cov: 830 ft: 2877 corp: 518/436Kb lim: 4096 exec/s: 5620 rss: 259Mb L: 208/4096 MS: 2 ChangeASCIIInt-EraseBytes-
#44988	REDUCE cov: 830 ft: 2877 corp: 518/436Kb lim: 4096 exec/s: 5623 rss: 259Mb L: 252/4096 MS: 1 EraseBytes-
#45079	REDUCE cov: 830 ft: 2877 corp: 518/436Kb lim: 4096 exec/s: 5634 rss: 259Mb L: 16/4096 MS: 1 EraseBytes-
#45135	REDUCE cov: 830 ft: 2877 corp: 518/436Kb lim: 4096 exec/s: 5641 rss: 259Mb L: 35/4096 MS: 1 EraseBytes-
#45222	REDUCE cov: 830 ft: 2877 corp: 518/436Kb lim: 4096 exec/s: 5652 rss: 259Mb L: 210/4096 MS: 2 ChangeByte-EraseBytes-
#45275	REDUCE cov: 830 ft: 2877 corp: 518/436Kb lim: 4096 exec/s: 5659 rss: 259Mb L: 118/4096 MS: 3 ChangeByte-ManualDict-EraseBytes- DE: "needs more input"-
#45348	REDUCE cov: 830 ft: 2877 corp: 518/436Kb lim: 4096 exec/s: 5668 rss: 259Mb L: 22/4096 MS: 3 InsertByte-ManualDict-EraseBytes- DE: "Regular"-
#45464	REDUCE cov: 830 ft: 2877 corp: 518/436Kb lim: 4096 exec/s: 5683 rss: 259Mb L: 18/4096 MS: 1 EraseBytes-
#45801	REDUCE cov: 830 ft: 2877 corp: 518/436Kb lim: 4096 exec/s: 5725 rss: 259Mb L: 17/4096 MS: 2 ChangeASCIIInt-EraseBytes-
#45911	REDUCE cov: 830 ft: 2877 corp: 518/436Kb lim: 4096 exec/s: 5738 rss: 259Mb L: 234/4096 MS: 5 InsertByte-CrossOver-CopyPart-ChangeBit-EraseBytes-
#45962	REDUCE cov: 830 ft: 2877 corp: 518/435Kb lim: 4096 exec/s: 5745 rss: 259Mb L: 809/4096 MS: 1 EraseBytes-
#46124	REDUCE cov: 830 ft: 2877 corp: 518/435Kb lim: 4096 exec/s: 5765 rss: 259Mb L: 657/4096 MS: 2 ShuffleBytes-EraseBytes-
#46161	REDUCE cov: 830 ft: 2877 corp: 518/435Kb lim: 4096 exec/s: 5770 rss: 259Mb L: 274/4096 MS: 2 ChangeByte-EraseBytes-
#46244	NEW    cov: 830 ft: 2879 corp: 519/435Kb lim: 4096 exec/s: 5780 rss: 259Mb L: 78/4096 MS: 3 ChangeBit-PersAutoDict-PersAutoDict- DE: "\000\000\000\000\000\000\000@"-"\000\000\000\000\000\000\000\000"-
#46338	REDUCE cov: 830 ft: 2879 corp: 519/435Kb lim: 4096 exec/s: 5792 rss: 259Mb L: 783/4096 MS: 4 InsertRepeatedBytes-ManualDict-ChangeBit-EraseBytes- DE: "that \\1\\'\\6 with \\6 from \\4 by \\1(\\6. T"-
#46496	REDUCE cov: 830 ft: 2879 corp: 519/435Kb lim: 4096 exec/s: 5812 rss: 259Mb L: 11/4096 MS: 2 ShuffleBytes-EraseBytes-
#46537	REDUCE cov: 830 ft: 2879 corp: 519/435Kb lim: 4096 exec/s: 5817 rss: 259Mb L: 59/4096 MS: 1 EraseBytes-
#46623	REDUCE cov: 830 ft: 2879 corp: 519/435Kb lim: 4096 exec/s: 5827 rss: 259Mb L: 2511/4096 MS: 1 EraseBytes-
#46648	REDUCE cov: 830 ft: 2879 corp: 519/435Kb lim: 4096 exec/s: 5831 rss: 259Mb L: 265/4096 MS: 5 ChangeBinInt-ShuffleBytes-CrossOver-ShuffleBytes-EraseBytes-
#46701	REDUCE cov: 830 ft: 2879 corp: 519/435Kb lim: 4096 exec/s: 5837 rss: 259Mb L: 13/4096 MS: 3 CopyPart-ChangeBit-EraseBytes-
#46758	REDUCE cov: 830 ft: 2879 corp: 519/435Kb lim: 4096 exec/s: 5844 rss: 259Mb L: 28/4096 MS: 2 ChangeBinInt-EraseBytes-
#46760	REDUCE cov: 830 ft: 2879 corp: 519/435Kb lim: 4096 exec/s: 5845 rss: 259Mb L: 12/4096 MS: 2 ChangeByte-EraseBytes-
#46764	REDUCE cov: 830 ft: 2879 corp: 519/435Kb lim: 4096 exec/s: 5845 rss: 259Mb L: 249/4096 MS: 4 ChangeBinInt-PersAutoDict-EraseBytes-ChangeBinInt- DE: "\003\253"-
#46811	REDUCE cov: 830 ft: 2879 corp: 519/435Kb lim: 4096 exec/s: 5851 rss: 259Mb L: 15/4096 MS: 2 PersAutoDict-EraseBytes- DE: "\001\000\004\000"-
#46838	REDUCE cov: 830 ft: 2879 corp: 519/435Kb lim: 4096 exec/s: 5854 rss: 259Mb L: 27/4096 MS: 2 EraseBytes-CopyPart-
#46844	REDUCE cov: 830 ft: 2879 corp: 519/435Kb lim: 4096 exec/s: 5855 rss: 259Mb L: 27/4096 MS: 1 EraseBytes-
#46853	REDUCE cov: 830 ft: 2879 corp: 519/433Kb lim: 4096 exec/s: 5856 rss: 259Mb L: 2409/4096 MS: 4 ChangeByte-EraseBytes-ChangeASCIIInt-EraseBytes-
#46872	REDUCE cov: 830 ft: 2879 corp: 519/433Kb lim: 4096 exec/s: 5859 rss: 259Mb L: 2445/4096 MS: 4 ChangeASCIIInt-CopyPart-ChangeASCIIInt-EraseBytes-
#46938	REDUCE cov: 830 ft: 2879 corp: 519/433Kb lim: 4096 exec/s: 5867 rss: 259Mb L: 43/4096 MS: 1 EraseBytes-
#46942	REDUCE cov: 830 ft: 2879 corp: 519/433Kb lim: 4096 exec/s: 5867 rss: 259Mb L: 212/4096 MS: 4 InsertByte-ShuffleBytes-InsertByte-EraseBytes-
#47048	REDUCE cov: 831 ft: 2880 corp: 520/433Kb lim: 4096 exec/s: 5881 rss: 259Mb L: 209/4096 MS: 1 CopyPart-
#47066	REDUCE cov: 831 ft: 2880 corp: 520/433Kb lim: 4096 exec/s: 5883 rss: 259Mb L: 869/4096 MS: 3 ChangeBit-CopyPart-EraseBytes-
#47082	REDUCE cov: 831 ft: 2880 corp: 520/433Kb lim: 4096 exec/s: 5885 rss: 259Mb L: 348/4096 MS: 1 EraseBytes-
#47090	NEW    cov: 831 ft: 2881 corp: 521/433Kb lim: 4096 exec/s: 5886 rss: 259Mb L: 32/4096 MS: 3 ChangeBit-ChangeBit-EraseBytes-
#47141	REDUCE cov: 831 ft: 2881 corp: 521/433Kb lim: 4096 exec/s: 5892 rss: 259Mb L: 8/4096 MS: 1 EraseBytes-
#47143	REDUCE cov: 831 ft: 2881 corp: 521/433Kb lim: 4096 exec/s: 5892 rss: 259Mb L: 181/4096 MS: 2 ShuffleBytes-EraseBytes-
#47374	REDUCE cov: 831 ft: 2881 corp: 521/433Kb lim: 4096 exec/s: 5921 rss: 259Mb L: 11/4096 MS: 1 EraseBytes-
#47406	NEW    cov: 831 ft: 2882 corp: 522/434Kb lim: 4096 exec/s: 5925 rss: 259Mb L: 1570/4096 MS: 2 EraseBytes-InsertRepeatedBytes-
#47753	REDUCE cov: 831 ft: 2882 corp: 522/434Kb lim: 4096 exec/s: 5969 rss: 259Mb L: 24/4096 MS: 2 ChangeBit-EraseBytes-
#47784	REDUCE cov: 831 ft: 2882 corp: 522/434Kb lim: 4096 exec/s: 5973 rss: 259Mb L: 293/4096 MS: 1 EraseBytes-
#47796	REDUCE cov: 831 ft: 2882 corp: 522/434Kb lim: 4096 exec/s: 5974 rss: 259Mb L: 496/4096 MS: 2 InsertRepeatedBytes-EraseBytes-
#48146	REDUCE cov: 831 ft: 2882 corp: 522/434Kb lim: 4096 exec/s: 6018 rss: 259Mb L: 80/4096 MS: 5 InsertRepeatedBytes-PersAutoDict-ManualDict-CopyPart-EraseBytes- DE: "\004\000"-"that \\1\\'\\6 with \\6 from \\4 by \\1(\\6. T"-
#48259	REDUCE cov: 831 ft: 2882 corp: 522/434Kb lim: 4096 exec/s: 6032 rss: 259Mb L: 8/4096 MS: 3 ChangeBinInt-ChangeBit-EraseBytes-
#48600	REDUCE cov: 831 ft: 2882 corp: 522/434Kb lim: 4096 exec/s: 6075 rss: 259Mb L: 68/4096 MS: 1 EraseBytes-
#48636	REDUCE cov: 831 ft: 2882 corp: 522/434Kb lim: 4096 exec/s: 6079 rss: 259Mb L: 483/4096 MS: 1 EraseBytes-
#48733	REDUCE cov: 831 ft: 2882 corp: 522/434Kb lim: 4096 exec/s: 6091 rss: 259Mb L: 4/4096 MS: 2 InsertByte-EraseBytes-
#48764	REDUCE cov: 831 ft: 2882 corp: 522/434Kb lim: 4096 exec/s: 6095 rss: 259Mb L: 36/4096 MS: 1 EraseBytes-
#48791	REDUCE cov: 831 ft: 2882 corp: 522/434Kb lim: 4096 exec/s: 6098 rss: 259Mb L: 4/4096 MS: 2 ChangeBinInt-EraseBytes-
#48851	REDUCE cov: 831 ft: 2888 corp: 523/434Kb lim: 4096 exec/s: 6106 rss: 259Mb L: 36/4096 MS: 5 ShuffleBytes-CopyPart-CopyPart-InsertByte-EraseBytes-
#49030	REDUCE cov: 831 ft: 2888 corp: 523/433Kb lim: 4096 exec/s: 6128 rss: 259Mb L: 570/4096 MS: 4 PersAutoDict-ManualDict-InsertByte-EraseBytes- DE: "\361\377?\000"-"needs more input"-
#49107	REDUCE cov: 831 ft: 2888 corp: 523/433Kb lim: 4096 exec/s: 6138 rss: 259Mb L: 13/4096 MS: 2 ChangeByte-EraseBytes-
#49235	NEW    cov: 831 ft: 2891 corp: 524/433Kb lim: 4096 exec/s: 6154 rss: 259Mb L: 34/4096 MS: 3 ChangeASCIIInt-ShuffleBytes-PersAutoDict- DE: "\377\000"-
#49313	REDUCE cov: 831 ft: 2891 corp: 524/433Kb lim: 4096 exec/s: 6164 rss: 259Mb L: 19/4096 MS: 3 CMP-ChangeByte-EraseBytes- DE: "\000\010"-
#49494	REDUCE cov: 831 ft: 2891 corp: 524/432Kb lim: 4096 exec/s: 6186 rss: 259Mb L: 1735/4096 MS: 1 EraseBytes-
#49535	REDUCE cov: 831 ft: 2891 corp: 524/432Kb lim: 4096 exec/s: 6191 rss: 259Mb L: 62/4096 MS: 1 EraseBytes-
#49683	REDUCE cov: 831 ft: 2891 corp: 524/432Kb lim: 4096 exec/s: 6210 rss: 259Mb L: 87/4096 MS: 3 ChangeBinInt-ChangeBinInt-EraseBytes-
#49725	REDUCE cov: 831 ft: 2891 corp: 524/432Kb lim: 4096 exec/s: 6215 rss: 259Mb L: 19/4096 MS: 2 CopyPart-EraseBytes-
#50016	REDUCE cov: 831 ft: 2891 corp: 524/432Kb lim: 4096 exec/s: 6252 rss: 259Mb L: 917/4096 MS: 1 EraseBytes-
#50078	REDUCE cov: 831 ft: 2891 corp: 524/432Kb lim: 4096 exec/s: 6259 rss: 259Mb L: 2365/4096 MS: 2 ManualDict-CrossOver- DE: "needs more input"-
#50170	REDUCE cov: 831 ft: 2891 corp: 524/432Kb lim: 4096 exec/s: 6271 rss: 259Mb L: 50/4096 MS: 2 CMP-EraseBytes- DE: "\373\377\377\377\377\377\377\377"-
#50268	REDUCE cov: 831 ft: 2891 corp: 524/431Kb lim: 4096 exec/s: 6283 rss: 259Mb L: 104/4096 MS: 3 ShuffleBytes-ChangeASCIIInt-EraseBytes-
#50285	REDUCE cov: 831 ft: 2891 corp: 524/431Kb lim: 4096 exec/s: 6285 rss: 259Mb L: 1972/4096 MS: 2 ShuffleBytes-EraseBytes-
#50326	REDUCE cov: 831 ft: 2891 corp: 524/431Kb lim: 4096 exec/s: 6290 rss: 259Mb L: 681/4096 MS: 1 EraseBytes-
#50348	REDUCE cov: 831 ft: 2891 corp: 524/431Kb lim: 4096 exec/s: 6293 rss: 259Mb L: 87/4096 MS: 2 CopyPart-EraseBytes-
#50365	REDUCE cov: 831 ft: 2891 corp: 524/431Kb lim: 4096 exec/s: 6295 rss: 259Mb L: 1074/4096 MS: 2 CrossOver-EraseBytes-
#50411	REDUCE cov: 831 ft: 2891 corp: 524/431Kb lim: 4096 exec/s: 6301 rss: 259Mb L: 41/4096 MS: 1 EraseBytes-
#50513	REDUCE cov: 831 ft: 2891 corp: 524/431Kb lim: 4096 exec/s: 6314 rss: 259Mb L: 189/4096 MS: 2 ShuffleBytes-EraseBytes-
#50666	REDUCE cov: 831 ft: 2891 corp: 524/431Kb lim: 4096 exec/s: 6333 rss: 259Mb L: 245/4096 MS: 3 ChangeASCIIInt-ChangeByte-EraseBytes-
#50855	REDUCE cov: 831 ft: 2891 corp: 524/430Kb lim: 4096 exec/s: 6356 rss: 259Mb L: 452/4096 MS: 4 ChangeBinInt-ChangeByte-ShuffleBytes-EraseBytes-
#50894	REDUCE cov: 831 ft: 2891 corp: 524/430Kb lim: 4096 exec/s: 6361 rss: 259Mb L: 55/4096 MS: 4 CMP-ShuffleBytes-ChangeBinInt-EraseBytes- DE: "\005\000"-
#51015	REDUCE cov: 831 ft: 2891 corp: 524/430Kb lim: 4096 exec/s: 5668 rss: 259Mb L: 35/4096 MS: 1 EraseBytes-
#51016	REDUCE cov: 831 ft: 2891 corp: 524/430Kb lim: 4096 exec/s: 5668 rss: 259Mb L: 91/4096 MS: 1 EraseBytes-
#51202	REDUCE cov: 831 ft: 2891 corp: 524/430Kb lim: 4096 exec/s: 5689 rss: 259Mb L: 80/4096 MS: 1 EraseBytes-
#51278	REDUCE cov: 831 ft: 2891 corp: 524/430Kb lim: 4096 exec/s: 5697 rss: 259Mb L: 632/4096 MS: 1 EraseBytes-
#51379	REDUCE cov: 831 ft: 2891 corp: 524/430Kb lim: 4096 exec/s: 5708 rss: 259Mb L: 143/4096 MS: 1 EraseBytes-
#51426	REDUCE cov: 831 ft: 2891 corp: 524/428Kb lim: 4096 exec/s: 5714 rss: 259Mb L: 2673/4096 MS: 2 ChangeByte-EraseBytes-
#51432	REDUCE cov: 831 ft: 2891 corp: 524/428Kb lim: 4096 exec/s: 5714 rss: 259Mb L: 49/4096 MS: 1 EraseBytes-
#51526	NEW    cov: 832 ft: 2892 corp: 525/429Kb lim: 4096 exec/s: 5725 rss: 259Mb L: 516/4096 MS: 4 ChangeByte-EraseBytes-ChangeBit-InsertRepeatedBytes-
#51533	REDUCE cov: 832 ft: 2892 corp: 525/429Kb lim: 4096 exec/s: 5725 rss: 259Mb L: 46/4096 MS: 2 InsertByte-EraseBytes-
#51650	NEW    cov: 832 ft: 2893 corp: 526/429Kb lim: 4096 exec/s: 5738 rss: 259Mb L: 53/4096 MS: 2 ShuffleBytes-ManualDict- DE: "Large Window Brotli"-
#51900	REDUCE cov: 832 ft: 2893 corp: 526/429Kb lim: 4096 exec/s: 5766 rss: 259Mb L: 544/4096 MS: 5 InsertRepeatedBytes-PersAutoDict-PersAutoDict-ChangeBinInt-EraseBytes- DE: "\011\000"-"[ProcessCommandsInternal] dictionary word: [%.*s],"-
#52076	REDUCE cov: 832 ft: 2893 corp: 526/428Kb lim: 4096 exec/s: 5786 rss: 259Mb L: 431/4096 MS: 1 EraseBytes-
#52132	NEW    cov: 832 ft: 2894 corp: 527/430Kb lim: 4096 exec/s: 5792 rss: 259Mb L: 2116/4096 MS: 1 InsertRepeatedBytes-
#52214	REDUCE cov: 832 ft: 2894 corp: 527/430Kb lim: 4096 exec/s: 5801 rss: 259Mb L: 187/4096 MS: 2 ShuffleBytes-EraseBytes-
#52257	REDUCE cov: 832 ft: 2894 corp: 527/430Kb lim: 4096 exec/s: 5806 rss: 259Mb L: 52/4096 MS: 3 ManualDict-InsertByte-EraseBytes- DE: "Regular"-
#52263	NEW    cov: 832 ft: 2896 corp: 528/431Kb lim: 4096 exec/s: 5807 rss: 259Mb L: 82/4096 MS: 1 InsertRepeatedBytes-
#52552	REDUCE cov: 832 ft: 2896 corp: 528/430Kb lim: 4096 exec/s: 5839 rss: 264Mb L: 453/4096 MS: 4 PersAutoDict-ChangeBit-ChangeASCIIInt-EraseBytes- DE: "\377\377\377\377\377\377\377\377"-
#52618	REDUCE cov: 832 ft: 2896 corp: 528/430Kb lim: 4096 exec/s: 5846 rss: 264Mb L: 103/4096 MS: 1 EraseBytes-
#52729	REDUCE cov: 832 ft: 2896 corp: 528/430Kb lim: 4096 exec/s: 5858 rss: 265Mb L: 100/4096 MS: 1 EraseBytes-
#52802	REDUCE cov: 832 ft: 2896 corp: 528/430Kb lim: 4096 exec/s: 5866 rss: 265Mb L: 10/4096 MS: 3 CrossOver-ChangeBinInt-EraseBytes-
#52823	REDUCE cov: 832 ft: 2896 corp: 528/430Kb lim: 4096 exec/s: 5869 rss: 265Mb L: 5/4096 MS: 1 EraseBytes-
#53079	REDUCE cov: 832 ft: 2896 corp: 528/430Kb lim: 4096 exec/s: 5897 rss: 266Mb L: 85/4096 MS: 1 EraseBytes-
#53140	REDUCE cov: 832 ft: 2896 corp: 528/430Kb lim: 4096 exec/s: 5904 rss: 266Mb L: 79/4096 MS: 3 CopyPart-ChangeASCIIInt-EraseBytes-
#53201	REDUCE cov: 832 ft: 2896 corp: 528/430Kb lim: 4096 exec/s: 5911 rss: 266Mb L: 92/4096 MS: 1 EraseBytes-
#53227	REDUCE cov: 832 ft: 2896 corp: 528/430Kb lim: 4096 exec/s: 5914 rss: 266Mb L: 9/4096 MS: 1 EraseBytes-
#53264	REDUCE cov: 832 ft: 2896 corp: 528/430Kb lim: 4096 exec/s: 5918 rss: 266Mb L: 4/4096 MS: 2 ChangeBinInt-EraseBytes-
#53420	REDUCE cov: 832 ft: 2896 corp: 528/430Kb lim: 4096 exec/s: 5935 rss: 266Mb L: 19/4096 MS: 1 EraseBytes-
#53635	REDUCE cov: 832 ft: 2896 corp: 528/430Kb lim: 4096 exec/s: 5959 rss: 266Mb L: 129/4096 MS: 5 InsertRepeatedBytes-EraseBytes-ShuffleBytes-InsertByte-EraseBytes-
#53673	REDUCE cov: 832 ft: 2896 corp: 528/430Kb lim: 4096 exec/s: 5963 rss: 266Mb L: 29/4096 MS: 3 ChangeBinInt-ChangeBinInt-EraseBytes-
#53779	NEW    cov: 832 ft: 2897 corp: 529/430Kb lim: 4096 exec/s: 5975 rss: 266Mb L: 58/4096 MS: 1 InsertByte-
#53810	REDUCE cov: 832 ft: 2899 corp: 530/431Kb lim: 4096 exec/s: 5978 rss: 266Mb L: 318/4096 MS: 1 CopyPart-
#53840	REDUCE cov: 832 ft: 2899 corp: 530/431Kb lim: 4096 exec/s: 5982 rss: 266Mb L: 2283/4096 MS: 5 ChangeBinInt-InsertRepeatedBytes-ChangeByte-CrossOver-EraseBytes-
#53866	REDUCE cov: 832 ft: 2899 corp: 530/431Kb lim: 4096 exec/s: 5985 rss: 266Mb L: 53/4096 MS: 1 EraseBytes-
#53994	REDUCE cov: 832 ft: 2899 corp: 530/430Kb lim: 4096 exec/s: 5999 rss: 266Mb L: 267/4096 MS: 3 ChangeBit-PersAutoDict-EraseBytes- DE: "\377\377\377\377\377\377\377\364"-
#54025	REDUCE cov: 832 ft: 2899 corp: 530/430Kb lim: 4096 exec/s: 6002 rss: 266Mb L: 98/4096 MS: 1 EraseBytes-
#54052	REDUCE cov: 832 ft: 2899 corp: 530/430Kb lim: 4096 exec/s: 6005 rss: 266Mb L: 5/4096 MS: 2 ChangeByte-EraseBytes-
#54134	REDUCE cov: 832 ft: 2899 corp: 530/430Kb lim: 4096 exec/s: 6014 rss: 266Mb L: 3882/4096 MS: 2 ChangeBit-EraseBytes-
#54146	REDUCE cov: 832 ft: 2899 corp: 530/430Kb lim: 4096 exec/s: 6016 rss: 266Mb L: 68/4096 MS: 2 ShuffleBytes-EraseBytes-
#54493	NEW    cov: 832 ft: 2900 corp: 531/430Kb lim: 4096 exec/s: 6054 rss: 267Mb L: 77/4096 MS: 2 ShuffleBytes-ChangeBinInt-
#54589	REDUCE cov: 832 ft: 2900 corp: 531/430Kb lim: 4096 exec/s: 6065 rss: 267Mb L: 90/4096 MS: 1 EraseBytes-
#54590	REDUCE cov: 832 ft: 2900 corp: 531/430Kb lim: 4096 exec/s: 6065 rss: 267Mb L: 2922/4096 MS: 1 EraseBytes-
#54616	REDUCE cov: 832 ft: 2900 corp: 531/430Kb lim: 4096 exec/s: 6068 rss: 267Mb L: 3/4096 MS: 1 EraseBytes-
#54967	REDUCE cov: 832 ft: 2900 corp: 531/430Kb lim: 4096 exec/s: 6107 rss: 267Mb L: 12/4096 MS: 1 EraseBytes-
#55006	REDUCE cov: 832 ft: 2900 corp: 531/430Kb lim: 4096 exec/s: 6111 rss: 267Mb L: 1793/4096 MS: 4 CopyPart-CMP-ChangeByte-EraseBytes- DE: "\002\000\000\000"-
#55049	REDUCE cov: 832 ft: 2900 corp: 531/430Kb lim: 4096 exec/s: 6116 rss: 267Mb L: 78/4096 MS: 3 ShuffleBytes-ChangeBinInt-EraseBytes-
#55215	REDUCE cov: 832 ft: 2900 corp: 531/430Kb lim: 4096 exec/s: 6135 rss: 267Mb L: 58/4096 MS: 1 EraseBytes-
#55246	REDUCE cov: 832 ft: 2900 corp: 531/430Kb lim: 4096 exec/s: 6138 rss: 267Mb L: 11/4096 MS: 1 EraseBytes-
#55358	REDUCE cov: 832 ft: 2900 corp: 531/430Kb lim: 4096 exec/s: 6150 rss: 267Mb L: 496/4096 MS: 2 ChangeASCIIInt-EraseBytes-
#55363	NEW    cov: 834 ft: 2903 corp: 532/430Kb lim: 4096 exec/s: 6151 rss: 267Mb L: 164/4096 MS: 5 ChangeBinInt-EraseBytes-PersAutoDict-CrossOver-PersAutoDict- DE: "\000\000\000\001"-"\000\000\000\377"-
#55406	REDUCE cov: 834 ft: 2903 corp: 532/430Kb lim: 4096 exec/s: 6156 rss: 267Mb L: 85/4096 MS: 3 InsertByte-ManualDict-EraseBytes- DE: "Regular"-
#55519	REDUCE cov: 834 ft: 2903 corp: 532/430Kb lim: 4096 exec/s: 6168 rss: 267Mb L: 56/4096 MS: 3 ShuffleBytes-ChangeBit-EraseBytes-
#55520	NEW    cov: 834 ft: 2905 corp: 533/433Kb lim: 4096 exec/s: 6168 rss: 267Mb L: 3520/4096 MS: 1 CopyPart-
#55587	NEW    cov: 834 ft: 2906 corp: 534/433Kb lim: 4096 exec/s: 6176 rss: 267Mb L: 29/4096 MS: 2 ChangeBit-EraseBytes-
#55715	NEW    cov: 834 ft: 2907 corp: 535/434Kb lim: 4096 exec/s: 6190 rss: 267Mb L: 651/4096 MS: 3 ChangeBit-ManualDict-InsertRepeatedBytes- DE: "that \\1\\'\\6 with \\6 from \\4 by \\1(\\6. T"-
#55746	NEW    cov: 834 ft: 2923 corp: 536/434Kb lim: 4096 exec/s: 6194 rss: 267Mb L: 12/4096 MS: 1 PersAutoDict- DE: "\000\000"-
#55782	REDUCE cov: 834 ft: 2923 corp: 536/434Kb lim: 4096 exec/s: 6198 rss: 267Mb L: 59/4096 MS: 1 EraseBytes-
#56083	NEW    cov: 836 ft: 2927 corp: 537/438Kb lim: 4096 exec/s: 6231 rss: 267Mb L: 3520/4096 MS: 1 ChangeByte-
#56109	NEW    cov: 836 ft: 2928 corp: 538/438Kb lim: 4096 exec/s: 6234 rss: 267Mb L: 52/4096 MS: 1 EraseBytes-
#56235	REDUCE cov: 836 ft: 2928 corp: 538/438Kb lim: 4096 exec/s: 6248 rss: 267Mb L: 373/4096 MS: 1 EraseBytes-
#56279	REDUCE cov: 836 ft: 2928 corp: 538/438Kb lim: 4096 exec/s: 6253 rss: 267Mb L: 68/4096 MS: 4 CMP-ChangeBinInt-EraseBytes-ShuffleBytes- DE: "\033\000"-
#56409	REDUCE cov: 836 ft: 2928 corp: 538/437Kb lim: 4096 exec/s: 6267 rss: 267Mb L: 1079/4096 MS: 5 ChangeBinInt-ChangeBinInt-CMP-PersAutoDict-EraseBytes- DE: "\335\002\000\000"-"\000\000\000\000\000\000\037\342"-
#56540	REDUCE cov: 836 ft: 2928 corp: 538/437Kb lim: 4096 exec/s: 6282 rss: 267Mb L: 1051/4096 MS: 1 EraseBytes-
#56611	REDUCE cov: 837 ft: 2929 corp: 539/437Kb lim: 4096 exec/s: 6290 rss: 267Mb L: 182/4096 MS: 1 EraseBytes-
#57032	REDUCE cov: 837 ft: 2929 corp: 539/437Kb lim: 4096 exec/s: 6336 rss: 267Mb L: 854/4096 MS: 1 EraseBytes-
#57093	REDUCE cov: 837 ft: 2929 corp: 539/437Kb lim: 4096 exec/s: 6343 rss: 267Mb L: 4/4096 MS: 1 EraseBytes-
#57204	REDUCE cov: 837 ft: 2929 corp: 539/437Kb lim: 4096 exec/s: 6356 rss: 267Mb L: 2185/4096 MS: 1 EraseBytes-
#57235	REDUCE cov: 837 ft: 2929 corp: 539/437Kb lim: 4096 exec/s: 6359 rss: 267Mb L: 217/4096 MS: 1 EraseBytes-
#57242	REDUCE cov: 837 ft: 2932 corp: 540/437Kb lim: 4096 exec/s: 6360 rss: 267Mb L: 9/4096 MS: 2 PersAutoDict-ShuffleBytes- DE: "\001\000\000\000\000\000\000\000"-
#57333	REDUCE cov: 837 ft: 2932 corp: 540/436Kb lim: 4096 exec/s: 6370 rss: 267Mb L: 2723/4096 MS: 1 CrossOver-
#57358	REDUCE cov: 837 ft: 2932 corp: 540/436Kb lim: 4096 exec/s: 6373 rss: 267Mb L: 310/4096 MS: 5 ChangeBinInt-InsertByte-PersAutoDict-ChangeASCIIInt-EraseBytes- DE: "that \\1\\'\\6 with \\6 from \\4 by \\1(\\6. T"-
#57484	REDUCE cov: 837 ft: 2932 corp: 540/436Kb lim: 4096 exec/s: 6387 rss: 267Mb L: 238/4096 MS: 1 EraseBytes-
#57587	REDUCE cov: 837 ft: 2932 corp: 540/436Kb lim: 4096 exec/s: 5758 rss: 267Mb L: 362/4096 MS: 3 ShuffleBytes-ManualDict-EraseBytes- DE: "Regular"-
#57623	REDUCE cov: 837 ft: 2932 corp: 540/436Kb lim: 4096 exec/s: 5762 rss: 267Mb L: 775/4096 MS: 1 EraseBytes-
#57964	REDUCE cov: 837 ft: 2932 corp: 540/436Kb lim: 4096 exec/s: 5796 rss: 267Mb L: 117/4096 MS: 1 EraseBytes-
#58033	REDUCE cov: 837 ft: 2932 corp: 540/433Kb lim: 4096 exec/s: 5803 rss: 267Mb L: 1457/4096 MS: 4 ManualDict-CrossOver-InsertByte-ChangeBinInt- DE: "Large Window Brotli"-
#58234	REDUCE cov: 837 ft: 2932 corp: 540/433Kb lim: 4096 exec/s: 5823 rss: 267Mb L: 1765/4096 MS: 1 EraseBytes-
#58300	REDUCE cov: 837 ft: 2932 corp: 540/433Kb lim: 4096 exec/s: 5830 rss: 267Mb L: 7/4096 MS: 1 EraseBytes-
#58411	REDUCE cov: 837 ft: 2932 corp: 540/433Kb lim: 4096 exec/s: 5841 rss: 267Mb L: 312/4096 MS: 1 EraseBytes-
#58447	NEW    cov: 837 ft: 2933 corp: 541/436Kb lim: 4096 exec/s: 5844 rss: 267Mb L: 3520/4096 MS: 1 ChangeBinInt-
#58516	REDUCE cov: 837 ft: 2933 corp: 541/436Kb lim: 4096 exec/s: 5851 rss: 267Mb L: 120/4096 MS: 4 PersAutoDict-CopyPart-CMP-EraseBytes- DE: "\377\377\377\374"-"\372\377\377\377"-
#58517	REDUCE cov: 837 ft: 2933 corp: 541/436Kb lim: 4096 exec/s: 5851 rss: 267Mb L: 511/4096 MS: 1 EraseBytes-
#58706	REDUCE cov: 837 ft: 2933 corp: 541/436Kb lim: 4096 exec/s: 5870 rss: 267Mb L: 72/4096 MS: 4 ChangeBinInt-ChangeByte-CrossOver-EraseBytes-
#58717	REDUCE cov: 837 ft: 2933 corp: 541/436Kb lim: 4096 exec/s: 5871 rss: 267Mb L: 98/4096 MS: 1 EraseBytes-
#58718	REDUCE cov: 837 ft: 2933 corp: 541/436Kb lim: 4096 exec/s: 5871 rss: 267Mb L: 69/4096 MS: 1 EraseBytes-
#58824	REDUCE cov: 837 ft: 2933 corp: 541/436Kb lim: 4096 exec/s: 5882 rss: 267Mb L: 4/4096 MS: 1 EraseBytes-
#58846	NEW    cov: 837 ft: 2935 corp: 542/436Kb lim: 4096 exec/s: 5884 rss: 267Mb L: 82/4096 MS: 2 PersAutoDict-ManualDict- DE: "\000\000\002\000"-"Regular"-
#58937	NEW    cov: 837 ft: 2936 corp: 543/436Kb lim: 4096 exec/s: 5893 rss: 267Mb L: 119/4096 MS: 1 CopyPart-
#59034	REDUCE cov: 837 ft: 2936 corp: 543/436Kb lim: 4096 exec/s: 5903 rss: 267Mb L: 48/4096 MS: 2 ChangeBit-EraseBytes-
#59065	REDUCE cov: 837 ft: 2936 corp: 543/436Kb lim: 4096 exec/s: 5906 rss: 267Mb L: 9/4096 MS: 1 EraseBytes-
#59281	REDUCE cov: 837 ft: 2936 corp: 543/436Kb lim: 4096 exec/s: 5928 rss: 267Mb L: 8/4096 MS: 1 EraseBytes-
#59466	REDUCE cov: 837 ft: 2936 corp: 543/436Kb lim: 4096 exec/s: 5946 rss: 267Mb L: 451/4096 MS: 5 ManualDict-ChangeBit-ChangeBinInt-CrossOver-EraseBytes- DE: "INVALID"-
#59492	NEW    cov: 837 ft: 2938 corp: 544/436Kb lim: 4096 exec/s: 5949 rss: 267Mb L: 35/4096 MS: 1 InsertRepeatedBytes-
#59593	REDUCE cov: 837 ft: 2938 corp: 544/436Kb lim: 4096 exec/s: 5959 rss: 267Mb L: 52/4096 MS: 1 EraseBytes-
#59663	REDUCE cov: 837 ft: 2938 corp: 544/436Kb lim: 4096 exec/s: 5966 rss: 267Mb L: 143/4096 MS: 5 CopyPart-ChangeByte-PersAutoDict-ShuffleBytes-EraseBytes- DE: "\377\377\377\207"-
#59792	REDUCE cov: 837 ft: 2938 corp: 544/436Kb lim: 4096 exec/s: 5979 rss: 267Mb L: 894/4096 MS: 4 ManualDict-ChangeByte-ShuffleBytes-EraseBytes- DE: "needs more input"-
#59888	REDUCE cov: 837 ft: 2938 corp: 544/436Kb lim: 4096 exec/s: 5988 rss: 267Mb L: 82/4096 MS: 1 EraseBytes-
#60128	NEW    cov: 837 ft: 2940 corp: 545/436Kb lim: 4096 exec/s: 6012 rss: 267Mb L: 428/4096 MS: 5 ChangeBit-CrossOver-PersAutoDict-ChangeBinInt-InsertRepeatedBytes- DE: "Large Window Brotli"-
#60240	REDUCE cov: 837 ft: 2940 corp: 545/436Kb lim: 4096 exec/s: 6024 rss: 267Mb L: 2/4096 MS: 2 CopyPart-EraseBytes-
#60405	REDUCE cov: 837 ft: 2940 corp: 545/436Kb lim: 4096 exec/s: 6040 rss: 267Mb L: 76/4096 MS: 5 ManualDict-InsertByte-ChangeASCIIInt-ChangeBinInt-EraseBytes- DE: "that \\1\\'\\6 with \\6 from \\4 by \\1(\\6. T"-
#60462	NEW    cov: 837 ft: 2941 corp: 546/440Kb lim: 4096 exec/s: 6046 rss: 267Mb L: 3266/4096 MS: 2 ShuffleBytes-EraseBytes-
#60653	REDUCE cov: 837 ft: 2941 corp: 546/440Kb lim: 4096 exec/s: 6065 rss: 267Mb L: 24/4096 MS: 1 EraseBytes-
#60774	REDUCE cov: 837 ft: 2941 corp: 546/440Kb lim: 4096 exec/s: 6077 rss: 267Mb L: 283/4096 MS: 1 EraseBytes-
#60790	REDUCE cov: 837 ft: 2941 corp: 546/440Kb lim: 4096 exec/s: 6079 rss: 267Mb L: 13/4096 MS: 1 EraseBytes-
#60852	REDUCE cov: 837 ft: 2941 corp: 546/439Kb lim: 4096 exec/s: 6085 rss: 267Mb L: 171/4096 MS: 2 ChangeByte-EraseBytes-
#60878	NEW    cov: 837 ft: 2944 corp: 547/439Kb lim: 4096 exec/s: 6087 rss: 267Mb L: 12/4096 MS: 1 ManualDict- DE: "INVALID"-
#60885	REDUCE cov: 837 ft: 2944 corp: 547/439Kb lim: 4096 exec/s: 6088 rss: 267Mb L: 38/4096 MS: 2 InsertRepeatedBytes-EraseBytes-
#60926	REDUCE cov: 837 ft: 2944 corp: 547/439Kb lim: 4096 exec/s: 6092 rss: 267Mb L: 2608/4096 MS: 1 EraseBytes-
#60952	REDUCE cov: 837 ft: 2944 corp: 547/439Kb lim: 4096 exec/s: 6095 rss: 267Mb L: 136/4096 MS: 1 EraseBytes-
#60984	REDUCE cov: 837 ft: 2944 corp: 547/439Kb lim: 4096 exec/s: 6098 rss: 267Mb L: 1152/4096 MS: 2 ChangeBit-EraseBytes-
#61000	REDUCE cov: 837 ft: 2944 corp: 547/439Kb lim: 4096 exec/s: 6100 rss: 267Mb L: 939/4096 MS: 1 EraseBytes-
#61136	REDUCE cov: 837 ft: 2944 corp: 547/439Kb lim: 4096 exec/s: 6113 rss: 267Mb L: 182/4096 MS: 1 EraseBytes-
#61182	REDUCE cov: 837 ft: 2944 corp: 547/438Kb lim: 4096 exec/s: 6118 rss: 267Mb L: 523/4096 MS: 1 EraseBytes-
#61547	REDUCE cov: 837 ft: 2944 corp: 547/438Kb lim: 4096 exec/s: 6154 rss: 267Mb L: 41/4096 MS: 5 ShuffleBytes-ManualDict-CrossOver-CMP-EraseBytes- DE: "needs more output"-"\022\000\000\000\000\000\000\000"-
#61570	REDUCE cov: 837 ft: 2944 corp: 547/438Kb lim: 4096 exec/s: 6157 rss: 267Mb L: 1960/4096 MS: 3 InsertByte-ChangeBinInt-EraseBytes-
#61646	REDUCE cov: 837 ft: 2944 corp: 547/438Kb lim: 4096 exec/s: 6164 rss: 267Mb L: 28/4096 MS: 1 EraseBytes-
#61702	REDUCE cov: 837 ft: 2944 corp: 547/438Kb lim: 4096 exec/s: 6170 rss: 267Mb L: 344/4096 MS: 1 EraseBytes-
#61751	REDUCE cov: 837 ft: 2959 corp: 548/439Kb lim: 4096 exec/s: 6175 rss: 267Mb L: 1568/4096 MS: 4 ChangeASCIIInt-ChangeBinInt-InsertRepeatedBytes-InsertRepeatedBytes-
#61848	REDUCE cov: 837 ft: 2959 corp: 548/439Kb lim: 4096 exec/s: 6184 rss: 267Mb L: 36/4096 MS: 2 PersAutoDict-EraseBytes- DE: "\377\377\010\364"-
#62060	REDUCE cov: 837 ft: 2959 corp: 548/439Kb lim: 4096 exec/s: 6206 rss: 267Mb L: 201/4096 MS: 2 CrossOver-EraseBytes-
#62061	REDUCE cov: 837 ft: 2959 corp: 548/439Kb lim: 4096 exec/s: 6206 rss: 267Mb L: 186/4096 MS: 1 EraseBytes-
#62223	REDUCE cov: 837 ft: 2959 corp: 548/439Kb lim: 4096 exec/s: 6222 rss: 267Mb L: 2052/4096 MS: 2 PersAutoDict-EraseBytes- DE: "\377\377\377\377\377\377\377\367"-
#62456	REDUCE cov: 837 ft: 2959 corp: 548/439Kb lim: 4096 exec/s: 6245 rss: 267Mb L: 281/4096 MS: 3 ChangeBinInt-InsertRepeatedBytes-EraseBytes-
#62494	REDUCE cov: 837 ft: 2959 corp: 548/439Kb lim: 4096 exec/s: 6249 rss: 267Mb L: 31/4096 MS: 3 InsertByte-CrossOver-EraseBytes-
#62585	REDUCE cov: 837 ft: 2959 corp: 548/439Kb lim: 4096 exec/s: 6258 rss: 267Mb L: 84/4096 MS: 1 EraseBytes-
#62689	REDUCE cov: 837 ft: 2959 corp: 548/439Kb lim: 4096 exec/s: 6268 rss: 267Mb L: 383/4096 MS: 4 ChangeBinInt-CopyPart-CMP-EraseBytes- DE: "\001\000\000\000\000\000\000\034"-
#62735	REDUCE cov: 837 ft: 2959 corp: 548/439Kb lim: 4096 exec/s: 6273 rss: 267Mb L: 31/4096 MS: 1 EraseBytes-
#62836	REDUCE cov: 837 ft: 2959 corp: 548/438Kb lim: 4096 exec/s: 6283 rss: 267Mb L: 702/4096 MS: 1 EraseBytes-
#62905	REDUCE cov: 837 ft: 2959 corp: 548/438Kb lim: 4096 exec/s: 6290 rss: 267Mb L: 258/4096 MS: 4 ChangeByte-ChangeBit-InsertByte-EraseBytes-
#63062	REDUCE cov: 837 ft: 2959 corp: 548/438Kb lim: 4096 exec/s: 6306 rss: 267Mb L: 544/4096 MS: 2 ChangeBit-EraseBytes-
#63228	REDUCE cov: 837 ft: 2959 corp: 548/438Kb lim: 4096 exec/s: 6322 rss: 267Mb L: 29/4096 MS: 1 EraseBytes-
#63346	REDUCE cov: 837 ft: 2959 corp: 548/438Kb lim: 4096 exec/s: 6334 rss: 267Mb L: 15/4096 MS: 3 CopyPart-EraseBytes-EraseBytes-
#63572	REDUCE cov: 837 ft: 2959 corp: 548/438Kb lim: 4096 exec/s: 6357 rss: 267Mb L: 480/4096 MS: 1 EraseBytes-
#63669	NEW    cov: 837 ft: 2961 corp: 549/439Kb lim: 4096 exec/s: 6366 rss: 267Mb L: 1178/4096 MS: 2 CMP-CrossOver- DE: "5\000\000\000\000\000\000\000"-
#63800	REDUCE cov: 837 ft: 2961 corp: 549/439Kb lim: 4096 exec/s: 6380 rss: 267Mb L: 286/4096 MS: 1 EraseBytes-
#63844	NEW    cov: 837 ft: 2966 corp: 550/439Kb lim: 4096 exec/s: 6384 rss: 267Mb L: 34/4096 MS: 4 ManualDict-ChangeByte-ChangeByte-ChangeByte- DE: "Large Window Brotli"-
#63847	REDUCE cov: 837 ft: 2966 corp: 550/439Kb lim: 4096 exec/s: 6384 rss: 267Mb L: 438/4096 MS: 3 ChangeASCIIInt-InsertByte-EraseBytes-
#64033	REDUCE cov: 837 ft: 2966 corp: 550/439Kb lim: 4096 exec/s: 5821 rss: 267Mb L: 22/4096 MS: 1 EraseBytes-
#64171	REDUCE cov: 837 ft: 2966 corp: 550/439Kb lim: 4096 exec/s: 5833 rss: 267Mb L: 41/4096 MS: 3 ChangeASCIIInt-CopyPart-EraseBytes-
#64231	REDUCE cov: 837 ft: 2966 corp: 550/439Kb lim: 4096 exec/s: 5839 rss: 267Mb L: 278/4096 MS: 5 ChangeByte-InsertByte-CrossOver-InsertByte-EraseBytes-
#64259	REDUCE cov: 837 ft: 2966 corp: 550/439Kb lim: 4096 exec/s: 5841 rss: 267Mb L: 43/4096 MS: 3 CopyPart-EraseBytes-CopyPart-
#64345	REDUCE cov: 837 ft: 2966 corp: 550/439Kb lim: 4096 exec/s: 5849 rss: 267Mb L: 16/4096 MS: 1 EraseBytes-
#64446	REDUCE cov: 837 ft: 2966 corp: 550/439Kb lim: 4096 exec/s: 5858 rss: 267Mb L: 99/4096 MS: 1 EraseBytes-
#64577	REDUCE cov: 837 ft: 2966 corp: 550/439Kb lim: 4096 exec/s: 5870 rss: 267Mb L: 22/4096 MS: 1 EraseBytes-
#64698	REDUCE cov: 837 ft: 2966 corp: 550/439Kb lim: 4096 exec/s: 5881 rss: 267Mb L: 21/4096 MS: 1 EraseBytes-
#64705	REDUCE cov: 837 ft: 2966 corp: 550/439Kb lim: 4096 exec/s: 5882 rss: 267Mb L: 199/4096 MS: 2 PersAutoDict-EraseBytes- DE: "\335\002\000\000"-
#64726	REDUCE cov: 837 ft: 2966 corp: 550/439Kb lim: 4096 exec/s: 5884 rss: 267Mb L: 120/4096 MS: 1 EraseBytes-
#64735	REDUCE cov: 837 ft: 2966 corp: 550/439Kb lim: 4096 exec/s: 5885 rss: 267Mb L: 28/4096 MS: 4 ChangeByte-ChangeByte-CopyPart-EraseBytes-
#64946	NEW    cov: 837 ft: 2971 corp: 551/439Kb lim: 4096 exec/s: 5904 rss: 267Mb L: 10/4096 MS: 1 ChangeByte-
#65268	REDUCE cov: 837 ft: 2971 corp: 551/439Kb lim: 4096 exec/s: 5933 rss: 267Mb L: 45/4096 MS: 2 ShuffleBytes-EraseBytes-
#65295	REDUCE cov: 837 ft: 2971 corp: 551/439Kb lim: 4096 exec/s: 5935 rss: 267Mb L: 955/4096 MS: 2 CopyPart-EraseBytes-
#65362	REDUCE cov: 837 ft: 2971 corp: 551/438Kb lim: 4096 exec/s: 5942 rss: 267Mb L: 252/4096 MS: 2 InsertByte-EraseBytes-
#65438	REDUCE cov: 837 ft: 2971 corp: 551/438Kb lim: 4096 exec/s: 5948 rss: 267Mb L: 75/4096 MS: 1 EraseBytes-
#65499	REDUCE cov: 837 ft: 2971 corp: 551/438Kb lim: 4096 exec/s: 5954 rss: 267Mb L: 411/4096 MS: 1 EraseBytes-
#65536	pulse  cov: 837 ft: 2971 corp: 551/438Kb lim: 4096 exec/s: 5957 rss: 267Mb
#65564	REDUCE cov: 837 ft: 2971 corp: 551/438Kb lim: 4096 exec/s: 5960 rss: 267Mb L: 252/4096 MS: 5 CMP-ManualDict-CopyPart-CopyPart-EraseBytes- DE: "\000\000\000\000\000\000\000\030"-"Large Window Brotli"-
#65591	REDUCE cov: 837 ft: 2971 corp: 551/438Kb lim: 4096 exec/s: 5962 rss: 267Mb L: 252/4096 MS: 2 CMP-EraseBytes- DE: "\000\000"-
#65923	REDUCE cov: 837 ft: 2972 corp: 552/438Kb lim: 4096 exec/s: 5993 rss: 267Mb L: 121/4096 MS: 2 CopyPart-ManualDict- DE: "needs more input"-
#66033	REDUCE cov: 837 ft: 2972 corp: 552/438Kb lim: 4096 exec/s: 6003 rss: 267Mb L: 690/4096 MS: 5 ChangeBinInt-InsertByte-ShuffleBytes-ChangeBit-EraseBytes-
#66051	REDUCE cov: 837 ft: 2972 corp: 552/438Kb lim: 4096 exec/s: 6004 rss: 267Mb L: 80/4096 MS: 3 ChangeBinInt-ChangeBinInt-EraseBytes-
#66065	REDUCE cov: 837 ft: 2972 corp: 552/438Kb lim: 4096 exec/s: 6005 rss: 267Mb L: 1573/4096 MS: 4 ChangeBit-ShuffleBytes-CrossOver-EraseBytes-
#66123	REDUCE cov: 837 ft: 2972 corp: 552/437Kb lim: 4096 exec/s: 6011 rss: 267Mb L: 121/4096 MS: 1 EraseBytes-
#66145	REDUCE cov: 837 ft: 2972 corp: 552/437Kb lim: 4096 exec/s: 6013 rss: 267Mb L: 189/4096 MS: 2 ChangeByte-EraseBytes-
#66159	REDUCE cov: 837 ft: 2972 corp: 552/437Kb lim: 4096 exec/s: 6014 rss: 267Mb L: 86/4096 MS: 4 ChangeBinInt-InsertByte-CMP-EraseBytes- DE: "\376\377\377\377\377\377\377\343"-
#66315	REDUCE cov: 837 ft: 2972 corp: 552/437Kb lim: 4096 exec/s: 6028 rss: 267Mb L: 6/4096 MS: 1 EraseBytes-
#66418	REDUCE cov: 837 ft: 2972 corp: 552/437Kb lim: 4096 exec/s: 6038 rss: 267Mb L: 130/4096 MS: 3 ManualDict-ChangeBit-EraseBytes- DE: "[]"-
#66474	REDUCE cov: 837 ft: 2972 corp: 552/437Kb lim: 4096 exec/s: 6043 rss: 267Mb L: 11/4096 MS: 1 EraseBytes-
#66701	REDUCE cov: 837 ft: 2972 corp: 552/437Kb lim: 4096 exec/s: 6063 rss: 267Mb L: 261/4096 MS: 2 EraseBytes-EraseBytes-
#66704	REDUCE cov: 837 ft: 2972 corp: 552/437Kb lim: 4096 exec/s: 6064 rss: 267Mb L: 5/4096 MS: 3 ShuffleBytes-ChangeBit-EraseBytes-
#66725	REDUCE cov: 837 ft: 2972 corp: 552/437Kb lim: 4096 exec/s: 6065 rss: 267Mb L: 49/4096 MS: 1 EraseBytes-
#66848	REDUCE cov: 837 ft: 2972 corp: 552/437Kb lim: 4096 exec/s: 6077 rss: 267Mb L: 23/4096 MS: 3 InsertByte-ChangeBinInt-EraseBytes-
#66864	REDUCE cov: 837 ft: 2972 corp: 552/437Kb lim: 4096 exec/s: 6078 rss: 267Mb L: 29/4096 MS: 1 EraseBytes-
#66980	REDUCE cov: 837 ft: 2975 corp: 553/437Kb lim: 4096 exec/s: 6089 rss: 267Mb L: 13/4096 MS: 1 EraseBytes-
#66998	REDUCE cov: 837 ft: 2975 corp: 553/437Kb lim: 4096 exec/s: 6090 rss: 267Mb L: 74/4096 MS: 3 PersAutoDict-PersAutoDict-EraseBytes- DE: "\005\000\000\000\000\000\000\000"-"\377\003\000\000"-
#67082	NEW    cov: 837 ft: 2984 corp: 554/441Kb lim: 4096 exec/s: 6098 rss: 267Mb L: 3915/4096 MS: 4 ChangeByte-CopyPart-ChangeASCIIInt-ChangeByte-
#67225	REDUCE cov: 837 ft: 2984 corp: 554/441Kb lim: 4096 exec/s: 6111 rss: 267Mb L: 593/4096 MS: 3 ChangeByte-ManualDict-EraseBytes- DE: " not \\3er \\3al \\4ful \\4ive \\5less \\4es"-
#67436	REDUCE cov: 837 ft: 2984 corp: 554/441Kb lim: 4096 exec/s: 6130 rss: 267Mb L: 207/4096 MS: 1 EraseBytes-
#67608	REDUCE cov: 837 ft: 2984 corp: 554/441Kb lim: 4096 exec/s: 6146 rss: 267Mb L: 47/4096 MS: 2 CopyPart-EraseBytes-
#67843	REDUCE cov: 837 ft: 2984 corp: 554/440Kb lim: 4096 exec/s: 6167 rss: 267Mb L: 297/4096 MS: 5 ShuffleBytes-ManualDict-CopyPart-ChangeBinInt-EraseBytes- DE: "needs more output"-
#67849	REDUCE cov: 837 ft: 2984 corp: 554/440Kb lim: 4096 exec/s: 6168 rss: 267Mb L: 290/4096 MS: 1 EraseBytes-
#67975	REDUCE cov: 837 ft: 2984 corp: 554/440Kb lim: 4096 exec/s: 6179 rss: 267Mb L: 698/4096 MS: 1 EraseBytes-
#68092	REDUCE cov: 837 ft: 2984 corp: 554/440Kb lim: 4096 exec/s: 6190 rss: 267Mb L: 3697/4096 MS: 2 EraseBytes-InsertRepeatedBytes-
#68120	REDUCE cov: 837 ft: 2986 corp: 555/440Kb lim: 4096 exec/s: 6192 rss: 267Mb L: 253/4096 MS: 3 ManualDict-PersAutoDict-InsertRepeatedBytes- DE: "[ProcessCommandsInternal] dictionary word: [%.*s],"-"\004\000"-
#68224	REDUCE cov: 837 ft: 2987 corp: 556/442Kb lim: 4096 exec/s: 6202 rss: 267Mb L: 1786/4096 MS: 4 PersAutoDict-ManualDict-PersAutoDict-ChangeBinInt- DE: "\003\253"-"needs more output"-"\000\250"-
#68298	REDUCE cov: 837 ft: 2987 corp: 556/442Kb lim: 4096 exec/s: 6208 rss: 267Mb L: 1702/4096 MS: 4 ChangeByte-CrossOver-PersAutoDict-EraseBytes- DE: "\000\010"-
#68406	REDUCE cov: 837 ft: 2987 corp: 556/442Kb lim: 4096 exec/s: 6218 rss: 267Mb L: 42/4096 MS: 3 PersAutoDict-ChangeByte-EraseBytes- DE: "\000\004\000\000"-
#68482	REDUCE cov: 837 ft: 2988 corp: 557/442Kb lim: 4096 exec/s: 6225 rss: 267Mb L: 28/4096 MS: 1 ShuffleBytes-
#68492	NEW    cov: 837 ft: 2989 corp: 558/442Kb lim: 4096 exec/s: 6226 rss: 267Mb L: 450/4096 MS: 5 ShuffleBytes-ShuffleBytes-ChangeBit-ChangeASCIIInt-EraseBytes-
#68518	REDUCE cov: 837 ft: 2989 corp: 558/442Kb lim: 4096 exec/s: 6228 rss: 267Mb L: 651/4096 MS: 1 EraseBytes-
#68519	REDUCE cov: 837 ft: 2989 corp: 558/442Kb lim: 4096 exec/s: 6229 rss: 267Mb L: 429/4096 MS: 1 EraseBytes-
#68520	REDUCE cov: 837 ft: 2989 corp: 558/442Kb lim: 4096 exec/s: 6229 rss: 267Mb L: 143/4096 MS: 1 EraseBytes-
#68865	REDUCE cov: 837 ft: 2989 corp: 558/442Kb lim: 4096 exec/s: 6260 rss: 267Mb L: 354/4096 MS: 5 ManualDict-InsertByte-InsertRepeatedBytes-ManualDict-EraseBytes- DE: "INVALID"-"Large Window Brotli"-
#68911	REDUCE cov: 837 ft: 2990 corp: 559/442Kb lim: 4096 exec/s: 6264 rss: 267Mb L: 31/4096 MS: 1 CMP- DE: "\340\377\377\377\377\377\377\377"-
#68937	REDUCE cov: 837 ft: 2990 corp: 559/442Kb lim: 4096 exec/s: 6267 rss: 267Mb L: 72/4096 MS: 1 EraseBytes-
#68998	NEW    cov: 837 ft: 2992 corp: 560/443Kb lim: 4096 exec/s: 6272 rss: 267Mb L: 979/4096 MS: 1 CrossOver-
#69304	REDUCE cov: 837 ft: 2992 corp: 560/443Kb lim: 4096 exec/s: 6300 rss: 267Mb L: 579/4096 MS: 1 EraseBytes-
#69561	NEW    cov: 837 ft: 2993 corp: 561/443Kb lim: 4096 exec/s: 6323 rss: 267Mb L: 118/4096 MS: 2 EraseBytes-InsertByte-
#69583	REDUCE cov: 837 ft: 2993 corp: 561/443Kb lim: 4096 exec/s: 6325 rss: 267Mb L: 65/4096 MS: 2 InsertByte-EraseBytes-
#69645	REDUCE cov: 837 ft: 2996 corp: 562/443Kb lim: 4096 exec/s: 6331 rss: 267Mb L: 18/4096 MS: 2 ChangeBinInt-EraseBytes-
#69667	REDUCE cov: 837 ft: 2996 corp: 562/443Kb lim: 4096 exec/s: 6333 rss: 267Mb L: 56/4096 MS: 2 ShuffleBytes-EraseBytes-
#69749	REDUCE cov: 837 ft: 2998 corp: 563/443Kb lim: 4096 exec/s: 6340 rss: 267Mb L: 102/4096 MS: 2 ShuffleBytes-InsertRepeatedBytes-
#69769	REDUCE cov: 837 ft: 2998 corp: 563/443Kb lim: 4096 exec/s: 6342 rss: 267Mb L: 16/4096 MS: 5 ShuffleBytes-ShuffleBytes-ChangeBit-ChangeByte-EraseBytes-
#69810	REDUCE cov: 837 ft: 2998 corp: 563/443Kb lim: 4096 exec/s: 6346 rss: 267Mb L: 113/4096 MS: 1 EraseBytes-
#69967	REDUCE cov: 837 ft: 2998 corp: 563/443Kb lim: 4096 exec/s: 6360 rss: 267Mb L: 50/4096 MS: 2 ChangeBit-EraseBytes-
#70018	REDUCE cov: 837 ft: 2998 corp: 563/443Kb lim: 4096 exec/s: 6365 rss: 267Mb L: 20/4096 MS: 1 EraseBytes-
#70125	REDUCE cov: 837 ft: 2998 corp: 563/441Kb lim: 4096 exec/s: 6375 rss: 267Mb L: 2368/4096 MS: 2 EraseBytes-InsertRepeatedBytes-
#70353	REDUCE cov: 837 ft: 2998 corp: 563/441Kb lim: 4096 exec/s: 5862 rss: 267Mb L: 91/4096 MS: 3 InsertByte-ChangeByte-EraseBytes-
#70505	NEW    cov: 845 ft: 3006 corp: 564/442Kb lim: 4096 exec/s: 5875 rss: 267Mb L: 979/4096 MS: 2 ChangeByte-ShuffleBytes-
#70611	REDUCE cov: 845 ft: 3006 corp: 564/442Kb lim: 4096 exec/s: 5884 rss: 267Mb L: 2279/4096 MS: 1 EraseBytes-
#70912	REDUCE cov: 845 ft: 3006 corp: 564/442Kb lim: 4096 exec/s: 5909 rss: 267Mb L: 524/4096 MS: 1 EraseBytes-
#70950	REDUCE cov: 845 ft: 3006 corp: 564/442Kb lim: 4096 exec/s: 5912 rss: 267Mb L: 45/4096 MS: 3 InsertByte-InsertByte-EraseBytes-
#70956	NEW    cov: 845 ft: 3007 corp: 565/442Kb lim: 4096 exec/s: 5913 rss: 267Mb L: 44/4096 MS: 1 CrossOver-
#71126	REDUCE cov: 845 ft: 3007 corp: 565/441Kb lim: 4096 exec/s: 5927 rss: 267Mb L: 662/4096 MS: 5 InsertRepeatedBytes-InsertRepeatedBytes-ChangeASCIIInt-InsertRepeatedBytes-EraseBytes-
#71188	REDUCE cov: 845 ft: 3007 corp: 565/441Kb lim: 4096 exec/s: 5932 rss: 267Mb L: 230/4096 MS: 2 InsertByte-EraseBytes-
#71214	REDUCE cov: 845 ft: 3007 corp: 565/441Kb lim: 4096 exec/s: 5934 rss: 267Mb L: 177/4096 MS: 1 EraseBytes-
#71305	REDUCE cov: 845 ft: 3007 corp: 565/441Kb lim: 4096 exec/s: 5942 rss: 267Mb L: 181/4096 MS: 1 EraseBytes-
#71331	REDUCE cov: 845 ft: 3007 corp: 565/441Kb lim: 4096 exec/s: 5944 rss: 267Mb L: 15/4096 MS: 1 EraseBytes-
#71422	REDUCE cov: 845 ft: 3007 corp: 565/441Kb lim: 4096 exec/s: 5951 rss: 267Mb L: 59/4096 MS: 1 EraseBytes-
#71423	REDUCE cov: 845 ft: 3007 corp: 565/441Kb lim: 4096 exec/s: 5951 rss: 267Mb L: 71/4096 MS: 1 EraseBytes-
#71529	REDUCE cov: 845 ft: 3007 corp: 565/441Kb lim: 4096 exec/s: 5960 rss: 267Mb L: 57/4096 MS: 1 EraseBytes-
#71687	REDUCE cov: 845 ft: 3007 corp: 565/441Kb lim: 4096 exec/s: 5973 rss: 267Mb L: 7/4096 MS: 3 ManualDict-ChangeBinInt-EraseBytes- DE: "Regular"-
#71863	NEW    cov: 845 ft: 3009 corp: 566/441Kb lim: 4096 exec/s: 5988 rss: 267Mb L: 14/4096 MS: 1 ManualDict- DE: "[]"-
#71896	REDUCE cov: 845 ft: 3009 corp: 566/441Kb lim: 4096 exec/s: 5991 rss: 267Mb L: 175/4096 MS: 3 InsertByte-PersAutoDict-EraseBytes- DE: "\377\003"-
#71927	REDUCE cov: 845 ft: 3009 corp: 566/441Kb lim: 4096 exec/s: 5993 rss: 267Mb L: 67/4096 MS: 1 EraseBytes-
#71948	REDUCE cov: 845 ft: 3009 corp: 566/441Kb lim: 4096 exec/s: 5995 rss: 267Mb L: 5/4096 MS: 1 EraseBytes-
#72144	NEW    cov: 845 ft: 3018 corp: 567/441Kb lim: 4096 exec/s: 6012 rss: 267Mb L: 65/4096 MS: 1 CopyPart-
#72296	REDUCE cov: 845 ft: 3018 corp: 567/441Kb lim: 4096 exec/s: 6024 rss: 267Mb L: 72/4096 MS: 2 ChangeBit-EraseBytes-
#72330	REDUCE cov: 845 ft: 3018 corp: 567/441Kb lim: 4096 exec/s: 6027 rss: 267Mb L: 77/4096 MS: 4 ChangeASCIIInt-ChangeASCIIInt-ManualDict-EraseBytes- DE: "[]"-
#72344	NEW    cov: 845 ft: 3020 corp: 568/441Kb lim: 4096 exec/s: 6028 rss: 267Mb L: 93/4096 MS: 4 ChangeBinInt-ChangeBinInt-ChangeBit-InsertRepeatedBytes-
#72495	REDUCE cov: 845 ft: 3020 corp: 568/441Kb lim: 4096 exec/s: 6041 rss: 267Mb L: 527/4096 MS: 1 EraseBytes-
#72587	REDUCE cov: 845 ft: 3020 corp: 568/441Kb lim: 4096 exec/s: 6048 rss: 267Mb L: 492/4096 MS: 2 ManualDict-EraseBytes- DE: "needs more input"-
#72712	REDUCE cov: 845 ft: 3020 corp: 568/441Kb lim: 4096 exec/s: 6059 rss: 267Mb L: 130/4096 MS: 5 ShuffleBytes-ShuffleBytes-CopyPart-InsertByte-EraseBytes-
#72732	REDUCE cov: 845 ft: 3020 corp: 568/441Kb lim: 4096 exec/s: 6061 rss: 267Mb L: 252/4096 MS: 5 ShuffleBytes-ChangeByte-InsertRepeatedBytes-ShuffleBytes-EraseBytes-
#72733	REDUCE cov: 845 ft: 3020 corp: 568/441Kb lim: 4096 exec/s: 6061 rss: 267Mb L: 148/4096 MS: 1 EraseBytes-
#72817	REDUCE cov: 845 ft: 3020 corp: 568/441Kb lim: 4096 exec/s: 6068 rss: 267Mb L: 42/4096 MS: 4 ShuffleBytes-CrossOver-PersAutoDict-EraseBytes- DE: "\000\004"-
#73026	REDUCE cov: 845 ft: 3020 corp: 568/441Kb lim: 4096 exec/s: 6085 rss: 267Mb L: 179/4096 MS: 4 CopyPart-CrossOver-ChangeBinInt-EraseBytes-
#73128	REDUCE cov: 845 ft: 3020 corp: 568/441Kb lim: 4096 exec/s: 6094 rss: 267Mb L: 241/4096 MS: 2 ChangeBinInt-EraseBytes-
#73305	REDUCE cov: 845 ft: 3020 corp: 568/441Kb lim: 4096 exec/s: 6108 rss: 267Mb L: 38/4096 MS: 2 ChangeBinInt-EraseBytes-
#73405	NEW    cov: 845 ft: 3022 corp: 569/441Kb lim: 4096 exec/s: 6117 rss: 267Mb L: 15/4096 MS: 5 CMP-EraseBytes-CopyPart-CopyPart-InsertRepeatedBytes- DE: "\000\000\000\000\000\000\000\004"-
#73435	REDUCE cov: 845 ft: 3022 corp: 569/440Kb lim: 4096 exec/s: 6119 rss: 267Mb L: 1070/4096 MS: 5 ChangeASCIIInt-CMP-ChangeBit-ChangeBit-EraseBytes- DE: "\010\000\000\000"-
#73458	NEW    cov: 845 ft: 3024 corp: 570/440Kb lim: 4096 exec/s: 6121 rss: 267Mb L: 66/4096 MS: 3 EraseBytes-CrossOver-CopyPart-
#73485	REDUCE cov: 845 ft: 3024 corp: 570/440Kb lim: 4096 exec/s: 6123 rss: 267Mb L: 30/4096 MS: 2 ChangeByte-EraseBytes-
#73540	REDUCE cov: 845 ft: 3024 corp: 570/440Kb lim: 4096 exec/s: 6128 rss: 267Mb L: 434/4096 MS: 5 CopyPart-ChangeBit-ChangeASCIIInt-ShuffleBytes-EraseBytes-
#73556	REDUCE cov: 845 ft: 3024 corp: 570/440Kb lim: 4096 exec/s: 6129 rss: 267Mb L: 187/4096 MS: 1 EraseBytes-
#73802	REDUCE cov: 845 ft: 3024 corp: 570/440Kb lim: 4096 exec/s: 6150 rss: 267Mb L: 25/4096 MS: 1 EraseBytes-
#73845	REDUCE cov: 845 ft: 3024 corp: 570/440Kb lim: 4096 exec/s: 6153 rss: 267Mb L: 4/4096 MS: 3 InsertByte-InsertByte-EraseBytes-
#73999	NEW    cov: 845 ft: 3025 corp: 571/440Kb lim: 4096 exec/s: 6166 rss: 267Mb L: 163/4096 MS: 4 InsertByte-ChangeASCIIInt-CopyPart-InsertRepeatedBytes-
#74007	REDUCE cov: 845 ft: 3025 corp: 571/440Kb lim: 4096 exec/s: 6167 rss: 267Mb L: 465/4096 MS: 3 ChangeByte-CMP-EraseBytes- DE: "\000\001\000\000\000\000\000\000"-
#74099	REDUCE cov: 845 ft: 3025 corp: 571/440Kb lim: 4096 exec/s: 6174 rss: 267Mb L: 35/4096 MS: 2 ChangeBit-EraseBytes-
#74245	NEW    cov: 845 ft: 3028 corp: 572/440Kb lim: 4096 exec/s: 6187 rss: 267Mb L: 12/4096 MS: 1 CrossOver-
#74251	REDUCE cov: 845 ft: 3028 corp: 572/440Kb lim: 4096 exec/s: 6187 rss: 267Mb L: 197/4096 MS: 1 EraseBytes-
#74282	REDUCE cov: 845 ft: 3028 corp: 572/439Kb lim: 4096 exec/s: 6190 rss: 267Mb L: 2021/4096 MS: 1 EraseBytes-
#74443	REDUCE cov: 845 ft: 3028 corp: 572/439Kb lim: 4096 exec/s: 6203 rss: 267Mb L: 210/4096 MS: 1 EraseBytes-
#74530	REDUCE cov: 845 ft: 3028 corp: 572/439Kb lim: 4096 exec/s: 6210 rss: 267Mb L: 39/4096 MS: 2 CMP-EraseBytes- DE: "\000\000\006\036"-
#74547	REDUCE cov: 845 ft: 3028 corp: 572/439Kb lim: 4096 exec/s: 6212 rss: 267Mb L: 41/4096 MS: 2 ManualDict-EraseBytes- DE: "INVALID"-
#74859	REDUCE cov: 845 ft: 3028 corp: 572/439Kb lim: 4096 exec/s: 6238 rss: 267Mb L: 24/4096 MS: 2 ChangeASCIIInt-EraseBytes-
#74868	REDUCE cov: 845 ft: 3028 corp: 572/438Kb lim: 4096 exec/s: 6239 rss: 267Mb L: 1681/4096 MS: 4 PersAutoDict-ShuffleBytes-ChangeBinInt-EraseBytes- DE: "\004\000\000\000\000\000\000\000"-
#74878	REDUCE cov: 845 ft: 3028 corp: 572/438Kb lim: 4096 exec/s: 6239 rss: 267Mb L: 1609/4096 MS: 5 ChangeBinInt-CopyPart-InsertByte-CMP-EraseBytes- DE: "\001\000\024\""-
#75060	REDUCE cov: 845 ft: 3028 corp: 572/438Kb lim: 4096 exec/s: 6255 rss: 267Mb L: 11/4096 MS: 2 CopyPart-EraseBytes-
#75227	REDUCE cov: 845 ft: 3028 corp: 572/438Kb lim: 4096 exec/s: 6268 rss: 267Mb L: 82/4096 MS: 2 InsertByte-EraseBytes-
#75228	REDUCE cov: 845 ft: 3028 corp: 572/438Kb lim: 4096 exec/s: 6269 rss: 267Mb L: 1217/4096 MS: 1 EraseBytes-
#75305	REDUCE cov: 845 ft: 3028 corp: 572/438Kb lim: 4096 exec/s: 6275 rss: 267Mb L: 37/4096 MS: 2 ChangeASCIIInt-EraseBytes-
#75441	REDUCE cov: 845 ft: 3028 corp: 572/438Kb lim: 4096 exec/s: 6286 rss: 267Mb L: 63/4096 MS: 1 EraseBytes-
#75453	REDUCE cov: 845 ft: 3028 corp: 572/438Kb lim: 4096 exec/s: 6287 rss: 267Mb L: 145/4096 MS: 2 CrossOver-EraseBytes-
#75505	REDUCE cov: 845 ft: 3028 corp: 572/438Kb lim: 4096 exec/s: 6292 rss: 267Mb L: 45/4096 MS: 2 CopyPart-EraseBytes-
#75616	REDUCE cov: 845 ft: 3028 corp: 572/438Kb lim: 4096 exec/s: 6301 rss: 267Mb L: 275/4096 MS: 1 EraseBytes-
#75757	REDUCE cov: 845 ft: 3028 corp: 572/438Kb lim: 4096 exec/s: 6313 rss: 267Mb L: 228/4096 MS: 1 EraseBytes-
#76054	REDUCE cov: 845 ft: 3028 corp: 572/438Kb lim: 4096 exec/s: 5850 rss: 267Mb L: 81/4096 MS: 2 CopyPart-EraseBytes-
#76065	REDUCE cov: 845 ft: 3028 corp: 572/438Kb lim: 4096 exec/s: 5851 rss: 267Mb L: 15/4096 MS: 1 EraseBytes-
#76200	REDUCE cov: 845 ft: 3028 corp: 572/438Kb lim: 4096 exec/s: 5861 rss: 267Mb L: 126/4096 MS: 5 ChangeASCIIInt-InsertRepeatedBytes-ChangeASCIIInt-ChangeByte-EraseBytes-
#76237	NEW    cov: 845 ft: 3029 corp: 573/441Kb lim: 4096 exec/s: 5864 rss: 267Mb L: 2804/4096 MS: 2 PersAutoDict-PersAutoDict- DE: "\001\000\000\000\000\000B5"-"\000\010"-
#76308	NEW    cov: 845 ft: 3030 corp: 574/441Kb lim: 4096 exec/s: 5869 rss: 267Mb L: 19/4096 MS: 1 ChangeBit-
#76478	REDUCE cov: 845 ft: 3030 corp: 574/440Kb lim: 4096 exec/s: 5882 rss: 267Mb L: 93/4096 MS: 5 InsertByte-CopyPart-ChangeBinInt-ShuffleBytes-EraseBytes-
#76856	REDUCE cov: 845 ft: 3031 corp: 575/441Kb lim: 4096 exec/s: 5912 rss: 267Mb L: 59/4096 MS: 3 CopyPart-ShuffleBytes-ChangeByte-
#76913	REDUCE cov: 845 ft: 3031 corp: 575/441Kb lim: 4096 exec/s: 5916 rss: 267Mb L: 16/4096 MS: 2 ChangeByte-EraseBytes-
#76959	REDUCE cov: 845 ft: 3031 corp: 575/440Kb lim: 4096 exec/s: 5919 rss: 267Mb L: 848/4096 MS: 1 EraseBytes-
#77010	REDUCE cov: 845 ft: 3031 corp: 575/440Kb lim: 4096 exec/s: 5923 rss: 267Mb L: 7/4096 MS: 1 EraseBytes-
#77037	REDUCE cov: 845 ft: 3031 corp: 575/440Kb lim: 4096 exec/s: 5925 rss: 267Mb L: 33/4096 MS: 2 InsertByte-EraseBytes-
#77073	REDUCE cov: 845 ft: 3031 corp: 575/440Kb lim: 4096 exec/s: 5928 rss: 267Mb L: 675/4096 MS: 1 EraseBytes-
#77138	NEW    cov: 845 ft: 3032 corp: 576/444Kb lim: 4096 exec/s: 5933 rss: 267Mb L: 3695/4096 MS: 5 CopyPart-ChangeBit-ChangeASCIIInt-ChangeByte-CrossOver-
#77153	REDUCE cov: 845 ft: 3032 corp: 576/444Kb lim: 4096 exec/s: 5934 rss: 267Mb L: 52/4096 MS: 5 EraseBytes-InsertByte-CrossOver-CMP-ManualDict- DE: "\001\000\007|"-"INVALID"-
#77217	REDUCE cov: 845 ft: 3032 corp: 576/444Kb lim: 4096 exec/s: 5939 rss: 267Mb L: 71/4096 MS: 4 CopyPart-CMP-ChangeBit-EraseBytes- DE: "\000\003"-
#77324	NEW    cov: 845 ft: 3033 corp: 577/447Kb lim: 4096 exec/s: 5948 rss: 267Mb L: 3521/4096 MS: 2 ShuffleBytes-InsertByte-
#77391	REDUCE cov: 845 ft: 3033 corp: 577/447Kb lim: 4096 exec/s: 5953 rss: 267Mb L: 191/4096 MS: 2 InsertByte-EraseBytes-
#77437	REDUCE cov: 845 ft: 3033 corp: 577/447Kb lim: 4096 exec/s: 5956 rss: 267Mb L: 4/4096 MS: 1 EraseBytes-
#77534	REDUCE cov: 845 ft: 3034 corp: 578/447Kb lim: 4096 exec/s: 5964 rss: 267Mb L: 109/4096 MS: 2 ManualDict-InsertRepeatedBytes- DE: "Large Window Brotli"-
#77592	REDUCE cov: 845 ft: 3034 corp: 578/447Kb lim: 4096 exec/s: 5968 rss: 267Mb L: 25/4096 MS: 3 ShuffleBytes-EraseBytes-ChangeBit-
#77643	REDUCE cov: 845 ft: 3034 corp: 578/447Kb lim: 4096 exec/s: 5972 rss: 267Mb L: 56/4096 MS: 1 EraseBytes-
#77718	REDUCE cov: 845 ft: 3034 corp: 578/447Kb lim: 4096 exec/s: 5978 rss: 267Mb L: 9/4096 MS: 5 ChangeBinInt-ShuffleBytes-ChangeBinInt-ChangeBinInt-EraseBytes-
#77740	REDUCE cov: 845 ft: 3034 corp: 578/447Kb lim: 4096 exec/s: 5980 rss: 267Mb L: 95/4096 MS: 2 CMP-EraseBytes- DE: "\"\000\000\000\000\000\000\000"-
#77767	NEW    cov: 845 ft: 3036 corp: 579/447Kb lim: 4096 exec/s: 5982 rss: 267Mb L: 83/4096 MS: 2 InsertByte-ChangeBinInt-
#77784	REDUCE cov: 845 ft: 3036 corp: 579/447Kb lim: 4096 exec/s: 5983 rss: 267Mb L: 21/4096 MS: 2 ChangeBinInt-EraseBytes-
#77810	REDUCE cov: 845 ft: 3036 corp: 579/447Kb lim: 4096 exec/s: 5985 rss: 267Mb L: 609/4096 MS: 1 EraseBytes-
#77827	REDUCE cov: 845 ft: 3036 corp: 579/447Kb lim: 4096 exec/s: 5986 rss: 267Mb L: 65/4096 MS: 2 InsertByte-EraseBytes-
#78034	REDUCE cov: 845 ft: 3036 corp: 579/447Kb lim: 4096 exec/s: 6002 rss: 267Mb L: 68/4096 MS: 2 ChangeByte-EraseBytes-
#78201	REDUCE cov: 845 ft: 3037 corp: 580/447Kb lim: 4096 exec/s: 6015 rss: 267Mb L: 18/4096 MS: 2 ChangeBit-EraseBytes-
#78385	REDUCE cov: 845 ft: 3037 corp: 580/447Kb lim: 4096 exec/s: 6029 rss: 267Mb L: 53/4096 MS: 3 ChangeASCIIInt-CMP-EraseBytes- DE: "\000\000"-
#78546	REDUCE cov: 845 ft: 3037 corp: 580/447Kb lim: 4096 exec/s: 6042 rss: 267Mb L: 38/4096 MS: 1 EraseBytes-
#78982	NEW    cov: 845 ft: 3039 corp: 581/450Kb lim: 4096 exec/s: 6075 rss: 269Mb L: 3017/4096 MS: 1 InsertRepeatedBytes-
#79098	REDUCE cov: 845 ft: 3039 corp: 581/450Kb lim: 4096 exec/s: 6084 rss: 269Mb L: 18/4096 MS: 1 EraseBytes-
#79107	REDUCE cov: 845 ft: 3039 corp: 581/450Kb lim: 4096 exec/s: 6085 rss: 269Mb L: 2704/4096 MS: 4 ChangeASCIIInt-CrossOver-ChangeASCIIInt-EraseBytes-
#79314	REDUCE cov: 845 ft: 3039 corp: 581/449Kb lim: 4096 exec/s: 6101 rss: 269Mb L: 334/4096 MS: 2 InsertByte-EraseBytes-
#79340	REDUCE cov: 845 ft: 3039 corp: 581/449Kb lim: 4096 exec/s: 6103 rss: 269Mb L: 30/4096 MS: 1 EraseBytes-
#79413	REDUCE cov: 845 ft: 3039 corp: 581/449Kb lim: 4096 exec/s: 6108 rss: 270Mb L: 446/4096 MS: 3 InsertByte-EraseBytes-ManualDict- DE: "INVALID"-
#79446	REDUCE cov: 845 ft: 3039 corp: 581/449Kb lim: 4096 exec/s: 6111 rss: 270Mb L: 97/4096 MS: 3 EraseBytes-ShuffleBytes-CrossOver-
#79478	REDUCE cov: 845 ft: 3039 corp: 581/449Kb lim: 4096 exec/s: 6113 rss: 270Mb L: 38/4096 MS: 2 ChangeByte-EraseBytes-
#79742	REDUCE cov: 845 ft: 3039 corp: 581/449Kb lim: 4096 exec/s: 6134 rss: 271Mb L: 571/4096 MS: 4 ChangeByte-ManualDict-PersAutoDict-EraseBytes- DE: "INVALID"-"\340\377\377\377\377\377\377\377"-
#79794	REDUCE cov: 845 ft: 3039 corp: 581/449Kb lim: 4096 exec/s: 6138 rss: 271Mb L: 86/4096 MS: 2 PersAutoDict-EraseBytes- DE: "\000\000\000\000\000\000\037\342"-
#79822	REDUCE cov: 845 ft: 3040 corp: 582/449Kb lim: 4096 exec/s: 6140 rss: 271Mb L: 77/4096 MS: 3 ShuffleBytes-CrossOver-ChangeASCIIInt-
#79994	REDUCE cov: 845 ft: 3040 corp: 582/449Kb lim: 4096 exec/s: 6153 rss: 271Mb L: 69/4096 MS: 2 CMP-EraseBytes- DE: "\001\000"-
#80130	REDUCE cov: 845 ft: 3040 corp: 582/449Kb lim: 4096 exec/s: 6163 rss: 271Mb L: 69/4096 MS: 1 EraseBytes-
#80251	REDUCE cov: 845 ft: 3040 corp: 582/449Kb lim: 4096 exec/s: 6173 rss: 271Mb L: 13/4096 MS: 1 EraseBytes-
#80317	REDUCE cov: 845 ft: 3040 corp: 582/449Kb lim: 4096 exec/s: 6178 rss: 271Mb L: 63/4096 MS: 1 EraseBytes-
#80473	REDUCE cov: 845 ft: 3040 corp: 582/449Kb lim: 4096 exec/s: 6190 rss: 271Mb L: 19/4096 MS: 1 EraseBytes-
#80553	REDUCE cov: 845 ft: 3041 corp: 583/449Kb lim: 4096 exec/s: 6196 rss: 271Mb L: 86/4096 MS: 5 InsertRepeatedBytes-EraseBytes-PersAutoDict-ChangeBinInt-ChangeBinInt- DE: "\001\000"-
#81070	REDUCE cov: 845 ft: 3041 corp: 583/449Kb lim: 4096 exec/s: 6236 rss: 273Mb L: 215/4096 MS: 2 ShuffleBytes-EraseBytes-
#81238	REDUCE cov: 845 ft: 3041 corp: 583/449Kb lim: 4096 exec/s: 6249 rss: 273Mb L: 67/4096 MS: 3 InsertRepeatedBytes-ChangeByte-EraseBytes-
#81486	NEW    cov: 845 ft: 3042 corp: 584/449Kb lim: 4096 exec/s: 5820 rss: 273Mb L: 65/4096 MS: 3 CopyPart-PersAutoDict-ChangeByte- DE: "\001\000\007|"-
#81638	REDUCE cov: 845 ft: 3042 corp: 584/449Kb lim: 4096 exec/s: 5831 rss: 273Mb L: 45/4096 MS: 2 ShuffleBytes-EraseBytes-
#81704	REDUCE cov: 845 ft: 3042 corp: 584/449Kb lim: 4096 exec/s: 5836 rss: 273Mb L: 1430/4096 MS: 1 EraseBytes-
#81726	REDUCE cov: 845 ft: 3042 corp: 584/449Kb lim: 4096 exec/s: 5837 rss: 273Mb L: 1045/4096 MS: 2 PersAutoDict-EraseBytes- DE: "\001\000"-
#81762	REDUCE cov: 845 ft: 3042 corp: 584/449Kb lim: 4096 exec/s: 5840 rss: 273Mb L: 10/4096 MS: 1 EraseBytes-
#82068	REDUCE cov: 845 ft: 3042 corp: 584/449Kb lim: 4096 exec/s: 5862 rss: 273Mb L: 196/4096 MS: 1 EraseBytes-
#82139	REDUCE cov: 845 ft: 3042 corp: 584/449Kb lim: 4096 exec/s: 5867 rss: 273Mb L: 21/4096 MS: 1 EraseBytes-
#82150	REDUCE cov: 845 ft: 3042 corp: 584/449Kb lim: 4096 exec/s: 5867 rss: 273Mb L: 170/4096 MS: 1 EraseBytes-
#82186	REDUCE cov: 845 ft: 3042 corp: 584/449Kb lim: 4096 exec/s: 5870 rss: 273Mb L: 63/4096 MS: 1 EraseBytes-
#82223	REDUCE cov: 845 ft: 3042 corp: 584/449Kb lim: 4096 exec/s: 5873 rss: 273Mb L: 24/4096 MS: 2 CopyPart-EraseBytes-
#82449	REDUCE cov: 845 ft: 3042 corp: 584/449Kb lim: 4096 exec/s: 5889 rss: 273Mb L: 1359/4096 MS: 1 EraseBytes-
#82486	REDUCE cov: 845 ft: 3042 corp: 584/449Kb lim: 4096 exec/s: 5891 rss: 273Mb L: 55/4096 MS: 2 PersAutoDict-EraseBytes- DE: "\000\004"-
#82620	REDUCE cov: 845 ft: 3042 corp: 584/448Kb lim: 4096 exec/s: 5901 rss: 273Mb L: 850/4096 MS: 4 CopyPart-ChangeBit-InsertByte-EraseBytes-
#82660	REDUCE cov: 845 ft: 3042 corp: 584/447Kb lim: 4096 exec/s: 5904 rss: 273Mb L: 2739/4096 MS: 5 CMP-ChangeBit-ChangeByte-ShuffleBytes-EraseBytes- DE: "\001\032"-
#82690	REDUCE cov: 845 ft: 3042 corp: 584/447Kb lim: 4096 exec/s: 5906 rss: 273Mb L: 51/4096 MS: 5 ShuffleBytes-ShuffleBytes-CMP-EraseBytes-EraseBytes- DE: "\002\000\000\000\000\000\000\000"-
#82912	REDUCE cov: 845 ft: 3042 corp: 584/446Kb lim: 4096 exec/s: 5922 rss: 273Mb L: 723/4096 MS: 2 ChangeASCIIInt-EraseBytes-
#82924	REDUCE cov: 845 ft: 3042 corp: 584/446Kb lim: 4096 exec/s: 5923 rss: 273Mb L: 60/4096 MS: 2 InsertRepeatedBytes-EraseBytes-
#83019	REDUCE cov: 845 ft: 3042 corp: 584/446Kb lim: 4096 exec/s: 5929 rss: 273Mb L: 248/4096 MS: 5 ChangeBinInt-ChangeByte-CrossOver-CMP-EraseBytes- DE: "\033\000"-
#83056	REDUCE cov: 845 ft: 3042 corp: 584/446Kb lim: 4096 exec/s: 5932 rss: 273Mb L: 523/4096 MS: 2 ChangeBit-EraseBytes-
#83202	REDUCE cov: 845 ft: 3042 corp: 584/446Kb lim: 4096 exec/s: 5943 rss: 273Mb L: 42/4096 MS: 1 EraseBytes-
#83269	REDUCE cov: 845 ft: 3042 corp: 584/446Kb lim: 4096 exec/s: 5947 rss: 273Mb L: 18/4096 MS: 2 InsertByte-EraseBytes-
#83417	NEW    cov: 845 ft: 3044 corp: 585/450Kb lim: 4096 exec/s: 5958 rss: 273Mb L: 3700/4096 MS: 3 ChangeASCIIInt-InsertRepeatedBytes-InsertRepeatedBytes-
#83538	REDUCE cov: 845 ft: 3044 corp: 585/450Kb lim: 4096 exec/s: 5967 rss: 273Mb L: 207/4096 MS: 1 EraseBytes-
#83630	REDUCE cov: 845 ft: 3044 corp: 585/450Kb lim: 4096 exec/s: 5973 rss: 273Mb L: 123/4096 MS: 2 ManualDict-EraseBytes- DE: "INVALID"-
#83650	REDUCE cov: 845 ft: 3044 corp: 585/450Kb lim: 4096 exec/s: 5975 rss: 273Mb L: 10/4096 MS: 5 ChangeBinInt-PersAutoDict-ChangeBinInt-EraseBytes-EraseBytes- DE: "\004\000"-
#83756	REDUCE cov: 845 ft: 3044 corp: 585/449Kb lim: 4096 exec/s: 5982 rss: 273Mb L: 1871/4096 MS: 1 EraseBytes-
#83802	REDUCE cov: 845 ft: 3044 corp: 585/449Kb lim: 4096 exec/s: 5985 rss: 273Mb L: 39/4096 MS: 1 EraseBytes-
#83974	REDUCE cov: 845 ft: 3044 corp: 585/448Kb lim: 4096 exec/s: 5998 rss: 273Mb L: 1924/4096 MS: 2 ManualDict-EraseBytes- DE: "[]"-
#84145	REDUCE cov: 845 ft: 3045 corp: 586/448Kb lim: 4096 exec/s: 6010 rss: 273Mb L: 125/4096 MS: 1 InsertRepeatedBytes-
#84167	REDUCE cov: 845 ft: 3045 corp: 586/448Kb lim: 4096 exec/s: 6011 rss: 273Mb L: 134/4096 MS: 2 ChangeByte-EraseBytes-
#84300	REDUCE cov: 845 ft: 3045 corp: 586/448Kb lim: 4096 exec/s: 6021 rss: 273Mb L: 52/4096 MS: 3 ChangeBit-CrossOver-EraseBytes-
#84330	REDUCE cov: 845 ft: 3045 corp: 586/448Kb lim: 4096 exec/s: 6023 rss: 273Mb L: 508/4096 MS: 5 ChangeByte-CrossOver-CMP-ManualDict-EraseBytes- DE: "3\000\000\000\000\000\000\000"-" not \\3er \\3al \\4ful \\4ive \\5less \\4es"-
#84605	REDUCE cov: 845 ft: 3045 corp: 586/448Kb lim: 4096 exec/s: 6043 rss: 273Mb L: 78/4096 MS: 5 CMP-ChangeByte-CrossOver-EraseBytes-CopyPart- DE: "+\006\000\000"-
#84791	REDUCE cov: 845 ft: 3045 corp: 586/448Kb lim: 4096 exec/s: 6056 rss: 273Mb L: 3110/4096 MS: 1 EraseBytes-
#84912	REDUCE cov: 845 ft: 3045 corp: 586/448Kb lim: 4096 exec/s: 6065 rss: 273Mb L: 247/4096 MS: 1 EraseBytes-
#84962	NEW    cov: 845 ft: 3047 corp: 587/448Kb lim: 4096 exec/s: 6068 rss: 273Mb L: 15/4096 MS: 5 InsertByte-InsertByte-ChangeBinInt-CopyPart-ChangeBinInt-
#84965	NEW    cov: 845 ft: 3049 corp: 588/448Kb lim: 4096 exec/s: 6068 rss: 273Mb L: 29/4096 MS: 3 ChangeBinInt-CopyPart-ShuffleBytes-
#85001	NEW    cov: 845 ft: 3050 corp: 589/448Kb lim: 4096 exec/s: 6071 rss: 273Mb L: 71/4096 MS: 1 CrossOver-
#85117	REDUCE cov: 845 ft: 3050 corp: 589/448Kb lim: 4096 exec/s: 6079 rss: 273Mb L: 9/4096 MS: 1 EraseBytes-
#85134	REDUCE cov: 845 ft: 3050 corp: 589/447Kb lim: 4096 exec/s: 6081 rss: 273Mb L: 2597/4096 MS: 2 PersAutoDict-EraseBytes- DE: "\031\000\000\000"-
#85283	REDUCE cov: 845 ft: 3050 corp: 589/447Kb lim: 4096 exec/s: 6091 rss: 273Mb L: 59/4096 MS: 4 ChangeASCIIInt-ChangeASCIIInt-ChangeASCIIInt-EraseBytes-
#85325	REDUCE cov: 845 ft: 3050 corp: 589/447Kb lim: 4096 exec/s: 6094 rss: 273Mb L: 9/4096 MS: 2 ShuffleBytes-EraseBytes-
#85761	REDUCE cov: 845 ft: 3050 corp: 589/447Kb lim: 4096 exec/s: 6125 rss: 273Mb L: 70/4096 MS: 1 EraseBytes-
#85776	REDUCE cov: 845 ft: 3050 corp: 589/447Kb lim: 4096 exec/s: 6126 rss: 273Mb L: 60/4096 MS: 5 PersAutoDict-ChangeByte-CrossOver-CrossOver-EraseBytes- DE: "\022\000\000\000\000\000\000\000"-
#85918	REDUCE cov: 845 ft: 3050 corp: 589/447Kb lim: 4096 exec/s: 6137 rss: 273Mb L: 155/4096 MS: 2 ChangeByte-EraseBytes-
#85959	REDUCE cov: 845 ft: 3050 corp: 589/447Kb lim: 4096 exec/s: 6139 rss: 273Mb L: 238/4096 MS: 1 EraseBytes-
#85990	REDUCE cov: 845 ft: 3050 corp: 589/447Kb lim: 4096 exec/s: 6142 rss: 273Mb L: 212/4096 MS: 1 EraseBytes-
#86161	REDUCE cov: 845 ft: 3050 corp: 589/447Kb lim: 4096 exec/s: 6154 rss: 273Mb L: 21/4096 MS: 1 EraseBytes-
#86310	REDUCE cov: 845 ft: 3050 corp: 589/447Kb lim: 4096 exec/s: 6165 rss: 273Mb L: 312/4096 MS: 4 ChangeBit-ManualDict-ChangeBinInt-EraseBytes- DE: "that \\1\\'\\6 with \\6 from \\4 by \\1(\\6. T"-
#86395	REDUCE cov: 845 ft: 3051 corp: 590/450Kb lim: 4096 exec/s: 6171 rss: 273Mb L: 3328/4096 MS: 5 InsertRepeatedBytes-CopyPart-ChangeBit-CMP-InsertRepeatedBytes- DE: "\"\000\000\000\000\000\000\000"-
#86523	REDUCE cov: 845 ft: 3051 corp: 590/450Kb lim: 4096 exec/s: 6180 rss: 273Mb L: 374/4096 MS: 3 PersAutoDict-ShuffleBytes-EraseBytes- DE: "\010\000\000\000"-
#86594	REDUCE cov: 845 ft: 3051 corp: 590/450Kb lim: 4096 exec/s: 6185 rss: 273Mb L: 155/4096 MS: 1 EraseBytes-
#86634	REDUCE cov: 845 ft: 3051 corp: 590/450Kb lim: 4096 exec/s: 6188 rss: 273Mb L: 25/4096 MS: 5 InsertRepeatedBytes-ChangeByte-ShuffleBytes-EraseBytes-EraseBytes-
#86635	REDUCE cov: 845 ft: 3051 corp: 590/450Kb lim: 4096 exec/s: 6188 rss: 273Mb L: 33/4096 MS: 1 EraseBytes-
#86713	REDUCE cov: 845 ft: 3051 corp: 590/450Kb lim: 4096 exec/s: 6193 rss: 273Mb L: 61/4096 MS: 3 ShuffleBytes-ChangeBit-EraseBytes-
#86888	NEW    cov: 845 ft: 3052 corp: 591/450Kb lim: 4096 exec/s: 6206 rss: 273Mb L: 227/4096 MS: 5 CopyPart-InsertRepeatedBytes-ChangeBinInt-ChangeBinInt-InsertRepeatedBytes-
#87006	REDUCE cov: 845 ft: 3052 corp: 591/450Kb lim: 4096 exec/s: 6214 rss: 273Mb L: 273/4096 MS: 3 InsertByte-ManualDict-EraseBytes- DE: "Large Window Brotli"-
#87077	NEW    cov: 845 ft: 3053 corp: 592/450Kb lim: 4096 exec/s: 6219 rss: 273Mb L: 15/4096 MS: 1 ChangeBit-
#87118	REDUCE cov: 845 ft: 3053 corp: 592/450Kb lim: 4096 exec/s: 6222 rss: 273Mb L: 280/4096 MS: 1 EraseBytes-
#87129	REDUCE cov: 845 ft: 3053 corp: 592/450Kb lim: 4096 exec/s: 6223 rss: 273Mb L: 123/4096 MS: 1 EraseBytes-
#87199	REDUCE cov: 845 ft: 3053 corp: 592/450Kb lim: 4096 exec/s: 6228 rss: 273Mb L: 228/4096 MS: 5 ChangeBinInt-InsertByte-PersAutoDict-EraseBytes-ChangeByte- DE: "\001\000\000\000\000\000\000\034"-
#87375	REDUCE cov: 845 ft: 3053 corp: 592/450Kb lim: 4096 exec/s: 5825 rss: 273Mb L: 532/4096 MS: 1 EraseBytes-
#87694	REDUCE cov: 845 ft: 3053 corp: 592/450Kb lim: 4096 exec/s: 5846 rss: 273Mb L: 21/4096 MS: 4 ChangeBinInt-ShuffleBytes-ChangeByte-EraseBytes-
#87835	REDUCE cov: 845 ft: 3053 corp: 592/450Kb lim: 4096 exec/s: 5855 rss: 273Mb L: 36/4096 MS: 1 EraseBytes-
#87843	REDUCE cov: 845 ft: 3053 corp: 592/449Kb lim: 4096 exec/s: 5856 rss: 273Mb L: 1115/4096 MS: 3 CrossOver-ChangeByte-EraseBytes-
#87918	REDUCE cov: 845 ft: 3053 corp: 592/449Kb lim: 4096 exec/s: 5861 rss: 273Mb L: 71/4096 MS: 5 CMP-CrossOver-ChangeByte-ManualDict-EraseBytes- DE: "\000\000\000\000\000\000\000!"-"Regular"-
#87941	REDUCE cov: 845 ft: 3053 corp: 592/449Kb lim: 4096 exec/s: 5862 rss: 273Mb L: 41/4096 MS: 3 ChangeBit-CopyPart-EraseBytes-
#88002	REDUCE cov: 845 ft: 3053 corp: 592/449Kb lim: 4096 exec/s: 5866 rss: 273Mb L: 259/4096 MS: 1 EraseBytes-
#88664	REDUCE cov: 845 ft: 3053 corp: 592/449Kb lim: 4096 exec/s: 5910 rss: 273Mb L: 106/4096 MS: 2 ManualDict-CrossOver- DE: "that \\1\\'\\6 with \\6 from \\4 by \\1(\\6. T"-
#88665	REDUCE cov: 845 ft: 3053 corp: 592/449Kb lim: 4096 exec/s: 5911 rss: 273Mb L: 11/4096 MS: 1 EraseBytes-
#88744	REDUCE cov: 845 ft: 3053 corp: 592/449Kb lim: 4096 exec/s: 5916 rss: 273Mb L: 95/4096 MS: 4 CMP-ChangeBit-CMP-EraseBytes- DE: "\377\003"-"\237\224"-
#88776	REDUCE cov: 845 ft: 3053 corp: 592/449Kb lim: 4096 exec/s: 5918 rss: 273Mb L: 2303/4096 MS: 2 ChangeASCIIInt-EraseBytes-
#88825	REDUCE cov: 845 ft: 3053 corp: 592/448Kb lim: 4096 exec/s: 5921 rss: 273Mb L: 1002/4096 MS: 4 PersAutoDict-ChangeByte-InsertByte-EraseBytes- DE: "\344\377\377\377\377\377\377\377"-
#88912	REDUCE cov: 845 ft: 3054 corp: 593/448Kb lim: 4096 exec/s: 5927 rss: 273Mb L: 11/4096 MS: 2 EraseBytes-EraseBytes-
#89056	REDUCE cov: 845 ft: 3054 corp: 593/448Kb lim: 4096 exec/s: 5937 rss: 273Mb L: 98/4096 MS: 4 InsertByte-ChangeASCIIInt-ChangeBinInt-EraseBytes-
#89134	REDUCE cov: 845 ft: 3054 corp: 593/448Kb lim: 4096 exec/s: 5942 rss: 273Mb L: 82/4096 MS: 3 CopyPart-ChangeBit-EraseBytes-
#89202	REDUCE cov: 845 ft: 3055 corp: 594/448Kb lim: 4096 exec/s: 5946 rss: 273Mb L: 39/4096 MS: 3 InsertByte-ManualDict-PersAutoDict- DE: "[]"-"\237\224"-
#89233	REDUCE cov: 845 ft: 3055 corp: 594/448Kb lim: 4096 exec/s: 5948 rss: 273Mb L: 56/4096 MS: 1 EraseBytes-
#89521	REDUCE cov: 845 ft: 3055 corp: 594/448Kb lim: 4096 exec/s: 5968 rss: 273Mb L: 38/4096 MS: 3 PersAutoDict-ChangeASCIIInt-EraseBytes- DE: "\001\000\000\000\000\000\000\037"-
#89617	REDUCE cov: 845 ft: 3055 corp: 594/448Kb lim: 4096 exec/s: 5974 rss: 273Mb L: 438/4096 MS: 1 EraseBytes-
#89638	REDUCE cov: 845 ft: 3055 corp: 594/448Kb lim: 4096 exec/s: 5975 rss: 273Mb L: 58/4096 MS: 1 EraseBytes-
#89652	NEW    cov: 845 ft: 3056 corp: 595/452Kb lim: 4096 exec/s: 5976 rss: 273Mb L: 4096/4096 MS: 4 ChangeASCIIInt-PersAutoDict-ChangeByte-CMP- DE: "\001\032"-"\354\037\000\000\000\000\000\000"-
#89716	REDUCE cov: 845 ft: 3056 corp: 595/452Kb lim: 4096 exec/s: 5981 rss: 273Mb L: 8/4096 MS: 4 ChangeBit-CrossOver-PersAutoDict-EraseBytes- DE: "[]"-
#89747	REDUCE cov: 845 ft: 3056 corp: 595/452Kb lim: 4096 exec/s: 5983 rss: 273Mb L: 116/4096 MS: 1 EraseBytes-
#89808	REDUCE cov: 845 ft: 3056 corp: 595/452Kb lim: 4096 exec/s: 5987 rss: 273Mb L: 708/4096 MS: 1 EraseBytes-
#89919	REDUCE cov: 845 ft: 3056 corp: 595/452Kb lim: 4096 exec/s: 5994 rss: 273Mb L: 3/4096 MS: 1 EraseBytes-
#90430	REDUCE cov: 845 ft: 3056 corp: 595/452Kb lim: 4096 exec/s: 6028 rss: 273Mb L: 111/4096 MS: 1 EraseBytes-
#90503	NEW    cov: 845 ft: 3057 corp: 596/456Kb lim: 4096 exec/s: 6033 rss: 273Mb L: 4096/4096 MS: 3 CopyPart-ShuffleBytes-PersAutoDict- DE: "\377\377\377\377\377\377\377\377"-
#90660	REDUCE cov: 845 ft: 3057 corp: 596/456Kb lim: 4096 exec/s: 6044 rss: 273Mb L: 3/4096 MS: 2 InsertByte-EraseBytes-
#90719	REDUCE cov: 845 ft: 3057 corp: 596/455Kb lim: 4096 exec/s: 6047 rss: 273Mb L: 1479/4096 MS: 4 ChangeBinInt-InsertRepeatedBytes-PersAutoDict-CrossOver- DE: "\377\377\377\377\377\377\377\377"-
#91003	REDUCE cov: 845 ft: 3057 corp: 596/455Kb lim: 4096 exec/s: 6066 rss: 274Mb L: 57/4096 MS: 4 InsertByte-CrossOver-ManualDict-EraseBytes- DE: "[]"-
#91017	REDUCE cov: 845 ft: 3057 corp: 596/455Kb lim: 4096 exec/s: 6067 rss: 274Mb L: 99/4096 MS: 4 ChangeByte-EraseBytes-PersAutoDict-CopyPart- DE: "\000\000\006\036"-
#91083	REDUCE cov: 845 ft: 3057 corp: 596/455Kb lim: 4096 exec/s: 6072 rss: 274Mb L: 26/4096 MS: 1 EraseBytes-
#91126	REDUCE cov: 845 ft: 3057 corp: 596/455Kb lim: 4096 exec/s: 6075 rss: 274Mb L: 8/4096 MS: 3 CopyPart-InsertByte-EraseBytes-
#91352	REDUCE cov: 845 ft: 3057 corp: 596/455Kb lim: 4096 exec/s: 6090 rss: 274Mb L: 50/4096 MS: 1 EraseBytes-
#91465	REDUCE cov: 845 ft: 3057 corp: 596/455Kb lim: 4096 exec/s: 6097 rss: 274Mb L: 45/4096 MS: 3 ChangeByte-ChangeASCIIInt-EraseBytes-
#91712	REDUCE cov: 847 ft: 3059 corp: 597/455Kb lim: 4096 exec/s: 6114 rss: 274Mb L: 176/4096 MS: 2 PersAutoDict-InsertRepeatedBytes- DE: "\000\250"-
#91868	REDUCE cov: 847 ft: 3059 corp: 597/455Kb lim: 4096 exec/s: 6124 rss: 274Mb L: 281/4096 MS: 1 EraseBytes-
#92104	REDUCE cov: 847 ft: 3059 corp: 597/455Kb lim: 4096 exec/s: 6140 rss: 274Mb L: 15/4096 MS: 1 EraseBytes-
#92131	REDUCE cov: 847 ft: 3059 corp: 597/455Kb lim: 4096 exec/s: 6142 rss: 274Mb L: 243/4096 MS: 2 InsertRepeatedBytes-EraseBytes-
#92454	REDUCE cov: 847 ft: 3059 corp: 597/455Kb lim: 4096 exec/s: 6163 rss: 274Mb L: 48/4096 MS: 3 ShuffleBytes-ManualDict-EraseBytes- DE: "needs more output"-
#92556	REDUCE cov: 847 ft: 3059 corp: 597/455Kb lim: 4096 exec/s: 6170 rss: 274Mb L: 29/4096 MS: 2 CopyPart-EraseBytes-
#92689	NEW    cov: 847 ft: 3060 corp: 598/455Kb lim: 4096 exec/s: 6179 rss: 274Mb L: 9/4096 MS: 3 ChangeBinInt-PersAutoDict-ChangeByte- DE: "\000\001\000\000\000\000\000\000"-
#92794	REDUCE cov: 847 ft: 3060 corp: 598/455Kb lim: 4096 exec/s: 6186 rss: 274Mb L: 52/4096 MS: 5 ChangeBinInt-CrossOver-ManualDict-InsertByte-EraseBytes- DE: "needs more input"-
#93007	REDUCE cov: 847 ft: 3060 corp: 598/453Kb lim: 4096 exec/s: 5812 rss: 274Mb L: 2180/4096 MS: 3 EraseBytes-ChangeASCIIInt-CrossOver-
#93188	REDUCE cov: 847 ft: 3060 corp: 598/453Kb lim: 4096 exec/s: 5824 rss: 274Mb L: 16/4096 MS: 1 EraseBytes-
#93274	REDUCE cov: 847 ft: 3060 corp: 598/453Kb lim: 4096 exec/s: 5829 rss: 274Mb L: 48/4096 MS: 1 EraseBytes-
#93330	REDUCE cov: 847 ft: 3064 corp: 599/453Kb lim: 4096 exec/s: 5833 rss: 274Mb L: 74/4096 MS: 1 InsertRepeatedBytes-
#93451	REDUCE cov: 847 ft: 3064 corp: 599/453Kb lim: 4096 exec/s: 5840 rss: 274Mb L: 90/4096 MS: 1 EraseBytes-
#93517	REDUCE cov: 847 ft: 3064 corp: 599/453Kb lim: 4096 exec/s: 5844 rss: 274Mb L: 24/4096 MS: 1 EraseBytes-
#93528	REDUCE cov: 847 ft: 3064 corp: 599/453Kb lim: 4096 exec/s: 5845 rss: 274Mb L: 477/4096 MS: 1 EraseBytes-
#93587	REDUCE cov: 847 ft: 3064 corp: 599/453Kb lim: 4096 exec/s: 5849 rss: 274Mb L: 19/4096 MS: 4 ChangeBit-EraseBytes-InsertRepeatedBytes-CrossOver-
#93665	REDUCE cov: 847 ft: 3064 corp: 599/453Kb lim: 4096 exec/s: 5854 rss: 274Mb L: 23/4096 MS: 3 ChangeBinInt-InsertByte-EraseBytes-
#93863	REDUCE cov: 847 ft: 3064 corp: 599/453Kb lim: 4096 exec/s: 5866 rss: 274Mb L: 47/4096 MS: 3 ManualDict-InsertByte-EraseBytes- DE: "needs more output"-
#93864	REDUCE cov: 847 ft: 3064 corp: 599/453Kb lim: 4096 exec/s: 5866 rss: 274Mb L: 143/4096 MS: 1 EraseBytes-
#93935	REDUCE cov: 847 ft: 3064 corp: 599/453Kb lim: 4096 exec/s: 5870 rss: 274Mb L: 943/4096 MS: 1 EraseBytes-
#94041	NEW    cov: 850 ft: 3067 corp: 600/453Kb lim: 4096 exec/s: 5877 rss: 274Mb L: 30/4096 MS: 1 PersAutoDict- DE: "\377\377\007\000"-
#94088	REDUCE cov: 851 ft: 3068 corp: 601/453Kb lim: 4096 exec/s: 5880 rss: 274Mb L: 12/4096 MS: 2 CrossOver-EraseBytes-
#94279	REDUCE cov: 851 ft: 3068 corp: 601/453Kb lim: 4096 exec/s: 5892 rss: 274Mb L: 58/4096 MS: 1 EraseBytes-
#94295	REDUCE cov: 851 ft: 3068 corp: 601/453Kb lim: 4096 exec/s: 5893 rss: 275Mb L: 54/4096 MS: 1 EraseBytes-
#94341	REDUCE cov: 851 ft: 3068 corp: 601/453Kb lim: 4096 exec/s: 5896 rss: 275Mb L: 52/4096 MS: 1 EraseBytes-
#94454	REDUCE cov: 851 ft: 3068 corp: 601/453Kb lim: 4096 exec/s: 5903 rss: 275Mb L: 483/4096 MS: 3 InsertRepeatedBytes-PersAutoDict-EraseBytes- DE: "\000\001\000\000\000\000\000\000"-
#94546	REDUCE cov: 851 ft: 3068 corp: 601/453Kb lim: 4096 exec/s: 5909 rss: 275Mb L: 41/4096 MS: 2 ChangeBit-EraseBytes-
#94905	REDUCE cov: 851 ft: 3068 corp: 601/452Kb lim: 4096 exec/s: 5931 rss: 277Mb L: 556/4096 MS: 4 PersAutoDict-ManualDict-ShuffleBytes-EraseBytes- DE: "\000\000\000\000\000\000\000\030"-" not \\3er \\3al \\4ful \\4ive \\5less \\4es"-
#95137	REDUCE cov: 851 ft: 3068 corp: 601/452Kb lim: 4096 exec/s: 5946 rss: 278Mb L: 931/4096 MS: 2 ChangeBinInt-EraseBytes-
#95192	REDUCE cov: 851 ft: 3068 corp: 601/452Kb lim: 4096 exec/s: 5949 rss: 278Mb L: 45/4096 MS: 5 ChangeBinInt-ChangeBit-CMP-ManualDict-EraseBytes- DE: "\001\000\000\000\000\000\000\000"-"[]"-
#95216	REDUCE cov: 851 ft: 3069 corp: 602/452Kb lim: 4096 exec/s: 5951 rss: 278Mb L: 56/4096 MS: 4 PersAutoDict-ChangeBit-EraseBytes-CopyPart- DE: "\377\377\007\000"-
#95334	REDUCE cov: 851 ft: 3069 corp: 602/452Kb lim: 4096 exec/s: 5958 rss: 279Mb L: 2512/4096 MS: 3 CrossOver-CopyPart-EraseBytes-
#95415	REDUCE cov: 851 ft: 3069 corp: 602/452Kb lim: 4096 exec/s: 5963 rss: 279Mb L: 14/4096 MS: 1 EraseBytes-
#95511	REDUCE cov: 851 ft: 3069 corp: 602/452Kb lim: 4096 exec/s: 5969 rss: 279Mb L: 35/4096 MS: 1 EraseBytes-
#95743	REDUCE cov: 851 ft: 3069 corp: 602/452Kb lim: 4096 exec/s: 5983 rss: 280Mb L: 36/4096 MS: 2 PersAutoDict-EraseBytes- DE: " \000\000\000\000\000\000\000"-
#95826	NEW    cov: 851 ft: 3087 corp: 603/454Kb lim: 4096 exec/s: 5989 rss: 280Mb L: 1938/4096 MS: 3 CopyPart-ShuffleBytes-CrossOver-
#95907	REDUCE cov: 851 ft: 3087 corp: 603/454Kb lim: 4096 exec/s: 5994 rss: 280Mb L: 33/4096 MS: 1 EraseBytes-
#96164	REDUCE cov: 851 ft: 3087 corp: 603/453Kb lim: 4096 exec/s: 6010 rss: 281Mb L: 134/4096 MS: 2 InsertRepeatedBytes-EraseBytes-
#96245	REDUCE cov: 851 ft: 3087 corp: 603/453Kb lim: 4096 exec/s: 6015 rss: 281Mb L: 33/4096 MS: 1 EraseBytes-
#96408	REDUCE cov: 851 ft: 3087 corp: 603/453Kb lim: 4096 exec/s: 6025 rss: 281Mb L: 73/4096 MS: 3 CopyPart-CrossOver-EraseBytes-
#96644	REDUCE cov: 851 ft: 3087 corp: 603/453Kb lim: 4096 exec/s: 6040 rss: 281Mb L: 464/4096 MS: 1 EraseBytes-
#96815	REDUCE cov: 851 ft: 3087 corp: 603/453Kb lim: 4096 exec/s: 6050 rss: 281Mb L: 965/4096 MS: 1 EraseBytes-
#96817	REDUCE cov: 851 ft: 3087 corp: 603/453Kb lim: 4096 exec/s: 6051 rss: 281Mb L: 29/4096 MS: 2 ChangeBit-EraseBytes-
#96889	NEW    cov: 851 ft: 3089 corp: 604/453Kb lim: 4096 exec/s: 6055 rss: 281Mb L: 166/4096 MS: 2 ChangeBinInt-EraseBytes-
#97031	REDUCE cov: 851 ft: 3092 corp: 605/454Kb lim: 4096 exec/s: 6064 rss: 281Mb L: 318/4096 MS: 2 ShuffleBytes-ChangeASCIIInt-
#97047	NEW    cov: 851 ft: 3093 corp: 606/454Kb lim: 4096 exec/s: 6065 rss: 281Mb L: 175/4096 MS: 1 InsertRepeatedBytes-
#97137	REDUCE cov: 851 ft: 3094 corp: 607/457Kb lim: 4096 exec/s: 6071 rss: 281Mb L: 3103/4096 MS: 5 CopyPart-ChangeBinInt-ChangeBinInt-ManualDict-ChangeBinInt- DE: "Regular"-
#97295	REDUCE cov: 851 ft: 3094 corp: 607/457Kb lim: 4096 exec/s: 6080 rss: 281Mb L: 91/4096 MS: 3 ShuffleBytes-PersAutoDict-EraseBytes- DE: "\002\000\000\000"-
#97330	REDUCE cov: 851 ft: 3094 corp: 607/457Kb lim: 4096 exec/s: 6083 rss: 281Mb L: 60/4096 MS: 5 CMP-InsertByte-CMP-ChangeByte-EraseBytes- DE: "\000\005"-"\001\000\000\000\000\000\0008"-
#97464	NEW    cov: 851 ft: 3095 corp: 608/459Kb lim: 4096 exec/s: 6091 rss: 281Mb L: 1946/4096 MS: 4 ShuffleBytes-ChangeASCIIInt-ChangeBit-PersAutoDict- DE: "\001\000\000\000\000\000\000\021"-
#97525	REDUCE cov: 851 ft: 3098 corp: 609/459Kb lim: 4096 exec/s: 6095 rss: 281Mb L: 128/4096 MS: 1 InsertRepeatedBytes-
#97748	REDUCE cov: 851 ft: 3098 corp: 609/459Kb lim: 4096 exec/s: 6109 rss: 281Mb L: 332/4096 MS: 3 CopyPart-EraseBytes-EraseBytes-
#97914	REDUCE cov: 851 ft: 3098 corp: 609/459Kb lim: 4096 exec/s: 6119 rss: 281Mb L: 9/4096 MS: 1 EraseBytes-
#98012	REDUCE cov: 851 ft: 3098 corp: 609/459Kb lim: 4096 exec/s: 6125 rss: 281Mb L: 208/4096 MS: 3 ShuffleBytes-EraseBytes-InsertByte-
#98474	REDUCE cov: 851 ft: 3098 corp: 609/459Kb lim: 4096 exec/s: 5792 rss: 281Mb L: 40/4096 MS: 2 CMP-EraseBytes- DE: "\000\000\000\000\000\000\000\000"-
#98490	REDUCE cov: 851 ft: 3098 corp: 609/459Kb lim: 4096 exec/s: 5793 rss: 281Mb L: 12/4096 MS: 1 EraseBytes-
#98653	REDUCE cov: 851 ft: 3098 corp: 609/459Kb lim: 4096 exec/s: 5803 rss: 281Mb L: 759/4096 MS: 3 ChangeBinInt-ShuffleBytes-EraseBytes-
#98714	REDUCE cov: 851 ft: 3098 corp: 609/459Kb lim: 4096 exec/s: 5806 rss: 281Mb L: 74/4096 MS: 1 EraseBytes-
#98836	REDUCE cov: 851 ft: 3098 corp: 609/459Kb lim: 4096 exec/s: 5813 rss: 281Mb L: 222/4096 MS: 2 ShuffleBytes-EraseBytes-
#99127	REDUCE cov: 851 ft: 3098 corp: 609/459Kb lim: 4096 exec/s: 5831 rss: 281Mb L: 3/4096 MS: 1 EraseBytes-
#99249	NEW    cov: 856 ft: 3103 corp: 610/462Kb lim: 4096 exec/s: 5838 rss: 281Mb L: 3520/4096 MS: 2 ShuffleBytes-ShuffleBytes-
#99280	NEW    cov: 856 ft: 3104 corp: 611/462Kb lim: 4096 exec/s: 5840 rss: 281Mb L: 97/4096 MS: 1 CopyPart-
#99365	REDUCE cov: 856 ft: 3105 corp: 612/465Kb lim: 4096 exec/s: 5845 rss: 281Mb L: 2608/4096 MS: 5 ChangeBinInt-ChangeBit-PersAutoDict-CrossOver-ChangeBinInt- DE: "\377\003\000\000"-
#99391	REDUCE cov: 856 ft: 3105 corp: 612/465Kb lim: 4096 exec/s: 5846 rss: 281Mb L: 18/4096 MS: 1 EraseBytes-
#99392	NEW    cov: 856 ft: 3106 corp: 613/467Kb lim: 4096 exec/s: 5846 rss: 281Mb L: 1947/4096 MS: 1 InsertByte-
#99537	REDUCE cov: 856 ft: 3112 corp: 614/467Kb lim: 4096 exec/s: 5855 rss: 281Mb L: 151/4096 MS: 5 InsertRepeatedBytes-InsertByte-ChangeBinInt-CMP-InsertRepeatedBytes- DE: "\001\000\000\004"-
#99609	REDUCE cov: 856 ft: 3112 corp: 614/467Kb lim: 4096 exec/s: 5859 rss: 281Mb L: 207/4096 MS: 2 ChangeByte-EraseBytes-
#99656	REDUCE cov: 856 ft: 3112 corp: 614/466Kb lim: 4096 exec/s: 5862 rss: 281Mb L: 1562/4096 MS: 2 EraseBytes-ChangeBinInt-
#100078	REDUCE cov: 856 ft: 3112 corp: 614/466Kb lim: 4096 exec/s: 5886 rss: 281Mb L: 232/4096 MS: 2 ChangeByte-EraseBytes-
#100129	REDUCE cov: 856 ft: 3112 corp: 614/466Kb lim: 4096 exec/s: 5889 rss: 281Mb L: 16/4096 MS: 1 EraseBytes-
#100145	REDUCE cov: 856 ft: 3112 corp: 614/466Kb lim: 4096 exec/s: 5890 rss: 281Mb L: 15/4096 MS: 1 EraseBytes-
#100161	REDUCE cov: 856 ft: 3112 corp: 614/466Kb lim: 4096 exec/s: 5891 rss: 281Mb L: 56/4096 MS: 1 EraseBytes-
#100339	REDUCE cov: 856 ft: 3112 corp: 614/465Kb lim: 4096 exec/s: 5902 rss: 281Mb L: 2830/4096 MS: 3 ChangeBit-CopyPart-EraseBytes-
#100640	REDUCE cov: 856 ft: 3112 corp: 614/465Kb lim: 4096 exec/s: 5920 rss: 281Mb L: 25/4096 MS: 1 EraseBytes-
#100887	REDUCE cov: 856 ft: 3112 corp: 614/465Kb lim: 4096 exec/s: 5934 rss: 281Mb L: 23/4096 MS: 1 EraseBytes-
#101053	REDUCE cov: 856 ft: 3112 corp: 614/465Kb lim: 4096 exec/s: 5944 rss: 281Mb L: 47/4096 MS: 1 EraseBytes-
#101135	NEW    cov: 856 ft: 3114 corp: 615/467Kb lim: 4096 exec/s: 5949 rss: 281Mb L: 2031/4096 MS: 2 CrossOver-InsertRepeatedBytes-
#101233	REDUCE cov: 856 ft: 3114 corp: 615/466Kb lim: 4096 exec/s: 5954 rss: 281Mb L: 1122/4096 MS: 3 ChangeBinInt-InsertByte-EraseBytes-
#101270	REDUCE cov: 856 ft: 3115 corp: 616/466Kb lim: 4096 exec/s: 5957 rss: 281Mb L: 34/4096 MS: 2 InsertByte-PersAutoDict- DE: "\000\010"-
#101272	REDUCE cov: 856 ft: 3119 corp: 617/466Kb lim: 4096 exec/s: 5957 rss: 281Mb L: 37/4096 MS: 2 ChangeBit-EraseBytes-
#101273	NEW    cov: 856 ft: 3121 corp: 618/466Kb lim: 4096 exec/s: 5957 rss: 281Mb L: 32/4096 MS: 1 PersAutoDict- DE: "\005\000"-
#101352	REDUCE cov: 856 ft: 3123 corp: 619/467Kb lim: 4096 exec/s: 5961 rss: 281Mb L: 230/4096 MS: 4 ShuffleBytes-InsertRepeatedBytes-CopyPart-CrossOver-
#101413	REDUCE cov: 856 ft: 3123 corp: 619/467Kb lim: 4096 exec/s: 5965 rss: 281Mb L: 301/4096 MS: 1 EraseBytes-
#101416	REDUCE cov: 856 ft: 3123 corp: 619/467Kb lim: 4096 exec/s: 5965 rss: 281Mb L: 5/4096 MS: 3 ChangeBit-InsertByte-EraseBytes-
#101432	REDUCE cov: 856 ft: 3123 corp: 619/467Kb lim: 4096 exec/s: 5966 rss: 281Mb L: 23/4096 MS: 1 EraseBytes-
#102223	REDUCE cov: 856 ft: 3123 corp: 619/467Kb lim: 4096 exec/s: 6013 rss: 281Mb L: 177/4096 MS: 1 EraseBytes-
#102410	NEW    cov: 856 ft: 3124 corp: 620/469Kb lim: 4096 exec/s: 6024 rss: 281Mb L: 2601/4096 MS: 2 PersAutoDict-CopyPart- DE: "!\000\000\000\000\000\000\000"-
#102478	NEW    cov: 856 ft: 3125 corp: 621/471Kb lim: 4096 exec/s: 6028 rss: 281Mb L: 1840/4096 MS: 3 CrossOver-PersAutoDict-ManualDict- DE: "\377\000\000\000\000\000\000\000"-"needs more output"-
#102692	REDUCE cov: 856 ft: 3125 corp: 621/471Kb lim: 4096 exec/s: 6040 rss: 281Mb L: 31/4096 MS: 4 CrossOver-ChangeByte-CopyPart-EraseBytes-
#102914	REDUCE cov: 856 ft: 3125 corp: 621/471Kb lim: 4096 exec/s: 6053 rss: 281Mb L: 15/4096 MS: 2 PersAutoDict-EraseBytes- DE: "INVALID"-
#103046	REDUCE cov: 856 ft: 3125 corp: 621/471Kb lim: 4096 exec/s: 6061 rss: 281Mb L: 75/4096 MS: 2 ChangeBit-EraseBytes-
#103158	NEW    cov: 856 ft: 3126 corp: 622/473Kb lim: 4096 exec/s: 6068 rss: 281Mb L: 2717/4096 MS: 2 ChangeByte-CopyPart-
#103299	REDUCE cov: 856 ft: 3126 corp: 622/473Kb lim: 4096 exec/s: 6076 rss: 281Mb L: 2281/4096 MS: 1 EraseBytes-
#103556	REDUCE cov: 856 ft: 3126 corp: 622/473Kb lim: 4096 exec/s: 6091 rss: 281Mb L: 83/4096 MS: 2 ChangeBinInt-EraseBytes-
#103779	REDUCE cov: 856 ft: 3126 corp: 622/473Kb lim: 4096 exec/s: 6104 rss: 281Mb L: 60/4096 MS: 3 InsertByte-CrossOver-CrossOver-
#103790	REDUCE cov: 856 ft: 3126 corp: 622/473Kb lim: 4096 exec/s: 6105 rss: 281Mb L: 28/4096 MS: 1 EraseBytes-
#103886	REDUCE cov: 856 ft: 3126 corp: 622/473Kb lim: 4096 exec/s: 6110 rss: 281Mb L: 54/4096 MS: 1 EraseBytes-
#103921	REDUCE cov: 856 ft: 3126 corp: 622/473Kb lim: 4096 exec/s: 6113 rss: 281Mb L: 56/4096 MS: 5 InsertByte-InsertByte-ChangeBinInt-ChangeBinInt-EraseBytes-
#103978	REDUCE cov: 856 ft: 3126 corp: 622/473Kb lim: 4096 exec/s: 6116 rss: 281Mb L: 1875/4096 MS: 2 EraseBytes-ManualDict- DE: "needs more input"-
#104175	NEW    cov: 856 ft: 3128 corp: 623/475Kb lim: 4096 exec/s: 6127 rss: 281Mb L: 1840/4096 MS: 2 ChangeBinInt-ShuffleBytes-
#104251	REDUCE cov: 856 ft: 3128 corp: 623/475Kb lim: 4096 exec/s: 6132 rss: 281Mb L: 209/4096 MS: 1 EraseBytes-
#104362	REDUCE cov: 856 ft: 3128 corp: 623/475Kb lim: 4096 exec/s: 5797 rss: 281Mb L: 2372/4096 MS: 1 EraseBytes-
#104578	REDUCE cov: 856 ft: 3128 corp: 623/474Kb lim: 4096 exec/s: 5809 rss: 281Mb L: 449/4096 MS: 1 EraseBytes-
#104584	REDUCE cov: 856 ft: 3128 corp: 623/474Kb lim: 4096 exec/s: 5810 rss: 281Mb L: 1665/4096 MS: 1 EraseBytes-
#104736	REDUCE cov: 856 ft: 3129 corp: 624/474Kb lim: 4096 exec/s: 5818 rss: 281Mb L: 169/4096 MS: 2 ChangeBinInt-ManualDict- DE: "needs more input"-
#104761	REDUCE cov: 856 ft: 3129 corp: 624/474Kb lim: 4096 exec/s: 5820 rss: 281Mb L: 1637/4096 MS: 5 ChangeByte-ManualDict-ChangeBit-CMP-EraseBytes- DE: "needs more input"-"\377\377\377\377\377\377\377\377"-
#104816	REDUCE cov: 856 ft: 3129 corp: 624/474Kb lim: 4096 exec/s: 5823 rss: 281Mb L: 3876/4096 MS: 5 ChangeByte-ChangeByte-CrossOver-ChangeASCIIInt-EraseBytes-
#105008	REDUCE cov: 856 ft: 3129 corp: 624/474Kb lim: 4096 exec/s: 5833 rss: 281Mb L: 22/4096 MS: 2 ChangeBit-EraseBytes-
#105095	REDUCE cov: 856 ft: 3129 corp: 624/474Kb lim: 4096 exec/s: 5838 rss: 281Mb L: 353/4096 MS: 2 ShuffleBytes-EraseBytes-
#105191	REDUCE cov: 856 ft: 3129 corp: 624/473Kb lim: 4096 exec/s: 5843 rss: 281Mb L: 3283/4096 MS: 1 EraseBytes-
#105237	REDUCE cov: 856 ft: 3129 corp: 624/473Kb lim: 4096 exec/s: 5846 rss: 281Mb L: 2450/4096 MS: 1 EraseBytes-
#105273	REDUCE cov: 856 ft: 3129 corp: 624/473Kb lim: 4096 exec/s: 5848 rss: 281Mb L: 223/4096 MS: 1 EraseBytes-
#105389	REDUCE cov: 856 ft: 3129 corp: 624/473Kb lim: 4096 exec/s: 5854 rss: 281Mb L: 54/4096 MS: 1 EraseBytes-
#105458	REDUCE cov: 856 ft: 3129 corp: 624/473Kb lim: 4096 exec/s: 5858 rss: 281Mb L: 14/4096 MS: 4 ChangeBit-CrossOver-ChangeASCIIInt-EraseBytes-
#105459	REDUCE cov: 856 ft: 3129 corp: 624/473Kb lim: 4096 exec/s: 5858 rss: 281Mb L: 109/4096 MS: 1 EraseBytes-
#105504	REDUCE cov: 856 ft: 3129 corp: 624/473Kb lim: 4096 exec/s: 5861 rss: 281Mb L: 200/4096 MS: 5 ChangeASCIIInt-CopyPart-CopyPart-ManualDict-EraseBytes- DE: " not \\3er \\3al \\4ful \\4ive \\5less \\4es"-
#105626	REDUCE cov: 856 ft: 3129 corp: 624/473Kb lim: 4096 exec/s: 5868 rss: 281Mb L: 168/4096 MS: 2 EraseBytes-CrossOver-
#105633	REDUCE cov: 856 ft: 3129 corp: 624/473Kb lim: 4096 exec/s: 5868 rss: 281Mb L: 165/4096 MS: 2 ShuffleBytes-EraseBytes-
#105639	REDUCE cov: 856 ft: 3129 corp: 624/473Kb lim: 4096 exec/s: 5868 rss: 281Mb L: 27/4096 MS: 1 EraseBytes-
#106301	REDUCE cov: 856 ft: 3129 corp: 624/473Kb lim: 4096 exec/s: 5905 rss: 281Mb L: 3541/4096 MS: 2 ShuffleBytes-EraseBytes-
#106412	REDUCE cov: 856 ft: 3129 corp: 624/472Kb lim: 4096 exec/s: 5911 rss: 281Mb L: 1763/4096 MS: 1 EraseBytes-
#106413	NEW    cov: 856 ft: 3130 corp: 625/473Kb lim: 4096 exec/s: 5911 rss: 281Mb L: 1222/4096 MS: 1 CrossOver-
#106560	REDUCE cov: 856 ft: 3130 corp: 625/473Kb lim: 4096 exec/s: 5920 rss: 281Mb L: 804/4096 MS: 2 InsertRepeatedBytes-EraseBytes-
#106717	REDUCE cov: 856 ft: 3130 corp: 625/472Kb lim: 4096 exec/s: 5928 rss: 281Mb L: 220/4096 MS: 2 InsertByte-EraseBytes-
#106892	REDUCE cov: 856 ft: 3130 corp: 625/472Kb lim: 4096 exec/s: 5938 rss: 281Mb L: 418/4096 MS: 5 InsertByte-PersAutoDict-ChangeByte-ChangeByte-EraseBytes- DE: "\001\000\000\000\000\000\000\034"-
#106922	REDUCE cov: 856 ft: 3130 corp: 625/472Kb lim: 4096 exec/s: 5940 rss: 281Mb L: 176/4096 MS: 4 ChangeASCIIInt-ShuffleBytes-EraseBytes-ChangeBinInt-
#107018	REDUCE cov: 856 ft: 3130 corp: 625/472Kb lim: 4096 exec/s: 5945 rss: 281Mb L: 26/4096 MS: 1 EraseBytes-
#107299	REDUCE cov: 856 ft: 3130 corp: 625/472Kb lim: 4096 exec/s: 5961 rss: 281Mb L: 736/4096 MS: 1 EraseBytes-
#107312	REDUCE cov: 856 ft: 3130 corp: 625/472Kb lim: 4096 exec/s: 5961 rss: 281Mb L: 836/4096 MS: 3 InsertByte-PersAutoDict-EraseBytes- DE: "\000\000\000\000\000\000\000\000"-
#107328	REDUCE cov: 856 ft: 3130 corp: 625/472Kb lim: 4096 exec/s: 5962 rss: 281Mb L: 3964/4096 MS: 1 EraseBytes-
#107468	NEW    cov: 856 ft: 3131 corp: 626/475Kb lim: 4096 exec/s: 5970 rss: 281Mb L: 3058/4096 MS: 5 ManualDict-InsertRepeatedBytes-ChangeByte-ChangeASCIIInt-ChangeByte- DE: "needs more input"-
#107556	REDUCE cov: 856 ft: 3131 corp: 626/475Kb lim: 4096 exec/s: 5975 rss: 281Mb L: 111/4096 MS: 3 InsertByte-ManualDict-EraseBytes- DE: "Regular"-
#107747	REDUCE cov: 856 ft: 3131 corp: 626/475Kb lim: 4096 exec/s: 5985 rss: 281Mb L: 256/4096 MS: 1 EraseBytes-
#107813	NEW    cov: 864 ft: 3164 corp: 627/475Kb lim: 4096 exec/s: 5989 rss: 281Mb L: 67/4096 MS: 1 InsertRepeatedBytes-
#107849	REDUCE cov: 864 ft: 3164 corp: 627/475Kb lim: 4096 exec/s: 5991 rss: 281Mb L: 1510/4096 MS: 1 EraseBytes-
#107905	REDUCE cov: 864 ft: 3164 corp: 627/474Kb lim: 4096 exec/s: 5994 rss: 281Mb L: 2744/4096 MS: 1 EraseBytes-
#108321	NEW    cov: 864 ft: 3167 corp: 628/474Kb lim: 4096 exec/s: 6017 rss: 281Mb L: 23/4096 MS: 1 CopyPart-
#108708	REDUCE cov: 864 ft: 3167 corp: 628/474Kb lim: 4096 exec/s: 6039 rss: 281Mb L: 126/4096 MS: 2 EraseBytes-PersAutoDict- DE: "\004\000"-
#108819	REDUCE cov: 864 ft: 3167 corp: 628/474Kb lim: 4096 exec/s: 6045 rss: 281Mb L: 92/4096 MS: 1 EraseBytes-
#108821	REDUCE cov: 864 ft: 3167 corp: 628/474Kb lim: 4096 exec/s: 6045 rss: 281Mb L: 41/4096 MS: 2 InsertByte-EraseBytes-
#108946	REDUCE cov: 864 ft: 3167 corp: 628/474Kb lim: 4096 exec/s: 6052 rss: 281Mb L: 59/4096 MS: 5 CMP-InsertByte-ChangeByte-ChangeBit-EraseBytes- DE: "\001?\377\360"-
#109217	REDUCE cov: 864 ft: 3167 corp: 628/474Kb lim: 4096 exec/s: 6067 rss: 281Mb L: 190/4096 MS: 1 EraseBytes-
#109220	REDUCE cov: 864 ft: 3167 corp: 628/474Kb lim: 4096 exec/s: 6067 rss: 281Mb L: 262/4096 MS: 3 ChangeASCIIInt-ShuffleBytes-EraseBytes-
#109339	REDUCE cov: 864 ft: 3171 corp: 629/474Kb lim: 4096 exec/s: 6074 rss: 281Mb L: 195/4096 MS: 4 ShuffleBytes-ManualDict-ChangeByte-ManualDict- DE: "[]"-"needs more input"-
#109397	REDUCE cov: 864 ft: 3171 corp: 629/474Kb lim: 4096 exec/s: 6077 rss: 281Mb L: 19/4096 MS: 3 EraseBytes-ChangeBinInt-ChangeBinInt-
#109528	NEW    cov: 864 ft: 3172 corp: 630/478Kb lim: 4096 exec/s: 6084 rss: 281Mb L: 3293/4096 MS: 1 CrossOver-
#109696	REDUCE cov: 864 ft: 3172 corp: 630/478Kb lim: 4096 exec/s: 6094 rss: 281Mb L: 595/4096 MS: 3 ChangeASCIIInt-ChangeBinInt-EraseBytes-
#109729	REDUCE cov: 864 ft: 3172 corp: 630/478Kb lim: 4096 exec/s: 6096 rss: 281Mb L: 63/4096 MS: 3 ChangeBit-ShuffleBytes-EraseBytes-
#109836	REDUCE cov: 864 ft: 3172 corp: 630/478Kb lim: 4096 exec/s: 6102 rss: 281Mb L: 46/4096 MS: 2 ChangeByte-EraseBytes-
#109997	REDUCE cov: 864 ft: 3172 corp: 630/478Kb lim: 4096 exec/s: 6110 rss: 281Mb L: 9/4096 MS: 1 EraseBytes-
#110058	REDUCE cov: 864 ft: 3172 corp: 630/477Kb lim: 4096 exec/s: 6114 rss: 281Mb L: 63/4096 MS: 1 EraseBytes-
#110133	NEW    cov: 864 ft: 3173 corp: 631/481Kb lim: 4096 exec/s: 5796 rss: 281Mb L: 3482/4096 MS: 5 ChangeBit-ChangeASCIIInt-InsertRepeatedBytes-ChangeASCIIInt-InsertRepeatedBytes-
#110176	NEW    cov: 864 ft: 3174 corp: 632/481Kb lim: 4096 exec/s: 5798 rss: 281Mb L: 68/4096 MS: 3 ShuffleBytes-ChangeByte-InsertByte-
#110297	REDUCE cov: 864 ft: 3174 corp: 632/481Kb lim: 4096 exec/s: 5805 rss: 281Mb L: 69/4096 MS: 1 EraseBytes-
#110363	REDUCE cov: 864 ft: 3174 corp: 632/481Kb lim: 4096 exec/s: 5808 rss: 281Mb L: 2102/4096 MS: 1 EraseBytes-
#110698	NEW    cov: 864 ft: 3175 corp: 633/485Kb lim: 4096 exec/s: 5826 rss: 281Mb L: 4031/4096 MS: 5 PersAutoDict-ManualDict-ChangeBit-ChangeBit-CopyPart- DE: "\000\000"-"needs more output"-
#110910	REDUCE cov: 864 ft: 3175 corp: 633/485Kb lim: 4096 exec/s: 5837 rss: 281Mb L: 291/4096 MS: 2 ChangeASCIIInt-EraseBytes-
#110915	REDUCE cov: 864 ft: 3175 corp: 633/484Kb lim: 4096 exec/s: 5837 rss: 281Mb L: 2397/4096 MS: 5 ChangeBinInt-InsertRepeatedBytes-InsertByte-ChangeByte-EraseBytes-
#111051	NEW    cov: 864 ft: 3178 corp: 634/484Kb lim: 4096 exec/s: 5844 rss: 281Mb L: 68/4096 MS: 1 InsertByte-
#111067	NEW    cov: 864 ft: 3179 corp: 635/485Kb lim: 4096 exec/s: 5845 rss: 281Mb L: 1122/4096 MS: 1 EraseBytes-
#111169	REDUCE cov: 864 ft: 3179 corp: 635/485Kb lim: 4096 exec/s: 5851 rss: 281Mb L: 13/4096 MS: 2 ChangeBit-EraseBytes-
#111290	REDUCE cov: 867 ft: 3183 corp: 636/485Kb lim: 4096 exec/s: 5857 rss: 281Mb L: 33/4096 MS: 1 ShuffleBytes-
#111387	REDUCE cov: 867 ft: 3183 corp: 636/485Kb lim: 4096 exec/s: 5862 rss: 281Mb L: 159/4096 MS: 2 ChangeBit-EraseBytes-
#111423	REDUCE cov: 867 ft: 3183 corp: 636/485Kb lim: 4096 exec/s: 5864 rss: 281Mb L: 164/4096 MS: 1 EraseBytes-
#111525	REDUCE cov: 867 ft: 3183 corp: 636/485Kb lim: 4096 exec/s: 5869 rss: 281Mb L: 63/4096 MS: 2 ChangeASCIIInt-EraseBytes-
#111542	REDUCE cov: 867 ft: 3183 corp: 636/485Kb lim: 4096 exec/s: 5870 rss: 281Mb L: 2254/4096 MS: 2 ChangeASCIIInt-EraseBytes-
#111543	REDUCE cov: 867 ft: 3183 corp: 636/485Kb lim: 4096 exec/s: 5870 rss: 281Mb L: 83/4096 MS: 1 EraseBytes-
#111563	REDUCE cov: 867 ft: 3183 corp: 636/485Kb lim: 4096 exec/s: 5871 rss: 281Mb L: 1464/4096 MS: 5 InsertByte-InsertByte-CrossOver-CopyPart-EraseBytes-
#111601	REDUCE cov: 867 ft: 3184 corp: 637/485Kb lim: 4096 exec/s: 5873 rss: 281Mb L: 641/4096 MS: 3 InsertByte-EraseBytes-EraseBytes-
#111637	NEW    cov: 867 ft: 3189 corp: 638/486Kb lim: 4096 exec/s: 5875 rss: 281Mb L: 112/4096 MS: 1 InsertRepeatedBytes-
#111704	REDUCE cov: 867 ft: 3189 corp: 638/486Kb lim: 4096 exec/s: 5879 rss: 281Mb L: 6/4096 MS: 2 ShuffleBytes-EraseBytes-
#111745	REDUCE cov: 867 ft: 3189 corp: 638/486Kb lim: 4096 exec/s: 5881 rss: 281Mb L: 22/4096 MS: 1 EraseBytes-
#111796	REDUCE cov: 867 ft: 3189 corp: 638/484Kb lim: 4096 exec/s: 5884 rss: 281Mb L: 2211/4096 MS: 1 EraseBytes-
#111807	NEW    cov: 868 ft: 3191 corp: 639/484Kb lim: 4096 exec/s: 5884 rss: 281Mb L: 24/4096 MS: 1 CopyPart-
#111832	NEW    cov: 868 ft: 3192 corp: 640/485Kb lim: 4096 exec/s: 5885 rss: 281Mb L: 421/4096 MS: 5 ChangeBit-ChangeByte-EraseBytes-ChangeBinInt-ManualDict- DE: "t \\4ize \\2\\xc2\\xa0\\4ous \\5 the \\2e "-
#111944	REDUCE cov: 868 ft: 3192 corp: 640/485Kb lim: 4096 exec/s: 5891 rss: 281Mb L: 216/4096 MS: 2 ChangeASCIIInt-EraseBytes-
#112065	REDUCE cov: 868 ft: 3192 corp: 640/485Kb lim: 4096 exec/s: 5898 rss: 281Mb L: 20/4096 MS: 1 EraseBytes-
#112221	NEW    cov: 869 ft: 3193 corp: 641/485Kb lim: 4096 exec/s: 5906 rss: 281Mb L: 25/4096 MS: 1 InsertByte-
#112422	REDUCE cov: 869 ft: 3193 corp: 641/485Kb lim: 4096 exec/s: 5916 rss: 281Mb L: 175/4096 MS: 1 EraseBytes-
#112453	REDUCE cov: 869 ft: 3193 corp: 641/485Kb lim: 4096 exec/s: 5918 rss: 281Mb L: 218/4096 MS: 1 EraseBytes-
#112905	REDUCE cov: 869 ft: 3194 corp: 642/485Kb lim: 4096 exec/s: 5942 rss: 281Mb L: 183/4096 MS: 2 CMP-CMP- DE: "!\000\000\000\000\000\000\000"-"\3779\000\000\000\000\000\000"-
#112921	NEW    cov: 872 ft: 3202 corp: 643/485Kb lim: 4096 exec/s: 5943 rss: 281Mb L: 102/4096 MS: 1 InsertRepeatedBytes-
#113152	REDUCE cov: 872 ft: 3202 corp: 643/485Kb lim: 4096 exec/s: 5955 rss: 281Mb L: 66/4096 MS: 1 EraseBytes-
#113327	REDUCE cov: 872 ft: 3202 corp: 643/484Kb lim: 4096 exec/s: 5964 rss: 281Mb L: 1156/4096 MS: 5 ShuffleBytes-ChangeBinInt-ChangeByte-EraseBytes-CopyPart-
#113478	REDUCE cov: 872 ft: 3202 corp: 643/484Kb lim: 4096 exec/s: 5972 rss: 281Mb L: 181/4096 MS: 1 EraseBytes-
#113522	NEW    cov: 872 ft: 3203 corp: 644/485Kb lim: 4096 exec/s: 5974 rss: 281Mb L: 753/4096 MS: 4 ChangeBit-CrossOver-PersAutoDict-InsertByte- DE: "\000\000\000\377"-
#113563	REDUCE cov: 872 ft: 3203 corp: 644/485Kb lim: 4096 exec/s: 5977 rss: 281Mb L: 19/4096 MS: 1 EraseBytes-
#113799	REDUCE cov: 872 ft: 3203 corp: 644/485Kb lim: 4096 exec/s: 5989 rss: 281Mb L: 16/4096 MS: 1 EraseBytes-
#114101	NEW    cov: 872 ft: 3204 corp: 645/488Kb lim: 4096 exec/s: 6005 rss: 281Mb L: 3334/4096 MS: 2 ChangeByte-CopyPart-
#114357	NEW    cov: 872 ft: 3205 corp: 646/488Kb lim: 4096 exec/s: 6018 rss: 281Mb L: 68/4096 MS: 1 InsertByte-
#114448	REDUCE cov: 872 ft: 3205 corp: 646/488Kb lim: 4096 exec/s: 6023 rss: 281Mb L: 48/4096 MS: 1 EraseBytes-
#114459	REDUCE cov: 872 ft: 3205 corp: 646/488Kb lim: 4096 exec/s: 6024 rss: 281Mb L: 46/4096 MS: 1 EraseBytes-
#114631	REDUCE cov: 872 ft: 3205 corp: 646/488Kb lim: 4096 exec/s: 6033 rss: 281Mb L: 58/4096 MS: 2 ChangeByte-EraseBytes-
#114652	NEW    cov: 872 ft: 3217 corp: 647/488Kb lim: 4096 exec/s: 6034 rss: 281Mb L: 68/4096 MS: 1 CrossOver-
#114699	REDUCE cov: 872 ft: 3217 corp: 647/488Kb lim: 4096 exec/s: 6036 rss: 281Mb L: 92/4096 MS: 2 ChangeBinInt-EraseBytes-
#114770	NEW    cov: 872 ft: 3218 corp: 648/489Kb lim: 4096 exec/s: 6040 rss: 281Mb L: 130/4096 MS: 1 InsertRepeatedBytes-
#114858	REDUCE cov: 872 ft: 3218 corp: 648/488Kb lim: 4096 exec/s: 6045 rss: 281Mb L: 1070/4096 MS: 3 ChangeBit-ShuffleBytes-EraseBytes-
#114908	REDUCE cov: 872 ft: 3218 corp: 648/488Kb lim: 4096 exec/s: 6047 rss: 281Mb L: 36/4096 MS: 5 ChangeByte-ChangeBit-ChangeByte-EraseBytes-EraseBytes-
#114919	REDUCE cov: 872 ft: 3218 corp: 648/488Kb lim: 4096 exec/s: 6048 rss: 281Mb L: 2799/4096 MS: 1 EraseBytes-
#115040	REDUCE cov: 872 ft: 3218 corp: 648/488Kb lim: 4096 exec/s: 5752 rss: 281Mb L: 348/4096 MS: 1 EraseBytes-
#115107	REDUCE cov: 872 ft: 3218 corp: 648/488Kb lim: 4096 exec/s: 5755 rss: 281Mb L: 9/4096 MS: 2 PersAutoDict-EraseBytes- DE: "\005\000"-
#115156	REDUCE cov: 872 ft: 3218 corp: 648/488Kb lim: 4096 exec/s: 5757 rss: 281Mb L: 308/4096 MS: 4 ManualDict-InsertByte-InsertRepeatedBytes-EraseBytes- DE: "Regular"-
#115178	REDUCE cov: 872 ft: 3218 corp: 648/487Kb lim: 4096 exec/s: 5758 rss: 281Mb L: 522/4096 MS: 2 ChangeBinInt-EraseBytes-
#115214	REDUCE cov: 872 ft: 3218 corp: 648/487Kb lim: 4096 exec/s: 5760 rss: 281Mb L: 5/4096 MS: 1 EraseBytes-
#115319	NEW    cov: 872 ft: 3231 corp: 649/488Kb lim: 4096 exec/s: 5765 rss: 281Mb L: 631/4096 MS: 5 ChangeByte-CopyPart-ChangeBinInt-InsertRepeatedBytes-CrossOver-
#115525	REDUCE cov: 872 ft: 3231 corp: 649/488Kb lim: 4096 exec/s: 5776 rss: 281Mb L: 37/4096 MS: 1 EraseBytes-
#115612	REDUCE cov: 872 ft: 3231 corp: 649/488Kb lim: 4096 exec/s: 5780 rss: 281Mb L: 46/4096 MS: 2 CMP-EraseBytes- DE: "\377\377\377\377\377\377\000\000"-
#115711	NEW    cov: 872 ft: 3234 corp: 650/489Kb lim: 4096 exec/s: 5785 rss: 281Mb L: 631/4096 MS: 4 ManualDict-ChangeBinInt-ShuffleBytes-ChangeByte- DE: "[]"-
#115793	REDUCE cov: 872 ft: 3234 corp: 650/488Kb lim: 4096 exec/s: 5789 rss: 281Mb L: 137/4096 MS: 2 CrossOver-EraseBytes-
#115840	REDUCE cov: 872 ft: 3234 corp: 650/488Kb lim: 4096 exec/s: 5792 rss: 281Mb L: 2770/4096 MS: 2 ShuffleBytes-EraseBytes-
#116157	REDUCE cov: 872 ft: 3234 corp: 650/488Kb lim: 4096 exec/s: 5807 rss: 281Mb L: 2676/4096 MS: 2 ChangeBit-EraseBytes-
#116298	REDUCE cov: 872 ft: 3234 corp: 650/488Kb lim: 4096 exec/s: 5814 rss: 281Mb L: 61/4096 MS: 1 EraseBytes-
#116630	NEW    cov: 872 ft: 3235 corp: 651/491Kb lim: 4096 exec/s: 5831 rss: 281Mb L: 2862/4096 MS: 2 EraseBytes-InsertRepeatedBytes-
#116641	REDUCE cov: 872 ft: 3235 corp: 651/491Kb lim: 4096 exec/s: 5832 rss: 281Mb L: 302/4096 MS: 1 EraseBytes-
#116689	REDUCE cov: 872 ft: 3235 corp: 651/491Kb lim: 4096 exec/s: 5834 rss: 281Mb L: 2017/4096 MS: 3 ManualDict-ChangeByte-EraseBytes- DE: "that \\1\\'\\6 with \\6 from \\4 by \\1(\\6. T"-
#116690	REDUCE cov: 872 ft: 3235 corp: 651/491Kb lim: 4096 exec/s: 5834 rss: 281Mb L: 563/4096 MS: 1 EraseBytes-
#116733	REDUCE cov: 872 ft: 3235 corp: 651/491Kb lim: 4096 exec/s: 5836 rss: 281Mb L: 2052/4096 MS: 3 ChangeBit-CopyPart-EraseBytes-
#116893	REDUCE cov: 872 ft: 3235 corp: 651/491Kb lim: 4096 exec/s: 5844 rss: 281Mb L: 87/4096 MS: 5 ChangeASCIIInt-ShuffleBytes-EraseBytes-ChangeASCIIInt-InsertRepeatedBytes-
#117090	NEW    cov: 872 ft: 3239 corp: 652/491Kb lim: 4096 exec/s: 5854 rss: 281Mb L: 148/4096 MS: 2 ManualDict-InsertRepeatedBytes- DE: "Large Window Brotli"-
#117114	REDUCE cov: 872 ft: 3239 corp: 652/491Kb lim: 4096 exec/s: 5855 rss: 281Mb L: 596/4096 MS: 4 InsertByte-PersAutoDict-ManualDict-EraseBytes- DE: "\377\377\377\377\377\377\377\364"-"needs more output"-
#117151	NEW    cov: 873 ft: 3242 corp: 653/491Kb lim: 4096 exec/s: 5857 rss: 281Mb L: 149/4096 MS: 2 ShuffleBytes-InsertByte-
#117322	NEW    cov: 873 ft: 3254 corp: 654/491Kb lim: 4096 exec/s: 5866 rss: 281Mb L: 29/4096 MS: 1 CopyPart-
#117348	REDUCE cov: 873 ft: 3254 corp: 654/491Kb lim: 4096 exec/s: 5867 rss: 281Mb L: 35/4096 MS: 1 EraseBytes-
#117431	REDUCE cov: 873 ft: 3254 corp: 654/491Kb lim: 4096 exec/s: 5871 rss: 281Mb L: 29/4096 MS: 3 ShuffleBytes-CopyPart-EraseBytes-
#117436	REDUCE cov: 873 ft: 3254 corp: 654/491Kb lim: 4096 exec/s: 5871 rss: 281Mb L: 507/4096 MS: 5 CrossOver-PersAutoDict-EraseBytes-CrossOver-InsertRepeatedBytes- DE: "\361\377?\000"-
#117457	NEW    cov: 873 ft: 3272 corp: 655/491Kb lim: 4096 exec/s: 5872 rss: 281Mb L: 40/4096 MS: 1 ManualDict- DE: "needs more output"-
#117545	REDUCE cov: 873 ft: 3272 corp: 655/491Kb lim: 4096 exec/s: 5877 rss: 281Mb L: 481/4096 MS: 3 ManualDict-ShuffleBytes-EraseBytes- DE: "t \\4ize \\2\\xc2\\xa0\\4ous \\5 the \\2e "-
#117887	REDUCE cov: 873 ft: 3272 corp: 655/491Kb lim: 4096 exec/s: 5894 rss: 281Mb L: 152/4096 MS: 2 CopyPart-EraseBytes-
#117999	REDUCE cov: 873 ft: 3272 corp: 655/491Kb lim: 4096 exec/s: 5899 rss: 281Mb L: 26/4096 MS: 1 EraseBytes-
#118089	REDUCE cov: 873 ft: 3272 corp: 655/491Kb lim: 4096 exec/s: 5904 rss: 281Mb L: 175/4096 MS: 5 ChangeByte-EraseBytes-ManualDict-ChangeBit-InsertByte- DE: " not \\3er \\3al \\4ful \\4ive \\5less \\4es"-
#118149	REDUCE cov: 873 ft: 3272 corp: 655/490Kb lim: 4096 exec/s: 5907 rss: 281Mb L: 354/4096 MS: 5 CrossOver-EraseBytes-ManualDict-CopyPart-EraseBytes- DE: "needs more output"-
#118186	NEW    cov: 874 ft: 3275 corp: 656/490Kb lim: 4096 exec/s: 5909 rss: 281Mb L: 54/4096 MS: 2 ChangeBit-EraseBytes-
#118193	NEW    cov: 874 ft: 3282 corp: 657/491Kb lim: 4096 exec/s: 5909 rss: 281Mb L: 119/4096 MS: 2 InsertRepeatedBytes-CopyPart-
#118329	REDUCE cov: 874 ft: 3282 corp: 657/490Kb lim: 4096 exec/s: 5916 rss: 281Mb L: 2744/4096 MS: 1 EraseBytes-
#118365	REDUCE cov: 874 ft: 3282 corp: 657/490Kb lim: 4096 exec/s: 5918 rss: 281Mb L: 97/4096 MS: 1 EraseBytes-
#118467	REDUCE cov: 874 ft: 3282 corp: 657/490Kb lim: 4096 exec/s: 5923 rss: 281Mb L: 2566/4096 MS: 2 CrossOver-CrossOver-
#118542	REDUCE cov: 874 ft: 3282 corp: 657/490Kb lim: 4096 exec/s: 5927 rss: 281Mb L: 32/4096 MS: 5 ManualDict-ChangeBinInt-PersAutoDict-CMP-EraseBytes- DE: "Regular"-"\354\037\000\000\000\000\000\000"-"\354\377\377\377\377\377\377\377"-
#118928	REDUCE cov: 874 ft: 3282 corp: 657/490Kb lim: 4096 exec/s: 5946 rss: 281Mb L: 1295/4096 MS: 1 EraseBytes-
#118999	NEW    cov: 874 ft: 3283 corp: 658/490Kb lim: 4096 exec/s: 5949 rss: 281Mb L: 183/4096 MS: 1 PersAutoDict- DE: "\377\377\377\377\377\377\000\000"-
#119200	REDUCE cov: 874 ft: 3283 corp: 658/490Kb lim: 4096 exec/s: 5960 rss: 281Mb L: 53/4096 MS: 1 EraseBytes-
#119381	NEW    cov: 874 ft: 3285 corp: 659/490Kb lim: 4096 exec/s: 5969 rss: 281Mb L: 141/4096 MS: 1 CopyPart-
#119694	NEW    cov: 874 ft: 3288 corp: 660/490Kb lim: 4096 exec/s: 5984 rss: 281Mb L: 102/4096 MS: 3 ChangeBit-ShuffleBytes-ChangeByte-
#119795	NEW    cov: 874 ft: 3292 corp: 661/490Kb lim: 4096 exec/s: 5989 rss: 281Mb L: 62/4096 MS: 1 InsertRepeatedBytes-
#119811	NEW    cov: 874 ft: 3293 corp: 662/490Kb lim: 4096 exec/s: 5990 rss: 281Mb L: 103/4096 MS: 1 InsertByte-
#119972	REDUCE cov: 874 ft: 3293 corp: 662/490Kb lim: 4096 exec/s: 5998 rss: 281Mb L: 34/4096 MS: 1 EraseBytes-
#119988	REDUCE cov: 874 ft: 3293 corp: 662/490Kb lim: 4096 exec/s: 5999 rss: 281Mb L: 1737/4096 MS: 1 EraseBytes-
#120249	REDUCE cov: 874 ft: 3294 corp: 663/493Kb lim: 4096 exec/s: 6012 rss: 281Mb L: 2397/4096 MS: 1 ChangeBinInt-
#120255	REDUCE cov: 874 ft: 3294 corp: 663/492Kb lim: 4096 exec/s: 6012 rss: 281Mb L: 1793/4096 MS: 1 EraseBytes-
#120472	NEW    cov: 874 ft: 3299 corp: 664/492Kb lim: 4096 exec/s: 6023 rss: 281Mb L: 102/4096 MS: 2 ShuffleBytes-PersAutoDict- DE: " not \\3er \\3al \\4ful \\4ive \\5less \\4es"-
#120619	REDUCE cov: 874 ft: 3299 corp: 664/492Kb lim: 4096 exec/s: 5743 rss: 281Mb L: 104/4096 MS: 2 ChangeBit-EraseBytes-
#120647	REDUCE cov: 874 ft: 3299 corp: 664/492Kb lim: 4096 exec/s: 5745 rss: 281Mb L: 445/4096 MS: 3 PersAutoDict-ManualDict-EraseBytes- DE: "\000\000\000\372"-"needs more output"-
#120729	NEW    cov: 874 ft: 3306 corp: 665/492Kb lim: 4096 exec/s: 5749 rss: 281Mb L: 68/4096 MS: 2 PersAutoDict-ChangeByte- DE: "\000\000\000\377"-
#120796	NEW    cov: 874 ft: 3307 corp: 666/496Kb lim: 4096 exec/s: 5752 rss: 281Mb L: 4056/4096 MS: 2 CopyPart-InsertRepeatedBytes-
#120863	REDUCE cov: 874 ft: 3307 corp: 666/495Kb lim: 4096 exec/s: 5755 rss: 281Mb L: 1349/4096 MS: 2 ManualDict-EraseBytes- DE: "needs more output"-
#121145	REDUCE cov: 874 ft: 3307 corp: 666/495Kb lim: 4096 exec/s: 5768 rss: 281Mb L: 383/4096 MS: 2 PersAutoDict-EraseBytes- DE: "\377\377\010\364"-
#121187	REDUCE cov: 874 ft: 3307 corp: 666/495Kb lim: 4096 exec/s: 5770 rss: 281Mb L: 2738/4096 MS: 2 EraseBytes-ManualDict- DE: "needs more input"-
#121190	REDUCE cov: 874 ft: 3307 corp: 666/495Kb lim: 4096 exec/s: 5770 rss: 281Mb L: 20/4096 MS: 3 ShuffleBytes-ChangeByte-EraseBytes-
#121286	REDUCE cov: 874 ft: 3307 corp: 666/495Kb lim: 4096 exec/s: 5775 rss: 281Mb L: 79/4096 MS: 1 EraseBytes-
#121300	REDUCE cov: 874 ft: 3307 corp: 666/495Kb lim: 4096 exec/s: 5776 rss: 281Mb L: 209/4096 MS: 4 ManualDict-ChangeBinInt-CrossOver-CrossOver- DE: " not \\3er \\3al \\4ful \\4ive \\5less \\4es"-
#121341	REDUCE cov: 874 ft: 3307 corp: 666/495Kb lim: 4096 exec/s: 5778 rss: 281Mb L: 193/4096 MS: 1 EraseBytes-
#121352	REDUCE cov: 874 ft: 3307 corp: 666/494Kb lim: 4096 exec/s: 5778 rss: 281Mb L: 2977/4096 MS: 1 EraseBytes-
#121500	REDUCE cov: 874 ft: 3307 corp: 666/494Kb lim: 4096 exec/s: 5785 rss: 281Mb L: 51/4096 MS: 3 ChangeBit-ChangeASCIIInt-EraseBytes-
#121771	REDUCE cov: 874 ft: 3307 corp: 666/494Kb lim: 4096 exec/s: 5798 rss: 281Mb L: 166/4096 MS: 1 EraseBytes-
#121781	NEW    cov: 874 ft: 3308 corp: 667/495Kb lim: 4096 exec/s: 5799 rss: 281Mb L: 139/4096 MS: 5 InsertRepeatedBytes-InsertRepeatedBytes-PersAutoDict-InsertByte-EraseBytes- DE: "\004\000\000\000\000\000\000\000"-
#121837	REDUCE cov: 874 ft: 3311 corp: 668/495Kb lim: 4096 exec/s: 5801 rss: 281Mb L: 150/4096 MS: 1 ManualDict- DE: "that \\1\\'\\6 with \\6 from \\4 by \\1(\\6. T"-
#121918	REDUCE cov: 874 ft: 3311 corp: 668/495Kb lim: 4096 exec/s: 5805 rss: 281Mb L: 165/4096 MS: 1 EraseBytes-
#122052	REDUCE cov: 874 ft: 3311 corp: 668/494Kb lim: 4096 exec/s: 5812 rss: 281Mb L: 1833/4096 MS: 4 CrossOver-ChangeASCIIInt-ChangeASCIIInt-CrossOver-
#122263	REDUCE cov: 874 ft: 3311 corp: 668/494Kb lim: 4096 exec/s: 5822 rss: 281Mb L: 46/4096 MS: 1 EraseBytes-
#122284	REDUCE cov: 874 ft: 3311 corp: 668/494Kb lim: 4096 exec/s: 5823 rss: 281Mb L: 166/4096 MS: 1 EraseBytes-
#122370	REDUCE cov: 874 ft: 3311 corp: 668/494Kb lim: 4096 exec/s: 5827 rss: 281Mb L: 45/4096 MS: 1 EraseBytes-
#122436	REDUCE cov: 874 ft: 3311 corp: 668/494Kb lim: 4096 exec/s: 5830 rss: 281Mb L: 2407/4096 MS: 1 EraseBytes-
#122702	REDUCE cov: 874 ft: 3311 corp: 668/493Kb lim: 4096 exec/s: 5842 rss: 281Mb L: 442/4096 MS: 1 EraseBytes-
#122728	REDUCE cov: 874 ft: 3311 corp: 668/493Kb lim: 4096 exec/s: 5844 rss: 281Mb L: 30/4096 MS: 1 EraseBytes-
#122764	REDUCE cov: 874 ft: 3311 corp: 668/493Kb lim: 4096 exec/s: 5845 rss: 281Mb L: 23/4096 MS: 1 EraseBytes-
#122771	REDUCE cov: 874 ft: 3311 corp: 668/493Kb lim: 4096 exec/s: 5846 rss: 281Mb L: 21/4096 MS: 2 ChangeBinInt-EraseBytes-
#122819	NEW    cov: 874 ft: 3316 corp: 669/493Kb lim: 4096 exec/s: 5848 rss: 281Mb L: 74/4096 MS: 3 ChangeByte-ChangeBit-EraseBytes-
#122931	NEW    cov: 874 ft: 3324 corp: 670/494Kb lim: 4096 exec/s: 5853 rss: 281Mb L: 201/4096 MS: 2 ChangeBit-CopyPart-
#123077	REDUCE cov: 874 ft: 3324 corp: 670/494Kb lim: 4096 exec/s: 5860 rss: 281Mb L: 4/4096 MS: 1 EraseBytes-
#123203	NEW    cov: 874 ft: 3327 corp: 671/494Kb lim: 4096 exec/s: 5866 rss: 281Mb L: 199/4096 MS: 5 CrossOver-CopyPart-ManualDict-InsertRepeatedBytes-InsertByte- DE: "INVALID"-
#123235	REDUCE cov: 874 ft: 3327 corp: 671/494Kb lim: 4096 exec/s: 5868 rss: 281Mb L: 2270/4096 MS: 2 CrossOver-EraseBytes-
#123431	REDUCE cov: 874 ft: 3327 corp: 671/494Kb lim: 4096 exec/s: 5877 rss: 281Mb L: 209/4096 MS: 1 EraseBytes-
#123514	REDUCE cov: 874 ft: 3327 corp: 671/493Kb lim: 4096 exec/s: 5881 rss: 281Mb L: 425/4096 MS: 3 ChangeASCIIInt-CMP-EraseBytes- DE: "\002\000\000\000"-
#123775	REDUCE cov: 874 ft: 3327 corp: 671/493Kb lim: 4096 exec/s: 5894 rss: 281Mb L: 19/4096 MS: 1 EraseBytes-
#123884	REDUCE cov: 874 ft: 3327 corp: 671/493Kb lim: 4096 exec/s: 5899 rss: 281Mb L: 157/4096 MS: 4 ChangeBit-CopyPart-ChangeByte-CrossOver-
#124006	REDUCE cov: 874 ft: 3327 corp: 671/493Kb lim: 4096 exec/s: 5905 rss: 281Mb L: 1479/4096 MS: 2 ChangeByte-EraseBytes-
#124012	REDUCE cov: 874 ft: 3327 corp: 671/493Kb lim: 4096 exec/s: 5905 rss: 281Mb L: 229/4096 MS: 1 EraseBytes-
#124019	REDUCE cov: 874 ft: 3327 corp: 671/493Kb lim: 4096 exec/s: 5905 rss: 281Mb L: 112/4096 MS: 2 ChangeBinInt-EraseBytes-
#124101	REDUCE cov: 874 ft: 3327 corp: 671/493Kb lim: 4096 exec/s: 5909 rss: 281Mb L: 382/4096 MS: 2 ChangeBit-EraseBytes-
#124130	REDUCE cov: 874 ft: 3327 corp: 671/493Kb lim: 4096 exec/s: 5910 rss: 281Mb L: 109/4096 MS: 4 CopyPart-ChangeByte-ChangeByte-EraseBytes-
#124137	REDUCE cov: 874 ft: 3327 corp: 671/492Kb lim: 4096 exec/s: 5911 rss: 281Mb L: 1099/4096 MS: 2 ChangeByte-EraseBytes-
#124163	REDUCE cov: 874 ft: 3327 corp: 671/492Kb lim: 4096 exec/s: 5912 rss: 281Mb L: 2325/4096 MS: 1 EraseBytes-
#124204	REDUCE cov: 874 ft: 3327 corp: 671/492Kb lim: 4096 exec/s: 5914 rss: 281Mb L: 92/4096 MS: 1 EraseBytes-
#124374	REDUCE cov: 874 ft: 3327 corp: 671/491Kb lim: 4096 exec/s: 5922 rss: 281Mb L: 326/4096 MS: 5 ManualDict-InsertByte-PersAutoDict-CrossOver-EraseBytes- DE: "[]"-"t \\4ize \\2\\xc2\\xa0\\4ous \\5 the \\2e "-
#124605	REDUCE cov: 874 ft: 3327 corp: 671/491Kb lim: 4096 exec/s: 5933 rss: 281Mb L: 2/4096 MS: 1 EraseBytes-
#124646	REDUCE cov: 874 ft: 3327 corp: 671/491Kb lim: 4096 exec/s: 5935 rss: 281Mb L: 29/4096 MS: 1 EraseBytes-
#125300	REDUCE cov: 874 ft: 3327 corp: 671/491Kb lim: 4096 exec/s: 5966 rss: 281Mb L: 352/4096 MS: 4 InsertByte-ChangeBit-InsertRepeatedBytes-EraseBytes-
#125641	REDUCE cov: 874 ft: 3327 corp: 671/491Kb lim: 4096 exec/s: 5982 rss: 281Mb L: 147/4096 MS: 1 EraseBytes-
#125811	REDUCE cov: 874 ft: 3327 corp: 671/491Kb lim: 4096 exec/s: 5718 rss: 281Mb L: 90/4096 MS: 5 ManualDict-PersAutoDict-InsertByte-ChangeBit-EraseBytes- DE: "Large Window Brotli"-"\000\000\000\000\000\000\000\004"-
#126237	REDUCE cov: 874 ft: 3327 corp: 671/491Kb lim: 4096 exec/s: 5738 rss: 281Mb L: 1840/4096 MS: 1 EraseBytes-
#126494	REDUCE cov: 874 ft: 3328 corp: 672/491Kb lim: 4096 exec/s: 5749 rss: 281Mb L: 42/4096 MS: 2 InsertByte-ChangeByte-
#126512	REDUCE cov: 874 ft: 3328 corp: 672/491Kb lim: 4096 exec/s: 5750 rss: 281Mb L: 18/4096 MS: 3 ChangeBinInt-ShuffleBytes-EraseBytes-
#126678	REDUCE cov: 874 ft: 3328 corp: 672/491Kb lim: 4096 exec/s: 5758 rss: 281Mb L: 11/4096 MS: 1 EraseBytes-
#126693	NEW    cov: 875 ft: 3329 corp: 673/491Kb lim: 4096 exec/s: 5758 rss: 281Mb L: 16/4096 MS: 5 EraseBytes-InsertByte-CopyPart-InsertByte-CMP- DE: "\032\000\000\000"-
#126746	REDUCE cov: 875 ft: 3329 corp: 673/491Kb lim: 4096 exec/s: 5761 rss: 281Mb L: 37/4096 MS: 3 ManualDict-EraseBytes-EraseBytes- DE: "Large Window Brotli"-
#126886	REDUCE cov: 875 ft: 3330 corp: 674/491Kb lim: 4096 exec/s: 5767 rss: 281Mb L: 185/4096 MS: 5 ChangeBinInt-ManualDict-ChangeASCIIInt-EraseBytes-CrossOver- DE: "needs more input"-
#126912	NEW    cov: 875 ft: 3331 corp: 675/491Kb lim: 4096 exec/s: 5768 rss: 281Mb L: 201/4096 MS: 1 ChangeBinInt-
#127001	REDUCE cov: 875 ft: 3331 corp: 675/491Kb lim: 4096 exec/s: 5772 rss: 281Mb L: 2127/4096 MS: 4 PersAutoDict-PersAutoDict-InsertByte-EraseBytes- DE: "\000\032"-"\377\377\377\207"-
#127045	REDUCE cov: 875 ft: 3331 corp: 675/491Kb lim: 4096 exec/s: 5774 rss: 281Mb L: 151/4096 MS: 4 CrossOver-ChangeByte-InsertRepeatedBytes-EraseBytes-
#127177	REDUCE cov: 875 ft: 3331 corp: 675/491Kb lim: 4096 exec/s: 5780 rss: 281Mb L: 43/4096 MS: 2 ShuffleBytes-EraseBytes-
#127188	REDUCE cov: 875 ft: 3331 corp: 675/491Kb lim: 4096 exec/s: 5781 rss: 281Mb L: 45/4096 MS: 1 EraseBytes-
#127204	REDUCE cov: 875 ft: 3331 corp: 675/491Kb lim: 4096 exec/s: 5782 rss: 281Mb L: 3644/4096 MS: 1 EraseBytes-
#127245	REDUCE cov: 875 ft: 3331 corp: 675/491Kb lim: 4096 exec/s: 5783 rss: 281Mb L: 46/4096 MS: 1 EraseBytes-
#127392	REDUCE cov: 875 ft: 3331 corp: 675/490Kb lim: 4096 exec/s: 5790 rss: 281Mb L: 117/4096 MS: 2 PersAutoDict-EraseBytes- DE: "+\006\000\000"-
#127455	REDUCE cov: 875 ft: 3331 corp: 675/490Kb lim: 4096 exec/s: 5793 rss: 281Mb L: 66/4096 MS: 3 ChangeBit-InsertRepeatedBytes-EraseBytes-
#127461	REDUCE cov: 875 ft: 3331 corp: 675/490Kb lim: 4096 exec/s: 5793 rss: 281Mb L: 28/4096 MS: 1 EraseBytes-
#127643	NEW    cov: 875 ft: 3332 corp: 676/491Kb lim: 4096 exec/s: 5801 rss: 281Mb L: 257/4096 MS: 2 ChangeBit-CopyPart-
#127659	NEW    cov: 875 ft: 3335 corp: 677/491Kb lim: 4096 exec/s: 5802 rss: 281Mb L: 8/4096 MS: 1 ChangeByte-
#127760	REDUCE cov: 875 ft: 3335 corp: 677/491Kb lim: 4096 exec/s: 5807 rss: 281Mb L: 38/4096 MS: 1 EraseBytes-
#127797	REDUCE cov: 875 ft: 3335 corp: 677/491Kb lim: 4096 exec/s: 5808 rss: 281Mb L: 16/4096 MS: 2 ChangeBit-EraseBytes-
#128218	REDUCE cov: 875 ft: 3335 corp: 677/491Kb lim: 4096 exec/s: 5828 rss: 281Mb L: 796/4096 MS: 1 EraseBytes-
#128227	REDUCE cov: 875 ft: 3337 corp: 678/491Kb lim: 4096 exec/s: 5828 rss: 281Mb L: 22/4096 MS: 4 PersAutoDict-ChangeByte-PersAutoDict-CopyPart- DE: "\000\004"-"9\000\000\000\000\000\000\000"-
#128263	REDUCE cov: 875 ft: 3337 corp: 678/491Kb lim: 4096 exec/s: 5830 rss: 281Mb L: 39/4096 MS: 1 EraseBytes-
#128456	REDUCE cov: 875 ft: 3337 corp: 678/490Kb lim: 4096 exec/s: 5838 rss: 281Mb L: 1746/4096 MS: 1 EraseBytes-
#128472	NEW    cov: 878 ft: 3353 corp: 679/490Kb lim: 4096 exec/s: 5839 rss: 281Mb L: 33/4096 MS: 1 ChangeByte-
#128568	REDUCE cov: 878 ft: 3353 corp: 679/490Kb lim: 4096 exec/s: 5844 rss: 281Mb L: 105/4096 MS: 1 EraseBytes-
#128814	REDUCE cov: 878 ft: 3353 corp: 679/490Kb lim: 4096 exec/s: 5855 rss: 281Mb L: 213/4096 MS: 1 EraseBytes-
#128920	REDUCE cov: 878 ft: 3353 corp: 679/490Kb lim: 4096 exec/s: 5860 rss: 281Mb L: 127/4096 MS: 1 EraseBytes-
#128991	REDUCE cov: 878 ft: 3353 corp: 679/490Kb lim: 4096 exec/s: 5863 rss: 281Mb L: 111/4096 MS: 1 EraseBytes-
#129017	REDUCE cov: 878 ft: 3353 corp: 679/490Kb lim: 4096 exec/s: 5864 rss: 281Mb L: 15/4096 MS: 1 EraseBytes-
#129125	REDUCE cov: 878 ft: 3353 corp: 679/490Kb lim: 4096 exec/s: 5869 rss: 281Mb L: 9/4096 MS: 3 CrossOver-EraseBytes-ChangeByte-
#129152	REDUCE cov: 878 ft: 3353 corp: 679/490Kb lim: 4096 exec/s: 5870 rss: 281Mb L: 181/4096 MS: 2 ChangeBinInt-EraseBytes-
#129282	REDUCE cov: 878 ft: 3353 corp: 679/490Kb lim: 4096 exec/s: 5876 rss: 281Mb L: 93/4096 MS: 5 CopyPart-ChangeByte-InsertByte-CopyPart-EraseBytes-
#129323	REDUCE cov: 878 ft: 3353 corp: 679/489Kb lim: 4096 exec/s: 5878 rss: 281Mb L: 982/4096 MS: 1 EraseBytes-
#129574	REDUCE cov: 878 ft: 3353 corp: 679/489Kb lim: 4096 exec/s: 5889 rss: 281Mb L: 38/4096 MS: 1 EraseBytes-
#129672	REDUCE cov: 878 ft: 3353 corp: 679/489Kb lim: 4096 exec/s: 5894 rss: 281Mb L: 3444/4096 MS: 3 EraseBytes-ChangeBit-CopyPart-
#129891	REDUCE cov: 878 ft: 3353 corp: 679/489Kb lim: 4096 exec/s: 5904 rss: 281Mb L: 2387/4096 MS: 4 ChangeBinInt-ManualDict-EraseBytes-ShuffleBytes- DE: "needs more output"-
#130042	NEW    cov: 878 ft: 3355 corp: 680/489Kb lim: 4096 exec/s: 5911 rss: 281Mb L: 33/4096 MS: 1 ChangeBit-
#130513	REDUCE cov: 878 ft: 3355 corp: 680/489Kb lim: 4096 exec/s: 5674 rss: 281Mb L: 47/4096 MS: 1 EraseBytes-
#130528	REDUCE cov: 878 ft: 3355 corp: 680/489Kb lim: 4096 exec/s: 5675 rss: 281Mb L: 73/4096 MS: 5 InsertByte-ShuffleBytes-CopyPart-InsertRepeatedBytes-EraseBytes-
#130658	REDUCE cov: 878 ft: 3357 corp: 681/489Kb lim: 4096 exec/s: 5680 rss: 281Mb L: 67/4096 MS: 5 PersAutoDict-ChangeBit-ShuffleBytes-ShuffleBytes-InsertByte- DE: "Regular"-
#130984	REDUCE cov: 878 ft: 3357 corp: 681/489Kb lim: 4096 exec/s: 5694 rss: 281Mb L: 529/4096 MS: 1 EraseBytes-
#131072	pulse  cov: 878 ft: 3357 corp: 681/489Kb lim: 4096 exec/s: 5698 rss: 281Mb
#131105	NEW    cov: 878 ft: 3358 corp: 682/489Kb lim: 4096 exec/s: 5700 rss: 281Mb L: 96/4096 MS: 1 CrossOver-
#131146	REDUCE cov: 878 ft: 3358 corp: 682/489Kb lim: 4096 exec/s: 5702 rss: 281Mb L: 628/4096 MS: 1 EraseBytes-
#131172	REDUCE cov: 878 ft: 3358 corp: 682/489Kb lim: 4096 exec/s: 5703 rss: 281Mb L: 2588/4096 MS: 1 EraseBytes-
#131273	REDUCE cov: 878 ft: 3358 corp: 682/489Kb lim: 4096 exec/s: 5707 rss: 281Mb L: 59/4096 MS: 1 EraseBytes-
#131554	REDUCE cov: 878 ft: 3358 corp: 682/489Kb lim: 4096 exec/s: 5719 rss: 281Mb L: 60/4096 MS: 1 EraseBytes-
#132155	REDUCE cov: 878 ft: 3358 corp: 682/489Kb lim: 4096 exec/s: 5745 rss: 281Mb L: 19/4096 MS: 1 EraseBytes-
#132351	REDUCE cov: 878 ft: 3358 corp: 682/489Kb lim: 4096 exec/s: 5754 rss: 281Mb L: 84/4096 MS: 1 EraseBytes-
#132538	REDUCE cov: 878 ft: 3358 corp: 682/489Kb lim: 4096 exec/s: 5762 rss: 281Mb L: 4/4096 MS: 2 CopyPart-EraseBytes-
#132639	REDUCE cov: 878 ft: 3358 corp: 682/489Kb lim: 4096 exec/s: 5766 rss: 281Mb L: 1484/4096 MS: 1 EraseBytes-
#132699	REDUCE cov: 878 ft: 3358 corp: 682/489Kb lim: 4096 exec/s: 5769 rss: 281Mb L: 269/4096 MS: 5 InsertByte-CMP-ChangeBinInt-EraseBytes-EraseBytes- DE: "\000\000\020z"-
#132785	REDUCE cov: 878 ft: 3358 corp: 682/489Kb lim: 4096 exec/s: 5773 rss: 281Mb L: 29/4096 MS: 1 EraseBytes-
#132905	REDUCE cov: 878 ft: 3358 corp: 682/489Kb lim: 4096 exec/s: 5778 rss: 281Mb L: 56/4096 MS: 5 InsertByte-ChangeBinInt-CopyPart-CopyPart-EraseBytes-
#132956	REDUCE cov: 878 ft: 3358 corp: 682/489Kb lim: 4096 exec/s: 5780 rss: 281Mb L: 17/4096 MS: 1 EraseBytes-
#133005	REDUCE cov: 878 ft: 3358 corp: 682/489Kb lim: 4096 exec/s: 5782 rss: 281Mb L: 29/4096 MS: 4 CrossOver-InsertByte-EraseBytes-EraseBytes-
#133033	REDUCE cov: 878 ft: 3358 corp: 682/489Kb lim: 4096 exec/s: 5784 rss: 281Mb L: 17/4096 MS: 3 CopyPart-ChangeBit-EraseBytes-
#133094	REDUCE cov: 878 ft: 3358 corp: 682/488Kb lim: 4096 exec/s: 5786 rss: 281Mb L: 2527/4096 MS: 1 EraseBytes-
#133180	REDUCE cov: 878 ft: 3358 corp: 682/488Kb lim: 4096 exec/s: 5790 rss: 281Mb L: 26/4096 MS: 1 EraseBytes-
#133273	REDUCE cov: 878 ft: 3358 corp: 682/488Kb lim: 4096 exec/s: 5794 rss: 281Mb L: 304/4096 MS: 3 CrossOver-ChangeBit-EraseBytes-
#133424	REDUCE cov: 878 ft: 3358 corp: 682/488Kb lim: 4096 exec/s: 5801 rss: 281Mb L: 15/4096 MS: 1 EraseBytes-
#133810	REDUCE cov: 878 ft: 3358 corp: 682/488Kb lim: 4096 exec/s: 5817 rss: 281Mb L: 2/4096 MS: 1 EraseBytes-
#133831	NEW    cov: 878 ft: 3360 corp: 683/488Kb lim: 4096 exec/s: 5818 rss: 281Mb L: 185/4096 MS: 1 CMP- DE: "\001\000\003\036"-
#134017	REDUCE cov: 878 ft: 3360 corp: 683/488Kb lim: 4096 exec/s: 5826 rss: 281Mb L: 139/4096 MS: 1 EraseBytes-
#134174	REDUCE cov: 878 ft: 3360 corp: 683/488Kb lim: 4096 exec/s: 5833 rss: 281Mb L: 591/4096 MS: 2 CopyPart-EraseBytes-
#134220	REDUCE cov: 878 ft: 3360 corp: 683/488Kb lim: 4096 exec/s: 5835 rss: 281Mb L: 61/4096 MS: 1 EraseBytes-
#134247	REDUCE cov: 878 ft: 3360 corp: 683/488Kb lim: 4096 exec/s: 5836 rss: 281Mb L: 17/4096 MS: 2 ChangeByte-EraseBytes-
#134478	REDUCE cov: 878 ft: 3360 corp: 683/488Kb lim: 4096 exec/s: 5846 rss: 281Mb L: 3906/4096 MS: 1 EraseBytes-
#134512	REDUCE cov: 878 ft: 3360 corp: 683/488Kb lim: 4096 exec/s: 5848 rss: 281Mb L: 12/4096 MS: 4 ShuffleBytes-ChangeByte-ChangeByte-EraseBytes-
#134986	REDUCE cov: 878 ft: 3360 corp: 683/488Kb lim: 4096 exec/s: 5868 rss: 281Mb L: 35/4096 MS: 4 EraseBytes-CopyPart-CrossOver-EraseBytes-
#135047	REDUCE cov: 878 ft: 3360 corp: 683/488Kb lim: 4096 exec/s: 5871 rss: 281Mb L: 23/4096 MS: 1 EraseBytes-
#135177	REDUCE cov: 878 ft: 3360 corp: 683/488Kb lim: 4096 exec/s: 5877 rss: 281Mb L: 1069/4096 MS: 5 EraseBytes-InsertByte-CopyPart-InsertByte-EraseBytes-
#135345	REDUCE cov: 878 ft: 3360 corp: 683/488Kb lim: 4096 exec/s: 5884 rss: 281Mb L: 142/4096 MS: 3 InsertByte-InsertRepeatedBytes-EraseBytes-
#135428	REDUCE cov: 878 ft: 3362 corp: 684/488Kb lim: 4096 exec/s: 5888 rss: 281Mb L: 143/4096 MS: 3 InsertByte-ShuffleBytes-ChangeBinInt-
#135455	REDUCE cov: 878 ft: 3362 corp: 684/488Kb lim: 4096 exec/s: 5889 rss: 281Mb L: 74/4096 MS: 2 InsertByte-EraseBytes-
#135478	REDUCE cov: 878 ft: 3362 corp: 684/488Kb lim: 4096 exec/s: 5890 rss: 281Mb L: 4007/4096 MS: 3 ChangeBinInt-InsertRepeatedBytes-CrossOver-
#135539	REDUCE cov: 878 ft: 3362 corp: 684/488Kb lim: 4096 exec/s: 5647 rss: 281Mb L: 781/4096 MS: 1 EraseBytes-
#135721	REDUCE cov: 878 ft: 3362 corp: 684/488Kb lim: 4096 exec/s: 5655 rss: 281Mb L: 167/4096 MS: 2 PersAutoDict-EraseBytes- DE: "\001\022"-
#136145	REDUCE cov: 878 ft: 3362 corp: 684/487Kb lim: 4096 exec/s: 5672 rss: 281Mb L: 53/4096 MS: 4 ChangeBinInt-InsertRepeatedBytes-ChangeBit-EraseBytes-
#136289	REDUCE cov: 878 ft: 3362 corp: 684/487Kb lim: 4096 exec/s: 5678 rss: 281Mb L: 84/4096 MS: 4 InsertRepeatedBytes-ChangeBinInt-ChangeASCIIInt-EraseBytes-
#136326	REDUCE cov: 878 ft: 3366 corp: 685/488Kb lim: 4096 exec/s: 5680 rss: 281Mb L: 92/4096 MS: 2 CMP-ChangeBinInt- DE: "\377\377\377\377\377\377\377\344"-
#136466	REDUCE cov: 878 ft: 3366 corp: 685/488Kb lim: 4096 exec/s: 5686 rss: 281Mb L: 156/4096 MS: 5 InsertRepeatedBytes-ShuffleBytes-CMP-ChangeBinInt-EraseBytes- DE: "\000\000\011\220"-
#136521	REDUCE cov: 878 ft: 3366 corp: 685/488Kb lim: 4096 exec/s: 5688 rss: 281Mb L: 135/4096 MS: 5 ChangeASCIIInt-ChangeBinInt-ChangeByte-EraseBytes-InsertByte-
#136826	REDUCE cov: 878 ft: 3366 corp: 685/486Kb lim: 4096 exec/s: 5701 rss: 281Mb L: 1646/4096 MS: 5 PersAutoDict-EraseBytes-EraseBytes-ChangeASCIIInt-InsertByte- DE: "\000\000\000\001"-
#136867	REDUCE cov: 878 ft: 3366 corp: 685/486Kb lim: 4096 exec/s: 5702 rss: 281Mb L: 2546/4096 MS: 1 EraseBytes-
#137183	REDUCE cov: 878 ft: 3366 corp: 685/486Kb lim: 4096 exec/s: 5715 rss: 281Mb L: 17/4096 MS: 1 EraseBytes-
#137249	REDUCE cov: 878 ft: 3366 corp: 685/486Kb lim: 4096 exec/s: 5718 rss: 281Mb L: 53/4096 MS: 1 EraseBytes-
#137433	REDUCE cov: 878 ft: 3366 corp: 685/486Kb lim: 4096 exec/s: 5726 rss: 281Mb L: 32/4096 MS: 4 PersAutoDict-CMP-InsertByte-EraseBytes- DE: "\376\377\377\377\377\377\377\321"-"\376\377\377\364"-
#137514	NEW    cov: 878 ft: 3369 corp: 686/486Kb lim: 4096 exec/s: 5729 rss: 281Mb L: 42/4096 MS: 1 ChangeBinInt-
#137518	REDUCE cov: 878 ft: 3369 corp: 686/486Kb lim: 4096 exec/s: 5729 rss: 281Mb L: 764/4096 MS: 4 PersAutoDict-ChangeByte-ManualDict-EraseBytes- DE: "\011\000"-"needs more input"-
#137734	REDUCE cov: 878 ft: 3369 corp: 686/486Kb lim: 4096 exec/s: 5738 rss: 281Mb L: 61/4096 MS: 1 EraseBytes-
#137790	REDUCE cov: 878 ft: 3369 corp: 686/486Kb lim: 4096 exec/s: 5741 rss: 281Mb L: 286/4096 MS: 1 EraseBytes-
#138076	REDUCE cov: 878 ft: 3369 corp: 686/486Kb lim: 4096 exec/s: 5753 rss: 281Mb L: 56/4096 MS: 1 EraseBytes-
#138152	REDUCE cov: 878 ft: 3369 corp: 686/485Kb lim: 4096 exec/s: 5756 rss: 281Mb L: 565/4096 MS: 1 EraseBytes-
#138386	NEW    cov: 878 ft: 3370 corp: 687/486Kb lim: 4096 exec/s: 5766 rss: 281Mb L: 554/4096 MS: 4 CrossOver-ChangeASCIIInt-InsertRepeatedBytes-CopyPart-
#138500	NEW    cov: 878 ft: 3371 corp: 688/486Kb lim: 4096 exec/s: 5770 rss: 281Mb L: 463/4096 MS: 4 ChangeBit-ChangeASCIIInt-ShuffleBytes-EraseBytes-
#138662	REDUCE cov: 878 ft: 3371 corp: 688/486Kb lim: 4096 exec/s: 5777 rss: 281Mb L: 636/4096 MS: 2 EraseBytes-InsertRepeatedBytes-
#138849	REDUCE cov: 878 ft: 3371 corp: 688/486Kb lim: 4096 exec/s: 5785 rss: 281Mb L: 55/4096 MS: 2 PersAutoDict-EraseBytes- DE: "\033\000"-
#138891	REDUCE cov: 878 ft: 3371 corp: 688/486Kb lim: 4096 exec/s: 5787 rss: 281Mb L: 22/4096 MS: 2 CrossOver-EraseBytes-
#138977	REDUCE cov: 878 ft: 3371 corp: 688/486Kb lim: 4096 exec/s: 5790 rss: 281Mb L: 105/4096 MS: 1 EraseBytes-
#138993	NEW    cov: 878 ft: 3372 corp: 689/488Kb lim: 4096 exec/s: 5791 rss: 281Mb L: 2671/4096 MS: 1 InsertByte-
#139081	REDUCE cov: 878 ft: 3372 corp: 689/488Kb lim: 4096 exec/s: 5795 rss: 281Mb L: 8/4096 MS: 3 InsertByte-PersAutoDict-EraseBytes- DE: "\004\000"-
#139118	REDUCE cov: 878 ft: 3372 corp: 689/488Kb lim: 4096 exec/s: 5796 rss: 281Mb L: 93/4096 MS: 2 ShuffleBytes-EraseBytes-
#139241	REDUCE cov: 878 ft: 3373 corp: 690/488Kb lim: 4096 exec/s: 5801 rss: 281Mb L: 139/4096 MS: 3 ChangeByte-InsertRepeatedBytes-ChangeBit-
#139282	REDUCE cov: 878 ft: 3373 corp: 690/488Kb lim: 4096 exec/s: 5803 rss: 281Mb L: 2045/4096 MS: 1 EraseBytes-
#139314	REDUCE cov: 878 ft: 3373 corp: 690/488Kb lim: 4096 exec/s: 5804 rss: 281Mb L: 199/4096 MS: 2 ChangeBinInt-EraseBytes-
#139332	REDUCE cov: 878 ft: 3373 corp: 690/488Kb lim: 4096 exec/s: 5805 rss: 281Mb L: 14/4096 MS: 3 ShuffleBytes-CMP-EraseBytes- DE: "\001\000\000\215"-
#139513	REDUCE cov: 878 ft: 3373 corp: 690/488Kb lim: 4096 exec/s: 5813 rss: 281Mb L: 118/4096 MS: 1 EraseBytes-
#139605	REDUCE cov: 878 ft: 3373 corp: 690/488Kb lim: 4096 exec/s: 5816 rss: 281Mb L: 116/4096 MS: 2 PersAutoDict-EraseBytes- DE: "\000\000\000\377"-
#139631	REDUCE cov: 878 ft: 3373 corp: 690/488Kb lim: 4096 exec/s: 5817 rss: 281Mb L: 127/4096 MS: 1 EraseBytes-
#139733	REDUCE cov: 878 ft: 3373 corp: 690/488Kb lim: 4096 exec/s: 5822 rss: 281Mb L: 55/4096 MS: 2 ChangeByte-EraseBytes-
#139898	NEW    cov: 887 ft: 3382 corp: 691/488Kb lim: 4096 exec/s: 5829 rss: 281Mb L: 70/4096 MS: 5 ChangeBit-CrossOver-InsertByte-InsertByte-InsertByte-
#139946	REDUCE cov: 887 ft: 3382 corp: 691/488Kb lim: 4096 exec/s: 5597 rss: 281Mb L: 1684/4096 MS: 3 InsertByte-ChangeByte-EraseBytes-
#140066	REDUCE cov: 887 ft: 3382 corp: 691/488Kb lim: 4096 exec/s: 5602 rss: 281Mb L: 374/4096 MS: 5 InsertRepeatedBytes-ChangeBit-InsertRepeatedBytes-PersAutoDict-EraseBytes- DE: "\004\376\377\000\000\000\000\000"-
#140568	REDUCE cov: 887 ft: 3382 corp: 691/487Kb lim: 4096 exec/s: 5622 rss: 281Mb L: 2153/4096 MS: 2 ChangeBinInt-EraseBytes-
#140574	REDUCE cov: 887 ft: 3382 corp: 691/487Kb lim: 4096 exec/s: 5622 rss: 281Mb L: 165/4096 MS: 1 EraseBytes-
#140658	REDUCE cov: 887 ft: 3382 corp: 691/487Kb lim: 4096 exec/s: 5626 rss: 281Mb L: 268/4096 MS: 4 CopyPart-CMP-ChangeASCIIInt-EraseBytes- DE: "%\000\000\000\000\000\000\000"-
#140659	REDUCE cov: 887 ft: 3382 corp: 691/487Kb lim: 4096 exec/s: 5626 rss: 281Mb L: 1045/4096 MS: 1 EraseBytes-
#140755	REDUCE cov: 887 ft: 3382 corp: 691/487Kb lim: 4096 exec/s: 5630 rss: 281Mb L: 14/4096 MS: 1 EraseBytes-
#140759	REDUCE cov: 887 ft: 3382 corp: 691/487Kb lim: 4096 exec/s: 5630 rss: 281Mb L: 69/4096 MS: 4 CMP-InsertByte-CrossOver-EraseBytes- DE: "\001\000\000\000\000\000\002\300"-
#141040	REDUCE cov: 887 ft: 3382 corp: 691/487Kb lim: 4096 exec/s: 5641 rss: 281Mb L: 14/4096 MS: 1 EraseBytes-
#141106	REDUCE cov: 887 ft: 3382 corp: 691/487Kb lim: 4096 exec/s: 5644 rss: 281Mb L: 259/4096 MS: 1 EraseBytes-
#141353	NEW    cov: 890 ft: 3385 corp: 692/487Kb lim: 4096 exec/s: 5654 rss: 281Mb L: 76/4096 MS: 2 ChangeBinInt-InsertRepeatedBytes-
#141445	REDUCE cov: 890 ft: 3385 corp: 692/487Kb lim: 4096 exec/s: 5657 rss: 281Mb L: 1940/4096 MS: 2 ManualDict-CrossOver- DE: "[ProcessCommandsInternal] dictionary word: [%.*s],"-
#141561	REDUCE cov: 890 ft: 3385 corp: 692/486Kb lim: 4096 exec/s: 5662 rss: 281Mb L: 2128/4096 MS: 1 EraseBytes-
#141854	REDUCE cov: 890 ft: 3385 corp: 692/486Kb lim: 4096 exec/s: 5674 rss: 281Mb L: 604/4096 MS: 3 ChangeByte-EraseBytes-InsertRepeatedBytes-
#141882	REDUCE cov: 890 ft: 3385 corp: 692/486Kb lim: 4096 exec/s: 5675 rss: 281Mb L: 371/4096 MS: 3 InsertRepeatedBytes-ChangeBinInt-EraseBytes-
#141895	NEW    cov: 890 ft: 3386 corp: 693/490Kb lim: 4096 exec/s: 5675 rss: 281Mb L: 4088/4096 MS: 3 ChangeBinInt-InsertRepeatedBytes-ChangeByte-
#142005	REDUCE cov: 890 ft: 3386 corp: 693/490Kb lim: 4096 exec/s: 5680 rss: 281Mb L: 18/4096 MS: 5 ChangeBinInt-ChangeByte-InsertByte-ChangeASCIIInt-EraseBytes-
#142471	REDUCE cov: 890 ft: 3386 corp: 693/490Kb lim: 4096 exec/s: 5698 rss: 281Mb L: 228/4096 MS: 1 EraseBytes-
#142523	REDUCE cov: 890 ft: 3386 corp: 693/490Kb lim: 4096 exec/s: 5700 rss: 281Mb L: 23/4096 MS: 2 InsertByte-EraseBytes-
#143144	REDUCE cov: 890 ft: 3386 corp: 693/490Kb lim: 4096 exec/s: 5725 rss: 281Mb L: 489/4096 MS: 1 EraseBytes-
#143181	REDUCE cov: 890 ft: 3386 corp: 693/490Kb lim: 4096 exec/s: 5727 rss: 281Mb L: 1948/4096 MS: 2 InsertByte-EraseBytes-
#143417	NEW    cov: 890 ft: 3394 corp: 694/490Kb lim: 4096 exec/s: 5736 rss: 281Mb L: 49/4096 MS: 1 EraseBytes-
#143445	REDUCE cov: 890 ft: 3394 corp: 694/489Kb lim: 4096 exec/s: 5737 rss: 281Mb L: 3232/4096 MS: 3 ChangeASCIIInt-ChangeByte-EraseBytes-
#143581	REDUCE cov: 890 ft: 3394 corp: 694/489Kb lim: 4096 exec/s: 5743 rss: 281Mb L: 6/4096 MS: 1 EraseBytes-
#143610	REDUCE cov: 890 ft: 3394 corp: 694/489Kb lim: 4096 exec/s: 5744 rss: 281Mb L: 283/4096 MS: 4 InsertByte-InsertRepeatedBytes-EraseBytes-EraseBytes-
#144534	NEW    cov: 890 ft: 3397 corp: 695/489Kb lim: 4096 exec/s: 5559 rss: 281Mb L: 163/4096 MS: 4 EraseBytes-ManualDict-ChangeBit-ChangeByte- DE: " not \\3er \\3al \\4ful \\4ive \\5less \\4es"-
#145110	REDUCE cov: 890 ft: 3397 corp: 695/489Kb lim: 4096 exec/s: 5581 rss: 281Mb L: 63/4096 MS: 1 EraseBytes-
#145131	REDUCE cov: 890 ft: 3397 corp: 695/489Kb lim: 4096 exec/s: 5581 rss: 281Mb L: 61/4096 MS: 1 EraseBytes-
#145210	REDUCE cov: 890 ft: 3397 corp: 695/489Kb lim: 4096 exec/s: 5585 rss: 281Mb L: 89/4096 MS: 4 ChangeBinInt-InsertByte-ChangeBit-EraseBytes-
#145693	NEW    cov: 890 ft: 3398 corp: 696/489Kb lim: 4096 exec/s: 5603 rss: 281Mb L: 18/4096 MS: 3 CopyPart-InsertByte-ManualDict- DE: "INVALID"-
#145859	REDUCE cov: 890 ft: 3398 corp: 696/489Kb lim: 4096 exec/s: 5609 rss: 281Mb L: 218/4096 MS: 1 EraseBytes-
#146056	REDUCE cov: 890 ft: 3398 corp: 696/489Kb lim: 4096 exec/s: 5617 rss: 281Mb L: 1884/4096 MS: 2 ChangeASCIIInt-EraseBytes-
#146187	REDUCE cov: 890 ft: 3398 corp: 696/489Kb lim: 4096 exec/s: 5622 rss: 281Mb L: 24/4096 MS: 1 EraseBytes-
#146189	REDUCE cov: 890 ft: 3398 corp: 696/489Kb lim: 4096 exec/s: 5622 rss: 281Mb L: 156/4096 MS: 2 CrossOver-EraseBytes-
#146365	REDUCE cov: 890 ft: 3398 corp: 696/489Kb lim: 4096 exec/s: 5629 rss: 281Mb L: 70/4096 MS: 1 EraseBytes-
#146470	REDUCE cov: 890 ft: 3398 corp: 696/489Kb lim: 4096 exec/s: 5633 rss: 281Mb L: 198/4096 MS: 5 ChangeByte-CopyPart-CrossOver-InsertRepeatedBytes-EraseBytes-
#146616	REDUCE cov: 890 ft: 3398 corp: 696/489Kb lim: 4096 exec/s: 5639 rss: 281Mb L: 20/4096 MS: 1 CrossOver-
#146753	REDUCE cov: 890 ft: 3398 corp: 696/489Kb lim: 4096 exec/s: 5644 rss: 281Mb L: 82/4096 MS: 2 PersAutoDict-EraseBytes- DE: "\000\250"-
#146755	REDUCE cov: 890 ft: 3399 corp: 697/491Kb lim: 4096 exec/s: 5644 rss: 281Mb L: 2589/4096 MS: 2 ChangeBinInt-ShuffleBytes-
#147273	NEW    cov: 890 ft: 3400 corp: 698/492Kb lim: 4096 exec/s: 5664 rss: 281Mb L: 175/4096 MS: 3 PersAutoDict-InsertRepeatedBytes-PersAutoDict- DE: "\001\000\000\000\000\000\000,"-"\017\000\000\000\000\000\000\000"-
#147699	REDUCE cov: 890 ft: 3400 corp: 698/492Kb lim: 4096 exec/s: 5680 rss: 281Mb L: 4/4096 MS: 1 EraseBytes-
#147815	REDUCE cov: 890 ft: 3400 corp: 698/492Kb lim: 4096 exec/s: 5685 rss: 281Mb L: 14/4096 MS: 1 EraseBytes-
#148051	REDUCE cov: 890 ft: 3400 corp: 698/492Kb lim: 4096 exec/s: 5694 rss: 281Mb L: 56/4096 MS: 1 EraseBytes-
#148168	REDUCE cov: 890 ft: 3401 corp: 699/492Kb lim: 4096 exec/s: 5698 rss: 281Mb L: 111/4096 MS: 2 CopyPart-ManualDict- DE: " not \\3er \\3al \\4ful \\4ive \\5less \\4es"-
#148319	REDUCE cov: 890 ft: 3401 corp: 699/492Kb lim: 4096 exec/s: 5704 rss: 281Mb L: 13/4096 MS: 1 EraseBytes-
#148391	REDUCE cov: 890 ft: 3401 corp: 699/492Kb lim: 4096 exec/s: 5707 rss: 281Mb L: 57/4096 MS: 2 EraseBytes-CMP- DE: "\377\377\377\377\377\377\377="-
#148405	NEW    cov: 891 ft: 3402 corp: 700/492Kb lim: 4096 exec/s: 5707 rss: 281Mb L: 1/4096 MS: 4 ChangeByte-ShuffleBytes-ChangeByte-CrossOver-
#148556	NEW    cov: 891 ft: 3403 corp: 701/492Kb lim: 4096 exec/s: 5713 rss: 281Mb L: 188/4096 MS: 1 InsertRepeatedBytes-
#148602	NEW    cov: 891 ft: 3406 corp: 702/492Kb lim: 4096 exec/s: 5715 rss: 281Mb L: 33/4096 MS: 1 ChangeByte-
#148625	NEW    cov: 891 ft: 3407 corp: 703/492Kb lim: 4096 exec/s: 5716 rss: 281Mb L: 166/4096 MS: 3 InsertRepeatedBytes-InsertByte-ManualDict- DE: "Large Window Brotli"-
#149009	REDUCE cov: 891 ft: 3407 corp: 703/492Kb lim: 4096 exec/s: 5518 rss: 281Mb L: 80/4096 MS: 4 CMP-CrossOver-ChangeBit-EraseBytes- DE: "\377\003"-
#149291	REDUCE cov: 891 ft: 3407 corp: 703/492Kb lim: 4096 exec/s: 5529 rss: 281Mb L: 203/4096 MS: 2 ShuffleBytes-EraseBytes-
#149302	REDUCE cov: 891 ft: 3407 corp: 703/492Kb lim: 4096 exec/s: 5529 rss: 281Mb L: 15/4096 MS: 1 EraseBytes-
#149374	REDUCE cov: 891 ft: 3407 corp: 703/492Kb lim: 4096 exec/s: 5532 rss: 281Mb L: 561/4096 MS: 2 ChangeByte-EraseBytes-
#149599	REDUCE cov: 891 ft: 3407 corp: 703/492Kb lim: 4096 exec/s: 5540 rss: 281Mb L: 415/4096 MS: 5 ManualDict-PersAutoDict-CopyPart-CMP-EraseBytes- DE: "[ProcessCommandsInternal] dictionary word: [%.*s],"-"\000\000\020z"-"\000\000\000\001"-
#149666	REDUCE cov: 891 ft: 3407 corp: 703/491Kb lim: 4096 exec/s: 5543 rss: 281Mb L: 1451/4096 MS: 2 InsertRepeatedBytes-EraseBytes-
#149712	NEW    cov: 891 ft: 3408 corp: 704/491Kb lim: 4096 exec/s: 5544 rss: 281Mb L: 92/4096 MS: 1 ChangeBit-
#149738	REDUCE cov: 891 ft: 3408 corp: 704/491Kb lim: 4096 exec/s: 5545 rss: 281Mb L: 19/4096 MS: 1 EraseBytes-
#149790	REDUCE cov: 891 ft: 3408 corp: 704/491Kb lim: 4096 exec/s: 5547 rss: 281Mb L: 19/4096 MS: 2 ChangeByte-EraseBytes-
#149875	REDUCE cov: 891 ft: 3408 corp: 704/491Kb lim: 4096 exec/s: 5550 rss: 281Mb L: 266/4096 MS: 5 ShuffleBytes-PersAutoDict-ChangeByte-ManualDict-EraseBytes- DE: "\354\377\377\377\377\377\377\377"-"t \\4ize \\2\\xc2\\xa0\\4ous \\5 the \\2e "-
#150017	REDUCE cov: 891 ft: 3409 corp: 705/491Kb lim: 4096 exec/s: 5556 rss: 281Mb L: 47/4096 MS: 2 ChangeByte-ShuffleBytes-
#150123	REDUCE cov: 891 ft: 3409 corp: 705/491Kb lim: 4096 exec/s: 5560 rss: 281Mb L: 21/4096 MS: 1 EraseBytes-
#150145	NEW    cov: 894 ft: 3416 corp: 706/491Kb lim: 4096 exec/s: 5560 rss: 281Mb L: 44/4096 MS: 2 ChangeByte-EraseBytes-
#150150	REDUCE cov: 894 ft: 3418 corp: 707/491Kb lim: 4096 exec/s: 5561 rss: 281Mb L: 244/4096 MS: 5 ChangeBit-InsertRepeatedBytes-EraseBytes-CMP-InsertRepeatedBytes- DE: "A\000\000\000\000\000\000\000"-
#150166	REDUCE cov: 894 ft: 3418 corp: 707/491Kb lim: 4096 exec/s: 5561 rss: 281Mb L: 187/4096 MS: 1 EraseBytes-
#150299	REDUCE cov: 894 ft: 3418 corp: 707/491Kb lim: 4096 exec/s: 5566 rss: 281Mb L: 87/4096 MS: 3 ChangeByte-ManualDict-EraseBytes- DE: "t \\4ize \\2\\xc2\\xa0\\4ous \\5 the \\2e "-
#150360	REDUCE cov: 894 ft: 3418 corp: 707/491Kb lim: 4096 exec/s: 5568 rss: 281Mb L: 52/4096 MS: 1 EraseBytes-
#150386	REDUCE cov: 894 ft: 3418 corp: 707/491Kb lim: 4096 exec/s: 5569 rss: 281Mb L: 1579/4096 MS: 1 EraseBytes-
#150486	REDUCE cov: 894 ft: 3418 corp: 707/490Kb lim: 4096 exec/s: 5573 rss: 281Mb L: 1217/4096 MS: 5 ManualDict-CopyPart-ChangeASCIIInt-ManualDict-EraseBytes- DE: "t \\4ize \\2\\xc2\\xa0\\4ous \\5 the \\2e "-"t \\4ize \\2\\xc2\\xa0\\4ous \\5 the \\2e "-
#150498	REDUCE cov: 894 ft: 3418 corp: 707/490Kb lim: 4096 exec/s: 5574 rss: 281Mb L: 630/4096 MS: 2 ChangeBit-EraseBytes-
#150504	REDUCE cov: 894 ft: 3418 corp: 707/490Kb lim: 4096 exec/s: 5574 rss: 281Mb L: 47/4096 MS: 1 EraseBytes-
#151100	REDUCE cov: 894 ft: 3418 corp: 707/490Kb lim: 4096 exec/s: 5596 rss: 281Mb L: 31/4096 MS: 1 EraseBytes-
#151287	REDUCE cov: 894 ft: 3418 corp: 707/490Kb lim: 4096 exec/s: 5603 rss: 281Mb L: 100/4096 MS: 2 ShuffleBytes-EraseBytes-
#151592	REDUCE cov: 894 ft: 3418 corp: 707/490Kb lim: 4096 exec/s: 5614 rss: 281Mb L: 198/4096 MS: 5 CMP-EraseBytes-ShuffleBytes-ChangeByte-ChangeBinInt- DE: "\001\000\000\000"-
#151666	REDUCE cov: 894 ft: 3418 corp: 707/490Kb lim: 4096 exec/s: 5617 rss: 281Mb L: 263/4096 MS: 4 ShuffleBytes-CMP-ShuffleBytes-EraseBytes- DE: "\016\000\000\000\000\000\000\000"-
#152178	REDUCE cov: 894 ft: 3418 corp: 707/490Kb lim: 4096 exec/s: 5636 rss: 281Mb L: 12/4096 MS: 2 ShuffleBytes-EraseBytes-
#152544	REDUCE cov: 894 ft: 3418 corp: 707/490Kb lim: 4096 exec/s: 5649 rss: 281Mb L: 34/4096 MS: 1 EraseBytes-
#153076	REDUCE cov: 894 ft: 3418 corp: 707/490Kb lim: 4096 exec/s: 5669 rss: 281Mb L: 448/4096 MS: 2 InsertByte-EraseBytes-
#153242	REDUCE cov: 894 ft: 3418 corp: 707/490Kb lim: 4096 exec/s: 5675 rss: 281Mb L: 54/4096 MS: 1 EraseBytes-
#153363	REDUCE cov: 894 ft: 3418 corp: 707/490Kb lim: 4096 exec/s: 5680 rss: 281Mb L: 25/4096 MS: 1 EraseBytes-
#153420	REDUCE cov: 894 ft: 3418 corp: 707/490Kb lim: 4096 exec/s: 5682 rss: 281Mb L: 48/4096 MS: 2 CMP-EraseBytes- DE: "\322\000\000\000\000\000\000\000"-
#153666	NEW    cov: 895 ft: 3420 corp: 708/490Kb lim: 4096 exec/s: 5691 rss: 281Mb L: 33/4096 MS: 1 ChangeBit-
#153709	REDUCE cov: 895 ft: 3420 corp: 708/490Kb lim: 4096 exec/s: 5692 rss: 281Mb L: 52/4096 MS: 3 ChangeByte-CrossOver-EraseBytes-
#153909	REDUCE cov: 895 ft: 3420 corp: 708/490Kb lim: 4096 exec/s: 5700 rss: 281Mb L: 72/4096 MS: 5 ShuffleBytes-InsertRepeatedBytes-ShuffleBytes-CMP-EraseBytes- DE: "\273\021"-
#153935	REDUCE cov: 895 ft: 3420 corp: 708/490Kb lim: 4096 exec/s: 5701 rss: 281Mb L: 184/4096 MS: 1 EraseBytes-
#153957	REDUCE cov: 895 ft: 3420 corp: 708/490Kb lim: 4096 exec/s: 5702 rss: 281Mb L: 16/4096 MS: 2 ChangeBit-EraseBytes-
#154426	REDUCE cov: 895 ft: 3420 corp: 708/490Kb lim: 4096 exec/s: 5515 rss: 281Mb L: 13/4096 MS: 4 PersAutoDict-PersAutoDict-InsertByte-EraseBytes- DE: "\000\003"-"\001\032"-
#154583	REDUCE cov: 895 ft: 3420 corp: 708/490Kb lim: 4096 exec/s: 5520 rss: 281Mb L: 8/4096 MS: 2 CMP-EraseBytes- DE: "\023\000\000\000"-
#154944	REDUCE cov: 895 ft: 3420 corp: 708/490Kb lim: 4096 exec/s: 5533 rss: 281Mb L: 112/4096 MS: 1 EraseBytes-
#154952	NEW    cov: 895 ft: 3436 corp: 709/490Kb lim: 4096 exec/s: 5534 rss: 281Mb L: 57/4096 MS: 3 ShuffleBytes-ChangeBit-CopyPart-
#155159	REDUCE cov: 895 ft: 3436 corp: 709/490Kb lim: 4096 exec/s: 5541 rss: 281Mb L: 372/4096 MS: 2 ChangeByte-EraseBytes-
#155173	REDUCE cov: 895 ft: 3436 corp: 709/490Kb lim: 4096 exec/s: 5541 rss: 281Mb L: 44/4096 MS: 4 ChangeBinInt-ShuffleBytes-ChangeASCIIInt-EraseBytes-
#155609	REDUCE cov: 895 ft: 3436 corp: 709/490Kb lim: 4096 exec/s: 5557 rss: 281Mb L: 14/4096 MS: 1 EraseBytes-
#155855	REDUCE cov: 895 ft: 3436 corp: 709/490Kb lim: 4096 exec/s: 5566 rss: 281Mb L: 859/4096 MS: 1 EraseBytes-
#155876	REDUCE cov: 895 ft: 3436 corp: 709/490Kb lim: 4096 exec/s: 5567 rss: 281Mb L: 11/4096 MS: 1 EraseBytes-
#155944	REDUCE cov: 895 ft: 3436 corp: 709/490Kb lim: 4096 exec/s: 5569 rss: 281Mb L: 387/4096 MS: 3 ChangeByte-EraseBytes-InsertRepeatedBytes-
#156147	REDUCE cov: 895 ft: 3436 corp: 709/490Kb lim: 4096 exec/s: 5576 rss: 281Mb L: 625/4096 MS: 3 CMP-CopyPart-EraseBytes- DE: "\005\000\000\000"-
#156193	REDUCE cov: 895 ft: 3436 corp: 709/490Kb lim: 4096 exec/s: 5578 rss: 281Mb L: 159/4096 MS: 1 EraseBytes-
#156391	NEW    cov: 896 ft: 3438 corp: 710/490Kb lim: 4096 exec/s: 5585 rss: 281Mb L: 131/4096 MS: 3 ChangeByte-InsertByte-ChangeByte-
#156407	REDUCE cov: 896 ft: 3438 corp: 710/490Kb lim: 4096 exec/s: 5585 rss: 281Mb L: 106/4096 MS: 1 EraseBytes-
#156481	REDUCE cov: 896 ft: 3440 corp: 711/490Kb lim: 4096 exec/s: 5588 rss: 281Mb L: 57/4096 MS: 4 ChangeBinInt-ManualDict-PersAutoDict-ChangeBinInt- DE: "t \\4ize \\2\\xc2\\xa0\\4ous \\5 the \\2e "-"\"\000\000\000\000\000\000\000"-
#156530	NEW    cov: 896 ft: 3442 corp: 712/490Kb lim: 4096 exec/s: 5590 rss: 281Mb L: 42/4096 MS: 4 CMP-CopyPart-EraseBytes-ShuffleBytes- DE: "\000\000\000\001"-
#156623	REDUCE cov: 896 ft: 3442 corp: 712/490Kb lim: 4096 exec/s: 5593 rss: 281Mb L: 48/4096 MS: 3 PersAutoDict-PersAutoDict-EraseBytes- DE: "\377\377\010\364"-"\344\377\377\377\377\377\377\377"-
#156729	NEW    cov: 896 ft: 3444 corp: 713/490Kb lim: 4096 exec/s: 5597 rss: 281Mb L: 59/4096 MS: 1 EraseBytes-
#157185	REDUCE cov: 896 ft: 3444 corp: 713/490Kb lim: 4096 exec/s: 5613 rss: 281Mb L: 2239/4096 MS: 1 EraseBytes-
#157281	REDUCE cov: 896 ft: 3444 corp: 713/490Kb lim: 4096 exec/s: 5617 rss: 281Mb L: 91/4096 MS: 1 EraseBytes-
#157314	REDUCE cov: 896 ft: 3444 corp: 713/490Kb lim: 4096 exec/s: 5618 rss: 281Mb L: 394/4096 MS: 3 ChangeBit-EraseBytes-ChangeBit-
#157385	REDUCE cov: 896 ft: 3444 corp: 713/490Kb lim: 4096 exec/s: 5620 rss: 281Mb L: 2212/4096 MS: 1 EraseBytes-
#157502	REDUCE cov: 896 ft: 3445 corp: 714/490Kb lim: 4096 exec/s: 5625 rss: 281Mb L: 204/4096 MS: 2 PersAutoDict-CopyPart- DE: "\005\000"-
#157778	REDUCE cov: 896 ft: 3445 corp: 714/490Kb lim: 4096 exec/s: 5634 rss: 281Mb L: 118/4096 MS: 1 EraseBytes-
#158004	REDUCE cov: 896 ft: 3445 corp: 714/490Kb lim: 4096 exec/s: 5643 rss: 281Mb L: 9/4096 MS: 1 EraseBytes-
#158071	REDUCE cov: 896 ft: 3445 corp: 714/490Kb lim: 4096 exec/s: 5645 rss: 281Mb L: 1514/4096 MS: 2 ShuffleBytes-EraseBytes-
#158092	REDUCE cov: 896 ft: 3445 corp: 714/489Kb lim: 4096 exec/s: 5646 rss: 281Mb L: 1034/4096 MS: 1 EraseBytes-
#158140	REDUCE cov: 896 ft: 3445 corp: 714/489Kb lim: 4096 exec/s: 5647 rss: 281Mb L: 203/4096 MS: 3 CopyPart-ChangeASCIIInt-EraseBytes-
#158351	REDUCE cov: 896 ft: 3445 corp: 714/489Kb lim: 4096 exec/s: 5655 rss: 281Mb L: 6/4096 MS: 1 EraseBytes-
#158468	REDUCE cov: 896 ft: 3445 corp: 714/489Kb lim: 4096 exec/s: 5659 rss: 281Mb L: 277/4096 MS: 2 ManualDict-EraseBytes- DE: "t \\4ize \\2\\xc2\\xa0\\4ous \\5 the \\2e "-
#158770	REDUCE cov: 896 ft: 3445 corp: 714/489Kb lim: 4096 exec/s: 5670 rss: 281Mb L: 448/4096 MS: 2 ChangeByte-EraseBytes-
#158932	REDUCE cov: 896 ft: 3446 corp: 715/490Kb lim: 4096 exec/s: 5676 rss: 281Mb L: 719/4096 MS: 2 ChangeBit-InsertRepeatedBytes-
#159275	REDUCE cov: 896 ft: 3446 corp: 715/490Kb lim: 4096 exec/s: 5492 rss: 281Mb L: 75/4096 MS: 3 PersAutoDict-InsertByte-EraseBytes- DE: "Regular"-
#159298	REDUCE cov: 896 ft: 3446 corp: 715/490Kb lim: 4096 exec/s: 5493 rss: 281Mb L: 1504/4096 MS: 3 ChangeBit-EraseBytes-InsertRepeatedBytes-
#159444	REDUCE cov: 896 ft: 3446 corp: 715/490Kb lim: 4096 exec/s: 5498 rss: 281Mb L: 13/4096 MS: 1 EraseBytes-
#159510	REDUCE cov: 896 ft: 3446 corp: 715/490Kb lim: 4096 exec/s: 5500 rss: 281Mb L: 180/4096 MS: 1 EraseBytes-
#159717	NEW    cov: 896 ft: 3449 corp: 716/490Kb lim: 4096 exec/s: 5507 rss: 281Mb L: 78/4096 MS: 2 ChangeBit-CopyPart-
#160104	REDUCE cov: 896 ft: 3449 corp: 716/489Kb lim: 4096 exec/s: 5520 rss: 281Mb L: 638/4096 MS: 2 ManualDict-EraseBytes- DE: "needs more output"-
#160413	REDUCE cov: 896 ft: 3449 corp: 716/489Kb lim: 4096 exec/s: 5531 rss: 281Mb L: 971/4096 MS: 4 ChangeASCIIInt-CrossOver-PersAutoDict-EraseBytes- DE: "\001\000\000\000"-
#160747	REDUCE cov: 896 ft: 3449 corp: 716/489Kb lim: 4096 exec/s: 5543 rss: 281Mb L: 199/4096 MS: 4 CMP-ChangeBit-InsertByte-EraseBytes- DE: "\000\000\000\000"-
#160849	REDUCE cov: 896 ft: 3449 corp: 716/489Kb lim: 4096 exec/s: 5546 rss: 281Mb L: 134/4096 MS: 2 ManualDict-EraseBytes- DE: "INVALID"-
#160865	REDUCE cov: 896 ft: 3449 corp: 716/489Kb lim: 4096 exec/s: 5547 rss: 281Mb L: 300/4096 MS: 1 EraseBytes-
#161086	NEW    cov: 896 ft: 3450 corp: 717/489Kb lim: 4096 exec/s: 5554 rss: 281Mb L: 59/4096 MS: 1 InsertByte-
#161318	REDUCE cov: 896 ft: 3450 corp: 717/488Kb lim: 4096 exec/s: 5562 rss: 281Mb L: 358/4096 MS: 2 ShuffleBytes-EraseBytes-
#161431	REDUCE cov: 896 ft: 3450 corp: 717/488Kb lim: 4096 exec/s: 5566 rss: 281Mb L: 89/4096 MS: 3 ManualDict-ChangeBit-EraseBytes- DE: "INVALID"-
#161801	REDUCE cov: 896 ft: 3450 corp: 717/488Kb lim: 4096 exec/s: 5579 rss: 281Mb L: 535/4096 MS: 5 ManualDict-CopyPart-PersAutoDict-InsertByte-EraseBytes- DE: "INVALID"-"\000\004"-
#162072	REDUCE cov: 896 ft: 3450 corp: 717/488Kb lim: 4096 exec/s: 5588 rss: 281Mb L: 22/4096 MS: 1 EraseBytes-
#162077	REDUCE cov: 896 ft: 3450 corp: 717/488Kb lim: 4096 exec/s: 5588 rss: 281Mb L: 20/4096 MS: 5 CrossOver-ChangeBit-ChangeByte-ChangeASCIIInt-EraseBytes-
#162247	REDUCE cov: 896 ft: 3450 corp: 717/488Kb lim: 4096 exec/s: 5594 rss: 281Mb L: 1847/4096 MS: 5 CrossOver-InsertRepeatedBytes-CrossOver-ChangeByte-EraseBytes-
#162288	REDUCE cov: 896 ft: 3450 corp: 717/487Kb lim: 4096 exec/s: 5596 rss: 281Mb L: 925/4096 MS: 1 EraseBytes-
#162476	REDUCE cov: 896 ft: 3450 corp: 717/487Kb lim: 4096 exec/s: 5602 rss: 281Mb L: 77/4096 MS: 3 EraseBytes-InsertByte-CopyPart-
#162755	REDUCE cov: 896 ft: 3450 corp: 717/487Kb lim: 4096 exec/s: 5612 rss: 281Mb L: 2070/4096 MS: 4 ShuffleBytes-ChangeASCIIInt-CrossOver-ShuffleBytes-
#163092	REDUCE cov: 896 ft: 3450 corp: 717/487Kb lim: 4096 exec/s: 5623 rss: 281Mb L: 414/4096 MS: 2 InsertByte-EraseBytes-
#163508	REDUCE cov: 896 ft: 3450 corp: 717/487Kb lim: 4096 exec/s: 5638 rss: 281Mb L: 10/4096 MS: 1 EraseBytes-
#163672	REDUCE cov: 896 ft: 3450 corp: 717/487Kb lim: 4096 exec/s: 5643 rss: 281Mb L: 143/4096 MS: 4 ChangeBit-ShuffleBytes-ChangeByte-EraseBytes-
#164058	REDUCE cov: 896 ft: 3450 corp: 717/487Kb lim: 4096 exec/s: 5657 rss: 281Mb L: 34/4096 MS: 1 EraseBytes-
#164214	REDUCE cov: 896 ft: 3450 corp: 717/487Kb lim: 4096 exec/s: 5662 rss: 281Mb L: 102/4096 MS: 1 EraseBytes-
#164246	REDUCE cov: 896 ft: 3450 corp: 717/487Kb lim: 4096 exec/s: 5663 rss: 281Mb L: 63/4096 MS: 2 ShuffleBytes-EraseBytes-
#164308	REDUCE cov: 896 ft: 3450 corp: 717/487Kb lim: 4096 exec/s: 5476 rss: 281Mb L: 24/4096 MS: 2 ChangeBinInt-EraseBytes-
#164604	REDUCE cov: 896 ft: 3451 corp: 718/487Kb lim: 4096 exec/s: 5486 rss: 281Mb L: 38/4096 MS: 1 EraseBytes-
#164845	NEW    cov: 897 ft: 3454 corp: 719/487Kb lim: 4096 exec/s: 5494 rss: 281Mb L: 15/4096 MS: 1 ChangeByte-
#164901	REDUCE cov: 897 ft: 3454 corp: 719/487Kb lim: 4096 exec/s: 5496 rss: 281Mb L: 11/4096 MS: 1 EraseBytes-
#165383	REDUCE cov: 897 ft: 3454 corp: 719/487Kb lim: 4096 exec/s: 5512 rss: 281Mb L: 815/4096 MS: 2 ChangeBit-EraseBytes-
#165599	REDUCE cov: 897 ft: 3454 corp: 719/487Kb lim: 4096 exec/s: 5519 rss: 281Mb L: 3637/4096 MS: 1 EraseBytes-
#165711	REDUCE cov: 897 ft: 3454 corp: 719/487Kb lim: 4096 exec/s: 5523 rss: 281Mb L: 14/4096 MS: 2 ChangeByte-EraseBytes-
#165869	REDUCE cov: 897 ft: 3454 corp: 719/487Kb lim: 4096 exec/s: 5528 rss: 281Mb L: 58/4096 MS: 3 ChangeBinInt-PersAutoDict-EraseBytes- DE: "3\000\000\000\000\000\000\000"-
#165990	REDUCE cov: 897 ft: 3454 corp: 719/487Kb lim: 4096 exec/s: 5533 rss: 281Mb L: 124/4096 MS: 1 EraseBytes-
#166050	NEW    cov: 897 ft: 3455 corp: 720/491Kb lim: 4096 exec/s: 5535 rss: 281Mb L: 4094/4096 MS: 5 ChangeBit-InsertByte-ChangeByte-InsertRepeatedBytes-ChangeByte-
#166061	REDUCE cov: 897 ft: 3455 corp: 720/491Kb lim: 4096 exec/s: 5535 rss: 281Mb L: 81/4096 MS: 1 EraseBytes-
#166148	REDUCE cov: 897 ft: 3456 corp: 721/493Kb lim: 4096 exec/s: 5538 rss: 281Mb L: 1892/4096 MS: 2 ManualDict-InsertByte- DE: "needs more input"-
#166291	REDUCE cov: 897 ft: 3456 corp: 721/493Kb lim: 4096 exec/s: 5543 rss: 281Mb L: 120/4096 MS: 3 EraseBytes-ShuffleBytes-CMP- DE: "\000\000\000\000\000\000\000\020"-
#166373	NEW    cov: 897 ft: 3457 corp: 722/497Kb lim: 4096 exec/s: 5545 rss: 281Mb L: 4094/4096 MS: 2 CMP-ChangeByte- DE: "\377\377\377\377\377\377\000\021"-
#166401	REDUCE cov: 897 ft: 3457 corp: 722/497Kb lim: 4096 exec/s: 5546 rss: 281Mb L: 75/4096 MS: 3 InsertByte-ManualDict-EraseBytes- DE: " not \\3er \\3al \\4ful \\4ive \\5less \\4es"-
#166653	REDUCE cov: 897 ft: 3457 corp: 722/497Kb lim: 4096 exec/s: 5555 rss: 281Mb L: 32/4096 MS: 2 ChangeBinInt-EraseBytes-
#166737	REDUCE cov: 897 ft: 3457 corp: 722/496Kb lim: 4096 exec/s: 5557 rss: 281Mb L: 84/4096 MS: 4 ChangeBit-CopyPart-ChangeByte-EraseBytes-
#166844	REDUCE cov: 897 ft: 3457 corp: 722/496Kb lim: 4096 exec/s: 5561 rss: 281Mb L: 42/4096 MS: 2 PersAutoDict-EraseBytes- DE: "[]"-
#166890	REDUCE cov: 897 ft: 3457 corp: 722/496Kb lim: 4096 exec/s: 5563 rss: 281Mb L: 41/4096 MS: 1 EraseBytes-
#166988	REDUCE cov: 897 ft: 3457 corp: 722/496Kb lim: 4096 exec/s: 5566 rss: 281Mb L: 23/4096 MS: 3 ChangeASCIIInt-InsertByte-EraseBytes-
#167039	REDUCE cov: 897 ft: 3457 corp: 722/496Kb lim: 4096 exec/s: 5567 rss: 281Mb L: 8/4096 MS: 1 EraseBytes-
#167340	NEW    cov: 897 ft: 3458 corp: 723/496Kb lim: 4096 exec/s: 5578 rss: 281Mb L: 13/4096 MS: 1 CMP- DE: ",\001\000\000"-
#167416	REDUCE cov: 897 ft: 3458 corp: 723/496Kb lim: 4096 exec/s: 5580 rss: 281Mb L: 331/4096 MS: 1 EraseBytes-
#167442	REDUCE cov: 897 ft: 3458 corp: 723/496Kb lim: 4096 exec/s: 5581 rss: 281Mb L: 44/4096 MS: 1 EraseBytes-
#167518	REDUCE cov: 897 ft: 3458 corp: 723/496Kb lim: 4096 exec/s: 5583 rss: 281Mb L: 1879/4096 MS: 1 EraseBytes-
#167561	REDUCE cov: 897 ft: 3458 corp: 723/496Kb lim: 4096 exec/s: 5585 rss: 281Mb L: 4093/4096 MS: 3 InsertByte-ChangeByte-EraseBytes-
#167699	REDUCE cov: 897 ft: 3458 corp: 723/496Kb lim: 4096 exec/s: 5589 rss: 281Mb L: 307/4096 MS: 3 InsertRepeatedBytes-PersAutoDict-EraseBytes- DE: "\376\377\377\364"-
#167705	NEW    cov: 900 ft: 3461 corp: 724/496Kb lim: 4096 exec/s: 5590 rss: 281Mb L: 33/4096 MS: 1 ChangeBinInt-
#167763	REDUCE cov: 900 ft: 3461 corp: 724/496Kb lim: 4096 exec/s: 5592 rss: 281Mb L: 257/4096 MS: 3 CrossOver-InsertRepeatedBytes-EraseBytes-
#168266	REDUCE cov: 900 ft: 3461 corp: 724/493Kb lim: 4096 exec/s: 5608 rss: 281Mb L: 1277/4096 MS: 3 CrossOver-CrossOver-ManualDict- DE: "needs more output"-
#168472	REDUCE cov: 900 ft: 3461 corp: 724/493Kb lim: 4096 exec/s: 5615 rss: 281Mb L: 85/4096 MS: 1 EraseBytes-
#168530	REDUCE cov: 900 ft: 3461 corp: 724/493Kb lim: 4096 exec/s: 5617 rss: 281Mb L: 156/4096 MS: 3 PersAutoDict-ChangeBinInt-EraseBytes- DE: "\005\000"-
#168621	REDUCE cov: 900 ft: 3461 corp: 724/493Kb lim: 4096 exec/s: 5620 rss: 281Mb L: 205/4096 MS: 1 EraseBytes-
#168829	NEW    cov: 900 ft: 3462 corp: 725/497Kb lim: 4096 exec/s: 5627 rss: 281Mb L: 3744/4096 MS: 3 ChangeBinInt-CopyPart-CopyPart-
#168904	REDUCE cov: 900 ft: 3464 corp: 726/497Kb lim: 4096 exec/s: 5630 rss: 281Mb L: 253/4096 MS: 5 EraseBytes-PersAutoDict-ChangeASCIIInt-ManualDict-PersAutoDict- DE: "\376\377\377\377\377\377\377\343"-"t \\4ize \\2\\xc2\\xa0\\4ous \\5 the \\2e "-"that \\1\\'\\6 with \\6 from \\4 by \\1(\\6. T"-
#169259	REDUCE cov: 900 ft: 3464 corp: 726/497Kb lim: 4096 exec/s: 5641 rss: 281Mb L: 60/4096 MS: 5 PersAutoDict-EraseBytes-CopyPart-CrossOver-InsertByte- DE: "\001\004\000\000"-
#169314	REDUCE cov: 900 ft: 3464 corp: 726/497Kb lim: 4096 exec/s: 5643 rss: 281Mb L: 741/4096 MS: 5 ChangeBinInt-ChangeBit-ManualDict-EraseBytes-InsertRepeatedBytes- DE: "Regular"-
#169344	REDUCE cov: 900 ft: 3464 corp: 726/497Kb lim: 4096 exec/s: 5644 rss: 281Mb L: 262/4096 MS: 5 ManualDict-EraseBytes-ShuffleBytes-ChangeBinInt-InsertByte- DE: "Regular"-
#169472	REDUCE cov: 900 ft: 3464 corp: 726/497Kb lim: 4096 exec/s: 5466 rss: 281Mb L: 217/4096 MS: 3 ChangeByte-InsertRepeatedBytes-EraseBytes-
#169687	REDUCE cov: 900 ft: 3464 corp: 726/496Kb lim: 4096 exec/s: 5473 rss: 281Mb L: 1323/4096 MS: 5 CrossOver-ChangeBit-ChangeBit-ChangeBit-EraseBytes-
#169709	REDUCE cov: 900 ft: 3464 corp: 726/496Kb lim: 4096 exec/s: 5474 rss: 281Mb L: 210/4096 MS: 2 InsertRepeatedBytes-EraseBytes-
#169904	REDUCE cov: 900 ft: 3464 corp: 726/496Kb lim: 4096 exec/s: 5480 rss: 281Mb L: 543/4096 MS: 5 ChangeBit-ChangeBinInt-ChangeASCIIInt-ManualDict-EraseBytes- DE: "[]"-
#169986	REDUCE cov: 900 ft: 3464 corp: 726/496Kb lim: 4096 exec/s: 5483 rss: 281Mb L: 283/4096 MS: 2 InsertByte-EraseBytes-
#170053	REDUCE cov: 900 ft: 3464 corp: 726/495Kb lim: 4096 exec/s: 5485 rss: 281Mb L: 3833/4096 MS: 2 EraseBytes-InsertRepeatedBytes-
#170074	REDUCE cov: 900 ft: 3464 corp: 726/495Kb lim: 4096 exec/s: 5486 rss: 281Mb L: 495/4096 MS: 1 EraseBytes-
#170596	REDUCE cov: 900 ft: 3464 corp: 726/495Kb lim: 4096 exec/s: 5503 rss: 281Mb L: 172/4096 MS: 2 ChangeBinInt-EraseBytes-
#170972	REDUCE cov: 900 ft: 3464 corp: 726/495Kb lim: 4096 exec/s: 5515 rss: 281Mb L: 29/4096 MS: 1 EraseBytes-
#171014	REDUCE cov: 900 ft: 3464 corp: 726/495Kb lim: 4096 exec/s: 5516 rss: 281Mb L: 27/4096 MS: 2 InsertByte-EraseBytes-
#171170	REDUCE cov: 900 ft: 3464 corp: 726/495Kb lim: 4096 exec/s: 5521 rss: 281Mb L: 3126/4096 MS: 1 EraseBytes-
#171318	REDUCE cov: 900 ft: 3464 corp: 726/495Kb lim: 4096 exec/s: 5526 rss: 281Mb L: 472/4096 MS: 3 ChangeByte-ChangeBinInt-EraseBytes-
#171841	REDUCE cov: 900 ft: 3464 corp: 726/495Kb lim: 4096 exec/s: 5543 rss: 281Mb L: 47/4096 MS: 3 InsertByte-ChangeBit-EraseBytes-
#172317	REDUCE cov: 900 ft: 3464 corp: 726/495Kb lim: 4096 exec/s: 5558 rss: 281Mb L: 78/4096 MS: 1 EraseBytes-
#172404	REDUCE cov: 900 ft: 3464 corp: 726/495Kb lim: 4096 exec/s: 5561 rss: 281Mb L: 35/4096 MS: 2 PersAutoDict-EraseBytes- DE: "\000\000\002\000"-
#172492	REDUCE cov: 900 ft: 3464 corp: 726/495Kb lim: 4096 exec/s: 5564 rss: 281Mb L: 19/4096 MS: 3 ChangeBinInt-CMP-EraseBytes- DE: "\001\000\000\000\000\000\000\000"-
#172665	REDUCE cov: 900 ft: 3464 corp: 726/495Kb lim: 4096 exec/s: 5569 rss: 281Mb L: 69/4096 MS: 3 ChangeASCIIInt-CrossOver-EraseBytes-
#172898	REDUCE cov: 900 ft: 3464 corp: 726/495Kb lim: 4096 exec/s: 5577 rss: 281Mb L: 8/4096 MS: 3 InsertByte-ShuffleBytes-EraseBytes-
#173490	REDUCE cov: 900 ft: 3464 corp: 726/495Kb lim: 4096 exec/s: 5596 rss: 281Mb L: 1323/4096 MS: 2 ChangeBinInt-EraseBytes-
#173493	REDUCE cov: 900 ft: 3464 corp: 726/495Kb lim: 4096 exec/s: 5596 rss: 281Mb L: 146/4096 MS: 3 ChangeBit-ShuffleBytes-EraseBytes-
#173749	REDUCE cov: 900 ft: 3464 corp: 726/495Kb lim: 4096 exec/s: 5604 rss: 281Mb L: 6/4096 MS: 1 EraseBytes-
#173785	REDUCE cov: 900 ft: 3464 corp: 726/495Kb lim: 4096 exec/s: 5605 rss: 281Mb L: 46/4096 MS: 1 EraseBytes-
#174001	REDUCE cov: 900 ft: 3464 corp: 726/495Kb lim: 4096 exec/s: 5612 rss: 281Mb L: 19/4096 MS: 1 EraseBytes-
#174164	REDUCE cov: 900 ft: 3464 corp: 726/495Kb lim: 4096 exec/s: 5618 rss: 281Mb L: 376/4096 MS: 3 InsertRepeatedBytes-ChangeBinInt-EraseBytes-
#174430	REDUCE cov: 900 ft: 3464 corp: 726/495Kb lim: 4096 exec/s: 5626 rss: 281Mb L: 101/4096 MS: 1 EraseBytes-
#175116	REDUCE cov: 900 ft: 3464 corp: 726/495Kb lim: 4096 exec/s: 5472 rss: 281Mb L: 75/4096 MS: 1 EraseBytes-
#175178	REDUCE cov: 900 ft: 3464 corp: 726/495Kb lim: 4096 exec/s: 5474 rss: 281Mb L: 34/4096 MS: 2 PersAutoDict-EraseBytes- DE: "+\006\000\000"-
#175503	NEW    cov: 900 ft: 3468 corp: 727/495Kb lim: 4096 exec/s: 5484 rss: 281Mb L: 113/4096 MS: 5 CopyPart-EraseBytes-ChangeBit-CopyPart-ManualDict- DE: "needs more output"-
#175599	REDUCE cov: 900 ft: 3468 corp: 727/495Kb lim: 4096 exec/s: 5487 rss: 281Mb L: 58/4096 MS: 1 EraseBytes-
#175831	REDUCE cov: 900 ft: 3468 corp: 727/494Kb lim: 4096 exec/s: 5494 rss: 281Mb L: 652/4096 MS: 2 PersAutoDict-EraseBytes- DE: "[]"-
#176394	REDUCE cov: 900 ft: 3468 corp: 727/494Kb lim: 4096 exec/s: 5512 rss: 281Mb L: 953/4096 MS: 3 InsertRepeatedBytes-InsertRepeatedBytes-EraseBytes-
#176453	REDUCE cov: 900 ft: 3468 corp: 727/494Kb lim: 4096 exec/s: 5514 rss: 281Mb L: 331/4096 MS: 4 CrossOver-EraseBytes-CMP-ManualDict- DE: "\367\037\000\000\000\000\000\000"-"[]"-
#176469	REDUCE cov: 900 ft: 3468 corp: 727/494Kb lim: 4096 exec/s: 5514 rss: 281Mb L: 1938/4096 MS: 1 EraseBytes-
#176584	REDUCE cov: 900 ft: 3468 corp: 727/493Kb lim: 4096 exec/s: 5518 rss: 281Mb L: 2416/4096 MS: 5 PersAutoDict-ManualDict-CrossOver-ChangeASCIIInt-EraseBytes- DE: "Regular"-"t \\4ize \\2\\xc2\\xa0\\4ous \\5 the \\2e "-
#176745	REDUCE cov: 900 ft: 3468 corp: 727/493Kb lim: 4096 exec/s: 5523 rss: 281Mb L: 57/4096 MS: 1 EraseBytes-
#176791	REDUCE cov: 900 ft: 3468 corp: 727/493Kb lim: 4096 exec/s: 5524 rss: 281Mb L: 16/4096 MS: 1 EraseBytes-
#176876	REDUCE cov: 900 ft: 3468 corp: 727/493Kb lim: 4096 exec/s: 5527 rss: 281Mb L: 14/4096 MS: 5 CopyPart-CrossOver-InsertByte-ManualDict-EraseBytes- DE: "needs more output"-
#176935	REDUCE cov: 900 ft: 3468 corp: 727/493Kb lim: 4096 exec/s: 5529 rss: 281Mb L: 692/4096 MS: 4 PersAutoDict-ChangeByte-ShuffleBytes-EraseBytes- DE: "\004\376\377\000\000\000\000\000"-
#176951	REDUCE cov: 900 ft: 3468 corp: 727/493Kb lim: 4096 exec/s: 5529 rss: 281Mb L: 96/4096 MS: 1 EraseBytes-
#176984	REDUCE cov: 900 ft: 3468 corp: 727/493Kb lim: 4096 exec/s: 5530 rss: 281Mb L: 30/4096 MS: 3 InsertByte-PersAutoDict-EraseBytes- DE: "\001\000\000\000\000\000\000\037"-
#177112	REDUCE cov: 900 ft: 3468 corp: 727/492Kb lim: 4096 exec/s: 5534 rss: 281Mb L: 1903/4096 MS: 3 InsertByte-InsertByte-EraseBytes-
#177228	NEW    cov: 900 ft: 3469 corp: 728/492Kb lim: 4096 exec/s: 5538 rss: 281Mb L: 33/4096 MS: 1 ChangeBinInt-
#177861	REDUCE cov: 900 ft: 3469 corp: 728/492Kb lim: 4096 exec/s: 5558 rss: 281Mb L: 1472/4096 MS: 3 InsertByte-InsertRepeatedBytes-EraseBytes-
#177885	REDUCE cov: 900 ft: 3469 corp: 728/492Kb lim: 4096 exec/s: 5558 rss: 281Mb L: 1589/4096 MS: 4 PersAutoDict-ShuffleBytes-ChangeBinInt-EraseBytes- DE: "\3779\000\000\000\000\000\000"-
#177919	REDUCE cov: 900 ft: 3469 corp: 728/492Kb lim: 4096 exec/s: 5559 rss: 281Mb L: 779/4096 MS: 4 InsertRepeatedBytes-ChangeByte-EraseBytes-InsertRepeatedBytes-
#178026	REDUCE cov: 900 ft: 3469 corp: 728/492Kb lim: 4096 exec/s: 5563 rss: 281Mb L: 232/4096 MS: 2 ChangeBit-EraseBytes-
#178093	REDUCE cov: 900 ft: 3469 corp: 728/491Kb lim: 4096 exec/s: 5565 rss: 281Mb L: 171/4096 MS: 2 ManualDict-EraseBytes- DE: "needs more input"-
#178132	REDUCE cov: 900 ft: 3469 corp: 728/491Kb lim: 4096 exec/s: 5566 rss: 281Mb L: 15/4096 MS: 4 EraseBytes-EraseBytes-CopyPart-InsertByte-
#178179	REDUCE cov: 900 ft: 3469 corp: 728/491Kb lim: 4096 exec/s: 5568 rss: 281Mb L: 356/4096 MS: 2 InsertByte-EraseBytes-
#178225	NEW    cov: 900 ft: 3470 corp: 729/492Kb lim: 4096 exec/s: 5569 rss: 281Mb L: 121/4096 MS: 1 CMP- DE: "\000\000\000\000\000\000\000'"-
#178461	REDUCE cov: 900 ft: 3470 corp: 729/491Kb lim: 4096 exec/s: 5576 rss: 281Mb L: 60/4096 MS: 1 EraseBytes-
#178727	REDUCE cov: 900 ft: 3470 corp: 729/491Kb lim: 4096 exec/s: 5585 rss: 281Mb L: 2188/4096 MS: 1 EraseBytes-
#178849	REDUCE cov: 900 ft: 3470 corp: 729/491Kb lim: 4096 exec/s: 5589 rss: 281Mb L: 70/4096 MS: 2 ChangeBit-EraseBytes-
#179149	REDUCE cov: 900 ft: 3470 corp: 729/491Kb lim: 4096 exec/s: 5598 rss: 281Mb L: 44/4096 MS: 5 ChangeByte-ChangeBit-InsertRepeatedBytes-ChangeByte-EraseBytes-
#179396	REDUCE cov: 900 ft: 3470 corp: 729/491Kb lim: 4096 exec/s: 5606 rss: 281Mb L: 41/4096 MS: 2 ManualDict-EraseBytes- DE: "Regular"-
#179572	NEW    cov: 900 ft: 3472 corp: 730/491Kb lim: 4096 exec/s: 5611 rss: 281Mb L: 33/4096 MS: 1 CopyPart-
#179973	NEW    cov: 900 ft: 3475 corp: 731/491Kb lim: 4096 exec/s: 5624 rss: 281Mb L: 47/4096 MS: 1 ChangeBinInt-
#180172	REDUCE cov: 900 ft: 3475 corp: 731/491Kb lim: 4096 exec/s: 5459 rss: 281Mb L: 53/4096 MS: 4 ChangeBinInt-PersAutoDict-EraseBytes-CopyPart- DE: "\377\005"-
#180449	REDUCE cov: 900 ft: 3475 corp: 731/491Kb lim: 4096 exec/s: 5468 rss: 281Mb L: 15/4096 MS: 2 PersAutoDict-EraseBytes- DE: "\377\003\000\000"-
#180478	REDUCE cov: 900 ft: 3475 corp: 731/491Kb lim: 4096 exec/s: 5469 rss: 281Mb L: 183/4096 MS: 4 ManualDict-EraseBytes-ChangeASCIIInt-CopyPart- DE: "Regular"-
#180503	REDUCE cov: 900 ft: 3475 corp: 731/491Kb lim: 4096 exec/s: 5469 rss: 281Mb L: 215/4096 MS: 5 ShuffleBytes-ChangeASCIIInt-InsertByte-EraseBytes-ManualDict- DE: "t \\4ize \\2\\xc2\\xa0\\4ous \\5 the \\2e "-
#180574	REDUCE cov: 900 ft: 3475 corp: 731/491Kb lim: 4096 exec/s: 5471 rss: 281Mb L: 1/4096 MS: 1 EraseBytes-
#180610	REDUCE cov: 900 ft: 3475 corp: 731/491Kb lim: 4096 exec/s: 5473 rss: 281Mb L: 17/4096 MS: 1 EraseBytes-
#180861	REDUCE cov: 900 ft: 3476 corp: 732/491Kb lim: 4096 exec/s: 5480 rss: 281Mb L: 49/4096 MS: 1 CrossOver-
#181177	REDUCE cov: 900 ft: 3476 corp: 732/491Kb lim: 4096 exec/s: 5490 rss: 281Mb L: 8/4096 MS: 1 EraseBytes-
#181271	REDUCE cov: 900 ft: 3476 corp: 732/491Kb lim: 4096 exec/s: 5493 rss: 281Mb L: 181/4096 MS: 4 ChangeBit-ChangeBit-EraseBytes-EraseBytes-
#181301	REDUCE cov: 900 ft: 3476 corp: 732/491Kb lim: 4096 exec/s: 5493 rss: 281Mb L: 40/4096 MS: 5 ChangeBinInt-ChangeBinInt-CopyPart-ChangeBinInt-EraseBytes-
#181662	NEW    cov: 900 ft: 3477 corp: 733/491Kb lim: 4096 exec/s: 5504 rss: 281Mb L: 114/4096 MS: 1 InsertByte-
#181983	REDUCE cov: 900 ft: 3477 corp: 733/491Kb lim: 4096 exec/s: 5514 rss: 281Mb L: 78/4096 MS: 1 EraseBytes-
#182034	REDUCE cov: 900 ft: 3477 corp: 733/491Kb lim: 4096 exec/s: 5516 rss: 281Mb L: 2227/4096 MS: 1 EraseBytes-
#182048	REDUCE cov: 900 ft: 3477 corp: 733/491Kb lim: 4096 exec/s: 5516 rss: 281Mb L: 170/4096 MS: 4 ManualDict-CMP-EraseBytes-PersAutoDict- DE: "needs more output"-"\001\000\004\000"-"\377\377\007\000"-
#182164	REDUCE cov: 900 ft: 3477 corp: 733/491Kb lim: 4096 exec/s: 5520 rss: 281Mb L: 27/4096 MS: 1 EraseBytes-
#182165	REDUCE cov: 900 ft: 3477 corp: 733/491Kb lim: 4096 exec/s: 5520 rss: 281Mb L: 97/4096 MS: 1 EraseBytes-
#182199	REDUCE cov: 900 ft: 3477 corp: 733/491Kb lim: 4096 exec/s: 5521 rss: 281Mb L: 44/4096 MS: 4 InsertByte-EraseBytes-ChangeByte-PersAutoDict- DE: "\000\000\000\377"-
#182361	REDUCE cov: 900 ft: 3477 corp: 733/491Kb lim: 4096 exec/s: 5526 rss: 281Mb L: 42/4096 MS: 2 ChangeByte-EraseBytes-
#182393	REDUCE cov: 900 ft: 3478 corp: 734/491Kb lim: 4096 exec/s: 5527 rss: 281Mb L: 78/4096 MS: 2 ChangeByte-CMP- DE: "\001 \000\000\000\000\000\000"-
#182409	REDUCE cov: 900 ft: 3478 corp: 734/491Kb lim: 4096 exec/s: 5527 rss: 281Mb L: 12/4096 MS: 1 EraseBytes-
#182413	REDUCE cov: 900 ft: 3478 corp: 734/491Kb lim: 4096 exec/s: 5527 rss: 281Mb L: 99/4096 MS: 4 ChangeBit-ChangeASCIIInt-ChangeBit-EraseBytes-
#182481	NEW    cov: 900 ft: 3480 corp: 735/493Kb lim: 4096 exec/s: 5529 rss: 281Mb L: 2070/4096 MS: 3 ShuffleBytes-ChangeBit-CrossOver-
#182841	REDUCE cov: 900 ft: 3480 corp: 735/493Kb lim: 4096 exec/s: 5540 rss: 281Mb L: 80/4096 MS: 5 ChangeBinInt-InsertRepeatedBytes-EraseBytes-InsertByte-ManualDict- DE: "Large Window Brotli"-
#182899	REDUCE cov: 900 ft: 3480 corp: 735/493Kb lim: 4096 exec/s: 5542 rss: 281Mb L: 52/4096 MS: 3 InsertByte-ChangeByte-EraseBytes-
#183037	REDUCE cov: 900 ft: 3481 corp: 736/493Kb lim: 4096 exec/s: 5546 rss: 281Mb L: 74/4096 MS: 3 PersAutoDict-PersAutoDict-ManualDict- DE: "\372\377\377\377"-"\377\377\007\000"-"t \\4ize \\2\\xc2\\xa0\\4ous \\5 the \\2e "-
#183058	REDUCE cov: 900 ft: 3481 corp: 736/492Kb lim: 4096 exec/s: 5547 rss: 281Mb L: 1491/4096 MS: 1 EraseBytes-
#183216	REDUCE cov: 900 ft: 3481 corp: 736/492Kb lim: 4096 exec/s: 5552 rss: 281Mb L: 13/4096 MS: 3 ChangeBit-ChangeByte-EraseBytes-
#183302	REDUCE cov: 900 ft: 3481 corp: 736/492Kb lim: 4096 exec/s: 5554 rss: 281Mb L: 12/4096 MS: 1 EraseBytes-
#183904	REDUCE cov: 900 ft: 3481 corp: 736/492Kb lim: 4096 exec/s: 5572 rss: 281Mb L: 8/4096 MS: 1 EraseBytes-
#183977	REDUCE cov: 900 ft: 3481 corp: 736/492Kb lim: 4096 exec/s: 5575 rss: 281Mb L: 1/4096 MS: 3 ShuffleBytes-ShuffleBytes-EraseBytes-
#184144	REDUCE cov: 900 ft: 3481 corp: 736/492Kb lim: 4096 exec/s: 5580 rss: 281Mb L: 1649/4096 MS: 2 EraseBytes-PersAutoDict- DE: "\377\377\377\207"-
#184492	REDUCE cov: 900 ft: 3481 corp: 736/490Kb lim: 4096 exec/s: 5590 rss: 281Mb L: 1479/4096 MS: 3 ShuffleBytes-CrossOver-ChangeASCIIInt-
#184564	REDUCE cov: 900 ft: 3481 corp: 736/490Kb lim: 4096 exec/s: 5592 rss: 281Mb L: 284/4096 MS: 2 ChangeByte-EraseBytes-
#184695	REDUCE cov: 900 ft: 3484 corp: 737/490Kb lim: 4096 exec/s: 5596 rss: 281Mb L: 66/4096 MS: 1 ChangeByte-
#184891	REDUCE cov: 900 ft: 3484 corp: 737/490Kb lim: 4096 exec/s: 5602 rss: 281Mb L: 73/4096 MS: 1 EraseBytes-
#184925	REDUCE cov: 900 ft: 3484 corp: 737/490Kb lim: 4096 exec/s: 5438 rss: 281Mb L: 17/4096 MS: 4 CopyPart-ChangeBit-ChangeBit-EraseBytes-
#184961	REDUCE cov: 900 ft: 3484 corp: 737/490Kb lim: 4096 exec/s: 5440 rss: 281Mb L: 32/4096 MS: 1 EraseBytes-
#185212	REDUCE cov: 900 ft: 3484 corp: 737/490Kb lim: 4096 exec/s: 5447 rss: 281Mb L: 143/4096 MS: 1 EraseBytes-
#186069	REDUCE cov: 900 ft: 3484 corp: 737/490Kb lim: 4096 exec/s: 5472 rss: 281Mb L: 14/4096 MS: 2 CMP-EraseBytes- DE: "\377\377\377\377\377\377\377\012"-
#186138	NEW    cov: 900 ft: 3488 corp: 738/493Kb lim: 4096 exec/s: 5474 rss: 281Mb L: 3225/4096 MS: 4 ChangeBit-ChangeByte-CopyPart-CrossOver-
#186155	REDUCE cov: 900 ft: 3488 corp: 738/493Kb lim: 4096 exec/s: 5475 rss: 281Mb L: 144/4096 MS: 2 CopyPart-EraseBytes-
#186291	NEW    cov: 901 ft: 3490 corp: 739/493Kb lim: 4096 exec/s: 5479 rss: 281Mb L: 42/4096 MS: 1 ChangeBit-
#186352	REDUCE cov: 901 ft: 3490 corp: 739/493Kb lim: 4096 exec/s: 5480 rss: 281Mb L: 201/4096 MS: 1 EraseBytes-
#186460	REDUCE cov: 901 ft: 3490 corp: 739/493Kb lim: 4096 exec/s: 5484 rss: 281Mb L: 130/4096 MS: 3 ManualDict-EraseBytes-InsertRepeatedBytes- DE: "needs more output"-
#186487	REDUCE cov: 901 ft: 3492 corp: 740/493Kb lim: 4096 exec/s: 5484 rss: 281Mb L: 115/4096 MS: 2 ChangeASCIIInt-EraseBytes-
#186833	REDUCE cov: 901 ft: 3492 corp: 740/493Kb lim: 4096 exec/s: 5495 rss: 281Mb L: 173/4096 MS: 1 EraseBytes-
#186957	REDUCE cov: 901 ft: 3492 corp: 740/493Kb lim: 4096 exec/s: 5498 rss: 281Mb L: 662/4096 MS: 4 ChangeASCIIInt-ChangeBit-CrossOver-InsertRepeatedBytes-
#187124	REDUCE cov: 901 ft: 3492 corp: 740/493Kb lim: 4096 exec/s: 5503 rss: 281Mb L: 69/4096 MS: 2 ShuffleBytes-EraseBytes-
#187153	REDUCE cov: 901 ft: 3492 corp: 740/493Kb lim: 4096 exec/s: 5504 rss: 281Mb L: 55/4096 MS: 4 ChangeBit-ManualDict-ShuffleBytes-EraseBytes- DE: "INVALID"-
#187283	REDUCE cov: 901 ft: 3492 corp: 740/493Kb lim: 4096 exec/s: 5508 rss: 281Mb L: 72/4096 MS: 5 ShuffleBytes-ChangeASCIIInt-ChangeBit-ChangeASCIIInt-EraseBytes-
#187415	NEW    cov: 902 ft: 3493 corp: 741/493Kb lim: 4096 exec/s: 5512 rss: 281Mb L: 35/4096 MS: 2 ChangeBinInt-PersAutoDict- DE: "\003\253"-
#187433	REDUCE cov: 902 ft: 3493 corp: 741/493Kb lim: 4096 exec/s: 5512 rss: 281Mb L: 268/4096 MS: 3 ShuffleBytes-ShuffleBytes-EraseBytes-
#188718	REDUCE cov: 902 ft: 3493 corp: 741/493Kb lim: 4096 exec/s: 5550 rss: 281Mb L: 36/4096 MS: 5 EraseBytes-ChangeBit-ChangeBit-InsertByte-ChangeByte-
#188935	REDUCE cov: 902 ft: 3493 corp: 741/493Kb lim: 4096 exec/s: 5556 rss: 281Mb L: 72/4096 MS: 2 ChangeBinInt-EraseBytes-
#189002	REDUCE cov: 902 ft: 3493 corp: 741/493Kb lim: 4096 exec/s: 5558 rss: 281Mb L: 100/4096 MS: 2 CopyPart-EraseBytes-
#189334	NEW    cov: 902 ft: 3494 corp: 742/493Kb lim: 4096 exec/s: 5568 rss: 281Mb L: 66/4096 MS: 2 CopyPart-PersAutoDict- DE: "\373\377\377\377\377\377\377\377"-
#189379	REDUCE cov: 902 ft: 3494 corp: 742/492Kb lim: 4096 exec/s: 5410 rss: 281Mb L: 2671/4096 MS: 5 ChangeASCIIInt-ChangeByte-ChangeASCIIInt-ShuffleBytes-EraseBytes-
#190155	NEW    cov: 902 ft: 3509 corp: 743/492Kb lim: 4096 exec/s: 5433 rss: 282Mb L: 59/4096 MS: 1 ChangeBit-
#190197	NEW    cov: 902 ft: 3511 corp: 744/492Kb lim: 4096 exec/s: 5434 rss: 282Mb L: 124/4096 MS: 2 CMP-InsertRepeatedBytes- DE: "\377\377\377\377\377\377\377 "-
#190229	REDUCE cov: 902 ft: 3511 corp: 744/492Kb lim: 4096 exec/s: 5435 rss: 282Mb L: 83/4096 MS: 2 CrossOver-ManualDict- DE: "Large Window Brotli"-
#190258	REDUCE cov: 902 ft: 3511 corp: 744/492Kb lim: 4096 exec/s: 5435 rss: 282Mb L: 10/4096 MS: 4 ChangeByte-ChangeBinInt-InsertByte-EraseBytes-
#190285	REDUCE cov: 902 ft: 3511 corp: 744/492Kb lim: 4096 exec/s: 5436 rss: 282Mb L: 21/4096 MS: 2 ManualDict-EraseBytes- DE: "INVALID"-
#190412	REDUCE cov: 902 ft: 3511 corp: 744/492Kb lim: 4096 exec/s: 5440 rss: 282Mb L: 339/4096 MS: 2 ManualDict-EraseBytes- DE: " not \\3er \\3al \\4ful \\4ive \\5less \\4es"-
#190463	REDUCE cov: 902 ft: 3511 corp: 744/492Kb lim: 4096 exec/s: 5441 rss: 282Mb L: 12/4096 MS: 1 EraseBytes-
#190586	REDUCE cov: 902 ft: 3511 corp: 744/492Kb lim: 4096 exec/s: 5445 rss: 282Mb L: 109/4096 MS: 3 ManualDict-EraseBytes-InsertByte- DE: "needs more input"-
#190637	REDUCE cov: 902 ft: 3511 corp: 744/492Kb lim: 4096 exec/s: 5446 rss: 282Mb L: 27/4096 MS: 1 EraseBytes-
#190964	REDUCE cov: 902 ft: 3511 corp: 744/492Kb lim: 4096 exec/s: 5456 rss: 282Mb L: 34/4096 MS: 2 InsertByte-EraseBytes-
#191071	REDUCE cov: 902 ft: 3511 corp: 744/492Kb lim: 4096 exec/s: 5459 rss: 282Mb L: 67/4096 MS: 2 ManualDict-EraseBytes- DE: "INVALID"-
#191108	REDUCE cov: 902 ft: 3511 corp: 744/492Kb lim: 4096 exec/s: 5460 rss: 282Mb L: 151/4096 MS: 2 ChangeByte-EraseBytes-
#191588	REDUCE cov: 902 ft: 3512 corp: 745/492Kb lim: 4096 exec/s: 5473 rss: 282Mb L: 94/4096 MS: 5 ManualDict-ChangeASCIIInt-CrossOver-ShuffleBytes-ShuffleBytes- DE: "that \\1\\'\\6 with \\6 from \\4 by \\1(\\6. T"-
#191814	REDUCE cov: 902 ft: 3512 corp: 745/492Kb lim: 4096 exec/s: 5480 rss: 282Mb L: 111/4096 MS: 1 EraseBytes-
#192046	NEW    cov: 902 ft: 3513 corp: 746/492Kb lim: 4096 exec/s: 5487 rss: 285Mb L: 157/4096 MS: 2 CopyPart-InsertRepeatedBytes-
#192427	REDUCE cov: 902 ft: 3513 corp: 746/492Kb lim: 4096 exec/s: 5497 rss: 287Mb L: 1921/4096 MS: 1 EraseBytes-
#192446	REDUCE cov: 902 ft: 3513 corp: 746/492Kb lim: 4096 exec/s: 5498 rss: 287Mb L: 18/4096 MS: 4 CopyPart-CopyPart-ShuffleBytes-EraseBytes-
#192472	REDUCE cov: 902 ft: 3513 corp: 746/492Kb lim: 4096 exec/s: 5499 rss: 287Mb L: 13/4096 MS: 1 EraseBytes-
#194098	REDUCE cov: 902 ft: 3513 corp: 746/492Kb lim: 4096 exec/s: 5545 rss: 287Mb L: 59/4096 MS: 1 EraseBytes-
#194234	REDUCE cov: 902 ft: 3513 corp: 746/492Kb lim: 4096 exec/s: 5395 rss: 287Mb L: 49/4096 MS: 1 EraseBytes-
#194421	REDUCE cov: 902 ft: 3513 corp: 746/492Kb lim: 4096 exec/s: 5400 rss: 287Mb L: 221/4096 MS: 2 InsertByte-EraseBytes-
#194702	REDUCE cov: 902 ft: 3513 corp: 746/492Kb lim: 4096 exec/s: 5408 rss: 287Mb L: 17/4096 MS: 1 EraseBytes-
#194783	REDUCE cov: 902 ft: 3513 corp: 746/492Kb lim: 4096 exec/s: 5410 rss: 287Mb L: 20/4096 MS: 1 EraseBytes-
#194897	REDUCE cov: 902 ft: 3513 corp: 746/492Kb lim: 4096 exec/s: 5413 rss: 287Mb L: 18/4096 MS: 4 ChangeBinInt-ChangeASCIIInt-ChangeBinInt-EraseBytes-
#194964	REDUCE cov: 902 ft: 3513 corp: 746/492Kb lim: 4096 exec/s: 5415 rss: 287Mb L: 11/4096 MS: 2 ChangeBit-EraseBytes-
#195193	REDUCE cov: 902 ft: 3513 corp: 746/492Kb lim: 4096 exec/s: 5422 rss: 287Mb L: 109/4096 MS: 4 CopyPart-InsertByte-ShuffleBytes-EraseBytes-
#195335	REDUCE cov: 902 ft: 3513 corp: 746/492Kb lim: 4096 exec/s: 5425 rss: 287Mb L: 1831/4096 MS: 2 InsertRepeatedBytes-EraseBytes-
#196026	REDUCE cov: 902 ft: 3513 corp: 746/492Kb lim: 4096 exec/s: 5445 rss: 287Mb L: 21/4096 MS: 1 EraseBytes-
#196392	REDUCE cov: 902 ft: 3513 corp: 746/492Kb lim: 4096 exec/s: 5455 rss: 287Mb L: 27/4096 MS: 1 EraseBytes-
#196499	REDUCE cov: 902 ft: 3513 corp: 746/492Kb lim: 4096 exec/s: 5458 rss: 287Mb L: 197/4096 MS: 2 CrossOver-CrossOver-
#196820	REDUCE cov: 902 ft: 3513 corp: 746/492Kb lim: 4096 exec/s: 5467 rss: 287Mb L: 162/4096 MS: 1 EraseBytes-
#197171	REDUCE cov: 902 ft: 3513 corp: 746/492Kb lim: 4096 exec/s: 5476 rss: 287Mb L: 521/4096 MS: 1 EraseBytes-
#197427	REDUCE cov: 902 ft: 3513 corp: 746/491Kb lim: 4096 exec/s: 5484 rss: 287Mb L: 2213/4096 MS: 1 EraseBytes-
#197629	REDUCE cov: 902 ft: 3513 corp: 746/491Kb lim: 4096 exec/s: 5341 rss: 287Mb L: 10/4096 MS: 2 InsertByte-EraseBytes-
#197730	REDUCE cov: 902 ft: 3513 corp: 746/491Kb lim: 4096 exec/s: 5344 rss: 287Mb L: 2002/4096 MS: 1 EraseBytes-
#197884	REDUCE cov: 902 ft: 3513 corp: 746/490Kb lim: 4096 exec/s: 5348 rss: 287Mb L: 1943/4096 MS: 4 EraseBytes-ChangeBit-ChangeBit-CrossOver-
#197950	REDUCE cov: 902 ft: 3513 corp: 746/490Kb lim: 4096 exec/s: 5350 rss: 287Mb L: 11/4096 MS: 1 EraseBytes-
#198202	NEW    cov: 902 ft: 3519 corp: 747/490Kb lim: 4096 exec/s: 5356 rss: 287Mb L: 94/4096 MS: 2 ChangeBit-ManualDict- DE: "t \\4ize \\2\\xc2\\xa0\\4ous \\5 the \\2e "-
#198303	REDUCE cov: 902 ft: 3519 corp: 747/490Kb lim: 4096 exec/s: 5359 rss: 287Mb L: 1778/4096 MS: 1 EraseBytes-
#198329	REDUCE cov: 902 ft: 3519 corp: 747/490Kb lim: 4096 exec/s: 5360 rss: 287Mb L: 2215/4096 MS: 1 EraseBytes-
#198532	REDUCE cov: 902 ft: 3519 corp: 747/488Kb lim: 4096 exec/s: 5365 rss: 287Mb L: 1905/4096 MS: 3 ChangeByte-ChangeBinInt-EraseBytes-
#198667	REDUCE cov: 902 ft: 3519 corp: 747/487Kb lim: 4096 exec/s: 5369 rss: 287Mb L: 2687/4096 MS: 5 InsertByte-EraseBytes-PersAutoDict-ChangeByte-CMP- DE: "\377\377\377\374"-"\377\377"-
#198739	REDUCE cov: 902 ft: 3519 corp: 747/487Kb lim: 4096 exec/s: 5371 rss: 287Mb L: 125/4096 MS: 2 ShuffleBytes-EraseBytes-
#199085	REDUCE cov: 902 ft: 3519 corp: 747/487Kb lim: 4096 exec/s: 5380 rss: 287Mb L: 79/4096 MS: 1 EraseBytes-
#199861	REDUCE cov: 902 ft: 3519 corp: 747/487Kb lim: 4096 exec/s: 5401 rss: 287Mb L: 74/4096 MS: 1 EraseBytes-
#199943	REDUCE cov: 902 ft: 3519 corp: 747/487Kb lim: 4096 exec/s: 5403 rss: 287Mb L: 2443/4096 MS: 2 EraseBytes-ChangeBit-
#200019	REDUCE cov: 902 ft: 3519 corp: 747/487Kb lim: 4096 exec/s: 5405 rss: 287Mb L: 13/4096 MS: 1 EraseBytes-
#200214	REDUCE cov: 902 ft: 3519 corp: 747/486Kb lim: 4096 exec/s: 5411 rss: 287Mb L: 309/4096 MS: 5 ChangeBit-ChangeBinInt-ChangeBinInt-ChangeBit-EraseBytes-
#200340	REDUCE cov: 902 ft: 3519 corp: 747/486Kb lim: 4096 exec/s: 5414 rss: 287Mb L: 12/4096 MS: 1 EraseBytes-
#200548	REDUCE cov: 902 ft: 3519 corp: 747/486Kb lim: 4096 exec/s: 5420 rss: 287Mb L: 181/4096 MS: 3 InsertRepeatedBytes-ChangeBit-EraseBytes-
#200759	REDUCE cov: 902 ft: 3519 corp: 747/485Kb lim: 4096 exec/s: 5425 rss: 287Mb L: 843/4096 MS: 1 EraseBytes-
#200820	REDUCE cov: 902 ft: 3519 corp: 747/485Kb lim: 4096 exec/s: 5427 rss: 287Mb L: 140/4096 MS: 1 EraseBytes-
#200932	REDUCE cov: 902 ft: 3519 corp: 747/485Kb lim: 4096 exec/s: 5430 rss: 287Mb L: 36/4096 MS: 2 ChangeBit-EraseBytes-
#200973	REDUCE cov: 902 ft: 3519 corp: 747/485Kb lim: 4096 exec/s: 5431 rss: 287Mb L: 10/4096 MS: 1 EraseBytes-
#201244	REDUCE cov: 902 ft: 3519 corp: 747/485Kb lim: 4096 exec/s: 5439 rss: 287Mb L: 456/4096 MS: 1 EraseBytes-
#201385	REDUCE cov: 902 ft: 3519 corp: 747/485Kb lim: 4096 exec/s: 5442 rss: 287Mb L: 50/4096 MS: 1 EraseBytes-
#201491	REDUCE cov: 902 ft: 3519 corp: 747/485Kb lim: 4096 exec/s: 5445 rss: 287Mb L: 45/4096 MS: 1 EraseBytes-
#201557	REDUCE cov: 902 ft: 3519 corp: 747/485Kb lim: 4096 exec/s: 5447 rss: 287Mb L: 135/4096 MS: 1 EraseBytes-
#201768	REDUCE cov: 902 ft: 3519 corp: 747/485Kb lim: 4096 exec/s: 5453 rss: 287Mb L: 29/4096 MS: 1 EraseBytes-
#202216	REDUCE cov: 902 ft: 3519 corp: 747/485Kb lim: 4096 exec/s: 5321 rss: 287Mb L: 106/4096 MS: 3 ShuffleBytes-EraseBytes-EraseBytes-
#202529	REDUCE cov: 902 ft: 3519 corp: 747/485Kb lim: 4096 exec/s: 5329 rss: 287Mb L: 29/4096 MS: 3 PersAutoDict-ManualDict-EraseBytes- DE: "\033\000"-"needs more output"-
#202645	REDUCE cov: 902 ft: 3519 corp: 747/485Kb lim: 4096 exec/s: 5332 rss: 287Mb L: 7/4096 MS: 1 EraseBytes-
#202676	REDUCE cov: 902 ft: 3519 corp: 747/485Kb lim: 4096 exec/s: 5333 rss: 287Mb L: 965/4096 MS: 1 EraseBytes-
#203003	REDUCE cov: 902 ft: 3519 corp: 747/485Kb lim: 4096 exec/s: 5342 rss: 287Mb L: 167/4096 MS: 2 ChangeByte-EraseBytes-
#203134	REDUCE cov: 902 ft: 3519 corp: 747/485Kb lim: 4096 exec/s: 5345 rss: 287Mb L: 64/4096 MS: 1 EraseBytes-
#203155	REDUCE cov: 902 ft: 3520 corp: 748/485Kb lim: 4096 exec/s: 5346 rss: 287Mb L: 101/4096 MS: 1 ChangeBinInt-
#203326	NEW    cov: 902 ft: 3522 corp: 749/485Kb lim: 4096 exec/s: 5350 rss: 287Mb L: 36/4096 MS: 1 InsertByte-
#204077	REDUCE cov: 902 ft: 3522 corp: 749/485Kb lim: 4096 exec/s: 5370 rss: 287Mb L: 44/4096 MS: 1 EraseBytes-
#204584	REDUCE cov: 902 ft: 3522 corp: 749/485Kb lim: 4096 exec/s: 5383 rss: 287Mb L: 196/4096 MS: 2 ShuffleBytes-EraseBytes-
#204595	REDUCE cov: 902 ft: 3522 corp: 749/485Kb lim: 4096 exec/s: 5384 rss: 287Mb L: 76/4096 MS: 1 EraseBytes-
#204861	REDUCE cov: 902 ft: 3522 corp: 749/485Kb lim: 4096 exec/s: 5391 rss: 287Mb L: 7/4096 MS: 1 EraseBytes-
#205218	REDUCE cov: 902 ft: 3522 corp: 749/485Kb lim: 4096 exec/s: 5400 rss: 287Mb L: 38/4096 MS: 1 EraseBytes-
#205734	REDUCE cov: 902 ft: 3522 corp: 749/485Kb lim: 4096 exec/s: 5414 rss: 287Mb L: 137/4096 MS: 1 EraseBytes-
#205880	REDUCE cov: 902 ft: 3522 corp: 749/485Kb lim: 4096 exec/s: 5278 rss: 287Mb L: 71/4096 MS: 1 EraseBytes-
#205967	REDUCE cov: 902 ft: 3522 corp: 749/484Kb lim: 4096 exec/s: 5281 rss: 287Mb L: 2767/4096 MS: 2 ManualDict-EraseBytes- DE: " not \\3er \\3al \\4ful \\4ive \\5less \\4es"-
#206849	REDUCE cov: 902 ft: 3522 corp: 749/484Kb lim: 4096 exec/s: 5303 rss: 287Mb L: 92/4096 MS: 2 EraseBytes-CopyPart-
#206862	REDUCE cov: 902 ft: 3522 corp: 749/484Kb lim: 4096 exec/s: 5304 rss: 287Mb L: 1187/4096 MS: 3 EraseBytes-ChangeByte-InsertRepeatedBytes-
#206883	NEW    cov: 902 ft: 3525 corp: 750/484Kb lim: 4096 exec/s: 5304 rss: 287Mb L: 23/4096 MS: 1 ChangeBit-
#207090	REDUCE cov: 902 ft: 3525 corp: 750/484Kb lim: 4096 exec/s: 5310 rss: 287Mb L: 45/4096 MS: 2 ChangeByte-EraseBytes-
#207237	REDUCE cov: 902 ft: 3525 corp: 750/484Kb lim: 4096 exec/s: 5313 rss: 287Mb L: 143/4096 MS: 2 ShuffleBytes-EraseBytes-
#207240	NEW    cov: 902 ft: 3526 corp: 751/484Kb lim: 4096 exec/s: 5313 rss: 287Mb L: 68/4096 MS: 3 CopyPart-PersAutoDict-ChangeBinInt- DE: "\3779\000\000\000\000\000\000"-
#207361	REDUCE cov: 902 ft: 3526 corp: 751/484Kb lim: 4096 exec/s: 5316 rss: 287Mb L: 11/4096 MS: 1 EraseBytes-
#207634	REDUCE cov: 902 ft: 3526 corp: 751/484Kb lim: 4096 exec/s: 5323 rss: 287Mb L: 77/4096 MS: 3 ChangeBit-ChangeBit-EraseBytes-
#207770	REDUCE cov: 902 ft: 3526 corp: 751/484Kb lim: 4096 exec/s: 5327 rss: 287Mb L: 1258/4096 MS: 1 EraseBytes-
#208260	REDUCE cov: 902 ft: 3526 corp: 751/483Kb lim: 4096 exec/s: 5340 rss: 287Mb L: 963/4096 MS: 5 ChangeBit-InsertRepeatedBytes-InsertRepeatedBytes-CrossOver-EraseBytes-
#208487	REDUCE cov: 902 ft: 3527 corp: 752/483Kb lim: 4096 exec/s: 5345 rss: 287Mb L: 39/4096 MS: 2 ChangeByte-PersAutoDict- DE: "needs more input"-
#208523	REDUCE cov: 902 ft: 3527 corp: 752/483Kb lim: 4096 exec/s: 5346 rss: 287Mb L: 46/4096 MS: 1 EraseBytes-
#208739	REDUCE cov: 902 ft: 3527 corp: 752/483Kb lim: 4096 exec/s: 5352 rss: 287Mb L: 41/4096 MS: 1 EraseBytes-
#208973	REDUCE cov: 902 ft: 3527 corp: 752/483Kb lim: 4096 exec/s: 5358 rss: 287Mb L: 50/4096 MS: 4 ShuffleBytes-ChangeBit-ChangeBit-EraseBytes-
#209721	REDUCE cov: 902 ft: 3527 corp: 752/482Kb lim: 4096 exec/s: 5243 rss: 287Mb L: 2138/4096 MS: 3 ChangeByte-PersAutoDict-EraseBytes- DE: "\000\000\020z"-
#209777	REDUCE cov: 902 ft: 3527 corp: 752/482Kb lim: 4096 exec/s: 5244 rss: 287Mb L: 16/4096 MS: 1 EraseBytes-
#210113	REDUCE cov: 902 ft: 3529 corp: 753/482Kb lim: 4096 exec/s: 5252 rss: 287Mb L: 26/4096 MS: 1 ChangeByte-
#210339	REDUCE cov: 902 ft: 3547 corp: 754/483Kb lim: 4096 exec/s: 5258 rss: 287Mb L: 27/4096 MS: 1 CopyPart-
#210400	REDUCE cov: 902 ft: 3547 corp: 754/483Kb lim: 4096 exec/s: 5260 rss: 287Mb L: 37/4096 MS: 1 EraseBytes-
#210692	REDUCE cov: 902 ft: 3547 corp: 754/482Kb lim: 4096 exec/s: 5267 rss: 287Mb L: 69/4096 MS: 2 ChangeBit-EraseBytes-
#211271	NEW    cov: 902 ft: 3550 corp: 755/483Kb lim: 4096 exec/s: 5281 rss: 287Mb L: 103/4096 MS: 4 ChangeBit-CrossOver-CrossOver-InsertByte-
#211432	REDUCE cov: 902 ft: 3550 corp: 755/482Kb lim: 4096 exec/s: 5285 rss: 287Mb L: 977/4096 MS: 1 EraseBytes-
#211731	REDUCE cov: 902 ft: 3550 corp: 755/482Kb lim: 4096 exec/s: 5293 rss: 287Mb L: 41/4096 MS: 4 ChangeBit-ShuffleBytes-InsertByte-EraseBytes-
#211739	REDUCE cov: 902 ft: 3550 corp: 755/482Kb lim: 4096 exec/s: 5293 rss: 287Mb L: 81/4096 MS: 3 CMP-CrossOver-EraseBytes- DE: "\001\000\000\000\000\000\000\000"-
#212015	REDUCE cov: 902 ft: 3550 corp: 755/482Kb lim: 4096 exec/s: 5300 rss: 287Mb L: 24/4096 MS: 1 EraseBytes-
#212142	REDUCE cov: 902 ft: 3550 corp: 755/482Kb lim: 4096 exec/s: 5303 rss: 287Mb L: 50/4096 MS: 2 ChangeByte-EraseBytes-
#212985	REDUCE cov: 902 ft: 3550 corp: 755/482Kb lim: 4096 exec/s: 5324 rss: 287Mb L: 68/4096 MS: 3 ChangeBinInt-ChangeASCIIInt-EraseBytes-
#213029	REDUCE cov: 902 ft: 3550 corp: 755/482Kb lim: 4096 exec/s: 5325 rss: 287Mb L: 95/4096 MS: 4 CMP-ChangeBinInt-ChangeBinInt-EraseBytes- DE: "\000\000\023B"-
#213190	REDUCE cov: 902 ft: 3550 corp: 755/482Kb lim: 4096 exec/s: 5329 rss: 287Mb L: 111/4096 MS: 1 EraseBytes-
#213419	NEW    cov: 902 ft: 3552 corp: 756/482Kb lim: 4096 exec/s: 5335 rss: 287Mb L: 83/4096 MS: 4 ChangeBinInt-CrossOver-CopyPart-CopyPart-
#213445	REDUCE cov: 902 ft: 3552 corp: 756/482Kb lim: 4096 exec/s: 5336 rss: 287Mb L: 105/4096 MS: 1 EraseBytes-
#214232	REDUCE cov: 902 ft: 3552 corp: 756/482Kb lim: 4096 exec/s: 5355 rss: 287Mb L: 46/4096 MS: 2 ChangeBit-EraseBytes-
#214478	NEW    cov: 902 ft: 3558 corp: 757/482Kb lim: 4096 exec/s: 5361 rss: 287Mb L: 33/4096 MS: 1 ChangeBinInt-
#214590	REDUCE cov: 902 ft: 3558 corp: 757/482Kb lim: 4096 exec/s: 5233 rss: 287Mb L: 198/4096 MS: 2 PersAutoDict-EraseBytes- DE: ",\001\000\000"-
#215046	REDUCE cov: 902 ft: 3558 corp: 757/482Kb lim: 4096 exec/s: 5245 rss: 287Mb L: 743/4096 MS: 1 EraseBytes-
#215243	REDUCE cov: 902 ft: 3558 corp: 757/482Kb lim: 4096 exec/s: 5249 rss: 287Mb L: 62/4096 MS: 2 ShuffleBytes-EraseBytes-
#215372	REDUCE cov: 902 ft: 3558 corp: 757/482Kb lim: 4096 exec/s: 5252 rss: 287Mb L: 414/4096 MS: 4 CopyPart-ManualDict-ChangeBinInt-EraseBytes- DE: "Regular"-
#215736	REDUCE cov: 902 ft: 3558 corp: 757/482Kb lim: 4096 exec/s: 5261 rss: 287Mb L: 67/4096 MS: 4 ChangeBit-EraseBytes-CopyPart-InsertRepeatedBytes-
#215893	REDUCE cov: 902 ft: 3558 corp: 757/482Kb lim: 4096 exec/s: 5265 rss: 287Mb L: 92/4096 MS: 2 InsertRepeatedBytes-EraseBytes-
#216106	REDUCE cov: 902 ft: 3558 corp: 757/482Kb lim: 4096 exec/s: 5270 rss: 287Mb L: 25/4096 MS: 3 ShuffleBytes-ShuffleBytes-EraseBytes-
#216257	NEW    cov: 902 ft: 3573 corp: 758/482Kb lim: 4096 exec/s: 5274 rss: 287Mb L: 62/4096 MS: 1 CopyPart-
#216553	REDUCE cov: 902 ft: 3573 corp: 758/482Kb lim: 4096 exec/s: 5281 rss: 287Mb L: 2143/4096 MS: 1 EraseBytes-
#216629	REDUCE cov: 902 ft: 3573 corp: 758/481Kb lim: 4096 exec/s: 5283 rss: 287Mb L: 1796/4096 MS: 1 EraseBytes-
#217005	REDUCE cov: 902 ft: 3573 corp: 758/481Kb lim: 4096 exec/s: 5292 rss: 287Mb L: 19/4096 MS: 1 EraseBytes-
#217296	REDUCE cov: 902 ft: 3573 corp: 758/481Kb lim: 4096 exec/s: 5299 rss: 287Mb L: 163/4096 MS: 1 EraseBytes-
#217395	REDUCE cov: 902 ft: 3573 corp: 758/481Kb lim: 4096 exec/s: 5302 rss: 287Mb L: 1342/4096 MS: 4 CrossOver-ShuffleBytes-ChangeBit-EraseBytes-
#217718	NEW    cov: 903 ft: 3577 corp: 759/481Kb lim: 4096 exec/s: 5310 rss: 287Mb L: 94/4096 MS: 3 ChangeBit-ChangeByte-InsertRepeatedBytes-
#217729	REDUCE cov: 903 ft: 3577 corp: 759/481Kb lim: 4096 exec/s: 5310 rss: 287Mb L: 2182/4096 MS: 1 EraseBytes-
#218475	NEW    cov: 903 ft: 3578 corp: 760/481Kb lim: 4096 exec/s: 5328 rss: 287Mb L: 65/4096 MS: 1 InsertRepeatedBytes-
#218842	REDUCE cov: 903 ft: 3578 corp: 760/481Kb lim: 4096 exec/s: 5337 rss: 287Mb L: 72/4096 MS: 2 CrossOver-EraseBytes-
#219118	REDUCE cov: 903 ft: 3578 corp: 760/481Kb lim: 4096 exec/s: 5344 rss: 287Mb L: 1861/4096 MS: 1 EraseBytes-
#219311	REDUCE cov: 903 ft: 3578 corp: 760/481Kb lim: 4096 exec/s: 5349 rss: 287Mb L: 283/4096 MS: 3 CMP-ChangeByte-EraseBytes- DE: "\377\377\377\377\377\377\377\377"-
#219342	REDUCE cov: 903 ft: 3578 corp: 760/481Kb lim: 4096 exec/s: 5349 rss: 287Mb L: 78/4096 MS: 1 EraseBytes-
#219418	REDUCE cov: 903 ft: 3579 corp: 761/481Kb lim: 4096 exec/s: 5351 rss: 287Mb L: 54/4096 MS: 1 PersAutoDict- DE: "\000\000\000\001"-
#219640	NEW    cov: 903 ft: 3583 corp: 762/481Kb lim: 4096 exec/s: 5229 rss: 287Mb L: 120/4096 MS: 2 ChangeBit-InsertRepeatedBytes-
#219652	REDUCE cov: 903 ft: 3583 corp: 762/481Kb lim: 4096 exec/s: 5229 rss: 287Mb L: 1099/4096 MS: 2 InsertRepeatedBytes-EraseBytes-
#219683	REDUCE cov: 903 ft: 3583 corp: 762/481Kb lim: 4096 exec/s: 5230 rss: 287Mb L: 26/4096 MS: 1 EraseBytes-
#219709	REDUCE cov: 903 ft: 3583 corp: 762/481Kb lim: 4096 exec/s: 5231 rss: 287Mb L: 58/4096 MS: 1 EraseBytes-
#219727	REDUCE cov: 903 ft: 3583 corp: 762/480Kb lim: 4096 exec/s: 5231 rss: 287Mb L: 3102/4096 MS: 3 ChangeASCIIInt-ChangeASCIIInt-EraseBytes-
#219884	REDUCE cov: 903 ft: 3583 corp: 762/480Kb lim: 4096 exec/s: 5235 rss: 287Mb L: 1454/4096 MS: 2 PersAutoDict-EraseBytes- DE: "\377\000"-
#220032	REDUCE cov: 903 ft: 3583 corp: 762/480Kb lim: 4096 exec/s: 5238 rss: 287Mb L: 277/4096 MS: 3 CMP-CopyPart-EraseBytes- DE: "\377\377\377\377\377\377\377\007"-
#220088	REDUCE cov: 903 ft: 3583 corp: 762/480Kb lim: 4096 exec/s: 5240 rss: 287Mb L: 246/4096 MS: 1 EraseBytes-
#220140	REDUCE cov: 903 ft: 3583 corp: 762/480Kb lim: 4096 exec/s: 5241 rss: 287Mb L: 93/4096 MS: 2 ChangeByte-EraseBytes-
#220258	REDUCE cov: 903 ft: 3583 corp: 762/480Kb lim: 4096 exec/s: 5244 rss: 287Mb L: 63/4096 MS: 3 ChangeBinInt-ManualDict-EraseBytes- DE: "INVALID"-
#220311	REDUCE cov: 903 ft: 3583 corp: 762/480Kb lim: 4096 exec/s: 5245 rss: 287Mb L: 165/4096 MS: 3 ChangeBinInt-ChangeBit-EraseBytes-
#220519	REDUCE cov: 903 ft: 3584 corp: 763/483Kb lim: 4096 exec/s: 5250 rss: 287Mb L: 3638/4096 MS: 3 ShuffleBytes-InsertByte-ChangeByte-
#220601	REDUCE cov: 903 ft: 3584 corp: 763/483Kb lim: 4096 exec/s: 5252 rss: 287Mb L: 199/4096 MS: 2 ChangeBinInt-EraseBytes-
#220877	REDUCE cov: 903 ft: 3584 corp: 763/483Kb lim: 4096 exec/s: 5258 rss: 287Mb L: 66/4096 MS: 1 EraseBytes-
#221029	REDUCE cov: 903 ft: 3584 corp: 763/483Kb lim: 4096 exec/s: 5262 rss: 287Mb L: 1013/4096 MS: 2 InsertByte-EraseBytes-
#221630	REDUCE cov: 903 ft: 3584 corp: 763/483Kb lim: 4096 exec/s: 5276 rss: 287Mb L: 58/4096 MS: 1 EraseBytes-
#221721	REDUCE cov: 903 ft: 3584 corp: 763/483Kb lim: 4096 exec/s: 5279 rss: 287Mb L: 197/4096 MS: 1 CrossOver-
#221747	REDUCE cov: 903 ft: 3584 corp: 763/483Kb lim: 4096 exec/s: 5279 rss: 287Mb L: 97/4096 MS: 1 EraseBytes-
#221840	REDUCE cov: 903 ft: 3584 corp: 763/482Kb lim: 4096 exec/s: 5281 rss: 287Mb L: 147/4096 MS: 3 ChangeByte-CMP-EraseBytes- DE: "\000\000\000\000\000\377\377\252"-
#222196	REDUCE cov: 903 ft: 3584 corp: 763/482Kb lim: 4096 exec/s: 5290 rss: 287Mb L: 44/4096 MS: 1 EraseBytes-
#222250	REDUCE cov: 903 ft: 3584 corp: 763/482Kb lim: 4096 exec/s: 5291 rss: 287Mb L: 33/4096 MS: 4 ChangeBinInt-PersAutoDict-ManualDict-EraseBytes- DE: "\377\377\377\377\377\377\377\344"-"Regular"-
#222798	REDUCE cov: 903 ft: 3584 corp: 763/482Kb lim: 4096 exec/s: 5304 rss: 287Mb L: 61/4096 MS: 3 PersAutoDict-ShuffleBytes-EraseBytes- DE: "\000\000\000\000\000\000\000\030"-
#223375	REDUCE cov: 903 ft: 3584 corp: 763/482Kb lim: 4096 exec/s: 5318 rss: 287Mb L: 19/4096 MS: 2 ChangeASCIIInt-EraseBytes-
#223951	REDUCE cov: 903 ft: 3585 corp: 764/482Kb lim: 4096 exec/s: 5332 rss: 287Mb L: 64/4096 MS: 1 CrossOver-
#224158	REDUCE cov: 903 ft: 3585 corp: 764/482Kb lim: 4096 exec/s: 5337 rss: 287Mb L: 819/4096 MS: 2 PersAutoDict-EraseBytes- DE: "\001\000\000\000\000\000\000,"-
#224360	REDUCE cov: 903 ft: 3585 corp: 764/482Kb lim: 4096 exec/s: 5341 rss: 287Mb L: 18/4096 MS: 2 ChangeBinInt-EraseBytes-
#224777	REDUCE cov: 903 ft: 3585 corp: 764/482Kb lim: 4096 exec/s: 5227 rss: 287Mb L: 52/4096 MS: 2 InsertByte-EraseBytes-
#225029	REDUCE cov: 903 ft: 3585 corp: 764/482Kb lim: 4096 exec/s: 5233 rss: 287Mb L: 19/4096 MS: 2 ShuffleBytes-EraseBytes-
#225080	NEW    cov: 903 ft: 3586 corp: 765/482Kb lim: 4096 exec/s: 5234 rss: 287Mb L: 186/4096 MS: 1 CopyPart-
#225265	REDUCE cov: 903 ft: 3586 corp: 765/482Kb lim: 4096 exec/s: 5238 rss: 287Mb L: 54/4096 MS: 5 ChangeByte-ChangeBit-InsertByte-InsertByte-EraseBytes-
#225866	REDUCE cov: 903 ft: 3586 corp: 765/482Kb lim: 4096 exec/s: 5252 rss: 287Mb L: 8/4096 MS: 1 EraseBytes-
#225912	REDUCE cov: 903 ft: 3586 corp: 765/482Kb lim: 4096 exec/s: 5253 rss: 287Mb L: 451/4096 MS: 1 CrossOver-
#226114	REDUCE cov: 903 ft: 3586 corp: 765/482Kb lim: 4096 exec/s: 5258 rss: 287Mb L: 33/4096 MS: 2 ChangeASCIIInt-EraseBytes-
#226276	NEW    cov: 903 ft: 3587 corp: 766/482Kb lim: 4096 exec/s: 5262 rss: 287Mb L: 257/4096 MS: 2 ChangeByte-InsertRepeatedBytes-
#226369	REDUCE cov: 903 ft: 3587 corp: 766/482Kb lim: 4096 exec/s: 5264 rss: 287Mb L: 41/4096 MS: 3 PersAutoDict-PersAutoDict-EraseBytes- DE: "\377\377\377\377\377\377\377\000"-"\344\377\377\377\377\377\377\377"-
#226850	REDUCE cov: 903 ft: 3587 corp: 766/482Kb lim: 4096 exec/s: 5275 rss: 287Mb L: 1656/4096 MS: 1 EraseBytes-
#227858	NEW    cov: 903 ft: 3588 corp: 767/482Kb lim: 4096 exec/s: 5299 rss: 287Mb L: 186/4096 MS: 3 ChangeBinInt-ChangeBinInt-ChangeBinInt-
#228166	REDUCE cov: 903 ft: 3588 corp: 767/482Kb lim: 4096 exec/s: 5306 rss: 287Mb L: 551/4096 MS: 3 ManualDict-InsertByte-CrossOver- DE: "[]"-
#228335	NEW    cov: 903 ft: 3604 corp: 768/482Kb lim: 4096 exec/s: 5310 rss: 287Mb L: 30/4096 MS: 4 PersAutoDict-ChangeByte-CopyPart-InsertByte- DE: "\001\004\000\000"-
#228397	REDUCE cov: 903 ft: 3604 corp: 768/482Kb lim: 4096 exec/s: 5311 rss: 287Mb L: 159/4096 MS: 2 CopyPart-EraseBytes-
#228550	REDUCE cov: 903 ft: 3604 corp: 768/482Kb lim: 4096 exec/s: 5315 rss: 287Mb L: 53/4096 MS: 3 ChangeBinInt-ChangeBit-EraseBytes-
#228912	REDUCE cov: 903 ft: 3604 corp: 768/482Kb lim: 4096 exec/s: 5323 rss: 287Mb L: 446/4096 MS: 2 ChangeBinInt-EraseBytes-
#228937	REDUCE cov: 903 ft: 3604 corp: 768/482Kb lim: 4096 exec/s: 5324 rss: 287Mb L: 10/4096 MS: 5 ManualDict-ChangeBit-EraseBytes-EraseBytes-EraseBytes- DE: "Large Window Brotli"-
#229238	REDUCE cov: 903 ft: 3604 corp: 768/482Kb lim: 4096 exec/s: 5331 rss: 287Mb L: 51/4096 MS: 1 EraseBytes-
#229934	REDUCE cov: 903 ft: 3604 corp: 768/482Kb lim: 4096 exec/s: 5347 rss: 287Mb L: 24/4096 MS: 1 EraseBytes-
#230035	REDUCE cov: 903 ft: 3605 corp: 769/482Kb lim: 4096 exec/s: 5228 rss: 287Mb L: 159/4096 MS: 1 ManualDict- DE: " not \\3er \\3al \\4ful \\4ive \\5less \\4es"-
#230281	REDUCE cov: 903 ft: 3605 corp: 769/482Kb lim: 4096 exec/s: 5233 rss: 287Mb L: 18/4096 MS: 1 EraseBytes-
#230482	REDUCE cov: 903 ft: 3605 corp: 769/482Kb lim: 4096 exec/s: 5238 rss: 287Mb L: 204/4096 MS: 1 EraseBytes-
#230497	REDUCE cov: 903 ft: 3605 corp: 769/482Kb lim: 4096 exec/s: 5238 rss: 287Mb L: 1600/4096 MS: 5 ChangeByte-InsertRepeatedBytes-ChangeByte-CopyPart-EraseBytes-
#230543	REDUCE cov: 903 ft: 3605 corp: 769/482Kb lim: 4096 exec/s: 5239 rss: 287Mb L: 75/4096 MS: 1 EraseBytes-
#230641	REDUCE cov: 903 ft: 3605 corp: 769/482Kb lim: 4096 exec/s: 5241 rss: 287Mb L: 45/4096 MS: 3 ChangeBinInt-InsertByte-EraseBytes-
#231197	REDUCE cov: 903 ft: 3605 corp: 769/482Kb lim: 4096 exec/s: 5254 rss: 287Mb L: 26/4096 MS: 1 EraseBytes-
#231483	REDUCE cov: 903 ft: 3605 corp: 769/482Kb lim: 4096 exec/s: 5260 rss: 287Mb L: 45/4096 MS: 1 EraseBytes-
#231494	REDUCE cov: 903 ft: 3605 corp: 769/482Kb lim: 4096 exec/s: 5261 rss: 287Mb L: 173/4096 MS: 1 EraseBytes-
#231696	REDUCE cov: 903 ft: 3605 corp: 769/482Kb lim: 4096 exec/s: 5265 rss: 287Mb L: 36/4096 MS: 2 ChangeBinInt-EraseBytes-
#231788	REDUCE cov: 903 ft: 3605 corp: 769/482Kb lim: 4096 exec/s: 5267 rss: 287Mb L: 395/4096 MS: 2 ShuffleBytes-EraseBytes-
#232075	REDUCE cov: 903 ft: 3605 corp: 769/482Kb lim: 4096 exec/s: 5274 rss: 287Mb L: 30/4096 MS: 2 InsertRepeatedBytes-EraseBytes-
#232217	REDUCE cov: 903 ft: 3605 corp: 769/482Kb lim: 4096 exec/s: 5277 rss: 287Mb L: 59/4096 MS: 2 CrossOver-EraseBytes-
#232485	REDUCE cov: 903 ft: 3605 corp: 769/481Kb lim: 4096 exec/s: 5283 rss: 287Mb L: 510/4096 MS: 3 ChangeByte-ChangeASCIIInt-EraseBytes-
#232881	REDUCE cov: 903 ft: 3605 corp: 769/481Kb lim: 4096 exec/s: 5292 rss: 287Mb L: 88/4096 MS: 1 EraseBytes-
#233515	REDUCE cov: 903 ft: 3605 corp: 769/481Kb lim: 4096 exec/s: 5307 rss: 287Mb L: 572/4096 MS: 4 ChangeBinInt-PersAutoDict-CrossOver-EraseBytes- DE: "\006\000"-
#233661	REDUCE cov: 903 ft: 3605 corp: 769/481Kb lim: 4096 exec/s: 5310 rss: 287Mb L: 20/4096 MS: 1 EraseBytes-
#233666	REDUCE cov: 903 ft: 3605 corp: 769/481Kb lim: 4096 exec/s: 5310 rss: 287Mb L: 117/4096 MS: 5 ChangeByte-InsertByte-ChangeBit-PersAutoDict-CrossOver- DE: "\000\000\000\000\000\000\000'"-
#234097	REDUCE cov: 903 ft: 3605 corp: 769/481Kb lim: 4096 exec/s: 5320 rss: 287Mb L: 295/4096 MS: 1 EraseBytes-
#234513	REDUCE cov: 903 ft: 3605 corp: 769/481Kb lim: 4096 exec/s: 5329 rss: 287Mb L: 141/4096 MS: 1 EraseBytes-
#234540	NEW    cov: 903 ft: 3609 corp: 770/481Kb lim: 4096 exec/s: 5330 rss: 287Mb L: 36/4096 MS: 2 InsertByte-PersAutoDict- DE: "\022\000\000\000\000\000\000\000"-
#234726	REDUCE cov: 903 ft: 3609 corp: 770/481Kb lim: 4096 exec/s: 5334 rss: 287Mb L: 68/4096 MS: 1 EraseBytes-
#235737	NEW    cov: 903 ft: 3615 corp: 771/481Kb lim: 4096 exec/s: 5238 rss: 287Mb L: 114/4096 MS: 1 InsertRepeatedBytes-
#235916	REDUCE cov: 903 ft: 3615 corp: 771/481Kb lim: 4096 exec/s: 5242 rss: 287Mb L: 29/4096 MS: 4 CMP-ChangeBit-ShuffleBytes-EraseBytes- DE: "\365\003\000\000"-
#235941	REDUCE cov: 903 ft: 3615 corp: 771/481Kb lim: 4096 exec/s: 5243 rss: 287Mb L: 64/4096 MS: 5 ChangeASCIIInt-ManualDict-ShuffleBytes-EraseBytes-PersAutoDict- DE: "t \\4ize \\2\\xc2\\xa0\\4ous \\5 the \\2e "-"\377\003"-
#236043	REDUCE cov: 903 ft: 3615 corp: 771/481Kb lim: 4096 exec/s: 5245 rss: 287Mb L: 3333/4096 MS: 2 ManualDict-EraseBytes- DE: "Regular"-
#236349	REDUCE cov: 903 ft: 3615 corp: 771/481Kb lim: 4096 exec/s: 5252 rss: 287Mb L: 87/4096 MS: 1 EraseBytes-
#236671	REDUCE cov: 903 ft: 3615 corp: 771/481Kb lim: 4096 exec/s: 5259 rss: 287Mb L: 24/4096 MS: 2 CMP-EraseBytes- DE: "\002\000\000\000"-
#236940	REDUCE cov: 903 ft: 3615 corp: 771/481Kb lim: 4096 exec/s: 5265 rss: 287Mb L: 312/4096 MS: 4 PersAutoDict-ChangeASCIIInt-PersAutoDict-EraseBytes- DE: "\377\377\377\377\377\377\000\021"-"\001\000\000\215"-
#237067	REDUCE cov: 903 ft: 3615 corp: 771/481Kb lim: 4096 exec/s: 5268 rss: 287Mb L: 15/4096 MS: 2 InsertByte-EraseBytes-
#237545	REDUCE cov: 903 ft: 3615 corp: 771/481Kb lim: 4096 exec/s: 5278 rss: 287Mb L: 145/4096 MS: 3 ChangeASCIIInt-ShuffleBytes-EraseBytes-
#237581	REDUCE cov: 903 ft: 3615 corp: 771/480Kb lim: 4096 exec/s: 5279 rss: 287Mb L: 2990/4096 MS: 1 EraseBytes-
#237694	REDUCE cov: 903 ft: 3615 corp: 771/480Kb lim: 4096 exec/s: 5282 rss: 287Mb L: 96/4096 MS: 3 CrossOver-ChangeASCIIInt-EraseBytes-
#237765	REDUCE cov: 903 ft: 3615 corp: 771/480Kb lim: 4096 exec/s: 5283 rss: 287Mb L: 62/4096 MS: 1 EraseBytes-
#238305	REDUCE cov: 903 ft: 3615 corp: 771/480Kb lim: 4096 exec/s: 5295 rss: 287Mb L: 70/4096 MS: 5 ManualDict-InsertByte-CrossOver-CMP-EraseBytes- DE: "needs more input"-"\010\000\000\000"-
#238737	REDUCE cov: 903 ft: 3615 corp: 771/480Kb lim: 4096 exec/s: 5305 rss: 287Mb L: 51/4096 MS: 2 EraseBytes-EraseBytes-
#238964	REDUCE cov: 903 ft: 3615 corp: 771/480Kb lim: 4096 exec/s: 5310 rss: 287Mb L: 21/4096 MS: 2 PersAutoDict-EraseBytes- DE: "\001\000"-
#239240	REDUCE cov: 903 ft: 3615 corp: 771/480Kb lim: 4096 exec/s: 5316 rss: 287Mb L: 184/4096 MS: 1 EraseBytes-
#239306	REDUCE cov: 903 ft: 3615 corp: 771/480Kb lim: 4096 exec/s: 5317 rss: 287Mb L: 12/4096 MS: 1 EraseBytes-
#239733	REDUCE cov: 903 ft: 3615 corp: 771/480Kb lim: 4096 exec/s: 5327 rss: 287Mb L: 56/4096 MS: 2 InsertByte-EraseBytes-
#240024	REDUCE cov: 903 ft: 3625 corp: 772/480Kb lim: 4096 exec/s: 5333 rss: 287Mb L: 150/4096 MS: 1 InsertRepeatedBytes-
#240107	REDUCE cov: 903 ft: 3627 corp: 773/480Kb lim: 4096 exec/s: 5335 rss: 287Mb L: 48/4096 MS: 3 ChangeASCIIInt-ChangeASCIIInt-ChangeByte-
#240263	REDUCE cov: 903 ft: 3627 corp: 773/480Kb lim: 4096 exec/s: 5339 rss: 287Mb L: 38/4096 MS: 1 EraseBytes-
#240534	REDUCE cov: 903 ft: 3627 corp: 773/480Kb lim: 4096 exec/s: 5345 rss: 287Mb L: 617/4096 MS: 1 EraseBytes-
#240535	REDUCE cov: 903 ft: 3627 corp: 773/480Kb lim: 4096 exec/s: 5345 rss: 287Mb L: 188/4096 MS: 1 EraseBytes-
#240704	REDUCE cov: 903 ft: 3627 corp: 773/480Kb lim: 4096 exec/s: 5348 rss: 287Mb L: 1542/4096 MS: 4 ChangeBit-ChangeASCIIInt-ChangeByte-EraseBytes-
#241173	REDUCE cov: 903 ft: 3627 corp: 773/480Kb lim: 4096 exec/s: 5242 rss: 287Mb L: 58/4096 MS: 4 InsertRepeatedBytes-EraseBytes-ChangeBit-EraseBytes-
#241794	REDUCE cov: 903 ft: 3627 corp: 773/480Kb lim: 4096 exec/s: 5256 rss: 287Mb L: 25/4096 MS: 1 EraseBytes-
#241915	NEW    cov: 903 ft: 3629 corp: 774/480Kb lim: 4096 exec/s: 5259 rss: 287Mb L: 94/4096 MS: 1 ChangeByte-
#242071	REDUCE cov: 903 ft: 3629 corp: 774/480Kb lim: 4096 exec/s: 5262 rss: 287Mb L: 2164/4096 MS: 1 EraseBytes-
#242474	REDUCE cov: 903 ft: 3629 corp: 774/480Kb lim: 4096 exec/s: 5271 rss: 287Mb L: 77/4096 MS: 3 ManualDict-ChangeByte-EraseBytes- DE: "needs more input"-
#242840	REDUCE cov: 903 ft: 3629 corp: 774/480Kb lim: 4096 exec/s: 5279 rss: 287Mb L: 45/4096 MS: 1 EraseBytes-
#243327	REDUCE cov: 903 ft: 3629 corp: 774/480Kb lim: 4096 exec/s: 5289 rss: 287Mb L: 687/4096 MS: 2 ChangeBinInt-EraseBytes-
#243613	REDUCE cov: 903 ft: 3629 corp: 774/480Kb lim: 4096 exec/s: 5295 rss: 287Mb L: 27/4096 MS: 1 EraseBytes-
#243835	REDUCE cov: 903 ft: 3629 corp: 774/480Kb lim: 4096 exec/s: 5300 rss: 287Mb L: 26/4096 MS: 2 CopyPart-EraseBytes-
#244129	REDUCE cov: 903 ft: 3629 corp: 774/480Kb lim: 4096 exec/s: 5307 rss: 287Mb L: 51/4096 MS: 4 ChangeASCIIInt-PersAutoDict-ChangeByte-EraseBytes- DE: "\322\000\000\000\000\000\000\000"-
#244451	REDUCE cov: 903 ft: 3629 corp: 774/480Kb lim: 4096 exec/s: 5314 rss: 287Mb L: 53/4096 MS: 2 ChangeBit-EraseBytes-
#244632	REDUCE cov: 903 ft: 3630 corp: 775/480Kb lim: 4096 exec/s: 5318 rss: 287Mb L: 36/4096 MS: 1 InsertByte-
#245024	REDUCE cov: 903 ft: 3630 corp: 775/480Kb lim: 4096 exec/s: 5326 rss: 287Mb L: 10/4096 MS: 2 ChangeBit-EraseBytes-
#245478	REDUCE cov: 903 ft: 3630 corp: 775/480Kb lim: 4096 exec/s: 5336 rss: 287Mb L: 274/4096 MS: 4 ChangeASCIIInt-InsertByte-InsertRepeatedBytes-EraseBytes-
#245759	REDUCE cov: 903 ft: 3630 corp: 775/480Kb lim: 4096 exec/s: 5342 rss: 287Mb L: 44/4096 MS: 1 EraseBytes-
#245765	REDUCE cov: 903 ft: 3630 corp: 775/480Kb lim: 4096 exec/s: 5342 rss: 287Mb L: 49/4096 MS: 1 EraseBytes-
#246242	REDUCE cov: 903 ft: 3630 corp: 775/480Kb lim: 4096 exec/s: 5239 rss: 287Mb L: 293/4096 MS: 2 ShuffleBytes-EraseBytes-
#246569	REDUCE cov: 903 ft: 3630 corp: 775/480Kb lim: 4096 exec/s: 5246 rss: 287Mb L: 185/4096 MS: 2 ChangeBit-EraseBytes-
#247098	REDUCE cov: 903 ft: 3630 corp: 775/480Kb lim: 4096 exec/s: 5257 rss: 287Mb L: 1898/4096 MS: 4 ChangeASCIIInt-InsertRepeatedBytes-ChangeASCIIInt-EraseBytes-
#247487	REDUCE cov: 903 ft: 3630 corp: 775/480Kb lim: 4096 exec/s: 5265 rss: 287Mb L: 47/4096 MS: 4 CrossOver-CopyPart-CopyPart-EraseBytes-
#247608	REDUCE cov: 903 ft: 3630 corp: 775/480Kb lim: 4096 exec/s: 5268 rss: 287Mb L: 798/4096 MS: 1 EraseBytes-
#247759	REDUCE cov: 903 ft: 3630 corp: 775/479Kb lim: 4096 exec/s: 5271 rss: 287Mb L: 2656/4096 MS: 1 EraseBytes-
#247936	REDUCE cov: 903 ft: 3630 corp: 775/479Kb lim: 4096 exec/s: 5275 rss: 287Mb L: 292/4096 MS: 2 ChangeBit-EraseBytes-
#248317	REDUCE cov: 903 ft: 3630 corp: 775/479Kb lim: 4096 exec/s: 5283 rss: 287Mb L: 27/4096 MS: 1 EraseBytes-
#248669	REDUCE cov: 903 ft: 3630 corp: 775/479Kb lim: 4096 exec/s: 5290 rss: 287Mb L: 13/4096 MS: 2 CrossOver-EraseBytes-
#248770	REDUCE cov: 903 ft: 3630 corp: 775/479Kb lim: 4096 exec/s: 5292 rss: 287Mb L: 14/4096 MS: 1 EraseBytes-
#248959	REDUCE cov: 903 ft: 3630 corp: 775/479Kb lim: 4096 exec/s: 5297 rss: 287Mb L: 48/4096 MS: 4 CopyPart-ManualDict-PersAutoDict-EraseBytes- DE: "needs more input"-"\001\000\000\000\000\000\000\000"-
#249161	REDUCE cov: 903 ft: 3630 corp: 775/479Kb lim: 4096 exec/s: 5301 rss: 287Mb L: 44/4096 MS: 2 EraseBytes-ChangeBinInt-
#249182	REDUCE cov: 903 ft: 3630 corp: 775/479Kb lim: 4096 exec/s: 5301 rss: 287Mb L: 78/4096 MS: 1 EraseBytes-
#249538	REDUCE cov: 903 ft: 3630 corp: 775/479Kb lim: 4096 exec/s: 5309 rss: 287Mb L: 54/4096 MS: 1 EraseBytes-
#249564	REDUCE cov: 903 ft: 3633 corp: 776/479Kb lim: 4096 exec/s: 5309 rss: 287Mb L: 19/4096 MS: 1 ChangeBit-
#250010	REDUCE cov: 903 ft: 3633 corp: 776/479Kb lim: 4096 exec/s: 5319 rss: 287Mb L: 6/4096 MS: 1 EraseBytes-
#250053	REDUCE cov: 903 ft: 3633 corp: 776/479Kb lim: 4096 exec/s: 5320 rss: 287Mb L: 138/4096 MS: 3 ChangeBit-CrossOver-EraseBytes-
#250417	REDUCE cov: 903 ft: 3633 corp: 776/479Kb lim: 4096 exec/s: 5328 rss: 287Mb L: 2137/4096 MS: 4 InsertRepeatedBytes-ChangeASCIIInt-PersAutoDict-EraseBytes- DE: "\000\000\000\001"-
#250640	REDUCE cov: 903 ft: 3633 corp: 776/479Kb lim: 4096 exec/s: 5332 rss: 287Mb L: 66/4096 MS: 3 CMP-ChangeBinInt-EraseBytes- DE: "\337\377\377\377\377\377\377\377"-
#250751	NEW    cov: 903 ft: 3636 corp: 777/479Kb lim: 4096 exec/s: 5335 rss: 287Mb L: 33/4096 MS: 1 CrossOver-
#250880	REDUCE cov: 903 ft: 3636 corp: 777/479Kb lim: 4096 exec/s: 5337 rss: 287Mb L: 1366/4096 MS: 4 ChangeBinInt-InsertRepeatedBytes-InsertRepeatedBytes-EraseBytes-
#251676	REDUCE cov: 903 ft: 3636 corp: 777/479Kb lim: 4096 exec/s: 5243 rss: 287Mb L: 48/4096 MS: 1 EraseBytes-
#251774	REDUCE cov: 903 ft: 3636 corp: 777/479Kb lim: 4096 exec/s: 5245 rss: 287Mb L: 157/4096 MS: 3 PersAutoDict-EraseBytes-ShuffleBytes- DE: "\377\000\000\000\000\000\000\000"-
#251933	REDUCE cov: 903 ft: 3636 corp: 777/479Kb lim: 4096 exec/s: 5248 rss: 287Mb L: 833/4096 MS: 4 CrossOver-ChangeByte-ChangeASCIIInt-EraseBytes-
#251949	REDUCE cov: 903 ft: 3636 corp: 777/479Kb lim: 4096 exec/s: 5248 rss: 287Mb L: 1326/4096 MS: 1 EraseBytes-
#252551	REDUCE cov: 903 ft: 3636 corp: 777/479Kb lim: 4096 exec/s: 5261 rss: 287Mb L: 7/4096 MS: 2 ChangeByte-EraseBytes-
#253202	REDUCE cov: 903 ft: 3636 corp: 777/479Kb lim: 4096 exec/s: 5275 rss: 287Mb L: 34/4096 MS: 1 EraseBytes-
#253293	REDUCE cov: 903 ft: 3637 corp: 778/479Kb lim: 4096 exec/s: 5276 rss: 287Mb L: 975/4096 MS: 1 CopyPart-
#253460	REDUCE cov: 903 ft: 3637 corp: 778/479Kb lim: 4096 exec/s: 5280 rss: 287Mb L: 1496/4096 MS: 2 ChangeBinInt-EraseBytes-
#253698	REDUCE cov: 903 ft: 3637 corp: 778/479Kb lim: 4096 exec/s: 5285 rss: 287Mb L: 435/4096 MS: 3 InsertByte-ChangeBinInt-EraseBytes-
#253895	REDUCE cov: 903 ft: 3637 corp: 778/479Kb lim: 4096 exec/s: 5289 rss: 287Mb L: 24/4096 MS: 2 ManualDict-EraseBytes- DE: "needs more output"-
#254048	REDUCE cov: 903 ft: 3637 corp: 778/479Kb lim: 4096 exec/s: 5292 rss: 287Mb L: 194/4096 MS: 3 ChangeBit-ManualDict-EraseBytes- DE: "Regular"-
#254124	REDUCE cov: 903 ft: 3637 corp: 778/479Kb lim: 4096 exec/s: 5294 rss: 287Mb L: 678/4096 MS: 1 CrossOver-
#254655	REDUCE cov: 903 ft: 3637 corp: 778/479Kb lim: 4096 exec/s: 5305 rss: 287Mb L: 12/4096 MS: 1 EraseBytes-
#254702	REDUCE cov: 903 ft: 3637 corp: 778/479Kb lim: 4096 exec/s: 5306 rss: 287Mb L: 1221/4096 MS: 2 ChangeByte-EraseBytes-
#255150	REDUCE cov: 903 ft: 3637 corp: 778/479Kb lim: 4096 exec/s: 5315 rss: 287Mb L: 119/4096 MS: 3 ChangeByte-ChangeBit-EraseBytes-
#255264	REDUCE cov: 903 ft: 3637 corp: 778/479Kb lim: 4096 exec/s: 5318 rss: 287Mb L: 56/4096 MS: 4 ChangeByte-ChangeASCIIInt-ChangeASCIIInt-EraseBytes-
#255443	REDUCE cov: 903 ft: 3637 corp: 778/479Kb lim: 4096 exec/s: 5321 rss: 287Mb L: 58/4096 MS: 4 ChangeASCIIInt-ShuffleBytes-ChangeBit-EraseBytes-
#255459	REDUCE cov: 903 ft: 3637 corp: 778/479Kb lim: 4096 exec/s: 5322 rss: 287Mb L: 48/4096 MS: 1 EraseBytes-
#256129	REDUCE cov: 903 ft: 3639 corp: 779/480Kb lim: 4096 exec/s: 5336 rss: 287Mb L: 1009/4096 MS: 5 ManualDict-ChangeBit-ChangeBit-PersAutoDict-CrossOver- DE: "Large Window Brotli"-"\344\377\377\377\377\377\377\377"-
#256281	REDUCE cov: 903 ft: 3639 corp: 779/480Kb lim: 4096 exec/s: 5339 rss: 287Mb L: 8/4096 MS: 2 ChangeBit-EraseBytes-
#256988	REDUCE cov: 903 ft: 3639 corp: 779/480Kb lim: 4096 exec/s: 5244 rss: 287Mb L: 49/4096 MS: 2 ChangeBinInt-EraseBytes-
#257349	REDUCE cov: 903 ft: 3639 corp: 779/480Kb lim: 4096 exec/s: 5252 rss: 287Mb L: 59/4096 MS: 1 EraseBytes-
#257525	REDUCE cov: 903 ft: 3639 corp: 779/480Kb lim: 4096 exec/s: 5255 rss: 287Mb L: 16/4096 MS: 1 EraseBytes-
#257587	REDUCE cov: 903 ft: 3640 corp: 780/482Kb lim: 4096 exec/s: 5256 rss: 287Mb L: 2411/4096 MS: 2 CMP-CMP- DE: "\002\000\000\000"-"\000\000\000\000\000\000\000\012"-
#257974	REDUCE cov: 903 ft: 3640 corp: 780/482Kb lim: 4096 exec/s: 5264 rss: 287Mb L: 497/4096 MS: 2 CMP-EraseBytes- DE: "\377\377\377\366"-
#258083	REDUCE cov: 903 ft: 3640 corp: 780/482Kb lim: 4096 exec/s: 5267 rss: 287Mb L: 284/4096 MS: 4 ChangeByte-PersAutoDict-ChangeBinInt-EraseBytes- DE: "\001\000\000\000\000\000B5"-
#258151	REDUCE cov: 903 ft: 3640 corp: 780/482Kb lim: 4096 exec/s: 5268 rss: 287Mb L: 381/4096 MS: 3 PersAutoDict-ChangeBinInt-EraseBytes- DE: "\377\377\377\377\377\377\377\007"-
#258594	REDUCE cov: 903 ft: 3640 corp: 780/482Kb lim: 4096 exec/s: 5277 rss: 287Mb L: 55/4096 MS: 3 ChangeBit-ManualDict-EraseBytes- DE: "INVALID"-
#258750	REDUCE cov: 903 ft: 3640 corp: 780/482Kb lim: 4096 exec/s: 5280 rss: 287Mb L: 43/4096 MS: 1 EraseBytes-
#258791	REDUCE cov: 903 ft: 3640 corp: 780/482Kb lim: 4096 exec/s: 5281 rss: 287Mb L: 23/4096 MS: 1 EraseBytes-
#259242	REDUCE cov: 903 ft: 3640 corp: 780/481Kb lim: 4096 exec/s: 5290 rss: 287Mb L: 3370/4096 MS: 1 EraseBytes-
#259328	REDUCE cov: 903 ft: 3640 corp: 780/481Kb lim: 4096 exec/s: 5292 rss: 287Mb L: 54/4096 MS: 1 EraseBytes-
#259374	NEW    cov: 903 ft: 3643 corp: 781/481Kb lim: 4096 exec/s: 5293 rss: 287Mb L: 33/4096 MS: 1 ChangeByte-
#259542	REDUCE cov: 903 ft: 3643 corp: 781/481Kb lim: 4096 exec/s: 5296 rss: 287Mb L: 559/4096 MS: 3 ChangeByte-PersAutoDict-EraseBytes- DE: "\000\000\020z"-
#259623	REDUCE cov: 903 ft: 3643 corp: 781/481Kb lim: 4096 exec/s: 5298 rss: 287Mb L: 1371/4096 MS: 1 EraseBytes-
#259674	REDUCE cov: 903 ft: 3643 corp: 781/481Kb lim: 4096 exec/s: 5299 rss: 287Mb L: 17/4096 MS: 1 EraseBytes-
#259949	NEW    cov: 903 ft: 3645 corp: 782/481Kb lim: 4096 exec/s: 5305 rss: 287Mb L: 15/4096 MS: 5 CopyPart-CopyPart-CopyPart-CrossOver-ChangeBinInt-
#260055	REDUCE cov: 903 ft: 3645 corp: 782/481Kb lim: 4096 exec/s: 5307 rss: 287Mb L: 29/4096 MS: 1 EraseBytes-
#260290	REDUCE cov: 903 ft: 3645 corp: 782/481Kb lim: 4096 exec/s: 5312 rss: 287Mb L: 386/4096 MS: 5 ShuffleBytes-EraseBytes-PersAutoDict-ChangeASCIIInt-ManualDict- DE: "Large Window Brotli"-"[]"-
#260507	REDUCE cov: 903 ft: 3645 corp: 782/481Kb lim: 4096 exec/s: 5316 rss: 287Mb L: 70/4096 MS: 2 ChangeBit-EraseBytes-
#260797	REDUCE cov: 903 ft: 3645 corp: 782/481Kb lim: 4096 exec/s: 5322 rss: 287Mb L: 513/4096 MS: 5 InsertRepeatedBytes-CrossOver-ManualDict-ManualDict-EraseBytes- DE: "Regular"-"Regular"-
#260828	REDUCE cov: 903 ft: 3645 corp: 782/481Kb lim: 4096 exec/s: 5323 rss: 287Mb L: 46/4096 MS: 1 EraseBytes-
#260889	REDUCE cov: 903 ft: 3645 corp: 782/481Kb lim: 4096 exec/s: 5324 rss: 287Mb L: 255/4096 MS: 1 EraseBytes-
#261330	REDUCE cov: 903 ft: 3645 corp: 782/481Kb lim: 4096 exec/s: 5226 rss: 287Mb L: 20/4096 MS: 1 EraseBytes-
#261382	REDUCE cov: 903 ft: 3645 corp: 782/481Kb lim: 4096 exec/s: 5227 rss: 287Mb L: 29/4096 MS: 2 ShuffleBytes-EraseBytes-
#261390	REDUCE cov: 903 ft: 3645 corp: 782/481Kb lim: 4096 exec/s: 5227 rss: 287Mb L: 3957/4096 MS: 3 EraseBytes-CopyPart-ShuffleBytes-
#261501	REDUCE cov: 903 ft: 3645 corp: 782/481Kb lim: 4096 exec/s: 5230 rss: 287Mb L: 42/4096 MS: 1 EraseBytes-
#261755	REDUCE cov: 903 ft: 3645 corp: 782/481Kb lim: 4096 exec/s: 5235 rss: 287Mb L: 222/4096 MS: 4 ChangeByte-EraseBytes-CopyPart-PersAutoDict- DE: "t \\4ize \\2\\xc2\\xa0\\4ous \\5 the \\2e "-
#262007	REDUCE cov: 903 ft: 3645 corp: 782/481Kb lim: 4096 exec/s: 5240 rss: 287Mb L: 280/4096 MS: 2 ManualDict-EraseBytes- DE: "that \\1\\'\\6 with \\6 from \\4 by \\1(\\6. T"-
#262034	REDUCE cov: 903 ft: 3647 corp: 783/481Kb lim: 4096 exec/s: 5240 rss: 287Mb L: 177/4096 MS: 2 InsertByte-InsertRepeatedBytes-
#262144	pulse  cov: 903 ft: 3647 corp: 783/481Kb lim: 4096 exec/s: 5242 rss: 287Mb
#262410	REDUCE cov: 903 ft: 3647 corp: 783/481Kb lim: 4096 exec/s: 5248 rss: 287Mb L: 7/4096 MS: 1 EraseBytes-
#262436	REDUCE cov: 903 ft: 3647 corp: 783/481Kb lim: 4096 exec/s: 5248 rss: 287Mb L: 54/4096 MS: 1 EraseBytes-
#262658	REDUCE cov: 903 ft: 3648 corp: 784/481Kb lim: 4096 exec/s: 5253 rss: 287Mb L: 30/4096 MS: 2 ManualDict-EraseBytes- DE: "that \\1\\'\\6 with \\6 from \\4 by \\1(\\6. T"-
#262774	REDUCE cov: 903 ft: 3648 corp: 784/481Kb lim: 4096 exec/s: 5255 rss: 287Mb L: 153/4096 MS: 1 EraseBytes-
#263087	REDUCE cov: 903 ft: 3648 corp: 784/481Kb lim: 4096 exec/s: 5261 rss: 287Mb L: 486/4096 MS: 3 EraseBytes-ManualDict-PersAutoDict- DE: "needs more output"-"\001\000\000\000\000\000\000\034"-
#263088	REDUCE cov: 903 ft: 3648 corp: 784/481Kb lim: 4096 exec/s: 5261 rss: 287Mb L: 1003/4096 MS: 1 EraseBytes-
#263150	REDUCE cov: 903 ft: 3652 corp: 785/481Kb lim: 4096 exec/s: 5263 rss: 287Mb L: 232/4096 MS: 2 CopyPart-InsertRepeatedBytes-
#263186	REDUCE cov: 903 ft: 3653 corp: 786/481Kb lim: 4096 exec/s: 5263 rss: 287Mb L: 435/4096 MS: 1 InsertRepeatedBytes-
#263287	REDUCE cov: 903 ft: 3653 corp: 786/481Kb lim: 4096 exec/s: 5265 rss: 287Mb L: 2021/4096 MS: 1 EraseBytes-
#263814	REDUCE cov: 903 ft: 3653 corp: 786/481Kb lim: 4096 exec/s: 5276 rss: 287Mb L: 755/4096 MS: 2 ChangeBit-EraseBytes-
#264000	REDUCE cov: 903 ft: 3653 corp: 786/481Kb lim: 4096 exec/s: 5280 rss: 287Mb L: 126/4096 MS: 1 EraseBytes-
#264317	REDUCE cov: 903 ft: 3653 corp: 786/481Kb lim: 4096 exec/s: 5286 rss: 287Mb L: 704/4096 MS: 2 EraseBytes-PersAutoDict- DE: "\000\000\000\000\000\000\000'"-
#265232	REDUCE cov: 903 ft: 3655 corp: 787/481Kb lim: 4096 exec/s: 5304 rss: 287Mb L: 28/4096 MS: 5 ChangeByte-CrossOver-ChangeBinInt-ShuffleBytes-EraseBytes-
#265583	REDUCE cov: 903 ft: 3655 corp: 787/481Kb lim: 4096 exec/s: 5311 rss: 287Mb L: 85/4096 MS: 1 EraseBytes-
#265654	REDUCE cov: 903 ft: 3657 corp: 788/481Kb lim: 4096 exec/s: 5313 rss: 287Mb L: 69/4096 MS: 1 EraseBytes-
#266117	REDUCE cov: 903 ft: 3657 corp: 788/481Kb lim: 4096 exec/s: 5322 rss: 287Mb L: 1044/4096 MS: 3 ChangeByte-InsertByte-EraseBytes-
#266506	REDUCE cov: 903 ft: 3657 corp: 788/481Kb lim: 4096 exec/s: 5225 rss: 287Mb L: 835/4096 MS: 4 PersAutoDict-CopyPart-ChangeByte-EraseBytes- DE: "\377\000\000\000\000\000\000\000"-
#266573	REDUCE cov: 903 ft: 3657 corp: 788/481Kb lim: 4096 exec/s: 5226 rss: 287Mb L: 1364/4096 MS: 2 ChangeBinInt-EraseBytes-
#267174	REDUCE cov: 903 ft: 3657 corp: 788/481Kb lim: 4096 exec/s: 5238 rss: 287Mb L: 3/4096 MS: 1 EraseBytes-
#267490	REDUCE cov: 903 ft: 3657 corp: 788/481Kb lim: 4096 exec/s: 5244 rss: 287Mb L: 20/4096 MS: 1 EraseBytes-
#267492	REDUCE cov: 903 ft: 3657 corp: 788/481Kb lim: 4096 exec/s: 5244 rss: 287Mb L: 942/4096 MS: 2 CMP-EraseBytes- DE: "\001\000\000\002"-
#267639	REDUCE cov: 903 ft: 3657 corp: 788/481Kb lim: 4096 exec/s: 5247 rss: 287Mb L: 31/4096 MS: 2 InsertByte-EraseBytes-
#268025	NEW    cov: 903 ft: 3658 corp: 789/481Kb lim: 4096 exec/s: 5255 rss: 287Mb L: 20/4096 MS: 1 InsertByte-
#268241	REDUCE cov: 903 ft: 3658 corp: 789/481Kb lim: 4096 exec/s: 5259 rss: 287Mb L: 12/4096 MS: 1 EraseBytes-
#268335	REDUCE cov: 903 ft: 3658 corp: 789/481Kb lim: 4096 exec/s: 5261 rss: 287Mb L: 50/4096 MS: 4 ManualDict-CMP-ChangeByte-EraseBytes- DE: "needs more input"-"5\000\000\000\000\000\000\000"-
#268371	REDUCE cov: 903 ft: 3658 corp: 789/481Kb lim: 4096 exec/s: 5262 rss: 287Mb L: 12/4096 MS: 1 EraseBytes-
#268407	REDUCE cov: 903 ft: 3658 corp: 789/481Kb lim: 4096 exec/s: 5262 rss: 287Mb L: 64/4096 MS: 1 EraseBytes-
#268688	REDUCE cov: 903 ft: 3658 corp: 789/481Kb lim: 4096 exec/s: 5268 rss: 287Mb L: 138/4096 MS: 1 EraseBytes-
#268704	REDUCE cov: 903 ft: 3658 corp: 789/481Kb lim: 4096 exec/s: 5268 rss: 287Mb L: 195/4096 MS: 1 EraseBytes-
#268788	REDUCE cov: 903 ft: 3658 corp: 789/481Kb lim: 4096 exec/s: 5270 rss: 287Mb L: 257/4096 MS: 4 ManualDict-CopyPart-InsertRepeatedBytes-EraseBytes- DE: "[ProcessCommandsInternal] dictionary word: [%.*s],"-
#268956	REDUCE cov: 903 ft: 3658 corp: 789/481Kb lim: 4096 exec/s: 5273 rss: 287Mb L: 31/4096 MS: 3 ManualDict-EraseBytes-EraseBytes- DE: "needs more input"-
#269422	REDUCE cov: 903 ft: 3658 corp: 789/480Kb lim: 4096 exec/s: 5282 rss: 287Mb L: 502/4096 MS: 1 EraseBytes-
#269433	REDUCE cov: 903 ft: 3658 corp: 789/480Kb lim: 4096 exec/s: 5283 rss: 287Mb L: 12/4096 MS: 1 EraseBytes-
#269434	REDUCE cov: 903 ft: 3658 corp: 789/480Kb lim: 4096 exec/s: 5283 rss: 287Mb L: 20/4096 MS: 1 EraseBytes-
#269695	REDUCE cov: 903 ft: 3658 corp: 789/480Kb lim: 4096 exec/s: 5288 rss: 287Mb L: 74/4096 MS: 1 EraseBytes-
#270532	REDUCE cov: 903 ft: 3658 corp: 789/480Kb lim: 4096 exec/s: 5304 rss: 287Mb L: 24/4096 MS: 2 ChangeBit-EraseBytes-
#270562	REDUCE cov: 903 ft: 3658 corp: 789/480Kb lim: 4096 exec/s: 5305 rss: 287Mb L: 773/4096 MS: 5 PersAutoDict-CMP-ChangeBit-ShuffleBytes-EraseBytes- DE: "\373\377\377\377\377\377\377\377"-"\017\000\000\000\000\000\000\000"-
#271099	REDUCE cov: 903 ft: 3658 corp: 789/479Kb lim: 4096 exec/s: 5315 rss: 287Mb L: 1245/4096 MS: 2 InsertRepeatedBytes-EraseBytes-
#271141	REDUCE cov: 903 ft: 3658 corp: 789/479Kb lim: 4096 exec/s: 5316 rss: 287Mb L: 2186/4096 MS: 2 CopyPart-EraseBytes-
#271913	REDUCE cov: 903 ft: 3658 corp: 789/479Kb lim: 4096 exec/s: 5229 rss: 287Mb L: 49/4096 MS: 2 ManualDict-EraseBytes- DE: "[]"-
#271998	REDUCE cov: 903 ft: 3658 corp: 789/479Kb lim: 4096 exec/s: 5230 rss: 287Mb L: 216/4096 MS: 5 EraseBytes-PersAutoDict-ChangeBit-ChangeASCIIInt-ChangeBinInt- DE: "\033\000"-
#272476	REDUCE cov: 903 ft: 3658 corp: 789/479Kb lim: 4096 exec/s: 5239 rss: 287Mb L: 2937/4096 MS: 3 ShuffleBytes-CMP-EraseBytes- DE: "\016\000"-
#272803	REDUCE cov: 903 ft: 3658 corp: 789/479Kb lim: 4096 exec/s: 5246 rss: 287Mb L: 97/4096 MS: 2 ChangeBit-EraseBytes-
#272841	REDUCE cov: 903 ft: 3658 corp: 789/479Kb lim: 4096 exec/s: 5246 rss: 287Mb L: 4/4096 MS: 3 CopyPart-EraseBytes-CopyPart-
#273218	REDUCE cov: 903 ft: 3658 corp: 789/479Kb lim: 4096 exec/s: 5254 rss: 287Mb L: 20/4096 MS: 2 InsertByte-EraseBytes-
#273304	REDUCE cov: 903 ft: 3658 corp: 789/479Kb lim: 4096 exec/s: 5255 rss: 287Mb L: 21/4096 MS: 1 EraseBytes-
#273500	REDUCE cov: 903 ft: 3658 corp: 789/479Kb lim: 4096 exec/s: 5259 rss: 287Mb L: 38/4096 MS: 1 EraseBytes-
#273505	REDUCE cov: 904 ft: 3659 corp: 790/479Kb lim: 4096 exec/s: 5259 rss: 287Mb L: 553/4096 MS: 5 InsertByte-InsertByte-CrossOver-ShuffleBytes-ChangeBit-
#273957	REDUCE cov: 904 ft: 3659 corp: 790/479Kb lim: 4096 exec/s: 5268 rss: 287Mb L: 1884/4096 MS: 2 PersAutoDict-CrossOver- DE: "!\000\000\000\000\000\000\000"-
#274326	REDUCE cov: 904 ft: 3659 corp: 790/479Kb lim: 4096 exec/s: 5275 rss: 287Mb L: 500/4096 MS: 4 CrossOver-InsertByte-CopyPart-EraseBytes-
#274484	REDUCE cov: 904 ft: 3659 corp: 790/479Kb lim: 4096 exec/s: 5278 rss: 287Mb L: 135/4096 MS: 3 CMP-InsertByte-EraseBytes- DE: "\377\377\377\000"-
#274546	REDUCE cov: 904 ft: 3659 corp: 790/479Kb lim: 4096 exec/s: 5279 rss: 287Mb L: 18/4096 MS: 2 ChangeBinInt-EraseBytes-
#274677	REDUCE cov: 904 ft: 3659 corp: 790/479Kb lim: 4096 exec/s: 5282 rss: 287Mb L: 9/4096 MS: 1 EraseBytes-
#274751	REDUCE cov: 904 ft: 3659 corp: 790/479Kb lim: 4096 exec/s: 5283 rss: 287Mb L: 14/4096 MS: 4 ShuffleBytes-ChangeBit-ChangeBit-EraseBytes-
#275484	REDUCE cov: 904 ft: 3659 corp: 790/479Kb lim: 4096 exec/s: 5297 rss: 287Mb L: 425/4096 MS: 3 CopyPart-ChangeByte-EraseBytes-
#276270	REDUCE cov: 904 ft: 3662 corp: 791/479Kb lim: 4096 exec/s: 5312 rss: 287Mb L: 212/4096 MS: 1 InsertRepeatedBytes-
#276821	REDUCE cov: 904 ft: 3662 corp: 791/479Kb lim: 4096 exec/s: 5223 rss: 287Mb L: 71/4096 MS: 1 EraseBytes-
#276847	REDUCE cov: 904 ft: 3662 corp: 791/479Kb lim: 4096 exec/s: 5223 rss: 287Mb L: 12/4096 MS: 1 EraseBytes-
#276851	NEW    cov: 904 ft: 3663 corp: 792/479Kb lim: 4096 exec/s: 5223 rss: 287Mb L: 117/4096 MS: 4 InsertByte-ChangeByte-CrossOver-ChangeBit-
#276948	REDUCE cov: 904 ft: 3663 corp: 792/479Kb lim: 4096 exec/s: 5225 rss: 287Mb L: 7/4096 MS: 2 CopyPart-EraseBytes-
#276979	REDUCE cov: 904 ft: 3663 corp: 792/479Kb lim: 4096 exec/s: 5226 rss: 287Mb L: 3269/4096 MS: 1 EraseBytes-
#277072	REDUCE cov: 904 ft: 3663 corp: 792/479Kb lim: 4096 exec/s: 5227 rss: 287Mb L: 2307/4096 MS: 3 ShuffleBytes-CrossOver-ChangeBinInt-
#277535	REDUCE cov: 904 ft: 3663 corp: 792/478Kb lim: 4096 exec/s: 5236 rss: 287Mb L: 72/4096 MS: 3 ChangeByte-ChangeBit-EraseBytes-
#277723	NEW    cov: 904 ft: 3678 corp: 793/479Kb lim: 4096 exec/s: 5240 rss: 287Mb L: 57/4096 MS: 3 ManualDict-InsertByte-PersAutoDict- DE: "Large Window Brotli"-"\357\377\377\377"-
#277747	REDUCE cov: 904 ft: 3678 corp: 793/479Kb lim: 4096 exec/s: 5240 rss: 287Mb L: 97/4096 MS: 4 ShuffleBytes-CrossOver-ChangeBit-EraseBytes-
#277903	REDUCE cov: 904 ft: 3678 corp: 793/479Kb lim: 4096 exec/s: 5243 rss: 287Mb L: 171/4096 MS: 1 EraseBytes-
#278199	REDUCE cov: 904 ft: 3678 corp: 793/479Kb lim: 4096 exec/s: 5249 rss: 287Mb L: 59/4096 MS: 1 EraseBytes-
#278480	REDUCE cov: 904 ft: 3678 corp: 793/478Kb lim: 4096 exec/s: 5254 rss: 287Mb L: 1400/4096 MS: 1 EraseBytes-
#278567	REDUCE cov: 904 ft: 3678 corp: 793/478Kb lim: 4096 exec/s: 5255 rss: 287Mb L: 1686/4096 MS: 2 ManualDict-EraseBytes- DE: "t \\4ize \\2\\xc2\\xa0\\4ous \\5 the \\2e "-
#279348	NEW    cov: 904 ft: 3679 corp: 794/479Kb lim: 4096 exec/s: 5270 rss: 287Mb L: 379/4096 MS: 1 CopyPart-
#279974	REDUCE cov: 904 ft: 3679 corp: 794/478Kb lim: 4096 exec/s: 5282 rss: 287Mb L: 2851/4096 MS: 1 EraseBytes-
#280675	REDUCE cov: 904 ft: 3679 corp: 794/478Kb lim: 4096 exec/s: 5295 rss: 287Mb L: 56/4096 MS: 1 EraseBytes-
#281068	REDUCE cov: 904 ft: 3679 corp: 794/478Kb lim: 4096 exec/s: 5303 rss: 287Mb L: 505/4096 MS: 3 InsertRepeatedBytes-ManualDict-EraseBytes- DE: "Large Window Brotli"-
#281462	REDUCE cov: 904 ft: 3679 corp: 794/477Kb lim: 4096 exec/s: 5310 rss: 287Mb L: 1286/4096 MS: 4 ChangeBit-InsertByte-InsertByte-EraseBytes-
#281704	REDUCE cov: 904 ft: 3679 corp: 794/477Kb lim: 4096 exec/s: 5315 rss: 287Mb L: 17/4096 MS: 2 CopyPart-EraseBytes-
#281715	REDUCE cov: 904 ft: 3679 corp: 794/477Kb lim: 4096 exec/s: 5315 rss: 287Mb L: 62/4096 MS: 1 EraseBytes-
#282190	REDUCE cov: 904 ft: 3679 corp: 794/477Kb lim: 4096 exec/s: 5225 rss: 287Mb L: 777/4096 MS: 5 ShuffleBytes-ChangeBinInt-CopyPart-EraseBytes-EraseBytes-
#282454	REDUCE cov: 904 ft: 3679 corp: 794/477Kb lim: 4096 exec/s: 5230 rss: 287Mb L: 821/4096 MS: 4 ShuffleBytes-ShuffleBytes-ChangeASCIIInt-EraseBytes-
#283796	REDUCE cov: 904 ft: 3680 corp: 795/477Kb lim: 4096 exec/s: 5255 rss: 287Mb L: 40/4096 MS: 2 ManualDict-ChangeByte- DE: "needs more output"-
#284577	REDUCE cov: 904 ft: 3680 corp: 795/477Kb lim: 4096 exec/s: 5269 rss: 287Mb L: 10/4096 MS: 1 EraseBytes-
#284854	REDUCE cov: 904 ft: 3680 corp: 795/476Kb lim: 4096 exec/s: 5275 rss: 287Mb L: 970/4096 MS: 2 InsertByte-EraseBytes-
#284897	REDUCE cov: 904 ft: 3680 corp: 795/476Kb lim: 4096 exec/s: 5275 rss: 287Mb L: 13/4096 MS: 3 EraseBytes-CopyPart-ChangeBinInt-
#285546	REDUCE cov: 904 ft: 3680 corp: 795/476Kb lim: 4096 exec/s: 5287 rss: 287Mb L: 699/4096 MS: 4 ChangeBit-CopyPart-ShuffleBytes-EraseBytes-
#285643	REDUCE cov: 904 ft: 3680 corp: 795/476Kb lim: 4096 exec/s: 5289 rss: 287Mb L: 751/4096 MS: 2 InsertRepeatedBytes-EraseBytes-
#285759	REDUCE cov: 904 ft: 3680 corp: 795/476Kb lim: 4096 exec/s: 5291 rss: 287Mb L: 332/4096 MS: 1 EraseBytes-
#285987	REDUCE cov: 904 ft: 3680 corp: 795/476Kb lim: 4096 exec/s: 5296 rss: 287Mb L: 25/4096 MS: 3 InsertByte-ChangeByte-EraseBytes-
#286323	REDUCE cov: 904 ft: 3680 corp: 795/476Kb lim: 4096 exec/s: 5302 rss: 287Mb L: 12/4096 MS: 1 EraseBytes-
#286369	REDUCE cov: 904 ft: 3680 corp: 795/476Kb lim: 4096 exec/s: 5303 rss: 287Mb L: 21/4096 MS: 1 EraseBytes-
#286600	REDUCE cov: 904 ft: 3680 corp: 795/476Kb lim: 4096 exec/s: 5307 rss: 287Mb L: 3950/4096 MS: 1 EraseBytes-
#287441	REDUCE cov: 904 ft: 3680 corp: 795/476Kb lim: 4096 exec/s: 5226 rss: 287Mb L: 7/4096 MS: 1 EraseBytes-
#287838	REDUCE cov: 904 ft: 3684 corp: 796/476Kb lim: 4096 exec/s: 5233 rss: 287Mb L: 80/4096 MS: 2 ManualDict-ManualDict- DE: "Large Window Brotli"-" not \\3er \\3al \\4ful \\4ive \\5less \\4es"-
#288059	REDUCE cov: 904 ft: 3684 corp: 796/475Kb lim: 4096 exec/s: 5237 rss: 287Mb L: 1898/4096 MS: 1 CrossOver-
#288753	REDUCE cov: 904 ft: 3684 corp: 796/475Kb lim: 4096 exec/s: 5250 rss: 287Mb L: 64/4096 MS: 4 ChangeBinInt-ChangeBit-EraseBytes-PersAutoDict- DE: "\000\000\020z"-
#288917	REDUCE cov: 904 ft: 3684 corp: 796/475Kb lim: 4096 exec/s: 5253 rss: 287Mb L: 199/4096 MS: 4 ChangeASCIIInt-ShuffleBytes-CopyPart-EraseBytes-
#289340	REDUCE cov: 904 ft: 3684 corp: 796/475Kb lim: 4096 exec/s: 5260 rss: 287Mb L: 1276/4096 MS: 3 ChangeASCIIInt-ManualDict-EraseBytes- DE: "needs more output"-
#289579	REDUCE cov: 904 ft: 3684 corp: 796/475Kb lim: 4096 exec/s: 5265 rss: 287Mb L: 52/4096 MS: 4 ChangeByte-InsertByte-ChangeBinInt-EraseBytes-
#289746	REDUCE cov: 904 ft: 3686 corp: 797/475Kb lim: 4096 exec/s: 5268 rss: 287Mb L: 113/4096 MS: 2 CMP-InsertRepeatedBytes- DE: "\346\315\000\000"-
#289951	REDUCE cov: 904 ft: 3686 corp: 797/475Kb lim: 4096 exec/s: 5271 rss: 287Mb L: 9/4096 MS: 5 InsertByte-EraseBytes-ShuffleBytes-ChangeBinInt-EraseBytes-
#290342	REDUCE cov: 904 ft: 3686 corp: 797/475Kb lim: 4096 exec/s: 5278 rss: 287Mb L: 104/4096 MS: 1 EraseBytes-
#290372	REDUCE cov: 904 ft: 3686 corp: 797/475Kb lim: 4096 exec/s: 5279 rss: 287Mb L: 119/4096 MS: 5 EraseBytes-ShuffleBytes-CopyPart-CopyPart-PersAutoDict- DE: "\377\377\010\364"-
#290394	REDUCE cov: 904 ft: 3686 corp: 797/475Kb lim: 4096 exec/s: 5279 rss: 287Mb L: 1193/4096 MS: 2 ManualDict-EraseBytes- DE: "t \\4ize \\2\\xc2\\xa0\\4ous \\5 the \\2e "-
#290766	REDUCE cov: 904 ft: 3686 corp: 797/474Kb lim: 4096 exec/s: 5286 rss: 287Mb L: 1833/4096 MS: 2 ChangeBit-EraseBytes-
#291378	REDUCE cov: 904 ft: 3686 corp: 797/474Kb lim: 4096 exec/s: 5297 rss: 287Mb L: 410/4096 MS: 2 ShuffleBytes-CrossOver-
#291484	REDUCE cov: 904 ft: 3686 corp: 797/474Kb lim: 4096 exec/s: 5299 rss: 287Mb L: 17/4096 MS: 1 EraseBytes-
#291665	REDUCE cov: 904 ft: 3686 corp: 797/474Kb lim: 4096 exec/s: 5303 rss: 287Mb L: 42/4096 MS: 1 EraseBytes-
#291727	REDUCE cov: 904 ft: 3686 corp: 797/473Kb lim: 4096 exec/s: 5304 rss: 287Mb L: 2686/4096 MS: 2 ChangeASCIIInt-EraseBytes-
#292588	REDUCE cov: 904 ft: 3686 corp: 797/473Kb lim: 4096 exec/s: 5224 rss: 287Mb L: 51/4096 MS: 1 EraseBytes-
#292781	REDUCE cov: 904 ft: 3686 corp: 797/473Kb lim: 4096 exec/s: 5228 rss: 287Mb L: 28/4096 MS: 3 ShuffleBytes-ShuffleBytes-EraseBytes-
#292932	REDUCE cov: 904 ft: 3686 corp: 797/473Kb lim: 4096 exec/s: 5230 rss: 287Mb L: 42/4096 MS: 1 EraseBytes-
#293278	REDUCE cov: 904 ft: 3686 corp: 797/473Kb lim: 4096 exec/s: 5237 rss: 287Mb L: 21/4096 MS: 1 EraseBytes-
#293462	REDUCE cov: 904 ft: 3686 corp: 797/473Kb lim: 4096 exec/s: 5240 rss: 287Mb L: 58/4096 MS: 4 InsertRepeatedBytes-InsertByte-ChangeASCIIInt-EraseBytes-
#293888	REDUCE cov: 904 ft: 3686 corp: 797/473Kb lim: 4096 exec/s: 5248 rss: 287Mb L: 557/4096 MS: 1 EraseBytes-
#293895	REDUCE cov: 904 ft: 3686 corp: 797/473Kb lim: 4096 exec/s: 5248 rss: 287Mb L: 1800/4096 MS: 2 ManualDict-EraseBytes- DE: " not \\3er \\3al \\4ful \\4ive \\5less \\4es"-
#294913	REDUCE cov: 904 ft: 3686 corp: 797/473Kb lim: 4096 exec/s: 5266 rss: 287Mb L: 1377/4096 MS: 3 ChangeByte-ChangeASCIIInt-EraseBytes-
#295064	REDUCE cov: 904 ft: 3686 corp: 797/473Kb lim: 4096 exec/s: 5269 rss: 287Mb L: 32/4096 MS: 1 EraseBytes-
#295892	REDUCE cov: 904 ft: 3686 corp: 797/473Kb lim: 4096 exec/s: 5283 rss: 287Mb L: 73/4096 MS: 3 EraseBytes-ChangeBinInt-PersAutoDict- DE: "\022\000\000\000\000\000\000\000"-
#296184	REDUCE cov: 904 ft: 3686 corp: 797/473Kb lim: 4096 exec/s: 5289 rss: 287Mb L: 45/4096 MS: 2 InsertByte-EraseBytes-
#296291	REDUCE cov: 904 ft: 3690 corp: 798/473Kb lim: 4096 exec/s: 5290 rss: 287Mb L: 22/4096 MS: 2 ShuffleBytes-CopyPart-
#296561	REDUCE cov: 904 ft: 3690 corp: 798/473Kb lim: 4096 exec/s: 5295 rss: 287Mb L: 153/4096 MS: 5 EraseBytes-InsertByte-ChangeByte-ManualDict-ManualDict- DE: "[ProcessCommandsInternal] dictionary word: [%.*s],"-"INVALID"-
#296842	REDUCE cov: 904 ft: 3690 corp: 798/473Kb lim: 4096 exec/s: 5300 rss: 287Mb L: 58/4096 MS: 1 EraseBytes-
#297045	REDUCE cov: 904 ft: 3690 corp: 798/473Kb lim: 4096 exec/s: 5304 rss: 287Mb L: 5/4096 MS: 3 ChangeByte-CMP-EraseBytes- DE: "\315\266"-
#297671	REDUCE cov: 904 ft: 3690 corp: 798/473Kb lim: 4096 exec/s: 5222 rss: 287Mb L: 48/4096 MS: 1 EraseBytes-
#298067	REDUCE cov: 904 ft: 3690 corp: 798/473Kb lim: 4096 exec/s: 5229 rss: 287Mb L: 66/4096 MS: 1 EraseBytes-
#298743	REDUCE cov: 904 ft: 3690 corp: 798/473Kb lim: 4096 exec/s: 5241 rss: 287Mb L: 60/4096 MS: 1 EraseBytes-
#298759	NEW    cov: 904 ft: 3691 corp: 799/473Kb lim: 4096 exec/s: 5241 rss: 287Mb L: 30/4096 MS: 1 ShuffleBytes-
#299010	REDUCE cov: 904 ft: 3691 corp: 799/473Kb lim: 4096 exec/s: 5245 rss: 287Mb L: 70/4096 MS: 1 EraseBytes-
#299141	REDUCE cov: 904 ft: 3691 corp: 799/473Kb lim: 4096 exec/s: 5248 rss: 287Mb L: 1712/4096 MS: 1 CrossOver-
#299258	REDUCE cov: 904 ft: 3691 corp: 799/473Kb lim: 4096 exec/s: 5250 rss: 287Mb L: 977/4096 MS: 2 ManualDict-EraseBytes- DE: "[]"-
#299354	REDUCE cov: 904 ft: 3691 corp: 799/473Kb lim: 4096 exec/s: 5251 rss: 287Mb L: 236/4096 MS: 1 EraseBytes-
#299550	REDUCE cov: 904 ft: 3691 corp: 799/473Kb lim: 4096 exec/s: 5255 rss: 287Mb L: 18/4096 MS: 1 EraseBytes-
#299902	REDUCE cov: 904 ft: 3691 corp: 799/473Kb lim: 4096 exec/s: 5261 rss: 287Mb L: 48/4096 MS: 2 ChangeBinInt-EraseBytes-
#299913	REDUCE cov: 904 ft: 3691 corp: 799/473Kb lim: 4096 exec/s: 5261 rss: 287Mb L: 132/4096 MS: 1 EraseBytes-
#299929	REDUCE cov: 904 ft: 3691 corp: 799/472Kb lim: 4096 exec/s: 5261 rss: 287Mb L: 2099/4096 MS: 1 EraseBytes-
#300276	REDUCE cov: 904 ft: 3691 corp: 799/472Kb lim: 4096 exec/s: 5268 rss: 287Mb L: 44/4096 MS: 2 ChangeByte-EraseBytes-
#300532	REDUCE cov: 904 ft: 3691 corp: 799/472Kb lim: 4096 exec/s: 5272 rss: 287Mb L: 180/4096 MS: 1 EraseBytes-
#300563	REDUCE cov: 904 ft: 3691 corp: 799/472Kb lim: 4096 exec/s: 5273 rss: 287Mb L: 66/4096 MS: 1 EraseBytes-
#301440	REDUCE cov: 904 ft: 3691 corp: 799/472Kb lim: 4096 exec/s: 5288 rss: 287Mb L: 40/4096 MS: 2 PersAutoDict-EraseBytes- DE: "\001\000"-
#301593	REDUCE cov: 904 ft: 3691 corp: 799/472Kb lim: 4096 exec/s: 5291 rss: 287Mb L: 1830/4096 MS: 3 ChangeBit-InsertByte-EraseBytes-
#302375	REDUCE cov: 904 ft: 3691 corp: 799/472Kb lim: 4096 exec/s: 5213 rss: 287Mb L: 215/4096 MS: 2 ChangeBinInt-EraseBytes-
#302531	REDUCE cov: 904 ft: 3691 corp: 799/472Kb lim: 4096 exec/s: 5216 rss: 287Mb L: 5/4096 MS: 1 EraseBytes-
#302677	REDUCE cov: 904 ft: 3691 corp: 799/472Kb lim: 4096 exec/s: 5218 rss: 287Mb L: 21/4096 MS: 1 EraseBytes-
#303633	REDUCE cov: 904 ft: 3691 corp: 799/472Kb lim: 4096 exec/s: 5235 rss: 287Mb L: 40/4096 MS: 1 EraseBytes-
#303647	REDUCE cov: 904 ft: 3691 corp: 799/472Kb lim: 4096 exec/s: 5235 rss: 287Mb L: 17/4096 MS: 4 ShuffleBytes-ChangeBit-ChangeBit-EraseBytes-
#303776	REDUCE cov: 904 ft: 3691 corp: 799/471Kb lim: 4096 exec/s: 5237 rss: 287Mb L: 1886/4096 MS: 4 EraseBytes-ChangeBit-ChangeBit-InsertByte-
#304082	REDUCE cov: 904 ft: 3691 corp: 799/471Kb lim: 4096 exec/s: 5242 rss: 287Mb L: 56/4096 MS: 1 EraseBytes-
#304268	REDUCE cov: 904 ft: 3691 corp: 799/471Kb lim: 4096 exec/s: 5246 rss: 287Mb L: 17/4096 MS: 1 EraseBytes-
#304709	REDUCE cov: 904 ft: 3691 corp: 799/471Kb lim: 4096 exec/s: 5253 rss: 287Mb L: 45/4096 MS: 1 EraseBytes-
#305255	REDUCE cov: 904 ft: 3691 corp: 799/471Kb lim: 4096 exec/s: 5263 rss: 287Mb L: 14/4096 MS: 1 EraseBytes-
#305432	REDUCE cov: 904 ft: 3691 corp: 799/471Kb lim: 4096 exec/s: 5266 rss: 287Mb L: 176/4096 MS: 2 ChangeBit-EraseBytes-
#305453	REDUCE cov: 904 ft: 3691 corp: 799/471Kb lim: 4096 exec/s: 5266 rss: 287Mb L: 16/4096 MS: 1 EraseBytes-
#305494	NEW    cov: 904 ft: 3692 corp: 800/471Kb lim: 4096 exec/s: 5267 rss: 287Mb L: 57/4096 MS: 1 ChangeByte-
#306195	REDUCE cov: 904 ft: 3692 corp: 800/471Kb lim: 4096 exec/s: 5279 rss: 287Mb L: 64/4096 MS: 1 EraseBytes-
#306548	NEW    cov: 904 ft: 3693 corp: 801/471Kb lim: 4096 exec/s: 5285 rss: 287Mb L: 22/4096 MS: 3 EraseBytes-ChangeByte-ChangeByte-
#306634	NEW    cov: 905 ft: 3697 corp: 802/471Kb lim: 4096 exec/s: 5286 rss: 287Mb L: 81/4096 MS: 1 EraseBytes-
#306666	REDUCE cov: 905 ft: 3697 corp: 802/471Kb lim: 4096 exec/s: 5287 rss: 287Mb L: 54/4096 MS: 2 CopyPart-EraseBytes-
#306893	REDUCE cov: 905 ft: 3697 corp: 802/471Kb lim: 4096 exec/s: 5291 rss: 287Mb L: 921/4096 MS: 2 InsertRepeatedBytes-EraseBytes-
#307169	REDUCE cov: 905 ft: 3697 corp: 802/471Kb lim: 4096 exec/s: 5296 rss: 287Mb L: 285/4096 MS: 1 EraseBytes-
#307736	REDUCE cov: 905 ft: 3697 corp: 802/470Kb lim: 4096 exec/s: 5215 rss: 287Mb L: 996/4096 MS: 2 ChangeBit-EraseBytes-
#309232	REDUCE cov: 905 ft: 3697 corp: 802/470Kb lim: 4096 exec/s: 5241 rss: 287Mb L: 52/4096 MS: 1 EraseBytes-
#309479	REDUCE cov: 905 ft: 3697 corp: 802/470Kb lim: 4096 exec/s: 5245 rss: 287Mb L: 18/4096 MS: 2 InsertByte-EraseBytes-
#309698	REDUCE cov: 905 ft: 3697 corp: 802/470Kb lim: 4096 exec/s: 5249 rss: 287Mb L: 87/4096 MS: 4 ShuffleBytes-EraseBytes-CMP-PersAutoDict- DE: "\001\000\003\372"-"\001\000\000\035"-
#309899	REDUCE cov: 905 ft: 3697 corp: 802/470Kb lim: 4096 exec/s: 5252 rss: 287Mb L: 235/4096 MS: 1 EraseBytes-
#310320	REDUCE cov: 905 ft: 3697 corp: 802/470Kb lim: 4096 exec/s: 5259 rss: 287Mb L: 1310/4096 MS: 1 EraseBytes-
#311062	REDUCE cov: 905 ft: 3697 corp: 802/470Kb lim: 4096 exec/s: 5272 rss: 287Mb L: 148/4096 MS: 2 EraseBytes-CopyPart-
#311331	REDUCE cov: 905 ft: 3697 corp: 802/470Kb lim: 4096 exec/s: 5276 rss: 287Mb L: 1441/4096 MS: 4 CrossOver-ChangeBit-CopyPart-EraseBytes-
#311457	REDUCE cov: 905 ft: 3697 corp: 802/470Kb lim: 4096 exec/s: 5278 rss: 287Mb L: 36/4096 MS: 1 EraseBytes-
#311663	NEW    cov: 905 ft: 3699 corp: 803/470Kb lim: 4096 exec/s: 5282 rss: 287Mb L: 81/4096 MS: 1 PersAutoDict- DE: "\376\377\377\377\377\377\377\343"-
#311748	REDUCE cov: 905 ft: 3699 corp: 803/470Kb lim: 4096 exec/s: 5283 rss: 287Mb L: 62/4096 MS: 5 ManualDict-ChangeASCIIInt-CrossOver-EraseBytes-EraseBytes- DE: "needs more output"-
#312007	REDUCE cov: 905 ft: 3699 corp: 803/470Kb lim: 4096 exec/s: 5288 rss: 287Mb L: 2331/4096 MS: 4 ChangeByte-InsertByte-ManualDict-EraseBytes- DE: "INVALID"-
#312509	NEW    cov: 905 ft: 3701 corp: 804/470Kb lim: 4096 exec/s: 5208 rss: 287Mb L: 60/4096 MS: 2 PersAutoDict-EraseBytes- DE: "A\000\000\000\000\000\000\000"-
#313120	REDUCE cov: 905 ft: 3701 corp: 804/470Kb lim: 4096 exec/s: 5218 rss: 287Mb L: 1432/4096 MS: 1 EraseBytes-
#313801	REDUCE cov: 905 ft: 3701 corp: 804/470Kb lim: 4096 exec/s: 5230 rss: 287Mb L: 229/4096 MS: 1 EraseBytes-
#313937	NEW    cov: 905 ft: 3702 corp: 805/470Kb lim: 4096 exec/s: 5232 rss: 287Mb L: 139/4096 MS: 1 InsertRepeatedBytes-
#314798	REDUCE cov: 905 ft: 3702 corp: 805/470Kb lim: 4096 exec/s: 5246 rss: 287Mb L: 2330/4096 MS: 1 CrossOver-
#314829	REDUCE cov: 905 ft: 3702 corp: 805/470Kb lim: 4096 exec/s: 5247 rss: 287Mb L: 33/4096 MS: 1 EraseBytes-
#315540	REDUCE cov: 905 ft: 3702 corp: 805/470Kb lim: 4096 exec/s: 5259 rss: 287Mb L: 2439/4096 MS: 1 CrossOver-
#317463	REDUCE cov: 905 ft: 3702 corp: 805/470Kb lim: 4096 exec/s: 5291 rss: 287Mb L: 43/4096 MS: 3 ChangeBinInt-ShuffleBytes-EraseBytes-
#317854	REDUCE cov: 905 ft: 3702 corp: 805/470Kb lim: 4096 exec/s: 5210 rss: 287Mb L: 104/4096 MS: 1 EraseBytes-
#318278	REDUCE cov: 905 ft: 3702 corp: 805/470Kb lim: 4096 exec/s: 5217 rss: 287Mb L: 130/4096 MS: 4 ChangeBinInt-CopyPart-InsertByte-EraseBytes-
#318465	REDUCE cov: 905 ft: 3702 corp: 805/470Kb lim: 4096 exec/s: 5220 rss: 287Mb L: 23/4096 MS: 2 ChangeBit-EraseBytes-
#319341	REDUCE cov: 905 ft: 3702 corp: 805/470Kb lim: 4096 exec/s: 5235 rss: 287Mb L: 52/4096 MS: 1 EraseBytes-
#319535	REDUCE cov: 905 ft: 3702 corp: 805/470Kb lim: 4096 exec/s: 5238 rss: 287Mb L: 19/4096 MS: 4 ChangeBit-ShuffleBytes-ChangeBinInt-EraseBytes-
#319581	REDUCE cov: 905 ft: 3702 corp: 805/470Kb lim: 4096 exec/s: 5239 rss: 287Mb L: 650/4096 MS: 1 EraseBytes-
#319647	REDUCE cov: 905 ft: 3702 corp: 805/470Kb lim: 4096 exec/s: 5240 rss: 287Mb L: 50/4096 MS: 1 EraseBytes-
#319820	REDUCE cov: 905 ft: 3702 corp: 805/470Kb lim: 4096 exec/s: 5242 rss: 287Mb L: 95/4096 MS: 3 CopyPart-ChangeBinInt-EraseBytes-
#319914	REDUCE cov: 905 ft: 3702 corp: 805/470Kb lim: 4096 exec/s: 5244 rss: 287Mb L: 195/4096 MS: 4 ManualDict-ChangeBinInt-ChangeByte-EraseBytes- DE: " not \\3er \\3al \\4ful \\4ive \\5less \\4es"-
#319947	REDUCE cov: 905 ft: 3702 corp: 805/470Kb lim: 4096 exec/s: 5245 rss: 287Mb L: 169/4096 MS: 3 ChangeASCIIInt-EraseBytes-ChangeBit-
#320243	REDUCE cov: 905 ft: 3702 corp: 805/470Kb lim: 4096 exec/s: 5249 rss: 287Mb L: 2310/4096 MS: 1 EraseBytes-
#320314	NEW    cov: 905 ft: 3710 corp: 806/470Kb lim: 4096 exec/s: 5251 rss: 287Mb L: 83/4096 MS: 1 PersAutoDict- DE: "\001\032"-
#321116	REDUCE cov: 905 ft: 3710 corp: 806/470Kb lim: 4096 exec/s: 5264 rss: 287Mb L: 65/4096 MS: 2 InsertRepeatedBytes-EraseBytes-
#321437	REDUCE cov: 905 ft: 3710 corp: 806/470Kb lim: 4096 exec/s: 5269 rss: 287Mb L: 1000/4096 MS: 1 EraseBytes-
#321495	REDUCE cov: 906 ft: 3711 corp: 807/472Kb lim: 4096 exec/s: 5270 rss: 287Mb L: 2469/4096 MS: 3 ChangeASCIIInt-ShuffleBytes-CrossOver-
#321541	REDUCE cov: 906 ft: 3711 corp: 807/472Kb lim: 4096 exec/s: 5271 rss: 287Mb L: 2853/4096 MS: 1 EraseBytes-
#321549	NEW    cov: 906 ft: 3715 corp: 808/472Kb lim: 4096 exec/s: 5271 rss: 287Mb L: 83/4096 MS: 3 ChangeBinInt-ShuffleBytes-CopyPart-
#321695	REDUCE cov: 906 ft: 3715 corp: 808/472Kb lim: 4096 exec/s: 5273 rss: 287Mb L: 162/4096 MS: 1 EraseBytes-
#322116	REDUCE cov: 906 ft: 3715 corp: 808/472Kb lim: 4096 exec/s: 5280 rss: 287Mb L: 2255/4096 MS: 1 EraseBytes-
#322492	REDUCE cov: 906 ft: 3715 corp: 808/472Kb lim: 4096 exec/s: 5286 rss: 287Mb L: 758/4096 MS: 1 EraseBytes-
#322622	REDUCE cov: 906 ft: 3715 corp: 808/472Kb lim: 4096 exec/s: 5288 rss: 287Mb L: 73/4096 MS: 5 EraseBytes-InsertByte-ChangeASCIIInt-ShuffleBytes-InsertRepeatedBytes-
#322623	REDUCE cov: 906 ft: 3715 corp: 808/472Kb lim: 4096 exec/s: 5288 rss: 287Mb L: 1254/4096 MS: 1 EraseBytes-
#322753	REDUCE cov: 906 ft: 3726 corp: 809/472Kb lim: 4096 exec/s: 5205 rss: 287Mb L: 242/4096 MS: 5 InsertRepeatedBytes-CrossOver-InsertByte-InsertByte-InsertRepeatedBytes-
#323244	REDUCE cov: 906 ft: 3726 corp: 809/472Kb lim: 4096 exec/s: 5213 rss: 287Mb L: 19/4096 MS: 1 EraseBytes-
#323445	REDUCE cov: 906 ft: 3726 corp: 809/472Kb lim: 4096 exec/s: 5216 rss: 287Mb L: 15/4096 MS: 1 EraseBytes-
#323543	REDUCE cov: 906 ft: 3726 corp: 809/472Kb lim: 4096 exec/s: 5218 rss: 287Mb L: 190/4096 MS: 3 InsertByte-CopyPart-EraseBytes-
#323579	REDUCE cov: 906 ft: 3726 corp: 809/472Kb lim: 4096 exec/s: 5219 rss: 287Mb L: 178/4096 MS: 1 EraseBytes-
#323582	REDUCE cov: 906 ft: 3726 corp: 809/472Kb lim: 4096 exec/s: 5219 rss: 287Mb L: 659/4096 MS: 3 ChangeASCIIInt-ChangeBinInt-EraseBytes-
#323629	REDUCE cov: 906 ft: 3726 corp: 809/472Kb lim: 4096 exec/s: 5219 rss: 287Mb L: 73/4096 MS: 2 ChangeASCIIInt-EraseBytes-
#323790	REDUCE cov: 906 ft: 3726 corp: 809/472Kb lim: 4096 exec/s: 5222 rss: 287Mb L: 143/4096 MS: 1 EraseBytes-
#324106	REDUCE cov: 906 ft: 3726 corp: 809/472Kb lim: 4096 exec/s: 5227 rss: 287Mb L: 51/4096 MS: 1 EraseBytes-
#324187	REDUCE cov: 906 ft: 3726 corp: 809/472Kb lim: 4096 exec/s: 5228 rss: 287Mb L: 17/4096 MS: 1 EraseBytes-
#324695	REDUCE cov: 906 ft: 3726 corp: 809/472Kb lim: 4096 exec/s: 5237 rss: 287Mb L: 89/4096 MS: 3 InsertByte-EraseBytes-ChangeBinInt-
#324733	REDUCE cov: 906 ft: 3726 corp: 809/472Kb lim: 4096 exec/s: 5237 rss: 287Mb L: 64/4096 MS: 3 ShuffleBytes-EraseBytes-ManualDict- DE: "Regular"-
#324829	REDUCE cov: 906 ft: 3726 corp: 809/472Kb lim: 4096 exec/s: 5239 rss: 287Mb L: 780/4096 MS: 1 EraseBytes-
#325381	REDUCE cov: 906 ft: 3726 corp: 809/472Kb lim: 4096 exec/s: 5248 rss: 287Mb L: 1734/4096 MS: 2 ChangeASCIIInt-EraseBytes-
#325403	REDUCE cov: 906 ft: 3726 corp: 809/472Kb lim: 4096 exec/s: 5248 rss: 287Mb L: 60/4096 MS: 2 InsertByte-EraseBytes-
#325505	REDUCE cov: 906 ft: 3726 corp: 809/472Kb lim: 4096 exec/s: 5250 rss: 287Mb L: 126/4096 MS: 2 EraseBytes-InsertByte-
#325534	REDUCE cov: 906 ft: 3726 corp: 809/472Kb lim: 4096 exec/s: 5250 rss: 287Mb L: 72/4096 MS: 4 EraseBytes-ShuffleBytes-ShuffleBytes-CMP- DE: "\377\377\377\377\377\377\377\377"-
#325591	REDUCE cov: 906 ft: 3726 corp: 809/471Kb lim: 4096 exec/s: 5251 rss: 287Mb L: 1852/4096 MS: 2 CopyPart-EraseBytes-
#326312	REDUCE cov: 906 ft: 3726 corp: 809/471Kb lim: 4096 exec/s: 5263 rss: 287Mb L: 1736/4096 MS: 1 EraseBytes-
#326871	REDUCE cov: 906 ft: 3726 corp: 809/471Kb lim: 4096 exec/s: 5272 rss: 287Mb L: 71/4096 MS: 4 ChangeBinInt-CrossOver-CopyPart-EraseBytes-
#328027	REDUCE cov: 906 ft: 3726 corp: 809/471Kb lim: 4096 exec/s: 5206 rss: 287Mb L: 141/4096 MS: 1 EraseBytes-
#328233	REDUCE cov: 906 ft: 3726 corp: 809/471Kb lim: 4096 exec/s: 5210 rss: 287Mb L: 228/4096 MS: 1 EraseBytes-
#328279	REDUCE cov: 906 ft: 3726 corp: 809/471Kb lim: 4096 exec/s: 5210 rss: 287Mb L: 48/4096 MS: 1 EraseBytes-
#328627	REDUCE cov: 906 ft: 3726 corp: 809/471Kb lim: 4096 exec/s: 5216 rss: 287Mb L: 465/4096 MS: 3 InsertRepeatedBytes-EraseBytes-CrossOver-
#328861	REDUCE cov: 906 ft: 3726 corp: 809/471Kb lim: 4096 exec/s: 5220 rss: 287Mb L: 936/4096 MS: 4 EraseBytes-PersAutoDict-InsertRepeatedBytes-ChangeBit- DE: "\372\377\377\377"-
#328882	REDUCE cov: 906 ft: 3726 corp: 809/471Kb lim: 4096 exec/s: 5220 rss: 287Mb L: 59/4096 MS: 1 EraseBytes-
#329423	REDUCE cov: 906 ft: 3726 corp: 809/471Kb lim: 4096 exec/s: 5228 rss: 287Mb L: 56/4096 MS: 1 EraseBytes-
#329894	REDUCE cov: 906 ft: 3726 corp: 809/471Kb lim: 4096 exec/s: 5236 rss: 287Mb L: 20/4096 MS: 1 EraseBytes-
#330721	REDUCE cov: 906 ft: 3726 corp: 809/471Kb lim: 4096 exec/s: 5249 rss: 287Mb L: 5/4096 MS: 2 CrossOver-EraseBytes-
#331067	REDUCE cov: 906 ft: 3726 corp: 809/471Kb lim: 4096 exec/s: 5255 rss: 287Mb L: 2651/4096 MS: 1 EraseBytes-
#331143	REDUCE cov: 906 ft: 3726 corp: 809/470Kb lim: 4096 exec/s: 5256 rss: 287Mb L: 2622/4096 MS: 1 EraseBytes-
#332229	REDUCE cov: 906 ft: 3726 corp: 809/470Kb lim: 4096 exec/s: 5191 rss: 287Mb L: 849/4096 MS: 1 EraseBytes-
#332697	REDUCE cov: 906 ft: 3726 corp: 809/470Kb lim: 4096 exec/s: 5198 rss: 287Mb L: 2437/4096 MS: 3 ChangeASCIIInt-CMP-EraseBytes- DE: ")\000\000\000\000\000\000\000"-
#333256	REDUCE cov: 906 ft: 3726 corp: 809/470Kb lim: 4096 exec/s: 5207 rss: 287Mb L: 19/4096 MS: 4 ChangeByte-ChangeBit-PersAutoDict-EraseBytes- DE: "\357\377\377\377"-
#333693	REDUCE cov: 906 ft: 3726 corp: 809/470Kb lim: 4096 exec/s: 5213 rss: 287Mb L: 167/4096 MS: 2 ShuffleBytes-EraseBytes-
#333782	REDUCE cov: 906 ft: 3726 corp: 809/470Kb lim: 4096 exec/s: 5215 rss: 287Mb L: 43/4096 MS: 4 InsertRepeatedBytes-ManualDict-InsertByte-EraseBytes- DE: "needs more input"-
#334898	REDUCE cov: 906 ft: 3726 corp: 809/470Kb lim: 4096 exec/s: 5232 rss: 287Mb L: 72/4096 MS: 1 EraseBytes-
#334932	REDUCE cov: 906 ft: 3727 corp: 810/470Kb lim: 4096 exec/s: 5233 rss: 287Mb L: 531/4096 MS: 4 InsertRepeatedBytes-ChangeBit-InsertRepeatedBytes-CopyPart-
#335240	REDUCE cov: 906 ft: 3728 corp: 811/470Kb lim: 4096 exec/s: 5238 rss: 287Mb L: 43/4096 MS: 3 ChangeByte-InsertByte-EraseBytes-
#335671	REDUCE cov: 906 ft: 3734 corp: 812/470Kb lim: 4096 exec/s: 5244 rss: 287Mb L: 20/4096 MS: 1 ChangeBit-
#335700	REDUCE cov: 906 ft: 3734 corp: 812/470Kb lim: 4096 exec/s: 5245 rss: 287Mb L: 370/4096 MS: 4 ManualDict-ChangeBit-ChangeBinInt-EraseBytes- DE: " not \\3er \\3al \\4ful \\4ive \\5less \\4es"-
#336377	REDUCE cov: 906 ft: 3734 corp: 812/470Kb lim: 4096 exec/s: 5255 rss: 287Mb L: 97/4096 MS: 2 ShuffleBytes-EraseBytes-
#336748	REDUCE cov: 906 ft: 3734 corp: 812/470Kb lim: 4096 exec/s: 5261 rss: 287Mb L: 2717/4096 MS: 1 CrossOver-
#337060	REDUCE cov: 906 ft: 3734 corp: 812/470Kb lim: 4096 exec/s: 5266 rss: 287Mb L: 238/4096 MS: 2 InsertByte-EraseBytes-
#337091	REDUCE cov: 906 ft: 3734 corp: 812/470Kb lim: 4096 exec/s: 5267 rss: 287Mb L: 228/4096 MS: 1 EraseBytes-
#337397	REDUCE cov: 906 ft: 3734 corp: 812/469Kb lim: 4096 exec/s: 5190 rss: 287Mb L: 650/4096 MS: 1 CrossOver-
#337856	REDUCE cov: 906 ft: 3734 corp: 812/469Kb lim: 4096 exec/s: 5197 rss: 287Mb L: 1041/4096 MS: 4 CrossOver-CrossOver-ChangeBinInt-EraseBytes-
#338059	REDUCE cov: 906 ft: 3734 corp: 812/469Kb lim: 4096 exec/s: 5200 rss: 287Mb L: 1143/4096 MS: 3 ChangeByte-InsertRepeatedBytes-EraseBytes-
#338110	REDUCE cov: 906 ft: 3734 corp: 812/469Kb lim: 4096 exec/s: 5201 rss: 287Mb L: 140/4096 MS: 1 EraseBytes-
#338756	REDUCE cov: 906 ft: 3734 corp: 812/469Kb lim: 4096 exec/s: 5211 rss: 287Mb L: 233/4096 MS: 1 EraseBytes-
#339298	REDUCE cov: 906 ft: 3734 corp: 812/469Kb lim: 4096 exec/s: 5219 rss: 287Mb L: 417/4096 MS: 2 InsertRepeatedBytes-EraseBytes-
#339646	REDUCE cov: 906 ft: 3735 corp: 813/469Kb lim: 4096 exec/s: 5225 rss: 287Mb L: 37/4096 MS: 3 ManualDict-ChangeBit-EraseBytes- DE: "Large Window Brotli"-
#339708	NEW    cov: 906 ft: 3736 corp: 814/469Kb lim: 4096 exec/s: 5226 rss: 287Mb L: 106/4096 MS: 2 InsertByte-InsertRepeatedBytes-
#339729	REDUCE cov: 906 ft: 3736 corp: 814/469Kb lim: 4096 exec/s: 5226 rss: 287Mb L: 2586/4096 MS: 1 EraseBytes-
#339761	REDUCE cov: 906 ft: 3736 corp: 814/469Kb lim: 4096 exec/s: 5227 rss: 287Mb L: 16/4096 MS: 2 CopyPart-EraseBytes-
#340154	REDUCE cov: 906 ft: 3736 corp: 814/469Kb lim: 4096 exec/s: 5233 rss: 287Mb L: 35/4096 MS: 3 InsertByte-ManualDict-EraseBytes- DE: "[]"-
#340182	REDUCE cov: 906 ft: 3736 corp: 814/469Kb lim: 4096 exec/s: 5233 rss: 287Mb L: 57/4096 MS: 3 ShuffleBytes-ShuffleBytes-EraseBytes-
#340194	REDUCE cov: 906 ft: 3736 corp: 814/469Kb lim: 4096 exec/s: 5233 rss: 287Mb L: 758/4096 MS: 2 ChangeASCIIInt-EraseBytes-
#340282	REDUCE cov: 906 ft: 3736 corp: 814/469Kb lim: 4096 exec/s: 5235 rss: 287Mb L: 127/4096 MS: 3 ChangeASCIIInt-ChangeASCIIInt-EraseBytes-
#340303	REDUCE cov: 906 ft: 3736 corp: 814/468Kb lim: 4096 exec/s: 5235 rss: 287Mb L: 2457/4096 MS: 1 EraseBytes-
#340304	REDUCE cov: 906 ft: 3736 corp: 814/468Kb lim: 4096 exec/s: 5235 rss: 287Mb L: 12/4096 MS: 1 EraseBytes-
#340792	REDUCE cov: 906 ft: 3736 corp: 814/468Kb lim: 4096 exec/s: 5242 rss: 287Mb L: 713/4096 MS: 3 ChangeBit-ChangeBit-EraseBytes-
#340914	REDUCE cov: 906 ft: 3736 corp: 814/468Kb lim: 4096 exec/s: 5244 rss: 287Mb L: 162/4096 MS: 2 InsertRepeatedBytes-EraseBytes-
#341212	REDUCE cov: 906 ft: 3736 corp: 814/468Kb lim: 4096 exec/s: 5249 rss: 287Mb L: 16/4096 MS: 3 ChangeByte-CopyPart-EraseBytes-
#341396	REDUCE cov: 906 ft: 3736 corp: 814/468Kb lim: 4096 exec/s: 5252 rss: 287Mb L: 82/4096 MS: 4 PersAutoDict-InsertRepeatedBytes-CopyPart-EraseBytes- DE: "@\000\000\000\000\000\000\000"-
#341917	REDUCE cov: 906 ft: 3736 corp: 814/468Kb lim: 4096 exec/s: 5260 rss: 287Mb L: 125/4096 MS: 1 EraseBytes-
#342050	REDUCE cov: 906 ft: 3736 corp: 814/468Kb lim: 4096 exec/s: 5182 rss: 287Mb L: 30/4096 MS: 3 ChangeASCIIInt-ChangeBinInt-EraseBytes-
#342197	REDUCE cov: 906 ft: 3736 corp: 814/468Kb lim: 4096 exec/s: 5184 rss: 287Mb L: 92/4096 MS: 2 ChangeBit-EraseBytes-
#343003	REDUCE cov: 906 ft: 3736 corp: 814/468Kb lim: 4096 exec/s: 5197 rss: 287Mb L: 106/4096 MS: 1 EraseBytes-
#343015	REDUCE cov: 906 ft: 3736 corp: 814/468Kb lim: 4096 exec/s: 5197 rss: 287Mb L: 61/4096 MS: 2 CMP-EraseBytes- DE: "\376\377\377\377\377\377\377\340"-
#343021	REDUCE cov: 906 ft: 3736 corp: 814/468Kb lim: 4096 exec/s: 5197 rss: 287Mb L: 947/4096 MS: 1 EraseBytes-
#343057	REDUCE cov: 906 ft: 3736 corp: 814/468Kb lim: 4096 exec/s: 5197 rss: 287Mb L: 1806/4096 MS: 1 EraseBytes-
#343113	REDUCE cov: 906 ft: 3736 corp: 814/468Kb lim: 4096 exec/s: 5198 rss: 287Mb L: 48/4096 MS: 1 EraseBytes-
#343334	REDUCE cov: 906 ft: 3736 corp: 814/468Kb lim: 4096 exec/s: 5202 rss: 287Mb L: 156/4096 MS: 1 EraseBytes-
#343428	REDUCE cov: 906 ft: 3738 corp: 815/468Kb lim: 4096 exec/s: 5203 rss: 287Mb L: 256/4096 MS: 4 ChangeBit-ManualDict-InsertRepeatedBytes-PersAutoDict- DE: "t \\4ize \\2\\xc2\\xa0\\4ous \\5 the \\2e "-"\000\010"-
#344077	REDUCE cov: 906 ft: 3738 corp: 815/468Kb lim: 4096 exec/s: 5213 rss: 287Mb L: 65/4096 MS: 4 ManualDict-ChangeBit-ChangeASCIIInt-EraseBytes- DE: "t \\4ize \\2\\xc2\\xa0\\4ous \\5 the \\2e "-
#344703	REDUCE cov: 906 ft: 3738 corp: 815/468Kb lim: 4096 exec/s: 5222 rss: 287Mb L: 157/4096 MS: 1 EraseBytes-
#345149	REDUCE cov: 906 ft: 3738 corp: 815/468Kb lim: 4096 exec/s: 5229 rss: 287Mb L: 12/4096 MS: 1 EraseBytes-
#345161	REDUCE cov: 906 ft: 3738 corp: 815/468Kb lim: 4096 exec/s: 5229 rss: 287Mb L: 51/4096 MS: 2 ChangeASCIIInt-EraseBytes-
#345177	REDUCE cov: 906 ft: 3738 corp: 815/468Kb lim: 4096 exec/s: 5229 rss: 287Mb L: 13/4096 MS: 1 EraseBytes-
#345273	REDUCE cov: 906 ft: 3738 corp: 815/468Kb lim: 4096 exec/s: 5231 rss: 287Mb L: 16/4096 MS: 1 EraseBytes-
#345424	REDUCE cov: 906 ft: 3738 corp: 815/467Kb lim: 4096 exec/s: 5233 rss: 287Mb L: 761/4096 MS: 1 EraseBytes-
#345610	REDUCE cov: 906 ft: 3738 corp: 815/467Kb lim: 4096 exec/s: 5236 rss: 287Mb L: 296/4096 MS: 1 EraseBytes-
#345715	REDUCE cov: 906 ft: 3738 corp: 815/467Kb lim: 4096 exec/s: 5238 rss: 287Mb L: 267/4096 MS: 5 ShuffleBytes-ChangeBit-ChangeBinInt-InsertByte-EraseBytes-
#345811	REDUCE cov: 906 ft: 3738 corp: 815/467Kb lim: 4096 exec/s: 5239 rss: 287Mb L: 26/4096 MS: 1 EraseBytes-
#345872	REDUCE cov: 906 ft: 3738 corp: 815/467Kb lim: 4096 exec/s: 5240 rss: 287Mb L: 48/4096 MS: 1 EraseBytes-
#346153	REDUCE cov: 906 ft: 3738 corp: 815/467Kb lim: 4096 exec/s: 5244 rss: 287Mb L: 21/4096 MS: 1 EraseBytes-
#346401	NEW    cov: 906 ft: 3747 corp: 816/467Kb lim: 4096 exec/s: 5248 rss: 287Mb L: 256/4096 MS: 3 ChangeByte-PersAutoDict-PersAutoDict- DE: "@\000\000\000\000\000\000\000"-"+\006\000\000"-
#347025	REDUCE cov: 906 ft: 3747 corp: 816/467Kb lim: 4096 exec/s: 5179 rss: 287Mb L: 78/4096 MS: 4 PersAutoDict-InsertRepeatedBytes-CrossOver-EraseBytes- DE: "\377\377\010\364"-
#347531	REDUCE cov: 906 ft: 3747 corp: 816/467Kb lim: 4096 exec/s: 5187 rss: 287Mb L: 36/4096 MS: 1 EraseBytes-
#347867	REDUCE cov: 906 ft: 3747 corp: 816/467Kb lim: 4096 exec/s: 5192 rss: 287Mb L: 3714/4096 MS: 1 CrossOver-
#348016	REDUCE cov: 906 ft: 3747 corp: 816/467Kb lim: 4096 exec/s: 5194 rss: 287Mb L: 22/4096 MS: 4 CopyPart-CopyPart-ChangeBit-EraseBytes-
#348107	REDUCE cov: 906 ft: 3747 corp: 816/467Kb lim: 4096 exec/s: 5195 rss: 287Mb L: 160/4096 MS: 1 EraseBytes-
#348463	REDUCE cov: 906 ft: 3747 corp: 816/467Kb lim: 4096 exec/s: 5200 rss: 287Mb L: 187/4096 MS: 1 EraseBytes-
#348486	REDUCE cov: 906 ft: 3747 corp: 816/467Kb lim: 4096 exec/s: 5201 rss: 287Mb L: 13/4096 MS: 3 ChangeByte-ChangeBit-EraseBytes-
#348883	REDUCE cov: 906 ft: 3747 corp: 816/467Kb lim: 4096 exec/s: 5207 rss: 287Mb L: 156/4096 MS: 2 ChangeASCIIInt-EraseBytes-
#349258	REDUCE cov: 906 ft: 3747 corp: 816/467Kb lim: 4096 exec/s: 5212 rss: 287Mb L: 283/4096 MS: 5 EraseBytes-ChangeASCIIInt-CopyPart-InsertByte-InsertRepeatedBytes-
#349424	REDUCE cov: 906 ft: 3747 corp: 816/467Kb lim: 4096 exec/s: 5215 rss: 287Mb L: 15/4096 MS: 1 EraseBytes-
#349677	REDUCE cov: 906 ft: 3747 corp: 816/467Kb lim: 4096 exec/s: 5219 rss: 287Mb L: 30/4096 MS: 3 ManualDict-ShuffleBytes-EraseBytes- DE: "Regular"-
#349805	REDUCE cov: 906 ft: 3747 corp: 816/467Kb lim: 4096 exec/s: 5220 rss: 287Mb L: 40/4096 MS: 3 CMP-EraseBytes-InsertByte- DE: "\001\000\000\003"-
#350044	REDUCE cov: 906 ft: 3747 corp: 816/467Kb lim: 4096 exec/s: 5224 rss: 287Mb L: 1666/4096 MS: 4 ChangeASCIIInt-ChangeByte-ChangeByte-EraseBytes-
#350950	REDUCE cov: 906 ft: 3747 corp: 816/467Kb lim: 4096 exec/s: 5238 rss: 287Mb L: 127/4096 MS: 1 EraseBytes-
#351177	REDUCE cov: 906 ft: 3748 corp: 817/467Kb lim: 4096 exec/s: 5241 rss: 287Mb L: 50/4096 MS: 2 CopyPart-InsertByte-
#351924	REDUCE cov: 906 ft: 3748 corp: 817/467Kb lim: 4096 exec/s: 5175 rss: 287Mb L: 219/4096 MS: 2 InsertByte-EraseBytes-
#351936	REDUCE cov: 906 ft: 3751 corp: 818/467Kb lim: 4096 exec/s: 5175 rss: 287Mb L: 136/4096 MS: 2 EraseBytes-CMP- DE: "\001\000\000\000\000\000\037\364"-
#352009	REDUCE cov: 906 ft: 3751 corp: 818/467Kb lim: 4096 exec/s: 5176 rss: 287Mb L: 148/4096 MS: 3 CopyPart-ChangeByte-EraseBytes-
#352025	REDUCE cov: 906 ft: 3751 corp: 818/467Kb lim: 4096 exec/s: 5176 rss: 287Mb L: 46/4096 MS: 1 EraseBytes-
#352606	REDUCE cov: 906 ft: 3751 corp: 818/467Kb lim: 4096 exec/s: 5185 rss: 287Mb L: 681/4096 MS: 1 EraseBytes-
#352722	REDUCE cov: 906 ft: 3751 corp: 818/467Kb lim: 4096 exec/s: 5187 rss: 287Mb L: 163/4096 MS: 1 EraseBytes-
#352853	REDUCE cov: 906 ft: 3751 corp: 818/467Kb lim: 4096 exec/s: 5189 rss: 287Mb L: 47/4096 MS: 1 EraseBytes-
#352989	REDUCE cov: 906 ft: 3751 corp: 818/467Kb lim: 4096 exec/s: 5191 rss: 287Mb L: 161/4096 MS: 1 EraseBytes-
#353343	REDUCE cov: 906 ft: 3751 corp: 818/467Kb lim: 4096 exec/s: 5196 rss: 287Mb L: 281/4096 MS: 4 CrossOver-EraseBytes-ChangeBit-InsertByte-
#353391	REDUCE cov: 906 ft: 3751 corp: 818/467Kb lim: 4096 exec/s: 5196 rss: 287Mb L: 11/4096 MS: 3 ShuffleBytes-EraseBytes-PersAutoDict- DE: "\001\000\003\036"-
#353770	REDUCE cov: 906 ft: 3751 corp: 818/467Kb lim: 4096 exec/s: 5202 rss: 287Mb L: 43/4096 MS: 4 ChangeASCIIInt-ChangeByte-ChangeASCIIInt-EraseBytes-
#353976	REDUCE cov: 906 ft: 3751 corp: 818/467Kb lim: 4096 exec/s: 5205 rss: 287Mb L: 201/4096 MS: 1 EraseBytes-
#354242	REDUCE cov: 906 ft: 3751 corp: 818/467Kb lim: 4096 exec/s: 5209 rss: 287Mb L: 80/4096 MS: 1 EraseBytes-
#355027	REDUCE cov: 906 ft: 3751 corp: 818/466Kb lim: 4096 exec/s: 5220 rss: 287Mb L: 1033/4096 MS: 5 InsertRepeatedBytes-ShuffleBytes-PersAutoDict-InsertByte-EraseBytes- DE: "5\000\000\000\000\000\000\000"-
#355290	REDUCE cov: 906 ft: 3751 corp: 818/466Kb lim: 4096 exec/s: 5224 rss: 287Mb L: 244/4096 MS: 3 ChangeBit-CMP-EraseBytes- DE: "\243\303\377\000\000\000\000\000"-
#355853	REDUCE cov: 906 ft: 3751 corp: 818/466Kb lim: 4096 exec/s: 5233 rss: 287Mb L: 604/4096 MS: 3 ManualDict-EraseBytes-CopyPart- DE: "[]"-
#355975	REDUCE cov: 906 ft: 3751 corp: 818/466Kb lim: 4096 exec/s: 5234 rss: 287Mb L: 18/4096 MS: 2 ChangeBit-EraseBytes-
#356504	REDUCE cov: 906 ft: 3751 corp: 818/466Kb lim: 4096 exec/s: 5242 rss: 287Mb L: 59/4096 MS: 4 ShuffleBytes-CrossOver-ChangeBit-EraseBytes-
#356505	REDUCE cov: 906 ft: 3751 corp: 818/466Kb lim: 4096 exec/s: 5242 rss: 287Mb L: 56/4096 MS: 1 EraseBytes-
#357221	REDUCE cov: 906 ft: 3751 corp: 818/466Kb lim: 4096 exec/s: 5253 rss: 287Mb L: 42/4096 MS: 1 EraseBytes-
#357697	REDUCE cov: 906 ft: 3751 corp: 818/466Kb lim: 4096 exec/s: 5184 rss: 287Mb L: 12/4096 MS: 1 EraseBytes-
#358139	REDUCE cov: 906 ft: 3751 corp: 818/466Kb lim: 4096 exec/s: 5190 rss: 287Mb L: 123/4096 MS: 2 CopyPart-EraseBytes-
#358465	REDUCE cov: 906 ft: 3751 corp: 818/466Kb lim: 4096 exec/s: 5195 rss: 287Mb L: 174/4096 MS: 1 EraseBytes-
#359246	REDUCE cov: 906 ft: 3751 corp: 818/466Kb lim: 4096 exec/s: 5206 rss: 287Mb L: 85/4096 MS: 1 EraseBytes-
#359687	REDUCE cov: 906 ft: 3751 corp: 818/466Kb lim: 4096 exec/s: 5212 rss: 287Mb L: 11/4096 MS: 1 EraseBytes-
#360141	REDUCE cov: 906 ft: 3751 corp: 818/466Kb lim: 4096 exec/s: 5219 rss: 287Mb L: 671/4096 MS: 4 ChangeBit-PersAutoDict-ChangeASCIIInt-EraseBytes- DE: "\377\377\377\377\377\377\377 "-
#360717	REDUCE cov: 906 ft: 3751 corp: 818/466Kb lim: 4096 exec/s: 5227 rss: 287Mb L: 15/4096 MS: 1 EraseBytes-
#360749	REDUCE cov: 906 ft: 3751 corp: 818/466Kb lim: 4096 exec/s: 5228 rss: 287Mb L: 26/4096 MS: 2 EraseBytes-ManualDict- DE: "Regular"-
#361301	REDUCE cov: 906 ft: 3751 corp: 818/466Kb lim: 4096 exec/s: 5236 rss: 287Mb L: 76/4096 MS: 2 PersAutoDict-EraseBytes- DE: "\361\377?\000"-
#361392	REDUCE cov: 906 ft: 3751 corp: 818/466Kb lim: 4096 exec/s: 5237 rss: 287Mb L: 10/4096 MS: 1 EraseBytes-
#361568	REDUCE cov: 906 ft: 3751 corp: 818/466Kb lim: 4096 exec/s: 5240 rss: 287Mb L: 18/4096 MS: 1 EraseBytes-
#361602	NEW    cov: 906 ft: 3752 corp: 819/468Kb lim: 4096 exec/s: 5240 rss: 287Mb L: 2206/4096 MS: 4 ShuffleBytes-EraseBytes-CopyPart-CrossOver-
#362601	REDUCE cov: 906 ft: 3752 corp: 819/468Kb lim: 4096 exec/s: 5255 rss: 287Mb L: 102/4096 MS: 4 CrossOver-ManualDict-ChangeByte-EraseBytes- DE: "INVALID"-
#362768	REDUCE cov: 906 ft: 3752 corp: 819/468Kb lim: 4096 exec/s: 5182 rss: 287Mb L: 2404/4096 MS: 2 ChangeBit-EraseBytes-
#362799	REDUCE cov: 906 ft: 3752 corp: 819/468Kb lim: 4096 exec/s: 5182 rss: 287Mb L: 59/4096 MS: 1 EraseBytes-
#363045	REDUCE cov: 906 ft: 3752 corp: 819/468Kb lim: 4096 exec/s: 5186 rss: 287Mb L: 15/4096 MS: 1 EraseBytes-
#363121	REDUCE cov: 906 ft: 3752 corp: 819/468Kb lim: 4096 exec/s: 5187 rss: 287Mb L: 48/4096 MS: 1 EraseBytes-
#363911	REDUCE cov: 906 ft: 3752 corp: 819/468Kb lim: 4096 exec/s: 5198 rss: 287Mb L: 3688/4096 MS: 5 ChangeBinInt-ShuffleBytes-EraseBytes-ChangeBinInt-ManualDict- DE: "Large Window Brotli"-
#364437	REDUCE cov: 906 ft: 3752 corp: 819/468Kb lim: 4096 exec/s: 5206 rss: 287Mb L: 814/4096 MS: 1 EraseBytes-
#364903	REDUCE cov: 906 ft: 3752 corp: 819/468Kb lim: 4096 exec/s: 5212 rss: 287Mb L: 43/4096 MS: 1 EraseBytes-
#365134	REDUCE cov: 906 ft: 3752 corp: 819/468Kb lim: 4096 exec/s: 5216 rss: 287Mb L: 321/4096 MS: 1 EraseBytes-
#365911	REDUCE cov: 906 ft: 3752 corp: 819/468Kb lim: 4096 exec/s: 5227 rss: 287Mb L: 31/4096 MS: 2 EraseBytes-CopyPart-
#365939	REDUCE cov: 906 ft: 3752 corp: 819/468Kb lim: 4096 exec/s: 5227 rss: 287Mb L: 125/4096 MS: 3 ChangeByte-CMP-EraseBytes- DE: "\000\000\000\000\000\000\037\356"-
#366345	REDUCE cov: 906 ft: 3752 corp: 819/468Kb lim: 4096 exec/s: 5233 rss: 287Mb L: 178/4096 MS: 1 EraseBytes-
#366989	REDUCE cov: 906 ft: 3752 corp: 819/468Kb lim: 4096 exec/s: 5242 rss: 287Mb L: 58/4096 MS: 4 ManualDict-EraseBytes-ChangeASCIIInt-EraseBytes- DE: "Large Window Brotli"-
#367615	REDUCE cov: 906 ft: 3752 corp: 819/468Kb lim: 4096 exec/s: 5251 rss: 287Mb L: 20/4096 MS: 1 EraseBytes-
#367641	REDUCE cov: 906 ft: 3752 corp: 819/468Kb lim: 4096 exec/s: 5252 rss: 287Mb L: 27/4096 MS: 1 EraseBytes-
#367689	REDUCE cov: 906 ft: 3752 corp: 819/468Kb lim: 4096 exec/s: 5252 rss: 287Mb L: 55/4096 MS: 3 InsertByte-CrossOver-EraseBytes-
#367866	REDUCE cov: 906 ft: 3752 corp: 819/468Kb lim: 4096 exec/s: 5255 rss: 287Mb L: 15/4096 MS: 2 ShuffleBytes-EraseBytes-
#368080	REDUCE cov: 906 ft: 3752 corp: 819/468Kb lim: 4096 exec/s: 5184 rss: 287Mb L: 117/4096 MS: 4 ChangeBinInt-InsertRepeatedBytes-InsertByte-EraseBytes-
#368581	REDUCE cov: 906 ft: 3752 corp: 819/468Kb lim: 4096 exec/s: 5191 rss: 287Mb L: 665/4096 MS: 1 EraseBytes-
#369012	REDUCE cov: 906 ft: 3752 corp: 819/468Kb lim: 4096 exec/s: 5197 rss: 287Mb L: 35/4096 MS: 1 EraseBytes-
#369208	REDUCE cov: 906 ft: 3752 corp: 819/468Kb lim: 4096 exec/s: 5200 rss: 287Mb L: 34/4096 MS: 1 EraseBytes-
#369531	REDUCE cov: 906 ft: 3752 corp: 819/468Kb lim: 4096 exec/s: 5204 rss: 287Mb L: 1378/4096 MS: 3 ChangeByte-ShuffleBytes-EraseBytes-
#369606	REDUCE cov: 906 ft: 3752 corp: 819/467Kb lim: 4096 exec/s: 5205 rss: 287Mb L: 777/4096 MS: 5 ShuffleBytes-ChangeByte-PersAutoDict-ChangeByte-EraseBytes- DE: "\001\000\000\000\000\000\000\034"-
#369965	REDUCE cov: 906 ft: 3756 corp: 820/467Kb lim: 4096 exec/s: 5210 rss: 287Mb L: 76/4096 MS: 4 ChangeBit-InsertByte-InsertByte-EraseBytes-
#370424	REDUCE cov: 906 ft: 3756 corp: 820/467Kb lim: 4096 exec/s: 5217 rss: 287Mb L: 231/4096 MS: 4 ChangeByte-ShuffleBytes-CopyPart-EraseBytes-
#370520	REDUCE cov: 906 ft: 3756 corp: 820/467Kb lim: 4096 exec/s: 5218 rss: 287Mb L: 21/4096 MS: 1 EraseBytes-
#371146	REDUCE cov: 906 ft: 3756 corp: 820/467Kb lim: 4096 exec/s: 5227 rss: 287Mb L: 20/4096 MS: 1 EraseBytes-
#371179	REDUCE cov: 906 ft: 3756 corp: 820/467Kb lim: 4096 exec/s: 5227 rss: 287Mb L: 715/4096 MS: 3 CrossOver-ShuffleBytes-EraseBytes-
#371506	REDUCE cov: 906 ft: 3756 corp: 820/467Kb lim: 4096 exec/s: 5232 rss: 287Mb L: 117/4096 MS: 2 ManualDict-EraseBytes- DE: "[]"-
#372077	REDUCE cov: 906 ft: 3756 corp: 820/467Kb lim: 4096 exec/s: 5240 rss: 287Mb L: 13/4096 MS: 1 EraseBytes-
#372408	REDUCE cov: 906 ft: 3756 corp: 820/467Kb lim: 4096 exec/s: 5245 rss: 287Mb L: 46/4096 MS: 1 EraseBytes-
#372963	REDUCE cov: 906 ft: 3756 corp: 820/467Kb lim: 4096 exec/s: 5253 rss: 287Mb L: 10/4096 MS: 5 ShuffleBytes-PersAutoDict-PersAutoDict-InsertByte-EraseBytes- DE: "\001?\377\360"-"\365\003\000\000"-
#373064	REDUCE cov: 906 ft: 3756 corp: 820/467Kb lim: 4096 exec/s: 5254 rss: 287Mb L: 476/4096 MS: 1 EraseBytes-
#373185	REDUCE cov: 906 ft: 3756 corp: 820/467Kb lim: 4096 exec/s: 5256 rss: 287Mb L: 30/4096 MS: 1 EraseBytes-
#373607	REDUCE cov: 906 ft: 3756 corp: 820/467Kb lim: 4096 exec/s: 5188 rss: 287Mb L: 191/4096 MS: 2 ChangeByte-EraseBytes-
#373723	REDUCE cov: 906 ft: 3756 corp: 820/467Kb lim: 4096 exec/s: 5190 rss: 287Mb L: 35/4096 MS: 1 EraseBytes-
#373739	REDUCE cov: 906 ft: 3756 corp: 820/467Kb lim: 4096 exec/s: 5190 rss: 287Mb L: 10/4096 MS: 1 EraseBytes-
#374045	REDUCE cov: 906 ft: 3756 corp: 820/467Kb lim: 4096 exec/s: 5195 rss: 287Mb L: 37/4096 MS: 1 EraseBytes-
#374151	REDUCE cov: 906 ft: 3756 corp: 820/466Kb lim: 4096 exec/s: 5196 rss: 287Mb L: 1441/4096 MS: 1 EraseBytes-
#374367	REDUCE cov: 906 ft: 3757 corp: 821/466Kb lim: 4096 exec/s: 5199 rss: 287Mb L: 15/4096 MS: 1 InsertByte-
#374586	REDUCE cov: 906 ft: 3757 corp: 821/466Kb lim: 4096 exec/s: 5202 rss: 287Mb L: 46/4096 MS: 4 ManualDict-CrossOver-ChangeBit-EraseBytes- DE: "[]"-
#375193	REDUCE cov: 906 ft: 3757 corp: 821/466Kb lim: 4096 exec/s: 5211 rss: 287Mb L: 787/4096 MS: 2 ChangeASCIIInt-EraseBytes-
#375547	REDUCE cov: 906 ft: 3757 corp: 821/466Kb lim: 4096 exec/s: 5215 rss: 287Mb L: 40/4096 MS: 4 ChangeASCIIInt-CMP-EraseBytes-ChangeBinInt- DE: "\377\377\377\377"-
#375588	REDUCE cov: 906 ft: 3757 corp: 821/466Kb lim: 4096 exec/s: 5216 rss: 287Mb L: 142/4096 MS: 1 EraseBytes-
#376271	REDUCE cov: 906 ft: 3757 corp: 821/466Kb lim: 4096 exec/s: 5225 rss: 287Mb L: 626/4096 MS: 3 ChangeASCIIInt-PersAutoDict-EraseBytes- DE: "\377\377\010\364"-
#376372	REDUCE cov: 906 ft: 3757 corp: 821/466Kb lim: 4096 exec/s: 5227 rss: 287Mb L: 56/4096 MS: 1 EraseBytes-
#376748	REDUCE cov: 906 ft: 3762 corp: 822/466Kb lim: 4096 exec/s: 5232 rss: 287Mb L: 265/4096 MS: 1 InsertRepeatedBytes-
#377432	REDUCE cov: 906 ft: 3762 corp: 822/466Kb lim: 4096 exec/s: 5242 rss: 287Mb L: 21/4096 MS: 4 ChangeByte-ChangeBit-PersAutoDict-EraseBytes- DE: "\004\000"-
#377654	REDUCE cov: 906 ft: 3762 corp: 822/466Kb lim: 4096 exec/s: 5245 rss: 287Mb L: 2004/4096 MS: 2 ChangeASCIIInt-EraseBytes-
#377865	REDUCE cov: 906 ft: 3762 corp: 822/466Kb lim: 4096 exec/s: 5176 rss: 287Mb L: 87/4096 MS: 1 EraseBytes-
#378341	REDUCE cov: 906 ft: 3762 corp: 822/466Kb lim: 4096 exec/s: 5182 rss: 287Mb L: 66/4096 MS: 1 EraseBytes-
#379188	REDUCE cov: 906 ft: 3762 corp: 822/466Kb lim: 4096 exec/s: 5194 rss: 289Mb L: 412/4096 MS: 2 CMP-EraseBytes- DE: "\001\000\000\000\000\000\000\000"-
#380204	REDUCE cov: 906 ft: 3762 corp: 822/466Kb lim: 4096 exec/s: 5208 rss: 291Mb L: 37/4096 MS: 1 EraseBytes-
#380297	REDUCE cov: 906 ft: 3763 corp: 823/466Kb lim: 4096 exec/s: 5209 rss: 291Mb L: 28/4096 MS: 3 CMP-ChangeBit-InsertByte- DE: "\001\000\000\000\000\000\000\000"-
#380437	REDUCE cov: 906 ft: 3763 corp: 823/466Kb lim: 4096 exec/s: 5211 rss: 291Mb L: 135/4096 MS: 5 ChangeASCIIInt-PersAutoDict-CopyPart-ShuffleBytes-EraseBytes- DE: ",\001\000\000"-
#380441	REDUCE cov: 906 ft: 3763 corp: 823/466Kb lim: 4096 exec/s: 5211 rss: 291Mb L: 9/4096 MS: 4 InsertByte-EraseBytes-ChangeByte-ShuffleBytes-
#381178	REDUCE cov: 906 ft: 3763 corp: 823/466Kb lim: 4096 exec/s: 5221 rss: 293Mb L: 4/4096 MS: 2 EraseBytes-InsertByte-
#382014	REDUCE cov: 906 ft: 3763 corp: 823/466Kb lim: 4096 exec/s: 5233 rss: 293Mb L: 213/4096 MS: 1 EraseBytes-
#382497	REDUCE cov: 906 ft: 3763 corp: 823/466Kb lim: 4096 exec/s: 5168 rss: 293Mb L: 54/4096 MS: 3 InsertByte-EraseBytes-CrossOver-
#382813	REDUCE cov: 906 ft: 3763 corp: 823/466Kb lim: 4096 exec/s: 5173 rss: 293Mb L: 14/4096 MS: 1 EraseBytes-
#383074	REDUCE cov: 906 ft: 3763 corp: 823/466Kb lim: 4096 exec/s: 5176 rss: 293Mb L: 29/4096 MS: 1 EraseBytes-
#383214	REDUCE cov: 906 ft: 3763 corp: 823/463Kb lim: 4096 exec/s: 5178 rss: 293Mb L: 749/4096 MS: 5 InsertRepeatedBytes-InsertByte-PersAutoDict-ChangeASCIIInt-CrossOver- DE: "\001?\377\360"-
#383365	REDUCE cov: 906 ft: 3763 corp: 823/463Kb lim: 4096 exec/s: 5180 rss: 293Mb L: 519/4096 MS: 1 EraseBytes-
#384481	REDUCE cov: 906 ft: 3763 corp: 823/463Kb lim: 4096 exec/s: 5195 rss: 293Mb L: 1280/4096 MS: 1 EraseBytes-
#385207	NEW    cov: 906 ft: 3764 corp: 824/463Kb lim: 4096 exec/s: 5205 rss: 293Mb L: 39/4096 MS: 1 EraseBytes-
#385264	REDUCE cov: 906 ft: 3764 corp: 824/463Kb lim: 4096 exec/s: 5206 rss: 293Mb L: 21/4096 MS: 2 ShuffleBytes-EraseBytes-
#385591	REDUCE cov: 906 ft: 3764 corp: 824/463Kb lim: 4096 exec/s: 5210 rss: 293Mb L: 76/4096 MS: 2 CopyPart-EraseBytes-
#385735	REDUCE cov: 906 ft: 3764 corp: 824/462Kb lim: 4096 exec/s: 5212 rss: 293Mb L: 2041/4096 MS: 4 ChangeBinInt-ShuffleBytes-ChangeASCIIInt-EraseBytes-
#385836	REDUCE cov: 906 ft: 3764 corp: 824/462Kb lim: 4096 exec/s: 5214 rss: 293Mb L: 96/4096 MS: 1 EraseBytes-
#385863	REDUCE cov: 906 ft: 3764 corp: 824/462Kb lim: 4096 exec/s: 5214 rss: 293Mb L: 212/4096 MS: 2 CopyPart-EraseBytes-
#386200	REDUCE cov: 906 ft: 3764 corp: 824/462Kb lim: 4096 exec/s: 5218 rss: 293Mb L: 142/4096 MS: 2 InsertByte-EraseBytes-
#386922	NEW    cov: 906 ft: 3765 corp: 825/464Kb lim: 4096 exec/s: 5228 rss: 293Mb L: 1928/4096 MS: 2 ChangeBit-CrossOver-
#387579	REDUCE cov: 906 ft: 3765 corp: 825/464Kb lim: 4096 exec/s: 5167 rss: 293Mb L: 1735/4096 MS: 2 ChangeByte-EraseBytes-
#388210	REDUCE cov: 906 ft: 3765 corp: 825/464Kb lim: 4096 exec/s: 5176 rss: 293Mb L: 3158/4096 MS: 1 CrossOver-
#388476	NEW    cov: 906 ft: 3767 corp: 826/464Kb lim: 4096 exec/s: 5179 rss: 293Mb L: 39/4096 MS: 1 EraseBytes-
#388726	REDUCE cov: 906 ft: 3767 corp: 826/464Kb lim: 4096 exec/s: 5183 rss: 293Mb L: 18/4096 MS: 5 ChangeBinInt-InsertByte-CrossOver-ShuffleBytes-EraseBytes-
#389040	REDUCE cov: 906 ft: 3767 corp: 826/464Kb lim: 4096 exec/s: 5187 rss: 293Mb L: 33/4096 MS: 4 CMP-InsertByte-ShuffleBytes-EraseBytes- DE: "\375\037\000\000\000\000\000\000"-
#389076	REDUCE cov: 906 ft: 3767 corp: 826/464Kb lim: 4096 exec/s: 5187 rss: 293Mb L: 176/4096 MS: 1 EraseBytes-
#390408	REDUCE cov: 906 ft: 3767 corp: 826/464Kb lim: 4096 exec/s: 5205 rss: 293Mb L: 248/4096 MS: 2 EraseBytes-ChangeBinInt-
#392105	REDUCE cov: 906 ft: 3767 corp: 826/464Kb lim: 4096 exec/s: 5159 rss: 293Mb L: 12/4096 MS: 2 CopyPart-EraseBytes-
#392299	REDUCE cov: 906 ft: 3767 corp: 826/464Kb lim: 4096 exec/s: 5161 rss: 293Mb L: 207/4096 MS: 4 ChangeBit-ChangeBinInt-ChangeASCIIInt-EraseBytes-
#392672	REDUCE cov: 906 ft: 3767 corp: 826/464Kb lim: 4096 exec/s: 5166 rss: 293Mb L: 44/4096 MS: 3 ManualDict-EraseBytes-CopyPart- DE: "needs more output"-
#393762	REDUCE cov: 906 ft: 3767 corp: 826/464Kb lim: 4096 exec/s: 5181 rss: 293Mb L: 422/4096 MS: 5 CrossOver-ChangeASCIIInt-ChangeBit-ChangeBit-EraseBytes-
#393861	REDUCE cov: 906 ft: 3767 corp: 826/464Kb lim: 4096 exec/s: 5182 rss: 293Mb L: 45/4096 MS: 4 PersAutoDict-ChangeByte-ManualDict-EraseBytes- DE: "\001\000\007|"-"Regular"-
#394113	REDUCE cov: 906 ft: 3767 corp: 826/464Kb lim: 4096 exec/s: 5185 rss: 293Mb L: 12/4096 MS: 2 ChangeASCIIInt-EraseBytes-
#394195	REDUCE cov: 906 ft: 3767 corp: 826/464Kb lim: 4096 exec/s: 5186 rss: 293Mb L: 137/4096 MS: 2 EraseBytes-InsertByte-
#394888	REDUCE cov: 906 ft: 3767 corp: 826/464Kb lim: 4096 exec/s: 5195 rss: 293Mb L: 138/4096 MS: 3 ShuffleBytes-PersAutoDict-EraseBytes- DE: "\005\000\000\000\000\000\000\000"-
#395529	REDUCE cov: 906 ft: 3767 corp: 826/464Kb lim: 4096 exec/s: 5204 rss: 293Mb L: 26/4096 MS: 1 EraseBytes-
#395723	REDUCE cov: 906 ft: 3767 corp: 826/464Kb lim: 4096 exec/s: 5206 rss: 293Mb L: 240/4096 MS: 4 ShuffleBytes-CrossOver-CrossOver-EraseBytes-
#395785	REDUCE cov: 906 ft: 3767 corp: 826/464Kb lim: 4096 exec/s: 5207 rss: 293Mb L: 496/4096 MS: 2 ChangeBinInt-EraseBytes-
#396517	REDUCE cov: 906 ft: 3767 corp: 826/462Kb lim: 4096 exec/s: 5217 rss: 293Mb L: 2285/4096 MS: 2 EraseBytes-ChangeBit-
#397088	NEW    cov: 906 ft: 3768 corp: 827/462Kb lim: 4096 exec/s: 5156 rss: 293Mb L: 76/4096 MS: 1 ChangeBinInt-
#397244	REDUCE cov: 906 ft: 3768 corp: 827/462Kb lim: 4096 exec/s: 5159 rss: 293Mb L: 26/4096 MS: 1 EraseBytes-
#397287	REDUCE cov: 906 ft: 3768 corp: 827/462Kb lim: 4096 exec/s: 5159 rss: 293Mb L: 730/4096 MS: 3 InsertByte-ManualDict-EraseBytes- DE: "t \\4ize \\2\\xc2\\xa0\\4ous \\5 the \\2e "-
#397330	REDUCE cov: 906 ft: 3768 corp: 827/462Kb lim: 4096 exec/s: 5160 rss: 293Mb L: 649/4096 MS: 3 ManualDict-CopyPart-EraseBytes- DE: "Regular"-
#397407	REDUCE cov: 906 ft: 3768 corp: 827/462Kb lim: 4096 exec/s: 5161 rss: 293Mb L: 29/4096 MS: 2 ShuffleBytes-EraseBytes-
#397863	REDUCE cov: 906 ft: 3768 corp: 827/462Kb lim: 4096 exec/s: 5167 rss: 293Mb L: 131/4096 MS: 1 EraseBytes-
#397918	REDUCE cov: 906 ft: 3768 corp: 827/462Kb lim: 4096 exec/s: 5167 rss: 293Mb L: 60/4096 MS: 5 CrossOver-InsertRepeatedBytes-ChangeByte-InsertRepeatedBytes-EraseBytes-
#398375	REDUCE cov: 906 ft: 3768 corp: 827/462Kb lim: 4096 exec/s: 5173 rss: 293Mb L: 50/4096 MS: 2 ChangeByte-EraseBytes-
#399042	REDUCE cov: 906 ft: 3768 corp: 827/462Kb lim: 4096 exec/s: 5182 rss: 293Mb L: 166/4096 MS: 2 ChangeByte-EraseBytes-
#399233	REDUCE cov: 906 ft: 3768 corp: 827/462Kb lim: 4096 exec/s: 5184 rss: 293Mb L: 711/4096 MS: 1 EraseBytes-
#399464	REDUCE cov: 906 ft: 3768 corp: 827/462Kb lim: 4096 exec/s: 5187 rss: 293Mb L: 73/4096 MS: 1 EraseBytes-
#399493	REDUCE cov: 906 ft: 3768 corp: 827/461Kb lim: 4096 exec/s: 5188 rss: 293Mb L: 748/4096 MS: 4 CrossOver-CMP-InsertRepeatedBytes-CrossOver- DE: "\036\000\000\000"-
#400390	REDUCE cov: 906 ft: 3768 corp: 827/461Kb lim: 4096 exec/s: 5199 rss: 293Mb L: 40/4096 MS: 2 EraseBytes-PersAutoDict- DE: "\001\000\000\000\000\000\0008"-
#400672	REDUCE cov: 906 ft: 3768 corp: 827/461Kb lim: 4096 exec/s: 5203 rss: 293Mb L: 85/4096 MS: 2 EraseBytes-ChangeBinInt-
#401343	REDUCE cov: 906 ft: 3768 corp: 827/461Kb lim: 4096 exec/s: 5212 rss: 293Mb L: 584/4096 MS: 1 EraseBytes-
#401595	REDUCE cov: 906 ft: 3768 corp: 827/461Kb lim: 4096 exec/s: 5215 rss: 293Mb L: 21/4096 MS: 2 CopyPart-EraseBytes-
#401608	REDUCE cov: 906 ft: 3769 corp: 828/461Kb lim: 4096 exec/s: 5215 rss: 293Mb L: 49/4096 MS: 3 EraseBytes-InsertByte-InsertByte-
#401785	REDUCE cov: 906 ft: 3769 corp: 828/461Kb lim: 4096 exec/s: 5217 rss: 293Mb L: 807/4096 MS: 2 ChangeBinInt-EraseBytes-
#401866	REDUCE cov: 906 ft: 3769 corp: 828/461Kb lim: 4096 exec/s: 5219 rss: 293Mb L: 107/4096 MS: 1 EraseBytes-
#401875	REDUCE cov: 906 ft: 3769 corp: 828/460Kb lim: 4096 exec/s: 5219 rss: 293Mb L: 486/4096 MS: 4 CrossOver-CMP-ShuffleBytes-EraseBytes- DE: "\000\000\000\000"-
#401965	REDUCE cov: 906 ft: 3769 corp: 828/460Kb lim: 4096 exec/s: 5220 rss: 293Mb L: 482/4096 MS: 5 InsertRepeatedBytes-CopyPart-InsertRepeatedBytes-ShuffleBytes-EraseBytes-
#402781	REDUCE cov: 906 ft: 3769 corp: 828/460Kb lim: 4096 exec/s: 5163 rss: 293Mb L: 10/4096 MS: 1 EraseBytes-
#402788	REDUCE cov: 906 ft: 3769 corp: 828/460Kb lim: 4096 exec/s: 5163 rss: 293Mb L: 14/4096 MS: 2 ChangeByte-EraseBytes-
#403055	REDUCE cov: 906 ft: 3769 corp: 828/460Kb lim: 4096 exec/s: 5167 rss: 293Mb L: 414/4096 MS: 2 ShuffleBytes-EraseBytes-
#403261	REDUCE cov: 906 ft: 3769 corp: 828/460Kb lim: 4096 exec/s: 5170 rss: 293Mb L: 168/4096 MS: 1 EraseBytes-
#403278	REDUCE cov: 906 ft: 3769 corp: 828/460Kb lim: 4096 exec/s: 5170 rss: 293Mb L: 987/4096 MS: 2 ChangeBinInt-EraseBytes-
#403752	REDUCE cov: 906 ft: 3769 corp: 828/460Kb lim: 4096 exec/s: 5176 rss: 293Mb L: 70/4096 MS: 4 ShuffleBytes-ManualDict-EraseBytes-InsertByte- DE: " not \\3er \\3al \\4ful \\4ive \\5less \\4es"-
#403838	REDUCE cov: 906 ft: 3769 corp: 828/460Kb lim: 4096 exec/s: 5177 rss: 293Mb L: 4/4096 MS: 1 EraseBytes-
#403939	REDUCE cov: 906 ft: 3769 corp: 828/460Kb lim: 4096 exec/s: 5178 rss: 293Mb L: 38/4096 MS: 1 EraseBytes-
#405595	REDUCE cov: 906 ft: 3769 corp: 828/460Kb lim: 4096 exec/s: 5199 rss: 293Mb L: 12/4096 MS: 1 EraseBytes-
#405700	REDUCE cov: 906 ft: 3781 corp: 829/463Kb lim: 4096 exec/s: 5201 rss: 293Mb L: 2235/4096 MS: 5 ChangeBit-ChangeByte-InsertByte-ChangeBinInt-CrossOver-
#405803	REDUCE cov: 906 ft: 3790 corp: 830/464Kb lim: 4096 exec/s: 5202 rss: 293Mb L: 1043/4096 MS: 3 ChangeBinInt-EraseBytes-CrossOver-
#406219	REDUCE cov: 906 ft: 3790 corp: 830/464Kb lim: 4096 exec/s: 5207 rss: 293Mb L: 9/4096 MS: 1 EraseBytes-
#406287	REDUCE cov: 906 ft: 3790 corp: 830/464Kb lim: 4096 exec/s: 5208 rss: 293Mb L: 512/4096 MS: 3 ChangeByte-InsertByte-EraseBytes-
#407393	REDUCE cov: 906 ft: 3790 corp: 830/464Kb lim: 4096 exec/s: 5156 rss: 293Mb L: 18/4096 MS: 1 EraseBytes-
#407484	REDUCE cov: 906 ft: 3790 corp: 830/464Kb lim: 4096 exec/s: 5158 rss: 293Mb L: 45/4096 MS: 1 EraseBytes-
#407631	REDUCE cov: 906 ft: 3790 corp: 830/464Kb lim: 4096 exec/s: 5159 rss: 293Mb L: 117/4096 MS: 2 ChangeBit-EraseBytes-
#407677	REDUCE cov: 906 ft: 3790 corp: 830/464Kb lim: 4096 exec/s: 5160 rss: 293Mb L: 26/4096 MS: 1 EraseBytes-
#407704	REDUCE cov: 906 ft: 3791 corp: 831/464Kb lim: 4096 exec/s: 5160 rss: 293Mb L: 135/4096 MS: 2 InsertRepeatedBytes-InsertRepeatedBytes-
#407837	REDUCE cov: 906 ft: 3791 corp: 831/464Kb lim: 4096 exec/s: 5162 rss: 293Mb L: 143/4096 MS: 3 CopyPart-InsertRepeatedBytes-EraseBytes-
#408516	REDUCE cov: 906 ft: 3791 corp: 831/463Kb lim: 4096 exec/s: 5171 rss: 293Mb L: 303/4096 MS: 4 EraseBytes-ChangeASCIIInt-EraseBytes-CrossOver-
#409582	REDUCE cov: 906 ft: 3791 corp: 831/463Kb lim: 4096 exec/s: 5184 rss: 293Mb L: 1723/4096 MS: 1 EraseBytes-
#409933	REDUCE cov: 906 ft: 3791 corp: 831/463Kb lim: 4096 exec/s: 5189 rss: 293Mb L: 1731/4096 MS: 1 EraseBytes-
#410434	REDUCE cov: 906 ft: 3791 corp: 831/463Kb lim: 4096 exec/s: 5195 rss: 293Mb L: 11/4096 MS: 1 EraseBytes-
#411065	REDUCE cov: 906 ft: 3791 corp: 831/463Kb lim: 4096 exec/s: 5203 rss: 293Mb L: 13/4096 MS: 1 EraseBytes-
#411699	REDUCE cov: 906 ft: 3791 corp: 831/463Kb lim: 4096 exec/s: 5211 rss: 293Mb L: 220/4096 MS: 4 ShuffleBytes-EraseBytes-CMP-InsertByte- DE: "\020\000\000\000\000\000\000\000"-
#411730	REDUCE cov: 906 ft: 3791 corp: 831/463Kb lim: 4096 exec/s: 5211 rss: 293Mb L: 111/4096 MS: 1 EraseBytes-
#411831	REDUCE cov: 906 ft: 3791 corp: 831/463Kb lim: 4096 exec/s: 5213 rss: 293Mb L: 35/4096 MS: 1 EraseBytes-
#412047	REDUCE cov: 906 ft: 3791 corp: 831/463Kb lim: 4096 exec/s: 5150 rss: 293Mb L: 412/4096 MS: 1 EraseBytes-
#412595	REDUCE cov: 906 ft: 3791 corp: 831/463Kb lim: 4096 exec/s: 5157 rss: 293Mb L: 646/4096 MS: 3 CopyPart-ChangeASCIIInt-EraseBytes-
#412831	REDUCE cov: 906 ft: 3794 corp: 832/463Kb lim: 4096 exec/s: 5160 rss: 293Mb L: 10/4096 MS: 1 ChangeByte-
#412978	REDUCE cov: 906 ft: 3794 corp: 832/463Kb lim: 4096 exec/s: 5162 rss: 293Mb L: 168/4096 MS: 2 InsertByte-EraseBytes-
#413084	REDUCE cov: 906 ft: 3794 corp: 832/463Kb lim: 4096 exec/s: 5163 rss: 293Mb L: 135/4096 MS: 1 EraseBytes-
#413484	REDUCE cov: 906 ft: 3794 corp: 832/463Kb lim: 4096 exec/s: 5168 rss: 293Mb L: 1686/4096 MS: 5 CrossOver-CopyPart-ChangeASCIIInt-EraseBytes-InsertRepeatedBytes-
#413528	REDUCE cov: 906 ft: 3794 corp: 832/463Kb lim: 4096 exec/s: 5169 rss: 293Mb L: 31/4096 MS: 4 ChangeByte-InsertRepeatedBytes-CrossOver-EraseBytes-
#413600	REDUCE cov: 906 ft: 3794 corp: 832/463Kb lim: 4096 exec/s: 5170 rss: 293Mb L: 40/4096 MS: 2 ChangeASCIIInt-EraseBytes-
#413870	REDUCE cov: 906 ft: 3794 corp: 832/462Kb lim: 4096 exec/s: 5173 rss: 293Mb L: 228/4096 MS: 5 EraseBytes-ChangeASCIIInt-ChangeByte-ChangeASCIIInt-ManualDict- DE: "that \\1\\'\\6 with \\6 from \\4 by \\1(\\6. T"-
#414361	REDUCE cov: 906 ft: 3794 corp: 832/462Kb lim: 4096 exec/s: 5179 rss: 293Mb L: 45/4096 MS: 1 EraseBytes-
#415159	REDUCE cov: 906 ft: 3794 corp: 832/462Kb lim: 4096 exec/s: 5189 rss: 293Mb L: 382/4096 MS: 3 InsertByte-ChangeASCIIInt-EraseBytes-
#415681	REDUCE cov: 906 ft: 3794 corp: 832/462Kb lim: 4096 exec/s: 5196 rss: 293Mb L: 180/4096 MS: 2 PersAutoDict-EraseBytes- DE: "\000\000\000\377"-
#415742	REDUCE cov: 906 ft: 3794 corp: 832/462Kb lim: 4096 exec/s: 5196 rss: 293Mb L: 28/4096 MS: 1 EraseBytes-
#415974	REDUCE cov: 906 ft: 3794 corp: 832/462Kb lim: 4096 exec/s: 5199 rss: 293Mb L: 20/4096 MS: 2 ChangeBit-EraseBytes-
#416010	REDUCE cov: 906 ft: 3794 corp: 832/462Kb lim: 4096 exec/s: 5200 rss: 293Mb L: 18/4096 MS: 1 EraseBytes-
#417357	REDUCE cov: 906 ft: 3794 corp: 832/462Kb lim: 4096 exec/s: 5152 rss: 293Mb L: 12/4096 MS: 2 ChangeByte-EraseBytes-
#417459	REDUCE cov: 906 ft: 3794 corp: 832/462Kb lim: 4096 exec/s: 5153 rss: 293Mb L: 107/4096 MS: 2 ChangeBit-EraseBytes-
#417557	REDUCE cov: 906 ft: 3794 corp: 832/462Kb lim: 4096 exec/s: 5155 rss: 293Mb L: 418/4096 MS: 3 InsertByte-EraseBytes-InsertRepeatedBytes-
#417611	REDUCE cov: 906 ft: 3794 corp: 832/462Kb lim: 4096 exec/s: 5155 rss: 293Mb L: 188/4096 MS: 4 ChangeBit-ShuffleBytes-ChangeASCIIInt-EraseBytes-
#417629	REDUCE cov: 906 ft: 3794 corp: 832/462Kb lim: 4096 exec/s: 5155 rss: 293Mb L: 153/4096 MS: 3 InsertRepeatedBytes-ChangeBit-CrossOver-
#417890	REDUCE cov: 906 ft: 3794 corp: 832/462Kb lim: 4096 exec/s: 5159 rss: 293Mb L: 14/4096 MS: 1 EraseBytes-
#418317	REDUCE cov: 906 ft: 3794 corp: 832/462Kb lim: 4096 exec/s: 5164 rss: 293Mb L: 336/4096 MS: 2 CrossOver-EraseBytes-
#418393	REDUCE cov: 906 ft: 3794 corp: 832/462Kb lim: 4096 exec/s: 5165 rss: 293Mb L: 39/4096 MS: 1 EraseBytes-
#418404	REDUCE cov: 906 ft: 3794 corp: 832/462Kb lim: 4096 exec/s: 5165 rss: 293Mb L: 84/4096 MS: 1 EraseBytes-
#418745	REDUCE cov: 906 ft: 3794 corp: 832/462Kb lim: 4096 exec/s: 5169 rss: 293Mb L: 16/4096 MS: 1 EraseBytes-
#418783	REDUCE cov: 906 ft: 3794 corp: 832/462Kb lim: 4096 exec/s: 5170 rss: 293Mb L: 355/4096 MS: 3 ChangeByte-ChangeASCIIInt-EraseBytes-
#418787	REDUCE cov: 906 ft: 3794 corp: 832/462Kb lim: 4096 exec/s: 5170 rss: 293Mb L: 81/4096 MS: 4 CopyPart-ManualDict-CrossOver-EraseBytes- DE: "needs more output"-
#419209	REDUCE cov: 906 ft: 3794 corp: 832/462Kb lim: 4096 exec/s: 5175 rss: 293Mb L: 182/4096 MS: 2 ChangeASCIIInt-EraseBytes-
#420056	REDUCE cov: 906 ft: 3794 corp: 832/462Kb lim: 4096 exec/s: 5185 rss: 293Mb L: 31/4096 MS: 2 ChangeByte-EraseBytes-
#420162	REDUCE cov: 906 ft: 3794 corp: 832/462Kb lim: 4096 exec/s: 5187 rss: 293Mb L: 584/4096 MS: 1 EraseBytes-
#420242	REDUCE cov: 906 ft: 3794 corp: 832/462Kb lim: 4096 exec/s: 5188 rss: 293Mb L: 210/4096 MS: 5 ShuffleBytes-ShuffleBytes-InsertRepeatedBytes-ChangeBit-EraseBytes-
#420770	REDUCE cov: 906 ft: 3794 corp: 832/462Kb lim: 4096 exec/s: 5194 rss: 293Mb L: 17/4096 MS: 3 CopyPart-PersAutoDict-EraseBytes- DE: "\031\000\000\000"-
#421002	REDUCE cov: 906 ft: 3794 corp: 832/462Kb lim: 4096 exec/s: 5197 rss: 293Mb L: 105/4096 MS: 2 ChangeByte-EraseBytes-
#421729	REDUCE cov: 906 ft: 3794 corp: 832/462Kb lim: 4096 exec/s: 5206 rss: 293Mb L: 555/4096 MS: 2 CMP-EraseBytes- DE: "\000\000\000\000\000\000\000\344"-
#422605	REDUCE cov: 906 ft: 3794 corp: 832/462Kb lim: 4096 exec/s: 5153 rss: 293Mb L: 48/4096 MS: 1 EraseBytes-
#422972	REDUCE cov: 906 ft: 3794 corp: 832/461Kb lim: 4096 exec/s: 5158 rss: 293Mb L: 1435/4096 MS: 2 ChangeByte-EraseBytes-
#423278	REDUCE cov: 906 ft: 3794 corp: 832/461Kb lim: 4096 exec/s: 5161 rss: 293Mb L: 147/4096 MS: 1 EraseBytes-
#423280	REDUCE cov: 906 ft: 3794 corp: 832/461Kb lim: 4096 exec/s: 5161 rss: 293Mb L: 174/4096 MS: 2 CrossOver-EraseBytes-
#423321	REDUCE cov: 906 ft: 3794 corp: 832/461Kb lim: 4096 exec/s: 5162 rss: 293Mb L: 67/4096 MS: 1 EraseBytes-
#424824	REDUCE cov: 906 ft: 3794 corp: 832/461Kb lim: 4096 exec/s: 5180 rss: 293Mb L: 165/4096 MS: 3 CrossOver-ChangeBinInt-EraseBytes-
#425050	REDUCE cov: 906 ft: 3796 corp: 833/461Kb lim: 4096 exec/s: 5183 rss: 293Mb L: 197/4096 MS: 1 EraseBytes-
#425766	REDUCE cov: 906 ft: 3796 corp: 833/461Kb lim: 4096 exec/s: 5192 rss: 293Mb L: 19/4096 MS: 1 EraseBytes-
#426427	REDUCE cov: 906 ft: 3796 corp: 833/461Kb lim: 4096 exec/s: 5200 rss: 293Mb L: 46/4096 MS: 1 EraseBytes-
#426499	REDUCE cov: 906 ft: 3820 corp: 834/461Kb lim: 4096 exec/s: 5201 rss: 293Mb L: 100/4096 MS: 2 ChangeBinInt-InsertRepeatedBytes-
#426573	REDUCE cov: 906 ft: 3820 corp: 834/461Kb lim: 4096 exec/s: 5202 rss: 293Mb L: 155/4096 MS: 4 ShuffleBytes-ChangeBit-PersAutoDict-EraseBytes- DE: "\377\003"-
#426744	REDUCE cov: 906 ft: 3820 corp: 834/461Kb lim: 4096 exec/s: 5204 rss: 293Mb L: 10/4096 MS: 1 EraseBytes-
#426808	REDUCE cov: 906 ft: 3828 corp: 835/461Kb lim: 4096 exec/s: 5204 rss: 293Mb L: 228/4096 MS: 4 CopyPart-ShuffleBytes-ChangeASCIIInt-CrossOver-
#426994	REDUCE cov: 906 ft: 3828 corp: 835/461Kb lim: 4096 exec/s: 5207 rss: 293Mb L: 41/4096 MS: 1 EraseBytes-
#427091	NEW    cov: 906 ft: 3838 corp: 836/461Kb lim: 4096 exec/s: 5208 rss: 293Mb L: 107/4096 MS: 2 ShuffleBytes-CrossOver-
#427907	NEW    cov: 906 ft: 3839 corp: 837/461Kb lim: 4096 exec/s: 5155 rss: 293Mb L: 101/4096 MS: 1 InsertByte-
#428324	NEW    cov: 906 ft: 3841 corp: 838/461Kb lim: 4096 exec/s: 5160 rss: 293Mb L: 70/4096 MS: 2 EraseBytes-ChangeBinInt-
#428568	REDUCE cov: 906 ft: 3841 corp: 838/461Kb lim: 4096 exec/s: 5163 rss: 293Mb L: 11/4096 MS: 4 ChangeByte-ChangeByte-ChangeByte-EraseBytes-
#428684	REDUCE cov: 906 ft: 3841 corp: 838/461Kb lim: 4096 exec/s: 5164 rss: 293Mb L: 501/4096 MS: 1 EraseBytes-
#428701	REDUCE cov: 906 ft: 3841 corp: 838/461Kb lim: 4096 exec/s: 5165 rss: 293Mb L: 17/4096 MS: 2 InsertByte-EraseBytes-
#428734	REDUCE cov: 906 ft: 3841 corp: 838/461Kb lim: 4096 exec/s: 5165 rss: 293Mb L: 2343/4096 MS: 3 ChangeBit-ManualDict-EraseBytes- DE: "t \\4ize \\2\\xc2\\xa0\\4ous \\5 the \\2e "-
#428755	REDUCE cov: 906 ft: 3842 corp: 839/461Kb lim: 4096 exec/s: 5165 rss: 293Mb L: 63/4096 MS: 1 ManualDict- DE: "that \\1\\'\\6 with \\6 from \\4 by \\1(\\6. T"-
#429046	REDUCE cov: 906 ft: 3842 corp: 839/461Kb lim: 4096 exec/s: 5169 rss: 293Mb L: 93/4096 MS: 1 EraseBytes-
#429453	REDUCE cov: 906 ft: 3842 corp: 839/461Kb lim: 4096 exec/s: 5174 rss: 293Mb L: 36/4096 MS: 2 ChangeBinInt-EraseBytes-
#429459	NEW    cov: 906 ft: 3845 corp: 840/461Kb lim: 4096 exec/s: 5174 rss: 293Mb L: 10/4096 MS: 1 ChangeBinInt-
#430222	REDUCE cov: 906 ft: 3845 corp: 840/461Kb lim: 4096 exec/s: 5183 rss: 293Mb L: 3/4096 MS: 3 ChangeBinInt-ChangeByte-EraseBytes-
#430238	REDUCE cov: 906 ft: 3845 corp: 840/461Kb lim: 4096 exec/s: 5183 rss: 293Mb L: 98/4096 MS: 1 EraseBytes-
#430494	NEW    cov: 906 ft: 3869 corp: 841/461Kb lim: 4096 exec/s: 5186 rss: 293Mb L: 101/4096 MS: 1 ChangeBit-
#430526	NEW    cov: 906 ft: 3871 corp: 842/461Kb lim: 4096 exec/s: 5187 rss: 293Mb L: 109/4096 MS: 2 PersAutoDict-InsertByte- DE: "%\000\000\000\000\000\000\000"-
#430544	REDUCE cov: 906 ft: 3871 corp: 842/461Kb lim: 4096 exec/s: 5187 rss: 293Mb L: 2033/4096 MS: 3 ManualDict-InsertByte-EraseBytes- DE: "that \\1\\'\\6 with \\6 from \\4 by \\1(\\6. T"-
#430985	REDUCE cov: 906 ft: 3871 corp: 842/461Kb lim: 4096 exec/s: 5192 rss: 293Mb L: 503/4096 MS: 1 EraseBytes-
#431222	REDUCE cov: 906 ft: 3871 corp: 842/461Kb lim: 4096 exec/s: 5195 rss: 293Mb L: 116/4096 MS: 2 ShuffleBytes-EraseBytes-
#431273	REDUCE cov: 906 ft: 3873 corp: 843/462Kb lim: 4096 exec/s: 5196 rss: 293Mb L: 1435/4096 MS: 1 CopyPart-
#431355	REDUCE cov: 906 ft: 3873 corp: 843/462Kb lim: 4096 exec/s: 5197 rss: 293Mb L: 2523/4096 MS: 2 ChangeBinInt-EraseBytes-
#431547	REDUCE cov: 906 ft: 3873 corp: 843/462Kb lim: 4096 exec/s: 5199 rss: 293Mb L: 1434/4096 MS: 2 InsertRepeatedBytes-EraseBytes-
#432481	REDUCE cov: 906 ft: 3873 corp: 843/462Kb lim: 4096 exec/s: 5148 rss: 293Mb L: 25/4096 MS: 4 PersAutoDict-ChangeBinInt-CopyPart-EraseBytes- DE: "\001\000\000\035"-
#432602	NEW    cov: 906 ft: 3874 corp: 844/462Kb lim: 4096 exec/s: 5150 rss: 293Mb L: 102/4096 MS: 1 PersAutoDict- DE: "\377\377"-
#432618	REDUCE cov: 906 ft: 3874 corp: 844/462Kb lim: 4096 exec/s: 5150 rss: 293Mb L: 90/4096 MS: 1 EraseBytes-
#432766	REDUCE cov: 906 ft: 3874 corp: 844/462Kb lim: 4096 exec/s: 5151 rss: 293Mb L: 738/4096 MS: 3 InsertByte-ChangeBinInt-EraseBytes-
#433252	REDUCE cov: 906 ft: 3874 corp: 844/462Kb lim: 4096 exec/s: 5157 rss: 293Mb L: 102/4096 MS: 1 EraseBytes-
#433585	REDUCE cov: 906 ft: 3874 corp: 844/462Kb lim: 4096 exec/s: 5161 rss: 293Mb L: 4054/4096 MS: 3 ChangeByte-ChangeASCIIInt-EraseBytes-
#434061	REDUCE cov: 906 ft: 3874 corp: 844/462Kb lim: 4096 exec/s: 5167 rss: 293Mb L: 100/4096 MS: 1 EraseBytes-
#434096	REDUCE cov: 906 ft: 3874 corp: 844/462Kb lim: 4096 exec/s: 5167 rss: 293Mb L: 387/4096 MS: 5 CMP-ChangeBinInt-ChangeBit-EraseBytes-InsertRepeatedBytes- DE: "\000\001"-
#434252	REDUCE cov: 906 ft: 3874 corp: 844/462Kb lim: 4096 exec/s: 5169 rss: 293Mb L: 15/4096 MS: 1 EraseBytes-
#434355	NEW    cov: 906 ft: 3875 corp: 845/463Kb lim: 4096 exec/s: 5170 rss: 293Mb L: 911/4096 MS: 3 InsertRepeatedBytes-ChangeASCIIInt-EraseBytes-
#434511	REDUCE cov: 906 ft: 3875 corp: 845/463Kb lim: 4096 exec/s: 5172 rss: 293Mb L: 28/4096 MS: 1 EraseBytes-
#434712	REDUCE cov: 906 ft: 3875 corp: 845/462Kb lim: 4096 exec/s: 5175 rss: 293Mb L: 1257/4096 MS: 1 EraseBytes-
#435459	REDUCE cov: 906 ft: 3897 corp: 846/462Kb lim: 4096 exec/s: 5184 rss: 293Mb L: 61/4096 MS: 2 EraseBytes-ShuffleBytes-
#435535	REDUCE cov: 906 ft: 3897 corp: 846/462Kb lim: 4096 exec/s: 5184 rss: 293Mb L: 2131/4096 MS: 1 EraseBytes-
#435566	REDUCE cov: 906 ft: 3897 corp: 846/462Kb lim: 4096 exec/s: 5185 rss: 293Mb L: 98/4096 MS: 1 EraseBytes-
#435647	REDUCE cov: 906 ft: 3897 corp: 846/462Kb lim: 4096 exec/s: 5186 rss: 293Mb L: 578/4096 MS: 1 EraseBytes-
#435868	REDUCE cov: 906 ft: 3897 corp: 846/462Kb lim: 4096 exec/s: 5188 rss: 293Mb L: 29/4096 MS: 1 EraseBytes-
#436699	REDUCE cov: 906 ft: 3897 corp: 846/462Kb lim: 4096 exec/s: 5198 rss: 293Mb L: 8/4096 MS: 1 EraseBytes-
#436806	REDUCE cov: 906 ft: 3897 corp: 846/462Kb lim: 4096 exec/s: 5200 rss: 293Mb L: 86/4096 MS: 2 InsertByte-EraseBytes-
#437527	REDUCE cov: 906 ft: 3897 corp: 846/462Kb lim: 4096 exec/s: 5147 rss: 293Mb L: 10/4096 MS: 1 EraseBytes-
#438475	REDUCE cov: 906 ft: 3897 corp: 846/462Kb lim: 4096 exec/s: 5158 rss: 293Mb L: 1925/4096 MS: 3 ChangeBit-CrossOver-EraseBytes-
#438566	NEW    cov: 906 ft: 3921 corp: 847/462Kb lim: 4096 exec/s: 5159 rss: 293Mb L: 151/4096 MS: 1 CopyPart-
#439575	REDUCE cov: 906 ft: 3921 corp: 847/462Kb lim: 4096 exec/s: 5171 rss: 293Mb L: 3/4096 MS: 4 ChangeBinInt-CopyPart-ChangeBinInt-EraseBytes-
#439721	REDUCE cov: 906 ft: 3921 corp: 847/462Kb lim: 4096 exec/s: 5173 rss: 293Mb L: 53/4096 MS: 1 EraseBytes-
#440277	REDUCE cov: 906 ft: 3921 corp: 847/462Kb lim: 4096 exec/s: 5179 rss: 293Mb L: 79/4096 MS: 1 EraseBytes-
#440678	REDUCE cov: 906 ft: 3921 corp: 847/462Kb lim: 4096 exec/s: 5184 rss: 293Mb L: 43/4096 MS: 1 EraseBytes-
#441309	REDUCE cov: 906 ft: 3921 corp: 847/462Kb lim: 4096 exec/s: 5191 rss: 293Mb L: 541/4096 MS: 1 EraseBytes-
#441625	REDUCE cov: 906 ft: 3921 corp: 847/462Kb lim: 4096 exec/s: 5135 rss: 293Mb L: 1016/4096 MS: 1 EraseBytes-
#442521	REDUCE cov: 906 ft: 3921 corp: 847/462Kb lim: 4096 exec/s: 5145 rss: 293Mb L: 546/4096 MS: 1 EraseBytes-
#442976	REDUCE cov: 906 ft: 3921 corp: 847/462Kb lim: 4096 exec/s: 5150 rss: 293Mb L: 783/4096 MS: 5 ChangeByte-ChangeASCIIInt-EraseBytes-PersAutoDict-CopyPart- DE: "\001\000\000\215"-
#443162	REDUCE cov: 906 ft: 3921 corp: 847/462Kb lim: 4096 exec/s: 5153 rss: 293Mb L: 770/4096 MS: 1 EraseBytes-
#443881	REDUCE cov: 906 ft: 3921 corp: 847/462Kb lim: 4096 exec/s: 5161 rss: 293Mb L: 46/4096 MS: 4 InsertByte-EraseBytes-ChangeBinInt-CopyPart-
#444123	REDUCE cov: 906 ft: 3921 corp: 847/462Kb lim: 4096 exec/s: 5164 rss: 293Mb L: 721/4096 MS: 2 InsertByte-EraseBytes-
#444899	REDUCE cov: 906 ft: 3921 corp: 847/462Kb lim: 4096 exec/s: 5173 rss: 293Mb L: 44/4096 MS: 1 EraseBytes-
#445246	REDUCE cov: 906 ft: 3921 corp: 847/461Kb lim: 4096 exec/s: 5177 rss: 293Mb L: 2341/4096 MS: 2 CrossOver-PersAutoDict- DE: "\001 \000\000\000\000\000\000"-
#445262	REDUCE cov: 906 ft: 3921 corp: 847/461Kb lim: 4096 exec/s: 5177 rss: 293Mb L: 6/4096 MS: 1 EraseBytes-
#445650	REDUCE cov: 906 ft: 3921 corp: 847/461Kb lim: 4096 exec/s: 5181 rss: 293Mb L: 55/4096 MS: 3 CMP-ChangeBinInt-EraseBytes- DE: " \000\000\000\000\000\000\000"-
#446181	REDUCE cov: 906 ft: 3921 corp: 847/461Kb lim: 4096 exec/s: 5128 rss: 293Mb L: 217/4096 MS: 1 EraseBytes-
#446897	REDUCE cov: 906 ft: 3921 corp: 847/461Kb lim: 4096 exec/s: 5136 rss: 293Mb L: 66/4096 MS: 1 EraseBytes-
#447224	REDUCE cov: 906 ft: 3921 corp: 847/461Kb lim: 4096 exec/s: 5140 rss: 293Mb L: 71/4096 MS: 2 ShuffleBytes-EraseBytes-
#447376	REDUCE cov: 906 ft: 3921 corp: 847/461Kb lim: 4096 exec/s: 5142 rss: 293Mb L: 42/4096 MS: 2 EraseBytes-CrossOver-
#447631	REDUCE cov: 906 ft: 3921 corp: 847/461Kb lim: 4096 exec/s: 5145 rss: 293Mb L: 3217/4096 MS: 5 ChangeBit-ChangeBit-ManualDict-InsertByte-EraseBytes- DE: "needs more output"-
#448765	REDUCE cov: 906 ft: 3921 corp: 847/461Kb lim: 4096 exec/s: 5158 rss: 293Mb L: 739/4096 MS: 4 CrossOver-ChangeASCIIInt-PersAutoDict-EraseBytes- DE: "\000\010"-
#449102	REDUCE cov: 906 ft: 3921 corp: 847/461Kb lim: 4096 exec/s: 5162 rss: 293Mb L: 12/4096 MS: 2 InsertByte-EraseBytes-
#449173	REDUCE cov: 906 ft: 3921 corp: 847/461Kb lim: 4096 exec/s: 5162 rss: 293Mb L: 68/4096 MS: 1 EraseBytes-
#449372	REDUCE cov: 906 ft: 3921 corp: 847/461Kb lim: 4096 exec/s: 5165 rss: 293Mb L: 43/4096 MS: 4 ChangeBinInt-CrossOver-InsertByte-EraseBytes-
#449898	REDUCE cov: 906 ft: 3921 corp: 847/461Kb lim: 4096 exec/s: 5171 rss: 293Mb L: 122/4096 MS: 1 EraseBytes-
#449974	REDUCE cov: 906 ft: 3921 corp: 847/461Kb lim: 4096 exec/s: 5113 rss: 293Mb L: 183/4096 MS: 1 EraseBytes-
#450845	REDUCE cov: 906 ft: 3921 corp: 847/461Kb lim: 4096 exec/s: 5123 rss: 293Mb L: 435/4096 MS: 1 EraseBytes-
#451294	REDUCE cov: 906 ft: 3921 corp: 847/460Kb lim: 4096 exec/s: 5128 rss: 293Mb L: 313/4096 MS: 4 ChangeASCIIInt-InsertRepeatedBytes-EraseBytes-ManualDict- DE: "[]"-
#451620	REDUCE cov: 906 ft: 3921 corp: 847/460Kb lim: 4096 exec/s: 5132 rss: 293Mb L: 32/4096 MS: 1 EraseBytes-
#451811	REDUCE cov: 906 ft: 3921 corp: 847/460Kb lim: 4096 exec/s: 5134 rss: 293Mb L: 62/4096 MS: 1 EraseBytes-
#451864	REDUCE cov: 906 ft: 3921 corp: 847/460Kb lim: 4096 exec/s: 5134 rss: 293Mb L: 1860/4096 MS: 3 CopyPart-ChangeASCIIInt-EraseBytes-
#452310	REDUCE cov: 906 ft: 3921 corp: 847/460Kb lim: 4096 exec/s: 5139 rss: 293Mb L: 64/4096 MS: 1 EraseBytes-
#452528	REDUCE cov: 906 ft: 3921 corp: 847/460Kb lim: 4096 exec/s: 5142 rss: 293Mb L: 54/4096 MS: 3 ChangeASCIIInt-CMP-EraseBytes- DE: "\001\000\000\000\000\000\000\014"-
#452685	REDUCE cov: 906 ft: 3921 corp: 847/460Kb lim: 4096 exec/s: 5144 rss: 293Mb L: 206/4096 MS: 2 ChangeASCIIInt-EraseBytes-
#454659	REDUCE cov: 906 ft: 3921 corp: 847/460Kb lim: 4096 exec/s: 5108 rss: 293Mb L: 499/4096 MS: 4 ManualDict-PersAutoDict-EraseBytes-CopyPart- DE: "Regular"-"\000\000\000\000\000\377\377\252"-
#455000	NEW    cov: 906 ft: 3924 corp: 848/460Kb lim: 4096 exec/s: 5112 rss: 293Mb L: 77/4096 MS: 1 InsertByte-
#455463	REDUCE cov: 906 ft: 3924 corp: 848/460Kb lim: 4096 exec/s: 5117 rss: 293Mb L: 180/4096 MS: 3 InsertByte-ChangeBinInt-EraseBytes-
#455496	REDUCE cov: 906 ft: 3924 corp: 848/460Kb lim: 4096 exec/s: 5117 rss: 293Mb L: 383/4096 MS: 3 EraseBytes-ChangeBit-InsertRepeatedBytes-
#456022	NEW    cov: 906 ft: 3925 corp: 849/460Kb lim: 4096 exec/s: 5123 rss: 293Mb L: 32/4096 MS: 1 ManualDict- DE: "[]"-
#456143	REDUCE cov: 906 ft: 3925 corp: 849/460Kb lim: 4096 exec/s: 5125 rss: 293Mb L: 22/4096 MS: 1 EraseBytes-
#456474	REDUCE cov: 906 ft: 3925 corp: 849/460Kb lim: 4096 exec/s: 5128 rss: 293Mb L: 159/4096 MS: 1 EraseBytes-
#456767	REDUCE cov: 906 ft: 3925 corp: 849/460Kb lim: 4096 exec/s: 5132 rss: 293Mb L: 1796/4096 MS: 3 CrossOver-ShuffleBytes-EraseBytes-
#456989	REDUCE cov: 906 ft: 3925 corp: 849/460Kb lim: 4096 exec/s: 5134 rss: 293Mb L: 14/4096 MS: 2 ChangeBit-EraseBytes-
#457479	REDUCE cov: 906 ft: 3925 corp: 849/460Kb lim: 4096 exec/s: 5140 rss: 293Mb L: 173/4096 MS: 5 ShuffleBytes-PersAutoDict-ChangeByte-ChangeBinInt-EraseBytes- DE: "\003\253"-
#457695	REDUCE cov: 906 ft: 3925 corp: 849/460Kb lim: 4096 exec/s: 5142 rss: 293Mb L: 57/4096 MS: 1 EraseBytes-
#458158	REDUCE cov: 906 ft: 3925 corp: 849/460Kb lim: 4096 exec/s: 5147 rss: 293Mb L: 229/4096 MS: 3 CrossOver-EraseBytes-EraseBytes-
#458449	REDUCE cov: 906 ft: 3925 corp: 849/460Kb lim: 4096 exec/s: 5151 rss: 293Mb L: 11/4096 MS: 1 EraseBytes-
#458650	REDUCE cov: 906 ft: 3925 corp: 849/460Kb lim: 4096 exec/s: 5153 rss: 293Mb L: 28/4096 MS: 1 EraseBytes-
#459201	REDUCE cov: 906 ft: 3925 corp: 849/460Kb lim: 4096 exec/s: 5102 rss: 293Mb L: 2048/4096 MS: 1 EraseBytes-
#459402	REDUCE cov: 906 ft: 3925 corp: 849/460Kb lim: 4096 exec/s: 5104 rss: 293Mb L: 784/4096 MS: 1 EraseBytes-
#459897	REDUCE cov: 906 ft: 3925 corp: 849/460Kb lim: 4096 exec/s: 5109 rss: 293Mb L: 400/4096 MS: 5 CMP-ChangeASCIIInt-EraseBytes-ChangeASCIIInt-InsertRepeatedBytes- DE: "\000\000\000\000\000\000\000\000"-
#460363	REDUCE cov: 906 ft: 3925 corp: 849/460Kb lim: 4096 exec/s: 5115 rss: 293Mb L: 1758/4096 MS: 1 EraseBytes-
#460880	REDUCE cov: 906 ft: 3925 corp: 849/460Kb lim: 4096 exec/s: 5120 rss: 293Mb L: 112/4096 MS: 2 EraseBytes-CrossOver-
#462361	REDUCE cov: 906 ft: 3925 corp: 849/459Kb lim: 4096 exec/s: 5137 rss: 293Mb L: 1662/4096 MS: 1 EraseBytes-
#462524	REDUCE cov: 906 ft: 3925 corp: 849/459Kb lim: 4096 exec/s: 5139 rss: 293Mb L: 1224/4096 MS: 3 ShuffleBytes-PersAutoDict-EraseBytes- DE: "\001\000\007|"-
#463216	REDUCE cov: 906 ft: 3925 corp: 849/459Kb lim: 4096 exec/s: 5146 rss: 293Mb L: 14/4096 MS: 2 ChangeASCIIInt-EraseBytes-
#463400	REDUCE cov: 906 ft: 3925 corp: 849/459Kb lim: 4096 exec/s: 5148 rss: 293Mb L: 39/4096 MS: 4 ChangeBit-CopyPart-InsertByte-EraseBytes-
#463550	REDUCE cov: 906 ft: 3925 corp: 849/458Kb lim: 4096 exec/s: 5093 rss: 293Mb L: 1917/4096 MS: 5 CrossOver-EraseBytes-PersAutoDict-ChangeByte-PersAutoDict- DE: "\000\032"-",\001\000\000"-
#463801	REDUCE cov: 906 ft: 3925 corp: 849/458Kb lim: 4096 exec/s: 5096 rss: 293Mb L: 37/4096 MS: 1 EraseBytes-
#463813	REDUCE cov: 906 ft: 3925 corp: 849/458Kb lim: 4096 exec/s: 5096 rss: 293Mb L: 2887/4096 MS: 2 CrossOver-CopyPart-
#464971	REDUCE cov: 906 ft: 3925 corp: 849/458Kb lim: 4096 exec/s: 5109 rss: 293Mb L: 26/4096 MS: 3 ChangeBinInt-ChangeBit-EraseBytes-
#465110	REDUCE cov: 906 ft: 3925 corp: 849/458Kb lim: 4096 exec/s: 5111 rss: 293Mb L: 41/4096 MS: 4 PersAutoDict-ChangeByte-ChangeByte-EraseBytes- DE: "INVALID"-
#465561	REDUCE cov: 906 ft: 3925 corp: 849/458Kb lim: 4096 exec/s: 5116 rss: 293Mb L: 347/4096 MS: 1 EraseBytes-
#465592	REDUCE cov: 906 ft: 3925 corp: 849/458Kb lim: 4096 exec/s: 5116 rss: 293Mb L: 45/4096 MS: 1 EraseBytes-
#465742	REDUCE cov: 906 ft: 3925 corp: 849/458Kb lim: 4096 exec/s: 5118 rss: 293Mb L: 48/4096 MS: 5 ManualDict-ChangeByte-ChangeBinInt-ChangeByte-EraseBytes- DE: "[]"-
#465808	REDUCE cov: 906 ft: 3925 corp: 849/458Kb lim: 4096 exec/s: 5118 rss: 293Mb L: 131/4096 MS: 1 EraseBytes-
#465995	REDUCE cov: 906 ft: 3925 corp: 849/458Kb lim: 4096 exec/s: 5120 rss: 293Mb L: 2377/4096 MS: 2 PersAutoDict-EraseBytes- DE: "\000\003"-
#466681	REDUCE cov: 906 ft: 3925 corp: 849/458Kb lim: 4096 exec/s: 5128 rss: 293Mb L: 14/4096 MS: 1 EraseBytes-
#468753	NEW    cov: 906 ft: 3928 corp: 850/458Kb lim: 4096 exec/s: 5151 rss: 293Mb L: 42/4096 MS: 2 ChangeBinInt-PersAutoDict- DE: "5\000\000\000\000\000\000\000"-
#468804	NEW    cov: 906 ft: 3930 corp: 851/459Kb lim: 4096 exec/s: 5095 rss: 293Mb L: 1622/4096 MS: 1 CrossOver-
#469430	REDUCE cov: 906 ft: 3930 corp: 851/459Kb lim: 4096 exec/s: 5102 rss: 293Mb L: 28/4096 MS: 1 EraseBytes-
#469802	REDUCE cov: 906 ft: 3930 corp: 851/459Kb lim: 4096 exec/s: 5106 rss: 293Mb L: 410/4096 MS: 2 ShuffleBytes-EraseBytes-
#470863	REDUCE cov: 906 ft: 3930 corp: 851/459Kb lim: 4096 exec/s: 5118 rss: 293Mb L: 135/4096 MS: 1 EraseBytes-
#470869	REDUCE cov: 906 ft: 3930 corp: 851/459Kb lim: 4096 exec/s: 5118 rss: 293Mb L: 10/4096 MS: 1 EraseBytes-
#471206	REDUCE cov: 906 ft: 3930 corp: 851/459Kb lim: 4096 exec/s: 5121 rss: 293Mb L: 80/4096 MS: 2 ShuffleBytes-EraseBytes-
#471333	REDUCE cov: 906 ft: 3930 corp: 851/459Kb lim: 4096 exec/s: 5123 rss: 293Mb L: 340/4096 MS: 2 ChangeByte-EraseBytes-
#471381	REDUCE cov: 906 ft: 3930 corp: 851/459Kb lim: 4096 exec/s: 5123 rss: 293Mb L: 37/4096 MS: 3 ChangeBinInt-ChangeByte-EraseBytes-
#471704	REDUCE cov: 906 ft: 3930 corp: 851/459Kb lim: 4096 exec/s: 5127 rss: 293Mb L: 76/4096 MS: 3 ChangeASCIIInt-ChangeByte-EraseBytes-
#471710	REDUCE cov: 906 ft: 3930 corp: 851/459Kb lim: 4096 exec/s: 5127 rss: 293Mb L: 43/4096 MS: 1 EraseBytes-
#472195	REDUCE cov: 906 ft: 3930 corp: 851/459Kb lim: 4096 exec/s: 5132 rss: 293Mb L: 433/4096 MS: 5 EraseBytes-ShuffleBytes-ChangeByte-ShuffleBytes-ChangeBinInt-
#472641	REDUCE cov: 906 ft: 3931 corp: 852/460Kb lim: 4096 exec/s: 5137 rss: 293Mb L: 617/4096 MS: 1 ChangeBinInt-
#472719	REDUCE cov: 906 ft: 3931 corp: 852/460Kb lim: 4096 exec/s: 5138 rss: 293Mb L: 99/4096 MS: 3 ChangeBit-ChangeBit-EraseBytes-
#473300	REDUCE cov: 906 ft: 3931 corp: 852/460Kb lim: 4096 exec/s: 5144 rss: 293Mb L: 12/4096 MS: 1 EraseBytes-
#473406	NEW    cov: 906 ft: 3932 corp: 853/461Kb lim: 4096 exec/s: 5145 rss: 293Mb L: 1623/4096 MS: 1 CrossOver-
#473414	REDUCE cov: 906 ft: 3932 corp: 853/461Kb lim: 4096 exec/s: 5145 rss: 293Mb L: 67/4096 MS: 3 ManualDict-ChangeBit-EraseBytes- DE: "[]"-
#473691	REDUCE cov: 906 ft: 3932 corp: 853/461Kb lim: 4096 exec/s: 5148 rss: 293Mb L: 1049/4096 MS: 2 EraseBytes-CrossOver-
#473986	REDUCE cov: 906 ft: 3932 corp: 853/461Kb lim: 4096 exec/s: 5152 rss: 293Mb L: 1594/4096 MS: 5 ChangeByte-ChangeByte-InsertRepeatedBytes-ChangeASCIIInt-EraseBytes-
#474687	REDUCE cov: 906 ft: 3932 corp: 853/461Kb lim: 4096 exec/s: 5104 rss: 293Mb L: 360/4096 MS: 1 EraseBytes-
#474969	REDUCE cov: 906 ft: 3932 corp: 853/461Kb lim: 4096 exec/s: 5107 rss: 293Mb L: 1713/4096 MS: 2 ChangeByte-EraseBytes-
#475803	REDUCE cov: 906 ft: 3932 corp: 853/461Kb lim: 4096 exec/s: 5116 rss: 293Mb L: 22/4096 MS: 4 InsertRepeatedBytes-ChangeBit-ChangeByte-EraseBytes-
#476781	REDUCE cov: 906 ft: 3932 corp: 853/461Kb lim: 4096 exec/s: 5126 rss: 293Mb L: 46/4096 MS: 3 CMP-ChangeBit-EraseBytes- DE: "\000\000\000\001"-
#477784	REDUCE cov: 906 ft: 3932 corp: 853/461Kb lim: 4096 exec/s: 5137 rss: 293Mb L: 39/4096 MS: 3 EraseBytes-ShuffleBytes-InsertByte-
#477971	REDUCE cov: 906 ft: 3932 corp: 853/461Kb lim: 4096 exec/s: 5139 rss: 293Mb L: 1502/4096 MS: 2 ChangeBit-EraseBytes-
#478176	REDUCE cov: 906 ft: 3932 corp: 853/461Kb lim: 4096 exec/s: 5141 rss: 293Mb L: 185/4096 MS: 5 ShuffleBytes-ChangeASCIIInt-ChangeBinInt-PersAutoDict-EraseBytes- DE: "\004\000\000\000\000\000\000\000"-
#478533	REDUCE cov: 906 ft: 3932 corp: 853/461Kb lim: 4096 exec/s: 5090 rss: 293Mb L: 14/4096 MS: 2 CrossOver-EraseBytes-
#478577	REDUCE cov: 906 ft: 3932 corp: 853/461Kb lim: 4096 exec/s: 5091 rss: 293Mb L: 226/4096 MS: 4 CrossOver-ManualDict-EraseBytes-ShuffleBytes- DE: "that \\1\\'\\6 with \\6 from \\4 by \\1(\\6. T"-
#478913	REDUCE cov: 906 ft: 3932 corp: 853/461Kb lim: 4096 exec/s: 5094 rss: 293Mb L: 19/4096 MS: 1 EraseBytes-
#479325	REDUCE cov: 906 ft: 3932 corp: 853/461Kb lim: 4096 exec/s: 5099 rss: 293Mb L: 325/4096 MS: 2 PersAutoDict-EraseBytes- DE: "\377\377\377\377\377\377\377\024"-
#479402	REDUCE cov: 906 ft: 3932 corp: 853/461Kb lim: 4096 exec/s: 5100 rss: 293Mb L: 2052/4096 MS: 2 ChangeASCIIInt-EraseBytes-
#479853	REDUCE cov: 906 ft: 3932 corp: 853/461Kb lim: 4096 exec/s: 5104 rss: 293Mb L: 180/4096 MS: 1 EraseBytes-
#479956	REDUCE cov: 906 ft: 3932 corp: 853/461Kb lim: 4096 exec/s: 5105 rss: 293Mb L: 30/4096 MS: 3 ShuffleBytes-InsertByte-EraseBytes-
#480113	REDUCE cov: 906 ft: 3932 corp: 853/461Kb lim: 4096 exec/s: 5107 rss: 293Mb L: 51/4096 MS: 2 InsertRepeatedBytes-EraseBytes-
#480627	REDUCE cov: 906 ft: 3934 corp: 854/462Kb lim: 4096 exec/s: 5113 rss: 293Mb L: 1537/4096 MS: 4 CrossOver-ChangeBit-ChangeBit-ShuffleBytes-
#481539	REDUCE cov: 906 ft: 3934 corp: 854/462Kb lim: 4096 exec/s: 5122 rss: 293Mb L: 64/4096 MS: 2 CrossOver-EraseBytes-
#481855	REDUCE cov: 906 ft: 3934 corp: 854/462Kb lim: 4096 exec/s: 5126 rss: 293Mb L: 19/4096 MS: 1 EraseBytes-
#482041	NEW    cov: 906 ft: 3937 corp: 855/462Kb lim: 4096 exec/s: 5128 rss: 293Mb L: 10/4096 MS: 1 ChangeBit-
#482627	REDUCE cov: 906 ft: 3937 corp: 855/462Kb lim: 4096 exec/s: 5134 rss: 293Mb L: 17/4096 MS: 1 EraseBytes-
#483398	REDUCE cov: 906 ft: 3937 corp: 855/462Kb lim: 4096 exec/s: 5088 rss: 293Mb L: 58/4096 MS: 1 EraseBytes-
#483439	REDUCE cov: 906 ft: 3937 corp: 855/462Kb lim: 4096 exec/s: 5088 rss: 293Mb L: 25/4096 MS: 1 EraseBytes-
#483833	REDUCE cov: 906 ft: 3937 corp: 855/462Kb lim: 4096 exec/s: 5092 rss: 293Mb L: 14/4096 MS: 4 InsertByte-InsertByte-CrossOver-EraseBytes-
#484075	REDUCE cov: 906 ft: 3937 corp: 855/462Kb lim: 4096 exec/s: 5095 rss: 293Mb L: 10/4096 MS: 2 ChangeBit-EraseBytes-
#484256	REDUCE cov: 906 ft: 3937 corp: 855/462Kb lim: 4096 exec/s: 5097 rss: 293Mb L: 44/4096 MS: 1 EraseBytes-
#484318	REDUCE cov: 906 ft: 3937 corp: 855/462Kb lim: 4096 exec/s: 5098 rss: 293Mb L: 48/4096 MS: 2 PersAutoDict-EraseBytes- DE: "9\000\000\000\000\000\000\000"-
#484779	REDUCE cov: 906 ft: 3937 corp: 855/462Kb lim: 4096 exec/s: 5102 rss: 293Mb L: 73/4096 MS: 1 EraseBytes-
#485396	REDUCE cov: 906 ft: 3937 corp: 855/462Kb lim: 4096 exec/s: 5109 rss: 293Mb L: 65/4096 MS: 2 ShuffleBytes-EraseBytes-
#485428	REDUCE cov: 906 ft: 3937 corp: 855/462Kb lim: 4096 exec/s: 5109 rss: 293Mb L: 2371/4096 MS: 2 EraseBytes-ChangeBinInt-
#486267	REDUCE cov: 906 ft: 3937 corp: 855/462Kb lim: 4096 exec/s: 5118 rss: 293Mb L: 280/4096 MS: 4 InsertRepeatedBytes-EraseBytes-PersAutoDict-ChangeByte- DE: "Large Window Brotli"-
#486273	REDUCE cov: 906 ft: 3937 corp: 855/461Kb lim: 4096 exec/s: 5118 rss: 293Mb L: 1018/4096 MS: 1 EraseBytes-
#486334	REDUCE cov: 906 ft: 3937 corp: 855/461Kb lim: 4096 exec/s: 5119 rss: 293Mb L: 10/4096 MS: 1 EraseBytes-
#486395	REDUCE cov: 906 ft: 3937 corp: 855/461Kb lim: 4096 exec/s: 5119 rss: 293Mb L: 11/4096 MS: 1 EraseBytes-
#486961	REDUCE cov: 906 ft: 3937 corp: 855/460Kb lim: 4096 exec/s: 5125 rss: 293Mb L: 1489/4096 MS: 1 EraseBytes-
#487388	REDUCE cov: 906 ft: 3937 corp: 855/460Kb lim: 4096 exec/s: 5130 rss: 293Mb L: 60/4096 MS: 2 ManualDict-EraseBytes- DE: "[ProcessCommandsInternal] dictionary word: [%.*s],"-
#487715	REDUCE cov: 906 ft: 3937 corp: 855/460Kb lim: 4096 exec/s: 5080 rss: 293Mb L: 70/4096 MS: 2 EraseBytes-ManualDict- DE: "INVALID"-
#487717	REDUCE cov: 906 ft: 3937 corp: 855/460Kb lim: 4096 exec/s: 5080 rss: 293Mb L: 44/4096 MS: 2 ChangeASCIIInt-EraseBytes-
#488118	REDUCE cov: 906 ft: 3937 corp: 855/460Kb lim: 4096 exec/s: 5084 rss: 293Mb L: 17/4096 MS: 1 EraseBytes-
#489005	REDUCE cov: 906 ft: 3937 corp: 855/460Kb lim: 4096 exec/s: 5093 rss: 293Mb L: 1060/4096 MS: 2 CMP-EraseBytes- DE: "\377\377\377\377\377\377\377\020"-
#489216	REDUCE cov: 906 ft: 3937 corp: 855/460Kb lim: 4096 exec/s: 5096 rss: 293Mb L: 81/4096 MS: 1 EraseBytes-
#490137	REDUCE cov: 906 ft: 3937 corp: 855/460Kb lim: 4096 exec/s: 5105 rss: 293Mb L: 139/4096 MS: 1 EraseBytes-
#490154	REDUCE cov: 906 ft: 3937 corp: 855/460Kb lim: 4096 exec/s: 5105 rss: 293Mb L: 134/4096 MS: 2 InsertRepeatedBytes-EraseBytes-
#490825	REDUCE cov: 906 ft: 3937 corp: 855/460Kb lim: 4096 exec/s: 5112 rss: 293Mb L: 11/4096 MS: 1 EraseBytes-
#491107	REDUCE cov: 906 ft: 3937 corp: 855/460Kb lim: 4096 exec/s: 5115 rss: 293Mb L: 38/4096 MS: 2 InsertByte-EraseBytes-
#491158	REDUCE cov: 906 ft: 3937 corp: 855/460Kb lim: 4096 exec/s: 5116 rss: 293Mb L: 39/4096 MS: 1 EraseBytes-
#491257	REDUCE cov: 906 ft: 3937 corp: 855/459Kb lim: 4096 exec/s: 5117 rss: 293Mb L: 549/4096 MS: 4 EraseBytes-ChangeBinInt-EraseBytes-ChangeBit-
#491298	REDUCE cov: 906 ft: 3937 corp: 855/459Kb lim: 4096 exec/s: 5117 rss: 293Mb L: 111/4096 MS: 1 EraseBytes-
#491444	REDUCE cov: 906 ft: 3937 corp: 855/459Kb lim: 4096 exec/s: 5119 rss: 293Mb L: 10/4096 MS: 1 EraseBytes-
#492310	REDUCE cov: 906 ft: 3937 corp: 855/459Kb lim: 4096 exec/s: 5075 rss: 293Mb L: 654/4096 MS: 1 CrossOver-
#492331	REDUCE cov: 906 ft: 3937 corp: 855/459Kb lim: 4096 exec/s: 5075 rss: 293Mb L: 2192/4096 MS: 1 CrossOver-
#492523	REDUCE cov: 906 ft: 3937 corp: 855/459Kb lim: 4096 exec/s: 5077 rss: 293Mb L: 47/4096 MS: 2 InsertByte-EraseBytes-
#492609	REDUCE cov: 906 ft: 3937 corp: 855/458Kb lim: 4096 exec/s: 5078 rss: 293Mb L: 2031/4096 MS: 1 EraseBytes-
#492693	REDUCE cov: 906 ft: 3937 corp: 855/458Kb lim: 4096 exec/s: 5079 rss: 293Mb L: 92/4096 MS: 4 CMP-EraseBytes-ChangeBit-CrossOver- DE: "\376\377\377\377\377\377\377\340"-
#492819	REDUCE cov: 906 ft: 3937 corp: 855/458Kb lim: 4096 exec/s: 5080 rss: 293Mb L: 414/4096 MS: 1 EraseBytes-
#492985	REDUCE cov: 906 ft: 3937 corp: 855/458Kb lim: 4096 exec/s: 5082 rss: 293Mb L: 250/4096 MS: 1 EraseBytes-
#493146	REDUCE cov: 906 ft: 3937 corp: 855/458Kb lim: 4096 exec/s: 5083 rss: 293Mb L: 66/4096 MS: 1 EraseBytes-
#493259	REDUCE cov: 906 ft: 3939 corp: 856/460Kb lim: 4096 exec/s: 5085 rss: 293Mb L: 1741/4096 MS: 3 ChangeASCIIInt-InsertByte-ChangeByte-
#493736	REDUCE cov: 906 ft: 3939 corp: 856/460Kb lim: 4096 exec/s: 5090 rss: 293Mb L: 39/4096 MS: 2 ShuffleBytes-EraseBytes-
#494058	REDUCE cov: 906 ft: 3939 corp: 856/460Kb lim: 4096 exec/s: 5093 rss: 293Mb L: 182/4096 MS: 2 ChangeASCIIInt-EraseBytes-
#494149	REDUCE cov: 906 ft: 3939 corp: 856/460Kb lim: 4096 exec/s: 5094 rss: 293Mb L: 41/4096 MS: 1 EraseBytes-
#496201	REDUCE cov: 906 ft: 3939 corp: 856/459Kb lim: 4096 exec/s: 5115 rss: 293Mb L: 1671/4096 MS: 2 ChangeASCIIInt-EraseBytes-
#496287	REDUCE cov: 906 ft: 3939 corp: 856/459Kb lim: 4096 exec/s: 5116 rss: 293Mb L: 37/4096 MS: 1 EraseBytes-
#496639	REDUCE cov: 906 ft: 3939 corp: 856/459Kb lim: 4096 exec/s: 5119 rss: 296Mb L: 532/4096 MS: 2 ShuffleBytes-EraseBytes-
#496710	REDUCE cov: 906 ft: 3939 corp: 856/459Kb lim: 4096 exec/s: 5120 rss: 296Mb L: 21/4096 MS: 1 EraseBytes-
#497192	REDUCE cov: 906 ft: 3939 corp: 856/459Kb lim: 4096 exec/s: 5125 rss: 296Mb L: 120/4096 MS: 2 ChangeBit-EraseBytes-
#497199	REDUCE cov: 906 ft: 3939 corp: 856/459Kb lim: 4096 exec/s: 5125 rss: 296Mb L: 379/4096 MS: 2 ManualDict-EraseBytes- DE: "[ProcessCommandsInternal] dictionary word: [%.*s],"-
#497205	REDUCE cov: 906 ft: 3939 corp: 856/459Kb lim: 4096 exec/s: 5125 rss: 296Mb L: 110/4096 MS: 1 EraseBytes-
#497266	REDUCE cov: 906 ft: 3939 corp: 856/459Kb lim: 4096 exec/s: 5126 rss: 296Mb L: 41/4096 MS: 1 EraseBytes-
#497305	REDUCE cov: 906 ft: 3939 corp: 856/459Kb lim: 4096 exec/s: 5126 rss: 296Mb L: 3933/4096 MS: 4 InsertByte-CMP-EraseBytes-EraseBytes- DE: "+\316\000\000"-
#497385	REDUCE cov: 906 ft: 3939 corp: 856/458Kb lim: 4096 exec/s: 5075 rss: 296Mb L: 498/4096 MS: 5 InsertRepeatedBytes-InsertByte-PersAutoDict-EraseBytes-EraseBytes- DE: "\005\000\000\000\000\000\000\000"-
#497431	REDUCE cov: 906 ft: 3939 corp: 856/458Kb lim: 4096 exec/s: 5075 rss: 296Mb L: 10/4096 MS: 1 EraseBytes-
#497462	REDUCE cov: 906 ft: 3939 corp: 856/458Kb lim: 4096 exec/s: 5076 rss: 296Mb L: 3671/4096 MS: 1 EraseBytes-
#497938	REDUCE cov: 906 ft: 3939 corp: 856/458Kb lim: 4096 exec/s: 5081 rss: 296Mb L: 16/4096 MS: 1 EraseBytes-
#497999	REDUCE cov: 906 ft: 3939 corp: 856/458Kb lim: 4096 exec/s: 5081 rss: 296Mb L: 46/4096 MS: 1 EraseBytes-
#498097	REDUCE cov: 906 ft: 3939 corp: 856/458Kb lim: 4096 exec/s: 5082 rss: 297Mb L: 234/4096 MS: 3 CMP-InsertRepeatedBytes-EraseBytes- DE: "\377\276\246A"-
#498443	REDUCE cov: 906 ft: 3939 corp: 856/458Kb lim: 4096 exec/s: 5086 rss: 299Mb L: 591/4096 MS: 1 EraseBytes-
#498675	REDUCE cov: 906 ft: 3939 corp: 856/458Kb lim: 4096 exec/s: 5088 rss: 299Mb L: 27/4096 MS: 2 ChangeBinInt-EraseBytes-
#498726	REDUCE cov: 906 ft: 3939 corp: 856/458Kb lim: 4096 exec/s: 5089 rss: 299Mb L: 192/4096 MS: 1 EraseBytes-
#498897	REDUCE cov: 906 ft: 3939 corp: 856/458Kb lim: 4096 exec/s: 5090 rss: 299Mb L: 35/4096 MS: 1 EraseBytes-
#499603	REDUCE cov: 906 ft: 3939 corp: 856/458Kb lim: 4096 exec/s: 5097 rss: 299Mb L: 572/4096 MS: 1 EraseBytes-
#500115	REDUCE cov: 906 ft: 3939 corp: 856/458Kb lim: 4096 exec/s: 5103 rss: 299Mb L: 177/4096 MS: 2 ChangeByte-EraseBytes-
#500458	REDUCE cov: 906 ft: 3939 corp: 856/458Kb lim: 4096 exec/s: 5106 rss: 299Mb L: 59/4096 MS: 3 ChangeBit-EraseBytes-ChangeBinInt-
#500984	REDUCE cov: 906 ft: 3939 corp: 856/458Kb lim: 4096 exec/s: 5112 rss: 299Mb L: 707/4096 MS: 1 EraseBytes-
#501515	REDUCE cov: 906 ft: 3939 corp: 856/458Kb lim: 4096 exec/s: 5117 rss: 299Mb L: 70/4096 MS: 1 EraseBytes-
#502092	REDUCE cov: 906 ft: 3939 corp: 856/458Kb lim: 4096 exec/s: 5071 rss: 299Mb L: 35/4096 MS: 2 ChangeByte-EraseBytes-
#502158	REDUCE cov: 906 ft: 3939 corp: 856/458Kb lim: 4096 exec/s: 5072 rss: 299Mb L: 42/4096 MS: 1 EraseBytes-
#502239	NEW    cov: 906 ft: 3940 corp: 857/458Kb lim: 4096 exec/s: 5073 rss: 299Mb L: 135/4096 MS: 1 EraseBytes-
#502316	REDUCE cov: 906 ft: 3940 corp: 857/458Kb lim: 4096 exec/s: 5073 rss: 299Mb L: 201/4096 MS: 2 ShuffleBytes-EraseBytes-
#502384	REDUCE cov: 906 ft: 3940 corp: 857/458Kb lim: 4096 exec/s: 5074 rss: 299Mb L: 1871/4096 MS: 3 ChangeBit-ShuffleBytes-EraseBytes-
#502853	REDUCE cov: 906 ft: 3940 corp: 857/458Kb lim: 4096 exec/s: 5079 rss: 299Mb L: 24/4096 MS: 4 ShuffleBytes-PersAutoDict-ShuffleBytes-EraseBytes- DE: "\000\001\000\000\000\000\000\000"-
#502873	REDUCE cov: 906 ft: 3940 corp: 857/458Kb lim: 4096 exec/s: 5079 rss: 299Mb L: 157/4096 MS: 5 ManualDict-ChangeBinInt-CrossOver-ChangeBit-EraseBytes- DE: "needs more input"-
#502973	REDUCE cov: 906 ft: 3940 corp: 857/458Kb lim: 4096 exec/s: 5080 rss: 299Mb L: 941/4096 MS: 5 ManualDict-PersAutoDict-InsertRepeatedBytes-EraseBytes-ShuffleBytes- DE: "t \\4ize \\2\\xc2\\xa0\\4ous \\5 the \\2e "-"\322\000\000\000\000\000\000\000"-
#503829	REDUCE cov: 906 ft: 3942 corp: 858/458Kb lim: 4096 exec/s: 5089 rss: 299Mb L: 104/4096 MS: 1 InsertRepeatedBytes-
#504147	REDUCE cov: 906 ft: 3942 corp: 858/458Kb lim: 4096 exec/s: 5092 rss: 299Mb L: 86/4096 MS: 3 EraseBytes-CMP-ChangeBinInt- DE: "\377\377\377\377\377\377\377\377"-
#504463	REDUCE cov: 906 ft: 3942 corp: 858/458Kb lim: 4096 exec/s: 5095 rss: 299Mb L: 256/4096 MS: 1 EraseBytes-
#504712	REDUCE cov: 906 ft: 3942 corp: 858/458Kb lim: 4096 exec/s: 5098 rss: 299Mb L: 13/4096 MS: 4 ChangeASCIIInt-ChangeASCIIInt-ChangeBit-EraseBytes-
#506339	REDUCE cov: 906 ft: 3942 corp: 858/458Kb lim: 4096 exec/s: 5114 rss: 299Mb L: 94/4096 MS: 2 PersAutoDict-EraseBytes- DE: "\001\000\004\000"-
#507982	REDUCE cov: 906 ft: 3942 corp: 858/458Kb lim: 4096 exec/s: 5079 rss: 299Mb L: 16/4096 MS: 3 InsertByte-PersAutoDict-EraseBytes- DE: "\377\377\377\207"-
#507990	REDUCE cov: 906 ft: 3942 corp: 858/458Kb lim: 4096 exec/s: 5079 rss: 299Mb L: 44/4096 MS: 3 EraseBytes-InsertByte-CopyPart-
#508305	REDUCE cov: 906 ft: 3942 corp: 858/458Kb lim: 4096 exec/s: 5083 rss: 299Mb L: 19/4096 MS: 5 ShuffleBytes-InsertByte-InsertByte-ShuffleBytes-EraseBytes-
#508397	REDUCE cov: 906 ft: 3942 corp: 858/458Kb lim: 4096 exec/s: 5083 rss: 299Mb L: 1521/4096 MS: 2 ShuffleBytes-CrossOver-
#509674	REDUCE cov: 906 ft: 3944 corp: 859/458Kb lim: 4096 exec/s: 5096 rss: 299Mb L: 32/4096 MS: 2 ShuffleBytes-ChangeByte-
#509755	REDUCE cov: 906 ft: 3944 corp: 859/458Kb lim: 4096 exec/s: 5097 rss: 299Mb L: 151/4096 MS: 1 EraseBytes-
#510029	REDUCE cov: 906 ft: 3944 corp: 859/458Kb lim: 4096 exec/s: 5100 rss: 299Mb L: 45/4096 MS: 4 ChangeBinInt-CrossOver-ShuffleBytes-CrossOver-
#510409	REDUCE cov: 906 ft: 3944 corp: 859/458Kb lim: 4096 exec/s: 5104 rss: 299Mb L: 16/4096 MS: 5 InsertRepeatedBytes-ChangeBit-InsertByte-EraseBytes-EraseBytes-
#510890	NEW    cov: 906 ft: 3946 corp: 860/458Kb lim: 4096 exec/s: 5108 rss: 299Mb L: 83/4096 MS: 1 CrossOver-
#511243	REDUCE cov: 906 ft: 3946 corp: 860/458Kb lim: 4096 exec/s: 5112 rss: 299Mb L: 720/4096 MS: 3 ChangeASCIIInt-CMP-EraseBytes- DE: "\206\376\377\000\000\000\000\000"-
#511350	REDUCE cov: 906 ft: 3946 corp: 860/458Kb lim: 4096 exec/s: 5113 rss: 299Mb L: 701/4096 MS: 2 InsertByte-EraseBytes-
#511589	REDUCE cov: 906 ft: 3946 corp: 860/458Kb lim: 4096 exec/s: 5065 rss: 299Mb L: 22/4096 MS: 4 ChangeBinInt-InsertByte-EraseBytes-EraseBytes-
#512350	REDUCE cov: 906 ft: 3946 corp: 860/458Kb lim: 4096 exec/s: 5072 rss: 299Mb L: 684/4096 MS: 1 EraseBytes-
#512386	REDUCE cov: 906 ft: 3946 corp: 860/458Kb lim: 4096 exec/s: 5073 rss: 299Mb L: 28/4096 MS: 1 EraseBytes-
#512757	REDUCE cov: 906 ft: 3946 corp: 860/458Kb lim: 4096 exec/s: 5076 rss: 299Mb L: 28/4096 MS: 1 EraseBytes-
#513093	REDUCE cov: 906 ft: 3946 corp: 860/458Kb lim: 4096 exec/s: 5080 rss: 299Mb L: 18/4096 MS: 1 EraseBytes-
#513318	REDUCE cov: 906 ft: 3946 corp: 860/456Kb lim: 4096 exec/s: 5082 rss: 299Mb L: 1694/4096 MS: 5 EraseBytes-ChangeBit-CrossOver-PersAutoDict-InsertRepeatedBytes- DE: "\377\377\377\377\377\377\000\021"-
#513414	REDUCE cov: 906 ft: 3946 corp: 860/456Kb lim: 4096 exec/s: 5083 rss: 299Mb L: 44/4096 MS: 1 EraseBytes-
#513915	REDUCE cov: 906 ft: 3946 corp: 860/456Kb lim: 4096 exec/s: 5088 rss: 299Mb L: 20/4096 MS: 1 EraseBytes-
#514653	REDUCE cov: 906 ft: 3946 corp: 860/456Kb lim: 4096 exec/s: 5095 rss: 299Mb L: 92/4096 MS: 3 CopyPart-ChangeByte-EraseBytes-
#515074	REDUCE cov: 906 ft: 3946 corp: 860/456Kb lim: 4096 exec/s: 5099 rss: 299Mb L: 479/4096 MS: 1 EraseBytes-
#515205	NEW    cov: 906 ft: 3956 corp: 861/456Kb lim: 4096 exec/s: 5101 rss: 299Mb L: 19/4096 MS: 1 ChangeBit-
#515511	REDUCE cov: 906 ft: 3956 corp: 861/456Kb lim: 4096 exec/s: 5104 rss: 299Mb L: 682/4096 MS: 1 EraseBytes-
#515804	REDUCE cov: 906 ft: 3956 corp: 861/456Kb lim: 4096 exec/s: 5106 rss: 299Mb L: 2126/4096 MS: 3 CrossOver-ManualDict-CrossOver- DE: "Regular"-
#515830	REDUCE cov: 906 ft: 3956 corp: 861/456Kb lim: 4096 exec/s: 5107 rss: 299Mb L: 33/4096 MS: 1 EraseBytes-
#516273	REDUCE cov: 906 ft: 3956 corp: 861/456Kb lim: 4096 exec/s: 5061 rss: 299Mb L: 46/4096 MS: 3 ChangeBit-InsertByte-EraseBytes-
#516301	REDUCE cov: 906 ft: 3956 corp: 861/456Kb lim: 4096 exec/s: 5061 rss: 299Mb L: 484/4096 MS: 3 ChangeASCIIInt-PersAutoDict-EraseBytes- DE: "\011\000"-
#516782	REDUCE cov: 906 ft: 3956 corp: 861/456Kb lim: 4096 exec/s: 5066 rss: 299Mb L: 112/4096 MS: 1 EraseBytes-
#518055	NEW    cov: 915 ft: 3966 corp: 862/456Kb lim: 4096 exec/s: 5078 rss: 299Mb L: 127/4096 MS: 3 InsertRepeatedBytes-ShuffleBytes-PersAutoDict- DE: "\001\000\000\000\000\000\000\037"-
#520401	REDUCE cov: 915 ft: 3966 corp: 862/456Kb lim: 4096 exec/s: 5101 rss: 299Mb L: 15/4096 MS: 1 EraseBytes-
#521527	REDUCE cov: 915 ft: 3966 corp: 862/456Kb lim: 4096 exec/s: 5063 rss: 299Mb L: 128/4096 MS: 1 EraseBytes-
#521595	REDUCE cov: 915 ft: 3978 corp: 863/456Kb lim: 4096 exec/s: 5064 rss: 299Mb L: 230/4096 MS: 3 ShuffleBytes-InsertByte-InsertRepeatedBytes-
#521996	REDUCE cov: 915 ft: 3978 corp: 863/456Kb lim: 4096 exec/s: 5067 rss: 299Mb L: 16/4096 MS: 1 EraseBytes-
#522137	REDUCE cov: 915 ft: 3978 corp: 863/456Kb lim: 4096 exec/s: 5069 rss: 299Mb L: 14/4096 MS: 1 EraseBytes-
#522768	REDUCE cov: 915 ft: 3978 corp: 863/456Kb lim: 4096 exec/s: 5075 rss: 299Mb L: 13/4096 MS: 1 EraseBytes-
#522769	REDUCE cov: 915 ft: 3978 corp: 863/456Kb lim: 4096 exec/s: 5075 rss: 299Mb L: 55/4096 MS: 1 EraseBytes-
#523308	REDUCE cov: 915 ft: 3978 corp: 863/456Kb lim: 4096 exec/s: 5080 rss: 299Mb L: 281/4096 MS: 4 ChangeBit-ChangeByte-InsertRepeatedBytes-EraseBytes-
#524104	REDUCE cov: 915 ft: 3978 corp: 863/456Kb lim: 4096 exec/s: 5088 rss: 299Mb L: 88/4096 MS: 1 EraseBytes-
#524165	REDUCE cov: 915 ft: 3978 corp: 863/456Kb lim: 4096 exec/s: 5088 rss: 299Mb L: 1630/4096 MS: 1 EraseBytes-
#524288	pulse  cov: 915 ft: 3978 corp: 863/456Kb lim: 4096 exec/s: 5090 rss: 299Mb
#525126	REDUCE cov: 915 ft: 3978 corp: 863/456Kb lim: 4096 exec/s: 5098 rss: 299Mb L: 2115/4096 MS: 1 EraseBytes-
#525663	REDUCE cov: 915 ft: 3978 corp: 863/455Kb lim: 4096 exec/s: 5103 rss: 299Mb L: 1968/4096 MS: 2 ManualDict-EraseBytes- DE: "Large Window Brotli"-
#525689	REDUCE cov: 915 ft: 3978 corp: 863/455Kb lim: 4096 exec/s: 5103 rss: 299Mb L: 102/4096 MS: 1 EraseBytes-
#526438	REDUCE cov: 915 ft: 3978 corp: 863/455Kb lim: 4096 exec/s: 5061 rss: 299Mb L: 493/4096 MS: 4 InsertByte-EraseBytes-ShuffleBytes-InsertByte-
#527311	REDUCE cov: 915 ft: 3978 corp: 863/455Kb lim: 4096 exec/s: 5070 rss: 299Mb L: 9/4096 MS: 3 EraseBytes-ChangeBit-ChangeByte-
#527904	NEW    cov: 915 ft: 3979 corp: 864/455Kb lim: 4096 exec/s: 5076 rss: 299Mb L: 81/4096 MS: 3 ChangeBit-ChangeByte-ChangeBit-
#528700	REDUCE cov: 915 ft: 3980 corp: 865/455Kb lim: 4096 exec/s: 5083 rss: 299Mb L: 21/4096 MS: 1 CopyPart-
#529001	REDUCE cov: 915 ft: 3980 corp: 865/455Kb lim: 4096 exec/s: 5086 rss: 299Mb L: 552/4096 MS: 1 EraseBytes-
#529288	REDUCE cov: 915 ft: 3980 corp: 865/455Kb lim: 4096 exec/s: 5089 rss: 299Mb L: 21/4096 MS: 2 InsertByte-EraseBytes-
#529518	REDUCE cov: 915 ft: 3980 corp: 865/455Kb lim: 4096 exec/s: 5091 rss: 299Mb L: 89/4096 MS: 5 ChangeByte-EraseBytes-CrossOver-ChangeBinInt-PersAutoDict- DE: "\001\000\000\000\000\000\000\034"-
#529540	REDUCE cov: 915 ft: 3980 corp: 865/455Kb lim: 4096 exec/s: 5091 rss: 299Mb L: 521/4096 MS: 2 ChangeBit-EraseBytes-
#529952	REDUCE cov: 915 ft: 3980 corp: 865/455Kb lim: 4096 exec/s: 5095 rss: 299Mb L: 99/4096 MS: 2 EraseBytes-ChangeBinInt-
#529953	REDUCE cov: 915 ft: 3980 corp: 865/455Kb lim: 4096 exec/s: 5095 rss: 299Mb L: 122/4096 MS: 1 EraseBytes-
#529974	REDUCE cov: 915 ft: 3980 corp: 865/455Kb lim: 4096 exec/s: 5095 rss: 299Mb L: 283/4096 MS: 1 EraseBytes-
#530348	REDUCE cov: 915 ft: 3980 corp: 865/455Kb lim: 4096 exec/s: 5099 rss: 299Mb L: 51/4096 MS: 4 ChangeASCIIInt-ManualDict-ShuffleBytes-EraseBytes- DE: "needs more output"-
#530562	REDUCE cov: 915 ft: 3980 corp: 865/455Kb lim: 4096 exec/s: 5101 rss: 299Mb L: 11/4096 MS: 4 ShuffleBytes-ChangeBit-CrossOver-EraseBytes-
#531373	REDUCE cov: 915 ft: 3980 corp: 865/455Kb lim: 4096 exec/s: 5109 rss: 299Mb L: 534/4096 MS: 1 EraseBytes-
#531784	REDUCE cov: 915 ft: 3980 corp: 865/455Kb lim: 4096 exec/s: 5064 rss: 299Mb L: 187/4096 MS: 1 EraseBytes-
#532852	REDUCE cov: 915 ft: 3980 corp: 865/454Kb lim: 4096 exec/s: 5074 rss: 299Mb L: 2254/4096 MS: 3 ManualDict-ChangeBit-EraseBytes- DE: "[ProcessCommandsInternal] dictionary word: [%.*s],"-
#533783	REDUCE cov: 915 ft: 3980 corp: 865/454Kb lim: 4096 exec/s: 5083 rss: 299Mb L: 13/4096 MS: 1 EraseBytes-
#533793	REDUCE cov: 915 ft: 3980 corp: 865/454Kb lim: 4096 exec/s: 5083 rss: 299Mb L: 2826/4096 MS: 5 PersAutoDict-ChangeBit-EraseBytes-EraseBytes-CrossOver- DE: "\377\377\377\377\377\377\377\367"-
#534049	REDUCE cov: 915 ft: 3980 corp: 865/454Kb lim: 4096 exec/s: 5086 rss: 299Mb L: 21/4096 MS: 1 EraseBytes-
#534472	REDUCE cov: 915 ft: 3980 corp: 865/454Kb lim: 4096 exec/s: 5090 rss: 299Mb L: 11/4096 MS: 3 CopyPart-ChangeBinInt-EraseBytes-
#534616	REDUCE cov: 915 ft: 3980 corp: 865/454Kb lim: 4096 exec/s: 5091 rss: 299Mb L: 79/4096 MS: 4 ManualDict-ChangeASCIIInt-ChangeByte-EraseBytes- DE: "Regular"-
#534637	REDUCE cov: 915 ft: 3980 corp: 865/454Kb lim: 4096 exec/s: 5091 rss: 299Mb L: 57/4096 MS: 1 EraseBytes-
#534685	REDUCE cov: 915 ft: 3980 corp: 865/454Kb lim: 4096 exec/s: 5092 rss: 299Mb L: 126/4096 MS: 3 ChangeByte-EraseBytes-ChangeASCIIInt-
#534808	REDUCE cov: 915 ft: 3980 corp: 865/454Kb lim: 4096 exec/s: 5093 rss: 299Mb L: 30/4096 MS: 3 ChangeBit-EraseBytes-ChangeBinInt-
#536034	REDUCE cov: 915 ft: 3980 corp: 865/454Kb lim: 4096 exec/s: 5105 rss: 299Mb L: 43/4096 MS: 1 EraseBytes-
#537260	REDUCE cov: 915 ft: 3980 corp: 865/454Kb lim: 4096 exec/s: 5068 rss: 299Mb L: 2421/4096 MS: 1 EraseBytes-
#537261	REDUCE cov: 915 ft: 3980 corp: 865/454Kb lim: 4096 exec/s: 5068 rss: 299Mb L: 39/4096 MS: 1 EraseBytes-
#537470	REDUCE cov: 915 ft: 3980 corp: 865/454Kb lim: 4096 exec/s: 5070 rss: 299Mb L: 65/4096 MS: 4 PersAutoDict-ChangeBit-ChangeBit-EraseBytes- DE: "\000\000\000\000"-
#537691	REDUCE cov: 915 ft: 3980 corp: 865/454Kb lim: 4096 exec/s: 5072 rss: 299Mb L: 10/4096 MS: 1 EraseBytes-
#537703	REDUCE cov: 915 ft: 3980 corp: 865/454Kb lim: 4096 exec/s: 5072 rss: 299Mb L: 441/4096 MS: 2 EraseBytes-InsertRepeatedBytes-
#537894	REDUCE cov: 915 ft: 3980 corp: 865/454Kb lim: 4096 exec/s: 5074 rss: 299Mb L: 141/4096 MS: 1 EraseBytes-
#538255	REDUCE cov: 915 ft: 3980 corp: 865/454Kb lim: 4096 exec/s: 5077 rss: 299Mb L: 255/4096 MS: 1 EraseBytes-
#538591	REDUCE cov: 915 ft: 3981 corp: 866/458Kb lim: 4096 exec/s: 5081 rss: 299Mb L: 3965/4096 MS: 1 PersAutoDict- DE: "\377\377\377\377\377\377\377\377"-
#539912	REDUCE cov: 915 ft: 3981 corp: 866/457Kb lim: 4096 exec/s: 5093 rss: 299Mb L: 1777/4096 MS: 1 EraseBytes-
#540675	REDUCE cov: 915 ft: 3981 corp: 866/457Kb lim: 4096 exec/s: 5100 rss: 299Mb L: 17/4096 MS: 3 EraseBytes-ChangeBit-ShuffleBytes-
#540876	REDUCE cov: 915 ft: 3981 corp: 866/457Kb lim: 4096 exec/s: 5102 rss: 299Mb L: 657/4096 MS: 1 CrossOver-
#541035	REDUCE cov: 915 ft: 3981 corp: 866/457Kb lim: 4096 exec/s: 5104 rss: 299Mb L: 1831/4096 MS: 4 ChangeBinInt-PersAutoDict-EraseBytes-ManualDict- DE: "\000\000\000\377"-"[]"-
#541476	REDUCE cov: 915 ft: 3981 corp: 866/457Kb lim: 4096 exec/s: 5108 rss: 299Mb L: 326/4096 MS: 1 EraseBytes-
#541798	REDUCE cov: 915 ft: 3981 corp: 866/457Kb lim: 4096 exec/s: 5063 rss: 299Mb L: 3546/4096 MS: 2 EraseBytes-ShuffleBytes-
#541908	REDUCE cov: 915 ft: 3981 corp: 866/457Kb lim: 4096 exec/s: 5064 rss: 299Mb L: 54/4096 MS: 5 EraseBytes-ShuffleBytes-ShuffleBytes-CrossOver-InsertRepeatedBytes-
#542114	NEW    cov: 915 ft: 4002 corp: 867/457Kb lim: 4096 exec/s: 5066 rss: 299Mb L: 135/4096 MS: 1 PersAutoDict- DE: "5\000\000\000\000\000\000\000"-
#542131	REDUCE cov: 915 ft: 4002 corp: 867/457Kb lim: 4096 exec/s: 5066 rss: 299Mb L: 149/4096 MS: 2 EraseBytes-ChangeBit-
#542482	REDUCE cov: 915 ft: 4002 corp: 867/457Kb lim: 4096 exec/s: 5069 rss: 299Mb L: 61/4096 MS: 1 EraseBytes-
#544716	REDUCE cov: 915 ft: 4002 corp: 867/457Kb lim: 4096 exec/s: 5090 rss: 299Mb L: 3729/4096 MS: 4 ShuffleBytes-ChangeBit-EraseBytes-ManualDict- DE: "INVALID"-
#544802	REDUCE cov: 915 ft: 4002 corp: 867/455Kb lim: 4096 exec/s: 5091 rss: 299Mb L: 1957/4096 MS: 1 EraseBytes-
#545788	REDUCE cov: 915 ft: 4002 corp: 867/455Kb lim: 4096 exec/s: 5100 rss: 299Mb L: 89/4096 MS: 1 EraseBytes-
#547307	REDUCE cov: 915 ft: 4002 corp: 867/455Kb lim: 4096 exec/s: 5067 rss: 299Mb L: 4/4096 MS: 4 InsertByte-CopyPart-ShuffleBytes-EraseBytes-
#547358	REDUCE cov: 915 ft: 4002 corp: 867/455Kb lim: 4096 exec/s: 5068 rss: 299Mb L: 43/4096 MS: 1 EraseBytes-
#547585	REDUCE cov: 915 ft: 4002 corp: 867/455Kb lim: 4096 exec/s: 5070 rss: 299Mb L: 49/4096 MS: 2 ChangeASCIIInt-EraseBytes-
#547655	REDUCE cov: 915 ft: 4002 corp: 867/455Kb lim: 4096 exec/s: 5070 rss: 299Mb L: 559/4096 MS: 5 InsertRepeatedBytes-PersAutoDict-ManualDict-ManualDict-EraseBytes- DE: "\351\037\000\000\000\000\000\000"-" not \\3er \\3al \\4ful \\4ive \\5less \\4es"-"needs more output"-
#547802	REDUCE cov: 915 ft: 4002 corp: 867/455Kb lim: 4096 exec/s: 5072 rss: 300Mb L: 288/4096 MS: 2 InsertByte-EraseBytes-
#548365	REDUCE cov: 915 ft: 4002 corp: 867/454Kb lim: 4096 exec/s: 5077 rss: 301Mb L: 3426/4096 MS: 3 ManualDict-CrossOver-CopyPart- DE: "[ProcessCommandsInternal] dictionary word: [%.*s],"-
#549198	REDUCE cov: 915 ft: 4002 corp: 867/454Kb lim: 4096 exec/s: 5085 rss: 301Mb L: 6/4096 MS: 3 PersAutoDict-ChangeByte-EraseBytes- DE: "\000\004"-
#549659	REDUCE cov: 915 ft: 4002 corp: 867/454Kb lim: 4096 exec/s: 5089 rss: 301Mb L: 19/4096 MS: 1 EraseBytes-
#550546	REDUCE cov: 915 ft: 4002 corp: 867/454Kb lim: 4096 exec/s: 5097 rss: 301Mb L: 3195/4096 MS: 2 ChangeASCIIInt-EraseBytes-
#550705	REDUCE cov: 915 ft: 4002 corp: 867/454Kb lim: 4096 exec/s: 5099 rss: 301Mb L: 174/4096 MS: 4 ChangeBinInt-CopyPart-ChangeASCIIInt-EraseBytes-
#551357	REDUCE cov: 915 ft: 4002 corp: 867/454Kb lim: 4096 exec/s: 5105 rss: 301Mb L: 52/4096 MS: 2 CrossOver-EraseBytes-
#551858	REDUCE cov: 915 ft: 4002 corp: 867/454Kb lim: 4096 exec/s: 5062 rss: 301Mb L: 20/4096 MS: 1 EraseBytes-
#552466	REDUCE cov: 915 ft: 4002 corp: 867/454Kb lim: 4096 exec/s: 5068 rss: 301Mb L: 17/4096 MS: 3 ChangeBinInt-ShuffleBytes-EraseBytes-
#552467	REDUCE cov: 915 ft: 4003 corp: 868/454Kb lim: 4096 exec/s: 5068 rss: 301Mb L: 62/4096 MS: 1 EraseBytes-
#553333	REDUCE cov: 915 ft: 4003 corp: 868/454Kb lim: 4096 exec/s: 5076 rss: 301Mb L: 513/4096 MS: 1 EraseBytes-
#553664	REDUCE cov: 915 ft: 4003 corp: 868/454Kb lim: 4096 exec/s: 5079 rss: 301Mb L: 457/4096 MS: 1 EraseBytes-
#553745	NEW    cov: 915 ft: 4005 corp: 869/454Kb lim: 4096 exec/s: 5080 rss: 301Mb L: 58/4096 MS: 1 InsertRepeatedBytes-
#553971	REDUCE cov: 915 ft: 4005 corp: 869/454Kb lim: 4096 exec/s: 5082 rss: 301Mb L: 65/4096 MS: 1 EraseBytes-
#554047	REDUCE cov: 915 ft: 4005 corp: 869/454Kb lim: 4096 exec/s: 5083 rss: 301Mb L: 75/4096 MS: 1 EraseBytes-
#554493	REDUCE cov: 915 ft: 4005 corp: 869/454Kb lim: 4096 exec/s: 5087 rss: 301Mb L: 15/4096 MS: 1 EraseBytes-
#555045	REDUCE cov: 915 ft: 4005 corp: 869/454Kb lim: 4096 exec/s: 5092 rss: 301Mb L: 162/4096 MS: 2 CopyPart-EraseBytes-
#555276	NEW    cov: 915 ft: 4006 corp: 870/454Kb lim: 4096 exec/s: 5094 rss: 301Mb L: 41/4096 MS: 1 CopyPart-
#555907	REDUCE cov: 915 ft: 4006 corp: 870/454Kb lim: 4096 exec/s: 5100 rss: 301Mb L: 137/4096 MS: 1 EraseBytes-
#556974	REDUCE cov: 915 ft: 4006 corp: 870/454Kb lim: 4096 exec/s: 5063 rss: 301Mb L: 649/4096 MS: 2 ChangeByte-EraseBytes-
#557836	REDUCE cov: 915 ft: 4006 corp: 870/454Kb lim: 4096 exec/s: 5071 rss: 301Mb L: 44/4096 MS: 2 InsertByte-EraseBytes-
#557987	REDUCE cov: 915 ft: 4006 corp: 870/454Kb lim: 4096 exec/s: 5072 rss: 301Mb L: 138/4096 MS: 1 EraseBytes-
#559693	NEW    cov: 915 ft: 4008 corp: 871/454Kb lim: 4096 exec/s: 5088 rss: 301Mb L: 40/4096 MS: 1 EraseBytes-
#559940	REDUCE cov: 915 ft: 4008 corp: 871/454Kb lim: 4096 exec/s: 5090 rss: 301Mb L: 1428/4096 MS: 2 ChangeByte-EraseBytes-
#560146	REDUCE cov: 915 ft: 4008 corp: 871/454Kb lim: 4096 exec/s: 5092 rss: 301Mb L: 298/4096 MS: 1 EraseBytes-
#560321	REDUCE cov: 915 ft: 4008 corp: 871/454Kb lim: 4096 exec/s: 5093 rss: 301Mb L: 48/4096 MS: 5 PersAutoDict-ShuffleBytes-ChangeASCIIInt-PersAutoDict-EraseBytes- DE: "\005\000\000\000"-"P\017\000\000"-
#560572	REDUCE cov: 915 ft: 4008 corp: 871/454Kb lim: 4096 exec/s: 5096 rss: 301Mb L: 19/4096 MS: 1 EraseBytes-
#560593	REDUCE cov: 915 ft: 4008 corp: 871/454Kb lim: 4096 exec/s: 5096 rss: 301Mb L: 143/4096 MS: 1 EraseBytes-
#560649	REDUCE cov: 915 ft: 4008 corp: 871/454Kb lim: 4096 exec/s: 5096 rss: 301Mb L: 178/4096 MS: 1 EraseBytes-
#561065	REDUCE cov: 915 ft: 4008 corp: 871/454Kb lim: 4096 exec/s: 5054 rss: 301Mb L: 15/4096 MS: 1 EraseBytes-
#561597	REDUCE cov: 915 ft: 4008 corp: 871/454Kb lim: 4096 exec/s: 5059 rss: 302Mb L: 18/4096 MS: 2 ShuffleBytes-EraseBytes-
#561623	REDUCE cov: 915 ft: 4008 corp: 871/454Kb lim: 4096 exec/s: 5059 rss: 302Mb L: 129/4096 MS: 1 EraseBytes-
#562869	REDUCE cov: 915 ft: 4008 corp: 871/454Kb lim: 4096 exec/s: 5070 rss: 302Mb L: 8/4096 MS: 1 EraseBytes-
#562890	REDUCE cov: 915 ft: 4008 corp: 871/453Kb lim: 4096 exec/s: 5071 rss: 302Mb L: 2521/4096 MS: 1 CrossOver-
#563051	REDUCE cov: 915 ft: 4008 corp: 871/453Kb lim: 4096 exec/s: 5072 rss: 302Mb L: 56/4096 MS: 1 EraseBytes-
#563292	REDUCE cov: 915 ft: 4008 corp: 871/452Kb lim: 4096 exec/s: 5074 rss: 302Mb L: 1567/4096 MS: 1 EraseBytes-
#563297	REDUCE cov: 915 ft: 4008 corp: 871/452Kb lim: 4096 exec/s: 5074 rss: 302Mb L: 38/4096 MS: 5 PersAutoDict-EraseBytes-ChangeBinInt-ChangeASCIIInt-CMP- DE: "\000\001\000\000\000\000\000\000"-"\001\000\000\000"-
#563348	REDUCE cov: 915 ft: 4008 corp: 871/452Kb lim: 4096 exec/s: 5075 rss: 302Mb L: 39/4096 MS: 1 EraseBytes-
#563430	REDUCE cov: 915 ft: 4008 corp: 871/452Kb lim: 4096 exec/s: 5075 rss: 302Mb L: 33/4096 MS: 2 CopyPart-EraseBytes-
#563781	REDUCE cov: 915 ft: 4008 corp: 871/452Kb lim: 4096 exec/s: 5079 rss: 302Mb L: 45/4096 MS: 1 EraseBytes-
#564492	REDUCE cov: 915 ft: 4008 corp: 871/452Kb lim: 4096 exec/s: 5085 rss: 302Mb L: 1910/4096 MS: 1 CrossOver-
#564542	REDUCE cov: 915 ft: 4008 corp: 871/452Kb lim: 4096 exec/s: 5085 rss: 302Mb L: 73/4096 MS: 5 CMP-ManualDict-CrossOver-ChangeByte-EraseBytes- DE: "\002\000"-"Large Window Brotli"-
#564841	REDUCE cov: 915 ft: 4008 corp: 871/452Kb lim: 4096 exec/s: 5088 rss: 302Mb L: 1948/4096 MS: 4 ChangeBinInt-CrossOver-InsertByte-CopyPart-
#565051	REDUCE cov: 915 ft: 4008 corp: 871/452Kb lim: 4096 exec/s: 5090 rss: 302Mb L: 332/4096 MS: 5 ShuffleBytes-ChangeASCIIInt-InsertRepeatedBytes-EraseBytes-CrossOver-
#565399	REDUCE cov: 915 ft: 4008 corp: 871/452Kb lim: 4096 exec/s: 5093 rss: 302Mb L: 79/4096 MS: 3 EraseBytes-ShuffleBytes-ChangeBit-
#565895	REDUCE cov: 915 ft: 4008 corp: 871/452Kb lim: 4096 exec/s: 5098 rss: 302Mb L: 29/4096 MS: 1 EraseBytes-
#567176	REDUCE cov: 915 ft: 4008 corp: 871/452Kb lim: 4096 exec/s: 5064 rss: 302Mb L: 82/4096 MS: 1 EraseBytes-
#568113	REDUCE cov: 915 ft: 4008 corp: 871/452Kb lim: 4096 exec/s: 5072 rss: 302Mb L: 146/4096 MS: 2 InsertRepeatedBytes-EraseBytes-
#568809	REDUCE cov: 915 ft: 4008 corp: 871/452Kb lim: 4096 exec/s: 5078 rss: 302Mb L: 47/4096 MS: 1 EraseBytes-
#568836	REDUCE cov: 915 ft: 4008 corp: 871/452Kb lim: 4096 exec/s: 5078 rss: 302Mb L: 27/4096 MS: 2 ShuffleBytes-EraseBytes-
#568837	REDUCE cov: 915 ft: 4008 corp: 871/452Kb lim: 4096 exec/s: 5078 rss: 302Mb L: 70/4096 MS: 1 EraseBytes-
#569743	REDUCE cov: 915 ft: 4008 corp: 871/452Kb lim: 4096 exec/s: 5086 rss: 302Mb L: 133/4096 MS: 1 EraseBytes-
#569924	REDUCE cov: 915 ft: 4008 corp: 871/452Kb lim: 4096 exec/s: 5088 rss: 302Mb L: 84/4096 MS: 1 EraseBytes-
#570146	REDUCE cov: 915 ft: 4008 corp: 871/452Kb lim: 4096 exec/s: 5090 rss: 302Mb L: 166/4096 MS: 2 PersAutoDict-EraseBytes- DE: "\001\032"-
#571177	REDUCE cov: 915 ft: 4008 corp: 871/451Kb lim: 4096 exec/s: 5054 rss: 302Mb L: 15/4096 MS: 1 EraseBytes-
#571233	NEW    cov: 915 ft: 4009 corp: 872/452Kb lim: 4096 exec/s: 5055 rss: 302Mb L: 39/4096 MS: 1 CopyPart-
#572124	REDUCE cov: 915 ft: 4009 corp: 872/452Kb lim: 4096 exec/s: 5063 rss: 302Mb L: 13/4096 MS: 1 EraseBytes-
#572204	REDUCE cov: 915 ft: 4009 corp: 872/451Kb lim: 4096 exec/s: 5063 rss: 302Mb L: 1079/4096 MS: 5 ChangeByte-InsertRepeatedBytes-InsertByte-CrossOver-InsertRepeatedBytes-
#572600	REDUCE cov: 915 ft: 4009 corp: 872/451Kb lim: 4096 exec/s: 5067 rss: 302Mb L: 25/4096 MS: 1 EraseBytes-
#572907	NEW    cov: 915 ft: 4010 corp: 873/451Kb lim: 4096 exec/s: 5069 rss: 302Mb L: 64/4096 MS: 2 ChangeByte-EraseBytes-
#573025	REDUCE cov: 915 ft: 4010 corp: 873/451Kb lim: 4096 exec/s: 5071 rss: 302Mb L: 1091/4096 MS: 3 InsertByte-CopyPart-EraseBytes-
#573281	REDUCE cov: 915 ft: 4010 corp: 873/451Kb lim: 4096 exec/s: 5073 rss: 302Mb L: 35/4096 MS: 1 EraseBytes-
#573983	REDUCE cov: 915 ft: 4010 corp: 873/450Kb lim: 4096 exec/s: 5079 rss: 302Mb L: 964/4096 MS: 2 ChangeASCIIInt-EraseBytes-
#574140	REDUCE cov: 915 ft: 4010 corp: 873/450Kb lim: 4096 exec/s: 5080 rss: 302Mb L: 310/4096 MS: 2 PersAutoDict-EraseBytes- DE: "\010\000\000\000"-
#576482	REDUCE cov: 915 ft: 4010 corp: 873/450Kb lim: 4096 exec/s: 5056 rss: 302Mb L: 730/4096 MS: 2 ChangeBit-EraseBytes-
#576913	REDUCE cov: 915 ft: 4010 corp: 873/450Kb lim: 4096 exec/s: 5060 rss: 302Mb L: 78/4096 MS: 1 EraseBytes-
#578545	REDUCE cov: 915 ft: 4010 corp: 873/450Kb lim: 4096 exec/s: 5074 rss: 302Mb L: 50/4096 MS: 2 CMP-EraseBytes- DE: "\232\002\000\000\000\000\000\000"-
#578947	REDUCE cov: 915 ft: 4010 corp: 873/450Kb lim: 4096 exec/s: 5078 rss: 302Mb L: 228/4096 MS: 2 ShuffleBytes-EraseBytes-
#579648	REDUCE cov: 915 ft: 4010 corp: 873/450Kb lim: 4096 exec/s: 5084 rss: 302Mb L: 2054/4096 MS: 1 EraseBytes-
#579829	REDUCE cov: 915 ft: 4010 corp: 873/450Kb lim: 4096 exec/s: 5041 rss: 302Mb L: 37/4096 MS: 1 EraseBytes-
#580088	REDUCE cov: 915 ft: 4010 corp: 873/450Kb lim: 4096 exec/s: 5044 rss: 302Mb L: 300/4096 MS: 4 CopyPart-EraseBytes-ChangeASCIIInt-InsertByte-
#580705	REDUCE cov: 915 ft: 4010 corp: 873/450Kb lim: 4096 exec/s: 5049 rss: 302Mb L: 82/4096 MS: 2 PersAutoDict-EraseBytes- DE: "\376\377\377\377\377\377\377\340"-
#580981	REDUCE cov: 915 ft: 4010 corp: 873/450Kb lim: 4096 exec/s: 5052 rss: 302Mb L: 53/4096 MS: 1 EraseBytes-
#581450	REDUCE cov: 915 ft: 4010 corp: 873/450Kb lim: 4096 exec/s: 5056 rss: 302Mb L: 3585/4096 MS: 4 ChangeByte-EraseBytes-ChangeBinInt-InsertByte-
#583146	REDUCE cov: 915 ft: 4010 corp: 873/450Kb lim: 4096 exec/s: 5070 rss: 302Mb L: 13/4096 MS: 1 EraseBytes-
#583473	REDUCE cov: 915 ft: 4010 corp: 873/450Kb lim: 4096 exec/s: 5073 rss: 302Mb L: 67/4096 MS: 2 EraseBytes-CopyPart-
#583631	NEW    cov: 915 ft: 4011 corp: 874/450Kb lim: 4096 exec/s: 5075 rss: 302Mb L: 82/4096 MS: 3 ManualDict-ChangeBinInt-InsertByte- DE: "needs more output"-
#583832	REDUCE cov: 915 ft: 4011 corp: 874/450Kb lim: 4096 exec/s: 5076 rss: 302Mb L: 1332/4096 MS: 1 EraseBytes-
#584084	REDUCE cov: 915 ft: 4011 corp: 874/450Kb lim: 4096 exec/s: 5078 rss: 302Mb L: 22/4096 MS: 2 EraseBytes-ChangeBit-
#584588	REDUCE cov: 915 ft: 4011 corp: 874/450Kb lim: 4096 exec/s: 5039 rss: 302Mb L: 4086/4096 MS: 4 EraseBytes-CopyPart-ChangeBit-InsertRepeatedBytes-
#585459	REDUCE cov: 915 ft: 4011 corp: 874/449Kb lim: 4096 exec/s: 5047 rss: 302Mb L: 287/4096 MS: 1 EraseBytes-
#585576	REDUCE cov: 915 ft: 4011 corp: 874/449Kb lim: 4096 exec/s: 5048 rss: 302Mb L: 133/4096 MS: 2 CrossOver-EraseBytes-
#586451	REDUCE cov: 915 ft: 4011 corp: 874/449Kb lim: 4096 exec/s: 5055 rss: 302Mb L: 71/4096 MS: 5 CMP-PersAutoDict-ChangeByte-PersAutoDict-EraseBytes- DE: "\006\000\000\000\000\000\000\000"-"\033\000"-"\000\000\000\000\000\000\037\356"-
#586467	NEW    cov: 917 ft: 4013 corp: 875/450Kb lim: 4096 exec/s: 5055 rss: 302Mb L: 151/4096 MS: 1 CrossOver-
#586604	REDUCE cov: 917 ft: 4013 corp: 875/450Kb lim: 4096 exec/s: 5056 rss: 302Mb L: 12/4096 MS: 2 ShuffleBytes-EraseBytes-
#586687	REDUCE cov: 917 ft: 4013 corp: 875/450Kb lim: 4096 exec/s: 5057 rss: 302Mb L: 5/4096 MS: 3 EraseBytes-ChangeByte-InsertByte-
#587179	REDUCE cov: 917 ft: 4013 corp: 875/450Kb lim: 4096 exec/s: 5061 rss: 302Mb L: 139/4096 MS: 2 InsertRepeatedBytes-EraseBytes-
#587385	REDUCE cov: 917 ft: 4013 corp: 875/450Kb lim: 4096 exec/s: 5063 rss: 302Mb L: 34/4096 MS: 1 EraseBytes-
#587600	REDUCE cov: 917 ft: 4013 corp: 875/450Kb lim: 4096 exec/s: 5065 rss: 302Mb L: 140/4096 MS: 5 InsertRepeatedBytes-EraseBytes-ChangeByte-CrossOver-ChangeByte-
#587696	REDUCE cov: 917 ft: 4013 corp: 875/449Kb lim: 4096 exec/s: 5066 rss: 302Mb L: 1571/4096 MS: 1 EraseBytes-
#587779	REDUCE cov: 917 ft: 4013 corp: 875/449Kb lim: 4096 exec/s: 5067 rss: 302Mb L: 278/4096 MS: 3 ChangeBit-InsertRepeatedBytes-EraseBytes-
#589012	REDUCE cov: 917 ft: 4013 corp: 875/449Kb lim: 4096 exec/s: 5034 rss: 302Mb L: 507/4096 MS: 3 ShuffleBytes-CopyPart-EraseBytes-
#589290	REDUCE cov: 917 ft: 4013 corp: 875/449Kb lim: 4096 exec/s: 5036 rss: 302Mb L: 45/4096 MS: 3 PersAutoDict-PersAutoDict-EraseBytes- DE: "\361\377?\000"-"\"\000\000\000\000\000\000\000"-
#589406	REDUCE cov: 917 ft: 4016 corp: 876/449Kb lim: 4096 exec/s: 5037 rss: 302Mb L: 29/4096 MS: 1 EraseBytes-
#589565	REDUCE cov: 917 ft: 4016 corp: 876/449Kb lim: 4096 exec/s: 5039 rss: 302Mb L: 20/4096 MS: 4 ChangeByte-ManualDict-EraseBytes-EraseBytes- DE: "[]"-
#589567	REDUCE cov: 917 ft: 4022 corp: 877/449Kb lim: 4096 exec/s: 5039 rss: 302Mb L: 54/4096 MS: 2 ChangeByte-InsertRepeatedBytes-
#590084	REDUCE cov: 917 ft: 4022 corp: 877/449Kb lim: 4096 exec/s: 5043 rss: 302Mb L: 22/4096 MS: 2 ChangeBit-EraseBytes-
#590485	REDUCE cov: 917 ft: 4022 corp: 877/449Kb lim: 4096 exec/s: 5046 rss: 302Mb L: 244/4096 MS: 1 EraseBytes-
#591513	NEW    cov: 917 ft: 4023 corp: 878/449Kb lim: 4096 exec/s: 5055 rss: 302Mb L: 75/4096 MS: 3 ManualDict-ChangeASCIIInt-CopyPart- DE: "Regular"-
#593169	REDUCE cov: 917 ft: 4023 corp: 878/449Kb lim: 4096 exec/s: 5026 rss: 302Mb L: 18/4096 MS: 1 EraseBytes-
#593313	REDUCE cov: 917 ft: 4023 corp: 878/449Kb lim: 4096 exec/s: 5028 rss: 302Mb L: 58/4096 MS: 4 ChangeBinInt-ShuffleBytes-CMP-EraseBytes- DE: "\001\000\000\000\000\000\000\246"-
#593778	REDUCE cov: 917 ft: 4023 corp: 878/449Kb lim: 4096 exec/s: 5032 rss: 302Mb L: 76/4096 MS: 5 ChangeByte-EraseBytes-PersAutoDict-ShuffleBytes-ManualDict- DE: "%\000\000\000\000\000\000\000"-"INVALID"-
#593827	REDUCE cov: 917 ft: 4023 corp: 878/449Kb lim: 4096 exec/s: 5032 rss: 302Mb L: 382/4096 MS: 4 CopyPart-EraseBytes-InsertByte-ChangeBit-
#593943	REDUCE cov: 917 ft: 4023 corp: 878/449Kb lim: 4096 exec/s: 5033 rss: 302Mb L: 4024/4096 MS: 1 EraseBytes-
#594759	REDUCE cov: 917 ft: 4023 corp: 878/449Kb lim: 4096 exec/s: 5040 rss: 302Mb L: 29/4096 MS: 1 EraseBytes-
#595028	REDUCE cov: 917 ft: 4023 corp: 878/449Kb lim: 4096 exec/s: 5042 rss: 302Mb L: 46/4096 MS: 4 InsertByte-EraseBytes-InsertByte-InsertByte-
#595250	REDUCE cov: 917 ft: 4023 corp: 878/449Kb lim: 4096 exec/s: 5044 rss: 302Mb L: 34/4096 MS: 2 PersAutoDict-EraseBytes- DE: "\000\004"-
#595906	REDUCE cov: 917 ft: 4023 corp: 878/449Kb lim: 4096 exec/s: 5050 rss: 302Mb L: 69/4096 MS: 1 EraseBytes-
#596164	REDUCE cov: 917 ft: 4023 corp: 878/449Kb lim: 4096 exec/s: 5052 rss: 302Mb L: 12/4096 MS: 3 PersAutoDict-EraseBytes-InsertByte- DE: "\001\000\000\004"-
#596207	NEW    cov: 917 ft: 4024 corp: 879/449Kb lim: 4096 exec/s: 5052 rss: 302Mb L: 250/4096 MS: 3 CopyPart-ShuffleBytes-InsertRepeatedBytes-
#596298	REDUCE cov: 917 ft: 4024 corp: 879/449Kb lim: 4096 exec/s: 5053 rss: 302Mb L: 56/4096 MS: 1 EraseBytes-
#596439	REDUCE cov: 917 ft: 4024 corp: 879/449Kb lim: 4096 exec/s: 5054 rss: 302Mb L: 28/4096 MS: 1 EraseBytes-
#597203	REDUCE cov: 917 ft: 4024 corp: 879/449Kb lim: 4096 exec/s: 5018 rss: 302Mb L: 446/4096 MS: 4 EraseBytes-ChangeASCIIInt-CopyPart-PersAutoDict- DE: "\000\000\000\000\000\377\377\252"-
#599864	REDUCE cov: 917 ft: 4026 corp: 880/449Kb lim: 4096 exec/s: 5040 rss: 302Mb L: 25/4096 MS: 1 ChangeBinInt-
#601263	REDUCE cov: 917 ft: 4026 corp: 880/449Kb lim: 4096 exec/s: 5010 rss: 302Mb L: 160/4096 MS: 4 ManualDict-ChangeBit-ChangeBit-EraseBytes- DE: "Large Window Brotli"-
#601549	REDUCE cov: 917 ft: 4026 corp: 880/449Kb lim: 4096 exec/s: 5012 rss: 302Mb L: 12/4096 MS: 1 EraseBytes-
#601645	REDUCE cov: 917 ft: 4026 corp: 880/449Kb lim: 4096 exec/s: 5013 rss: 302Mb L: 191/4096 MS: 1 EraseBytes-
#602798	REDUCE cov: 917 ft: 4026 corp: 880/449Kb lim: 4096 exec/s: 5023 rss: 302Mb L: 182/4096 MS: 3 InsertByte-ChangeByte-EraseBytes-
#603163	REDUCE cov: 917 ft: 4026 corp: 880/449Kb lim: 4096 exec/s: 5026 rss: 302Mb L: 387/4096 MS: 5 PersAutoDict-PersAutoDict-CopyPart-InsertRepeatedBytes-EraseBytes- DE: "\001\000\000\000"-"\335\002\000\000"-
#604087	REDUCE cov: 917 ft: 4026 corp: 880/449Kb lim: 4096 exec/s: 5034 rss: 302Mb L: 466/4096 MS: 4 ChangeByte-CopyPart-ChangeBit-EraseBytes-
#604873	REDUCE cov: 917 ft: 4026 corp: 880/449Kb lim: 4096 exec/s: 5040 rss: 302Mb L: 200/4096 MS: 1 EraseBytes-
#605204	REDUCE cov: 917 ft: 4026 corp: 880/449Kb lim: 4096 exec/s: 5043 rss: 302Mb L: 10/4096 MS: 1 EraseBytes-
#605336	REDUCE cov: 917 ft: 4026 corp: 880/449Kb lim: 4096 exec/s: 5044 rss: 302Mb L: 31/4096 MS: 2 EraseBytes-ChangeBinInt-
#605353	REDUCE cov: 917 ft: 4026 corp: 880/449Kb lim: 4096 exec/s: 5044 rss: 302Mb L: 12/4096 MS: 2 PersAutoDict-EraseBytes- DE: "\001\000\024\""-
#605513	REDUCE cov: 917 ft: 4026 corp: 880/449Kb lim: 4096 exec/s: 5045 rss: 302Mb L: 2016/4096 MS: 5 ChangeASCIIInt-ManualDict-ChangeASCIIInt-ManualDict-EraseBytes- DE: " not \\3er \\3al \\4ful \\4ive \\5less \\4es"-" not \\3er \\3al \\4ful \\4ive \\5less \\4es"-
#605924	REDUCE cov: 917 ft: 4026 corp: 880/449Kb lim: 4096 exec/s: 5007 rss: 302Mb L: 13/4096 MS: 1 EraseBytes-
#606968	REDUCE cov: 917 ft: 4026 corp: 880/449Kb lim: 4096 exec/s: 5016 rss: 302Mb L: 268/4096 MS: 4 InsertByte-PersAutoDict-ChangeBinInt-EraseBytes- DE: "\354\037\000\000\000\000\000\000"-
#607167	REDUCE cov: 917 ft: 4026 corp: 880/449Kb lim: 4096 exec/s: 5017 rss: 302Mb L: 163/4096 MS: 4 ChangeBinInt-InsertByte-ChangeByte-EraseBytes-
#607964	NEW    cov: 917 ft: 4027 corp: 881/449Kb lim: 4096 exec/s: 5024 rss: 302Mb L: 73/4096 MS: 2 ChangeBit-CrossOver-
#608422	REDUCE cov: 917 ft: 4027 corp: 881/449Kb lim: 4096 exec/s: 5028 rss: 302Mb L: 855/4096 MS: 3 CopyPart-ChangeByte-EraseBytes-
#608820	REDUCE cov: 917 ft: 4027 corp: 881/449Kb lim: 4096 exec/s: 5031 rss: 302Mb L: 71/4096 MS: 3 ShuffleBytes-ManualDict-EraseBytes- DE: "[]"-
#609251	REDUCE cov: 917 ft: 4027 corp: 881/449Kb lim: 4096 exec/s: 5035 rss: 302Mb L: 14/4096 MS: 1 EraseBytes-
#610082	REDUCE cov: 917 ft: 4027 corp: 881/449Kb lim: 4096 exec/s: 5042 rss: 302Mb L: 25/4096 MS: 1 EraseBytes-
#611019	REDUCE cov: 917 ft: 4027 corp: 881/449Kb lim: 4096 exec/s: 5008 rss: 302Mb L: 20/4096 MS: 2 EraseBytes-InsertByte-
#611475	REDUCE cov: 917 ft: 4027 corp: 881/449Kb lim: 4096 exec/s: 5012 rss: 302Mb L: 36/4096 MS: 1 EraseBytes-
#611591	REDUCE cov: 917 ft: 4027 corp: 881/449Kb lim: 4096 exec/s: 5013 rss: 302Mb L: 12/4096 MS: 1 EraseBytes-
#612573	REDUCE cov: 917 ft: 4027 corp: 881/449Kb lim: 4096 exec/s: 5021 rss: 302Mb L: 27/4096 MS: 2 ChangeByte-EraseBytes-
#613109	REDUCE cov: 917 ft: 4027 corp: 881/449Kb lim: 4096 exec/s: 5025 rss: 302Mb L: 17/4096 MS: 1 EraseBytes-
#613172	REDUCE cov: 917 ft: 4027 corp: 881/449Kb lim: 4096 exec/s: 5026 rss: 302Mb L: 343/4096 MS: 3 ChangeBit-ChangeBit-EraseBytes-
#613204	REDUCE cov: 917 ft: 4027 corp: 881/448Kb lim: 4096 exec/s: 5026 rss: 302Mb L: 117/4096 MS: 2 PersAutoDict-EraseBytes- DE: "\005\000\000\000"-
#613296	REDUCE cov: 917 ft: 4027 corp: 881/448Kb lim: 4096 exec/s: 5027 rss: 302Mb L: 160/4096 MS: 2 ShuffleBytes-EraseBytes-
#613492	REDUCE cov: 917 ft: 4027 corp: 881/448Kb lim: 4096 exec/s: 5028 rss: 302Mb L: 52/4096 MS: 1 EraseBytes-
#613598	REDUCE cov: 917 ft: 4027 corp: 881/448Kb lim: 4096 exec/s: 5029 rss: 302Mb L: 565/4096 MS: 1 EraseBytes-
#613714	REDUCE cov: 917 ft: 4027 corp: 881/448Kb lim: 4096 exec/s: 5030 rss: 302Mb L: 127/4096 MS: 1 EraseBytes-
#613870	REDUCE cov: 917 ft: 4027 corp: 881/448Kb lim: 4096 exec/s: 5031 rss: 302Mb L: 44/4096 MS: 1 EraseBytes-
#614091	REDUCE cov: 917 ft: 4027 corp: 881/448Kb lim: 4096 exec/s: 5033 rss: 302Mb L: 1350/4096 MS: 1 EraseBytes-
#614892	REDUCE cov: 917 ft: 4027 corp: 881/448Kb lim: 4096 exec/s: 5040 rss: 302Mb L: 32/4096 MS: 1 EraseBytes-
#615313	REDUCE cov: 917 ft: 4027 corp: 881/448Kb lim: 4096 exec/s: 5043 rss: 302Mb L: 148/4096 MS: 1 EraseBytes-
#616215	REDUCE cov: 917 ft: 4027 corp: 881/448Kb lim: 4096 exec/s: 5009 rss: 302Mb L: 51/4096 MS: 2 InsertRepeatedBytes-EraseBytes-
#616702	REDUCE cov: 917 ft: 4027 corp: 881/448Kb lim: 4096 exec/s: 5013 rss: 302Mb L: 31/4096 MS: 2 InsertByte-EraseBytes-
#617449	REDUCE cov: 917 ft: 4027 corp: 881/448Kb lim: 4096 exec/s: 5019 rss: 302Mb L: 9/4096 MS: 2 CopyPart-EraseBytes-
#617490	REDUCE cov: 917 ft: 4027 corp: 881/448Kb lim: 4096 exec/s: 5020 rss: 302Mb L: 153/4096 MS: 1 EraseBytes-
#619066	REDUCE cov: 917 ft: 4027 corp: 881/448Kb lim: 4096 exec/s: 5033 rss: 302Mb L: 57/4096 MS: 1 EraseBytes-
#619782	REDUCE cov: 917 ft: 4027 corp: 881/448Kb lim: 4096 exec/s: 5038 rss: 302Mb L: 137/4096 MS: 1 EraseBytes-
#620771	REDUCE cov: 917 ft: 4027 corp: 881/448Kb lim: 4096 exec/s: 5046 rss: 302Mb L: 106/4096 MS: 4 ManualDict-EraseBytes-ChangeBinInt-CopyPart- DE: "Large Window Brotli"-
#621143	REDUCE cov: 917 ft: 4027 corp: 881/448Kb lim: 4096 exec/s: 5009 rss: 302Mb L: 19/4096 MS: 2 ChangeByte-EraseBytes-
#621634	REDUCE cov: 917 ft: 4027 corp: 881/448Kb lim: 4096 exec/s: 5013 rss: 302Mb L: 49/4096 MS: 1 EraseBytes-
#622761	REDUCE cov: 917 ft: 4027 corp: 881/448Kb lim: 4096 exec/s: 5022 rss: 302Mb L: 85/4096 MS: 2 ManualDict-EraseBytes- DE: "[]"-
#623965	REDUCE cov: 917 ft: 4027 corp: 881/448Kb lim: 4096 exec/s: 5031 rss: 302Mb L: 225/4096 MS: 4 ChangeByte-ChangeBinInt-CopyPart-EraseBytes-
#624061	REDUCE cov: 917 ft: 4027 corp: 881/448Kb lim: 4096 exec/s: 5032 rss: 302Mb L: 341/4096 MS: 1 EraseBytes-
#624137	REDUCE cov: 917 ft: 4027 corp: 881/448Kb lim: 4096 exec/s: 5033 rss: 302Mb L: 11/4096 MS: 1 EraseBytes-
#624223	REDUCE cov: 917 ft: 4027 corp: 881/448Kb lim: 4096 exec/s: 5034 rss: 302Mb L: 9/4096 MS: 1 EraseBytes-
#625742	REDUCE cov: 917 ft: 4027 corp: 881/448Kb lim: 4096 exec/s: 5046 rss: 302Mb L: 101/4096 MS: 4 PersAutoDict-CrossOver-InsertRepeatedBytes-EraseBytes- DE: "\377\003\000\000"-
#625873	REDUCE cov: 917 ft: 4027 corp: 881/448Kb lim: 4096 exec/s: 5006 rss: 302Mb L: 69/4096 MS: 1 EraseBytes-
#625929	REDUCE cov: 917 ft: 4027 corp: 881/448Kb lim: 4096 exec/s: 5007 rss: 302Mb L: 144/4096 MS: 1 EraseBytes-
#625955	REDUCE cov: 917 ft: 4027 corp: 881/448Kb lim: 4096 exec/s: 5007 rss: 302Mb L: 189/4096 MS: 1 EraseBytes-
#626206	REDUCE cov: 917 ft: 4027 corp: 881/448Kb lim: 4096 exec/s: 5009 rss: 302Mb L: 557/4096 MS: 1 EraseBytes-
#629062	REDUCE cov: 917 ft: 4027 corp: 881/448Kb lim: 4096 exec/s: 5032 rss: 302Mb L: 11/4096 MS: 1 EraseBytes-
#629824	REDUCE cov: 917 ft: 4027 corp: 881/448Kb lim: 4096 exec/s: 5038 rss: 302Mb L: 22/4096 MS: 2 ChangeByte-EraseBytes-
#630378	REDUCE cov: 917 ft: 4028 corp: 882/452Kb lim: 4096 exec/s: 5043 rss: 302Mb L: 3624/4096 MS: 4 InsertRepeatedBytes-CrossOver-InsertByte-PersAutoDict- DE: "t \\4ize \\2\\xc2\\xa0\\4ous \\5 the \\2e "-
#631909	REDUCE cov: 917 ft: 4055 corp: 883/452Kb lim: 4096 exec/s: 5015 rss: 302Mb L: 61/4096 MS: 1 CopyPart-
#632123	REDUCE cov: 917 ft: 4060 corp: 884/454Kb lim: 4096 exec/s: 5016 rss: 302Mb L: 2372/4096 MS: 4 ChangeBit-CrossOver-ChangeByte-CrossOver-
#632131	REDUCE cov: 917 ft: 4060 corp: 884/454Kb lim: 4096 exec/s: 5016 rss: 302Mb L: 11/4096 MS: 3 CopyPart-InsertByte-EraseBytes-
#632314	REDUCE cov: 917 ft: 4060 corp: 884/454Kb lim: 4096 exec/s: 5018 rss: 302Mb L: 35/4096 MS: 3 ChangeBit-EraseBytes-ChangeBinInt-
#632678	REDUCE cov: 917 ft: 4060 corp: 884/452Kb lim: 4096 exec/s: 5021 rss: 302Mb L: 192/4096 MS: 4 ChangeBinInt-ManualDict-InsertByte-CrossOver- DE: "Regular"-
#632926	REDUCE cov: 917 ft: 4060 corp: 884/452Kb lim: 4096 exec/s: 5023 rss: 302Mb L: 133/4096 MS: 3 CrossOver-EraseBytes-CrossOver-
#633397	REDUCE cov: 917 ft: 4060 corp: 884/452Kb lim: 4096 exec/s: 5026 rss: 302Mb L: 1804/4096 MS: 1 EraseBytes-
#633747	REDUCE cov: 917 ft: 4060 corp: 884/452Kb lim: 4096 exec/s: 5029 rss: 302Mb L: 44/4096 MS: 5 CrossOver-ChangeASCIIInt-EraseBytes-ChangeByte-EraseBytes-
#634398	NEW    cov: 917 ft: 4062 corp: 885/452Kb lim: 4096 exec/s: 5034 rss: 302Mb L: 40/4096 MS: 1 ChangeBinInt-
#634570	REDUCE cov: 917 ft: 4062 corp: 885/452Kb lim: 4096 exec/s: 5036 rss: 302Mb L: 54/4096 MS: 2 ChangeASCIIInt-EraseBytes-
#634627	REDUCE cov: 917 ft: 4062 corp: 885/452Kb lim: 4096 exec/s: 5036 rss: 302Mb L: 53/4096 MS: 2 EraseBytes-ChangeBinInt-
#635640	REDUCE cov: 917 ft: 4062 corp: 885/452Kb lim: 4096 exec/s: 5005 rss: 302Mb L: 145/4096 MS: 3 ManualDict-ShuffleBytes-EraseBytes- DE: " not \\3er \\3al \\4ful \\4ive \\5less \\4es"-
#635726	REDUCE cov: 917 ft: 4062 corp: 885/452Kb lim: 4096 exec/s: 5005 rss: 302Mb L: 432/4096 MS: 1 EraseBytes-
#636017	REDUCE cov: 917 ft: 4062 corp: 885/452Kb lim: 4096 exec/s: 5008 rss: 302Mb L: 27/4096 MS: 1 EraseBytes-
#636714	REDUCE cov: 917 ft: 4062 corp: 885/452Kb lim: 4096 exec/s: 5013 rss: 302Mb L: 9/4096 MS: 2 ChangeBinInt-EraseBytes-
#637831	REDUCE cov: 917 ft: 4062 corp: 885/452Kb lim: 4096 exec/s: 5022 rss: 302Mb L: 122/4096 MS: 2 ShuffleBytes-EraseBytes-
#638203	REDUCE cov: 917 ft: 4062 corp: 885/452Kb lim: 4096 exec/s: 5025 rss: 302Mb L: 183/4096 MS: 2 ChangeByte-EraseBytes-
#638245	REDUCE cov: 917 ft: 4062 corp: 885/452Kb lim: 4096 exec/s: 5025 rss: 302Mb L: 44/4096 MS: 2 ChangeBit-EraseBytes-
#638303	REDUCE cov: 917 ft: 4062 corp: 885/452Kb lim: 4096 exec/s: 5026 rss: 302Mb L: 824/4096 MS: 3 CMP-CopyPart-EraseBytes- DE: "\000\000\000\000\000\000\000\000"-
#639959	REDUCE cov: 917 ft: 4062 corp: 885/452Kb lim: 4096 exec/s: 5039 rss: 302Mb L: 568/4096 MS: 1 EraseBytes-
#640860	NEW    cov: 917 ft: 4066 corp: 886/454Kb lim: 4096 exec/s: 5006 rss: 302Mb L: 2493/4096 MS: 1 InsertRepeatedBytes-
#641407	REDUCE cov: 917 ft: 4066 corp: 886/454Kb lim: 4096 exec/s: 5010 rss: 302Mb L: 29/4096 MS: 2 PersAutoDict-EraseBytes- DE: "\001\000\000\000"-
#641464	REDUCE cov: 917 ft: 4066 corp: 886/454Kb lim: 4096 exec/s: 5011 rss: 302Mb L: 19/4096 MS: 2 ChangeByte-EraseBytes-
#641495	REDUCE cov: 917 ft: 4066 corp: 886/454Kb lim: 4096 exec/s: 5011 rss: 302Mb L: 47/4096 MS: 1 EraseBytes-
#641717	REDUCE cov: 917 ft: 4066 corp: 886/454Kb lim: 4096 exec/s: 5013 rss: 302Mb L: 63/4096 MS: 2 InsertByte-EraseBytes-
#642846	NEW    cov: 917 ft: 4067 corp: 887/455Kb lim: 4096 exec/s: 5022 rss: 302Mb L: 214/4096 MS: 4 CrossOver-ManualDict-CrossOver-PersAutoDict- DE: "t \\4ize \\2\\xc2\\xa0\\4ous \\5 the \\2e "-"t \\4ize \\2\\xc2\\xa0\\4ous \\5 the \\2e "-
#643302	REDUCE cov: 917 ft: 4067 corp: 887/455Kb lim: 4096 exec/s: 5025 rss: 302Mb L: 47/4096 MS: 1 EraseBytes-
#643553	REDUCE cov: 917 ft: 4067 corp: 887/454Kb lim: 4096 exec/s: 5027 rss: 302Mb L: 157/4096 MS: 1 EraseBytes-
#643880	NEW    cov: 917 ft: 4069 corp: 888/457Kb lim: 4096 exec/s: 5030 rss: 302Mb L: 2532/4096 MS: 2 ManualDict-ChangeASCIIInt- DE: "that \\1\\'\\6 with \\6 from \\4 by \\1(\\6. T"-
#644932	REDUCE cov: 917 ft: 4069 corp: 888/457Kb lim: 4096 exec/s: 5038 rss: 302Mb L: 309/4096 MS: 2 EraseBytes-ManualDict- DE: "needs more output"-
#645513	REDUCE cov: 917 ft: 4069 corp: 888/457Kb lim: 4096 exec/s: 5043 rss: 302Mb L: 212/4096 MS: 1 EraseBytes-
#647009	REDUCE cov: 917 ft: 4069 corp: 888/457Kb lim: 4096 exec/s: 5015 rss: 302Mb L: 11/4096 MS: 1 EraseBytes-
#647500	REDUCE cov: 917 ft: 4069 corp: 888/457Kb lim: 4096 exec/s: 5019 rss: 302Mb L: 2074/4096 MS: 1 EraseBytes-
#648205	REDUCE cov: 917 ft: 4069 corp: 888/456Kb lim: 4096 exec/s: 5024 rss: 302Mb L: 2977/4096 MS: 5 ChangeASCIIInt-ShuffleBytes-ShuffleBytes-PersAutoDict-EraseBytes- DE: "\004\000\000\000\000\000\000\000"-
#648961	REDUCE cov: 917 ft: 4069 corp: 888/456Kb lim: 4096 exec/s: 5030 rss: 302Mb L: 46/4096 MS: 1 EraseBytes-
#649748	REDUCE cov: 917 ft: 4069 corp: 888/456Kb lim: 4096 exec/s: 5036 rss: 302Mb L: 59/4096 MS: 2 ManualDict-EraseBytes- DE: "Regular"-
#649946	REDUCE cov: 917 ft: 4069 corp: 888/456Kb lim: 4096 exec/s: 5038 rss: 302Mb L: 15/4096 MS: 3 ShuffleBytes-ChangeByte-EraseBytes-
#651418	REDUCE cov: 917 ft: 4069 corp: 888/456Kb lim: 4096 exec/s: 5010 rss: 302Mb L: 140/4096 MS: 2 InsertRepeatedBytes-EraseBytes-
#652408	REDUCE cov: 917 ft: 4069 corp: 888/456Kb lim: 4096 exec/s: 5018 rss: 302Mb L: 84/4096 MS: 5 EraseBytes-ChangeBit-ChangeBit-CMP-EraseBytes- DE: "\020\000\000\000\000\000\000\000"-
#652455	REDUCE cov: 917 ft: 4069 corp: 888/456Kb lim: 4096 exec/s: 5018 rss: 302Mb L: 69/4096 MS: 2 ChangeByte-EraseBytes-
#653528	REDUCE cov: 917 ft: 4069 corp: 888/456Kb lim: 4096 exec/s: 5027 rss: 302Mb L: 2222/4096 MS: 3 PersAutoDict-ChangeBit-EraseBytes- DE: "\377\377\377\377\377\377\377\377"-
#653638	REDUCE cov: 917 ft: 4069 corp: 888/456Kb lim: 4096 exec/s: 5027 rss: 302Mb L: 47/4096 MS: 5 PersAutoDict-PersAutoDict-CrossOver-CopyPart-EraseBytes- DE: "\001\000"-"+\316\000\000"-
#654239	REDUCE cov: 917 ft: 4069 corp: 888/456Kb lim: 4096 exec/s: 5032 rss: 302Mb L: 31/4096 MS: 1 EraseBytes-
#654995	REDUCE cov: 917 ft: 4069 corp: 888/456Kb lim: 4096 exec/s: 5038 rss: 302Mb L: 23/4096 MS: 1 EraseBytes-
#655591	REDUCE cov: 917 ft: 4069 corp: 888/456Kb lim: 4096 exec/s: 5043 rss: 302Mb L: 719/4096 MS: 1 EraseBytes-
#655928	REDUCE cov: 917 ft: 4069 corp: 888/456Kb lim: 4096 exec/s: 5007 rss: 302Mb L: 72/4096 MS: 2 InsertByte-EraseBytes-
#656174	REDUCE cov: 917 ft: 4069 corp: 888/456Kb lim: 4096 exec/s: 5008 rss: 302Mb L: 675/4096 MS: 1 EraseBytes-
#657385	REDUCE cov: 917 ft: 4069 corp: 888/456Kb lim: 4096 exec/s: 5018 rss: 302Mb L: 34/4096 MS: 1 EraseBytes-
#657961	REDUCE cov: 917 ft: 4069 corp: 888/456Kb lim: 4096 exec/s: 5022 rss: 302Mb L: 72/4096 MS: 1 EraseBytes-
#658287	REDUCE cov: 917 ft: 4069 corp: 888/456Kb lim: 4096 exec/s: 5025 rss: 302Mb L: 17/4096 MS: 1 EraseBytes-
#658668	REDUCE cov: 917 ft: 4069 corp: 888/456Kb lim: 4096 exec/s: 5028 rss: 302Mb L: 418/4096 MS: 1 EraseBytes-
#659279	REDUCE cov: 917 ft: 4069 corp: 888/456Kb lim: 4096 exec/s: 5032 rss: 302Mb L: 14/4096 MS: 1 EraseBytes-
#661475	REDUCE cov: 917 ft: 4069 corp: 888/456Kb lim: 4096 exec/s: 5011 rss: 302Mb L: 22/4096 MS: 1 EraseBytes-
#662791	REDUCE cov: 917 ft: 4069 corp: 888/456Kb lim: 4096 exec/s: 5021 rss: 302Mb L: 209/4096 MS: 1 EraseBytes-
#663102	REDUCE cov: 917 ft: 4069 corp: 888/456Kb lim: 4096 exec/s: 5023 rss: 302Mb L: 13/4096 MS: 1 EraseBytes-
#663424	REDUCE cov: 917 ft: 4069 corp: 888/456Kb lim: 4096 exec/s: 5025 rss: 302Mb L: 24/4096 MS: 2 CopyPart-EraseBytes-
#664455	REDUCE cov: 917 ft: 4069 corp: 888/456Kb lim: 4096 exec/s: 5033 rss: 302Mb L: 81/4096 MS: 1 EraseBytes-
#664796	REDUCE cov: 917 ft: 4069 corp: 888/456Kb lim: 4096 exec/s: 5036 rss: 302Mb L: 52/4096 MS: 1 EraseBytes-
#665012	REDUCE cov: 917 ft: 4069 corp: 888/456Kb lim: 4096 exec/s: 5037 rss: 302Mb L: 669/4096 MS: 1 EraseBytes-
#665565	REDUCE cov: 917 ft: 4069 corp: 888/456Kb lim: 4096 exec/s: 5042 rss: 302Mb L: 38/4096 MS: 3 ChangeASCIIInt-CrossOver-EraseBytes-
#665591	REDUCE cov: 917 ft: 4069 corp: 888/456Kb lim: 4096 exec/s: 5042 rss: 302Mb L: 21/4096 MS: 1 EraseBytes-
#665832	REDUCE cov: 917 ft: 4069 corp: 888/456Kb lim: 4096 exec/s: 5006 rss: 302Mb L: 45/4096 MS: 1 EraseBytes-
#669868	REDUCE cov: 917 ft: 4069 corp: 888/456Kb lim: 4096 exec/s: 5036 rss: 302Mb L: 703/4096 MS: 1 CrossOver-
#669920	REDUCE cov: 917 ft: 4069 corp: 888/456Kb lim: 4096 exec/s: 5036 rss: 302Mb L: 2336/4096 MS: 2 ChangeBit-EraseBytes-
#670401	REDUCE cov: 917 ft: 4069 corp: 888/456Kb lim: 4096 exec/s: 5040 rss: 302Mb L: 146/4096 MS: 1 EraseBytes-
#671117	REDUCE cov: 917 ft: 4069 corp: 888/456Kb lim: 4096 exec/s: 5008 rss: 302Mb L: 137/4096 MS: 1 EraseBytes-
#671527	REDUCE cov: 917 ft: 4069 corp: 888/455Kb lim: 4096 exec/s: 5011 rss: 302Mb L: 2632/4096 MS: 5 InsertRepeatedBytes-ChangeBit-InsertRepeatedBytes-PersAutoDict-EraseBytes- DE: "\001\000\003\372"-
#671604	REDUCE cov: 917 ft: 4069 corp: 888/455Kb lim: 4096 exec/s: 5011 rss: 302Mb L: 38/4096 MS: 2 InsertByte-EraseBytes-
#671749	REDUCE cov: 917 ft: 4069 corp: 888/455Kb lim: 4096 exec/s: 5013 rss: 302Mb L: 127/4096 MS: 5 CMP-ManualDict-ChangeByte-ManualDict-EraseBytes- DE: "\015\000"-"[ProcessCommandsInternal] dictionary word: [%.*s],"-"needs more output"-
#672415	REDUCE cov: 917 ft: 4069 corp: 888/455Kb lim: 4096 exec/s: 5018 rss: 302Mb L: 11/4096 MS: 1 EraseBytes-
#672713	REDUCE cov: 917 ft: 4070 corp: 889/458Kb lim: 4096 exec/s: 5020 rss: 302Mb L: 3242/4096 MS: 3 CopyPart-CrossOver-CrossOver-
#673122	REDUCE cov: 917 ft: 4070 corp: 889/458Kb lim: 4096 exec/s: 5023 rss: 302Mb L: 12/4096 MS: 4 ChangeBinInt-ChangeByte-EraseBytes-CopyPart-
#673988	REDUCE cov: 917 ft: 4070 corp: 889/458Kb lim: 4096 exec/s: 5029 rss: 302Mb L: 32/4096 MS: 1 EraseBytes-
#674110	REDUCE cov: 917 ft: 4070 corp: 889/458Kb lim: 4096 exec/s: 5030 rss: 302Mb L: 93/4096 MS: 2 InsertByte-EraseBytes-
#674189	REDUCE cov: 917 ft: 4070 corp: 889/458Kb lim: 4096 exec/s: 5031 rss: 302Mb L: 151/4096 MS: 4 CrossOver-CMP-ChangeASCIIInt-EraseBytes- DE: "\213\000\000\000"-
#674345	REDUCE cov: 917 ft: 4072 corp: 890/458Kb lim: 4096 exec/s: 5032 rss: 302Mb L: 74/4096 MS: 1 EraseBytes-
#675476	REDUCE cov: 917 ft: 4072 corp: 890/458Kb lim: 4096 exec/s: 5040 rss: 302Mb L: 450/4096 MS: 1 EraseBytes-
#676153	REDUCE cov: 917 ft: 4072 corp: 890/458Kb lim: 4096 exec/s: 5008 rss: 302Mb L: 45/4096 MS: 2 CrossOver-EraseBytes-
#676605	REDUCE cov: 917 ft: 4072 corp: 890/458Kb lim: 4096 exec/s: 5011 rss: 302Mb L: 108/4096 MS: 2 ChangeBit-EraseBytes-
#677140	REDUCE cov: 917 ft: 4072 corp: 890/458Kb lim: 4096 exec/s: 5015 rss: 302Mb L: 3305/4096 MS: 5 ChangeBit-ShuffleBytes-ManualDict-ShuffleBytes-EraseBytes- DE: " not \\3er \\3al \\4ful \\4ive \\5less \\4es"-
#677303	REDUCE cov: 917 ft: 4072 corp: 890/458Kb lim: 4096 exec/s: 5017 rss: 302Mb L: 24/4096 MS: 3 EraseBytes-ShuffleBytes-EraseBytes-
#677630	REDUCE cov: 917 ft: 4072 corp: 890/458Kb lim: 4096 exec/s: 5019 rss: 302Mb L: 5/4096 MS: 2 ChangeBinInt-EraseBytes-
#679271	REDUCE cov: 917 ft: 4072 corp: 890/457Kb lim: 4096 exec/s: 5031 rss: 302Mb L: 1356/4096 MS: 1 EraseBytes-
#679463	REDUCE cov: 917 ft: 4072 corp: 890/457Kb lim: 4096 exec/s: 5033 rss: 302Mb L: 1471/4096 MS: 2 EraseBytes-InsertByte-
#680412	REDUCE cov: 917 ft: 4073 corp: 891/459Kb lim: 4096 exec/s: 5040 rss: 302Mb L: 2184/4096 MS: 4 InsertRepeatedBytes-InsertRepeatedBytes-ShuffleBytes-EraseBytes-
#680747	REDUCE cov: 917 ft: 4073 corp: 891/459Kb lim: 4096 exec/s: 5042 rss: 302Mb L: 2138/4096 MS: 5 ChangeBit-ChangeBinInt-PersAutoDict-ManualDict-EraseBytes- DE: "\005\000\000\000\000\000\000\000"-"Regular"-
#681928	REDUCE cov: 917 ft: 4073 corp: 891/459Kb lim: 4096 exec/s: 5014 rss: 302Mb L: 700/4096 MS: 1 EraseBytes-
#682539	REDUCE cov: 917 ft: 4073 corp: 891/459Kb lim: 4096 exec/s: 5018 rss: 302Mb L: 63/4096 MS: 1 EraseBytes-
#682810	REDUCE cov: 917 ft: 4073 corp: 891/459Kb lim: 4096 exec/s: 5020 rss: 302Mb L: 117/4096 MS: 1 EraseBytes-
#682856	REDUCE cov: 917 ft: 4073 corp: 891/459Kb lim: 4096 exec/s: 5021 rss: 302Mb L: 150/4096 MS: 1 EraseBytes-
#682909	REDUCE cov: 917 ft: 4073 corp: 891/459Kb lim: 4096 exec/s: 5021 rss: 302Mb L: 108/4096 MS: 3 ShuffleBytes-CMP-EraseBytes- DE: "\000\222\345x"-
#683086	REDUCE cov: 917 ft: 4073 corp: 891/459Kb lim: 4096 exec/s: 5022 rss: 302Mb L: 38/4096 MS: 2 ChangeBit-EraseBytes-
#683672	REDUCE cov: 917 ft: 4073 corp: 891/458Kb lim: 4096 exec/s: 5027 rss: 302Mb L: 2098/4096 MS: 1 EraseBytes-
#683809	REDUCE cov: 917 ft: 4073 corp: 891/458Kb lim: 4096 exec/s: 5028 rss: 302Mb L: 13/4096 MS: 2 ChangeBit-EraseBytes-
#684940	REDUCE cov: 917 ft: 4073 corp: 891/458Kb lim: 4096 exec/s: 5036 rss: 302Mb L: 186/4096 MS: 1 EraseBytes-
#685228	REDUCE cov: 917 ft: 4073 corp: 891/458Kb lim: 4096 exec/s: 5038 rss: 302Mb L: 1935/4096 MS: 3 EraseBytes-ChangeBit-ManualDict- DE: "[ProcessCommandsInternal] dictionary word: [%.*s],"-
#686707	REDUCE cov: 917 ft: 4073 corp: 891/458Kb lim: 4096 exec/s: 5012 rss: 302Mb L: 1403/4096 MS: 4 InsertRepeatedBytes-ChangeBinInt-ManualDict-EraseBytes- DE: " not \\3er \\3al \\4ful \\4ive \\5less \\4es"-
#686720	REDUCE cov: 917 ft: 4073 corp: 891/458Kb lim: 4096 exec/s: 5012 rss: 302Mb L: 265/4096 MS: 3 InsertRepeatedBytes-ChangeByte-EraseBytes-
#687561	REDUCE cov: 917 ft: 4073 corp: 891/458Kb lim: 4096 exec/s: 5018 rss: 302Mb L: 6/4096 MS: 1 EraseBytes-
#688117	REDUCE cov: 917 ft: 4073 corp: 891/458Kb lim: 4096 exec/s: 5022 rss: 302Mb L: 63/4096 MS: 1 EraseBytes-
#688563	REDUCE cov: 917 ft: 4073 corp: 891/458Kb lim: 4096 exec/s: 5026 rss: 302Mb L: 136/4096 MS: 1 EraseBytes-
#688569	REDUCE cov: 917 ft: 4073 corp: 891/458Kb lim: 4096 exec/s: 5026 rss: 302Mb L: 2188/4096 MS: 1 EraseBytes-
#688673	REDUCE cov: 917 ft: 4073 corp: 891/458Kb lim: 4096 exec/s: 5026 rss: 302Mb L: 115/4096 MS: 4 ChangeBit-PersAutoDict-ChangeBit-EraseBytes- DE: "A\000\000\000\000\000\000\000"-
#688679	REDUCE cov: 917 ft: 4073 corp: 891/458Kb lim: 4096 exec/s: 5026 rss: 302Mb L: 10/4096 MS: 1 EraseBytes-
#689096	REDUCE cov: 917 ft: 4073 corp: 891/458Kb lim: 4096 exec/s: 5029 rss: 302Mb L: 40/4096 MS: 2 ChangeBit-EraseBytes-
#689253	REDUCE cov: 917 ft: 4073 corp: 891/458Kb lim: 4096 exec/s: 5031 rss: 302Mb L: 13/4096 MS: 2 ChangeByte-EraseBytes-
#689578	REDUCE cov: 917 ft: 4073 corp: 891/458Kb lim: 4096 exec/s: 5033 rss: 302Mb L: 136/4096 MS: 5 ChangeBit-EraseBytes-ChangeBinInt-ManualDict-CrossOver- DE: "t \\4ize \\2\\xc2\\xa0\\4ous \\5 the \\2e "-
#689716	REDUCE cov: 917 ft: 4073 corp: 891/458Kb lim: 4096 exec/s: 5034 rss: 302Mb L: 11/4096 MS: 3 ChangeByte-ShuffleBytes-EraseBytes-
#689717	REDUCE cov: 917 ft: 4073 corp: 891/458Kb lim: 4096 exec/s: 5034 rss: 302Mb L: 100/4096 MS: 1 EraseBytes-
#690848	REDUCE cov: 917 ft: 4073 corp: 891/458Kb lim: 4096 exec/s: 5042 rss: 302Mb L: 150/4096 MS: 1 EraseBytes-
#690902	REDUCE cov: 917 ft: 4074 corp: 892/458Kb lim: 4096 exec/s: 5043 rss: 302Mb L: 81/4096 MS: 4 ChangeBit-ChangeBinInt-ShuffleBytes-ChangeByte-
#691084	REDUCE cov: 917 ft: 4074 corp: 892/458Kb lim: 4096 exec/s: 5044 rss: 302Mb L: 29/4096 MS: 2 CMP-EraseBytes- DE: "\337\377\377\377\377\377\377\377"-
#691186	REDUCE cov: 917 ft: 4074 corp: 892/458Kb lim: 4096 exec/s: 5045 rss: 302Mb L: 81/4096 MS: 2 ChangeASCIIInt-EraseBytes-
#691452	REDUCE cov: 917 ft: 4074 corp: 892/458Kb lim: 4096 exec/s: 5010 rss: 302Mb L: 8/4096 MS: 1 EraseBytes-
#692328	REDUCE cov: 917 ft: 4074 corp: 892/458Kb lim: 4096 exec/s: 5016 rss: 302Mb L: 93/4096 MS: 1 EraseBytes-
#692571	REDUCE cov: 917 ft: 4074 corp: 892/458Kb lim: 4096 exec/s: 5018 rss: 302Mb L: 78/4096 MS: 3 CMP-EraseBytes-InsertByte- DE: "\001\000\000\000\000\000\000@"-
#695292	NEW    cov: 917 ft: 4075 corp: 893/458Kb lim: 4096 exec/s: 5038 rss: 302Mb L: 81/4096 MS: 1 ChangeBinInt-
#695618	REDUCE cov: 917 ft: 4075 corp: 893/458Kb lim: 4096 exec/s: 5040 rss: 302Mb L: 60/4096 MS: 1 EraseBytes-
#696430	REDUCE cov: 917 ft: 4075 corp: 893/458Kb lim: 4096 exec/s: 5010 rss: 302Mb L: 14/4096 MS: 2 ChangeByte-EraseBytes-
#696461	REDUCE cov: 917 ft: 4076 corp: 894/460Kb lim: 4096 exec/s: 5010 rss: 302Mb L: 2117/4096 MS: 1 CrossOver-
#696980	REDUCE cov: 917 ft: 4076 corp: 894/460Kb lim: 4096 exec/s: 5014 rss: 302Mb L: 55/4096 MS: 4 ChangeByte-ChangeASCIIInt-ShuffleBytes-EraseBytes-
#698861	REDUCE cov: 917 ft: 4078 corp: 895/460Kb lim: 4096 exec/s: 5027 rss: 302Mb L: 128/4096 MS: 1 InsertByte-
#699219	NEW    cov: 917 ft: 4079 corp: 896/460Kb lim: 4096 exec/s: 5030 rss: 302Mb L: 138/4096 MS: 3 ShuffleBytes-ChangeBit-InsertRepeatedBytes-
#699258	REDUCE cov: 917 ft: 4079 corp: 896/460Kb lim: 4096 exec/s: 5030 rss: 302Mb L: 641/4096 MS: 4 ManualDict-PersAutoDict-InsertRepeatedBytes-EraseBytes- DE: "needs more output"-"\377\377\377\000"-
#699324	REDUCE cov: 917 ft: 4079 corp: 896/460Kb lim: 4096 exec/s: 5031 rss: 302Mb L: 2198/4096 MS: 1 EraseBytes-
#699515	REDUCE cov: 917 ft: 4079 corp: 896/459Kb lim: 4096 exec/s: 5032 rss: 302Mb L: 316/4096 MS: 1 EraseBytes-
#699918	NEW    cov: 917 ft: 4080 corp: 897/459Kb lim: 4096 exec/s: 5035 rss: 302Mb L: 81/4096 MS: 3 ShuffleBytes-ChangeByte-CopyPart-
#699934	REDUCE cov: 917 ft: 4080 corp: 897/459Kb lim: 4096 exec/s: 5035 rss: 302Mb L: 127/4096 MS: 1 EraseBytes-
#700206	REDUCE cov: 917 ft: 4080 corp: 897/459Kb lim: 4096 exec/s: 5037 rss: 302Mb L: 219/4096 MS: 2 EraseBytes-CMP- DE: "\377\377\377\377\377\376\377u"-
#700512	REDUCE cov: 917 ft: 4080 corp: 897/459Kb lim: 4096 exec/s: 5039 rss: 302Mb L: 203/4096 MS: 1 EraseBytes-
#700699	REDUCE cov: 917 ft: 4080 corp: 897/459Kb lim: 4096 exec/s: 5041 rss: 302Mb L: 49/4096 MS: 2 ChangeByte-EraseBytes-
#701425	REDUCE cov: 917 ft: 4080 corp: 897/459Kb lim: 4096 exec/s: 5010 rss: 302Mb L: 8/4096 MS: 1 EraseBytes-
#701796	REDUCE cov: 917 ft: 4080 corp: 897/459Kb lim: 4096 exec/s: 5012 rss: 302Mb L: 107/4096 MS: 1 EraseBytes-
#703157	REDUCE cov: 917 ft: 4080 corp: 897/459Kb lim: 4096 exec/s: 5022 rss: 302Mb L: 27/4096 MS: 1 EraseBytes-
#703244	REDUCE cov: 917 ft: 4080 corp: 897/459Kb lim: 4096 exec/s: 5023 rss: 302Mb L: 13/4096 MS: 2 ChangeByte-EraseBytes-
#703291	REDUCE cov: 917 ft: 4080 corp: 897/459Kb lim: 4096 exec/s: 5023 rss: 302Mb L: 168/4096 MS: 2 ChangeBit-EraseBytes-
#703707	REDUCE cov: 917 ft: 4080 corp: 897/459Kb lim: 4096 exec/s: 5026 rss: 302Mb L: 242/4096 MS: 1 EraseBytes-
#705294	REDUCE cov: 917 ft: 4080 corp: 897/459Kb lim: 4096 exec/s: 5037 rss: 302Mb L: 1334/4096 MS: 2 ChangeBit-EraseBytes-
#705899	REDUCE cov: 917 ft: 4081 corp: 898/462Kb lim: 4096 exec/s: 5006 rss: 302Mb L: 3324/4096 MS: 5 InsertRepeatedBytes-ChangeByte-CopyPart-EraseBytes-InsertByte-
#705965	NEW    cov: 917 ft: 4082 corp: 899/464Kb lim: 4096 exec/s: 5006 rss: 302Mb L: 2222/4096 MS: 1 PersAutoDict- DE: " not \\3er \\3al \\4ful \\4ive \\5less \\4es"-
#706443	REDUCE cov: 917 ft: 4082 corp: 899/464Kb lim: 4096 exec/s: 5010 rss: 302Mb L: 57/4096 MS: 3 ShuffleBytes-ManualDict-EraseBytes- DE: "Regular"-
#706610	REDUCE cov: 917 ft: 4082 corp: 899/464Kb lim: 4096 exec/s: 5011 rss: 302Mb L: 55/4096 MS: 2 InsertByte-EraseBytes-
#707968	REDUCE cov: 917 ft: 4082 corp: 899/464Kb lim: 4096 exec/s: 5021 rss: 302Mb L: 184/4096 MS: 3 ChangeByte-ShuffleBytes-EraseBytes-
#708259	REDUCE cov: 917 ft: 4082 corp: 899/464Kb lim: 4096 exec/s: 5023 rss: 302Mb L: 44/4096 MS: 1 EraseBytes-
#708421	REDUCE cov: 917 ft: 4082 corp: 899/463Kb lim: 4096 exec/s: 5024 rss: 302Mb L: 2663/4096 MS: 2 EraseBytes-CopyPart-
#708764	REDUCE cov: 917 ft: 4082 corp: 899/463Kb lim: 4096 exec/s: 5026 rss: 302Mb L: 134/4096 MS: 3 ChangeBit-EraseBytes-ManualDict- DE: " not \\3er \\3al \\4ful \\4ive \\5less \\4es"-
#708804	REDUCE cov: 917 ft: 4082 corp: 899/463Kb lim: 4096 exec/s: 5026 rss: 302Mb L: 598/4096 MS: 5 CopyPart-CMP-ChangeBit-ChangeBit-EraseBytes- DE: "\000\012"-
#709261	REDUCE cov: 917 ft: 4082 corp: 899/463Kb lim: 4096 exec/s: 5030 rss: 302Mb L: 41/4096 MS: 2 ChangeBinInt-EraseBytes-
#709317	REDUCE cov: 917 ft: 4082 corp: 899/463Kb lim: 4096 exec/s: 5030 rss: 302Mb L: 121/4096 MS: 1 EraseBytes-
#709388	REDUCE cov: 917 ft: 4083 corp: 900/463Kb lim: 4096 exec/s: 5031 rss: 302Mb L: 73/4096 MS: 1 EraseBytes-
#709455	REDUCE cov: 917 ft: 4083 corp: 900/463Kb lim: 4096 exec/s: 5031 rss: 302Mb L: 7/4096 MS: 2 ChangeByte-EraseBytes-
#709882	REDUCE cov: 917 ft: 4083 corp: 900/463Kb lim: 4096 exec/s: 5034 rss: 302Mb L: 1775/4096 MS: 2 ManualDict-EraseBytes- DE: "needs more output"-
#710473	REDUCE cov: 917 ft: 4083 corp: 900/463Kb lim: 4096 exec/s: 5003 rss: 302Mb L: 373/4096 MS: 1 EraseBytes-
#712834	REDUCE cov: 917 ft: 4083 corp: 900/463Kb lim: 4096 exec/s: 5019 rss: 302Mb L: 35/4096 MS: 1 EraseBytes-
#714450	REDUCE cov: 917 ft: 4083 corp: 900/463Kb lim: 4096 exec/s: 5031 rss: 302Mb L: 23/4096 MS: 1 EraseBytes-
#715456	REDUCE cov: 917 ft: 4083 corp: 900/463Kb lim: 4096 exec/s: 5003 rss: 302Mb L: 1255/4096 MS: 1 EraseBytes-
#715918	REDUCE cov: 917 ft: 4083 corp: 900/463Kb lim: 4096 exec/s: 5006 rss: 302Mb L: 52/4096 MS: 2 ChangeByte-EraseBytes-
#716444	REDUCE cov: 917 ft: 4083 corp: 900/463Kb lim: 4096 exec/s: 5010 rss: 302Mb L: 1325/4096 MS: 1 EraseBytes-
#717390	REDUCE cov: 917 ft: 4083 corp: 900/463Kb lim: 4096 exec/s: 5016 rss: 302Mb L: 29/4096 MS: 1 EraseBytes-
#718193	REDUCE cov: 917 ft: 4083 corp: 900/461Kb lim: 4096 exec/s: 5022 rss: 302Mb L: 1894/4096 MS: 3 EraseBytes-InsertRepeatedBytes-EraseBytes-
#718324	REDUCE cov: 917 ft: 4083 corp: 900/461Kb lim: 4096 exec/s: 5023 rss: 302Mb L: 43/4096 MS: 1 EraseBytes-
#719978	REDUCE cov: 917 ft: 4083 corp: 900/460Kb lim: 4096 exec/s: 5034 rss: 302Mb L: 2191/4096 MS: 4 EraseBytes-CMP-InsertByte-EraseBytes- DE: "\001\000\000\000\000\000\000\000"-
#720784	REDUCE cov: 917 ft: 4083 corp: 900/460Kb lim: 4096 exec/s: 5040 rss: 302Mb L: 193/4096 MS: 1 EraseBytes-
#721375	REDUCE cov: 917 ft: 4083 corp: 900/460Kb lim: 4096 exec/s: 5009 rss: 302Mb L: 72/4096 MS: 1 EraseBytes-
#723827	REDUCE cov: 917 ft: 4083 corp: 900/460Kb lim: 4096 exec/s: 5026 rss: 302Mb L: 49/4096 MS: 2 InsertByte-EraseBytes-
#724088	REDUCE cov: 917 ft: 4083 corp: 900/460Kb lim: 4096 exec/s: 5028 rss: 302Mb L: 12/4096 MS: 1 EraseBytes-
#724542	REDUCE cov: 917 ft: 4083 corp: 900/459Kb lim: 4096 exec/s: 5031 rss: 302Mb L: 2009/4096 MS: 4 ChangeBit-EraseBytes-ChangeBit-InsertByte-
#724633	REDUCE cov: 917 ft: 4083 corp: 900/459Kb lim: 4096 exec/s: 5032 rss: 302Mb L: 14/4096 MS: 1 EraseBytes-
#725210	REDUCE cov: 917 ft: 4083 corp: 900/459Kb lim: 4096 exec/s: 5036 rss: 302Mb L: 60/4096 MS: 2 ShuffleBytes-EraseBytes-
#725511	REDUCE cov: 917 ft: 4083 corp: 900/459Kb lim: 4096 exec/s: 5038 rss: 302Mb L: 1315/4096 MS: 1 EraseBytes-
#726008	REDUCE cov: 917 ft: 4083 corp: 900/459Kb lim: 4096 exec/s: 5041 rss: 302Mb L: 657/4096 MS: 2 CopyPart-EraseBytes-
#726484	NEW    cov: 917 ft: 4084 corp: 901/462Kb lim: 4096 exec/s: 5010 rss: 302Mb L: 2185/4096 MS: 1 InsertByte-
#726924	REDUCE cov: 917 ft: 4084 corp: 901/462Kb lim: 4096 exec/s: 5013 rss: 302Mb L: 118/4096 MS: 5 ChangeBit-EraseBytes-InsertByte-ShuffleBytes-ShuffleBytes-
#728381	REDUCE cov: 917 ft: 4084 corp: 901/461Kb lim: 4096 exec/s: 5023 rss: 302Mb L: 1315/4096 MS: 2 InsertRepeatedBytes-EraseBytes-
#728581	REDUCE cov: 917 ft: 4084 corp: 901/461Kb lim: 4096 exec/s: 5024 rss: 302Mb L: 245/4096 MS: 5 ChangeBit-ManualDict-CrossOver-CrossOver-EraseBytes- DE: "needs more output"-
#728932	REDUCE cov: 917 ft: 4084 corp: 901/461Kb lim: 4096 exec/s: 5027 rss: 302Mb L: 132/4096 MS: 1 EraseBytes-
#729377	REDUCE cov: 917 ft: 4084 corp: 901/461Kb lim: 4096 exec/s: 5030 rss: 302Mb L: 212/4096 MS: 5 InsertByte-ChangeBinInt-ChangeByte-ShuffleBytes-EraseBytes-
#729538	REDUCE cov: 917 ft: 4084 corp: 901/461Kb lim: 4096 exec/s: 5031 rss: 302Mb L: 107/4096 MS: 1 EraseBytes-
#731170	REDUCE cov: 917 ft: 4084 corp: 901/461Kb lim: 4096 exec/s: 5042 rss: 302Mb L: 14/4096 MS: 2 ChangeBinInt-EraseBytes-
#732109	REDUCE cov: 917 ft: 4084 corp: 901/461Kb lim: 4096 exec/s: 5014 rss: 302Mb L: 10/4096 MS: 4 ChangeBit-ChangeBinInt-EraseBytes-CrossOver-
#732195	REDUCE cov: 917 ft: 4084 corp: 901/461Kb lim: 4096 exec/s: 5015 rss: 302Mb L: 682/4096 MS: 1 EraseBytes-
#732711	REDUCE cov: 917 ft: 4084 corp: 901/461Kb lim: 4096 exec/s: 5018 rss: 302Mb L: 1296/4096 MS: 1 EraseBytes-
#732866	REDUCE cov: 917 ft: 4084 corp: 901/461Kb lim: 4096 exec/s: 5019 rss: 302Mb L: 42/4096 MS: 5 InsertByte-InsertByte-CopyPart-PersAutoDict-EraseBytes- DE: "\377\377\377\377\377\377\377\024"-
#733624	REDUCE cov: 917 ft: 4084 corp: 901/461Kb lim: 4096 exec/s: 5024 rss: 302Mb L: 2290/4096 MS: 3 InsertByte-PersAutoDict-EraseBytes- DE: "\001\000\000\000\000\000\000\037"-
#735126	REDUCE cov: 917 ft: 4084 corp: 901/461Kb lim: 4096 exec/s: 5035 rss: 302Mb L: 470/4096 MS: 2 ChangeBit-EraseBytes-
#735497	REDUCE cov: 917 ft: 4084 corp: 901/461Kb lim: 4096 exec/s: 5037 rss: 302Mb L: 53/4096 MS: 1 EraseBytes-
#735880	REDUCE cov: 917 ft: 4084 corp: 901/461Kb lim: 4096 exec/s: 5040 rss: 302Mb L: 1363/4096 MS: 3 PersAutoDict-PersAutoDict-EraseBytes- DE: "\000\012"-"\213\000\000\000"-
#736375	REDUCE cov: 917 ft: 4084 corp: 901/461Kb lim: 4096 exec/s: 5009 rss: 302Mb L: 1407/4096 MS: 5 ChangeBit-EraseBytes-CrossOver-CrossOver-ChangeBinInt-
#736713	REDUCE cov: 917 ft: 4084 corp: 901/461Kb lim: 4096 exec/s: 5011 rss: 302Mb L: 69/4096 MS: 3 PersAutoDict-ShuffleBytes-CrossOver- DE: "\001\000\004\000"-
#737007	REDUCE cov: 917 ft: 4084 corp: 901/461Kb lim: 4096 exec/s: 5013 rss: 302Mb L: 45/4096 MS: 4 EraseBytes-ChangeBinInt-ChangeByte-CrossOver-
#737593	REDUCE cov: 917 ft: 4084 corp: 901/461Kb lim: 4096 exec/s: 5017 rss: 302Mb L: 11/4096 MS: 1 EraseBytes-
#738895	REDUCE cov: 917 ft: 4084 corp: 901/460Kb lim: 4096 exec/s: 5026 rss: 302Mb L: 78/4096 MS: 2 ChangeByte-EraseBytes-
#739446	REDUCE cov: 917 ft: 4084 corp: 901/460Kb lim: 4096 exec/s: 5030 rss: 302Mb L: 129/4096 MS: 1 EraseBytes-
#739722	REDUCE cov: 917 ft: 4084 corp: 901/460Kb lim: 4096 exec/s: 5032 rss: 302Mb L: 65/4096 MS: 1 EraseBytes-
#740878	REDUCE cov: 917 ft: 4084 corp: 901/460Kb lim: 4096 exec/s: 5005 rss: 302Mb L: 8/4096 MS: 1 EraseBytes-
#740989	REDUCE cov: 917 ft: 4084 corp: 901/460Kb lim: 4096 exec/s: 5006 rss: 302Mb L: 43/4096 MS: 1 EraseBytes-
#742260	REDUCE cov: 917 ft: 4084 corp: 901/460Kb lim: 4096 exec/s: 5015 rss: 303Mb L: 455/4096 MS: 1 EraseBytes-
#742559	REDUCE cov: 917 ft: 4084 corp: 901/460Kb lim: 4096 exec/s: 5017 rss: 303Mb L: 31/4096 MS: 4 ChangeBit-ChangeBit-ChangeByte-EraseBytes-
#743474	REDUCE cov: 917 ft: 4084 corp: 901/460Kb lim: 4096 exec/s: 5023 rss: 304Mb L: 1557/4096 MS: 5 EraseBytes-InsertRepeatedBytes-ChangeASCIIInt-ChangeASCIIInt-InsertRepeatedBytes-
#743660	REDUCE cov: 917 ft: 4084 corp: 901/460Kb lim: 4096 exec/s: 5024 rss: 304Mb L: 250/4096 MS: 1 EraseBytes-
#743782	REDUCE cov: 917 ft: 4084 corp: 901/460Kb lim: 4096 exec/s: 5025 rss: 304Mb L: 59/4096 MS: 2 CMP-EraseBytes- DE: "\372\377\377\377\377\377\377\377"-
#744175	REDUCE cov: 917 ft: 4085 corp: 902/460Kb lim: 4096 exec/s: 5028 rss: 304Mb L: 709/4096 MS: 3 CopyPart-ChangeByte-CopyPart-
#744839	REDUCE cov: 917 ft: 4085 corp: 902/460Kb lim: 4096 exec/s: 5032 rss: 304Mb L: 130/4096 MS: 4 InsertByte-PersAutoDict-ChangeByte-EraseBytes- DE: "\000\000\023B"-
#745276	REDUCE cov: 917 ft: 4085 corp: 902/460Kb lim: 4096 exec/s: 5001 rss: 304Mb L: 1003/4096 MS: 2 ChangeBit-CrossOver-
#746819	REDUCE cov: 917 ft: 4085 corp: 902/460Kb lim: 4096 exec/s: 5012 rss: 304Mb L: 1594/4096 MS: 3 ShuffleBytes-ShuffleBytes-EraseBytes-
#747241	REDUCE cov: 917 ft: 4085 corp: 902/460Kb lim: 4096 exec/s: 5015 rss: 304Mb L: 68/4096 MS: 2 ChangeBit-EraseBytes-
#748292	REDUCE cov: 917 ft: 4085 corp: 902/460Kb lim: 4096 exec/s: 5022 rss: 304Mb L: 52/4096 MS: 1 EraseBytes-
#748913	REDUCE cov: 917 ft: 4085 corp: 902/460Kb lim: 4096 exec/s: 5026 rss: 304Mb L: 177/4096 MS: 1 EraseBytes-
#748997	REDUCE cov: 917 ft: 4085 corp: 902/460Kb lim: 4096 exec/s: 5026 rss: 304Mb L: 1310/4096 MS: 4 ChangeByte-ManualDict-CrossOver-EraseBytes- DE: "needs more output"-
#749199	REDUCE cov: 917 ft: 4085 corp: 902/460Kb lim: 4096 exec/s: 5028 rss: 304Mb L: 517/4096 MS: 2 CrossOver-EraseBytes-
#749785	REDUCE cov: 917 ft: 4085 corp: 902/460Kb lim: 4096 exec/s: 5032 rss: 304Mb L: 445/4096 MS: 1 EraseBytes-
#749981	REDUCE cov: 917 ft: 4086 corp: 903/460Kb lim: 4096 exec/s: 5033 rss: 304Mb L: 108/4096 MS: 1 InsertRepeatedBytes-
#749982	REDUCE cov: 917 ft: 4086 corp: 903/460Kb lim: 4096 exec/s: 5033 rss: 304Mb L: 3703/4096 MS: 1 CrossOver-
#750474	REDUCE cov: 917 ft: 4086 corp: 903/460Kb lim: 4096 exec/s: 5036 rss: 304Mb L: 67/4096 MS: 2 InsertByte-EraseBytes-
#750495	REDUCE cov: 917 ft: 4086 corp: 903/460Kb lim: 4096 exec/s: 5036 rss: 304Mb L: 64/4096 MS: 1 EraseBytes-
#751526	REDUCE cov: 917 ft: 4086 corp: 903/460Kb lim: 4096 exec/s: 5010 rss: 304Mb L: 140/4096 MS: 1 EraseBytes-
#751881	REDUCE cov: 917 ft: 4086 corp: 903/459Kb lim: 4096 exec/s: 5012 rss: 304Mb L: 761/4096 MS: 5 ShuffleBytes-CrossOver-EraseBytes-ChangeBit-EraseBytes-
#752183	REDUCE cov: 917 ft: 4086 corp: 903/459Kb lim: 4096 exec/s: 5014 rss: 304Mb L: 556/4096 MS: 2 ChangeBinInt-EraseBytes-
#752251	REDUCE cov: 917 ft: 4086 corp: 903/459Kb lim: 4096 exec/s: 5015 rss: 304Mb L: 2049/4096 MS: 3 InsertRepeatedBytes-EraseBytes-InsertRepeatedBytes-
#752442	REDUCE cov: 917 ft: 4086 corp: 903/459Kb lim: 4096 exec/s: 5016 rss: 304Mb L: 491/4096 MS: 1 EraseBytes-
#752759	REDUCE cov: 917 ft: 4086 corp: 903/459Kb lim: 4096 exec/s: 5018 rss: 304Mb L: 2178/4096 MS: 2 PersAutoDict-CrossOver- DE: "\000\250"-
#753106	REDUCE cov: 917 ft: 4086 corp: 903/459Kb lim: 4096 exec/s: 5020 rss: 304Mb L: 477/4096 MS: 2 ChangeBit-EraseBytes-
#753225	REDUCE cov: 917 ft: 4086 corp: 903/459Kb lim: 4096 exec/s: 5021 rss: 304Mb L: 324/4096 MS: 4 ChangeByte-ManualDict-CopyPart-CrossOver- DE: "Regular"-
#754086	REDUCE cov: 917 ft: 4086 corp: 903/459Kb lim: 4096 exec/s: 5027 rss: 304Mb L: 8/4096 MS: 1 EraseBytes-
#754232	NEW    cov: 917 ft: 4087 corp: 904/461Kb lim: 4096 exec/s: 5028 rss: 304Mb L: 2230/4096 MS: 1 PersAutoDict- DE: ")\000\000\000\000\000\000\000"-
#754380	REDUCE cov: 917 ft: 4087 corp: 904/461Kb lim: 4096 exec/s: 5029 rss: 304Mb L: 595/4096 MS: 3 ChangeASCIIInt-CopyPart-EraseBytes-
#754766	REDUCE cov: 917 ft: 4087 corp: 904/461Kb lim: 4096 exec/s: 5031 rss: 304Mb L: 71/4096 MS: 1 EraseBytes-
#755035	REDUCE cov: 917 ft: 4087 corp: 904/461Kb lim: 4096 exec/s: 5033 rss: 304Mb L: 42/4096 MS: 4 CopyPart-EraseBytes-InsertByte-CMP- DE: "\001\000\000\000\000\000\000\017"-
#756781	REDUCE cov: 917 ft: 4087 corp: 904/461Kb lim: 4096 exec/s: 5011 rss: 304Mb L: 205/4096 MS: 1 EraseBytes-
#756807	REDUCE cov: 917 ft: 4087 corp: 904/461Kb lim: 4096 exec/s: 5011 rss: 304Mb L: 117/4096 MS: 1 EraseBytes-
#756923	REDUCE cov: 917 ft: 4087 corp: 904/461Kb lim: 4096 exec/s: 5012 rss: 304Mb L: 37/4096 MS: 1 EraseBytes-
#757336	REDUCE cov: 917 ft: 4087 corp: 904/461Kb lim: 4096 exec/s: 5015 rss: 304Mb L: 102/4096 MS: 3 ShuffleBytes-InsertByte-EraseBytes-
#757558	REDUCE cov: 917 ft: 4087 corp: 904/461Kb lim: 4096 exec/s: 5016 rss: 304Mb L: 175/4096 MS: 2 ChangeByte-EraseBytes-
#758124	REDUCE cov: 917 ft: 4087 corp: 904/461Kb lim: 4096 exec/s: 5020 rss: 304Mb L: 10/4096 MS: 1 EraseBytes-
#758264	REDUCE cov: 917 ft: 4087 corp: 904/461Kb lim: 4096 exec/s: 5021 rss: 304Mb L: 409/4096 MS: 5 ManualDict-ChangeBinInt-EraseBytes-EraseBytes-PersAutoDict- DE: " not \\3er \\3al \\4ful \\4ive \\5less \\4es"-"\000\000\000\000\000\000\000\004"-
#759356	REDUCE cov: 917 ft: 4087 corp: 904/461Kb lim: 4096 exec/s: 5028 rss: 304Mb L: 265/4096 MS: 2 ChangeByte-EraseBytes-
#759434	REDUCE cov: 917 ft: 4087 corp: 904/461Kb lim: 4096 exec/s: 5029 rss: 304Mb L: 24/4096 MS: 3 PersAutoDict-EraseBytes-CopyPart- DE: "\000\003"-
#761165	REDUCE cov: 917 ft: 4087 corp: 904/461Kb lim: 4096 exec/s: 5007 rss: 304Mb L: 107/4096 MS: 1 EraseBytes-
#762066	REDUCE cov: 917 ft: 4087 corp: 904/461Kb lim: 4096 exec/s: 5013 rss: 304Mb L: 93/4096 MS: 1 EraseBytes-
#762202	REDUCE cov: 917 ft: 4087 corp: 904/461Kb lim: 4096 exec/s: 5014 rss: 304Mb L: 120/4096 MS: 1 EraseBytes-
#763190	REDUCE cov: 917 ft: 4087 corp: 904/461Kb lim: 4096 exec/s: 5020 rss: 304Mb L: 76/4096 MS: 3 PersAutoDict-ChangeASCIIInt-EraseBytes- DE: "\377\377\377\377\377\377\377\024"-
#763368	REDUCE cov: 917 ft: 4087 corp: 904/461Kb lim: 4096 exec/s: 5022 rss: 304Mb L: 205/4096 MS: 3 ChangeByte-CrossOver-EraseBytes-
#763451	REDUCE cov: 917 ft: 4087 corp: 904/461Kb lim: 4096 exec/s: 5022 rss: 304Mb L: 74/4096 MS: 3 CMP-PersAutoDict-EraseBytes- DE: "\004\000\000\000\000\000\000\000"-"\377\377\377\377\377\377\377\367"-
#764062	REDUCE cov: 917 ft: 4087 corp: 904/461Kb lim: 4096 exec/s: 5026 rss: 304Mb L: 44/4096 MS: 1 EraseBytes-
#765138	REDUCE cov: 917 ft: 4087 corp: 904/461Kb lim: 4096 exec/s: 5033 rss: 304Mb L: 102/4096 MS: 1 EraseBytes-
#765320	REDUCE cov: 917 ft: 4087 corp: 904/461Kb lim: 4096 exec/s: 5035 rss: 304Mb L: 201/4096 MS: 2 InsertByte-EraseBytes-
#765571	REDUCE cov: 917 ft: 4087 corp: 904/461Kb lim: 4096 exec/s: 5036 rss: 304Mb L: 122/4096 MS: 1 EraseBytes-
#766979	REDUCE cov: 917 ft: 4087 corp: 904/461Kb lim: 4096 exec/s: 5012 rss: 304Mb L: 241/4096 MS: 3 ChangeByte-EraseBytes-InsertByte-
#767675	REDUCE cov: 917 ft: 4087 corp: 904/461Kb lim: 4096 exec/s: 5017 rss: 304Mb L: 49/4096 MS: 1 EraseBytes-
#769026	REDUCE cov: 917 ft: 4087 corp: 904/461Kb lim: 4096 exec/s: 5026 rss: 304Mb L: 11/4096 MS: 1 EraseBytes-
#769410	REDUCE cov: 917 ft: 4088 corp: 905/461Kb lim: 4096 exec/s: 5028 rss: 304Mb L: 129/4096 MS: 4 ShuffleBytes-ShuffleBytes-CopyPart-ChangeByte-
#770080	REDUCE cov: 917 ft: 4088 corp: 905/461Kb lim: 4096 exec/s: 5033 rss: 304Mb L: 591/4096 MS: 5 CopyPart-EraseBytes-InsertByte-ChangeBit-InsertRepeatedBytes-
#772847	REDUCE cov: 917 ft: 4088 corp: 905/460Kb lim: 4096 exec/s: 5018 rss: 304Mb L: 572/4096 MS: 2 CrossOver-EraseBytes-
#774878	REDUCE cov: 917 ft: 4088 corp: 905/460Kb lim: 4096 exec/s: 5031 rss: 304Mb L: 44/4096 MS: 1 EraseBytes-
#775759	REDUCE cov: 917 ft: 4088 corp: 905/460Kb lim: 4096 exec/s: 5037 rss: 304Mb L: 14/4096 MS: 1 EraseBytes-
#776641	REDUCE cov: 917 ft: 4088 corp: 905/460Kb lim: 4096 exec/s: 5010 rss: 304Mb L: 126/4096 MS: 2 EraseBytes-ManualDict- DE: "[ProcessCommandsInternal] dictionary word: [%.*s],"-
#776972	REDUCE cov: 917 ft: 4088 corp: 905/460Kb lim: 4096 exec/s: 5012 rss: 304Mb L: 107/4096 MS: 1 EraseBytes-
#777105	REDUCE cov: 917 ft: 4089 corp: 906/461Kb lim: 4096 exec/s: 5013 rss: 304Mb L: 1231/4096 MS: 3 CrossOver-ChangeASCIIInt-ManualDict- DE: "Large Window Brotli"-
#777623	REDUCE cov: 917 ft: 4089 corp: 906/460Kb lim: 4096 exec/s: 5016 rss: 304Mb L: 1071/4096 MS: 3 EraseBytes-ManualDict-CrossOver- DE: "t \\4ize \\2\\xc2\\xa0\\4ous \\5 the \\2e "-
#778249	REDUCE cov: 917 ft: 4090 corp: 907/461Kb lim: 4096 exec/s: 5020 rss: 304Mb L: 221/4096 MS: 1 InsertRepeatedBytes-
#778855	REDUCE cov: 917 ft: 4091 corp: 908/461Kb lim: 4096 exec/s: 5024 rss: 304Mb L: 64/4096 MS: 1 ManualDict- DE: "needs more input"-
#778901	REDUCE cov: 917 ft: 4091 corp: 908/461Kb lim: 4096 exec/s: 5025 rss: 304Mb L: 147/4096 MS: 1 EraseBytes-
#780002	REDUCE cov: 917 ft: 4091 corp: 908/461Kb lim: 4096 exec/s: 5032 rss: 304Mb L: 26/4096 MS: 1 EraseBytes-
#780363	REDUCE cov: 917 ft: 4091 corp: 908/461Kb lim: 4096 exec/s: 5034 rss: 304Mb L: 55/4096 MS: 1 EraseBytes-
#780808	REDUCE cov: 917 ft: 4091 corp: 908/460Kb lim: 4096 exec/s: 5005 rss: 304Mb L: 969/4096 MS: 5 CopyPart-CMP-CrossOver-CopyPart-EraseBytes- DE: "\001\000\000\007"-
#780963	REDUCE cov: 917 ft: 4091 corp: 908/460Kb lim: 4096 exec/s: 5006 rss: 304Mb L: 222/4096 MS: 5 PersAutoDict-InsertRepeatedBytes-ChangeBit-PersAutoDict-EraseBytes- DE: "\005\000\000\000\000\000\000\000"-" \000\000\000\000\000\000\000"-
#781269	REDUCE cov: 917 ft: 4091 corp: 908/459Kb lim: 4096 exec/s: 5008 rss: 304Mb L: 1275/4096 MS: 1 EraseBytes-
#781430	REDUCE cov: 917 ft: 4091 corp: 908/459Kb lim: 4096 exec/s: 5009 rss: 304Mb L: 77/4096 MS: 1 EraseBytes-
#782317	REDUCE cov: 917 ft: 4091 corp: 908/459Kb lim: 4096 exec/s: 5014 rss: 304Mb L: 18/4096 MS: 2 CopyPart-EraseBytes-
#782328	REDUCE cov: 917 ft: 4091 corp: 908/459Kb lim: 4096 exec/s: 5014 rss: 304Mb L: 138/4096 MS: 1 EraseBytes-
#783444	REDUCE cov: 917 ft: 4091 corp: 908/459Kb lim: 4096 exec/s: 5022 rss: 304Mb L: 20/4096 MS: 1 EraseBytes-
#784573	REDUCE cov: 917 ft: 4091 corp: 908/459Kb lim: 4096 exec/s: 5029 rss: 304Mb L: 228/4096 MS: 4 ManualDict-PersAutoDict-CMP-EraseBytes- DE: "INVALID"-"\001\000\004\000"-"\326\000\000\000"-
#785621	REDUCE cov: 917 ft: 4091 corp: 908/459Kb lim: 4096 exec/s: 5003 rss: 304Mb L: 345/4096 MS: 3 ChangeBit-ChangeASCIIInt-EraseBytes-
#785912	REDUCE cov: 917 ft: 4091 corp: 908/459Kb lim: 4096 exec/s: 5005 rss: 304Mb L: 147/4096 MS: 1 EraseBytes-
#786020	REDUCE cov: 917 ft: 4091 corp: 908/459Kb lim: 4096 exec/s: 5006 rss: 304Mb L: 1892/4096 MS: 3 InsertRepeatedBytes-CopyPart-EraseBytes-
#786076	REDUCE cov: 917 ft: 4091 corp: 908/459Kb lim: 4096 exec/s: 5006 rss: 304Mb L: 281/4096 MS: 1 EraseBytes-
#786082	REDUCE cov: 917 ft: 4091 corp: 908/459Kb lim: 4096 exec/s: 5006 rss: 304Mb L: 11/4096 MS: 1 EraseBytes-
#786168	REDUCE cov: 917 ft: 4091 corp: 908/459Kb lim: 4096 exec/s: 5007 rss: 304Mb L: 19/4096 MS: 1 EraseBytes-
#786449	REDUCE cov: 917 ft: 4091 corp: 908/459Kb lim: 4096 exec/s: 5009 rss: 304Mb L: 61/4096 MS: 1 EraseBytes-
#786725	REDUCE cov: 917 ft: 4091 corp: 908/459Kb lim: 4096 exec/s: 5010 rss: 304Mb L: 115/4096 MS: 1 EraseBytes-
#786862	NEW    cov: 917 ft: 4093 corp: 909/459Kb lim: 4096 exec/s: 5011 rss: 304Mb L: 32/4096 MS: 2 ShuffleBytes-ShuffleBytes-
#786944	REDUCE cov: 917 ft: 4093 corp: 909/459Kb lim: 4096 exec/s: 5012 rss: 304Mb L: 180/4096 MS: 2 CopyPart-EraseBytes-
#786950	REDUCE cov: 917 ft: 4093 corp: 909/459Kb lim: 4096 exec/s: 5012 rss: 304Mb L: 564/4096 MS: 1 EraseBytes-
#786952	REDUCE cov: 917 ft: 4093 corp: 909/459Kb lim: 4096 exec/s: 5012 rss: 304Mb L: 210/4096 MS: 2 EraseBytes-CopyPart-
#788600	NEW    cov: 917 ft: 4104 corp: 910/459Kb lim: 4096 exec/s: 5022 rss: 304Mb L: 58/4096 MS: 3 CopyPart-InsertByte-CopyPart-
#788740	REDUCE cov: 917 ft: 4104 corp: 910/459Kb lim: 4096 exec/s: 5023 rss: 304Mb L: 39/4096 MS: 5 ShuffleBytes-ShuffleBytes-ShuffleBytes-PersAutoDict-EraseBytes- DE: "\375\037\000\000\000\000\000\000"-
#789706	REDUCE cov: 917 ft: 4104 corp: 910/459Kb lim: 4096 exec/s: 5029 rss: 304Mb L: 38/4096 MS: 1 EraseBytes-
#790800	REDUCE cov: 917 ft: 4104 corp: 910/459Kb lim: 4096 exec/s: 5005 rss: 304Mb L: 942/4096 MS: 4 ChangeASCIIInt-CMP-ChangeASCIIInt-EraseBytes- DE: "H*\002\000"-
#791673	REDUCE cov: 917 ft: 4104 corp: 910/459Kb lim: 4096 exec/s: 5010 rss: 304Mb L: 2755/4096 MS: 3 CopyPart-ChangeBinInt-EraseBytes-
#792034	REDUCE cov: 917 ft: 4104 corp: 910/459Kb lim: 4096 exec/s: 5012 rss: 304Mb L: 1693/4096 MS: 1 EraseBytes-
#792239	REDUCE cov: 917 ft: 4104 corp: 910/459Kb lim: 4096 exec/s: 5014 rss: 304Mb L: 490/4096 MS: 5 PersAutoDict-EraseBytes-InsertRepeatedBytes-ManualDict-CopyPart- DE: "\001 \000\000\000\000\000\000"-"Regular"-
#793195	NEW    cov: 917 ft: 4106 corp: 911/459Kb lim: 4096 exec/s: 5020 rss: 304Mb L: 58/4096 MS: 1 CopyPart-
#793301	REDUCE cov: 917 ft: 4106 corp: 911/459Kb lim: 4096 exec/s: 5020 rss: 304Mb L: 19/4096 MS: 1 EraseBytes-
#793550	REDUCE cov: 917 ft: 4106 corp: 911/459Kb lim: 4096 exec/s: 5022 rss: 304Mb L: 123/4096 MS: 4 CrossOver-ShuffleBytes-ChangeBit-EraseBytes-
#793821	REDUCE cov: 917 ft: 4109 corp: 912/459Kb lim: 4096 exec/s: 5024 rss: 304Mb L: 69/4096 MS: 1 ChangeByte-
#794262	REDUCE cov: 917 ft: 4109 corp: 912/459Kb lim: 4096 exec/s: 5026 rss: 304Mb L: 12/4096 MS: 1 EraseBytes-
#794578	REDUCE cov: 917 ft: 4109 corp: 912/459Kb lim: 4096 exec/s: 5028 rss: 304Mb L: 78/4096 MS: 1 EraseBytes-
#795224	REDUCE cov: 917 ft: 4109 corp: 912/459Kb lim: 4096 exec/s: 5001 rss: 304Mb L: 2110/4096 MS: 1 EraseBytes-
#795825	REDUCE cov: 917 ft: 4109 corp: 912/459Kb lim: 4096 exec/s: 5005 rss: 304Mb L: 62/4096 MS: 1 EraseBytes-
#797015	REDUCE cov: 917 ft: 4109 corp: 912/459Kb lim: 4096 exec/s: 5012 rss: 304Mb L: 216/4096 MS: 5 EraseBytes-ChangeBinInt-ManualDict-EraseBytes-CopyPart- DE: "needs more output"-
#797656	NEW    cov: 917 ft: 4112 corp: 913/459Kb lim: 4096 exec/s: 5016 rss: 304Mb L: 69/4096 MS: 1 CopyPart-
#798197	REDUCE cov: 917 ft: 4112 corp: 913/459Kb lim: 4096 exec/s: 5020 rss: 304Mb L: 15/4096 MS: 1 EraseBytes-
#798854	REDUCE cov: 917 ft: 4112 corp: 913/458Kb lim: 4096 exec/s: 5024 rss: 304Mb L: 2908/4096 MS: 2 CMP-EraseBytes- DE: "\377\377\377\377\377\377\377\377"-
#800777	REDUCE cov: 917 ft: 4112 corp: 913/458Kb lim: 4096 exec/s: 5004 rss: 304Mb L: 68/4096 MS: 3 ChangeByte-ChangeByte-EraseBytes-
#800993	REDUCE cov: 917 ft: 4112 corp: 913/458Kb lim: 4096 exec/s: 5006 rss: 304Mb L: 36/4096 MS: 1 EraseBytes-
#801379	REDUCE cov: 917 ft: 4112 corp: 913/458Kb lim: 4096 exec/s: 5008 rss: 304Mb L: 43/4096 MS: 1 EraseBytes-
#802006	REDUCE cov: 917 ft: 4112 corp: 913/458Kb lim: 4096 exec/s: 5012 rss: 304Mb L: 3356/4096 MS: 2 InsertByte-EraseBytes-
#802408	REDUCE cov: 917 ft: 4112 corp: 913/458Kb lim: 4096 exec/s: 5015 rss: 304Mb L: 558/4096 MS: 2 InsertRepeatedBytes-EraseBytes-
#804892	REDUCE cov: 917 ft: 4112 corp: 913/458Kb lim: 4096 exec/s: 5030 rss: 304Mb L: 75/4096 MS: 4 ShuffleBytes-PersAutoDict-ChangeByte-EraseBytes- DE: "\377\377\007\000"-
#805823	REDUCE cov: 917 ft: 4112 corp: 913/458Kb lim: 4096 exec/s: 5005 rss: 304Mb L: 10/4096 MS: 1 EraseBytes-
#809893	REDUCE cov: 917 ft: 4112 corp: 913/458Kb lim: 4096 exec/s: 5030 rss: 304Mb L: 1985/4096 MS: 5 InsertRepeatedBytes-EraseBytes-CrossOver-PersAutoDict-ManualDict- DE: " not \\3er \\3al \\4ful \\4ive \\5less \\4es"-"[]"-
#810465	REDUCE cov: 917 ft: 4112 corp: 913/458Kb lim: 4096 exec/s: 5033 rss: 304Mb L: 71/4096 MS: 2 ChangeBit-EraseBytes-
#811453	REDUCE cov: 917 ft: 4112 corp: 913/458Kb lim: 4096 exec/s: 5008 rss: 304Mb L: 1659/4096 MS: 3 ChangeASCIIInt-ChangeByte-CrossOver-
#811620	REDUCE cov: 917 ft: 4113 corp: 914/459Kb lim: 4096 exec/s: 5010 rss: 304Mb L: 1403/4096 MS: 2 ShuffleBytes-ChangeBinInt-
#814287	NEW    cov: 917 ft: 4115 corp: 915/459Kb lim: 4096 exec/s: 5026 rss: 304Mb L: 123/4096 MS: 2 PersAutoDict-EraseBytes- DE: "[ProcessCommandsInternal] dictionary word: [%.*s],"-
#815458	REDUCE cov: 917 ft: 4115 corp: 915/459Kb lim: 4096 exec/s: 5033 rss: 304Mb L: 1797/4096 MS: 1 EraseBytes-
#815789	REDUCE cov: 917 ft: 4115 corp: 915/459Kb lim: 4096 exec/s: 5035 rss: 304Mb L: 240/4096 MS: 1 EraseBytes-
#816530	REDUCE cov: 917 ft: 4115 corp: 915/459Kb lim: 4096 exec/s: 5009 rss: 304Mb L: 10/4096 MS: 1 EraseBytes-
#816611	REDUCE cov: 917 ft: 4115 corp: 915/459Kb lim: 4096 exec/s: 5009 rss: 304Mb L: 1046/4096 MS: 1 EraseBytes-
#817388	REDUCE cov: 917 ft: 4115 corp: 915/459Kb lim: 4096 exec/s: 5014 rss: 304Mb L: 10/4096 MS: 2 ManualDict-EraseBytes- DE: "[]"-
#817915	NEW    cov: 917 ft: 4118 corp: 916/459Kb lim: 4096 exec/s: 5017 rss: 304Mb L: 64/4096 MS: 2 CMP-EraseBytes- DE: "\000\000\000\000\000\000\000\000"-
#818127	REDUCE cov: 917 ft: 4118 corp: 916/459Kb lim: 4096 exec/s: 5019 rss: 304Mb L: 115/4096 MS: 2 ManualDict-EraseBytes- DE: "t \\4ize \\2\\xc2\\xa0\\4ous \\5 the \\2e "-
#818203	REDUCE cov: 917 ft: 4118 corp: 916/459Kb lim: 4096 exec/s: 5019 rss: 304Mb L: 120/4096 MS: 1 EraseBytes-
#819084	REDUCE cov: 917 ft: 4118 corp: 916/459Kb lim: 4096 exec/s: 5025 rss: 304Mb L: 120/4096 MS: 1 EraseBytes-
#820190	REDUCE cov: 917 ft: 4118 corp: 916/459Kb lim: 4096 exec/s: 5031 rss: 304Mb L: 27/4096 MS: 1 EraseBytes-
#820642	REDUCE cov: 917 ft: 4118 corp: 916/459Kb lim: 4096 exec/s: 5034 rss: 304Mb L: 140/4096 MS: 2 PersAutoDict-EraseBytes- DE: "\001?\377\360"-
#820818	REDUCE cov: 917 ft: 4118 corp: 916/459Kb lim: 4096 exec/s: 5035 rss: 304Mb L: 18/4096 MS: 1 EraseBytes-
#821029	REDUCE cov: 917 ft: 4118 corp: 916/459Kb lim: 4096 exec/s: 5036 rss: 304Mb L: 100/4096 MS: 1 EraseBytes-
#821093	REDUCE cov: 917 ft: 4118 corp: 916/459Kb lim: 4096 exec/s: 5037 rss: 304Mb L: 457/4096 MS: 4 EraseBytes-ChangeByte-ChangeBinInt-InsertRepeatedBytes-
#825661	REDUCE cov: 917 ft: 4118 corp: 916/459Kb lim: 4096 exec/s: 5034 rss: 304Mb L: 179/4096 MS: 3 ChangeBit-CopyPart-EraseBytes-
#826490	REDUCE cov: 917 ft: 4118 corp: 916/459Kb lim: 4096 exec/s: 5039 rss: 304Mb L: 551/4096 MS: 4 ShuffleBytes-CrossOver-PersAutoDict-EraseBytes- DE: "+\000\000\000"-
#827754	REDUCE cov: 917 ft: 4118 corp: 916/458Kb lim: 4096 exec/s: 5016 rss: 304Mb L: 898/4096 MS: 4 ChangeBinInt-ChangeASCIIInt-ManualDict-EraseBytes- DE: "[ProcessCommandsInternal] dictionary word: [%.*s],"-
#828899	REDUCE cov: 917 ft: 4118 corp: 916/458Kb lim: 4096 exec/s: 5023 rss: 304Mb L: 331/4096 MS: 5 InsertByte-InsertByte-CrossOver-CrossOver-EraseBytes-
#828969	REDUCE cov: 917 ft: 4118 corp: 916/458Kb lim: 4096 exec/s: 5024 rss: 304Mb L: 704/4096 MS: 5 ChangeByte-CrossOver-EraseBytes-ShuffleBytes-CMP- DE: "\000\000\000\000\000\000\000\021"-
#829190	REDUCE cov: 917 ft: 4118 corp: 916/458Kb lim: 4096 exec/s: 5025 rss: 304Mb L: 94/4096 MS: 1 EraseBytes-
#829957	REDUCE cov: 917 ft: 4118 corp: 916/458Kb lim: 4096 exec/s: 5030 rss: 304Mb L: 14/4096 MS: 2 EraseBytes-InsertByte-
#829993	REDUCE cov: 917 ft: 4118 corp: 916/458Kb lim: 4096 exec/s: 5030 rss: 304Mb L: 196/4096 MS: 1 EraseBytes-
#830629	REDUCE cov: 917 ft: 4118 corp: 916/458Kb lim: 4096 exec/s: 5034 rss: 304Mb L: 28/4096 MS: 1 EraseBytes-
#831037	REDUCE cov: 917 ft: 4118 corp: 916/458Kb lim: 4096 exec/s: 5036 rss: 304Mb L: 43/4096 MS: 3 InsertByte-ChangeASCIIInt-EraseBytes-
#831052	REDUCE cov: 917 ft: 4118 corp: 916/458Kb lim: 4096 exec/s: 5036 rss: 304Mb L: 2524/4096 MS: 5 InsertByte-InsertByte-ManualDict-ManualDict-EraseBytes- DE: "needs more output"-"Large Window Brotli"-
#832611	REDUCE cov: 917 ft: 4118 corp: 916/458Kb lim: 4096 exec/s: 5015 rss: 304Mb L: 659/4096 MS: 4 ChangeASCIIInt-ManualDict-ChangeByte-EraseBytes- DE: "Large Window Brotli"-
#833399	REDUCE cov: 917 ft: 4118 corp: 916/458Kb lim: 4096 exec/s: 5020 rss: 304Mb L: 1679/4096 MS: 3 EraseBytes-ChangeBit-CopyPart-
#835020	REDUCE cov: 917 ft: 4118 corp: 916/458Kb lim: 4096 exec/s: 5030 rss: 304Mb L: 1682/4096 MS: 1 EraseBytes-
#835248	REDUCE cov: 917 ft: 4118 corp: 916/458Kb lim: 4096 exec/s: 5031 rss: 304Mb L: 29/4096 MS: 3 ChangeByte-EraseBytes-ChangeBinInt-
#835309	REDUCE cov: 917 ft: 4118 corp: 916/458Kb lim: 4096 exec/s: 5031 rss: 304Mb L: 38/4096 MS: 1 EraseBytes-
#835410	NEW    cov: 917 ft: 4120 corp: 917/458Kb lim: 4096 exec/s: 5032 rss: 304Mb L: 64/4096 MS: 1 ChangeBinInt-
#837383	REDUCE cov: 917 ft: 4120 corp: 917/458Kb lim: 4096 exec/s: 5014 rss: 304Mb L: 40/4096 MS: 3 ChangeBit-CopyPart-EraseBytes-
#837655	REDUCE cov: 917 ft: 4123 corp: 918/458Kb lim: 4096 exec/s: 5015 rss: 304Mb L: 20/4096 MS: 2 CMP-ChangeByte- DE: "\024\000"-
#838411	REDUCE cov: 917 ft: 4123 corp: 918/458Kb lim: 4096 exec/s: 5020 rss: 304Mb L: 7/4096 MS: 1 EraseBytes-
#839484	REDUCE cov: 917 ft: 4123 corp: 918/458Kb lim: 4096 exec/s: 5026 rss: 304Mb L: 423/4096 MS: 3 ShuffleBytes-EraseBytes-ManualDict- DE: "t \\4ize \\2\\xc2\\xa0\\4ous \\5 the \\2e "-
#840375	REDUCE cov: 917 ft: 4123 corp: 918/458Kb lim: 4096 exec/s: 5032 rss: 304Mb L: 59/4096 MS: 1 EraseBytes-
#840652	REDUCE cov: 917 ft: 4123 corp: 918/458Kb lim: 4096 exec/s: 5033 rss: 304Mb L: 546/4096 MS: 2 InsertByte-EraseBytes-
#840783	REDUCE cov: 917 ft: 4123 corp: 918/458Kb lim: 4096 exec/s: 5034 rss: 304Mb L: 8/4096 MS: 1 EraseBytes-
#840789	REDUCE cov: 917 ft: 4123 corp: 918/458Kb lim: 4096 exec/s: 5034 rss: 304Mb L: 147/4096 MS: 1 EraseBytes-
#840925	REDUCE cov: 917 ft: 4123 corp: 918/458Kb lim: 4096 exec/s: 5035 rss: 304Mb L: 13/4096 MS: 1 EraseBytes-
#841908	REDUCE cov: 917 ft: 4123 corp: 918/458Kb lim: 4096 exec/s: 5011 rss: 304Mb L: 57/4096 MS: 3 EraseBytes-ChangeBit-PersAutoDict- DE: "\377\377\377\377\377\377\000\000"-
#842780	REDUCE cov: 917 ft: 4123 corp: 918/458Kb lim: 4096 exec/s: 5016 rss: 304Mb L: 127/4096 MS: 2 EraseBytes-PersAutoDict- DE: "\001\000\000\035"-
#842986	REDUCE cov: 917 ft: 4123 corp: 918/458Kb lim: 4096 exec/s: 5017 rss: 304Mb L: 2402/4096 MS: 1 EraseBytes-
#843112	REDUCE cov: 917 ft: 4123 corp: 918/458Kb lim: 4096 exec/s: 5018 rss: 304Mb L: 26/4096 MS: 1 EraseBytes-
#843295	REDUCE cov: 917 ft: 4123 corp: 918/458Kb lim: 4096 exec/s: 5019 rss: 304Mb L: 103/4096 MS: 3 InsertByte-ChangeBit-EraseBytes-
#843362	REDUCE cov: 917 ft: 4123 corp: 918/458Kb lim: 4096 exec/s: 5020 rss: 304Mb L: 66/4096 MS: 2 ChangeBit-EraseBytes-
#843773	REDUCE cov: 917 ft: 4123 corp: 918/458Kb lim: 4096 exec/s: 5022 rss: 304Mb L: 15/4096 MS: 1 EraseBytes-
#843797	REDUCE cov: 917 ft: 4123 corp: 918/458Kb lim: 4096 exec/s: 5022 rss: 304Mb L: 168/4096 MS: 4 PersAutoDict-CopyPart-CMP-EraseBytes- DE: "+\316\000\000"-"\001\000"-
#844198	REDUCE cov: 917 ft: 4123 corp: 918/458Kb lim: 4096 exec/s: 5024 rss: 304Mb L: 787/4096 MS: 1 EraseBytes-
#845584	REDUCE cov: 917 ft: 4125 corp: 919/458Kb lim: 4096 exec/s: 5033 rss: 304Mb L: 122/4096 MS: 1 InsertByte-
#846575	REDUCE cov: 917 ft: 4125 corp: 919/458Kb lim: 4096 exec/s: 5009 rss: 304Mb L: 168/4096 MS: 1 EraseBytes-
#846783	REDUCE cov: 917 ft: 4126 corp: 920/462Kb lim: 4096 exec/s: 5010 rss: 304Mb L: 4095/4096 MS: 3 ChangeASCIIInt-CMP-ManualDict- DE: "\017\000"-"Regular"-
#848813	REDUCE cov: 917 ft: 4126 corp: 920/462Kb lim: 4096 exec/s: 5022 rss: 304Mb L: 74/4096 MS: 5 ShuffleBytes-PersAutoDict-InsertByte-InsertByte-EraseBytes- DE: "H*\002\000"-
#849199	REDUCE cov: 917 ft: 4126 corp: 920/462Kb lim: 4096 exec/s: 5024 rss: 304Mb L: 30/4096 MS: 1 EraseBytes-
#849801	REDUCE cov: 917 ft: 4126 corp: 920/462Kb lim: 4096 exec/s: 5028 rss: 304Mb L: 36/4096 MS: 2 PersAutoDict-EraseBytes- DE: "\000\001\000\000\000\000\000\000"-
#849932	REDUCE cov: 917 ft: 4126 corp: 920/462Kb lim: 4096 exec/s: 5029 rss: 304Mb L: 31/4096 MS: 1 EraseBytes-
#850618	REDUCE cov: 917 ft: 4126 corp: 920/462Kb lim: 4096 exec/s: 5033 rss: 304Mb L: 1375/4096 MS: 1 EraseBytes-
#850981	REDUCE cov: 917 ft: 4126 corp: 920/462Kb lim: 4096 exec/s: 5005 rss: 304Mb L: 316/4096 MS: 3 EraseBytes-ChangeByte-CopyPart-
#855954	REDUCE cov: 917 ft: 4126 corp: 920/462Kb lim: 4096 exec/s: 5035 rss: 304Mb L: 116/4096 MS: 3 ShuffleBytes-EraseBytes-CrossOver-
#856985	REDUCE cov: 917 ft: 4126 corp: 920/462Kb lim: 4096 exec/s: 5011 rss: 304Mb L: 157/4096 MS: 1 EraseBytes-
#857161	REDUCE cov: 917 ft: 4128 corp: 921/462Kb lim: 4096 exec/s: 5012 rss: 304Mb L: 107/4096 MS: 1 ChangeASCIIInt-
#857252	REDUCE cov: 917 ft: 4128 corp: 921/462Kb lim: 4096 exec/s: 5013 rss: 304Mb L: 473/4096 MS: 1 EraseBytes-
#857521	REDUCE cov: 917 ft: 4128 corp: 921/462Kb lim: 4096 exec/s: 5014 rss: 304Mb L: 108/4096 MS: 4 ChangeASCIIInt-CrossOver-EraseBytes-InsertByte-
#859612	REDUCE cov: 917 ft: 4128 corp: 921/462Kb lim: 4096 exec/s: 5026 rss: 308Mb L: 231/4096 MS: 1 EraseBytes-
#859866	REDUCE cov: 917 ft: 4128 corp: 921/462Kb lim: 4096 exec/s: 5028 rss: 308Mb L: 92/4096 MS: 4 InsertByte-ChangeBit-ChangeBit-EraseBytes-
#863988	REDUCE cov: 917 ft: 4128 corp: 921/462Kb lim: 4096 exec/s: 5023 rss: 308Mb L: 50/4096 MS: 2 InsertByte-EraseBytes-
#864036	REDUCE cov: 917 ft: 4128 corp: 921/461Kb lim: 4096 exec/s: 5023 rss: 308Mb L: 3860/4096 MS: 3 PersAutoDict-ChangeBit-CrossOver- DE: "\001\000\000\003"-
#864297	REDUCE cov: 917 ft: 4128 corp: 921/461Kb lim: 4096 exec/s: 5024 rss: 308Mb L: 517/4096 MS: 1 EraseBytes-
#866335	REDUCE cov: 917 ft: 4128 corp: 921/461Kb lim: 4096 exec/s: 5007 rss: 308Mb L: 228/4096 MS: 3 ChangeByte-EraseBytes-ShuffleBytes-
#866820	REDUCE cov: 917 ft: 4128 corp: 921/461Kb lim: 4096 exec/s: 5010 rss: 308Mb L: 581/4096 MS: 5 ChangeASCIIInt-ShuffleBytes-ShuffleBytes-ChangeBit-EraseBytes-
#868011	REDUCE cov: 917 ft: 4128 corp: 921/461Kb lim: 4096 exec/s: 5017 rss: 308Mb L: 282/4096 MS: 1 EraseBytes-
#869070	REDUCE cov: 917 ft: 4128 corp: 921/461Kb lim: 4096 exec/s: 5023 rss: 308Mb L: 302/4096 MS: 4 ChangeByte-EraseBytes-CopyPart-InsertRepeatedBytes-
#869396	REDUCE cov: 917 ft: 4128 corp: 921/461Kb lim: 4096 exec/s: 5025 rss: 308Mb L: 13/4096 MS: 1 EraseBytes-
#869405	REDUCE cov: 917 ft: 4128 corp: 921/461Kb lim: 4096 exec/s: 5025 rss: 308Mb L: 3940/4096 MS: 4 PersAutoDict-ChangeASCIIInt-ShuffleBytes-EraseBytes- DE: "\000\010"-
#869422	REDUCE cov: 917 ft: 4128 corp: 921/461Kb lim: 4096 exec/s: 5025 rss: 308Mb L: 113/4096 MS: 2 ChangeBit-EraseBytes-
#869784	REDUCE cov: 917 ft: 4128 corp: 921/461Kb lim: 4096 exec/s: 5027 rss: 308Mb L: 224/4096 MS: 2 InsertRepeatedBytes-EraseBytes-
#869820	REDUCE cov: 917 ft: 4128 corp: 921/461Kb lim: 4096 exec/s: 5027 rss: 308Mb L: 2263/4096 MS: 1 EraseBytes-
#871211	REDUCE cov: 917 ft: 4128 corp: 921/461Kb lim: 4096 exec/s: 5006 rss: 308Mb L: 97/4096 MS: 1 EraseBytes-
#871317	REDUCE cov: 917 ft: 4128 corp: 921/461Kb lim: 4096 exec/s: 5007 rss: 308Mb L: 11/4096 MS: 1 EraseBytes-
#871688	REDUCE cov: 917 ft: 4128 corp: 921/461Kb lim: 4096 exec/s: 5009 rss: 308Mb L: 546/4096 MS: 1 EraseBytes-
#872016	REDUCE cov: 917 ft: 4128 corp: 921/461Kb lim: 4096 exec/s: 5011 rss: 308Mb L: 292/4096 MS: 3 EraseBytes-InsertByte-InsertRepeatedBytes-
#872339	REDUCE cov: 917 ft: 4128 corp: 921/461Kb lim: 4096 exec/s: 5013 rss: 308Mb L: 34/4096 MS: 3 ShuffleBytes-ManualDict-EraseBytes- DE: "Large Window Brotli"-
#873327	REDUCE cov: 917 ft: 4128 corp: 921/461Kb lim: 4096 exec/s: 5019 rss: 308Mb L: 49/4096 MS: 3 ChangeASCIIInt-ChangeBit-EraseBytes-
#874723	REDUCE cov: 917 ft: 4128 corp: 921/461Kb lim: 4096 exec/s: 5027 rss: 308Mb L: 74/4096 MS: 1 EraseBytes-
#875725	NEW    cov: 917 ft: 4129 corp: 922/461Kb lim: 4096 exec/s: 5004 rss: 308Mb L: 59/4096 MS: 2 CopyPart-InsertByte-
#876492	REDUCE cov: 917 ft: 4129 corp: 922/461Kb lim: 4096 exec/s: 5008 rss: 308Mb L: 3633/4096 MS: 2 ChangeBinInt-EraseBytes-
#876658	REDUCE cov: 917 ft: 4129 corp: 922/461Kb lim: 4096 exec/s: 5009 rss: 308Mb L: 12/4096 MS: 1 EraseBytes-
#877279	REDUCE cov: 917 ft: 4129 corp: 922/461Kb lim: 4096 exec/s: 5013 rss: 308Mb L: 99/4096 MS: 1 EraseBytes-
#878475	REDUCE cov: 917 ft: 4129 corp: 922/461Kb lim: 4096 exec/s: 5019 rss: 308Mb L: 65/4096 MS: 1 EraseBytes-
#878774	REDUCE cov: 917 ft: 4129 corp: 922/461Kb lim: 4096 exec/s: 5021 rss: 308Mb L: 9/4096 MS: 4 InsertByte-ChangeByte-ChangeBinInt-EraseBytes-
#879060	REDUCE cov: 917 ft: 4129 corp: 922/461Kb lim: 4096 exec/s: 5023 rss: 308Mb L: 254/4096 MS: 1 EraseBytes-
#879951	REDUCE cov: 917 ft: 4129 corp: 922/461Kb lim: 4096 exec/s: 5028 rss: 308Mb L: 36/4096 MS: 1 EraseBytes-
#880447	REDUCE cov: 917 ft: 4129 corp: 922/461Kb lim: 4096 exec/s: 5031 rss: 308Mb L: 7/4096 MS: 1 EraseBytes-
#881374	REDUCE cov: 917 ft: 4129 corp: 922/461Kb lim: 4096 exec/s: 5007 rss: 308Mb L: 2005/4096 MS: 2 ChangeByte-EraseBytes-
#884895	NEW    cov: 917 ft: 4130 corp: 923/461Kb lim: 4096 exec/s: 5027 rss: 308Mb L: 58/4096 MS: 1 ChangeBinInt-
#885436	REDUCE cov: 917 ft: 4130 corp: 923/461Kb lim: 4096 exec/s: 5030 rss: 308Mb L: 60/4096 MS: 1 EraseBytes-
#886180	REDUCE cov: 917 ft: 4133 corp: 924/461Kb lim: 4096 exec/s: 5006 rss: 308Mb L: 78/4096 MS: 4 CMP-EraseBytes-CrossOver-ChangeByte- DE: "\000\000\000\000\000\000\037\346"-
#886786	REDUCE cov: 917 ft: 4133 corp: 924/461Kb lim: 4096 exec/s: 5010 rss: 308Mb L: 672/4096 MS: 1 EraseBytes-
#886847	REDUCE cov: 917 ft: 4143 corp: 925/461Kb lim: 4096 exec/s: 5010 rss: 308Mb L: 66/4096 MS: 1 CopyPart-
#887124	REDUCE cov: 917 ft: 4151 corp: 926/461Kb lim: 4096 exec/s: 5012 rss: 308Mb L: 135/4096 MS: 2 CrossOver-InsertRepeatedBytes-
#887600	NEW    cov: 917 ft: 4152 corp: 927/461Kb lim: 4096 exec/s: 5014 rss: 308Mb L: 68/4096 MS: 1 EraseBytes-
#887732	REDUCE cov: 917 ft: 4152 corp: 927/461Kb lim: 4096 exec/s: 5015 rss: 308Mb L: 256/4096 MS: 2 InsertByte-EraseBytes-
#888564	REDUCE cov: 917 ft: 4152 corp: 927/461Kb lim: 4096 exec/s: 5020 rss: 308Mb L: 76/4096 MS: 2 PersAutoDict-EraseBytes- DE: "\243\303\377\000\000\000\000\000"-
#888610	REDUCE cov: 917 ft: 4152 corp: 927/461Kb lim: 4096 exec/s: 5020 rss: 308Mb L: 882/4096 MS: 1 EraseBytes-
#888792	REDUCE cov: 917 ft: 4152 corp: 927/461Kb lim: 4096 exec/s: 5021 rss: 308Mb L: 401/4096 MS: 2 EraseBytes-InsertByte-
#888894	REDUCE cov: 917 ft: 4152 corp: 927/461Kb lim: 4096 exec/s: 5022 rss: 308Mb L: 37/4096 MS: 2 ChangeBit-EraseBytes-
#889461	REDUCE cov: 917 ft: 4152 corp: 927/461Kb lim: 4096 exec/s: 5025 rss: 308Mb L: 61/4096 MS: 2 InsertByte-EraseBytes-
#889843	REDUCE cov: 917 ft: 4152 corp: 927/461Kb lim: 4096 exec/s: 5027 rss: 308Mb L: 155/4096 MS: 2 ChangeBit-EraseBytes-
#891469	REDUCE cov: 917 ft: 4152 corp: 927/461Kb lim: 4096 exec/s: 5008 rss: 308Mb L: 177/4096 MS: 1 EraseBytes-
#893465	REDUCE cov: 917 ft: 4152 corp: 927/461Kb lim: 4096 exec/s: 5019 rss: 308Mb L: 154/4096 MS: 1 EraseBytes-
#893542	REDUCE cov: 917 ft: 4152 corp: 927/461Kb lim: 4096 exec/s: 5019 rss: 308Mb L: 1347/4096 MS: 2 ChangeBinInt-EraseBytes-
#894033	REDUCE cov: 917 ft: 4152 corp: 927/461Kb lim: 4096 exec/s: 5022 rss: 308Mb L: 17/4096 MS: 1 EraseBytes-
#896533	REDUCE cov: 917 ft: 4152 corp: 927/461Kb lim: 4096 exec/s: 5008 rss: 308Mb L: 3345/4096 MS: 5 CopyPart-ChangeBit-ManualDict-ChangeBit-EraseBytes- DE: "[]"-
#898901	NEW    cov: 917 ft: 4155 corp: 928/461Kb lim: 4096 exec/s: 5021 rss: 308Mb L: 67/4096 MS: 3 InsertByte-ShuffleBytes-ChangeByte-
#899087	REDUCE cov: 917 ft: 4155 corp: 928/461Kb lim: 4096 exec/s: 5022 rss: 308Mb L: 87/4096 MS: 1 EraseBytes-
#899753	REDUCE cov: 917 ft: 4155 corp: 928/461Kb lim: 4096 exec/s: 5026 rss: 308Mb L: 42/4096 MS: 1 EraseBytes-
#900942	REDUCE cov: 917 ft: 4155 corp: 928/461Kb lim: 4096 exec/s: 5033 rss: 308Mb L: 65/4096 MS: 4 ChangeBit-CopyPart-InsertByte-EraseBytes-
#903148	REDUCE cov: 917 ft: 4155 corp: 928/461Kb lim: 4096 exec/s: 5017 rss: 308Mb L: 42/4096 MS: 1 EraseBytes-
#904308	REDUCE cov: 917 ft: 4155 corp: 928/461Kb lim: 4096 exec/s: 5023 rss: 308Mb L: 26/4096 MS: 5 InsertByte-CopyPart-CopyPart-ShuffleBytes-EraseBytes-
#904320	REDUCE cov: 917 ft: 4155 corp: 928/461Kb lim: 4096 exec/s: 5024 rss: 308Mb L: 81/4096 MS: 2 InsertByte-EraseBytes-
#904916	REDUCE cov: 917 ft: 4155 corp: 928/461Kb lim: 4096 exec/s: 5027 rss: 308Mb L: 13/4096 MS: 1 EraseBytes-
#905627	REDUCE cov: 917 ft: 4155 corp: 928/461Kb lim: 4096 exec/s: 5031 rss: 308Mb L: 9/4096 MS: 1 EraseBytes-
#906024	REDUCE cov: 917 ft: 4155 corp: 928/461Kb lim: 4096 exec/s: 5005 rss: 308Mb L: 1271/4096 MS: 2 CopyPart-EraseBytes-
#906192	REDUCE cov: 917 ft: 4155 corp: 928/461Kb lim: 4096 exec/s: 5006 rss: 308Mb L: 111/4096 MS: 3 ShuffleBytes-ChangeByte-EraseBytes-
#906836	REDUCE cov: 917 ft: 4155 corp: 928/460Kb lim: 4096 exec/s: 5010 rss: 308Mb L: 997/4096 MS: 4 CopyPart-ChangeBit-ChangeBinInt-EraseBytes-
#907211	REDUCE cov: 917 ft: 4155 corp: 928/460Kb lim: 4096 exec/s: 5012 rss: 308Mb L: 11/4096 MS: 5 PersAutoDict-InsertByte-CrossOver-EraseBytes-InsertByte- DE: ")\000\000\000\000\000\000\000"-
#907419	REDUCE cov: 917 ft: 4155 corp: 928/460Kb lim: 4096 exec/s: 5013 rss: 308Mb L: 2061/4096 MS: 3 ChangeBinInt-ShuffleBytes-EraseBytes-
#908632	REDUCE cov: 917 ft: 4155 corp: 928/460Kb lim: 4096 exec/s: 5020 rss: 308Mb L: 44/4096 MS: 3 ChangeByte-ChangeByte-EraseBytes-
#909089	REDUCE cov: 917 ft: 4155 corp: 928/460Kb lim: 4096 exec/s: 5022 rss: 308Mb L: 100/4096 MS: 2 ShuffleBytes-EraseBytes-
#909550	NEW    cov: 917 ft: 4156 corp: 929/460Kb lim: 4096 exec/s: 5025 rss: 308Mb L: 68/4096 MS: 1 ChangeBinInt-
#909606	REDUCE cov: 917 ft: 4156 corp: 929/460Kb lim: 4096 exec/s: 5025 rss: 308Mb L: 58/4096 MS: 1 EraseBytes-
#909702	REDUCE cov: 917 ft: 4156 corp: 929/460Kb lim: 4096 exec/s: 5025 rss: 308Mb L: 58/4096 MS: 1 EraseBytes-
#910013	REDUCE cov: 917 ft: 4158 corp: 930/460Kb lim: 4096 exec/s: 5027 rss: 308Mb L: 99/4096 MS: 1 InsertRepeatedBytes-
#910834	REDUCE cov: 917 ft: 4158 corp: 930/460Kb lim: 4096 exec/s: 5032 rss: 308Mb L: 126/4096 MS: 1 EraseBytes-
#912064	REDUCE cov: 917 ft: 4158 corp: 930/460Kb lim: 4096 exec/s: 5011 rss: 308Mb L: 30/4096 MS: 5 ChangeBit-InsertByte-InsertByte-ShuffleBytes-EraseBytes-
#912110	REDUCE cov: 917 ft: 4158 corp: 930/460Kb lim: 4096 exec/s: 5011 rss: 308Mb L: 97/4096 MS: 1 EraseBytes-
#912383	REDUCE cov: 917 ft: 4158 corp: 930/460Kb lim: 4096 exec/s: 5013 rss: 308Mb L: 135/4096 MS: 3 ChangeASCIIInt-ManualDict-EraseBytes- DE: "INVALID"-
#914307	REDUCE cov: 917 ft: 4158 corp: 930/460Kb lim: 4096 exec/s: 5023 rss: 308Mb L: 6/4096 MS: 4 ChangeBinInt-InsertByte-EraseBytes-ChangeBinInt-
#914503	REDUCE cov: 917 ft: 4158 corp: 930/460Kb lim: 4096 exec/s: 5024 rss: 308Mb L: 83/4096 MS: 1 EraseBytes-
#914739	REDUCE cov: 917 ft: 4158 corp: 930/460Kb lim: 4096 exec/s: 5026 rss: 308Mb L: 14/4096 MS: 1 EraseBytes-
#915615	REDUCE cov: 917 ft: 4158 corp: 930/460Kb lim: 4096 exec/s: 5003 rss: 308Mb L: 64/4096 MS: 1 EraseBytes-
#915841	REDUCE cov: 917 ft: 4158 corp: 930/460Kb lim: 4096 exec/s: 5004 rss: 308Mb L: 210/4096 MS: 1 EraseBytes-
#917763	REDUCE cov: 917 ft: 4158 corp: 930/460Kb lim: 4096 exec/s: 5015 rss: 308Mb L: 186/4096 MS: 2 EraseBytes-InsertByte-
#918400	REDUCE cov: 917 ft: 4158 corp: 930/460Kb lim: 4096 exec/s: 5018 rss: 308Mb L: 16/4096 MS: 2 CrossOver-EraseBytes-
#918408	REDUCE cov: 917 ft: 4158 corp: 930/460Kb lim: 4096 exec/s: 5018 rss: 308Mb L: 23/4096 MS: 3 InsertByte-CrossOver-EraseBytes-
#918942	REDUCE cov: 917 ft: 4158 corp: 930/460Kb lim: 4096 exec/s: 5021 rss: 308Mb L: 35/4096 MS: 4 ManualDict-ChangeBit-CrossOver-EraseBytes- DE: "[]"-
#919738	REDUCE cov: 917 ft: 4158 corp: 930/460Kb lim: 4096 exec/s: 5025 rss: 308Mb L: 28/4096 MS: 1 EraseBytes-
#920519	REDUCE cov: 917 ft: 4158 corp: 930/460Kb lim: 4096 exec/s: 5002 rss: 308Mb L: 22/4096 MS: 1 EraseBytes-
#921832	REDUCE cov: 917 ft: 4158 corp: 930/460Kb lim: 4096 exec/s: 5009 rss: 308Mb L: 111/4096 MS: 3 ChangeByte-ChangeBinInt-EraseBytes-
#921841	REDUCE cov: 917 ft: 4158 corp: 930/460Kb lim: 4096 exec/s: 5010 rss: 308Mb L: 182/4096 MS: 4 ManualDict-ChangeBinInt-ChangeBit-EraseBytes- DE: "t \\4ize \\2\\xc2\\xa0\\4ous \\5 the \\2e "-
#922962	REDUCE cov: 917 ft: 4158 corp: 930/460Kb lim: 4096 exec/s: 5016 rss: 308Mb L: 23/4096 MS: 1 EraseBytes-
#924053	REDUCE cov: 917 ft: 4158 corp: 930/460Kb lim: 4096 exec/s: 5022 rss: 308Mb L: 75/4096 MS: 1 EraseBytes-
#925230	REDUCE cov: 917 ft: 4159 corp: 931/461Kb lim: 4096 exec/s: 5001 rss: 308Mb L: 195/4096 MS: 2 InsertRepeatedBytes-CopyPart-
#925397	NEW    cov: 917 ft: 4161 corp: 932/461Kb lim: 4096 exec/s: 5002 rss: 308Mb L: 341/4096 MS: 2 ManualDict-CopyPart- DE: "[]"-
#926574	REDUCE cov: 917 ft: 4161 corp: 932/461Kb lim: 4096 exec/s: 5008 rss: 308Mb L: 125/4096 MS: 2 ChangeBit-EraseBytes-
#927684	REDUCE cov: 917 ft: 4161 corp: 932/461Kb lim: 4096 exec/s: 5014 rss: 308Mb L: 54/4096 MS: 5 PersAutoDict-CMP-ChangeByte-CMP-EraseBytes- DE: "\376\377\377\377\377\377\377\321"-"\000\000\000\000\000\000\000\000"-"\367\037\000\000\000\000\000\000"-
#927908	REDUCE cov: 917 ft: 4161 corp: 932/461Kb lim: 4096 exec/s: 5015 rss: 308Mb L: 10/4096 MS: 4 InsertByte-PersAutoDict-EraseBytes-ChangeBinInt- DE: "\000\000\023B"-
#927971	REDUCE cov: 917 ft: 4161 corp: 932/461Kb lim: 4096 exec/s: 5016 rss: 308Mb L: 592/4096 MS: 3 EraseBytes-ChangeBinInt-PersAutoDict- DE: "\372\377\377\377"-
#928037	NEW    cov: 917 ft: 4163 corp: 933/461Kb lim: 4096 exec/s: 5016 rss: 308Mb L: 107/4096 MS: 1 ChangeBit-
#928825	NEW    cov: 917 ft: 4166 corp: 934/461Kb lim: 4096 exec/s: 5020 rss: 308Mb L: 343/4096 MS: 3 CopyPart-PersAutoDict-ChangeBinInt- DE: "\377\003"-
#928838	REDUCE cov: 917 ft: 4166 corp: 934/461Kb lim: 4096 exec/s: 5020 rss: 308Mb L: 21/4096 MS: 3 CrossOver-EraseBytes-CopyPart-
#928944	REDUCE cov: 917 ft: 4166 corp: 934/461Kb lim: 4096 exec/s: 5021 rss: 308Mb L: 54/4096 MS: 1 EraseBytes-
#929486	REDUCE cov: 917 ft: 4166 corp: 934/461Kb lim: 4096 exec/s: 4997 rss: 308Mb L: 911/4096 MS: 2 InsertByte-EraseBytes-
#930480	REDUCE cov: 917 ft: 4166 corp: 934/461Kb lim: 4096 exec/s: 5002 rss: 308Mb L: 67/4096 MS: 4 CMP-ChangeBit-ChangeByte-EraseBytes- DE: "\370\377\377\377"-
#932097	REDUCE cov: 917 ft: 4166 corp: 934/461Kb lim: 4096 exec/s: 5011 rss: 308Mb L: 59/4096 MS: 2 ChangeBinInt-EraseBytes-
#933843	REDUCE cov: 917 ft: 4166 corp: 934/461Kb lim: 4096 exec/s: 5020 rss: 308Mb L: 191/4096 MS: 1 EraseBytes-
#935207	REDUCE cov: 917 ft: 4166 corp: 934/461Kb lim: 4096 exec/s: 5001 rss: 308Mb L: 528/4096 MS: 4 ChangeBit-ShuffleBytes-ChangeASCIIInt-EraseBytes-
#936208	REDUCE cov: 917 ft: 4166 corp: 934/461Kb lim: 4096 exec/s: 5006 rss: 308Mb L: 125/4096 MS: 1 EraseBytes-
#936369	REDUCE cov: 917 ft: 4166 corp: 934/461Kb lim: 4096 exec/s: 5007 rss: 308Mb L: 57/4096 MS: 1 EraseBytes-
#936603	REDUCE cov: 917 ft: 4166 corp: 934/460Kb lim: 4096 exec/s: 5008 rss: 308Mb L: 1923/4096 MS: 4 EraseBytes-ChangeBinInt-CrossOver-ShuffleBytes-
#936711	NEW    cov: 917 ft: 4169 corp: 935/461Kb lim: 4096 exec/s: 5009 rss: 308Mb L: 470/4096 MS: 3 ShuffleBytes-InsertRepeatedBytes-PersAutoDict- DE: "!\000\000\000\000\000\000\000"-
#937127	REDUCE cov: 917 ft: 4169 corp: 935/461Kb lim: 4096 exec/s: 5011 rss: 308Mb L: 62/4096 MS: 1 EraseBytes-
#939414	REDUCE cov: 917 ft: 4169 corp: 935/461Kb lim: 4096 exec/s: 4996 rss: 309Mb L: 45/4096 MS: 2 CrossOver-EraseBytes-
#939818	REDUCE cov: 917 ft: 4169 corp: 935/461Kb lim: 4096 exec/s: 4999 rss: 309Mb L: 340/4096 MS: 4 ChangeByte-CMP-ChangeBinInt-EraseBytes- DE: "\033?"-
#940540	REDUCE cov: 917 ft: 4169 corp: 935/461Kb lim: 4096 exec/s: 5002 rss: 309Mb L: 58/4096 MS: 2 CMP-EraseBytes- DE: "\000\000\000\000\000\000\000\021"-
#941206	REDUCE cov: 917 ft: 4169 corp: 935/461Kb lim: 4096 exec/s: 5006 rss: 309Mb L: 95/4096 MS: 1 EraseBytes-
#942022	REDUCE cov: 917 ft: 4169 corp: 935/461Kb lim: 4096 exec/s: 5010 rss: 309Mb L: 24/4096 MS: 1 EraseBytes-
#943999	REDUCE cov: 917 ft: 4169 corp: 935/461Kb lim: 4096 exec/s: 4994 rss: 309Mb L: 327/4096 MS: 2 PersAutoDict-EraseBytes- DE: "\377\000"-
#944837	REDUCE cov: 917 ft: 4169 corp: 935/461Kb lim: 4096 exec/s: 4999 rss: 309Mb L: 52/4096 MS: 3 ChangeBinInt-ChangeBit-EraseBytes-
#945663	REDUCE cov: 917 ft: 4169 corp: 935/461Kb lim: 4096 exec/s: 5003 rss: 309Mb L: 1860/4096 MS: 1 EraseBytes-
#947024	REDUCE cov: 917 ft: 4169 corp: 935/461Kb lim: 4096 exec/s: 4984 rss: 309Mb L: 165/4096 MS: 1 EraseBytes-
#948850	REDUCE cov: 917 ft: 4169 corp: 935/461Kb lim: 4096 exec/s: 4993 rss: 309Mb L: 42/4096 MS: 1 EraseBytes-
#948996	REDUCE cov: 917 ft: 4169 corp: 935/461Kb lim: 4096 exec/s: 4994 rss: 309Mb L: 17/4096 MS: 1 EraseBytes-
#949862	REDUCE cov: 917 ft: 4169 corp: 935/461Kb lim: 4096 exec/s: 4999 rss: 309Mb L: 31/4096 MS: 1 EraseBytes-
#950918	REDUCE cov: 917 ft: 4169 corp: 935/461Kb lim: 4096 exec/s: 5004 rss: 309Mb L: 27/4096 MS: 1 EraseBytes-
#950965	REDUCE cov: 917 ft: 4169 corp: 935/461Kb lim: 4096 exec/s: 5005 rss: 309Mb L: 31/4096 MS: 2 ChangeByte-EraseBytes-
#951963	REDUCE cov: 917 ft: 4169 corp: 935/461Kb lim: 4096 exec/s: 4984 rss: 309Mb L: 61/4096 MS: 3 InsertByte-ShuffleBytes-EraseBytes-
#952409	REDUCE cov: 917 ft: 4169 corp: 935/461Kb lim: 4096 exec/s: 4986 rss: 309Mb L: 168/4096 MS: 1 EraseBytes-
#954710	REDUCE cov: 917 ft: 4172 corp: 936/461Kb lim: 4096 exec/s: 4972 rss: 309Mb L: 93/4096 MS: 1 InsertRepeatedBytes-
#954953	REDUCE cov: 917 ft: 4172 corp: 936/461Kb lim: 4096 exec/s: 4973 rss: 309Mb L: 264/4096 MS: 3 CopyPart-PersAutoDict-EraseBytes- DE: "\017\000\000\000\000\000\000\000"-
#955114	REDUCE cov: 917 ft: 4172 corp: 936/461Kb lim: 4096 exec/s: 4974 rss: 309Mb L: 904/4096 MS: 1 EraseBytes-
#955656	REDUCE cov: 917 ft: 4172 corp: 936/461Kb lim: 4096 exec/s: 4977 rss: 309Mb L: 106/4096 MS: 2 ChangeASCIIInt-EraseBytes-
#956198	REDUCE cov: 917 ft: 4172 corp: 936/461Kb lim: 4096 exec/s: 4980 rss: 309Mb L: 31/4096 MS: 2 InsertByte-EraseBytes-
#956514	REDUCE cov: 917 ft: 4172 corp: 936/461Kb lim: 4096 exec/s: 4981 rss: 309Mb L: 91/4096 MS: 1 EraseBytes-
#956701	REDUCE cov: 917 ft: 4172 corp: 936/461Kb lim: 4096 exec/s: 4982 rss: 309Mb L: 114/4096 MS: 2 ChangeByte-EraseBytes-
#957002	REDUCE cov: 917 ft: 4172 corp: 936/461Kb lim: 4096 exec/s: 4984 rss: 309Mb L: 2627/4096 MS: 1 EraseBytes-
#957508	REDUCE cov: 917 ft: 4172 corp: 936/461Kb lim: 4096 exec/s: 4987 rss: 309Mb L: 410/4096 MS: 1 EraseBytes-
#960011	NEW    cov: 917 ft: 4173 corp: 937/461Kb lim: 4096 exec/s: 4974 rss: 309Mb L: 69/4096 MS: 3 ShuffleBytes-ChangeBit-InsertByte-
#960447	REDUCE cov: 917 ft: 4173 corp: 937/461Kb lim: 4096 exec/s: 4976 rss: 309Mb L: 467/4096 MS: 1 EraseBytes-
#964716	REDUCE cov: 917 ft: 4173 corp: 937/459Kb lim: 4096 exec/s: 4998 rss: 309Mb L: 796/4096 MS: 4 InsertByte-EraseBytes-ShuffleBytes-EraseBytes-
#967341	REDUCE cov: 917 ft: 4173 corp: 937/459Kb lim: 4096 exec/s: 4986 rss: 309Mb L: 20/4096 MS: 5 ChangeASCIIInt-InsertByte-CMP-PersAutoDict-EraseBytes- DE: "\000\000"-"\001\000\000\000\000\000\000\034"-
#967612	REDUCE cov: 917 ft: 4173 corp: 937/459Kb lim: 4096 exec/s: 4987 rss: 309Mb L: 1982/4096 MS: 1 EraseBytes-
#968578	REDUCE cov: 917 ft: 4173 corp: 937/459Kb lim: 4096 exec/s: 4992 rss: 309Mb L: 16/4096 MS: 1 EraseBytes-
#969184	REDUCE cov: 917 ft: 4173 corp: 937/459Kb lim: 4096 exec/s: 4995 rss: 309Mb L: 36/4096 MS: 1 EraseBytes-
#969630	REDUCE cov: 917 ft: 4173 corp: 937/459Kb lim: 4096 exec/s: 4972 rss: 309Mb L: 154/4096 MS: 1 EraseBytes-
#969862	REDUCE cov: 917 ft: 4173 corp: 937/459Kb lim: 4096 exec/s: 4973 rss: 309Mb L: 464/4096 MS: 2 CrossOver-EraseBytes-
#972433	REDUCE cov: 917 ft: 4173 corp: 937/459Kb lim: 4096 exec/s: 4986 rss: 309Mb L: 145/4096 MS: 1 EraseBytes-
#973149	REDUCE cov: 917 ft: 4173 corp: 937/459Kb lim: 4096 exec/s: 4990 rss: 309Mb L: 16/4096 MS: 1 EraseBytes-
#973805	REDUCE cov: 917 ft: 4173 corp: 937/459Kb lim: 4096 exec/s: 4993 rss: 309Mb L: 52/4096 MS: 1 EraseBytes-
#975632	REDUCE cov: 917 ft: 4173 corp: 937/459Kb lim: 4096 exec/s: 4977 rss: 309Mb L: 23/4096 MS: 2 ShuffleBytes-EraseBytes-
#976593	REDUCE cov: 917 ft: 4173 corp: 937/459Kb lim: 4096 exec/s: 4982 rss: 309Mb L: 371/4096 MS: 1 EraseBytes-
#978719	REDUCE cov: 917 ft: 4173 corp: 937/459Kb lim: 4096 exec/s: 4993 rss: 309Mb L: 555/4096 MS: 1 EraseBytes-
#979455	REDUCE cov: 917 ft: 4173 corp: 937/459Kb lim: 4096 exec/s: 4997 rss: 309Mb L: 385/4096 MS: 1 EraseBytes-
#979828	REDUCE cov: 917 ft: 4173 corp: 937/459Kb lim: 4096 exec/s: 4999 rss: 309Mb L: 192/4096 MS: 3 CrossOver-CrossOver-EraseBytes-
#980769	REDUCE cov: 917 ft: 4173 corp: 937/459Kb lim: 4096 exec/s: 4978 rss: 309Mb L: 1022/4096 MS: 1 EraseBytes-
#981362	REDUCE cov: 917 ft: 4173 corp: 937/458Kb lim: 4096 exec/s: 4981 rss: 309Mb L: 837/4096 MS: 3 InsertRepeatedBytes-InsertByte-CrossOver-
#981440	REDUCE cov: 917 ft: 4173 corp: 937/458Kb lim: 4096 exec/s: 4981 rss: 309Mb L: 369/4096 MS: 3 ChangeASCIIInt-EraseBytes-ManualDict- DE: " not \\3er \\3al \\4ful \\4ive \\5less \\4es"-
#981466	REDUCE cov: 917 ft: 4173 corp: 937/458Kb lim: 4096 exec/s: 4982 rss: 309Mb L: 180/4096 MS: 1 EraseBytes-
#984267	REDUCE cov: 917 ft: 4173 corp: 937/458Kb lim: 4096 exec/s: 4996 rss: 309Mb L: 53/4096 MS: 1 EraseBytes-
#985915	REDUCE cov: 917 ft: 4173 corp: 937/458Kb lim: 4096 exec/s: 4979 rss: 309Mb L: 61/4096 MS: 3 InsertRepeatedBytes-ManualDict-EraseBytes- DE: "[ProcessCommandsInternal] dictionary word: [%.*s],"-
#986151	REDUCE cov: 917 ft: 4173 corp: 937/458Kb lim: 4096 exec/s: 4980 rss: 309Mb L: 318/4096 MS: 1 EraseBytes-
#986219	REDUCE cov: 917 ft: 4174 corp: 938/461Kb lim: 4096 exec/s: 4980 rss: 309Mb L: 2550/4096 MS: 3 CopyPart-ChangeBinInt-ManualDict- DE: "[ProcessCommandsInternal] dictionary word: [%.*s],"-
#986887	REDUCE cov: 917 ft: 4174 corp: 938/461Kb lim: 4096 exec/s: 4984 rss: 309Mb L: 2002/4096 MS: 3 PersAutoDict-ChangeByte-EraseBytes- DE: "\344\377\377\377\377\377\377\377"-
#987338	REDUCE cov: 917 ft: 4174 corp: 938/461Kb lim: 4096 exec/s: 4986 rss: 309Mb L: 1194/4096 MS: 1 CrossOver-
#987339	NEW    cov: 917 ft: 4175 corp: 939/461Kb lim: 4096 exec/s: 4986 rss: 309Mb L: 58/4096 MS: 1 ChangeBit-
#987480	REDUCE cov: 917 ft: 4175 corp: 939/461Kb lim: 4096 exec/s: 4987 rss: 309Mb L: 23/4096 MS: 1 EraseBytes-
#987812	REDUCE cov: 917 ft: 4175 corp: 939/460Kb lim: 4096 exec/s: 4988 rss: 309Mb L: 2567/4096 MS: 2 ChangeByte-EraseBytes-
#988184	REDUCE cov: 917 ft: 4175 corp: 939/460Kb lim: 4096 exec/s: 4990 rss: 309Mb L: 141/4096 MS: 2 EraseBytes-InsertByte-
#988360	REDUCE cov: 917 ft: 4175 corp: 939/460Kb lim: 4096 exec/s: 4991 rss: 309Mb L: 135/4096 MS: 1 EraseBytes-
#988587	REDUCE cov: 917 ft: 4175 corp: 939/460Kb lim: 4096 exec/s: 4992 rss: 309Mb L: 2565/4096 MS: 2 EraseBytes-ChangeBit-
#990938	REDUCE cov: 917 ft: 4175 corp: 939/460Kb lim: 4096 exec/s: 4979 rss: 309Mb L: 90/4096 MS: 1 EraseBytes-
#991029	REDUCE cov: 917 ft: 4175 corp: 939/460Kb lim: 4096 exec/s: 4980 rss: 309Mb L: 27/4096 MS: 1 EraseBytes-
#991590	REDUCE cov: 917 ft: 4175 corp: 939/460Kb lim: 4096 exec/s: 4982 rss: 309Mb L: 508/4096 MS: 1 EraseBytes-
#991671	REDUCE cov: 917 ft: 4175 corp: 939/460Kb lim: 4096 exec/s: 4983 rss: 309Mb L: 330/4096 MS: 1 EraseBytes-
#992833	REDUCE cov: 917 ft: 4175 corp: 939/460Kb lim: 4096 exec/s: 4989 rss: 309Mb L: 21/4096 MS: 2 CrossOver-EraseBytes-
#993516	REDUCE cov: 917 ft: 4175 corp: 939/460Kb lim: 4096 exec/s: 4992 rss: 309Mb L: 2582/4096 MS: 3 InsertRepeatedBytes-CopyPart-EraseBytes-
#994471	REDUCE cov: 917 ft: 4175 corp: 939/460Kb lim: 4096 exec/s: 4997 rss: 309Mb L: 218/4096 MS: 5 ChangeBinInt-CrossOver-InsertRepeatedBytes-ChangeBit-EraseBytes-
#994542	REDUCE cov: 917 ft: 4175 corp: 939/460Kb lim: 4096 exec/s: 4997 rss: 309Mb L: 194/4096 MS: 1 EraseBytes-
#995823	REDUCE cov: 917 ft: 4175 corp: 939/460Kb lim: 4096 exec/s: 4979 rss: 309Mb L: 80/4096 MS: 1 EraseBytes-
#996415	REDUCE cov: 917 ft: 4177 corp: 940/460Kb lim: 4096 exec/s: 4982 rss: 309Mb L: 81/4096 MS: 2 ShuffleBytes-ManualDict- DE: "needs more input"-
#996484	REDUCE cov: 917 ft: 4177 corp: 940/460Kb lim: 4096 exec/s: 4982 rss: 309Mb L: 58/4096 MS: 4 CMP-ShuffleBytes-ChangeBit-EraseBytes- DE: "\001\000\000\000\000\000\000'"-
#996514	REDUCE cov: 917 ft: 4177 corp: 940/460Kb lim: 4096 exec/s: 4982 rss: 309Mb L: 2388/4096 MS: 5 ChangeASCIIInt-CopyPart-EraseBytes-ManualDict-ManualDict- DE: " not \\3er \\3al \\4ful \\4ive \\5less \\4es"-"[ProcessCommandsInternal] dictionary word: [%.*s],"-
#997421	REDUCE cov: 917 ft: 4177 corp: 940/459Kb lim: 4096 exec/s: 4987 rss: 309Mb L: 671/4096 MS: 2 InsertByte-EraseBytes-
#1000124	REDUCE cov: 917 ft: 4177 corp: 940/459Kb lim: 4096 exec/s: 5000 rss: 309Mb L: 211/4096 MS: 3 PersAutoDict-ChangeBinInt-EraseBytes- DE: "\001\000\007|"-
#1000469	REDUCE cov: 917 ft: 4177 corp: 940/459Kb lim: 4096 exec/s: 4977 rss: 309Mb L: 124/4096 MS: 5 ChangeBit-InsertByte-ChangeBit-ManualDict-EraseBytes- DE: "Large Window Brotli"-
#1001501	REDUCE cov: 917 ft: 4177 corp: 940/459Kb lim: 4096 exec/s: 4982 rss: 309Mb L: 10/4096 MS: 2 ChangeBit-EraseBytes-
#1002956	REDUCE cov: 917 ft: 4177 corp: 940/459Kb lim: 4096 exec/s: 4989 rss: 309Mb L: 750/4096 MS: 5 CrossOver-InsertByte-ManualDict-CopyPart-EraseBytes- DE: "INVALID"-
#1003168	REDUCE cov: 917 ft: 4177 corp: 940/459Kb lim: 4096 exec/s: 4990 rss: 309Mb L: 213/4096 MS: 2 EraseBytes-InsertRepeatedBytes-
#1003355	REDUCE cov: 917 ft: 4177 corp: 940/459Kb lim: 4096 exec/s: 4991 rss: 309Mb L: 133/4096 MS: 2 ManualDict-EraseBytes- DE: "Regular"-
#1003435	REDUCE cov: 917 ft: 4177 corp: 940/459Kb lim: 4096 exec/s: 4992 rss: 309Mb L: 208/4096 MS: 5 PersAutoDict-ChangeBinInt-ChangeBinInt-CopyPart-EraseBytes- DE: "\000\004"-
#1003746	REDUCE cov: 917 ft: 4177 corp: 940/459Kb lim: 4096 exec/s: 4993 rss: 309Mb L: 26/4096 MS: 1 EraseBytes-
#1003811	REDUCE cov: 917 ft: 4177 corp: 940/459Kb lim: 4096 exec/s: 4994 rss: 309Mb L: 178/4096 MS: 5 PersAutoDict-ChangeBinInt-ChangeBit-EraseBytes-ChangeBit- DE: "\001\000\000\000"-
#1003973	REDUCE cov: 917 ft: 4177 corp: 940/459Kb lim: 4096 exec/s: 4994 rss: 309Mb L: 162/4096 MS: 2 PersAutoDict-EraseBytes- DE: "!\000\000\000\000\000\000\000"-
#1005855	REDUCE cov: 917 ft: 4177 corp: 940/459Kb lim: 4096 exec/s: 4979 rss: 309Mb L: 4064/4096 MS: 2 ChangeBinInt-EraseBytes-
#1007871	REDUCE cov: 917 ft: 4177 corp: 940/459Kb lim: 4096 exec/s: 4989 rss: 309Mb L: 237/4096 MS: 1 EraseBytes-
#1009022	REDUCE cov: 917 ft: 4177 corp: 940/459Kb lim: 4096 exec/s: 4995 rss: 309Mb L: 13/4096 MS: 1 EraseBytes-
#1009168	REDUCE cov: 917 ft: 4180 corp: 941/459Kb lim: 4096 exec/s: 4971 rss: 309Mb L: 96/4096 MS: 1 InsertByte-
#1009444	REDUCE cov: 917 ft: 4180 corp: 941/459Kb lim: 4096 exec/s: 4972 rss: 309Mb L: 571/4096 MS: 1 EraseBytes-
#1012271	REDUCE cov: 917 ft: 4180 corp: 941/459Kb lim: 4096 exec/s: 4986 rss: 309Mb L: 1930/4096 MS: 2 ChangeBinInt-EraseBytes-
#1013022	REDUCE cov: 917 ft: 4180 corp: 941/459Kb lim: 4096 exec/s: 4990 rss: 309Mb L: 92/4096 MS: 1 EraseBytes-
#1014185	REDUCE cov: 917 ft: 4180 corp: 941/459Kb lim: 4096 exec/s: 4971 rss: 309Mb L: 3833/4096 MS: 3 ShuffleBytes-ChangeByte-EraseBytes-
#1015081	REDUCE cov: 917 ft: 4180 corp: 941/459Kb lim: 4096 exec/s: 4975 rss: 309Mb L: 472/4096 MS: 1 EraseBytes-
#1015641	REDUCE cov: 917 ft: 4180 corp: 941/459Kb lim: 4096 exec/s: 4978 rss: 309Mb L: 139/4096 MS: 5 ChangeBit-ShuffleBytes-CopyPart-EraseBytes-InsertByte-
#1015932	REDUCE cov: 917 ft: 4180 corp: 941/459Kb lim: 4096 exec/s: 4980 rss: 309Mb L: 37/4096 MS: 1 EraseBytes-
#1016334	REDUCE cov: 917 ft: 4180 corp: 941/459Kb lim: 4096 exec/s: 4982 rss: 309Mb L: 49/4096 MS: 2 ShuffleBytes-EraseBytes-
#1016532	REDUCE cov: 917 ft: 4180 corp: 941/459Kb lim: 4096 exec/s: 4983 rss: 309Mb L: 79/4096 MS: 3 ChangeBinInt-ChangeASCIIInt-EraseBytes-
#1017680	REDUCE cov: 917 ft: 4180 corp: 941/459Kb lim: 4096 exec/s: 4988 rss: 309Mb L: 30/4096 MS: 3 ChangeByte-CopyPart-EraseBytes-
#1018046	REDUCE cov: 917 ft: 4180 corp: 941/459Kb lim: 4096 exec/s: 4966 rss: 309Mb L: 107/4096 MS: 1 EraseBytes-
#1018087	REDUCE cov: 917 ft: 4180 corp: 941/459Kb lim: 4096 exec/s: 4966 rss: 309Mb L: 19/4096 MS: 1 EraseBytes-
#1018607	REDUCE cov: 917 ft: 4180 corp: 941/459Kb lim: 4096 exec/s: 4968 rss: 309Mb L: 194/4096 MS: 5 InsertByte-ChangeBit-InsertByte-EraseBytes-InsertByte-
#1018923	REDUCE cov: 917 ft: 4180 corp: 941/459Kb lim: 4096 exec/s: 4970 rss: 309Mb L: 90/4096 MS: 1 EraseBytes-
#1019312	REDUCE cov: 917 ft: 4181 corp: 942/459Kb lim: 4096 exec/s: 4972 rss: 309Mb L: 369/4096 MS: 4 ManualDict-InsertRepeatedBytes-ChangeBinInt-InsertRepeatedBytes- DE: "that \\1\\'\\6 with \\6 from \\4 by \\1(\\6. T"-
#1019611	REDUCE cov: 917 ft: 4181 corp: 942/459Kb lim: 4096 exec/s: 4973 rss: 309Mb L: 2401/4096 MS: 4 ChangeByte-ChangeASCIIInt-ChangeByte-EraseBytes-
#1020192	REDUCE cov: 917 ft: 4181 corp: 942/459Kb lim: 4096 exec/s: 4976 rss: 309Mb L: 71/4096 MS: 1 EraseBytes-
#1020265	REDUCE cov: 917 ft: 4181 corp: 942/459Kb lim: 4096 exec/s: 4976 rss: 309Mb L: 2593/4096 MS: 3 ChangeASCIIInt-EraseBytes-InsertByte-
#1020291	REDUCE cov: 917 ft: 4181 corp: 942/459Kb lim: 4096 exec/s: 4977 rss: 309Mb L: 28/4096 MS: 1 EraseBytes-
#1021750	NEW    cov: 917 ft: 4183 corp: 943/459Kb lim: 4096 exec/s: 4984 rss: 309Mb L: 564/4096 MS: 4 ChangeBinInt-PersAutoDict-CopyPart-CopyPart- DE: "\346\315\000\000"-
#1022464	REDUCE cov: 917 ft: 4183 corp: 943/459Kb lim: 4096 exec/s: 4963 rss: 309Mb L: 531/4096 MS: 4 ChangeBit-EraseBytes-ChangeBit-ManualDict- DE: "that \\1\\'\\6 with \\6 from \\4 by \\1(\\6. T"-
#1023425	NEW    cov: 917 ft: 4184 corp: 944/460Kb lim: 4096 exec/s: 4968 rss: 309Mb L: 1076/4096 MS: 1 CopyPart-
#1023486	REDUCE cov: 917 ft: 4184 corp: 944/460Kb lim: 4096 exec/s: 4968 rss: 309Mb L: 11/4096 MS: 1 EraseBytes-
#1024013	REDUCE cov: 917 ft: 4184 corp: 944/460Kb lim: 4096 exec/s: 4970 rss: 309Mb L: 181/4096 MS: 2 ChangeASCIIInt-EraseBytes-
#1024344	REDUCE cov: 917 ft: 4184 corp: 944/460Kb lim: 4096 exec/s: 4972 rss: 309Mb L: 197/4096 MS: 1 EraseBytes-
#1024850	NEW    cov: 923 ft: 4190 corp: 945/464Kb lim: 4096 exec/s: 4975 rss: 309Mb L: 3520/4096 MS: 1 PersAutoDict- DE: "\315\266"-
#1025026	NEW    cov: 923 ft: 4191 corp: 946/465Kb lim: 4096 exec/s: 4975 rss: 309Mb L: 1077/4096 MS: 1 InsertByte-
#1025157	REDUCE cov: 923 ft: 4191 corp: 946/465Kb lim: 4096 exec/s: 4976 rss: 309Mb L: 65/4096 MS: 1 EraseBytes-
#1026496	REDUCE cov: 923 ft: 4191 corp: 946/464Kb lim: 4096 exec/s: 4982 rss: 309Mb L: 2241/4096 MS: 4 ChangeByte-ChangeBinInt-ChangeBit-EraseBytes-
#1026780	REDUCE cov: 923 ft: 4191 corp: 946/464Kb lim: 4096 exec/s: 4984 rss: 309Mb L: 156/4096 MS: 4 CopyPart-InsertByte-InsertByte-EraseBytes-
#1026859	NEW    cov: 923 ft: 4192 corp: 947/466Kb lim: 4096 exec/s: 4984 rss: 309Mb L: 1272/4096 MS: 4 CopyPart-InsertByte-CopyPart-CrossOver-
#1027325	REDUCE cov: 923 ft: 4192 corp: 947/466Kb lim: 4096 exec/s: 4962 rss: 309Mb L: 89/4096 MS: 1 EraseBytes-
#1027937	REDUCE cov: 923 ft: 4192 corp: 947/465Kb lim: 4096 exec/s: 4965 rss: 309Mb L: 1452/4096 MS: 2 EraseBytes-ManualDict- DE: " not \\3er \\3al \\4ful \\4ive \\5less \\4es"-
#1028505	REDUCE cov: 923 ft: 4192 corp: 947/465Kb lim: 4096 exec/s: 4968 rss: 309Mb L: 325/4096 MS: 3 CMP-ChangeByte-EraseBytes- DE: "\000n\371\221"-
#1030107	REDUCE cov: 923 ft: 4192 corp: 947/465Kb lim: 4096 exec/s: 4976 rss: 309Mb L: 93/4096 MS: 2 EraseBytes-ManualDict- DE: "Regular"-
#1031938	REDUCE cov: 923 ft: 4192 corp: 947/465Kb lim: 4096 exec/s: 4985 rss: 309Mb L: 1818/4096 MS: 1 EraseBytes-
#1033359	REDUCE cov: 923 ft: 4192 corp: 947/465Kb lim: 4096 exec/s: 4968 rss: 309Mb L: 13/4096 MS: 1 EraseBytes-
#1034180	REDUCE cov: 923 ft: 4192 corp: 947/465Kb lim: 4096 exec/s: 4972 rss: 309Mb L: 183/4096 MS: 1 EraseBytes-
#1034727	NEW    cov: 923 ft: 4193 corp: 948/467Kb lim: 4096 exec/s: 4974 rss: 309Mb L: 1929/4096 MS: 2 ShuffleBytes-CopyPart-
#1036603	REDUCE cov: 923 ft: 4193 corp: 948/467Kb lim: 4096 exec/s: 4959 rss: 309Mb L: 30/4096 MS: 1 EraseBytes-
#1036809	REDUCE cov: 923 ft: 4193 corp: 948/467Kb lim: 4096 exec/s: 4960 rss: 309Mb L: 347/4096 MS: 1 EraseBytes-
#1038050	REDUCE cov: 923 ft: 4193 corp: 948/467Kb lim: 4096 exec/s: 4966 rss: 309Mb L: 1479/4096 MS: 1 EraseBytes-
#1039771	REDUCE cov: 923 ft: 4193 corp: 948/467Kb lim: 4096 exec/s: 4974 rss: 309Mb L: 2390/4096 MS: 1 EraseBytes-
#1043394	REDUCE cov: 923 ft: 4193 corp: 948/467Kb lim: 4096 exec/s: 4968 rss: 309Mb L: 22/4096 MS: 3 EraseBytes-CMP-CopyPart- DE: "\377\000"-
#1043959	NEW    cov: 923 ft: 4194 corp: 949/469Kb lim: 4096 exec/s: 4971 rss: 309Mb L: 2030/4096 MS: 5 CrossOver-CopyPart-ChangeBit-InsertByte-CopyPart-
#1044130	REDUCE cov: 923 ft: 4194 corp: 949/469Kb lim: 4096 exec/s: 4972 rss: 309Mb L: 67/4096 MS: 1 EraseBytes-
#1044161	REDUCE cov: 923 ft: 4194 corp: 949/469Kb lim: 4096 exec/s: 4972 rss: 309Mb L: 95/4096 MS: 1 EraseBytes-
#1044182	REDUCE cov: 923 ft: 4194 corp: 949/468Kb lim: 4096 exec/s: 4972 rss: 309Mb L: 1481/4096 MS: 1 EraseBytes-
#1044309	REDUCE cov: 923 ft: 4194 corp: 949/468Kb lim: 4096 exec/s: 4972 rss: 309Mb L: 40/4096 MS: 2 ShuffleBytes-EraseBytes-
#1046477	REDUCE cov: 923 ft: 4194 corp: 949/468Kb lim: 4096 exec/s: 4959 rss: 309Mb L: 1359/4096 MS: 3 ChangeByte-ChangeASCIIInt-EraseBytes-
#1047722	REDUCE cov: 923 ft: 4194 corp: 949/468Kb lim: 4096 exec/s: 4965 rss: 309Mb L: 3439/4096 MS: 5 InsertByte-ChangeByte-EraseBytes-InsertRepeatedBytes-ChangeByte-
#1048203	REDUCE cov: 923 ft: 4194 corp: 949/468Kb lim: 4096 exec/s: 4967 rss: 309Mb L: 11/4096 MS: 1 EraseBytes-
#1048492	REDUCE cov: 923 ft: 4194 corp: 949/468Kb lim: 4096 exec/s: 4969 rss: 309Mb L: 1224/4096 MS: 4 PersAutoDict-CopyPart-EraseBytes-InsertRepeatedBytes- DE: "\036\000\000\000"-
#1048576	pulse  cov: 923 ft: 4194 corp: 949/468Kb lim: 4096 exec/s: 4969 rss: 309Mb
#1048679	REDUCE cov: 923 ft: 4194 corp: 949/468Kb lim: 4096 exec/s: 4970 rss: 309Mb L: 32/4096 MS: 2 ChangeBinInt-EraseBytes-
#1048960	REDUCE cov: 923 ft: 4194 corp: 949/468Kb lim: 4096 exec/s: 4971 rss: 309Mb L: 164/4096 MS: 1 EraseBytes-
#1049087	REDUCE cov: 923 ft: 4194 corp: 949/467Kb lim: 4096 exec/s: 4971 rss: 309Mb L: 1584/4096 MS: 2 ChangeASCIIInt-EraseBytes-
#1050054	REDUCE cov: 923 ft: 4194 corp: 949/467Kb lim: 4096 exec/s: 4976 rss: 309Mb L: 894/4096 MS: 2 ChangeByte-EraseBytes-
#1051405	REDUCE cov: 923 ft: 4194 corp: 949/467Kb lim: 4096 exec/s: 4959 rss: 309Mb L: 184/4096 MS: 1 EraseBytes-
#1051926	REDUCE cov: 923 ft: 4194 corp: 949/467Kb lim: 4096 exec/s: 4961 rss: 309Mb L: 184/4096 MS: 1 EraseBytes-
#1052283	REDUCE cov: 923 ft: 4194 corp: 949/467Kb lim: 4096 exec/s: 4963 rss: 309Mb L: 61/4096 MS: 2 EraseBytes-InsertByte-
#1052854	REDUCE cov: 923 ft: 4194 corp: 949/467Kb lim: 4096 exec/s: 4966 rss: 309Mb L: 213/4096 MS: 1 EraseBytes-
#1052981	REDUCE cov: 923 ft: 4194 corp: 949/467Kb lim: 4096 exec/s: 4966 rss: 309Mb L: 242/4096 MS: 2 ManualDict-EraseBytes- DE: "t \\4ize \\2\\xc2\\xa0\\4ous \\5 the \\2e "-
#1055399	REDUCE cov: 923 ft: 4194 corp: 949/467Kb lim: 4096 exec/s: 4954 rss: 309Mb L: 2497/4096 MS: 3 EraseBytes-ChangeByte-ManualDict- DE: "t \\4ize \\2\\xc2\\xa0\\4ous \\5 the \\2e "-
#1056486	REDUCE cov: 923 ft: 4194 corp: 949/467Kb lim: 4096 exec/s: 4960 rss: 309Mb L: 551/4096 MS: 2 CMP-EraseBytes- DE: "\000\000\000\000\000\000\000\000"-
#1056789	REDUCE cov: 923 ft: 4194 corp: 949/467Kb lim: 4096 exec/s: 4961 rss: 309Mb L: 104/4096 MS: 3 PersAutoDict-ChangeBit-EraseBytes- DE: "\000\000\000\000\000\000\037\356"-
#1056838	REDUCE cov: 923 ft: 4194 corp: 949/467Kb lim: 4096 exec/s: 4961 rss: 309Mb L: 46/4096 MS: 4 ManualDict-CopyPart-EraseBytes-EraseBytes- DE: " not \\3er \\3al \\4ful \\4ive \\5less \\4es"-
#1056920	REDUCE cov: 923 ft: 4194 corp: 949/467Kb lim: 4096 exec/s: 4962 rss: 309Mb L: 656/4096 MS: 2 ChangeBinInt-EraseBytes-
#1056951	REDUCE cov: 923 ft: 4194 corp: 949/467Kb lim: 4096 exec/s: 4962 rss: 309Mb L: 48/4096 MS: 1 EraseBytes-
#1057974	REDUCE cov: 923 ft: 4194 corp: 949/467Kb lim: 4096 exec/s: 4943 rss: 309Mb L: 200/4096 MS: 3 EraseBytes-ChangeBinInt-ChangeBit-
#1058076	REDUCE cov: 923 ft: 4194 corp: 949/467Kb lim: 4096 exec/s: 4944 rss: 309Mb L: 1545/4096 MS: 2 CMP-EraseBytes- DE: "\001\000\000\000\000\000\000\000"-
#1062435	REDUCE cov: 923 ft: 4194 corp: 949/467Kb lim: 4096 exec/s: 4941 rss: 309Mb L: 472/4096 MS: 4 PersAutoDict-ShuffleBytes-ChangeBit-EraseBytes- DE: "\001\000\000\007"-
#1062512	REDUCE cov: 923 ft: 4194 corp: 949/467Kb lim: 4096 exec/s: 4941 rss: 309Mb L: 465/4096 MS: 2 InsertRepeatedBytes-EraseBytes-
#1063299	REDUCE cov: 923 ft: 4194 corp: 949/467Kb lim: 4096 exec/s: 4945 rss: 309Mb L: 15/4096 MS: 2 CopyPart-EraseBytes-
#1064211	REDUCE cov: 923 ft: 4194 corp: 949/467Kb lim: 4096 exec/s: 4949 rss: 309Mb L: 332/4096 MS: 2 ChangeASCIIInt-EraseBytes-
#1065962	REDUCE cov: 923 ft: 4194 corp: 949/467Kb lim: 4096 exec/s: 4935 rss: 309Mb L: 3477/4096 MS: 1 EraseBytes-
#1066124	REDUCE cov: 923 ft: 4194 corp: 949/467Kb lim: 4096 exec/s: 4935 rss: 309Mb L: 124/4096 MS: 2 ManualDict-EraseBytes- DE: "needs more input"-
#1066257	REDUCE cov: 923 ft: 4194 corp: 949/467Kb lim: 4096 exec/s: 4936 rss: 309Mb L: 68/4096 MS: 3 ShuffleBytes-ChangeBit-EraseBytes-
#1066913	NEW    cov: 923 ft: 4195 corp: 950/467Kb lim: 4096 exec/s: 4939 rss: 309Mb L: 156/4096 MS: 1 InsertRepeatedBytes-
#1067554	REDUCE cov: 923 ft: 4195 corp: 950/467Kb lim: 4096 exec/s: 4942 rss: 309Mb L: 164/4096 MS: 1 EraseBytes-
#1067650	REDUCE cov: 923 ft: 4195 corp: 950/467Kb lim: 4096 exec/s: 4942 rss: 309Mb L: 1988/4096 MS: 1 EraseBytes-
#1067901	REDUCE cov: 923 ft: 4195 corp: 950/467Kb lim: 4096 exec/s: 4943 rss: 309Mb L: 116/4096 MS: 1 EraseBytes-
#1068127	REDUCE cov: 923 ft: 4195 corp: 950/467Kb lim: 4096 exec/s: 4945 rss: 309Mb L: 215/4096 MS: 1 EraseBytes-
#1070148	REDUCE cov: 923 ft: 4195 corp: 950/467Kb lim: 4096 exec/s: 4931 rss: 309Mb L: 136/4096 MS: 1 EraseBytes-
#1070310	REDUCE cov: 923 ft: 4195 corp: 950/467Kb lim: 4096 exec/s: 4932 rss: 309Mb L: 161/4096 MS: 2 ManualDict-EraseBytes- DE: "Regular"-
#1070757	REDUCE cov: 923 ft: 4195 corp: 950/467Kb lim: 4096 exec/s: 4934 rss: 309Mb L: 44/4096 MS: 2 PersAutoDict-EraseBytes- DE: "\001\000\000\002"-
#1071558	REDUCE cov: 923 ft: 4195 corp: 950/467Kb lim: 4096 exec/s: 4938 rss: 309Mb L: 43/4096 MS: 1 EraseBytes-
#1071884	REDUCE cov: 923 ft: 4195 corp: 950/467Kb lim: 4096 exec/s: 4939 rss: 309Mb L: 80/4096 MS: 1 EraseBytes-
#1073920	REDUCE cov: 923 ft: 4195 corp: 950/467Kb lim: 4096 exec/s: 4926 rss: 309Mb L: 12/4096 MS: 1 EraseBytes-
#1073958	REDUCE cov: 923 ft: 4195 corp: 950/467Kb lim: 4096 exec/s: 4926 rss: 309Mb L: 814/4096 MS: 3 ChangeByte-ChangeBit-EraseBytes-
#1075533	REDUCE cov: 923 ft: 4195 corp: 950/467Kb lim: 4096 exec/s: 4933 rss: 309Mb L: 89/4096 MS: 5 PersAutoDict-ChangeBinInt-ChangeBinInt-ManualDict-EraseBytes- DE: "\377\007\000\000"-"Regular"-
#1076339	REDUCE cov: 923 ft: 4195 corp: 950/467Kb lim: 4096 exec/s: 4937 rss: 309Mb L: 65/4096 MS: 1 EraseBytes-
#1076831	REDUCE cov: 923 ft: 4195 corp: 950/466Kb lim: 4096 exec/s: 4939 rss: 309Mb L: 95/4096 MS: 2 CopyPart-EraseBytes-
#1077397	REDUCE cov: 923 ft: 4195 corp: 950/466Kb lim: 4096 exec/s: 4942 rss: 309Mb L: 34/4096 MS: 1 EraseBytes-
#1077784	REDUCE cov: 923 ft: 4195 corp: 950/466Kb lim: 4096 exec/s: 4943 rss: 309Mb L: 602/4096 MS: 2 ChangeASCIIInt-EraseBytes-
#1078505	REDUCE cov: 923 ft: 4195 corp: 950/466Kb lim: 4096 exec/s: 4924 rss: 309Mb L: 2473/4096 MS: 1 CrossOver-
#1078818	REDUCE cov: 923 ft: 4195 corp: 950/466Kb lim: 4096 exec/s: 4926 rss: 309Mb L: 56/4096 MS: 3 ChangeBinInt-ShuffleBytes-EraseBytes-
#1078854	REDUCE cov: 923 ft: 4195 corp: 950/466Kb lim: 4096 exec/s: 4926 rss: 309Mb L: 8/4096 MS: 1 EraseBytes-
#1079255	REDUCE cov: 923 ft: 4195 corp: 950/466Kb lim: 4096 exec/s: 4928 rss: 309Mb L: 110/4096 MS: 1 EraseBytes-
#1080423	REDUCE cov: 923 ft: 4195 corp: 950/466Kb lim: 4096 exec/s: 4933 rss: 309Mb L: 47/4096 MS: 3 CopyPart-EraseBytes-CrossOver-
#1081290	REDUCE cov: 923 ft: 4195 corp: 950/466Kb lim: 4096 exec/s: 4937 rss: 309Mb L: 82/4096 MS: 2 InsertByte-EraseBytes-
#1081861	REDUCE cov: 923 ft: 4195 corp: 950/466Kb lim: 4096 exec/s: 4940 rss: 309Mb L: 225/4096 MS: 1 CrossOver-
#1081983	REDUCE cov: 923 ft: 4195 corp: 950/466Kb lim: 4096 exec/s: 4940 rss: 309Mb L: 2216/4096 MS: 2 CrossOver-EraseBytes-
#1084089	REDUCE cov: 923 ft: 4195 corp: 950/466Kb lim: 4096 exec/s: 4927 rss: 309Mb L: 44/4096 MS: 1 EraseBytes-
#1084217	REDUCE cov: 923 ft: 4195 corp: 950/466Kb lim: 4096 exec/s: 4928 rss: 309Mb L: 3263/4096 MS: 3 InsertRepeatedBytes-EraseBytes-InsertByte-
#1084788	REDUCE cov: 923 ft: 4195 corp: 950/466Kb lim: 4096 exec/s: 4930 rss: 309Mb L: 7/4096 MS: 1 EraseBytes-
#1085488	REDUCE cov: 923 ft: 4195 corp: 950/466Kb lim: 4096 exec/s: 4934 rss: 309Mb L: 2153/4096 MS: 5 ManualDict-CopyPart-InsertRepeatedBytes-EraseBytes-ChangeByte- DE: "needs more input"-
#1087234	REDUCE cov: 923 ft: 4195 corp: 950/466Kb lim: 4096 exec/s: 4941 rss: 309Mb L: 13/4096 MS: 1 EraseBytes-
#1088101	REDUCE cov: 923 ft: 4195 corp: 950/466Kb lim: 4096 exec/s: 4945 rss: 309Mb L: 1597/4096 MS: 2 EraseBytes-PersAutoDict- DE: "\000\004"-
#1088222	REDUCE cov: 923 ft: 4195 corp: 950/466Kb lim: 4096 exec/s: 4946 rss: 309Mb L: 27/4096 MS: 1 EraseBytes-
#1090507	REDUCE cov: 923 ft: 4195 corp: 950/464Kb lim: 4096 exec/s: 4934 rss: 309Mb L: 1860/4096 MS: 5 CopyPart-InsertRepeatedBytes-EraseBytes-CrossOver-ChangeBinInt-
#1090810	REDUCE cov: 923 ft: 4195 corp: 950/464Kb lim: 4096 exec/s: 4935 rss: 309Mb L: 2169/4096 MS: 3 CrossOver-ChangeByte-EraseBytes-
#1092363	REDUCE cov: 923 ft: 4195 corp: 950/464Kb lim: 4096 exec/s: 4942 rss: 309Mb L: 41/4096 MS: 3 ChangeBinInt-ChangeBit-EraseBytes-
#1094181	REDUCE cov: 923 ft: 4195 corp: 950/464Kb lim: 4096 exec/s: 4928 rss: 309Mb L: 1463/4096 MS: 3 InsertRepeatedBytes-ChangeByte-EraseBytes-
#1094719	REDUCE cov: 923 ft: 4195 corp: 950/464Kb lim: 4096 exec/s: 4931 rss: 309Mb L: 6/4096 MS: 3 ShuffleBytes-ShuffleBytes-EraseBytes-
#1095030	REDUCE cov: 923 ft: 4195 corp: 950/464Kb lim: 4096 exec/s: 4932 rss: 309Mb L: 484/4096 MS: 1 EraseBytes-
#1095896	REDUCE cov: 923 ft: 4195 corp: 950/464Kb lim: 4096 exec/s: 4936 rss: 309Mb L: 208/4096 MS: 1 EraseBytes-
#1096328	REDUCE cov: 923 ft: 4195 corp: 950/464Kb lim: 4096 exec/s: 4938 rss: 309Mb L: 1498/4096 MS: 2 InsertByte-EraseBytes-
#1097046	REDUCE cov: 923 ft: 4195 corp: 950/464Kb lim: 4096 exec/s: 4941 rss: 309Mb L: 660/4096 MS: 3 ShuffleBytes-ChangeBit-EraseBytes-
#1097377	REDUCE cov: 923 ft: 4195 corp: 950/464Kb lim: 4096 exec/s: 4943 rss: 309Mb L: 203/4096 MS: 1 EraseBytes-
#1099788	REDUCE cov: 923 ft: 4195 corp: 950/464Kb lim: 4096 exec/s: 4931 rss: 309Mb L: 75/4096 MS: 1 EraseBytes-
#1100864	REDUCE cov: 923 ft: 4195 corp: 950/464Kb lim: 4096 exec/s: 4936 rss: 309Mb L: 11/4096 MS: 1 EraseBytes-
#1100871	REDUCE cov: 923 ft: 4195 corp: 950/464Kb lim: 4096 exec/s: 4936 rss: 309Mb L: 193/4096 MS: 2 InsertByte-EraseBytes-
#1108447	REDUCE cov: 923 ft: 4195 corp: 950/464Kb lim: 4096 exec/s: 4948 rss: 309Mb L: 1228/4096 MS: 1 EraseBytes-
#1108533	REDUCE cov: 923 ft: 4195 corp: 950/464Kb lim: 4096 exec/s: 4948 rss: 309Mb L: 138/4096 MS: 1 EraseBytes-
#1109054	REDUCE cov: 923 ft: 4195 corp: 950/464Kb lim: 4096 exec/s: 4951 rss: 309Mb L: 318/4096 MS: 1 EraseBytes-
#1109751	REDUCE cov: 923 ft: 4195 corp: 950/464Kb lim: 4096 exec/s: 4932 rss: 309Mb L: 133/4096 MS: 2 EraseBytes-PersAutoDict- DE: "\000\012"-
#1110318	REDUCE cov: 923 ft: 4195 corp: 950/464Kb lim: 4096 exec/s: 4934 rss: 309Mb L: 48/4096 MS: 2 CopyPart-EraseBytes-
#1110669	REDUCE cov: 923 ft: 4195 corp: 950/464Kb lim: 4096 exec/s: 4936 rss: 309Mb L: 2189/4096 MS: 1 EraseBytes-
#1110879	REDUCE cov: 923 ft: 4195 corp: 950/463Kb lim: 4096 exec/s: 4937 rss: 309Mb L: 163/4096 MS: 5 ChangeASCIIInt-ShuffleBytes-InsertByte-EraseBytes-InsertRepeatedBytes-
#1111610	REDUCE cov: 923 ft: 4195 corp: 950/463Kb lim: 4096 exec/s: 4940 rss: 309Mb L: 895/4096 MS: 1 EraseBytes-
#1112257	NEW    cov: 924 ft: 4197 corp: 951/464Kb lim: 4096 exec/s: 4943 rss: 309Mb L: 69/4096 MS: 2 CMP-CopyPart- DE: "\377\377\377\377\377\377\377\366"-
#1113705	REDUCE cov: 924 ft: 4197 corp: 951/463Kb lim: 4096 exec/s: 4949 rss: 309Mb L: 724/4096 MS: 3 CrossOver-ChangeByte-EraseBytes-
#1115331	REDUCE cov: 924 ft: 4197 corp: 951/463Kb lim: 4096 exec/s: 4935 rss: 309Mb L: 40/4096 MS: 1 EraseBytes-
#1115390	REDUCE cov: 924 ft: 4197 corp: 951/463Kb lim: 4096 exec/s: 4935 rss: 309Mb L: 2113/4096 MS: 4 ChangeByte-ChangeByte-ManualDict-EraseBytes- DE: "INVALID"-
#1115832	REDUCE cov: 924 ft: 4197 corp: 951/463Kb lim: 4096 exec/s: 4937 rss: 309Mb L: 554/4096 MS: 2 ShuffleBytes-EraseBytes-
#1116353	REDUCE cov: 924 ft: 4197 corp: 951/463Kb lim: 4096 exec/s: 4939 rss: 309Mb L: 36/4096 MS: 1 EraseBytes-
#1117089	REDUCE cov: 924 ft: 4197 corp: 951/463Kb lim: 4096 exec/s: 4942 rss: 309Mb L: 146/4096 MS: 1 EraseBytes-
#1118775	REDUCE cov: 924 ft: 4197 corp: 951/463Kb lim: 4096 exec/s: 4950 rss: 309Mb L: 163/4096 MS: 1 EraseBytes-
#1119696	REDUCE cov: 924 ft: 4197 corp: 951/463Kb lim: 4096 exec/s: 4932 rss: 309Mb L: 31/4096 MS: 1 EraseBytes-
#1120507	REDUCE cov: 924 ft: 4197 corp: 951/463Kb lim: 4096 exec/s: 4936 rss: 309Mb L: 32/4096 MS: 1 EraseBytes-
#1121683	REDUCE cov: 924 ft: 4197 corp: 951/463Kb lim: 4096 exec/s: 4941 rss: 309Mb L: 58/4096 MS: 1 EraseBytes-
#1122472	REDUCE cov: 924 ft: 4197 corp: 951/463Kb lim: 4096 exec/s: 4944 rss: 309Mb L: 454/4096 MS: 4 ShuffleBytes-CMP-EraseBytes-PersAutoDict- DE: "\367\037\000\000\000\000\000\000"-"\005\000\000\000\000\000\000\000"-
#1124352	REDUCE cov: 924 ft: 4197 corp: 951/463Kb lim: 4096 exec/s: 4931 rss: 309Mb L: 63/4096 MS: 5 ChangeBit-EraseBytes-ChangeByte-ChangeBinInt-ChangeByte-
#1124616	REDUCE cov: 924 ft: 4197 corp: 951/463Kb lim: 4096 exec/s: 4932 rss: 309Mb L: 102/4096 MS: 4 ManualDict-ChangeBinInt-ShuffleBytes-EraseBytes- DE: " not \\3er \\3al \\4ful \\4ive \\5less \\4es"-
#1124882	REDUCE cov: 924 ft: 4197 corp: 951/463Kb lim: 4096 exec/s: 4933 rss: 309Mb L: 49/4096 MS: 1 EraseBytes-
#1126086	REDUCE cov: 924 ft: 4197 corp: 951/463Kb lim: 4096 exec/s: 4938 rss: 309Mb L: 464/4096 MS: 4 ChangeBinInt-EraseBytes-ManualDict-InsertByte- DE: "[ProcessCommandsInternal] dictionary word: [%.*s],"-
#1126787	REDUCE cov: 924 ft: 4197 corp: 951/463Kb lim: 4096 exec/s: 4942 rss: 309Mb L: 566/4096 MS: 1 EraseBytes-
#1126923	REDUCE cov: 924 ft: 4197 corp: 951/463Kb lim: 4096 exec/s: 4942 rss: 309Mb L: 276/4096 MS: 1 EraseBytes-
#1128204	REDUCE cov: 924 ft: 4197 corp: 951/463Kb lim: 4096 exec/s: 4926 rss: 309Mb L: 8/4096 MS: 1 EraseBytes-
#1128511	REDUCE cov: 924 ft: 4197 corp: 951/463Kb lim: 4096 exec/s: 4927 rss: 309Mb L: 186/4096 MS: 2 ChangeASCIIInt-EraseBytes-
#1131129	REDUCE cov: 924 ft: 4197 corp: 951/463Kb lim: 4096 exec/s: 4939 rss: 309Mb L: 41/4096 MS: 3 ChangeASCIIInt-ChangeASCIIInt-EraseBytes-
#1134478	REDUCE cov: 924 ft: 4197 corp: 951/463Kb lim: 4096 exec/s: 4932 rss: 309Mb L: 129/4096 MS: 4 ChangeBit-ChangeByte-EraseBytes-CopyPart-
#1135111	REDUCE cov: 924 ft: 4197 corp: 951/463Kb lim: 4096 exec/s: 4935 rss: 309Mb L: 146/4096 MS: 3 ChangeASCIIInt-ChangeBinInt-EraseBytes-
#1135412	REDUCE cov: 924 ft: 4197 corp: 951/463Kb lim: 4096 exec/s: 4936 rss: 309Mb L: 91/4096 MS: 1 EraseBytes-
#1136323	REDUCE cov: 924 ft: 4197 corp: 951/463Kb lim: 4096 exec/s: 4940 rss: 309Mb L: 42/4096 MS: 1 EraseBytes-
#1137407	REDUCE cov: 924 ft: 4197 corp: 951/463Kb lim: 4096 exec/s: 4945 rss: 309Mb L: 1478/4096 MS: 4 InsertRepeatedBytes-ChangeBinInt-InsertByte-EraseBytes-
#1138559	REDUCE cov: 924 ft: 4197 corp: 951/463Kb lim: 4096 exec/s: 4928 rss: 309Mb L: 91/4096 MS: 2 CMP-EraseBytes- DE: "\000\000\000\000\000\000\000\022"-
#1139458	REDUCE cov: 924 ft: 4197 corp: 951/463Kb lim: 4096 exec/s: 4932 rss: 309Mb L: 132/4096 MS: 4 ChangeByte-ChangeBit-ShuffleBytes-EraseBytes-
#1139959	REDUCE cov: 924 ft: 4197 corp: 951/463Kb lim: 4096 exec/s: 4934 rss: 309Mb L: 23/4096 MS: 1 EraseBytes-
#1142245	REDUCE cov: 924 ft: 4197 corp: 951/463Kb lim: 4096 exec/s: 4944 rss: 309Mb L: 693/4096 MS: 1 EraseBytes-
#1142341	REDUCE cov: 924 ft: 4197 corp: 951/463Kb lim: 4096 exec/s: 4945 rss: 309Mb L: 31/4096 MS: 1 EraseBytes-
#1142647	REDUCE cov: 924 ft: 4197 corp: 951/463Kb lim: 4096 exec/s: 4925 rss: 309Mb L: 98/4096 MS: 1 EraseBytes-
#1143130	REDUCE cov: 924 ft: 4197 corp: 951/462Kb lim: 4096 exec/s: 4927 rss: 309Mb L: 1007/4096 MS: 3 ChangeASCIIInt-ManualDict-EraseBytes- DE: " not \\3er \\3al \\4ful \\4ive \\5less \\4es"-
#1143676	REDUCE cov: 924 ft: 4197 corp: 951/461Kb lim: 4096 exec/s: 4929 rss: 309Mb L: 1283/4096 MS: 1 EraseBytes-
#1144113	REDUCE cov: 924 ft: 4197 corp: 951/461Kb lim: 4096 exec/s: 4931 rss: 309Mb L: 143/4096 MS: 2 ChangeBinInt-EraseBytes-
#1144210	REDUCE cov: 924 ft: 4197 corp: 951/461Kb lim: 4096 exec/s: 4931 rss: 309Mb L: 81/4096 MS: 2 CrossOver-EraseBytes-
#1145202	REDUCE cov: 924 ft: 4197 corp: 951/461Kb lim: 4096 exec/s: 4936 rss: 309Mb L: 55/4096 MS: 2 ChangeBit-EraseBytes-
#1145343	REDUCE cov: 924 ft: 4197 corp: 951/461Kb lim: 4096 exec/s: 4936 rss: 309Mb L: 101/4096 MS: 1 EraseBytes-
#1146463	REDUCE cov: 924 ft: 4197 corp: 951/461Kb lim: 4096 exec/s: 4941 rss: 309Mb L: 238/4096 MS: 5 InsertRepeatedBytes-CrossOver-ChangeByte-ChangeBit-ManualDict- DE: "INVALID"-
#1147165	REDUCE cov: 924 ft: 4198 corp: 952/464Kb lim: 4096 exec/s: 4944 rss: 309Mb L: 2797/4096 MS: 2 CopyPart-ChangeByte-
#1149401	REDUCE cov: 924 ft: 4198 corp: 952/464Kb lim: 4096 exec/s: 4933 rss: 309Mb L: 13/4096 MS: 1 EraseBytes-
#1149611	REDUCE cov: 924 ft: 4198 corp: 952/463Kb lim: 4096 exec/s: 4933 rss: 309Mb L: 1898/4096 MS: 5 ManualDict-PersAutoDict-ChangeByte-CopyPart-EraseBytes- DE: "needs more output"-"\017\000\000\000\000\000\000\000"-
#1150040	REDUCE cov: 924 ft: 4198 corp: 952/463Kb lim: 4096 exec/s: 4935 rss: 309Mb L: 711/4096 MS: 4 InsertRepeatedBytes-ChangeBinInt-EraseBytes-InsertByte-
#1150071	REDUCE cov: 924 ft: 4198 corp: 952/463Kb lim: 4096 exec/s: 4935 rss: 309Mb L: 2058/4096 MS: 1 CrossOver-
#1150689	REDUCE cov: 924 ft: 4198 corp: 952/463Kb lim: 4096 exec/s: 4938 rss: 309Mb L: 1438/4096 MS: 3 ChangeByte-InsertByte-EraseBytes-
#1153240	REDUCE cov: 924 ft: 4198 corp: 952/463Kb lim: 4096 exec/s: 4928 rss: 309Mb L: 37/4096 MS: 1 EraseBytes-
#1154359	REDUCE cov: 924 ft: 4198 corp: 952/463Kb lim: 4096 exec/s: 4933 rss: 309Mb L: 1075/4096 MS: 4 ChangeBinInt-ManualDict-InsertByte-EraseBytes- DE: "Large Window Brotli"-
#1156600	REDUCE cov: 924 ft: 4198 corp: 952/463Kb lim: 4096 exec/s: 4942 rss: 309Mb L: 11/4096 MS: 1 EraseBytes-
#1156692	REDUCE cov: 924 ft: 4198 corp: 952/463Kb lim: 4096 exec/s: 4943 rss: 309Mb L: 642/4096 MS: 2 ShuffleBytes-EraseBytes-
#1156763	REDUCE cov: 924 ft: 4198 corp: 952/463Kb lim: 4096 exec/s: 4943 rss: 309Mb L: 52/4096 MS: 1 EraseBytes-
#1157154	REDUCE cov: 924 ft: 4198 corp: 952/463Kb lim: 4096 exec/s: 4945 rss: 309Mb L: 522/4096 MS: 1 EraseBytes-
#1157765	REDUCE cov: 924 ft: 4198 corp: 952/463Kb lim: 4096 exec/s: 4926 rss: 309Mb L: 24/4096 MS: 1 EraseBytes-
#1157873	REDUCE cov: 924 ft: 4198 corp: 952/463Kb lim: 4096 exec/s: 4927 rss: 309Mb L: 301/4096 MS: 3 ManualDict-ChangeBit-EraseBytes- DE: "INVALID"-
#1158362	REDUCE cov: 924 ft: 4198 corp: 952/463Kb lim: 4096 exec/s: 4929 rss: 309Mb L: 26/4096 MS: 4 EraseBytes-ChangeBit-ChangeBit-PersAutoDict- DE: "\372\377\377\377"-
#1159282	REDUCE cov: 924 ft: 4198 corp: 952/463Kb lim: 4096 exec/s: 4933 rss: 309Mb L: 3846/4096 MS: 5 ChangeBinInt-CrossOver-ChangeBit-CrossOver-ChangeByte-
#1159529	REDUCE cov: 924 ft: 4198 corp: 952/463Kb lim: 4096 exec/s: 4934 rss: 309Mb L: 199/4096 MS: 2 EraseBytes-EraseBytes-
#1160755	REDUCE cov: 924 ft: 4198 corp: 952/463Kb lim: 4096 exec/s: 4939 rss: 309Mb L: 57/4096 MS: 1 EraseBytes-
#1161163	REDUCE cov: 924 ft: 4198 corp: 952/463Kb lim: 4096 exec/s: 4941 rss: 309Mb L: 1842/4096 MS: 3 EraseBytes-InsertByte-InsertRepeatedBytes-
#1162309	REDUCE cov: 924 ft: 4198 corp: 952/463Kb lim: 4096 exec/s: 4945 rss: 309Mb L: 31/4096 MS: 1 EraseBytes-
#1164370	REDUCE cov: 924 ft: 4198 corp: 952/463Kb lim: 4096 exec/s: 4933 rss: 309Mb L: 48/4096 MS: 1 EraseBytes-
#1166354	REDUCE cov: 924 ft: 4198 corp: 952/463Kb lim: 4096 exec/s: 4942 rss: 309Mb L: 396/4096 MS: 4 InsertByte-ShuffleBytes-EraseBytes-PersAutoDict- DE: "5\000\000\000\000\000\000\000"-
#1167001	REDUCE cov: 924 ft: 4198 corp: 952/463Kb lim: 4096 exec/s: 4944 rss: 309Mb L: 46/4096 MS: 2 CMP-EraseBytes- DE: "\367\037\000\000\000\000\000\000"-
#1167098	REDUCE cov: 924 ft: 4198 corp: 952/463Kb lim: 4096 exec/s: 4945 rss: 309Mb L: 23/4096 MS: 2 ChangeByte-EraseBytes-
#1167579	REDUCE cov: 924 ft: 4198 corp: 952/463Kb lim: 4096 exec/s: 4926 rss: 309Mb L: 1422/4096 MS: 1 EraseBytes-
#1168610	REDUCE cov: 924 ft: 4198 corp: 952/463Kb lim: 4096 exec/s: 4930 rss: 309Mb L: 299/4096 MS: 1 EraseBytes-
#1168701	REDUCE cov: 924 ft: 4198 corp: 952/463Kb lim: 4096 exec/s: 4931 rss: 309Mb L: 59/4096 MS: 1 EraseBytes-
#1169397	REDUCE cov: 924 ft: 4198 corp: 952/463Kb lim: 4096 exec/s: 4934 rss: 309Mb L: 19/4096 MS: 1 EraseBytes-
#1171082	REDUCE cov: 924 ft: 4198 corp: 952/463Kb lim: 4096 exec/s: 4941 rss: 309Mb L: 200/4096 MS: 5 ShuffleBytes-InsertByte-ShuffleBytes-PersAutoDict-EraseBytes- DE: "\001\000\000\215"-
#1171208	REDUCE cov: 924 ft: 4198 corp: 952/463Kb lim: 4096 exec/s: 4941 rss: 309Mb L: 141/4096 MS: 1 EraseBytes-
#1172449	REDUCE cov: 924 ft: 4198 corp: 952/463Kb lim: 4096 exec/s: 4947 rss: 309Mb L: 120/4096 MS: 1 EraseBytes-
#1172931	REDUCE cov: 924 ft: 4198 corp: 952/461Kb lim: 4096 exec/s: 4928 rss: 309Mb L: 2053/4096 MS: 2 EraseBytes-ShuffleBytes-
#1174787	REDUCE cov: 924 ft: 4198 corp: 952/461Kb lim: 4096 exec/s: 4936 rss: 309Mb L: 19/4096 MS: 1 EraseBytes-
#1175496	REDUCE cov: 924 ft: 4198 corp: 952/461Kb lim: 4096 exec/s: 4939 rss: 309Mb L: 379/4096 MS: 4 InsertRepeatedBytes-ChangeBinInt-ShuffleBytes-EraseBytes-
#1176057	REDUCE cov: 924 ft: 4198 corp: 952/461Kb lim: 4096 exec/s: 4941 rss: 309Mb L: 121/4096 MS: 1 EraseBytes-
#1176441	REDUCE cov: 924 ft: 4198 corp: 952/460Kb lim: 4096 exec/s: 4943 rss: 309Mb L: 2689/4096 MS: 4 CMP-InsertRepeatedBytes-EraseBytes-ChangeByte- DE: "\000\000\007\006"-
#1176552	REDUCE cov: 924 ft: 4198 corp: 952/460Kb lim: 4096 exec/s: 4943 rss: 309Mb L: 43/4096 MS: 1 EraseBytes-
#1176653	REDUCE cov: 924 ft: 4198 corp: 952/460Kb lim: 4096 exec/s: 4943 rss: 309Mb L: 125/4096 MS: 1 EraseBytes-
#1177454	REDUCE cov: 924 ft: 4198 corp: 952/460Kb lim: 4096 exec/s: 4947 rss: 309Mb L: 64/4096 MS: 1 EraseBytes-
#1180025	REDUCE cov: 924 ft: 4198 corp: 952/460Kb lim: 4096 exec/s: 4937 rss: 309Mb L: 11/4096 MS: 1 EraseBytes-
#1181416	REDUCE cov: 924 ft: 4198 corp: 952/460Kb lim: 4096 exec/s: 4943 rss: 309Mb L: 27/4096 MS: 1 EraseBytes-
#1182898	REDUCE cov: 924 ft: 4198 corp: 952/460Kb lim: 4096 exec/s: 4928 rss: 309Mb L: 947/4096 MS: 2 PersAutoDict-EraseBytes- DE: "that \\1\\'\\6 with \\6 from \\4 by \\1(\\6. T"-
#1185074	REDUCE cov: 924 ft: 4198 corp: 952/460Kb lim: 4096 exec/s: 4937 rss: 309Mb L: 72/4096 MS: 1 EraseBytes-
#1188058	REDUCE cov: 924 ft: 4199 corp: 953/460Kb lim: 4096 exec/s: 4929 rss: 309Mb L: 120/4096 MS: 4 ChangeBinInt-InsertRepeatedBytes-ChangeByte-ManualDict- DE: " not \\3er \\3al \\4ful \\4ive \\5less \\4es"-
#1188407	REDUCE cov: 924 ft: 4199 corp: 953/460Kb lim: 4096 exec/s: 4931 rss: 309Mb L: 462/4096 MS: 4 ChangeASCIIInt-EraseBytes-ShuffleBytes-ManualDict- DE: " not \\3er \\3al \\4ful \\4ive \\5less \\4es"-
#1190313	REDUCE cov: 924 ft: 4199 corp: 953/460Kb lim: 4096 exec/s: 4939 rss: 309Mb L: 62/4096 MS: 1 EraseBytes-
#1190742	REDUCE cov: 924 ft: 4199 corp: 953/460Kb lim: 4096 exec/s: 4940 rss: 309Mb L: 686/4096 MS: 4 CrossOver-ChangeByte-ChangeASCIIInt-EraseBytes-
#1190803	REDUCE cov: 924 ft: 4199 corp: 953/460Kb lim: 4096 exec/s: 4941 rss: 309Mb L: 57/4096 MS: 1 EraseBytes-
#1191325	REDUCE cov: 924 ft: 4199 corp: 953/460Kb lim: 4096 exec/s: 4943 rss: 309Mb L: 27/4096 MS: 2 CrossOver-EraseBytes-
#1191746	REDUCE cov: 924 ft: 4199 corp: 953/460Kb lim: 4096 exec/s: 4945 rss: 309Mb L: 40/4096 MS: 1 EraseBytes-
#1192877	REDUCE cov: 924 ft: 4199 corp: 953/460Kb lim: 4096 exec/s: 4929 rss: 309Mb L: 170/4096 MS: 1 EraseBytes-
#1194583	REDUCE cov: 924 ft: 4199 corp: 953/460Kb lim: 4096 exec/s: 4936 rss: 309Mb L: 1954/4096 MS: 1 EraseBytes-
#1194934	REDUCE cov: 924 ft: 4199 corp: 953/460Kb lim: 4096 exec/s: 4937 rss: 309Mb L: 57/4096 MS: 1 EraseBytes-
#1196572	REDUCE cov: 924 ft: 4199 corp: 953/460Kb lim: 4096 exec/s: 4944 rss: 309Mb L: 27/4096 MS: 3 ManualDict-ChangeByte-EraseBytes- DE: "[]"-
#1196808	REDUCE cov: 924 ft: 4199 corp: 953/460Kb lim: 4096 exec/s: 4945 rss: 309Mb L: 58/4096 MS: 1 EraseBytes-
#1197624	REDUCE cov: 924 ft: 4199 corp: 953/460Kb lim: 4096 exec/s: 4948 rss: 309Mb L: 2694/4096 MS: 1 EraseBytes-
#1198021	REDUCE cov: 924 ft: 4199 corp: 953/460Kb lim: 4096 exec/s: 4930 rss: 309Mb L: 1413/4096 MS: 2 ChangeBinInt-EraseBytes-
#1198278	REDUCE cov: 924 ft: 4199 corp: 953/460Kb lim: 4096 exec/s: 4931 rss: 309Mb L: 192/4096 MS: 2 InsertByte-EraseBytes-
#1200489	REDUCE cov: 924 ft: 4199 corp: 953/460Kb lim: 4096 exec/s: 4940 rss: 309Mb L: 104/4096 MS: 1 EraseBytes-
#1202476	REDUCE cov: 924 ft: 4199 corp: 953/459Kb lim: 4096 exec/s: 4948 rss: 309Mb L: 2294/4096 MS: 2 InsertRepeatedBytes-EraseBytes-
#1205026	REDUCE cov: 924 ft: 4199 corp: 953/459Kb lim: 4096 exec/s: 4938 rss: 309Mb L: 2020/4096 MS: 5 CrossOver-ChangeBit-ChangeASCIIInt-ChangeBinInt-EraseBytes-
#1205657	REDUCE cov: 924 ft: 4199 corp: 953/459Kb lim: 4096 exec/s: 4941 rss: 309Mb L: 28/4096 MS: 1 EraseBytes-
#1206229	REDUCE cov: 924 ft: 4199 corp: 953/459Kb lim: 4096 exec/s: 4943 rss: 309Mb L: 30/4096 MS: 2 EraseBytes-ChangeBit-
#1207054	REDUCE cov: 924 ft: 4199 corp: 953/459Kb lim: 4096 exec/s: 4946 rss: 309Mb L: 2391/4096 MS: 5 CrossOver-ShuffleBytes-InsertRepeatedBytes-PersAutoDict-CopyPart- DE: "\006\000\000\000\000\000\000\000"-
#1208286	REDUCE cov: 924 ft: 4199 corp: 953/459Kb lim: 4096 exec/s: 4931 rss: 309Mb L: 43/4096 MS: 2 PersAutoDict-EraseBytes- DE: "\001\000\000\000\000\000\037\364"-
#1208444	REDUCE cov: 924 ft: 4199 corp: 953/459Kb lim: 4096 exec/s: 4932 rss: 309Mb L: 735/4096 MS: 3 ManualDict-ChangeBinInt-EraseBytes- DE: "needs more input"-
#1209033	REDUCE cov: 924 ft: 4199 corp: 953/459Kb lim: 4096 exec/s: 4934 rss: 309Mb L: 1258/4096 MS: 4 ShuffleBytes-ChangeASCIIInt-ChangeASCIIInt-EraseBytes-
#1210597	REDUCE cov: 924 ft: 4199 corp: 953/459Kb lim: 4096 exec/s: 4941 rss: 309Mb L: 214/4096 MS: 4 InsertRepeatedBytes-PersAutoDict-ChangeBinInt-EraseBytes- DE: "\001\000\000\002"-
#1210890	REDUCE cov: 924 ft: 4199 corp: 953/459Kb lim: 4096 exec/s: 4942 rss: 309Mb L: 2103/4096 MS: 3 EraseBytes-ChangeByte-CMP- DE: "\377\037\000\000\000\000\000\000"-
#1211296	REDUCE cov: 924 ft: 4199 corp: 953/459Kb lim: 4096 exec/s: 4944 rss: 309Mb L: 382/4096 MS: 1 EraseBytes-
#1213227	REDUCE cov: 924 ft: 4199 corp: 953/459Kb lim: 4096 exec/s: 4931 rss: 309Mb L: 43/4096 MS: 1 EraseBytes-
#1214539	REDUCE cov: 924 ft: 4199 corp: 953/459Kb lim: 4096 exec/s: 4937 rss: 309Mb L: 61/4096 MS: 2 ChangeByte-EraseBytes-
#1215217	NEW    cov: 924 ft: 4201 corp: 954/462Kb lim: 4096 exec/s: 4939 rss: 309Mb L: 3520/4096 MS: 3 PersAutoDict-ChangeASCIIInt-CMP- DE: "\016\000"-"\205!\000\000"-
#1216358	REDUCE cov: 924 ft: 4201 corp: 954/462Kb lim: 4096 exec/s: 4944 rss: 309Mb L: 425/4096 MS: 1 EraseBytes-
#1216379	REDUCE cov: 924 ft: 4201 corp: 954/462Kb lim: 4096 exec/s: 4944 rss: 309Mb L: 49/4096 MS: 1 EraseBytes-
#1217563	REDUCE cov: 924 ft: 4201 corp: 954/462Kb lim: 4096 exec/s: 4949 rss: 309Mb L: 125/4096 MS: 4 ChangeBit-EraseBytes-ChangeBinInt-PersAutoDict- DE: "t \\4ize \\2\\xc2\\xa0\\4ous \\5 the \\2e "-
#1218437	REDUCE cov: 924 ft: 4201 corp: 954/462Kb lim: 4096 exec/s: 4932 rss: 309Mb L: 45/4096 MS: 4 ChangeBinInt-EraseBytes-ChangeByte-PersAutoDict- DE: "\036\000\000\000"-
#1219513	REDUCE cov: 924 ft: 4201 corp: 954/462Kb lim: 4096 exec/s: 4937 rss: 309Mb L: 17/4096 MS: 1 EraseBytes-
#1219532	REDUCE cov: 924 ft: 4202 corp: 955/462Kb lim: 4096 exec/s: 4937 rss: 309Mb L: 43/4096 MS: 4 ChangeBinInt-CrossOver-CrossOver-ChangeBit-
#1220051	REDUCE cov: 924 ft: 4202 corp: 955/462Kb lim: 4096 exec/s: 4939 rss: 309Mb L: 38/4096 MS: 4 ChangeBit-CopyPart-ChangeBinInt-EraseBytes-
#1221888	NEW    cov: 924 ft: 4205 corp: 956/462Kb lim: 4096 exec/s: 4946 rss: 309Mb L: 84/4096 MS: 2 ChangeBinInt-InsertRepeatedBytes-
#1222091	REDUCE cov: 924 ft: 4205 corp: 956/462Kb lim: 4096 exec/s: 4947 rss: 309Mb L: 134/4096 MS: 3 CrossOver-ChangeByte-EraseBytes-
#1222212	REDUCE cov: 924 ft: 4205 corp: 956/462Kb lim: 4096 exec/s: 4948 rss: 309Mb L: 61/4096 MS: 1 EraseBytes-
#1222398	REDUCE cov: 924 ft: 4205 corp: 956/462Kb lim: 4096 exec/s: 4948 rss: 309Mb L: 16/4096 MS: 1 EraseBytes-
#1222774	NEW    cov: 924 ft: 4206 corp: 957/462Kb lim: 4096 exec/s: 4930 rss: 309Mb L: 135/4096 MS: 1 CopyPart-
#1222801	REDUCE cov: 924 ft: 4206 corp: 957/462Kb lim: 4096 exec/s: 4930 rss: 309Mb L: 2175/4096 MS: 2 CopyPart-CrossOver-
#1223092	NEW    cov: 924 ft: 4207 corp: 958/464Kb lim: 4096 exec/s: 4931 rss: 309Mb L: 1652/4096 MS: 1 CrossOver-
#1223145	NEW    cov: 924 ft: 4208 corp: 959/464Kb lim: 4096 exec/s: 4932 rss: 309Mb L: 135/4096 MS: 3 ChangeBit-ChangeByte-ChangeBit-
#1223253	REDUCE cov: 924 ft: 4208 corp: 959/464Kb lim: 4096 exec/s: 4932 rss: 309Mb L: 187/4096 MS: 3 ChangeASCIIInt-ChangeBinInt-EraseBytes-
#1223525	NEW    cov: 924 ft: 4209 corp: 960/464Kb lim: 4096 exec/s: 4933 rss: 309Mb L: 136/4096 MS: 2 InsertByte-CopyPart-
#1223914	REDUCE cov: 924 ft: 4209 corp: 960/464Kb lim: 4096 exec/s: 4935 rss: 309Mb L: 123/4096 MS: 4 ShuffleBytes-InsertByte-CrossOver-EraseBytes-
#1224115	NEW    cov: 924 ft: 4210 corp: 961/464Kb lim: 4096 exec/s: 4935 rss: 309Mb L: 209/4096 MS: 1 InsertRepeatedBytes-
#1224183	NEW    cov: 924 ft: 4211 corp: 962/464Kb lim: 4096 exec/s: 4936 rss: 309Mb L: 141/4096 MS: 3 ChangeBit-EraseBytes-CopyPart-
#1224224	NEW    cov: 924 ft: 4213 corp: 963/465Kb lim: 4096 exec/s: 4936 rss: 309Mb L: 209/4096 MS: 1 ChangeBit-
#1225060	REDUCE cov: 924 ft: 4213 corp: 963/465Kb lim: 4096 exec/s: 4939 rss: 309Mb L: 84/4096 MS: 1 EraseBytes-
#1225822	NEW    cov: 924 ft: 4214 corp: 964/465Kb lim: 4096 exec/s: 4942 rss: 309Mb L: 76/4096 MS: 2 InsertByte-CrossOver-
#1226214	REDUCE cov: 924 ft: 4214 corp: 964/465Kb lim: 4096 exec/s: 4944 rss: 309Mb L: 53/4096 MS: 2 CMP-EraseBytes- DE: "\377\377\377\377\377\377\377\016"-
#1226330	REDUCE cov: 924 ft: 4214 corp: 964/465Kb lim: 4096 exec/s: 4944 rss: 309Mb L: 2233/4096 MS: 1 EraseBytes-
#1226836	REDUCE cov: 924 ft: 4214 corp: 964/465Kb lim: 4096 exec/s: 4946 rss: 309Mb L: 1547/4096 MS: 1 EraseBytes-
#1227338	NEW    cov: 924 ft: 4217 corp: 965/465Kb lim: 4096 exec/s: 4948 rss: 309Mb L: 138/4096 MS: 2 InsertByte-InsertRepeatedBytes-
#1227532	REDUCE cov: 924 ft: 4217 corp: 965/465Kb lim: 4096 exec/s: 4949 rss: 309Mb L: 505/4096 MS: 4 InsertByte-PersAutoDict-CrossOver-EraseBytes- DE: "\231\001"-
#1227588	NEW    cov: 924 ft: 4218 corp: 966/465Kb lim: 4096 exec/s: 4949 rss: 309Mb L: 145/4096 MS: 1 InsertRepeatedBytes-
#1227639	REDUCE cov: 924 ft: 4218 corp: 966/465Kb lim: 4096 exec/s: 4930 rss: 309Mb L: 641/4096 MS: 1 EraseBytes-
#1227795	NEW    cov: 924 ft: 4219 corp: 967/465Kb lim: 4096 exec/s: 4930 rss: 309Mb L: 251/4096 MS: 1 CopyPart-
#1227863	NEW    cov: 924 ft: 4220 corp: 968/465Kb lim: 4096 exec/s: 4931 rss: 309Mb L: 198/4096 MS: 3 InsertByte-PersAutoDict-InsertRepeatedBytes- DE: "\036\000\000\000"-
#1228020	REDUCE cov: 924 ft: 4220 corp: 968/465Kb lim: 4096 exec/s: 4931 rss: 309Mb L: 1019/4096 MS: 2 ChangeByte-EraseBytes-
#1228306	REDUCE cov: 924 ft: 4220 corp: 968/464Kb lim: 4096 exec/s: 4932 rss: 309Mb L: 1015/4096 MS: 1 EraseBytes-
#1228460	REDUCE cov: 924 ft: 4220 corp: 968/464Kb lim: 4096 exec/s: 4933 rss: 309Mb L: 158/4096 MS: 4 ChangeByte-CMP-ChangeBit-EraseBytes- DE: "\366\331"-
#1229431	REDUCE cov: 924 ft: 4220 corp: 968/464Kb lim: 4096 exec/s: 4937 rss: 309Mb L: 15/4096 MS: 1 EraseBytes-
#1229983	REDUCE cov: 924 ft: 4220 corp: 968/464Kb lim: 4096 exec/s: 4939 rss: 309Mb L: 1554/4096 MS: 2 PersAutoDict-EraseBytes- DE: "needs more input"-
#1230010	REDUCE cov: 924 ft: 4220 corp: 968/464Kb lim: 4096 exec/s: 4939 rss: 309Mb L: 493/4096 MS: 2 EraseBytes-PersAutoDict- DE: ")\000\000\000\000\000\000\000"-
#1230087	REDUCE cov: 924 ft: 4220 corp: 968/464Kb lim: 4096 exec/s: 4940 rss: 309Mb L: 75/4096 MS: 2 ChangeASCIIInt-EraseBytes-
#1230313	REDUCE cov: 924 ft: 4220 corp: 968/464Kb lim: 4096 exec/s: 4941 rss: 309Mb L: 2444/4096 MS: 1 EraseBytes-
#1231068	REDUCE cov: 924 ft: 4220 corp: 968/464Kb lim: 4096 exec/s: 4944 rss: 309Mb L: 191/4096 MS: 5 ShuffleBytes-CrossOver-PersAutoDict-ChangeBit-EraseBytes- DE: "A\000\000\000\000\000\000\000"-
#1231165	REDUCE cov: 924 ft: 4220 corp: 968/464Kb lim: 4096 exec/s: 4944 rss: 309Mb L: 99/4096 MS: 2 EraseBytes-ManualDict- DE: "[]"-
#1231506	REDUCE cov: 924 ft: 4220 corp: 968/464Kb lim: 4096 exec/s: 4945 rss: 309Mb L: 55/4096 MS: 1 EraseBytes-
#1233492	REDUCE cov: 924 ft: 4220 corp: 968/464Kb lim: 4096 exec/s: 4933 rss: 309Mb L: 70/4096 MS: 1 EraseBytes-
#1235285	REDUCE cov: 924 ft: 4220 corp: 968/463Kb lim: 4096 exec/s: 4941 rss: 309Mb L: 1053/4096 MS: 3 InsertByte-EraseBytes-InsertRepeatedBytes-
#1235686	REDUCE cov: 924 ft: 4220 corp: 968/463Kb lim: 4096 exec/s: 4942 rss: 309Mb L: 152/4096 MS: 1 EraseBytes-
#1236759	REDUCE cov: 924 ft: 4220 corp: 968/463Kb lim: 4096 exec/s: 4927 rss: 309Mb L: 2378/4096 MS: 3 ChangeByte-EraseBytes-PersAutoDict- DE: "3\000\000\000\000\000\000\000"-
#1238246	REDUCE cov: 924 ft: 4220 corp: 968/463Kb lim: 4096 exec/s: 4933 rss: 309Mb L: 5/4096 MS: 2 EraseBytes-ChangeByte-
#1239157	REDUCE cov: 924 ft: 4220 corp: 968/463Kb lim: 4096 exec/s: 4936 rss: 309Mb L: 297/4096 MS: 1 EraseBytes-
#1239473	REDUCE cov: 924 ft: 4220 corp: 968/463Kb lim: 4096 exec/s: 4938 rss: 309Mb L: 158/4096 MS: 1 EraseBytes-
#1240826	REDUCE cov: 924 ft: 4221 corp: 969/465Kb lim: 4096 exec/s: 4943 rss: 309Mb L: 1547/4096 MS: 3 ShuffleBytes-CopyPart-ShuffleBytes-
#1241004	REDUCE cov: 924 ft: 4222 corp: 970/465Kb lim: 4096 exec/s: 4944 rss: 309Mb L: 173/4096 MS: 3 ChangeBit-InsertRepeatedBytes-InsertRepeatedBytes-
#1241363	REDUCE cov: 924 ft: 4222 corp: 970/465Kb lim: 4096 exec/s: 4926 rss: 309Mb L: 1413/4096 MS: 4 PersAutoDict-ChangeBit-InsertByte-EraseBytes- DE: "\001\000\000\000\000\000\000,"-
#1241414	REDUCE cov: 924 ft: 4222 corp: 970/465Kb lim: 4096 exec/s: 4926 rss: 309Mb L: 101/4096 MS: 1 EraseBytes-
#1242126	REDUCE cov: 924 ft: 4222 corp: 970/465Kb lim: 4096 exec/s: 4929 rss: 309Mb L: 42/4096 MS: 2 ManualDict-EraseBytes- DE: "needs more input"-
#1242949	REDUCE cov: 924 ft: 4222 corp: 970/465Kb lim: 4096 exec/s: 4932 rss: 309Mb L: 169/4096 MS: 3 CrossOver-ShuffleBytes-EraseBytes-
#1243750	REDUCE cov: 924 ft: 4223 corp: 971/465Kb lim: 4096 exec/s: 4935 rss: 315Mb L: 42/4096 MS: 1 ChangeBinInt-
#1244007	REDUCE cov: 924 ft: 4223 corp: 971/465Kb lim: 4096 exec/s: 4936 rss: 315Mb L: 2036/4096 MS: 2 ShuffleBytes-EraseBytes-
#1244203	REDUCE cov: 924 ft: 4223 corp: 971/465Kb lim: 4096 exec/s: 4937 rss: 315Mb L: 462/4096 MS: 1 EraseBytes-
#1244303	REDUCE cov: 924 ft: 4223 corp: 971/464Kb lim: 4096 exec/s: 4937 rss: 315Mb L: 1883/4096 MS: 5 ShuffleBytes-PersAutoDict-CMP-InsertByte-EraseBytes- DE: "\001\000\000\000\000\000\000@"-"\377\377\377\002"-
#1244309	REDUCE cov: 924 ft: 4223 corp: 971/464Kb lim: 4096 exec/s: 4937 rss: 315Mb L: 12/4096 MS: 1 EraseBytes-
#1245561	REDUCE cov: 924 ft: 4223 corp: 971/464Kb lim: 4096 exec/s: 4923 rss: 315Mb L: 1312/4096 MS: 2 EraseBytes-InsertRepeatedBytes-
#1248900	REDUCE cov: 924 ft: 4223 corp: 971/464Kb lim: 4096 exec/s: 4936 rss: 315Mb L: 87/4096 MS: 4 ManualDict-ChangeBit-EraseBytes-PersAutoDict- DE: "INVALID"-"\377\377\377\377\377\377\377="-
#1249210	REDUCE cov: 924 ft: 4223 corp: 971/464Kb lim: 4096 exec/s: 4937 rss: 315Mb L: 3826/4096 MS: 5 ChangeBinInt-EraseBytes-InsertByte-CrossOver-CopyPart-
#1251167	REDUCE cov: 924 ft: 4223 corp: 971/464Kb lim: 4096 exec/s: 4925 rss: 315Mb L: 58/4096 MS: 2 InsertByte-EraseBytes-
#1251861	REDUCE cov: 924 ft: 4223 corp: 971/464Kb lim: 4096 exec/s: 4928 rss: 315Mb L: 377/4096 MS: 4 ChangeBit-ChangeBinInt-ShuffleBytes-EraseBytes-
#1252388	REDUCE cov: 924 ft: 4223 corp: 971/464Kb lim: 4096 exec/s: 4930 rss: 315Mb L: 29/4096 MS: 2 CrossOver-EraseBytes-
#1253803	REDUCE cov: 924 ft: 4223 corp: 971/464Kb lim: 4096 exec/s: 4936 rss: 315Mb L: 3219/4096 MS: 5 PersAutoDict-CMP-InsertRepeatedBytes-ChangeASCIIInt-EraseBytes- DE: "H*\002\000"-"\001\000\000\000\000\377\235\227"-
#1253909	REDUCE cov: 924 ft: 4223 corp: 971/464Kb lim: 4096 exec/s: 4936 rss: 315Mb L: 242/4096 MS: 1 EraseBytes-
#1253950	REDUCE cov: 924 ft: 4223 corp: 971/464Kb lim: 4096 exec/s: 4936 rss: 315Mb L: 87/4096 MS: 1 EraseBytes-
#1254263	REDUCE cov: 924 ft: 4223 corp: 971/464Kb lim: 4096 exec/s: 4938 rss: 315Mb L: 3685/4096 MS: 3 PersAutoDict-EraseBytes-PersAutoDict- DE: "\001\000\000\000"-"\004\000\000\000\000\000\000\000"-
#1254369	REDUCE cov: 924 ft: 4223 corp: 971/464Kb lim: 4096 exec/s: 4938 rss: 315Mb L: 21/4096 MS: 1 EraseBytes-
#1256601	REDUCE cov: 924 ft: 4223 corp: 971/464Kb lim: 4096 exec/s: 4927 rss: 315Mb L: 1369/4096 MS: 2 CMP-EraseBytes- DE: "\003\000\000\000"-
#1257132	REDUCE cov: 924 ft: 4223 corp: 971/464Kb lim: 4096 exec/s: 4929 rss: 315Mb L: 75/4096 MS: 1 EraseBytes-
#1257265	REDUCE cov: 924 ft: 4226 corp: 972/464Kb lim: 4096 exec/s: 4930 rss: 315Mb L: 133/4096 MS: 3 CopyPart-CrossOver-ChangeBinInt-
#1257346	REDUCE cov: 924 ft: 4226 corp: 972/464Kb lim: 4096 exec/s: 4930 rss: 315Mb L: 66/4096 MS: 1 EraseBytes-
#1257758	REDUCE cov: 924 ft: 4226 corp: 972/464Kb lim: 4096 exec/s: 4932 rss: 315Mb L: 34/4096 MS: 2 ChangeBit-EraseBytes-
#1259890	REDUCE cov: 924 ft: 4226 corp: 972/464Kb lim: 4096 exec/s: 4921 rss: 315Mb L: 168/4096 MS: 2 ChangeBit-EraseBytes-
#1260156	REDUCE cov: 924 ft: 4226 corp: 972/464Kb lim: 4096 exec/s: 4922 rss: 315Mb L: 14/4096 MS: 1 EraseBytes-
#1260192	REDUCE cov: 924 ft: 4226 corp: 972/464Kb lim: 4096 exec/s: 4922 rss: 315Mb L: 75/4096 MS: 1 EraseBytes-
#1263123	REDUCE cov: 924 ft: 4229 corp: 973/464Kb lim: 4096 exec/s: 4934 rss: 315Mb L: 135/4096 MS: 1 EraseBytes-
#1263231	REDUCE cov: 924 ft: 4229 corp: 973/464Kb lim: 4096 exec/s: 4934 rss: 315Mb L: 165/4096 MS: 3 ManualDict-EraseBytes-InsertRepeatedBytes- DE: "INVALID"-
#1264682	REDUCE cov: 924 ft: 4229 corp: 973/464Kb lim: 4096 exec/s: 4920 rss: 315Mb L: 59/4096 MS: 1 EraseBytes-
#1264688	REDUCE cov: 924 ft: 4229 corp: 973/464Kb lim: 4096 exec/s: 4920 rss: 315Mb L: 30/4096 MS: 1 EraseBytes-
#1265289	REDUCE cov: 924 ft: 4229 corp: 973/464Kb lim: 4096 exec/s: 4923 rss: 315Mb L: 21/4096 MS: 1 EraseBytes-
#1265741	REDUCE cov: 924 ft: 4229 corp: 973/464Kb lim: 4096 exec/s: 4925 rss: 315Mb L: 485/4096 MS: 2 EraseBytes-ChangeBit-
#1266402	REDUCE cov: 924 ft: 4229 corp: 973/464Kb lim: 4096 exec/s: 4927 rss: 315Mb L: 269/4096 MS: 1 EraseBytes-
#1266579	REDUCE cov: 924 ft: 4229 corp: 973/464Kb lim: 4096 exec/s: 4928 rss: 315Mb L: 132/4096 MS: 2 ChangeByte-EraseBytes-
#1267181	REDUCE cov: 924 ft: 4229 corp: 973/464Kb lim: 4096 exec/s: 4930 rss: 315Mb L: 959/4096 MS: 2 InsertRepeatedBytes-EraseBytes-
#1267862	REDUCE cov: 924 ft: 4229 corp: 973/464Kb lim: 4096 exec/s: 4914 rss: 315Mb L: 83/4096 MS: 1 EraseBytes-
#1268378	REDUCE cov: 924 ft: 4229 corp: 973/463Kb lim: 4096 exec/s: 4916 rss: 315Mb L: 1326/4096 MS: 1 EraseBytes-
#1269407	REDUCE cov: 924 ft: 4229 corp: 973/463Kb lim: 4096 exec/s: 4920 rss: 315Mb L: 502/4096 MS: 4 PersAutoDict-PersAutoDict-PersAutoDict-EraseBytes- DE: "\000\005"-"\344\377\377\377\377\377\377\377"-"\361\377?\000"-
#1271265	REDUCE cov: 924 ft: 4229 corp: 973/463Kb lim: 4096 exec/s: 4927 rss: 315Mb L: 91/4096 MS: 3 ChangeBinInt-ChangeBinInt-EraseBytes-
#1271287	REDUCE cov: 924 ft: 4229 corp: 973/463Kb lim: 4096 exec/s: 4927 rss: 315Mb L: 2103/4096 MS: 2 ManualDict-EraseBytes- DE: "needs more output"-
#1272676	REDUCE cov: 924 ft: 4229 corp: 973/463Kb lim: 4096 exec/s: 4913 rss: 315Mb L: 11/4096 MS: 4 ChangeBit-ChangeBinInt-CopyPart-EraseBytes-
#1273158	REDUCE cov: 924 ft: 4229 corp: 973/463Kb lim: 4096 exec/s: 4915 rss: 315Mb L: 26/4096 MS: 2 EraseBytes-ChangeBinInt-
#1274361	REDUCE cov: 924 ft: 4229 corp: 973/463Kb lim: 4096 exec/s: 4920 rss: 315Mb L: 245/4096 MS: 3 InsertRepeatedBytes-ChangeBinInt-EraseBytes-
#1274514	REDUCE cov: 924 ft: 4229 corp: 973/463Kb lim: 4096 exec/s: 4920 rss: 315Mb L: 360/4096 MS: 3 InsertRepeatedBytes-ManualDict-EraseBytes- DE: "t \\4ize \\2\\xc2\\xa0\\4ous \\5 the \\2e "-
#1278115	REDUCE cov: 924 ft: 4229 corp: 973/463Kb lim: 4096 exec/s: 4915 rss: 315Mb L: 161/4096 MS: 1 EraseBytes-
#1279831	REDUCE cov: 924 ft: 4229 corp: 973/463Kb lim: 4096 exec/s: 4922 rss: 315Mb L: 1321/4096 MS: 1 EraseBytes-
#1280827	REDUCE cov: 924 ft: 4229 corp: 973/463Kb lim: 4096 exec/s: 4907 rss: 315Mb L: 99/4096 MS: 1 EraseBytes-
#1280863	REDUCE cov: 924 ft: 4229 corp: 973/463Kb lim: 4096 exec/s: 4907 rss: 315Mb L: 130/4096 MS: 1 EraseBytes-
#1281584	REDUCE cov: 924 ft: 4229 corp: 973/463Kb lim: 4096 exec/s: 4910 rss: 315Mb L: 57/4096 MS: 1 EraseBytes-
#1282727	REDUCE cov: 924 ft: 4229 corp: 973/463Kb lim: 4096 exec/s: 4914 rss: 315Mb L: 1704/4096 MS: 3 EraseBytes-EraseBytes-PersAutoDict- DE: "\376\377\377\377\377\377\377\340"-
#1283747	REDUCE cov: 924 ft: 4229 corp: 973/462Kb lim: 4096 exec/s: 4918 rss: 315Mb L: 131/4096 MS: 5 CopyPart-ChangeByte-EraseBytes-ChangeBit-ChangeByte-
#1284593	REDUCE cov: 924 ft: 4229 corp: 973/462Kb lim: 4096 exec/s: 4903 rss: 315Mb L: 46/4096 MS: 1 EraseBytes-
#1286242	REDUCE cov: 924 ft: 4229 corp: 973/462Kb lim: 4096 exec/s: 4909 rss: 315Mb L: 133/4096 MS: 4 ChangeBinInt-ChangeBinInt-InsertRepeatedBytes-EraseBytes-
#1287971	REDUCE cov: 924 ft: 4229 corp: 973/462Kb lim: 4096 exec/s: 4915 rss: 315Mb L: 290/4096 MS: 4 PersAutoDict-ChangeBinInt-InsertByte-EraseBytes- DE: "\000\000\000\000\000\000\000\000"-
#1288032	REDUCE cov: 924 ft: 4229 corp: 973/462Kb lim: 4096 exec/s: 4916 rss: 315Mb L: 256/4096 MS: 1 EraseBytes-
#1288775	REDUCE cov: 924 ft: 4229 corp: 973/462Kb lim: 4096 exec/s: 4900 rss: 315Mb L: 373/4096 MS: 3 ManualDict-InsertRepeatedBytes-EraseBytes- DE: " not \\3er \\3al \\4ful \\4ive \\5less \\4es"-
#1290598	REDUCE cov: 924 ft: 4229 corp: 973/462Kb lim: 4096 exec/s: 4907 rss: 318Mb L: 55/4096 MS: 3 ManualDict-CopyPart-EraseBytes- DE: "that \\1\\'\\6 with \\6 from \\4 by \\1(\\6. T"-
#1290815	REDUCE cov: 924 ft: 4229 corp: 973/462Kb lim: 4096 exec/s: 4908 rss: 318Mb L: 817/4096 MS: 2 PersAutoDict-EraseBytes- DE: "\000\000\000\372"-
#1291143	REDUCE cov: 924 ft: 4229 corp: 973/462Kb lim: 4096 exec/s: 4909 rss: 318Mb L: 20/4096 MS: 3 ChangeBit-ChangeByte-EraseBytes-
#1292193	REDUCE cov: 924 ft: 4229 corp: 973/462Kb lim: 4096 exec/s: 4913 rss: 318Mb L: 130/4096 MS: 5 ManualDict-PersAutoDict-ChangeBit-EraseBytes-ManualDict- DE: "Large Window Brotli"-"Regular"-"t \\4ize \\2\\xc2\\xa0\\4ous \\5 the \\2e "-
#1292264	REDUCE cov: 924 ft: 4229 corp: 973/462Kb lim: 4096 exec/s: 4913 rss: 318Mb L: 240/4096 MS: 1 EraseBytes-
#1293151	REDUCE cov: 924 ft: 4229 corp: 973/462Kb lim: 4096 exec/s: 4898 rss: 318Mb L: 71/4096 MS: 2 EraseBytes-InsertByte-
#1293831	REDUCE cov: 924 ft: 4229 corp: 973/462Kb lim: 4096 exec/s: 4900 rss: 318Mb L: 180/4096 MS: 5 EraseBytes-CopyPart-PersAutoDict-InsertByte-ManualDict- DE: "\377\377\377\377\377\377\377\000"-"needs more input"-
#1294482	REDUCE cov: 924 ft: 4229 corp: 973/462Kb lim: 4096 exec/s: 4903 rss: 318Mb L: 4/4096 MS: 1 EraseBytes-
#1294758	REDUCE cov: 924 ft: 4229 corp: 973/462Kb lim: 4096 exec/s: 4904 rss: 318Mb L: 662/4096 MS: 1 EraseBytes-
#1296398	REDUCE cov: 924 ft: 4229 corp: 973/462Kb lim: 4096 exec/s: 4910 rss: 318Mb L: 2071/4096 MS: 5 ChangeASCIIInt-InsertByte-CopyPart-CopyPart-EraseBytes-
#1298022	REDUCE cov: 924 ft: 4229 corp: 973/462Kb lim: 4096 exec/s: 4898 rss: 318Mb L: 188/4096 MS: 4 InsertByte-InsertRepeatedBytes-PersAutoDict-EraseBytes- DE: "\335\002\000\000"-
#1299018	REDUCE cov: 924 ft: 4229 corp: 973/462Kb lim: 4096 exec/s: 4901 rss: 318Mb L: 217/4096 MS: 1 EraseBytes-
#1300127	REDUCE cov: 924 ft: 4229 corp: 973/461Kb lim: 4096 exec/s: 4906 rss: 318Mb L: 527/4096 MS: 4 ChangeByte-ChangeByte-ChangeBit-EraseBytes-
#1300225	REDUCE cov: 924 ft: 4229 corp: 973/461Kb lim: 4096 exec/s: 4906 rss: 318Mb L: 10/4096 MS: 3 ChangeBit-ManualDict-EraseBytes- DE: "Regular"-
#1302739	REDUCE cov: 924 ft: 4229 corp: 973/461Kb lim: 4096 exec/s: 4897 rss: 318Mb L: 172/4096 MS: 4 InsertByte-EraseBytes-ChangeBit-CopyPart-
#1304575	REDUCE cov: 924 ft: 4229 corp: 973/461Kb lim: 4096 exec/s: 4904 rss: 318Mb L: 46/4096 MS: 1 EraseBytes-
#1305093	REDUCE cov: 924 ft: 4229 corp: 973/461Kb lim: 4096 exec/s: 4906 rss: 318Mb L: 38/4096 MS: 3 ChangeBinInt-ChangeBit-EraseBytes-
#1307671	REDUCE cov: 924 ft: 4229 corp: 973/461Kb lim: 4096 exec/s: 4897 rss: 318Mb L: 622/4096 MS: 3 ChangeBit-ManualDict-EraseBytes- DE: " not \\3er \\3al \\4ful \\4ive \\5less \\4es"-
#1308152	REDUCE cov: 924 ft: 4229 corp: 973/461Kb lim: 4096 exec/s: 4899 rss: 318Mb L: 144/4096 MS: 1 EraseBytes-
#1309417	REDUCE cov: 924 ft: 4229 corp: 973/461Kb lim: 4096 exec/s: 4904 rss: 318Mb L: 512/4096 MS: 5 CrossOver-ChangeASCIIInt-InsertRepeatedBytes-EraseBytes-ManualDict- DE: "needs more input"-
#1309903	REDUCE cov: 924 ft: 4229 corp: 973/461Kb lim: 4096 exec/s: 4906 rss: 318Mb L: 1698/4096 MS: 1 EraseBytes-
#1311749	REDUCE cov: 924 ft: 4229 corp: 973/461Kb lim: 4096 exec/s: 4912 rss: 318Mb L: 1424/4096 MS: 1 EraseBytes-
#1311823	REDUCE cov: 924 ft: 4229 corp: 973/461Kb lim: 4096 exec/s: 4913 rss: 318Mb L: 122/4096 MS: 4 InsertByte-ChangeASCIIInt-EraseBytes-PersAutoDict- DE: "\001\000\000\000\000\000\000\246"-
#1312589	REDUCE cov: 924 ft: 4229 corp: 973/461Kb lim: 4096 exec/s: 4897 rss: 318Mb L: 118/4096 MS: 1 EraseBytes-
#1313126	REDUCE cov: 924 ft: 4229 corp: 973/461Kb lim: 4096 exec/s: 4899 rss: 318Mb L: 5/4096 MS: 2 EraseBytes-InsertByte-
#1314978	REDUCE cov: 924 ft: 4229 corp: 973/461Kb lim: 4096 exec/s: 4906 rss: 318Mb L: 1044/4096 MS: 2 CopyPart-EraseBytes-
#1315397	REDUCE cov: 924 ft: 4229 corp: 973/460Kb lim: 4096 exec/s: 4908 rss: 318Mb L: 1867/4096 MS: 4 InsertRepeatedBytes-ChangeBit-EraseBytes-ChangeBinInt-
#1316178	REDUCE cov: 924 ft: 4229 corp: 973/460Kb lim: 4096 exec/s: 4911 rss: 318Mb L: 44/4096 MS: 1 EraseBytes-
#1317454	REDUCE cov: 924 ft: 4229 corp: 973/460Kb lim: 4096 exec/s: 4897 rss: 318Mb L: 2051/4096 MS: 1 EraseBytes-
#1317548	REDUCE cov: 924 ft: 4229 corp: 973/459Kb lim: 4096 exec/s: 4897 rss: 318Mb L: 2705/4096 MS: 4 ChangeASCIIInt-EraseBytes-CopyPart-ShuffleBytes-
#1318945	REDUCE cov: 924 ft: 4229 corp: 973/459Kb lim: 4096 exec/s: 4903 rss: 318Mb L: 57/4096 MS: 2 ShuffleBytes-EraseBytes-
#1318971	REDUCE cov: 924 ft: 4229 corp: 973/459Kb lim: 4096 exec/s: 4903 rss: 318Mb L: 3164/4096 MS: 1 EraseBytes-
#1320407	REDUCE cov: 924 ft: 4229 corp: 973/459Kb lim: 4096 exec/s: 4908 rss: 318Mb L: 1818/4096 MS: 1 EraseBytes-
#1320738	REDUCE cov: 924 ft: 4229 corp: 973/459Kb lim: 4096 exec/s: 4909 rss: 318Mb L: 82/4096 MS: 1 EraseBytes-
#1321459	REDUCE cov: 924 ft: 4229 corp: 973/459Kb lim: 4096 exec/s: 4912 rss: 318Mb L: 121/4096 MS: 1 EraseBytes-
#1322074	REDUCE cov: 924 ft: 4229 corp: 973/459Kb lim: 4096 exec/s: 4914 rss: 318Mb L: 178/4096 MS: 5 CrossOver-CopyPart-PersAutoDict-EraseBytes-CMP- DE: "\377\377\007\000"-"\001@\000\000"-
#1323516	REDUCE cov: 924 ft: 4229 corp: 973/459Kb lim: 4096 exec/s: 4901 rss: 318Mb L: 37/4096 MS: 2 CMP-EraseBytes- DE: "\001\000"-
#1325650	REDUCE cov: 924 ft: 4229 corp: 973/459Kb lim: 4096 exec/s: 4909 rss: 318Mb L: 1305/4096 MS: 4 CopyPart-CopyPart-InsertByte-EraseBytes-
#1325956	REDUCE cov: 924 ft: 4229 corp: 973/459Kb lim: 4096 exec/s: 4910 rss: 318Mb L: 563/4096 MS: 1 CrossOver-
#1326202	REDUCE cov: 924 ft: 4229 corp: 973/459Kb lim: 4096 exec/s: 4911 rss: 318Mb L: 109/4096 MS: 1 EraseBytes-
#1326793	REDUCE cov: 924 ft: 4229 corp: 973/459Kb lim: 4096 exec/s: 4914 rss: 318Mb L: 478/4096 MS: 1 EraseBytes-
#1326864	REDUCE cov: 924 ft: 4229 corp: 973/459Kb lim: 4096 exec/s: 4914 rss: 318Mb L: 10/4096 MS: 1 EraseBytes-
#1331000	REDUCE cov: 924 ft: 4229 corp: 973/459Kb lim: 4096 exec/s: 4911 rss: 318Mb L: 81/4096 MS: 1 EraseBytes-
#1332308	REDUCE cov: 924 ft: 4229 corp: 973/459Kb lim: 4096 exec/s: 4898 rss: 318Mb L: 982/4096 MS: 3 ShuffleBytes-CrossOver-EraseBytes-
#1333101	REDUCE cov: 924 ft: 4229 corp: 973/459Kb lim: 4096 exec/s: 4901 rss: 318Mb L: 1274/4096 MS: 3 InsertByte-ChangeByte-EraseBytes-
#1333253	REDUCE cov: 924 ft: 4229 corp: 973/459Kb lim: 4096 exec/s: 4901 rss: 318Mb L: 90/4096 MS: 2 ChangeASCIIInt-EraseBytes-
#1336659	REDUCE cov: 924 ft: 4229 corp: 973/459Kb lim: 4096 exec/s: 4896 rss: 318Mb L: 134/4096 MS: 1 EraseBytes-
#1338626	REDUCE cov: 924 ft: 4231 corp: 974/459Kb lim: 4096 exec/s: 4903 rss: 318Mb L: 91/4096 MS: 2 ShuffleBytes-InsertRepeatedBytes-
#1339561	REDUCE cov: 924 ft: 4231 corp: 974/459Kb lim: 4096 exec/s: 4906 rss: 318Mb L: 1868/4096 MS: 5 PersAutoDict-ManualDict-PersAutoDict-ManualDict-EraseBytes- DE: "\376\377\377\364"-"[]"-"\000\000\000\000\000\000\000'"-"Regular"-
#1339733	REDUCE cov: 924 ft: 4231 corp: 974/458Kb lim: 4096 exec/s: 4907 rss: 318Mb L: 870/4096 MS: 2 CrossOver-EraseBytes-
#1339909	REDUCE cov: 924 ft: 4231 corp: 974/458Kb lim: 4096 exec/s: 4908 rss: 318Mb L: 2440/4096 MS: 1 EraseBytes-
#1341835	REDUCE cov: 924 ft: 4231 corp: 974/458Kb lim: 4096 exec/s: 4897 rss: 318Mb L: 80/4096 MS: 1 EraseBytes-
#1341925	REDUCE cov: 924 ft: 4232 corp: 975/460Kb lim: 4096 exec/s: 4897 rss: 318Mb L: 1136/4096 MS: 5 ChangeASCIIInt-PersAutoDict-ShuffleBytes-ChangeASCIIInt-CrossOver- DE: "\364\377\377\377\377\377\377\377"-
#1343466	REDUCE cov: 924 ft: 4232 corp: 975/459Kb lim: 4096 exec/s: 4903 rss: 318Mb L: 2003/4096 MS: 1 EraseBytes-
#1343872	REDUCE cov: 924 ft: 4232 corp: 975/459Kb lim: 4096 exec/s: 4904 rss: 318Mb L: 2083/4096 MS: 1 EraseBytes-
#1343946	REDUCE cov: 924 ft: 4232 corp: 975/459Kb lim: 4096 exec/s: 4904 rss: 318Mb L: 636/4096 MS: 4 CrossOver-CopyPart-PersAutoDict-EraseBytes- DE: "\000\000\000\000\000\000\000\022"-
#1344397	REDUCE cov: 924 ft: 4232 corp: 975/459Kb lim: 4096 exec/s: 4906 rss: 318Mb L: 213/4096 MS: 1 EraseBytes-
#1344658	REDUCE cov: 924 ft: 4232 corp: 975/459Kb lim: 4096 exec/s: 4907 rss: 318Mb L: 14/4096 MS: 1 EraseBytes-
#1346103	REDUCE cov: 924 ft: 4232 corp: 975/459Kb lim: 4096 exec/s: 4912 rss: 318Mb L: 408/4096 MS: 5 ShuffleBytes-EraseBytes-InsertRepeatedBytes-ManualDict-PersAutoDict- DE: "t \\4ize \\2\\xc2\\xa0\\4ous \\5 the \\2e "-"\000\000\000\000\000\000\000\022"-
#1347112	REDUCE cov: 924 ft: 4232 corp: 975/459Kb lim: 4096 exec/s: 4898 rss: 318Mb L: 57/4096 MS: 4 ChangeBinInt-ChangeByte-EraseBytes-InsertRepeatedBytes-
#1348350	REDUCE cov: 924 ft: 4232 corp: 975/459Kb lim: 4096 exec/s: 4903 rss: 318Mb L: 137/4096 MS: 3 ChangeBit-ChangeASCIIInt-EraseBytes-
#1348767	REDUCE cov: 924 ft: 4232 corp: 975/459Kb lim: 4096 exec/s: 4904 rss: 318Mb L: 26/4096 MS: 2 InsertRepeatedBytes-EraseBytes-
#1348819	REDUCE cov: 924 ft: 4232 corp: 975/459Kb lim: 4096 exec/s: 4904 rss: 318Mb L: 75/4096 MS: 2 ChangeBinInt-EraseBytes-
#1349966	REDUCE cov: 924 ft: 4232 corp: 975/459Kb lim: 4096 exec/s: 4908 rss: 318Mb L: 87/4096 MS: 2 InsertRepeatedBytes-EraseBytes-
#1350315	REDUCE cov: 924 ft: 4232 corp: 975/459Kb lim: 4096 exec/s: 4910 rss: 318Mb L: 83/4096 MS: 4 ChangeByte-InsertByte-ChangeBit-EraseBytes-
#1350593	REDUCE cov: 924 ft: 4232 corp: 975/459Kb lim: 4096 exec/s: 4911 rss: 318Mb L: 41/4096 MS: 3 CrossOver-CrossOver-EraseBytes-
#1352272	REDUCE cov: 924 ft: 4232 corp: 975/459Kb lim: 4096 exec/s: 4899 rss: 318Mb L: 962/4096 MS: 4 InsertRepeatedBytes-EraseBytes-ChangeBinInt-InsertByte-
#1353129	REDUCE cov: 924 ft: 4232 corp: 975/459Kb lim: 4096 exec/s: 4902 rss: 318Mb L: 1270/4096 MS: 2 ChangeByte-EraseBytes-
#1353341	REDUCE cov: 924 ft: 4232 corp: 975/459Kb lim: 4096 exec/s: 4903 rss: 318Mb L: 41/4096 MS: 2 EraseBytes-ChangeBit-
#1354122	REDUCE cov: 924 ft: 4232 corp: 975/459Kb lim: 4096 exec/s: 4906 rss: 318Mb L: 10/4096 MS: 1 EraseBytes-
#1354533	REDUCE cov: 924 ft: 4232 corp: 975/459Kb lim: 4096 exec/s: 4907 rss: 318Mb L: 197/4096 MS: 1 EraseBytes-
#1354691	REDUCE cov: 924 ft: 4232 corp: 975/459Kb lim: 4096 exec/s: 4908 rss: 318Mb L: 34/4096 MS: 3 CopyPart-ChangeASCIIInt-EraseBytes-
#1355993	REDUCE cov: 924 ft: 4232 corp: 975/459Kb lim: 4096 exec/s: 4895 rss: 318Mb L: 9/4096 MS: 2 CopyPart-EraseBytes-
#1358469	REDUCE cov: 924 ft: 4232 corp: 975/459Kb lim: 4096 exec/s: 4904 rss: 318Mb L: 199/4096 MS: 1 EraseBytes-
#1359076	REDUCE cov: 924 ft: 4232 corp: 975/459Kb lim: 4096 exec/s: 4906 rss: 318Mb L: 13/4096 MS: 2 ChangeByte-EraseBytes-
#1359799	REDUCE cov: 924 ft: 4232 corp: 975/458Kb lim: 4096 exec/s: 4909 rss: 318Mb L: 52/4096 MS: 3 ChangeByte-EraseBytes-EraseBytes-
#1359951	REDUCE cov: 924 ft: 4232 corp: 975/458Kb lim: 4096 exec/s: 4909 rss: 318Mb L: 1770/4096 MS: 2 ChangeASCIIInt-EraseBytes-
#1360503	REDUCE cov: 924 ft: 4232 corp: 975/458Kb lim: 4096 exec/s: 4911 rss: 318Mb L: 101/4096 MS: 2 ChangeByte-EraseBytes-
#1360524	REDUCE cov: 924 ft: 4232 corp: 975/458Kb lim: 4096 exec/s: 4911 rss: 318Mb L: 79/4096 MS: 1 EraseBytes-
#1361575	REDUCE cov: 924 ft: 4232 corp: 975/458Kb lim: 4096 exec/s: 4897 rss: 318Mb L: 180/4096 MS: 1 EraseBytes-
#1362016	REDUCE cov: 924 ft: 4232 corp: 975/458Kb lim: 4096 exec/s: 4899 rss: 318Mb L: 26/4096 MS: 1 EraseBytes-
#1363114	REDUCE cov: 924 ft: 4234 corp: 976/459Kb lim: 4096 exec/s: 4903 rss: 318Mb L: 96/4096 MS: 3 InsertRepeatedBytes-ChangeBit-EraseBytes-
#1363211	REDUCE cov: 924 ft: 4234 corp: 976/459Kb lim: 4096 exec/s: 4903 rss: 318Mb L: 12/4096 MS: 2 EraseBytes-InsertByte-
#1363912	REDUCE cov: 924 ft: 4234 corp: 976/459Kb lim: 4096 exec/s: 4906 rss: 318Mb L: 97/4096 MS: 1 EraseBytes-
#1365089	REDUCE cov: 924 ft: 4234 corp: 976/459Kb lim: 4096 exec/s: 4910 rss: 318Mb L: 90/4096 MS: 2 CopyPart-EraseBytes-
#1365881	REDUCE cov: 924 ft: 4234 corp: 976/459Kb lim: 4096 exec/s: 4895 rss: 318Mb L: 99/4096 MS: 2 InsertByte-EraseBytes-
#1366545	REDUCE cov: 924 ft: 4234 corp: 976/458Kb lim: 4096 exec/s: 4898 rss: 318Mb L: 901/4096 MS: 4 ChangeBit-InsertByte-CopyPart-EraseBytes-
#1368882	REDUCE cov: 924 ft: 4234 corp: 976/458Kb lim: 4096 exec/s: 4906 rss: 318Mb L: 92/4096 MS: 2 CrossOver-EraseBytes-
#1368984	REDUCE cov: 924 ft: 4234 corp: 976/458Kb lim: 4096 exec/s: 4906 rss: 318Mb L: 873/4096 MS: 2 ChangeBit-EraseBytes-
#1370004	REDUCE cov: 924 ft: 4234 corp: 976/458Kb lim: 4096 exec/s: 4910 rss: 318Mb L: 166/4096 MS: 5 ChangeByte-EraseBytes-ShuffleBytes-InsertByte-ChangeBinInt-
#1370659	REDUCE cov: 924 ft: 4234 corp: 976/458Kb lim: 4096 exec/s: 4912 rss: 318Mb L: 650/4096 MS: 5 ManualDict-ChangeBinInt-CMP-ChangeBit-EraseBytes- DE: "Regular"-"\360\037\000\000\000\000\000\000"-
#1373119	REDUCE cov: 924 ft: 4234 corp: 976/458Kb lim: 4096 exec/s: 4903 rss: 318Mb L: 1782/4096 MS: 5 PersAutoDict-CopyPart-EraseBytes-ChangeBinInt-InsertByte- DE: "\000\000\000\000\000\000\000\012"-
#1373425	REDUCE cov: 924 ft: 4234 corp: 976/458Kb lim: 4096 exec/s: 4905 rss: 318Mb L: 1672/4096 MS: 1 EraseBytes-
#1377071	REDUCE cov: 924 ft: 4234 corp: 976/458Kb lim: 4096 exec/s: 4900 rss: 318Mb L: 97/4096 MS: 1 EraseBytes-
#1377900	REDUCE cov: 924 ft: 4234 corp: 976/458Kb lim: 4096 exec/s: 4903 rss: 318Mb L: 90/4096 MS: 4 PersAutoDict-ShuffleBytes-PersAutoDict-EraseBytes- DE: "\001\000\000\004"-"\376\377\377\364"-
#1379594	REDUCE cov: 924 ft: 4234 corp: 976/458Kb lim: 4096 exec/s: 4909 rss: 318Mb L: 71/4096 MS: 4 ChangeBinInt-EraseBytes-ShuffleBytes-CopyPart-
#1380550	NEW    cov: 924 ft: 4235 corp: 977/460Kb lim: 4096 exec/s: 4912 rss: 318Mb L: 2424/4096 MS: 1 CrossOver-
#1382066	REDUCE cov: 924 ft: 4235 corp: 977/460Kb lim: 4096 exec/s: 4900 rss: 318Mb L: 1829/4096 MS: 1 EraseBytes-
#1383172	REDUCE cov: 924 ft: 4235 corp: 977/460Kb lim: 4096 exec/s: 4904 rss: 318Mb L: 81/4096 MS: 1 EraseBytes-
#1383683	REDUCE cov: 924 ft: 4235 corp: 977/460Kb lim: 4096 exec/s: 4906 rss: 318Mb L: 47/4096 MS: 1 EraseBytes-
#1383909	REDUCE cov: 924 ft: 4235 corp: 977/460Kb lim: 4096 exec/s: 4907 rss: 318Mb L: 218/4096 MS: 1 EraseBytes-
#1383916	REDUCE cov: 924 ft: 4235 corp: 977/460Kb lim: 4096 exec/s: 4907 rss: 318Mb L: 19/4096 MS: 2 ChangeBit-EraseBytes-
#1384177	REDUCE cov: 924 ft: 4235 corp: 977/460Kb lim: 4096 exec/s: 4908 rss: 318Mb L: 24/4096 MS: 1 EraseBytes-
#1384958	REDUCE cov: 924 ft: 4235 corp: 977/460Kb lim: 4096 exec/s: 4911 rss: 319Mb L: 1718/4096 MS: 1 EraseBytes-
#1385434	REDUCE cov: 924 ft: 4235 corp: 977/460Kb lim: 4096 exec/s: 4895 rss: 319Mb L: 2067/4096 MS: 1 EraseBytes-
#1385741	REDUCE cov: 924 ft: 4235 corp: 977/460Kb lim: 4096 exec/s: 4896 rss: 319Mb L: 127/4096 MS: 2 ChangeBinInt-EraseBytes-
#1385743	REDUCE cov: 924 ft: 4235 corp: 977/459Kb lim: 4096 exec/s: 4896 rss: 319Mb L: 1339/4096 MS: 2 ChangeByte-EraseBytes-
#1388224	REDUCE cov: 924 ft: 4235 corp: 977/459Kb lim: 4096 exec/s: 4905 rss: 319Mb L: 53/4096 MS: 1 EraseBytes-
#1388683	REDUCE cov: 924 ft: 4235 corp: 977/459Kb lim: 4096 exec/s: 4907 rss: 319Mb L: 62/4096 MS: 4 InsertRepeatedBytes-ShuffleBytes-ChangeBit-EraseBytes-
#1388916	REDUCE cov: 924 ft: 4235 corp: 977/459Kb lim: 4096 exec/s: 4907 rss: 319Mb L: 42/4096 MS: 3 EraseBytes-ShuffleBytes-InsertByte-
#1389714	REDUCE cov: 924 ft: 4235 corp: 977/458Kb lim: 4096 exec/s: 4910 rss: 326Mb L: 1128/4096 MS: 3 InsertRepeatedBytes-CrossOver-EraseBytes-
#1390112	REDUCE cov: 924 ft: 4235 corp: 977/458Kb lim: 4096 exec/s: 4912 rss: 327Mb L: 41/4096 MS: 3 ChangeByte-ChangeBit-EraseBytes-
#1393163	REDUCE cov: 924 ft: 4235 corp: 977/458Kb lim: 4096 exec/s: 4905 rss: 327Mb L: 1712/4096 MS: 1 EraseBytes-
#1394040	REDUCE cov: 924 ft: 4235 corp: 977/458Kb lim: 4096 exec/s: 4908 rss: 327Mb L: 625/4096 MS: 2 CMP-EraseBytes- DE: "\353\000\000\000"-
#1395406	REDUCE cov: 924 ft: 4235 corp: 977/458Kb lim: 4096 exec/s: 4896 rss: 327Mb L: 3/4096 MS: 1 EraseBytes-
#1395782	REDUCE cov: 924 ft: 4235 corp: 977/458Kb lim: 4096 exec/s: 4897 rss: 327Mb L: 79/4096 MS: 1 EraseBytes-
#1397098	REDUCE cov: 924 ft: 4235 corp: 977/458Kb lim: 4096 exec/s: 4902 rss: 327Mb L: 37/4096 MS: 1 EraseBytes-
#1398343	REDUCE cov: 924 ft: 4235 corp: 977/458Kb lim: 4096 exec/s: 4906 rss: 327Mb L: 782/4096 MS: 5 ChangeByte-PersAutoDict-ChangeBinInt-ChangeBit-EraseBytes- DE: "\377\000\000\000\000\000\000\000"-
#1399614	REDUCE cov: 924 ft: 4235 corp: 977/458Kb lim: 4096 exec/s: 4910 rss: 327Mb L: 624/4096 MS: 1 CrossOver-
#1400466	REDUCE cov: 924 ft: 4235 corp: 977/458Kb lim: 4096 exec/s: 4896 rss: 327Mb L: 129/4096 MS: 2 InsertRepeatedBytes-EraseBytes-
#1400743	REDUCE cov: 924 ft: 4235 corp: 977/458Kb lim: 4096 exec/s: 4897 rss: 327Mb L: 4/4096 MS: 2 ShuffleBytes-EraseBytes-
#1403952	REDUCE cov: 924 ft: 4235 corp: 977/458Kb lim: 4096 exec/s: 4908 rss: 327Mb L: 131/4096 MS: 4 CopyPart-ManualDict-ChangeBit-EraseBytes- DE: "Regular"-
#1404080	REDUCE cov: 924 ft: 4235 corp: 977/458Kb lim: 4096 exec/s: 4909 rss: 327Mb L: 21/4096 MS: 3 EraseBytes-ChangeBit-EraseBytes-
#1404763	REDUCE cov: 924 ft: 4235 corp: 977/458Kb lim: 4096 exec/s: 4894 rss: 327Mb L: 62/4096 MS: 3 ChangeByte-ChangeByte-EraseBytes-
#1405641	REDUCE cov: 924 ft: 4235 corp: 977/458Kb lim: 4096 exec/s: 4897 rss: 327Mb L: 564/4096 MS: 3 ShuffleBytes-ShuffleBytes-EraseBytes-
#1406643	REDUCE cov: 924 ft: 4235 corp: 977/458Kb lim: 4096 exec/s: 4901 rss: 327Mb L: 86/4096 MS: 2 CopyPart-EraseBytes-
#1407249	REDUCE cov: 924 ft: 4235 corp: 977/458Kb lim: 4096 exec/s: 4903 rss: 327Mb L: 129/4096 MS: 1 EraseBytes-
#1408237	REDUCE cov: 924 ft: 4235 corp: 977/458Kb lim: 4096 exec/s: 4906 rss: 327Mb L: 85/4096 MS: 3 ChangeBit-ChangeBit-EraseBytes-
#1410789	REDUCE cov: 924 ft: 4235 corp: 977/458Kb lim: 4096 exec/s: 4898 rss: 327Mb L: 543/4096 MS: 2 ChangeASCIIInt-EraseBytes-
#1411757	REDUCE cov: 924 ft: 4235 corp: 977/458Kb lim: 4096 exec/s: 4901 rss: 327Mb L: 68/4096 MS: 3 ChangeBit-EraseBytes-PersAutoDict- DE: "\016\000"-
#1412739	REDUCE cov: 924 ft: 4235 corp: 977/458Kb lim: 4096 exec/s: 4905 rss: 327Mb L: 214/4096 MS: 2 EraseBytes-EraseBytes-
#1413844	REDUCE cov: 924 ft: 4235 corp: 977/458Kb lim: 4096 exec/s: 4909 rss: 327Mb L: 381/4096 MS: 5 ShuffleBytes-ShuffleBytes-CrossOver-InsertRepeatedBytes-EraseBytes-
#1414020	REDUCE cov: 924 ft: 4235 corp: 977/457Kb lim: 4096 exec/s: 4909 rss: 327Mb L: 503/4096 MS: 1 EraseBytes-
#1414112	REDUCE cov: 924 ft: 4235 corp: 977/457Kb lim: 4096 exec/s: 4910 rss: 327Mb L: 44/4096 MS: 2 ChangeBinInt-EraseBytes-
#1415138	REDUCE cov: 924 ft: 4235 corp: 977/457Kb lim: 4096 exec/s: 4896 rss: 327Mb L: 1928/4096 MS: 1 EraseBytes-
#1416434	REDUCE cov: 924 ft: 4235 corp: 977/457Kb lim: 4096 exec/s: 4901 rss: 327Mb L: 36/4096 MS: 1 EraseBytes-
#1416733	REDUCE cov: 924 ft: 4235 corp: 977/457Kb lim: 4096 exec/s: 4902 rss: 327Mb L: 325/4096 MS: 4 CrossOver-ChangeBinInt-ShuffleBytes-EraseBytes-
#1416939	REDUCE cov: 924 ft: 4235 corp: 977/457Kb lim: 4096 exec/s: 4902 rss: 327Mb L: 203/4096 MS: 1 EraseBytes-
#1417574	REDUCE cov: 924 ft: 4235 corp: 977/457Kb lim: 4096 exec/s: 4905 rss: 327Mb L: 58/4096 MS: 5 ShuffleBytes-ChangeBit-ShuffleBytes-CopyPart-EraseBytes-
#1418055	REDUCE cov: 924 ft: 4235 corp: 977/457Kb lim: 4096 exec/s: 4906 rss: 327Mb L: 24/4096 MS: 1 EraseBytes-
#1421297	REDUCE cov: 924 ft: 4235 corp: 977/457Kb lim: 4096 exec/s: 4901 rss: 327Mb L: 51/4096 MS: 2 ChangeASCIIInt-EraseBytes-
#1421395	REDUCE cov: 924 ft: 4235 corp: 977/457Kb lim: 4096 exec/s: 4901 rss: 327Mb L: 1917/4096 MS: 3 CopyPart-ShuffleBytes-CrossOver-
#1421526	REDUCE cov: 924 ft: 4235 corp: 977/457Kb lim: 4096 exec/s: 4901 rss: 327Mb L: 1416/4096 MS: 1 EraseBytes-
#1422158	REDUCE cov: 924 ft: 4235 corp: 977/457Kb lim: 4096 exec/s: 4903 rss: 327Mb L: 317/4096 MS: 2 ChangeBit-EraseBytes-
#1423195	REDUCE cov: 924 ft: 4235 corp: 977/457Kb lim: 4096 exec/s: 4907 rss: 327Mb L: 34/4096 MS: 2 EraseBytes-ManualDict- DE: "needs more input"-
#1424361	REDUCE cov: 924 ft: 4235 corp: 977/457Kb lim: 4096 exec/s: 4894 rss: 327Mb L: 83/4096 MS: 1 EraseBytes-
#1424499	REDUCE cov: 924 ft: 4235 corp: 977/457Kb lim: 4096 exec/s: 4895 rss: 327Mb L: 133/4096 MS: 3 ShuffleBytes-CopyPart-EraseBytes-
#1425285	REDUCE cov: 924 ft: 4235 corp: 977/457Kb lim: 4096 exec/s: 4897 rss: 327Mb L: 70/4096 MS: 1 EraseBytes-
#1427736	REDUCE cov: 924 ft: 4235 corp: 977/457Kb lim: 4096 exec/s: 4906 rss: 327Mb L: 49/4096 MS: 1 EraseBytes-
#1427777	REDUCE cov: 924 ft: 4235 corp: 977/457Kb lim: 4096 exec/s: 4906 rss: 327Mb L: 50/4096 MS: 1 EraseBytes-
#1428504	REDUCE cov: 924 ft: 4236 corp: 978/457Kb lim: 4096 exec/s: 4908 rss: 327Mb L: 58/4096 MS: 2 CrossOver-CrossOver-
#1429492	REDUCE cov: 924 ft: 4236 corp: 978/457Kb lim: 4096 exec/s: 4895 rss: 327Mb L: 1834/4096 MS: 3 ChangeBit-ShuffleBytes-EraseBytes-
#1430368	REDUCE cov: 924 ft: 4236 corp: 978/457Kb lim: 4096 exec/s: 4898 rss: 327Mb L: 61/4096 MS: 1 EraseBytes-
#1431237	REDUCE cov: 924 ft: 4237 corp: 979/461Kb lim: 4096 exec/s: 4901 rss: 327Mb L: 3975/4096 MS: 4 ShuffleBytes-CrossOver-ChangeBit-InsertRepeatedBytes-
#1433004	REDUCE cov: 924 ft: 4237 corp: 979/461Kb lim: 4096 exec/s: 4907 rss: 327Mb L: 187/4096 MS: 2 InsertByte-EraseBytes-
#1434173	REDUCE cov: 924 ft: 4237 corp: 979/461Kb lim: 4096 exec/s: 4894 rss: 327Mb L: 51/4096 MS: 4 ShuffleBytes-PersAutoDict-ChangeBit-EraseBytes- DE: "\001\000\000\000\000\000\000\017"-
#1437544	REDUCE cov: 924 ft: 4237 corp: 979/461Kb lim: 4096 exec/s: 4906 rss: 327Mb L: 57/4096 MS: 1 EraseBytes-
#1438335	NEW    cov: 924 ft: 4239 corp: 980/461Kb lim: 4096 exec/s: 4892 rss: 327Mb L: 59/4096 MS: 1 InsertByte-
#1438411	NEW    cov: 924 ft: 4242 corp: 981/461Kb lim: 4096 exec/s: 4892 rss: 327Mb L: 127/4096 MS: 1 ManualDict- DE: "[ProcessCommandsInternal] dictionary word: [%.*s],"-
#1439841	REDUCE cov: 924 ft: 4242 corp: 981/461Kb lim: 4096 exec/s: 4897 rss: 327Mb L: 68/4096 MS: 5 CopyPart-ChangeBit-EraseBytes-ChangeBinInt-ChangeBinInt-
#1440327	REDUCE cov: 924 ft: 4242 corp: 981/461Kb lim: 4096 exec/s: 4899 rss: 327Mb L: 60/4096 MS: 1 EraseBytes-
#1442742	REDUCE cov: 924 ft: 4242 corp: 981/461Kb lim: 4096 exec/s: 4907 rss: 327Mb L: 1184/4096 MS: 5 CMP-ChangeBit-InsertRepeatedBytes-ChangeByte-EraseBytes- DE: "\001\007"-
#1445168	REDUCE cov: 924 ft: 4242 corp: 981/461Kb lim: 4096 exec/s: 4898 rss: 327Mb L: 9/4096 MS: 1 EraseBytes-
#1445703	REDUCE cov: 924 ft: 4242 corp: 981/461Kb lim: 4096 exec/s: 4900 rss: 327Mb L: 56/4096 MS: 5 ChangeBinInt-CMP-CMP-ShuffleBytes-EraseBytes- DE: "\377\377\377\377\377\377\377\377"-"\000\000\000\000"-
#1446209	REDUCE cov: 924 ft: 4242 corp: 981/461Kb lim: 4096 exec/s: 4902 rss: 327Mb L: 51/4096 MS: 1 EraseBytes-
#1447270	REDUCE cov: 924 ft: 4242 corp: 981/459Kb lim: 4096 exec/s: 4906 rss: 327Mb L: 2334/4096 MS: 1 EraseBytes-
#1447326	REDUCE cov: 924 ft: 4242 corp: 981/459Kb lim: 4096 exec/s: 4906 rss: 327Mb L: 70/4096 MS: 1 EraseBytes-
#1448308	REDUCE cov: 924 ft: 4242 corp: 981/459Kb lim: 4096 exec/s: 4909 rss: 327Mb L: 41/4096 MS: 2 PersAutoDict-EraseBytes- DE: "\000\250"-
#1448515	REDUCE cov: 924 ft: 4242 corp: 981/459Kb lim: 4096 exec/s: 4893 rss: 327Mb L: 140/4096 MS: 2 PersAutoDict-EraseBytes- DE: "\001\000\000\000\000\000\000\246"-
#1448756	REDUCE cov: 924 ft: 4242 corp: 981/459Kb lim: 4096 exec/s: 4894 rss: 327Mb L: 11/4096 MS: 1 EraseBytes-
#1450897	REDUCE cov: 924 ft: 4242 corp: 981/459Kb lim: 4096 exec/s: 4901 rss: 327Mb L: 2102/4096 MS: 1 EraseBytes-
#1450933	REDUCE cov: 924 ft: 4242 corp: 981/459Kb lim: 4096 exec/s: 4901 rss: 327Mb L: 22/4096 MS: 1 EraseBytes-
#1451614	REDUCE cov: 924 ft: 4242 corp: 981/459Kb lim: 4096 exec/s: 4904 rss: 327Mb L: 60/4096 MS: 1 EraseBytes-
#1451782	REDUCE cov: 924 ft: 4242 corp: 981/459Kb lim: 4096 exec/s: 4904 rss: 327Mb L: 879/4096 MS: 3 ChangeBit-PersAutoDict-EraseBytes- DE: "@\000\000\000\000\000\000\000"-
#1452225	REDUCE cov: 924 ft: 4242 corp: 981/459Kb lim: 4096 exec/s: 4906 rss: 327Mb L: 182/4096 MS: 3 CMP-ChangeASCIIInt-EraseBytes- DE: "\011\000\000\000\000\000\000\000"-
#1453171	REDUCE cov: 924 ft: 4242 corp: 981/459Kb lim: 4096 exec/s: 4909 rss: 327Mb L: 418/4096 MS: 1 EraseBytes-
#1453642	REDUCE cov: 924 ft: 4242 corp: 981/459Kb lim: 4096 exec/s: 4894 rss: 327Mb L: 366/4096 MS: 1 EraseBytes-
#1454034	REDUCE cov: 924 ft: 4242 corp: 981/459Kb lim: 4096 exec/s: 4895 rss: 327Mb L: 2049/4096 MS: 2 InsertByte-EraseBytes-
#1455865	REDUCE cov: 924 ft: 4242 corp: 981/459Kb lim: 4096 exec/s: 4901 rss: 327Mb L: 93/4096 MS: 1 EraseBytes-
#1456913	REDUCE cov: 924 ft: 4242 corp: 981/459Kb lim: 4096 exec/s: 4905 rss: 327Mb L: 145/4096 MS: 3 ManualDict-ChangeBinInt-EraseBytes- DE: "Regular"-
#1457289	REDUCE cov: 924 ft: 4242 corp: 981/459Kb lim: 4096 exec/s: 4906 rss: 327Mb L: 66/4096 MS: 1 EraseBytes-
#1462386	REDUCE cov: 924 ft: 4242 corp: 981/459Kb lim: 4096 exec/s: 4907 rss: 327Mb L: 236/4096 MS: 2 EraseBytes-InsertRepeatedBytes-
#1462419	REDUCE cov: 924 ft: 4242 corp: 981/459Kb lim: 4096 exec/s: 4907 rss: 327Mb L: 213/4096 MS: 3 InsertByte-ShuffleBytes-EraseBytes-
#1463821	NEW    cov: 924 ft: 4243 corp: 982/459Kb lim: 4096 exec/s: 4912 rss: 327Mb L: 147/4096 MS: 2 PersAutoDict-CrossOver- DE: "5\000\000\000\000\000\000\000"-
#1464903	REDUCE cov: 924 ft: 4243 corp: 982/459Kb lim: 4096 exec/s: 4899 rss: 327Mb L: 475/4096 MS: 2 CopyPart-CrossOver-
#1465852	REDUCE cov: 924 ft: 4243 corp: 982/458Kb lim: 4096 exec/s: 4902 rss: 327Mb L: 434/4096 MS: 4 ChangeBit-EraseBytes-ChangeBit-EraseBytes-
#1466605	REDUCE cov: 924 ft: 4243 corp: 982/458Kb lim: 4096 exec/s: 4905 rss: 327Mb L: 172/4096 MS: 3 PersAutoDict-PersAutoDict-EraseBytes- DE: "\000\000\000\000\000\000\000\020"-"\357\377\377\377"-
#1467480	REDUCE cov: 924 ft: 4243 corp: 982/458Kb lim: 4096 exec/s: 4907 rss: 327Mb L: 1947/4096 MS: 5 CrossOver-CopyPart-ChangeBit-InsertRepeatedBytes-EraseBytes-
#1467801	REDUCE cov: 924 ft: 4243 corp: 982/458Kb lim: 4096 exec/s: 4909 rss: 327Mb L: 146/4096 MS: 1 EraseBytes-
#1467934	REDUCE cov: 924 ft: 4243 corp: 982/458Kb lim: 4096 exec/s: 4909 rss: 327Mb L: 394/4096 MS: 3 InsertRepeatedBytes-InsertByte-EraseBytes-
#1468856	REDUCE cov: 924 ft: 4243 corp: 982/458Kb lim: 4096 exec/s: 4896 rss: 327Mb L: 355/4096 MS: 2 EraseBytes-InsertRepeatedBytes-
#1469008	REDUCE cov: 924 ft: 4243 corp: 982/458Kb lim: 4096 exec/s: 4896 rss: 327Mb L: 22/4096 MS: 2 ChangeBit-EraseBytes-
#1474204	REDUCE cov: 924 ft: 4243 corp: 982/458Kb lim: 4096 exec/s: 4897 rss: 327Mb L: 1889/4096 MS: 1 EraseBytes-
#1474925	REDUCE cov: 924 ft: 4243 corp: 982/458Kb lim: 4096 exec/s: 4900 rss: 327Mb L: 56/4096 MS: 1 EraseBytes-
#1476692	REDUCE cov: 924 ft: 4243 corp: 982/458Kb lim: 4096 exec/s: 4905 rss: 327Mb L: 1641/4096 MS: 2 CrossOver-EraseBytes-
#1476761	REDUCE cov: 924 ft: 4243 corp: 982/458Kb lim: 4096 exec/s: 4906 rss: 327Mb L: 1761/4096 MS: 4 CrossOver-CrossOver-InsertByte-EraseBytes-
#1477906	REDUCE cov: 924 ft: 4243 corp: 982/458Kb lim: 4096 exec/s: 4909 rss: 327Mb L: 1682/4096 MS: 5 CopyPart-PersAutoDict-ChangeBinInt-ChangeByte-EraseBytes- DE: "\376\377\377\377\377\377\377\321"-
#1478317	REDUCE cov: 924 ft: 4243 corp: 982/457Kb lim: 4096 exec/s: 4911 rss: 327Mb L: 1247/4096 MS: 1 CrossOver-
#1478496	REDUCE cov: 924 ft: 4243 corp: 982/457Kb lim: 4096 exec/s: 4895 rss: 327Mb L: 1292/4096 MS: 4 ManualDict-PersAutoDict-ChangeASCIIInt-EraseBytes- DE: "Regular"-"\377\377\377\377\377\377\377\000"-
#1479003	REDUCE cov: 924 ft: 4243 corp: 982/457Kb lim: 4096 exec/s: 4897 rss: 327Mb L: 68/4096 MS: 2 ShuffleBytes-EraseBytes-
#1480104	REDUCE cov: 924 ft: 4243 corp: 982/457Kb lim: 4096 exec/s: 4901 rss: 327Mb L: 51/4096 MS: 1 EraseBytes-
#1481576	REDUCE cov: 924 ft: 4243 corp: 982/457Kb lim: 4096 exec/s: 4905 rss: 327Mb L: 46/4096 MS: 2 ShuffleBytes-EraseBytes-
#1482848	REDUCE cov: 924 ft: 4243 corp: 982/457Kb lim: 4096 exec/s: 4910 rss: 327Mb L: 147/4096 MS: 2 CrossOver-EraseBytes-
#1482899	REDUCE cov: 924 ft: 4243 corp: 982/457Kb lim: 4096 exec/s: 4910 rss: 327Mb L: 85/4096 MS: 1 EraseBytes-
#1485470	REDUCE cov: 924 ft: 4243 corp: 982/457Kb lim: 4096 exec/s: 4902 rss: 327Mb L: 33/4096 MS: 1 EraseBytes-
#1487099	REDUCE cov: 924 ft: 4243 corp: 982/457Kb lim: 4096 exec/s: 4907 rss: 327Mb L: 342/4096 MS: 4 ChangeBit-CrossOver-ChangeBit-EraseBytes-
#1487190	REDUCE cov: 924 ft: 4243 corp: 982/456Kb lim: 4096 exec/s: 4908 rss: 327Mb L: 1722/4096 MS: 1 EraseBytes-
#1487546	REDUCE cov: 924 ft: 4244 corp: 983/456Kb lim: 4096 exec/s: 4909 rss: 327Mb L: 39/4096 MS: 1 EraseBytes-
#1487604	REDUCE cov: 924 ft: 4244 corp: 983/456Kb lim: 4096 exec/s: 4909 rss: 327Mb L: 106/4096 MS: 3 PersAutoDict-ChangeBinInt-EraseBytes- DE: "\377\377\377\007"-
#1487656	REDUCE cov: 924 ft: 4244 corp: 983/456Kb lim: 4096 exec/s: 4909 rss: 327Mb L: 30/4096 MS: 2 CrossOver-EraseBytes-
#1489144	REDUCE cov: 924 ft: 4244 corp: 983/456Kb lim: 4096 exec/s: 4898 rss: 327Mb L: 11/4096 MS: 3 PersAutoDict-EraseBytes-InsertByte- DE: "\001\000\000\000\000\000\000\000"-
#1489780	REDUCE cov: 924 ft: 4244 corp: 983/456Kb lim: 4096 exec/s: 4900 rss: 327Mb L: 179/4096 MS: 1 EraseBytes-
#1489863	REDUCE cov: 924 ft: 4244 corp: 983/456Kb lim: 4096 exec/s: 4900 rss: 327Mb L: 126/4096 MS: 3 ChangeBit-ChangeBinInt-EraseBytes-
#1490110	REDUCE cov: 924 ft: 4244 corp: 983/456Kb lim: 4096 exec/s: 4901 rss: 327Mb L: 345/4096 MS: 2 ChangeBit-EraseBytes-
#1493238	REDUCE cov: 924 ft: 4244 corp: 983/456Kb lim: 4096 exec/s: 4895 rss: 327Mb L: 341/4096 MS: 3 CMP-CMP-EraseBytes- DE: "\377\377\377\377\377\377\377\376"-"\001\000\000\000"-
#1493383	REDUCE cov: 924 ft: 4244 corp: 983/456Kb lim: 4096 exec/s: 4896 rss: 327Mb L: 62/4096 MS: 5 EraseBytes-ChangeByte-ChangeByte-ChangeBinInt-EraseBytes-
#1497962	REDUCE cov: 924 ft: 4244 corp: 983/456Kb lim: 4096 exec/s: 4911 rss: 327Mb L: 57/4096 MS: 4 ChangeASCIIInt-ChangeByte-ChangeASCIIInt-EraseBytes-
#1498698	REDUCE cov: 924 ft: 4244 corp: 983/456Kb lim: 4096 exec/s: 4897 rss: 327Mb L: 473/4096 MS: 1 EraseBytes-
#1500454	REDUCE cov: 924 ft: 4244 corp: 983/456Kb lim: 4096 exec/s: 4903 rss: 327Mb L: 206/4096 MS: 1 EraseBytes-
#1502766	REDUCE cov: 924 ft: 4244 corp: 983/456Kb lim: 4096 exec/s: 4911 rss: 327Mb L: 36/4096 MS: 2 ShuffleBytes-EraseBytes-
#1506445	REDUCE cov: 924 ft: 4244 corp: 983/456Kb lim: 4096 exec/s: 4906 rss: 327Mb L: 286/4096 MS: 4 ManualDict-ChangeBit-CopyPart-EraseBytes- DE: "that \\1\\'\\6 with \\6 from \\4 by \\1(\\6. T"-
#1506762	REDUCE cov: 924 ft: 4244 corp: 983/456Kb lim: 4096 exec/s: 4908 rss: 327Mb L: 2046/4096 MS: 2 ChangeByte-EraseBytes-
#1508208	REDUCE cov: 924 ft: 4244 corp: 983/456Kb lim: 4096 exec/s: 4896 rss: 327Mb L: 167/4096 MS: 1 EraseBytes-
#1508625	REDUCE cov: 924 ft: 4244 corp: 983/456Kb lim: 4096 exec/s: 4898 rss: 327Mb L: 314/4096 MS: 2 PersAutoDict-EraseBytes- DE: "\377\377\377\377\377\377\000\021"-
#1509971	REDUCE cov: 924 ft: 4244 corp: 983/456Kb lim: 4096 exec/s: 4902 rss: 327Mb L: 76/4096 MS: 1 EraseBytes-
#1510582	REDUCE cov: 924 ft: 4244 corp: 983/456Kb lim: 4096 exec/s: 4904 rss: 327Mb L: 18/4096 MS: 1 EraseBytes-
#1511863	REDUCE cov: 924 ft: 4244 corp: 983/456Kb lim: 4096 exec/s: 4908 rss: 327Mb L: 42/4096 MS: 1 EraseBytes-
#1512264	REDUCE cov: 924 ft: 4244 corp: 983/456Kb lim: 4096 exec/s: 4909 rss: 327Mb L: 834/4096 MS: 1 CrossOver-
#1514145	REDUCE cov: 924 ft: 4244 corp: 983/456Kb lim: 4096 exec/s: 4900 rss: 327Mb L: 1283/4096 MS: 1 EraseBytes-
#1514358	REDUCE cov: 924 ft: 4244 corp: 983/456Kb lim: 4096 exec/s: 4900 rss: 327Mb L: 31/4096 MS: 3 ChangeBinInt-EraseBytes-PersAutoDict- DE: "3\000\000\000\000\000\000\000"-
#1514855	REDUCE cov: 924 ft: 4244 corp: 983/456Kb lim: 4096 exec/s: 4902 rss: 327Mb L: 96/4096 MS: 2 ChangeBit-EraseBytes-
#1515287	REDUCE cov: 924 ft: 4244 corp: 983/456Kb lim: 4096 exec/s: 4903 rss: 327Mb L: 259/4096 MS: 2 PersAutoDict-EraseBytes- DE: "\000\000\000\000\000\000\000\030"-
#1516149	REDUCE cov: 924 ft: 4244 corp: 983/456Kb lim: 4096 exec/s: 4906 rss: 327Mb L: 448/4096 MS: 2 CMP-EraseBytes- DE: "\377\000"-
#1518730	REDUCE cov: 924 ft: 4244 corp: 983/456Kb lim: 4096 exec/s: 4899 rss: 327Mb L: 165/4096 MS: 1 EraseBytes-
#1518923	REDUCE cov: 924 ft: 4244 corp: 983/456Kb lim: 4096 exec/s: 4899 rss: 327Mb L: 50/4096 MS: 3 PersAutoDict-CopyPart-EraseBytes- DE: "\351\037\000\000\000\000\000\000"-
#1519454	REDUCE cov: 924 ft: 4244 corp: 983/456Kb lim: 4096 exec/s: 4901 rss: 327Mb L: 110/4096 MS: 1 EraseBytes-
#1520572	REDUCE cov: 924 ft: 4244 corp: 983/456Kb lim: 4096 exec/s: 4905 rss: 327Mb L: 83/4096 MS: 3 EraseBytes-PersAutoDict-CMP- DE: "\000\032"-"\377\004"-
#1522938	REDUCE cov: 924 ft: 4244 corp: 983/456Kb lim: 4096 exec/s: 4896 rss: 327Mb L: 38/4096 MS: 1 EraseBytes-
#1523304	REDUCE cov: 924 ft: 4244 corp: 983/456Kb lim: 4096 exec/s: 4898 rss: 327Mb L: 1957/4096 MS: 1 EraseBytes-
#1523675	REDUCE cov: 924 ft: 4244 corp: 983/456Kb lim: 4096 exec/s: 4899 rss: 327Mb L: 2066/4096 MS: 1 EraseBytes-
#1524757	REDUCE cov: 924 ft: 4244 corp: 983/456Kb lim: 4096 exec/s: 4902 rss: 327Mb L: 1674/4096 MS: 2 ShuffleBytes-CrossOver-
#1526439	REDUCE cov: 924 ft: 4244 corp: 983/455Kb lim: 4096 exec/s: 4892 rss: 327Mb L: 33/4096 MS: 2 CMP-EraseBytes- DE: "\001\000\000\000\000\000\0001"-
#1531740	REDUCE cov: 924 ft: 4244 corp: 983/455Kb lim: 4096 exec/s: 4893 rss: 327Mb L: 1530/4096 MS: 1 EraseBytes-
#1535476	REDUCE cov: 924 ft: 4244 corp: 983/455Kb lim: 4096 exec/s: 4905 rss: 327Mb L: 49/4096 MS: 1 EraseBytes-
#1536062	REDUCE cov: 924 ft: 4244 corp: 983/455Kb lim: 4096 exec/s: 4907 rss: 327Mb L: 78/4096 MS: 1 EraseBytes-
#1536798	REDUCE cov: 924 ft: 4244 corp: 983/455Kb lim: 4096 exec/s: 4894 rss: 327Mb L: 13/4096 MS: 1 EraseBytes-
#1537536	REDUCE cov: 924 ft: 4244 corp: 983/455Kb lim: 4096 exec/s: 4896 rss: 327Mb L: 370/4096 MS: 3 ChangeBinInt-InsertRepeatedBytes-EraseBytes-
#1539055	REDUCE cov: 924 ft: 4244 corp: 983/455Kb lim: 4096 exec/s: 4901 rss: 327Mb L: 405/4096 MS: 4 InsertByte-ChangeASCIIInt-PersAutoDict-EraseBytes- DE: "\000\000\000\000\000\000\000'"-
#1539409	REDUCE cov: 924 ft: 4244 corp: 983/455Kb lim: 4096 exec/s: 4902 rss: 327Mb L: 1994/4096 MS: 4 InsertRepeatedBytes-EraseBytes-InsertByte-InsertRepeatedBytes-
#1542290	REDUCE cov: 924 ft: 4244 corp: 983/455Kb lim: 4096 exec/s: 4896 rss: 327Mb L: 90/4096 MS: 1 EraseBytes-
#1542656	REDUCE cov: 924 ft: 4244 corp: 983/455Kb lim: 4096 exec/s: 4897 rss: 327Mb L: 33/4096 MS: 1 EraseBytes-
#1543952	REDUCE cov: 924 ft: 4244 corp: 983/455Kb lim: 4096 exec/s: 4901 rss: 327Mb L: 29/4096 MS: 1 EraseBytes-
#1544349	REDUCE cov: 924 ft: 4244 corp: 983/455Kb lim: 4096 exec/s: 4902 rss: 327Mb L: 44/4096 MS: 2 ChangeBit-EraseBytes-
#1549013	REDUCE cov: 924 ft: 4244 corp: 983/455Kb lim: 4096 exec/s: 4901 rss: 327Mb L: 1247/4096 MS: 4 InsertByte-ChangeByte-CopyPart-EraseBytes-
#1549224	REDUCE cov: 924 ft: 4244 corp: 983/455Kb lim: 4096 exec/s: 4902 rss: 327Mb L: 33/4096 MS: 1 EraseBytes-
#1550170	REDUCE cov: 924 ft: 4244 corp: 983/455Kb lim: 4096 exec/s: 4890 rss: 327Mb L: 160/4096 MS: 1 EraseBytes-
#1551532	REDUCE cov: 924 ft: 4244 corp: 983/455Kb lim: 4096 exec/s: 4894 rss: 327Mb L: 174/4096 MS: 2 ChangeByte-EraseBytes-
#1552123	REDUCE cov: 924 ft: 4244 corp: 983/455Kb lim: 4096 exec/s: 4896 rss: 327Mb L: 1220/4096 MS: 1 EraseBytes-
#1552489	REDUCE cov: 924 ft: 4244 corp: 983/455Kb lim: 4096 exec/s: 4897 rss: 327Mb L: 1220/4096 MS: 1 EraseBytes-
#1556343	REDUCE cov: 924 ft: 4244 corp: 983/455Kb lim: 4096 exec/s: 4894 rss: 327Mb L: 570/4096 MS: 4 InsertByte-PersAutoDict-EraseBytes-InsertRepeatedBytes- DE: "\000\010"-
#1561037	REDUCE cov: 924 ft: 4244 corp: 983/455Kb lim: 4096 exec/s: 4893 rss: 327Mb L: 3810/4096 MS: 4 EraseBytes-CopyPart-ChangeBinInt-PersAutoDict- DE: "\377\377\010\364"-
#1563078	REDUCE cov: 924 ft: 4244 corp: 983/455Kb lim: 4096 exec/s: 4899 rss: 327Mb L: 32/4096 MS: 1 EraseBytes-
#1566154	REDUCE cov: 924 ft: 4244 corp: 983/455Kb lim: 4096 exec/s: 4894 rss: 327Mb L: 207/4096 MS: 1 EraseBytes-
#1568103	REDUCE cov: 924 ft: 4244 corp: 983/455Kb lim: 4096 exec/s: 4900 rss: 327Mb L: 43/4096 MS: 4 ShuffleBytes-EraseBytes-ChangeBit-PersAutoDict- DE: " \000\000\000\000\000\000\000"-
#1568619	REDUCE cov: 924 ft: 4244 corp: 983/455Kb lim: 4096 exec/s: 4901 rss: 327Mb L: 57/4096 MS: 1 EraseBytes-
#1568625	REDUCE cov: 924 ft: 4244 corp: 983/455Kb lim: 4096 exec/s: 4901 rss: 327Mb L: 16/4096 MS: 1 EraseBytes-
#1569312	REDUCE cov: 924 ft: 4244 corp: 983/455Kb lim: 4096 exec/s: 4904 rss: 327Mb L: 2407/4096 MS: 2 CopyPart-EraseBytes-
#1570689	REDUCE cov: 924 ft: 4244 corp: 983/455Kb lim: 4096 exec/s: 4893 rss: 327Mb L: 1701/4096 MS: 2 ChangeASCIIInt-EraseBytes-
#1571725	REDUCE cov: 924 ft: 4244 corp: 983/455Kb lim: 4096 exec/s: 4896 rss: 327Mb L: 2552/4096 MS: 1 EraseBytes-
#1573571	REDUCE cov: 924 ft: 4244 corp: 983/455Kb lim: 4096 exec/s: 4902 rss: 327Mb L: 54/4096 MS: 1 EraseBytes-
#1573801	REDUCE cov: 924 ft: 4244 corp: 983/455Kb lim: 4096 exec/s: 4902 rss: 327Mb L: 60/4096 MS: 5 CopyPart-ChangeByte-EraseBytes-EraseBytes-PersAutoDict- DE: "\000\000\000\000\000\000\000\012"-
#1574523	REDUCE cov: 924 ft: 4244 corp: 983/455Kb lim: 4096 exec/s: 4889 rss: 327Mb L: 3198/4096 MS: 2 EraseBytes-CopyPart-
#1575024	REDUCE cov: 924 ft: 4244 corp: 983/455Kb lim: 4096 exec/s: 4891 rss: 327Mb L: 11/4096 MS: 1 EraseBytes-
#1575473	REDUCE cov: 924 ft: 4244 corp: 983/455Kb lim: 4096 exec/s: 4892 rss: 327Mb L: 20/4096 MS: 4 CrossOver-ChangeBit-ShuffleBytes-EraseBytes-
#1575600	REDUCE cov: 924 ft: 4244 corp: 983/455Kb lim: 4096 exec/s: 4893 rss: 327Mb L: 7/4096 MS: 2 EraseBytes-CopyPart-
#1576076	REDUCE cov: 924 ft: 4244 corp: 983/455Kb lim: 4096 exec/s: 4894 rss: 327Mb L: 499/4096 MS: 1 EraseBytes-
#1576429	REDUCE cov: 924 ft: 4244 corp: 983/455Kb lim: 4096 exec/s: 4895 rss: 327Mb L: 284/4096 MS: 3 InsertByte-EraseBytes-InsertRepeatedBytes-
#1578756	REDUCE cov: 924 ft: 4244 corp: 983/455Kb lim: 4096 exec/s: 4887 rss: 327Mb L: 13/4096 MS: 2 CrossOver-EraseBytes-
#1579327	REDUCE cov: 924 ft: 4244 corp: 983/454Kb lim: 4096 exec/s: 4889 rss: 327Mb L: 1183/4096 MS: 1 EraseBytes-
#1579491	REDUCE cov: 924 ft: 4244 corp: 983/454Kb lim: 4096 exec/s: 4890 rss: 327Mb L: 63/4096 MS: 4 ShuffleBytes-ChangeBit-EraseBytes-PersAutoDict- DE: "Large Window Brotli"-
#1580487	REDUCE cov: 924 ft: 4244 corp: 983/454Kb lim: 4096 exec/s: 4893 rss: 327Mb L: 11/4096 MS: 1 EraseBytes-
#1581669	REDUCE cov: 924 ft: 4244 corp: 983/454Kb lim: 4096 exec/s: 4896 rss: 327Mb L: 272/4096 MS: 2 ShuffleBytes-EraseBytes-
#1587200	REDUCE cov: 924 ft: 4244 corp: 983/454Kb lim: 4096 exec/s: 4898 rss: 327Mb L: 82/4096 MS: 1 EraseBytes-
#1590761	REDUCE cov: 924 ft: 4244 corp: 983/454Kb lim: 4096 exec/s: 4894 rss: 327Mb L: 58/4096 MS: 1 EraseBytes-
#1591933	REDUCE cov: 924 ft: 4244 corp: 983/454Kb lim: 4096 exec/s: 4898 rss: 327Mb L: 340/4096 MS: 2 ChangeASCIIInt-EraseBytes-
#1593739	REDUCE cov: 924 ft: 4244 corp: 983/454Kb lim: 4096 exec/s: 4888 rss: 327Mb L: 51/4096 MS: 1 EraseBytes-
#1595335	REDUCE cov: 924 ft: 4244 corp: 983/454Kb lim: 4096 exec/s: 4893 rss: 327Mb L: 2250/4096 MS: 1 EraseBytes-
#1595416	REDUCE cov: 924 ft: 4244 corp: 983/454Kb lim: 4096 exec/s: 4893 rss: 327Mb L: 150/4096 MS: 1 EraseBytes-
#1598098	REDUCE cov: 924 ft: 4244 corp: 983/454Kb lim: 4096 exec/s: 4887 rss: 327Mb L: 77/4096 MS: 2 ChangeBinInt-EraseBytes-
#1598241	REDUCE cov: 924 ft: 4244 corp: 983/453Kb lim: 4096 exec/s: 4887 rss: 327Mb L: 1145/4096 MS: 3 InsertRepeatedBytes-EraseBytes-EraseBytes-
#1598453	REDUCE cov: 924 ft: 4244 corp: 983/453Kb lim: 4096 exec/s: 4888 rss: 327Mb L: 112/4096 MS: 2 CrossOver-EraseBytes-
#1600712	REDUCE cov: 924 ft: 4244 corp: 983/453Kb lim: 4096 exec/s: 4895 rss: 327Mb L: 404/4096 MS: 4 ChangeBinInt-EraseBytes-CrossOver-InsertByte-
#1601033	REDUCE cov: 924 ft: 4244 corp: 983/453Kb lim: 4096 exec/s: 4896 rss: 327Mb L: 2144/4096 MS: 1 EraseBytes-
#1601499	REDUCE cov: 924 ft: 4244 corp: 983/453Kb lim: 4096 exec/s: 4897 rss: 327Mb L: 547/4096 MS: 1 EraseBytes-
#1603351	NEW    cov: 924 ft: 4245 corp: 984/454Kb lim: 4096 exec/s: 4888 rss: 327Mb L: 127/4096 MS: 2 CopyPart-ManualDict- DE: "Regular"-
#1604214	REDUCE cov: 924 ft: 4245 corp: 984/454Kb lim: 4096 exec/s: 4890 rss: 327Mb L: 27/4096 MS: 3 ChangeBinInt-ShuffleBytes-EraseBytes-
#1604940	REDUCE cov: 924 ft: 4245 corp: 984/454Kb lim: 4096 exec/s: 4893 rss: 327Mb L: 274/4096 MS: 1 EraseBytes-
#1606168	REDUCE cov: 924 ft: 4245 corp: 984/453Kb lim: 4096 exec/s: 4896 rss: 327Mb L: 590/4096 MS: 3 CopyPart-InsertByte-EraseBytes-
#1606365	REDUCE cov: 924 ft: 4245 corp: 984/453Kb lim: 4096 exec/s: 4897 rss: 327Mb L: 781/4096 MS: 2 InsertByte-EraseBytes-
#1606516	REDUCE cov: 924 ft: 4245 corp: 984/453Kb lim: 4096 exec/s: 4897 rss: 327Mb L: 116/4096 MS: 1 EraseBytes-
#1607223	REDUCE cov: 924 ft: 4245 corp: 984/453Kb lim: 4096 exec/s: 4900 rss: 327Mb L: 117/4096 MS: 2 CopyPart-EraseBytes-
#1607879	REDUCE cov: 924 ft: 4245 corp: 984/453Kb lim: 4096 exec/s: 4902 rss: 327Mb L: 313/4096 MS: 1 EraseBytes-
#1608333	REDUCE cov: 924 ft: 4245 corp: 984/453Kb lim: 4096 exec/s: 4888 rss: 327Mb L: 41/4096 MS: 4 ChangeBinInt-ChangeBinInt-ChangeBinInt-EraseBytes-
#1609344	REDUCE cov: 924 ft: 4245 corp: 984/453Kb lim: 4096 exec/s: 4891 rss: 327Mb L: 53/4096 MS: 1 EraseBytes-
#1609836	NEW    cov: 924 ft: 4247 corp: 985/453Kb lim: 4096 exec/s: 4893 rss: 327Mb L: 103/4096 MS: 2 PersAutoDict-EraseBytes- DE: "\001\000\000\000\000\000\000\034"-
#1610267	REDUCE cov: 924 ft: 4247 corp: 985/453Kb lim: 4096 exec/s: 4894 rss: 327Mb L: 53/4096 MS: 1 EraseBytes-
#1610288	REDUCE cov: 924 ft: 4247 corp: 985/453Kb lim: 4096 exec/s: 4894 rss: 327Mb L: 172/4096 MS: 1 EraseBytes-
#1610474	REDUCE cov: 924 ft: 4247 corp: 985/453Kb lim: 4096 exec/s: 4895 rss: 327Mb L: 235/4096 MS: 1 EraseBytes-
#1612260	REDUCE cov: 924 ft: 4247 corp: 985/453Kb lim: 4096 exec/s: 4900 rss: 327Mb L: 159/4096 MS: 1 EraseBytes-
#1612428	REDUCE cov: 924 ft: 4247 corp: 985/453Kb lim: 4096 exec/s: 4900 rss: 327Mb L: 3591/4096 MS: 3 EraseBytes-InsertByte-PersAutoDict- DE: "!\000\000\000\000\000\000\000"-
#1613069	REDUCE cov: 924 ft: 4247 corp: 985/453Kb lim: 4096 exec/s: 4888 rss: 327Mb L: 433/4096 MS: 1 EraseBytes-
#1615555	REDUCE cov: 924 ft: 4247 corp: 985/453Kb lim: 4096 exec/s: 4895 rss: 327Mb L: 752/4096 MS: 1 EraseBytes-
#1615771	REDUCE cov: 924 ft: 4247 corp: 985/453Kb lim: 4096 exec/s: 4896 rss: 327Mb L: 16/4096 MS: 1 EraseBytes-
#1616591	REDUCE cov: 924 ft: 4247 corp: 985/453Kb lim: 4096 exec/s: 4898 rss: 327Mb L: 1355/4096 MS: 5 EraseBytes-InsertRepeatedBytes-InsertRepeatedBytes-ChangeByte-CMP- DE: "\377\377\377\377\377\377\377\015"-
#1618469	REDUCE cov: 924 ft: 4247 corp: 985/453Kb lim: 4096 exec/s: 4889 rss: 327Mb L: 1089/4096 MS: 3 EraseBytes-CopyPart-InsertRepeatedBytes-
#1621926	REDUCE cov: 924 ft: 4247 corp: 985/453Kb lim: 4096 exec/s: 4900 rss: 327Mb L: 154/4096 MS: 2 ManualDict-EraseBytes- DE: "[]"-
#1623160	REDUCE cov: 924 ft: 4247 corp: 985/452Kb lim: 4096 exec/s: 4889 rss: 327Mb L: 1632/4096 MS: 4 CMP-ChangeASCIIInt-ChangeBit-EraseBytes- DE: "\364\037\000\000\000\000\000\000"-
#1623188	REDUCE cov: 924 ft: 4247 corp: 985/452Kb lim: 4096 exec/s: 4889 rss: 327Mb L: 88/4096 MS: 3 ChangeASCIIInt-InsertByte-EraseBytes-
#1624574	REDUCE cov: 924 ft: 4247 corp: 985/452Kb lim: 4096 exec/s: 4893 rss: 327Mb L: 33/4096 MS: 1 EraseBytes-
#1625007	REDUCE cov: 924 ft: 4247 corp: 985/452Kb lim: 4096 exec/s: 4894 rss: 327Mb L: 112/4096 MS: 3 ManualDict-CrossOver-EraseBytes- DE: "[ProcessCommandsInternal] dictionary word: [%.*s],"-
#1626181	REDUCE cov: 924 ft: 4247 corp: 985/452Kb lim: 4096 exec/s: 4898 rss: 327Mb L: 461/4096 MS: 4 ManualDict-ChangeBinInt-ChangeASCIIInt-EraseBytes- DE: "needs more output"-
#1626705	REDUCE cov: 924 ft: 4247 corp: 985/452Kb lim: 4096 exec/s: 4899 rss: 327Mb L: 15/4096 MS: 4 ChangeBinInt-EraseBytes-ChangeByte-ChangeBinInt-
#1631022	REDUCE cov: 924 ft: 4247 corp: 985/452Kb lim: 4096 exec/s: 4897 rss: 327Mb L: 50/4096 MS: 2 ShuffleBytes-EraseBytes-
#1631758	REDUCE cov: 924 ft: 4247 corp: 985/452Kb lim: 4096 exec/s: 4900 rss: 327Mb L: 12/4096 MS: 1 EraseBytes-
#1632417	REDUCE cov: 924 ft: 4247 corp: 985/452Kb lim: 4096 exec/s: 4902 rss: 327Mb L: 484/4096 MS: 4 ChangeByte-ShuffleBytes-InsertRepeatedBytes-EraseBytes-
#1632693	REDUCE cov: 924 ft: 4247 corp: 985/452Kb lim: 4096 exec/s: 4888 rss: 327Mb L: 18/4096 MS: 1 EraseBytes-
#1633264	REDUCE cov: 924 ft: 4247 corp: 985/452Kb lim: 4096 exec/s: 4890 rss: 327Mb L: 33/4096 MS: 1 EraseBytes-
#1635100	REDUCE cov: 924 ft: 4247 corp: 985/452Kb lim: 4096 exec/s: 4895 rss: 327Mb L: 540/4096 MS: 1 EraseBytes-
#1635166	REDUCE cov: 924 ft: 4247 corp: 985/452Kb lim: 4096 exec/s: 4895 rss: 327Mb L: 14/4096 MS: 1 EraseBytes-
#1635257	REDUCE cov: 924 ft: 4247 corp: 985/452Kb lim: 4096 exec/s: 4895 rss: 327Mb L: 56/4096 MS: 1 EraseBytes-
#1637250	REDUCE cov: 924 ft: 4247 corp: 985/452Kb lim: 4096 exec/s: 4887 rss: 327Mb L: 48/4096 MS: 3 EraseBytes-ChangeBinInt-CrossOver-
#1638349	REDUCE cov: 924 ft: 4247 corp: 985/452Kb lim: 4096 exec/s: 4890 rss: 327Mb L: 213/4096 MS: 4 ManualDict-EraseBytes-ChangeBit-ManualDict- DE: "Regular"-"t \\4ize \\2\\xc2\\xa0\\4ous \\5 the \\2e "-
#1639882	REDUCE cov: 924 ft: 4247 corp: 985/452Kb lim: 4096 exec/s: 4895 rss: 327Mb L: 459/4096 MS: 3 CopyPart-ChangeByte-EraseBytes-
#1641591	REDUCE cov: 924 ft: 4247 corp: 985/452Kb lim: 4096 exec/s: 4900 rss: 327Mb L: 117/4096 MS: 4 ShuffleBytes-ChangeBinInt-ShuffleBytes-EraseBytes-
#1642472	REDUCE cov: 924 ft: 4247 corp: 985/452Kb lim: 4096 exec/s: 4888 rss: 327Mb L: 2039/4096 MS: 1 EraseBytes-
#1642976	REDUCE cov: 924 ft: 4247 corp: 985/452Kb lim: 4096 exec/s: 4889 rss: 327Mb L: 108/4096 MS: 4 ChangeBinInt-ChangeByte-ChangeBinInt-EraseBytes-
#1643903	REDUCE cov: 924 ft: 4247 corp: 985/452Kb lim: 4096 exec/s: 4892 rss: 327Mb L: 30/4096 MS: 2 EraseBytes-ChangeBinInt-
#1646469	REDUCE cov: 924 ft: 4247 corp: 985/452Kb lim: 4096 exec/s: 4900 rss: 327Mb L: 10/4096 MS: 1 EraseBytes-
#1650113	REDUCE cov: 924 ft: 4247 corp: 985/452Kb lim: 4096 exec/s: 4896 rss: 327Mb L: 536/4096 MS: 4 EraseBytes-ChangeBinInt-ChangeByte-CrossOver-
#1650171	REDUCE cov: 924 ft: 4247 corp: 985/452Kb lim: 4096 exec/s: 4896 rss: 327Mb L: 1861/4096 MS: 3 InsertRepeatedBytes-EraseBytes-CrossOver-
#1650967	REDUCE cov: 924 ft: 4247 corp: 985/452Kb lim: 4096 exec/s: 4899 rss: 327Mb L: 41/4096 MS: 1 EraseBytes-
#1652266	REDUCE cov: 924 ft: 4247 corp: 985/452Kb lim: 4096 exec/s: 4902 rss: 327Mb L: 111/4096 MS: 4 ChangeBit-ChangeByte-ChangeBinInt-EraseBytes-
#1652702	REDUCE cov: 924 ft: 4247 corp: 985/452Kb lim: 4096 exec/s: 4889 rss: 327Mb L: 130/4096 MS: 1 EraseBytes-
#1653034	REDUCE cov: 924 ft: 4247 corp: 985/452Kb lim: 4096 exec/s: 4890 rss: 328Mb L: 64/4096 MS: 2 PersAutoDict-EraseBytes- DE: "needs more output"-
#1653497	REDUCE cov: 924 ft: 4247 corp: 985/452Kb lim: 4096 exec/s: 4892 rss: 328Mb L: 66/4096 MS: 3 ChangeBit-EraseBytes-InsertByte-
#1653929	REDUCE cov: 924 ft: 4247 corp: 985/452Kb lim: 4096 exec/s: 4893 rss: 328Mb L: 3674/4096 MS: 2 EraseBytes-CopyPart-
#1654305	REDUCE cov: 924 ft: 4247 corp: 985/452Kb lim: 4096 exec/s: 4894 rss: 328Mb L: 11/4096 MS: 1 EraseBytes-
#1655302	REDUCE cov: 924 ft: 4247 corp: 985/449Kb lim: 4096 exec/s: 4897 rss: 328Mb L: 952/4096 MS: 2 CrossOver-EraseBytes-
#1655478	REDUCE cov: 924 ft: 4247 corp: 985/449Kb lim: 4096 exec/s: 4897 rss: 328Mb L: 525/4096 MS: 1 EraseBytes-
#1655635	REDUCE cov: 924 ft: 4247 corp: 985/449Kb lim: 4096 exec/s: 4898 rss: 328Mb L: 90/4096 MS: 2 ShuffleBytes-EraseBytes-
#1656232	REDUCE cov: 924 ft: 4247 corp: 985/449Kb lim: 4096 exec/s: 4900 rss: 328Mb L: 87/4096 MS: 2 ShuffleBytes-EraseBytes-
#1660097	REDUCE cov: 924 ft: 4247 corp: 985/449Kb lim: 4096 exec/s: 4897 rss: 328Mb L: 1832/4096 MS: 5 InsertByte-EraseBytes-ChangeASCIIInt-ChangeBinInt-InsertRepeatedBytes-
#1660203	REDUCE cov: 924 ft: 4247 corp: 985/449Kb lim: 4096 exec/s: 4897 rss: 328Mb L: 22/4096 MS: 1 EraseBytes-
#1660899	REDUCE cov: 924 ft: 4247 corp: 985/449Kb lim: 4096 exec/s: 4899 rss: 328Mb L: 1036/4096 MS: 1 EraseBytes-
#1661011	REDUCE cov: 924 ft: 4247 corp: 985/449Kb lim: 4096 exec/s: 4899 rss: 328Mb L: 172/4096 MS: 2 ChangeByte-EraseBytes-
#1661120	REDUCE cov: 924 ft: 4247 corp: 985/449Kb lim: 4096 exec/s: 4900 rss: 328Mb L: 244/4096 MS: 4 ChangeBit-EraseBytes-ShuffleBytes-ChangeByte-
#1661672	REDUCE cov: 924 ft: 4247 corp: 985/449Kb lim: 4096 exec/s: 4901 rss: 328Mb L: 32/4096 MS: 2 ChangeByte-EraseBytes-
#1664119	REDUCE cov: 924 ft: 4247 corp: 985/449Kb lim: 4096 exec/s: 4894 rss: 328Mb L: 37/4096 MS: 2 ChangeByte-EraseBytes-
#1665045	REDUCE cov: 924 ft: 4247 corp: 985/449Kb lim: 4096 exec/s: 4897 rss: 328Mb L: 24/4096 MS: 1 EraseBytes-
#1666393	REDUCE cov: 924 ft: 4247 corp: 985/448Kb lim: 4096 exec/s: 4901 rss: 328Mb L: 696/4096 MS: 3 InsertByte-ChangeASCIIInt-EraseBytes-
#1669109	REDUCE cov: 924 ft: 4247 corp: 985/448Kb lim: 4096 exec/s: 4894 rss: 328Mb L: 1608/4096 MS: 1 EraseBytes-
#1669806	REDUCE cov: 924 ft: 4247 corp: 985/448Kb lim: 4096 exec/s: 4896 rss: 328Mb L: 69/4096 MS: 2 ShuffleBytes-EraseBytes-
#1676672	REDUCE cov: 924 ft: 4247 corp: 985/448Kb lim: 4096 exec/s: 4902 rss: 328Mb L: 115/4096 MS: 1 EraseBytes-
#1678309	REDUCE cov: 924 ft: 4247 corp: 985/448Kb lim: 4096 exec/s: 4893 rss: 328Mb L: 1453/4096 MS: 2 ChangeASCIIInt-EraseBytes-
#1680300	REDUCE cov: 924 ft: 4247 corp: 985/448Kb lim: 4096 exec/s: 4898 rss: 328Mb L: 66/4096 MS: 1 EraseBytes-
#1681146	REDUCE cov: 924 ft: 4247 corp: 985/448Kb lim: 4096 exec/s: 4901 rss: 328Mb L: 18/4096 MS: 1 EraseBytes-
#1681679	REDUCE cov: 924 ft: 4247 corp: 985/448Kb lim: 4096 exec/s: 4902 rss: 328Mb L: 80/4096 MS: 3 CopyPart-InsertByte-EraseBytes-
#1681731	REDUCE cov: 924 ft: 4247 corp: 985/448Kb lim: 4096 exec/s: 4903 rss: 328Mb L: 1414/4096 MS: 2 EraseBytes-PersAutoDict- DE: "\205!\000\000"-
#1684595	REDUCE cov: 924 ft: 4247 corp: 985/448Kb lim: 4096 exec/s: 4897 rss: 328Mb L: 473/4096 MS: 4 InsertRepeatedBytes-ChangeASCIIInt-ChangeByte-EraseBytes-
#1685661	REDUCE cov: 928 ft: 4251 corp: 986/448Kb lim: 4096 exec/s: 4900 rss: 328Mb L: 153/4096 MS: 1 CrossOver-
#1686598	REDUCE cov: 928 ft: 4251 corp: 986/448Kb lim: 4096 exec/s: 4902 rss: 328Mb L: 43/4096 MS: 2 EraseBytes-CopyPart-
#1688155	REDUCE cov: 928 ft: 4251 corp: 986/448Kb lim: 4096 exec/s: 4893 rss: 328Mb L: 117/4096 MS: 2 CMP-EraseBytes- DE: "\001\000\000\000"-
#1689157	REDUCE cov: 928 ft: 4251 corp: 986/448Kb lim: 4096 exec/s: 4896 rss: 328Mb L: 1782/4096 MS: 2 ManualDict-EraseBytes- DE: "needs more output"-
#1690263	REDUCE cov: 928 ft: 4251 corp: 986/448Kb lim: 4096 exec/s: 4899 rss: 328Mb L: 1751/4096 MS: 1 EraseBytes-
#1694516	REDUCE cov: 928 ft: 4251 corp: 986/448Kb lim: 4096 exec/s: 4897 rss: 328Mb L: 71/4096 MS: 3 ShuffleBytes-CopyPart-EraseBytes-
#1694843	REDUCE cov: 928 ft: 4251 corp: 986/448Kb lim: 4096 exec/s: 4898 rss: 328Mb L: 287/4096 MS: 2 EraseBytes-InsertByte-
#1696222	REDUCE cov: 928 ft: 4253 corp: 987/449Kb lim: 4096 exec/s: 4902 rss: 328Mb L: 1436/4096 MS: 4 CopyPart-ChangeASCIIInt-ManualDict-CopyPart- DE: "that \\1\\'\\6 with \\6 from \\4 by \\1(\\6. T"-
#1696668	REDUCE cov: 928 ft: 4253 corp: 987/449Kb lim: 4096 exec/s: 4903 rss: 328Mb L: 629/4096 MS: 1 EraseBytes-
#1697822	REDUCE cov: 928 ft: 4253 corp: 987/449Kb lim: 4096 exec/s: 4892 rss: 328Mb L: 28/4096 MS: 4 ManualDict-ShuffleBytes-ChangeBinInt-EraseBytes- DE: "INVALID"-
#1703015	REDUCE cov: 928 ft: 4253 corp: 987/449Kb lim: 4096 exec/s: 4893 rss: 328Mb L: 1428/4096 MS: 3 CrossOver-ChangeByte-EraseBytes-
#1703356	REDUCE cov: 928 ft: 4253 corp: 987/449Kb lim: 4096 exec/s: 4894 rss: 328Mb L: 37/4096 MS: 1 EraseBytes-
#1705822	REDUCE cov: 928 ft: 4253 corp: 987/449Kb lim: 4096 exec/s: 4901 rss: 328Mb L: 125/4096 MS: 1 EraseBytes-
#1706924	REDUCE cov: 928 ft: 4253 corp: 987/449Kb lim: 4096 exec/s: 4904 rss: 328Mb L: 27/4096 MS: 2 ChangeBit-EraseBytes-
#1708125	REDUCE cov: 928 ft: 4253 corp: 987/449Kb lim: 4096 exec/s: 4908 rss: 328Mb L: 938/4096 MS: 1 EraseBytes-
#1708425	REDUCE cov: 928 ft: 4253 corp: 987/449Kb lim: 4096 exec/s: 4909 rss: 328Mb L: 205/4096 MS: 5 InsertRepeatedBytes-ChangeBinInt-ChangeBit-CopyPart-EraseBytes-
#1708517	REDUCE cov: 928 ft: 4253 corp: 987/449Kb lim: 4096 exec/s: 4909 rss: 328Mb L: 375/4096 MS: 2 CMP-EraseBytes- DE: "\377\377\377\377\377\377\000\000"-
#1710633	REDUCE cov: 928 ft: 4253 corp: 987/448Kb lim: 4096 exec/s: 4901 rss: 328Mb L: 1016/4096 MS: 1 EraseBytes-
#1713487	REDUCE cov: 928 ft: 4253 corp: 987/448Kb lim: 4096 exec/s: 4909 rss: 328Mb L: 1860/4096 MS: 4 EraseBytes-ChangeBinInt-InsertByte-ShuffleBytes-
#1715316	REDUCE cov: 928 ft: 4253 corp: 987/448Kb lim: 4096 exec/s: 4900 rss: 328Mb L: 3897/4096 MS: 4 CopyPart-ChangeByte-ChangeBit-EraseBytes-
#1715642	REDUCE cov: 928 ft: 4253 corp: 987/448Kb lim: 4096 exec/s: 4901 rss: 328Mb L: 465/4096 MS: 1 EraseBytes-
#1717524	REDUCE cov: 928 ft: 4253 corp: 987/448Kb lim: 4096 exec/s: 4907 rss: 328Mb L: 95/4096 MS: 2 InsertRepeatedBytes-EraseBytes-
#1719198	REDUCE cov: 928 ft: 4253 corp: 987/448Kb lim: 4096 exec/s: 4898 rss: 328Mb L: 281/4096 MS: 4 EraseBytes-CMP-ShuffleBytes-InsertRepeatedBytes- DE: "\001\000\000\000\000\000 \000"-
#1723449	REDUCE cov: 928 ft: 4253 corp: 987/448Kb lim: 4096 exec/s: 4910 rss: 328Mb L: 131/4096 MS: 1 EraseBytes-
#1723475	REDUCE cov: 928 ft: 4253 corp: 987/448Kb lim: 4096 exec/s: 4910 rss: 328Mb L: 16/4096 MS: 1 EraseBytes-
#1724171	REDUCE cov: 928 ft: 4253 corp: 987/448Kb lim: 4096 exec/s: 4912 rss: 328Mb L: 128/4096 MS: 1 EraseBytes-
#1724687	REDUCE cov: 928 ft: 4253 corp: 987/448Kb lim: 4096 exec/s: 4899 rss: 328Mb L: 3373/4096 MS: 1 EraseBytes-
#1725010	REDUCE cov: 928 ft: 4253 corp: 987/448Kb lim: 4096 exec/s: 4900 rss: 328Mb L: 9/4096 MS: 3 ChangeBit-InsertByte-EraseBytes-
#1730126	REDUCE cov: 928 ft: 4253 corp: 987/448Kb lim: 4096 exec/s: 4901 rss: 328Mb L: 222/4096 MS: 1 EraseBytes-
#1730154	REDUCE cov: 928 ft: 4253 corp: 987/447Kb lim: 4096 exec/s: 4901 rss: 328Mb L: 2319/4096 MS: 3 CrossOver-InsertRepeatedBytes-EraseBytes-
#1731026	REDUCE cov: 928 ft: 4253 corp: 987/447Kb lim: 4096 exec/s: 4903 rss: 328Mb L: 28/4096 MS: 2 ChangeByte-EraseBytes-
#1731070	REDUCE cov: 928 ft: 4253 corp: 987/447Kb lim: 4096 exec/s: 4903 rss: 328Mb L: 28/4096 MS: 4 CopyPart-CopyPart-ChangeBit-EraseBytes-
#1737279	REDUCE cov: 928 ft: 4253 corp: 987/447Kb lim: 4096 exec/s: 4907 rss: 328Mb L: 192/4096 MS: 4 ChangeBit-InsertByte-ChangeASCIIInt-EraseBytes-
#1737917	REDUCE cov: 928 ft: 4254 corp: 988/447Kb lim: 4096 exec/s: 4909 rss: 328Mb L: 60/4096 MS: 3 EraseBytes-CopyPart-InsertRepeatedBytes-
#1738378	REDUCE cov: 928 ft: 4254 corp: 988/447Kb lim: 4096 exec/s: 4910 rss: 328Mb L: 111/4096 MS: 1 EraseBytes-
#1738527	REDUCE cov: 928 ft: 4254 corp: 988/446Kb lim: 4096 exec/s: 4911 rss: 328Mb L: 815/4096 MS: 4 InsertRepeatedBytes-EraseBytes-CMP-CopyPart- DE: "\000\000\000\000\000\000\037\376"-
#1738768	REDUCE cov: 928 ft: 4254 corp: 988/446Kb lim: 4096 exec/s: 4911 rss: 328Mb L: 44/4096 MS: 1 EraseBytes-
#1738850	REDUCE cov: 928 ft: 4254 corp: 988/446Kb lim: 4096 exec/s: 4912 rss: 328Mb L: 79/4096 MS: 2 ChangeBinInt-EraseBytes-
#1742142	REDUCE cov: 928 ft: 4254 corp: 988/446Kb lim: 4096 exec/s: 4907 rss: 328Mb L: 53/4096 MS: 2 CopyPart-EraseBytes-
#1746094	REDUCE cov: 928 ft: 4254 corp: 988/446Kb lim: 4096 exec/s: 4904 rss: 328Mb L: 30/4096 MS: 2 ChangeBit-EraseBytes-
#1747045	REDUCE cov: 928 ft: 4254 corp: 988/446Kb lim: 4096 exec/s: 4907 rss: 328Mb L: 637/4096 MS: 1 EraseBytes-
#1747751	REDUCE cov: 928 ft: 4254 corp: 988/446Kb lim: 4096 exec/s: 4909 rss: 328Mb L: 38/4096 MS: 1 EraseBytes-
#1748142	REDUCE cov: 928 ft: 4254 corp: 988/446Kb lim: 4096 exec/s: 4910 rss: 328Mb L: 10/4096 MS: 1 EraseBytes-
#1748618	REDUCE cov: 928 ft: 4254 corp: 988/446Kb lim: 4096 exec/s: 4911 rss: 328Mb L: 180/4096 MS: 1 EraseBytes-
#1749437	REDUCE cov: 928 ft: 4254 corp: 988/446Kb lim: 4096 exec/s: 4914 rss: 328Mb L: 196/4096 MS: 4 ChangeBit-ShuffleBytes-CopyPart-EraseBytes-
#1751395	REDUCE cov: 928 ft: 4254 corp: 988/446Kb lim: 4096 exec/s: 4905 rss: 328Mb L: 307/4096 MS: 3 InsertRepeatedBytes-CopyPart-EraseBytes-
#1751967	REDUCE cov: 928 ft: 4254 corp: 988/446Kb lim: 4096 exec/s: 4907 rss: 328Mb L: 795/4096 MS: 2 EraseBytes-InsertByte-
#1755868	REDUCE cov: 928 ft: 4256 corp: 989/446Kb lim: 4096 exec/s: 4904 rss: 328Mb L: 195/4096 MS: 1 InsertRepeatedBytes-
#1757612	REDUCE cov: 928 ft: 4256 corp: 989/446Kb lim: 4096 exec/s: 4909 rss: 328Mb L: 388/4096 MS: 4 EraseBytes-ShuffleBytes-ChangeBinInt-InsertRepeatedBytes-
#1759428	REDUCE cov: 928 ft: 4256 corp: 989/446Kb lim: 4096 exec/s: 4914 rss: 328Mb L: 328/4096 MS: 1 EraseBytes-
#1761994	REDUCE cov: 928 ft: 4256 corp: 989/446Kb lim: 4096 exec/s: 4908 rss: 328Mb L: 1542/4096 MS: 1 EraseBytes-
#1762430	REDUCE cov: 928 ft: 4256 corp: 989/446Kb lim: 4096 exec/s: 4909 rss: 328Mb L: 240/4096 MS: 1 EraseBytes-
#1762443	REDUCE cov: 928 ft: 4256 corp: 989/446Kb lim: 4096 exec/s: 4909 rss: 328Mb L: 49/4096 MS: 3 ShuffleBytes-ShuffleBytes-EraseBytes-
#1762948	REDUCE cov: 928 ft: 4256 corp: 989/446Kb lim: 4096 exec/s: 4910 rss: 328Mb L: 611/4096 MS: 5 ChangeBinInt-InsertByte-ChangeByte-EraseBytes-InsertRepeatedBytes-
#1763785	REDUCE cov: 928 ft: 4256 corp: 989/446Kb lim: 4096 exec/s: 4913 rss: 328Mb L: 1651/4096 MS: 2 ChangeByte-EraseBytes-
#1764958	REDUCE cov: 928 ft: 4256 corp: 989/446Kb lim: 4096 exec/s: 4916 rss: 328Mb L: 85/4096 MS: 3 ChangeBinInt-CopyPart-EraseBytes-
#1765800	REDUCE cov: 928 ft: 4256 corp: 989/446Kb lim: 4096 exec/s: 4905 rss: 328Mb L: 172/4096 MS: 2 InsertByte-EraseBytes-
#1767401	REDUCE cov: 928 ft: 4256 corp: 989/446Kb lim: 4096 exec/s: 4909 rss: 328Mb L: 112/4096 MS: 1 EraseBytes-
#1767523	REDUCE cov: 928 ft: 4256 corp: 989/446Kb lim: 4096 exec/s: 4909 rss: 328Mb L: 107/4096 MS: 2 ShuffleBytes-EraseBytes-
#1769214	REDUCE cov: 928 ft: 4256 corp: 989/446Kb lim: 4096 exec/s: 4914 rss: 328Mb L: 149/4096 MS: 1 EraseBytes-
#1769562	REDUCE cov: 928 ft: 4256 corp: 989/446Kb lim: 4096 exec/s: 4915 rss: 328Mb L: 64/4096 MS: 3 CrossOver-CopyPart-EraseBytes-
#1770719	REDUCE cov: 928 ft: 4256 corp: 989/446Kb lim: 4096 exec/s: 4905 rss: 328Mb L: 47/4096 MS: 2 ShuffleBytes-EraseBytes-
#1771260	REDUCE cov: 928 ft: 4282 corp: 990/446Kb lim: 4096 exec/s: 4906 rss: 328Mb L: 78/4096 MS: 1 CopyPart-
#1775316	REDUCE cov: 928 ft: 4282 corp: 990/446Kb lim: 4096 exec/s: 4904 rss: 328Mb L: 177/4096 MS: 1 EraseBytes-
#1775584	REDUCE cov: 928 ft: 4282 corp: 990/446Kb lim: 4096 exec/s: 4904 rss: 328Mb L: 22/4096 MS: 3 ChangeByte-InsertByte-EraseBytes-
#1780940	REDUCE cov: 928 ft: 4282 corp: 990/446Kb lim: 4096 exec/s: 4906 rss: 328Mb L: 347/4096 MS: 1 EraseBytes-
#1781192	REDUCE cov: 928 ft: 4282 corp: 990/446Kb lim: 4096 exec/s: 4906 rss: 328Mb L: 106/4096 MS: 2 InsertByte-EraseBytes-
#1781752	REDUCE cov: 928 ft: 4282 corp: 990/446Kb lim: 4096 exec/s: 4908 rss: 328Mb L: 216/4096 MS: 5 CopyPart-ShuffleBytes-ChangeASCIIInt-EraseBytes-EraseBytes-
#1782102	REDUCE cov: 928 ft: 4282 corp: 990/446Kb lim: 4096 exec/s: 4909 rss: 328Mb L: 9/4096 MS: 5 CopyPart-ChangeBinInt-ManualDict-ChangeBinInt-EraseBytes- DE: "Regular"-
#1782528	REDUCE cov: 928 ft: 4282 corp: 990/446Kb lim: 4096 exec/s: 4910 rss: 328Mb L: 2675/4096 MS: 1 EraseBytes-
#1784216	REDUCE cov: 928 ft: 4282 corp: 990/446Kb lim: 4096 exec/s: 4915 rss: 328Mb L: 600/4096 MS: 3 PersAutoDict-EraseBytes-CMP- DE: "\000\000\000\372"-"\003\000\000\000"-
#1785246	REDUCE cov: 928 ft: 4282 corp: 990/446Kb lim: 4096 exec/s: 4918 rss: 328Mb L: 45/4096 MS: 5 ChangeBit-ManualDict-ChangeBit-ChangeBinInt-EraseBytes- DE: "[]"-
#1788657	REDUCE cov: 928 ft: 4282 corp: 990/446Kb lim: 4096 exec/s: 4913 rss: 328Mb L: 74/4096 MS: 1 EraseBytes-
#1791639	REDUCE cov: 928 ft: 4282 corp: 990/446Kb lim: 4096 exec/s: 4908 rss: 328Mb L: 25/4096 MS: 2 PersAutoDict-EraseBytes- DE: "\000\000\000\000\000\000\037\346"-
#1792371	REDUCE cov: 928 ft: 4282 corp: 990/446Kb lim: 4096 exec/s: 4910 rss: 328Mb L: 863/4096 MS: 2 InsertByte-EraseBytes-
#1792788	REDUCE cov: 928 ft: 4282 corp: 990/446Kb lim: 4096 exec/s: 4911 rss: 328Mb L: 74/4096 MS: 2 EraseBytes-PersAutoDict- DE: "9\000\000\000\000\000\000\000"-
#1794029	REDUCE cov: 928 ft: 4282 corp: 990/446Kb lim: 4096 exec/s: 4915 rss: 328Mb L: 32/4096 MS: 1 EraseBytes-
#1796175	REDUCE cov: 928 ft: 4282 corp: 990/446Kb lim: 4096 exec/s: 4907 rss: 328Mb L: 45/4096 MS: 1 EraseBytes-
#1797511	REDUCE cov: 928 ft: 4282 corp: 990/446Kb lim: 4096 exec/s: 4911 rss: 328Mb L: 300/4096 MS: 1 EraseBytes-
#1798275	REDUCE cov: 928 ft: 4282 corp: 990/445Kb lim: 4096 exec/s: 4913 rss: 328Mb L: 3859/4096 MS: 4 PersAutoDict-EraseBytes-CopyPart-ChangeByte- DE: "\000\000\000\000\000\000\000\021"-
#1799098	REDUCE cov: 928 ft: 4282 corp: 990/445Kb lim: 4096 exec/s: 4915 rss: 328Mb L: 579/4096 MS: 3 ChangeBit-EraseBytes-ManualDict- DE: "Large Window Brotli"-
#1799553	REDUCE cov: 928 ft: 4282 corp: 990/445Kb lim: 4096 exec/s: 4916 rss: 328Mb L: 179/4096 MS: 5 ChangeASCIIInt-ChangeBinInt-CopyPart-CopyPart-EraseBytes-
#1799967	REDUCE cov: 928 ft: 4282 corp: 990/445Kb lim: 4096 exec/s: 4917 rss: 328Mb L: 41/4096 MS: 4 InsertByte-CopyPart-ChangeBinInt-EraseBytes-
#1800433	REDUCE cov: 928 ft: 4282 corp: 990/445Kb lim: 4096 exec/s: 4919 rss: 328Mb L: 18/4096 MS: 1 EraseBytes-
#1804259	REDUCE cov: 928 ft: 4282 corp: 990/445Kb lim: 4096 exec/s: 4916 rss: 328Mb L: 62/4096 MS: 1 EraseBytes-
#1805544	REDUCE cov: 928 ft: 4282 corp: 990/445Kb lim: 4096 exec/s: 4919 rss: 328Mb L: 18/4096 MS: 5 ChangeBit-InsertByte-ChangeBit-ChangeBit-EraseBytes-
#1807066	REDUCE cov: 928 ft: 4282 corp: 990/445Kb lim: 4096 exec/s: 4910 rss: 328Mb L: 10/4096 MS: 2 ChangeBit-EraseBytes-
#1807507	REDUCE cov: 928 ft: 4299 corp: 991/446Kb lim: 4096 exec/s: 4911 rss: 328Mb L: 81/4096 MS: 1 EraseBytes-
#1811406	REDUCE cov: 928 ft: 4301 corp: 992/446Kb lim: 4096 exec/s: 4908 rss: 328Mb L: 145/4096 MS: 4 CopyPart-InsertRepeatedBytes-InsertByte-ManualDict- DE: " not \\3er \\3al \\4ful \\4ive \\5less \\4es"-
#1811472	REDUCE cov: 928 ft: 4301 corp: 992/446Kb lim: 4096 exec/s: 4909 rss: 328Mb L: 201/4096 MS: 1 EraseBytes-
#1812992	REDUCE cov: 928 ft: 4301 corp: 992/446Kb lim: 4096 exec/s: 4913 rss: 328Mb L: 366/4096 MS: 5 CopyPart-CMP-ShuffleBytes-ChangeBinInt-EraseBytes- DE: "\017\000\000\000\000\000\000\000"-
#1813108	REDUCE cov: 928 ft: 4301 corp: 992/446Kb lim: 4096 exec/s: 4913 rss: 328Mb L: 93/4096 MS: 1 EraseBytes-
#1814301	REDUCE cov: 928 ft: 4301 corp: 992/445Kb lim: 4096 exec/s: 4916 rss: 328Mb L: 3324/4096 MS: 3 ShuffleBytes-EraseBytes-InsertByte-
#1818070	REDUCE cov: 928 ft: 4301 corp: 992/445Kb lim: 4096 exec/s: 4913 rss: 328Mb L: 132/4096 MS: 4 ChangeBinInt-ChangeByte-EraseBytes-CrossOver-
#1819038	REDUCE cov: 928 ft: 4301 corp: 992/445Kb lim: 4096 exec/s: 4916 rss: 328Mb L: 609/4096 MS: 3 InsertRepeatedBytes-ShuffleBytes-EraseBytes-
#1820054	REDUCE cov: 928 ft: 4301 corp: 992/445Kb lim: 4096 exec/s: 4919 rss: 328Mb L: 74/4096 MS: 1 EraseBytes-
#1820640	REDUCE cov: 928 ft: 4301 corp: 992/445Kb lim: 4096 exec/s: 4907 rss: 328Mb L: 39/4096 MS: 1 EraseBytes-
#1821430	REDUCE cov: 928 ft: 4301 corp: 992/445Kb lim: 4096 exec/s: 4909 rss: 328Mb L: 2234/4096 MS: 5 ChangeBinInt-PersAutoDict-ManualDict-InsertRepeatedBytes-EraseBytes- DE: "\000\004\000\000"-"INVALID"-
#1823514	REDUCE cov: 928 ft: 4301 corp: 992/445Kb lim: 4096 exec/s: 4915 rss: 328Mb L: 3449/4096 MS: 4 EraseBytes-EraseBytes-ChangeASCIIInt-InsertByte-
#1829146	REDUCE cov: 928 ft: 4301 corp: 992/445Kb lim: 4096 exec/s: 4917 rss: 328Mb L: 205/4096 MS: 2 EraseBytes-CMP- DE: "\322\377\377\000\000\000\000\000"-
#1830627	REDUCE cov: 928 ft: 4301 corp: 992/445Kb lim: 4096 exec/s: 4921 rss: 328Mb L: 41/4096 MS: 1 EraseBytes-
#1830828	REDUCE cov: 928 ft: 4301 corp: 992/445Kb lim: 4096 exec/s: 4908 rss: 328Mb L: 20/4096 MS: 1 EraseBytes-
#1831292	REDUCE cov: 928 ft: 4301 corp: 992/445Kb lim: 4096 exec/s: 4909 rss: 328Mb L: 11/4096 MS: 4 ChangeByte-ChangeBit-EraseBytes-InsertByte-
#1831415	REDUCE cov: 928 ft: 4301 corp: 992/445Kb lim: 4096 exec/s: 4909 rss: 328Mb L: 26/4096 MS: 3 ChangeBinInt-ChangeBinInt-EraseBytes-
#1831743	REDUCE cov: 928 ft: 4301 corp: 992/445Kb lim: 4096 exec/s: 4910 rss: 328Mb L: 54/4096 MS: 3 ChangeBit-ChangeBinInt-EraseBytes-
#1832424	REDUCE cov: 928 ft: 4301 corp: 992/445Kb lim: 4096 exec/s: 4912 rss: 328Mb L: 8/4096 MS: 1 EraseBytes-
#1834275	REDUCE cov: 928 ft: 4301 corp: 992/445Kb lim: 4096 exec/s: 4917 rss: 328Mb L: 17/4096 MS: 1 EraseBytes-
#1837100	REDUCE cov: 928 ft: 4301 corp: 992/444Kb lim: 4096 exec/s: 4912 rss: 328Mb L: 484/4096 MS: 5 EraseBytes-CrossOver-ChangeBit-ChangeBit-CrossOver-
#1837901	REDUCE cov: 928 ft: 4301 corp: 992/444Kb lim: 4096 exec/s: 4914 rss: 328Mb L: 45/4096 MS: 1 EraseBytes-
#1838107	REDUCE cov: 928 ft: 4301 corp: 992/444Kb lim: 4096 exec/s: 4914 rss: 328Mb L: 415/4096 MS: 1 EraseBytes-
#1840353	REDUCE cov: 928 ft: 4301 corp: 992/444Kb lim: 4096 exec/s: 4920 rss: 328Mb L: 56/4096 MS: 1 EraseBytes-
#1844930	REDUCE cov: 928 ft: 4301 corp: 992/444Kb lim: 4096 exec/s: 4919 rss: 328Mb L: 38/4096 MS: 2 ShuffleBytes-EraseBytes-
#1845309	REDUCE cov: 928 ft: 4301 corp: 992/444Kb lim: 4096 exec/s: 4920 rss: 328Mb L: 51/4096 MS: 4 InsertRepeatedBytes-ManualDict-ChangeBit-EraseBytes- DE: "INVALID"-
#1847695	REDUCE cov: 928 ft: 4301 corp: 992/444Kb lim: 4096 exec/s: 4914 rss: 328Mb L: 581/4096 MS: 1 EraseBytes-
#1850557	REDUCE cov: 928 ft: 4301 corp: 992/444Kb lim: 4096 exec/s: 4921 rss: 328Mb L: 1106/4096 MS: 2 ChangeBinInt-EraseBytes-
#1851145	REDUCE cov: 928 ft: 4301 corp: 992/444Kb lim: 4096 exec/s: 4923 rss: 328Mb L: 60/4096 MS: 3 ChangeBit-PersAutoDict-EraseBytes- DE: "\361\377?\000"-
#1851216	REDUCE cov: 928 ft: 4301 corp: 992/444Kb lim: 4096 exec/s: 4923 rss: 328Mb L: 90/4096 MS: 1 EraseBytes-
#1852013	REDUCE cov: 928 ft: 4301 corp: 992/444Kb lim: 4096 exec/s: 4925 rss: 328Mb L: 51/4096 MS: 2 EraseBytes-InsertByte-
#1853434	REDUCE cov: 928 ft: 4301 corp: 992/444Kb lim: 4096 exec/s: 4916 rss: 328Mb L: 183/4096 MS: 1 EraseBytes-
#1856346	REDUCE cov: 928 ft: 4301 corp: 992/444Kb lim: 4096 exec/s: 4923 rss: 328Mb L: 7/4096 MS: 2 EraseBytes-InsertByte-
#1856750	REDUCE cov: 928 ft: 4301 corp: 992/444Kb lim: 4096 exec/s: 4925 rss: 328Mb L: 63/4096 MS: 4 ChangeBit-CrossOver-CopyPart-EraseBytes-
#1857118	REDUCE cov: 928 ft: 4301 corp: 992/444Kb lim: 4096 exec/s: 4926 rss: 328Mb L: 186/4096 MS: 3 PersAutoDict-ShuffleBytes-EraseBytes- DE: "\001\007"-
#1860514	REDUCE cov: 928 ft: 4301 corp: 992/444Kb lim: 4096 exec/s: 4921 rss: 328Mb L: 202/4096 MS: 1 EraseBytes-
#1861380	REDUCE cov: 928 ft: 4301 corp: 992/444Kb lim: 4096 exec/s: 4924 rss: 328Mb L: 79/4096 MS: 1 EraseBytes-
#1861957	REDUCE cov: 928 ft: 4301 corp: 992/444Kb lim: 4096 exec/s: 4925 rss: 328Mb L: 122/4096 MS: 2 CopyPart-EraseBytes-
#1863168	REDUCE cov: 928 ft: 4301 corp: 992/444Kb lim: 4096 exec/s: 4916 rss: 328Mb L: 1164/4096 MS: 1 EraseBytes-
#1863944	REDUCE cov: 928 ft: 4301 corp: 992/444Kb lim: 4096 exec/s: 4918 rss: 328Mb L: 925/4096 MS: 1 EraseBytes-
#1864069	REDUCE cov: 928 ft: 4301 corp: 992/444Kb lim: 4096 exec/s: 4918 rss: 328Mb L: 828/4096 MS: 5 EraseBytes-ShuffleBytes-CopyPart-ChangeBinInt-CopyPart-
#1866916	REDUCE cov: 928 ft: 4301 corp: 992/444Kb lim: 4096 exec/s: 4925 rss: 328Mb L: 183/4096 MS: 2 ChangeByte-EraseBytes-
#1867894	REDUCE cov: 928 ft: 4301 corp: 992/444Kb lim: 4096 exec/s: 4928 rss: 328Mb L: 390/4096 MS: 3 ManualDict-ChangeBit-EraseBytes- DE: "that \\1\\'\\6 with \\6 from \\4 by \\1(\\6. T"-
#1869585	NEW    cov: 928 ft: 4302 corp: 993/444Kb lim: 4096 exec/s: 4919 rss: 328Mb L: 81/4096 MS: 1 ChangeBit-
#1869847	REDUCE cov: 928 ft: 4302 corp: 993/444Kb lim: 4096 exec/s: 4920 rss: 328Mb L: 41/4096 MS: 2 CMP-EraseBytes- DE: "\344\377\377\377\377\377\377\377"-
#1872553	REDUCE cov: 928 ft: 4302 corp: 993/444Kb lim: 4096 exec/s: 4927 rss: 328Mb L: 160/4096 MS: 1 EraseBytes-
#1873785	REDUCE cov: 928 ft: 4302 corp: 993/444Kb lim: 4096 exec/s: 4918 rss: 328Mb L: 599/4096 MS: 2 ChangeBit-EraseBytes-
#1874336	REDUCE cov: 928 ft: 4302 corp: 993/444Kb lim: 4096 exec/s: 4919 rss: 328Mb L: 1325/4096 MS: 1 EraseBytes-
#1874607	REDUCE cov: 928 ft: 4302 corp: 993/444Kb lim: 4096 exec/s: 4920 rss: 328Mb L: 374/4096 MS: 1 EraseBytes-
#1874683	REDUCE cov: 928 ft: 4302 corp: 993/444Kb lim: 4096 exec/s: 4920 rss: 328Mb L: 178/4096 MS: 1 EraseBytes-
#1874974	REDUCE cov: 928 ft: 4302 corp: 993/444Kb lim: 4096 exec/s: 4921 rss: 328Mb L: 15/4096 MS: 1 EraseBytes-
#1875315	REDUCE cov: 928 ft: 4302 corp: 993/444Kb lim: 4096 exec/s: 4922 rss: 328Mb L: 52/4096 MS: 1 EraseBytes-
#1875948	REDUCE cov: 928 ft: 4302 corp: 993/442Kb lim: 4096 exec/s: 4923 rss: 328Mb L: 251/4096 MS: 3 PersAutoDict-ChangeBinInt-CrossOver- DE: "\017\000"-
#1877221	REDUCE cov: 928 ft: 4302 corp: 993/442Kb lim: 4096 exec/s: 4927 rss: 328Mb L: 47/4096 MS: 3 CopyPart-EraseBytes-CopyPart-
#1878037	REDUCE cov: 928 ft: 4302 corp: 993/442Kb lim: 4096 exec/s: 4929 rss: 328Mb L: 1649/4096 MS: 1 EraseBytes-
#1889087	REDUCE cov: 928 ft: 4302 corp: 993/442Kb lim: 4096 exec/s: 4919 rss: 328Mb L: 1179/4096 MS: 5 CopyPart-ChangeBit-CopyPart-EraseBytes-ChangeByte-
#1889718	REDUCE cov: 928 ft: 4302 corp: 993/441Kb lim: 4096 exec/s: 4921 rss: 328Mb L: 546/4096 MS: 1 EraseBytes-
#1890814	REDUCE cov: 928 ft: 4303 corp: 994/442Kb lim: 4096 exec/s: 4923 rss: 328Mb L: 56/4096 MS: 1 EraseBytes-
#1891180	REDUCE cov: 928 ft: 4303 corp: 994/442Kb lim: 4096 exec/s: 4924 rss: 328Mb L: 89/4096 MS: 1 EraseBytes-
#1892886	REDUCE cov: 928 ft: 4303 corp: 994/442Kb lim: 4096 exec/s: 4929 rss: 328Mb L: 95/4096 MS: 1 EraseBytes-
#1892977	REDUCE cov: 928 ft: 4303 corp: 994/442Kb lim: 4096 exec/s: 4929 rss: 328Mb L: 30/4096 MS: 1 EraseBytes-
#1893203	REDUCE cov: 928 ft: 4303 corp: 994/442Kb lim: 4096 exec/s: 4930 rss: 328Mb L: 92/4096 MS: 1 EraseBytes-
#1894299	REDUCE cov: 928 ft: 4303 corp: 994/441Kb lim: 4096 exec/s: 4920 rss: 328Mb L: 1354/4096 MS: 1 EraseBytes-
#1894310	REDUCE cov: 928 ft: 4303 corp: 994/441Kb lim: 4096 exec/s: 4920 rss: 328Mb L: 195/4096 MS: 1 EraseBytes-
#1896316	REDUCE cov: 928 ft: 4305 corp: 995/442Kb lim: 4096 exec/s: 4925 rss: 328Mb L: 152/4096 MS: 1 CopyPart-
#1897407	REDUCE cov: 928 ft: 4305 corp: 995/442Kb lim: 4096 exec/s: 4928 rss: 328Mb L: 1604/4096 MS: 1 EraseBytes-
#1898958	REDUCE cov: 928 ft: 4305 corp: 995/442Kb lim: 4096 exec/s: 4919 rss: 328Mb L: 86/4096 MS: 1 EraseBytes-
#1900978	REDUCE cov: 928 ft: 4305 corp: 995/442Kb lim: 4096 exec/s: 4924 rss: 328Mb L: 625/4096 MS: 5 EraseBytes-ChangeASCIIInt-InsertByte-ChangeASCIIInt-CMP- DE: "\004\000"-
#1901524	REDUCE cov: 928 ft: 4305 corp: 995/442Kb lim: 4096 exec/s: 4926 rss: 328Mb L: 141/4096 MS: 1 EraseBytes-
#1903130	REDUCE cov: 928 ft: 4305 corp: 995/441Kb lim: 4096 exec/s: 4917 rss: 328Mb L: 372/4096 MS: 1 EraseBytes-
#1903450	REDUCE cov: 928 ft: 4305 corp: 995/441Kb lim: 4096 exec/s: 4918 rss: 328Mb L: 301/4096 MS: 5 InsertByte-CopyPart-ChangeByte-ChangeBit-EraseBytes-
#1906893	REDUCE cov: 928 ft: 4305 corp: 995/441Kb lim: 4096 exec/s: 4927 rss: 328Mb L: 1834/4096 MS: 3 ChangeByte-CrossOver-EraseBytes-
#1907397	REDUCE cov: 928 ft: 4305 corp: 995/441Kb lim: 4096 exec/s: 4928 rss: 328Mb L: 1753/4096 MS: 4 CMP-CrossOver-ChangeBinInt-EraseBytes- DE: "\000\004"-
#1909398	REDUCE cov: 928 ft: 4305 corp: 995/441Kb lim: 4096 exec/s: 4921 rss: 328Mb L: 85/4096 MS: 1 EraseBytes-
#1912089	REDUCE cov: 928 ft: 4305 corp: 995/441Kb lim: 4096 exec/s: 4928 rss: 328Mb L: 773/4096 MS: 1 EraseBytes-
#1912657	REDUCE cov: 928 ft: 4305 corp: 995/441Kb lim: 4096 exec/s: 4929 rss: 328Mb L: 16/4096 MS: 3 ChangeByte-EraseBytes-ShuffleBytes-
#1912733	REDUCE cov: 928 ft: 4305 corp: 995/441Kb lim: 4096 exec/s: 4929 rss: 328Mb L: 53/4096 MS: 1 EraseBytes-
#1915255	REDUCE cov: 928 ft: 4305 corp: 995/441Kb lim: 4096 exec/s: 4923 rss: 328Mb L: 339/4096 MS: 2 EraseBytes-CopyPart-
#1918978	REDUCE cov: 928 ft: 4305 corp: 995/441Kb lim: 4096 exec/s: 4920 rss: 328Mb L: 221/4096 MS: 3 ChangeBinInt-ChangeASCIIInt-EraseBytes-
#1919086	REDUCE cov: 928 ft: 4305 corp: 995/441Kb lim: 4096 exec/s: 4920 rss: 328Mb L: 52/4096 MS: 3 ChangeBit-PersAutoDict-EraseBytes- DE: "\377\000\000\000\000\000\000\000"-
#1921438	REDUCE cov: 928 ft: 4305 corp: 995/441Kb lim: 4096 exec/s: 4926 rss: 334Mb L: 7/4096 MS: 2 ChangeBit-EraseBytes-
#1922771	REDUCE cov: 928 ft: 4305 corp: 995/441Kb lim: 4096 exec/s: 4930 rss: 334Mb L: 1428/4096 MS: 3 ManualDict-ManualDict-EraseBytes- DE: "needs more input"-"[ProcessCommandsInternal] dictionary word: [%.*s],"-
#1923308	REDUCE cov: 928 ft: 4305 corp: 995/441Kb lim: 4096 exec/s: 4931 rss: 334Mb L: 25/4096 MS: 2 ChangeBinInt-EraseBytes-
#1929919	REDUCE cov: 928 ft: 4305 corp: 995/441Kb lim: 4096 exec/s: 4923 rss: 334Mb L: 209/4096 MS: 1 EraseBytes-
#1930427	REDUCE cov: 928 ft: 4305 corp: 995/441Kb lim: 4096 exec/s: 4924 rss: 334Mb L: 78/4096 MS: 3 ChangeASCIIInt-ShuffleBytes-EraseBytes-
#1932585	REDUCE cov: 932 ft: 4333 corp: 996/441Kb lim: 4096 exec/s: 4930 rss: 334Mb L: 165/4096 MS: 3 InsertRepeatedBytes-EraseBytes-InsertRepeatedBytes-
#1933196	REDUCE cov: 932 ft: 4333 corp: 996/441Kb lim: 4096 exec/s: 4931 rss: 334Mb L: 589/4096 MS: 1 EraseBytes-
#1934123	NEW    cov: 932 ft: 4335 corp: 997/441Kb lim: 4096 exec/s: 4921 rss: 334Mb L: 173/4096 MS: 2 ChangeBit-PersAutoDict- DE: "\006\000\000\000\000\000\000\000"-
#1935598	REDUCE cov: 932 ft: 4335 corp: 997/440Kb lim: 4096 exec/s: 4925 rss: 334Mb L: 1294/4096 MS: 5 ChangeBinInt-ChangeASCIIInt-ChangeByte-EraseBytes-EraseBytes-
#1935674	REDUCE cov: 932 ft: 4335 corp: 997/440Kb lim: 4096 exec/s: 4925 rss: 334Mb L: 61/4096 MS: 1 EraseBytes-
#1935892	NEW    cov: 932 ft: 4345 corp: 998/440Kb lim: 4096 exec/s: 4925 rss: 334Mb L: 266/4096 MS: 3 InsertByte-ChangeByte-InsertRepeatedBytes-
#1936323	REDUCE cov: 932 ft: 4345 corp: 998/440Kb lim: 4096 exec/s: 4927 rss: 334Mb L: 1831/4096 MS: 1 EraseBytes-
#1936720	REDUCE cov: 932 ft: 4345 corp: 998/440Kb lim: 4096 exec/s: 4928 rss: 334Mb L: 142/4096 MS: 2 ShuffleBytes-EraseBytes-
#1936962	REDUCE cov: 932 ft: 4345 corp: 998/440Kb lim: 4096 exec/s: 4928 rss: 334Mb L: 9/4096 MS: 2 EraseBytes-InsertByte-
#1937051	REDUCE cov: 932 ft: 4345 corp: 998/440Kb lim: 4096 exec/s: 4928 rss: 334Mb L: 57/4096 MS: 4 ChangeBit-EraseBytes-ChangeBinInt-InsertByte-
#1937703	NEW    cov: 932 ft: 4353 corp: 999/440Kb lim: 4096 exec/s: 4930 rss: 334Mb L: 81/4096 MS: 2 ChangeBit-CMP- DE: "\000\001\000\000\000\000\000\000"-
#1937899	NEW    cov: 932 ft: 4363 corp: 1000/440Kb lim: 4096 exec/s: 4931 rss: 334Mb L: 165/4096 MS: 1 PersAutoDict- DE: "[ProcessCommandsInternal] dictionary word: [%.*s],"-
#1938635	NEW    cov: 932 ft: 4364 corp: 1001/440Kb lim: 4096 exec/s: 4932 rss: 334Mb L: 173/4096 MS: 1 PersAutoDict- DE: "\377\377\007\000"-
#1938656	NEW    cov: 933 ft: 4366 corp: 1002/441Kb lim: 4096 exec/s: 4932 rss: 334Mb L: 268/4096 MS: 1 CopyPart-
#1939272	NEW    cov: 934 ft: 4368 corp: 1003/441Kb lim: 4096 exec/s: 4934 rss: 334Mb L: 203/4096 MS: 1 InsertRepeatedBytes-
#1939976	NEW    cov: 934 ft: 4370 corp: 1004/441Kb lim: 4096 exec/s: 4923 rss: 334Mb L: 352/4096 MS: 4 ShuffleBytes-ChangeASCIIInt-CrossOver-ChangeByte-
#1940013	NEW    cov: 934 ft: 4371 corp: 1005/441Kb lim: 4096 exec/s: 4923 rss: 334Mb L: 276/4096 MS: 2 CMP-PersAutoDict- DE: "\001\000\000\000\000\000\000\000"-"\001\000\000\000\000\000\037\364"-
#1940104	NEW    cov: 934 ft: 4381 corp: 1006/442Kb lim: 4096 exec/s: 4924 rss: 334Mb L: 189/4096 MS: 1 InsertRepeatedBytes-
#1940130	NEW    cov: 934 ft: 4383 corp: 1007/442Kb lim: 4096 exec/s: 4924 rss: 334Mb L: 276/4096 MS: 1 ChangeByte-
#1940146	NEW    cov: 934 ft: 4384 corp: 1008/442Kb lim: 4096 exec/s: 4924 rss: 334Mb L: 173/4096 MS: 1 ChangeByte-
#1940322	REDUCE cov: 934 ft: 4404 corp: 1009/442Kb lim: 4096 exec/s: 4924 rss: 334Mb L: 146/4096 MS: 1 CMP- DE: "\002\000\000\000"-
#1940813	NEW    cov: 934 ft: 4418 corp: 1010/442Kb lim: 4096 exec/s: 4925 rss: 334Mb L: 139/4096 MS: 1 EraseBytes-
#1940940	REDUCE cov: 934 ft: 4418 corp: 1010/442Kb lim: 4096 exec/s: 4926 rss: 334Mb L: 35/4096 MS: 2 EraseBytes-CopyPart-
#1941322	NEW    cov: 934 ft: 4420 corp: 1011/442Kb lim: 4096 exec/s: 4927 rss: 334Mb L: 128/4096 MS: 2 PersAutoDict-EraseBytes- DE: "\000\000\000\000\000\000\000!"-
#1941528	NEW    cov: 934 ft: 4432 corp: 1012/443Kb lim: 4096 exec/s: 4927 rss: 334Mb L: 139/4096 MS: 1 CMP- DE: "\376\377\377\377\377\377\377\371"-
#1941554	REDUCE cov: 934 ft: 4432 corp: 1012/443Kb lim: 4096 exec/s: 4927 rss: 334Mb L: 137/4096 MS: 1 EraseBytes-
#1942006	REDUCE cov: 934 ft: 4432 corp: 1012/443Kb lim: 4096 exec/s: 4928 rss: 334Mb L: 270/4096 MS: 2 ChangeBit-EraseBytes-
#1943361	REDUCE cov: 934 ft: 4434 corp: 1013/443Kb lim: 4096 exec/s: 4932 rss: 334Mb L: 122/4096 MS: 5 ChangeBinInt-ShuffleBytes-InsertByte-CopyPart-EraseBytes-
#1943442	REDUCE cov: 934 ft: 4434 corp: 1013/443Kb lim: 4096 exec/s: 4932 rss: 334Mb L: 28/4096 MS: 1 EraseBytes-
#1943888	NEW    cov: 934 ft: 4435 corp: 1014/443Kb lim: 4096 exec/s: 4933 rss: 334Mb L: 146/4096 MS: 1 CopyPart-
#1944362	REDUCE cov: 934 ft: 4435 corp: 1014/443Kb lim: 4096 exec/s: 4934 rss: 334Mb L: 236/4096 MS: 4 ShuffleBytes-InsertByte-ChangeASCIIInt-EraseBytes-
#1944823	REDUCE cov: 934 ft: 4435 corp: 1014/443Kb lim: 4096 exec/s: 4923 rss: 334Mb L: 189/4096 MS: 1 EraseBytes-
#1945209	REDUCE cov: 934 ft: 4435 corp: 1014/443Kb lim: 4096 exec/s: 4924 rss: 334Mb L: 970/4096 MS: 1 EraseBytes-
#1946330	REDUCE cov: 934 ft: 4435 corp: 1014/443Kb lim: 4096 exec/s: 4927 rss: 334Mb L: 246/4096 MS: 1 EraseBytes-
#1949581	REDUCE cov: 934 ft: 4435 corp: 1014/443Kb lim: 4096 exec/s: 4935 rss: 334Mb L: 177/4096 MS: 1 EraseBytes-
#1949911	REDUCE cov: 934 ft: 4435 corp: 1014/441Kb lim: 4096 exec/s: 4924 rss: 334Mb L: 939/4096 MS: 5 ChangeBit-ChangeByte-CrossOver-CMP-ChangeBinInt- DE: "z\343\001\000"-
#1951427	REDUCE cov: 934 ft: 4446 corp: 1015/441Kb lim: 4096 exec/s: 4927 rss: 334Mb L: 336/4096 MS: 1 InsertRepeatedBytes-
#1951923	REDUCE cov: 934 ft: 4447 corp: 1016/441Kb lim: 4096 exec/s: 4929 rss: 334Mb L: 246/4096 MS: 1 ChangeByte-
#1952139	REDUCE cov: 934 ft: 4448 corp: 1017/442Kb lim: 4096 exec/s: 4929 rss: 334Mb L: 472/4096 MS: 1 CopyPart-
#1952910	REDUCE cov: 934 ft: 4448 corp: 1017/442Kb lim: 4096 exec/s: 4931 rss: 334Mb L: 161/4096 MS: 1 EraseBytes-
#1953047	REDUCE cov: 934 ft: 4448 corp: 1017/442Kb lim: 4096 exec/s: 4931 rss: 334Mb L: 267/4096 MS: 2 PersAutoDict-EraseBytes- DE: "\376\377\377\377\377\377\377\343"-
#1954021	NEW    cov: 934 ft: 4450 corp: 1018/442Kb lim: 4096 exec/s: 4934 rss: 334Mb L: 123/4096 MS: 4 ChangeBinInt-ChangeBinInt-CrossOver-InsertByte-
#1955320	REDUCE cov: 934 ft: 4450 corp: 1018/442Kb lim: 4096 exec/s: 4925 rss: 334Mb L: 588/4096 MS: 4 InsertRepeatedBytes-EraseBytes-PersAutoDict-CrossOver- DE: "\015\000"-
#1955351	REDUCE cov: 934 ft: 4450 corp: 1018/442Kb lim: 4096 exec/s: 4925 rss: 334Mb L: 601/4096 MS: 1 EraseBytes-
#1957089	REDUCE cov: 934 ft: 4450 corp: 1018/442Kb lim: 4096 exec/s: 4929 rss: 334Mb L: 15/4096 MS: 3 CrossOver-ChangeBit-EraseBytes-
#1958430	REDUCE cov: 934 ft: 4450 corp: 1018/442Kb lim: 4096 exec/s: 4933 rss: 334Mb L: 2033/4096 MS: 1 EraseBytes-
#1959136	REDUCE cov: 934 ft: 4450 corp: 1018/442Kb lim: 4096 exec/s: 4934 rss: 334Mb L: 271/4096 MS: 1 EraseBytes-
#1959476	REDUCE cov: 934 ft: 4452 corp: 1019/442Kb lim: 4096 exec/s: 4935 rss: 334Mb L: 391/4096 MS: 5 ChangeASCIIInt-ChangeByte-InsertByte-CopyPart-CopyPart-
#1959628	REDUCE cov: 934 ft: 4452 corp: 1019/442Kb lim: 4096 exec/s: 4936 rss: 334Mb L: 169/4096 MS: 2 InsertRepeatedBytes-EraseBytes-
#1959647	NEW    cov: 934 ft: 4453 corp: 1020/442Kb lim: 4096 exec/s: 4936 rss: 334Mb L: 246/4096 MS: 4 CMP-ChangeBinInt-ShuffleBytes-CMP- DE: "\001\000\000\000\000\000\000\000"-"\377\377\377\377\377\377\377\003"-
#1959723	REDUCE cov: 934 ft: 4453 corp: 1020/442Kb lim: 4096 exec/s: 4923 rss: 334Mb L: 27/4096 MS: 1 EraseBytes-
#1959960	NEW    cov: 934 ft: 4454 corp: 1021/443Kb lim: 4096 exec/s: 4924 rss: 334Mb L: 336/4096 MS: 2 ChangeASCIIInt-ChangeASCIIInt-
#1960101	REDUCE cov: 934 ft: 4455 corp: 1022/443Kb lim: 4096 exec/s: 4924 rss: 334Mb L: 143/4096 MS: 1 InsertByte-
#1960632	NEW    cov: 934 ft: 4456 corp: 1023/443Kb lim: 4096 exec/s: 4926 rss: 334Mb L: 621/4096 MS: 1 CopyPart-
#1961093	REDUCE cov: 934 ft: 4456 corp: 1023/443Kb lim: 4096 exec/s: 4927 rss: 334Mb L: 75/4096 MS: 1 EraseBytes-
#1962360	NEW    cov: 935 ft: 4457 corp: 1024/446Kb lim: 4096 exec/s: 4930 rss: 334Mb L: 2304/4096 MS: 2 ChangeByte-ChangeBit-
#1962590	REDUCE cov: 935 ft: 4457 corp: 1024/446Kb lim: 4096 exec/s: 4931 rss: 334Mb L: 212/4096 MS: 5 EraseBytes-PersAutoDict-InsertRepeatedBytes-ChangeBinInt-PersAutoDict- DE: "\377\377\377\000"-"\000\000\000\000\000\000\000\021"-
#1962726	REDUCE cov: 935 ft: 4457 corp: 1024/446Kb lim: 4096 exec/s: 4931 rss: 334Mb L: 50/4096 MS: 1 EraseBytes-
#1963444	REDUCE cov: 935 ft: 4457 corp: 1024/446Kb lim: 4096 exec/s: 4933 rss: 334Mb L: 132/4096 MS: 3 PersAutoDict-InsertByte-EraseBytes- DE: "\000\003"-
#1965179	REDUCE cov: 935 ft: 4457 corp: 1024/445Kb lim: 4096 exec/s: 4925 rss: 334Mb L: 1057/4096 MS: 5 PersAutoDict-InsertByte-ChangeASCIIInt-ChangeByte-EraseBytes- DE: "\001\000\000\000\000\000\000\014"-
#1966030	REDUCE cov: 935 ft: 4457 corp: 1024/444Kb lim: 4096 exec/s: 4927 rss: 334Mb L: 1924/4096 MS: 1 EraseBytes-
#1966154	REDUCE cov: 935 ft: 4457 corp: 1024/444Kb lim: 4096 exec/s: 4927 rss: 334Mb L: 1174/4096 MS: 4 ChangeBit-InsertByte-CrossOver-CopyPart-
#1967101	REDUCE cov: 935 ft: 4457 corp: 1024/444Kb lim: 4096 exec/s: 4930 rss: 334Mb L: 10/4096 MS: 2 CopyPart-EraseBytes-
#1967114	REDUCE cov: 935 ft: 4457 corp: 1024/444Kb lim: 4096 exec/s: 4930 rss: 334Mb L: 187/4096 MS: 3 ShuffleBytes-InsertByte-EraseBytes-
#1968700	REDUCE cov: 935 ft: 4457 corp: 1024/444Kb lim: 4096 exec/s: 4934 rss: 334Mb L: 42/4096 MS: 1 EraseBytes-
#1969047	REDUCE cov: 935 ft: 4457 corp: 1024/444Kb lim: 4096 exec/s: 4922 rss: 334Mb L: 658/4096 MS: 2 ManualDict-EraseBytes- DE: "t \\4ize \\2\\xc2\\xa0\\4ous \\5 the \\2e "-
#1970784	REDUCE cov: 935 ft: 4457 corp: 1024/444Kb lim: 4096 exec/s: 4926 rss: 334Mb L: 87/4096 MS: 2 ChangeBit-EraseBytes-
#1971000	REDUCE cov: 935 ft: 4457 corp: 1024/444Kb lim: 4096 exec/s: 4927 rss: 334Mb L: 924/4096 MS: 1 EraseBytes-
#1971423	REDUCE cov: 935 ft: 4457 corp: 1024/444Kb lim: 4096 exec/s: 4928 rss: 334Mb L: 214/4096 MS: 3 EraseBytes-ChangeBit-CopyPart-
#1971995	REDUCE cov: 935 ft: 4457 corp: 1024/444Kb lim: 4096 exec/s: 4929 rss: 334Mb L: 216/4096 MS: 2 PersAutoDict-EraseBytes- DE: "P\017\000\000"-
#1975301	REDUCE cov: 935 ft: 4457 corp: 1024/444Kb lim: 4096 exec/s: 4925 rss: 334Mb L: 25/4096 MS: 1 EraseBytes-
#1975863	REDUCE cov: 935 ft: 4458 corp: 1025/446Kb lim: 4096 exec/s: 4927 rss: 334Mb L: 1924/4096 MS: 2 CrossOver-ChangeASCIIInt-
#1976153	REDUCE cov: 935 ft: 4458 corp: 1025/446Kb lim: 4096 exec/s: 4928 rss: 334Mb L: 38/4096 MS: 5 CrossOver-ChangeBit-EraseBytes-ChangeBit-ChangeByte-
#1977507	NEW    cov: 935 ft: 4459 corp: 1026/447Kb lim: 4096 exec/s: 4931 rss: 334Mb L: 1933/4096 MS: 4 ShuffleBytes-InsertByte-ChangeBinInt-PersAutoDict- DE: "\001\000\000\000\000\000\000@"-
#1977532	REDUCE cov: 935 ft: 4459 corp: 1026/447Kb lim: 4096 exec/s: 4931 rss: 334Mb L: 476/4096 MS: 5 ChangeByte-ManualDict-InsertByte-ChangeBinInt-EraseBytes- DE: "Large Window Brotli"-
#1978418	NEW    cov: 935 ft: 4461 corp: 1027/447Kb lim: 4096 exec/s: 4933 rss: 334Mb L: 55/4096 MS: 1 EraseBytes-
#1979891	REDUCE cov: 935 ft: 4461 corp: 1027/447Kb lim: 4096 exec/s: 4925 rss: 334Mb L: 102/4096 MS: 3 PersAutoDict-EraseBytes-PersAutoDict- DE: "\377\377\377\377\377\377\377\007"-"\377\377\377\377\377\377\377\016"-
#1982764	REDUCE cov: 935 ft: 4461 corp: 1027/447Kb lim: 4096 exec/s: 4932 rss: 334Mb L: 1577/4096 MS: 3 ChangeBit-EraseBytes-PersAutoDict- DE: "\377\377\377\007"-
#1982955	REDUCE cov: 935 ft: 4461 corp: 1027/447Kb lim: 4096 exec/s: 4932 rss: 334Mb L: 335/4096 MS: 1 EraseBytes-
#1985058	NEW    cov: 935 ft: 4462 corp: 1028/449Kb lim: 4096 exec/s: 4925 rss: 334Mb L: 2091/4096 MS: 3 CrossOver-InsertRepeatedBytes-EraseBytes-
#1985809	REDUCE cov: 935 ft: 4462 corp: 1028/449Kb lim: 4096 exec/s: 4927 rss: 334Mb L: 31/4096 MS: 1 EraseBytes-
#1986437	REDUCE cov: 935 ft: 4462 corp: 1028/449Kb lim: 4096 exec/s: 4929 rss: 334Mb L: 2258/4096 MS: 3 CopyPart-ManualDict-EraseBytes- DE: "needs more input"-
#1988435	REDUCE cov: 935 ft: 4462 corp: 1028/449Kb lim: 4096 exec/s: 4934 rss: 334Mb L: 234/4096 MS: 3 ChangeByte-ShuffleBytes-EraseBytes-
#1989401	REDUCE cov: 935 ft: 4462 corp: 1028/449Kb lim: 4096 exec/s: 4924 rss: 334Mb L: 649/4096 MS: 1 EraseBytes-
#1989464	REDUCE cov: 935 ft: 4462 corp: 1028/449Kb lim: 4096 exec/s: 4924 rss: 334Mb L: 49/4096 MS: 3 PersAutoDict-EraseBytes-ChangeBinInt- DE: "\015\000"-
#1989901	NEW    cov: 936 ft: 4463 corp: 1029/449Kb lim: 4096 exec/s: 4925 rss: 334Mb L: 336/4096 MS: 2 PersAutoDict-CrossOver- DE: "\000\000\000\000\000\000\000'"-
#1991422	REDUCE cov: 936 ft: 4463 corp: 1029/449Kb lim: 4096 exec/s: 4929 rss: 334Mb L: 1526/4096 MS: 1 EraseBytes-
#1991653	REDUCE cov: 936 ft: 4463 corp: 1029/449Kb lim: 4096 exec/s: 4929 rss: 334Mb L: 67/4096 MS: 1 EraseBytes-
#1991899	REDUCE cov: 936 ft: 4463 corp: 1029/449Kb lim: 4096 exec/s: 4930 rss: 334Mb L: 19/4096 MS: 1 EraseBytes-
#1992509	NEW    cov: 937 ft: 4464 corp: 1030/452Kb lim: 4096 exec/s: 4931 rss: 334Mb L: 3467/4096 MS: 5 PersAutoDict-ChangeBit-ChangeASCIIInt-CopyPart-CopyPart- DE: "\377\377\377\366"-
#1993160	REDUCE cov: 937 ft: 4464 corp: 1030/452Kb lim: 4096 exec/s: 4933 rss: 334Mb L: 29/4096 MS: 1 EraseBytes-
#1994286	REDUCE cov: 937 ft: 4464 corp: 1030/452Kb lim: 4096 exec/s: 4924 rss: 334Mb L: 1689/4096 MS: 1 EraseBytes-
#1996932	REDUCE cov: 937 ft: 4464 corp: 1030/451Kb lim: 4096 exec/s: 4930 rss: 334Mb L: 2776/4096 MS: 1 EraseBytes-
#1997463	NEW    cov: 938 ft: 4465 corp: 1031/453Kb lim: 4096 exec/s: 4932 rss: 334Mb L: 2037/4096 MS: 1 InsertRepeatedBytes-
#1997730	REDUCE cov: 938 ft: 4465 corp: 1031/453Kb lim: 4096 exec/s: 4932 rss: 334Mb L: 2739/4096 MS: 2 ShuffleBytes-EraseBytes-
#1997746	REDUCE cov: 938 ft: 4465 corp: 1031/453Kb lim: 4096 exec/s: 4932 rss: 334Mb L: 42/4096 MS: 1 EraseBytes-
#1997864	REDUCE cov: 938 ft: 4465 corp: 1031/453Kb lim: 4096 exec/s: 4932 rss: 334Mb L: 772/4096 MS: 3 ChangeASCIIInt-ShuffleBytes-EraseBytes-
#1998116	REDUCE cov: 938 ft: 4465 corp: 1031/453Kb lim: 4096 exec/s: 4933 rss: 334Mb L: 85/4096 MS: 2 ShuffleBytes-EraseBytes-
#2000182	REDUCE cov: 938 ft: 4465 corp: 1031/453Kb lim: 4096 exec/s: 4926 rss: 334Mb L: 1539/4096 MS: 1 EraseBytes-
#2001184	REDUCE cov: 938 ft: 4465 corp: 1031/453Kb lim: 4096 exec/s: 4929 rss: 334Mb L: 307/4096 MS: 2 PersAutoDict-EraseBytes- DE: "\377\377\007\000"-
#2002230	REDUCE cov: 938 ft: 4465 corp: 1031/453Kb lim: 4096 exec/s: 4931 rss: 334Mb L: 488/4096 MS: 1 EraseBytes-
#2003476	REDUCE cov: 938 ft: 4465 corp: 1031/453Kb lim: 4096 exec/s: 4934 rss: 334Mb L: 149/4096 MS: 1 EraseBytes-
#2003674	REDUCE cov: 938 ft: 4465 corp: 1031/452Kb lim: 4096 exec/s: 4923 rss: 334Mb L: 2377/4096 MS: 3 CopyPart-ChangeASCIIInt-CrossOver-
#2003880	REDUCE cov: 938 ft: 4465 corp: 1031/452Kb lim: 4096 exec/s: 4923 rss: 334Mb L: 1930/4096 MS: 1 EraseBytes-
#2004077	REDUCE cov: 938 ft: 4465 corp: 1031/452Kb lim: 4096 exec/s: 4924 rss: 334Mb L: 1595/4096 MS: 2 ChangeBinInt-EraseBytes-
#2004216	REDUCE cov: 938 ft: 4467 corp: 1032/454Kb lim: 4096 exec/s: 4924 rss: 334Mb L: 1916/4096 MS: 4 ChangeByte-InsertRepeatedBytes-ChangeBit-CopyPart-
#2004613	REDUCE cov: 938 ft: 4468 corp: 1033/456Kb lim: 4096 exec/s: 4925 rss: 334Mb L: 2377/4096 MS: 2 ChangeBit-ManualDict- DE: "INVALID"-
#2005009	REDUCE cov: 938 ft: 4468 corp: 1033/456Kb lim: 4096 exec/s: 4926 rss: 334Mb L: 565/4096 MS: 1 EraseBytes-
#2006899	REDUCE cov: 938 ft: 4468 corp: 1033/456Kb lim: 4096 exec/s: 4930 rss: 334Mb L: 12/4096 MS: 5 ChangeBinInt-InsertByte-EraseBytes-ChangeBinInt-InsertByte-
#2010176	NEW    cov: 938 ft: 4469 corp: 1034/458Kb lim: 4096 exec/s: 4926 rss: 334Mb L: 1916/4096 MS: 2 ChangeBinInt-CopyPart-
#2010243	REDUCE cov: 938 ft: 4469 corp: 1034/458Kb lim: 4096 exec/s: 4927 rss: 334Mb L: 190/4096 MS: 2 ChangeBinInt-EraseBytes-
#2011025	REDUCE cov: 938 ft: 4469 corp: 1034/458Kb lim: 4096 exec/s: 4928 rss: 334Mb L: 82/4096 MS: 2 ChangeBinInt-EraseBytes-
#2012337	NEW    cov: 938 ft: 4470 corp: 1035/461Kb lim: 4096 exec/s: 4932 rss: 334Mb L: 3270/4096 MS: 2 CopyPart-ChangeBit-
#2012633	REDUCE cov: 938 ft: 4470 corp: 1035/461Kb lim: 4096 exec/s: 4932 rss: 334Mb L: 71/4096 MS: 1 EraseBytes-
#2012709	REDUCE cov: 938 ft: 4470 corp: 1035/461Kb lim: 4096 exec/s: 4933 rss: 334Mb L: 2042/4096 MS: 1 EraseBytes-
#2012790	REDUCE cov: 938 ft: 4470 corp: 1035/461Kb lim: 4096 exec/s: 4933 rss: 334Mb L: 500/4096 MS: 1 EraseBytes-
#2013266	REDUCE cov: 938 ft: 4470 corp: 1035/461Kb lim: 4096 exec/s: 4934 rss: 334Mb L: 2015/4096 MS: 1 EraseBytes-
#2013429	REDUCE cov: 938 ft: 4470 corp: 1035/461Kb lim: 4096 exec/s: 4934 rss: 334Mb L: 145/4096 MS: 3 CopyPart-InsertRepeatedBytes-EraseBytes-
#2013966	REDUCE cov: 938 ft: 4470 corp: 1035/461Kb lim: 4096 exec/s: 4924 rss: 334Mb L: 599/4096 MS: 2 EraseBytes-InsertRepeatedBytes-
#2015409	REDUCE cov: 938 ft: 4470 corp: 1035/461Kb lim: 4096 exec/s: 4927 rss: 334Mb L: 212/4096 MS: 3 CMP-EraseBytes-InsertByte- DE: "\035\000\000\000"-
#2016100	REDUCE cov: 938 ft: 4470 corp: 1035/460Kb lim: 4096 exec/s: 4929 rss: 334Mb L: 1508/4096 MS: 1 EraseBytes-
#2018656	REDUCE cov: 938 ft: 4470 corp: 1035/459Kb lim: 4096 exec/s: 4935 rss: 334Mb L: 1819/4096 MS: 1 CrossOver-
#2019352	REDUCE cov: 938 ft: 4470 corp: 1035/459Kb lim: 4096 exec/s: 4925 rss: 334Mb L: 142/4096 MS: 1 EraseBytes-
#2021516	REDUCE cov: 938 ft: 4470 corp: 1035/459Kb lim: 4096 exec/s: 4930 rss: 334Mb L: 559/4096 MS: 4 ChangeBinInt-ManualDict-ChangeASCIIInt-EraseBytes- DE: " not \\3er \\3al \\4ful \\4ive \\5less \\4es"-
#2021776	NEW    cov: 938 ft: 4479 corp: 1036/460Kb lim: 4096 exec/s: 4931 rss: 334Mb L: 773/4096 MS: 5 CopyPart-CopyPart-ChangeBit-ShuffleBytes-ChangeBinInt-
#2021942	REDUCE cov: 938 ft: 4479 corp: 1036/460Kb lim: 4096 exec/s: 4931 rss: 334Mb L: 118/4096 MS: 1 EraseBytes-
#2023474	REDUCE cov: 938 ft: 4479 corp: 1036/460Kb lim: 4096 exec/s: 4935 rss: 334Mb L: 1519/4096 MS: 2 EraseBytes-ChangeBinInt-
#2023592	REDUCE cov: 938 ft: 4479 corp: 1036/460Kb lim: 4096 exec/s: 4935 rss: 334Mb L: 456/4096 MS: 3 ManualDict-EraseBytes-InsertRepeatedBytes- DE: " not \\3er \\3al \\4ful \\4ive \\5less \\4es"-
#2024415	REDUCE cov: 938 ft: 4479 corp: 1036/459Kb lim: 4096 exec/s: 4925 rss: 334Mb L: 1391/4096 MS: 3 ManualDict-ChangeASCIIInt-EraseBytes- DE: "that \\1\\'\\6 with \\6 from \\4 by \\1(\\6. T"-
#2025001	NEW    cov: 938 ft: 4480 corp: 1037/460Kb lim: 4096 exec/s: 4927 rss: 334Mb L: 777/4096 MS: 1 PersAutoDict- DE: "\036\000\000\000"-
#2025324	NEW    cov: 938 ft: 4481 corp: 1038/460Kb lim: 4096 exec/s: 4927 rss: 334Mb L: 161/4096 MS: 3 CopyPart-ShuffleBytes-CopyPart-
#2026705	REDUCE cov: 938 ft: 4481 corp: 1038/460Kb lim: 4096 exec/s: 4931 rss: 334Mb L: 31/4096 MS: 1 EraseBytes-
#2029402	REDUCE cov: 938 ft: 4481 corp: 1038/460Kb lim: 4096 exec/s: 4925 rss: 334Mb L: 42/4096 MS: 2 PersAutoDict-EraseBytes- DE: "\000\000\000\000\000\000\000\004"-
#2030528	REDUCE cov: 938 ft: 4481 corp: 1038/460Kb lim: 4096 exec/s: 4928 rss: 334Mb L: 142/4096 MS: 1 EraseBytes-
#2031769	REDUCE cov: 938 ft: 4481 corp: 1038/460Kb lim: 4096 exec/s: 4931 rss: 334Mb L: 41/4096 MS: 1 EraseBytes-
#2031860	REDUCE cov: 938 ft: 4481 corp: 1038/460Kb lim: 4096 exec/s: 4931 rss: 334Mb L: 155/4096 MS: 1 EraseBytes-
#2032005	REDUCE cov: 938 ft: 4481 corp: 1038/460Kb lim: 4096 exec/s: 4932 rss: 334Mb L: 162/4096 MS: 5 ChangeByte-CopyPart-EraseBytes-InsertByte-CopyPart-
#2032387	NEW    cov: 938 ft: 4482 corp: 1039/461Kb lim: 4096 exec/s: 4932 rss: 334Mb L: 777/4096 MS: 2 ShuffleBytes-ChangeBinInt-
#2033221	REDUCE cov: 938 ft: 4482 corp: 1039/461Kb lim: 4096 exec/s: 4935 rss: 334Mb L: 28/4096 MS: 4 ChangeByte-ShuffleBytes-ChangeByte-EraseBytes-
#2033619	NEW    cov: 938 ft: 4483 corp: 1040/464Kb lim: 4096 exec/s: 4935 rss: 334Mb L: 3619/4096 MS: 3 CMP-InsertRepeatedBytes-CopyPart- DE: "\001\000\000\000\000\000\001\000"-
#2033656	REDUCE cov: 938 ft: 4483 corp: 1040/464Kb lim: 4096 exec/s: 4936 rss: 334Mb L: 506/4096 MS: 2 EraseBytes-ShuffleBytes-
#2035414	REDUCE cov: 938 ft: 4483 corp: 1040/464Kb lim: 4096 exec/s: 4928 rss: 334Mb L: 3345/4096 MS: 3 ChangeBit-ChangeBit-EraseBytes-
#2035996	REDUCE cov: 938 ft: 4483 corp: 1040/464Kb lim: 4096 exec/s: 4929 rss: 334Mb L: 137/4096 MS: 2 ChangeBinInt-EraseBytes-
#2039153	REDUCE cov: 938 ft: 4483 corp: 1040/464Kb lim: 4096 exec/s: 4937 rss: 334Mb L: 21/4096 MS: 2 ChangeBinInt-EraseBytes-
#2039575	REDUCE cov: 938 ft: 4483 corp: 1040/464Kb lim: 4096 exec/s: 4926 rss: 334Mb L: 148/4096 MS: 2 ShuffleBytes-EraseBytes-
#2040243	REDUCE cov: 938 ft: 4483 corp: 1040/464Kb lim: 4096 exec/s: 4928 rss: 334Mb L: 254/4096 MS: 3 ChangeBit-CopyPart-EraseBytes-
#2040639	REDUCE cov: 938 ft: 4483 corp: 1040/464Kb lim: 4096 exec/s: 4929 rss: 334Mb L: 146/4096 MS: 1 EraseBytes-
#2042965	REDUCE cov: 938 ft: 4483 corp: 1040/463Kb lim: 4096 exec/s: 4934 rss: 334Mb L: 1188/4096 MS: 1 EraseBytes-
#2043301	REDUCE cov: 938 ft: 4508 corp: 1041/464Kb lim: 4096 exec/s: 4935 rss: 334Mb L: 142/4096 MS: 1 CopyPart-
#2044337	REDUCE cov: 938 ft: 4508 corp: 1041/464Kb lim: 4096 exec/s: 4938 rss: 334Mb L: 240/4096 MS: 1 EraseBytes-
#2044783	REDUCE cov: 938 ft: 4508 corp: 1041/463Kb lim: 4096 exec/s: 4927 rss: 334Mb L: 1521/4096 MS: 1 EraseBytes-
#2044948	REDUCE cov: 938 ft: 4508 corp: 1041/463Kb lim: 4096 exec/s: 4927 rss: 334Mb L: 3176/4096 MS: 5 InsertByte-ChangeBit-CrossOver-ManualDict-ManualDict- DE: "that \\1\\'\\6 with \\6 from \\4 by \\1(\\6. T"-"needs more input"-
#2046190	NEW    cov: 938 ft: 4511 corp: 1042/463Kb lim: 4096 exec/s: 4930 rss: 334Mb L: 250/4096 MS: 2 ChangeASCIIInt-CopyPart-
#2047488	REDUCE cov: 938 ft: 4511 corp: 1042/463Kb lim: 4096 exec/s: 4933 rss: 334Mb L: 333/4096 MS: 3 CopyPart-ChangeBit-EraseBytes-
#2048471	REDUCE cov: 938 ft: 4511 corp: 1042/463Kb lim: 4096 exec/s: 4936 rss: 334Mb L: 32/4096 MS: 3 ChangeASCIIInt-InsertByte-EraseBytes-
#2049349	REDUCE cov: 938 ft: 4511 corp: 1042/463Kb lim: 4096 exec/s: 4938 rss: 334Mb L: 116/4096 MS: 3 EraseBytes-ManualDict-CrossOver- DE: "INVALID"-
#2049366	REDUCE cov: 938 ft: 4511 corp: 1042/463Kb lim: 4096 exec/s: 4938 rss: 334Mb L: 147/4096 MS: 2 ChangeBit-EraseBytes-
#2050392	REDUCE cov: 938 ft: 4511 corp: 1042/463Kb lim: 4096 exec/s: 4928 rss: 334Mb L: 161/4096 MS: 1 EraseBytes-
#2050633	REDUCE cov: 938 ft: 4511 corp: 1042/463Kb lim: 4096 exec/s: 4929 rss: 334Mb L: 67/4096 MS: 1 EraseBytes-
#2054149	REDUCE cov: 938 ft: 4511 corp: 1042/463Kb lim: 4096 exec/s: 4937 rss: 334Mb L: 1239/4096 MS: 1 EraseBytes-
#2054397	REDUCE cov: 938 ft: 4535 corp: 1043/463Kb lim: 4096 exec/s: 4938 rss: 334Mb L: 156/4096 MS: 3 EraseBytes-ChangeByte-InsertRepeatedBytes-
#2054428	REDUCE cov: 938 ft: 4535 corp: 1043/463Kb lim: 4096 exec/s: 4938 rss: 334Mb L: 22/4096 MS: 1 EraseBytes-
#2055903	REDUCE cov: 938 ft: 4535 corp: 1043/463Kb lim: 4096 exec/s: 4930 rss: 334Mb L: 528/4096 MS: 5 InsertRepeatedBytes-ChangeByte-CMP-EraseBytes-EraseBytes- DE: "\021\000\000\000\000\000\000\000"-
#2055969	REDUCE cov: 938 ft: 4535 corp: 1043/463Kb lim: 4096 exec/s: 4930 rss: 334Mb L: 78/4096 MS: 1 EraseBytes-
#2056405	REDUCE cov: 938 ft: 4535 corp: 1043/463Kb lim: 4096 exec/s: 4931 rss: 334Mb L: 127/4096 MS: 1 EraseBytes-
#2056407	REDUCE cov: 938 ft: 4535 corp: 1043/462Kb lim: 4096 exec/s: 4931 rss: 334Mb L: 1261/4096 MS: 2 InsertByte-EraseBytes-
#2056633	REDUCE cov: 938 ft: 4535 corp: 1043/462Kb lim: 4096 exec/s: 4931 rss: 334Mb L: 2975/4096 MS: 1 EraseBytes-
#2057399	REDUCE cov: 938 ft: 4535 corp: 1043/462Kb lim: 4096 exec/s: 4933 rss: 334Mb L: 114/4096 MS: 1 EraseBytes-
#2058285	REDUCE cov: 938 ft: 4535 corp: 1043/462Kb lim: 4096 exec/s: 4935 rss: 334Mb L: 271/4096 MS: 1 EraseBytes-
#2058561	REDUCE cov: 938 ft: 4535 corp: 1043/462Kb lim: 4096 exec/s: 4936 rss: 334Mb L: 557/4096 MS: 1 EraseBytes-
#2059862	NEW    cov: 938 ft: 4537 corp: 1044/463Kb lim: 4096 exec/s: 4939 rss: 334Mb L: 948/4096 MS: 1 CrossOver-
#2061041	REDUCE cov: 938 ft: 4537 corp: 1044/463Kb lim: 4096 exec/s: 4930 rss: 334Mb L: 1126/4096 MS: 4 ChangeBit-ChangeBinInt-ChangeBit-EraseBytes-
#2061926	REDUCE cov: 938 ft: 4537 corp: 1044/463Kb lim: 4096 exec/s: 4932 rss: 334Mb L: 122/4096 MS: 5 InsertRepeatedBytes-InsertByte-ChangeByte-ShuffleBytes-EraseBytes-
#2061941	REDUCE cov: 938 ft: 4537 corp: 1044/463Kb lim: 4096 exec/s: 4932 rss: 334Mb L: 280/4096 MS: 5 EraseBytes-ChangeASCIIInt-ChangeByte-ShuffleBytes-CMP- DE: "\000\000\000\000\000\000\000\000"-
#2062022	REDUCE cov: 938 ft: 4537 corp: 1044/463Kb lim: 4096 exec/s: 4933 rss: 334Mb L: 1246/4096 MS: 1 EraseBytes-
#2062444	REDUCE cov: 938 ft: 4537 corp: 1044/463Kb lim: 4096 exec/s: 4934 rss: 334Mb L: 132/4096 MS: 2 ManualDict-EraseBytes- DE: "INVALID"-
#2062591	REDUCE cov: 938 ft: 4537 corp: 1044/463Kb lim: 4096 exec/s: 4934 rss: 334Mb L: 8/4096 MS: 2 ChangeBit-EraseBytes-
#2062599	REDUCE cov: 938 ft: 4537 corp: 1044/462Kb lim: 4096 exec/s: 4934 rss: 334Mb L: 542/4096 MS: 3 ChangeBit-ManualDict-EraseBytes- DE: "[ProcessCommandsInternal] dictionary word: [%.*s],"-
#2063848	REDUCE cov: 938 ft: 4537 corp: 1044/462Kb lim: 4096 exec/s: 4937 rss: 334Mb L: 1087/4096 MS: 4 CopyPart-ChangeASCIIInt-ChangeBinInt-EraseBytes-
#2064458	REDUCE cov: 938 ft: 4537 corp: 1044/462Kb lim: 4096 exec/s: 4927 rss: 334Mb L: 677/4096 MS: 5 CopyPart-PersAutoDict-ChangeBinInt-InsertRepeatedBytes-EraseBytes- DE: "\000\000\000\000"-
#2064716	REDUCE cov: 938 ft: 4537 corp: 1044/462Kb lim: 4096 exec/s: 4927 rss: 334Mb L: 78/4096 MS: 3 InsertByte-ChangeASCIIInt-EraseBytes-
#2065533	REDUCE cov: 938 ft: 4537 corp: 1044/462Kb lim: 4096 exec/s: 4929 rss: 334Mb L: 1359/4096 MS: 2 ManualDict-EraseBytes- DE: "Large Window Brotli"-
#2066089	REDUCE cov: 938 ft: 4537 corp: 1044/462Kb lim: 4096 exec/s: 4931 rss: 334Mb L: 359/4096 MS: 1 EraseBytes-
#2067455	REDUCE cov: 938 ft: 4537 corp: 1044/462Kb lim: 4096 exec/s: 4934 rss: 334Mb L: 147/4096 MS: 1 EraseBytes-
#2068857	REDUCE cov: 938 ft: 4537 corp: 1044/462Kb lim: 4096 exec/s: 4925 rss: 334Mb L: 1167/4096 MS: 2 EraseBytes-CopyPart-
#2068954	REDUCE cov: 938 ft: 4538 corp: 1045/462Kb lim: 4096 exec/s: 4926 rss: 334Mb L: 361/4096 MS: 2 ChangeByte-ManualDict- DE: "[]"-
#2069217	REDUCE cov: 938 ft: 4538 corp: 1045/462Kb lim: 4096 exec/s: 4926 rss: 334Mb L: 239/4096 MS: 3 EraseBytes-ChangeBinInt-ChangeByte-
#2069734	REDUCE cov: 938 ft: 4538 corp: 1045/462Kb lim: 4096 exec/s: 4927 rss: 334Mb L: 218/4096 MS: 2 EraseBytes-InsertByte-
#2070030	REDUCE cov: 938 ft: 4538 corp: 1045/462Kb lim: 4096 exec/s: 4928 rss: 334Mb L: 55/4096 MS: 1 EraseBytes-
#2070059	REDUCE cov: 938 ft: 4540 corp: 1046/462Kb lim: 4096 exec/s: 4928 rss: 334Mb L: 32/4096 MS: 4 ShuffleBytes-ChangeBit-ChangeByte-ChangeASCIIInt-
#2070530	REDUCE cov: 938 ft: 4541 corp: 1047/463Kb lim: 4096 exec/s: 4929 rss: 334Mb L: 772/4096 MS: 1 CrossOver-
#2071406	REDUCE cov: 938 ft: 4541 corp: 1047/463Kb lim: 4096 exec/s: 4931 rss: 334Mb L: 101/4096 MS: 1 EraseBytes-
#2071757	REDUCE cov: 938 ft: 4541 corp: 1047/463Kb lim: 4096 exec/s: 4932 rss: 334Mb L: 146/4096 MS: 1 EraseBytes-
#2072963	REDUCE cov: 938 ft: 4541 corp: 1047/463Kb lim: 4096 exec/s: 4935 rss: 334Mb L: 230/4096 MS: 1 EraseBytes-
#2075874	REDUCE cov: 938 ft: 4541 corp: 1047/463Kb lim: 4096 exec/s: 4930 rss: 334Mb L: 50/4096 MS: 1 EraseBytes-
#2076217	REDUCE cov: 938 ft: 4542 corp: 1048/464Kb lim: 4096 exec/s: 4931 rss: 334Mb L: 867/4096 MS: 3 PersAutoDict-CrossOver-EraseBytes- DE: "\001\000\000\007"-
#2077097	REDUCE cov: 938 ft: 4542 corp: 1048/463Kb lim: 4096 exec/s: 4933 rss: 334Mb L: 221/4096 MS: 5 ShuffleBytes-ChangeBit-ChangeBinInt-PersAutoDict-EraseBytes- DE: "\000\000\000\000\000\000\037\342"-
#2078838	REDUCE cov: 938 ft: 4542 corp: 1048/463Kb lim: 4096 exec/s: 4926 rss: 334Mb L: 64/4096 MS: 1 EraseBytes-
#2078979	REDUCE cov: 938 ft: 4542 corp: 1048/463Kb lim: 4096 exec/s: 4926 rss: 334Mb L: 76/4096 MS: 1 EraseBytes-
#2079091	REDUCE cov: 938 ft: 4543 corp: 1049/465Kb lim: 4096 exec/s: 4926 rss: 334Mb L: 1649/4096 MS: 2 ChangeASCIIInt-CopyPart-
#2079705	REDUCE cov: 938 ft: 4543 corp: 1049/465Kb lim: 4096 exec/s: 4928 rss: 334Mb L: 183/4096 MS: 4 ShuffleBytes-ShuffleBytes-InsertRepeatedBytes-EraseBytes-
#2080881	REDUCE cov: 938 ft: 4543 corp: 1049/465Kb lim: 4096 exec/s: 4930 rss: 334Mb L: 18/4096 MS: 1 EraseBytes-
#2080897	NEW    cov: 938 ft: 4544 corp: 1050/466Kb lim: 4096 exec/s: 4931 rss: 334Mb L: 867/4096 MS: 1 ShuffleBytes-
#2082976	REDUCE cov: 938 ft: 4544 corp: 1050/466Kb lim: 4096 exec/s: 4935 rss: 334Mb L: 1602/4096 MS: 4 InsertRepeatedBytes-ShuffleBytes-ChangeBit-EraseBytes-
#2083032	NEW    cov: 938 ft: 4545 corp: 1051/467Kb lim: 4096 exec/s: 4936 rss: 334Mb L: 868/4096 MS: 1 InsertByte-
#2083413	REDUCE cov: 938 ft: 4545 corp: 1051/467Kb lim: 4096 exec/s: 4936 rss: 334Mb L: 647/4096 MS: 1 EraseBytes-
#2084200	NEW    cov: 938 ft: 4546 corp: 1052/469Kb lim: 4096 exec/s: 4927 rss: 334Mb L: 2135/4096 MS: 2 InsertRepeatedBytes-InsertRepeatedBytes-
#2084656	REDUCE cov: 938 ft: 4546 corp: 1052/469Kb lim: 4096 exec/s: 4928 rss: 334Mb L: 186/4096 MS: 1 EraseBytes-
#2085587	REDUCE cov: 938 ft: 4546 corp: 1052/468Kb lim: 4096 exec/s: 4930 rss: 334Mb L: 1535/4096 MS: 1 EraseBytes-
#2086308	REDUCE cov: 938 ft: 4546 corp: 1052/468Kb lim: 4096 exec/s: 4932 rss: 334Mb L: 1444/4096 MS: 1 EraseBytes-
#2086800	REDUCE cov: 938 ft: 4546 corp: 1052/468Kb lim: 4096 exec/s: 4933 rss: 334Mb L: 180/4096 MS: 2 ChangeASCIIInt-EraseBytes-
#2087196	REDUCE cov: 938 ft: 4546 corp: 1052/468Kb lim: 4096 exec/s: 4934 rss: 334Mb L: 404/4096 MS: 1 EraseBytes-
#2087857	REDUCE cov: 938 ft: 4546 corp: 1052/467Kb lim: 4096 exec/s: 4935 rss: 334Mb L: 1595/4096 MS: 1 EraseBytes-
#2087948	REDUCE cov: 938 ft: 4546 corp: 1052/467Kb lim: 4096 exec/s: 4936 rss: 334Mb L: 1474/4096 MS: 1 EraseBytes-
#2089430	REDUCE cov: 938 ft: 4546 corp: 1052/467Kb lim: 4096 exec/s: 4927 rss: 334Mb L: 1240/4096 MS: 2 ManualDict-EraseBytes- DE: "[]"-
#2089661	REDUCE cov: 938 ft: 4546 corp: 1052/466Kb lim: 4096 exec/s: 4928 rss: 334Mb L: 467/4096 MS: 1 EraseBytes-
#2090432	REDUCE cov: 938 ft: 4546 corp: 1052/466Kb lim: 4096 exec/s: 4930 rss: 334Mb L: 376/4096 MS: 1 EraseBytes-
#2091354	REDUCE cov: 938 ft: 4546 corp: 1052/466Kb lim: 4096 exec/s: 4932 rss: 334Mb L: 1427/4096 MS: 2 ShuffleBytes-EraseBytes-
#2092920	NEW    cov: 938 ft: 4547 corp: 1053/467Kb lim: 4096 exec/s: 4936 rss: 334Mb L: 772/4096 MS: 1 ManualDict- DE: "needs more output"-
#2093581	REDUCE cov: 938 ft: 4547 corp: 1053/467Kb lim: 4096 exec/s: 4926 rss: 334Mb L: 21/4096 MS: 1 EraseBytes-
#2096336	REDUCE cov: 938 ft: 4547 corp: 1053/467Kb lim: 4096 exec/s: 4932 rss: 334Mb L: 329/4096 MS: 5 InsertByte-ShuffleBytes-ShuffleBytes-InsertRepeatedBytes-EraseBytes-
#2097152	pulse  cov: 938 ft: 4547 corp: 1053/467Kb lim: 4096 exec/s: 4934 rss: 338Mb
#2097220	REDUCE cov: 938 ft: 4547 corp: 1053/467Kb lim: 4096 exec/s: 4934 rss: 338Mb L: 1454/4096 MS: 4 EraseBytes-ManualDict-InsertRepeatedBytes-ChangeByte- DE: "Large Window Brotli"-
#2097707	REDUCE cov: 938 ft: 4547 corp: 1053/467Kb lim: 4096 exec/s: 4935 rss: 338Mb L: 996/4096 MS: 2 ChangeASCIIInt-EraseBytes-
#2098202	REDUCE cov: 938 ft: 4547 corp: 1053/467Kb lim: 4096 exec/s: 4936 rss: 338Mb L: 217/4096 MS: 5 InsertByte-ChangeByte-ChangeASCIIInt-ShuffleBytes-EraseBytes-
#2098678	REDUCE cov: 938 ft: 4547 corp: 1053/467Kb lim: 4096 exec/s: 4926 rss: 338Mb L: 145/4096 MS: 1 EraseBytes-
#2099065	REDUCE cov: 938 ft: 4547 corp: 1053/467Kb lim: 4096 exec/s: 4927 rss: 338Mb L: 623/4096 MS: 2 ChangeBinInt-EraseBytes-
#2099481	REDUCE cov: 938 ft: 4547 corp: 1053/466Kb lim: 4096 exec/s: 4928 rss: 338Mb L: 1176/4096 MS: 1 EraseBytes-
#2099552	REDUCE cov: 938 ft: 4547 corp: 1053/466Kb lim: 4096 exec/s: 4928 rss: 338Mb L: 602/4096 MS: 1 EraseBytes-
#2100579	REDUCE cov: 938 ft: 4547 corp: 1053/466Kb lim: 4096 exec/s: 4930 rss: 338Mb L: 3952/4096 MS: 2 ChangeBit-EraseBytes-
#2100685	REDUCE cov: 938 ft: 4547 corp: 1053/466Kb lim: 4096 exec/s: 4931 rss: 338Mb L: 202/4096 MS: 1 EraseBytes-
#2100775	REDUCE cov: 938 ft: 4547 corp: 1053/466Kb lim: 4096 exec/s: 4931 rss: 338Mb L: 168/4096 MS: 5 InsertRepeatedBytes-ChangeBit-ChangeBinInt-PersAutoDict-EraseBytes- DE: "\021\000\000\000\000\000\000\000"-
#2101734	REDUCE cov: 938 ft: 4547 corp: 1053/466Kb lim: 4096 exec/s: 4933 rss: 338Mb L: 1157/4096 MS: 4 ChangeBit-EraseBytes-InsertByte-InsertByte-
#2103132	REDUCE cov: 938 ft: 4547 corp: 1053/466Kb lim: 4096 exec/s: 4925 rss: 338Mb L: 868/4096 MS: 3 InsertByte-ChangeBinInt-EraseBytes-
#2103385	REDUCE cov: 938 ft: 4547 corp: 1053/466Kb lim: 4096 exec/s: 4925 rss: 338Mb L: 50/4096 MS: 3 EraseBytes-ChangeBinInt-InsertByte-
#2106386	REDUCE cov: 938 ft: 4547 corp: 1053/466Kb lim: 4096 exec/s: 4932 rss: 338Mb L: 70/4096 MS: 1 EraseBytes-
#2106452	REDUCE cov: 938 ft: 4547 corp: 1053/466Kb lim: 4096 exec/s: 4933 rss: 338Mb L: 191/4096 MS: 1 EraseBytes-
#2106473	REDUCE cov: 938 ft: 4547 corp: 1053/466Kb lim: 4096 exec/s: 4933 rss: 338Mb L: 38/4096 MS: 1 EraseBytes-
#2108315	REDUCE cov: 938 ft: 4547 corp: 1053/466Kb lim: 4096 exec/s: 4925 rss: 338Mb L: 174/4096 MS: 2 InsertRepeatedBytes-EraseBytes-
#2108747	REDUCE cov: 938 ft: 4548 corp: 1054/466Kb lim: 4096 exec/s: 4926 rss: 338Mb L: 221/4096 MS: 2 CopyPart-CopyPart-
#2109783	REDUCE cov: 938 ft: 4548 corp: 1054/466Kb lim: 4096 exec/s: 4929 rss: 338Mb L: 84/4096 MS: 1 EraseBytes-
#2111869	REDUCE cov: 938 ft: 4548 corp: 1054/466Kb lim: 4096 exec/s: 4922 rss: 338Mb L: 269/4096 MS: 1 EraseBytes-
#2112365	REDUCE cov: 938 ft: 4548 corp: 1054/466Kb lim: 4096 exec/s: 4923 rss: 338Mb L: 146/4096 MS: 1 EraseBytes-
#2112436	REDUCE cov: 938 ft: 4548 corp: 1054/466Kb lim: 4096 exec/s: 4924 rss: 338Mb L: 10/4096 MS: 1 EraseBytes-
#2112657	REDUCE cov: 938 ft: 4548 corp: 1054/466Kb lim: 4096 exec/s: 4924 rss: 338Mb L: 654/4096 MS: 1 EraseBytes-
#2113345	REDUCE cov: 938 ft: 4548 corp: 1054/466Kb lim: 4096 exec/s: 4926 rss: 338Mb L: 721/4096 MS: 3 InsertByte-CrossOver-EraseBytes-
#2114721	REDUCE cov: 938 ft: 4548 corp: 1054/466Kb lim: 4096 exec/s: 4929 rss: 338Mb L: 15/4096 MS: 1 EraseBytes-
#2114807	REDUCE cov: 938 ft: 4548 corp: 1054/466Kb lim: 4096 exec/s: 4929 rss: 338Mb L: 8/4096 MS: 1 EraseBytes-
#2115688	REDUCE cov: 938 ft: 4548 corp: 1054/466Kb lim: 4096 exec/s: 4931 rss: 338Mb L: 17/4096 MS: 1 EraseBytes-
#2117004	REDUCE cov: 938 ft: 4548 corp: 1054/466Kb lim: 4096 exec/s: 4923 rss: 338Mb L: 999/4096 MS: 1 EraseBytes-
#2117215	REDUCE cov: 938 ft: 4548 corp: 1054/466Kb lim: 4096 exec/s: 4923 rss: 338Mb L: 1413/4096 MS: 1 EraseBytes-
#2118501	REDUCE cov: 938 ft: 4548 corp: 1054/466Kb lim: 4096 exec/s: 4926 rss: 338Mb L: 10/4096 MS: 1 EraseBytes-
#2118527	REDUCE cov: 938 ft: 4548 corp: 1054/466Kb lim: 4096 exec/s: 4926 rss: 338Mb L: 992/4096 MS: 1 EraseBytes-
#2119668	REDUCE cov: 938 ft: 4548 corp: 1054/466Kb lim: 4096 exec/s: 4918 rss: 338Mb L: 178/4096 MS: 1 EraseBytes-
#2122730	REDUCE cov: 938 ft: 4548 corp: 1054/466Kb lim: 4096 exec/s: 4925 rss: 338Mb L: 945/4096 MS: 2 ChangeASCIIInt-EraseBytes-
#2122856	REDUCE cov: 938 ft: 4548 corp: 1054/466Kb lim: 4096 exec/s: 4925 rss: 338Mb L: 1384/4096 MS: 1 EraseBytes-
#2124571	REDUCE cov: 938 ft: 4548 corp: 1054/466Kb lim: 4096 exec/s: 4917 rss: 338Mb L: 50/4096 MS: 5 PersAutoDict-ChangeBit-EraseBytes-ShuffleBytes-InsertRepeatedBytes- DE: "\000\000\000\000\000\000\000@"-
#2126403	REDUCE cov: 938 ft: 4548 corp: 1054/466Kb lim: 4096 exec/s: 4922 rss: 338Mb L: 73/4096 MS: 2 ShuffleBytes-EraseBytes-
#2126755	REDUCE cov: 938 ft: 4548 corp: 1054/466Kb lim: 4096 exec/s: 4923 rss: 338Mb L: 219/4096 MS: 2 ChangeBit-EraseBytes-
#2126772	REDUCE cov: 938 ft: 4548 corp: 1054/466Kb lim: 4096 exec/s: 4923 rss: 338Mb L: 22/4096 MS: 2 EraseBytes-InsertByte-
#2127723	REDUCE cov: 938 ft: 4548 corp: 1054/465Kb lim: 4096 exec/s: 4925 rss: 338Mb L: 980/4096 MS: 1 EraseBytes-
#2128264	REDUCE cov: 938 ft: 4548 corp: 1054/465Kb lim: 4096 exec/s: 4926 rss: 338Mb L: 102/4096 MS: 1 EraseBytes-
#2130732	REDUCE cov: 938 ft: 4548 corp: 1054/465Kb lim: 4096 exec/s: 4920 rss: 338Mb L: 25/4096 MS: 3 ManualDict-ChangeBit-EraseBytes- DE: "[]"-
#2131304	REDUCE cov: 938 ft: 4548 corp: 1054/465Kb lim: 4096 exec/s: 4922 rss: 338Mb L: 355/4096 MS: 2 ChangeBit-EraseBytes-
#2133463	REDUCE cov: 938 ft: 4558 corp: 1055/466Kb lim: 4096 exec/s: 4915 rss: 338Mb L: 308/4096 MS: 4 PersAutoDict-ChangeASCIIInt-InsertRepeatedBytes-CrossOver- DE: "\000\222\345x"-
#2133694	REDUCE cov: 938 ft: 4558 corp: 1055/465Kb lim: 4096 exec/s: 4916 rss: 338Mb L: 535/4096 MS: 1 EraseBytes-
#2134462	REDUCE cov: 938 ft: 4558 corp: 1055/465Kb lim: 4096 exec/s: 4918 rss: 338Mb L: 183/4096 MS: 3 EraseBytes-EraseBytes-InsertRepeatedBytes-
#2136163	REDUCE cov: 938 ft: 4558 corp: 1055/465Kb lim: 4096 exec/s: 4922 rss: 338Mb L: 27/4096 MS: 1 EraseBytes-
#2137854	REDUCE cov: 938 ft: 4558 corp: 1055/465Kb lim: 4096 exec/s: 4925 rss: 338Mb L: 326/4096 MS: 1 EraseBytes-
#2140760	REDUCE cov: 938 ft: 4558 corp: 1055/465Kb lim: 4096 exec/s: 4921 rss: 338Mb L: 26/4096 MS: 1 EraseBytes-
#2141896	REDUCE cov: 938 ft: 4558 corp: 1055/465Kb lim: 4096 exec/s: 4923 rss: 338Mb L: 54/4096 MS: 1 EraseBytes-
#2142738	REDUCE cov: 938 ft: 4558 corp: 1055/465Kb lim: 4096 exec/s: 4925 rss: 338Mb L: 40/4096 MS: 2 ChangeASCIIInt-EraseBytes-
#2142986	REDUCE cov: 938 ft: 4558 corp: 1055/465Kb lim: 4096 exec/s: 4926 rss: 338Mb L: 173/4096 MS: 3 ChangeBit-CopyPart-EraseBytes-
#2144647	REDUCE cov: 938 ft: 4558 corp: 1055/465Kb lim: 4096 exec/s: 4918 rss: 338Mb L: 60/4096 MS: 1 EraseBytes-
#2145346	NEW    cov: 938 ft: 4561 corp: 1056/466Kb lim: 4096 exec/s: 4920 rss: 338Mb L: 425/4096 MS: 4 ChangeASCIIInt-InsertRepeatedBytes-CopyPart-InsertByte-
#2146828	REDUCE cov: 938 ft: 4561 corp: 1056/466Kb lim: 4096 exec/s: 4923 rss: 338Mb L: 1302/4096 MS: 2 ChangeByte-EraseBytes-
#2149780	NEW    cov: 938 ft: 4562 corp: 1057/466Kb lim: 4096 exec/s: 4919 rss: 338Mb L: 443/4096 MS: 2 PersAutoDict-CopyPart- DE: "\213\000\000\000"-
#2152731	REDUCE cov: 938 ft: 4562 corp: 1057/466Kb lim: 4096 exec/s: 4914 rss: 338Mb L: 125/4096 MS: 1 EraseBytes-
#2152978	REDUCE cov: 938 ft: 4562 corp: 1057/466Kb lim: 4096 exec/s: 4915 rss: 338Mb L: 1103/4096 MS: 2 ShuffleBytes-EraseBytes-
#2153149	REDUCE cov: 938 ft: 4562 corp: 1057/466Kb lim: 4096 exec/s: 4915 rss: 338Mb L: 215/4096 MS: 1 EraseBytes-
#2154465	REDUCE cov: 938 ft: 4562 corp: 1057/466Kb lim: 4096 exec/s: 4918 rss: 338Mb L: 17/4096 MS: 1 EraseBytes-
#2156134	REDUCE cov: 938 ft: 4562 corp: 1057/466Kb lim: 4096 exec/s: 4911 rss: 338Mb L: 688/4096 MS: 4 ManualDict-ChangeBit-InsertByte-EraseBytes- DE: "[]"-
#2156595	REDUCE cov: 938 ft: 4562 corp: 1057/466Kb lim: 4096 exec/s: 4912 rss: 338Mb L: 220/4096 MS: 1 EraseBytes-
#2157017	REDUCE cov: 938 ft: 4562 corp: 1057/466Kb lim: 4096 exec/s: 4913 rss: 338Mb L: 947/4096 MS: 2 ManualDict-EraseBytes- DE: "that \\1\\'\\6 with \\6 from \\4 by \\1(\\6. T"-
#2158133	REDUCE cov: 938 ft: 4562 corp: 1057/466Kb lim: 4096 exec/s: 4916 rss: 338Mb L: 67/4096 MS: 1 EraseBytes-
#2159232	REDUCE cov: 938 ft: 4568 corp: 1058/466Kb lim: 4096 exec/s: 4918 rss: 338Mb L: 386/4096 MS: 4 CrossOver-InsertByte-InsertRepeatedBytes-InsertRepeatedBytes-
#2159344	REDUCE cov: 938 ft: 4568 corp: 1058/466Kb lim: 4096 exec/s: 4918 rss: 338Mb L: 151/4096 MS: 2 ManualDict-EraseBytes- DE: "t \\4ize \\2\\xc2\\xa0\\4ous \\5 the \\2e "-
#2161296	REDUCE cov: 938 ft: 4568 corp: 1058/466Kb lim: 4096 exec/s: 4912 rss: 338Mb L: 1148/4096 MS: 2 EraseBytes-PersAutoDict- DE: "%\000\000\000\000\000\000\000"-
#2163493	REDUCE cov: 938 ft: 4568 corp: 1058/466Kb lim: 4096 exec/s: 4917 rss: 338Mb L: 384/4096 MS: 2 ChangeByte-EraseBytes-
#2164114	NEW    cov: 938 ft: 4569 corp: 1059/466Kb lim: 4096 exec/s: 4918 rss: 338Mb L: 94/4096 MS: 1 ManualDict- DE: " not \\3er \\3al \\4ful \\4ive \\5less \\4es"-
#2165551	REDUCE cov: 938 ft: 4569 corp: 1059/466Kb lim: 4096 exec/s: 4910 rss: 338Mb L: 148/4096 MS: 2 ChangeBit-EraseBytes-
#2168017	REDUCE cov: 938 ft: 4569 corp: 1059/466Kb lim: 4096 exec/s: 4916 rss: 338Mb L: 91/4096 MS: 1 EraseBytes-
#2168723	NEW    cov: 938 ft: 4570 corp: 1060/467Kb lim: 4096 exec/s: 4917 rss: 338Mb L: 868/4096 MS: 1 InsertByte-
#2168870	REDUCE cov: 938 ft: 4570 corp: 1060/467Kb lim: 4096 exec/s: 4918 rss: 338Mb L: 25/4096 MS: 2 ChangeByte-EraseBytes-
#2169464	REDUCE cov: 938 ft: 4571 corp: 1061/467Kb lim: 4096 exec/s: 4919 rss: 338Mb L: 208/4096 MS: 4 ChangeBit-PersAutoDict-CrossOver-InsertRepeatedBytes- DE: "\011\000\000\000\000\000\000\000"-
#2170105	REDUCE cov: 938 ft: 4571 corp: 1061/467Kb lim: 4096 exec/s: 4909 rss: 338Mb L: 327/4096 MS: 1 EraseBytes-
#2170392	REDUCE cov: 938 ft: 4571 corp: 1061/467Kb lim: 4096 exec/s: 4910 rss: 338Mb L: 79/4096 MS: 2 ChangeASCIIInt-EraseBytes-
#2170432	REDUCE cov: 938 ft: 4571 corp: 1061/467Kb lim: 4096 exec/s: 4910 rss: 338Mb L: 268/4096 MS: 5 CrossOver-PersAutoDict-ChangeBit-EraseBytes-CMP- DE: "\000n\371\221"-"\377\377\377\377\377\376\3717"-
#2172503	REDUCE cov: 938 ft: 4571 corp: 1061/467Kb lim: 4096 exec/s: 4915 rss: 338Mb L: 205/4096 MS: 1 EraseBytes-
#2173609	REDUCE cov: 938 ft: 4571 corp: 1061/467Kb lim: 4096 exec/s: 4917 rss: 338Mb L: 666/4096 MS: 1 EraseBytes-
#2174823	REDUCE cov: 938 ft: 4571 corp: 1061/467Kb lim: 4096 exec/s: 4909 rss: 338Mb L: 1129/4096 MS: 4 CMP-ManualDict-ChangeBinInt-CrossOver- DE: "\000\000\000\000\000\000\000\011"-" not \\3er \\3al \\4ful \\4ive \\5less \\4es"-
#2176144	REDUCE cov: 938 ft: 4571 corp: 1061/467Kb lim: 4096 exec/s: 4912 rss: 338Mb L: 281/4096 MS: 1 EraseBytes-
#2176939	REDUCE cov: 938 ft: 4571 corp: 1061/467Kb lim: 4096 exec/s: 4914 rss: 338Mb L: 335/4096 MS: 5 ChangeByte-ChangeBinInt-CopyPart-ChangeByte-EraseBytes-
#2177542	REDUCE cov: 938 ft: 4571 corp: 1061/467Kb lim: 4096 exec/s: 4915 rss: 338Mb L: 85/4096 MS: 3 ChangeBinInt-CopyPart-EraseBytes-
#2178098	REDUCE cov: 938 ft: 4571 corp: 1061/467Kb lim: 4096 exec/s: 4916 rss: 338Mb L: 465/4096 MS: 1 EraseBytes-
#2178814	REDUCE cov: 938 ft: 4571 corp: 1061/467Kb lim: 4096 exec/s: 4907 rss: 338Mb L: 228/4096 MS: 1 EraseBytes-
#2179116	REDUCE cov: 938 ft: 4571 corp: 1061/466Kb lim: 4096 exec/s: 4907 rss: 338Mb L: 1120/4096 MS: 2 ManualDict-EraseBytes- DE: "needs more input"-
#2179733	REDUCE cov: 938 ft: 4571 corp: 1061/466Kb lim: 4096 exec/s: 4909 rss: 338Mb L: 64/4096 MS: 2 EraseBytes-ChangeBit-
#2180289	REDUCE cov: 938 ft: 4571 corp: 1061/466Kb lim: 4096 exec/s: 4910 rss: 338Mb L: 131/4096 MS: 1 EraseBytes-
#2180821	REDUCE cov: 938 ft: 4571 corp: 1061/466Kb lim: 4096 exec/s: 4911 rss: 338Mb L: 1411/4096 MS: 2 ChangeASCIIInt-EraseBytes-
#2183977	REDUCE cov: 938 ft: 4571 corp: 1061/466Kb lim: 4096 exec/s: 4907 rss: 338Mb L: 25/4096 MS: 1 EraseBytes-
#2185918	REDUCE cov: 938 ft: 4571 corp: 1061/466Kb lim: 4096 exec/s: 4912 rss: 338Mb L: 142/4096 MS: 1 EraseBytes-
#2187029	REDUCE cov: 938 ft: 4571 corp: 1061/466Kb lim: 4096 exec/s: 4903 rss: 338Mb L: 339/4096 MS: 1 EraseBytes-
#2187415	REDUCE cov: 938 ft: 4571 corp: 1061/466Kb lim: 4096 exec/s: 4904 rss: 338Mb L: 141/4096 MS: 1 EraseBytes-
#2187883	REDUCE cov: 938 ft: 4571 corp: 1061/466Kb lim: 4096 exec/s: 4905 rss: 338Mb L: 304/4096 MS: 3 ManualDict-ChangeBit-EraseBytes- DE: " not \\3er \\3al \\4ful \\4ive \\5less \\4es"-
#2188760	REDUCE cov: 938 ft: 4571 corp: 1061/466Kb lim: 4096 exec/s: 4907 rss: 338Mb L: 27/4096 MS: 2 ShuffleBytes-EraseBytes-
#2189083	REDUCE cov: 938 ft: 4571 corp: 1061/466Kb lim: 4096 exec/s: 4908 rss: 338Mb L: 1570/4096 MS: 3 ChangeASCIIInt-ChangeBinInt-EraseBytes-
#2189118	REDUCE cov: 938 ft: 4571 corp: 1061/466Kb lim: 4096 exec/s: 4908 rss: 338Mb L: 2017/4096 MS: 5 EraseBytes-InsertByte-ChangeBit-CrossOver-CMP- DE: "\377\004"-
#2189794	REDUCE cov: 938 ft: 4571 corp: 1061/466Kb lim: 4096 exec/s: 4909 rss: 338Mb L: 195/4096 MS: 1 EraseBytes-
#2191211	REDUCE cov: 938 ft: 4571 corp: 1061/466Kb lim: 4096 exec/s: 4913 rss: 338Mb L: 1206/4096 MS: 2 PersAutoDict-EraseBytes- DE: "\001\000\000\000\000\377\235\227"-
#2191639	REDUCE cov: 938 ft: 4571 corp: 1061/466Kb lim: 4096 exec/s: 4913 rss: 338Mb L: 140/4096 MS: 3 EraseBytes-CopyPart-PersAutoDict- DE: "\001\000\024\""-
#2191780	REDUCE cov: 938 ft: 4571 corp: 1061/466Kb lim: 4096 exec/s: 4914 rss: 338Mb L: 1909/4096 MS: 1 EraseBytes-
#2194206	REDUCE cov: 938 ft: 4571 corp: 1061/465Kb lim: 4096 exec/s: 4908 rss: 338Mb L: 440/4096 MS: 1 EraseBytes-
#2196749	REDUCE cov: 938 ft: 4571 corp: 1061/465Kb lim: 4096 exec/s: 4903 rss: 338Mb L: 351/4096 MS: 3 ChangeBinInt-PersAutoDict-EraseBytes- DE: "\001\000"-
#2196918	REDUCE cov: 938 ft: 4571 corp: 1061/465Kb lim: 4096 exec/s: 4903 rss: 338Mb L: 128/4096 MS: 4 CopyPart-ChangeByte-CMP-EraseBytes- DE: "\377\377\377\377\377\377\037\000"-
#2200325	REDUCE cov: 938 ft: 4571 corp: 1061/465Kb lim: 4096 exec/s: 4911 rss: 338Mb L: 28/4096 MS: 2 ShuffleBytes-EraseBytes-
#2200566	REDUCE cov: 938 ft: 4571 corp: 1061/465Kb lim: 4096 exec/s: 4901 rss: 338Mb L: 18/4096 MS: 1 EraseBytes-
#2200692	REDUCE cov: 938 ft: 4571 corp: 1061/465Kb lim: 4096 exec/s: 4901 rss: 338Mb L: 571/4096 MS: 1 EraseBytes-
#2201074	REDUCE cov: 938 ft: 4571 corp: 1061/465Kb lim: 4096 exec/s: 4902 rss: 338Mb L: 15/4096 MS: 2 CMP-EraseBytes- DE: "\032\000"-
#2201120	REDUCE cov: 938 ft: 4571 corp: 1061/465Kb lim: 4096 exec/s: 4902 rss: 338Mb L: 229/4096 MS: 1 EraseBytes-
#2202561	REDUCE cov: 938 ft: 4571 corp: 1061/465Kb lim: 4096 exec/s: 4905 rss: 338Mb L: 191/4096 MS: 1 EraseBytes-
#2203020	REDUCE cov: 938 ft: 4571 corp: 1061/465Kb lim: 4096 exec/s: 4906 rss: 338Mb L: 157/4096 MS: 4 ChangeBinInt-InsertRepeatedBytes-ChangeBit-EraseBytes-
#2207971	REDUCE cov: 938 ft: 4571 corp: 1061/465Kb lim: 4096 exec/s: 4906 rss: 338Mb L: 246/4096 MS: 1 EraseBytes-
#2209146	REDUCE cov: 938 ft: 4571 corp: 1061/465Kb lim: 4096 exec/s: 4909 rss: 338Mb L: 131/4096 MS: 5 InsertRepeatedBytes-CopyPart-ChangeBit-InsertRepeatedBytes-EraseBytes-
#2209459	REDUCE cov: 938 ft: 4571 corp: 1061/465Kb lim: 4096 exec/s: 4909 rss: 338Mb L: 436/4096 MS: 3 ChangeBinInt-ChangeBit-EraseBytes-
#2209770	REDUCE cov: 938 ft: 4571 corp: 1061/465Kb lim: 4096 exec/s: 4910 rss: 338Mb L: 1049/4096 MS: 1 EraseBytes-
#2210559	REDUCE cov: 938 ft: 4571 corp: 1061/465Kb lim: 4096 exec/s: 4912 rss: 338Mb L: 290/4096 MS: 4 ChangeByte-ChangeBit-PersAutoDict-EraseBytes- DE: "\001\000\000\004"-
#2211905	REDUCE cov: 938 ft: 4571 corp: 1061/465Kb lim: 4096 exec/s: 4904 rss: 338Mb L: 215/4096 MS: 1 EraseBytes-
#2215061	REDUCE cov: 938 ft: 4571 corp: 1061/465Kb lim: 4096 exec/s: 4911 rss: 338Mb L: 206/4096 MS: 1 EraseBytes-
#2216289	REDUCE cov: 938 ft: 4571 corp: 1061/465Kb lim: 4096 exec/s: 4903 rss: 338Mb L: 63/4096 MS: 3 InsertByte-ChangeBinInt-EraseBytes-
#2217535	REDUCE cov: 938 ft: 4571 corp: 1061/465Kb lim: 4096 exec/s: 4906 rss: 338Mb L: 42/4096 MS: 1 EraseBytes-
#2217569	REDUCE cov: 938 ft: 4571 corp: 1061/464Kb lim: 4096 exec/s: 4906 rss: 338Mb L: 1116/4096 MS: 4 EraseBytes-PersAutoDict-PersAutoDict-PersAutoDict- DE: "Large Window Brotli"-"t \\4ize \\2\\xc2\\xa0\\4ous \\5 the \\2e "-"\346\315\000\000"-
#2218171	REDUCE cov: 938 ft: 4571 corp: 1061/464Kb lim: 4096 exec/s: 4907 rss: 338Mb L: 792/4096 MS: 2 CopyPart-EraseBytes-
#2220592	REDUCE cov: 938 ft: 4571 corp: 1061/464Kb lim: 4096 exec/s: 4912 rss: 338Mb L: 100/4096 MS: 1 EraseBytes-
#2221038	REDUCE cov: 938 ft: 4571 corp: 1061/464Kb lim: 4096 exec/s: 4902 rss: 338Mb L: 1588/4096 MS: 1 EraseBytes-
#2221165	REDUCE cov: 938 ft: 4571 corp: 1061/464Kb lim: 4096 exec/s: 4903 rss: 338Mb L: 88/4096 MS: 2 ManualDict-EraseBytes- DE: "INVALID"-
#2221462	REDUCE cov: 938 ft: 4571 corp: 1061/464Kb lim: 4096 exec/s: 4903 rss: 338Mb L: 476/4096 MS: 2 ShuffleBytes-EraseBytes-
#2222413	REDUCE cov: 938 ft: 4571 corp: 1061/464Kb lim: 4096 exec/s: 4905 rss: 338Mb L: 108/4096 MS: 1 EraseBytes-
#2223277	REDUCE cov: 938 ft: 4571 corp: 1061/464Kb lim: 4096 exec/s: 4907 rss: 338Mb L: 197/4096 MS: 4 CopyPart-ChangeByte-CopyPart-EraseBytes-
#2223773	REDUCE cov: 938 ft: 4571 corp: 1061/464Kb lim: 4096 exec/s: 4908 rss: 338Mb L: 27/4096 MS: 1 EraseBytes-
#2226240	REDUCE cov: 938 ft: 4571 corp: 1061/464Kb lim: 4096 exec/s: 4903 rss: 338Mb L: 83/4096 MS: 2 ChangeBinInt-EraseBytes-
#2228281	REDUCE cov: 938 ft: 4571 corp: 1061/464Kb lim: 4096 exec/s: 4908 rss: 338Mb L: 151/4096 MS: 1 EraseBytes-
#2230897	REDUCE cov: 938 ft: 4571 corp: 1061/464Kb lim: 4096 exec/s: 4903 rss: 338Mb L: 234/4096 MS: 1 EraseBytes-
#2231635	REDUCE cov: 938 ft: 4571 corp: 1061/464Kb lim: 4096 exec/s: 4904 rss: 338Mb L: 58/4096 MS: 3 CopyPart-ChangeBit-EraseBytes-
#2234371	REDUCE cov: 938 ft: 4571 corp: 1061/464Kb lim: 4096 exec/s: 4910 rss: 338Mb L: 579/4096 MS: 1 EraseBytes-
#2235888	REDUCE cov: 938 ft: 4571 corp: 1061/463Kb lim: 4096 exec/s: 4903 rss: 338Mb L: 1071/4096 MS: 2 CrossOver-EraseBytes-
#2236419	REDUCE cov: 938 ft: 4571 corp: 1061/463Kb lim: 4096 exec/s: 4904 rss: 338Mb L: 54/4096 MS: 1 EraseBytes-
#2236660	REDUCE cov: 938 ft: 4571 corp: 1061/463Kb lim: 4096 exec/s: 4904 rss: 338Mb L: 10/4096 MS: 1 EraseBytes-
#2237814	REDUCE cov: 938 ft: 4571 corp: 1061/463Kb lim: 4096 exec/s: 4907 rss: 338Mb L: 38/4096 MS: 4 ChangeBinInt-CopyPart-ShuffleBytes-EraseBytes-
#2238187	REDUCE cov: 938 ft: 4571 corp: 1061/463Kb lim: 4096 exec/s: 4908 rss: 338Mb L: 18/4096 MS: 3 InsertRepeatedBytes-ChangeBit-EraseBytes-
#2238508	REDUCE cov: 938 ft: 4571 corp: 1061/463Kb lim: 4096 exec/s: 4909 rss: 338Mb L: 316/4096 MS: 1 EraseBytes-
#2239284	REDUCE cov: 938 ft: 4571 corp: 1061/463Kb lim: 4096 exec/s: 4899 rss: 338Mb L: 674/4096 MS: 1 EraseBytes-
#2239721	REDUCE cov: 938 ft: 4571 corp: 1061/463Kb lim: 4096 exec/s: 4900 rss: 338Mb L: 367/4096 MS: 2 CrossOver-EraseBytes-
#2240839	REDUCE cov: 938 ft: 4571 corp: 1061/463Kb lim: 4096 exec/s: 4903 rss: 338Mb L: 1969/4096 MS: 3 ManualDict-ManualDict-EraseBytes- DE: "that \\1\\'\\6 with \\6 from \\4 by \\1(\\6. T"-" not \\3er \\3al \\4ful \\4ive \\5less \\4es"-
#2240987	REDUCE cov: 938 ft: 4571 corp: 1061/463Kb lim: 4096 exec/s: 4903 rss: 338Mb L: 178/4096 MS: 3 ShuffleBytes-EraseBytes-ChangeByte-
#2243350	REDUCE cov: 938 ft: 4571 corp: 1061/463Kb lim: 4096 exec/s: 4898 rss: 338Mb L: 928/4096 MS: 3 CrossOver-ChangeByte-EraseBytes-
#2243528	REDUCE cov: 938 ft: 4571 corp: 1061/463Kb lim: 4096 exec/s: 4898 rss: 338Mb L: 28/4096 MS: 3 ChangeBit-ChangeByte-EraseBytes-
#2248960	REDUCE cov: 938 ft: 4571 corp: 1061/463Kb lim: 4096 exec/s: 4899 rss: 338Mb L: 1092/4096 MS: 2 ChangeBit-EraseBytes-
#2249116	REDUCE cov: 938 ft: 4571 corp: 1061/463Kb lim: 4096 exec/s: 4900 rss: 338Mb L: 313/4096 MS: 1 EraseBytes-
#2250473	REDUCE cov: 938 ft: 4571 corp: 1061/463Kb lim: 4096 exec/s: 4902 rss: 338Mb L: 117/4096 MS: 2 ChangeBit-EraseBytes-
#2252119	REDUCE cov: 938 ft: 4571 corp: 1061/463Kb lim: 4096 exec/s: 4906 rss: 338Mb L: 448/4096 MS: 1 EraseBytes-
#2254729	REDUCE cov: 938 ft: 4571 corp: 1061/463Kb lim: 4096 exec/s: 4901 rss: 338Mb L: 169/4096 MS: 5 ManualDict-EraseBytes-InsertByte-ChangeBinInt-ManualDict- DE: " not \\3er \\3al \\4ful \\4ive \\5less \\4es"-"[ProcessCommandsInternal] dictionary word: [%.*s],"-
#2254757	REDUCE cov: 938 ft: 4571 corp: 1061/463Kb lim: 4096 exec/s: 4901 rss: 338Mb L: 26/4096 MS: 3 CMP-CrossOver-EraseBytes- DE: "\300\005"-
#2256404	REDUCE cov: 938 ft: 4571 corp: 1061/463Kb lim: 4096 exec/s: 4905 rss: 338Mb L: 105/4096 MS: 2 ChangeASCIIInt-EraseBytes-
#2256566	REDUCE cov: 938 ft: 4571 corp: 1061/463Kb lim: 4096 exec/s: 4905 rss: 338Mb L: 94/4096 MS: 2 ChangeBit-EraseBytes-
#2257912	REDUCE cov: 938 ft: 4571 corp: 1061/463Kb lim: 4096 exec/s: 4897 rss: 338Mb L: 53/4096 MS: 1 EraseBytes-
#2257973	REDUCE cov: 938 ft: 4571 corp: 1061/463Kb lim: 4096 exec/s: 4897 rss: 338Mb L: 1294/4096 MS: 1 EraseBytes-
#2258469	REDUCE cov: 938 ft: 4571 corp: 1061/463Kb lim: 4096 exec/s: 4899 rss: 338Mb L: 64/4096 MS: 1 EraseBytes-
#2258715	REDUCE cov: 938 ft: 4571 corp: 1061/463Kb lim: 4096 exec/s: 4899 rss: 338Mb L: 1257/4096 MS: 1 EraseBytes-
#2258787	REDUCE cov: 938 ft: 4571 corp: 1061/463Kb lim: 4096 exec/s: 4899 rss: 338Mb L: 65/4096 MS: 2 ChangeBit-EraseBytes-
#2259034	REDUCE cov: 938 ft: 4571 corp: 1061/463Kb lim: 4096 exec/s: 4900 rss: 338Mb L: 214/4096 MS: 2 ChangeBinInt-EraseBytes-
#2259317	REDUCE cov: 938 ft: 4571 corp: 1061/463Kb lim: 4096 exec/s: 4900 rss: 338Mb L: 32/4096 MS: 3 CrossOver-InsertByte-EraseBytes-
#2259408	REDUCE cov: 938 ft: 4571 corp: 1061/463Kb lim: 4096 exec/s: 4901 rss: 338Mb L: 876/4096 MS: 1 EraseBytes-
#2266319	REDUCE cov: 938 ft: 4571 corp: 1061/462Kb lim: 4096 exec/s: 4905 rss: 338Mb L: 654/4096 MS: 1 EraseBytes-
#2267597	REDUCE cov: 938 ft: 4571 corp: 1061/462Kb lim: 4096 exec/s: 4908 rss: 338Mb L: 944/4096 MS: 3 PersAutoDict-ShuffleBytes-EraseBytes- DE: "\001\000\000\000\000\000\000,"-
#2269093	REDUCE cov: 938 ft: 4575 corp: 1062/462Kb lim: 4096 exec/s: 4900 rss: 338Mb L: 71/4096 MS: 1 InsertByte-
#2269155	REDUCE cov: 938 ft: 4575 corp: 1062/462Kb lim: 4096 exec/s: 4900 rss: 338Mb L: 329/4096 MS: 2 ChangeBinInt-EraseBytes-
#2272532	REDUCE cov: 938 ft: 4575 corp: 1062/462Kb lim: 4096 exec/s: 4908 rss: 338Mb L: 105/4096 MS: 2 CrossOver-EraseBytes-
#2272629	REDUCE cov: 938 ft: 4575 corp: 1062/462Kb lim: 4096 exec/s: 4908 rss: 338Mb L: 77/4096 MS: 2 ChangeBit-EraseBytes-
#2274445	REDUCE cov: 938 ft: 4575 corp: 1062/462Kb lim: 4096 exec/s: 4901 rss: 338Mb L: 140/4096 MS: 1 EraseBytes-
#2274738	REDUCE cov: 938 ft: 4575 corp: 1062/462Kb lim: 4096 exec/s: 4902 rss: 338Mb L: 227/4096 MS: 3 CMP-ChangeBit-EraseBytes- DE: "\000\000\000\011"-
#2275526	REDUCE cov: 938 ft: 4575 corp: 1062/462Kb lim: 4096 exec/s: 4904 rss: 338Mb L: 17/4096 MS: 3 CrossOver-ChangeBinInt-EraseBytes-
#2275942	REDUCE cov: 938 ft: 4575 corp: 1062/462Kb lim: 4096 exec/s: 4905 rss: 338Mb L: 115/4096 MS: 1 EraseBytes-
#2277190	REDUCE cov: 938 ft: 4575 corp: 1062/462Kb lim: 4096 exec/s: 4907 rss: 338Mb L: 43/4096 MS: 3 PersAutoDict-ChangeASCIIInt-EraseBytes- DE: "\000\000\023B"-
#2277218	REDUCE cov: 938 ft: 4575 corp: 1062/462Kb lim: 4096 exec/s: 4907 rss: 338Mb L: 3621/4096 MS: 3 ChangeASCIIInt-ShuffleBytes-EraseBytes-
#2279904	REDUCE cov: 938 ft: 4575 corp: 1062/462Kb lim: 4096 exec/s: 4903 rss: 338Mb L: 114/4096 MS: 1 EraseBytes-
#2281045	REDUCE cov: 938 ft: 4575 corp: 1062/462Kb lim: 4096 exec/s: 4905 rss: 338Mb L: 248/4096 MS: 1 EraseBytes-
#2281681	REDUCE cov: 938 ft: 4575 corp: 1062/461Kb lim: 4096 exec/s: 4906 rss: 338Mb L: 954/4096 MS: 1 EraseBytes-
#2284213	REDUCE cov: 938 ft: 4575 corp: 1062/461Kb lim: 4096 exec/s: 4901 rss: 338Mb L: 505/4096 MS: 2 CMP-EraseBytes- DE: "\000\000\000\000\000\000\000P"-
#2284820	REDUCE cov: 938 ft: 4575 corp: 1062/461Kb lim: 4096 exec/s: 4903 rss: 338Mb L: 202/4096 MS: 2 ChangeBit-EraseBytes-
#2285778	REDUCE cov: 938 ft: 4575 corp: 1062/461Kb lim: 4096 exec/s: 4905 rss: 338Mb L: 46/4096 MS: 3 ShuffleBytes-ChangeBinInt-EraseBytes-
#2287227	REDUCE cov: 938 ft: 4575 corp: 1062/461Kb lim: 4096 exec/s: 4908 rss: 338Mb L: 615/4096 MS: 4 PersAutoDict-PersAutoDict-InsertByte-EraseBytes- DE: "\370\377\377\377"-"\377\377\377\000"-
#2287660	REDUCE cov: 938 ft: 4575 corp: 1062/461Kb lim: 4096 exec/s: 4909 rss: 338Mb L: 1102/4096 MS: 3 CopyPart-InsertByte-EraseBytes-
#2288256	REDUCE cov: 938 ft: 4575 corp: 1062/461Kb lim: 4096 exec/s: 4910 rss: 338Mb L: 126/4096 MS: 1 EraseBytes-
#2290921	REDUCE cov: 938 ft: 4575 corp: 1062/461Kb lim: 4096 exec/s: 4905 rss: 338Mb L: 44/4096 MS: 5 CrossOver-ChangeASCIIInt-ChangeBit-ChangeBit-EraseBytes-
#2290922	REDUCE cov: 938 ft: 4575 corp: 1062/461Kb lim: 4096 exec/s: 4905 rss: 338Mb L: 3152/4096 MS: 1 EraseBytes-
#2292811	REDUCE cov: 938 ft: 4575 corp: 1062/461Kb lim: 4096 exec/s: 4909 rss: 338Mb L: 584/4096 MS: 4 CrossOver-ChangeByte-PersAutoDict-PersAutoDict- DE: "\000\010"-"\021\000\000\000\000\000\000\000"-
#2293341	REDUCE cov: 938 ft: 4575 corp: 1062/461Kb lim: 4096 exec/s: 4910 rss: 338Mb L: 143/4096 MS: 5 ManualDict-CrossOver-ChangeBinInt-EraseBytes-ChangeBit- DE: "needs more input"-
#2300402	REDUCE cov: 938 ft: 4575 corp: 1062/461Kb lim: 4096 exec/s: 4904 rss: 338Mb L: 2663/4096 MS: 1 EraseBytes-
#2300763	REDUCE cov: 938 ft: 4575 corp: 1062/461Kb lim: 4096 exec/s: 4905 rss: 338Mb L: 712/4096 MS: 1 EraseBytes-
#2301494	REDUCE cov: 938 ft: 4575 corp: 1062/461Kb lim: 4096 exec/s: 4896 rss: 338Mb L: 174/4096 MS: 1 EraseBytes-
#2301770	REDUCE cov: 938 ft: 4575 corp: 1062/461Kb lim: 4096 exec/s: 4897 rss: 338Mb L: 26/4096 MS: 1 EraseBytes-
#2302116	REDUCE cov: 938 ft: 4575 corp: 1062/461Kb lim: 4096 exec/s: 4898 rss: 338Mb L: 3480/4096 MS: 1 EraseBytes-
#2303647	REDUCE cov: 938 ft: 4575 corp: 1062/461Kb lim: 4096 exec/s: 4901 rss: 338Mb L: 698/4096 MS: 1 EraseBytes-
#2303834	REDUCE cov: 938 ft: 4575 corp: 1062/461Kb lim: 4096 exec/s: 4891 rss: 338Mb L: 805/4096 MS: 2 ChangeBit-EraseBytes-
#2308832	REDUCE cov: 938 ft: 4575 corp: 1062/461Kb lim: 4096 exec/s: 4891 rss: 338Mb L: 401/4096 MS: 3 ChangeASCIIInt-EraseBytes-InsertRepeatedBytes-
#2309399	REDUCE cov: 938 ft: 4577 corp: 1063/461Kb lim: 4096 exec/s: 4892 rss: 338Mb L: 335/4096 MS: 2 ChangeASCIIInt-CopyPart-
#2312145	REDUCE cov: 938 ft: 4577 corp: 1063/461Kb lim: 4096 exec/s: 4877 rss: 338Mb L: 589/4096 MS: 1 EraseBytes-
#2313401	REDUCE cov: 938 ft: 4577 corp: 1063/461Kb lim: 4096 exec/s: 4880 rss: 338Mb L: 309/4096 MS: 1 EraseBytes-
#2316360	REDUCE cov: 938 ft: 4577 corp: 1063/461Kb lim: 4096 exec/s: 4876 rss: 338Mb L: 305/4096 MS: 4 ChangeByte-CopyPart-ChangeBinInt-EraseBytes-
#2317428	REDUCE cov: 938 ft: 4577 corp: 1063/461Kb lim: 4096 exec/s: 4868 rss: 338Mb L: 97/4096 MS: 3 ChangeByte-CMP-EraseBytes- DE: "\000\000\000\000\000\000\000\000"-
#2318459	REDUCE cov: 938 ft: 4577 corp: 1063/461Kb lim: 4096 exec/s: 4870 rss: 338Mb L: 247/4096 MS: 1 EraseBytes-
#2318535	REDUCE cov: 938 ft: 4577 corp: 1063/461Kb lim: 4096 exec/s: 4870 rss: 338Mb L: 1241/4096 MS: 1 EraseBytes-
#2318747	REDUCE cov: 938 ft: 4577 corp: 1063/461Kb lim: 4096 exec/s: 4871 rss: 338Mb L: 1061/4096 MS: 2 ShuffleBytes-EraseBytes-
#2319624	REDUCE cov: 938 ft: 4577 corp: 1063/461Kb lim: 4096 exec/s: 4873 rss: 338Mb L: 24/4096 MS: 2 InsertByte-EraseBytes-
#2320192	REDUCE cov: 938 ft: 4577 corp: 1063/461Kb lim: 4096 exec/s: 4864 rss: 338Mb L: 165/4096 MS: 3 InsertRepeatedBytes-ManualDict-EraseBytes- DE: "[ProcessCommandsInternal] dictionary word: [%.*s],"-
#2322058	REDUCE cov: 938 ft: 4577 corp: 1063/461Kb lim: 4096 exec/s: 4868 rss: 338Mb L: 166/4096 MS: 1 EraseBytes-
#2323854	REDUCE cov: 938 ft: 4577 corp: 1063/460Kb lim: 4096 exec/s: 4871 rss: 338Mb L: 795/4096 MS: 1 EraseBytes-
#2324207	REDUCE cov: 938 ft: 4577 corp: 1063/460Kb lim: 4096 exec/s: 4872 rss: 338Mb L: 110/4096 MS: 3 ChangeBit-ChangeBit-EraseBytes-
#2324993	REDUCE cov: 938 ft: 4577 corp: 1063/460Kb lim: 4096 exec/s: 4864 rss: 338Mb L: 1674/4096 MS: 1 EraseBytes-
#2327574	REDUCE cov: 938 ft: 4577 corp: 1063/460Kb lim: 4096 exec/s: 4869 rss: 338Mb L: 19/4096 MS: 1 EraseBytes-
#2332101	REDUCE cov: 938 ft: 4577 corp: 1063/460Kb lim: 4096 exec/s: 4868 rss: 338Mb L: 86/4096 MS: 2 InsertByte-EraseBytes-
#2335312	REDUCE cov: 938 ft: 4577 corp: 1063/460Kb lim: 4096 exec/s: 4865 rss: 338Mb L: 159/4096 MS: 1 EraseBytes-
#2338118	REDUCE cov: 938 ft: 4577 corp: 1063/460Kb lim: 4096 exec/s: 4871 rss: 338Mb L: 8/4096 MS: 1 EraseBytes-
#2341210	REDUCE cov: 938 ft: 4577 corp: 1063/460Kb lim: 4096 exec/s: 4867 rss: 338Mb L: 202/4096 MS: 2 ChangeBit-EraseBytes-
#2342009	REDUCE cov: 938 ft: 4577 corp: 1063/460Kb lim: 4096 exec/s: 4869 rss: 338Mb L: 164/4096 MS: 4 ManualDict-CMP-EraseBytes-InsertByte- DE: "Regular"-"7\000\000\000"-
#2342636	REDUCE cov: 938 ft: 4577 corp: 1063/460Kb lim: 4096 exec/s: 4870 rss: 338Mb L: 144/4096 MS: 2 ChangeByte-EraseBytes-
#2343842	REDUCE cov: 938 ft: 4577 corp: 1063/460Kb lim: 4096 exec/s: 4872 rss: 338Mb L: 476/4096 MS: 1 EraseBytes-
#2347742	REDUCE cov: 938 ft: 4577 corp: 1063/460Kb lim: 4096 exec/s: 4870 rss: 338Mb L: 1903/4096 MS: 5 InsertRepeatedBytes-PersAutoDict-ShuffleBytes-ShuffleBytes-EraseBytes- DE: "\001\000\000\000\000\000\000\017"-
#2349373	REDUCE cov: 938 ft: 4577 corp: 1063/460Kb lim: 4096 exec/s: 4874 rss: 338Mb L: 15/4096 MS: 1 EraseBytes-
#2351824	REDUCE cov: 938 ft: 4577 corp: 1063/460Kb lim: 4096 exec/s: 4869 rss: 338Mb L: 14/4096 MS: 1 EraseBytes-
#2353345	REDUCE cov: 938 ft: 4577 corp: 1063/460Kb lim: 4096 exec/s: 4872 rss: 338Mb L: 79/4096 MS: 1 EraseBytes-
#2353828	REDUCE cov: 938 ft: 4577 corp: 1063/460Kb lim: 4096 exec/s: 4873 rss: 338Mb L: 1901/4096 MS: 3 ChangeASCIIInt-ChangeASCIIInt-CrossOver-
#2354476	REDUCE cov: 938 ft: 4577 corp: 1063/460Kb lim: 4096 exec/s: 4874 rss: 338Mb L: 672/4096 MS: 3 ShuffleBytes-ChangeByte-EraseBytes-
#2357872	REDUCE cov: 938 ft: 4577 corp: 1063/460Kb lim: 4096 exec/s: 4871 rss: 338Mb L: 12/4096 MS: 1 EraseBytes-
#2358869	REDUCE cov: 938 ft: 4577 corp: 1063/460Kb lim: 4096 exec/s: 4873 rss: 338Mb L: 1480/4096 MS: 2 ManualDict-CrossOver- DE: "Large Window Brotli"-
#2364105	REDUCE cov: 938 ft: 4577 corp: 1063/460Kb lim: 4096 exec/s: 4874 rss: 338Mb L: 141/4096 MS: 1 EraseBytes-
#2366466	REDUCE cov: 938 ft: 4577 corp: 1063/459Kb lim: 4096 exec/s: 4869 rss: 338Mb L: 941/4096 MS: 1 EraseBytes-
#2367580	REDUCE cov: 938 ft: 4577 corp: 1063/459Kb lim: 4096 exec/s: 4871 rss: 338Mb L: 281/4096 MS: 4 ChangeBinInt-ShuffleBytes-ShuffleBytes-EraseBytes-
#2367636	REDUCE cov: 938 ft: 4577 corp: 1063/459Kb lim: 4096 exec/s: 4871 rss: 338Mb L: 41/4096 MS: 1 EraseBytes-
#2376152	REDUCE cov: 938 ft: 4577 corp: 1063/459Kb lim: 4096 exec/s: 4869 rss: 338Mb L: 156/4096 MS: 1 EraseBytes-
#2378278	REDUCE cov: 938 ft: 4577 corp: 1063/459Kb lim: 4096 exec/s: 4873 rss: 338Mb L: 95/4096 MS: 1 EraseBytes-
#2379083	REDUCE cov: 938 ft: 4577 corp: 1063/459Kb lim: 4096 exec/s: 4875 rss: 338Mb L: 1155/4096 MS: 5 ChangeByte-ChangeBit-EraseBytes-ChangeASCIIInt-ShuffleBytes-
#2380239	REDUCE cov: 938 ft: 4577 corp: 1063/459Kb lim: 4096 exec/s: 4877 rss: 338Mb L: 157/4096 MS: 1 EraseBytes-
#2383215	REDUCE cov: 938 ft: 4577 corp: 1063/459Kb lim: 4096 exec/s: 4873 rss: 338Mb L: 764/4096 MS: 1 EraseBytes-
#2384146	REDUCE cov: 938 ft: 4577 corp: 1063/458Kb lim: 4096 exec/s: 4875 rss: 338Mb L: 2515/4096 MS: 1 EraseBytes-
#2385312	REDUCE cov: 938 ft: 4577 corp: 1063/458Kb lim: 4096 exec/s: 4867 rss: 338Mb L: 295/4096 MS: 1 EraseBytes-
#2386299	REDUCE cov: 938 ft: 4577 corp: 1063/458Kb lim: 4096 exec/s: 4869 rss: 338Mb L: 1846/4096 MS: 2 CrossOver-CrossOver-
#2386750	REDUCE cov: 938 ft: 4577 corp: 1063/458Kb lim: 4096 exec/s: 4870 rss: 338Mb L: 1015/4096 MS: 1 EraseBytes-
#2394546	REDUCE cov: 938 ft: 4577 corp: 1063/458Kb lim: 4096 exec/s: 4866 rss: 338Mb L: 518/4096 MS: 1 EraseBytes-
#2397597	REDUCE cov: 938 ft: 4577 corp: 1063/458Kb lim: 4096 exec/s: 4873 rss: 338Mb L: 1555/4096 MS: 1 EraseBytes-
#2397655	REDUCE cov: 938 ft: 4577 corp: 1063/458Kb lim: 4096 exec/s: 4873 rss: 338Mb L: 395/4096 MS: 3 ShuffleBytes-EraseBytes-ChangeASCIIInt-
#2398401	NEW    cov: 938 ft: 4582 corp: 1064/458Kb lim: 4096 exec/s: 4874 rss: 338Mb L: 71/4096 MS: 1 CopyPart-
#2399742	REDUCE cov: 938 ft: 4582 corp: 1064/457Kb lim: 4096 exec/s: 4867 rss: 338Mb L: 821/4096 MS: 1 EraseBytes-
#2400453	REDUCE cov: 938 ft: 4582 corp: 1064/457Kb lim: 4096 exec/s: 4869 rss: 338Mb L: 78/4096 MS: 1 EraseBytes-
#2401995	REDUCE cov: 938 ft: 4582 corp: 1064/457Kb lim: 4096 exec/s: 4872 rss: 338Mb L: 1851/4096 MS: 2 ChangeASCIIInt-EraseBytes-
#2403616	NEW    cov: 938 ft: 4595 corp: 1065/457Kb lim: 4096 exec/s: 4875 rss: 338Mb L: 130/4096 MS: 1 InsertRepeatedBytes-
#2403957	REDUCE cov: 938 ft: 4595 corp: 1065/457Kb lim: 4096 exec/s: 4876 rss: 338Mb L: 775/4096 MS: 1 EraseBytes-
#2407479	REDUCE cov: 938 ft: 4595 corp: 1065/457Kb lim: 4096 exec/s: 4873 rss: 338Mb L: 25/4096 MS: 2 CrossOver-EraseBytes-
#2408477	REDUCE cov: 938 ft: 4595 corp: 1065/457Kb lim: 4096 exec/s: 4875 rss: 338Mb L: 191/4096 MS: 3 EraseBytes-EraseBytes-CMP- DE: "\377\377\377\377\377\377\377\003"-
#2410098	REDUCE cov: 938 ft: 4595 corp: 1065/457Kb lim: 4096 exec/s: 4868 rss: 338Mb L: 179/4096 MS: 1 EraseBytes-
#2410656	REDUCE cov: 938 ft: 4595 corp: 1065/457Kb lim: 4096 exec/s: 4870 rss: 338Mb L: 205/4096 MS: 3 ChangeBinInt-ManualDict-EraseBytes- DE: "needs more output"-
#2410767	REDUCE cov: 938 ft: 4595 corp: 1065/457Kb lim: 4096 exec/s: 4870 rss: 338Mb L: 994/4096 MS: 1 EraseBytes-
#2415119	REDUCE cov: 938 ft: 4595 corp: 1065/457Kb lim: 4096 exec/s: 4869 rss: 338Mb L: 329/4096 MS: 2 EraseBytes-InsertRepeatedBytes-
#2416371	REDUCE cov: 938 ft: 4595 corp: 1065/457Kb lim: 4096 exec/s: 4871 rss: 338Mb L: 83/4096 MS: 2 EraseBytes-PersAutoDict- DE: "\000\001\000\000\000\000\000\000"-
#2416877	REDUCE cov: 938 ft: 4595 corp: 1065/457Kb lim: 4096 exec/s: 4872 rss: 338Mb L: 264/4096 MS: 1 EraseBytes-
#2417208	REDUCE cov: 938 ft: 4595 corp: 1065/457Kb lim: 4096 exec/s: 4863 rss: 338Mb L: 110/4096 MS: 1 EraseBytes-
#2418759	REDUCE cov: 938 ft: 4595 corp: 1065/457Kb lim: 4096 exec/s: 4866 rss: 338Mb L: 597/4096 MS: 1 EraseBytes-
#2420725	REDUCE cov: 938 ft: 4595 corp: 1065/457Kb lim: 4096 exec/s: 4870 rss: 338Mb L: 100/4096 MS: 1 EraseBytes-
#2423199	REDUCE cov: 938 ft: 4595 corp: 1065/457Kb lim: 4096 exec/s: 4865 rss: 338Mb L: 971/4096 MS: 4 ChangeASCIIInt-PersAutoDict-ShuffleBytes-EraseBytes- DE: "\000\000\000\000\000\000\037\342"-
#2424712	REDUCE cov: 938 ft: 4595 corp: 1065/457Kb lim: 4096 exec/s: 4868 rss: 338Mb L: 208/4096 MS: 3 InsertRepeatedBytes-EraseBytes-InsertByte-
#2427663	REDUCE cov: 938 ft: 4595 corp: 1065/457Kb lim: 4096 exec/s: 4865 rss: 338Mb L: 2382/4096 MS: 1 EraseBytes-
#2427689	REDUCE cov: 938 ft: 4595 corp: 1065/457Kb lim: 4096 exec/s: 4865 rss: 338Mb L: 59/4096 MS: 1 EraseBytes-
#2428266	REDUCE cov: 938 ft: 4595 corp: 1065/457Kb lim: 4096 exec/s: 4866 rss: 338Mb L: 262/4096 MS: 2 ChangeASCIIInt-EraseBytes-
#2430302	REDUCE cov: 938 ft: 4595 corp: 1065/457Kb lim: 4096 exec/s: 4870 rss: 338Mb L: 2039/4096 MS: 1 EraseBytes-
#2434067	REDUCE cov: 938 ft: 4595 corp: 1065/457Kb lim: 4096 exec/s: 4868 rss: 338Mb L: 1774/4096 MS: 5 CopyPart-EraseBytes-ChangeASCIIInt-ChangeBit-ChangeBit-
#2439669	REDUCE cov: 938 ft: 4595 corp: 1065/456Kb lim: 4096 exec/s: 4869 rss: 338Mb L: 1126/4096 MS: 2 ChangeASCIIInt-EraseBytes-
#2440519	REDUCE cov: 938 ft: 4595 corp: 1065/456Kb lim: 4096 exec/s: 4871 rss: 338Mb L: 1660/4096 MS: 5 InsertByte-ChangeBinInt-EraseBytes-ManualDict-PersAutoDict- DE: "Large Window Brotli"-"\001\000\000\003"-
#2442055	REDUCE cov: 938 ft: 4595 corp: 1065/456Kb lim: 4096 exec/s: 4864 rss: 338Mb L: 967/4096 MS: 1 EraseBytes-
#2442316	REDUCE cov: 938 ft: 4595 corp: 1065/456Kb lim: 4096 exec/s: 4865 rss: 338Mb L: 113/4096 MS: 1 EraseBytes-
#2443929	REDUCE cov: 938 ft: 4595 corp: 1065/456Kb lim: 4096 exec/s: 4868 rss: 338Mb L: 360/4096 MS: 3 InsertRepeatedBytes-ChangeASCIIInt-EraseBytes-
#2444340	REDUCE cov: 938 ft: 4595 corp: 1065/456Kb lim: 4096 exec/s: 4869 rss: 338Mb L: 2945/4096 MS: 1 EraseBytes-
#2445057	REDUCE cov: 938 ft: 4595 corp: 1065/456Kb lim: 4096 exec/s: 4870 rss: 338Mb L: 1208/4096 MS: 2 PersAutoDict-EraseBytes- DE: "\000\000\000\000\000\000\000'"-
#2446003	REDUCE cov: 938 ft: 4595 corp: 1065/456Kb lim: 4096 exec/s: 4862 rss: 338Mb L: 37/4096 MS: 1 EraseBytes-
#2447178	REDUCE cov: 938 ft: 4595 corp: 1065/456Kb lim: 4096 exec/s: 4865 rss: 338Mb L: 3031/4096 MS: 5 ChangeBinInt-InsertByte-ChangeBit-EraseBytes-ManualDict- DE: "needs more output"-
#2447314	REDUCE cov: 938 ft: 4595 corp: 1065/456Kb lim: 4096 exec/s: 4865 rss: 338Mb L: 362/4096 MS: 1 EraseBytes-
#2449935	REDUCE cov: 938 ft: 4595 corp: 1065/456Kb lim: 4096 exec/s: 4870 rss: 338Mb L: 2084/4096 MS: 1 EraseBytes-
#2451436	REDUCE cov: 938 ft: 4595 corp: 1065/456Kb lim: 4096 exec/s: 4863 rss: 338Mb L: 44/4096 MS: 1 EraseBytes-
#2452817	REDUCE cov: 938 ft: 4595 corp: 1065/456Kb lim: 4096 exec/s: 4866 rss: 338Mb L: 859/4096 MS: 1 EraseBytes-
#2454008	REDUCE cov: 938 ft: 4595 corp: 1065/456Kb lim: 4096 exec/s: 4869 rss: 338Mb L: 77/4096 MS: 1 EraseBytes-
#2454579	REDUCE cov: 938 ft: 4595 corp: 1065/456Kb lim: 4096 exec/s: 4870 rss: 338Mb L: 168/4096 MS: 1 EraseBytes-
#2456624	REDUCE cov: 938 ft: 4595 corp: 1065/456Kb lim: 4096 exec/s: 4864 rss: 338Mb L: 48/4096 MS: 5 ManualDict-InsertByte-ChangeBinInt-PersAutoDict-EraseBytes- DE: "Large Window Brotli"-"+\006\000\000"-
#2458055	REDUCE cov: 938 ft: 4595 corp: 1065/456Kb lim: 4096 exec/s: 4867 rss: 338Mb L: 145/4096 MS: 1 EraseBytes-
#2458422	REDUCE cov: 938 ft: 4595 corp: 1065/456Kb lim: 4096 exec/s: 4868 rss: 338Mb L: 105/4096 MS: 2 InsertByte-EraseBytes-
#2459858	REDUCE cov: 938 ft: 4595 corp: 1065/456Kb lim: 4096 exec/s: 4871 rss: 338Mb L: 9/4096 MS: 1 EraseBytes-
#2460149	NEW    cov: 938 ft: 4596 corp: 1066/456Kb lim: 4096 exec/s: 4871 rss: 338Mb L: 143/4096 MS: 1 ChangeBit-
#2461663	REDUCE cov: 938 ft: 4596 corp: 1066/456Kb lim: 4096 exec/s: 4864 rss: 338Mb L: 333/4096 MS: 4 InsertByte-ChangeBit-EraseBytes-ManualDict- DE: " not \\3er \\3al \\4ful \\4ive \\5less \\4es"-
#2462261	REDUCE cov: 938 ft: 4596 corp: 1066/456Kb lim: 4096 exec/s: 4866 rss: 338Mb L: 52/4096 MS: 3 CrossOver-InsertByte-EraseBytes-
#2464581	REDUCE cov: 938 ft: 4596 corp: 1066/456Kb lim: 4096 exec/s: 4870 rss: 338Mb L: 1745/4096 MS: 5 ChangeByte-ManualDict-InsertRepeatedBytes-EraseBytes-ChangeBit- DE: "[ProcessCommandsInternal] dictionary word: [%.*s],"-
#2467394	REDUCE cov: 938 ft: 4596 corp: 1066/456Kb lim: 4096 exec/s: 4866 rss: 338Mb L: 1435/4096 MS: 3 ShuffleBytes-EraseBytes-ChangeBinInt-
#2467600	REDUCE cov: 938 ft: 4596 corp: 1066/456Kb lim: 4096 exec/s: 4867 rss: 338Mb L: 95/4096 MS: 1 EraseBytes-
#2475500	REDUCE cov: 938 ft: 4596 corp: 1066/456Kb lim: 4096 exec/s: 4873 rss: 340Mb L: 121/4096 MS: 5 ChangeBit-InsertByte-ManualDict-ManualDict-EraseBytes- DE: "needs more input"-"[]"-
#2476866	REDUCE cov: 938 ft: 4596 corp: 1066/456Kb lim: 4096 exec/s: 4875 rss: 340Mb L: 206/4096 MS: 1 EraseBytes-
#2477232	REDUCE cov: 938 ft: 4596 corp: 1066/456Kb lim: 4096 exec/s: 4866 rss: 340Mb L: 991/4096 MS: 1 EraseBytes-
#2479308	REDUCE cov: 938 ft: 4596 corp: 1066/456Kb lim: 4096 exec/s: 4870 rss: 340Mb L: 547/4096 MS: 1 EraseBytes-
#2479929	REDUCE cov: 938 ft: 4596 corp: 1066/456Kb lim: 4096 exec/s: 4872 rss: 340Mb L: 45/4096 MS: 1 EraseBytes-
#2479966	REDUCE cov: 938 ft: 4596 corp: 1066/456Kb lim: 4096 exec/s: 4872 rss: 340Mb L: 200/4096 MS: 2 ChangeByte-EraseBytes-
#2480537	REDUCE cov: 938 ft: 4596 corp: 1066/456Kb lim: 4096 exec/s: 4873 rss: 340Mb L: 204/4096 MS: 1 EraseBytes-
#2483064	REDUCE cov: 938 ft: 4596 corp: 1066/455Kb lim: 4096 exec/s: 4868 rss: 340Mb L: 739/4096 MS: 2 EraseBytes-CrossOver-
#2485440	REDUCE cov: 938 ft: 4596 corp: 1066/455Kb lim: 4096 exec/s: 4873 rss: 340Mb L: 3009/4096 MS: 1 EraseBytes-
#2486256	REDUCE cov: 938 ft: 4596 corp: 1066/455Kb lim: 4096 exec/s: 4875 rss: 340Mb L: 119/4096 MS: 1 EraseBytes-
#2486303	REDUCE cov: 938 ft: 4596 corp: 1066/455Kb lim: 4096 exec/s: 4875 rss: 340Mb L: 140/4096 MS: 2 EraseBytes-ChangeByte-
#2487159	REDUCE cov: 938 ft: 4596 corp: 1066/455Kb lim: 4096 exec/s: 4876 rss: 340Mb L: 94/4096 MS: 1 EraseBytes-
#2487752	REDUCE cov: 938 ft: 4596 corp: 1066/455Kb lim: 4096 exec/s: 4868 rss: 340Mb L: 214/4096 MS: 3 ChangeBit-ShuffleBytes-EraseBytes-
#2487954	REDUCE cov: 938 ft: 4596 corp: 1066/455Kb lim: 4096 exec/s: 4868 rss: 340Mb L: 188/4096 MS: 2 ShuffleBytes-EraseBytes-
#2490735	REDUCE cov: 938 ft: 4596 corp: 1066/455Kb lim: 4096 exec/s: 4874 rss: 340Mb L: 1201/4096 MS: 1 EraseBytes-
#2494846	REDUCE cov: 938 ft: 4596 corp: 1066/455Kb lim: 4096 exec/s: 4872 rss: 340Mb L: 3813/4096 MS: 1 EraseBytes-
#2495442	REDUCE cov: 938 ft: 4596 corp: 1066/455Kb lim: 4096 exec/s: 4873 rss: 340Mb L: 20/4096 MS: 1 EraseBytes-
#2499643	REDUCE cov: 938 ft: 4596 corp: 1066/455Kb lim: 4096 exec/s: 4872 rss: 340Mb L: 58/4096 MS: 1 EraseBytes-
#2500164	REDUCE cov: 938 ft: 4596 corp: 1066/455Kb lim: 4096 exec/s: 4873 rss: 340Mb L: 69/4096 MS: 1 EraseBytes-
#2501025	REDUCE cov: 938 ft: 4596 corp: 1066/455Kb lim: 4096 exec/s: 4875 rss: 340Mb L: 81/4096 MS: 1 EraseBytes-
#2502112	REDUCE cov: 938 ft: 4596 corp: 1066/455Kb lim: 4096 exec/s: 4877 rss: 340Mb L: 530/4096 MS: 2 ManualDict-EraseBytes- DE: "Regular"-
#2504809	REDUCE cov: 938 ft: 4596 corp: 1066/455Kb lim: 4096 exec/s: 4873 rss: 340Mb L: 222/4096 MS: 2 ShuffleBytes-EraseBytes-
#2505899	REDUCE cov: 938 ft: 4596 corp: 1066/455Kb lim: 4096 exec/s: 4875 rss: 340Mb L: 1100/4096 MS: 5 InsertByte-ShuffleBytes-PersAutoDict-CopyPart-EraseBytes- DE: "\372\377\377\377"-
#2506661	REDUCE cov: 938 ft: 4596 corp: 1066/455Kb lim: 4096 exec/s: 4876 rss: 340Mb L: 123/4096 MS: 2 ChangeByte-CrossOver-
#2510779	REDUCE cov: 938 ft: 4596 corp: 1066/455Kb lim: 4096 exec/s: 4875 rss: 340Mb L: 10/4096 MS: 3 ChangeByte-PersAutoDict-EraseBytes- DE: "\033?"-
#2513540	REDUCE cov: 938 ft: 4596 corp: 1066/455Kb lim: 4096 exec/s: 4871 rss: 340Mb L: 77/4096 MS: 1 EraseBytes-
#2513606	REDUCE cov: 938 ft: 4596 corp: 1066/455Kb lim: 4096 exec/s: 4871 rss: 340Mb L: 664/4096 MS: 1 EraseBytes-
#2514802	REDUCE cov: 938 ft: 4596 corp: 1066/455Kb lim: 4096 exec/s: 4873 rss: 340Mb L: 16/4096 MS: 1 EraseBytes-
#2514893	REDUCE cov: 938 ft: 4596 corp: 1066/455Kb lim: 4096 exec/s: 4873 rss: 340Mb L: 44/4096 MS: 1 EraseBytes-
#2517059	REDUCE cov: 938 ft: 4596 corp: 1066/455Kb lim: 4096 exec/s: 4878 rss: 340Mb L: 14/4096 MS: 1 EraseBytes-
#2517621	REDUCE cov: 938 ft: 4596 corp: 1066/455Kb lim: 4096 exec/s: 4879 rss: 340Mb L: 248/4096 MS: 2 PersAutoDict-EraseBytes- DE: "\000\000\000\000\000\000\000\000"-
#2519527	REDUCE cov: 938 ft: 4596 corp: 1066/455Kb lim: 4096 exec/s: 4873 rss: 340Mb L: 23/4096 MS: 1 EraseBytes-
#2523169	REDUCE cov: 938 ft: 4596 corp: 1066/455Kb lim: 4096 exec/s: 4870 rss: 340Mb L: 40/4096 MS: 2 InsertRepeatedBytes-EraseBytes-
#2524766	REDUCE cov: 938 ft: 4596 corp: 1066/455Kb lim: 4096 exec/s: 4874 rss: 340Mb L: 436/4096 MS: 2 ChangeByte-EraseBytes-
#2525568	REDUCE cov: 938 ft: 4596 corp: 1066/455Kb lim: 4096 exec/s: 4875 rss: 340Mb L: 144/4096 MS: 2 EraseBytes-ChangeByte-
#2528330	REDUCE cov: 938 ft: 4597 corp: 1067/455Kb lim: 4096 exec/s: 4871 rss: 340Mb L: 81/4096 MS: 2 ChangeBinInt-PersAutoDict- DE: "\000\012"-
#2529382	REDUCE cov: 938 ft: 4597 corp: 1067/455Kb lim: 4096 exec/s: 4873 rss: 340Mb L: 1064/4096 MS: 2 CrossOver-EraseBytes-
#2534694	REDUCE cov: 938 ft: 4597 corp: 1067/455Kb lim: 4096 exec/s: 4874 rss: 340Mb L: 137/4096 MS: 2 PersAutoDict-EraseBytes- DE: "\006\000"-
#2535401	REDUCE cov: 938 ft: 4597 corp: 1067/455Kb lim: 4096 exec/s: 4866 rss: 340Mb L: 100/4096 MS: 2 CMP-EraseBytes- DE: "=\000\000\000\000\000\000\000"-
#2538203	REDUCE cov: 938 ft: 4597 corp: 1067/455Kb lim: 4096 exec/s: 4871 rss: 340Mb L: 660/4096 MS: 2 ChangeBinInt-EraseBytes-
#2540199	REDUCE cov: 938 ft: 4597 corp: 1067/454Kb lim: 4096 exec/s: 4875 rss: 340Mb L: 2925/4096 MS: 1 CrossOver-
#2541857	REDUCE cov: 938 ft: 4597 corp: 1067/454Kb lim: 4096 exec/s: 4869 rss: 340Mb L: 1773/4096 MS: 3 ChangeByte-ChangeBinInt-EraseBytes-
#2542442	REDUCE cov: 938 ft: 4597 corp: 1067/454Kb lim: 4096 exec/s: 4870 rss: 340Mb L: 76/4096 MS: 5 ChangeByte-ChangeASCIIInt-ShuffleBytes-EraseBytes-PersAutoDict- DE: "\001\000"-
#2545914	REDUCE cov: 938 ft: 4597 corp: 1067/454Kb lim: 4096 exec/s: 4867 rss: 340Mb L: 71/4096 MS: 2 ChangeByte-EraseBytes-
#2548475	REDUCE cov: 938 ft: 4597 corp: 1067/454Kb lim: 4096 exec/s: 4863 rss: 340Mb L: 200/4096 MS: 1 EraseBytes-
#2549806	REDUCE cov: 938 ft: 4597 corp: 1067/454Kb lim: 4096 exec/s: 4866 rss: 340Mb L: 75/4096 MS: 1 EraseBytes-
#2552417	REDUCE cov: 938 ft: 4597 corp: 1067/454Kb lim: 4096 exec/s: 4861 rss: 340Mb L: 54/4096 MS: 1 EraseBytes-
#2552908	REDUCE cov: 938 ft: 4597 corp: 1067/454Kb lim: 4096 exec/s: 4862 rss: 340Mb L: 119/4096 MS: 1 EraseBytes-
#2555851	REDUCE cov: 938 ft: 4597 corp: 1067/453Kb lim: 4096 exec/s: 4859 rss: 340Mb L: 1936/4096 MS: 3 PersAutoDict-InsertByte-EraseBytes- DE: "\001\000\000\000\000\000\002\300"-
#2557070	REDUCE cov: 938 ft: 4597 corp: 1067/453Kb lim: 4096 exec/s: 4852 rss: 340Mb L: 269/4096 MS: 4 CopyPart-EraseBytes-ChangeBit-EraseBytes-
#2557097	REDUCE cov: 938 ft: 4597 corp: 1067/453Kb lim: 4096 exec/s: 4852 rss: 340Mb L: 411/4096 MS: 2 CrossOver-EraseBytes-
#2557435	REDUCE cov: 938 ft: 4597 corp: 1067/453Kb lim: 4096 exec/s: 4852 rss: 340Mb L: 324/4096 MS: 3 EraseBytes-ManualDict-InsertRepeatedBytes- DE: "INVALID"-
#2559936	REDUCE cov: 938 ft: 4597 corp: 1067/453Kb lim: 4096 exec/s: 4857 rss: 340Mb L: 40/4096 MS: 1 EraseBytes-
#2560032	REDUCE cov: 938 ft: 4597 corp: 1067/453Kb lim: 4096 exec/s: 4857 rss: 340Mb L: 36/4096 MS: 1 EraseBytes-
#2560219	REDUCE cov: 938 ft: 4597 corp: 1067/453Kb lim: 4096 exec/s: 4858 rss: 340Mb L: 903/4096 MS: 2 ManualDict-EraseBytes- DE: "[]"-
#2561741	REDUCE cov: 938 ft: 4597 corp: 1067/453Kb lim: 4096 exec/s: 4851 rss: 340Mb L: 7/4096 MS: 2 ChangeBit-EraseBytes-
#2562929	REDUCE cov: 938 ft: 4597 corp: 1067/453Kb lim: 4096 exec/s: 4854 rss: 340Mb L: 1112/4096 MS: 3 ChangeBinInt-CrossOver-EraseBytes-
#2566800	REDUCE cov: 938 ft: 4597 corp: 1067/453Kb lim: 4096 exec/s: 4852 rss: 340Mb L: 71/4096 MS: 1 EraseBytes-
#2567740	REDUCE cov: 938 ft: 4597 corp: 1067/453Kb lim: 4096 exec/s: 4853 rss: 340Mb L: 533/4096 MS: 5 ChangeASCIIInt-ChangeBinInt-ChangeBit-CopyPart-EraseBytes-
#2570595	REDUCE cov: 938 ft: 4597 corp: 1067/453Kb lim: 4096 exec/s: 4850 rss: 340Mb L: 37/4096 MS: 5 ChangeBinInt-ChangeBit-ShuffleBytes-ShuffleBytes-EraseBytes-
#2570986	REDUCE cov: 938 ft: 4597 corp: 1067/453Kb lim: 4096 exec/s: 4850 rss: 340Mb L: 53/4096 MS: 1 EraseBytes-
#2571891	REDUCE cov: 938 ft: 4597 corp: 1067/453Kb lim: 4096 exec/s: 4852 rss: 340Mb L: 26/4096 MS: 5 EraseBytes-CopyPart-ChangeBinInt-CopyPart-EraseBytes-
#2572987	REDUCE cov: 938 ft: 4597 corp: 1067/453Kb lim: 4096 exec/s: 4845 rss: 340Mb L: 73/4096 MS: 1 EraseBytes-
#2574838	REDUCE cov: 938 ft: 4597 corp: 1067/453Kb lim: 4096 exec/s: 4849 rss: 340Mb L: 51/4096 MS: 1 EraseBytes-
#2575444	REDUCE cov: 938 ft: 4597 corp: 1067/453Kb lim: 4096 exec/s: 4850 rss: 340Mb L: 84/4096 MS: 1 EraseBytes-
#2575556	REDUCE cov: 938 ft: 4597 corp: 1067/453Kb lim: 4096 exec/s: 4850 rss: 340Mb L: 130/4096 MS: 2 InsertByte-EraseBytes-
#2577922	REDUCE cov: 938 ft: 4597 corp: 1067/453Kb lim: 4096 exec/s: 4845 rss: 340Mb L: 105/4096 MS: 1 EraseBytes-
#2578723	REDUCE cov: 938 ft: 4597 corp: 1067/453Kb lim: 4096 exec/s: 4847 rss: 340Mb L: 2020/4096 MS: 1 EraseBytes-
#2581076	REDUCE cov: 938 ft: 4598 corp: 1068/453Kb lim: 4096 exec/s: 4851 rss: 340Mb L: 202/4096 MS: 3 ChangeBinInt-ShuffleBytes-EraseBytes-
#2581213	REDUCE cov: 938 ft: 4598 corp: 1068/453Kb lim: 4096 exec/s: 4851 rss: 340Mb L: 61/4096 MS: 2 InsertByte-EraseBytes-
#2582330	REDUCE cov: 938 ft: 4598 corp: 1068/453Kb lim: 4096 exec/s: 4854 rss: 340Mb L: 73/4096 MS: 2 EraseBytes-InsertByte-
#2586003	REDUCE cov: 938 ft: 4598 corp: 1068/453Kb lim: 4096 exec/s: 4851 rss: 340Mb L: 46/4096 MS: 3 ChangeASCIIInt-ChangeBit-EraseBytes-
#2586881	REDUCE cov: 938 ft: 4598 corp: 1068/453Kb lim: 4096 exec/s: 4853 rss: 340Mb L: 681/4096 MS: 3 InsertByte-ShuffleBytes-CrossOver-
#2588479	REDUCE cov: 938 ft: 4598 corp: 1068/453Kb lim: 4096 exec/s: 4856 rss: 340Mb L: 1232/4096 MS: 3 ManualDict-InsertRepeatedBytes-EraseBytes- DE: "Regular"-
#2592625	REDUCE cov: 938 ft: 4598 corp: 1068/452Kb lim: 4096 exec/s: 4855 rss: 340Mb L: 2672/4096 MS: 1 EraseBytes-
#2592675	REDUCE cov: 938 ft: 4600 corp: 1069/453Kb lim: 4096 exec/s: 4855 rss: 340Mb L: 195/4096 MS: 5 ManualDict-ManualDict-ChangeASCIIInt-InsertByte-InsertByte- DE: "needs more input"-"t \\4ize \\2\\xc2\\xa0\\4ous \\5 the \\2e "-
#2594223	REDUCE cov: 938 ft: 4600 corp: 1069/452Kb lim: 4096 exec/s: 4849 rss: 340Mb L: 360/4096 MS: 3 ChangeByte-CMP-EraseBytes- DE: "\000\000\000\000\000\000\037\376"-
#2596503	REDUCE cov: 938 ft: 4600 corp: 1069/452Kb lim: 4096 exec/s: 4853 rss: 340Mb L: 1589/4096 MS: 5 ChangeASCIIInt-ManualDict-InsertByte-ShuffleBytes-EraseBytes- DE: " not \\3er \\3al \\4ful \\4ive \\5less \\4es"-
#2599324	REDUCE cov: 938 ft: 4600 corp: 1069/452Kb lim: 4096 exec/s: 4849 rss: 340Mb L: 11/4096 MS: 1 EraseBytes-
#2601655	REDUCE cov: 938 ft: 4600 corp: 1069/452Kb lim: 4096 exec/s: 4853 rss: 340Mb L: 24/4096 MS: 1 EraseBytes-
#2602191	REDUCE cov: 938 ft: 4600 corp: 1069/452Kb lim: 4096 exec/s: 4854 rss: 340Mb L: 468/4096 MS: 1 EraseBytes-
#2603240	REDUCE cov: 938 ft: 4600 corp: 1069/452Kb lim: 4096 exec/s: 4847 rss: 340Mb L: 53/4096 MS: 4 CopyPart-ChangeASCIIInt-ShuffleBytes-EraseBytes-
#2604481	REDUCE cov: 938 ft: 4600 corp: 1069/452Kb lim: 4096 exec/s: 4850 rss: 340Mb L: 1298/4096 MS: 1 EraseBytes-
#2604524	REDUCE cov: 938 ft: 4600 corp: 1069/452Kb lim: 4096 exec/s: 4850 rss: 340Mb L: 132/4096 MS: 3 PersAutoDict-CrossOver-EraseBytes- DE: "\001\000\000\002"-
#2605325	REDUCE cov: 938 ft: 4600 corp: 1069/452Kb lim: 4096 exec/s: 4851 rss: 340Mb L: 44/4096 MS: 1 EraseBytes-
#2605509	REDUCE cov: 938 ft: 4600 corp: 1069/452Kb lim: 4096 exec/s: 4851 rss: 340Mb L: 483/4096 MS: 4 CopyPart-InsertByte-EraseBytes-CMP- DE: "\017\000\000\000\000\000\000\000"-
#2608265	REDUCE cov: 938 ft: 4600 corp: 1069/452Kb lim: 4096 exec/s: 4848 rss: 340Mb L: 29/4096 MS: 1 EraseBytes-
#2610696	REDUCE cov: 938 ft: 4600 corp: 1069/452Kb lim: 4096 exec/s: 4852 rss: 340Mb L: 47/4096 MS: 1 EraseBytes-
#2611652	REDUCE cov: 938 ft: 4600 corp: 1069/452Kb lim: 4096 exec/s: 4854 rss: 340Mb L: 141/4096 MS: 1 EraseBytes-
#2612573	REDUCE cov: 938 ft: 4600 corp: 1069/452Kb lim: 4096 exec/s: 4856 rss: 340Mb L: 114/4096 MS: 1 EraseBytes-
#2614000	REDUCE cov: 938 ft: 4600 corp: 1069/452Kb lim: 4096 exec/s: 4849 rss: 340Mb L: 216/4096 MS: 2 EraseBytes-CrossOver-
#2614081	REDUCE cov: 938 ft: 4600 corp: 1069/452Kb lim: 4096 exec/s: 4849 rss: 340Mb L: 40/4096 MS: 1 EraseBytes-
#2618677	REDUCE cov: 938 ft: 4600 corp: 1069/452Kb lim: 4096 exec/s: 4849 rss: 340Mb L: 26/4096 MS: 1 EraseBytes-
#2619294	REDUCE cov: 938 ft: 4600 corp: 1069/452Kb lim: 4096 exec/s: 4850 rss: 340Mb L: 850/4096 MS: 2 ManualDict-EraseBytes- DE: "INVALID"-
#2619436	REDUCE cov: 938 ft: 4600 corp: 1069/452Kb lim: 4096 exec/s: 4850 rss: 340Mb L: 42/4096 MS: 2 ChangeBit-EraseBytes-
#2620073	REDUCE cov: 938 ft: 4600 corp: 1069/452Kb lim: 4096 exec/s: 4851 rss: 340Mb L: 56/4096 MS: 2 ShuffleBytes-EraseBytes-
#2628769	REDUCE cov: 938 ft: 4600 corp: 1069/452Kb lim: 4096 exec/s: 4850 rss: 340Mb L: 185/4096 MS: 1 EraseBytes-
#2629890	REDUCE cov: 938 ft: 4600 corp: 1069/452Kb lim: 4096 exec/s: 4852 rss: 340Mb L: 481/4096 MS: 1 EraseBytes-
#2630946	REDUCE cov: 938 ft: 4600 corp: 1069/452Kb lim: 4096 exec/s: 4854 rss: 340Mb L: 61/4096 MS: 1 EraseBytes-
#2635114	REDUCE cov: 938 ft: 4600 corp: 1069/452Kb lim: 4096 exec/s: 4852 rss: 340Mb L: 356/4096 MS: 3 ShuffleBytes-ChangeByte-EraseBytes-
#2639615	REDUCE cov: 938 ft: 4600 corp: 1069/452Kb lim: 4096 exec/s: 4852 rss: 340Mb L: 123/4096 MS: 1 EraseBytes-
#2642890	REDUCE cov: 938 ft: 4600 corp: 1069/452Kb lim: 4096 exec/s: 4858 rss: 340Mb L: 257/4096 MS: 5 InsertByte-ChangeByte-ChangeBit-EraseBytes-CMP- DE: "\001\000\000\000\000\000\037\374"-
#2644327	REDUCE cov: 938 ft: 4600 corp: 1069/452Kb lim: 4096 exec/s: 4851 rss: 340Mb L: 168/4096 MS: 2 EraseBytes-PersAutoDict- DE: "Regular"-
#2644700	REDUCE cov: 938 ft: 4600 corp: 1069/452Kb lim: 4096 exec/s: 4852 rss: 340Mb L: 8/4096 MS: 3 ShuffleBytes-EraseBytes-ChangeBinInt-
#2647297	REDUCE cov: 938 ft: 4600 corp: 1069/451Kb lim: 4096 exec/s: 4857 rss: 340Mb L: 2613/4096 MS: 2 PersAutoDict-EraseBytes- DE: "\335\002\000\000"-
#2648655	REDUCE cov: 938 ft: 4600 corp: 1069/451Kb lim: 4096 exec/s: 4851 rss: 340Mb L: 19/4096 MS: 3 ChangeBinInt-CopyPart-EraseBytes-
#2649299	REDUCE cov: 938 ft: 4600 corp: 1069/451Kb lim: 4096 exec/s: 4852 rss: 340Mb L: 2578/4096 MS: 4 ManualDict-EraseBytes-InsertRepeatedBytes-InsertRepeatedBytes- DE: "Regular"-
#2651500	REDUCE cov: 938 ft: 4600 corp: 1069/451Kb lim: 4096 exec/s: 4856 rss: 340Mb L: 238/4096 MS: 1 EraseBytes-
#2651582	REDUCE cov: 938 ft: 4600 corp: 1069/451Kb lim: 4096 exec/s: 4856 rss: 340Mb L: 396/4096 MS: 2 EraseBytes-CMP- DE: "\001\000\000\000\000\000\000\000"-
#2652243	REDUCE cov: 938 ft: 4600 corp: 1069/451Kb lim: 4096 exec/s: 4857 rss: 340Mb L: 1454/4096 MS: 1 EraseBytes-
#2655020	REDUCE cov: 938 ft: 4600 corp: 1069/451Kb lim: 4096 exec/s: 4844 rss: 340Mb L: 23/4096 MS: 2 ChangeByte-EraseBytes-
#2656776	REDUCE cov: 938 ft: 4600 corp: 1069/451Kb lim: 4096 exec/s: 4848 rss: 340Mb L: 72/4096 MS: 1 EraseBytes-
#2659512	REDUCE cov: 938 ft: 4600 corp: 1069/451Kb lim: 4096 exec/s: 4844 rss: 340Mb L: 81/4096 MS: 1 EraseBytes-
#2659658	REDUCE cov: 938 ft: 4600 corp: 1069/451Kb lim: 4096 exec/s: 4844 rss: 340Mb L: 459/4096 MS: 1 EraseBytes-
#2663489	REDUCE cov: 938 ft: 4600 corp: 1069/451Kb lim: 4096 exec/s: 4851 rss: 340Mb L: 23/4096 MS: 1 EraseBytes-
#2664422	REDUCE cov: 938 ft: 4600 corp: 1069/451Kb lim: 4096 exec/s: 4853 rss: 340Mb L: 179/4096 MS: 3 ShuffleBytes-ChangeBit-EraseBytes-
#2665388	REDUCE cov: 938 ft: 4600 corp: 1069/451Kb lim: 4096 exec/s: 4846 rss: 340Mb L: 23/4096 MS: 1 EraseBytes-
#2665434	REDUCE cov: 938 ft: 4600 corp: 1069/451Kb lim: 4096 exec/s: 4846 rss: 340Mb L: 31/4096 MS: 1 EraseBytes-
#2667981	REDUCE cov: 938 ft: 4600 corp: 1069/451Kb lim: 4096 exec/s: 4850 rss: 340Mb L: 245/4096 MS: 2 InsertByte-EraseBytes-
#2671737	REDUCE cov: 938 ft: 4600 corp: 1069/451Kb lim: 4096 exec/s: 4848 rss: 340Mb L: 85/4096 MS: 1 EraseBytes-
#2672251	REDUCE cov: 938 ft: 4600 corp: 1069/451Kb lim: 4096 exec/s: 4849 rss: 340Mb L: 77/4096 MS: 4 CrossOver-EraseBytes-EraseBytes-CopyPart-
#2678767	REDUCE cov: 938 ft: 4600 corp: 1069/451Kb lim: 4096 exec/s: 4852 rss: 340Mb L: 119/4096 MS: 1 EraseBytes-
#2679144	REDUCE cov: 938 ft: 4600 corp: 1069/451Kb lim: 4096 exec/s: 4853 rss: 340Mb L: 88/4096 MS: 2 ChangeBit-EraseBytes-
#2679230	REDUCE cov: 938 ft: 4600 corp: 1069/451Kb lim: 4096 exec/s: 4853 rss: 340Mb L: 2222/4096 MS: 1 EraseBytes-
#2682937	REDUCE cov: 938 ft: 4600 corp: 1069/451Kb lim: 4096 exec/s: 4851 rss: 340Mb L: 1080/4096 MS: 2 ChangeASCIIInt-EraseBytes-
#2684093	REDUCE cov: 938 ft: 4600 corp: 1069/451Kb lim: 4096 exec/s: 4853 rss: 340Mb L: 579/4096 MS: 1 EraseBytes-
#2686607	REDUCE cov: 938 ft: 4600 corp: 1069/451Kb lim: 4096 exec/s: 4849 rss: 340Mb L: 227/4096 MS: 4 CrossOver-ChangeASCIIInt-CopyPart-EraseBytes-
#2690719	REDUCE cov: 938 ft: 4600 corp: 1069/451Kb lim: 4096 exec/s: 4848 rss: 340Mb L: 808/4096 MS: 2 ManualDict-EraseBytes- DE: "that \\1\\'\\6 with \\6 from \\4 by \\1(\\6. T"-
#2692693	REDUCE cov: 938 ft: 4600 corp: 1069/451Kb lim: 4096 exec/s: 4842 rss: 340Mb L: 961/4096 MS: 4 CrossOver-ShuffleBytes-ChangeBit-EraseBytes-
#2695792	REDUCE cov: 938 ft: 4600 corp: 1069/451Kb lim: 4096 exec/s: 4848 rss: 340Mb L: 179/4096 MS: 4 ManualDict-InsertRepeatedBytes-ManualDict-EraseBytes- DE: "needs more input"-"INVALID"-
#2695969	REDUCE cov: 938 ft: 4600 corp: 1069/451Kb lim: 4096 exec/s: 4848 rss: 340Mb L: 61/4096 MS: 2 PersAutoDict-EraseBytes- DE: "\377\000\000\000\000\000\000\000"-
#2697401	REDUCE cov: 938 ft: 4600 corp: 1069/451Kb lim: 4096 exec/s: 4842 rss: 340Mb L: 486/4096 MS: 2 EraseBytes-InsertRepeatedBytes-
#2699207	REDUCE cov: 938 ft: 4600 corp: 1069/451Kb lim: 4096 exec/s: 4845 rss: 340Mb L: 597/4096 MS: 1 EraseBytes-
#2700291	REDUCE cov: 938 ft: 4600 corp: 1069/451Kb lim: 4096 exec/s: 4847 rss: 340Mb L: 744/4096 MS: 4 ChangeBit-ChangeByte-ShuffleBytes-EraseBytes-
#2701932	REDUCE cov: 938 ft: 4600 corp: 1069/451Kb lim: 4096 exec/s: 4850 rss: 340Mb L: 18/4096 MS: 1 EraseBytes-
#2704098	REDUCE cov: 938 ft: 4600 corp: 1069/451Kb lim: 4096 exec/s: 4846 rss: 340Mb L: 141/4096 MS: 1 EraseBytes-
#2705166	REDUCE cov: 938 ft: 4600 corp: 1069/451Kb lim: 4096 exec/s: 4847 rss: 340Mb L: 251/4096 MS: 3 ChangeBit-ShuffleBytes-EraseBytes-
#2711886	REDUCE cov: 938 ft: 4600 corp: 1069/451Kb lim: 4096 exec/s: 4842 rss: 340Mb L: 158/4096 MS: 5 ShuffleBytes-InsertRepeatedBytes-EraseBytes-EraseBytes-CMP- DE: "\000\000\000\000\000\000\000\000"-
#2712982	REDUCE cov: 938 ft: 4602 corp: 1070/451Kb lim: 4096 exec/s: 4844 rss: 340Mb L: 178/4096 MS: 1 InsertRepeatedBytes-
#2714114	REDUCE cov: 938 ft: 4602 corp: 1070/451Kb lim: 4096 exec/s: 4846 rss: 340Mb L: 19/4096 MS: 2 ChangeBinInt-EraseBytes-
#2715458	REDUCE cov: 938 ft: 4602 corp: 1070/451Kb lim: 4096 exec/s: 4849 rss: 340Mb L: 304/4096 MS: 4 PersAutoDict-ChangeBit-ChangeByte-EraseBytes- DE: "\001\007"-
#2718243	REDUCE cov: 938 ft: 4602 corp: 1070/451Kb lim: 4096 exec/s: 4845 rss: 340Mb L: 1199/4096 MS: 5 ChangeByte-InsertRepeatedBytes-ShuffleBytes-InsertRepeatedBytes-EraseBytes-
#2718695	REDUCE cov: 938 ft: 4602 corp: 1070/451Kb lim: 4096 exec/s: 4846 rss: 340Mb L: 82/4096 MS: 2 PersAutoDict-EraseBytes- DE: "\273\021"-
#2719876	REDUCE cov: 938 ft: 4602 corp: 1070/451Kb lim: 4096 exec/s: 4848 rss: 340Mb L: 767/4096 MS: 1 EraseBytes-
#2721462	REDUCE cov: 938 ft: 4602 corp: 1070/451Kb lim: 4096 exec/s: 4851 rss: 340Mb L: 594/4096 MS: 1 EraseBytes-
#2724508	REDUCE cov: 938 ft: 4602 corp: 1070/451Kb lim: 4096 exec/s: 4847 rss: 340Mb L: 1289/4096 MS: 1 EraseBytes-
#2725044	REDUCE cov: 938 ft: 4602 corp: 1070/451Kb lim: 4096 exec/s: 4848 rss: 340Mb L: 2216/4096 MS: 1 EraseBytes-
#2726891	REDUCE cov: 938 ft: 4602 corp: 1070/451Kb lim: 4096 exec/s: 4843 rss: 340Mb L: 14/4096 MS: 2 ChangeBinInt-EraseBytes-
#2728287	REDUCE cov: 938 ft: 4602 corp: 1070/450Kb lim: 4096 exec/s: 4845 rss: 340Mb L: 99/4096 MS: 1 EraseBytes-
#2728388	REDUCE cov: 938 ft: 4602 corp: 1070/450Kb lim: 4096 exec/s: 4846 rss: 340Mb L: 113/4096 MS: 1 EraseBytes-
#2730285	NEW    cov: 940 ft: 4604 corp: 1071/451Kb lim: 4096 exec/s: 4849 rss: 340Mb L: 165/4096 MS: 2 ChangeByte-ChangeBit-
#2731873	REDUCE cov: 940 ft: 4604 corp: 1071/451Kb lim: 4096 exec/s: 4843 rss: 340Mb L: 40/4096 MS: 3 ShuffleBytes-ChangeBinInt-EraseBytes-
#2734119	REDUCE cov: 940 ft: 4604 corp: 1071/451Kb lim: 4096 exec/s: 4847 rss: 340Mb L: 195/4096 MS: 1 EraseBytes-
#2734190	REDUCE cov: 940 ft: 4604 corp: 1071/451Kb lim: 4096 exec/s: 4847 rss: 340Mb L: 68/4096 MS: 1 EraseBytes-
#2734861	REDUCE cov: 940 ft: 4604 corp: 1071/451Kb lim: 4096 exec/s: 4849 rss: 340Mb L: 43/4096 MS: 1 EraseBytes-
#2735697	REDUCE cov: 940 ft: 4604 corp: 1071/450Kb lim: 4096 exec/s: 4850 rss: 340Mb L: 2607/4096 MS: 1 EraseBytes-
#2737618	REDUCE cov: 940 ft: 4604 corp: 1071/450Kb lim: 4096 exec/s: 4845 rss: 340Mb L: 13/4096 MS: 1 EraseBytes-
#2738894	REDUCE cov: 940 ft: 4604 corp: 1071/450Kb lim: 4096 exec/s: 4847 rss: 340Mb L: 59/4096 MS: 1 EraseBytes-
#2739156	REDUCE cov: 940 ft: 4604 corp: 1071/450Kb lim: 4096 exec/s: 4848 rss: 340Mb L: 363/4096 MS: 2 ShuffleBytes-EraseBytes-
#2742118	REDUCE cov: 940 ft: 4604 corp: 1071/450Kb lim: 4096 exec/s: 4844 rss: 340Mb L: 143/4096 MS: 2 ChangeBinInt-EraseBytes-
#2746165	REDUCE cov: 940 ft: 4607 corp: 1072/451Kb lim: 4096 exec/s: 4851 rss: 340Mb L: 100/4096 MS: 2 InsertByte-CopyPart-
#2746613	REDUCE cov: 940 ft: 4607 corp: 1072/450Kb lim: 4096 exec/s: 4852 rss: 340Mb L: 115/4096 MS: 3 ChangeByte-PersAutoDict-EraseBytes- DE: "\206\376\377\000\000\000\000\000"-
#2752565	REDUCE cov: 940 ft: 4607 corp: 1072/450Kb lim: 4096 exec/s: 4846 rss: 340Mb L: 12/4096 MS: 2 ChangeBinInt-EraseBytes-
#2752922	REDUCE cov: 940 ft: 4607 corp: 1072/450Kb lim: 4096 exec/s: 4846 rss: 340Mb L: 154/4096 MS: 2 ShuffleBytes-EraseBytes-
#2753558	REDUCE cov: 940 ft: 4607 corp: 1072/450Kb lim: 4096 exec/s: 4847 rss: 340Mb L: 50/4096 MS: 1 EraseBytes-
#2754949	REDUCE cov: 940 ft: 4607 corp: 1072/450Kb lim: 4096 exec/s: 4850 rss: 340Mb L: 108/4096 MS: 1 EraseBytes-
#2758125	REDUCE cov: 940 ft: 4607 corp: 1072/450Kb lim: 4096 exec/s: 4847 rss: 340Mb L: 52/4096 MS: 1 EraseBytes-
#2759592	REDUCE cov: 940 ft: 4608 corp: 1073/451Kb lim: 4096 exec/s: 4849 rss: 347Mb L: 130/4096 MS: 2 ChangeBit-InsertRepeatedBytes-
#2760777	REDUCE cov: 940 ft: 4608 corp: 1073/450Kb lim: 4096 exec/s: 4851 rss: 347Mb L: 444/4096 MS: 5 ChangeASCIIInt-ChangeBit-ChangeBinInt-ChangeBit-EraseBytes-
#2762128	REDUCE cov: 940 ft: 4608 corp: 1073/450Kb lim: 4096 exec/s: 4854 rss: 347Mb L: 80/4096 MS: 1 EraseBytes-
#2766931	NEW    cov: 940 ft: 4609 corp: 1074/451Kb lim: 4096 exec/s: 4854 rss: 347Mb L: 131/4096 MS: 3 ChangeByte-ChangeBit-InsertByte-
#2769608	REDUCE cov: 940 ft: 4609 corp: 1074/451Kb lim: 4096 exec/s: 4850 rss: 347Mb L: 1383/4096 MS: 2 ChangeByte-EraseBytes-
#2770214	REDUCE cov: 940 ft: 4609 corp: 1074/451Kb lim: 4096 exec/s: 4851 rss: 347Mb L: 924/4096 MS: 1 EraseBytes-
#2772802	REDUCE cov: 940 ft: 4609 corp: 1074/451Kb lim: 4096 exec/s: 4856 rss: 347Mb L: 3876/4096 MS: 3 EraseBytes-InsertRepeatedBytes-CrossOver-
#2773279	REDUCE cov: 940 ft: 4609 corp: 1074/451Kb lim: 4096 exec/s: 4856 rss: 347Mb L: 176/4096 MS: 2 ChangeBinInt-EraseBytes-
#2773357	REDUCE cov: 940 ft: 4609 corp: 1074/451Kb lim: 4096 exec/s: 4857 rss: 347Mb L: 195/4096 MS: 3 ChangeBinInt-ChangeBit-EraseBytes-
#2776696	REDUCE cov: 940 ft: 4609 corp: 1074/451Kb lim: 4096 exec/s: 4854 rss: 347Mb L: 403/4096 MS: 4 CrossOver-ChangeBit-InsertByte-EraseBytes-
#2778882	REDUCE cov: 940 ft: 4609 corp: 1074/451Kb lim: 4096 exec/s: 4849 rss: 347Mb L: 236/4096 MS: 1 EraseBytes-
#2780698	REDUCE cov: 940 ft: 4609 corp: 1074/450Kb lim: 4096 exec/s: 4852 rss: 347Mb L: 109/4096 MS: 1 EraseBytes-
#2781266	REDUCE cov: 940 ft: 4609 corp: 1074/450Kb lim: 4096 exec/s: 4853 rss: 347Mb L: 476/4096 MS: 3 EraseBytes-InsertByte-PersAutoDict- DE: "\000\000\002\000"-
#2783913	NEW    cov: 940 ft: 4610 corp: 1075/451Kb lim: 4096 exec/s: 4858 rss: 347Mb L: 24/4096 MS: 2 ChangeBit-ChangeBinInt-
#2784879	REDUCE cov: 940 ft: 4610 corp: 1075/450Kb lim: 4096 exec/s: 4851 rss: 347Mb L: 1057/4096 MS: 1 EraseBytes-
#2786025	REDUCE cov: 940 ft: 4610 corp: 1075/450Kb lim: 4096 exec/s: 4853 rss: 347Mb L: 1678/4096 MS: 1 EraseBytes-
#2787171	REDUCE cov: 940 ft: 4610 corp: 1075/450Kb lim: 4096 exec/s: 4855 rss: 347Mb L: 793/4096 MS: 1 EraseBytes-
#2788320	REDUCE cov: 940 ft: 4610 corp: 1075/450Kb lim: 4096 exec/s: 4857 rss: 347Mb L: 117/4096 MS: 4 ChangeByte-ChangeASCIIInt-EraseBytes-ChangeASCIIInt-
#2788911	REDUCE cov: 940 ft: 4610 corp: 1075/450Kb lim: 4096 exec/s: 4858 rss: 347Mb L: 173/4096 MS: 1 EraseBytes-
#2793905	REDUCE cov: 940 ft: 4610 corp: 1075/450Kb lim: 4096 exec/s: 4858 rss: 347Mb L: 126/4096 MS: 4 ChangeByte-CopyPart-InsertRepeatedBytes-EraseBytes-
#2794691	REDUCE cov: 940 ft: 4610 corp: 1075/450Kb lim: 4096 exec/s: 4851 rss: 347Mb L: 436/4096 MS: 1 EraseBytes-
#2795177	REDUCE cov: 940 ft: 4610 corp: 1075/450Kb lim: 4096 exec/s: 4852 rss: 347Mb L: 125/4096 MS: 1 EraseBytes-
#2796405	REDUCE cov: 940 ft: 4610 corp: 1075/450Kb lim: 4096 exec/s: 4854 rss: 347Mb L: 175/4096 MS: 3 CopyPart-PersAutoDict-EraseBytes- DE: "\206\376\377\000\000\000\000\000"-
#2796549	REDUCE cov: 940 ft: 4610 corp: 1075/450Kb lim: 4096 exec/s: 4855 rss: 347Mb L: 8/4096 MS: 4 ChangeBit-EraseBytes-CrossOver-InsertByte-
#2799212	REDUCE cov: 940 ft: 4610 corp: 1075/450Kb lim: 4096 exec/s: 4851 rss: 347Mb L: 97/4096 MS: 3 ManualDict-InsertByte-EraseBytes- DE: "that \\1\\'\\6 with \\6 from \\4 by \\1(\\6. T"-
#2802933	REDUCE cov: 940 ft: 4610 corp: 1075/450Kb lim: 4096 exec/s: 4857 rss: 347Mb L: 3203/4096 MS: 1 EraseBytes-
#2804668	REDUCE cov: 940 ft: 4610 corp: 1075/450Kb lim: 4096 exec/s: 4860 rss: 347Mb L: 118/4096 MS: 5 PersAutoDict-ChangeByte-CMP-PersAutoDict-EraseBytes- DE: "\001\000\000\003"-"\001\000\000\365"-"\011\000"-
#2807704	REDUCE cov: 940 ft: 4610 corp: 1075/450Kb lim: 4096 exec/s: 4857 rss: 347Mb L: 201/4096 MS: 1 EraseBytes-
#2809260	REDUCE cov: 940 ft: 4610 corp: 1075/450Kb lim: 4096 exec/s: 4860 rss: 347Mb L: 25/4096 MS: 1 EraseBytes-
#2810011	REDUCE cov: 940 ft: 4610 corp: 1075/450Kb lim: 4096 exec/s: 4861 rss: 347Mb L: 427/4096 MS: 1 EraseBytes-
#2811742	REDUCE cov: 940 ft: 4610 corp: 1075/450Kb lim: 4096 exec/s: 4856 rss: 347Mb L: 197/4096 MS: 1 EraseBytes-
#2813728	REDUCE cov: 940 ft: 4610 corp: 1075/450Kb lim: 4096 exec/s: 4859 rss: 347Mb L: 80/4096 MS: 1 EraseBytes-
#2814410	REDUCE cov: 940 ft: 4610 corp: 1075/450Kb lim: 4096 exec/s: 4860 rss: 347Mb L: 124/4096 MS: 2 ChangeByte-EraseBytes-
#2816551	REDUCE cov: 940 ft: 4610 corp: 1075/450Kb lim: 4096 exec/s: 4856 rss: 347Mb L: 855/4096 MS: 1 EraseBytes-
#2816567	REDUCE cov: 940 ft: 4610 corp: 1075/450Kb lim: 4096 exec/s: 4856 rss: 347Mb L: 573/4096 MS: 1 EraseBytes-
#2817003	REDUCE cov: 940 ft: 4610 corp: 1075/450Kb lim: 4096 exec/s: 4856 rss: 347Mb L: 199/4096 MS: 1 EraseBytes-
#2829749	REDUCE cov: 940 ft: 4610 corp: 1075/450Kb lim: 4096 exec/s: 4853 rss: 347Mb L: 1693/4096 MS: 1 EraseBytes-
#2836680	REDUCE cov: 940 ft: 4610 corp: 1075/450Kb lim: 4096 exec/s: 4857 rss: 347Mb L: 96/4096 MS: 1 EraseBytes-
#2838231	REDUCE cov: 940 ft: 4610 corp: 1075/450Kb lim: 4096 exec/s: 4851 rss: 347Mb L: 2965/4096 MS: 1 EraseBytes-
#2841882	REDUCE cov: 940 ft: 4610 corp: 1075/450Kb lim: 4096 exec/s: 4857 rss: 347Mb L: 163/4096 MS: 1 EraseBytes-
#2843313	REDUCE cov: 940 ft: 4610 corp: 1075/450Kb lim: 4096 exec/s: 4860 rss: 347Mb L: 158/4096 MS: 1 EraseBytes-
#2845076	REDUCE cov: 940 ft: 4610 corp: 1075/450Kb lim: 4096 exec/s: 4855 rss: 347Mb L: 3853/4096 MS: 3 ChangeASCIIInt-CrossOver-CrossOver-
#2845683	REDUCE cov: 940 ft: 4610 corp: 1075/449Kb lim: 4096 exec/s: 4856 rss: 347Mb L: 666/4096 MS: 2 ChangeASCIIInt-EraseBytes-
#2845939	REDUCE cov: 940 ft: 4610 corp: 1075/449Kb lim: 4096 exec/s: 4856 rss: 347Mb L: 474/4096 MS: 1 EraseBytes-
#2846645	REDUCE cov: 940 ft: 4610 corp: 1075/449Kb lim: 4096 exec/s: 4857 rss: 347Mb L: 111/4096 MS: 1 EraseBytes-
#2849096	REDUCE cov: 941 ft: 4611 corp: 1076/450Kb lim: 4096 exec/s: 4853 rss: 347Mb L: 579/4096 MS: 1 ChangeBit-
#2849642	REDUCE cov: 941 ft: 4611 corp: 1076/450Kb lim: 4096 exec/s: 4854 rss: 347Mb L: 38/4096 MS: 1 EraseBytes-
#2850258	NEW    cov: 941 ft: 4612 corp: 1077/451Kb lim: 4096 exec/s: 4855 rss: 347Mb L: 581/4096 MS: 1 PersAutoDict- DE: "\017\000"-
#2850449	NEW    cov: 941 ft: 4613 corp: 1078/451Kb lim: 4096 exec/s: 4855 rss: 347Mb L: 411/4096 MS: 1 EraseBytes-
#2850511	REDUCE cov: 941 ft: 4613 corp: 1078/451Kb lim: 4096 exec/s: 4856 rss: 347Mb L: 144/4096 MS: 2 ChangeBit-EraseBytes-
#2850589	NEW    cov: 941 ft: 4614 corp: 1079/451Kb lim: 4096 exec/s: 4856 rss: 347Mb L: 457/4096 MS: 3 InsertRepeatedBytes-PersAutoDict-ManualDict- DE: "\000\000\000\001"-"[]"-
#2851847	REDUCE cov: 941 ft: 4614 corp: 1079/451Kb lim: 4096 exec/s: 4858 rss: 347Mb L: 342/4096 MS: 3 ManualDict-InsertByte-EraseBytes- DE: "Large Window Brotli"-
#2851888	NEW    cov: 941 ft: 4615 corp: 1080/452Kb lim: 4096 exec/s: 4858 rss: 347Mb L: 585/4096 MS: 1 CMP- DE: "\001\000\000\000"-
#2851975	NEW    cov: 941 ft: 4616 corp: 1081/453Kb lim: 4096 exec/s: 4858 rss: 347Mb L: 957/4096 MS: 2 ShuffleBytes-CopyPart-
#2852618	REDUCE cov: 941 ft: 4616 corp: 1081/453Kb lim: 4096 exec/s: 4859 rss: 347Mb L: 1143/4096 MS: 3 EraseBytes-ChangeBinInt-InsertRepeatedBytes-
#2852654	NEW    cov: 942 ft: 4617 corp: 1082/453Kb lim: 4096 exec/s: 4859 rss: 347Mb L: 426/4096 MS: 1 EraseBytes-
#2852765	REDUCE cov: 942 ft: 4617 corp: 1082/453Kb lim: 4096 exec/s: 4859 rss: 347Mb L: 322/4096 MS: 1 EraseBytes-
#2853131	REDUCE cov: 942 ft: 4617 corp: 1082/453Kb lim: 4096 exec/s: 4860 rss: 347Mb L: 14/4096 MS: 1 EraseBytes-
#2853968	REDUCE cov: 942 ft: 4617 corp: 1082/453Kb lim: 4096 exec/s: 4853 rss: 347Mb L: 274/4096 MS: 2 CrossOver-EraseBytes-
#2854541	REDUCE cov: 942 ft: 4617 corp: 1082/453Kb lim: 4096 exec/s: 4854 rss: 347Mb L: 650/4096 MS: 3 ManualDict-ChangeASCIIInt-EraseBytes- DE: "that \\1\\'\\6 with \\6 from \\4 by \\1(\\6. T"-
#2856017	REDUCE cov: 942 ft: 4617 corp: 1082/453Kb lim: 4096 exec/s: 4857 rss: 347Mb L: 560/4096 MS: 1 CrossOver-
#2856139	REDUCE cov: 942 ft: 4617 corp: 1082/453Kb lim: 4096 exec/s: 4857 rss: 347Mb L: 341/4096 MS: 2 ChangeBinInt-EraseBytes-
#2856635	REDUCE cov: 942 ft: 4617 corp: 1082/453Kb lim: 4096 exec/s: 4858 rss: 347Mb L: 137/4096 MS: 1 EraseBytes-
#2858546	REDUCE cov: 942 ft: 4617 corp: 1082/452Kb lim: 4096 exec/s: 4853 rss: 347Mb L: 492/4096 MS: 1 EraseBytes-
#2861429	REDUCE cov: 942 ft: 4617 corp: 1082/452Kb lim: 4096 exec/s: 4858 rss: 347Mb L: 550/4096 MS: 3 InsertRepeatedBytes-ManualDict-EraseBytes- DE: "INVALID"-
#2861511	REDUCE cov: 942 ft: 4617 corp: 1082/452Kb lim: 4096 exec/s: 4858 rss: 347Mb L: 175/4096 MS: 2 CopyPart-CrossOver-
#2862155	REDUCE cov: 942 ft: 4618 corp: 1083/452Kb lim: 4096 exec/s: 4859 rss: 347Mb L: 175/4096 MS: 4 PersAutoDict-PersAutoDict-ShuffleBytes-CopyPart- DE: "\037\000\000\000\000\000\000\000"-"\001\000\000\004"-
#2862257	REDUCE cov: 942 ft: 4618 corp: 1083/452Kb lim: 4096 exec/s: 4859 rss: 347Mb L: 221/4096 MS: 2 CrossOver-EraseBytes-
#2863028	NEW    cov: 942 ft: 4620 corp: 1084/452Kb lim: 4096 exec/s: 4860 rss: 347Mb L: 85/4096 MS: 1 EraseBytes-
#2863949	REDUCE cov: 942 ft: 4620 corp: 1084/452Kb lim: 4096 exec/s: 4854 rss: 347Mb L: 570/4096 MS: 1 EraseBytes-
#2863960	REDUCE cov: 942 ft: 4620 corp: 1084/452Kb lim: 4096 exec/s: 4854 rss: 347Mb L: 481/4096 MS: 1 EraseBytes-
#2865031	NEW    cov: 942 ft: 4625 corp: 1085/452Kb lim: 4096 exec/s: 4855 rss: 347Mb L: 85/4096 MS: 1 ChangeBit-
#2865697	REDUCE cov: 942 ft: 4625 corp: 1085/452Kb lim: 4096 exec/s: 4857 rss: 347Mb L: 253/4096 MS: 1 EraseBytes-
#2866714	NEW    cov: 942 ft: 4626 corp: 1086/452Kb lim: 4096 exec/s: 4858 rss: 347Mb L: 175/4096 MS: 2 ChangeBinInt-PersAutoDict- DE: "\000\000\000\000\000\000\037\342"-
#2866815	REDUCE cov: 942 ft: 4626 corp: 1086/452Kb lim: 4096 exec/s: 4859 rss: 347Mb L: 154/4096 MS: 1 EraseBytes-
#2867906	NEW    cov: 942 ft: 4627 corp: 1087/452Kb lim: 4096 exec/s: 4860 rss: 347Mb L: 167/4096 MS: 1 CopyPart-
#2868003	REDUCE cov: 942 ft: 4627 corp: 1087/452Kb lim: 4096 exec/s: 4861 rss: 347Mb L: 601/4096 MS: 2 EraseBytes-EraseBytes-
#2869928	REDUCE cov: 942 ft: 4627 corp: 1087/452Kb lim: 4096 exec/s: 4856 rss: 347Mb L: 205/4096 MS: 5 ChangeByte-PersAutoDict-CrossOver-ChangeBit-EraseBytes- DE: "\377\003\000\000"-
#2871919	REDUCE cov: 942 ft: 4627 corp: 1087/452Kb lim: 4096 exec/s: 4859 rss: 347Mb L: 19/4096 MS: 1 EraseBytes-
#2872440	REDUCE cov: 942 ft: 4627 corp: 1087/452Kb lim: 4096 exec/s: 4860 rss: 347Mb L: 1942/4096 MS: 1 EraseBytes-
#2872936	REDUCE cov: 942 ft: 4627 corp: 1087/452Kb lim: 4096 exec/s: 4861 rss: 347Mb L: 358/4096 MS: 1 EraseBytes-
#2873947	REDUCE cov: 942 ft: 4627 corp: 1087/452Kb lim: 4096 exec/s: 4854 rss: 347Mb L: 294/4096 MS: 1 EraseBytes-
#2874261	REDUCE cov: 942 ft: 4627 corp: 1087/452Kb lim: 4096 exec/s: 4855 rss: 347Mb L: 8/4096 MS: 4 ChangeBit-EraseBytes-CMP-CopyPart- DE: "\000\001"-
#2878277	REDUCE cov: 942 ft: 4627 corp: 1087/452Kb lim: 4096 exec/s: 4853 rss: 347Mb L: 198/4096 MS: 1 EraseBytes-
#2881258	REDUCE cov: 942 ft: 4627 corp: 1087/452Kb lim: 4096 exec/s: 4858 rss: 347Mb L: 457/4096 MS: 1 EraseBytes-
#2881834	REDUCE cov: 942 ft: 4627 corp: 1087/452Kb lim: 4096 exec/s: 4859 rss: 347Mb L: 107/4096 MS: 1 EraseBytes-
#2883183	REDUCE cov: 942 ft: 4627 corp: 1087/452Kb lim: 4096 exec/s: 4862 rss: 347Mb L: 136/4096 MS: 4 ManualDict-ManualDict-EraseBytes-EraseBytes- DE: "that \\1\\'\\6 with \\6 from \\4 by \\1(\\6. T"-"that \\1\\'\\6 with \\6 from \\4 by \\1(\\6. T"-
#2883369	REDUCE cov: 942 ft: 4627 corp: 1087/451Kb lim: 4096 exec/s: 4862 rss: 347Mb L: 907/4096 MS: 1 EraseBytes-
#2884540	REDUCE cov: 942 ft: 4629 corp: 1088/451Kb lim: 4096 exec/s: 4856 rss: 347Mb L: 227/4096 MS: 1 ChangeByte-
#2884561	REDUCE cov: 942 ft: 4629 corp: 1088/451Kb lim: 4096 exec/s: 4856 rss: 347Mb L: 83/4096 MS: 1 EraseBytes-
#2885677	NEW    cov: 942 ft: 4630 corp: 1089/452Kb lim: 4096 exec/s: 4858 rss: 347Mb L: 227/4096 MS: 1 ChangeByte-
#2887648	REDUCE cov: 942 ft: 4630 corp: 1089/452Kb lim: 4096 exec/s: 4861 rss: 347Mb L: 1384/4096 MS: 1 EraseBytes-
#2891004	REDUCE cov: 942 ft: 4630 corp: 1089/452Kb lim: 4096 exec/s: 4858 rss: 347Mb L: 160/4096 MS: 1 EraseBytes-
#2891900	REDUCE cov: 942 ft: 4630 corp: 1089/452Kb lim: 4096 exec/s: 4860 rss: 347Mb L: 149/4096 MS: 1 EraseBytes-
#2898541	REDUCE cov: 942 ft: 4630 corp: 1089/452Kb lim: 4096 exec/s: 4855 rss: 347Mb L: 900/4096 MS: 1 EraseBytes-
#2900801	REDUCE cov: 942 ft: 4630 corp: 1089/452Kb lim: 4096 exec/s: 4858 rss: 347Mb L: 52/4096 MS: 5 EraseBytes-ChangeBinInt-CopyPart-ChangeBinInt-InsertByte-
#2901937	REDUCE cov: 942 ft: 4630 corp: 1089/451Kb lim: 4096 exec/s: 4860 rss: 347Mb L: 130/4096 MS: 1 EraseBytes-
#2902374	REDUCE cov: 942 ft: 4630 corp: 1089/451Kb lim: 4096 exec/s: 4853 rss: 347Mb L: 45/4096 MS: 2 ShuffleBytes-EraseBytes-
#2903095	REDUCE cov: 942 ft: 4630 corp: 1089/451Kb lim: 4096 exec/s: 4854 rss: 347Mb L: 814/4096 MS: 1 EraseBytes-
#2904428	REDUCE cov: 942 ft: 4630 corp: 1089/451Kb lim: 4096 exec/s: 4856 rss: 347Mb L: 151/4096 MS: 3 InsertRepeatedBytes-ShuffleBytes-EraseBytes-
#2904520	REDUCE cov: 942 ft: 4630 corp: 1089/451Kb lim: 4096 exec/s: 4857 rss: 347Mb L: 728/4096 MS: 2 PersAutoDict-CrossOver- DE: "\000\012"-
#2907286	REDUCE cov: 942 ft: 4630 corp: 1089/451Kb lim: 4096 exec/s: 4861 rss: 347Mb L: 213/4096 MS: 1 EraseBytes-
#2907722	REDUCE cov: 942 ft: 4630 corp: 1089/451Kb lim: 4096 exec/s: 4854 rss: 347Mb L: 1107/4096 MS: 1 EraseBytes-
#2910688	REDUCE cov: 942 ft: 4630 corp: 1089/451Kb lim: 4096 exec/s: 4859 rss: 347Mb L: 25/4096 MS: 1 EraseBytes-
#2914545	REDUCE cov: 942 ft: 4630 corp: 1089/451Kb lim: 4096 exec/s: 4857 rss: 347Mb L: 1042/4096 MS: 2 InsertRepeatedBytes-EraseBytes-
#2916499	REDUCE cov: 942 ft: 4630 corp: 1089/451Kb lim: 4096 exec/s: 4860 rss: 347Mb L: 369/4096 MS: 4 ManualDict-CrossOver-ShuffleBytes-EraseBytes- DE: "INVALID"-
#2917759	DONE   cov: 942 ft: 4630 corp: 1089/451Kb lim: 4096 exec/s: 4854 rss: 347Mb
###### Recommended dictionary. ######
"\000\000\002\241" # Uses: 1259
"\001\022" # Uses: 1289
"\344\377\377\377\377\377\377\377" # Uses: 1369
"\001\000\004\000" # Uses: 1377
"\000\000\000\000\000\000\000\000" # Uses: 1297
"\377\377\377\377" # Uses: 1348
"\377\000" # Uses: 1313
"\001\000\000\000" # Uses: 1284
"\001\004\000\000" # Uses: 1377
" \000\000\000\000\000\000\000" # Uses: 1256
"\031\000\000\000" # Uses: 1322
"\001\000\000\000\000\000\000\000" # Uses: 1277
"\377\003\000\000" # Uses: 1263
"\004\000\000\000\000\000\000\000" # Uses: 1299
"\377\377\007\000" # Uses: 1312
"\377\007\000\000" # Uses: 1287
"\377\377\377\207" # Uses: 1406
"\037\000\000\000\000\000\000\000" # Uses: 1317
"\000\000\000\372" # Uses: 1383
"\000\000\000\000\000\000\037\342" # Uses: 1317
"!\000\000\000\000\000\000\000" # Uses: 1349
"\001\000\000\000\000\000\000\037" # Uses: 1284
"\377\377\377\377\377\377\377\000" # Uses: 1289
"\377\377\377\377\377\377\377\024" # Uses: 1368
"\377\377\377\377\377\377\377\367" # Uses: 1343
"\361\377?\000" # Uses: 1347
"\017\000\000\000\000\000\000\000" # Uses: 1290
"@\000\000\000\000\000\000\000" # Uses: 1312
"\000\000\002\000" # Uses: 1295
"\003\253" # Uses: 1301
"\351\037\000\000\000\000\000\000" # Uses: 1301
"\372\377\377\377" # Uses: 1333
"\005\000\000\000\000\000\000\000" # Uses: 1275
"+\000\000\000" # Uses: 1320
"\377\377\377\007" # Uses: 1313
"\000\004" # Uses: 1339
"\377\005" # Uses: 1342
"\377\377\377\377\377\377\377\377" # Uses: 1308
"9\000\000\000\000\000\000\000" # Uses: 1292
"\000\000\000\001" # Uses: 1383
"%\000\000\000\000\000\000\000" # Uses: 1307
"\001\000\000\000\000\000B5" # Uses: 1329
"\001\000\000\000\000\000\000\021" # Uses: 1335
"\000\004\000\000" # Uses: 1282
"\357\377\377\377" # Uses: 1268
"\000\000\000\377" # Uses: 1287
"\004\376\377\000\000\000\000\000" # Uses: 1285
"\377\377\010\364" # Uses: 1391
"\001\000\000\000\000\000\000," # Uses: 1289
"\005\000" # Uses: 1348
"\376\377\377\377\377\377\377\321" # Uses: 1267
"\006\000" # Uses: 1363
"\004\000" # Uses: 1262
"\000\000\000\000" # Uses: 1303
"\377\377\377\377\377\377\377\364" # Uses: 1304
"\000\250" # Uses: 1272
"\000\000" # Uses: 1320
"\000\000\000\000\000\000\000@" # Uses: 1289
"\364\377\377\377\377\377\377\377" # Uses: 1276
"\000\032" # Uses: 1269
"\001\000\000\035" # Uses: 1257
"\000\000\000\375" # Uses: 1268
"\000\000\000\000\000\000\000\003" # Uses: 1263
"\377\377\377\374" # Uses: 1276
"\011\000" # Uses: 1198
"\377\003" # Uses: 1239
"P\017\000\000" # Uses: 1320
"\377\000\000\000\000\000\000\000" # Uses: 1325
"\231\001" # Uses: 1296
"\000\010" # Uses: 1253
"\373\377\377\377\377\377\377\377" # Uses: 1231
"\002\000\000\000" # Uses: 1302
"\033\000" # Uses: 1268
"\335\002\000\000" # Uses: 1281
"\022\000\000\000\000\000\000\000" # Uses: 1231
"\001\000\000\000\000\000\000\034" # Uses: 1210
"5\000\000\000\000\000\000\000" # Uses: 1170
"\000\000\000\000\000\000\000\030" # Uses: 1210
"\376\377\377\377\377\377\377\343" # Uses: 1216
"\340\377\377\377\377\377\377\377" # Uses: 1245
"\000\000\000\000\000\000\000\004" # Uses: 1274
"\010\000\000\000" # Uses: 1299
"\000\001\000\000\000\000\000\000" # Uses: 1318
"\000\000\006\036" # Uses: 1221
"\001\000\024\"" # Uses: 1261
"\001\000\007|" # Uses: 1264
"\000\003" # Uses: 1211
"\"\000\000\000\000\000\000\000" # Uses: 1150
"\001\000" # Uses: 1296
"\001\032" # Uses: 1243
"\002\000\000\000\000\000\000\000" # Uses: 1245
"3\000\000\000\000\000\000\000" # Uses: 1218
"+\006\000\000" # Uses: 1225
"\000\000\000\000\000\000\000!" # Uses: 1267
"\237\224" # Uses: 1187
"\354\037\000\000\000\000\000\000" # Uses: 1204
"\000\005" # Uses: 1232
"\001\000\000\000\000\000\0008" # Uses: 1204
"\001\000\000\004" # Uses: 1206
"\001?\377\360" # Uses: 1171
"\3779\000\000\000\000\000\000" # Uses: 1180
"\377\377\377\377\377\377\000\000" # Uses: 1220
"\354\377\377\377\377\377\377\377" # Uses: 1167
"\032\000\000\000" # Uses: 1178
"\000\000\020z" # Uses: 1225
"\001\000\003\036" # Uses: 1184
"\377\377\377\377\377\377\377\344" # Uses: 1139
"\000\000\011\220" # Uses: 1170
"\376\377\377\364" # Uses: 1234
"\001\000\000\215" # Uses: 1182
"\001\000\000\000\000\000\002\300" # Uses: 1213
"\377\377\377\377\377\377\377=" # Uses: 1230
"A\000\000\000\000\000\000\000" # Uses: 1202
"\016\000\000\000\000\000\000\000" # Uses: 1209
"\322\000\000\000\000\000\000\000" # Uses: 1203
"\273\021" # Uses: 1208
"\023\000\000\000" # Uses: 1142
"\005\000\000\000" # Uses: 1170
"\000\000\000\000\000\000\000\020" # Uses: 1169
"\377\377\377\377\377\377\000\021" # Uses: 1134
",\001\000\000" # Uses: 1174
"\367\037\000\000\000\000\000\000" # Uses: 1122
"\000\000\000\000\000\000\000'" # Uses: 1180
"\001 \000\000\000\000\000\000" # Uses: 1101
"\377\377\377\377\377\377\377\012" # Uses: 1150
"\377\377\377\377\377\377\377 " # Uses: 1146
"\377\377" # Uses: 1174
"\000\000\023B" # Uses: 1147
"\377\377\377\377\377\377\377\007" # Uses: 1096
"\000\000\000\000\000\377\377\252" # Uses: 1096
"\365\003\000\000" # Uses: 1123
"\337\377\377\377\377\377\377\377" # Uses: 1058
"\000\000\000\000\000\000\000\012" # Uses: 1134
"\377\377\377\366" # Uses: 1119
"\001\000\000\002" # Uses: 1142
"\016\000" # Uses: 1156
"\377\377\377\000" # Uses: 1085
"\346\315\000\000" # Uses: 1106
"\315\266" # Uses: 1110
"\001\000\003\372" # Uses: 1043
")\000\000\000\000\000\000\000" # Uses: 1054
"\376\377\377\377\377\377\377\340" # Uses: 1059
"\001\000\000\003" # Uses: 1095
"\001\000\000\000\000\000\037\364" # Uses: 1033
"\243\303\377\000\000\000\000\000" # Uses: 1072
"\000\000\000\000\000\000\037\356" # Uses: 1031
"\375\037\000\000\000\000\000\000" # Uses: 1020
"\036\000\000\000" # Uses: 1040
"\020\000\000\000\000\000\000\000" # Uses: 1088
"\000\000\000\000\000\000\000\344" # Uses: 1038
"\000\001" # Uses: 985
"\001\000\000\000\000\000\000\014" # Uses: 955
"\377\377\377\377\377\377\377\020" # Uses: 945
"+\316\000\000" # Uses: 966
"\377\276\246A" # Uses: 1008
"\206\376\377\000\000\000\000\000" # Uses: 1009
"\002\000" # Uses: 980
"\232\002\000\000\000\000\000\000" # Uses: 935
"\006\000\000\000\000\000\000\000" # Uses: 921
"\001\000\000\000\000\000\000\246" # Uses: 927
"\015\000" # Uses: 924
"\213\000\000\000" # Uses: 867
"\000\222\345x" # Uses: 855
"\001\000\000\000\000\000\000@" # Uses: 891
"\377\377\377\377\377\376\377u" # Uses: 864
"\000\012" # Uses: 926
"\372\377\377\377\377\377\377\377" # Uses: 814
"\001\000\000\000\000\000\000\017" # Uses: 871
"\001\000\000\007" # Uses: 827
"\326\000\000\000" # Uses: 843
"H*\002\000" # Uses: 861
"\000\000\000\000\000\000\000\021" # Uses: 806
"\024\000" # Uses: 810
"\017\000" # Uses: 853
"\000\000\000\000\000\000\037\346" # Uses: 795
"\370\377\377\377" # Uses: 769
"\033?" # Uses: 745
"\001\000\000\000\000\000\000'" # Uses: 737
"\000n\371\221" # Uses: 741
"\377\377\377\377\377\377\377\366" # Uses: 727
"\000\000\000\000\000\000\000\022" # Uses: 717
"\000\000\007\006" # Uses: 647
"\377\037\000\000\000\000\000\000" # Uses: 637
"\205!\000\000" # Uses: 650
"\377\377\377\377\377\377\377\016" # Uses: 696
"\366\331" # Uses: 657
"\377\377\377\002" # Uses: 680
"\001\000\000\000\000\377\235\227" # Uses: 637
"\003\000\000\000" # Uses: 628
"\001@\000\000" # Uses: 604
"\360\037\000\000\000\000\000\000" # Uses: 585
"\353\000\000\000" # Uses: 586
"\001\007" # Uses: 590
"\011\000\000\000\000\000\000\000" # Uses: 507
"\377\377\377\377\377\377\377\376" # Uses: 528
"\377\004" # Uses: 546
"\001\000\000\000\000\000\0001" # Uses: 522
"\377\377\377\377\377\377\377\015" # Uses: 479
"\364\037\000\000\000\000\000\000" # Uses: 494
"\001\000\000\000\000\000 \000" # Uses: 425
"\000\000\000\000\000\000\037\376" # Uses: 496
"\322\377\377\000\000\000\000\000" # Uses: 410
"\376\377\377\377\377\377\377\371" # Uses: 359
"z\343\001\000" # Uses: 335
"\377\377\377\377\377\377\377\003" # Uses: 329
"\035\000\000\000" # Uses: 319
"\001\000\000\000\000\000\001\000" # Uses: 339
"\021\000\000\000\000\000\000\000" # Uses: 316
"\377\377\377\377\377\376\3717" # Uses: 274
"\000\000\000\000\000\000\000\011" # Uses: 255
"\377\377\377\377\377\377\037\000" # Uses: 268
"\032\000" # Uses: 271
"\300\005" # Uses: 231
"\000\000\000\011" # Uses: 234
"\000\000\000\000\000\000\000P" # Uses: 232
"7\000\000\000" # Uses: 205
"=\000\000\000\000\000\000\000" # Uses: 137
"\001\000\000\000\000\000\037\374" # Uses: 74
"\001\000\000\365" # Uses: 45
###### End of recommended dictionary. ######
Done 2917759 runs in 601 second(s)
stat::number_of_executed_units: 2917759
stat::average_exec_per_sec:     4854
stat::new_units_added:          5880
stat::slowest_unit_time_sec:    0
stat::peak_rss_mb:              347
