Dictionary: 508 entries
INFO: Running with entropic power schedule (0xFF, 100).
INFO: Seed: 2547557254
INFO: Loaded 1 modules   (4849 inline 8-bit counters): 4849 [0xaaaac7fe6328, 0xaaaac7fe7619), 
INFO: Loaded 1 PC tables (4849 PCs): 4849 [0xaaaac7fe7620,0xaaaac7ffa530), 
INFO:       24 files found in /b/runs/libwebp__WebPDecodeRGBA/corpus
INFO: seed corpus: files: 24 min: 34b max: 708b total: 4638b rss: 43Mb
#25	INITED cov: 997 ft: 2339 corp: 24/4638b exec/s: 0 rss: 47Mb
#26	NEW    cov: 1002 ft: 2346 corp: 25/4698b lim: 708 exec/s: 0 rss: 47Mb L: 60/708 MS: 1 ManualDict- DE: "lhu         %[temp3],     "-
	NEW_FUNC[1/1]: 0xaaaac7ec22e4 in WebPFreeDecBuffer /b/libwebp/src/dec/buffer_dec.c:238
#27	NEW    cov: 1015 ft: 2367 corp: 26/4820b lim: 708 exec/s: 0 rss: 48Mb L: 122/708 MS: 1 CMP- DE: "\001\004"-
	NEW_FUNC[1/1]: 0xaaaac7ee18b8 in VP8LCheckSignature /b/libwebp/src/dec/vp8l_dec.c:120
#28	NEW    cov: 1021 ft: 2383 corp: 27/4942b lim: 708 exec/s: 0 rss: 48Mb L: 122/708 MS: 1 ChangeASCIIInt-
#29	NEW    cov: 1041 ft: 2433 corp: 28/5076b lim: 708 exec/s: 0 rss: 48Mb L: 134/708 MS: 1 CopyPart-
#30	NEW    cov: 1044 ft: 2481 corp: 29/5215b lim: 708 exec/s: 0 rss: 48Mb L: 139/708 MS: 1 ManualDict- DE: "vabd.u8    q15,"-
#31	NEW    cov: 1047 ft: 2493 corp: 30/5387b lim: 708 exec/s: 0 rss: 48Mb L: 172/708 MS: 1 EraseBytes-
#32	NEW    cov: 1048 ft: 2500 corp: 31/6095b lim: 708 exec/s: 0 rss: 48Mb L: 708/708 MS: 1 ShuffleBytes-
#33	NEW    cov: 1051 ft: 2506 corp: 32/6227b lim: 708 exec/s: 0 rss: 48Mb L: 132/708 MS: 1 CrossOver-
#34	NEW    cov: 1051 ft: 2513 corp: 33/6825b lim: 708 exec/s: 0 rss: 48Mb L: 598/708 MS: 1 CopyPart-
#37	REDUCE cov: 1051 ft: 2513 corp: 33/6768b lim: 708 exec/s: 0 rss: 48Mb L: 65/708 MS: 3 ChangeBit-InsertByte-EraseBytes-
#38	NEW    cov: 1051 ft: 2517 corp: 34/7476b lim: 708 exec/s: 0 rss: 48Mb L: 708/708 MS: 1 CMP- DE: "M\037\000\000"-
#39	NEW    cov: 1053 ft: 2522 corp: 35/7608b lim: 708 exec/s: 0 rss: 48Mb L: 132/708 MS: 1 ShuffleBytes-
#45	NEW    cov: 1057 ft: 2539 corp: 36/7727b lim: 708 exec/s: 0 rss: 48Mb L: 119/708 MS: 1 EraseBytes-
	NEW_FUNC[1/1]: 0xaaaac7edb2ac in VP8SetError /b/libwebp/src/dec/vp8_dec.c:88
#51	NEW    cov: 1071 ft: 2586 corp: 37/8435b lim: 708 exec/s: 0 rss: 48Mb L: 708/708 MS: 1 ManualDict- DE: "(gtb), [mask]"-
#57	NEW    cov: 1076 ft: 2592 corp: 38/8571b lim: 708 exec/s: 0 rss: 48Mb L: 136/708 MS: 1 ChangeByte-
#60	NEW    cov: 1080 ft: 2596 corp: 39/8694b lim: 708 exec/s: 0 rss: 48Mb L: 123/708 MS: 3 ChangeASCIIInt-ChangeByte-InsertByte-
#61	NEW    cov: 1081 ft: 2610 corp: 40/8800b lim: 708 exec/s: 0 rss: 48Mb L: 106/708 MS: 1 CrossOver-
#62	NEW    cov: 1086 ft: 2630 corp: 41/8976b lim: 708 exec/s: 0 rss: 48Mb L: 176/708 MS: 1 ChangeByte-
#63	NEW    cov: 1088 ft: 2640 corp: 42/9140b lim: 708 exec/s: 0 rss: 48Mb L: 164/708 MS: 1 ChangeByte-
#65	NEW    cov: 1090 ft: 2644 corp: 43/9848b lim: 708 exec/s: 0 rss: 48Mb L: 708/708 MS: 2 ChangeByte-CMP- DE: "\362\334\377\377"-
#69	NEW    cov: 1093 ft: 2648 corp: 44/9999b lim: 708 exec/s: 0 rss: 49Mb L: 151/708 MS: 4 ShuffleBytes-CopyPart-InsertByte-ChangeBit-
#85	NEW    cov: 1099 ft: 2657 corp: 45/10121b lim: 708 exec/s: 0 rss: 49Mb L: 122/708 MS: 1 ChangeBinInt-
#86	NEW    cov: 1099 ft: 2666 corp: 46/10441b lim: 708 exec/s: 0 rss: 49Mb L: 320/708 MS: 1 ChangeASCIIInt-
#87	NEW    cov: 1099 ft: 2679 corp: 47/10514b lim: 708 exec/s: 0 rss: 49Mb L: 73/708 MS: 1 InsertByte-
#88	NEW    cov: 1100 ft: 2680 corp: 48/10606b lim: 708 exec/s: 0 rss: 49Mb L: 92/708 MS: 1 CopyPart-
#89	NEW    cov: 1101 ft: 2681 corp: 49/10731b lim: 708 exec/s: 0 rss: 49Mb L: 125/708 MS: 1 CopyPart-
#90	NEW    cov: 1101 ft: 2687 corp: 50/10907b lim: 708 exec/s: 0 rss: 49Mb L: 176/708 MS: 1 ShuffleBytes-
#92	NEW    cov: 1101 ft: 2702 corp: 51/10989b lim: 708 exec/s: 0 rss: 50Mb L: 82/708 MS: 2 ChangeByte-EraseBytes-
#93	NEW    cov: 1101 ft: 2709 corp: 52/11128b lim: 708 exec/s: 0 rss: 50Mb L: 139/708 MS: 1 ChangeBit-
#99	NEW    cov: 1101 ft: 2722 corp: 53/11253b lim: 708 exec/s: 0 rss: 50Mb L: 125/708 MS: 1 InsertByte-
#110	NEW    cov: 1104 ft: 2725 corp: 54/11383b lim: 708 exec/s: 0 rss: 50Mb L: 130/708 MS: 1 ManualDict- DE: "[6], "-
#112	NEW    cov: 1105 ft: 2726 corp: 55/11502b lim: 708 exec/s: 0 rss: 50Mb L: 119/708 MS: 2 ChangeBinInt-ShuffleBytes-
#119	NEW    cov: 1106 ft: 2727 corp: 56/11621b lim: 708 exec/s: 0 rss: 50Mb L: 119/708 MS: 2 ChangeBit-CopyPart-
#125	NEW    cov: 1110 ft: 2731 corp: 57/11978b lim: 708 exec/s: 0 rss: 50Mb L: 357/708 MS: 1 InsertRepeatedBytes-
#126	NEW    cov: 1110 ft: 2736 corp: 58/12098b lim: 708 exec/s: 0 rss: 50Mb L: 120/708 MS: 1 ChangeBinInt-
#132	NEW    cov: 1113 ft: 2742 corp: 59/12220b lim: 708 exec/s: 0 rss: 50Mb L: 122/708 MS: 1 ChangeBit-
#148	NEW    cov: 1113 ft: 2744 corp: 60/12928b lim: 708 exec/s: 0 rss: 50Mb L: 708/708 MS: 1 ChangeByte-
#150	REDUCE cov: 1113 ft: 2744 corp: 60/12917b lim: 708 exec/s: 0 rss: 50Mb L: 49/708 MS: 2 ChangeByte-EraseBytes-
#156	NEW    cov: 1118 ft: 2756 corp: 61/13049b lim: 708 exec/s: 0 rss: 50Mb L: 132/708 MS: 1 ChangeBinInt-
#163	REDUCE cov: 1118 ft: 2756 corp: 61/13047b lim: 708 exec/s: 0 rss: 50Mb L: 121/708 MS: 2 ChangeByte-EraseBytes-
#179	NEW    cov: 1118 ft: 2765 corp: 62/13251b lim: 708 exec/s: 0 rss: 50Mb L: 204/708 MS: 1 PersAutoDict- DE: "\001\004"-
#180	NEW    cov: 1118 ft: 2768 corp: 63/13959b lim: 708 exec/s: 0 rss: 50Mb L: 708/708 MS: 1 CopyPart-
	NEW_FUNC[1/1]: 0xaaaac7f0a654 in DC16NoLeft_NEON /b/libwebp/src/dsp/dec_neon.c:1568
#181	NEW    cov: 1121 ft: 2780 corp: 64/14579b lim: 708 exec/s: 0 rss: 50Mb L: 620/708 MS: 1 ManualDict- DE: "(VP8kclip1), [thresh2]"-
#182	NEW    cov: 1122 ft: 2783 corp: 65/14701b lim: 708 exec/s: 0 rss: 50Mb L: 122/708 MS: 1 ChangeBit-
#203	NEW    cov: 1122 ft: 2784 corp: 66/14833b lim: 708 exec/s: 0 rss: 51Mb L: 132/708 MS: 1 ChangeBinInt-
#209	NEW    cov: 1122 ft: 2791 corp: 67/14997b lim: 708 exec/s: 0 rss: 51Mb L: 164/708 MS: 1 InsertRepeatedBytes-
#219	NEW    cov: 1122 ft: 2792 corp: 68/15210b lim: 708 exec/s: 0 rss: 51Mb L: 213/708 MS: 5 InsertRepeatedBytes-ChangeASCIIInt-ShuffleBytes-CMP-InsertRepeatedBytes- DE: "c\000\000\000\000\000\000\000"-
#225	NEW    cov: 1123 ft: 2793 corp: 69/15329b lim: 708 exec/s: 0 rss: 51Mb L: 119/708 MS: 1 ChangeASCIIInt-
#231	NEW    cov: 1124 ft: 2799 corp: 70/15417b lim: 708 exec/s: 0 rss: 51Mb L: 88/708 MS: 1 CopyPart-
#237	NEW    cov: 1128 ft: 2808 corp: 71/15543b lim: 708 exec/s: 0 rss: 51Mb L: 126/708 MS: 1 CrossOver-
#240	NEW    cov: 1129 ft: 2809 corp: 72/15639b lim: 708 exec/s: 0 rss: 51Mb L: 96/708 MS: 3 PersAutoDict-ShuffleBytes-InsertRepeatedBytes- DE: "M\037\000\000"-
#246	NEW    cov: 1130 ft: 2811 corp: 73/15753b lim: 708 exec/s: 0 rss: 52Mb L: 114/708 MS: 1 PersAutoDict- DE: "c\000\000\000\000\000\000\000"-
#247	NEW    cov: 1130 ft: 2814 corp: 74/15877b lim: 708 exec/s: 0 rss: 52Mb L: 124/708 MS: 1 CopyPart-
#248	REDUCE cov: 1130 ft: 2814 corp: 74/15855b lim: 708 exec/s: 0 rss: 52Mb L: 60/708 MS: 1 EraseBytes-
#260	NEW    cov: 1130 ft: 2815 corp: 75/15991b lim: 708 exec/s: 0 rss: 52Mb L: 136/708 MS: 2 ChangeBit-PersAutoDict- DE: "vabd.u8    q15,"-
#271	NEW    cov: 1130 ft: 2821 corp: 76/16Kb lim: 708 exec/s: 0 rss: 52Mb L: 620/708 MS: 1 CopyPart-
#272	REDUCE cov: 1130 ft: 2821 corp: 76/16Kb lim: 708 exec/s: 0 rss: 52Mb L: 120/708 MS: 1 EraseBytes-
#283	NEW    cov: 1130 ft: 2823 corp: 77/16Kb lim: 708 exec/s: 0 rss: 52Mb L: 708/708 MS: 1 ChangeByte-
#294	NEW    cov: 1130 ft: 2827 corp: 78/17Kb lim: 708 exec/s: 0 rss: 52Mb L: 176/708 MS: 1 PersAutoDict- DE: "\362\334\377\377"-
	NEW_FUNC[1/1]: 0xaaaac7f09038 in RD4_NEON /b/libwebp/src/dsp/dec_neon.c:1353
#295	NEW    cov: 1131 ft: 2835 corp: 79/17Kb lim: 708 exec/s: 0 rss: 52Mb L: 708/708 MS: 1 ChangeByte-
#297	NEW    cov: 1131 ft: 2836 corp: 80/17Kb lim: 708 exec/s: 0 rss: 52Mb L: 179/708 MS: 2 ChangeASCIIInt-PersAutoDict- DE: "vabd.u8    q15,"-
#303	NEW    cov: 1131 ft: 2839 corp: 81/17Kb lim: 708 exec/s: 0 rss: 52Mb L: 35/708 MS: 1 InsertByte-
#321	REDUCE cov: 1131 ft: 2841 corp: 82/18Kb lim: 708 exec/s: 0 rss: 52Mb L: 181/708 MS: 3 InsertByte-InsertByte-InsertRepeatedBytes-
#328	NEW    cov: 1131 ft: 2843 corp: 83/18Kb lim: 708 exec/s: 0 rss: 52Mb L: 72/708 MS: 2 ChangeASCIIInt-CMP- DE: "\000\316"-
#333	NEW    cov: 1131 ft: 2844 corp: 84/18Kb lim: 708 exec/s: 0 rss: 52Mb L: 207/708 MS: 5 InsertByte-InsertByte-ChangeASCIIInt-InsertByte-PersAutoDict- DE: "\362\334\377\377"-
	NEW_FUNC[1/1]: 0xaaaac7f0a084 in HE16_NEON /b/libwebp/src/dsp/dec_neon.c:1495
#340	NEW    cov: 1134 ft: 2871 corp: 85/19Kb lim: 708 exec/s: 0 rss: 52Mb L: 708/708 MS: 2 ManualDict-ChangeBinInt- DE: "addiu  %[temp16],    %["-
#346	NEW    cov: 1134 ft: 2872 corp: 86/19Kb lim: 708 exec/s: 0 rss: 53Mb L: 99/708 MS: 1 InsertByte-
#347	NEW    cov: 1141 ft: 2887 corp: 87/19Kb lim: 708 exec/s: 0 rss: 53Mb L: 708/708 MS: 1 CrossOver-
#363	NEW    cov: 1142 ft: 2895 corp: 88/20Kb lim: 708 exec/s: 0 rss: 53Mb L: 204/708 MS: 1 CMP- DE: "\377\377\377\377\377\377\377\377"-
#364	NEW    cov: 1143 ft: 2896 corp: 89/20Kb lim: 708 exec/s: 0 rss: 53Mb L: 149/708 MS: 1 ManualDict- DE: "lw           %[temp2],       "-
#365	NEW    cov: 1145 ft: 2898 corp: 90/20Kb lim: 708 exec/s: 0 rss: 53Mb L: 139/708 MS: 1 ChangeByte-
#386	REDUCE cov: 1145 ft: 2898 corp: 90/20Kb lim: 708 exec/s: 0 rss: 53Mb L: 78/708 MS: 1 EraseBytes-
#392	NEW    cov: 1145 ft: 2899 corp: 91/20Kb lim: 708 exec/s: 0 rss: 53Mb L: 349/708 MS: 1 PersAutoDict- DE: "lw           %[temp2],       "-
#411	REDUCE cov: 1145 ft: 2899 corp: 91/20Kb lim: 708 exec/s: 0 rss: 53Mb L: 204/708 MS: 4 PersAutoDict-ShuffleBytes-ChangeASCIIInt-EraseBytes- DE: "[6], "-
#412	NEW    cov: 1145 ft: 2906 corp: 92/20Kb lim: 708 exec/s: 0 rss: 53Mb L: 349/708 MS: 1 PersAutoDict- DE: "lw           %[temp2],       "-
#414	NEW    cov: 1147 ft: 2913 corp: 93/21Kb lim: 708 exec/s: 0 rss: 53Mb L: 181/708 MS: 2 ChangeASCIIInt-PersAutoDict- DE: "[6], "-
#420	NEW    cov: 1148 ft: 2914 corp: 94/21Kb lim: 708 exec/s: 0 rss: 53Mb L: 132/708 MS: 1 PersAutoDict- DE: "\000\316"-
#423	NEW    cov: 1148 ft: 2917 corp: 95/21Kb lim: 708 exec/s: 0 rss: 54Mb L: 708/708 MS: 3 ChangeBit-CopyPart-ChangeBinInt-
#434	REDUCE cov: 1148 ft: 2917 corp: 95/21Kb lim: 708 exec/s: 0 rss: 54Mb L: 115/708 MS: 1 EraseBytes-
#455	NEW    cov: 1148 ft: 2920 corp: 96/21Kb lim: 708 exec/s: 0 rss: 54Mb L: 132/708 MS: 1 ChangeASCIIInt-
#466	NEW    cov: 1148 ft: 2921 corp: 97/22Kb lim: 708 exec/s: 0 rss: 54Mb L: 204/708 MS: 1 ChangeByte-
#477	NEW    cov: 1148 ft: 2924 corp: 98/22Kb lim: 708 exec/s: 0 rss: 54Mb L: 136/708 MS: 1 ManualDict- DE: "ulw    %[temp5], "-
#479	NEW    cov: 1148 ft: 2946 corp: 99/22Kb lim: 708 exec/s: 0 rss: 54Mb L: 124/708 MS: 2 ShuffleBytes-ManualDict- DE: "src/dec/vp8i_dec.h"-
#480	NEW    cov: 1148 ft: 2947 corp: 100/22Kb lim: 708 exec/s: 0 rss: 54Mb L: 84/708 MS: 1 InsertRepeatedBytes-
#496	NEW    cov: 1149 ft: 2948 corp: 101/22Kb lim: 708 exec/s: 0 rss: 54Mb L: 193/708 MS: 1 EraseBytes-
#527	NEW    cov: 1153 ft: 2957 corp: 102/22Kb lim: 708 exec/s: 0 rss: 54Mb L: 272/708 MS: 1 ChangeBinInt-
#528	NEW    cov: 1153 ft: 2960 corp: 103/23Kb lim: 708 exec/s: 0 rss: 54Mb L: 204/708 MS: 1 InsertRepeatedBytes-
#534	NEW    cov: 1153 ft: 2963 corp: 104/23Kb lim: 708 exec/s: 0 rss: 54Mb L: 320/708 MS: 1 ManualDict- DE: "RIFF + VP8X"-
#535	REDUCE cov: 1153 ft: 2963 corp: 104/23Kb lim: 708 exec/s: 0 rss: 54Mb L: 26/708 MS: 1 EraseBytes-
#536	NEW    cov: 1153 ft: 2966 corp: 105/23Kb lim: 708 exec/s: 0 rss: 54Mb L: 165/708 MS: 1 InsertByte-
#547	NEW    cov: 1153 ft: 2978 corp: 106/23Kb lim: 708 exec/s: 0 rss: 54Mb L: 160/708 MS: 1 ManualDict- DE: "lbu      %[temp8],  1+3*"-
#554	NEW    cov: 1160 ft: 2994 corp: 107/23Kb lim: 708 exec/s: 0 rss: 54Mb L: 193/708 MS: 2 CrossOver-CopyPart-
#560	NEW    cov: 1160 ft: 3007 corp: 108/24Kb lim: 708 exec/s: 0 rss: 55Mb L: 106/708 MS: 1 CMP- DE: "\377\377\377\377"-
#591	NEW    cov: 1160 ft: 3013 corp: 109/24Kb lim: 708 exec/s: 0 rss: 55Mb L: 620/708 MS: 1 PersAutoDict- DE: "vabd.u8    q15,"-
#592	NEW    cov: 1160 ft: 3018 corp: 110/24Kb lim: 708 exec/s: 0 rss: 55Mb L: 131/708 MS: 1 CopyPart-
#593	NEW    cov: 1160 ft: 3021 corp: 111/24Kb lim: 708 exec/s: 0 rss: 55Mb L: 181/708 MS: 1 InsertByte-
#602	NEW    cov: 1160 ft: 3024 corp: 112/25Kb lim: 708 exec/s: 0 rss: 55Mb L: 598/708 MS: 4 ChangeByte-ChangeBit-ShuffleBytes-ChangeBit-
#608	NEW    cov: 1160 ft: 3025 corp: 113/25Kb lim: 708 exec/s: 0 rss: 55Mb L: 131/708 MS: 1 ChangeBinInt-
#610	NEW    cov: 1160 ft: 3026 corp: 114/25Kb lim: 708 exec/s: 0 rss: 56Mb L: 176/708 MS: 2 PersAutoDict-ChangeByte- DE: "[6], "-
#621	NEW    cov: 1165 ft: 3033 corp: 115/26Kb lim: 708 exec/s: 0 rss: 56Mb L: 164/708 MS: 1 ChangeBit-
#632	NEW    cov: 1165 ft: 3036 corp: 116/26Kb lim: 708 exec/s: 0 rss: 56Mb L: 708/708 MS: 1 PersAutoDict- DE: "lw           %[temp2],       "-
#643	NEW    cov: 1165 ft: 3050 corp: 117/26Kb lim: 708 exec/s: 0 rss: 56Mb L: 90/708 MS: 1 ManualDict- DE: "MALLOC_FAIL_AT"-
#649	REDUCE cov: 1165 ft: 3050 corp: 117/26Kb lim: 708 exec/s: 0 rss: 56Mb L: 180/708 MS: 1 EraseBytes-
#650	REDUCE cov: 1165 ft: 3050 corp: 117/26Kb lim: 708 exec/s: 0 rss: 56Mb L: 120/708 MS: 1 EraseBytes-
#666	NEW    cov: 1165 ft: 3053 corp: 118/26Kb lim: 708 exec/s: 0 rss: 56Mb L: 72/708 MS: 1 ChangeBit-
#667	NEW    cov: 1167 ft: 3092 corp: 119/27Kb lim: 708 exec/s: 0 rss: 56Mb L: 708/708 MS: 1 CrossOver-
#683	NEW    cov: 1167 ft: 3093 corp: 120/27Kb lim: 708 exec/s: 0 rss: 57Mb L: 176/708 MS: 1 ManualDict- DE: " #TEMP2 "-
#689	NEW    cov: 1167 ft: 3099 corp: 121/28Kb lim: 708 exec/s: 0 rss: 57Mb L: 708/708 MS: 1 ChangeBinInt-
#695	NEW    cov: 1170 ft: 3107 corp: 122/28Kb lim: 708 exec/s: 0 rss: 57Mb L: 181/708 MS: 1 ChangeBinInt-
#696	REDUCE cov: 1170 ft: 3107 corp: 122/28Kb lim: 708 exec/s: 0 rss: 57Mb L: 64/708 MS: 1 EraseBytes-
#712	NEW    cov: 1170 ft: 3108 corp: 123/28Kb lim: 708 exec/s: 0 rss: 57Mb L: 176/708 MS: 1 ChangeBinInt-
#713	NEW    cov: 1170 ft: 3111 corp: 124/28Kb lim: 708 exec/s: 0 rss: 57Mb L: 159/708 MS: 1 InsertRepeatedBytes-
#718	NEW    cov: 1170 ft: 3112 corp: 125/29Kb lim: 708 exec/s: 0 rss: 57Mb L: 321/708 MS: 5 ManualDict-InsertByte-EraseBytes-ChangeASCIIInt-InsertRepeatedBytes- DE: "lbu    %[temp0],  0+"-
#723	NEW    cov: 1170 ft: 3113 corp: 126/29Kb lim: 708 exec/s: 0 rss: 57Mb L: 644/708 MS: 5 ShuffleBytes-ChangeBinInt-ChangeASCIIInt-ManualDict-PersAutoDict- DE: "lbu      %[temp5],  0+3*"-"(VP8kclip1), [thresh2]"-
#733	REDUCE cov: 1170 ft: 3113 corp: 126/29Kb lim: 708 exec/s: 0 rss: 58Mb L: 175/708 MS: 5 ShuffleBytes-PersAutoDict-InsertByte-ChangeBinInt-EraseBytes- DE: "src/dec/vp8i_dec.h"-
#734	NEW    cov: 1170 ft: 3114 corp: 127/30Kb lim: 708 exec/s: 0 rss: 58Mb L: 708/708 MS: 1 ShuffleBytes-
#735	NEW    cov: 1171 ft: 3115 corp: 128/30Kb lim: 708 exec/s: 0 rss: 58Mb L: 78/708 MS: 1 PersAutoDict- DE: "[6], "-
#756	NEW    cov: 1171 ft: 3119 corp: 129/30Kb lim: 708 exec/s: 0 rss: 58Mb L: 273/708 MS: 1 InsertByte-
#760	NEW    cov: 1171 ft: 3121 corp: 130/31Kb lim: 708 exec/s: 0 rss: 58Mb L: 708/708 MS: 4 ChangeBinInt-ChangeASCIIInt-ShuffleBytes-ManualDict- DE: "(stride), [VP8kclip1]"-
#766	NEW    cov: 1171 ft: 3122 corp: 131/31Kb lim: 708 exec/s: 0 rss: 58Mb L: 132/708 MS: 1 ChangeASCIIInt-
#797	NEW    cov: 1171 ft: 3129 corp: 132/31Kb lim: 708 exec/s: 0 rss: 58Mb L: 256/708 MS: 1 CrossOver-
#806	NEW    cov: 1171 ft: 3130 corp: 133/32Kb lim: 708 exec/s: 0 rss: 58Mb L: 620/708 MS: 4 ChangeASCIIInt-ChangeBit-CrossOver-ChangeASCIIInt-
#822	NEW    cov: 1171 ft: 3132 corp: 134/32Kb lim: 708 exec/s: 0 rss: 59Mb L: 132/708 MS: 1 ShuffleBytes-
#826	NEW    cov: 1171 ft: 3134 corp: 135/32Kb lim: 708 exec/s: 0 rss: 59Mb L: 163/708 MS: 4 ChangeASCIIInt-ManualDict-InsertRepeatedBytes-ManualDict- DE: "lw     %[temp1],  "-"lhu         %[temp3],     "-
#834	NEW    cov: 1171 ft: 3135 corp: 136/32Kb lim: 708 exec/s: 0 rss: 59Mb L: 191/708 MS: 3 ChangeASCIIInt-InsertRepeatedBytes-ChangeASCIIInt-
#836	NEW    cov: 1171 ft: 3140 corp: 137/33Kb lim: 708 exec/s: 0 rss: 60Mb L: 158/708 MS: 2 ManualDict-ManualDict- DE: "lbu      %[temp11], 2+3*"-"subu   %[temp19],    %["-
#843	NEW    cov: 1171 ft: 3142 corp: 138/33Kb lim: 708 exec/s: 0 rss: 60Mb L: 50/708 MS: 2 PersAutoDict-ChangeBit- DE: "vabd.u8    q15,"-
#845	NEW    cov: 1171 ft: 3153 corp: 139/33Kb lim: 708 exec/s: 0 rss: 60Mb L: 708/708 MS: 2 ChangeASCIIInt-ChangeBit-
#872	NEW    cov: 1171 ft: 3156 corp: 140/34Kb lim: 708 exec/s: 0 rss: 60Mb L: 136/708 MS: 2 ChangeBit-ChangeASCIIInt-
#873	REDUCE cov: 1171 ft: 3156 corp: 140/34Kb lim: 708 exec/s: 0 rss: 60Mb L: 141/708 MS: 1 EraseBytes-
#879	NEW    cov: 1171 ft: 3158 corp: 141/34Kb lim: 708 exec/s: 0 rss: 60Mb L: 176/708 MS: 1 CopyPart-
#881	NEW    cov: 1171 ft: 3160 corp: 142/34Kb lim: 708 exec/s: 0 rss: 60Mb L: 123/708 MS: 2 InsertByte-CMP- DE: "VP8 "-
#882	NEW    cov: 1171 ft: 3161 corp: 143/34Kb lim: 708 exec/s: 0 rss: 60Mb L: 708/708 MS: 1 ChangeByte-
#907	NEW    cov: 1173 ft: 3172 corp: 144/35Kb lim: 708 exec/s: 0 rss: 61Mb L: 229/708 MS: 5 InsertRepeatedBytes-ChangeByte-ChangeBit-ChangeByte-ChangeBinInt-
#913	NEW    cov: 1173 ft: 3173 corp: 145/35Kb lim: 708 exec/s: 0 rss: 61Mb L: 176/708 MS: 1 ShuffleBytes-
#929	NEW    cov: 1173 ft: 3176 corp: 146/36Kb lim: 708 exec/s: 0 rss: 61Mb L: 708/708 MS: 1 ChangeASCIIInt-
#940	NEW    cov: 1173 ft: 3182 corp: 147/36Kb lim: 708 exec/s: 0 rss: 61Mb L: 150/708 MS: 1 ManualDict- DE: "(top_1), [top]"-
#1012	NEW    cov: 1173 ft: 3185 corp: 148/36Kb lim: 708 exec/s: 0 rss: 62Mb L: 272/708 MS: 2 ChangeBit-ChangeBinInt-
#1013	NEW    cov: 1173 ft: 3187 corp: 149/36Kb lim: 708 exec/s: 0 rss: 62Mb L: 180/708 MS: 1 ChangeByte-
#1020	REDUCE cov: 1173 ft: 3187 corp: 149/36Kb lim: 708 exec/s: 0 rss: 62Mb L: 131/708 MS: 2 EraseBytes-PersAutoDict- DE: "c\000\000\000\000\000\000\000"-
#1031	NEW    cov: 1173 ft: 3194 corp: 150/36Kb lim: 708 exec/s: 0 rss: 62Mb L: 243/708 MS: 1 InsertRepeatedBytes-
#1066	REDUCE cov: 1173 ft: 3194 corp: 150/36Kb lim: 708 exec/s: 0 rss: 62Mb L: 40/708 MS: 5 ManualDict-CrossOver-InsertByte-ChangeASCIIInt-EraseBytes- DE: "(v), [y]"-
#1073	NEW    cov: 1173 ft: 3195 corp: 151/37Kb lim: 708 exec/s: 0 rss: 62Mb L: 708/708 MS: 2 ChangeBit-ManualDict- DE: "usw         %[temp3],     "-
#1091	NEW    cov: 1173 ft: 3197 corp: 152/38Kb lim: 708 exec/s: 0 rss: 63Mb L: 708/708 MS: 3 ShuffleBytes-CopyPart-CrossOver-
#1097	NEW    cov: 1173 ft: 3198 corp: 153/38Kb lim: 708 exec/s: 0 rss: 63Mb L: 204/708 MS: 1 ManualDict- DE: "src/utils/random_utils.h"-
#1108	NEW    cov: 1173 ft: 3200 corp: 154/38Kb lim: 708 exec/s: 0 rss: 64Mb L: 191/708 MS: 1 ManualDict- DE: "subu            %[temp19],     %["-
#1109	NEW    cov: 1173 ft: 3201 corp: 155/38Kb lim: 708 exec/s: 0 rss: 64Mb L: 106/708 MS: 1 ManualDict- DE: "(b), [w]"-
#1110	NEW    cov: 1173 ft: 3202 corp: 156/38Kb lim: 708 exec/s: 0 rss: 64Mb L: 191/708 MS: 1 CrossOver-
#1111	NEW    cov: 1173 ft: 3208 corp: 157/39Kb lim: 708 exec/s: 0 rss: 64Mb L: 708/708 MS: 1 ChangeBinInt-
#1137	NEW    cov: 1173 ft: 3209 corp: 158/40Kb lim: 708 exec/s: 0 rss: 64Mb L: 708/708 MS: 1 ChangeByte-
#1158	NEW    cov: 1173 ft: 3211 corp: 159/40Kb lim: 708 exec/s: 0 rss: 65Mb L: 180/708 MS: 1 CrossOver-
#1164	NEW    cov: 1173 ft: 3217 corp: 160/40Kb lim: 708 exec/s: 0 rss: 65Mb L: 34/708 MS: 1 ChangeBinInt-
#1170	NEW    cov: 1173 ft: 3218 corp: 161/40Kb lim: 708 exec/s: 0 rss: 65Mb L: 132/708 MS: 1 ChangeBit-
#1172	REDUCE cov: 1173 ft: 3218 corp: 161/40Kb lim: 708 exec/s: 0 rss: 65Mb L: 171/708 MS: 2 CMP-EraseBytes- DE: "VP8L"-
#1179	NEW    cov: 1173 ft: 3221 corp: 162/40Kb lim: 708 exec/s: 0 rss: 65Mb L: 138/708 MS: 2 PersAutoDict-ChangeBinInt- DE: "M\037\000\000"-
#1190	NEW    cov: 1173 ft: 3226 corp: 163/41Kb lim: 708 exec/s: 0 rss: 65Mb L: 708/708 MS: 1 ManualDict- DE: "subq.ph         %[temp8],     %["-
#1228	NEW    cov: 1174 ft: 3240 corp: 164/42Kb lim: 708 exec/s: 0 rss: 66Mb L: 708/708 MS: 3 PersAutoDict-PersAutoDict-ChangeBit- DE: "lw     %[temp1],  "-"VP8 "-
#1260	NEW    cov: 1174 ft: 3243 corp: 165/42Kb lim: 708 exec/s: 0 rss: 66Mb L: 127/708 MS: 2 ManualDict-ChangeBinInt- DE: "[2], "-
#1305	REDUCE cov: 1174 ft: 3243 corp: 165/42Kb lim: 708 exec/s: 0 rss: 66Mb L: 134/708 MS: 5 ShuffleBytes-ManualDict-InsertRepeatedBytes-ShuffleBytes-EraseBytes- DE: "src/utils/huffman_utils.h"-
#1311	NEW    cov: 1174 ft: 3247 corp: 166/42Kb lim: 708 exec/s: 0 rss: 66Mb L: 122/708 MS: 1 PersAutoDict- DE: "\001\004"-
#1312	NEW    cov: 1174 ft: 3248 corp: 167/42Kb lim: 708 exec/s: 0 rss: 66Mb L: 159/708 MS: 1 CrossOver-
#1313	NEW    cov: 1174 ft: 3249 corp: 168/43Kb lim: 708 exec/s: 0 rss: 67Mb L: 708/708 MS: 1 PersAutoDict- DE: "VP8L"-
#1330	NEW    cov: 1174 ft: 3250 corp: 169/43Kb lim: 708 exec/s: 0 rss: 67Mb L: 708/708 MS: 2 ChangeASCIIInt-CrossOver-
#1331	NEW    cov: 1174 ft: 3253 corp: 170/43Kb lim: 708 exec/s: 0 rss: 67Mb L: 34/708 MS: 1 ChangeBit-
#1342	NEW    cov: 1175 ft: 3255 corp: 171/44Kb lim: 708 exec/s: 0 rss: 67Mb L: 123/708 MS: 1 ChangeASCIIInt-
#1363	NEW    cov: 1175 ft: 3256 corp: 172/44Kb lim: 708 exec/s: 0 rss: 68Mb L: 132/708 MS: 1 CrossOver-
#1366	NEW    cov: 1175 ft: 3270 corp: 173/44Kb lim: 708 exec/s: 0 rss: 68Mb L: 708/708 MS: 3 ShuffleBytes-CrossOver-ChangeBit-
#1398	NEW    cov: 1176 ft: 3271 corp: 174/44Kb lim: 708 exec/s: 0 rss: 69Mb L: 9/708 MS: 2 ChangeByte-CrossOver-
#1404	NEW    cov: 1176 ft: 3272 corp: 175/45Kb lim: 708 exec/s: 0 rss: 69Mb L: 708/708 MS: 1 ChangeByte-
#1407	NEW    cov: 1177 ft: 3273 corp: 176/45Kb lim: 708 exec/s: 0 rss: 69Mb L: 176/708 MS: 3 ChangeBinInt-ChangeBinInt-ChangeBit-
	NEW_FUNC[1/4]: 0xaaaac7f07eac in SimpleVFilter16_NEON /b/libwebp/src/dsp/dec_neon.c:513
	NEW_FUNC[2/4]: 0xaaaac7f082c0 in SimpleHFilter16_NEON /b/libwebp/src/dsp/dec_neon.c:523
#1439	NEW    cov: 1198 ft: 3301 corp: 177/45Kb lim: 708 exec/s: 0 rss: 69Mb L: 193/708 MS: 2 ChangeBit-ChangeBit-
#1470	NEW    cov: 1198 ft: 3302 corp: 178/46Kb lim: 708 exec/s: 0 rss: 70Mb L: 288/708 MS: 1 InsertRepeatedBytes-
#1497	NEW    cov: 1198 ft: 3303 corp: 179/46Kb lim: 708 exec/s: 0 rss: 70Mb L: 398/708 MS: 2 ChangeBit-InsertRepeatedBytes-
#1518	NEW    cov: 1199 ft: 3306 corp: 180/46Kb lim: 708 exec/s: 0 rss: 70Mb L: 176/708 MS: 1 ChangeBinInt-
#1521	NEW    cov: 1199 ft: 3308 corp: 181/46Kb lim: 708 exec/s: 0 rss: 70Mb L: 184/708 MS: 3 ManualDict-ManualDict-ChangeByte- DE: "(p_loop1_end), [p_loop2_end]"-"sb       %[temp11], 2+3*"-
#1532	NEW    cov: 1199 ft: 3311 corp: 182/47Kb lim: 708 exec/s: 0 rss: 71Mb L: 708/708 MS: 1 PersAutoDict- DE: "(p_loop1_end), [p_loop2_end]"-
#1533	NEW    cov: 1199 ft: 3312 corp: 183/47Kb lim: 708 exec/s: 0 rss: 71Mb L: 165/708 MS: 1 ChangeASCIIInt-
#1555	NEW    cov: 1199 ft: 3314 corp: 184/48Kb lim: 708 exec/s: 0 rss: 71Mb L: 708/708 MS: 2 ChangeBit-ChangeByte-
#1562	NEW    cov: 1201 ft: 3317 corp: 185/48Kb lim: 708 exec/s: 0 rss: 71Mb L: 136/708 MS: 2 ChangeASCIIInt-ChangeBinInt-
#1574	NEW    cov: 1201 ft: 3324 corp: 186/48Kb lim: 708 exec/s: 0 rss: 72Mb L: 184/708 MS: 2 ShuffleBytes-PersAutoDict- DE: " #TEMP2 "-
#1587	NEW    cov: 1201 ft: 3325 corp: 187/49Kb lim: 708 exec/s: 0 rss: 72Mb L: 174/708 MS: 3 CrossOver-ShuffleBytes-InsertByte-
#1593	NEW    cov: 1201 ft: 3333 corp: 188/49Kb lim: 708 exec/s: 0 rss: 72Mb L: 708/708 MS: 1 CopyPart-
#1604	NEW    cov: 1201 ft: 3334 corp: 189/50Kb lim: 708 exec/s: 0 rss: 72Mb L: 620/708 MS: 1 ChangeASCIIInt-
#1640	NEW    cov: 1201 ft: 3335 corp: 190/50Kb lim: 708 exec/s: 0 rss: 73Mb L: 133/708 MS: 1 InsertByte-
#1646	NEW    cov: 1202 ft: 3344 corp: 191/50Kb lim: 708 exec/s: 0 rss: 73Mb L: 234/708 MS: 1 CopyPart-
#1657	NEW    cov: 1202 ft: 3345 corp: 192/50Kb lim: 708 exec/s: 0 rss: 73Mb L: 176/708 MS: 1 ChangeBinInt-
#1784	NEW    cov: 1202 ft: 3347 corp: 193/51Kb lim: 708 exec/s: 0 rss: 74Mb L: 708/708 MS: 2 ChangeByte-ChangeByte-
#1800	REDUCE cov: 1202 ft: 3347 corp: 193/51Kb lim: 708 exec/s: 0 rss: 74Mb L: 110/708 MS: 1 EraseBytes-
#1822	REDUCE cov: 1202 ft: 3347 corp: 193/51Kb lim: 708 exec/s: 0 rss: 74Mb L: 87/708 MS: 2 CopyPart-CrossOver-
#1870	NEW    cov: 1202 ft: 3355 corp: 194/52Kb lim: 708 exec/s: 0 rss: 75Mb L: 708/708 MS: 3 ChangeBinInt-CrossOver-CopyPart-
#1871	NEW    cov: 1202 ft: 3356 corp: 195/52Kb lim: 708 exec/s: 0 rss: 75Mb L: 644/708 MS: 1 ManualDict- DE: "+&r"-
#1898	NEW    cov: 1202 ft: 3358 corp: 196/52Kb lim: 708 exec/s: 0 rss: 76Mb L: 206/708 MS: 2 ManualDict-CopyPart- DE: "(kC1C2), [ref] "-
#1899	NEW    cov: 1203 ft: 3365 corp: 197/53Kb lim: 708 exec/s: 0 rss: 76Mb L: 132/708 MS: 1 ShuffleBytes-
#1905	NEW    cov: 1203 ft: 3369 corp: 198/53Kb lim: 708 exec/s: 0 rss: 76Mb L: 181/708 MS: 1 InsertByte-
#1933	NEW    cov: 1204 ft: 3370 corp: 199/53Kb lim: 708 exec/s: 0 rss: 76Mb L: 283/708 MS: 3 ManualDict-CopyPart-ChangeBit- DE: "vld4.8 {"-
#1974	NEW    cov: 1205 ft: 3373 corp: 200/53Kb lim: 708 exec/s: 0 rss: 77Mb L: 329/708 MS: 1 ManualDict- DE: "lw     %["-
#2010	NEW    cov: 1205 ft: 3378 corp: 201/54Kb lim: 708 exec/s: 0 rss: 77Mb L: 218/708 MS: 1 CopyPart-
#2016	REDUCE cov: 1205 ft: 3378 corp: 201/54Kb lim: 708 exec/s: 0 rss: 78Mb L: 171/708 MS: 1 EraseBytes-
#2022	NEW    cov: 1205 ft: 3379 corp: 202/54Kb lim: 708 exec/s: 0 rss: 78Mb L: 100/708 MS: 1 InsertByte-
#2039	NEW    cov: 1205 ft: 3380 corp: 203/54Kb lim: 708 exec/s: 0 rss: 78Mb L: 214/708 MS: 2 InsertRepeatedBytes-EraseBytes-
#2041	NEW    cov: 1205 ft: 3389 corp: 204/55Kb lim: 708 exec/s: 0 rss: 78Mb L: 708/708 MS: 2 ChangeASCIIInt-ChangeASCIIInt-
#2092	NEW    cov: 1205 ft: 3390 corp: 205/55Kb lim: 708 exec/s: 0 rss: 79Mb L: 132/708 MS: 1 ChangeBinInt-
#2108	NEW    cov: 1206 ft: 3392 corp: 206/55Kb lim: 708 exec/s: 0 rss: 79Mb L: 234/708 MS: 1 ChangeBit-
#2109	NEW    cov: 1206 ft: 3393 corp: 207/55Kb lim: 708 exec/s: 0 rss: 79Mb L: 237/708 MS: 1 InsertRepeatedBytes-
#2126	NEW    cov: 1206 ft: 3396 corp: 208/56Kb lim: 708 exec/s: 0 rss: 79Mb L: 394/708 MS: 2 ChangeByte-InsertRepeatedBytes-
#2136	NEW    cov: 1206 ft: 3399 corp: 209/56Kb lim: 708 exec/s: 0 rss: 80Mb L: 661/708 MS: 5 ChangeByte-InsertByte-ChangeByte-ManualDict-InsertRepeatedBytes- DE: "(b), [c]"-
#2178	NEW    cov: 1208 ft: 3401 corp: 210/56Kb lim: 708 exec/s: 0 rss: 80Mb L: 191/708 MS: 2 ChangeASCIIInt-ChangeBinInt-
#2184	NEW    cov: 1208 ft: 3405 corp: 211/57Kb lim: 708 exec/s: 0 rss: 81Mb L: 398/708 MS: 1 ChangeByte-
#2206	NEW    cov: 1208 ft: 3407 corp: 212/57Kb lim: 708 exec/s: 0 rss: 81Mb L: 202/708 MS: 2 InsertRepeatedBytes-ChangeByte-
#2212	NEW    cov: 1208 ft: 3408 corp: 213/57Kb lim: 708 exec/s: 0 rss: 81Mb L: 186/708 MS: 1 InsertRepeatedBytes-
#2237	NEW    cov: 1208 ft: 3410 corp: 214/58Kb lim: 708 exec/s: 0 rss: 81Mb L: 708/708 MS: 5 ChangeASCIIInt-ManualDict-CopyPart-ChangeBinInt-ChangeByte- DE: " #TEMP2 "-
#2283	NEW    cov: 1208 ft: 3411 corp: 215/58Kb lim: 708 exec/s: 0 rss: 82Mb L: 524/708 MS: 1 CopyPart-
#2384	NEW    cov: 1208 ft: 3420 corp: 216/58Kb lim: 708 exec/s: 0 rss: 83Mb L: 107/708 MS: 1 CopyPart-
#2429	NEW    cov: 1208 ft: 3421 corp: 217/59Kb lim: 708 exec/s: 0 rss: 84Mb L: 106/708 MS: 5 CopyPart-ChangeBinInt-ShuffleBytes-ChangeBit-ChangeByte-
#2501	NEW    cov: 1208 ft: 3422 corp: 218/59Kb lim: 708 exec/s: 0 rss: 85Mb L: 690/708 MS: 2 ManualDict-CrossOver- DE: "],  "-
#2507	NEW    cov: 1208 ft: 3424 corp: 219/60Kb lim: 708 exec/s: 0 rss: 85Mb L: 394/708 MS: 1 InsertRepeatedBytes-
#2535	NEW    cov: 1208 ft: 3425 corp: 220/60Kb lim: 708 exec/s: 0 rss: 85Mb L: 643/708 MS: 3 ChangeByte-InsertByte-CopyPart-
#2561	NEW    cov: 1208 ft: 3426 corp: 221/60Kb lim: 708 exec/s: 0 rss: 85Mb L: 127/708 MS: 1 ShuffleBytes-
#2567	NEW    cov: 1208 ft: 3427 corp: 222/60Kb lim: 708 exec/s: 0 rss: 85Mb L: 123/708 MS: 1 InsertByte-
#2598	NEW    cov: 1208 ft: 3431 corp: 223/61Kb lim: 708 exec/s: 0 rss: 86Mb L: 708/708 MS: 1 CopyPart-
#2621	NEW    cov: 1208 ft: 3435 corp: 224/62Kb lim: 708 exec/s: 0 rss: 86Mb L: 598/708 MS: 3 CopyPart-ChangeBit-CMP- DE: "\000\000@\000"-
#2642	NEW    cov: 1208 ft: 3437 corp: 225/62Kb lim: 708 exec/s: 0 rss: 87Mb L: 708/708 MS: 1 CrossOver-
#2668	NEW    cov: 1208 ft: 3445 corp: 226/63Kb lim: 708 exec/s: 0 rss: 87Mb L: 131/708 MS: 1 ShuffleBytes-
#2681	NEW    cov: 1208 ft: 3449 corp: 227/63Kb lim: 708 exec/s: 0 rss: 87Mb L: 124/708 MS: 3 CopyPart-PersAutoDict-CopyPart- DE: "(v), [y]"-
#2745	NEW    cov: 1208 ft: 3451 corp: 228/63Kb lim: 708 exec/s: 0 rss: 89Mb L: 261/708 MS: 4 CrossOver-EraseBytes-ChangeBit-InsertRepeatedBytes-
#2757	NEW    cov: 1208 ft: 3457 corp: 229/63Kb lim: 708 exec/s: 0 rss: 89Mb L: 101/708 MS: 2 EraseBytes-InsertRepeatedBytes-
#2758	NEW    cov: 1208 ft: 3458 corp: 230/64Kb lim: 708 exec/s: 0 rss: 89Mb L: 708/708 MS: 1 CrossOver-
#2765	NEW    cov: 1208 ft: 3459 corp: 231/64Kb lim: 708 exec/s: 0 rss: 89Mb L: 708/708 MS: 2 ChangeBinInt-ChangeBinInt-
#2791	REDUCE cov: 1208 ft: 3459 corp: 231/64Kb lim: 708 exec/s: 0 rss: 90Mb L: 79/708 MS: 1 EraseBytes-
#2827	NEW    cov: 1208 ft: 3460 corp: 232/65Kb lim: 708 exec/s: 0 rss: 91Mb L: 181/708 MS: 1 InsertByte-
#2839	NEW    cov: 1208 ft: 3462 corp: 233/65Kb lim: 708 exec/s: 0 rss: 91Mb L: 708/708 MS: 2 ChangeASCIIInt-ChangeBinInt-
#2875	NEW    cov: 1208 ft: 3463 corp: 234/66Kb lim: 708 exec/s: 0 rss: 91Mb L: 252/708 MS: 1 InsertRepeatedBytes-
#2896	NEW    cov: 1208 ft: 3466 corp: 235/66Kb lim: 708 exec/s: 0 rss: 92Mb L: 56/708 MS: 1 ManualDict- DE: "ulw        %[temp2],  "-
#2976	NEW    cov: 1208 ft: 3467 corp: 236/66Kb lim: 708 exec/s: 0 rss: 93Mb L: 251/708 MS: 5 ManualDict-ChangeByte-ShuffleBytes-CopyPart-ManualDict- DE: "usw             %[temp4],   3*"-"lbu      %[temp11], 2+3*"-
#2993	NEW    cov: 1209 ft: 3468 corp: 237/66Kb lim: 708 exec/s: 0 rss: 93Mb L: 17/708 MS: 2 ChangeBinInt-EraseBytes-
#3004	NEW    cov: 1210 ft: 3469 corp: 238/66Kb lim: 708 exec/s: 0 rss: 93Mb L: 123/708 MS: 1 CrossOver-
#3040	NEW    cov: 1210 ft: 3472 corp: 239/66Kb lim: 708 exec/s: 0 rss: 94Mb L: 204/708 MS: 1 ChangeBit-
#3081	NEW    cov: 1210 ft: 3473 corp: 240/66Kb lim: 708 exec/s: 0 rss: 94Mb L: 77/708 MS: 1 CMP- DE: "Rvld"-
#3087	NEW    cov: 1210 ft: 3474 corp: 241/67Kb lim: 708 exec/s: 0 rss: 94Mb L: 708/708 MS: 1 ChangeBinInt-
#3098	NEW    cov: 1210 ft: 3493 corp: 242/67Kb lim: 708 exec/s: 0 rss: 94Mb L: 214/708 MS: 1 ChangeBit-
#3108	REDUCE cov: 1210 ft: 3493 corp: 242/67Kb lim: 708 exec/s: 0 rss: 94Mb L: 65/708 MS: 5 ChangeBit-ManualDict-CopyPart-ChangeBinInt-EraseBytes- DE: "lbu    %[temp7],  3+"-
#3139	NEW    cov: 1210 ft: 3499 corp: 243/67Kb lim: 708 exec/s: 0 rss: 95Mb L: 214/708 MS: 1 ChangeBinInt-
#3161	NEW    cov: 1210 ft: 3500 corp: 244/67Kb lim: 708 exec/s: 0 rss: 96Mb L: 176/708 MS: 2 ChangeBinInt-ChangeBinInt-
#3163	REDUCE cov: 1210 ft: 3500 corp: 244/67Kb lim: 708 exec/s: 0 rss: 96Mb L: 128/708 MS: 2 ChangeByte-EraseBytes-
#3195	NEW    cov: 1210 ft: 3501 corp: 245/68Kb lim: 708 exec/s: 0 rss: 96Mb L: 165/708 MS: 2 InsertByte-ChangeByte-
#3256	NEW    cov: 1216 ft: 3512 corp: 246/68Kb lim: 708 exec/s: 0 rss: 96Mb L: 193/708 MS: 1 ChangeBit-
#3287	NEW    cov: 1220 ft: 3516 corp: 247/68Kb lim: 708 exec/s: 0 rss: 97Mb L: 620/708 MS: 1 ChangeByte-
#3297	NEW    cov: 1220 ft: 3518 corp: 248/69Kb lim: 708 exec/s: 0 rss: 97Mb L: 202/708 MS: 5 ChangeASCIIInt-ChangeByte-ChangeASCIIInt-ShuffleBytes-ChangeBinInt-
#3323	NEW    cov: 1220 ft: 3519 corp: 249/69Kb lim: 708 exec/s: 0 rss: 98Mb L: 106/708 MS: 1 ShuffleBytes-
#3339	NEW    cov: 1220 ft: 3520 corp: 250/69Kb lim: 708 exec/s: 0 rss: 98Mb L: 125/708 MS: 1 InsertByte-
#3420	NEW    cov: 1220 ft: 3523 corp: 251/69Kb lim: 708 exec/s: 0 rss: 99Mb L: 159/708 MS: 1 CrossOver-
#3441	NEW    cov: 1220 ft: 3524 corp: 252/69Kb lim: 708 exec/s: 0 rss: 99Mb L: 183/708 MS: 1 EraseBytes-
#3493	NEW    cov: 1222 ft: 3528 corp: 253/69Kb lim: 708 exec/s: 0 rss: 100Mb L: 176/708 MS: 2 ChangeASCIIInt-ChangeByte-
#3504	NEW    cov: 1222 ft: 3531 corp: 254/70Kb lim: 708 exec/s: 0 rss: 100Mb L: 708/708 MS: 1 PersAutoDict- DE: "],  "-
#3521	NEW    cov: 1222 ft: 3535 corp: 255/70Kb lim: 708 exec/s: 0 rss: 100Mb L: 256/708 MS: 2 ChangeByte-ShuffleBytes-
#3607	REDUCE cov: 1222 ft: 3535 corp: 255/70Kb lim: 708 exec/s: 0 rss: 102Mb L: 95/708 MS: 1 EraseBytes-
#3628	NEW    cov: 1224 ft: 3546 corp: 256/71Kb lim: 708 exec/s: 0 rss: 102Mb L: 708/708 MS: 1 ShuffleBytes-
#3639	NEW    cov: 1224 ft: 3548 corp: 257/71Kb lim: 708 exec/s: 0 rss: 103Mb L: 309/708 MS: 1 InsertRepeatedBytes-
#3680	NEW    cov: 1225 ft: 3549 corp: 258/72Kb lim: 708 exec/s: 0 rss: 104Mb L: 272/708 MS: 1 PersAutoDict- DE: "(stride), [VP8kclip1]"-
#3692	NEW    cov: 1225 ft: 3552 corp: 259/72Kb lim: 708 exec/s: 0 rss: 104Mb L: 275/708 MS: 2 ChangeASCIIInt-InsertRepeatedBytes-
#3723	NEW    cov: 1225 ft: 3553 corp: 260/72Kb lim: 708 exec/s: 0 rss: 105Mb L: 402/708 MS: 1 PersAutoDict- DE: "\000\000@\000"-
#3809	REDUCE cov: 1225 ft: 3553 corp: 260/72Kb lim: 708 exec/s: 0 rss: 105Mb L: 386/708 MS: 1 EraseBytes-
#3818	REDUCE cov: 1225 ft: 3553 corp: 260/72Kb lim: 708 exec/s: 0 rss: 105Mb L: 592/708 MS: 4 ChangeBinInt-ShuffleBytes-ManualDict-EraseBytes- DE: "addqh.ph        %["-
#3839	REDUCE cov: 1225 ft: 3553 corp: 260/72Kb lim: 708 exec/s: 0 rss: 106Mb L: 88/708 MS: 1 EraseBytes-
#3901	NEW    cov: 1225 ft: 3554 corp: 261/73Kb lim: 708 exec/s: 0 rss: 107Mb L: 497/708 MS: 2 InsertRepeatedBytes-CopyPart-
#3937	REDUCE cov: 1225 ft: 3554 corp: 261/72Kb lim: 708 exec/s: 0 rss: 107Mb L: 174/708 MS: 1 CrossOver-
#3953	NEW    cov: 1225 ft: 3556 corp: 262/73Kb lim: 708 exec/s: 0 rss: 107Mb L: 136/708 MS: 1 CMP- DE: "VP8L"-
#3977	NEW    cov: 1225 ft: 3557 corp: 263/73Kb lim: 708 exec/s: 0 rss: 107Mb L: 708/708 MS: 4 CopyPart-ShuffleBytes-ChangeBit-ChangeByte-
#4014	NEW    cov: 1225 ft: 3559 corp: 264/74Kb lim: 708 exec/s: 0 rss: 108Mb L: 708/708 MS: 2 CopyPart-ChangeASCIIInt-
#4025	NEW    cov: 1225 ft: 3560 corp: 265/75Kb lim: 708 exec/s: 0 rss: 108Mb L: 708/708 MS: 1 ChangeBit-
#4057	NEW    cov: 1225 ft: 3562 corp: 266/75Kb lim: 708 exec/s: 0 rss: 109Mb L: 235/708 MS: 2 CrossOver-InsertByte-
#4091	NEW    cov: 1225 ft: 3563 corp: 267/75Kb lim: 708 exec/s: 0 rss: 110Mb L: 300/708 MS: 4 InsertByte-ChangeBinInt-PersAutoDict-ManualDict- DE: "sb       %[temp11], 2+3*"-"lbu    %[temp5],  1+"-
#4107	NEW    cov: 1225 ft: 3564 corp: 268/76Kb lim: 708 exec/s: 0 rss: 110Mb L: 708/708 MS: 1 ChangeBit-
#4118	NEW    cov: 1225 ft: 3565 corp: 269/76Kb lim: 708 exec/s: 0 rss: 111Mb L: 132/708 MS: 1 ChangeBinInt-
#4223	NEW    cov: 1227 ft: 3579 corp: 270/77Kb lim: 708 exec/s: 0 rss: 112Mb L: 708/708 MS: 5 ManualDict-ChangeBit-ChangeASCIIInt-ChangeASCIIInt-ShuffleBytes- DE: "(pout), [max_level1]"-
#4224	NEW    cov: 1227 ft: 3580 corp: 271/77Kb lim: 708 exec/s: 0 rss: 112Mb L: 125/708 MS: 1 InsertByte-
#4280	NEW    cov: 1227 ft: 3581 corp: 272/78Kb lim: 708 exec/s: 0 rss: 112Mb L: 708/708 MS: 1 ChangeASCIIInt-
#4291	NEW    cov: 1227 ft: 3585 corp: 273/78Kb lim: 708 exec/s: 0 rss: 112Mb L: 708/708 MS: 1 ShuffleBytes-
#4318	NEW    cov: 1227 ft: 3588 corp: 274/79Kb lim: 708 exec/s: 0 rss: 113Mb L: 708/708 MS: 2 ChangeBit-ChangeBit-
#4359	NEW    cov: 1227 ft: 3589 corp: 275/80Kb lim: 708 exec/s: 0 rss: 114Mb L: 708/708 MS: 1 ChangeByte-
#4403	NEW    cov: 1228 ft: 3590 corp: 276/80Kb lim: 708 exec/s: 0 rss: 115Mb L: 693/708 MS: 4 ChangeByte-ShuffleBytes-InsertRepeatedBytes-ShuffleBytes-
#4405	NEW    cov: 1230 ft: 3594 corp: 277/80Kb lim: 708 exec/s: 0 rss: 115Mb L: 176/708 MS: 2 ChangeBinInt-ChangeByte-
#4408	NEW    cov: 1230 ft: 3600 corp: 278/81Kb lim: 708 exec/s: 0 rss: 115Mb L: 124/708 MS: 3 ManualDict-ChangeBinInt-ShuffleBytes- DE: "usw        %[value],  4+"-
#4421	NEW    cov: 1230 ft: 3602 corp: 279/81Kb lim: 708 exec/s: 0 rss: 116Mb L: 708/708 MS: 3 ChangeBit-ChangeASCIIInt-ChangeBinInt-
#4468	NEW    cov: 1230 ft: 3603 corp: 280/82Kb lim: 708 exec/s: 0 rss: 118Mb L: 708/708 MS: 2 ChangeASCIIInt-CopyPart-
#4475	NEW    cov: 1231 ft: 3608 corp: 281/82Kb lim: 708 exec/s: 0 rss: 118Mb L: 234/708 MS: 2 ChangeBit-ShuffleBytes-
#4476	NEW    cov: 1234 ft: 3611 corp: 282/82Kb lim: 708 exec/s: 0 rss: 118Mb L: 218/708 MS: 1 EraseBytes-
#4532	NEW    cov: 1234 ft: 3613 corp: 283/83Kb lim: 708 exec/s: 0 rss: 119Mb L: 349/708 MS: 1 ManualDict- DE: "sb               %[temp6],   "-
#4625	NEW    cov: 1234 ft: 3619 corp: 284/83Kb lim: 708 exec/s: 0 rss: 120Mb L: 193/708 MS: 3 ShuffleBytes-ChangeByte-ChangeByte-
#4691	NEW    cov: 1234 ft: 3620 corp: 285/83Kb lim: 708 exec/s: 0 rss: 122Mb L: 114/708 MS: 1 PersAutoDict- DE: " #TEMP2 "-
#4754	NEW    cov: 1234 ft: 3621 corp: 286/84Kb lim: 708 exec/s: 0 rss: 123Mb L: 708/708 MS: 3 ShuffleBytes-CMP-ChangeByte- DE: "\000\000\202\356"-
#4762	NEW    cov: 1234 ft: 3622 corp: 287/84Kb lim: 708 exec/s: 0 rss: 123Mb L: 296/708 MS: 3 InsertRepeatedBytes-PersAutoDict-CopyPart- DE: "VP8L"-
#4796	NEW    cov: 1234 ft: 3623 corp: 288/85Kb lim: 708 exec/s: 0 rss: 124Mb L: 708/708 MS: 4 CrossOver-CMP-ChangeBit-ShuffleBytes- DE: "xxxx"-
#4828	REDUCE cov: 1234 ft: 3623 corp: 288/85Kb lim: 708 exec/s: 0 rss: 124Mb L: 103/708 MS: 2 ChangeASCIIInt-EraseBytes-
#4910	NEW    cov: 1234 ft: 3624 corp: 289/85Kb lim: 708 exec/s: 0 rss: 125Mb L: 362/708 MS: 2 InsertRepeatedBytes-ManualDict- DE: "],   %[temp16],     %["-
#4912	NEW    cov: 1234 ft: 3625 corp: 290/86Kb lim: 708 exec/s: 0 rss: 126Mb L: 616/708 MS: 2 InsertRepeatedBytes-ChangeASCIIInt-
#4917	NEW    cov: 1234 ft: 3627 corp: 291/86Kb lim: 708 exec/s: 0 rss: 126Mb L: 436/708 MS: 5 ManualDict-CopyPart-PersAutoDict-ShuffleBytes-ChangeBit- DE: "(hstride), [thresh2]"-"lhu         %[temp3],     "-
#4954	NEW    cov: 1234 ft: 3628 corp: 292/87Kb lim: 708 exec/s: 0 rss: 126Mb L: 708/708 MS: 2 ChangeASCIIInt-ChangeBit-
#4986	NEW    cov: 1234 ft: 3631 corp: 293/87Kb lim: 708 exec/s: 0 rss: 128Mb L: 183/708 MS: 2 ChangeByte-ChangeBit-
#4995	REDUCE cov: 1234 ft: 3631 corp: 293/87Kb lim: 708 exec/s: 0 rss: 128Mb L: 587/708 MS: 4 CMP-ChangeBinInt-ChangeBit-EraseBytes- DE: "\000\000\000\000\000\000\000\033"-
#5076	NEW    cov: 1234 ft: 3632 corp: 294/88Kb lim: 708 exec/s: 0 rss: 129Mb L: 708/708 MS: 1 ChangeASCIIInt-
#5082	NEW    cov: 1234 ft: 3633 corp: 295/88Kb lim: 708 exec/s: 0 rss: 129Mb L: 524/708 MS: 1 ChangeBinInt-
#5099	NEW    cov: 1234 ft: 3636 corp: 296/88Kb lim: 708 exec/s: 0 rss: 129Mb L: 29/708 MS: 2 InsertRepeatedBytes-EraseBytes-
#5125	NEW    cov: 1236 ft: 3639 corp: 297/88Kb lim: 708 exec/s: 0 rss: 129Mb L: 193/708 MS: 1 ManualDict- DE: "$ac2hi"-
#5154	NEW    cov: 1236 ft: 3641 corp: 298/89Kb lim: 708 exec/s: 0 rss: 130Mb L: 708/708 MS: 4 ChangeByte-CopyPart-ShuffleBytes-ChangeBinInt-
#5182	NEW    cov: 1236 ft: 3642 corp: 299/90Kb lim: 708 exec/s: 0 rss: 131Mb L: 708/708 MS: 3 ChangeBinInt-ChangeByte-ManualDict- DE: "],    %[temp18],      %["-
#5198	NEW    cov: 1236 ft: 3643 corp: 300/90Kb lim: 708 exec/s: 0 rss: 131Mb L: 708/708 MS: 1 ChangeBinInt-
#5360	REDUCE cov: 1236 ft: 3643 corp: 300/90Kb lim: 708 exec/s: 0 rss: 132Mb L: 186/708 MS: 2 CMP-EraseBytes- DE: "VP8X"-
#5366	NEW    cov: 1237 ft: 3645 corp: 301/90Kb lim: 708 exec/s: 0 rss: 132Mb L: 133/708 MS: 1 InsertByte-
#5376	NEW    cov: 1237 ft: 3646 corp: 302/91Kb lim: 708 exec/s: 0 rss: 133Mb L: 708/708 MS: 5 EraseBytes-ChangeByte-CrossOver-PersAutoDict-ChangeByte- DE: "],   %[temp16],     %["-
#5379	NEW    cov: 1237 ft: 3651 corp: 303/91Kb lim: 708 exec/s: 0 rss: 134Mb L: 137/708 MS: 3 InsertByte-ShuffleBytes-ChangeBit-
#5410	REDUCE cov: 1237 ft: 3652 corp: 304/91Kb lim: 708 exec/s: 0 rss: 134Mb L: 178/708 MS: 1 CMP- DE: "\000\000\011\031"-
#5454	NEW    cov: 1237 ft: 3653 corp: 305/92Kb lim: 708 exec/s: 0 rss: 134Mb L: 241/708 MS: 4 InsertRepeatedBytes-InsertRepeatedBytes-CopyPart-ChangeByte-
#5535	NEW    cov: 1238 ft: 3654 corp: 306/92Kb lim: 708 exec/s: 0 rss: 135Mb L: 176/708 MS: 1 ChangeByte-
#5567	NEW    cov: 1244 ft: 3675 corp: 307/93Kb lim: 708 exec/s: 0 rss: 135Mb L: 708/708 MS: 2 PersAutoDict-ChangeBinInt- DE: "lw           %[temp2],       "-
#5662	REDUCE cov: 1244 ft: 3675 corp: 307/92Kb lim: 708 exec/s: 0 rss: 136Mb L: 233/708 MS: 5 ChangeBinInt-ChangeBinInt-InsertByte-ChangeBit-EraseBytes-
#5706	REDUCE cov: 1244 ft: 3675 corp: 307/92Kb lim: 708 exec/s: 0 rss: 137Mb L: 137/708 MS: 4 CopyPart-EraseBytes-ChangeASCIIInt-EraseBytes-
#5710	NEW    cov: 1245 ft: 3678 corp: 308/92Kb lim: 708 exec/s: 0 rss: 137Mb L: 104/708 MS: 4 ShuffleBytes-CrossOver-ShuffleBytes-ChangeBit-
#5746	REDUCE cov: 1245 ft: 3678 corp: 308/92Kb lim: 708 exec/s: 0 rss: 138Mb L: 234/708 MS: 1 CrossOver-
#5903	REDUCE cov: 1245 ft: 3678 corp: 308/92Kb lim: 708 exec/s: 0 rss: 139Mb L: 129/708 MS: 2 ChangeASCIIInt-EraseBytes-
	NEW_FUNC[1/1]: 0xaaaac7f456e8 in VP8LColorCacheInit /b/libwebp/src/utils/color_cache_utils.c:23
#5923	NEW    cov: 1251 ft: 3684 corp: 309/93Kb lim: 708 exec/s: 0 rss: 140Mb L: 151/708 MS: 5 ShuffleBytes-PersAutoDict-ChangeBinInt-ChangeASCIIInt-ChangeASCIIInt- DE: "(hstride), [thresh2]"-
#5939	NEW    cov: 1252 ft: 3685 corp: 310/93Kb lim: 708 exec/s: 0 rss: 140Mb L: 273/708 MS: 1 ChangeBit-
#5971	NEW    cov: 1252 ft: 3686 corp: 311/94Kb lim: 708 exec/s: 0 rss: 140Mb L: 708/708 MS: 2 CrossOver-ManualDict- DE: "lbu     %[temp6],    "-
#5973	NEW    cov: 1252 ft: 3687 corp: 312/94Kb lim: 708 exec/s: 0 rss: 140Mb L: 146/708 MS: 2 ChangeASCIIInt-CrossOver-
#6069	REDUCE cov: 1252 ft: 3687 corp: 312/94Kb lim: 708 exec/s: 0 rss: 141Mb L: 106/708 MS: 1 EraseBytes-
#6080	NEW    cov: 1252 ft: 3688 corp: 313/94Kb lim: 708 exec/s: 0 rss: 142Mb L: 525/708 MS: 1 InsertByte-
#6171	REDUCE cov: 1252 ft: 3688 corp: 313/94Kb lim: 708 exec/s: 0 rss: 143Mb L: 133/708 MS: 1 EraseBytes-
#6201	NEW    cov: 1252 ft: 3689 corp: 314/95Kb lim: 708 exec/s: 0 rss: 144Mb L: 533/708 MS: 5 CMP-PersAutoDict-ChangeASCIIInt-ChangeBinInt-InsertByte- DE: "8\002\000\000\000\000\000\000"-"subu            %[temp19],     %["-
#6222	NEW    cov: 1254 ft: 3696 corp: 315/95Kb lim: 708 exec/s: 0 rss: 144Mb L: 186/708 MS: 1 PersAutoDict- DE: "(VP8kclip1), [thresh2]"-
#6228	NEW    cov: 1254 ft: 3697 corp: 316/96Kb lim: 708 exec/s: 0 rss: 144Mb L: 708/708 MS: 1 CrossOver-
#6230	NEW    cov: 1254 ft: 3698 corp: 317/96Kb lim: 708 exec/s: 0 rss: 144Mb L: 165/708 MS: 2 ChangeBit-ChangeBinInt-
#6249	NEW    cov: 1254 ft: 3700 corp: 318/96Kb lim: 708 exec/s: 0 rss: 145Mb L: 551/708 MS: 4 CrossOver-InsertRepeatedBytes-ChangeByte-ManualDict- DE: "usw    %[temp5], "-
#6276	NEW    cov: 1254 ft: 3701 corp: 319/97Kb lim: 708 exec/s: 0 rss: 146Mb L: 708/708 MS: 2 CrossOver-ChangeByte-
#6288	NEW    cov: 1254 ft: 3703 corp: 320/98Kb lim: 708 exec/s: 0 rss: 147Mb L: 708/708 MS: 2 ChangeBit-ManualDict- DE: "mul    %[temp17],    %["-
#6384	NEW    cov: 1254 ft: 3707 corp: 321/98Kb lim: 708 exec/s: 0 rss: 148Mb L: 122/708 MS: 1 ChangeBinInt-
#6412	NEW    cov: 1254 ft: 3719 corp: 322/98Kb lim: 708 exec/s: 0 rss: 148Mb L: 708/708 MS: 3 ShuffleBytes-CrossOver-ShuffleBytes-
#6489	NEW    cov: 1255 ft: 3720 corp: 323/99Kb lim: 708 exec/s: 0 rss: 150Mb L: 232/708 MS: 2 InsertRepeatedBytes-CMP- DE: "VP8 "-
#6502	NEW    cov: 1255 ft: 3721 corp: 324/99Kb lim: 708 exec/s: 0 rss: 150Mb L: 687/708 MS: 3 CopyPart-InsertRepeatedBytes-InsertByte-
#6518	REDUCE cov: 1255 ft: 3721 corp: 324/99Kb lim: 708 exec/s: 0 rss: 151Mb L: 113/708 MS: 1 EraseBytes-
#6564	REDUCE cov: 1255 ft: 3721 corp: 324/99Kb lim: 708 exec/s: 0 rss: 151Mb L: 8/708 MS: 1 EraseBytes-
#6565	REDUCE cov: 1255 ft: 3721 corp: 324/99Kb lim: 708 exec/s: 0 rss: 151Mb L: 253/708 MS: 1 EraseBytes-
#6571	REDUCE cov: 1255 ft: 3721 corp: 324/99Kb lim: 708 exec/s: 0 rss: 151Mb L: 85/708 MS: 1 EraseBytes-
#6592	NEW    cov: 1255 ft: 3724 corp: 325/100Kb lim: 708 exec/s: 0 rss: 151Mb L: 708/708 MS: 1 ChangeBinInt-
#6603	REDUCE cov: 1255 ft: 3724 corp: 325/100Kb lim: 708 exec/s: 0 rss: 152Mb L: 127/708 MS: 1 EraseBytes-
#6612	REDUCE cov: 1255 ft: 3724 corp: 325/100Kb lim: 708 exec/s: 0 rss: 152Mb L: 120/708 MS: 4 ChangeBinInt-CopyPart-ChangeBit-EraseBytes-
#6618	NEW    cov: 1255 ft: 3726 corp: 326/100Kb lim: 708 exec/s: 0 rss: 152Mb L: 183/708 MS: 1 ChangeBinInt-
#6754	NEW    cov: 1255 ft: 3729 corp: 327/100Kb lim: 708 exec/s: 0 rss: 154Mb L: 338/708 MS: 1 InsertRepeatedBytes-
#6845	REDUCE cov: 1255 ft: 3729 corp: 327/100Kb lim: 708 exec/s: 0 rss: 156Mb L: 240/708 MS: 1 EraseBytes-
#6846	NEW    cov: 1255 ft: 3730 corp: 328/101Kb lim: 708 exec/s: 0 rss: 156Mb L: 132/708 MS: 1 PersAutoDict- DE: "usw        %[value],  4+"-
#6892	NEW    cov: 1255 ft: 3734 corp: 329/101Kb lim: 708 exec/s: 0 rss: 156Mb L: 193/708 MS: 1 ManualDict- DE: "lbu    %[temp18],    3+"-
#6974	REDUCE cov: 1255 ft: 3734 corp: 329/101Kb lim: 708 exec/s: 0 rss: 157Mb L: 160/708 MS: 2 ShuffleBytes-EraseBytes-
#6983	REDUCE cov: 1255 ft: 3734 corp: 329/101Kb lim: 708 exec/s: 0 rss: 157Mb L: 204/708 MS: 4 ChangeBit-PersAutoDict-PersAutoDict-EraseBytes- DE: "usw             %[temp4],   3*"-"\362\334\377\377"-
#6999	REDUCE cov: 1255 ft: 3734 corp: 329/101Kb lim: 708 exec/s: 0 rss: 157Mb L: 46/708 MS: 1 CrossOver-
#7083	NEW    cov: 1255 ft: 3735 corp: 330/101Kb lim: 708 exec/s: 0 rss: 159Mb L: 708/708 MS: 4 ChangeByte-ManualDict-ChangeASCIIInt-ChangeBinInt- DE: "ulw    %[temp0], "-
#7085	REDUCE cov: 1255 ft: 3735 corp: 330/101Kb lim: 708 exec/s: 0 rss: 159Mb L: 192/708 MS: 2 InsertByte-EraseBytes-
#7124	REDUCE cov: 1255 ft: 3735 corp: 330/101Kb lim: 708 exec/s: 0 rss: 160Mb L: 100/708 MS: 4 ManualDict-CopyPart-ChangeByte-EraseBytes- DE: "usw    %[temp5], "-
#7161	NEW    cov: 1255 ft: 3736 corp: 331/102Kb lim: 708 exec/s: 7161 rss: 160Mb L: 708/708 MS: 2 ChangeASCIIInt-ShuffleBytes-
#7202	NEW    cov: 1255 ft: 3737 corp: 332/103Kb lim: 708 exec/s: 7202 rss: 161Mb L: 708/708 MS: 1 ShuffleBytes-
#7233	REDUCE cov: 1255 ft: 3737 corp: 332/103Kb lim: 708 exec/s: 7233 rss: 162Mb L: 113/708 MS: 1 EraseBytes-
#7234	REDUCE cov: 1255 ft: 3737 corp: 332/103Kb lim: 708 exec/s: 7234 rss: 162Mb L: 213/708 MS: 1 EraseBytes-
#7251	NEW    cov: 1255 ft: 3738 corp: 333/103Kb lim: 708 exec/s: 7251 rss: 162Mb L: 204/708 MS: 2 CrossOver-EraseBytes-
#7367	NEW    cov: 1255 ft: 3745 corp: 334/103Kb lim: 708 exec/s: 7367 rss: 169Mb L: 172/708 MS: 1 CopyPart-
#7377	NEW    cov: 1255 ft: 3746 corp: 335/103Kb lim: 708 exec/s: 7377 rss: 170Mb L: 252/708 MS: 5 InsertRepeatedBytes-CopyPart-PersAutoDict-InsertByte-ChangeBit- DE: "src/utils/huffman_utils.h"-
#7398	REDUCE cov: 1255 ft: 3746 corp: 335/103Kb lim: 708 exec/s: 7398 rss: 170Mb L: 245/708 MS: 1 EraseBytes-
#7414	REDUCE cov: 1255 ft: 3746 corp: 335/103Kb lim: 708 exec/s: 7414 rss: 170Mb L: 176/708 MS: 1 EraseBytes-
#7418	NEW    cov: 1257 ft: 3750 corp: 336/103Kb lim: 708 exec/s: 7418 rss: 170Mb L: 200/708 MS: 4 ChangeBinInt-InsertByte-EraseBytes-ManualDict- DE: "vqadd.s8  "-
#7526	NEW    cov: 1257 ft: 3751 corp: 337/103Kb lim: 708 exec/s: 7526 rss: 173Mb L: 44/708 MS: 3 ManualDict-EraseBytes-EraseBytes- DE: "lbu      %["-
#7564	REDUCE cov: 1257 ft: 3751 corp: 337/103Kb lim: 708 exec/s: 7564 rss: 173Mb L: 177/708 MS: 3 CrossOver-ShuffleBytes-EraseBytes-
#7620	NEW    cov: 1257 ft: 3752 corp: 338/104Kb lim: 708 exec/s: 7620 rss: 174Mb L: 708/708 MS: 1 ChangeASCIIInt-
#7657	NEW    cov: 1257 ft: 3765 corp: 339/104Kb lim: 708 exec/s: 7657 rss: 175Mb L: 290/708 MS: 2 ChangeBit-CrossOver-
#7704	NEW    cov: 1257 ft: 3766 corp: 340/105Kb lim: 708 exec/s: 7704 rss: 176Mb L: 527/708 MS: 2 ManualDict-InsertByte- DE: "OK"-
#7707	REDUCE cov: 1257 ft: 3766 corp: 340/105Kb lim: 708 exec/s: 7707 rss: 176Mb L: 537/708 MS: 3 InsertRepeatedBytes-ChangeBit-EraseBytes-
#7718	NEW    cov: 1257 ft: 3767 corp: 341/105Kb lim: 708 exec/s: 7718 rss: 176Mb L: 708/708 MS: 1 ChangeBit-
#7995	NEW    cov: 1257 ft: 3768 corp: 342/106Kb lim: 708 exec/s: 7995 rss: 179Mb L: 231/708 MS: 2 ShuffleBytes-CopyPart-
#8014	NEW    cov: 1257 ft: 3769 corp: 343/106Kb lim: 708 exec/s: 8014 rss: 180Mb L: 708/708 MS: 4 ChangeASCIIInt-ChangeASCIIInt-ChangeByte-ChangeBinInt-
#8114	NEW    cov: 1257 ft: 3770 corp: 344/107Kb lim: 708 exec/s: 8114 rss: 182Mb L: 708/708 MS: 5 ChangeBinInt-ShuffleBytes-ChangeBinInt-CrossOver-PersAutoDict- DE: "[6], "-
#8262	NEW    cov: 1257 ft: 3779 corp: 345/107Kb lim: 708 exec/s: 8262 rss: 184Mb L: 233/708 MS: 3 ShuffleBytes-InsertRepeatedBytes-ChangeBinInt-
#8354	REDUCE cov: 1257 ft: 3779 corp: 345/107Kb lim: 708 exec/s: 8354 rss: 185Mb L: 137/708 MS: 2 InsertRepeatedBytes-EraseBytes-
#8401	NEW    cov: 1257 ft: 3782 corp: 346/108Kb lim: 708 exec/s: 8401 rss: 187Mb L: 708/708 MS: 2 ShuffleBytes-CMP- DE: "\377\377\377\377\377\377\377\015"-
#8423	REDUCE cov: 1257 ft: 3782 corp: 346/108Kb lim: 708 exec/s: 8423 rss: 187Mb L: 122/708 MS: 2 ChangeBit-EraseBytes-
#8707	REDUCE cov: 1257 ft: 3782 corp: 346/108Kb lim: 708 exec/s: 8707 rss: 193Mb L: 549/708 MS: 4 ChangeASCIIInt-InsertByte-ShuffleBytes-EraseBytes-
#8754	NEW    cov: 1257 ft: 3786 corp: 347/108Kb lim: 708 exec/s: 8754 rss: 194Mb L: 166/708 MS: 2 InsertRepeatedBytes-EraseBytes-
#8852	NEW    cov: 1257 ft: 3787 corp: 348/109Kb lim: 708 exec/s: 8852 rss: 196Mb L: 708/708 MS: 3 ChangeASCIIInt-ShuffleBytes-CMP- DE: "\310\000\000\000"-
#8958	NEW    cov: 1257 ft: 3788 corp: 349/109Kb lim: 708 exec/s: 8958 rss: 198Mb L: 524/708 MS: 1 ChangeBit-
#9070	REDUCE cov: 1257 ft: 3788 corp: 349/109Kb lim: 708 exec/s: 9070 rss: 200Mb L: 182/708 MS: 2 ChangeByte-EraseBytes-
#9279	NEW    cov: 1257 ft: 3795 corp: 350/110Kb lim: 708 exec/s: 9279 rss: 203Mb L: 708/708 MS: 4 ChangeBinInt-ShuffleBytes-ManualDict-CrossOver- DE: "(a),[b]"-
#9435	REDUCE cov: 1258 ft: 3796 corp: 351/110Kb lim: 708 exec/s: 9435 rss: 205Mb L: 75/708 MS: 1 EraseBytes-
#9457	NEW    cov: 1258 ft: 3797 corp: 352/110Kb lim: 708 exec/s: 9457 rss: 205Mb L: 272/708 MS: 2 CMP-CMP- DE: "\000\000\000\000\000\000\000\020"-"WE\000\020"-
#9566	NEW    cov: 1259 ft: 3798 corp: 353/110Kb lim: 708 exec/s: 9566 rss: 207Mb L: 101/708 MS: 4 InsertByte-EraseBytes-ChangeBinInt-ShuffleBytes-
#9567	REDUCE cov: 1259 ft: 3798 corp: 353/110Kb lim: 708 exec/s: 9567 rss: 207Mb L: 72/708 MS: 1 EraseBytes-
#9703	NEW    cov: 1259 ft: 3801 corp: 354/110Kb lim: 708 exec/s: 9703 rss: 210Mb L: 290/708 MS: 1 CrossOver-
#9725	NEW    cov: 1259 ft: 3804 corp: 355/111Kb lim: 708 exec/s: 9725 rss: 210Mb L: 233/708 MS: 2 ChangeByte-CrossOver-
#9740	NEW    cov: 1259 ft: 3805 corp: 356/111Kb lim: 708 exec/s: 9740 rss: 211Mb L: 204/708 MS: 5 ChangeBinInt-ChangeASCIIInt-ShuffleBytes-ManualDict-CopyPart- DE: "(c_8000000), [c_8000080]"-
#10086	REDUCE cov: 1259 ft: 3805 corp: 356/111Kb lim: 708 exec/s: 10086 rss: 215Mb L: 40/708 MS: 1 EraseBytes-
#10122	NEW    cov: 1259 ft: 3807 corp: 357/111Kb lim: 708 exec/s: 10122 rss: 216Mb L: 30/708 MS: 1 EraseBytes-
#10148	REDUCE cov: 1259 ft: 3807 corp: 357/111Kb lim: 708 exec/s: 10148 rss: 217Mb L: 6/708 MS: 1 EraseBytes-
#10204	REDUCE cov: 1259 ft: 3807 corp: 357/111Kb lim: 708 exec/s: 10204 rss: 217Mb L: 168/708 MS: 1 EraseBytes-
#10366	REDUCE cov: 1259 ft: 3807 corp: 357/111Kb lim: 708 exec/s: 10366 rss: 221Mb L: 171/708 MS: 2 InsertRepeatedBytes-EraseBytes-
#10436	REDUCE cov: 1259 ft: 3807 corp: 357/111Kb lim: 708 exec/s: 10436 rss: 223Mb L: 199/708 MS: 5 InsertRepeatedBytes-ManualDict-CopyPart-EraseBytes-EraseBytes- DE: " #C1 "-
#10457	REDUCE cov: 1259 ft: 3807 corp: 357/111Kb lim: 708 exec/s: 10457 rss: 223Mb L: 331/708 MS: 1 EraseBytes-
#10483	NEW    cov: 1259 ft: 3809 corp: 358/111Kb lim: 708 exec/s: 10483 rss: 223Mb L: 708/708 MS: 1 ChangeASCIIInt-
#10529	REDUCE cov: 1259 ft: 3809 corp: 358/111Kb lim: 708 exec/s: 10529 rss: 224Mb L: 114/708 MS: 1 EraseBytes-
#10576	NEW    cov: 1259 ft: 3828 corp: 359/111Kb lim: 708 exec/s: 10576 rss: 225Mb L: 160/708 MS: 2 ChangeBinInt-ChangeBinInt-
#10629	REDUCE cov: 1259 ft: 3828 corp: 359/111Kb lim: 708 exec/s: 10629 rss: 226Mb L: 129/708 MS: 3 InsertByte-PersAutoDict-EraseBytes- DE: "vqadd.s8  "-
#10872	REDUCE cov: 1259 ft: 3828 corp: 359/111Kb lim: 708 exec/s: 10872 rss: 230Mb L: 537/708 MS: 3 CopyPart-ChangeBinInt-EraseBytes-
#10935	REDUCE cov: 1259 ft: 3828 corp: 359/111Kb lim: 708 exec/s: 10935 rss: 231Mb L: 651/708 MS: 3 EraseBytes-ChangeBit-CrossOver-
#10966	NEW    cov: 1259 ft: 3829 corp: 360/112Kb lim: 708 exec/s: 10966 rss: 231Mb L: 272/708 MS: 1 ChangeBit-
#11020	NEW    cov: 1259 ft: 3830 corp: 361/112Kb lim: 708 exec/s: 11020 rss: 233Mb L: 233/708 MS: 4 CMP-ShuffleBytes-ChangeByte-ChangeByte- DE: "\031\000\000\000\000\000\000\000"-
#11057	NEW    cov: 1260 ft: 3831 corp: 362/112Kb lim: 708 exec/s: 11057 rss: 233Mb L: 380/708 MS: 2 CMP-CrossOver- DE: "\007\000"-
#11318	REDUCE cov: 1260 ft: 3831 corp: 362/112Kb lim: 708 exec/s: 11318 rss: 238Mb L: 167/708 MS: 1 EraseBytes-
#11394	REDUCE cov: 1260 ft: 3831 corp: 362/112Kb lim: 708 exec/s: 11394 rss: 240Mb L: 171/708 MS: 1 EraseBytes-
#11480	NEW    cov: 1260 ft: 3832 corp: 363/113Kb lim: 708 exec/s: 11480 rss: 241Mb L: 708/708 MS: 1 CopyPart-
#11501	REDUCE cov: 1260 ft: 3832 corp: 363/113Kb lim: 708 exec/s: 11501 rss: 241Mb L: 526/708 MS: 1 EraseBytes-
#11507	REDUCE cov: 1260 ft: 3832 corp: 363/113Kb lim: 708 exec/s: 11507 rss: 241Mb L: 69/708 MS: 1 EraseBytes-
#11513	REDUCE cov: 1260 ft: 3832 corp: 363/113Kb lim: 708 exec/s: 11513 rss: 242Mb L: 40/708 MS: 1 EraseBytes-
#11590	NEW    cov: 1260 ft: 3834 corp: 364/113Kb lim: 708 exec/s: 11590 rss: 244Mb L: 708/708 MS: 2 ChangeBinInt-CrossOver-
#11593	REDUCE cov: 1260 ft: 3834 corp: 364/113Kb lim: 708 exec/s: 11593 rss: 244Mb L: 73/708 MS: 3 ManualDict-ChangeBit-EraseBytes- DE: "ALPH"-
#11745	NEW    cov: 1260 ft: 3835 corp: 365/114Kb lim: 708 exec/s: 11745 rss: 247Mb L: 708/708 MS: 2 CopyPart-CopyPart-
#11786	NEW    cov: 1261 ft: 3836 corp: 366/114Kb lim: 708 exec/s: 11786 rss: 247Mb L: 20/708 MS: 1 CrossOver-
#11828	NEW    cov: 1261 ft: 3839 corp: 367/114Kb lim: 708 exec/s: 11828 rss: 248Mb L: 367/708 MS: 2 ManualDict-ChangeByte- DE: "lw              %["-
#11863	NEW    cov: 1263 ft: 3841 corp: 368/115Kb lim: 708 exec/s: 11863 rss: 249Mb L: 49/708 MS: 5 CrossOver-CrossOver-CrossOver-ChangeBit-PersAutoDict- DE: "ALPH"-
#11881	NEW    cov: 1263 ft: 3843 corp: 369/115Kb lim: 708 exec/s: 11881 rss: 249Mb L: 708/708 MS: 3 CopyPart-ChangeByte-ChangeBinInt-
#11912	NEW    cov: 1263 ft: 3844 corp: 370/115Kb lim: 708 exec/s: 11912 rss: 249Mb L: 160/708 MS: 1 InsertByte-
#11929	NEW    cov: 1263 ft: 3845 corp: 371/116Kb lim: 708 exec/s: 11929 rss: 250Mb L: 241/708 MS: 2 CMP-ChangeBinInt- DE: "\377\377\377\377\377\377\377\032"-
#11934	REDUCE cov: 1263 ft: 3845 corp: 371/116Kb lim: 708 exec/s: 11934 rss: 250Mb L: 124/708 MS: 5 ChangeByte-ChangeBinInt-ChangeByte-ShuffleBytes-EraseBytes-
#11967	REDUCE cov: 1263 ft: 3845 corp: 371/116Kb lim: 708 exec/s: 11967 rss: 251Mb L: 116/708 MS: 3 InsertByte-ChangeByte-EraseBytes-
#12069	REDUCE cov: 1263 ft: 3845 corp: 371/116Kb lim: 708 exec/s: 12069 rss: 253Mb L: 157/708 MS: 2 ChangeBit-EraseBytes-
#12071	REDUCE cov: 1263 ft: 3845 corp: 371/116Kb lim: 708 exec/s: 12071 rss: 253Mb L: 155/708 MS: 2 PersAutoDict-EraseBytes- DE: "\000\000\000\000\000\000\000\033"-
#12077	REDUCE cov: 1263 ft: 3846 corp: 372/116Kb lim: 708 exec/s: 12077 rss: 253Mb L: 320/708 MS: 1 InsertRepeatedBytes-
#12089	NEW    cov: 1263 ft: 3848 corp: 373/116Kb lim: 708 exec/s: 12089 rss: 254Mb L: 605/708 MS: 2 CMP-InsertRepeatedBytes- DE: "\377\377\377\377\377\377\377\032"-
#12159	NEW    cov: 1267 ft: 3852 corp: 374/117Kb lim: 708 exec/s: 12159 rss: 256Mb L: 243/708 MS: 5 CrossOver-ChangeBit-ShuffleBytes-InsertRepeatedBytes-ChangeByte-
#12170	REDUCE cov: 1267 ft: 3852 corp: 374/117Kb lim: 708 exec/s: 12170 rss: 256Mb L: 168/708 MS: 1 EraseBytes-
#12236	REDUCE cov: 1267 ft: 3852 corp: 374/117Kb lim: 708 exec/s: 12236 rss: 257Mb L: 291/708 MS: 1 EraseBytes-
#12247	REDUCE cov: 1267 ft: 3852 corp: 374/117Kb lim: 708 exec/s: 12247 rss: 257Mb L: 150/708 MS: 1 EraseBytes-
#12253	NEW    cov: 1267 ft: 3853 corp: 375/117Kb lim: 708 exec/s: 12253 rss: 257Mb L: 176/708 MS: 1 PersAutoDict- DE: "],  "-
#12286	NEW    cov: 1267 ft: 3854 corp: 376/117Kb lim: 708 exec/s: 12286 rss: 258Mb L: 609/708 MS: 3 ChangeBinInt-EraseBytes-InsertRepeatedBytes-
#12367	NEW    cov: 1268 ft: 3855 corp: 377/118Kb lim: 708 exec/s: 12367 rss: 260Mb L: 225/708 MS: 1 CopyPart-
#12434	NEW    cov: 1268 ft: 3856 corp: 378/118Kb lim: 708 exec/s: 12434 rss: 262Mb L: 283/708 MS: 2 CopyPart-CMP- DE: "t\002\000\000\000\000\000\000"-
#12483	REDUCE cov: 1268 ft: 3856 corp: 378/118Kb lim: 708 exec/s: 12483 rss: 263Mb L: 198/708 MS: 4 CopyPart-ChangeASCIIInt-ChangeBit-EraseBytes-
#12539	NEW    cov: 1268 ft: 3857 corp: 379/118Kb lim: 708 exec/s: 12539 rss: 265Mb L: 708/708 MS: 1 ChangeBit-
#12581	REDUCE cov: 1268 ft: 3857 corp: 379/118Kb lim: 708 exec/s: 12581 rss: 265Mb L: 375/708 MS: 2 ChangeByte-EraseBytes-
#12642	NEW    cov: 1268 ft: 3858 corp: 380/119Kb lim: 708 exec/s: 12642 rss: 267Mb L: 708/708 MS: 1 CrossOver-
#12735	NEW    cov: 1268 ft: 3859 corp: 381/119Kb lim: 708 exec/s: 12735 rss: 269Mb L: 161/708 MS: 3 ChangeByte-ChangeBinInt-ManualDict- DE: "dpa.w.ph        $ac0,      %["-
#12774	NEW    cov: 1268 ft: 3861 corp: 382/120Kb lim: 708 exec/s: 12774 rss: 269Mb L: 708/708 MS: 4 ChangeASCIIInt-ChangeBinInt-ChangeBit-ChangeASCIIInt-
#12789	NEW    cov: 1269 ft: 3862 corp: 383/120Kb lim: 708 exec/s: 12789 rss: 270Mb L: 130/708 MS: 5 CopyPart-ChangeByte-CopyPart-ChangeByte-CrossOver-
#12825	NEW    cov: 1269 ft: 3863 corp: 384/120Kb lim: 708 exec/s: 12825 rss: 271Mb L: 34/708 MS: 1 CopyPart-
#12907	NEW    cov: 1273 ft: 3867 corp: 385/121Kb lim: 708 exec/s: 12907 rss: 273Mb L: 708/708 MS: 2 ShuffleBytes-ChangeBinInt-
#12920	NEW    cov: 1273 ft: 3869 corp: 386/121Kb lim: 708 exec/s: 12920 rss: 274Mb L: 708/708 MS: 3 ShuffleBytes-ShuffleBytes-CopyPart-
	NEW_FUNC[1/2]: 0xaaaac7eee4cc in ExtractAlphaRows /b/libwebp/src/dec/vp8l_dec.c:1577
	NEW_FUNC[2/2]: 0xaaaac7efd03c in ExtractGreen_NEON /b/libwebp/src/dsp/alpha_processing_neon.c:168
#12931	NEW    cov: 1288 ft: 3908 corp: 387/122Kb lim: 708 exec/s: 12931 rss: 274Mb L: 193/708 MS: 1 ChangeByte-
#13042	NEW    cov: 1288 ft: 3911 corp: 388/122Kb lim: 708 exec/s: 13042 rss: 276Mb L: 490/708 MS: 1 CrossOver-
#13101	REDUCE cov: 1288 ft: 3911 corp: 388/122Kb lim: 708 exec/s: 13101 rss: 277Mb L: 462/708 MS: 4 PersAutoDict-ChangeASCIIInt-ChangeBit-EraseBytes- DE: "M\037\000\000"-
#13209	REDUCE cov: 1288 ft: 3911 corp: 388/122Kb lim: 708 exec/s: 13209 rss: 279Mb L: 107/708 MS: 3 CopyPart-ManualDict-EraseBytes- DE: "=D"-
#13220	REDUCE cov: 1288 ft: 3911 corp: 388/122Kb lim: 708 exec/s: 13220 rss: 279Mb L: 192/708 MS: 1 EraseBytes-
#13228	REDUCE cov: 1288 ft: 3911 corp: 388/122Kb lim: 708 exec/s: 13228 rss: 279Mb L: 103/708 MS: 3 ManualDict-ChangeASCIIInt-EraseBytes- DE: "(c24), [v]"-
#13234	REDUCE cov: 1288 ft: 3913 corp: 389/122Kb lim: 708 exec/s: 13234 rss: 280Mb L: 462/708 MS: 1 ChangeBit-
#13288	NEW    cov: 1288 ft: 3916 corp: 390/123Kb lim: 708 exec/s: 13288 rss: 280Mb L: 590/708 MS: 4 CrossOver-CopyPart-InsertByte-InsertRepeatedBytes-
#13349	REDUCE cov: 1288 ft: 3916 corp: 390/123Kb lim: 708 exec/s: 13349 rss: 281Mb L: 91/708 MS: 1 EraseBytes-
#13426	NEW    cov: 1288 ft: 3917 corp: 391/123Kb lim: 708 exec/s: 13426 rss: 282Mb L: 416/708 MS: 2 CrossOver-ChangeByte-
#13462	REDUCE cov: 1288 ft: 3917 corp: 391/123Kb lim: 708 exec/s: 13462 rss: 282Mb L: 68/708 MS: 1 EraseBytes-
#13493	REDUCE cov: 1288 ft: 3918 corp: 392/124Kb lim: 708 exec/s: 13493 rss: 283Mb L: 537/708 MS: 1 ChangeASCIIInt-
#13535	NEW    cov: 1288 ft: 3921 corp: 393/124Kb lim: 708 exec/s: 13535 rss: 284Mb L: 132/708 MS: 2 PersAutoDict-CrossOver- DE: "\001\004"-
#13825	NEW    cov: 1288 ft: 3922 corp: 394/124Kb lim: 708 exec/s: 13825 rss: 289Mb L: 708/708 MS: 5 CrossOver-ChangeBinInt-ChangeBit-ChangeBit-PersAutoDict- DE: "ALPH"-
#14001	REDUCE cov: 1288 ft: 3922 corp: 394/124Kb lim: 708 exec/s: 14001 rss: 292Mb L: 546/708 MS: 1 CrossOver-
#14094	NEW    cov: 1289 ft: 3930 corp: 395/125Kb lim: 708 exec/s: 14094 rss: 293Mb L: 708/708 MS: 3 ChangeBit-CopyPart-ChangeByte-
#14141	REDUCE cov: 1289 ft: 3930 corp: 395/125Kb lim: 708 exec/s: 14141 rss: 295Mb L: 590/708 MS: 2 ManualDict-EraseBytes- DE: "sb       %[temp1],  2+0*"-
#14149	REDUCE cov: 1289 ft: 3930 corp: 395/125Kb lim: 708 exec/s: 14149 rss: 295Mb L: 120/708 MS: 3 ChangeBinInt-InsertByte-EraseBytes-
#14177	NEW    cov: 1289 ft: 3931 corp: 396/126Kb lim: 708 exec/s: 14177 rss: 295Mb L: 708/708 MS: 3 CMP-ShuffleBytes-CrossOver- DE: "\234\000\000\000\000\000\000\000"-
#14207	REDUCE cov: 1289 ft: 3931 corp: 396/126Kb lim: 708 exec/s: 14207 rss: 295Mb L: 274/708 MS: 5 ManualDict-ChangeByte-InsertByte-ChangeBit-EraseBytes- DE: " #TEMP2 "-
#14263	REDUCE cov: 1289 ft: 3931 corp: 396/126Kb lim: 708 exec/s: 14263 rss: 297Mb L: 5/708 MS: 1 EraseBytes-
#14334	NEW    cov: 1289 ft: 3934 corp: 397/126Kb lim: 708 exec/s: 14334 rss: 298Mb L: 708/708 MS: 1 ShuffleBytes-
#14335	NEW    cov: 1289 ft: 3935 corp: 398/126Kb lim: 708 exec/s: 14335 rss: 298Mb L: 236/708 MS: 1 InsertRepeatedBytes-
#14371	NEW    cov: 1289 ft: 3937 corp: 399/127Kb lim: 708 exec/s: 14371 rss: 299Mb L: 150/708 MS: 1 CopyPart-
#14387	REDUCE cov: 1289 ft: 3937 corp: 399/127Kb lim: 708 exec/s: 14387 rss: 299Mb L: 125/708 MS: 1 CrossOver-
#14553	NEW    cov: 1289 ft: 3941 corp: 400/127Kb lim: 708 exec/s: 14553 rss: 303Mb L: 214/708 MS: 1 ChangeByte-
#14562	REDUCE cov: 1289 ft: 3941 corp: 400/127Kb lim: 708 exec/s: 14562 rss: 303Mb L: 57/708 MS: 4 ChangeBinInt-PersAutoDict-InsertByte-EraseBytes- DE: "\007\000"-
#14578	REDUCE cov: 1289 ft: 3941 corp: 400/127Kb lim: 708 exec/s: 14578 rss: 303Mb L: 39/708 MS: 1 EraseBytes-
#14579	REDUCE cov: 1289 ft: 3941 corp: 400/127Kb lim: 708 exec/s: 14579 rss: 303Mb L: 74/708 MS: 1 EraseBytes-
#14590	REDUCE cov: 1289 ft: 3943 corp: 401/127Kb lim: 708 exec/s: 14590 rss: 304Mb L: 400/708 MS: 1 ManualDict- DE: "src/dsp/neon.h"-
#14613	REDUCE cov: 1289 ft: 3943 corp: 401/127Kb lim: 708 exec/s: 14613 rss: 304Mb L: 27/708 MS: 3 InsertByte-ChangeByte-EraseBytes-
#14734	NEW    cov: 1291 ft: 3952 corp: 402/127Kb lim: 708 exec/s: 14734 rss: 305Mb L: 123/708 MS: 1 ChangeByte-
#14767	REDUCE cov: 1291 ft: 3952 corp: 402/127Kb lim: 708 exec/s: 14767 rss: 305Mb L: 126/708 MS: 3 InsertByte-InsertByte-EraseBytes-
#14821	NEW    cov: 1291 ft: 3953 corp: 403/128Kb lim: 708 exec/s: 14821 rss: 306Mb L: 708/708 MS: 4 ShuffleBytes-ShuffleBytes-CopyPart-ChangeBinInt-
#14827	NEW    cov: 1291 ft: 3954 corp: 404/128Kb lim: 708 exec/s: 14827 rss: 307Mb L: 332/708 MS: 1 ShuffleBytes-
#14953	NEW    cov: 1291 ft: 3958 corp: 405/128Kb lim: 708 exec/s: 14953 rss: 309Mb L: 150/708 MS: 1 ChangeBinInt-
#15014	NEW    cov: 1291 ft: 3959 corp: 406/129Kb lim: 708 exec/s: 15014 rss: 309Mb L: 708/708 MS: 1 ChangeByte-
#15044	NEW    cov: 1291 ft: 3960 corp: 407/129Kb lim: 708 exec/s: 15044 rss: 311Mb L: 254/708 MS: 5 ManualDict-PersAutoDict-CMP-CMP-InsertRepeatedBytes- DE: "lbu     %[temp17],      1+"-"],   %[temp16],     %["-"\006\000\000\000"-"\001\000\000\000"-
#15486	NEW    cov: 1291 ft: 3961 corp: 408/130Kb lim: 708 exec/s: 15486 rss: 317Mb L: 708/708 MS: 2 CopyPart-ChangeBinInt-
#15524	NEW    cov: 1291 ft: 3962 corp: 409/131Kb lim: 708 exec/s: 15524 rss: 317Mb L: 708/708 MS: 3 ChangeASCIIInt-CrossOver-ChangeBinInt-
#15590	REDUCE cov: 1291 ft: 3962 corp: 409/131Kb lim: 708 exec/s: 15590 rss: 317Mb L: 145/708 MS: 1 EraseBytes-
#15646	NEW    cov: 1291 ft: 3963 corp: 410/131Kb lim: 708 exec/s: 15646 rss: 317Mb L: 164/708 MS: 1 CopyPart-
#15657	REDUCE cov: 1291 ft: 3963 corp: 410/131Kb lim: 708 exec/s: 15657 rss: 317Mb L: 146/708 MS: 1 EraseBytes-
#15817	REDUCE cov: 1291 ft: 3968 corp: 411/131Kb lim: 708 exec/s: 15817 rss: 317Mb L: 215/708 MS: 5 InsertRepeatedBytes-EraseBytes-PersAutoDict-CrossOver-CopyPart- DE: "$ac2hi"-
#15939	REDUCE cov: 1291 ft: 3968 corp: 411/131Kb lim: 708 exec/s: 15939 rss: 317Mb L: 106/708 MS: 2 ChangeByte-EraseBytes-
#15950	NEW    cov: 1291 ft: 3977 corp: 412/131Kb lim: 708 exec/s: 15950 rss: 317Mb L: 204/708 MS: 1 ShuffleBytes-
#15987	NEW    cov: 1292 ft: 3978 corp: 413/132Kb lim: 708 exec/s: 15987 rss: 317Mb L: 708/708 MS: 2 CopyPart-ChangeBinInt-
#16049	REDUCE cov: 1292 ft: 3978 corp: 413/132Kb lim: 708 exec/s: 16049 rss: 318Mb L: 164/708 MS: 2 ChangeBit-EraseBytes-
#16192	NEW    cov: 1292 ft: 3981 corp: 414/132Kb lim: 708 exec/s: 16192 rss: 318Mb L: 149/708 MS: 3 CopyPart-InsertByte-PersAutoDict- DE: "src/utils/huffman_utils.h"-
#16221	NEW    cov: 1292 ft: 3985 corp: 415/132Kb lim: 708 exec/s: 16221 rss: 318Mb L: 708/708 MS: 4 ChangeASCIIInt-CrossOver-CrossOver-ShuffleBytes-
#16227	REDUCE cov: 1292 ft: 3985 corp: 415/132Kb lim: 708 exec/s: 16227 rss: 318Mb L: 25/708 MS: 1 EraseBytes-
#16229	REDUCE cov: 1292 ft: 3985 corp: 415/132Kb lim: 708 exec/s: 16229 rss: 318Mb L: 142/708 MS: 2 PersAutoDict-EraseBytes- DE: "src/dsp/neon.h"-
#16265	NEW    cov: 1292 ft: 3988 corp: 416/133Kb lim: 708 exec/s: 16265 rss: 318Mb L: 708/708 MS: 1 CrossOver-
#16319	NEW    cov: 1292 ft: 3997 corp: 417/134Kb lim: 708 exec/s: 16319 rss: 319Mb L: 708/708 MS: 4 ChangeASCIIInt-PersAutoDict-PersAutoDict-ManualDict- DE: "(p_loop1_end), [p_loop2_end]"-"lbu      %[temp5],  0+3*"-"],    0+"-
#16372	REDUCE cov: 1292 ft: 3997 corp: 417/134Kb lim: 708 exec/s: 16372 rss: 319Mb L: 178/708 MS: 3 CMP-CrossOver-EraseBytes- DE: "VP8 "-
#16409	NEW    cov: 1292 ft: 3998 corp: 418/134Kb lim: 708 exec/s: 16409 rss: 320Mb L: 132/708 MS: 2 ChangeBit-PersAutoDict- DE: "VP8 "-
#16422	REDUCE cov: 1292 ft: 3998 corp: 418/134Kb lim: 708 exec/s: 16422 rss: 320Mb L: 420/708 MS: 3 ManualDict-InsertByte-EraseBytes- DE: "slt     %[temp16],      %["-
#16508	REDUCE cov: 1292 ft: 3998 corp: 418/134Kb lim: 708 exec/s: 16508 rss: 320Mb L: 113/708 MS: 1 EraseBytes-
#16536	NEW    cov: 1292 ft: 3999 corp: 419/135Kb lim: 708 exec/s: 16536 rss: 320Mb L: 708/708 MS: 3 CopyPart-ManualDict-ChangeBit- DE: "(yscale), [temp6]"-
#16670	REDUCE cov: 1292 ft: 3999 corp: 419/134Kb lim: 708 exec/s: 16670 rss: 321Mb L: 587/708 MS: 4 ChangeASCIIInt-ManualDict-ChangeByte-EraseBytes- DE: "lbu      %[temp18], 3+0*"-
#16713	REDUCE cov: 1292 ft: 3999 corp: 419/134Kb lim: 708 exec/s: 16713 rss: 321Mb L: 178/708 MS: 3 ChangeBit-InsertByte-EraseBytes-
#16950	NEW    cov: 1293 ft: 4000 corp: 420/135Kb lim: 708 exec/s: 16950 rss: 322Mb L: 330/708 MS: 2 InsertRepeatedBytes-InsertRepeatedBytes-
#16986	REDUCE cov: 1293 ft: 4000 corp: 420/135Kb lim: 708 exec/s: 16986 rss: 322Mb L: 553/708 MS: 1 EraseBytes-
#17059	REDUCE cov: 1293 ft: 4000 corp: 420/135Kb lim: 708 exec/s: 17059 rss: 322Mb L: 41/708 MS: 3 PersAutoDict-ChangeASCIIInt-CrossOver- DE: "\362\334\377\377"-
#17102	NEW    cov: 1293 ft: 4001 corp: 421/135Kb lim: 708 exec/s: 17102 rss: 322Mb L: 352/708 MS: 3 PersAutoDict-ChangeByte-InsertRepeatedBytes- DE: "sb               %[temp6],   "-
#17133	NEW    cov: 1293 ft: 4002 corp: 422/135Kb lim: 708 exec/s: 17133 rss: 322Mb L: 106/708 MS: 1 ManualDict- DE: "addu    %[temp19],      %["-
#17217	REDUCE cov: 1293 ft: 4002 corp: 422/135Kb lim: 708 exec/s: 17217 rss: 322Mb L: 100/708 MS: 4 ChangeASCIIInt-ShuffleBytes-CrossOver-EraseBytes-
#17273	REDUCE cov: 1293 ft: 4002 corp: 422/135Kb lim: 708 exec/s: 17273 rss: 322Mb L: 184/708 MS: 1 EraseBytes-
#17350	NEW    cov: 1293 ft: 4003 corp: 423/135Kb lim: 708 exec/s: 17350 rss: 322Mb L: 264/708 MS: 2 ChangeBit-PersAutoDict- DE: "c\000\000\000\000\000\000\000"-
#17437	NEW    cov: 1293 ft: 4005 corp: 424/136Kb lim: 708 exec/s: 17437 rss: 322Mb L: 708/708 MS: 2 ChangeByte-CopyPart-
#17628	REDUCE cov: 1293 ft: 4005 corp: 424/136Kb lim: 708 exec/s: 17628 rss: 322Mb L: 183/708 MS: 1 EraseBytes-
#17976	REDUCE cov: 1293 ft: 4005 corp: 424/136Kb lim: 708 exec/s: 17976 rss: 323Mb L: 271/708 MS: 3 InsertByte-ChangeBit-EraseBytes-
#18045	REDUCE cov: 1293 ft: 4005 corp: 424/136Kb lim: 708 exec/s: 18045 rss: 324Mb L: 324/708 MS: 4 CrossOver-ChangeByte-EraseBytes-PersAutoDict- DE: "lbu      %["-
#18121	NEW    cov: 1293 ft: 4006 corp: 425/136Kb lim: 708 exec/s: 18121 rss: 324Mb L: 75/708 MS: 1 CMP- DE: "\012\000"-
#18263	REDUCE cov: 1293 ft: 4006 corp: 425/136Kb lim: 708 exec/s: 18263 rss: 325Mb L: 165/708 MS: 2 CMP-EraseBytes- DE: "\376\377\377\366"-
#18365	REDUCE cov: 1293 ft: 4006 corp: 425/136Kb lim: 708 exec/s: 18365 rss: 325Mb L: 219/708 MS: 2 InsertByte-EraseBytes-
#18436	REDUCE cov: 1293 ft: 4006 corp: 425/136Kb lim: 708 exec/s: 18436 rss: 326Mb L: 58/708 MS: 1 EraseBytes-
#18482	NEW    cov: 1293 ft: 4007 corp: 426/136Kb lim: 708 exec/s: 18482 rss: 326Mb L: 160/708 MS: 1 ShuffleBytes-
#18548	REDUCE cov: 1293 ft: 4007 corp: 426/136Kb lim: 708 exec/s: 18548 rss: 326Mb L: 145/708 MS: 1 EraseBytes-
#18684	NEW    cov: 1293 ft: 4008 corp: 427/137Kb lim: 708 exec/s: 18684 rss: 326Mb L: 708/708 MS: 1 ChangeASCIIInt-
#18720	REDUCE cov: 1293 ft: 4012 corp: 428/137Kb lim: 708 exec/s: 18720 rss: 326Mb L: 541/708 MS: 1 CrossOver-
#18766	NEW    cov: 1293 ft: 4013 corp: 429/138Kb lim: 708 exec/s: 18766 rss: 326Mb L: 708/708 MS: 1 ManualDict- DE: "bne    %["-
#18882	REDUCE cov: 1293 ft: 4013 corp: 429/138Kb lim: 708 exec/s: 18882 rss: 326Mb L: 3/708 MS: 1 EraseBytes-
#18934	REDUCE cov: 1293 ft: 4014 corp: 430/138Kb lim: 708 exec/s: 18934 rss: 326Mb L: 32/708 MS: 2 ChangeBit-EraseBytes-
#19003	NEW    cov: 1294 ft: 4015 corp: 431/138Kb lim: 708 exec/s: 19003 rss: 326Mb L: 33/708 MS: 4 ChangeByte-ChangeBit-ChangeBinInt-CrossOver-
#19124	REDUCE cov: 1294 ft: 4015 corp: 431/138Kb lim: 708 exec/s: 19124 rss: 326Mb L: 20/708 MS: 1 EraseBytes-
#19130	NEW    cov: 1295 ft: 4016 corp: 432/138Kb lim: 708 exec/s: 19130 rss: 326Mb L: 164/708 MS: 1 CMP- DE: "VP8L"-
#19213	NEW    cov: 1295 ft: 4017 corp: 433/139Kb lim: 708 exec/s: 19213 rss: 326Mb L: 708/708 MS: 3 ChangeASCIIInt-CopyPart-ChangeBit-
#19235	NEW    cov: 1295 ft: 4021 corp: 434/139Kb lim: 708 exec/s: 19235 rss: 326Mb L: 132/708 MS: 2 ChangeByte-ChangeBinInt-
#19289	REDUCE cov: 1295 ft: 4021 corp: 434/139Kb lim: 708 exec/s: 19289 rss: 326Mb L: 149/708 MS: 4 CMP-InsertByte-CMP-EraseBytes- DE: "\377\377\377\377\377\377\377i"-"\235\000\000\000\000\000\000\000"-
#19445	REDUCE cov: 1295 ft: 4021 corp: 434/139Kb lim: 708 exec/s: 19445 rss: 326Mb L: 188/708 MS: 1 EraseBytes-
#19631	NEW    cov: 1295 ft: 4022 corp: 435/139Kb lim: 708 exec/s: 19631 rss: 326Mb L: 243/708 MS: 1 InsertRepeatedBytes-
#19783	NEW    cov: 1295 ft: 4026 corp: 436/140Kb lim: 708 exec/s: 19783 rss: 326Mb L: 416/708 MS: 2 CrossOver-ChangeBit-
#19784	REDUCE cov: 1295 ft: 4026 corp: 436/140Kb lim: 708 exec/s: 19784 rss: 326Mb L: 39/708 MS: 1 EraseBytes-
#19816	NEW    cov: 1295 ft: 4027 corp: 437/140Kb lim: 708 exec/s: 19816 rss: 326Mb L: 605/708 MS: 2 ChangeASCIIInt-ChangeByte-
#20450	NEW    cov: 1295 ft: 4029 corp: 438/140Kb lim: 708 exec/s: 20450 rss: 327Mb L: 139/708 MS: 4 ManualDict-CMP-ChangeBit-PersAutoDict- DE: "movn            %["-"\377\377\377\377\377\377\005\372"-"\377\377\377\377\377\377\377\377"-
#20646	NEW    cov: 1296 ft: 4030 corp: 439/140Kb lim: 708 exec/s: 20646 rss: 327Mb L: 165/708 MS: 1 PersAutoDict- DE: "WE\000\020"-
#20685	REDUCE cov: 1296 ft: 4030 corp: 439/140Kb lim: 708 exec/s: 20685 rss: 327Mb L: 100/708 MS: 4 InsertRepeatedBytes-EraseBytes-ShuffleBytes-CopyPart-
#20712	NEW    cov: 1296 ft: 4031 corp: 440/141Kb lim: 708 exec/s: 20712 rss: 327Mb L: 347/708 MS: 2 InsertRepeatedBytes-PersAutoDict- DE: "usw    %[temp5], "-
#20893	REDUCE cov: 1296 ft: 4032 corp: 441/141Kb lim: 708 exec/s: 20893 rss: 327Mb L: 269/708 MS: 1 InsertRepeatedBytes-
#20990	NEW    cov: 1296 ft: 4034 corp: 442/141Kb lim: 708 exec/s: 20990 rss: 327Mb L: 173/708 MS: 2 ChangeByte-InsertByte-
#21108	REDUCE cov: 1296 ft: 4035 corp: 443/141Kb lim: 708 exec/s: 21108 rss: 328Mb L: 78/708 MS: 3 EraseBytes-ChangeBit-CMP- DE: "\031\000WE"-
#21111	REDUCE cov: 1296 ft: 4035 corp: 443/141Kb lim: 708 exec/s: 21111 rss: 328Mb L: 43/708 MS: 3 ShuffleBytes-InsertByte-EraseBytes-
#21127	REDUCE cov: 1296 ft: 4035 corp: 443/141Kb lim: 708 exec/s: 21127 rss: 328Mb L: 321/708 MS: 1 EraseBytes-
#21139	NEW    cov: 1296 ft: 4036 corp: 444/141Kb lim: 708 exec/s: 21139 rss: 328Mb L: 148/708 MS: 2 InsertRepeatedBytes-EraseBytes-
#21421	NEW    cov: 1311 ft: 4052 corp: 445/142Kb lim: 708 exec/s: 21421 rss: 328Mb L: 124/708 MS: 2 ManualDict-ManualDict- DE: "lbu    %[temp19],    3+"-" #C1 "-
#21567	REDUCE cov: 1311 ft: 4052 corp: 445/142Kb lim: 708 exec/s: 21567 rss: 329Mb L: 126/708 MS: 1 EraseBytes-
#21753	NEW    cov: 1311 ft: 4053 corp: 446/142Kb lim: 708 exec/s: 21753 rss: 329Mb L: 243/708 MS: 1 ChangeBinInt-
#21755	REDUCE cov: 1311 ft: 4053 corp: 446/142Kb lim: 708 exec/s: 21755 rss: 329Mb L: 83/708 MS: 2 ChangeBit-EraseBytes-
#21807	NEW    cov: 1311 ft: 4054 corp: 447/142Kb lim: 708 exec/s: 21807 rss: 329Mb L: 243/708 MS: 2 ChangeBinInt-ManualDict- DE: "<< 8"-
	NEW_FUNC[1/2]: 0xaaaac7f1cb14 in PredictorAdd9_C /b/libwebp/src/dsp/lossless.c:206
	NEW_FUNC[2/2]: 0xaaaac7f27a9c in PredictorAdd9_NEON /b/libwebp/src/dsp/lossless_neon.c:353
#21818	NEW    cov: 1317 ft: 4060 corp: 448/142Kb lim: 708 exec/s: 21818 rss: 329Mb L: 106/708 MS: 1 ChangeBit-
#21954	NEW    cov: 1318 ft: 4061 corp: 449/142Kb lim: 708 exec/s: 10977 rss: 329Mb L: 29/708 MS: 1 EraseBytes-
#21972	NEW    cov: 1318 ft: 4063 corp: 450/142Kb lim: 708 exec/s: 10986 rss: 329Mb L: 140/708 MS: 3 CMP-ShuffleBytes-ChangeBit- DE: "c\000\000\000\000\000\000\000"-
#22000	NEW    cov: 1318 ft: 4068 corp: 451/142Kb lim: 708 exec/s: 11000 rss: 329Mb L: 203/708 MS: 3 CMP-ChangeBit-CopyPart- DE: "\001\002"-
#22017	REDUCE cov: 1318 ft: 4068 corp: 451/142Kb lim: 708 exec/s: 11008 rss: 329Mb L: 165/708 MS: 2 PersAutoDict-EraseBytes- DE: "=D"-
#22093	REDUCE cov: 1318 ft: 4068 corp: 451/142Kb lim: 708 exec/s: 11046 rss: 329Mb L: 190/708 MS: 1 EraseBytes-
#22234	REDUCE cov: 1318 ft: 4068 corp: 451/142Kb lim: 708 exec/s: 11117 rss: 329Mb L: 322/708 MS: 1 EraseBytes-
#22245	NEW    cov: 1319 ft: 4069 corp: 452/142Kb lim: 708 exec/s: 11122 rss: 329Mb L: 25/708 MS: 1 EraseBytes-
#22367	REDUCE cov: 1319 ft: 4069 corp: 452/142Kb lim: 708 exec/s: 11183 rss: 330Mb L: 337/708 MS: 2 ChangeASCIIInt-EraseBytes-
#22435	REDUCE cov: 1319 ft: 4069 corp: 452/142Kb lim: 708 exec/s: 11217 rss: 330Mb L: 196/708 MS: 3 ShuffleBytes-CMP-EraseBytes- DE: "\000\000\000\000\000\000\000\302"-
#22637	REDUCE cov: 1319 ft: 4069 corp: 452/142Kb lim: 708 exec/s: 11318 rss: 330Mb L: 106/708 MS: 2 ChangeBinInt-EraseBytes-
#22753	REDUCE cov: 1319 ft: 4069 corp: 452/142Kb lim: 708 exec/s: 11376 rss: 330Mb L: 19/708 MS: 1 EraseBytes-
#22779	REDUCE cov: 1319 ft: 4069 corp: 452/142Kb lim: 708 exec/s: 11389 rss: 330Mb L: 174/708 MS: 1 EraseBytes-
#22925	NEW    cov: 1319 ft: 4071 corp: 453/143Kb lim: 708 exec/s: 11462 rss: 330Mb L: 550/708 MS: 1 PersAutoDict- DE: "lbu     %[temp17],      1+"-
#22934	REDUCE cov: 1320 ft: 4074 corp: 454/143Kb lim: 708 exec/s: 11467 rss: 330Mb L: 172/708 MS: 4 ChangeByte-CMP-ManualDict-CopyPart- DE: "\217\000\000\000\000\000\000\000"-"sw     %[temp1],  "-
#23082	NEW    cov: 1320 ft: 4075 corp: 455/143Kb lim: 708 exec/s: 11541 rss: 331Mb L: 138/708 MS: 3 CrossOver-CrossOver-ChangeBinInt-
#23148	REDUCE cov: 1320 ft: 4075 corp: 455/143Kb lim: 708 exec/s: 11574 rss: 332Mb L: 114/708 MS: 1 EraseBytes-
#23264	NEW    cov: 1320 ft: 4076 corp: 456/143Kb lim: 708 exec/s: 11632 rss: 333Mb L: 261/708 MS: 1 CrossOver-
	NEW_FUNC[1/1]: 0xaaaac7f15310 in VerticalUnfilter_NEON /b/libwebp/src/dsp/filters_neon.c:237
#23277	REDUCE cov: 1330 ft: 4086 corp: 457/144Kb lim: 708 exec/s: 11638 rss: 333Mb L: 630/708 MS: 3 InsertRepeatedBytes-ShuffleBytes-ChangeBinInt-
#23412	REDUCE cov: 1330 ft: 4086 corp: 457/144Kb lim: 708 exec/s: 11706 rss: 334Mb L: 162/708 MS: 5 ChangeBit-CMP-CrossOver-CopyPart-EraseBytes- DE: "\001\030"-
#23509	REDUCE cov: 1330 ft: 4086 corp: 457/144Kb lim: 708 exec/s: 11754 rss: 334Mb L: 177/708 MS: 2 InsertByte-EraseBytes-
#23518	REDUCE cov: 1330 ft: 4086 corp: 457/144Kb lim: 708 exec/s: 11759 rss: 334Mb L: 130/708 MS: 4 InsertRepeatedBytes-PersAutoDict-ChangeBit-CrossOver- DE: "vld4.8 {"-
#23519	REDUCE cov: 1330 ft: 4086 corp: 457/144Kb lim: 708 exec/s: 11759 rss: 334Mb L: 45/708 MS: 1 EraseBytes-
#24011	REDUCE cov: 1330 ft: 4086 corp: 457/144Kb lim: 708 exec/s: 12005 rss: 334Mb L: 41/708 MS: 2 ChangeASCIIInt-EraseBytes-
#24057	NEW    cov: 1330 ft: 4088 corp: 458/144Kb lim: 708 exec/s: 12028 rss: 334Mb L: 165/708 MS: 1 InsertByte-
#24254	REDUCE cov: 1330 ft: 4088 corp: 458/144Kb lim: 708 exec/s: 12127 rss: 334Mb L: 105/708 MS: 2 CopyPart-EraseBytes-
#24551	REDUCE cov: 1330 ft: 4088 corp: 458/144Kb lim: 708 exec/s: 12275 rss: 334Mb L: 149/708 MS: 2 ChangeByte-EraseBytes-
#24661	REDUCE cov: 1330 ft: 4088 corp: 458/144Kb lim: 708 exec/s: 12330 rss: 334Mb L: 155/708 MS: 5 PersAutoDict-ShuffleBytes-CopyPart-ChangeByte-EraseBytes- DE: "addu    %[temp19],      %["-
#24667	REDUCE cov: 1330 ft: 4088 corp: 458/144Kb lim: 708 exec/s: 12333 rss: 334Mb L: 96/708 MS: 1 EraseBytes-
#24874	NEW    cov: 1330 ft: 4089 corp: 459/144Kb lim: 708 exec/s: 12437 rss: 335Mb L: 225/708 MS: 2 CopyPart-CrossOver-
#24913	REDUCE cov: 1330 ft: 4089 corp: 459/144Kb lim: 708 exec/s: 12456 rss: 335Mb L: 123/708 MS: 4 ShuffleBytes-ManualDict-ChangeASCIIInt-EraseBytes- DE: "((PRED)), [dst]"-
#25234	NEW    cov: 1330 ft: 4090 corp: 460/145Kb lim: 708 exec/s: 12617 rss: 335Mb L: 708/708 MS: 1 ChangeBit-
#25328	REDUCE cov: 1330 ft: 4090 corp: 460/145Kb lim: 708 exec/s: 12664 rss: 335Mb L: 546/708 MS: 4 CrossOver-ChangeBit-ShuffleBytes-CrossOver-
#25526	REDUCE cov: 1330 ft: 4090 corp: 460/145Kb lim: 708 exec/s: 12763 rss: 335Mb L: 163/708 MS: 3 ManualDict-ChangeByte-EraseBytes- DE: "sra             %[temp16],     %["-
#25688	REDUCE cov: 1330 ft: 4090 corp: 460/145Kb lim: 708 exec/s: 12844 rss: 335Mb L: 205/708 MS: 2 ChangeBit-EraseBytes-
#25720	REDUCE cov: 1330 ft: 4090 corp: 460/145Kb lim: 708 exec/s: 12860 rss: 335Mb L: 168/708 MS: 2 ShuffleBytes-EraseBytes-
#25791	NEW    cov: 1331 ft: 4096 corp: 461/145Kb lim: 708 exec/s: 12895 rss: 335Mb L: 273/708 MS: 1 ChangeBinInt-
#25861	NEW    cov: 1331 ft: 4097 corp: 462/145Kb lim: 708 exec/s: 12930 rss: 335Mb L: 556/708 MS: 5 CopyPart-PersAutoDict-ChangeByte-ChangeBinInt-ChangeBinInt- DE: "t\002\000\000\000\000\000\000"-
#25927	NEW    cov: 1331 ft: 4099 corp: 463/146Kb lim: 708 exec/s: 12963 rss: 335Mb L: 517/708 MS: 1 CrossOver-
#26120	NEW    cov: 1331 ft: 4101 corp: 464/147Kb lim: 708 exec/s: 13060 rss: 336Mb L: 708/708 MS: 3 ManualDict-ShuffleBytes-CopyPart- DE: "src/utils/filters_utils.h"-
#26348	REDUCE cov: 1331 ft: 4102 corp: 465/147Kb lim: 708 exec/s: 13174 rss: 336Mb L: 91/708 MS: 3 InsertByte-ManualDict-EraseBytes- DE: "sh     %["-
#26402	REDUCE cov: 1331 ft: 4102 corp: 465/147Kb lim: 708 exec/s: 13201 rss: 336Mb L: 159/708 MS: 4 InsertRepeatedBytes-CrossOver-PersAutoDict-EraseBytes- DE: "],   %[temp16],     %["-
#26515	REDUCE cov: 1331 ft: 4102 corp: 465/147Kb lim: 708 exec/s: 13257 rss: 336Mb L: 41/708 MS: 3 ShuffleBytes-ManualDict-EraseBytes- DE: "sb       %[temp1],  2+0*"-
#26530	REDUCE cov: 1331 ft: 4102 corp: 465/147Kb lim: 708 exec/s: 13265 rss: 336Mb L: 127/708 MS: 5 CopyPart-InsertByte-CMP-CrossOver-EraseBytes- DE: "\377\377\377\377\377\377\377s"-
#26626	REDUCE cov: 1331 ft: 4102 corp: 465/147Kb lim: 708 exec/s: 13313 rss: 336Mb L: 324/708 MS: 1 EraseBytes-
#26644	NEW    cov: 1332 ft: 4103 corp: 466/147Kb lim: 708 exec/s: 13322 rss: 336Mb L: 124/708 MS: 3 InsertByte-ShuffleBytes-InsertByte-
#26711	REDUCE cov: 1332 ft: 4103 corp: 466/147Kb lim: 708 exec/s: 13355 rss: 336Mb L: 54/708 MS: 2 ChangeByte-EraseBytes-
#26797	NEW    cov: 1332 ft: 4104 corp: 467/147Kb lim: 708 exec/s: 13398 rss: 336Mb L: 708/708 MS: 1 ChangeBinInt-
#26804	REDUCE cov: 1332 ft: 4104 corp: 467/147Kb lim: 708 exec/s: 13402 rss: 336Mb L: 555/708 MS: 2 CrossOver-EraseBytes-
#26888	NEW    cov: 1332 ft: 4105 corp: 468/148Kb lim: 708 exec/s: 13444 rss: 336Mb L: 205/708 MS: 4 CrossOver-ChangeBinInt-EraseBytes-EraseBytes-
#27010	NEW    cov: 1332 ft: 4107 corp: 469/148Kb lim: 708 exec/s: 13505 rss: 337Mb L: 123/708 MS: 2 PersAutoDict-CrossOver- DE: "lbu     %[temp6],    "-
#27431	NEW    cov: 1332 ft: 4108 corp: 470/148Kb lim: 708 exec/s: 13715 rss: 337Mb L: 708/708 MS: 1 ManualDict- DE: "usw         %[temp3],     "-
#27611	REDUCE cov: 1332 ft: 4108 corp: 470/148Kb lim: 708 exec/s: 13805 rss: 337Mb L: 192/708 MS: 5 CopyPart-ManualDict-InsertRepeatedBytes-InsertByte-EraseBytes- DE: "(b), [w]"-
#27757	REDUCE cov: 1332 ft: 4108 corp: 470/148Kb lim: 708 exec/s: 13878 rss: 337Mb L: 106/708 MS: 1 EraseBytes-
#27864	REDUCE cov: 1332 ft: 4108 corp: 470/148Kb lim: 708 exec/s: 13932 rss: 337Mb L: 137/708 MS: 2 ManualDict-EraseBytes- DE: "(c2217), [c5352]"-
#27957	REDUCE cov: 1332 ft: 4108 corp: 470/148Kb lim: 708 exec/s: 13978 rss: 337Mb L: 107/708 MS: 3 ChangeBit-ChangeByte-EraseBytes-
#28951	REDUCE cov: 1332 ft: 4108 corp: 470/148Kb lim: 717 exec/s: 14475 rss: 338Mb L: 529/708 MS: 4 EraseBytes-ChangeBinInt-ShuffleBytes-ManualDict- DE: "src/enc/vp8i_enc.h"-
#29100	REDUCE cov: 1332 ft: 4108 corp: 470/148Kb lim: 717 exec/s: 14550 rss: 338Mb L: 203/708 MS: 4 CMP-ChangeBit-ChangeByte-EraseBytes- DE: "\036\000"-
#29158	NEW    cov: 1332 ft: 4109 corp: 471/148Kb lim: 717 exec/s: 14579 rss: 338Mb L: 215/708 MS: 3 ChangeBit-CrossOver-ChangeBit-
#29253	NEW    cov: 1332 ft: 4110 corp: 472/149Kb lim: 717 exec/s: 14626 rss: 338Mb L: 708/708 MS: 5 ChangeASCIIInt-CopyPart-ChangeBit-ShuffleBytes-ChangeByte-
#29290	REDUCE cov: 1332 ft: 4110 corp: 472/149Kb lim: 717 exec/s: 14645 rss: 338Mb L: 162/708 MS: 2 ManualDict-CrossOver- DE: "dpa.w.ph        $ac0,      %["-
#29446	REDUCE cov: 1332 ft: 4110 corp: 472/149Kb lim: 717 exec/s: 14723 rss: 338Mb L: 164/708 MS: 1 EraseBytes-
#29497	NEW    cov: 1332 ft: 4111 corp: 473/149Kb lim: 717 exec/s: 14748 rss: 338Mb L: 164/708 MS: 1 CMP- DE: "p\000\000\000\000\000\000\000"-
#29549	REDUCE cov: 1332 ft: 4111 corp: 473/149Kb lim: 717 exec/s: 14774 rss: 338Mb L: 177/708 MS: 2 EraseBytes-CMP- DE: "VP8X"-
#29758	NEW    cov: 1332 ft: 4112 corp: 474/150Kb lim: 717 exec/s: 14879 rss: 338Mb L: 487/708 MS: 4 ChangeBit-ChangeByte-CrossOver-EraseBytes-
#29799	REDUCE cov: 1332 ft: 4112 corp: 474/150Kb lim: 717 exec/s: 14899 rss: 338Mb L: 156/708 MS: 1 EraseBytes-
#29891	NEW    cov: 1332 ft: 4113 corp: 475/150Kb lim: 717 exec/s: 14945 rss: 338Mb L: 187/708 MS: 2 ChangeBit-InsertByte-
#30055	NEW    cov: 1332 ft: 4116 corp: 476/151Kb lim: 717 exec/s: 15027 rss: 338Mb L: 598/708 MS: 4 ChangeByte-ShuffleBytes-ChangeBit-ChangeBinInt-
#30391	REDUCE cov: 1332 ft: 4116 corp: 476/150Kb lim: 717 exec/s: 15195 rss: 339Mb L: 330/708 MS: 1 EraseBytes-
#30393	NEW    cov: 1332 ft: 4117 corp: 477/151Kb lim: 717 exec/s: 15196 rss: 339Mb L: 206/708 MS: 2 CopyPart-EraseBytes-
#30394	NEW    cov: 1332 ft: 4119 corp: 478/151Kb lim: 717 exec/s: 15197 rss: 339Mb L: 133/708 MS: 1 InsertByte-
#30396	NEW    cov: 1332 ft: 4120 corp: 479/151Kb lim: 717 exec/s: 15198 rss: 339Mb L: 708/708 MS: 2 ChangeByte-ChangeByte-
#30899	REDUCE cov: 1332 ft: 4120 corp: 479/151Kb lim: 717 exec/s: 15449 rss: 339Mb L: 92/708 MS: 3 ChangeBit-CopyPart-EraseBytes-
#31202	REDUCE cov: 1332 ft: 4120 corp: 479/151Kb lim: 717 exec/s: 15601 rss: 339Mb L: 532/708 MS: 3 CrossOver-ChangeASCIIInt-ManualDict- DE: "NULL VP8Io parameter in VP8Decode()."-
#31208	REDUCE cov: 1332 ft: 4120 corp: 479/151Kb lim: 717 exec/s: 15604 rss: 339Mb L: 151/708 MS: 1 EraseBytes-
#31369	REDUCE cov: 1332 ft: 4120 corp: 479/151Kb lim: 717 exec/s: 15684 rss: 339Mb L: 141/708 MS: 1 EraseBytes-
#31411	REDUCE cov: 1332 ft: 4120 corp: 479/151Kb lim: 717 exec/s: 15705 rss: 339Mb L: 23/708 MS: 2 ShuffleBytes-EraseBytes-
#31537	REDUCE cov: 1332 ft: 4120 corp: 479/151Kb lim: 717 exec/s: 15768 rss: 339Mb L: 350/708 MS: 1 EraseBytes-
#31833	NEW    cov: 1332 ft: 4121 corp: 480/152Kb lim: 717 exec/s: 15916 rss: 339Mb L: 708/708 MS: 1 ManualDict- DE: "usw             %[temp9],    1*"-
#32019	REDUCE cov: 1332 ft: 4121 corp: 480/152Kb lim: 717 exec/s: 16009 rss: 339Mb L: 114/708 MS: 1 EraseBytes-
#32200	NEW    cov: 1332 ft: 4122 corp: 481/152Kb lim: 717 exec/s: 16100 rss: 339Mb L: 98/708 MS: 1 ChangeByte-
#32358	NEW    cov: 1332 ft: 4123 corp: 482/152Kb lim: 717 exec/s: 16179 rss: 339Mb L: 542/708 MS: 3 InsertByte-ChangeASCIIInt-ChangeBit-
#32390	REDUCE cov: 1332 ft: 4123 corp: 482/152Kb lim: 717 exec/s: 16195 rss: 339Mb L: 336/708 MS: 2 InsertByte-EraseBytes-
#32471	REDUCE cov: 1332 ft: 4123 corp: 482/152Kb lim: 717 exec/s: 16235 rss: 339Mb L: 17/708 MS: 1 EraseBytes-
#32662	REDUCE cov: 1332 ft: 4123 corp: 482/152Kb lim: 717 exec/s: 16331 rss: 339Mb L: 2/708 MS: 1 EraseBytes-
#32666	NEW    cov: 1332 ft: 4124 corp: 483/153Kb lim: 717 exec/s: 16333 rss: 340Mb L: 182/708 MS: 4 CrossOver-InsertRepeatedBytes-PersAutoDict-ChangeBinInt- DE: "usw             %[temp9],    1*"-
#32768	pulse  cov: 1332 ft: 4124 corp: 483/153Kb lim: 717 exec/s: 16384 rss: 340Mb
#33077	REDUCE cov: 1332 ft: 4124 corp: 483/153Kb lim: 717 exec/s: 16538 rss: 340Mb L: 287/708 MS: 1 EraseBytes-
#33239	NEW    cov: 1333 ft: 4126 corp: 484/153Kb lim: 717 exec/s: 16619 rss: 340Mb L: 189/708 MS: 2 ShuffleBytes-InsertRepeatedBytes-
#33340	REDUCE cov: 1333 ft: 4126 corp: 484/153Kb lim: 717 exec/s: 16670 rss: 340Mb L: 124/708 MS: 1 EraseBytes-
#33436	REDUCE cov: 1333 ft: 4126 corp: 484/153Kb lim: 717 exec/s: 16718 rss: 340Mb L: 328/708 MS: 1 EraseBytes-
#33453	REDUCE cov: 1333 ft: 4126 corp: 484/153Kb lim: 717 exec/s: 16726 rss: 340Mb L: 193/708 MS: 2 ShuffleBytes-EraseBytes-
#33710	NEW    cov: 1333 ft: 4128 corp: 485/153Kb lim: 717 exec/s: 16855 rss: 340Mb L: 708/708 MS: 2 PersAutoDict-ChangeBinInt- DE: "8\002\000\000\000\000\000\000"-
#33802	REDUCE cov: 1333 ft: 4128 corp: 485/153Kb lim: 717 exec/s: 16901 rss: 340Mb L: 128/708 MS: 2 CMP-EraseBytes- DE: "VP8X"-
#33813	NEW    cov: 1333 ft: 4130 corp: 486/153Kb lim: 717 exec/s: 16906 rss: 340Mb L: 134/708 MS: 1 ChangeBit-
#33842	NEW    cov: 1335 ft: 4156 corp: 487/154Kb lim: 717 exec/s: 16921 rss: 340Mb L: 243/708 MS: 4 ChangeBinInt-ChangeByte-ChangeBit-InsertRepeatedBytes-
#33846	NEW    cov: 1335 ft: 4157 corp: 488/154Kb lim: 717 exec/s: 16923 rss: 340Mb L: 708/708 MS: 4 ChangeByte-ChangeASCIIInt-ChangeByte-PersAutoDict- DE: "slt     %[temp16],      %["-
#33907	NEW    cov: 1335 ft: 4158 corp: 489/155Kb lim: 717 exec/s: 16953 rss: 340Mb L: 708/708 MS: 1 ChangeASCIIInt-
#33993	REDUCE cov: 1335 ft: 4158 corp: 489/155Kb lim: 717 exec/s: 16996 rss: 340Mb L: 365/708 MS: 1 EraseBytes-
#34007	NEW    cov: 1335 ft: 4159 corp: 490/156Kb lim: 717 exec/s: 17003 rss: 340Mb L: 694/708 MS: 4 ChangeASCIIInt-CopyPart-ChangeASCIIInt-CrossOver-
#34024	REDUCE cov: 1335 ft: 4159 corp: 490/156Kb lim: 717 exec/s: 17012 rss: 340Mb L: 108/708 MS: 2 ShuffleBytes-EraseBytes-
#34072	NEW    cov: 1335 ft: 4160 corp: 491/156Kb lim: 717 exec/s: 17036 rss: 340Mb L: 499/708 MS: 3 CopyPart-CrossOver-InsertByte-
#34363	REDUCE cov: 1335 ft: 4160 corp: 491/156Kb lim: 717 exec/s: 17181 rss: 341Mb L: 200/708 MS: 1 EraseBytes-
#34513	REDUCE cov: 1335 ft: 4160 corp: 491/156Kb lim: 717 exec/s: 17256 rss: 341Mb L: 311/708 MS: 5 PersAutoDict-PersAutoDict-ShuffleBytes-ManualDict-EraseBytes- DE: "c\000\000\000\000\000\000\000"-"dpa.w.ph        $ac0,      %["-"lw               %[temp0],    "-
#34516	REDUCE cov: 1335 ft: 4160 corp: 491/156Kb lim: 717 exec/s: 17258 rss: 341Mb L: 247/708 MS: 3 CrossOver-InsertByte-EraseBytes-
#34542	NEW    cov: 1335 ft: 4162 corp: 492/157Kb lim: 717 exec/s: 17271 rss: 341Mb L: 715/715 MS: 1 InsertRepeatedBytes-
#34579	REDUCE cov: 1335 ft: 4162 corp: 492/157Kb lim: 717 exec/s: 17289 rss: 341Mb L: 455/715 MS: 2 CopyPart-EraseBytes-
#34715	REDUCE cov: 1335 ft: 4162 corp: 492/157Kb lim: 717 exec/s: 17357 rss: 341Mb L: 544/715 MS: 1 EraseBytes-
#34753	REDUCE cov: 1335 ft: 4162 corp: 492/156Kb lim: 717 exec/s: 17376 rss: 341Mb L: 147/715 MS: 3 CMP-EraseBytes-CopyPart- DE: "\000\000\000\000\000\000\000h"-
#34808	REDUCE cov: 1335 ft: 4162 corp: 492/156Kb lim: 717 exec/s: 17404 rss: 341Mb L: 143/715 MS: 5 ManualDict-ChangeBit-ChangeBinInt-PersAutoDict-EraseBytes- DE: "(hstride), [thresh2]"-" #C1 "-
#34860	REDUCE cov: 1335 ft: 4162 corp: 492/156Kb lim: 717 exec/s: 17430 rss: 341Mb L: 135/715 MS: 2 ChangeByte-EraseBytes-
#35013	REDUCE cov: 1335 ft: 4162 corp: 492/156Kb lim: 717 exec/s: 17506 rss: 341Mb L: 172/715 MS: 3 EraseBytes-ChangeByte-InsertRepeatedBytes-
#35047	REDUCE cov: 1335 ft: 4162 corp: 492/156Kb lim: 717 exec/s: 17523 rss: 341Mb L: 144/715 MS: 4 ChangeByte-ManualDict-ManualDict-EraseBytes- DE: "preceu.ph.qbl   %["-"lbu      %[temp18], 3+0*"-
#35099	REDUCE cov: 1335 ft: 4162 corp: 492/156Kb lim: 717 exec/s: 17549 rss: 341Mb L: 140/715 MS: 2 ManualDict-EraseBytes- DE: "usw              %[temp4],   3*"-
#35210	REDUCE cov: 1335 ft: 4162 corp: 492/156Kb lim: 717 exec/s: 17605 rss: 341Mb L: 66/715 MS: 1 EraseBytes-
#35386	NEW    cov: 1335 ft: 4163 corp: 493/157Kb lim: 717 exec/s: 17693 rss: 341Mb L: 502/715 MS: 1 PersAutoDict- DE: "(kC1C2), [ref] "-
#35603	REDUCE cov: 1335 ft: 4163 corp: 493/157Kb lim: 717 exec/s: 17801 rss: 341Mb L: 535/715 MS: 2 ShuffleBytes-EraseBytes-
#35634	NEW    cov: 1335 ft: 4164 corp: 494/157Kb lim: 717 exec/s: 17817 rss: 341Mb L: 708/715 MS: 1 ManualDict- DE: "usw             %[temp10],   2*"-
#36178	REDUCE cov: 1335 ft: 4164 corp: 494/157Kb lim: 717 exec/s: 18089 rss: 342Mb L: 418/715 MS: 4 ShuffleBytes-ManualDict-PersAutoDict-EraseBytes- DE: "sll    %["-"lbu    %[temp18],    3+"-
#36539	NEW    cov: 1335 ft: 4165 corp: 495/158Kb lim: 717 exec/s: 18269 rss: 342Mb L: 123/715 MS: 1 CopyPart-
#36732	NEW    cov: 1335 ft: 4166 corp: 496/158Kb lim: 717 exec/s: 18366 rss: 342Mb L: 714/715 MS: 3 ChangeASCIIInt-ChangeBit-InsertRepeatedBytes-
#36855	NEW    cov: 1335 ft: 4167 corp: 497/158Kb lim: 717 exec/s: 18427 rss: 342Mb L: 124/715 MS: 3 ShuffleBytes-ChangeByte-ChangeBinInt-
#37016	NEW    cov: 1335 ft: 4168 corp: 498/159Kb lim: 717 exec/s: 18508 rss: 342Mb L: 524/715 MS: 1 CopyPart-
#37064	REDUCE cov: 1335 ft: 4168 corp: 498/159Kb lim: 717 exec/s: 18532 rss: 342Mb L: 147/715 MS: 3 CrossOver-CrossOver-EraseBytes-
#37395	REDUCE cov: 1335 ft: 4168 corp: 498/159Kb lim: 717 exec/s: 18697 rss: 342Mb L: 130/715 MS: 1 EraseBytes-
#37468	NEW    cov: 1335 ft: 4169 corp: 499/159Kb lim: 717 exec/s: 18734 rss: 342Mb L: 132/715 MS: 3 ChangeBinInt-ChangeBit-ShuffleBytes-
#37505	REDUCE cov: 1335 ft: 4169 corp: 499/159Kb lim: 717 exec/s: 18752 rss: 342Mb L: 104/715 MS: 2 ChangeByte-EraseBytes-
#37612	NEW    cov: 1335 ft: 4170 corp: 500/160Kb lim: 717 exec/s: 18806 rss: 343Mb L: 711/715 MS: 2 CrossOver-ChangeByte-
#37629	REDUCE cov: 1335 ft: 4170 corp: 500/160Kb lim: 717 exec/s: 18814 rss: 343Mb L: 88/715 MS: 2 ChangeASCIIInt-EraseBytes-
#37695	REDUCE cov: 1335 ft: 4170 corp: 500/160Kb lim: 717 exec/s: 18847 rss: 343Mb L: 560/715 MS: 1 CrossOver-
#37867	REDUCE cov: 1335 ft: 4170 corp: 500/160Kb lim: 717 exec/s: 18933 rss: 343Mb L: 115/715 MS: 2 PersAutoDict-EraseBytes- DE: "ulw    %[temp0], "-
#37917	REDUCE cov: 1335 ft: 4172 corp: 501/160Kb lim: 717 exec/s: 18958 rss: 343Mb L: 330/715 MS: 5 PersAutoDict-InsertRepeatedBytes-PersAutoDict-CMP-ManualDict- DE: "lbu      %[temp5],  0+3*"-"sb               %[temp6],   "-"\377\377\377\377\377\377\377a"-"(v), [y]"-
#38073	NEW    cov: 1335 ft: 4174 corp: 502/160Kb lim: 717 exec/s: 19036 rss: 343Mb L: 216/715 MS: 1 CopyPart-
#38154	REDUCE cov: 1335 ft: 4174 corp: 502/160Kb lim: 717 exec/s: 19077 rss: 343Mb L: 108/715 MS: 1 EraseBytes-
#38234	NEW    cov: 1335 ft: 4175 corp: 503/161Kb lim: 717 exec/s: 19117 rss: 343Mb L: 685/715 MS: 5 ManualDict-InsertByte-ChangeBit-ChangeByte-CrossOver- DE: "(ppbias), [ppzthresh]"-
#38375	REDUCE cov: 1335 ft: 4175 corp: 503/161Kb lim: 717 exec/s: 19187 rss: 343Mb L: 151/715 MS: 1 EraseBytes-
#38438	REDUCE cov: 1335 ft: 4175 corp: 503/161Kb lim: 717 exec/s: 19219 rss: 343Mb L: 188/715 MS: 3 ChangeASCIIInt-ChangeBinInt-EraseBytes-
#38494	REDUCE cov: 1335 ft: 4175 corp: 503/161Kb lim: 717 exec/s: 19247 rss: 343Mb L: 143/715 MS: 1 EraseBytes-
#38587	REDUCE cov: 1335 ft: 4175 corp: 503/161Kb lim: 717 exec/s: 19293 rss: 343Mb L: 138/715 MS: 3 PersAutoDict-InsertRepeatedBytes-EraseBytes- DE: "lbu     %[temp6],    "-
#38792	NEW    cov: 1335 ft: 4178 corp: 504/161Kb lim: 717 exec/s: 19396 rss: 345Mb L: 179/715 MS: 5 ChangeBinInt-InsertRepeatedBytes-ShuffleBytes-EraseBytes-InsertByte-
#38936	REDUCE cov: 1335 ft: 4178 corp: 504/161Kb lim: 717 exec/s: 19468 rss: 345Mb L: 239/715 MS: 4 ChangeByte-ChangeBinInt-ChangeASCIIInt-EraseBytes-
#39272	REDUCE cov: 1335 ft: 4178 corp: 504/160Kb lim: 717 exec/s: 19636 rss: 345Mb L: 220/715 MS: 1 EraseBytes-
#39289	REDUCE cov: 1335 ft: 4178 corp: 504/160Kb lim: 717 exec/s: 19644 rss: 345Mb L: 128/715 MS: 2 ShuffleBytes-EraseBytes-
#39410	REDUCE cov: 1335 ft: 4178 corp: 504/160Kb lim: 717 exec/s: 19705 rss: 345Mb L: 117/715 MS: 1 EraseBytes-
#39427	REDUCE cov: 1335 ft: 4178 corp: 504/160Kb lim: 717 exec/s: 19713 rss: 345Mb L: 302/715 MS: 2 CrossOver-EraseBytes-
#39495	REDUCE cov: 1336 ft: 4179 corp: 505/160Kb lim: 717 exec/s: 19747 rss: 345Mb L: 52/715 MS: 3 ChangeByte-ManualDict-PersAutoDict- DE: "(b), [step]"-"\001\000\000\000"-
#39742	REDUCE cov: 1336 ft: 4179 corp: 505/160Kb lim: 717 exec/s: 19871 rss: 345Mb L: 334/715 MS: 2 InsertByte-CrossOver-
#39908	NEW    cov: 1336 ft: 4180 corp: 506/161Kb lim: 717 exec/s: 19954 rss: 345Mb L: 254/715 MS: 1 InsertRepeatedBytes-
#40034	NEW    cov: 1338 ft: 4182 corp: 507/161Kb lim: 717 exec/s: 13344 rss: 345Mb L: 193/715 MS: 1 ChangeByte-
#40035	REDUCE cov: 1338 ft: 4182 corp: 507/161Kb lim: 717 exec/s: 13345 rss: 345Mb L: 256/715 MS: 1 EraseBytes-
#40412	NEW    cov: 1338 ft: 4188 corp: 508/162Kb lim: 717 exec/s: 13470 rss: 345Mb L: 717/717 MS: 2 CrossOver-CopyPart-
#40639	NEW    cov: 1338 ft: 4189 corp: 509/162Kb lim: 717 exec/s: 13546 rss: 345Mb L: 558/717 MS: 2 InsertByte-InsertByte-
#40690	REDUCE cov: 1338 ft: 4189 corp: 509/162Kb lim: 717 exec/s: 13563 rss: 345Mb L: 101/717 MS: 1 EraseBytes-
#40766	REDUCE cov: 1338 ft: 4189 corp: 509/162Kb lim: 717 exec/s: 13588 rss: 345Mb L: 184/717 MS: 1 EraseBytes-
#40813	REDUCE cov: 1338 ft: 4189 corp: 509/162Kb lim: 717 exec/s: 13604 rss: 345Mb L: 185/717 MS: 2 PersAutoDict-EraseBytes- DE: "subu            %[temp19],     %["-
#41012	REDUCE cov: 1338 ft: 4190 corp: 510/162Kb lim: 717 exec/s: 13670 rss: 345Mb L: 124/717 MS: 4 ManualDict-ChangeBinInt-ChangeByte-ChangeByte- DE: "usw             %[temp1],   3*"-
#41281	REDUCE cov: 1338 ft: 4190 corp: 510/162Kb lim: 717 exec/s: 13760 rss: 345Mb L: 120/717 MS: 4 PersAutoDict-EraseBytes-CMP-PersAutoDict- DE: "preceu.ph.qbl   %["-"ALPH"-"c\000\000\000\000\000\000\000"-
#41429	REDUCE cov: 1338 ft: 4190 corp: 510/162Kb lim: 717 exec/s: 13809 rss: 346Mb L: 380/717 MS: 3 InsertByte-CopyPart-EraseBytes-
#41483	REDUCE cov: 1338 ft: 4190 corp: 510/162Kb lim: 717 exec/s: 13827 rss: 346Mb L: 139/717 MS: 4 InsertByte-InsertByte-CrossOver-EraseBytes-
#41560	REDUCE cov: 1338 ft: 4195 corp: 511/162Kb lim: 717 exec/s: 13853 rss: 346Mb L: 151/717 MS: 2 ShuffleBytes-ChangeByte-
#41687	REDUCE cov: 1338 ft: 4195 corp: 511/162Kb lim: 717 exec/s: 13895 rss: 346Mb L: 14/717 MS: 2 ShuffleBytes-EraseBytes-
#41950	REDUCE cov: 1338 ft: 4195 corp: 511/162Kb lim: 717 exec/s: 13983 rss: 346Mb L: 566/717 MS: 3 ChangeByte-PersAutoDict-EraseBytes- DE: "sb       %[temp11], 2+3*"-
#41986	NEW    cov: 1338 ft: 4207 corp: 512/162Kb lim: 717 exec/s: 13995 rss: 346Mb L: 267/717 MS: 1 PersAutoDict- DE: "sb       %[temp11], 2+3*"-
#42212	REDUCE cov: 1338 ft: 4208 corp: 513/163Kb lim: 717 exec/s: 14070 rss: 346Mb L: 81/717 MS: 1 EraseBytes-
#42838	NEW    cov: 1338 ft: 4214 corp: 514/163Kb lim: 717 exec/s: 14279 rss: 346Mb L: 345/717 MS: 1 EraseBytes-
#42919	REDUCE cov: 1338 ft: 4214 corp: 514/163Kb lim: 717 exec/s: 14306 rss: 346Mb L: 76/717 MS: 1 EraseBytes-
#43100	REDUCE cov: 1338 ft: 4214 corp: 514/163Kb lim: 717 exec/s: 14366 rss: 346Mb L: 140/717 MS: 1 EraseBytes-
#43109	REDUCE cov: 1339 ft: 4223 corp: 515/163Kb lim: 717 exec/s: 14369 rss: 346Mb L: 214/717 MS: 4 InsertByte-ChangeBinInt-ChangeBit-ChangeBinInt-
#43675	REDUCE cov: 1339 ft: 4223 corp: 515/163Kb lim: 717 exec/s: 14558 rss: 347Mb L: 122/717 MS: 1 EraseBytes-
#43859	NEW    cov: 1339 ft: 4226 corp: 516/163Kb lim: 717 exec/s: 14619 rss: 347Mb L: 301/717 MS: 4 ChangeBinInt-InsertRepeatedBytes-InsertByte-ChangeByte-
#43881	REDUCE cov: 1339 ft: 4226 corp: 516/163Kb lim: 717 exec/s: 14627 rss: 347Mb L: 204/717 MS: 2 PersAutoDict-EraseBytes- DE: "\234\000\000\000\000\000\000\000"-
#44036	REDUCE cov: 1339 ft: 4226 corp: 516/163Kb lim: 717 exec/s: 14678 rss: 347Mb L: 124/717 MS: 5 InsertRepeatedBytes-CMP-ManualDict-ShuffleBytes-EraseBytes- DE: "\377\377\377\377\377\377\377\003"-"(c24), [v]"-
#44052	NEW    cov: 1339 ft: 4228 corp: 517/163Kb lim: 717 exec/s: 14684 rss: 347Mb L: 273/717 MS: 1 ShuffleBytes-
#44058	REDUCE cov: 1339 ft: 4228 corp: 517/163Kb lim: 717 exec/s: 14686 rss: 347Mb L: 486/717 MS: 1 EraseBytes-
#44502	NEW    cov: 1339 ft: 4230 corp: 518/164Kb lim: 717 exec/s: 14834 rss: 347Mb L: 154/717 MS: 4 CMP-ChangeBit-ChangeByte-EraseBytes- DE: "VP6X"-
#44832	REDUCE cov: 1339 ft: 4230 corp: 518/163Kb lim: 717 exec/s: 14944 rss: 347Mb L: 439/717 MS: 5 ChangeASCIIInt-PersAutoDict-ChangeBit-CMP-EraseBytes- DE: "\377\377\377\377\377\377\377\003"-"\"\000\000\000\000\000\000\000"-
#45323	REDUCE cov: 1339 ft: 4230 corp: 518/163Kb lim: 717 exec/s: 15107 rss: 347Mb L: 251/717 MS: 1 EraseBytes-
#45804	REDUCE cov: 1339 ft: 4230 corp: 518/163Kb lim: 717 exec/s: 15268 rss: 347Mb L: 49/717 MS: 1 EraseBytes-
#45810	REDUCE cov: 1339 ft: 4231 corp: 519/164Kb lim: 717 exec/s: 15270 rss: 347Mb L: 184/717 MS: 1 ChangeBinInt-
#45877	REDUCE cov: 1339 ft: 4231 corp: 519/164Kb lim: 717 exec/s: 15292 rss: 347Mb L: 146/717 MS: 2 ChangeBit-EraseBytes-
#46004	NEW    cov: 1339 ft: 4232 corp: 520/164Kb lim: 717 exec/s: 15334 rss: 347Mb L: 708/717 MS: 2 CMP-ChangeBit- DE: "\000\000\000\000\000\000\000\033"-
#46071	NEW    cov: 1339 ft: 4233 corp: 521/165Kb lim: 717 exec/s: 15357 rss: 347Mb L: 714/717 MS: 2 CrossOver-ShuffleBytes-
#46367	REDUCE cov: 1339 ft: 4233 corp: 521/165Kb lim: 717 exec/s: 15455 rss: 347Mb L: 35/717 MS: 1 EraseBytes-
#46543	REDUCE cov: 1339 ft: 4233 corp: 521/165Kb lim: 717 exec/s: 15514 rss: 347Mb L: 244/717 MS: 1 EraseBytes-
#47134	REDUCE cov: 1339 ft: 4233 corp: 521/165Kb lim: 717 exec/s: 15711 rss: 347Mb L: 399/717 MS: 1 EraseBytes-
#47254	REDUCE cov: 1339 ft: 4233 corp: 521/165Kb lim: 717 exec/s: 15751 rss: 348Mb L: 371/717 MS: 5 CMP-ShuffleBytes-PersAutoDict-ManualDict-EraseBytes- DE: "VP8X"-"\001\030"-"(kC1C2), [ref] "-
#47305	REDUCE cov: 1339 ft: 4233 corp: 521/165Kb lim: 717 exec/s: 15768 rss: 348Mb L: 142/717 MS: 1 EraseBytes-
#47466	REDUCE cov: 1339 ft: 4233 corp: 521/165Kb lim: 717 exec/s: 15822 rss: 348Mb L: 446/717 MS: 1 EraseBytes-
#47686	NEW    cov: 1339 ft: 4234 corp: 522/165Kb lim: 717 exec/s: 15895 rss: 348Mb L: 221/717 MS: 5 ChangeBit-CopyPart-CopyPart-ChangeBinInt-InsertByte-
#47712	REDUCE cov: 1339 ft: 4235 corp: 523/165Kb lim: 717 exec/s: 15904 rss: 348Mb L: 446/717 MS: 1 ChangeBit-
#48281	NEW    cov: 1339 ft: 4236 corp: 524/166Kb lim: 717 exec/s: 16093 rss: 348Mb L: 717/717 MS: 4 ChangeByte-InsertByte-ChangeBinInt-PersAutoDict- DE: "\377\377\377\377\377\377\377\377"-
#48512	NEW    cov: 1339 ft: 4259 corp: 525/166Kb lim: 717 exec/s: 16170 rss: 348Mb L: 34/717 MS: 1 ChangeByte-
#48514	REDUCE cov: 1339 ft: 4261 corp: 526/166Kb lim: 717 exec/s: 16171 rss: 348Mb L: 278/717 MS: 2 CopyPart-ManualDict- DE: "((DST)), [src]"-
#48590	REDUCE cov: 1339 ft: 4261 corp: 526/166Kb lim: 717 exec/s: 16196 rss: 348Mb L: 128/717 MS: 1 EraseBytes-
#48661	REDUCE cov: 1339 ft: 4261 corp: 526/166Kb lim: 717 exec/s: 16220 rss: 348Mb L: 125/717 MS: 1 EraseBytes-
#48686	REDUCE cov: 1339 ft: 4261 corp: 526/166Kb lim: 717 exec/s: 16228 rss: 348Mb L: 600/717 MS: 5 PersAutoDict-InsertByte-CMP-CrossOver-EraseBytes- DE: "\012\000"-"\001\000\000\000\000\000\000\031"-
#48766	REDUCE cov: 1339 ft: 4261 corp: 526/166Kb lim: 717 exec/s: 16255 rss: 348Mb L: 630/717 MS: 5 ChangeBit-ChangeByte-InsertRepeatedBytes-ManualDict-EraseBytes- DE: "],    %["-
#49157	REDUCE cov: 1339 ft: 4261 corp: 526/166Kb lim: 717 exec/s: 16385 rss: 348Mb L: 156/717 MS: 1 EraseBytes-
#49415	NEW    cov: 1339 ft: 4265 corp: 527/166Kb lim: 717 exec/s: 16471 rss: 348Mb L: 125/717 MS: 3 ChangeByte-InsertByte-ChangeBinInt-
#49611	NEW    cov: 1340 ft: 4267 corp: 528/167Kb lim: 717 exec/s: 16537 rss: 348Mb L: 165/717 MS: 1 CMP- DE: "VP9 "-
#49638	REDUCE cov: 1340 ft: 4267 corp: 528/167Kb lim: 717 exec/s: 16546 rss: 348Mb L: 159/717 MS: 2 PersAutoDict-EraseBytes- DE: "lbu     %[temp17],      1+"-
#49794	REDUCE cov: 1340 ft: 4267 corp: 528/167Kb lim: 717 exec/s: 16598 rss: 348Mb L: 255/717 MS: 1 EraseBytes-
#50035	REDUCE cov: 1340 ft: 4269 corp: 529/167Kb lim: 717 exec/s: 16678 rss: 348Mb L: 388/717 MS: 1 CrossOver-
#50076	NEW    cov: 1340 ft: 4281 corp: 530/167Kb lim: 717 exec/s: 16692 rss: 348Mb L: 268/717 MS: 1 InsertRepeatedBytes-
#50187	REDUCE cov: 1340 ft: 4281 corp: 530/167Kb lim: 717 exec/s: 16729 rss: 348Mb L: 84/717 MS: 1 EraseBytes-
#50403	NEW    cov: 1341 ft: 4282 corp: 531/167Kb lim: 717 exec/s: 16801 rss: 348Mb L: 181/717 MS: 1 CrossOver-
#50414	NEW    cov: 1341 ft: 4284 corp: 532/168Kb lim: 717 exec/s: 16804 rss: 348Mb L: 211/717 MS: 1 InsertRepeatedBytes-
#50423	REDUCE cov: 1341 ft: 4284 corp: 532/167Kb lim: 717 exec/s: 16807 rss: 348Mb L: 147/717 MS: 4 CMP-CopyPart-PersAutoDict-EraseBytes- DE: "\016\000"-"\000\000\000\000\000\000\000\020"-
#50489	REDUCE cov: 1341 ft: 4284 corp: 532/167Kb lim: 717 exec/s: 16829 rss: 348Mb L: 326/717 MS: 1 EraseBytes-
#50560	REDUCE cov: 1341 ft: 4287 corp: 533/168Kb lim: 717 exec/s: 16853 rss: 348Mb L: 192/717 MS: 1 ChangeBit-
#50667	REDUCE cov: 1341 ft: 4287 corp: 533/168Kb lim: 717 exec/s: 16889 rss: 348Mb L: 107/717 MS: 2 ChangeBit-EraseBytes-
#50768	REDUCE cov: 1341 ft: 4287 corp: 533/167Kb lim: 717 exec/s: 16922 rss: 348Mb L: 144/717 MS: 1 EraseBytes-
#50784	NEW    cov: 1341 ft: 4288 corp: 534/168Kb lim: 717 exec/s: 16928 rss: 348Mb L: 174/717 MS: 1 InsertRepeatedBytes-
#50990	REDUCE cov: 1341 ft: 4288 corp: 534/168Kb lim: 717 exec/s: 16996 rss: 348Mb L: 118/717 MS: 1 EraseBytes-
#51054	NEW    cov: 1341 ft: 4289 corp: 535/168Kb lim: 717 exec/s: 17018 rss: 348Mb L: 717/717 MS: 4 ChangeBit-ChangeASCIIInt-InsertByte-CopyPart-
#51083	NEW    cov: 1341 ft: 4290 corp: 536/169Kb lim: 717 exec/s: 17027 rss: 348Mb L: 255/717 MS: 4 CMP-ChangeByte-InsertRepeatedBytes-ChangeBinInt- DE: "Z\000\000\000\000\000\000\000"-
#51409	REDUCE cov: 1341 ft: 4290 corp: 536/169Kb lim: 717 exec/s: 17136 rss: 348Mb L: 249/717 MS: 1 EraseBytes-
#51660	REDUCE cov: 1341 ft: 4292 corp: 537/169Kb lim: 717 exec/s: 17220 rss: 348Mb L: 467/717 MS: 1 CrossOver-
#51935	REDUCE cov: 1341 ft: 4292 corp: 537/169Kb lim: 717 exec/s: 17311 rss: 348Mb L: 530/717 MS: 5 InsertByte-InsertRepeatedBytes-ChangeASCIIInt-EraseBytes-InsertRepeatedBytes-
#52131	REDUCE cov: 1341 ft: 4292 corp: 537/169Kb lim: 717 exec/s: 17377 rss: 348Mb L: 55/717 MS: 1 EraseBytes-
#52361	REDUCE cov: 1341 ft: 4292 corp: 537/169Kb lim: 717 exec/s: 17453 rss: 348Mb L: 164/717 MS: 5 ChangeBit-CopyPart-EraseBytes-EraseBytes-InsertByte-
#52407	REDUCE cov: 1341 ft: 4292 corp: 537/169Kb lim: 717 exec/s: 17469 rss: 348Mb L: 158/717 MS: 1 EraseBytes-
#52488	REDUCE cov: 1341 ft: 4292 corp: 537/169Kb lim: 717 exec/s: 17496 rss: 348Mb L: 57/717 MS: 1 EraseBytes-
#52871	REDUCE cov: 1341 ft: 4292 corp: 537/169Kb lim: 717 exec/s: 17623 rss: 348Mb L: 262/717 MS: 3 ChangeASCIIInt-CopyPart-EraseBytes-
#52884	REDUCE cov: 1341 ft: 4292 corp: 537/169Kb lim: 717 exec/s: 17628 rss: 348Mb L: 188/717 MS: 3 InsertRepeatedBytes-PersAutoDict-EraseBytes- DE: "subq.ph         %[temp8],     %["-
#52952	NEW    cov: 1341 ft: 4296 corp: 538/169Kb lim: 717 exec/s: 17650 rss: 348Mb L: 708/717 MS: 3 ManualDict-ChangeByte-ChangeByte- DE: "[6],"-
#53068	REDUCE cov: 1341 ft: 4296 corp: 538/169Kb lim: 717 exec/s: 17689 rss: 348Mb L: 40/717 MS: 1 EraseBytes-
#53211	REDUCE cov: 1341 ft: 4296 corp: 538/169Kb lim: 717 exec/s: 17737 rss: 348Mb L: 436/717 MS: 3 ChangeASCIIInt-InsertByte-EraseBytes-
#53269	NEW    cov: 1341 ft: 4297 corp: 539/169Kb lim: 717 exec/s: 17756 rss: 348Mb L: 278/717 MS: 3 PersAutoDict-InsertByte-InsertRepeatedBytes- DE: "addiu  %[temp16],    %["-
#53390	REDUCE cov: 1341 ft: 4297 corp: 539/169Kb lim: 717 exec/s: 17796 rss: 348Mb L: 112/717 MS: 1 EraseBytes-
#53451	REDUCE cov: 1341 ft: 4297 corp: 539/169Kb lim: 717 exec/s: 17817 rss: 348Mb L: 487/717 MS: 1 CrossOver-
#53527	REDUCE cov: 1341 ft: 4297 corp: 539/169Kb lim: 717 exec/s: 17842 rss: 348Mb L: 25/717 MS: 1 EraseBytes-
#53641	REDUCE cov: 1341 ft: 4297 corp: 539/169Kb lim: 717 exec/s: 17880 rss: 348Mb L: 112/717 MS: 4 ManualDict-ChangeBinInt-EraseBytes-EraseBytes- DE: "ulw        %[temp1],  "-
#53713	REDUCE cov: 1341 ft: 4297 corp: 539/169Kb lim: 717 exec/s: 17904 rss: 348Mb L: 140/717 MS: 2 ChangeBit-EraseBytes-
#53724	REDUCE cov: 1341 ft: 4297 corp: 539/169Kb lim: 717 exec/s: 17908 rss: 348Mb L: 562/717 MS: 1 EraseBytes-
#53731	REDUCE cov: 1341 ft: 4297 corp: 539/169Kb lim: 717 exec/s: 17910 rss: 348Mb L: 548/717 MS: 2 PersAutoDict-EraseBytes- DE: "\036\000"-
#53763	NEW    cov: 1341 ft: 4298 corp: 540/169Kb lim: 717 exec/s: 17921 rss: 348Mb L: 196/717 MS: 2 CrossOver-PersAutoDict- DE: "(c24), [v]"-
#53903	REDUCE cov: 1341 ft: 4299 corp: 541/170Kb lim: 717 exec/s: 17967 rss: 348Mb L: 328/717 MS: 5 PersAutoDict-ChangeBinInt-ChangeBinInt-ChangeBinInt-ManualDict- DE: "ulw    %[temp5], "-"usw             %[temp10],   0*"-
#53979	REDUCE cov: 1341 ft: 4299 corp: 541/170Kb lim: 717 exec/s: 17993 rss: 348Mb L: 44/717 MS: 1 EraseBytes-
#54067	NEW    cov: 1341 ft: 4300 corp: 542/170Kb lim: 717 exec/s: 18022 rss: 348Mb L: 166/717 MS: 3 CopyPart-CMP-CrossOver- DE: "\000\000\000\000"-
#54165	REDUCE cov: 1341 ft: 4300 corp: 542/170Kb lim: 717 exec/s: 18055 rss: 348Mb L: 527/717 MS: 3 PersAutoDict-ChangeBit-EraseBytes- DE: "lbu    %[temp5],  1+"-
#54181	NEW    cov: 1341 ft: 4304 corp: 543/170Kb lim: 717 exec/s: 18060 rss: 348Mb L: 34/717 MS: 1 ChangeByte-
#54312	REDUCE cov: 1341 ft: 4304 corp: 543/170Kb lim: 717 exec/s: 18104 rss: 348Mb L: 47/717 MS: 1 EraseBytes-
#54888	REDUCE cov: 1341 ft: 4304 corp: 543/170Kb lim: 717 exec/s: 18296 rss: 348Mb L: 191/717 MS: 1 EraseBytes-
#54904	REDUCE cov: 1341 ft: 4304 corp: 543/170Kb lim: 717 exec/s: 18301 rss: 348Mb L: 107/717 MS: 1 EraseBytes-
#54920	REDUCE cov: 1342 ft: 4305 corp: 544/170Kb lim: 717 exec/s: 18306 rss: 348Mb L: 86/717 MS: 1 EraseBytes-
#55222	NEW    cov: 1342 ft: 4308 corp: 545/171Kb lim: 717 exec/s: 18407 rss: 348Mb L: 717/717 MS: 2 ChangeByte-ChangeASCIIInt-
#55268	REDUCE cov: 1342 ft: 4308 corp: 545/171Kb lim: 717 exec/s: 18422 rss: 348Mb L: 109/717 MS: 1 EraseBytes-
#55577	REDUCE cov: 1342 ft: 4308 corp: 545/171Kb lim: 717 exec/s: 18525 rss: 348Mb L: 344/717 MS: 4 ChangeBinInt-ChangeASCIIInt-ChangeBinInt-EraseBytes-
#55677	NEW    cov: 1342 ft: 4312 corp: 546/171Kb lim: 717 exec/s: 18559 rss: 348Mb L: 571/717 MS: 5 ManualDict-PersAutoDict-InsertRepeatedBytes-CopyPart-InsertRepeatedBytes- DE: "sh          $0,           "-"\001\030"-
#55686	NEW    cov: 1342 ft: 4314 corp: 547/172Kb lim: 717 exec/s: 18562 rss: 348Mb L: 555/717 MS: 4 CMP-ShuffleBytes-ManualDict-ChangeBit- DE: "\275\002"-"ulw         %[temp2],     "-
#55737	REDUCE cov: 1342 ft: 4314 corp: 547/172Kb lim: 717 exec/s: 18579 rss: 348Mb L: 336/717 MS: 1 EraseBytes-
#56068	REDUCE cov: 1342 ft: 4314 corp: 547/172Kb lim: 717 exec/s: 18689 rss: 348Mb L: 218/717 MS: 1 EraseBytes-
#56169	NEW    cov: 1342 ft: 4315 corp: 548/172Kb lim: 717 exec/s: 18723 rss: 348Mb L: 214/717 MS: 1 ChangeByte-
#56525	REDUCE cov: 1342 ft: 4315 corp: 548/172Kb lim: 717 exec/s: 18841 rss: 348Mb L: 311/717 MS: 1 EraseBytes-
#57196	NEW    cov: 1342 ft: 4316 corp: 549/172Kb lim: 717 exec/s: 19065 rss: 350Mb L: 132/717 MS: 1 ChangeByte-
#57255	NEW    cov: 1342 ft: 4317 corp: 550/172Kb lim: 717 exec/s: 19085 rss: 350Mb L: 255/717 MS: 4 PersAutoDict-ManualDict-ChangeASCIIInt-CrossOver- DE: "src/dsp/neon.h"-"(const_2), [const_max_level]"-
#57319	REDUCE cov: 1342 ft: 4317 corp: 550/172Kb lim: 717 exec/s: 19106 rss: 350Mb L: 328/717 MS: 4 PersAutoDict-InsertRepeatedBytes-ShuffleBytes-EraseBytes- DE: "+&r"-
#57564	NEW    cov: 1342 ft: 4318 corp: 551/172Kb lim: 717 exec/s: 19188 rss: 351Mb L: 198/717 MS: 5 CopyPart-ManualDict-ChangeByte-ShuffleBytes-ShuffleBytes- DE: "(inverse), [c_00ffffff]"-
#57750	REDUCE cov: 1342 ft: 4318 corp: 551/172Kb lim: 717 exec/s: 19250 rss: 351Mb L: 140/717 MS: 1 EraseBytes-
#57877	REDUCE cov: 1342 ft: 4318 corp: 551/172Kb lim: 717 exec/s: 19292 rss: 351Mb L: 181/717 MS: 2 CopyPart-EraseBytes-
#58038	NEW    cov: 1342 ft: 4319 corp: 552/173Kb lim: 717 exec/s: 19346 rss: 351Mb L: 708/717 MS: 1 ChangeASCIIInt-
#58234	REDUCE cov: 1342 ft: 4319 corp: 552/173Kb lim: 717 exec/s: 19411 rss: 351Mb L: 140/717 MS: 1 EraseBytes-
#58235	REDUCE cov: 1342 ft: 4319 corp: 552/173Kb lim: 717 exec/s: 19411 rss: 351Mb L: 122/717 MS: 1 EraseBytes-
#58416	REDUCE cov: 1342 ft: 4319 corp: 552/173Kb lim: 717 exec/s: 19472 rss: 351Mb L: 269/717 MS: 1 EraseBytes-
#58453	REDUCE cov: 1342 ft: 4319 corp: 552/173Kb lim: 717 exec/s: 19484 rss: 351Mb L: 35/717 MS: 2 ChangeByte-EraseBytes-
#58508	REDUCE cov: 1342 ft: 4325 corp: 553/173Kb lim: 717 exec/s: 19502 rss: 352Mb L: 178/717 MS: 5 InsertRepeatedBytes-CrossOver-CMP-ChangeBinInt-InsertRepeatedBytes- DE: "\355#"-
#58656	NEW    cov: 1343 ft: 4326 corp: 554/173Kb lim: 717 exec/s: 19552 rss: 352Mb L: 543/717 MS: 3 CMP-InsertByte-ChangeBit- DE: "\000\000@\000"-
#58712	NEW    cov: 1343 ft: 4327 corp: 555/173Kb lim: 717 exec/s: 19570 rss: 352Mb L: 180/717 MS: 1 PersAutoDict- DE: "M\037\000\000"-
#58718	NEW    cov: 1343 ft: 4330 corp: 556/174Kb lim: 717 exec/s: 19572 rss: 352Mb L: 708/717 MS: 1 CrossOver-
#58780	REDUCE cov: 1343 ft: 4330 corp: 556/174Kb lim: 717 exec/s: 19593 rss: 352Mb L: 178/717 MS: 2 CrossOver-InsertRepeatedBytes-
#59018	NEW    cov: 1343 ft: 4332 corp: 557/174Kb lim: 717 exec/s: 19672 rss: 352Mb L: 243/717 MS: 3 ShuffleBytes-ChangeByte-CMP- DE: "\001\000\000\011"-
#59056	NEW    cov: 1343 ft: 4333 corp: 558/175Kb lim: 717 exec/s: 19685 rss: 352Mb L: 277/717 MS: 3 CMP-InsertByte-CopyPart- DE: "x\001\000\000\000\000\000\000"-
#59129	REDUCE cov: 1343 ft: 4333 corp: 558/175Kb lim: 717 exec/s: 19709 rss: 352Mb L: 166/717 MS: 3 ShuffleBytes-CMP-EraseBytes- DE: "ALPH"-
#59161	REDUCE cov: 1343 ft: 4333 corp: 558/175Kb lim: 717 exec/s: 19720 rss: 352Mb L: 592/717 MS: 2 ManualDict-EraseBytes- DE: "usw        %[value],  8+"-
#59372	NEW    cov: 1343 ft: 4336 corp: 559/175Kb lim: 717 exec/s: 14843 rss: 352Mb L: 709/717 MS: 1 InsertByte-
#59453	REDUCE cov: 1344 ft: 4337 corp: 560/175Kb lim: 717 exec/s: 14863 rss: 353Mb L: 24/717 MS: 1 EraseBytes-
#59563	NEW    cov: 1344 ft: 4338 corp: 561/176Kb lim: 717 exec/s: 14890 rss: 353Mb L: 184/717 MS: 5 ChangeBit-ChangeBit-ChangeByte-ChangeBinInt-PersAutoDict- DE: "\310\000\000\000"-
#59639	NEW    cov: 1344 ft: 4340 corp: 562/176Kb lim: 717 exec/s: 14909 rss: 353Mb L: 216/717 MS: 1 ShuffleBytes-
#59838	NEW    cov: 1344 ft: 4341 corp: 563/176Kb lim: 717 exec/s: 14959 rss: 353Mb L: 708/717 MS: 4 ChangeBit-ChangeASCIIInt-ChangeBit-CrossOver-
#59874	REDUCE cov: 1344 ft: 4341 corp: 563/176Kb lim: 717 exec/s: 14968 rss: 353Mb L: 185/717 MS: 1 EraseBytes-
#59923	REDUCE cov: 1344 ft: 4341 corp: 563/176Kb lim: 717 exec/s: 14980 rss: 353Mb L: 176/717 MS: 4 CrossOver-ShuffleBytes-ShuffleBytes-EraseBytes-
#59969	NEW    cov: 1344 ft: 4342 corp: 564/177Kb lim: 717 exec/s: 14992 rss: 353Mb L: 708/717 MS: 1 ChangeBit-
#60047	REDUCE cov: 1344 ft: 4342 corp: 564/177Kb lim: 717 exec/s: 15011 rss: 353Mb L: 136/717 MS: 3 ChangeByte-ChangeByte-EraseBytes-
#60078	NEW    cov: 1344 ft: 4346 corp: 565/178Kb lim: 717 exec/s: 15019 rss: 353Mb L: 554/717 MS: 1 CrossOver-
#60144	REDUCE cov: 1344 ft: 4346 corp: 565/178Kb lim: 717 exec/s: 15036 rss: 353Mb L: 503/717 MS: 1 EraseBytes-
#60220	REDUCE cov: 1344 ft: 4346 corp: 565/177Kb lim: 717 exec/s: 15055 rss: 353Mb L: 236/717 MS: 1 EraseBytes-
#60268	NEW    cov: 1344 ft: 4349 corp: 566/178Kb lim: 717 exec/s: 15067 rss: 353Mb L: 467/717 MS: 3 ShuffleBytes-ChangeBinInt-CMP- DE: "\000\000\000\012"-
#60656	REDUCE cov: 1344 ft: 4349 corp: 566/178Kb lim: 717 exec/s: 15164 rss: 353Mb L: 394/717 MS: 3 CMP-ChangeASCIIInt-EraseBytes- DE: "\032\011"-
#60827	REDUCE cov: 1344 ft: 4349 corp: 566/178Kb lim: 717 exec/s: 15206 rss: 353Mb L: 128/717 MS: 1 EraseBytes-
#61151	REDUCE cov: 1344 ft: 4349 corp: 566/178Kb lim: 717 exec/s: 15287 rss: 353Mb L: 597/717 MS: 4 ShuffleBytes-PersAutoDict-PersAutoDict-CrossOver- DE: "src/dsp/neon.h"-"lbu      %[temp8],  1+3*"-
#61153	NEW    cov: 1344 ft: 4350 corp: 567/178Kb lim: 717 exec/s: 15288 rss: 353Mb L: 150/717 MS: 2 PersAutoDict-ShuffleBytes- DE: "((DST)), [src]"-
#61512	NEW    cov: 1344 ft: 4354 corp: 568/178Kb lim: 717 exec/s: 15378 rss: 353Mb L: 425/717 MS: 4 CopyPart-ManualDict-CrossOver-InsertByte- DE: "(a), [r]"-
#61599	REDUCE cov: 1344 ft: 4354 corp: 568/178Kb lim: 717 exec/s: 15399 rss: 353Mb L: 314/717 MS: 2 ChangeBit-EraseBytes-
#61755	REDUCE cov: 1344 ft: 4354 corp: 568/178Kb lim: 717 exec/s: 15438 rss: 353Mb L: 327/717 MS: 1 EraseBytes-
#62156	REDUCE cov: 1344 ft: 4354 corp: 568/178Kb lim: 717 exec/s: 15539 rss: 353Mb L: 34/717 MS: 1 EraseBytes-
#62263	REDUCE cov: 1344 ft: 4354 corp: 568/178Kb lim: 717 exec/s: 15565 rss: 353Mb L: 122/717 MS: 2 ChangeASCIIInt-EraseBytes-
#62356	REDUCE cov: 1344 ft: 4354 corp: 568/178Kb lim: 717 exec/s: 15589 rss: 353Mb L: 149/717 MS: 3 ShuffleBytes-CMP-EraseBytes- DE: "VP8X"-
#62396	REDUCE cov: 1344 ft: 4354 corp: 568/178Kb lim: 717 exec/s: 15599 rss: 354Mb L: 489/717 MS: 5 ManualDict-ManualDict-CopyPart-ChangeByte-EraseBytes- DE: "sb       %[temp16], 3+3*"-"(t_con_4), [t_con_5]"-
#62437	REDUCE cov: 1344 ft: 4354 corp: 568/178Kb lim: 717 exec/s: 15609 rss: 354Mb L: 125/717 MS: 1 EraseBytes-
#62519	REDUCE cov: 1344 ft: 4354 corp: 568/178Kb lim: 717 exec/s: 15629 rss: 354Mb L: 498/717 MS: 2 ChangeBit-EraseBytes-
#62936	REDUCE cov: 1344 ft: 4354 corp: 568/178Kb lim: 717 exec/s: 15734 rss: 354Mb L: 334/717 MS: 2 ManualDict-EraseBytes- DE: "], %["-
#63022	NEW    cov: 1344 ft: 4356 corp: 569/179Kb lim: 717 exec/s: 15755 rss: 354Mb L: 708/717 MS: 1 ManualDict- DE: "VP8 nnnn"-
#63543	REDUCE cov: 1344 ft: 4356 corp: 569/179Kb lim: 717 exec/s: 15885 rss: 354Mb L: 160/717 MS: 1 EraseBytes-
#63545	REDUCE cov: 1344 ft: 4356 corp: 569/178Kb lim: 717 exec/s: 15886 rss: 354Mb L: 320/717 MS: 2 ShuffleBytes-EraseBytes-
#63546	REDUCE cov: 1344 ft: 4356 corp: 569/178Kb lim: 717 exec/s: 15886 rss: 354Mb L: 85/717 MS: 1 EraseBytes-
#63665	REDUCE cov: 1344 ft: 4358 corp: 570/179Kb lim: 717 exec/s: 15916 rss: 354Mb L: 193/717 MS: 4 ChangeByte-CMP-ManualDict-ChangeBinInt- DE: "\000\007"-"ulw    %[temp7], "-
#63891	REDUCE cov: 1344 ft: 4358 corp: 570/179Kb lim: 717 exec/s: 15972 rss: 354Mb L: 28/717 MS: 1 EraseBytes-
#64032	REDUCE cov: 1345 ft: 4361 corp: 571/179Kb lim: 717 exec/s: 16008 rss: 354Mb L: 183/717 MS: 1 ChangeBinInt-
#64463	REDUCE cov: 1345 ft: 4361 corp: 571/179Kb lim: 717 exec/s: 16115 rss: 354Mb L: 214/717 MS: 1 EraseBytes-
#64574	REDUCE cov: 1345 ft: 4361 corp: 571/179Kb lim: 717 exec/s: 16143 rss: 354Mb L: 162/717 MS: 1 EraseBytes-
#64597	REDUCE cov: 1345 ft: 4361 corp: 571/179Kb lim: 717 exec/s: 16149 rss: 354Mb L: 250/717 MS: 3 ChangeBinInt-InsertByte-EraseBytes-
#64609	REDUCE cov: 1345 ft: 4361 corp: 571/179Kb lim: 717 exec/s: 16152 rss: 354Mb L: 64/717 MS: 2 PersAutoDict-EraseBytes- DE: " #C1 "-
#64958	REDUCE cov: 1345 ft: 4361 corp: 571/179Kb lim: 717 exec/s: 16239 rss: 354Mb L: 336/717 MS: 4 PersAutoDict-ShuffleBytes-ChangeBit-EraseBytes- DE: "M\037\000\000"-
#64969	REDUCE cov: 1345 ft: 4361 corp: 571/178Kb lim: 717 exec/s: 16242 rss: 354Mb L: 113/717 MS: 1 EraseBytes-
#65136	NEW    cov: 1345 ft: 4363 corp: 572/179Kb lim: 717 exec/s: 16284 rss: 354Mb L: 674/717 MS: 2 ChangeBinInt-CopyPart-
#65215	REDUCE cov: 1345 ft: 4363 corp: 572/179Kb lim: 717 exec/s: 16303 rss: 354Mb L: 324/717 MS: 4 ChangeByte-CopyPart-ChangeByte-EraseBytes-
#65225	NEW    cov: 1345 ft: 4364 corp: 573/179Kb lim: 717 exec/s: 16306 rss: 359Mb L: 218/717 MS: 5 ManualDict-InsertRepeatedBytes-ChangeBinInt-ChangeBit-CMP- DE: "addu   %[temp16],    %["-"\274\000\000\000\000\000\000\000"-
#65535	REDUCE cov: 1345 ft: 4364 corp: 573/179Kb lim: 717 exec/s: 16383 rss: 359Mb L: 140/717 MS: 5 ManualDict-InsertRepeatedBytes-CrossOver-InsertByte-EraseBytes- DE: "(u), [v]"-
#65536	pulse  cov: 1345 ft: 4364 corp: 573/179Kb lim: 717 exec/s: 16384 rss: 359Mb
#66051	REDUCE cov: 1345 ft: 4364 corp: 573/179Kb lim: 717 exec/s: 16512 rss: 361Mb L: 1/717 MS: 1 EraseBytes-
#66155	NEW    cov: 1345 ft: 4366 corp: 574/180Kb lim: 717 exec/s: 16538 rss: 365Mb L: 180/717 MS: 4 InsertByte-InsertByte-CopyPart-ChangeBinInt-
#66423	NEW    cov: 1345 ft: 4369 corp: 575/180Kb lim: 717 exec/s: 16605 rss: 365Mb L: 471/717 MS: 3 ChangeBinInt-PersAutoDict-CrossOver- DE: "VP8L"-
#66479	REDUCE cov: 1345 ft: 4369 corp: 575/180Kb lim: 717 exec/s: 16619 rss: 365Mb L: 534/717 MS: 1 EraseBytes-
#66906	REDUCE cov: 1345 ft: 4369 corp: 575/180Kb lim: 717 exec/s: 16726 rss: 365Mb L: 205/717 MS: 2 ChangeBit-EraseBytes-
#66997	REDUCE cov: 1345 ft: 4369 corp: 575/180Kb lim: 717 exec/s: 16749 rss: 365Mb L: 199/717 MS: 1 EraseBytes-
#67063	NEW    cov: 1345 ft: 4370 corp: 576/180Kb lim: 717 exec/s: 16765 rss: 365Mb L: 218/717 MS: 1 ChangeBinInt-
#67094	REDUCE cov: 1345 ft: 4370 corp: 576/180Kb lim: 717 exec/s: 16773 rss: 365Mb L: 578/717 MS: 1 EraseBytes-
#67135	NEW    cov: 1345 ft: 4371 corp: 577/180Kb lim: 717 exec/s: 16783 rss: 365Mb L: 184/717 MS: 1 EraseBytes-
#67221	NEW    cov: 1345 ft: 4375 corp: 578/180Kb lim: 717 exec/s: 16805 rss: 365Mb L: 204/717 MS: 1 ChangeBinInt-
#67432	REDUCE cov: 1345 ft: 4375 corp: 578/180Kb lim: 717 exec/s: 16858 rss: 365Mb L: 229/717 MS: 1 EraseBytes-
#67856	REDUCE cov: 1345 ft: 4375 corp: 578/180Kb lim: 717 exec/s: 16964 rss: 365Mb L: 120/717 MS: 4 InsertByte-ChangeByte-CrossOver-EraseBytes-
#68137	NEW    cov: 1345 ft: 4378 corp: 579/181Kb lim: 717 exec/s: 17034 rss: 365Mb L: 708/717 MS: 1 ChangeByte-
#68528	REDUCE cov: 1345 ft: 4378 corp: 579/181Kb lim: 717 exec/s: 17132 rss: 365Mb L: 503/717 MS: 1 EraseBytes-
#68566	REDUCE cov: 1345 ft: 4378 corp: 579/181Kb lim: 717 exec/s: 17141 rss: 365Mb L: 363/717 MS: 3 PersAutoDict-InsertRepeatedBytes-EraseBytes- DE: "<< 8"-
#68622	NEW    cov: 1345 ft: 4379 corp: 580/182Kb lim: 717 exec/s: 17155 rss: 365Mb L: 712/717 MS: 1 PersAutoDict- DE: "\000\000@\000"-
#68638	NEW    cov: 1345 ft: 4380 corp: 581/182Kb lim: 717 exec/s: 17159 rss: 365Mb L: 708/717 MS: 1 CopyPart-
#68932	REDUCE cov: 1345 ft: 4380 corp: 581/182Kb lim: 717 exec/s: 17233 rss: 365Mb L: 130/717 MS: 4 InsertRepeatedBytes-ChangeBit-InsertRepeatedBytes-EraseBytes-
#68948	REDUCE cov: 1345 ft: 4380 corp: 581/182Kb lim: 717 exec/s: 17237 rss: 365Mb L: 185/717 MS: 1 EraseBytes-
#69269	REDUCE cov: 1345 ft: 4383 corp: 582/183Kb lim: 717 exec/s: 17317 rss: 365Mb L: 357/717 MS: 1 InsertRepeatedBytes-
#69337	NEW    cov: 1345 ft: 4384 corp: 583/183Kb lim: 717 exec/s: 17334 rss: 366Mb L: 218/717 MS: 3 ChangeBinInt-ManualDict-ChangeBit- DE: "lbu    %[temp7],  3+"-
#69463	NEW    cov: 1345 ft: 4385 corp: 584/184Kb lim: 717 exec/s: 17365 rss: 370Mb L: 717/717 MS: 1 CopyPart-
#69885	NEW    cov: 1345 ft: 4386 corp: 585/184Kb lim: 717 exec/s: 17471 rss: 375Mb L: 186/717 MS: 2 ChangeASCIIInt-CopyPart-
#69949	NEW    cov: 1345 ft: 4387 corp: 586/184Kb lim: 717 exec/s: 17487 rss: 375Mb L: 709/717 MS: 4 InsertByte-ShuffleBytes-ChangeASCIIInt-ChangeBinInt-
#70108	REDUCE cov: 1345 ft: 4387 corp: 586/184Kb lim: 717 exec/s: 17527 rss: 376Mb L: 30/717 MS: 4 ChangeBinInt-ManualDict-ChangeBit-EraseBytes- DE: "src/enc/cost_enc.h"-
#70279	NEW    cov: 1345 ft: 4388 corp: 587/185Kb lim: 717 exec/s: 17569 rss: 376Mb L: 186/717 MS: 1 CopyPart-
#70345	REDUCE cov: 1345 ft: 4388 corp: 587/185Kb lim: 717 exec/s: 17586 rss: 376Mb L: 84/717 MS: 1 EraseBytes-
#70579	REDUCE cov: 1345 ft: 4388 corp: 587/185Kb lim: 717 exec/s: 17644 rss: 376Mb L: 52/717 MS: 4 CrossOver-ChangeBinInt-ChangeByte-EraseBytes-
#70845	REDUCE cov: 1345 ft: 4389 corp: 588/185Kb lim: 717 exec/s: 17711 rss: 377Mb L: 344/717 MS: 1 ChangeByte-
#71029	REDUCE cov: 1345 ft: 4389 corp: 588/185Kb lim: 717 exec/s: 17757 rss: 377Mb L: 17/717 MS: 4 ChangeBinInt-InsertByte-ManualDict-EraseBytes- DE: "vld4.8 {"-
#71307	REDUCE cov: 1345 ft: 4389 corp: 588/185Kb lim: 717 exec/s: 17826 rss: 380Mb L: 442/717 MS: 3 ChangeBinInt-ChangeBinInt-EraseBytes-
#71808	REDUCE cov: 1345 ft: 4389 corp: 588/185Kb lim: 717 exec/s: 17952 rss: 385Mb L: 242/717 MS: 1 EraseBytes-
#72029	REDUCE cov: 1345 ft: 4389 corp: 588/185Kb lim: 717 exec/s: 18007 rss: 385Mb L: 546/717 MS: 1 EraseBytes-
#72155	NEW    cov: 1345 ft: 4393 corp: 589/185Kb lim: 717 exec/s: 18038 rss: 386Mb L: 34/717 MS: 1 CrossOver-
#72283	REDUCE cov: 1345 ft: 4393 corp: 589/185Kb lim: 717 exec/s: 18070 rss: 386Mb L: 108/717 MS: 3 InsertByte-ShuffleBytes-EraseBytes-
#72760	NEW    cov: 1345 ft: 4394 corp: 590/185Kb lim: 717 exec/s: 18190 rss: 386Mb L: 172/717 MS: 2 ChangeBit-CopyPart-
#72803	REDUCE cov: 1345 ft: 4394 corp: 590/185Kb lim: 717 exec/s: 18200 rss: 386Mb L: 169/717 MS: 3 EraseBytes-ShuffleBytes-ManualDict- DE: "ulw    %["-
#72841	REDUCE cov: 1345 ft: 4394 corp: 590/185Kb lim: 717 exec/s: 18210 rss: 386Mb L: 45/717 MS: 3 PersAutoDict-InsertByte-EraseBytes- DE: "\376\377\377\366"-
#72878	NEW    cov: 1345 ft: 4395 corp: 591/185Kb lim: 717 exec/s: 18219 rss: 386Mb L: 255/717 MS: 2 CopyPart-PersAutoDict- DE: "vabd.u8    q15,"-
#72904	REDUCE cov: 1345 ft: 4395 corp: 591/185Kb lim: 717 exec/s: 18226 rss: 386Mb L: 210/717 MS: 1 EraseBytes-
#72935	NEW    cov: 1345 ft: 4397 corp: 592/186Kb lim: 717 exec/s: 18233 rss: 386Mb L: 708/717 MS: 1 ChangeByte-
#73076	REDUCE cov: 1345 ft: 4397 corp: 592/186Kb lim: 717 exec/s: 18269 rss: 386Mb L: 198/717 MS: 1 EraseBytes-
#73132	NEW    cov: 1348 ft: 4404 corp: 593/186Kb lim: 717 exec/s: 18283 rss: 386Mb L: 100/717 MS: 1 ChangeBit-
#73250	REDUCE cov: 1348 ft: 4405 corp: 594/186Kb lim: 717 exec/s: 18312 rss: 386Mb L: 344/717 MS: 3 ShuffleBytes-ChangeByte-ChangeBinInt-
#73346	REDUCE cov: 1348 ft: 4405 corp: 594/186Kb lim: 717 exec/s: 18336 rss: 386Mb L: 73/717 MS: 1 EraseBytes-
#73356	NEW    cov: 1348 ft: 4406 corp: 595/186Kb lim: 717 exec/s: 18339 rss: 387Mb L: 226/717 MS: 5 PersAutoDict-ChangeBit-ShuffleBytes-ShuffleBytes-CopyPart- DE: "VP8 nnnn"-
#73512	REDUCE cov: 1348 ft: 4407 corp: 596/187Kb lim: 717 exec/s: 18378 rss: 389Mb L: 256/717 MS: 1 CopyPart-
#73573	REDUCE cov: 1348 ft: 4407 corp: 596/187Kb lim: 717 exec/s: 18393 rss: 389Mb L: 51/717 MS: 1 EraseBytes-
#73606	NEW    cov: 1348 ft: 4409 corp: 597/187Kb lim: 717 exec/s: 18401 rss: 390Mb L: 308/717 MS: 3 PersAutoDict-CopyPart-InsertRepeatedBytes- DE: "src/utils/filters_utils.h"-
#73994	REDUCE cov: 1348 ft: 4409 corp: 597/187Kb lim: 717 exec/s: 18498 rss: 395Mb L: 215/717 MS: 3 PersAutoDict-InsertRepeatedBytes-EraseBytes- DE: "\000\000\000\000"-
#74105	REDUCE cov: 1348 ft: 4409 corp: 597/187Kb lim: 717 exec/s: 18526 rss: 395Mb L: 227/717 MS: 1 EraseBytes-
#74306	REDUCE cov: 1348 ft: 4409 corp: 597/187Kb lim: 717 exec/s: 18576 rss: 395Mb L: 67/717 MS: 1 EraseBytes-
#74482	NEW    cov: 1348 ft: 4410 corp: 598/187Kb lim: 717 exec/s: 18620 rss: 395Mb L: 154/717 MS: 1 ManualDict- DE: "(x_stride), [fx_scale]"-
#74637	REDUCE cov: 1348 ft: 4410 corp: 598/187Kb lim: 717 exec/s: 18659 rss: 395Mb L: 364/717 MS: 5 ShuffleBytes-ShuffleBytes-ChangeBit-ShuffleBytes-EraseBytes-
#74744	REDUCE cov: 1348 ft: 4410 corp: 598/187Kb lim: 717 exec/s: 18686 rss: 395Mb L: 233/717 MS: 2 PersAutoDict-EraseBytes- DE: "sb       %[temp11], 2+3*"-
#74750	REDUCE cov: 1348 ft: 4410 corp: 598/187Kb lim: 717 exec/s: 18687 rss: 395Mb L: 192/717 MS: 1 EraseBytes-
#74810	NEW    cov: 1348 ft: 4411 corp: 599/187Kb lim: 717 exec/s: 18702 rss: 395Mb L: 128/717 MS: 5 PersAutoDict-ChangeBit-EraseBytes-PersAutoDict-CMP- DE: "lbu      %[temp11], 2+3*"-"ulw        %[temp2],  "-"ALPH"-
#74909	REDUCE cov: 1348 ft: 4411 corp: 599/187Kb lim: 717 exec/s: 18727 rss: 395Mb L: 112/717 MS: 4 PersAutoDict-InsertByte-InsertRepeatedBytes-EraseBytes- DE: "\000\000\000\000\000\000\000\302"-
#74980	NEW    cov: 1348 ft: 4412 corp: 600/187Kb lim: 717 exec/s: 18745 rss: 395Mb L: 174/717 MS: 1 EraseBytes-
#75650	NEW    cov: 1348 ft: 4415 corp: 601/187Kb lim: 717 exec/s: 18912 rss: 395Mb L: 90/717 MS: 5 ShuffleBytes-ManualDict-ChangeASCIIInt-CrossOver-CopyPart- DE: "lhu    %[temp7],  "-
#75726	NEW    cov: 1348 ft: 4416 corp: 602/187Kb lim: 717 exec/s: 18931 rss: 395Mb L: 121/717 MS: 1 InsertByte-
#75807	REDUCE cov: 1348 ft: 4416 corp: 602/187Kb lim: 717 exec/s: 18951 rss: 395Mb L: 359/717 MS: 1 EraseBytes-
#75918	REDUCE cov: 1348 ft: 4416 corp: 602/187Kb lim: 717 exec/s: 18979 rss: 395Mb L: 179/717 MS: 1 EraseBytes-
#75961	REDUCE cov: 1348 ft: 4416 corp: 602/187Kb lim: 717 exec/s: 18990 rss: 395Mb L: 172/717 MS: 3 ManualDict-CMP-EraseBytes- DE: "(ppin), [pout]"-"\251LPH"-
#75982	REDUCE cov: 1348 ft: 4416 corp: 602/187Kb lim: 717 exec/s: 18995 rss: 395Mb L: 59/717 MS: 1 EraseBytes-
#76627	REDUCE cov: 1348 ft: 4416 corp: 602/187Kb lim: 717 exec/s: 19156 rss: 395Mb L: 296/717 MS: 5 CopyPart-PersAutoDict-PersAutoDict-ManualDict-CrossOver- DE: "\001\004"-"VP9 "-"usw              %[temp1],  0*"-
#76747	NEW    cov: 1350 ft: 4418 corp: 603/187Kb lim: 717 exec/s: 19186 rss: 395Mb L: 167/717 MS: 5 ShuffleBytes-InsertRepeatedBytes-ManualDict-ChangeBit-EraseBytes- DE: "(temp7), [temp6]"-
#76784	REDUCE cov: 1350 ft: 4418 corp: 603/187Kb lim: 717 exec/s: 19196 rss: 395Mb L: 336/717 MS: 2 PersAutoDict-EraseBytes- DE: "(c_8000000), [c_8000080]"-
#76885	NEW    cov: 1350 ft: 4422 corp: 604/188Kb lim: 717 exec/s: 19221 rss: 395Mb L: 708/717 MS: 1 ManualDict- DE: "],    %[temp18],      %["-
#77357	REDUCE cov: 1350 ft: 4422 corp: 604/188Kb lim: 717 exec/s: 19339 rss: 395Mb L: 45/717 MS: 2 InsertByte-EraseBytes-
#77469	REDUCE cov: 1350 ft: 4422 corp: 604/188Kb lim: 717 exec/s: 19367 rss: 395Mb L: 245/717 MS: 2 ShuffleBytes-EraseBytes-
#77581	REDUCE cov: 1350 ft: 4422 corp: 604/188Kb lim: 717 exec/s: 19395 rss: 395Mb L: 132/717 MS: 2 ShuffleBytes-CrossOver-
#77640	REDUCE cov: 1350 ft: 4422 corp: 604/188Kb lim: 717 exec/s: 19410 rss: 395Mb L: 103/717 MS: 4 ChangeBinInt-ShuffleBytes-ChangeBit-EraseBytes-
#77736	NEW    cov: 1350 ft: 4423 corp: 605/188Kb lim: 717 exec/s: 19434 rss: 395Mb L: 178/717 MS: 1 ChangeBit-
#77879	REDUCE cov: 1350 ft: 4423 corp: 605/188Kb lim: 717 exec/s: 15575 rss: 395Mb L: 571/717 MS: 3 ShuffleBytes-ShuffleBytes-EraseBytes-
#78100	REDUCE cov: 1350 ft: 4423 corp: 605/188Kb lim: 717 exec/s: 15620 rss: 396Mb L: 144/717 MS: 1 EraseBytes-
#78266	REDUCE cov: 1350 ft: 4423 corp: 605/188Kb lim: 717 exec/s: 15653 rss: 397Mb L: 324/717 MS: 1 EraseBytes-
#78483	REDUCE cov: 1350 ft: 4423 corp: 605/188Kb lim: 717 exec/s: 15696 rss: 397Mb L: 79/717 MS: 2 ChangeBit-EraseBytes-
#78545	NEW    cov: 1350 ft: 4424 corp: 606/188Kb lim: 717 exec/s: 15709 rss: 399Mb L: 180/717 MS: 2 PersAutoDict-ChangeBit- DE: "src/dec/vp8i_dec.h"-
#78571	REDUCE cov: 1350 ft: 4424 corp: 606/188Kb lim: 717 exec/s: 15714 rss: 399Mb L: 172/717 MS: 1 EraseBytes-
#78642	REDUCE cov: 1350 ft: 4424 corp: 606/188Kb lim: 717 exec/s: 15728 rss: 399Mb L: 70/717 MS: 1 EraseBytes-
#79008	REDUCE cov: 1350 ft: 4424 corp: 606/188Kb lim: 717 exec/s: 15801 rss: 399Mb L: 145/717 MS: 1 EraseBytes-
#79514	REDUCE cov: 1350 ft: 4424 corp: 606/188Kb lim: 717 exec/s: 15902 rss: 399Mb L: 50/717 MS: 1 EraseBytes-
#79515	REDUCE cov: 1350 ft: 4424 corp: 606/188Kb lim: 717 exec/s: 15903 rss: 399Mb L: 219/717 MS: 1 EraseBytes-
#79705	REDUCE cov: 1350 ft: 4424 corp: 606/188Kb lim: 717 exec/s: 15941 rss: 399Mb L: 294/717 MS: 5 ChangeASCIIInt-ChangeBinInt-ChangeBit-PersAutoDict-EraseBytes- DE: "(pout), [max_level1]"-
#79987	NEW    cov: 1350 ft: 4425 corp: 607/188Kb lim: 717 exec/s: 15997 rss: 399Mb L: 238/717 MS: 2 ChangeByte-InsertRepeatedBytes-
#80281	NEW    cov: 1350 ft: 4426 corp: 608/189Kb lim: 717 exec/s: 16056 rss: 399Mb L: 547/717 MS: 4 ChangeBit-CopyPart-ChangeASCIIInt-ChangeByte-
#80325	REDUCE cov: 1350 ft: 4426 corp: 608/189Kb lim: 717 exec/s: 16065 rss: 399Mb L: 47/717 MS: 4 ChangeASCIIInt-ChangeASCIIInt-ChangeBit-EraseBytes-
#80336	REDUCE cov: 1350 ft: 4426 corp: 608/189Kb lim: 717 exec/s: 16067 rss: 399Mb L: 216/717 MS: 1 EraseBytes-
#80575	NEW    cov: 1350 ft: 4427 corp: 609/189Kb lim: 717 exec/s: 16115 rss: 399Mb L: 717/717 MS: 4 ChangeASCIIInt-ChangeBit-ShuffleBytes-ShuffleBytes-
#80666	REDUCE cov: 1350 ft: 4427 corp: 609/189Kb lim: 717 exec/s: 16133 rss: 399Mb L: 156/717 MS: 1 EraseBytes-
#80707	REDUCE cov: 1350 ft: 4427 corp: 609/189Kb lim: 717 exec/s: 16141 rss: 399Mb L: 202/717 MS: 1 EraseBytes-
#80790	NEW    cov: 1350 ft: 4428 corp: 610/190Kb lim: 717 exec/s: 16158 rss: 399Mb L: 361/717 MS: 3 CrossOver-ChangeBit-CrossOver-
#81161	REDUCE cov: 1350 ft: 4428 corp: 610/190Kb lim: 717 exec/s: 16232 rss: 399Mb L: 152/717 MS: 1 EraseBytes-
#81570	NEW    cov: 1350 ft: 4430 corp: 611/190Kb lim: 717 exec/s: 16314 rss: 441Mb L: 205/717 MS: 4 InsertRepeatedBytes-EraseBytes-ChangeByte-ManualDict- DE: "addq.ph         %[temp8],     %["-
#81798	REDUCE cov: 1350 ft: 4430 corp: 611/190Kb lim: 717 exec/s: 16359 rss: 441Mb L: 193/717 MS: 3 ManualDict-CrossOver-CrossOver- DE: "(temp7), [temp6]"-
#82009	REDUCE cov: 1350 ft: 4430 corp: 611/190Kb lim: 717 exec/s: 16401 rss: 441Mb L: 21/717 MS: 1 EraseBytes-
#82105	REDUCE cov: 1350 ft: 4430 corp: 611/190Kb lim: 717 exec/s: 16421 rss: 441Mb L: 661/717 MS: 1 EraseBytes-
#82126	REDUCE cov: 1350 ft: 4430 corp: 611/190Kb lim: 717 exec/s: 16425 rss: 441Mb L: 126/717 MS: 1 EraseBytes-
#82267	NEW    cov: 1350 ft: 4433 corp: 612/190Kb lim: 717 exec/s: 16453 rss: 441Mb L: 249/717 MS: 1 InsertRepeatedBytes-
#82330	REDUCE cov: 1350 ft: 4433 corp: 612/190Kb lim: 717 exec/s: 16466 rss: 441Mb L: 138/717 MS: 3 ShuffleBytes-InsertByte-EraseBytes-
#82605	REDUCE cov: 1350 ft: 4433 corp: 612/190Kb lim: 717 exec/s: 16521 rss: 441Mb L: 171/717 MS: 5 ShuffleBytes-ChangeBit-ShuffleBytes-CMP-CrossOver- DE: "\034\000\000\000\000\000\000\000"-
#82739	REDUCE cov: 1350 ft: 4433 corp: 612/190Kb lim: 717 exec/s: 16547 rss: 441Mb L: 205/717 MS: 4 ChangeBinInt-InsertByte-EraseBytes-PersAutoDict- DE: "<< 8"-
#82747	REDUCE cov: 1350 ft: 4433 corp: 612/190Kb lim: 717 exec/s: 16549 rss: 441Mb L: 501/717 MS: 3 ChangeBit-ShuffleBytes-EraseBytes-
#83033	REDUCE cov: 1350 ft: 4434 corp: 613/190Kb lim: 717 exec/s: 16606 rss: 441Mb L: 192/717 MS: 1 ManualDict- DE: "src/webp/encode.h"-
#83048	NEW    cov: 1350 ft: 4435 corp: 614/190Kb lim: 717 exec/s: 16609 rss: 441Mb L: 186/717 MS: 5 ChangeBit-PersAutoDict-ChangeBit-EraseBytes-ManualDict- DE: "usw             %[temp4],   3*"-"(temp7), [temp6]"-
#83199	REDUCE cov: 1350 ft: 4435 corp: 614/190Kb lim: 717 exec/s: 16639 rss: 441Mb L: 103/717 MS: 1 EraseBytes-
#83245	REDUCE cov: 1350 ft: 4435 corp: 614/190Kb lim: 717 exec/s: 16649 rss: 441Mb L: 111/717 MS: 1 EraseBytes-
#83291	REDUCE cov: 1350 ft: 4435 corp: 614/190Kb lim: 717 exec/s: 16658 rss: 441Mb L: 237/717 MS: 1 EraseBytes-
#83317	REDUCE cov: 1350 ft: 4435 corp: 614/190Kb lim: 717 exec/s: 16663 rss: 441Mb L: 128/717 MS: 1 EraseBytes-
#83585	REDUCE cov: 1350 ft: 4435 corp: 614/190Kb lim: 717 exec/s: 16717 rss: 441Mb L: 123/717 MS: 3 ChangeBinInt-InsertByte-EraseBytes-
#83916	NEW    cov: 1350 ft: 4436 corp: 615/190Kb lim: 717 exec/s: 16783 rss: 441Mb L: 206/717 MS: 1 InsertByte-
#84151	REDUCE cov: 1350 ft: 4436 corp: 615/190Kb lim: 717 exec/s: 16830 rss: 441Mb L: 46/717 MS: 5 InsertByte-InsertByte-ChangeASCIIInt-ChangeBit-EraseBytes-
#84492	REDUCE cov: 1350 ft: 4436 corp: 615/190Kb lim: 717 exec/s: 16898 rss: 441Mb L: 45/717 MS: 1 EraseBytes-
#84664	NEW    cov: 1350 ft: 4439 corp: 616/191Kb lim: 717 exec/s: 16932 rss: 441Mb L: 307/717 MS: 2 CopyPart-CopyPart-
#84956	REDUCE cov: 1350 ft: 4440 corp: 617/191Kb lim: 717 exec/s: 16991 rss: 441Mb L: 193/717 MS: 2 ShuffleBytes-ChangeBit-
#85242	REDUCE cov: 1350 ft: 4443 corp: 618/191Kb lim: 717 exec/s: 17048 rss: 441Mb L: 137/717 MS: 1 ChangeByte-
#85376	REDUCE cov: 1350 ft: 4443 corp: 618/191Kb lim: 717 exec/s: 17075 rss: 441Mb L: 369/717 MS: 4 InsertByte-ManualDict-ChangeBinInt-EraseBytes- DE: "usw              %[temp3],   1*"-
#85513	REDUCE cov: 1350 ft: 4443 corp: 618/191Kb lim: 717 exec/s: 17102 rss: 441Mb L: 240/717 MS: 2 ShuffleBytes-EraseBytes-
#85755	REDUCE cov: 1350 ft: 4443 corp: 618/191Kb lim: 717 exec/s: 17151 rss: 441Mb L: 221/717 MS: 2 ManualDict-EraseBytes- DE: "src/webp/decode.h"-
#85981	REDUCE cov: 1350 ft: 4443 corp: 618/191Kb lim: 717 exec/s: 17196 rss: 441Mb L: 133/717 MS: 1 EraseBytes-
#85982	NEW    cov: 1350 ft: 4444 corp: 619/191Kb lim: 717 exec/s: 17196 rss: 441Mb L: 548/717 MS: 1 InsertByte-
#86224	REDUCE cov: 1350 ft: 4444 corp: 619/191Kb lim: 717 exec/s: 17244 rss: 441Mb L: 217/717 MS: 2 CMP-EraseBytes- DE: "s\002\000\000"-
#86300	REDUCE cov: 1350 ft: 4444 corp: 619/191Kb lim: 717 exec/s: 17260 rss: 441Mb L: 292/717 MS: 1 EraseBytes-
#86741	NEW    cov: 1350 ft: 4453 corp: 620/192Kb lim: 717 exec/s: 17348 rss: 441Mb L: 243/717 MS: 1 CopyPart-
#86842	NEW    cov: 1351 ft: 4459 corp: 621/192Kb lim: 717 exec/s: 17368 rss: 441Mb L: 708/717 MS: 1 ChangeBit-
#86927	NEW    cov: 1351 ft: 4465 corp: 622/193Kb lim: 717 exec/s: 17385 rss: 441Mb L: 644/717 MS: 5 PersAutoDict-CopyPart-ChangeBit-ChangeASCIIInt-CopyPart- DE: "p\000\000\000\000\000\000\000"-
#87005	REDUCE cov: 1351 ft: 4465 corp: 622/193Kb lim: 717 exec/s: 17401 rss: 441Mb L: 166/717 MS: 3 ChangeBinInt-ChangeBinInt-EraseBytes-
#87113	REDUCE cov: 1351 ft: 4465 corp: 622/193Kb lim: 717 exec/s: 17422 rss: 441Mb L: 107/717 MS: 3 ChangeASCIIInt-PersAutoDict-EraseBytes- DE: "usw             %[temp9],    1*"-
#87428	REDUCE cov: 1351 ft: 4465 corp: 622/193Kb lim: 717 exec/s: 17485 rss: 441Mb L: 102/717 MS: 5 ChangeBinInt-EraseBytes-ChangeBinInt-CrossOver-ManualDict- DE: "replv.qb %0, %0"-
#87790	REDUCE cov: 1351 ft: 4465 corp: 622/193Kb lim: 717 exec/s: 17558 rss: 441Mb L: 199/717 MS: 2 ChangeASCIIInt-EraseBytes-
#88026	NEW    cov: 1351 ft: 4466 corp: 623/193Kb lim: 717 exec/s: 17605 rss: 441Mb L: 137/717 MS: 1 ChangeBit-
#88128	NEW    cov: 1351 ft: 4468 corp: 624/193Kb lim: 717 exec/s: 17625 rss: 441Mb L: 137/717 MS: 2 ChangeBinInt-ChangeByte-
#88271	REDUCE cov: 1351 ft: 4468 corp: 624/193Kb lim: 717 exec/s: 17654 rss: 441Mb L: 311/717 MS: 3 ChangeBit-ChangeASCIIInt-CrossOver-
#88637	REDUCE cov: 1351 ft: 4468 corp: 624/193Kb lim: 717 exec/s: 17727 rss: 441Mb L: 353/717 MS: 1 EraseBytes-
#88726	REDUCE cov: 1351 ft: 4468 corp: 624/193Kb lim: 717 exec/s: 17745 rss: 441Mb L: 22/717 MS: 4 ChangeBinInt-CrossOver-ChangeBit-EraseBytes-
#88772	REDUCE cov: 1351 ft: 4468 corp: 624/193Kb lim: 717 exec/s: 17754 rss: 441Mb L: 151/717 MS: 1 EraseBytes-
#89095	REDUCE cov: 1351 ft: 4468 corp: 624/193Kb lim: 717 exec/s: 17819 rss: 441Mb L: 244/717 MS: 3 EraseBytes-ChangeBit-PersAutoDict- DE: "lbu    %[temp18],    3+"-
#89256	NEW    cov: 1351 ft: 4470 corp: 625/193Kb lim: 717 exec/s: 17851 rss: 441Mb L: 138/717 MS: 1 InsertByte-
#89358	NEW    cov: 1351 ft: 4474 corp: 626/193Kb lim: 717 exec/s: 17871 rss: 441Mb L: 192/717 MS: 2 ChangeByte-ChangeBit-
#89501	REDUCE cov: 1351 ft: 4474 corp: 626/193Kb lim: 717 exec/s: 17900 rss: 441Mb L: 242/717 MS: 3 CopyPart-ChangeBinInt-EraseBytes-
#89613	REDUCE cov: 1351 ft: 4475 corp: 627/193Kb lim: 717 exec/s: 17922 rss: 441Mb L: 106/717 MS: 2 ChangeBit-ChangeBinInt-
#89712	REDUCE cov: 1351 ft: 4475 corp: 627/193Kb lim: 717 exec/s: 17942 rss: 441Mb L: 112/717 MS: 4 ChangeByte-ChangeBit-ChangeByte-EraseBytes-
#89739	REDUCE cov: 1351 ft: 4475 corp: 627/193Kb lim: 717 exec/s: 17947 rss: 441Mb L: 126/717 MS: 2 ManualDict-EraseBytes- DE: "(a), [d1]"-
#89810	REDUCE cov: 1351 ft: 4475 corp: 627/193Kb lim: 717 exec/s: 17962 rss: 441Mb L: 121/717 MS: 1 EraseBytes-
#89834	REDUCE cov: 1351 ft: 4475 corp: 627/193Kb lim: 717 exec/s: 17966 rss: 441Mb L: 714/717 MS: 4 CrossOver-ChangeBinInt-InsertByte-CopyPart-
#89906	REDUCE cov: 1351 ft: 4475 corp: 627/193Kb lim: 717 exec/s: 17981 rss: 441Mb L: 144/717 MS: 2 InsertByte-EraseBytes-
#90379	REDUCE cov: 1351 ft: 4475 corp: 627/193Kb lim: 717 exec/s: 18075 rss: 441Mb L: 166/717 MS: 3 ShuffleBytes-ChangeBinInt-EraseBytes-
#90410	REDUCE cov: 1351 ft: 4475 corp: 627/193Kb lim: 717 exec/s: 18082 rss: 441Mb L: 211/717 MS: 1 EraseBytes-
#90531	REDUCE cov: 1351 ft: 4475 corp: 627/193Kb lim: 717 exec/s: 18106 rss: 441Mb L: 125/717 MS: 1 EraseBytes-
#90708	REDUCE cov: 1351 ft: 4475 corp: 627/193Kb lim: 717 exec/s: 18141 rss: 441Mb L: 338/717 MS: 2 CMP-EraseBytes- DE: "\366\275X\000\000\000\000\000"-
#90824	REDUCE cov: 1351 ft: 4475 corp: 627/193Kb lim: 717 exec/s: 18164 rss: 441Mb L: 273/717 MS: 1 EraseBytes-
#91181	REDUCE cov: 1351 ft: 4475 corp: 627/193Kb lim: 717 exec/s: 18236 rss: 441Mb L: 244/717 MS: 2 EraseBytes-ManualDict- DE: "(stride), [thresh] "-
#91279	NEW    cov: 1351 ft: 4477 corp: 628/193Kb lim: 717 exec/s: 18255 rss: 441Mb L: 138/717 MS: 3 ChangeBit-InsertByte-ChangeBit-
#91286	REDUCE cov: 1351 ft: 4477 corp: 628/193Kb lim: 717 exec/s: 18257 rss: 441Mb L: 133/717 MS: 2 PersAutoDict-EraseBytes- DE: "(a),[b]"-
#91568	REDUCE cov: 1351 ft: 4477 corp: 628/193Kb lim: 717 exec/s: 15261 rss: 441Mb L: 552/717 MS: 2 ChangeASCIIInt-EraseBytes-
#91764	REDUCE cov: 1351 ft: 4477 corp: 628/193Kb lim: 717 exec/s: 15294 rss: 441Mb L: 111/717 MS: 1 EraseBytes-
#91785	REDUCE cov: 1351 ft: 4477 corp: 628/193Kb lim: 717 exec/s: 15297 rss: 441Mb L: 126/717 MS: 1 EraseBytes-
#92228	REDUCE cov: 1351 ft: 4477 corp: 628/193Kb lim: 717 exec/s: 15371 rss: 441Mb L: 166/717 MS: 3 ShuffleBytes-ManualDict-EraseBytes- DE: "RIFF"-
#92447	NEW    cov: 1351 ft: 4480 corp: 629/194Kb lim: 717 exec/s: 15407 rss: 441Mb L: 713/717 MS: 4 ShuffleBytes-ShuffleBytes-EraseBytes-InsertRepeatedBytes-
#92666	NEW    cov: 1351 ft: 4483 corp: 630/194Kb lim: 717 exec/s: 15444 rss: 441Mb L: 187/717 MS: 4 ManualDict-ChangeASCIIInt-PersAutoDict-CrossOver- DE: "preceu.ph.qbl   %["-"(c_8000000), [c_8000080]"-
#92677	REDUCE cov: 1351 ft: 4483 corp: 630/194Kb lim: 717 exec/s: 15446 rss: 441Mb L: 110/717 MS: 1 EraseBytes-
#92793	REDUCE cov: 1351 ft: 4483 corp: 630/194Kb lim: 717 exec/s: 15465 rss: 441Mb L: 177/717 MS: 1 EraseBytes-
#92795	REDUCE cov: 1351 ft: 4483 corp: 630/194Kb lim: 717 exec/s: 15465 rss: 441Mb L: 125/717 MS: 2 EraseBytes-PersAutoDict- DE: "subu            %[temp19],     %["-
#92841	REDUCE cov: 1351 ft: 4483 corp: 630/194Kb lim: 717 exec/s: 15473 rss: 441Mb L: 225/717 MS: 1 EraseBytes-
#92972	REDUCE cov: 1351 ft: 4483 corp: 630/194Kb lim: 717 exec/s: 15495 rss: 441Mb L: 30/717 MS: 1 EraseBytes-
#93377	REDUCE cov: 1351 ft: 4483 corp: 630/194Kb lim: 717 exec/s: 15562 rss: 441Mb L: 109/717 MS: 5 ChangeBinInt-EraseBytes-ChangeByte-ChangeBit-CMP- DE: "VP8X"-
#93533	REDUCE cov: 1351 ft: 4483 corp: 630/194Kb lim: 717 exec/s: 15588 rss: 441Mb L: 147/717 MS: 1 EraseBytes-
#93684	REDUCE cov: 1351 ft: 4483 corp: 630/194Kb lim: 717 exec/s: 15614 rss: 441Mb L: 36/717 MS: 1 EraseBytes-
#93985	NEW    cov: 1352 ft: 4484 corp: 631/195Kb lim: 717 exec/s: 15664 rss: 441Mb L: 708/717 MS: 1 ChangeBit-
#94266	REDUCE cov: 1352 ft: 4486 corp: 632/195Kb lim: 717 exec/s: 15711 rss: 441Mb L: 304/717 MS: 1 InsertRepeatedBytes-
#94543	REDUCE cov: 1352 ft: 4486 corp: 632/195Kb lim: 717 exec/s: 15757 rss: 441Mb L: 164/717 MS: 2 InsertByte-EraseBytes-
#95270	REDUCE cov: 1352 ft: 4486 corp: 632/195Kb lim: 717 exec/s: 15878 rss: 441Mb L: 176/717 MS: 2 ChangeASCIIInt-EraseBytes-
#95846	NEW    cov: 1352 ft: 4487 corp: 633/195Kb lim: 717 exec/s: 15974 rss: 441Mb L: 176/717 MS: 1 CopyPart-
#95878	NEW    cov: 1352 ft: 4488 corp: 634/195Kb lim: 717 exec/s: 15979 rss: 441Mb L: 197/717 MS: 2 InsertByte-InsertRepeatedBytes-
#95952	REDUCE cov: 1352 ft: 4488 corp: 634/195Kb lim: 717 exec/s: 15992 rss: 441Mb L: 259/717 MS: 4 CMP-InsertRepeatedBytes-CMP-EraseBytes- DE: "\000\000\000\367"-"\000\000\000\000\000\000\000\004"-
#96028	REDUCE cov: 1352 ft: 4490 corp: 635/195Kb lim: 717 exec/s: 16004 rss: 441Mb L: 259/717 MS: 1 CopyPart-
#96090	REDUCE cov: 1352 ft: 4492 corp: 636/196Kb lim: 717 exec/s: 16015 rss: 441Mb L: 260/717 MS: 2 InsertByte-ChangeByte-
#96128	REDUCE cov: 1352 ft: 4492 corp: 636/196Kb lim: 717 exec/s: 16021 rss: 441Mb L: 184/717 MS: 3 EraseBytes-InsertByte-CrossOver-
#96852	REDUCE cov: 1352 ft: 4492 corp: 636/196Kb lim: 717 exec/s: 16142 rss: 441Mb L: 543/717 MS: 4 ChangeBit-ChangeByte-EraseBytes-PersAutoDict- DE: "slt     %[temp16],      %["-
#96913	NEW    cov: 1352 ft: 4495 corp: 637/196Kb lim: 717 exec/s: 16152 rss: 441Mb L: 253/717 MS: 1 EraseBytes-
#97114	REDUCE cov: 1352 ft: 4495 corp: 637/196Kb lim: 717 exec/s: 16185 rss: 441Mb L: 376/717 MS: 1 EraseBytes-
#97312	REDUCE cov: 1353 ft: 4497 corp: 638/196Kb lim: 717 exec/s: 16218 rss: 441Mb L: 194/717 MS: 3 InsertRepeatedBytes-ChangeBit-ChangeBit-
#97383	REDUCE cov: 1353 ft: 4504 corp: 639/196Kb lim: 717 exec/s: 16230 rss: 441Mb L: 107/717 MS: 1 ChangeBit-
#97634	REDUCE cov: 1353 ft: 4504 corp: 639/196Kb lim: 717 exec/s: 16272 rss: 441Mb L: 106/717 MS: 1 EraseBytes-
#97688	REDUCE cov: 1353 ft: 4504 corp: 639/196Kb lim: 717 exec/s: 16281 rss: 441Mb L: 610/717 MS: 4 InsertRepeatedBytes-ChangeBit-CrossOver-InsertRepeatedBytes-
#97948	REDUCE cov: 1353 ft: 4504 corp: 639/196Kb lim: 717 exec/s: 16324 rss: 441Mb L: 524/717 MS: 5 CrossOver-PersAutoDict-ManualDict-ManualDict-EraseBytes- DE: "\000\000\000\367"-" #p1 "-"VP8Xnnnn"-
#97969	NEW    cov: 1353 ft: 4505 corp: 640/197Kb lim: 717 exec/s: 16328 rss: 441Mb L: 714/717 MS: 1 ChangeByte-
#98240	REDUCE cov: 1353 ft: 4505 corp: 640/197Kb lim: 717 exec/s: 16373 rss: 441Mb L: 221/717 MS: 1 EraseBytes-
#98252	NEW    cov: 1353 ft: 4506 corp: 641/197Kb lim: 717 exec/s: 16375 rss: 441Mb L: 708/717 MS: 2 ChangeBit-CMP- DE: "ALPH"-
#98574	REDUCE cov: 1353 ft: 4506 corp: 641/197Kb lim: 717 exec/s: 16429 rss: 441Mb L: 16/717 MS: 2 ChangeASCIIInt-EraseBytes-
#98810	NEW    cov: 1353 ft: 4510 corp: 642/198Kb lim: 717 exec/s: 16468 rss: 441Mb L: 486/717 MS: 1 CrossOver-
#99088	REDUCE cov: 1353 ft: 4510 corp: 642/198Kb lim: 717 exec/s: 16514 rss: 441Mb L: 206/717 MS: 3 ManualDict-ChangeBinInt-EraseBytes- DE: "[5]},"-
#99128	NEW    cov: 1353 ft: 4531 corp: 643/199Kb lim: 717 exec/s: 16521 rss: 441Mb L: 708/717 MS: 5 CopyPart-ChangeBinInt-ChangeASCIIInt-ChangeBit-ChangeByte-
#99206	REDUCE cov: 1353 ft: 4531 corp: 643/199Kb lim: 717 exec/s: 16534 rss: 441Mb L: 133/717 MS: 3 ChangeBit-CopyPart-EraseBytes-
#100404	REDUCE cov: 1353 ft: 4531 corp: 643/199Kb lim: 726 exec/s: 16734 rss: 441Mb L: 233/717 MS: 3 EraseBytes-InsertByte-CopyPart-
#100460	REDUCE cov: 1353 ft: 4531 corp: 643/199Kb lim: 726 exec/s: 16743 rss: 441Mb L: 117/717 MS: 1 EraseBytes-
#100536	REDUCE cov: 1353 ft: 4531 corp: 643/198Kb lim: 726 exec/s: 16756 rss: 441Mb L: 172/717 MS: 1 EraseBytes-
#100602	REDUCE cov: 1353 ft: 4531 corp: 643/198Kb lim: 726 exec/s: 16767 rss: 441Mb L: 180/717 MS: 1 EraseBytes-
#100639	REDUCE cov: 1353 ft: 4531 corp: 643/198Kb lim: 726 exec/s: 16773 rss: 441Mb L: 230/717 MS: 2 ShuffleBytes-EraseBytes-
#100645	REDUCE cov: 1353 ft: 4531 corp: 643/198Kb lim: 726 exec/s: 16774 rss: 441Mb L: 386/717 MS: 1 EraseBytes-
#100896	REDUCE cov: 1353 ft: 4531 corp: 643/198Kb lim: 726 exec/s: 16816 rss: 441Mb L: 97/717 MS: 1 EraseBytes-
#101323	NEW    cov: 1353 ft: 4532 corp: 644/199Kb lim: 726 exec/s: 16887 rss: 441Mb L: 722/722 MS: 2 ChangeByte-InsertRepeatedBytes-
#101764	REDUCE cov: 1353 ft: 4532 corp: 644/199Kb lim: 726 exec/s: 16960 rss: 441Mb L: 362/722 MS: 1 EraseBytes-
#101881	REDUCE cov: 1353 ft: 4532 corp: 644/199Kb lim: 726 exec/s: 16980 rss: 441Mb L: 308/722 MS: 2 ShuffleBytes-CrossOver-
#102152	NEW    cov: 1353 ft: 4534 corp: 645/199Kb lim: 726 exec/s: 17025 rss: 441Mb L: 708/722 MS: 1 ChangeByte-
#102172	REDUCE cov: 1353 ft: 4534 corp: 645/199Kb lim: 726 exec/s: 17028 rss: 441Mb L: 593/722 MS: 5 CrossOver-ChangeBit-ShuffleBytes-InsertRepeatedBytes-EraseBytes-
#102299	REDUCE cov: 1353 ft: 4534 corp: 645/199Kb lim: 726 exec/s: 17049 rss: 441Mb L: 536/722 MS: 2 ChangeBit-EraseBytes-
#102442	NEW    cov: 1353 ft: 4536 corp: 646/200Kb lim: 726 exec/s: 17073 rss: 441Mb L: 708/722 MS: 3 ChangeByte-ShuffleBytes-ChangeBinInt-
#104198	REDUCE cov: 1353 ft: 4536 corp: 646/200Kb lim: 735 exec/s: 17366 rss: 441Mb L: 171/722 MS: 1 EraseBytes-
#104801	REDUCE cov: 1353 ft: 4536 corp: 646/200Kb lim: 735 exec/s: 17466 rss: 441Mb L: 179/722 MS: 3 ChangeBit-InsertByte-EraseBytes-
#104807	NEW    cov: 1353 ft: 4537 corp: 647/201Kb lim: 735 exec/s: 17467 rss: 441Mb L: 725/725 MS: 1 InsertRepeatedBytes-
#104843	REDUCE cov: 1353 ft: 4537 corp: 647/201Kb lim: 735 exec/s: 17473 rss: 441Mb L: 186/725 MS: 1 EraseBytes-
#105007	NEW    cov: 1353 ft: 4538 corp: 648/201Kb lim: 735 exec/s: 17501 rss: 441Mb L: 709/725 MS: 4 ChangeByte-InsertByte-ChangeBinInt-ChangeBit-
#105018	REDUCE cov: 1353 ft: 4538 corp: 648/201Kb lim: 735 exec/s: 17503 rss: 441Mb L: 188/725 MS: 1 EraseBytes-
#105095	REDUCE cov: 1353 ft: 4538 corp: 648/201Kb lim: 735 exec/s: 17515 rss: 441Mb L: 127/725 MS: 2 CopyPart-EraseBytes-
#105192	REDUCE cov: 1353 ft: 4538 corp: 648/201Kb lim: 735 exec/s: 17532 rss: 441Mb L: 67/725 MS: 2 ChangeByte-EraseBytes-
#105213	REDUCE cov: 1353 ft: 4539 corp: 649/202Kb lim: 735 exec/s: 17535 rss: 441Mb L: 261/725 MS: 1 CrossOver-
#105267	REDUCE cov: 1353 ft: 4539 corp: 649/202Kb lim: 735 exec/s: 17544 rss: 441Mb L: 557/725 MS: 4 ChangeASCIIInt-InsertRepeatedBytes-CopyPart-EraseBytes-
#105309	REDUCE cov: 1353 ft: 4539 corp: 649/201Kb lim: 735 exec/s: 17551 rss: 441Mb L: 192/725 MS: 2 PersAutoDict-CrossOver- DE: "\000\000\000\000\000\000\000\302"-
#105981	REDUCE cov: 1353 ft: 4539 corp: 649/201Kb lim: 735 exec/s: 17663 rss: 441Mb L: 128/725 MS: 2 ChangeASCIIInt-EraseBytes-
#106197	NEW    cov: 1353 ft: 4544 corp: 650/202Kb lim: 735 exec/s: 17699 rss: 441Mb L: 285/725 MS: 1 CopyPart-
#106289	REDUCE cov: 1353 ft: 4544 corp: 650/202Kb lim: 735 exec/s: 17714 rss: 441Mb L: 401/725 MS: 2 ManualDict-EraseBytes- DE: "addu   %[temp20],    %["-
#106612	REDUCE cov: 1353 ft: 4544 corp: 650/202Kb lim: 735 exec/s: 15230 rss: 441Mb L: 138/725 MS: 3 PersAutoDict-EraseBytes-EraseBytes- DE: "preceu.ph.qbl   %["-
#107067	REDUCE cov: 1353 ft: 4544 corp: 650/202Kb lim: 735 exec/s: 15295 rss: 441Mb L: 529/725 MS: 5 CopyPart-ChangeBinInt-ChangeBinInt-ShuffleBytes-EraseBytes-
#107169	REDUCE cov: 1353 ft: 4544 corp: 650/202Kb lim: 735 exec/s: 15309 rss: 441Mb L: 165/725 MS: 2 CrossOver-EraseBytes-
#107642	REDUCE cov: 1353 ft: 4544 corp: 650/202Kb lim: 735 exec/s: 15377 rss: 441Mb L: 120/725 MS: 3 CopyPart-EraseBytes-InsertRepeatedBytes-
#108218	REDUCE cov: 1353 ft: 4544 corp: 650/202Kb lim: 735 exec/s: 15459 rss: 441Mb L: 124/725 MS: 1 EraseBytes-
#108621	NEW    cov: 1354 ft: 4545 corp: 651/202Kb lim: 735 exec/s: 15517 rss: 441Mb L: 255/725 MS: 3 ChangeBinInt-ShuffleBytes-ChangeBit-
#108762	REDUCE cov: 1354 ft: 4545 corp: 651/202Kb lim: 735 exec/s: 15537 rss: 441Mb L: 102/725 MS: 1 EraseBytes-
#108879	REDUCE cov: 1354 ft: 4545 corp: 651/202Kb lim: 735 exec/s: 15554 rss: 441Mb L: 129/725 MS: 2 ChangeBinInt-EraseBytes-
#108910	REDUCE cov: 1354 ft: 4546 corp: 652/202Kb lim: 735 exec/s: 15558 rss: 441Mb L: 172/725 MS: 1 ChangeByte-
#108976	REDUCE cov: 1354 ft: 4546 corp: 652/202Kb lim: 735 exec/s: 15568 rss: 441Mb L: 132/725 MS: 1 EraseBytes-
#108980	REDUCE cov: 1354 ft: 4546 corp: 652/202Kb lim: 735 exec/s: 15568 rss: 441Mb L: 142/725 MS: 4 ChangeByte-InsertByte-ChangeASCIIInt-EraseBytes-
#109347	REDUCE cov: 1354 ft: 4546 corp: 652/202Kb lim: 735 exec/s: 15621 rss: 441Mb L: 576/725 MS: 2 InsertByte-EraseBytes-
#109466	REDUCE cov: 1354 ft: 4546 corp: 652/202Kb lim: 735 exec/s: 15638 rss: 441Mb L: 536/725 MS: 4 ChangeBinInt-InsertRepeatedBytes-EraseBytes-InsertRepeatedBytes-
#110707	REDUCE cov: 1354 ft: 4546 corp: 652/202Kb lim: 744 exec/s: 15815 rss: 441Mb L: 253/725 MS: 1 EraseBytes-
#110759	REDUCE cov: 1354 ft: 4546 corp: 652/202Kb lim: 744 exec/s: 15822 rss: 441Mb L: 117/725 MS: 2 ShuffleBytes-EraseBytes-
#110910	REDUCE cov: 1354 ft: 4546 corp: 652/202Kb lim: 744 exec/s: 15844 rss: 441Mb L: 151/725 MS: 1 EraseBytes-
#111002	REDUCE cov: 1354 ft: 4547 corp: 653/202Kb lim: 744 exec/s: 15857 rss: 441Mb L: 270/725 MS: 2 PersAutoDict-CopyPart- DE: "ulw    %[temp7], "-
#111193	REDUCE cov: 1354 ft: 4547 corp: 653/202Kb lim: 744 exec/s: 15884 rss: 441Mb L: 130/725 MS: 1 EraseBytes-
#111654	NEW    cov: 1354 ft: 4548 corp: 654/202Kb lim: 744 exec/s: 15950 rss: 449Mb L: 187/725 MS: 1 ChangeASCIIInt-
#111781	NEW    cov: 1354 ft: 4550 corp: 655/202Kb lim: 744 exec/s: 15968 rss: 449Mb L: 126/725 MS: 2 ChangeASCIIInt-EraseBytes-
#112032	REDUCE cov: 1354 ft: 4550 corp: 655/202Kb lim: 744 exec/s: 16004 rss: 449Mb L: 12/725 MS: 1 EraseBytes-
#112404	REDUCE cov: 1354 ft: 4550 corp: 655/202Kb lim: 744 exec/s: 16057 rss: 449Mb L: 161/725 MS: 2 ManualDict-EraseBytes- DE: "addu    %[temp16],      %["-
#112495	REDUCE cov: 1354 ft: 4550 corp: 655/202Kb lim: 744 exec/s: 16070 rss: 449Mb L: 542/725 MS: 1 EraseBytes-
#112664	REDUCE cov: 1354 ft: 4550 corp: 655/202Kb lim: 744 exec/s: 16094 rss: 449Mb L: 178/725 MS: 4 ManualDict-EraseBytes-InsertByte-PersAutoDict- DE: "NULL VP8Io parameter in VP8Decode()."-"c\000\000\000\000\000\000\000"-
#112675	REDUCE cov: 1354 ft: 4550 corp: 655/202Kb lim: 744 exec/s: 16096 rss: 449Mb L: 149/725 MS: 1 EraseBytes-
#113126	REDUCE cov: 1354 ft: 4550 corp: 655/202Kb lim: 744 exec/s: 16160 rss: 449Mb L: 38/725 MS: 1 EraseBytes-
#113181	REDUCE cov: 1354 ft: 4550 corp: 655/202Kb lim: 744 exec/s: 16168 rss: 449Mb L: 38/725 MS: 5 ChangeByte-ShuffleBytes-CrossOver-CMP-EraseBytes- DE: "/\000\000\000\000\000\000\000"-
#113228	REDUCE cov: 1354 ft: 4550 corp: 655/202Kb lim: 744 exec/s: 16175 rss: 449Mb L: 161/725 MS: 2 InsertByte-EraseBytes-
#113460	REDUCE cov: 1354 ft: 4550 corp: 655/202Kb lim: 744 exec/s: 16208 rss: 449Mb L: 165/725 MS: 2 ChangeBinInt-EraseBytes-
#113774	REDUCE cov: 1354 ft: 4551 corp: 656/202Kb lim: 744 exec/s: 16253 rss: 449Mb L: 213/725 MS: 4 ChangeASCIIInt-CrossOver-CopyPart-PersAutoDict- DE: "\000\000\000\000\000\000\000\302"-
#114015	REDUCE cov: 1354 ft: 4551 corp: 656/202Kb lim: 744 exec/s: 16287 rss: 449Mb L: 532/725 MS: 1 CrossOver-
#114186	REDUCE cov: 1354 ft: 4551 corp: 656/202Kb lim: 744 exec/s: 16312 rss: 449Mb L: 193/725 MS: 1 EraseBytes-
#114304	REDUCE cov: 1354 ft: 4551 corp: 656/202Kb lim: 744 exec/s: 16329 rss: 449Mb L: 178/725 MS: 3 ChangeBit-EraseBytes-PersAutoDict- DE: "\235\000\000\000\000\000\000\000"-
#114663	REDUCE cov: 1354 ft: 4551 corp: 656/202Kb lim: 744 exec/s: 16380 rss: 449Mb L: 35/725 MS: 4 PersAutoDict-ManualDict-ShuffleBytes-EraseBytes- DE: "src/dec/vp8i_dec.h"-"lbu      %[temp1],  0+0*"-
#114821	REDUCE cov: 1354 ft: 4551 corp: 656/202Kb lim: 744 exec/s: 16403 rss: 449Mb L: 115/725 MS: 3 ChangeBit-ChangeBit-EraseBytes-
#115053	NEW    cov: 1354 ft: 4566 corp: 657/202Kb lim: 744 exec/s: 16436 rss: 449Mb L: 34/725 MS: 2 ShuffleBytes-ChangeByte-
#116340	REDUCE cov: 1354 ft: 4566 corp: 657/202Kb lim: 753 exec/s: 16620 rss: 449Mb L: 348/725 MS: 2 InsertRepeatedBytes-EraseBytes-
#116741	REDUCE cov: 1354 ft: 4566 corp: 657/202Kb lim: 753 exec/s: 16677 rss: 449Mb L: 255/725 MS: 1 EraseBytes-
#116833	REDUCE cov: 1354 ft: 4566 corp: 657/202Kb lim: 753 exec/s: 16690 rss: 449Mb L: 87/725 MS: 2 ChangeBinInt-EraseBytes-
#116863	REDUCE cov: 1354 ft: 4566 corp: 657/202Kb lim: 753 exec/s: 16694 rss: 449Mb L: 542/725 MS: 5 EraseBytes-ChangeASCIIInt-ManualDict-ChangeASCIIInt-InsertRepeatedBytes- DE: "src/utils/utils.h"-
#117405	NEW    cov: 1354 ft: 4567 corp: 658/203Kb lim: 753 exec/s: 16772 rss: 449Mb L: 708/725 MS: 2 ChangeBinInt-ChangeByte-
#117668	REDUCE cov: 1354 ft: 4567 corp: 658/203Kb lim: 753 exec/s: 16809 rss: 449Mb L: 198/725 MS: 3 CMP-InsertRepeatedBytes-EraseBytes- DE: "\000@"-
#117896	REDUCE cov: 1354 ft: 4567 corp: 658/203Kb lim: 753 exec/s: 16842 rss: 449Mb L: 125/725 MS: 3 ChangeASCIIInt-EraseBytes-CopyPart-
#118023	REDUCE cov: 1354 ft: 4567 corp: 658/203Kb lim: 753 exec/s: 16860 rss: 449Mb L: 128/725 MS: 2 ChangeASCIIInt-EraseBytes-
#118199	REDUCE cov: 1354 ft: 4569 corp: 659/203Kb lim: 753 exec/s: 16885 rss: 449Mb L: 120/725 MS: 1 ChangeBinInt-
#118267	NEW    cov: 1354 ft: 4570 corp: 660/203Kb lim: 753 exec/s: 16895 rss: 449Mb L: 260/725 MS: 3 CopyPart-InsertByte-CopyPart-
#118378	REDUCE cov: 1354 ft: 4570 corp: 660/203Kb lim: 753 exec/s: 16911 rss: 449Mb L: 170/725 MS: 1 EraseBytes-
#118445	REDUCE cov: 1354 ft: 4571 corp: 661/203Kb lim: 753 exec/s: 16920 rss: 449Mb L: 217/725 MS: 2 PersAutoDict-PersAutoDict- DE: "lbu      %[temp11], 2+3*"-"\000\000\000\000"-
#118790	REDUCE cov: 1354 ft: 4571 corp: 661/203Kb lim: 753 exec/s: 16970 rss: 449Mb L: 173/725 MS: 5 ChangeBinInt-ManualDict-ChangeBit-ManualDict-EraseBytes- DE: "sb               %[temp5],   "-"ulw        %[temp2],  "-
#118916	NEW    cov: 1354 ft: 4572 corp: 662/203Kb lim: 753 exec/s: 16988 rss: 449Mb L: 264/725 MS: 1 CrossOver-
#118928	REDUCE cov: 1354 ft: 4572 corp: 662/203Kb lim: 753 exec/s: 16989 rss: 449Mb L: 186/725 MS: 2 CMP-EraseBytes- DE: "\001\000\000\000\000\000\000\000"-
#119269	REDUCE cov: 1354 ft: 4572 corp: 662/203Kb lim: 753 exec/s: 17038 rss: 449Mb L: 146/725 MS: 1 EraseBytes-
#119340	REDUCE cov: 1354 ft: 4572 corp: 662/203Kb lim: 753 exec/s: 17048 rss: 449Mb L: 167/725 MS: 1 EraseBytes-
#119356	REDUCE cov: 1354 ft: 4572 corp: 662/203Kb lim: 753 exec/s: 17050 rss: 449Mb L: 171/725 MS: 1 EraseBytes-
#119387	REDUCE cov: 1354 ft: 4572 corp: 662/203Kb lim: 753 exec/s: 17055 rss: 449Mb L: 134/725 MS: 1 EraseBytes-
#119453	REDUCE cov: 1354 ft: 4572 corp: 662/203Kb lim: 753 exec/s: 17064 rss: 449Mb L: 141/725 MS: 1 EraseBytes-
#120545	REDUCE cov: 1354 ft: 4572 corp: 662/203Kb lim: 762 exec/s: 15068 rss: 449Mb L: 234/725 MS: 2 ChangeASCIIInt-EraseBytes-
#120686	REDUCE cov: 1354 ft: 4574 corp: 663/204Kb lim: 762 exec/s: 15085 rss: 449Mb L: 197/725 MS: 1 InsertRepeatedBytes-
#121422	REDUCE cov: 1354 ft: 4574 corp: 663/204Kb lim: 762 exec/s: 15177 rss: 449Mb L: 186/725 MS: 1 EraseBytes-
#121602	REDUCE cov: 1354 ft: 4576 corp: 664/204Kb lim: 762 exec/s: 15200 rss: 449Mb L: 348/725 MS: 5 CopyPart-CrossOver-ChangeByte-CrossOver-InsertRepeatedBytes-
#121666	REDUCE cov: 1354 ft: 4577 corp: 665/204Kb lim: 762 exec/s: 15208 rss: 449Mb L: 169/725 MS: 4 CopyPart-ChangeASCIIInt-ChangeBinInt-CopyPart-
#122322	REDUCE cov: 1354 ft: 4577 corp: 665/204Kb lim: 762 exec/s: 15290 rss: 449Mb L: 197/725 MS: 1 EraseBytes-
#122372	REDUCE cov: 1354 ft: 4577 corp: 665/204Kb lim: 762 exec/s: 15296 rss: 449Mb L: 208/725 MS: 5 ChangeBinInt-InsertRepeatedBytes-ChangeASCIIInt-EraseBytes-InsertRepeatedBytes-
#123604	REDUCE cov: 1354 ft: 4577 corp: 665/204Kb lim: 771 exec/s: 15450 rss: 449Mb L: 418/725 MS: 2 ChangeByte-EraseBytes-
#123990	NEW    cov: 1354 ft: 4578 corp: 666/204Kb lim: 771 exec/s: 15498 rss: 449Mb L: 280/725 MS: 1 PersAutoDict- DE: "Z\000\000\000\000\000\000\000"-
#124036	REDUCE cov: 1354 ft: 4579 corp: 667/204Kb lim: 771 exec/s: 15504 rss: 449Mb L: 110/725 MS: 1 ShuffleBytes-
#124132	NEW    cov: 1354 ft: 4580 corp: 668/204Kb lim: 771 exec/s: 15516 rss: 449Mb L: 176/725 MS: 1 ChangeBinInt-
#124274	NEW    cov: 1354 ft: 4581 corp: 669/205Kb lim: 771 exec/s: 15534 rss: 449Mb L: 708/725 MS: 2 ChangeASCIIInt-ChangeBinInt-
#124552	REDUCE cov: 1354 ft: 4581 corp: 669/205Kb lim: 771 exec/s: 15569 rss: 449Mb L: 541/725 MS: 3 ShuffleBytes-ShuffleBytes-EraseBytes-
#124694	REDUCE cov: 1354 ft: 4581 corp: 669/205Kb lim: 771 exec/s: 15586 rss: 449Mb L: 218/725 MS: 2 ChangeBit-EraseBytes-
#125027	NEW    cov: 1355 ft: 4584 corp: 670/206Kb lim: 771 exec/s: 15628 rss: 449Mb L: 709/725 MS: 3 InsertByte-CrossOver-ChangeBit-
#125114	REDUCE cov: 1355 ft: 4584 corp: 670/206Kb lim: 771 exec/s: 15639 rss: 449Mb L: 556/725 MS: 2 ChangeBit-CrossOver-
#125336	REDUCE cov: 1355 ft: 4584 corp: 670/206Kb lim: 771 exec/s: 15667 rss: 449Mb L: 39/725 MS: 2 ChangeBit-EraseBytes-
#125628	REDUCE cov: 1355 ft: 4584 corp: 670/206Kb lim: 771 exec/s: 15703 rss: 449Mb L: 249/725 MS: 2 ChangeBit-EraseBytes-
#125642	REDUCE cov: 1355 ft: 4584 corp: 670/206Kb lim: 771 exec/s: 15705 rss: 449Mb L: 225/725 MS: 4 PersAutoDict-InsertByte-ChangeBit-EraseBytes- DE: "(p_loop1_end), [p_loop2_end]"-
#125708	REDUCE cov: 1355 ft: 4584 corp: 670/206Kb lim: 771 exec/s: 15713 rss: 449Mb L: 181/725 MS: 1 EraseBytes-
#125734	REDUCE cov: 1355 ft: 4584 corp: 670/206Kb lim: 771 exec/s: 15716 rss: 449Mb L: 174/725 MS: 1 EraseBytes-
#125897	REDUCE cov: 1355 ft: 4584 corp: 670/206Kb lim: 771 exec/s: 15737 rss: 449Mb L: 189/725 MS: 3 ChangeBinInt-EraseBytes-CopyPart-
#126070	REDUCE cov: 1355 ft: 4584 corp: 670/206Kb lim: 771 exec/s: 15758 rss: 449Mb L: 191/725 MS: 3 ChangeByte-ChangeASCIIInt-EraseBytes-
#126071	REDUCE cov: 1355 ft: 4584 corp: 670/206Kb lim: 771 exec/s: 15758 rss: 449Mb L: 202/725 MS: 1 EraseBytes-
#126417	NEW    cov: 1355 ft: 4599 corp: 671/206Kb lim: 771 exec/s: 15802 rss: 449Mb L: 34/725 MS: 1 ChangeBinInt-
#126793	REDUCE cov: 1355 ft: 4599 corp: 671/206Kb lim: 771 exec/s: 15849 rss: 449Mb L: 138/725 MS: 1 EraseBytes-
#128694	REDUCE cov: 1355 ft: 4599 corp: 671/206Kb lim: 789 exec/s: 16086 rss: 449Mb L: 322/725 MS: 1 CrossOver-
#128725	NEW    cov: 1356 ft: 4600 corp: 672/206Kb lim: 789 exec/s: 16090 rss: 449Mb L: 90/725 MS: 1 ChangeBinInt-
#128851	REDUCE cov: 1356 ft: 4600 corp: 672/206Kb lim: 789 exec/s: 16106 rss: 449Mb L: 207/725 MS: 1 EraseBytes-
#129362	REDUCE cov: 1356 ft: 4600 corp: 672/206Kb lim: 789 exec/s: 16170 rss: 449Mb L: 27/725 MS: 1 EraseBytes-
#129454	REDUCE cov: 1356 ft: 4600 corp: 672/206Kb lim: 789 exec/s: 16181 rss: 449Mb L: 206/725 MS: 2 CopyPart-EraseBytes-
#130032	REDUCE cov: 1356 ft: 4601 corp: 673/206Kb lim: 789 exec/s: 16254 rss: 449Mb L: 453/725 MS: 3 InsertByte-ChangeByte-InsertRepeatedBytes-
#130198	REDUCE cov: 1356 ft: 4601 corp: 673/206Kb lim: 789 exec/s: 16274 rss: 449Mb L: 710/725 MS: 1 EraseBytes-
#130291	NEW    cov: 1356 ft: 4602 corp: 674/206Kb lim: 789 exec/s: 16286 rss: 449Mb L: 238/725 MS: 3 ManualDict-CopyPart-ChangeBinInt- DE: "(temp6), [A]"-
#130707	REDUCE cov: 1356 ft: 4602 corp: 674/206Kb lim: 789 exec/s: 16338 rss: 449Mb L: 154/725 MS: 1 EraseBytes-
#130753	REDUCE cov: 1356 ft: 4602 corp: 674/206Kb lim: 789 exec/s: 16344 rss: 449Mb L: 117/725 MS: 1 EraseBytes-
#130894	REDUCE cov: 1356 ft: 4613 corp: 675/207Kb lim: 789 exec/s: 16361 rss: 449Mb L: 261/725 MS: 1 InsertRepeatedBytes-
#131072	pulse  cov: 1356 ft: 4613 corp: 675/207Kb lim: 789 exec/s: 16384 rss: 449Mb
#132030	REDUCE cov: 1356 ft: 4613 corp: 675/207Kb lim: 798 exec/s: 16503 rss: 449Mb L: 145/725 MS: 1 EraseBytes-
#132102	REDUCE cov: 1356 ft: 4613 corp: 675/207Kb lim: 798 exec/s: 16512 rss: 449Mb L: 109/725 MS: 2 InsertRepeatedBytes-EraseBytes-
#132168	NEW    cov: 1356 ft: 4614 corp: 676/207Kb lim: 798 exec/s: 16521 rss: 449Mb L: 214/725 MS: 1 ChangeBit-
#132444	REDUCE cov: 1356 ft: 4614 corp: 676/207Kb lim: 798 exec/s: 16555 rss: 449Mb L: 31/725 MS: 1 EraseBytes-
#132447	REDUCE cov: 1356 ft: 4614 corp: 676/207Kb lim: 798 exec/s: 16555 rss: 449Mb L: 215/725 MS: 3 InsertRepeatedBytes-EraseBytes-CrossOver-
#132788	REDUCE cov: 1356 ft: 4614 corp: 676/207Kb lim: 798 exec/s: 14754 rss: 454Mb L: 248/725 MS: 1 EraseBytes-
#132881	NEW    cov: 1356 ft: 4615 corp: 677/207Kb lim: 798 exec/s: 14764 rss: 454Mb L: 177/725 MS: 3 InsertByte-ChangeASCIIInt-ChangeBinInt-
#132902	NEW    cov: 1356 ft: 4625 corp: 678/207Kb lim: 798 exec/s: 14766 rss: 454Mb L: 107/725 MS: 1 ChangeByte-
#133273	REDUCE cov: 1356 ft: 4625 corp: 678/207Kb lim: 798 exec/s: 14808 rss: 454Mb L: 78/725 MS: 1 EraseBytes-
#133782	REDUCE cov: 1356 ft: 4625 corp: 678/207Kb lim: 798 exec/s: 14864 rss: 454Mb L: 190/725 MS: 4 InsertRepeatedBytes-ChangeASCIIInt-CopyPart-EraseBytes-
#134123	REDUCE cov: 1356 ft: 4625 corp: 678/207Kb lim: 798 exec/s: 14902 rss: 454Mb L: 260/725 MS: 1 EraseBytes-
#134680	REDUCE cov: 1356 ft: 4625 corp: 678/207Kb lim: 798 exec/s: 14964 rss: 454Mb L: 50/725 MS: 2 ChangeASCIIInt-EraseBytes-
#134821	REDUCE cov: 1356 ft: 4625 corp: 678/207Kb lim: 798 exec/s: 14980 rss: 454Mb L: 199/725 MS: 1 EraseBytes-
#135122	REDUCE cov: 1356 ft: 4625 corp: 678/207Kb lim: 798 exec/s: 15013 rss: 454Mb L: 256/725 MS: 1 EraseBytes-
#135448	NEW    cov: 1356 ft: 4627 corp: 679/207Kb lim: 798 exec/s: 15049 rss: 454Mb L: 253/725 MS: 1 ShuffleBytes-
#135639	REDUCE cov: 1356 ft: 4627 corp: 679/207Kb lim: 798 exec/s: 15071 rss: 454Mb L: 106/725 MS: 1 EraseBytes-
#136361	NEW    cov: 1356 ft: 4634 corp: 680/207Kb lim: 798 exec/s: 15151 rss: 454Mb L: 332/725 MS: 2 ChangeByte-ShuffleBytes-
#136895	REDUCE cov: 1356 ft: 4634 corp: 680/207Kb lim: 798 exec/s: 15210 rss: 454Mb L: 15/725 MS: 4 ShuffleBytes-ChangeByte-ChangeBit-EraseBytes-
#136904	REDUCE cov: 1356 ft: 4634 corp: 680/207Kb lim: 798 exec/s: 15211 rss: 454Mb L: 274/725 MS: 4 InsertByte-InsertByte-CMP-EraseBytes- DE: "\001\007"-
#137270	REDUCE cov: 1356 ft: 4634 corp: 680/207Kb lim: 798 exec/s: 15252 rss: 454Mb L: 171/725 MS: 1 EraseBytes-
#138104	REDUCE cov: 1356 ft: 4634 corp: 680/207Kb lim: 798 exec/s: 15344 rss: 454Mb L: 189/725 MS: 4 CMP-ShuffleBytes-CMP-EraseBytes- DE: "\001\000\000\000\000\000\000U"-"\377\377\377\377\377\377\377\006"-
#138125	REDUCE cov: 1356 ft: 4635 corp: 681/207Kb lim: 798 exec/s: 15347 rss: 454Mb L: 210/725 MS: 1 ChangeBit-
#138551	NEW    cov: 1356 ft: 4636 corp: 682/207Kb lim: 798 exec/s: 15394 rss: 454Mb L: 138/725 MS: 1 CopyPart-
#138747	REDUCE cov: 1356 ft: 4636 corp: 682/207Kb lim: 798 exec/s: 15416 rss: 454Mb L: 204/725 MS: 1 EraseBytes-
#140129	REDUCE cov: 1357 ft: 4646 corp: 683/208Kb lim: 807 exec/s: 15569 rss: 454Mb L: 547/725 MS: 2 InsertByte-ChangeBit-
#141022	REDUCE cov: 1357 ft: 4646 corp: 683/208Kb lim: 807 exec/s: 15669 rss: 454Mb L: 178/725 MS: 3 CopyPart-ChangeBit-EraseBytes-
#141888	NEW    cov: 1357 ft: 4647 corp: 684/209Kb lim: 807 exec/s: 15765 rss: 454Mb L: 721/725 MS: 1 PersAutoDict- DE: "\234\000\000\000\000\000\000\000"-
#142216	REDUCE cov: 1357 ft: 4647 corp: 684/209Kb lim: 807 exec/s: 15801 rss: 454Mb L: 151/725 MS: 3 ChangeByte-ChangeASCIIInt-EraseBytes-
#142502	REDUCE cov: 1357 ft: 4647 corp: 684/209Kb lim: 807 exec/s: 15833 rss: 454Mb L: 231/725 MS: 1 EraseBytes-
#143003	REDUCE cov: 1357 ft: 4647 corp: 684/209Kb lim: 807 exec/s: 15889 rss: 454Mb L: 257/725 MS: 1 EraseBytes-
#143104	REDUCE cov: 1357 ft: 4647 corp: 684/209Kb lim: 807 exec/s: 15900 rss: 454Mb L: 15/725 MS: 1 EraseBytes-
#143810	REDUCE cov: 1357 ft: 4647 corp: 684/209Kb lim: 807 exec/s: 15978 rss: 454Mb L: 155/725 MS: 1 EraseBytes-
#143827	REDUCE cov: 1357 ft: 4647 corp: 684/208Kb lim: 807 exec/s: 15980 rss: 454Mb L: 342/725 MS: 2 ShuffleBytes-EraseBytes-
#144360	REDUCE cov: 1357 ft: 4647 corp: 684/208Kb lim: 807 exec/s: 16040 rss: 454Mb L: 217/725 MS: 3 ChangeByte-CopyPart-EraseBytes-
#144843	REDUCE cov: 1357 ft: 4647 corp: 684/208Kb lim: 807 exec/s: 14484 rss: 454Mb L: 24/725 MS: 3 CrossOver-InsertByte-EraseBytes-
#144896	REDUCE cov: 1357 ft: 4647 corp: 684/208Kb lim: 807 exec/s: 14489 rss: 454Mb L: 225/725 MS: 3 ChangeBinInt-PersAutoDict-EraseBytes- DE: "\234\000\000\000\000\000\000\000"-
#144897	REDUCE cov: 1357 ft: 4649 corp: 685/209Kb lim: 807 exec/s: 14489 rss: 454Mb L: 177/725 MS: 1 ChangeBinInt-
#145048	NEW    cov: 1357 ft: 4650 corp: 686/209Kb lim: 807 exec/s: 14504 rss: 454Mb L: 191/725 MS: 1 PersAutoDict- DE: "RIFF"-
#145976	REDUCE cov: 1357 ft: 4650 corp: 686/209Kb lim: 816 exec/s: 14597 rss: 454Mb L: 393/725 MS: 3 ManualDict-CrossOver-EraseBytes- DE: "sb       %[temp8],  1+2*"-
#146482	REDUCE cov: 1357 ft: 4650 corp: 686/209Kb lim: 816 exec/s: 14648 rss: 454Mb L: 197/725 MS: 1 EraseBytes-
#146484	REDUCE cov: 1357 ft: 4650 corp: 686/209Kb lim: 816 exec/s: 14648 rss: 454Mb L: 12/725 MS: 2 ChangeBit-EraseBytes-
#147526	REDUCE cov: 1357 ft: 4653 corp: 687/209Kb lim: 825 exec/s: 14752 rss: 454Mb L: 362/725 MS: 2 CrossOver-InsertRepeatedBytes-
#147941	REDUCE cov: 1357 ft: 4653 corp: 687/209Kb lim: 825 exec/s: 14794 rss: 456Mb L: 207/725 MS: 5 ChangeBinInt-EraseBytes-ShuffleBytes-ChangeASCIIInt-InsertRepeatedBytes-
#148193	NEW    cov: 1357 ft: 4654 corp: 688/210Kb lim: 825 exec/s: 14819 rss: 456Mb L: 821/821 MS: 2 InsertByte-InsertRepeatedBytes-
#148495	REDUCE cov: 1357 ft: 4654 corp: 688/210Kb lim: 825 exec/s: 14849 rss: 456Mb L: 543/821 MS: 2 ChangeASCIIInt-EraseBytes-
#149876	NEW    cov: 1357 ft: 4655 corp: 689/210Kb lim: 834 exec/s: 14987 rss: 456Mb L: 34/821 MS: 1 ChangeBit-
#149910	REDUCE cov: 1357 ft: 4655 corp: 689/210Kb lim: 834 exec/s: 14991 rss: 456Mb L: 245/821 MS: 4 ChangeBinInt-CopyPart-ChangeBinInt-EraseBytes-
#150019	REDUCE cov: 1357 ft: 4657 corp: 690/210Kb lim: 834 exec/s: 15001 rss: 456Mb L: 114/821 MS: 4 ChangeBinInt-ChangeASCIIInt-CMP-ChangeBinInt- DE: "\004\000\000\000\000\000\000\000"-
#151035	REDUCE cov: 1357 ft: 4657 corp: 690/210Kb lim: 843 exec/s: 15103 rss: 456Mb L: 53/821 MS: 1 CrossOver-
#151167	REDUCE cov: 1357 ft: 4657 corp: 690/210Kb lim: 843 exec/s: 15116 rss: 456Mb L: 116/821 MS: 2 ChangeASCIIInt-EraseBytes-
#151703	REDUCE cov: 1357 ft: 4657 corp: 690/210Kb lim: 843 exec/s: 15170 rss: 456Mb L: 29/821 MS: 1 EraseBytes-
#152197	REDUCE cov: 1357 ft: 4657 corp: 690/210Kb lim: 843 exec/s: 15219 rss: 456Mb L: 152/821 MS: 4 CopyPart-ManualDict-ShuffleBytes-EraseBytes- DE: "null VP8Io passed to VP8GetHeaders()"-
#152583	REDUCE cov: 1357 ft: 4657 corp: 690/210Kb lim: 843 exec/s: 15258 rss: 456Mb L: 39/821 MS: 1 EraseBytes-
#152936	REDUCE cov: 1357 ft: 4657 corp: 690/210Kb lim: 843 exec/s: 15293 rss: 456Mb L: 186/821 MS: 3 CopyPart-ManualDict-EraseBytes- DE: "(loop_end), [rest]"-
#153620	NEW    cov: 1357 ft: 4658 corp: 691/211Kb lim: 843 exec/s: 15362 rss: 456Mb L: 825/825 MS: 4 CrossOver-InsertByte-CopyPart-InsertRepeatedBytes-
#154087	REDUCE cov: 1357 ft: 4658 corp: 691/210Kb lim: 843 exec/s: 15408 rss: 456Mb L: 203/825 MS: 2 InsertByte-EraseBytes-
#154289	REDUCE cov: 1357 ft: 4658 corp: 691/210Kb lim: 843 exec/s: 15428 rss: 456Mb L: 174/825 MS: 2 ChangeBit-EraseBytes-
#154456	REDUCE cov: 1357 ft: 4658 corp: 691/210Kb lim: 843 exec/s: 15445 rss: 456Mb L: 224/825 MS: 2 ChangeBit-EraseBytes-
#154562	REDUCE cov: 1357 ft: 4658 corp: 691/210Kb lim: 843 exec/s: 15456 rss: 456Mb L: 195/825 MS: 1 EraseBytes-
#155013	REDUCE cov: 1357 ft: 4658 corp: 691/210Kb lim: 843 exec/s: 14092 rss: 456Mb L: 173/825 MS: 1 EraseBytes-
#155029	REDUCE cov: 1357 ft: 4658 corp: 691/210Kb lim: 843 exec/s: 14093 rss: 456Mb L: 131/825 MS: 1 EraseBytes-
#155234	REDUCE cov: 1357 ft: 4658 corp: 691/210Kb lim: 843 exec/s: 14112 rss: 456Mb L: 168/825 MS: 5 ChangeBit-ShuffleBytes-ChangeASCIIInt-ChangeBit-EraseBytes-
#155310	REDUCE cov: 1357 ft: 4658 corp: 691/210Kb lim: 843 exec/s: 14119 rss: 456Mb L: 163/825 MS: 1 EraseBytes-
#155486	REDUCE cov: 1357 ft: 4658 corp: 691/210Kb lim: 843 exec/s: 14135 rss: 456Mb L: 132/825 MS: 1 EraseBytes-
#156007	REDUCE cov: 1357 ft: 4658 corp: 691/210Kb lim: 843 exec/s: 14182 rss: 456Mb L: 326/825 MS: 1 EraseBytes-
#156031	REDUCE cov: 1357 ft: 4658 corp: 691/210Kb lim: 843 exec/s: 14184 rss: 456Mb L: 197/825 MS: 4 CMP-ChangeByte-CrossOver-EraseBytes- DE: "\000\000\000\001"-
#156044	REDUCE cov: 1357 ft: 4658 corp: 691/210Kb lim: 843 exec/s: 14185 rss: 456Mb L: 72/825 MS: 3 ChangeBinInt-ChangeBinInt-EraseBytes-
#156060	REDUCE cov: 1357 ft: 4658 corp: 691/210Kb lim: 843 exec/s: 14187 rss: 456Mb L: 113/825 MS: 1 EraseBytes-
#156266	REDUCE cov: 1358 ft: 4659 corp: 692/210Kb lim: 843 exec/s: 14206 rss: 456Mb L: 149/825 MS: 1 ChangeByte-
#156681	REDUCE cov: 1358 ft: 4659 corp: 692/210Kb lim: 843 exec/s: 14243 rss: 456Mb L: 209/825 MS: 5 CopyPart-PersAutoDict-InsertRepeatedBytes-EraseBytes-EraseBytes- DE: "M\037\000\000"-
#156860	REDUCE cov: 1358 ft: 4659 corp: 692/210Kb lim: 843 exec/s: 14260 rss: 456Mb L: 802/825 MS: 4 EraseBytes-ChangeBit-ChangeBinInt-InsertRepeatedBytes-
#157048	NEW    cov: 1358 ft: 4661 corp: 693/211Kb lim: 843 exec/s: 14277 rss: 456Mb L: 728/825 MS: 3 CopyPart-ChangeASCIIInt-PersAutoDict- DE: "vabd.u8    q15,"-
#157212	REDUCE cov: 1358 ft: 4661 corp: 693/211Kb lim: 843 exec/s: 14292 rss: 456Mb L: 146/825 MS: 4 InsertRepeatedBytes-ManualDict-ShuffleBytes-EraseBytes- DE: "lbu     %[temp19],      3+"-
#157826	REDUCE cov: 1358 ft: 4661 corp: 693/211Kb lim: 843 exec/s: 14347 rss: 456Mb L: 145/825 MS: 4 CrossOver-EraseBytes-ChangeByte-ChangeBit-
#157863	REDUCE cov: 1358 ft: 4661 corp: 693/211Kb lim: 843 exec/s: 14351 rss: 456Mb L: 16/825 MS: 2 ChangeASCIIInt-EraseBytes-
#158249	REDUCE cov: 1358 ft: 4661 corp: 693/211Kb lim: 843 exec/s: 14386 rss: 456Mb L: 12/825 MS: 1 EraseBytes-
#158598	REDUCE cov: 1358 ft: 4661 corp: 693/211Kb lim: 843 exec/s: 14418 rss: 456Mb L: 316/825 MS: 4 CrossOver-CMP-CMP-EraseBytes- DE: "\001\001"-")\000\000\000"-
#158811	REDUCE cov: 1358 ft: 4661 corp: 693/211Kb lim: 843 exec/s: 14437 rss: 456Mb L: 720/825 MS: 3 InsertRepeatedBytes-PersAutoDict-EraseBytes- DE: "\000\000\000\000\000\000\000\302"-
#159093	REDUCE cov: 1358 ft: 4661 corp: 693/211Kb lim: 843 exec/s: 14463 rss: 456Mb L: 209/825 MS: 2 CMP-EraseBytes- DE: "\000\000\000."-
#159192	REDUCE cov: 1358 ft: 4661 corp: 693/211Kb lim: 843 exec/s: 14472 rss: 456Mb L: 711/825 MS: 4 InsertByte-ChangeBit-ManualDict-EraseBytes- DE: "[2],"-
#159252	NEW    cov: 1358 ft: 4662 corp: 694/211Kb lim: 843 exec/s: 14477 rss: 456Mb L: 366/825 MS: 5 InsertByte-CopyPart-ChangeBinInt-CopyPart-InsertRepeatedBytes-
#159349	REDUCE cov: 1358 ft: 4662 corp: 694/211Kb lim: 843 exec/s: 14486 rss: 456Mb L: 174/825 MS: 2 ShuffleBytes-EraseBytes-
#160524	REDUCE cov: 1358 ft: 4662 corp: 694/211Kb lim: 852 exec/s: 14593 rss: 456Mb L: 104/825 MS: 5 ChangeASCIIInt-ChangeBit-ManualDict-ChangeASCIIInt-EraseBytes- DE: "lbu     %[temp1],    "-
#161040	REDUCE cov: 1358 ft: 4662 corp: 694/211Kb lim: 852 exec/s: 14640 rss: 456Mb L: 152/825 MS: 1 EraseBytes-
#161383	REDUCE cov: 1358 ft: 4662 corp: 694/211Kb lim: 852 exec/s: 14671 rss: 456Mb L: 178/825 MS: 3 ChangeBinInt-InsertByte-EraseBytes-
#161440	REDUCE cov: 1358 ft: 4662 corp: 694/211Kb lim: 852 exec/s: 14676 rss: 456Mb L: 139/825 MS: 2 EraseBytes-CopyPart-
#162403	REDUCE cov: 1358 ft: 4662 corp: 694/211Kb lim: 861 exec/s: 14763 rss: 456Mb L: 394/825 MS: 3 CopyPart-CrossOver-EraseBytes-
#162649	REDUCE cov: 1358 ft: 4662 corp: 694/211Kb lim: 861 exec/s: 14786 rss: 456Mb L: 34/825 MS: 1 EraseBytes-
#162976	REDUCE cov: 1358 ft: 4662 corp: 694/211Kb lim: 861 exec/s: 14816 rss: 456Mb L: 708/825 MS: 2 EraseBytes-InsertByte-
#163027	REDUCE cov: 1358 ft: 4662 corp: 694/211Kb lim: 861 exec/s: 14820 rss: 456Mb L: 613/825 MS: 1 EraseBytes-
#163038	REDUCE cov: 1358 ft: 4662 corp: 694/211Kb lim: 861 exec/s: 14821 rss: 456Mb L: 140/825 MS: 1 EraseBytes-
#163920	REDUCE cov: 1358 ft: 4662 corp: 694/211Kb lim: 861 exec/s: 14901 rss: 456Mb L: 182/825 MS: 2 InsertRepeatedBytes-EraseBytes-
#163985	REDUCE cov: 1358 ft: 4662 corp: 694/211Kb lim: 861 exec/s: 14907 rss: 456Mb L: 324/825 MS: 5 EraseBytes-ChangeASCIIInt-ShuffleBytes-ChangeByte-CrossOver-
#164526	REDUCE cov: 1358 ft: 4662 corp: 694/211Kb lim: 861 exec/s: 14956 rss: 456Mb L: 26/825 MS: 1 EraseBytes-
#164867	REDUCE cov: 1358 ft: 4662 corp: 694/211Kb lim: 861 exec/s: 14987 rss: 456Mb L: 550/825 MS: 1 EraseBytes-
#165020	REDUCE cov: 1358 ft: 4662 corp: 694/211Kb lim: 861 exec/s: 15001 rss: 456Mb L: 366/825 MS: 3 ShuffleBytes-ChangeBit-EraseBytes-
#165593	REDUCE cov: 1358 ft: 4662 corp: 694/211Kb lim: 861 exec/s: 13799 rss: 456Mb L: 136/825 MS: 3 CrossOver-ManualDict-EraseBytes- DE: "sw     %[temp0],  "-
#165649	REDUCE cov: 1358 ft: 4662 corp: 694/211Kb lim: 861 exec/s: 13804 rss: 456Mb L: 33/825 MS: 1 EraseBytes-
#165912	REDUCE cov: 1358 ft: 4662 corp: 694/211Kb lim: 861 exec/s: 13826 rss: 456Mb L: 713/825 MS: 3 ShuffleBytes-EraseBytes-CrossOver-
#165925	REDUCE cov: 1358 ft: 4662 corp: 694/211Kb lim: 861 exec/s: 13827 rss: 456Mb L: 122/825 MS: 3 ShuffleBytes-EraseBytes-CrossOver-
#166056	REDUCE cov: 1358 ft: 4662 corp: 694/211Kb lim: 861 exec/s: 13838 rss: 456Mb L: 130/825 MS: 1 EraseBytes-
#166189	REDUCE cov: 1358 ft: 4662 corp: 694/211Kb lim: 861 exec/s: 13849 rss: 456Mb L: 213/825 MS: 3 ShuffleBytes-InsertByte-EraseBytes-
#166835	REDUCE cov: 1358 ft: 4662 corp: 694/211Kb lim: 861 exec/s: 13902 rss: 456Mb L: 322/825 MS: 1 EraseBytes-
#167126	REDUCE cov: 1358 ft: 4662 corp: 694/211Kb lim: 861 exec/s: 13927 rss: 457Mb L: 314/825 MS: 1 EraseBytes-
#167264	REDUCE cov: 1358 ft: 4662 corp: 694/210Kb lim: 861 exec/s: 13938 rss: 457Mb L: 238/825 MS: 3 ManualDict-CMP-EraseBytes- DE: " #stride "-"`\000"-
#167543	REDUCE cov: 1358 ft: 4662 corp: 694/210Kb lim: 861 exec/s: 13961 rss: 457Mb L: 108/825 MS: 4 ChangeASCIIInt-ChangeByte-CopyPart-EraseBytes-
#167584	REDUCE cov: 1358 ft: 4662 corp: 694/210Kb lim: 861 exec/s: 13965 rss: 457Mb L: 64/825 MS: 1 EraseBytes-
#167648	REDUCE cov: 1358 ft: 4662 corp: 694/210Kb lim: 861 exec/s: 13970 rss: 457Mb L: 124/825 MS: 4 InsertByte-ShuffleBytes-ShuffleBytes-EraseBytes-
#168031	REDUCE cov: 1358 ft: 4662 corp: 694/210Kb lim: 861 exec/s: 14002 rss: 457Mb L: 107/825 MS: 3 ChangeByte-ChangeBit-EraseBytes-
#168052	REDUCE cov: 1358 ft: 4662 corp: 694/210Kb lim: 861 exec/s: 14004 rss: 457Mb L: 542/825 MS: 1 CrossOver-
#168444	REDUCE cov: 1358 ft: 4662 corp: 694/210Kb lim: 861 exec/s: 14037 rss: 457Mb L: 106/825 MS: 2 ChangeASCIIInt-EraseBytes-
#168690	REDUCE cov: 1358 ft: 4662 corp: 694/210Kb lim: 861 exec/s: 14057 rss: 457Mb L: 147/825 MS: 1 EraseBytes-
#168731	REDUCE cov: 1358 ft: 4662 corp: 694/210Kb lim: 861 exec/s: 14060 rss: 457Mb L: 541/825 MS: 1 EraseBytes-
#168763	REDUCE cov: 1358 ft: 4662 corp: 694/210Kb lim: 861 exec/s: 14063 rss: 457Mb L: 201/825 MS: 2 ChangeBit-EraseBytes-
#168772	REDUCE cov: 1358 ft: 4662 corp: 694/210Kb lim: 861 exec/s: 14064 rss: 457Mb L: 180/825 MS: 4 ManualDict-ChangeBit-ShuffleBytes-EraseBytes- DE: "sb       %[temp5],  0+2*"-
#168962	REDUCE cov: 1358 ft: 4662 corp: 694/210Kb lim: 861 exec/s: 14080 rss: 457Mb L: 537/825 MS: 5 ChangeBinInt-ShuffleBytes-InsertRepeatedBytes-InsertByte-EraseBytes-
#169195	REDUCE cov: 1358 ft: 4662 corp: 694/210Kb lim: 861 exec/s: 14099 rss: 457Mb L: 77/825 MS: 3 ShuffleBytes-ManualDict-EraseBytes- DE: "(b),[c]"-
#169366	REDUCE cov: 1358 ft: 4662 corp: 694/210Kb lim: 861 exec/s: 14113 rss: 457Mb L: 194/825 MS: 1 EraseBytes-
#169402	REDUCE cov: 1358 ft: 4662 corp: 694/210Kb lim: 861 exec/s: 14116 rss: 457Mb L: 172/825 MS: 1 EraseBytes-
#169766	REDUCE cov: 1358 ft: 4662 corp: 694/210Kb lim: 861 exec/s: 14147 rss: 457Mb L: 528/825 MS: 4 CrossOver-ChangeByte-ChangeASCIIInt-ManualDict- DE: "lbu     %[temp16],      0+"-
#170347	REDUCE cov: 1358 ft: 4662 corp: 694/210Kb lim: 861 exec/s: 14195 rss: 457Mb L: 404/825 MS: 1 EraseBytes-
#170820	REDUCE cov: 1358 ft: 4662 corp: 694/210Kb lim: 861 exec/s: 14235 rss: 457Mb L: 348/825 MS: 3 ChangeASCIIInt-ManualDict-EraseBytes- DE: "Into"-
#171144	REDUCE cov: 1358 ft: 4662 corp: 694/210Kb lim: 861 exec/s: 14262 rss: 457Mb L: 339/825 MS: 4 ChangeBit-ManualDict-ChangeBinInt-EraseBytes- DE: "lh      %[temp18],      "-
#171651	REDUCE cov: 1358 ft: 4662 corp: 694/210Kb lim: 861 exec/s: 14304 rss: 457Mb L: 179/825 MS: 2 ChangeASCIIInt-EraseBytes-
#171674	NEW    cov: 1358 ft: 4663 corp: 695/211Kb lim: 861 exec/s: 14306 rss: 457Mb L: 859/859 MS: 3 CopyPart-ChangeBit-InsertRepeatedBytes-
#172155	REDUCE cov: 1358 ft: 4663 corp: 695/211Kb lim: 861 exec/s: 14346 rss: 457Mb L: 32/859 MS: 1 EraseBytes-
#172231	REDUCE cov: 1358 ft: 4665 corp: 696/211Kb lim: 861 exec/s: 14352 rss: 457Mb L: 132/859 MS: 1 ChangeBit-
#172383	REDUCE cov: 1358 ft: 4665 corp: 696/211Kb lim: 861 exec/s: 14365 rss: 457Mb L: 25/859 MS: 2 CopyPart-EraseBytes-
#172390	REDUCE cov: 1358 ft: 4665 corp: 696/211Kb lim: 861 exec/s: 14365 rss: 457Mb L: 145/859 MS: 2 InsertByte-EraseBytes-
#174387	REDUCE cov: 1358 ft: 4665 corp: 696/211Kb lim: 879 exec/s: 14532 rss: 457Mb L: 322/859 MS: 2 PersAutoDict-EraseBytes- DE: "lbu     %[temp19],      3+"-
#174619	REDUCE cov: 1358 ft: 4665 corp: 696/211Kb lim: 879 exec/s: 14551 rss: 457Mb L: 127/859 MS: 2 CrossOver-EraseBytes-
#175008	NEW    cov: 1359 ft: 4666 corp: 697/211Kb lim: 879 exec/s: 14584 rss: 457Mb L: 244/859 MS: 4 ChangeBit-ShuffleBytes-InsertByte-PersAutoDict- DE: "\001\001"-
#175770	REDUCE cov: 1359 ft: 4666 corp: 697/211Kb lim: 879 exec/s: 14647 rss: 457Mb L: 245/859 MS: 2 CopyPart-EraseBytes-
#175887	REDUCE cov: 1359 ft: 4666 corp: 697/211Kb lim: 879 exec/s: 14657 rss: 457Mb L: 124/859 MS: 2 CopyPart-EraseBytes-
#176668	REDUCE cov: 1359 ft: 4666 corp: 697/211Kb lim: 879 exec/s: 14722 rss: 457Mb L: 340/859 MS: 1 EraseBytes-
#177394	REDUCE cov: 1359 ft: 4666 corp: 697/211Kb lim: 879 exec/s: 13645 rss: 457Mb L: 357/859 MS: 1 EraseBytes-
#177627	REDUCE cov: 1359 ft: 4666 corp: 697/211Kb lim: 879 exec/s: 13663 rss: 457Mb L: 166/859 MS: 3 ChangeBit-InsertByte-EraseBytes-
#179305	REDUCE cov: 1359 ft: 4666 corp: 697/211Kb lim: 888 exec/s: 13792 rss: 457Mb L: 23/859 MS: 3 ChangeBinInt-EraseBytes-CMP- DE: "Q\000\000\000\000\000\000\000"-
#180806	REDUCE cov: 1359 ft: 4666 corp: 697/211Kb lim: 897 exec/s: 13908 rss: 457Mb L: 143/859 MS: 1 EraseBytes-
#182217	REDUCE cov: 1359 ft: 4666 corp: 697/211Kb lim: 906 exec/s: 14016 rss: 457Mb L: 182/859 MS: 1 EraseBytes-
#183192	REDUCE cov: 1359 ft: 4666 corp: 697/211Kb lim: 915 exec/s: 14091 rss: 457Mb L: 125/859 MS: 5 ShuffleBytes-InsertRepeatedBytes-CrossOver-EraseBytes-CrossOver-
#183338	REDUCE cov: 1359 ft: 4666 corp: 697/211Kb lim: 915 exec/s: 14102 rss: 457Mb L: 531/859 MS: 1 EraseBytes-
#184045	REDUCE cov: 1359 ft: 4666 corp: 697/211Kb lim: 915 exec/s: 14157 rss: 457Mb L: 200/859 MS: 2 ChangeByte-EraseBytes-
#184112	REDUCE cov: 1359 ft: 4666 corp: 697/211Kb lim: 915 exec/s: 14162 rss: 457Mb L: 394/859 MS: 2 EraseBytes-CrossOver-
#184343	REDUCE cov: 1359 ft: 4666 corp: 697/211Kb lim: 915 exec/s: 14180 rss: 457Mb L: 144/859 MS: 1 EraseBytes-
#184720	REDUCE cov: 1359 ft: 4666 corp: 697/211Kb lim: 915 exec/s: 14209 rss: 457Mb L: 175/859 MS: 2 InsertByte-EraseBytes-
#184826	REDUCE cov: 1359 ft: 4666 corp: 697/211Kb lim: 915 exec/s: 14217 rss: 457Mb L: 176/859 MS: 1 EraseBytes-
#184899	REDUCE cov: 1359 ft: 4666 corp: 697/211Kb lim: 915 exec/s: 14223 rss: 457Mb L: 178/859 MS: 3 ChangeASCIIInt-ShuffleBytes-EraseBytes-
#184993	REDUCE cov: 1359 ft: 4666 corp: 697/211Kb lim: 915 exec/s: 14230 rss: 457Mb L: 714/859 MS: 4 EraseBytes-CrossOver-ShuffleBytes-ManualDict- DE: "lbu     %[temp4],    "-
	NEW_FUNC[1/1]: 0xaaaac7f1d640 in MapARGB_C /b/libwebp/src/dsp/lossless.c:384
#185794	NEW    cov: 1365 ft: 4672 corp: 698/211Kb lim: 915 exec/s: 14291 rss: 457Mb L: 34/859 MS: 1 ChangeBit-
#185835	REDUCE cov: 1365 ft: 4672 corp: 698/211Kb lim: 915 exec/s: 14295 rss: 457Mb L: 371/859 MS: 1 EraseBytes-
#187066	NEW    cov: 1365 ft: 4674 corp: 699/211Kb lim: 924 exec/s: 14389 rss: 459Mb L: 212/859 MS: 1 CMP- DE: "\377\377\377\377\377\377\377\003"-
#187409	REDUCE cov: 1365 ft: 4674 corp: 699/211Kb lim: 924 exec/s: 14416 rss: 459Mb L: 24/859 MS: 3 ChangeByte-ChangeBit-EraseBytes-
#188291	REDUCE cov: 1365 ft: 4676 corp: 700/211Kb lim: 924 exec/s: 14483 rss: 459Mb L: 122/859 MS: 2 ShuffleBytes-ChangeByte-
#189143	REDUCE cov: 1365 ft: 4676 corp: 700/211Kb lim: 924 exec/s: 14549 rss: 459Mb L: 221/859 MS: 2 ChangeBinInt-EraseBytes-
#189624	REDUCE cov: 1365 ft: 4676 corp: 700/211Kb lim: 924 exec/s: 14586 rss: 459Mb L: 196/859 MS: 1 EraseBytes-
#189816	REDUCE cov: 1365 ft: 4676 corp: 700/211Kb lim: 924 exec/s: 14601 rss: 459Mb L: 162/859 MS: 2 PersAutoDict-EraseBytes- DE: "addq.ph         %[temp8],     %["-
#190148	REDUCE cov: 1365 ft: 4676 corp: 700/211Kb lim: 924 exec/s: 14626 rss: 459Mb L: 197/859 MS: 2 ChangeByte-EraseBytes-
#190947	REDUCE cov: 1365 ft: 4676 corp: 700/211Kb lim: 924 exec/s: 14688 rss: 459Mb L: 235/859 MS: 4 PersAutoDict-ChangeBit-ChangeBinInt-EraseBytes- DE: "\377\377\377\377\377\377\377\015"-
#190962	REDUCE cov: 1365 ft: 4676 corp: 700/211Kb lim: 924 exec/s: 14689 rss: 459Mb L: 225/859 MS: 5 CrossOver-ChangeBit-ShuffleBytes-PersAutoDict-EraseBytes- DE: "VP8 "-
#191009	REDUCE cov: 1365 ft: 4676 corp: 700/211Kb lim: 924 exec/s: 14693 rss: 459Mb L: 345/859 MS: 2 ChangeASCIIInt-EraseBytes-
#191048	REDUCE cov: 1365 ft: 4676 corp: 700/211Kb lim: 924 exec/s: 14696 rss: 459Mb L: 141/859 MS: 4 CMP-PersAutoDict-InsertByte-EraseBytes- DE: "\010\000\000\000"-"[5]},"-
#191114	REDUCE cov: 1365 ft: 4676 corp: 700/211Kb lim: 924 exec/s: 14701 rss: 459Mb L: 312/859 MS: 1 EraseBytes-
#191137	REDUCE cov: 1365 ft: 4676 corp: 700/211Kb lim: 924 exec/s: 14702 rss: 459Mb L: 540/859 MS: 3 ChangeASCIIInt-ChangeBinInt-EraseBytes-
#191973	REDUCE cov: 1365 ft: 4676 corp: 700/211Kb lim: 924 exec/s: 14767 rss: 459Mb L: 198/859 MS: 1 EraseBytes-
#192046	REDUCE cov: 1365 ft: 4676 corp: 700/211Kb lim: 924 exec/s: 14772 rss: 459Mb L: 247/859 MS: 3 ChangeBinInt-ShuffleBytes-EraseBytes-
#192418	REDUCE cov: 1365 ft: 4676 corp: 700/211Kb lim: 924 exec/s: 14801 rss: 459Mb L: 44/859 MS: 2 ChangeBit-EraseBytes-
#193045	REDUCE cov: 1365 ft: 4676 corp: 700/211Kb lim: 924 exec/s: 13788 rss: 459Mb L: 137/859 MS: 2 CrossOver-EraseBytes-
#193951	REDUCE cov: 1365 ft: 4676 corp: 700/211Kb lim: 933 exec/s: 13853 rss: 459Mb L: 183/859 MS: 1 EraseBytes-
#194594	REDUCE cov: 1365 ft: 4676 corp: 700/211Kb lim: 933 exec/s: 13899 rss: 459Mb L: 206/859 MS: 3 ChangeByte-ChangeBit-EraseBytes-
#194735	NEW    cov: 1366 ft: 4677 corp: 701/211Kb lim: 933 exec/s: 13909 rss: 459Mb L: 164/859 MS: 1 ChangeBit-
#194762	REDUCE cov: 1366 ft: 4677 corp: 701/211Kb lim: 933 exec/s: 13911 rss: 459Mb L: 208/859 MS: 2 ChangeBinInt-EraseBytes-
#195407	REDUCE cov: 1366 ft: 4677 corp: 701/211Kb lim: 933 exec/s: 13957 rss: 459Mb L: 118/859 MS: 5 InsertByte-InsertByte-ShuffleBytes-ChangeBit-EraseBytes-
#196828	REDUCE cov: 1366 ft: 4677 corp: 701/211Kb lim: 942 exec/s: 14059 rss: 459Mb L: 79/859 MS: 1 CrossOver-
#197122	REDUCE cov: 1366 ft: 4677 corp: 701/211Kb lim: 942 exec/s: 14080 rss: 459Mb L: 762/825 MS: 4 CopyPart-ChangeByte-CopyPart-EraseBytes-
#197248	REDUCE cov: 1366 ft: 4677 corp: 701/211Kb lim: 942 exec/s: 14089 rss: 459Mb L: 289/825 MS: 1 EraseBytes-
#197535	REDUCE cov: 1366 ft: 4677 corp: 701/211Kb lim: 942 exec/s: 14109 rss: 459Mb L: 175/825 MS: 2 ChangeBinInt-EraseBytes-
#197588	REDUCE cov: 1366 ft: 4677 corp: 701/210Kb lim: 942 exec/s: 14113 rss: 459Mb L: 124/825 MS: 3 ChangeBit-ChangeBinInt-EraseBytes-
#197760	REDUCE cov: 1366 ft: 4677 corp: 701/210Kb lim: 942 exec/s: 14125 rss: 459Mb L: 195/825 MS: 2 ChangeBit-EraseBytes-
#198968	REDUCE cov: 1366 ft: 4677 corp: 701/210Kb lim: 951 exec/s: 14212 rss: 459Mb L: 211/825 MS: 3 EraseBytes-ChangeBit-InsertRepeatedBytes-
#199050	REDUCE cov: 1366 ft: 4678 corp: 702/211Kb lim: 951 exec/s: 14217 rss: 459Mb L: 193/825 MS: 2 InsertByte-ChangeBit-
#199292	REDUCE cov: 1366 ft: 4697 corp: 703/211Kb lim: 951 exec/s: 14235 rss: 459Mb L: 212/825 MS: 2 CrossOver-EraseBytes-
#199578	REDUCE cov: 1366 ft: 4697 corp: 703/211Kb lim: 951 exec/s: 14255 rss: 459Mb L: 347/825 MS: 1 EraseBytes-
#199841	NEW    cov: 1366 ft: 4710 corp: 704/211Kb lim: 951 exec/s: 14274 rss: 459Mb L: 234/825 MS: 3 ManualDict-PersAutoDict-ChangeByte- DE: "subqh.ph        %["-"ulw        %[temp2],  "-
#199982	REDUCE cov: 1366 ft: 4710 corp: 704/211Kb lim: 951 exec/s: 14284 rss: 459Mb L: 346/825 MS: 1 EraseBytes-
#200026	REDUCE cov: 1366 ft: 4710 corp: 704/211Kb lim: 951 exec/s: 14287 rss: 459Mb L: 222/825 MS: 4 CopyPart-ManualDict-EraseBytes-InsertRepeatedBytes- DE: "usw             %[temp0],   1*"-
#200194	REDUCE cov: 1366 ft: 4710 corp: 704/211Kb lim: 951 exec/s: 14299 rss: 459Mb L: 135/825 MS: 3 ChangeByte-CMP-EraseBytes- DE: "\000\000\000\007"-
#200360	REDUCE cov: 1366 ft: 4710 corp: 704/211Kb lim: 951 exec/s: 14311 rss: 459Mb L: 101/825 MS: 1 EraseBytes-
#200850	REDUCE cov: 1366 ft: 4711 corp: 705/211Kb lim: 951 exec/s: 14346 rss: 459Mb L: 257/825 MS: 5 InsertRepeatedBytes-CopyPart-ChangeBinInt-EraseBytes-EraseBytes-
#200922	REDUCE cov: 1366 ft: 4711 corp: 705/211Kb lim: 951 exec/s: 14351 rss: 459Mb L: 219/825 MS: 2 CrossOver-EraseBytes-
#201128	REDUCE cov: 1366 ft: 4711 corp: 705/211Kb lim: 951 exec/s: 14366 rss: 459Mb L: 167/825 MS: 1 EraseBytes-
#201265	REDUCE cov: 1366 ft: 4712 corp: 706/211Kb lim: 951 exec/s: 14376 rss: 459Mb L: 156/825 MS: 2 CMP-CopyPart- DE: "\000\000@\000"-
#201515	NEW    cov: 1366 ft: 4713 corp: 707/211Kb lim: 951 exec/s: 14393 rss: 459Mb L: 227/825 MS: 5 ManualDict-InsertByte-ChangeBit-InsertByte-CMP- DE: "(args), [kC1]"-"\031\011\000\000"-
#201826	REDUCE cov: 1366 ft: 4720 corp: 708/212Kb lim: 951 exec/s: 14416 rss: 459Mb L: 295/825 MS: 1 InsertRepeatedBytes-
#201903	REDUCE cov: 1366 ft: 4720 corp: 708/212Kb lim: 951 exec/s: 14421 rss: 459Mb L: 219/825 MS: 2 EraseBytes-ManualDict- DE: "src/dsp/mips_macro.h"-
#201933	REDUCE cov: 1366 ft: 4720 corp: 708/212Kb lim: 951 exec/s: 14423 rss: 459Mb L: 152/825 MS: 5 CrossOver-CrossOver-ChangeASCIIInt-ManualDict-CrossOver- DE: "usw    %["-
#201944	REDUCE cov: 1366 ft: 4720 corp: 708/212Kb lim: 951 exec/s: 14424 rss: 459Mb L: 41/825 MS: 1 EraseBytes-
#202031	REDUCE cov: 1366 ft: 4720 corp: 708/212Kb lim: 951 exec/s: 14430 rss: 459Mb L: 219/825 MS: 2 InsertRepeatedBytes-EraseBytes-
#202122	REDUCE cov: 1366 ft: 4720 corp: 708/212Kb lim: 951 exec/s: 14437 rss: 459Mb L: 27/825 MS: 1 EraseBytes-
#202239	REDUCE cov: 1366 ft: 4720 corp: 708/212Kb lim: 951 exec/s: 14445 rss: 459Mb L: 179/825 MS: 2 EraseBytes-CopyPart-
#202672	REDUCE cov: 1366 ft: 4720 corp: 708/212Kb lim: 951 exec/s: 14476 rss: 459Mb L: 137/825 MS: 3 CMP-InsertRepeatedBytes-CrossOver- DE: "\004\000"-
#202786	NEW    cov: 1366 ft: 4726 corp: 709/212Kb lim: 951 exec/s: 14484 rss: 459Mb L: 710/825 MS: 4 InsertByte-InsertByte-ChangeBit-PersAutoDict- DE: "s\002\000\000"-
#202859	NEW    cov: 1366 ft: 4730 corp: 710/212Kb lim: 951 exec/s: 14489 rss: 459Mb L: 213/825 MS: 3 ChangeASCIIInt-InsertByte-ChangeBit-
#203220	REDUCE cov: 1366 ft: 4730 corp: 710/212Kb lim: 951 exec/s: 14515 rss: 459Mb L: 140/825 MS: 1 EraseBytes-
#203333	NEW    cov: 1367 ft: 4733 corp: 711/213Kb lim: 951 exec/s: 14523 rss: 459Mb L: 398/825 MS: 3 InsertRepeatedBytes-InsertRepeatedBytes-InsertByte-
#203977	REDUCE cov: 1367 ft: 4733 corp: 711/213Kb lim: 951 exec/s: 14569 rss: 459Mb L: 124/825 MS: 4 InsertRepeatedBytes-ManualDict-ChangeASCIIInt-EraseBytes- DE: "subq.ph         %[temp8],     %["-
#204639	REDUCE cov: 1367 ft: 4733 corp: 711/213Kb lim: 951 exec/s: 14617 rss: 459Mb L: 228/825 MS: 2 EraseBytes-InsertRepeatedBytes-
#205082	REDUCE cov: 1367 ft: 4733 corp: 711/213Kb lim: 951 exec/s: 14648 rss: 459Mb L: 175/825 MS: 3 CopyPart-EraseBytes-EraseBytes-
#205464	REDUCE cov: 1367 ft: 4733 corp: 711/213Kb lim: 951 exec/s: 14676 rss: 459Mb L: 80/825 MS: 2 PersAutoDict-EraseBytes- DE: "lw     %["-
#205707	REDUCE cov: 1367 ft: 4734 corp: 712/213Kb lim: 951 exec/s: 13713 rss: 459Mb L: 384/825 MS: 3 InsertRepeatedBytes-ManualDict-CopyPart- DE: "sb               %[temp7],   "-
#205850	REDUCE cov: 1367 ft: 4734 corp: 712/213Kb lim: 951 exec/s: 13723 rss: 459Mb L: 129/825 MS: 3 ChangeASCIIInt-EraseBytes-ManualDict- DE: "VP8?nnnn"-
#206011	REDUCE cov: 1367 ft: 4734 corp: 712/213Kb lim: 951 exec/s: 13734 rss: 459Mb L: 153/825 MS: 1 EraseBytes-
	NEW_FUNC[1/1]: 0xaaaac7f14e2c in HorizontalUnfilter_NEON /b/libwebp/src/dsp/filters_neon.c:212
#206693	NEW    cov: 1375 ft: 4742 corp: 713/214Kb lim: 951 exec/s: 13779 rss: 459Mb L: 708/825 MS: 2 ManualDict-ChangeBinInt- DE: "src/dsp/mips_macro.h"-
#206886	REDUCE cov: 1375 ft: 4742 corp: 713/214Kb lim: 951 exec/s: 13792 rss: 459Mb L: 339/825 MS: 3 ChangeASCIIInt-EraseBytes-CopyPart-
#206959	REDUCE cov: 1375 ft: 4742 corp: 713/214Kb lim: 951 exec/s: 13797 rss: 459Mb L: 140/825 MS: 3 ShuffleBytes-ChangeASCIIInt-EraseBytes-
#208605	REDUCE cov: 1375 ft: 4742 corp: 713/214Kb lim: 960 exec/s: 13907 rss: 459Mb L: 184/825 MS: 1 EraseBytes-
#209626	NEW    cov: 1375 ft: 4744 corp: 714/214Kb lim: 969 exec/s: 13975 rss: 459Mb L: 344/825 MS: 1 InsertRepeatedBytes-
#209903	REDUCE cov: 1375 ft: 4745 corp: 715/214Kb lim: 969 exec/s: 13993 rss: 459Mb L: 238/825 MS: 2 ChangeASCIIInt-EraseBytes-
#209959	NEW    cov: 1375 ft: 4754 corp: 716/214Kb lim: 969 exec/s: 13997 rss: 459Mb L: 268/825 MS: 1 CopyPart-
#210530	REDUCE cov: 1375 ft: 4754 corp: 716/214Kb lim: 969 exec/s: 14035 rss: 459Mb L: 24/825 MS: 1 EraseBytes-
#210664	NEW    cov: 1375 ft: 4780 corp: 717/215Kb lim: 969 exec/s: 14044 rss: 459Mb L: 570/825 MS: 4 ShuffleBytes-ChangeASCIIInt-CrossOver-InsertRepeatedBytes-
#210947	REDUCE cov: 1375 ft: 4780 corp: 717/215Kb lim: 969 exec/s: 14063 rss: 459Mb L: 37/825 MS: 3 InsertByte-ChangeBit-EraseBytes-
#211185	NEW    cov: 1375 ft: 4782 corp: 718/216Kb lim: 969 exec/s: 14079 rss: 459Mb L: 574/825 MS: 3 ManualDict-ShuffleBytes-CMP- DE: "(pstreaks), [pcnts]"-"V\020\000\235"-
#211387	NEW    cov: 1375 ft: 4783 corp: 719/216Kb lim: 969 exec/s: 14092 rss: 459Mb L: 253/825 MS: 2 CMP-EraseBytes- DE: "\006\000"-
#211526	REDUCE cov: 1375 ft: 4783 corp: 719/216Kb lim: 969 exec/s: 14101 rss: 459Mb L: 229/825 MS: 4 ManualDict-InsertByte-ShuffleBytes-EraseBytes- DE: "((TOP)), [dst]"-
#211587	REDUCE cov: 1375 ft: 4788 corp: 720/216Kb lim: 969 exec/s: 14105 rss: 459Mb L: 110/825 MS: 1 ChangeBinInt-
#212098	REDUCE cov: 1375 ft: 4788 corp: 720/216Kb lim: 969 exec/s: 14139 rss: 459Mb L: 181/825 MS: 1 EraseBytes-
#212604	REDUCE cov: 1375 ft: 4788 corp: 720/216Kb lim: 969 exec/s: 14173 rss: 459Mb L: 192/825 MS: 1 EraseBytes-
#213073	NEW    cov: 1375 ft: 4791 corp: 721/216Kb lim: 969 exec/s: 14204 rss: 459Mb L: 574/825 MS: 4 ChangeByte-ShuffleBytes-PersAutoDict-ShuffleBytes- DE: "VP6X"-
#213510	REDUCE cov: 1375 ft: 4791 corp: 721/216Kb lim: 969 exec/s: 14234 rss: 459Mb L: 124/825 MS: 2 EraseBytes-ManualDict- DE: "(top), [dst]"-
#213881	REDUCE cov: 1375 ft: 4791 corp: 721/216Kb lim: 969 exec/s: 14258 rss: 459Mb L: 230/825 MS: 1 CrossOver-
#214097	REDUCE cov: 1375 ft: 4791 corp: 721/216Kb lim: 969 exec/s: 14273 rss: 459Mb L: 527/825 MS: 1 EraseBytes-
#215059	NEW    cov: 1375 ft: 4797 corp: 722/216Kb lim: 978 exec/s: 14337 rss: 459Mb L: 34/825 MS: 2 ChangeByte-ChangeBinInt-
#215250	REDUCE cov: 1375 ft: 4797 corp: 722/216Kb lim: 978 exec/s: 14350 rss: 459Mb L: 105/825 MS: 1 EraseBytes-
#215646	REDUCE cov: 1375 ft: 4797 corp: 722/216Kb lim: 978 exec/s: 14376 rss: 459Mb L: 537/825 MS: 1 CrossOver-
#216160	REDUCE cov: 1375 ft: 4797 corp: 722/216Kb lim: 978 exec/s: 14410 rss: 459Mb L: 111/825 MS: 4 ChangeByte-ChangeASCIIInt-InsertByte-EraseBytes-
#216296	REDUCE cov: 1375 ft: 4797 corp: 722/216Kb lim: 978 exec/s: 14419 rss: 459Mb L: 46/825 MS: 1 EraseBytes-
#216407	REDUCE cov: 1375 ft: 4797 corp: 722/216Kb lim: 978 exec/s: 14427 rss: 459Mb L: 85/825 MS: 1 EraseBytes-
#216638	REDUCE cov: 1375 ft: 4797 corp: 722/216Kb lim: 978 exec/s: 14442 rss: 459Mb L: 177/825 MS: 1 EraseBytes-
#216834	REDUCE cov: 1375 ft: 4797 corp: 722/216Kb lim: 978 exec/s: 14455 rss: 459Mb L: 207/825 MS: 1 EraseBytes-
#217577	NEW    cov: 1375 ft: 4805 corp: 723/216Kb lim: 978 exec/s: 14505 rss: 459Mb L: 223/825 MS: 3 ChangeByte-PersAutoDict-InsertByte- DE: "sh     %["-
#218141	REDUCE cov: 1375 ft: 4805 corp: 723/216Kb lim: 978 exec/s: 14542 rss: 459Mb L: 341/825 MS: 4 ChangeByte-ChangeBinInt-ChangeASCIIInt-EraseBytes-
#218697	REDUCE cov: 1375 ft: 4805 corp: 723/216Kb lim: 978 exec/s: 14579 rss: 459Mb L: 537/825 MS: 1 EraseBytes-
#219028	REDUCE cov: 1375 ft: 4805 corp: 723/216Kb lim: 978 exec/s: 14601 rss: 459Mb L: 37/825 MS: 1 EraseBytes-
#219029	REDUCE cov: 1375 ft: 4805 corp: 723/216Kb lim: 978 exec/s: 14601 rss: 459Mb L: 31/825 MS: 1 EraseBytes-
#220001	NEW    cov: 1376 ft: 4806 corp: 724/216Kb lim: 987 exec/s: 13750 rss: 459Mb L: 101/825 MS: 2 ShuffleBytes-InsertByte-
#220385	NEW    cov: 1376 ft: 4808 corp: 725/217Kb lim: 987 exec/s: 13774 rss: 459Mb L: 821/825 MS: 4 InsertRepeatedBytes-InsertByte-ManualDict-CrossOver- DE: "rotr            %["-
#220511	REDUCE cov: 1376 ft: 4808 corp: 725/217Kb lim: 987 exec/s: 13781 rss: 459Mb L: 185/825 MS: 1 EraseBytes-
#220642	REDUCE cov: 1376 ft: 4808 corp: 725/217Kb lim: 987 exec/s: 13790 rss: 459Mb L: 328/825 MS: 1 EraseBytes-
#220792	REDUCE cov: 1376 ft: 4808 corp: 725/217Kb lim: 987 exec/s: 13799 rss: 459Mb L: 128/825 MS: 5 ShuffleBytes-InsertRepeatedBytes-CopyPart-ChangeByte-EraseBytes-
#221135	NEW    cov: 1376 ft: 4809 corp: 726/218Kb lim: 987 exec/s: 13820 rss: 459Mb L: 946/946 MS: 3 ShuffleBytes-CrossOver-ManualDict- DE: "src/enc/vp8i_enc.h"-
#222747	REDUCE cov: 1376 ft: 4809 corp: 726/218Kb lim: 996 exec/s: 13921 rss: 459Mb L: 126/946 MS: 2 InsertByte-EraseBytes-
#222833	NEW    cov: 1376 ft: 4811 corp: 727/219Kb lim: 996 exec/s: 13927 rss: 459Mb L: 950/950 MS: 1 CMP- DE: "8Lev"-
#223199	REDUCE cov: 1376 ft: 4811 corp: 727/219Kb lim: 996 exec/s: 13949 rss: 459Mb L: 164/950 MS: 1 EraseBytes-
#223285	REDUCE cov: 1376 ft: 4811 corp: 727/219Kb lim: 996 exec/s: 13955 rss: 459Mb L: 185/950 MS: 1 EraseBytes-
#223481	REDUCE cov: 1376 ft: 4811 corp: 727/219Kb lim: 996 exec/s: 13967 rss: 459Mb L: 20/950 MS: 1 EraseBytes-
#223549	NEW    cov: 1376 ft: 4812 corp: 728/220Kb lim: 996 exec/s: 13971 rss: 459Mb L: 821/950 MS: 3 ChangeByte-ChangeASCIIInt-ChangeBinInt-
#224054	REDUCE cov: 1376 ft: 4812 corp: 728/220Kb lim: 996 exec/s: 14003 rss: 459Mb L: 316/950 MS: 5 ChangeBit-CopyPart-CrossOver-EraseBytes-InsertByte-
#224265	REDUCE cov: 1376 ft: 4812 corp: 728/220Kb lim: 996 exec/s: 14016 rss: 459Mb L: 171/950 MS: 1 EraseBytes-
#224304	NEW    cov: 1376 ft: 4813 corp: 729/221Kb lim: 996 exec/s: 14019 rss: 459Mb L: 825/950 MS: 4 ShuffleBytes-CMP-ChangeASCIIInt-CMP- DE: "!\000\000\000"-"\266LPH"-
#224325	REDUCE cov: 1377 ft: 4814 corp: 730/221Kb lim: 996 exec/s: 14020 rss: 459Mb L: 116/950 MS: 1 ChangeByte-
#224414	NEW    cov: 1377 ft: 4815 corp: 731/221Kb lim: 996 exec/s: 14025 rss: 459Mb L: 457/950 MS: 4 EraseBytes-CMP-CrossOver-ManualDict- DE: "\000\000"-"src/dsp/dsp.h"-
#224575	REDUCE cov: 1377 ft: 4815 corp: 731/221Kb lim: 996 exec/s: 14035 rss: 459Mb L: 217/950 MS: 1 EraseBytes-
#224742	REDUCE cov: 1377 ft: 4815 corp: 731/221Kb lim: 996 exec/s: 14046 rss: 459Mb L: 193/950 MS: 2 ChangeBit-EraseBytes-
#225131	REDUCE cov: 1377 ft: 4815 corp: 731/221Kb lim: 996 exec/s: 14070 rss: 459Mb L: 179/950 MS: 4 ShuffleBytes-ChangeASCIIInt-ManualDict-EraseBytes- DE: "lbu      %[temp8],  1+2*"-
#225363	NEW    cov: 1377 ft: 4816 corp: 732/222Kb lim: 996 exec/s: 14085 rss: 459Mb L: 826/950 MS: 2 CMP-InsertByte- DE: "WEB/"-
#225544	NEW    cov: 1377 ft: 4818 corp: 733/223Kb lim: 996 exec/s: 14096 rss: 459Mb L: 821/950 MS: 1 ChangeASCIIInt-
#225628	NEW    cov: 1377 ft: 4823 corp: 734/223Kb lim: 996 exec/s: 14101 rss: 459Mb L: 210/950 MS: 4 ChangeBit-EraseBytes-ManualDict-CopyPart- DE: "mul     %["-
#225630	REDUCE cov: 1377 ft: 4823 corp: 734/223Kb lim: 996 exec/s: 14101 rss: 459Mb L: 195/950 MS: 2 CopyPart-CrossOver-
#225719	NEW    cov: 1377 ft: 4824 corp: 735/223Kb lim: 996 exec/s: 14107 rss: 459Mb L: 691/950 MS: 4 ChangeASCIIInt-ChangeByte-CMP-CrossOver- DE: "GEBP"-
#225760	NEW    cov: 1377 ft: 4825 corp: 736/224Kb lim: 996 exec/s: 14110 rss: 459Mb L: 574/950 MS: 1 ChangeASCIIInt-
#226057	NEW    cov: 1377 ft: 4826 corp: 737/224Kb lim: 996 exec/s: 14128 rss: 459Mb L: 137/950 MS: 2 ChangeBinInt-ChangeBinInt-
#226064	REDUCE cov: 1377 ft: 4826 corp: 737/224Kb lim: 996 exec/s: 14129 rss: 459Mb L: 128/950 MS: 2 PersAutoDict-EraseBytes- DE: "WE\000\020"-
#226106	REDUCE cov: 1377 ft: 4826 corp: 737/224Kb lim: 996 exec/s: 14131 rss: 459Mb L: 165/950 MS: 2 InsertByte-EraseBytes-
#226730	REDUCE cov: 1377 ft: 4826 corp: 737/224Kb lim: 996 exec/s: 14170 rss: 459Mb L: 78/950 MS: 4 ChangeASCIIInt-ChangeBit-ChangeASCIIInt-EraseBytes-
#226756	NEW    cov: 1377 ft: 4828 corp: 738/224Kb lim: 996 exec/s: 14172 rss: 459Mb L: 210/950 MS: 1 ChangeASCIIInt-
#227557	NEW    cov: 1377 ft: 4829 corp: 739/225Kb lim: 996 exec/s: 14222 rss: 459Mb L: 332/950 MS: 1 ChangeBinInt-
#227765	NEW    cov: 1377 ft: 4830 corp: 740/225Kb lim: 996 exec/s: 14235 rss: 459Mb L: 316/950 MS: 3 InsertByte-ChangeBinInt-ManualDict- DE: "usw              %[temp3],  2*"-
#228366	NEW    cov: 1377 ft: 4835 corp: 741/225Kb lim: 996 exec/s: 14272 rss: 459Mb L: 180/950 MS: 1 ChangeBit-
#228674	REDUCE cov: 1377 ft: 4835 corp: 741/225Kb lim: 996 exec/s: 13451 rss: 459Mb L: 183/950 MS: 3 ChangeBinInt-ChangeByte-EraseBytes-
#229046	REDUCE cov: 1377 ft: 4837 corp: 742/226Kb lim: 996 exec/s: 13473 rss: 459Mb L: 450/950 MS: 2 InsertByte-InsertRepeatedBytes-
#229072	REDUCE cov: 1377 ft: 4837 corp: 742/226Kb lim: 996 exec/s: 13474 rss: 459Mb L: 87/950 MS: 1 EraseBytes-
#229983	REDUCE cov: 1377 ft: 4837 corp: 742/226Kb lim: 1005 exec/s: 13528 rss: 459Mb L: 137/950 MS: 1 EraseBytes-
#230155	REDUCE cov: 1377 ft: 4837 corp: 742/226Kb lim: 1005 exec/s: 13538 rss: 459Mb L: 18/950 MS: 2 ChangeBit-EraseBytes-
#231108	REDUCE cov: 1377 ft: 4840 corp: 743/226Kb lim: 1014 exec/s: 13594 rss: 459Mb L: 295/950 MS: 3 ChangeBinInt-InsertByte-InsertRepeatedBytes-
#231212	REDUCE cov: 1377 ft: 4840 corp: 743/226Kb lim: 1014 exec/s: 13600 rss: 459Mb L: 524/950 MS: 4 ShuffleBytes-ChangeByte-CopyPart-EraseBytes-
#231493	NEW    cov: 1377 ft: 4842 corp: 744/226Kb lim: 1014 exec/s: 13617 rss: 459Mb L: 106/950 MS: 1 ChangeASCIIInt-
#231525	REDUCE cov: 1377 ft: 4842 corp: 744/226Kb lim: 1014 exec/s: 13619 rss: 459Mb L: 649/950 MS: 2 ChangeByte-EraseBytes-
#231533	REDUCE cov: 1377 ft: 4842 corp: 744/226Kb lim: 1014 exec/s: 13619 rss: 459Mb L: 129/950 MS: 3 EraseBytes-ChangeBinInt-ManualDict- DE: "mul    %[temp18],    %["-
#232000	REDUCE cov: 1377 ft: 4842 corp: 744/226Kb lim: 1014 exec/s: 13647 rss: 459Mb L: 130/950 MS: 2 InsertRepeatedBytes-CrossOver-
#232089	REDUCE cov: 1377 ft: 4842 corp: 744/226Kb lim: 1014 exec/s: 13652 rss: 459Mb L: 177/950 MS: 4 PersAutoDict-CMP-ChangeASCIIInt-EraseBytes- DE: "\001\000\000\000\000\000\000\000"-"\024\000\000\000\000\000\000\000"-
#232090	REDUCE cov: 1377 ft: 4843 corp: 745/226Kb lim: 1014 exec/s: 13652 rss: 459Mb L: 316/950 MS: 1 CMP- DE: "\377\377\377\377\377\377-u"-
#232374	REDUCE cov: 1377 ft: 4843 corp: 745/226Kb lim: 1014 exec/s: 13669 rss: 459Mb L: 177/950 MS: 4 ChangeBit-CrossOver-CrossOver-EraseBytes-
#233183	REDUCE cov: 1377 ft: 4843 corp: 745/226Kb lim: 1014 exec/s: 13716 rss: 483Mb L: 822/950 MS: 4 EraseBytes-InsertByte-ShuffleBytes-CopyPart-
#233518	REDUCE cov: 1377 ft: 4843 corp: 745/226Kb lim: 1014 exec/s: 13736 rss: 483Mb L: 216/950 MS: 5 ChangeASCIIInt-InsertByte-PersAutoDict-CopyPart-EraseBytes- DE: "sb       %[temp16], 3+3*"-
#234335	REDUCE cov: 1377 ft: 4843 corp: 745/226Kb lim: 1014 exec/s: 13784 rss: 483Mb L: 14/950 MS: 2 ManualDict-EraseBytes- DE: " #a "-
#234865	REDUCE cov: 1377 ft: 4843 corp: 745/226Kb lim: 1014 exec/s: 13815 rss: 483Mb L: 235/950 MS: 5 ChangeBit-ChangeBit-ChangeASCIIInt-ChangeByte-EraseBytes-
#235538	NEW    cov: 1377 ft: 4844 corp: 746/226Kb lim: 1014 exec/s: 13855 rss: 483Mb L: 319/950 MS: 3 InsertByte-InsertByte-InsertByte-
#235614	REDUCE cov: 1377 ft: 4844 corp: 746/226Kb lim: 1014 exec/s: 13859 rss: 483Mb L: 122/950 MS: 1 EraseBytes-
#235661	NEW    cov: 1377 ft: 4864 corp: 747/227Kb lim: 1014 exec/s: 13862 rss: 483Mb L: 708/950 MS: 2 ChangeASCIIInt-ShuffleBytes-
#235822	REDUCE cov: 1377 ft: 4864 corp: 747/227Kb lim: 1014 exec/s: 13871 rss: 483Mb L: 44/950 MS: 1 EraseBytes-
#236388	REDUCE cov: 1377 ft: 4864 corp: 747/227Kb lim: 1014 exec/s: 13905 rss: 483Mb L: 181/950 MS: 1 EraseBytes-
#236691	NEW    cov: 1377 ft: 4865 corp: 748/228Kb lim: 1014 exec/s: 13923 rss: 483Mb L: 708/950 MS: 3 PersAutoDict-ChangeASCIIInt-PersAutoDict- DE: "subu            %[temp19],     %["-"\006\000\000\000"-
#236771	REDUCE cov: 1377 ft: 4865 corp: 748/228Kb lim: 1014 exec/s: 13927 rss: 483Mb L: 314/950 MS: 5 CopyPart-CopyPart-ChangeByte-PersAutoDict-EraseBytes- DE: "usw         %[temp3],     "-
#236938	REDUCE cov: 1377 ft: 4865 corp: 748/228Kb lim: 1014 exec/s: 13937 rss: 483Mb L: 332/950 MS: 2 EraseBytes-InsertRepeatedBytes-
#238840	NEW    cov: 1377 ft: 4866 corp: 749/228Kb lim: 1032 exec/s: 13268 rss: 483Mb L: 369/950 MS: 2 ManualDict-InsertRepeatedBytes- DE: "src/dsp/dsp.h"-
#239331	REDUCE cov: 1377 ft: 4866 corp: 749/228Kb lim: 1032 exec/s: 13296 rss: 483Mb L: 223/950 MS: 1 EraseBytes-
#239418	REDUCE cov: 1377 ft: 4866 corp: 749/228Kb lim: 1032 exec/s: 13301 rss: 483Mb L: 336/950 MS: 2 InsertByte-EraseBytes-
#239604	REDUCE cov: 1377 ft: 4866 corp: 749/228Kb lim: 1032 exec/s: 13311 rss: 483Mb L: 234/950 MS: 1 EraseBytes-
#240272	NEW    cov: 1377 ft: 4867 corp: 750/229Kb lim: 1032 exec/s: 13348 rss: 483Mb L: 708/950 MS: 3 ChangeASCIIInt-PersAutoDict-CopyPart- DE: "addu   %[temp16],    %["-
#240361	REDUCE cov: 1377 ft: 4867 corp: 750/229Kb lim: 1032 exec/s: 13353 rss: 483Mb L: 173/950 MS: 4 ShuffleBytes-ChangeByte-ChangeBit-EraseBytes-
#240493	REDUCE cov: 1377 ft: 4867 corp: 750/229Kb lim: 1032 exec/s: 13360 rss: 483Mb L: 194/950 MS: 2 CMP-EraseBytes- DE: "\224\001\000\000\000\000\000\000"-
#240966	REDUCE cov: 1377 ft: 4868 corp: 751/229Kb lim: 1032 exec/s: 13387 rss: 483Mb L: 282/950 MS: 3 ChangeASCIIInt-PersAutoDict-InsertRepeatedBytes- DE: "vabd.u8    q15,"-
#241837	REDUCE cov: 1377 ft: 4868 corp: 751/229Kb lim: 1032 exec/s: 13435 rss: 483Mb L: 165/950 MS: 1 EraseBytes-
#242688	REDUCE cov: 1377 ft: 4868 corp: 751/229Kb lim: 1032 exec/s: 13482 rss: 483Mb L: 132/950 MS: 1 EraseBytes-
#243815	REDUCE cov: 1377 ft: 4868 corp: 751/229Kb lim: 1042 exec/s: 13545 rss: 494Mb L: 724/950 MS: 2 ShuffleBytes-EraseBytes-
#244593	REDUCE cov: 1377 ft: 4868 corp: 751/229Kb lim: 1042 exec/s: 13588 rss: 494Mb L: 35/950 MS: 3 ChangeBit-ChangeBinInt-EraseBytes-
#245165	REDUCE cov: 1377 ft: 4868 corp: 751/229Kb lim: 1042 exec/s: 13620 rss: 494Mb L: 75/950 MS: 2 InsertByte-EraseBytes-
#245396	REDUCE cov: 1377 ft: 4868 corp: 751/229Kb lim: 1042 exec/s: 13633 rss: 494Mb L: 183/950 MS: 1 EraseBytes-
#245565	REDUCE cov: 1377 ft: 4869 corp: 752/229Kb lim: 1042 exec/s: 13642 rss: 494Mb L: 370/950 MS: 4 InsertRepeatedBytes-ChangeASCIIInt-ShuffleBytes-CrossOver-
#245616	NEW    cov: 1377 ft: 4878 corp: 753/229Kb lim: 1042 exec/s: 13645 rss: 494Mb L: 34/950 MS: 1 EraseBytes-
#246412	NEW    cov: 1377 ft: 4879 corp: 754/229Kb lim: 1042 exec/s: 13689 rss: 494Mb L: 132/950 MS: 1 ShuffleBytes-
#246638	REDUCE cov: 1377 ft: 4879 corp: 754/229Kb lim: 1042 exec/s: 13702 rss: 494Mb L: 190/950 MS: 1 EraseBytes-
#247240	REDUCE cov: 1377 ft: 4879 corp: 754/229Kb lim: 1042 exec/s: 13735 rss: 494Mb L: 13/950 MS: 2 ShuffleBytes-EraseBytes-
#247751	REDUCE cov: 1377 ft: 4879 corp: 754/229Kb lim: 1042 exec/s: 13763 rss: 494Mb L: 158/950 MS: 1 EraseBytes-
#248007	REDUCE cov: 1377 ft: 4879 corp: 754/229Kb lim: 1042 exec/s: 13778 rss: 494Mb L: 147/950 MS: 1 EraseBytes-
#248233	REDUCE cov: 1377 ft: 4879 corp: 754/229Kb lim: 1042 exec/s: 13790 rss: 494Mb L: 150/950 MS: 1 EraseBytes-
#248544	REDUCE cov: 1377 ft: 4879 corp: 754/229Kb lim: 1042 exec/s: 13808 rss: 494Mb L: 175/950 MS: 1 EraseBytes-
#249560	REDUCE cov: 1377 ft: 4879 corp: 754/229Kb lim: 1052 exec/s: 13864 rss: 494Mb L: 124/950 MS: 1 EraseBytes-
#249780	NEW    cov: 1377 ft: 4881 corp: 755/230Kb lim: 1052 exec/s: 13876 rss: 494Mb L: 710/950 MS: 5 PersAutoDict-ChangeByte-CrossOver-ChangeBinInt-CMP- DE: "VP8Xnnnn"-"\032\362"-
#249861	NEW    cov: 1377 ft: 4882 corp: 756/230Kb lim: 1052 exec/s: 13881 rss: 494Mb L: 369/950 MS: 1 ChangeBit-
#249952	REDUCE cov: 1377 ft: 4882 corp: 756/230Kb lim: 1052 exec/s: 13886 rss: 494Mb L: 164/950 MS: 1 EraseBytes-
#250426	REDUCE cov: 1377 ft: 4882 corp: 756/230Kb lim: 1052 exec/s: 13180 rss: 494Mb L: 271/950 MS: 4 ChangeBit-ChangeBinInt-InsertByte-EraseBytes-
#251008	REDUCE cov: 1377 ft: 4882 corp: 756/230Kb lim: 1052 exec/s: 13210 rss: 494Mb L: 220/950 MS: 2 CMP-EraseBytes- DE: "\011\000\000\000"-
#251025	REDUCE cov: 1377 ft: 4882 corp: 756/230Kb lim: 1052 exec/s: 13211 rss: 494Mb L: 131/950 MS: 2 ChangeByte-EraseBytes-
#251407	REDUCE cov: 1377 ft: 4883 corp: 757/230Kb lim: 1052 exec/s: 13231 rss: 494Mb L: 193/950 MS: 2 CopyPart-ShuffleBytes-
#251438	REDUCE cov: 1377 ft: 4883 corp: 757/230Kb lim: 1052 exec/s: 13233 rss: 494Mb L: 164/950 MS: 1 EraseBytes-
#251595	REDUCE cov: 1377 ft: 4883 corp: 757/230Kb lim: 1052 exec/s: 13241 rss: 494Mb L: 108/950 MS: 2 EraseBytes-CMP- DE: "U\000\000\000\000\000\000\000"-
#252397	REDUCE cov: 1377 ft: 4883 corp: 757/230Kb lim: 1052 exec/s: 13284 rss: 494Mb L: 809/950 MS: 2 InsertRepeatedBytes-EraseBytes-
#253033	REDUCE cov: 1377 ft: 4883 corp: 757/230Kb lim: 1052 exec/s: 13317 rss: 494Mb L: 176/950 MS: 1 EraseBytes-
#253184	REDUCE cov: 1377 ft: 4884 corp: 758/230Kb lim: 1052 exec/s: 13325 rss: 494Mb L: 106/950 MS: 1 ChangeASCIIInt-
#253432	REDUCE cov: 1377 ft: 4884 corp: 758/230Kb lim: 1052 exec/s: 13338 rss: 494Mb L: 619/950 MS: 3 PersAutoDict-ShuffleBytes-EraseBytes- DE: "subqh.ph        %["-
#254343	NEW    cov: 1377 ft: 4885 corp: 759/231Kb lim: 1052 exec/s: 13386 rss: 494Mb L: 106/950 MS: 1 ChangeASCIIInt-
#254603	REDUCE cov: 1377 ft: 4886 corp: 760/231Kb lim: 1052 exec/s: 13400 rss: 494Mb L: 966/966 MS: 5 CrossOver-PersAutoDict-InsertByte-ManualDict-InsertRepeatedBytes- DE: "ulw        %[temp2],  "-"usw             %[temp3],   0*"-
#254717	REDUCE cov: 1377 ft: 4886 corp: 760/231Kb lim: 1052 exec/s: 13406 rss: 494Mb L: 111/966 MS: 4 ChangeByte-CMP-ChangeBit-EraseBytes- DE: " \000\000\000\000\000\000\000"-
#255423	NEW    cov: 1377 ft: 4887 corp: 761/232Kb lim: 1052 exec/s: 13443 rss: 494Mb L: 285/966 MS: 1 ChangeByte-
#255924	REDUCE cov: 1377 ft: 4887 corp: 761/232Kb lim: 1052 exec/s: 13469 rss: 494Mb L: 216/966 MS: 1 EraseBytes-
#256040	REDUCE cov: 1377 ft: 4887 corp: 761/232Kb lim: 1052 exec/s: 13475 rss: 494Mb L: 135/966 MS: 1 EraseBytes-
#256456	REDUCE cov: 1377 ft: 4887 corp: 761/232Kb lim: 1052 exec/s: 13497 rss: 494Mb L: 26/966 MS: 1 EraseBytes-
#257132	REDUCE cov: 1377 ft: 4887 corp: 761/232Kb lim: 1052 exec/s: 13533 rss: 494Mb L: 146/966 MS: 1 EraseBytes-
#257154	REDUCE cov: 1377 ft: 4887 corp: 761/232Kb lim: 1052 exec/s: 13534 rss: 494Mb L: 531/966 MS: 2 EraseBytes-CopyPart-
#257672	REDUCE cov: 1377 ft: 4887 corp: 761/232Kb lim: 1052 exec/s: 13561 rss: 494Mb L: 690/966 MS: 3 ChangeByte-EraseBytes-InsertRepeatedBytes-
#258141	REDUCE cov: 1377 ft: 4887 corp: 761/232Kb lim: 1052 exec/s: 13586 rss: 494Mb L: 146/966 MS: 4 CMP-ChangeBinInt-CopyPart-EraseBytes- DE: "\023\000"-
#258406	REDUCE cov: 1377 ft: 4887 corp: 761/232Kb lim: 1052 exec/s: 13600 rss: 494Mb L: 529/966 MS: 5 CMP-ChangeByte-ChangeBit-ShuffleBytes-EraseBytes- DE: "\245\001\014\231"-
#258984	REDUCE cov: 1377 ft: 4888 corp: 762/232Kb lim: 1052 exec/s: 13630 rss: 494Mb L: 322/966 MS: 3 ChangeBinInt-CMP-ChangeBinInt- DE: "\250\000\000\000\000\000\000\000"-
#259171	NEW    cov: 1377 ft: 4892 corp: 763/232Kb lim: 1052 exec/s: 13640 rss: 494Mb L: 480/966 MS: 2 InsertByte-PersAutoDict- DE: "(x_stride), [fx_scale]"-
#259352	REDUCE cov: 1377 ft: 4892 corp: 763/232Kb lim: 1052 exec/s: 13650 rss: 494Mb L: 185/966 MS: 1 EraseBytes-
#259814	REDUCE cov: 1377 ft: 4892 corp: 763/232Kb lim: 1052 exec/s: 13674 rss: 494Mb L: 750/950 MS: 2 CrossOver-EraseBytes-
#260195	REDUCE cov: 1377 ft: 4892 corp: 763/232Kb lim: 1052 exec/s: 13694 rss: 494Mb L: 129/950 MS: 1 EraseBytes-
#260725	REDUCE cov: 1377 ft: 4892 corp: 763/232Kb lim: 1052 exec/s: 13036 rss: 494Mb L: 485/950 MS: 5 CrossOver-InsertByte-ChangeBinInt-ChangeByte-EraseBytes-
#260818	REDUCE cov: 1377 ft: 4892 corp: 763/232Kb lim: 1052 exec/s: 13040 rss: 494Mb L: 181/950 MS: 3 EraseBytes-ChangeBinInt-CrossOver-
#261796	NEW    cov: 1377 ft: 4893 corp: 764/232Kb lim: 1052 exec/s: 13089 rss: 494Mb L: 296/950 MS: 3 ChangeBinInt-ChangeByte-InsertByte-
#261875	REDUCE cov: 1377 ft: 4896 corp: 765/233Kb lim: 1052 exec/s: 13093 rss: 494Mb L: 359/950 MS: 4 CMP-ShuffleBytes-ChangeBit-InsertRepeatedBytes- DE: "\000\000\000\000\000\000\000r"-
#262144	pulse  cov: 1377 ft: 4896 corp: 765/233Kb lim: 1052 exec/s: 13107 rss: 494Mb
#262690	NEW    cov: 1377 ft: 4897 corp: 766/233Kb lim: 1052 exec/s: 13134 rss: 494Mb L: 469/950 MS: 5 ManualDict-InsertByte-InsertByte-ManualDict-EraseBytes- DE: "sb       %[temp8],  1+2*"-"(gtb), [mask]"-
#262773	REDUCE cov: 1377 ft: 4897 corp: 766/233Kb lim: 1052 exec/s: 13138 rss: 494Mb L: 137/950 MS: 3 ChangeBinInt-ChangeBit-EraseBytes-
#263024	REDUCE cov: 1377 ft: 4897 corp: 766/233Kb lim: 1052 exec/s: 13151 rss: 494Mb L: 284/950 MS: 1 EraseBytes-
#263444	REDUCE cov: 1377 ft: 4897 corp: 766/233Kb lim: 1052 exec/s: 13172 rss: 494Mb L: 125/950 MS: 5 ChangeBinInt-ShuffleBytes-CopyPart-CMP-EraseBytes- DE: "\000\000\000\000\000\000\000q"-
#263611	REDUCE cov: 1377 ft: 4897 corp: 766/233Kb lim: 1052 exec/s: 13180 rss: 494Mb L: 330/950 MS: 2 ManualDict-EraseBytes- DE: "sb       %[temp8],  1+3*"-
#264192	REDUCE cov: 1377 ft: 4897 corp: 766/233Kb lim: 1052 exec/s: 13209 rss: 494Mb L: 186/950 MS: 1 EraseBytes-
#264301	REDUCE cov: 1377 ft: 4897 corp: 766/233Kb lim: 1052 exec/s: 13215 rss: 494Mb L: 162/950 MS: 4 ChangeBinInt-ChangeBinInt-PersAutoDict-EraseBytes- DE: "lw           %[temp2],       "-
#264528	NEW    cov: 1377 ft: 4904 corp: 767/234Kb lim: 1052 exec/s: 13226 rss: 494Mb L: 968/968 MS: 2 InsertRepeatedBytes-InsertRepeatedBytes-
#266090	REDUCE cov: 1377 ft: 4904 corp: 767/234Kb lim: 1062 exec/s: 13304 rss: 494Mb L: 241/968 MS: 2 ChangeBinInt-EraseBytes-
#266286	REDUCE cov: 1377 ft: 4904 corp: 767/234Kb lim: 1062 exec/s: 13314 rss: 494Mb L: 213/968 MS: 1 EraseBytes-
#266702	REDUCE cov: 1377 ft: 4904 corp: 767/234Kb lim: 1062 exec/s: 13335 rss: 494Mb L: 135/968 MS: 1 EraseBytes-
#267278	REDUCE cov: 1377 ft: 4904 corp: 767/234Kb lim: 1062 exec/s: 13363 rss: 494Mb L: 40/968 MS: 1 EraseBytes-
#267331	NEW    cov: 1377 ft: 4905 corp: 768/234Kb lim: 1062 exec/s: 13366 rss: 494Mb L: 118/968 MS: 3 CMP-CopyPart-ChangeBit- DE: "\377\377\377\036"-
#267729	REDUCE cov: 1377 ft: 4905 corp: 768/234Kb lim: 1062 exec/s: 13386 rss: 494Mb L: 120/968 MS: 3 ChangeByte-ChangeBit-EraseBytes-
#267850	NEW    cov: 1377 ft: 4925 corp: 769/234Kb lim: 1062 exec/s: 13392 rss: 494Mb L: 446/968 MS: 1 CopyPart-
#268407	REDUCE cov: 1377 ft: 4925 corp: 769/234Kb lim: 1062 exec/s: 13420 rss: 494Mb L: 206/968 MS: 2 PersAutoDict-EraseBytes- DE: "usw              %[temp4],   3*"-
#268590	REDUCE cov: 1377 ft: 4925 corp: 769/234Kb lim: 1062 exec/s: 13429 rss: 494Mb L: 154/968 MS: 3 PersAutoDict-CrossOver-EraseBytes- DE: "preceu.ph.qbl   %["-
#268760	REDUCE cov: 1377 ft: 4925 corp: 769/234Kb lim: 1062 exec/s: 13438 rss: 494Mb L: 642/950 MS: 5 CopyPart-ChangeASCIIInt-CopyPart-CopyPart-EraseBytes-
#269168	REDUCE cov: 1377 ft: 4925 corp: 769/234Kb lim: 1062 exec/s: 13458 rss: 494Mb L: 377/950 MS: 3 EraseBytes-ChangeByte-InsertRepeatedBytes-
#269454	REDUCE cov: 1377 ft: 4936 corp: 770/234Kb lim: 1062 exec/s: 12831 rss: 494Mb L: 777/950 MS: 1 CopyPart-
#270295	REDUCE cov: 1377 ft: 4936 corp: 770/234Kb lim: 1062 exec/s: 12871 rss: 494Mb L: 129/950 MS: 1 EraseBytes-
#270326	REDUCE cov: 1377 ft: 4936 corp: 770/234Kb lim: 1062 exec/s: 12872 rss: 494Mb L: 173/950 MS: 1 EraseBytes-
#270489	NEW    cov: 1377 ft: 4942 corp: 771/235Kb lim: 1062 exec/s: 12880 rss: 494Mb L: 440/950 MS: 3 ChangeBit-InsertByte-InsertRepeatedBytes-
#270739	REDUCE cov: 1377 ft: 4942 corp: 771/235Kb lim: 1062 exec/s: 12892 rss: 494Mb L: 182/950 MS: 5 ChangeByte-CopyPart-ChangeBit-EraseBytes-EraseBytes-
#271156	REDUCE cov: 1377 ft: 4942 corp: 771/235Kb lim: 1062 exec/s: 12912 rss: 494Mb L: 176/950 MS: 2 CopyPart-EraseBytes-
#271217	REDUCE cov: 1377 ft: 4942 corp: 771/235Kb lim: 1062 exec/s: 12915 rss: 494Mb L: 110/950 MS: 1 EraseBytes-
#271289	REDUCE cov: 1377 ft: 4943 corp: 772/235Kb lim: 1062 exec/s: 12918 rss: 494Mb L: 715/950 MS: 2 InsertByte-InsertRepeatedBytes-
#271764	REDUCE cov: 1377 ft: 4943 corp: 772/235Kb lim: 1062 exec/s: 12941 rss: 494Mb L: 132/950 MS: 5 CMP-ChangeBinInt-InsertRepeatedBytes-ChangeBinInt-EraseBytes- DE: "g\000\000\000\000\000\000\000"-
#271765	REDUCE cov: 1377 ft: 4943 corp: 772/235Kb lim: 1062 exec/s: 12941 rss: 494Mb L: 225/950 MS: 1 EraseBytes-
#272121	REDUCE cov: 1377 ft: 4943 corp: 772/235Kb lim: 1062 exec/s: 12958 rss: 494Mb L: 272/950 MS: 1 EraseBytes-
#272525	NEW    cov: 1377 ft: 4944 corp: 773/236Kb lim: 1062 exec/s: 12977 rss: 494Mb L: 414/950 MS: 4 PersAutoDict-ChangeASCIIInt-EraseBytes-CrossOver- DE: "(u), [v]"-
#272537	REDUCE cov: 1377 ft: 4944 corp: 773/236Kb lim: 1062 exec/s: 12977 rss: 494Mb L: 373/950 MS: 2 ChangeBit-EraseBytes-
#273509	REDUCE cov: 1377 ft: 4944 corp: 773/236Kb lim: 1062 exec/s: 13024 rss: 494Mb L: 165/950 MS: 2 ChangeBinInt-EraseBytes-
#274780	REDUCE cov: 1377 ft: 4944 corp: 773/236Kb lim: 1072 exec/s: 13084 rss: 494Mb L: 644/950 MS: 1 EraseBytes-
#275028	REDUCE cov: 1377 ft: 4944 corp: 773/236Kb lim: 1072 exec/s: 13096 rss: 494Mb L: 524/950 MS: 3 EraseBytes-ChangeBit-ManualDict- DE: "src/webp/types.h"-
#275364	REDUCE cov: 1377 ft: 4944 corp: 773/236Kb lim: 1072 exec/s: 13112 rss: 494Mb L: 48/950 MS: 1 EraseBytes-
#275920	REDUCE cov: 1377 ft: 4944 corp: 773/236Kb lim: 1072 exec/s: 13139 rss: 494Mb L: 410/950 MS: 1 EraseBytes-
#276236	REDUCE cov: 1377 ft: 4944 corp: 773/236Kb lim: 1072 exec/s: 13154 rss: 520Mb L: 75/950 MS: 1 EraseBytes-
#277462	REDUCE cov: 1377 ft: 4944 corp: 773/236Kb lim: 1082 exec/s: 13212 rss: 520Mb L: 124/950 MS: 1 EraseBytes-
#277468	REDUCE cov: 1377 ft: 4944 corp: 773/236Kb lim: 1082 exec/s: 13212 rss: 520Mb L: 174/950 MS: 1 EraseBytes-
#277831	REDUCE cov: 1377 ft: 4944 corp: 773/236Kb lim: 1082 exec/s: 12628 rss: 520Mb L: 179/950 MS: 3 PersAutoDict-ChangeBit-EraseBytes- DE: "lw     %[temp1],  "-
#278535	REDUCE cov: 1377 ft: 4944 corp: 773/236Kb lim: 1082 exec/s: 12660 rss: 520Mb L: 527/950 MS: 4 CopyPart-EraseBytes-InsertByte-EraseBytes-
#278655	REDUCE cov: 1377 ft: 4945 corp: 774/236Kb lim: 1082 exec/s: 12666 rss: 520Mb L: 418/950 MS: 5 InsertRepeatedBytes-CopyPart-ChangeByte-ChangeBinInt-ChangeBit-
#278746	REDUCE cov: 1377 ft: 4945 corp: 774/236Kb lim: 1082 exec/s: 12670 rss: 520Mb L: 882/946 MS: 1 EraseBytes-
#279739	NEW    cov: 1377 ft: 4947 corp: 775/237Kb lim: 1082 exec/s: 12715 rss: 520Mb L: 716/946 MS: 3 CMP-ChangeByte-ChangeBinInt- DE: "\011\000\000\000\000\000\000\000"-
#280235	REDUCE cov: 1377 ft: 4948 corp: 776/237Kb lim: 1082 exec/s: 12737 rss: 520Mb L: 214/946 MS: 1 CopyPart-
#280506	REDUCE cov: 1377 ft: 4948 corp: 776/237Kb lim: 1082 exec/s: 12750 rss: 520Mb L: 230/946 MS: 1 EraseBytes-
#280552	NEW    cov: 1377 ft: 4949 corp: 777/237Kb lim: 1082 exec/s: 12752 rss: 520Mb L: 288/946 MS: 1 ChangeBit-
#280937	REDUCE cov: 1377 ft: 4949 corp: 777/237Kb lim: 1082 exec/s: 12769 rss: 520Mb L: 524/946 MS: 5 CrossOver-ChangeByte-ManualDict-ManualDict-PersAutoDict- DE: " #SRC "-"addu    %["-"+&r"-
#281088	REDUCE cov: 1377 ft: 4949 corp: 777/237Kb lim: 1082 exec/s: 12776 rss: 520Mb L: 185/946 MS: 1 EraseBytes-
#281314	REDUCE cov: 1377 ft: 4949 corp: 777/237Kb lim: 1082 exec/s: 12787 rss: 520Mb L: 745/946 MS: 1 EraseBytes-
#281433	REDUCE cov: 1377 ft: 4949 corp: 777/237Kb lim: 1082 exec/s: 12792 rss: 520Mb L: 106/946 MS: 4 PersAutoDict-EraseBytes-InsertByte-InsertByte- DE: "ulw    %[temp0], "-
#281721	REDUCE cov: 1377 ft: 4949 corp: 777/237Kb lim: 1082 exec/s: 12805 rss: 520Mb L: 322/946 MS: 3 ShuffleBytes-ManualDict-EraseBytes- DE: "(u), [v]"-
#281949	NEW    cov: 1377 ft: 4950 corp: 778/238Kb lim: 1082 exec/s: 12815 rss: 520Mb L: 708/946 MS: 3 CopyPart-ChangeASCIIInt-ChangeBit-
#281991	REDUCE cov: 1377 ft: 4950 corp: 778/237Kb lim: 1082 exec/s: 12817 rss: 520Mb L: 171/946 MS: 2 ManualDict-EraseBytes- DE: "sb       %[temp11], 2+1*"-
#282377	REDUCE cov: 1377 ft: 4950 corp: 778/237Kb lim: 1082 exec/s: 12835 rss: 520Mb L: 35/946 MS: 1 EraseBytes-
#282869	REDUCE cov: 1377 ft: 4950 corp: 778/237Kb lim: 1082 exec/s: 12857 rss: 520Mb L: 140/946 MS: 2 ManualDict-EraseBytes- DE: "(temp7), [yscale]"-
#282921	REDUCE cov: 1377 ft: 4950 corp: 778/237Kb lim: 1082 exec/s: 12860 rss: 520Mb L: 55/946 MS: 2 ChangeBinInt-EraseBytes-
#284105	REDUCE cov: 1377 ft: 4950 corp: 778/237Kb lim: 1092 exec/s: 12913 rss: 520Mb L: 266/946 MS: 4 PersAutoDict-CopyPart-ChangeBit-EraseBytes- DE: "\377\377\377\377\377\377\377s"-
#284723	REDUCE cov: 1377 ft: 4950 corp: 778/237Kb lim: 1092 exec/s: 12379 rss: 520Mb L: 22/946 MS: 3 PersAutoDict-ChangeByte-EraseBytes- DE: "=D"-
#284839	REDUCE cov: 1377 ft: 4951 corp: 779/238Kb lim: 1092 exec/s: 12384 rss: 520Mb L: 218/946 MS: 1 EraseBytes-
#285320	REDUCE cov: 1377 ft: 4951 corp: 779/238Kb lim: 1092 exec/s: 12405 rss: 520Mb L: 356/946 MS: 1 EraseBytes-
#285918	NEW    cov: 1377 ft: 4952 corp: 780/238Kb lim: 1092 exec/s: 12431 rss: 520Mb L: 446/946 MS: 3 InsertByte-InsertByte-CMP- DE: "\001\000\000\024"-
#286148	NEW    cov: 1377 ft: 4964 corp: 781/239Kb lim: 1092 exec/s: 12441 rss: 520Mb L: 451/946 MS: 5 ManualDict-ManualDict-PersAutoDict-ManualDict-InsertRepeatedBytes- DE: "Bad code word"-"usw    %[temp7], "-"addu   %[temp20],    %["-"src/dsp/common_sse41.h"-
#286240	NEW    cov: 1377 ft: 4965 corp: 782/239Kb lim: 1092 exec/s: 12445 rss: 520Mb L: 258/946 MS: 2 InsertRepeatedBytes-ChangeByte-
#286276	REDUCE cov: 1377 ft: 4965 corp: 782/239Kb lim: 1092 exec/s: 12446 rss: 520Mb L: 525/946 MS: 1 EraseBytes-
#286972	REDUCE cov: 1377 ft: 4965 corp: 782/239Kb lim: 1092 exec/s: 12477 rss: 520Mb L: 179/946 MS: 1 EraseBytes-
#287013	REDUCE cov: 1377 ft: 4965 corp: 782/239Kb lim: 1092 exec/s: 12478 rss: 520Mb L: 32/946 MS: 1 EraseBytes-
#287266	REDUCE cov: 1377 ft: 4968 corp: 783/239Kb lim: 1092 exec/s: 12489 rss: 520Mb L: 380/946 MS: 3 ChangeASCIIInt-ChangeBinInt-EraseBytes-
#288282	REDUCE cov: 1377 ft: 4968 corp: 783/239Kb lim: 1102 exec/s: 12534 rss: 520Mb L: 137/946 MS: 1 EraseBytes-
#288318	NEW    cov: 1377 ft: 4972 corp: 784/239Kb lim: 1102 exec/s: 12535 rss: 520Mb L: 34/946 MS: 1 ChangeBinInt-
#288349	REDUCE cov: 1377 ft: 4972 corp: 784/239Kb lim: 1102 exec/s: 12536 rss: 520Mb L: 240/946 MS: 1 EraseBytes-
#288392	REDUCE cov: 1377 ft: 4972 corp: 784/239Kb lim: 1102 exec/s: 12538 rss: 520Mb L: 146/946 MS: 3 ChangeByte-EraseBytes-CopyPart-
#288624	REDUCE cov: 1377 ft: 4972 corp: 784/239Kb lim: 1102 exec/s: 12548 rss: 520Mb L: 140/946 MS: 2 CopyPart-EraseBytes-
#289293	REDUCE cov: 1377 ft: 4972 corp: 784/239Kb lim: 1102 exec/s: 12577 rss: 520Mb L: 37/946 MS: 4 CrossOver-ChangeBit-InsertRepeatedBytes-EraseBytes-
#290554	REDUCE cov: 1377 ft: 4972 corp: 784/239Kb lim: 1112 exec/s: 12632 rss: 520Mb L: 405/946 MS: 1 EraseBytes-
#290654	REDUCE cov: 1377 ft: 4975 corp: 785/240Kb lim: 1112 exec/s: 12637 rss: 520Mb L: 623/946 MS: 5 ChangeASCIIInt-CrossOver-InsertByte-InsertRepeatedBytes-ShuffleBytes-
#291270	REDUCE cov: 1377 ft: 4975 corp: 785/240Kb lim: 1112 exec/s: 12663 rss: 520Mb L: 25/946 MS: 1 EraseBytes-
#291288	REDUCE cov: 1377 ft: 4975 corp: 785/240Kb lim: 1112 exec/s: 12664 rss: 520Mb L: 248/946 MS: 3 ShuffleBytes-CrossOver-EraseBytes-
#291775	NEW    cov: 1377 ft: 4977 corp: 786/240Kb lim: 1112 exec/s: 12685 rss: 520Mb L: 723/946 MS: 2 ChangeByte-CMP- DE: "S\000\000\000\000\000\000\000"-
#292311	REDUCE cov: 1377 ft: 4977 corp: 786/240Kb lim: 1112 exec/s: 12179 rss: 520Mb L: 111/946 MS: 1 EraseBytes-
#293337	REDUCE cov: 1377 ft: 4977 corp: 786/240Kb lim: 1122 exec/s: 12222 rss: 520Mb L: 131/946 MS: 1 EraseBytes-
#293405	REDUCE cov: 1377 ft: 4978 corp: 787/240Kb lim: 1122 exec/s: 12225 rss: 520Mb L: 219/946 MS: 3 InsertRepeatedBytes-ManualDict-InsertByte- DE: "[0], "-
#293563	REDUCE cov: 1377 ft: 4978 corp: 787/240Kb lim: 1122 exec/s: 12231 rss: 520Mb L: 181/946 MS: 3 ManualDict-EraseBytes-CopyPart- DE: "lbu      %[temp16], 3+3*"-
#294623	REDUCE cov: 1377 ft: 4979 corp: 788/241Kb lim: 1132 exec/s: 12275 rss: 520Mb L: 338/946 MS: 5 CopyPart-CMP-ChangeByte-ChangeASCIIInt-ManualDict- DE: "\000\000\000\354"-"],  %[temp20],    %["-
#294699	REDUCE cov: 1377 ft: 4979 corp: 788/241Kb lim: 1132 exec/s: 12279 rss: 520Mb L: 42/946 MS: 1 EraseBytes-
#295113	REDUCE cov: 1377 ft: 4979 corp: 788/241Kb lim: 1132 exec/s: 12296 rss: 520Mb L: 441/946 MS: 4 ChangeByte-ShuffleBytes-CopyPart-EraseBytes-
#295354	REDUCE cov: 1377 ft: 4979 corp: 788/240Kb lim: 1132 exec/s: 12306 rss: 520Mb L: 80/946 MS: 1 EraseBytes-
#295590	REDUCE cov: 1377 ft: 4981 corp: 789/241Kb lim: 1132 exec/s: 12316 rss: 520Mb L: 762/946 MS: 1 CMP- DE: "\000\000\000\014"-
#295659	REDUCE cov: 1377 ft: 4981 corp: 789/241Kb lim: 1132 exec/s: 12319 rss: 520Mb L: 351/946 MS: 4 ChangeByte-ChangeBit-ChangeByte-EraseBytes-
#295676	REDUCE cov: 1377 ft: 4981 corp: 789/241Kb lim: 1132 exec/s: 12319 rss: 520Mb L: 112/946 MS: 2 PersAutoDict-EraseBytes- DE: "usw             %[temp0],   1*"-
#295783	REDUCE cov: 1377 ft: 4981 corp: 789/241Kb lim: 1132 exec/s: 12324 rss: 520Mb L: 134/946 MS: 2 CrossOver-EraseBytes-
#295872	REDUCE cov: 1377 ft: 4981 corp: 789/241Kb lim: 1132 exec/s: 12328 rss: 520Mb L: 826/882 MS: 4 ChangeBinInt-ChangeBit-ChangeByte-EraseBytes-
#296028	REDUCE cov: 1377 ft: 4981 corp: 789/241Kb lim: 1132 exec/s: 12334 rss: 520Mb L: 317/882 MS: 1 EraseBytes-
#296316	REDUCE cov: 1377 ft: 4981 corp: 789/241Kb lim: 1132 exec/s: 12346 rss: 520Mb L: 440/882 MS: 3 PersAutoDict-ChangeASCIIInt-EraseBytes- DE: "(ppin), [pout]"-
#296367	REDUCE cov: 1377 ft: 4981 corp: 789/241Kb lim: 1132 exec/s: 12348 rss: 520Mb L: 360/882 MS: 1 EraseBytes-
#296494	REDUCE cov: 1377 ft: 4981 corp: 789/241Kb lim: 1132 exec/s: 12353 rss: 520Mb L: 126/882 MS: 2 ShuffleBytes-EraseBytes-
#296495	NEW    cov: 1377 ft: 4986 corp: 790/242Kb lim: 1132 exec/s: 12353 rss: 520Mb L: 861/882 MS: 1 InsertRepeatedBytes-
#297287	REDUCE cov: 1377 ft: 4986 corp: 790/241Kb lim: 1132 exec/s: 12386 rss: 520Mb L: 418/882 MS: 2 ChangeByte-EraseBytes-
#297849	REDUCE cov: 1377 ft: 4986 corp: 790/241Kb lim: 1132 exec/s: 12410 rss: 520Mb L: 545/882 MS: 2 CopyPart-EraseBytes-
#299123	REDUCE cov: 1377 ft: 4986 corp: 790/241Kb lim: 1142 exec/s: 11964 rss: 520Mb L: 176/882 MS: 4 CrossOver-InsertRepeatedBytes-ChangeByte-EraseBytes-
#299384	REDUCE cov: 1377 ft: 4986 corp: 790/241Kb lim: 1142 exec/s: 11975 rss: 520Mb L: 124/882 MS: 1 EraseBytes-
#299755	REDUCE cov: 1377 ft: 4986 corp: 790/241Kb lim: 1142 exec/s: 11990 rss: 520Mb L: 405/882 MS: 1 EraseBytes-
#300328	NEW    cov: 1377 ft: 4989 corp: 791/241Kb lim: 1142 exec/s: 12013 rss: 520Mb L: 61/882 MS: 3 InsertByte-ChangeByte-CrossOver-
#301417	NEW    cov: 1377 ft: 4990 corp: 792/242Kb lim: 1152 exec/s: 12056 rss: 520Mb L: 350/882 MS: 4 InsertRepeatedBytes-ChangeASCIIInt-InsertRepeatedBytes-ChangeBit-
#302334	NEW    cov: 1377 ft: 4995 corp: 793/242Kb lim: 1152 exec/s: 12093 rss: 520Mb L: 350/882 MS: 2 CrossOver-ChangeByte-
#302435	NEW    cov: 1378 ft: 4996 corp: 794/242Kb lim: 1152 exec/s: 12097 rss: 520Mb L: 176/882 MS: 1 CMP- DE: "\377\377\377\377"-
#303311	NEW    cov: 1378 ft: 4998 corp: 795/243Kb lim: 1152 exec/s: 12132 rss: 520Mb L: 380/882 MS: 1 ChangeByte-
#304453	REDUCE cov: 1378 ft: 4998 corp: 795/243Kb lim: 1162 exec/s: 12178 rss: 520Mb L: 297/882 MS: 2 ShuffleBytes-EraseBytes-
#304594	REDUCE cov: 1378 ft: 4998 corp: 795/243Kb lim: 1162 exec/s: 12183 rss: 520Mb L: 36/882 MS: 1 EraseBytes-
#306085	REDUCE cov: 1378 ft: 4998 corp: 795/243Kb lim: 1172 exec/s: 12243 rss: 520Mb L: 128/882 MS: 1 EraseBytes-
#306142	REDUCE cov: 1378 ft: 4998 corp: 795/243Kb lim: 1172 exec/s: 12245 rss: 520Mb L: 108/882 MS: 2 InsertRepeatedBytes-EraseBytes-
#306354	REDUCE cov: 1378 ft: 4998 corp: 795/242Kb lim: 1172 exec/s: 12254 rss: 520Mb L: 155/882 MS: 2 ShuffleBytes-EraseBytes-
#306680	REDUCE cov: 1378 ft: 4998 corp: 795/242Kb lim: 1172 exec/s: 12267 rss: 520Mb L: 338/882 MS: 1 EraseBytes-
#307641	REDUCE cov: 1378 ft: 4998 corp: 795/242Kb lim: 1172 exec/s: 11832 rss: 520Mb L: 34/882 MS: 1 EraseBytes-
#308253	NEW    cov: 1378 ft: 5012 corp: 796/243Kb lim: 1172 exec/s: 11855 rss: 520Mb L: 317/882 MS: 2 ChangeBinInt-InsertRepeatedBytes-
#308700	NEW    cov: 1378 ft: 5013 corp: 797/243Kb lim: 1172 exec/s: 11873 rss: 520Mb L: 715/882 MS: 2 ChangeASCIIInt-ChangeBit-
#308779	REDUCE cov: 1378 ft: 5013 corp: 797/243Kb lim: 1172 exec/s: 11876 rss: 520Mb L: 403/882 MS: 4 PersAutoDict-ChangeBinInt-ChangeBinInt-EraseBytes- DE: "\377\377\377\377\377\377\377i"-
#309199	REDUCE cov: 1378 ft: 5013 corp: 797/243Kb lim: 1172 exec/s: 11892 rss: 520Mb L: 129/882 MS: 5 InsertRepeatedBytes-PersAutoDict-PersAutoDict-InsertByte-EraseBytes- DE: "(v), [y]"-"ulw    %[temp0], "-
#309305	REDUCE cov: 1378 ft: 5013 corp: 797/243Kb lim: 1172 exec/s: 11896 rss: 520Mb L: 117/882 MS: 1 EraseBytes-
#309312	REDUCE cov: 1378 ft: 5013 corp: 797/243Kb lim: 1172 exec/s: 11896 rss: 520Mb L: 430/882 MS: 2 InsertRepeatedBytes-EraseBytes-
#309654	REDUCE cov: 1378 ft: 5013 corp: 797/243Kb lim: 1172 exec/s: 11909 rss: 520Mb L: 346/882 MS: 2 ChangeByte-EraseBytes-
#309720	REDUCE cov: 1378 ft: 5014 corp: 798/244Kb lim: 1172 exec/s: 11912 rss: 520Mb L: 360/882 MS: 1 ChangeByte-
#309836	REDUCE cov: 1378 ft: 5014 corp: 798/244Kb lim: 1172 exec/s: 11916 rss: 520Mb L: 386/882 MS: 1 EraseBytes-
#311757	REDUCE cov: 1378 ft: 5014 corp: 798/244Kb lim: 1182 exec/s: 11990 rss: 520Mb L: 788/882 MS: 1 EraseBytes-
#313068	REDUCE cov: 1378 ft: 5014 corp: 798/244Kb lim: 1192 exec/s: 12041 rss: 520Mb L: 429/882 MS: 1 EraseBytes-
#313413	REDUCE cov: 1378 ft: 5014 corp: 798/244Kb lim: 1192 exec/s: 12054 rss: 520Mb L: 324/882 MS: 5 EraseBytes-CMP-ChangeBinInt-ChangeByte-InsertRepeatedBytes- DE: "\377\377\377\217"-
#314975	REDUCE cov: 1378 ft: 5014 corp: 798/244Kb lim: 1202 exec/s: 11665 rss: 520Mb L: 365/882 MS: 2 ChangeByte-EraseBytes-
#315041	REDUCE cov: 1378 ft: 5014 corp: 798/244Kb lim: 1202 exec/s: 11668 rss: 520Mb L: 334/882 MS: 1 EraseBytes-
#315084	NEW    cov: 1378 ft: 5015 corp: 799/245Kb lim: 1202 exec/s: 11669 rss: 520Mb L: 1121/1121 MS: 3 CopyPart-CopyPart-CrossOver-
#315133	NEW    cov: 1378 ft: 5032 corp: 800/245Kb lim: 1202 exec/s: 11671 rss: 520Mb L: 501/1121 MS: 4 CrossOver-ChangeBinInt-InsertByte-CMP- DE: "\215&"-
#315583	REDUCE cov: 1378 ft: 5032 corp: 800/245Kb lim: 1202 exec/s: 11688 rss: 520Mb L: 895/895 MS: 5 ChangeBinInt-ShuffleBytes-InsertByte-ChangeBinInt-EraseBytes-
#315665	REDUCE cov: 1378 ft: 5032 corp: 800/245Kb lim: 1202 exec/s: 11691 rss: 520Mb L: 212/895 MS: 2 PersAutoDict-EraseBytes- DE: "(args), [kC1]"-
#315794	REDUCE cov: 1378 ft: 5032 corp: 800/245Kb lim: 1202 exec/s: 11696 rss: 520Mb L: 205/895 MS: 4 CMP-CMP-ShuffleBytes-CrossOver- DE: "\377\377\377\377\377\377\377\272"-"\252\257\306\273"-
#316318	REDUCE cov: 1378 ft: 5034 corp: 801/246Kb lim: 1202 exec/s: 11715 rss: 520Mb L: 1193/1193 MS: 4 PersAutoDict-PersAutoDict-ShuffleBytes-CopyPart- DE: "sll    %["-"\000\000\000\000\000\000\000\020"-
#316694	REDUCE cov: 1378 ft: 5034 corp: 801/246Kb lim: 1202 exec/s: 11729 rss: 520Mb L: 721/1193 MS: 1 EraseBytes-
#316810	REDUCE cov: 1378 ft: 5034 corp: 801/246Kb lim: 1202 exec/s: 11733 rss: 520Mb L: 165/1193 MS: 1 EraseBytes-
#316811	NEW    cov: 1378 ft: 5071 corp: 802/247Kb lim: 1202 exec/s: 11733 rss: 520Mb L: 822/1193 MS: 1 CopyPart-
#316958	REDUCE cov: 1378 ft: 5071 corp: 802/247Kb lim: 1202 exec/s: 11739 rss: 520Mb L: 716/1193 MS: 2 ShuffleBytes-EraseBytes-
#317000	REDUCE cov: 1378 ft: 5071 corp: 802/247Kb lim: 1202 exec/s: 11740 rss: 520Mb L: 59/1193 MS: 2 InsertByte-EraseBytes-
#317017	REDUCE cov: 1378 ft: 5072 corp: 803/247Kb lim: 1202 exec/s: 11741 rss: 520Mb L: 721/1193 MS: 2 ManualDict-ChangeByte- DE: "sh          %[level],     "-
#318109	REDUCE cov: 1378 ft: 5072 corp: 803/247Kb lim: 1212 exec/s: 11781 rss: 520Mb L: 83/1193 MS: 2 ChangeBit-EraseBytes-
#318167	REDUCE cov: 1378 ft: 5072 corp: 803/247Kb lim: 1212 exec/s: 11783 rss: 520Mb L: 274/1193 MS: 3 InsertByte-ShuffleBytes-EraseBytes-
#318717	NEW    cov: 1378 ft: 5079 corp: 804/248Kb lim: 1212 exec/s: 11804 rss: 520Mb L: 1152/1193 MS: 5 CopyPart-InsertByte-CMP-ChangeBinInt-ManualDict- DE: "\000\000\000\011"-" #o "-
#319150	REDUCE cov: 1378 ft: 5079 corp: 804/248Kb lim: 1212 exec/s: 11820 rss: 520Mb L: 294/1193 MS: 3 CopyPart-ChangeByte-EraseBytes-
#319334	REDUCE cov: 1378 ft: 5079 corp: 804/248Kb lim: 1212 exec/s: 11827 rss: 520Mb L: 222/1193 MS: 4 CMP-ChangeASCIIInt-ShuffleBytes-EraseBytes- DE: "VIFF"-
#319340	REDUCE cov: 1378 ft: 5079 corp: 804/248Kb lim: 1212 exec/s: 11827 rss: 520Mb L: 281/1193 MS: 1 EraseBytes-
#319411	REDUCE cov: 1378 ft: 5079 corp: 804/248Kb lim: 1212 exec/s: 11830 rss: 520Mb L: 762/1193 MS: 1 EraseBytes-
#319562	REDUCE cov: 1378 ft: 5079 corp: 804/248Kb lim: 1212 exec/s: 11835 rss: 520Mb L: 98/1193 MS: 1 EraseBytes-
#320021	REDUCE cov: 1378 ft: 5079 corp: 804/248Kb lim: 1212 exec/s: 11852 rss: 520Mb L: 176/1193 MS: 4 InsertRepeatedBytes-PersAutoDict-ChangeBinInt-EraseBytes- DE: "VP8Xnnnn"-
#320079	NEW    cov: 1378 ft: 5081 corp: 805/248Kb lim: 1212 exec/s: 11854 rss: 520Mb L: 727/1193 MS: 3 PersAutoDict-ShuffleBytes-ChangeBinInt- DE: "ulw    %[temp0], "-
#320178	REDUCE cov: 1378 ft: 5081 corp: 805/248Kb lim: 1212 exec/s: 11858 rss: 520Mb L: 734/1193 MS: 4 ManualDict-ChangeBit-CrossOver-CrossOver- DE: "vst2.8   {"-
#320224	REDUCE cov: 1378 ft: 5081 corp: 805/248Kb lim: 1212 exec/s: 11860 rss: 520Mb L: 497/1193 MS: 1 CrossOver-
#320422	REDUCE cov: 1378 ft: 5081 corp: 805/248Kb lim: 1212 exec/s: 11867 rss: 520Mb L: 108/1193 MS: 3 ChangeBit-ManualDict-EraseBytes- DE: "addq.ph         %[temp9],     %["-
#320868	REDUCE cov: 1378 ft: 5081 corp: 805/248Kb lim: 1212 exec/s: 11884 rss: 520Mb L: 713/1193 MS: 1 EraseBytes-
#321498	REDUCE cov: 1378 ft: 5082 corp: 806/249Kb lim: 1212 exec/s: 11907 rss: 520Mb L: 937/1193 MS: 5 ChangeByte-PersAutoDict-ChangeBinInt-ShuffleBytes-CopyPart- DE: "(temp7), [temp6]"-
#321525	REDUCE cov: 1378 ft: 5082 corp: 806/249Kb lim: 1212 exec/s: 11908 rss: 520Mb L: 374/1193 MS: 2 ChangeBit-EraseBytes-
#322224	NEW    cov: 1378 ft: 5083 corp: 807/250Kb lim: 1212 exec/s: 11934 rss: 520Mb L: 618/1193 MS: 4 ManualDict-ShuffleBytes-EraseBytes-InsertRepeatedBytes- DE: "(loop_c), [x_stride1]"-
#322228	REDUCE cov: 1378 ft: 5083 corp: 807/250Kb lim: 1212 exec/s: 11934 rss: 520Mb L: 179/1193 MS: 4 ChangeBit-ChangeByte-ChangeBinInt-EraseBytes-
#322396	REDUCE cov: 1378 ft: 5083 corp: 807/250Kb lim: 1212 exec/s: 11940 rss: 520Mb L: 697/1193 MS: 3 InsertRepeatedBytes-ShuffleBytes-EraseBytes-
#322432	REDUCE cov: 1378 ft: 5083 corp: 807/250Kb lim: 1212 exec/s: 11941 rss: 520Mb L: 144/1193 MS: 1 EraseBytes-
#322805	REDUCE cov: 1378 ft: 5083 corp: 807/250Kb lim: 1212 exec/s: 11955 rss: 520Mb L: 136/1193 MS: 3 InsertRepeatedBytes-EraseBytes-ManualDict- DE: "lbu      %[temp5],  0+1*"-
#323824	REDUCE cov: 1378 ft: 5083 corp: 807/250Kb lim: 1222 exec/s: 11993 rss: 520Mb L: 65/1193 MS: 4 PersAutoDict-CMP-ShuffleBytes-EraseBytes- DE: "\000\000\000\011"-"VP\000\000"-
#324326	REDUCE cov: 1378 ft: 5083 corp: 807/250Kb lim: 1222 exec/s: 12012 rss: 520Mb L: 228/1193 MS: 2 ChangeBit-EraseBytes-
#324686	REDUCE cov: 1378 ft: 5083 corp: 807/250Kb lim: 1222 exec/s: 11595 rss: 520Mb L: 156/1193 MS: 5 ChangeBinInt-EraseBytes-PersAutoDict-ChangeByte-EraseBytes- DE: "(b), [w]"-
#327309	REDUCE cov: 1378 ft: 5083 corp: 807/250Kb lim: 1242 exec/s: 11689 rss: 520Mb L: 141/1193 MS: 3 ChangeBinInt-EraseBytes-CMP- DE: "\011\000"-
#327996	REDUCE cov: 1378 ft: 5083 corp: 807/250Kb lim: 1242 exec/s: 11714 rss: 520Mb L: 858/1193 MS: 2 ChangeByte-EraseBytes-
#328027	NEW    cov: 1378 ft: 5085 corp: 808/250Kb lim: 1242 exec/s: 11715 rss: 520Mb L: 34/1193 MS: 1 CrossOver-
#328120	REDUCE cov: 1378 ft: 5085 corp: 808/250Kb lim: 1242 exec/s: 11718 rss: 520Mb L: 202/1193 MS: 3 InsertRepeatedBytes-ChangeBit-EraseBytes-
#328331	REDUCE cov: 1378 ft: 5085 corp: 808/249Kb lim: 1242 exec/s: 11726 rss: 520Mb L: 743/1193 MS: 1 EraseBytes-
#328824	REDUCE cov: 1378 ft: 5085 corp: 808/249Kb lim: 1242 exec/s: 11743 rss: 520Mb L: 425/1193 MS: 3 CopyPart-EraseBytes-CrossOver-
#329120	REDUCE cov: 1380 ft: 5087 corp: 809/249Kb lim: 1242 exec/s: 11754 rss: 520Mb L: 33/1193 MS: 1 EraseBytes-
#329632	REDUCE cov: 1380 ft: 5088 corp: 810/250Kb lim: 1242 exec/s: 11772 rss: 551Mb L: 634/1193 MS: 2 CMP-CrossOver- DE: "\376\000"-
#330065	REDUCE cov: 1380 ft: 5088 corp: 810/250Kb lim: 1242 exec/s: 11788 rss: 551Mb L: 198/1193 MS: 3 ChangeBit-CopyPart-EraseBytes-
#330151	REDUCE cov: 1380 ft: 5088 corp: 810/250Kb lim: 1242 exec/s: 11791 rss: 551Mb L: 379/1193 MS: 1 EraseBytes-
#330403	NEW    cov: 1380 ft: 5089 corp: 811/251Kb lim: 1242 exec/s: 11800 rss: 551Mb L: 685/1193 MS: 2 InsertRepeatedBytes-CMP- DE: "\000\000\000\202"-
#330669	NEW    cov: 1380 ft: 5090 corp: 812/251Kb lim: 1242 exec/s: 11809 rss: 551Mb L: 618/1193 MS: 1 ChangeBit-
#330892	REDUCE cov: 1380 ft: 5090 corp: 812/251Kb lim: 1242 exec/s: 11817 rss: 551Mb L: 536/1193 MS: 3 CrossOver-CMP-CrossOver- DE: "\000\000\000\000"-
#332392	REDUCE cov: 1380 ft: 5091 corp: 813/251Kb lim: 1252 exec/s: 11461 rss: 551Mb L: 188/1193 MS: 5 ChangeBit-ManualDict-ChangeBinInt-PersAutoDict-CMP- DE: "addiu   %["-"Into"-"\007\000\000\000"-
#332514	REDUCE cov: 1380 ft: 5091 corp: 813/251Kb lim: 1252 exec/s: 11466 rss: 551Mb L: 177/1193 MS: 2 EraseBytes-ManualDict- DE: " #o "-
#332900	REDUCE cov: 1380 ft: 5091 corp: 813/251Kb lim: 1252 exec/s: 11479 rss: 551Mb L: 214/1193 MS: 1 EraseBytes-
#332921	REDUCE cov: 1380 ft: 5091 corp: 813/251Kb lim: 1252 exec/s: 11480 rss: 551Mb L: 305/1193 MS: 1 EraseBytes-
#333642	REDUCE cov: 1380 ft: 5091 corp: 813/251Kb lim: 1252 exec/s: 11504 rss: 551Mb L: 265/1193 MS: 1 CrossOver-
#333744	REDUCE cov: 1380 ft: 5091 corp: 813/251Kb lim: 1252 exec/s: 11508 rss: 551Mb L: 283/1193 MS: 2 ShuffleBytes-EraseBytes-
#334307	REDUCE cov: 1380 ft: 5091 corp: 813/251Kb lim: 1252 exec/s: 11527 rss: 551Mb L: 289/1193 MS: 3 ChangeByte-InsertByte-EraseBytes-
#334598	REDUCE cov: 1380 ft: 5091 corp: 813/251Kb lim: 1252 exec/s: 11537 rss: 551Mb L: 209/1193 MS: 1 EraseBytes-
#334613	REDUCE cov: 1380 ft: 5091 corp: 813/251Kb lim: 1252 exec/s: 11538 rss: 551Mb L: 332/1193 MS: 5 CrossOver-CMP-ChangeByte-EraseBytes-InsertRepeatedBytes- DE: "\000\000\000\000\000\000\000\003"-
#335104	REDUCE cov: 1380 ft: 5091 corp: 813/251Kb lim: 1252 exec/s: 11555 rss: 551Mb L: 139/1193 MS: 1 EraseBytes-
#335372	NEW    cov: 1380 ft: 5093 corp: 814/252Kb lim: 1252 exec/s: 11564 rss: 551Mb L: 308/1193 MS: 3 ChangeBit-CrossOver-ChangeBinInt-
#335620	REDUCE cov: 1380 ft: 5093 corp: 814/252Kb lim: 1252 exec/s: 11573 rss: 551Mb L: 27/1193 MS: 3 CopyPart-EraseBytes-ManualDict- DE: "[3],"-
#336096	REDUCE cov: 1380 ft: 5093 corp: 814/251Kb lim: 1252 exec/s: 11589 rss: 551Mb L: 416/1193 MS: 1 EraseBytes-
#336104	REDUCE cov: 1380 ft: 5093 corp: 814/251Kb lim: 1252 exec/s: 11589 rss: 551Mb L: 244/1193 MS: 3 EraseBytes-InsertRepeatedBytes-ChangeBinInt-
#336176	REDUCE cov: 1380 ft: 5093 corp: 814/251Kb lim: 1252 exec/s: 11592 rss: 551Mb L: 109/1193 MS: 2 EraseBytes-ManualDict- DE: "slt     %[temp17],      %["-
#337227	REDUCE cov: 1380 ft: 5093 corp: 814/251Kb lim: 1262 exec/s: 11240 rss: 551Mb L: 182/1193 MS: 1 EraseBytes-
#337888	REDUCE cov: 1380 ft: 5093 corp: 814/251Kb lim: 1262 exec/s: 11262 rss: 551Mb L: 136/1193 MS: 1 EraseBytes-
#338670	REDUCE cov: 1380 ft: 5094 corp: 815/252Kb lim: 1262 exec/s: 11289 rss: 551Mb L: 317/1193 MS: 2 ShuffleBytes-CrossOver-
#339177	REDUCE cov: 1380 ft: 5094 corp: 815/252Kb lim: 1262 exec/s: 11305 rss: 551Mb L: 135/1193 MS: 2 ManualDict-EraseBytes- DE: "usw             %[temp4],   3*"-
#339551	REDUCE cov: 1380 ft: 5094 corp: 815/252Kb lim: 1262 exec/s: 11318 rss: 551Mb L: 632/1193 MS: 4 InsertRepeatedBytes-ChangeBit-InsertByte-EraseBytes-
#339752	REDUCE cov: 1380 ft: 5094 corp: 815/251Kb lim: 1262 exec/s: 11325 rss: 551Mb L: 570/1193 MS: 1 EraseBytes-
#340288	REDUCE cov: 1380 ft: 5094 corp: 815/251Kb lim: 1262 exec/s: 11342 rss: 551Mb L: 284/1193 MS: 1 EraseBytes-
#341008	REDUCE cov: 1380 ft: 5094 corp: 815/251Kb lim: 1262 exec/s: 11366 rss: 551Mb L: 151/1193 MS: 5 PersAutoDict-EraseBytes-ManualDict-ChangeBit-CMP- DE: "\376\000"-"no memory during frame initialization."-"\377\377\377\000"-
#341042	REDUCE cov: 1380 ft: 5095 corp: 816/252Kb lim: 1262 exec/s: 11368 rss: 551Mb L: 451/1193 MS: 4 ChangeBinInt-ChangeBit-ChangeBit-InsertRepeatedBytes-
#341090	REDUCE cov: 1380 ft: 5095 corp: 816/252Kb lim: 1262 exec/s: 11369 rss: 551Mb L: 593/1193 MS: 3 ManualDict-CopyPart-EraseBytes- DE: "sb       %[temp18], 1+0*"-
#341270	REDUCE cov: 1380 ft: 5095 corp: 816/252Kb lim: 1262 exec/s: 11375 rss: 551Mb L: 194/1193 MS: 5 ManualDict-PersAutoDict-ShuffleBytes-ChangeBit-EraseBytes- DE: "preceu.ph.qbr   %["-"addu    %["-
#343026	REDUCE cov: 1380 ft: 5095 corp: 816/252Kb lim: 1272 exec/s: 11434 rss: 551Mb L: 166/1193 MS: 1 EraseBytes-
#343081	REDUCE cov: 1380 ft: 5096 corp: 817/252Kb lim: 1272 exec/s: 11436 rss: 551Mb L: 644/1193 MS: 5 ChangeByte-ChangeBit-ChangeBinInt-ChangeASCIIInt-CopyPart-
#343480	REDUCE cov: 1380 ft: 5096 corp: 817/252Kb lim: 1272 exec/s: 11449 rss: 551Mb L: 196/1193 MS: 4 ChangeBit-ChangeBit-ChangeBit-EraseBytes-
#343557	REDUCE cov: 1380 ft: 5096 corp: 817/252Kb lim: 1272 exec/s: 11451 rss: 551Mb L: 220/1193 MS: 2 ChangeBinInt-EraseBytes-
#343880	REDUCE cov: 1380 ft: 5096 corp: 817/252Kb lim: 1272 exec/s: 11462 rss: 551Mb L: 344/1193 MS: 3 ManualDict-ShuffleBytes-EraseBytes- DE: "sb               %[temp7],   "-
#343931	REDUCE cov: 1380 ft: 5096 corp: 817/252Kb lim: 1272 exec/s: 11464 rss: 551Mb L: 19/1193 MS: 1 EraseBytes-
#344409	REDUCE cov: 1380 ft: 5096 corp: 817/252Kb lim: 1272 exec/s: 11480 rss: 551Mb L: 311/1193 MS: 3 ChangeBinInt-ChangeBit-EraseBytes-
#345131	REDUCE cov: 1380 ft: 5096 corp: 817/252Kb lim: 1272 exec/s: 11504 rss: 551Mb L: 49/1193 MS: 2 ChangeByte-EraseBytes-
#345489	REDUCE cov: 1380 ft: 5096 corp: 817/252Kb lim: 1272 exec/s: 11516 rss: 551Mb L: 812/1193 MS: 3 PersAutoDict-ManualDict-EraseBytes- DE: "sra             %[temp16],     %["-"src/dec/vp8_dec.h"-
#345966	REDUCE cov: 1380 ft: 5096 corp: 817/252Kb lim: 1272 exec/s: 11532 rss: 551Mb L: 522/1193 MS: 2 ChangeBinInt-EraseBytes-
#347558	REDUCE cov: 1380 ft: 5096 corp: 817/252Kb lim: 1282 exec/s: 11211 rss: 564Mb L: 27/1193 MS: 2 InsertByte-EraseBytes-
#347723	NEW    cov: 1380 ft: 5097 corp: 818/253Kb lim: 1282 exec/s: 11216 rss: 564Mb L: 817/1193 MS: 5 InsertByte-EraseBytes-InsertRepeatedBytes-PersAutoDict-CrossOver- DE: "\234\000\000\000\000\000\000\000"-
#349116	REDUCE cov: 1380 ft: 5097 corp: 818/253Kb lim: 1292 exec/s: 11261 rss: 564Mb L: 126/1193 MS: 3 CMP-CopyPart-EraseBytes- DE: "\005\000\000\000"-
#351147	REDUCE cov: 1380 ft: 5098 corp: 819/253Kb lim: 1312 exec/s: 11327 rss: 564Mb L: 192/1193 MS: 1 ChangeBinInt-
#351825	REDUCE cov: 1380 ft: 5098 corp: 819/253Kb lim: 1312 exec/s: 10994 rss: 564Mb L: 791/1193 MS: 3 PersAutoDict-ChangeBit-EraseBytes- DE: "null VP8Io passed to VP8GetHeaders()"-
#352214	REDUCE cov: 1380 ft: 5098 corp: 819/253Kb lim: 1312 exec/s: 11006 rss: 564Mb L: 798/1193 MS: 4 EraseBytes-ChangeBit-ShuffleBytes-CrossOver-
#352755	REDUCE cov: 1380 ft: 5099 corp: 820/253Kb lim: 1312 exec/s: 11023 rss: 564Mb L: 260/1193 MS: 1 EraseBytes-
#354071	REDUCE cov: 1380 ft: 5099 corp: 820/253Kb lim: 1322 exec/s: 11064 rss: 564Mb L: 106/1193 MS: 1 EraseBytes-
#354158	REDUCE cov: 1380 ft: 5099 corp: 820/253Kb lim: 1322 exec/s: 11067 rss: 564Mb L: 125/1193 MS: 2 ShuffleBytes-EraseBytes-
#354305	NEW    cov: 1380 ft: 5100 corp: 821/254Kb lim: 1322 exec/s: 11072 rss: 564Mb L: 708/1193 MS: 2 CopyPart-ChangeBinInt-
#354849	REDUCE cov: 1380 ft: 5100 corp: 821/254Kb lim: 1322 exec/s: 11089 rss: 564Mb L: 494/1193 MS: 4 ChangeByte-ShuffleBytes-ChangeBit-EraseBytes-
#354864	REDUCE cov: 1380 ft: 5100 corp: 821/254Kb lim: 1322 exec/s: 11089 rss: 564Mb L: 372/1193 MS: 5 ChangeASCIIInt-PersAutoDict-ChangeByte-ChangeByte-EraseBytes- DE: "replv.qb %0, %0"-
#355496	REDUCE cov: 1380 ft: 5100 corp: 821/254Kb lim: 1322 exec/s: 11109 rss: 564Mb L: 22/1193 MS: 2 ChangeASCIIInt-EraseBytes-
#355583	REDUCE cov: 1380 ft: 5100 corp: 821/254Kb lim: 1322 exec/s: 11111 rss: 564Mb L: 139/1193 MS: 2 InsertByte-EraseBytes-
#356134	REDUCE cov: 1380 ft: 5100 corp: 821/254Kb lim: 1322 exec/s: 11129 rss: 564Mb L: 166/1193 MS: 1 EraseBytes-
#356181	REDUCE cov: 1380 ft: 5100 corp: 821/254Kb lim: 1322 exec/s: 11130 rss: 564Mb L: 276/1193 MS: 2 EraseBytes-ShuffleBytes-
#356543	REDUCE cov: 1380 ft: 5100 corp: 821/254Kb lim: 1322 exec/s: 11141 rss: 564Mb L: 627/1193 MS: 2 InsertByte-EraseBytes-
#356662	REDUCE cov: 1380 ft: 5100 corp: 821/254Kb lim: 1322 exec/s: 11145 rss: 564Mb L: 592/1193 MS: 4 ChangeByte-ChangeByte-ChangeASCIIInt-EraseBytes-
#356673	REDUCE cov: 1380 ft: 5100 corp: 821/254Kb lim: 1322 exec/s: 11146 rss: 564Mb L: 125/1193 MS: 1 EraseBytes-
#356969	REDUCE cov: 1380 ft: 5102 corp: 822/254Kb lim: 1322 exec/s: 11155 rss: 564Mb L: 609/1193 MS: 1 ManualDict- DE: "ulw    %[temp4], "-
#357247	REDUCE cov: 1380 ft: 5102 corp: 822/254Kb lim: 1322 exec/s: 11163 rss: 564Mb L: 481/1193 MS: 3 EraseBytes-ShuffleBytes-InsertRepeatedBytes-
#357494	REDUCE cov: 1380 ft: 5103 corp: 823/255Kb lim: 1322 exec/s: 11171 rss: 564Mb L: 495/1193 MS: 2 ChangeASCIIInt-InsertByte-
#358440	REDUCE cov: 1380 ft: 5103 corp: 823/255Kb lim: 1322 exec/s: 11201 rss: 564Mb L: 196/1193 MS: 1 EraseBytes-
#358513	REDUCE cov: 1380 ft: 5103 corp: 823/254Kb lim: 1322 exec/s: 11203 rss: 564Mb L: 381/1193 MS: 3 ChangeBit-InsertByte-EraseBytes-
#360168	NEW    cov: 1380 ft: 5104 corp: 824/255Kb lim: 1332 exec/s: 10914 rss: 564Mb L: 804/1193 MS: 5 ChangeASCIIInt-ChangeByte-ManualDict-PersAutoDict-InsertRepeatedBytes- DE: "sra             %["-"src/webp/decode.h"-
#360456	REDUCE cov: 1380 ft: 5104 corp: 824/255Kb lim: 1332 exec/s: 10922 rss: 564Mb L: 529/1193 MS: 3 InsertByte-EraseBytes-PersAutoDict- DE: "sra             %["-
#360701	REDUCE cov: 1380 ft: 5104 corp: 824/255Kb lim: 1332 exec/s: 10930 rss: 564Mb L: 1099/1099 MS: 5 ChangeBit-InsertByte-ChangeBit-ChangeBit-EraseBytes-
#360827	REDUCE cov: 1380 ft: 5104 corp: 824/255Kb lim: 1332 exec/s: 10934 rss: 564Mb L: 562/1099 MS: 1 EraseBytes-
#361134	NEW    cov: 1380 ft: 5106 corp: 825/256Kb lim: 1332 exec/s: 10943 rss: 564Mb L: 885/1099 MS: 2 CrossOver-InsertRepeatedBytes-
#361527	REDUCE cov: 1380 ft: 5106 corp: 825/256Kb lim: 1332 exec/s: 10955 rss: 564Mb L: 187/1099 MS: 3 InsertByte-CMP-EraseBytes- DE: "\030\000"-
#361650	REDUCE cov: 1380 ft: 5108 corp: 826/256Kb lim: 1332 exec/s: 10959 rss: 564Mb L: 205/1099 MS: 3 ChangeASCIIInt-PersAutoDict-CopyPart- DE: "src/utils/random_utils.h"-
#361797	REDUCE cov: 1380 ft: 5108 corp: 826/256Kb lim: 1332 exec/s: 10963 rss: 564Mb L: 125/1099 MS: 2 InsertByte-EraseBytes-
#362013	REDUCE cov: 1380 ft: 5108 corp: 826/256Kb lim: 1332 exec/s: 10970 rss: 564Mb L: 133/1099 MS: 1 EraseBytes-
#362415	REDUCE cov: 1380 ft: 5108 corp: 826/256Kb lim: 1332 exec/s: 10982 rss: 564Mb L: 106/1099 MS: 2 ChangeBinInt-EraseBytes-
#362456	REDUCE cov: 1380 ft: 5109 corp: 827/256Kb lim: 1332 exec/s: 10983 rss: 564Mb L: 254/1099 MS: 1 InsertRepeatedBytes-
#363158	REDUCE cov: 1380 ft: 5109 corp: 827/256Kb lim: 1332 exec/s: 11004 rss: 564Mb L: 143/1099 MS: 2 InsertByte-CrossOver-
#363366	REDUCE cov: 1380 ft: 5109 corp: 827/256Kb lim: 1332 exec/s: 11011 rss: 564Mb L: 560/1099 MS: 3 CrossOver-ShuffleBytes-EraseBytes-
#363457	NEW    cov: 1380 ft: 5111 corp: 828/256Kb lim: 1332 exec/s: 11013 rss: 564Mb L: 192/1099 MS: 1 ChangeBit-
#363477	REDUCE cov: 1380 ft: 5111 corp: 828/256Kb lim: 1332 exec/s: 11014 rss: 564Mb L: 434/1099 MS: 5 ChangeBit-ChangeASCIIInt-ChangeASCIIInt-PersAutoDict-EraseBytes- DE: "\000\000"-
#363484	REDUCE cov: 1380 ft: 5111 corp: 828/256Kb lim: 1332 exec/s: 11014 rss: 564Mb L: 197/1099 MS: 2 ChangeASCIIInt-EraseBytes-
#363528	REDUCE cov: 1380 ft: 5113 corp: 829/257Kb lim: 1332 exec/s: 11016 rss: 564Mb L: 493/1099 MS: 4 InsertRepeatedBytes-CrossOver-EraseBytes-ChangeBinInt-
#363659	REDUCE cov: 1380 ft: 5113 corp: 829/257Kb lim: 1332 exec/s: 11019 rss: 564Mb L: 204/1099 MS: 1 EraseBytes-
#364010	REDUCE cov: 1380 ft: 5113 corp: 829/257Kb lim: 1332 exec/s: 11030 rss: 564Mb L: 444/1099 MS: 1 EraseBytes-
#365287	REDUCE cov: 1380 ft: 5115 corp: 830/257Kb lim: 1342 exec/s: 11069 rss: 564Mb L: 177/1099 MS: 2 ChangeASCIIInt-ShuffleBytes-
#365948	REDUCE cov: 1380 ft: 5118 corp: 831/257Kb lim: 1342 exec/s: 10763 rss: 564Mb L: 278/1099 MS: 1 EraseBytes-
#365949	REDUCE cov: 1380 ft: 5118 corp: 831/257Kb lim: 1342 exec/s: 10763 rss: 564Mb L: 665/1099 MS: 1 EraseBytes-
#366063	REDUCE cov: 1380 ft: 5118 corp: 831/257Kb lim: 1342 exec/s: 10766 rss: 564Mb L: 788/1099 MS: 4 EraseBytes-ShuffleBytes-InsertRepeatedBytes-CrossOver-
#366244	REDUCE cov: 1380 ft: 5118 corp: 831/257Kb lim: 1342 exec/s: 10771 rss: 564Mb L: 843/1099 MS: 1 EraseBytes-
#366475	REDUCE cov: 1380 ft: 5118 corp: 831/257Kb lim: 1342 exec/s: 10778 rss: 564Mb L: 25/1099 MS: 1 EraseBytes-
#367077	REDUCE cov: 1380 ft: 5118 corp: 831/257Kb lim: 1342 exec/s: 10796 rss: 564Mb L: 399/1099 MS: 2 CMP-EraseBytes- DE: "VP8L"-
#367431	REDUCE cov: 1380 ft: 5119 corp: 832/257Kb lim: 1342 exec/s: 10806 rss: 564Mb L: 361/1099 MS: 4 ChangeByte-EraseBytes-ChangeBit-CopyPart-
#367466	REDUCE cov: 1380 ft: 5119 corp: 832/257Kb lim: 1342 exec/s: 10807 rss: 564Mb L: 820/1099 MS: 5 CrossOver-ShuffleBytes-PersAutoDict-EraseBytes-InsertByte- DE: "sb       %[temp8],  1+2*"-
#367497	REDUCE cov: 1380 ft: 5120 corp: 833/257Kb lim: 1342 exec/s: 10808 rss: 564Mb L: 380/1099 MS: 1 InsertByte-
#367643	REDUCE cov: 1380 ft: 5120 corp: 833/257Kb lim: 1342 exec/s: 10813 rss: 564Mb L: 325/1099 MS: 1 EraseBytes-
#367899	REDUCE cov: 1380 ft: 5120 corp: 833/257Kb lim: 1342 exec/s: 10820 rss: 564Mb L: 450/1099 MS: 1 EraseBytes-
#368253	NEW    cov: 1380 ft: 5147 corp: 834/258Kb lim: 1342 exec/s: 10830 rss: 564Mb L: 392/1099 MS: 4 CopyPart-CopyPart-ChangeASCIIInt-InsertRepeatedBytes-
#368291	REDUCE cov: 1380 ft: 5147 corp: 834/258Kb lim: 1342 exec/s: 10832 rss: 564Mb L: 323/1099 MS: 3 ManualDict-ChangeByte-EraseBytes- DE: "src/utils/thread_utils.h"-
#368705	REDUCE cov: 1380 ft: 5147 corp: 834/258Kb lim: 1342 exec/s: 10844 rss: 564Mb L: 359/1099 MS: 4 ChangeASCIIInt-ShuffleBytes-InsertByte-EraseBytes-
#368983	REDUCE cov: 1380 ft: 5147 corp: 834/258Kb lim: 1342 exec/s: 10852 rss: 564Mb L: 114/1099 MS: 3 CopyPart-ShuffleBytes-EraseBytes-
#369000	REDUCE cov: 1380 ft: 5147 corp: 834/258Kb lim: 1342 exec/s: 10852 rss: 564Mb L: 102/1099 MS: 2 InsertRepeatedBytes-EraseBytes-
#369352	REDUCE cov: 1380 ft: 5148 corp: 835/258Kb lim: 1342 exec/s: 10863 rss: 564Mb L: 187/1099 MS: 2 ChangeByte-InsertRepeatedBytes-
#369545	REDUCE cov: 1380 ft: 5156 corp: 836/258Kb lim: 1342 exec/s: 10868 rss: 564Mb L: 448/1099 MS: 3 CMP-EraseBytes-InsertRepeatedBytes- DE: "\003\000\000\000\000\000\000\000"-
#369554	NEW    cov: 1380 ft: 5159 corp: 837/258Kb lim: 1342 exec/s: 10869 rss: 564Mb L: 177/1099 MS: 4 ChangeBit-ChangeByte-ChangeBinInt-ChangeBinInt-
#369626	REDUCE cov: 1380 ft: 5159 corp: 837/258Kb lim: 1342 exec/s: 10871 rss: 564Mb L: 180/1099 MS: 2 ChangeBinInt-EraseBytes-
#369692	REDUCE cov: 1380 ft: 5159 corp: 837/258Kb lim: 1342 exec/s: 10873 rss: 564Mb L: 179/1099 MS: 1 EraseBytes-
#369849	REDUCE cov: 1380 ft: 5159 corp: 837/258Kb lim: 1342 exec/s: 10877 rss: 564Mb L: 418/1099 MS: 2 ShuffleBytes-EraseBytes-
#370398	REDUCE cov: 1380 ft: 5159 corp: 837/258Kb lim: 1342 exec/s: 10894 rss: 564Mb L: 444/1099 MS: 4 ChangeASCIIInt-ChangeBinInt-ShuffleBytes-EraseBytes-
#370449	REDUCE cov: 1380 ft: 5159 corp: 837/258Kb lim: 1342 exec/s: 10895 rss: 564Mb L: 284/1099 MS: 1 EraseBytes-
#370519	REDUCE cov: 1380 ft: 5159 corp: 837/258Kb lim: 1342 exec/s: 10897 rss: 564Mb L: 242/1099 MS: 5 CMP-PersAutoDict-ManualDict-InsertByte-EraseBytes- DE: "`\001\000\000\000\000\000\000"-"slt     %[temp16],      %["-"(b), [w]"-
#370875	REDUCE cov: 1380 ft: 5159 corp: 837/258Kb lim: 1342 exec/s: 10908 rss: 564Mb L: 182/1099 MS: 1 CrossOver-
#371222	NEW    cov: 1380 ft: 5160 corp: 838/258Kb lim: 1342 exec/s: 10918 rss: 564Mb L: 192/1099 MS: 2 ChangeBit-ChangeASCIIInt-
#371841	REDUCE cov: 1380 ft: 5160 corp: 838/258Kb lim: 1342 exec/s: 10936 rss: 564Mb L: 389/1099 MS: 4 CopyPart-ChangeByte-CopyPart-EraseBytes-
#372123	REDUCE cov: 1380 ft: 5162 corp: 839/259Kb lim: 1342 exec/s: 10944 rss: 564Mb L: 952/1099 MS: 2 InsertByte-CrossOver-
#372422	NEW    cov: 1380 ft: 5164 corp: 840/260Kb lim: 1342 exec/s: 10640 rss: 564Mb L: 479/1099 MS: 4 InsertRepeatedBytes-InsertByte-PersAutoDict-InsertRepeatedBytes- DE: "sb       %[temp11], 2+3*"-
#372716	NEW    cov: 1380 ft: 5165 corp: 841/260Kb lim: 1342 exec/s: 10649 rss: 564Mb L: 178/1099 MS: 4 ChangeBit-PersAutoDict-ManualDict-InsertByte- DE: "\000\000\000\011"-"(t_con_4), [t_con_5]"-
#373710	REDUCE cov: 1380 ft: 5165 corp: 841/260Kb lim: 1342 exec/s: 10677 rss: 564Mb L: 450/1099 MS: 4 ChangeBit-ChangeBinInt-CopyPart-EraseBytes-
#374096	REDUCE cov: 1380 ft: 5167 corp: 842/260Kb lim: 1342 exec/s: 10688 rss: 564Mb L: 108/1099 MS: 1 ChangeASCIIInt-
#374566	REDUCE cov: 1380 ft: 5167 corp: 842/260Kb lim: 1342 exec/s: 10701 rss: 564Mb L: 198/1099 MS: 5 ChangeBinInt-ChangeBit-EraseBytes-ChangeBinInt-CopyPart-
#374927	REDUCE cov: 1380 ft: 5167 corp: 842/260Kb lim: 1342 exec/s: 10712 rss: 564Mb L: 600/1099 MS: 1 EraseBytes-
#375419	NEW    cov: 1380 ft: 5170 corp: 843/260Kb lim: 1342 exec/s: 10726 rss: 564Mb L: 177/1099 MS: 2 ChangeBinInt-ShuffleBytes-
#375908	REDUCE cov: 1380 ft: 5170 corp: 843/260Kb lim: 1342 exec/s: 10740 rss: 564Mb L: 413/1099 MS: 4 ChangeASCIIInt-ChangeASCIIInt-CrossOver-CrossOver-
#376010	REDUCE cov: 1380 ft: 5170 corp: 843/260Kb lim: 1342 exec/s: 10743 rss: 564Mb L: 428/1099 MS: 2 ChangeBinInt-EraseBytes-
#377018	REDUCE cov: 1380 ft: 5171 corp: 844/260Kb lim: 1352 exec/s: 10771 rss: 564Mb L: 386/1099 MS: 3 ManualDict-ChangeBit-ChangeByte- DE: "sb       %[temp8],  1+2*"-
#377694	REDUCE cov: 1380 ft: 5171 corp: 844/260Kb lim: 1352 exec/s: 10791 rss: 564Mb L: 169/1099 MS: 1 EraseBytes-
#377932	REDUCE cov: 1380 ft: 5173 corp: 845/261Kb lim: 1352 exec/s: 10798 rss: 564Mb L: 593/1099 MS: 3 InsertByte-ShuffleBytes-CrossOver-
#378690	REDUCE cov: 1380 ft: 5173 corp: 845/261Kb lim: 1352 exec/s: 10819 rss: 564Mb L: 330/1099 MS: 3 ManualDict-ManualDict-EraseBytes- DE: "srl              %["-"src/dec/vp8_dec.h"-
#379156	REDUCE cov: 1380 ft: 5173 corp: 845/261Kb lim: 1352 exec/s: 10833 rss: 564Mb L: 234/1099 MS: 1 EraseBytes-
#379496	REDUCE cov: 1380 ft: 5174 corp: 846/261Kb lim: 1352 exec/s: 10842 rss: 564Mb L: 252/1099 MS: 5 ShuffleBytes-ShuffleBytes-ChangeBinInt-InsertByte-InsertRepeatedBytes-
#379551	NEW    cov: 1380 ft: 5184 corp: 847/261Kb lim: 1352 exec/s: 10844 rss: 564Mb L: 282/1099 MS: 5 PersAutoDict-ChangeBinInt-ManualDict-ChangeASCIIInt-InsertRepeatedBytes- DE: "lw              %["-"subq.ph          %["-
#379647	REDUCE cov: 1380 ft: 5184 corp: 847/261Kb lim: 1352 exec/s: 10847 rss: 564Mb L: 205/1099 MS: 1 EraseBytes-
#380161	REDUCE cov: 1380 ft: 5184 corp: 847/261Kb lim: 1352 exec/s: 10861 rss: 564Mb L: 535/1099 MS: 4 ChangeBinInt-PersAutoDict-ChangeByte-EraseBytes- DE: "Bad code word"-
#380693	REDUCE cov: 1380 ft: 5184 corp: 847/261Kb lim: 1352 exec/s: 10574 rss: 564Mb L: 162/1099 MS: 2 ShuffleBytes-EraseBytes-
#380914	NEW    cov: 1380 ft: 5186 corp: 848/262Kb lim: 1352 exec/s: 10580 rss: 564Mb L: 461/1099 MS: 1 CrossOver-
#381340	REDUCE cov: 1380 ft: 5186 corp: 848/262Kb lim: 1352 exec/s: 10592 rss: 564Mb L: 288/1099 MS: 1 EraseBytes-
#381351	NEW    cov: 1380 ft: 5188 corp: 849/262Kb lim: 1352 exec/s: 10593 rss: 564Mb L: 479/1099 MS: 1 ChangeASCIIInt-
#381569	NEW    cov: 1380 ft: 5192 corp: 850/262Kb lim: 1352 exec/s: 10599 rss: 564Mb L: 305/1099 MS: 3 ChangeBinInt-ManualDict-CopyPart- DE: "usw          %[temp0],   3*"-
#381895	REDUCE cov: 1380 ft: 5192 corp: 850/262Kb lim: 1352 exec/s: 10608 rss: 564Mb L: 204/1099 MS: 1 EraseBytes-
#381977	REDUCE cov: 1380 ft: 5192 corp: 850/262Kb lim: 1352 exec/s: 10610 rss: 564Mb L: 323/1099 MS: 2 ChangeASCIIInt-EraseBytes-
#382063	REDUCE cov: 1380 ft: 5192 corp: 850/262Kb lim: 1352 exec/s: 10612 rss: 564Mb L: 230/1099 MS: 1 EraseBytes-
#382231	NEW    cov: 1380 ft: 5193 corp: 851/263Kb lim: 1352 exec/s: 10617 rss: 564Mb L: 483/1099 MS: 3 CMP-ShuffleBytes-CopyPart- DE: "~\000\000K"-
#382836	REDUCE cov: 1380 ft: 5199 corp: 852/263Kb lim: 1352 exec/s: 10634 rss: 564Mb L: 391/1099 MS: 5 ChangeASCIIInt-CrossOver-InsertRepeatedBytes-ChangeBinInt-CrossOver-
#382967	REDUCE cov: 1380 ft: 5199 corp: 852/263Kb lim: 1352 exec/s: 10637 rss: 564Mb L: 223/1099 MS: 1 EraseBytes-
#383264	REDUCE cov: 1380 ft: 5199 corp: 852/263Kb lim: 1352 exec/s: 10646 rss: 564Mb L: 269/1099 MS: 2 InsertRepeatedBytes-EraseBytes-
#383285	REDUCE cov: 1380 ft: 5199 corp: 852/263Kb lim: 1352 exec/s: 10646 rss: 564Mb L: 180/1099 MS: 1 EraseBytes-
#383898	REDUCE cov: 1380 ft: 5199 corp: 852/263Kb lim: 1352 exec/s: 10663 rss: 564Mb L: 547/1099 MS: 3 ChangeBinInt-ShuffleBytes-EraseBytes-
#383994	REDUCE cov: 1380 ft: 5199 corp: 852/263Kb lim: 1352 exec/s: 10666 rss: 564Mb L: 188/1099 MS: 1 EraseBytes-
#384017	REDUCE cov: 1380 ft: 5199 corp: 852/263Kb lim: 1352 exec/s: 10667 rss: 564Mb L: 131/1099 MS: 3 CMP-ChangeASCIIInt-EraseBytes- DE: "\223\001\000\000\000\000\000\000"-
#384218	NEW    cov: 1380 ft: 5200 corp: 853/263Kb lim: 1352 exec/s: 10672 rss: 564Mb L: 448/1099 MS: 1 ChangeByte-
#385155	REDUCE cov: 1380 ft: 5201 corp: 854/264Kb lim: 1352 exec/s: 10698 rss: 564Mb L: 544/1099 MS: 2 CrossOver-ManualDict- DE: "veor     "-
#386018	NEW    cov: 1380 ft: 5202 corp: 855/264Kb lim: 1352 exec/s: 10722 rss: 564Mb L: 546/1099 MS: 3 InsertByte-InsertByte-ShuffleBytes-
#386140	REDUCE cov: 1380 ft: 5202 corp: 855/264Kb lim: 1352 exec/s: 10726 rss: 564Mb L: 128/1099 MS: 2 ChangeBit-EraseBytes-
#386231	NEW    cov: 1380 ft: 5203 corp: 856/265Kb lim: 1352 exec/s: 10728 rss: 564Mb L: 425/1099 MS: 1 CopyPart-
#386908	NEW    cov: 1380 ft: 5204 corp: 857/265Kb lim: 1352 exec/s: 10456 rss: 564Mb L: 548/1099 MS: 2 InsertByte-InsertByte-
#387193	NEW    cov: 1380 ft: 5205 corp: 858/266Kb lim: 1352 exec/s: 10464 rss: 564Mb L: 922/1099 MS: 5 InsertRepeatedBytes-InsertRepeatedBytes-EraseBytes-ChangeBinInt-CrossOver-
#387389	REDUCE cov: 1380 ft: 5205 corp: 858/266Kb lim: 1352 exec/s: 10469 rss: 564Mb L: 134/1099 MS: 1 EraseBytes-
#387950	REDUCE cov: 1380 ft: 5205 corp: 858/266Kb lim: 1352 exec/s: 10485 rss: 564Mb L: 806/1099 MS: 1 EraseBytes-
#388027	REDUCE cov: 1380 ft: 5205 corp: 858/266Kb lim: 1352 exec/s: 10487 rss: 564Mb L: 402/1099 MS: 2 ChangeASCIIInt-EraseBytes-
#388164	REDUCE cov: 1380 ft: 5205 corp: 858/266Kb lim: 1352 exec/s: 10490 rss: 564Mb L: 464/1099 MS: 2 CopyPart-EraseBytes-
#388245	REDUCE cov: 1380 ft: 5205 corp: 858/266Kb lim: 1352 exec/s: 10493 rss: 564Mb L: 146/1099 MS: 1 EraseBytes-
#388449	REDUCE cov: 1380 ft: 5205 corp: 858/266Kb lim: 1352 exec/s: 10498 rss: 564Mb L: 361/1099 MS: 4 CrossOver-CMP-ChangeBit-EraseBytes- DE: "J\000\000\000"-
#388951	REDUCE cov: 1380 ft: 5205 corp: 858/266Kb lim: 1352 exec/s: 10512 rss: 564Mb L: 253/1099 MS: 2 ChangeASCIIInt-EraseBytes-
#389143	REDUCE cov: 1380 ft: 5205 corp: 858/265Kb lim: 1352 exec/s: 10517 rss: 564Mb L: 428/1099 MS: 2 ChangeASCIIInt-EraseBytes-
#389866	REDUCE cov: 1380 ft: 5205 corp: 858/265Kb lim: 1352 exec/s: 10536 rss: 564Mb L: 372/1099 MS: 3 ChangeBinInt-ChangeBinInt-EraseBytes-
#390502	REDUCE cov: 1380 ft: 5205 corp: 858/265Kb lim: 1352 exec/s: 10554 rss: 564Mb L: 461/1099 MS: 1 EraseBytes-
#390518	REDUCE cov: 1380 ft: 5205 corp: 858/265Kb lim: 1352 exec/s: 10554 rss: 564Mb L: 545/1099 MS: 1 EraseBytes-
#391073	NEW    cov: 1380 ft: 5240 corp: 859/265Kb lim: 1352 exec/s: 10569 rss: 564Mb L: 376/1099 MS: 5 CopyPart-CrossOver-InsertByte-CopyPart-InsertRepeatedBytes-
#392204	REDUCE cov: 1380 ft: 5240 corp: 859/265Kb lim: 1362 exec/s: 10321 rss: 564Mb L: 385/1099 MS: 1 EraseBytes-
#392357	REDUCE cov: 1380 ft: 5240 corp: 859/265Kb lim: 1362 exec/s: 10325 rss: 564Mb L: 254/1099 MS: 3 ChangeASCIIInt-InsertByte-EraseBytes-
#392396	REDUCE cov: 1380 ft: 5240 corp: 859/265Kb lim: 1362 exec/s: 10326 rss: 564Mb L: 380/1099 MS: 4 ChangeByte-PersAutoDict-ChangeByte-EraseBytes- DE: "usw             %[temp10],   2*"-
#392436	NEW    cov: 1380 ft: 5241 corp: 860/266Kb lim: 1362 exec/s: 10327 rss: 564Mb L: 582/1099 MS: 5 ChangeASCIIInt-InsertByte-EraseBytes-EraseBytes-CrossOver-
#392457	NEW    cov: 1380 ft: 5242 corp: 861/267Kb lim: 1362 exec/s: 10327 rss: 564Mb L: 805/1099 MS: 1 CopyPart-
#392529	REDUCE cov: 1380 ft: 5242 corp: 861/267Kb lim: 1362 exec/s: 10329 rss: 564Mb L: 535/1099 MS: 2 InsertRepeatedBytes-EraseBytes-
#392641	REDUCE cov: 1380 ft: 5242 corp: 861/267Kb lim: 1362 exec/s: 10332 rss: 564Mb L: 164/1099 MS: 2 ManualDict-EraseBytes- DE: "lw          %[coeff],     "-
#392703	NEW    cov: 1380 ft: 5244 corp: 862/267Kb lim: 1362 exec/s: 10334 rss: 564Mb L: 376/1099 MS: 2 ChangeASCIIInt-ChangeBinInt-
#392924	NEW    cov: 1380 ft: 5245 corp: 863/268Kb lim: 1362 exec/s: 10340 rss: 564Mb L: 549/1099 MS: 1 InsertByte-
#392962	REDUCE cov: 1380 ft: 5245 corp: 863/267Kb lim: 1362 exec/s: 10341 rss: 564Mb L: 318/1099 MS: 3 ManualDict-ChangeBit-EraseBytes- DE: "ulw         %[temp3],     "-
#393855	REDUCE cov: 1380 ft: 5246 corp: 864/268Kb lim: 1362 exec/s: 10364 rss: 564Mb L: 322/1099 MS: 3 CMP-ChangeBit-CopyPart- DE: "\000\000\000\304"-
#394426	REDUCE cov: 1380 ft: 5246 corp: 864/268Kb lim: 1362 exec/s: 10379 rss: 564Mb L: 372/1099 MS: 1 EraseBytes-
#394696	REDUCE cov: 1380 ft: 5247 corp: 865/268Kb lim: 1362 exec/s: 10386 rss: 564Mb L: 270/1099 MS: 5 ChangeASCIIInt-ChangeBit-ShuffleBytes-ChangeBinInt-InsertByte-
#394838	REDUCE cov: 1380 ft: 5247 corp: 865/268Kb lim: 1362 exec/s: 10390 rss: 564Mb L: 765/1099 MS: 2 CopyPart-EraseBytes-
#395268	NEW    cov: 1380 ft: 5248 corp: 866/268Kb lim: 1362 exec/s: 10401 rss: 564Mb L: 247/1099 MS: 5 ChangeByte-InsertRepeatedBytes-CMP-InsertByte-PersAutoDict- DE: "\377\377\377\377\377\377\377\003"-"\000\000\000."-
#395446	NEW    cov: 1380 ft: 5249 corp: 867/269Kb lim: 1362 exec/s: 10406 rss: 564Mb L: 499/1099 MS: 3 ManualDict-CrossOver-PersAutoDict- DE: " #TEMP2 "-" #TEMP2 "-
#396278	NEW    cov: 1380 ft: 5251 corp: 868/269Kb lim: 1362 exec/s: 10428 rss: 564Mb L: 789/1099 MS: 2 ManualDict-CopyPart- DE: "ulw        %[temp2],  "-
#396404	REDUCE cov: 1380 ft: 5251 corp: 868/269Kb lim: 1362 exec/s: 10431 rss: 564Mb L: 857/1099 MS: 1 EraseBytes-
#396535	REDUCE cov: 1380 ft: 5251 corp: 868/269Kb lim: 1362 exec/s: 10435 rss: 564Mb L: 821/1099 MS: 1 EraseBytes-
#396921	REDUCE cov: 1380 ft: 5251 corp: 868/269Kb lim: 1362 exec/s: 10445 rss: 564Mb L: 12/1099 MS: 1 EraseBytes-
#397433	REDUCE cov: 1380 ft: 5251 corp: 868/269Kb lim: 1362 exec/s: 10458 rss: 564Mb L: 323/1099 MS: 2 ChangeBit-EraseBytes-
#397495	REDUCE cov: 1380 ft: 5251 corp: 868/269Kb lim: 1362 exec/s: 10460 rss: 564Mb L: 30/1099 MS: 2 InsertRepeatedBytes-EraseBytes-
#397527	REDUCE cov: 1380 ft: 5251 corp: 868/269Kb lim: 1362 exec/s: 10461 rss: 564Mb L: 108/1099 MS: 2 ShuffleBytes-EraseBytes-
#398066	REDUCE cov: 1380 ft: 5252 corp: 869/270Kb lim: 1362 exec/s: 10475 rss: 564Mb L: 806/1099 MS: 4 PersAutoDict-ChangeASCIIInt-InsertRepeatedBytes-PersAutoDict- DE: "lw     %["-"\000\000"-
#398807	REDUCE cov: 1380 ft: 5252 corp: 869/270Kb lim: 1362 exec/s: 10494 rss: 564Mb L: 96/1099 MS: 1 EraseBytes-
#398875	REDUCE cov: 1380 ft: 5252 corp: 869/270Kb lim: 1362 exec/s: 10496 rss: 564Mb L: 147/1099 MS: 3 ChangeASCIIInt-ChangeASCIIInt-EraseBytes-
#399211	REDUCE cov: 1380 ft: 5252 corp: 869/270Kb lim: 1362 exec/s: 10505 rss: 564Mb L: 171/1099 MS: 1 EraseBytes-
#399876	REDUCE cov: 1380 ft: 5252 corp: 869/270Kb lim: 1362 exec/s: 10253 rss: 564Mb L: 657/1099 MS: 5 InsertByte-ManualDict-EraseBytes-InsertRepeatedBytes-ChangeBinInt- DE: "slt     %[temp19],      %["-
#399953	NEW    cov: 1380 ft: 5255 corp: 870/271Kb lim: 1362 exec/s: 10255 rss: 564Mb L: 812/1099 MS: 2 ChangeBit-ManualDict- DE: "$ac1lo"-
#400177	REDUCE cov: 1380 ft: 5255 corp: 870/271Kb lim: 1362 exec/s: 10260 rss: 564Mb L: 261/1099 MS: 4 ChangeBit-ShuffleBytes-ChangeByte-EraseBytes-
#400278	REDUCE cov: 1380 ft: 5255 corp: 870/271Kb lim: 1362 exec/s: 10263 rss: 564Mb L: 367/1099 MS: 1 EraseBytes-
#400390	REDUCE cov: 1380 ft: 5255 corp: 870/271Kb lim: 1362 exec/s: 10266 rss: 564Mb L: 631/1099 MS: 2 ShuffleBytes-EraseBytes-
#400398	REDUCE cov: 1380 ft: 5255 corp: 870/271Kb lim: 1362 exec/s: 10266 rss: 564Mb L: 730/1099 MS: 3 CopyPart-ChangeBinInt-EraseBytes-
#400574	NEW    cov: 1380 ft: 5256 corp: 871/271Kb lim: 1362 exec/s: 10271 rss: 564Mb L: 425/1099 MS: 1 ChangeBinInt-
#400662	NEW    cov: 1380 ft: 5257 corp: 872/271Kb lim: 1362 exec/s: 10273 rss: 564Mb L: 217/1099 MS: 3 ChangeBit-PersAutoDict-EraseBytes- DE: "lhu    %[temp7],  "-
#400841	REDUCE cov: 1380 ft: 5257 corp: 872/271Kb lim: 1362 exec/s: 10277 rss: 564Mb L: 293/1099 MS: 4 ChangeBinInt-EraseBytes-InsertRepeatedBytes-PersAutoDict- DE: "(kC1C2), [ref] "-
#401338	REDUCE cov: 1380 ft: 5257 corp: 872/271Kb lim: 1362 exec/s: 10290 rss: 564Mb L: 197/1099 MS: 2 CrossOver-EraseBytes-
#401899	REDUCE cov: 1380 ft: 5257 corp: 872/271Kb lim: 1362 exec/s: 10305 rss: 564Mb L: 240/1099 MS: 1 EraseBytes-
#402225	REDUCE cov: 1380 ft: 5257 corp: 872/271Kb lim: 1362 exec/s: 10313 rss: 564Mb L: 524/1099 MS: 1 EraseBytes-
#402311	REDUCE cov: 1380 ft: 5257 corp: 872/271Kb lim: 1362 exec/s: 10315 rss: 564Mb L: 125/1099 MS: 1 EraseBytes-
#402537	REDUCE cov: 1380 ft: 5257 corp: 872/271Kb lim: 1362 exec/s: 10321 rss: 564Mb L: 68/1099 MS: 1 EraseBytes-
#403092	NEW    cov: 1380 ft: 5258 corp: 873/272Kb lim: 1362 exec/s: 10335 rss: 564Mb L: 1072/1099 MS: 5 CrossOver-ChangeByte-CrossOver-PersAutoDict-InsertByte- DE: "usw              %[temp1],  0*"-
#403554	REDUCE cov: 1380 ft: 5258 corp: 873/272Kb lim: 1362 exec/s: 10347 rss: 564Mb L: 292/1099 MS: 2 CopyPart-EraseBytes-
#404133	REDUCE cov: 1380 ft: 5258 corp: 873/272Kb lim: 1362 exec/s: 10103 rss: 564Mb L: 141/1099 MS: 4 InsertRepeatedBytes-InsertRepeatedBytes-InsertByte-EraseBytes-
#404275	REDUCE cov: 1380 ft: 5258 corp: 873/272Kb lim: 1362 exec/s: 10106 rss: 564Mb L: 475/1099 MS: 2 ChangeASCIIInt-EraseBytes-
#404297	REDUCE cov: 1380 ft: 5258 corp: 873/272Kb lim: 1362 exec/s: 10107 rss: 564Mb L: 210/1099 MS: 2 InsertByte-EraseBytes-
#404973	NEW    cov: 1380 ft: 5259 corp: 874/273Kb lim: 1362 exec/s: 10124 rss: 564Mb L: 1072/1099 MS: 1 ChangeByte-
#405088	REDUCE cov: 1380 ft: 5259 corp: 874/273Kb lim: 1362 exec/s: 10127 rss: 564Mb L: 322/1099 MS: 5 CrossOver-ChangeBit-CopyPart-CopyPart-EraseBytes-
#405535	REDUCE cov: 1380 ft: 5259 corp: 874/273Kb lim: 1362 exec/s: 10138 rss: 564Mb L: 106/1099 MS: 2 ChangeBinInt-EraseBytes-
#406016	REDUCE cov: 1380 ft: 5259 corp: 874/273Kb lim: 1362 exec/s: 10150 rss: 564Mb L: 98/1099 MS: 1 EraseBytes-
#406088	REDUCE cov: 1380 ft: 5259 corp: 874/273Kb lim: 1362 exec/s: 10152 rss: 564Mb L: 320/1099 MS: 2 CopyPart-EraseBytes-
#406356	REDUCE cov: 1380 ft: 5261 corp: 875/273Kb lim: 1362 exec/s: 10158 rss: 564Mb L: 415/1099 MS: 3 ChangeASCIIInt-CrossOver-PersAutoDict- DE: "\000\000\000\000\000\000\000\033"-
#406917	REDUCE cov: 1380 ft: 5261 corp: 875/273Kb lim: 1362 exec/s: 10172 rss: 564Mb L: 124/1099 MS: 1 EraseBytes-
#407019	NEW    cov: 1380 ft: 5262 corp: 876/273Kb lim: 1362 exec/s: 10175 rss: 564Mb L: 177/1099 MS: 2 ChangeBit-ManualDict- DE: "lh      %[temp17],      "-
#407025	REDUCE cov: 1380 ft: 5262 corp: 876/273Kb lim: 1362 exec/s: 10175 rss: 564Mb L: 151/1099 MS: 1 EraseBytes-
#408030	REDUCE cov: 1380 ft: 5262 corp: 876/273Kb lim: 1362 exec/s: 10200 rss: 564Mb L: 229/1099 MS: 5 PersAutoDict-InsertByte-InsertRepeatedBytes-ShuffleBytes-EraseBytes- DE: "\377\377\377\377\377\377\377\006"-
#408476	REDUCE cov: 1380 ft: 5262 corp: 876/273Kb lim: 1362 exec/s: 10211 rss: 564Mb L: 647/1099 MS: 1 EraseBytes-
#409194	REDUCE cov: 1380 ft: 5262 corp: 876/273Kb lim: 1362 exec/s: 10229 rss: 564Mb L: 516/1099 MS: 3 CMP-CopyPart-EraseBytes- DE: "\012\000\000\000\000\000\000\000"-
#409235	REDUCE cov: 1380 ft: 5262 corp: 876/273Kb lim: 1362 exec/s: 10230 rss: 564Mb L: 108/1099 MS: 1 EraseBytes-
#409882	REDUCE cov: 1380 ft: 5262 corp: 876/273Kb lim: 1362 exec/s: 10247 rss: 564Mb L: 137/1099 MS: 2 ManualDict-EraseBytes- DE: "=&r"-
#410735	REDUCE cov: 1380 ft: 5262 corp: 876/272Kb lim: 1362 exec/s: 10268 rss: 564Mb L: 649/1099 MS: 3 ChangeByte-EraseBytes-InsertByte-
#410764	REDUCE cov: 1380 ft: 5262 corp: 876/272Kb lim: 1362 exec/s: 10269 rss: 564Mb L: 782/1099 MS: 4 PersAutoDict-CMP-EraseBytes-PersAutoDict- DE: "\000\000\000."-"\001\000\000z"-"\007\000\000\000"-
#411134	REDUCE cov: 1380 ft: 5262 corp: 876/272Kb lim: 1362 exec/s: 10278 rss: 564Mb L: 400/1099 MS: 5 CMP-InsertByte-InsertByte-ChangeBit-EraseBytes- DE: "VP8L"-
#411426	REDUCE cov: 1380 ft: 5262 corp: 876/272Kb lim: 1362 exec/s: 10285 rss: 564Mb L: 335/1099 MS: 2 CMP-EraseBytes- DE: "\000\000\000\000\000\000\003\012"-
#411523	REDUCE cov: 1380 ft: 5262 corp: 876/272Kb lim: 1362 exec/s: 10288 rss: 564Mb L: 266/1099 MS: 2 CrossOver-CrossOver-
#411701	REDUCE cov: 1380 ft: 5262 corp: 876/272Kb lim: 1362 exec/s: 10292 rss: 564Mb L: 264/1099 MS: 3 ChangeBinInt-CMP-EraseBytes- DE: "\001\000\000\000\000\000\0012"-
#411937	REDUCE cov: 1380 ft: 5262 corp: 876/272Kb lim: 1362 exec/s: 10298 rss: 564Mb L: 204/1099 MS: 1 EraseBytes-
#411967	REDUCE cov: 1380 ft: 5262 corp: 876/272Kb lim: 1362 exec/s: 10299 rss: 564Mb L: 133/1099 MS: 5 InsertByte-ChangeASCIIInt-ChangeBinInt-ChangeBit-EraseBytes-
#412388	REDUCE cov: 1380 ft: 5262 corp: 876/272Kb lim: 1362 exec/s: 10309 rss: 564Mb L: 191/1099 MS: 1 EraseBytes-
#412700	REDUCE cov: 1380 ft: 5262 corp: 876/272Kb lim: 1362 exec/s: 10065 rss: 564Mb L: 193/1099 MS: 2 ChangeBinInt-EraseBytes-
#412775	REDUCE cov: 1380 ft: 5262 corp: 876/272Kb lim: 1362 exec/s: 10067 rss: 564Mb L: 273/1099 MS: 5 ChangeByte-ManualDict-ChangeByte-ChangeBit-EraseBytes- DE: "usw        %[value],  0+"-
#413775	REDUCE cov: 1380 ft: 5262 corp: 876/272Kb lim: 1362 exec/s: 10092 rss: 564Mb L: 217/1099 MS: 5 CrossOver-ManualDict-ChangeBit-InsertByte-EraseBytes- DE: " #stride "-
#413893	NEW    cov: 1380 ft: 5265 corp: 877/273Kb lim: 1362 exec/s: 10094 rss: 564Mb L: 745/1099 MS: 3 ChangeByte-EraseBytes-CopyPart-
#413931	REDUCE cov: 1380 ft: 5265 corp: 877/273Kb lim: 1362 exec/s: 10095 rss: 564Mb L: 255/1099 MS: 3 PersAutoDict-ShuffleBytes-EraseBytes- DE: "\377\377\377\377"-
#414277	REDUCE cov: 1380 ft: 5265 corp: 877/273Kb lim: 1362 exec/s: 10104 rss: 564Mb L: 526/1099 MS: 1 EraseBytes-
#414499	REDUCE cov: 1380 ft: 5265 corp: 877/273Kb lim: 1362 exec/s: 10109 rss: 564Mb L: 190/1099 MS: 2 ShuffleBytes-EraseBytes-
#415045	REDUCE cov: 1380 ft: 5265 corp: 877/273Kb lim: 1362 exec/s: 10123 rss: 564Mb L: 124/1099 MS: 1 EraseBytes-
#415061	REDUCE cov: 1380 ft: 5265 corp: 877/273Kb lim: 1362 exec/s: 10123 rss: 564Mb L: 290/1099 MS: 1 EraseBytes-
#415064	REDUCE cov: 1380 ft: 5265 corp: 877/272Kb lim: 1362 exec/s: 10123 rss: 564Mb L: 312/1099 MS: 3 ChangeByte-EraseBytes-InsertRepeatedBytes-
#415299	REDUCE cov: 1380 ft: 5265 corp: 877/272Kb lim: 1362 exec/s: 10129 rss: 564Mb L: 364/1099 MS: 5 CMP-ManualDict-CrossOver-InsertRepeatedBytes-EraseBytes- DE: "g\002\000\000\000\000\000\000"-"lbu      %[temp5],  0+2*"-
#415405	REDUCE cov: 1380 ft: 5265 corp: 877/272Kb lim: 1362 exec/s: 10131 rss: 564Mb L: 56/1099 MS: 1 EraseBytes-
#415618	REDUCE cov: 1380 ft: 5265 corp: 877/272Kb lim: 1362 exec/s: 10137 rss: 564Mb L: 291/1099 MS: 3 PersAutoDict-ChangeBit-EraseBytes- DE: "WEB/"-
#415685	NEW    cov: 1380 ft: 5267 corp: 878/273Kb lim: 1362 exec/s: 10138 rss: 564Mb L: 708/1099 MS: 2 PersAutoDict-ChangeBinInt- DE: "preceu.ph.qbr   %["-
#415977	REDUCE cov: 1380 ft: 5267 corp: 878/273Kb lim: 1362 exec/s: 10145 rss: 564Mb L: 209/1099 MS: 2 ShuffleBytes-EraseBytes-
#416407	REDUCE cov: 1380 ft: 5280 corp: 879/274Kb lim: 1362 exec/s: 10156 rss: 564Mb L: 502/1099 MS: 5 ShuffleBytes-ChangeASCIIInt-ChangeBinInt-CrossOver-InsertRepeatedBytes-
#416494	REDUCE cov: 1380 ft: 5280 corp: 879/274Kb lim: 1362 exec/s: 10158 rss: 564Mb L: 182/1099 MS: 2 CMP-EraseBytes- DE: "\007\000\000\000"-
#417583	REDUCE cov: 1380 ft: 5280 corp: 879/274Kb lim: 1372 exec/s: 10184 rss: 564Mb L: 137/1099 MS: 4 InsertByte-ChangeBit-ChangeBinInt-EraseBytes-
	NEW_FUNC[1/2]: 0xaaaac7f18900 in VP8LAddGreenToBlueAndRed_C /b/libwebp/src/dsp/lossless.c:262
	NEW_FUNC[2/2]: 0xaaaac7f29960 in AddGreenToBlueAndRed_NEON /b/libwebp/src/dsp/lossless_neon.c:529
#417644	REDUCE cov: 1388 ft: 5290 corp: 880/274Kb lim: 1372 exec/s: 10186 rss: 564Mb L: 365/1099 MS: 1 PersAutoDict- DE: "\377\377\377\377\377\377\005\372"-
#417758	REDUCE cov: 1388 ft: 5290 corp: 880/274Kb lim: 1372 exec/s: 10189 rss: 564Mb L: 357/1099 MS: 4 PersAutoDict-ChangeBit-ChangeASCIIInt-EraseBytes- DE: "vqadd.s8  "-
#418179	REDUCE cov: 1388 ft: 5290 corp: 880/274Kb lim: 1372 exec/s: 10199 rss: 564Mb L: 176/1099 MS: 1 EraseBytes-
#419000	REDUCE cov: 1388 ft: 5290 corp: 880/274Kb lim: 1372 exec/s: 9976 rss: 564Mb L: 19/1099 MS: 1 EraseBytes-
#419942	REDUCE cov: 1388 ft: 5290 corp: 880/274Kb lim: 1372 exec/s: 9998 rss: 564Mb L: 177/1099 MS: 2 ChangeBit-EraseBytes-
#420013	REDUCE cov: 1388 ft: 5290 corp: 880/274Kb lim: 1372 exec/s: 10000 rss: 564Mb L: 143/1099 MS: 1 EraseBytes-
#420252	REDUCE cov: 1388 ft: 5293 corp: 881/274Kb lim: 1372 exec/s: 10006 rss: 564Mb L: 713/1099 MS: 4 ChangeBit-ShuffleBytes-ManualDict-ChangeBinInt- DE: " #TEMP0 "-
#420363	REDUCE cov: 1388 ft: 5295 corp: 882/275Kb lim: 1372 exec/s: 10008 rss: 564Mb L: 826/1099 MS: 1 ShuffleBytes-
#420944	REDUCE cov: 1388 ft: 5295 corp: 882/275Kb lim: 1372 exec/s: 10022 rss: 564Mb L: 31/1099 MS: 1 EraseBytes-
#420973	REDUCE cov: 1388 ft: 5298 corp: 883/275Kb lim: 1372 exec/s: 10023 rss: 564Mb L: 112/1099 MS: 4 ShuffleBytes-ChangeASCIIInt-CMP-ChangeByte- DE: "\000\020\000\000"-
#421060	REDUCE cov: 1388 ft: 5298 corp: 883/275Kb lim: 1372 exec/s: 10025 rss: 564Mb L: 180/1099 MS: 2 EraseBytes-ManualDict- DE: "src/utils/rescaler_utils.h"-
#421376	REDUCE cov: 1388 ft: 5298 corp: 883/275Kb lim: 1372 exec/s: 10032 rss: 564Mb L: 190/1099 MS: 1 EraseBytes-
#421926	NEW    cov: 1388 ft: 5299 corp: 884/277Kb lim: 1372 exec/s: 10045 rss: 564Mb L: 1224/1224 MS: 5 CrossOver-InsertRepeatedBytes-ChangeBit-ChangeASCIIInt-CrossOver-
#422091	NEW    cov: 1388 ft: 5300 corp: 885/277Kb lim: 1372 exec/s: 10049 rss: 564Mb L: 603/1224 MS: 5 PersAutoDict-InsertRepeatedBytes-CMP-CMP-CopyPart- DE: "(stride), [VP8kclip1]"-"\013\000\000\000\000\000\000\000"-"\377\027"-
#422115	NEW    cov: 1388 ft: 5301 corp: 886/278Kb lim: 1372 exec/s: 10050 rss: 564Mb L: 1353/1353 MS: 4 InsertRepeatedBytes-CrossOver-ManualDict-ManualDict- DE: "OK"-"=b"-
#422441	REDUCE cov: 1388 ft: 5301 corp: 886/278Kb lim: 1372 exec/s: 10058 rss: 564Mb L: 109/1353 MS: 1 EraseBytes-
#423030	REDUCE cov: 1388 ft: 5301 corp: 886/278Kb lim: 1372 exec/s: 10072 rss: 564Mb L: 269/1353 MS: 4 CrossOver-CMP-ChangeASCIIInt-EraseBytes- DE: "\314\013\005\000\000\000\000\000"-
#423397	REDUCE cov: 1388 ft: 5301 corp: 886/278Kb lim: 1372 exec/s: 10080 rss: 564Mb L: 494/1353 MS: 2 InsertByte-EraseBytes-
#423546	REDUCE cov: 1388 ft: 5301 corp: 886/278Kb lim: 1372 exec/s: 10084 rss: 564Mb L: 398/1353 MS: 4 PersAutoDict-ChangeBit-EraseBytes-InsertByte- DE: "lbu      %[temp1],  0+0*"-
#423618	REDUCE cov: 1388 ft: 5301 corp: 886/278Kb lim: 1372 exec/s: 10086 rss: 564Mb L: 734/1353 MS: 2 ShuffleBytes-EraseBytes-
#423699	REDUCE cov: 1388 ft: 5307 corp: 887/278Kb lim: 1372 exec/s: 10088 rss: 564Mb L: 134/1353 MS: 1 ChangeBinInt-
#425122	REDUCE cov: 1388 ft: 5307 corp: 887/278Kb lim: 1382 exec/s: 10121 rss: 564Mb L: 728/1353 MS: 3 ManualDict-EraseBytes-CrossOver- DE: "Output aborted."-
#425833	REDUCE cov: 1388 ft: 5307 corp: 887/278Kb lim: 1382 exec/s: 10138 rss: 564Mb L: 136/1353 MS: 1 EraseBytes-
#425835	REDUCE cov: 1388 ft: 5307 corp: 887/278Kb lim: 1382 exec/s: 10138 rss: 564Mb L: 277/1353 MS: 2 ShuffleBytes-EraseBytes-
#425852	REDUCE cov: 1388 ft: 5307 corp: 887/278Kb lim: 1382 exec/s: 10139 rss: 564Mb L: 213/1353 MS: 2 ChangeBit-EraseBytes-
#425878	REDUCE cov: 1388 ft: 5307 corp: 887/278Kb lim: 1382 exec/s: 10139 rss: 564Mb L: 527/1353 MS: 1 EraseBytes-
#425935	REDUCE cov: 1388 ft: 5307 corp: 887/278Kb lim: 1382 exec/s: 10141 rss: 564Mb L: 176/1353 MS: 2 PersAutoDict-EraseBytes- DE: "preceu.ph.qbr   %["-
#426529	REDUCE cov: 1388 ft: 5307 corp: 887/278Kb lim: 1382 exec/s: 9919 rss: 564Mb L: 596/1353 MS: 4 CopyPart-CrossOver-InsertByte-EraseBytes-
#428039	REDUCE cov: 1388 ft: 5307 corp: 887/278Kb lim: 1392 exec/s: 9954 rss: 564Mb L: 345/1353 MS: 5 CMP-ChangeBit-ChangeBit-InsertByte-EraseBytes- DE: "\017\000"-
#428185	REDUCE cov: 1388 ft: 5307 corp: 887/278Kb lim: 1392 exec/s: 9957 rss: 564Mb L: 857/1353 MS: 1 EraseBytes-
#429291	REDUCE cov: 1388 ft: 5307 corp: 887/278Kb lim: 1402 exec/s: 9983 rss: 564Mb L: 185/1353 MS: 1 EraseBytes-
#429752	REDUCE cov: 1388 ft: 5307 corp: 887/278Kb lim: 1402 exec/s: 9994 rss: 564Mb L: 138/1353 MS: 1 EraseBytes-
#429850	REDUCE cov: 1388 ft: 5307 corp: 887/278Kb lim: 1402 exec/s: 9996 rss: 564Mb L: 357/1353 MS: 3 EraseBytes-ChangeByte-ChangeByte-
#430116	REDUCE cov: 1388 ft: 5307 corp: 887/277Kb lim: 1402 exec/s: 10002 rss: 564Mb L: 192/1353 MS: 1 EraseBytes-
#430143	REDUCE cov: 1389 ft: 5308 corp: 888/278Kb lim: 1402 exec/s: 10003 rss: 564Mb L: 527/1353 MS: 2 CrossOver-ChangeBit-
#430389	REDUCE cov: 1389 ft: 5308 corp: 888/278Kb lim: 1402 exec/s: 10009 rss: 564Mb L: 479/1353 MS: 1 EraseBytes-
#430740	REDUCE cov: 1389 ft: 5308 corp: 888/278Kb lim: 1402 exec/s: 10017 rss: 564Mb L: 132/1353 MS: 1 EraseBytes-
#430968	REDUCE cov: 1389 ft: 5308 corp: 888/278Kb lim: 1402 exec/s: 10022 rss: 564Mb L: 78/1353 MS: 3 ChangeByte-ShuffleBytes-EraseBytes-
#431714	REDUCE cov: 1389 ft: 5308 corp: 888/278Kb lim: 1402 exec/s: 10039 rss: 564Mb L: 440/1353 MS: 1 EraseBytes-
#432543	REDUCE cov: 1389 ft: 5308 corp: 888/278Kb lim: 1402 exec/s: 10059 rss: 564Mb L: 124/1353 MS: 4 ChangeBinInt-InsertByte-ManualDict-EraseBytes- DE: "(kC1), [kC2]"-
#432732	REDUCE cov: 1389 ft: 5308 corp: 888/278Kb lim: 1402 exec/s: 9834 rss: 564Mb L: 728/1353 MS: 4 ChangeBit-InsertRepeatedBytes-ChangeByte-EraseBytes-
#433324	REDUCE cov: 1389 ft: 5308 corp: 888/278Kb lim: 1402 exec/s: 9848 rss: 564Mb L: 411/1353 MS: 2 EraseBytes-CrossOver-
#433580	NEW    cov: 1389 ft: 5309 corp: 889/278Kb lim: 1402 exec/s: 9854 rss: 564Mb L: 206/1353 MS: 1 InsertByte-
#433736	REDUCE cov: 1389 ft: 5309 corp: 889/278Kb lim: 1402 exec/s: 9857 rss: 564Mb L: 458/1353 MS: 1 EraseBytes-
#433738	REDUCE cov: 1389 ft: 5309 corp: 889/278Kb lim: 1402 exec/s: 9857 rss: 564Mb L: 173/1353 MS: 2 InsertRepeatedBytes-EraseBytes-
#434174	REDUCE cov: 1389 ft: 5309 corp: 889/278Kb lim: 1402 exec/s: 9867 rss: 564Mb L: 293/1353 MS: 1 EraseBytes-
#434555	REDUCE cov: 1389 ft: 5309 corp: 889/278Kb lim: 1402 exec/s: 9876 rss: 564Mb L: 207/1353 MS: 1 EraseBytes-
#434921	REDUCE cov: 1389 ft: 5309 corp: 889/278Kb lim: 1402 exec/s: 9884 rss: 564Mb L: 263/1353 MS: 1 EraseBytes-
#435102	REDUCE cov: 1389 ft: 5309 corp: 889/278Kb lim: 1402 exec/s: 9888 rss: 564Mb L: 310/1353 MS: 1 EraseBytes-
#435143	REDUCE cov: 1389 ft: 5309 corp: 889/278Kb lim: 1402 exec/s: 9889 rss: 564Mb L: 545/1353 MS: 1 EraseBytes-
#435365	REDUCE cov: 1389 ft: 5309 corp: 889/278Kb lim: 1402 exec/s: 9894 rss: 564Mb L: 220/1353 MS: 2 PersAutoDict-EraseBytes- DE: "\000\000\000\000\000\000\000q"-
#435538	REDUCE cov: 1389 ft: 5309 corp: 889/278Kb lim: 1402 exec/s: 9898 rss: 564Mb L: 176/1353 MS: 3 InsertByte-ChangeBit-EraseBytes-
#436004	REDUCE cov: 1389 ft: 5309 corp: 889/278Kb lim: 1402 exec/s: 9909 rss: 564Mb L: 107/1353 MS: 1 EraseBytes-
#436816	REDUCE cov: 1389 ft: 5309 corp: 889/278Kb lim: 1402 exec/s: 9927 rss: 564Mb L: 249/1353 MS: 2 ManualDict-EraseBytes- DE: "lbu      %[temp11], 2+1*"-
#437255	REDUCE cov: 1389 ft: 5309 corp: 889/278Kb lim: 1402 exec/s: 9937 rss: 564Mb L: 176/1353 MS: 4 ChangeBinInt-CopyPart-ShuffleBytes-EraseBytes-
#437856	NEW    cov: 1389 ft: 5312 corp: 890/278Kb lim: 1402 exec/s: 9730 rss: 564Mb L: 282/1353 MS: 1 CMP- DE: "\377;"-
#437857	REDUCE cov: 1389 ft: 5312 corp: 890/278Kb lim: 1402 exec/s: 9730 rss: 564Mb L: 362/1353 MS: 1 EraseBytes-
#437889	REDUCE cov: 1389 ft: 5312 corp: 890/278Kb lim: 1402 exec/s: 9730 rss: 564Mb L: 149/1353 MS: 2 ManualDict-EraseBytes- DE: "sh     %["-
#438388	REDUCE cov: 1389 ft: 5312 corp: 890/278Kb lim: 1402 exec/s: 9741 rss: 564Mb L: 214/1353 MS: 4 ChangeASCIIInt-EraseBytes-CMP-CMP- DE: "h\000\000\000"-"\001\000\000\332"-
#438519	REDUCE cov: 1389 ft: 5312 corp: 890/278Kb lim: 1402 exec/s: 9744 rss: 564Mb L: 197/1353 MS: 1 EraseBytes-
#438598	NEW    cov: 1389 ft: 5314 corp: 891/278Kb lim: 1402 exec/s: 9746 rss: 564Mb L: 388/1353 MS: 4 PersAutoDict-ChangeByte-ChangeASCIIInt-InsertRepeatedBytes- DE: "addu    %[temp16],      %["-
#438801	REDUCE cov: 1389 ft: 5314 corp: 891/278Kb lim: 1402 exec/s: 9751 rss: 564Mb L: 120/1353 MS: 3 CrossOver-EraseBytes-CrossOver-
#439242	REDUCE cov: 1389 ft: 5314 corp: 891/278Kb lim: 1402 exec/s: 9760 rss: 564Mb L: 252/1353 MS: 1 EraseBytes-
#439249	REDUCE cov: 1389 ft: 5314 corp: 891/278Kb lim: 1402 exec/s: 9761 rss: 564Mb L: 21/1353 MS: 2 ChangeBinInt-EraseBytes-
#439406	REDUCE cov: 1389 ft: 5314 corp: 891/278Kb lim: 1402 exec/s: 9764 rss: 564Mb L: 383/1353 MS: 2 ShuffleBytes-EraseBytes-
#439810	REDUCE cov: 1389 ft: 5314 corp: 891/278Kb lim: 1402 exec/s: 9773 rss: 564Mb L: 321/1353 MS: 4 ChangeBit-ChangeBinInt-EraseBytes-PersAutoDict- DE: "lbu     %[temp16],      0+"-
#440014	REDUCE cov: 1389 ft: 5314 corp: 891/278Kb lim: 1402 exec/s: 9778 rss: 564Mb L: 82/1353 MS: 4 ChangeBinInt-InsertRepeatedBytes-ShuffleBytes-EraseBytes-
#440476	REDUCE cov: 1389 ft: 5314 corp: 891/278Kb lim: 1402 exec/s: 9788 rss: 564Mb L: 107/1353 MS: 2 InsertByte-EraseBytes-
#440609	REDUCE cov: 1389 ft: 5314 corp: 891/278Kb lim: 1402 exec/s: 9791 rss: 564Mb L: 32/1353 MS: 3 ShuffleBytes-ShuffleBytes-EraseBytes-
#440909	REDUCE cov: 1389 ft: 5314 corp: 891/278Kb lim: 1402 exec/s: 9797 rss: 564Mb L: 207/1353 MS: 5 PersAutoDict-InsertRepeatedBytes-ChangeASCIIInt-CMP-EraseBytes- DE: "sb       %[temp18], 1+0*"-"RALP"-
#441196	REDUCE cov: 1389 ft: 5314 corp: 891/278Kb lim: 1402 exec/s: 9804 rss: 564Mb L: 615/1353 MS: 2 InsertByte-EraseBytes-
#441752	REDUCE cov: 1389 ft: 5314 corp: 891/278Kb lim: 1402 exec/s: 9603 rss: 564Mb L: 729/1353 MS: 1 EraseBytes-
#443090	REDUCE cov: 1389 ft: 5314 corp: 891/278Kb lim: 1412 exec/s: 9632 rss: 564Mb L: 184/1353 MS: 3 PersAutoDict-ChangeBit-EraseBytes- DE: "\000\000\000\000\000\000\000\003"-
#443966	REDUCE cov: 1389 ft: 5315 corp: 892/278Kb lim: 1412 exec/s: 9651 rss: 564Mb L: 365/1353 MS: 1 CMP- DE: "\001\000\000\000\000\000\002z"-
#444152	REDUCE cov: 1389 ft: 5315 corp: 892/278Kb lim: 1412 exec/s: 9655 rss: 564Mb L: 171/1353 MS: 1 EraseBytes-
#444248	REDUCE cov: 1389 ft: 5315 corp: 892/278Kb lim: 1412 exec/s: 9657 rss: 564Mb L: 129/1353 MS: 1 EraseBytes-
#444360	REDUCE cov: 1389 ft: 5315 corp: 892/278Kb lim: 1412 exec/s: 9660 rss: 564Mb L: 163/1353 MS: 2 ShuffleBytes-EraseBytes-
#444641	REDUCE cov: 1389 ft: 5315 corp: 892/278Kb lim: 1412 exec/s: 9666 rss: 564Mb L: 318/1353 MS: 1 EraseBytes-
#444914	REDUCE cov: 1389 ft: 5315 corp: 892/278Kb lim: 1412 exec/s: 9672 rss: 564Mb L: 787/1353 MS: 3 ChangeByte-InsertRepeatedBytes-EraseBytes-
#445117	REDUCE cov: 1389 ft: 5315 corp: 892/278Kb lim: 1412 exec/s: 9676 rss: 564Mb L: 313/1353 MS: 3 ChangeBit-ChangeASCIIInt-EraseBytes-
#445388	REDUCE cov: 1389 ft: 5315 corp: 892/278Kb lim: 1412 exec/s: 9682 rss: 564Mb L: 171/1353 MS: 1 EraseBytes-
#445722	REDUCE cov: 1389 ft: 5316 corp: 893/278Kb lim: 1412 exec/s: 9689 rss: 564Mb L: 389/1353 MS: 4 CMP-CMP-ChangeBinInt-ShuffleBytes- DE: "6\000"-"\000\000\000\000"-
#446228	REDUCE cov: 1389 ft: 5316 corp: 893/278Kb lim: 1412 exec/s: 9700 rss: 564Mb L: 172/1353 MS: 1 EraseBytes-
#446976	REDUCE cov: 1389 ft: 5316 corp: 893/278Kb lim: 1412 exec/s: 9716 rss: 564Mb L: 125/1353 MS: 3 ChangeBinInt-CopyPart-EraseBytes-
#447279	REDUCE cov: 1389 ft: 5316 corp: 893/278Kb lim: 1412 exec/s: 9723 rss: 564Mb L: 319/1353 MS: 3 ChangeByte-CMP-EraseBytes- DE: "\000\000\000\000"-
#447336	REDUCE cov: 1389 ft: 5316 corp: 893/278Kb lim: 1412 exec/s: 9724 rss: 564Mb L: 121/1353 MS: 2 ChangeASCIIInt-EraseBytes-
#447567	REDUCE cov: 1389 ft: 5316 corp: 893/278Kb lim: 1412 exec/s: 9729 rss: 564Mb L: 334/1353 MS: 1 EraseBytes-
#447673	REDUCE cov: 1389 ft: 5316 corp: 893/278Kb lim: 1412 exec/s: 9732 rss: 564Mb L: 23/1353 MS: 1 EraseBytes-
#448329	NEW    cov: 1389 ft: 5320 corp: 894/278Kb lim: 1412 exec/s: 9340 rss: 861Mb L: 112/1353 MS: 1 ChangeBinInt-
#448580	REDUCE cov: 1389 ft: 5320 corp: 894/278Kb lim: 1412 exec/s: 9154 rss: 861Mb L: 122/1353 MS: 1 EraseBytes-
#448620	NEW    cov: 1389 ft: 5321 corp: 895/279Kb lim: 1412 exec/s: 9155 rss: 861Mb L: 588/1353 MS: 5 PersAutoDict-CMP-InsertRepeatedBytes-EraseBytes-CrossOver- DE: "sb       %[temp8],  1+3*"-"\266\000\000\000"-
#448664	REDUCE cov: 1389 ft: 5321 corp: 895/279Kb lim: 1412 exec/s: 9156 rss: 861Mb L: 1077/1353 MS: 4 CopyPart-ChangeASCIIInt-PersAutoDict-EraseBytes- DE: "\000\000\000\012"-
#448754	NEW    cov: 1389 ft: 5328 corp: 896/279Kb lim: 1412 exec/s: 9158 rss: 861Mb L: 492/1353 MS: 5 InsertRepeatedBytes-ChangeASCIIInt-ManualDict-ChangeBinInt-CMP- DE: "[4], "-"VP8 "-
#449007	REDUCE cov: 1389 ft: 5328 corp: 896/279Kb lim: 1412 exec/s: 9163 rss: 861Mb L: 125/1353 MS: 3 InsertByte-CrossOver-CMP- DE: "s\000\000\000\000\000\000\000"-
#449268	REDUCE cov: 1389 ft: 5328 corp: 896/279Kb lim: 1412 exec/s: 9168 rss: 861Mb L: 370/1353 MS: 1 EraseBytes-
#449358	REDUCE cov: 1389 ft: 5328 corp: 896/279Kb lim: 1412 exec/s: 9170 rss: 861Mb L: 526/1353 MS: 5 ChangeBinInt-ChangeBit-ChangeByte-ChangeByte-EraseBytes-
#450174	REDUCE cov: 1389 ft: 5328 corp: 896/279Kb lim: 1412 exec/s: 9187 rss: 861Mb L: 127/1353 MS: 1 EraseBytes-
#450365	REDUCE cov: 1389 ft: 5328 corp: 896/279Kb lim: 1412 exec/s: 9191 rss: 861Mb L: 143/1353 MS: 1 EraseBytes-
#450611	REDUCE cov: 1389 ft: 5333 corp: 897/280Kb lim: 1412 exec/s: 9196 rss: 861Mb L: 405/1353 MS: 1 CopyPart-
#450645	REDUCE cov: 1389 ft: 5333 corp: 897/280Kb lim: 1412 exec/s: 9196 rss: 861Mb L: 139/1353 MS: 4 PersAutoDict-CMP-ManualDict-EraseBytes- DE: "Q\000\000\000\000\000\000\000"-"\000\000\000\231"-"lbu     %[temp0],    "-
#450956	REDUCE cov: 1389 ft: 5333 corp: 897/280Kb lim: 1412 exec/s: 9203 rss: 861Mb L: 441/1353 MS: 1 EraseBytes-
#451143	REDUCE cov: 1389 ft: 5333 corp: 897/280Kb lim: 1412 exec/s: 9207 rss: 861Mb L: 147/1353 MS: 2 ChangeBinInt-CrossOver-
#451452	REDUCE cov: 1389 ft: 5334 corp: 898/280Kb lim: 1412 exec/s: 9213 rss: 861Mb L: 858/1353 MS: 4 InsertByte-ChangeASCIIInt-CrossOver-ChangeByte-
#452424	REDUCE cov: 1389 ft: 5334 corp: 898/280Kb lim: 1412 exec/s: 9233 rss: 861Mb L: 535/1353 MS: 2 InsertRepeatedBytes-EraseBytes-
#453742	REDUCE cov: 1389 ft: 5334 corp: 898/280Kb lim: 1422 exec/s: 9074 rss: 861Mb L: 124/1353 MS: 3 CMP-ChangeByte-EraseBytes- DE: "\001\001"-
#454049	REDUCE cov: 1389 ft: 5334 corp: 898/280Kb lim: 1422 exec/s: 9080 rss: 861Mb L: 1165/1353 MS: 2 ChangeByte-EraseBytes-
#454091	REDUCE cov: 1389 ft: 5334 corp: 898/280Kb lim: 1422 exec/s: 9081 rss: 861Mb L: 471/1353 MS: 2 EraseBytes-ChangeBinInt-
#454308	REDUCE cov: 1389 ft: 5335 corp: 899/280Kb lim: 1422 exec/s: 9086 rss: 861Mb L: 170/1353 MS: 2 ChangeASCIIInt-CMP- DE: "I\000\000\000\000\000\000\000"-
#454604	REDUCE cov: 1389 ft: 5337 corp: 900/281Kb lim: 1422 exec/s: 8117 rss: 1056Mb L: 383/1353 MS: 1 ManualDict- DE: "lbu     %[temp16],      0+"-
#454640	NEW    cov: 1389 ft: 5338 corp: 901/281Kb lim: 1422 exec/s: 8118 rss: 1056Mb L: 492/1353 MS: 1 ChangeBinInt-
#455079	REDUCE cov: 1389 ft: 5338 corp: 901/281Kb lim: 1422 exec/s: 8126 rss: 1056Mb L: 540/1353 MS: 4 CMP-PersAutoDict-EraseBytes-ChangeBinInt- DE: "VP8L"-"\251LPH"-
#455191	REDUCE cov: 1389 ft: 5338 corp: 901/281Kb lim: 1422 exec/s: 8128 rss: 1056Mb L: 526/1353 MS: 2 ChangeByte-EraseBytes-
#455648	NEW    cov: 1389 ft: 5339 corp: 902/282Kb lim: 1422 exec/s: 8136 rss: 1056Mb L: 520/1353 MS: 2 CMP-CrossOver- DE: "!\001\000\000\000\000\000\000"-
#456415	REDUCE cov: 1389 ft: 5339 corp: 902/282Kb lim: 1422 exec/s: 8150 rss: 1056Mb L: 498/1353 MS: 2 ChangeBit-EraseBytes-
#456684	REDUCE cov: 1389 ft: 5339 corp: 902/282Kb lim: 1422 exec/s: 8155 rss: 1056Mb L: 60/1353 MS: 4 ChangeASCIIInt-ShuffleBytes-PersAutoDict-EraseBytes- DE: "s\000\000\000\000\000\000\000"-
#457046	REDUCE cov: 1389 ft: 5339 corp: 902/282Kb lim: 1422 exec/s: 8161 rss: 1056Mb L: 97/1353 MS: 2 CopyPart-EraseBytes-
#457147	REDUCE cov: 1389 ft: 5339 corp: 902/282Kb lim: 1422 exec/s: 8163 rss: 1056Mb L: 172/1353 MS: 1 EraseBytes-
#457999	REDUCE cov: 1389 ft: 5339 corp: 902/282Kb lim: 1422 exec/s: 8035 rss: 1056Mb L: 536/1353 MS: 2 ChangeBinInt-EraseBytes-
#458337	REDUCE cov: 1389 ft: 5340 corp: 903/282Kb lim: 1422 exec/s: 8041 rss: 1056Mb L: 286/1353 MS: 3 ManualDict-ChangeASCIIInt-ChangeASCIIInt- DE: "(pout), [max_level1]"-
#459059	REDUCE cov: 1389 ft: 5340 corp: 903/282Kb lim: 1422 exec/s: 8053 rss: 1056Mb L: 339/1353 MS: 2 CMP-EraseBytes- DE: "VP4X"-
#459261	NEW    cov: 1389 ft: 5341 corp: 904/282Kb lim: 1422 exec/s: 8057 rss: 1056Mb L: 450/1353 MS: 2 PersAutoDict-ChangeBit- DE: "\377\377\377\377\377\377\377\377"-
#459314	NEW    cov: 1389 ft: 5342 corp: 905/283Kb lim: 1422 exec/s: 8058 rss: 1056Mb L: 365/1353 MS: 3 ChangeBinInt-ChangeBinInt-ChangeBinInt-
#459981	REDUCE cov: 1389 ft: 5342 corp: 905/283Kb lim: 1422 exec/s: 8069 rss: 1056Mb L: 748/1353 MS: 2 ChangeBit-EraseBytes-
#460065	REDUCE cov: 1389 ft: 5342 corp: 905/283Kb lim: 1422 exec/s: 8071 rss: 1056Mb L: 310/1353 MS: 4 ChangeBit-CrossOver-CMP-EraseBytes- DE: "VP8L"-
#460301	REDUCE cov: 1389 ft: 5342 corp: 905/283Kb lim: 1422 exec/s: 8075 rss: 1056Mb L: 264/1353 MS: 1 EraseBytes-
#460362	REDUCE cov: 1389 ft: 5342 corp: 905/282Kb lim: 1422 exec/s: 8076 rss: 1056Mb L: 551/1353 MS: 1 EraseBytes-
#460708	REDUCE cov: 1389 ft: 5342 corp: 905/282Kb lim: 1422 exec/s: 8082 rss: 1056Mb L: 166/1353 MS: 1 EraseBytes-
#460873	NEW    cov: 1389 ft: 5343 corp: 906/283Kb lim: 1422 exec/s: 8085 rss: 1056Mb L: 480/1353 MS: 5 ChangeBinInt-CopyPart-CrossOver-ChangeBit-ChangeBit-
#461285	REDUCE cov: 1389 ft: 5343 corp: 906/283Kb lim: 1422 exec/s: 8092 rss: 1056Mb L: 357/1353 MS: 2 EraseBytes-EraseBytes-
#461316	REDUCE cov: 1389 ft: 5343 corp: 906/283Kb lim: 1422 exec/s: 8093 rss: 1056Mb L: 190/1353 MS: 1 EraseBytes-
#462037	NEW    cov: 1389 ft: 5344 corp: 907/284Kb lim: 1422 exec/s: 8105 rss: 1056Mb L: 791/1353 MS: 1 InsertRepeatedBytes-
#463144	REDUCE cov: 1389 ft: 5345 corp: 908/284Kb lim: 1432 exec/s: 8125 rss: 1056Mb L: 495/1353 MS: 2 InsertRepeatedBytes-CopyPart-
#463502	REDUCE cov: 1389 ft: 5345 corp: 908/284Kb lim: 1432 exec/s: 7725 rss: 1056Mb L: 382/1353 MS: 3 CopyPart-ManualDict-EraseBytes- DE: "VP8L"-
#463683	REDUCE cov: 1389 ft: 5345 corp: 908/284Kb lim: 1432 exec/s: 7728 rss: 1056Mb L: 274/1353 MS: 1 EraseBytes-
#464991	REDUCE cov: 1389 ft: 5345 corp: 908/284Kb lim: 1442 exec/s: 7749 rss: 1056Mb L: 124/1353 MS: 3 ChangeBinInt-ChangeBinInt-EraseBytes-
#464993	REDUCE cov: 1389 ft: 5345 corp: 908/284Kb lim: 1442 exec/s: 7749 rss: 1056Mb L: 165/1353 MS: 2 ShuffleBytes-EraseBytes-
#464999	REDUCE cov: 1389 ft: 5345 corp: 908/284Kb lim: 1442 exec/s: 7622 rss: 1056Mb L: 108/1353 MS: 1 EraseBytes-
#465636	REDUCE cov: 1389 ft: 5345 corp: 908/284Kb lim: 1442 exec/s: 7510 rss: 1056Mb L: 335/1353 MS: 2 ChangeBit-EraseBytes-
#465812	REDUCE cov: 1389 ft: 5347 corp: 909/284Kb lim: 1442 exec/s: 7513 rss: 1056Mb L: 166/1353 MS: 1 ManualDict- DE: "slt     %[temp16],      %["-
#466013	REDUCE cov: 1389 ft: 5347 corp: 909/284Kb lim: 1442 exec/s: 7397 rss: 1056Mb L: 136/1353 MS: 1 EraseBytes-
#466170	REDUCE cov: 1389 ft: 5347 corp: 909/284Kb lim: 1442 exec/s: 7399 rss: 1056Mb L: 287/1353 MS: 2 ChangeBinInt-EraseBytes-
#466196	REDUCE cov: 1389 ft: 5347 corp: 909/284Kb lim: 1442 exec/s: 7399 rss: 1056Mb L: 352/1353 MS: 1 EraseBytes-
#466829	REDUCE cov: 1389 ft: 5347 corp: 909/284Kb lim: 1442 exec/s: 7409 rss: 1056Mb L: 176/1353 MS: 3 EraseBytes-ChangeASCIIInt-CMP- DE: "\377\377\377\377"-
#466866	REDUCE cov: 1389 ft: 5347 corp: 909/284Kb lim: 1442 exec/s: 7410 rss: 1056Mb L: 278/1353 MS: 2 InsertByte-EraseBytes-
#467042	REDUCE cov: 1389 ft: 5347 corp: 909/284Kb lim: 1442 exec/s: 7413 rss: 1056Mb L: 170/1353 MS: 1 EraseBytes-
#467103	REDUCE cov: 1389 ft: 5347 corp: 909/284Kb lim: 1442 exec/s: 7414 rss: 1056Mb L: 72/1353 MS: 1 EraseBytes-
#467569	REDUCE cov: 1389 ft: 5347 corp: 909/284Kb lim: 1442 exec/s: 7421 rss: 1056Mb L: 691/1353 MS: 1 EraseBytes-
#467666	REDUCE cov: 1389 ft: 5347 corp: 909/284Kb lim: 1442 exec/s: 7423 rss: 1056Mb L: 270/1353 MS: 2 ChangeBit-EraseBytes-
#467768	REDUCE cov: 1389 ft: 5347 corp: 909/284Kb lim: 1442 exec/s: 7424 rss: 1056Mb L: 350/1353 MS: 2 EraseBytes-PersAutoDict- DE: "VP8 nnnn"-
#467922	REDUCE cov: 1389 ft: 5347 corp: 909/284Kb lim: 1442 exec/s: 7427 rss: 1056Mb L: 274/1353 MS: 4 InsertRepeatedBytes-PersAutoDict-ChangeBinInt-EraseBytes- DE: "\274\000\000\000\000\000\000\000"-
#468153	REDUCE cov: 1389 ft: 5347 corp: 909/284Kb lim: 1442 exec/s: 7431 rss: 1056Mb L: 38/1353 MS: 1 EraseBytes-
#468270	NEW    cov: 1389 ft: 5361 corp: 910/285Kb lim: 1442 exec/s: 7432 rss: 1056Mb L: 744/1353 MS: 2 ShuffleBytes-CopyPart-
#468471	REDUCE cov: 1389 ft: 5361 corp: 910/285Kb lim: 1442 exec/s: 7436 rss: 1056Mb L: 713/1353 MS: 1 EraseBytes-
#468547	REDUCE cov: 1389 ft: 5361 corp: 910/285Kb lim: 1442 exec/s: 7099 rss: 1056Mb L: 129/1353 MS: 1 EraseBytes-
#468627	REDUCE cov: 1389 ft: 5361 corp: 910/285Kb lim: 1442 exec/s: 7100 rss: 1056Mb L: 112/1353 MS: 5 ChangeBinInt-ChangeBit-ChangeBit-EraseBytes-InsertRepeatedBytes-
#468683	NEW    cov: 1389 ft: 5362 corp: 911/285Kb lim: 1442 exec/s: 7101 rss: 1056Mb L: 727/1353 MS: 1 EraseBytes-
#469185	REDUCE cov: 1389 ft: 5362 corp: 911/285Kb lim: 1442 exec/s: 7108 rss: 1056Mb L: 345/1353 MS: 2 InsertByte-CrossOver-
#469203	REDUCE cov: 1389 ft: 5362 corp: 911/285Kb lim: 1442 exec/s: 7109 rss: 1056Mb L: 324/1353 MS: 3 CopyPart-ChangeBit-EraseBytes-
#469829	NEW    cov: 1389 ft: 5363 corp: 912/286Kb lim: 1442 exec/s: 7118 rss: 1056Mb L: 727/1353 MS: 1 ChangeBit-
#470100	REDUCE cov: 1389 ft: 5363 corp: 912/286Kb lim: 1442 exec/s: 7122 rss: 1056Mb L: 709/1353 MS: 1 EraseBytes-
#470991	REDUCE cov: 1389 ft: 5363 corp: 912/286Kb lim: 1442 exec/s: 7136 rss: 1056Mb L: 349/1353 MS: 1 EraseBytes-
#471772	REDUCE cov: 1389 ft: 5363 corp: 912/286Kb lim: 1442 exec/s: 7148 rss: 1056Mb L: 176/1353 MS: 1 EraseBytes-
#472454	REDUCE cov: 1389 ft: 5363 corp: 912/286Kb lim: 1442 exec/s: 7158 rss: 1056Mb L: 173/1353 MS: 2 InsertByte-EraseBytes-
#472568	REDUCE cov: 1389 ft: 5363 corp: 912/286Kb lim: 1442 exec/s: 7160 rss: 1056Mb L: 100/1353 MS: 4 ManualDict-InsertByte-EraseBytes-EraseBytes- DE: "sh           %[temp5],       "-
#472653	NEW    cov: 1389 ft: 5364 corp: 913/286Kb lim: 1442 exec/s: 7161 rss: 1056Mb L: 528/1353 MS: 5 ChangeBit-ShuffleBytes-ManualDict-ChangeBit-ChangeBinInt- DE: "subu            %[temp19],     %["-
#472809	NEW    cov: 1389 ft: 5365 corp: 914/286Kb lim: 1442 exec/s: 7163 rss: 1056Mb L: 34/1353 MS: 1 ChangeBit-
#473698	REDUCE cov: 1389 ft: 5366 corp: 915/287Kb lim: 1442 exec/s: 7070 rss: 1056Mb L: 412/1353 MS: 4 EraseBytes-ChangeBinInt-ChangeBit-ChangeBit-
#473980	REDUCE cov: 1389 ft: 5366 corp: 915/287Kb lim: 1442 exec/s: 7074 rss: 1056Mb L: 513/1353 MS: 2 ChangeBit-EraseBytes-
#474042	REDUCE cov: 1389 ft: 5366 corp: 915/287Kb lim: 1442 exec/s: 7075 rss: 1056Mb L: 133/1353 MS: 2 CMP-EraseBytes- DE: "\036\225"-
#474727	REDUCE cov: 1389 ft: 5366 corp: 915/287Kb lim: 1442 exec/s: 7085 rss: 1056Mb L: 320/1353 MS: 5 CMP-ShuffleBytes-ChangeBinInt-EraseBytes-InsertByte- DE: "\007\000"-
#474923	REDUCE cov: 1389 ft: 5366 corp: 915/287Kb lim: 1442 exec/s: 7088 rss: 1056Mb L: 203/1353 MS: 1 EraseBytes-
#474984	NEW    cov: 1389 ft: 5367 corp: 916/288Kb lim: 1442 exec/s: 6883 rss: 1056Mb L: 1287/1353 MS: 1 CopyPart-
#475102	REDUCE cov: 1389 ft: 5367 corp: 916/288Kb lim: 1442 exec/s: 6885 rss: 1056Mb L: 392/1353 MS: 3 ChangeBinInt-EraseBytes-EraseBytes-
#475179	REDUCE cov: 1389 ft: 5367 corp: 916/288Kb lim: 1442 exec/s: 6886 rss: 1056Mb L: 296/1353 MS: 2 ChangeASCIIInt-EraseBytes-
#475618	REDUCE cov: 1389 ft: 5367 corp: 916/288Kb lim: 1442 exec/s: 6893 rss: 1056Mb L: 417/1353 MS: 4 ChangeBinInt-ChangeBinInt-ManualDict-CrossOver- DE: "mflo            %["-
#476214	REDUCE cov: 1389 ft: 5367 corp: 916/288Kb lim: 1442 exec/s: 6803 rss: 1056Mb L: 168/1353 MS: 1 EraseBytes-
#476252	REDUCE cov: 1389 ft: 5367 corp: 916/288Kb lim: 1442 exec/s: 6803 rss: 1056Mb L: 298/1353 MS: 3 ChangeBinInt-ChangeBit-EraseBytes-
#476258	NEW    cov: 1389 ft: 5368 corp: 917/288Kb lim: 1442 exec/s: 6803 rss: 1056Mb L: 501/1353 MS: 1 EraseBytes-
#476325	REDUCE cov: 1389 ft: 5370 corp: 918/289Kb lim: 1442 exec/s: 6804 rss: 1056Mb L: 466/1353 MS: 2 CMP-CMP- DE: "\013\000"-"\001\000\000\000\000\000\000\033"-
#476328	REDUCE cov: 1389 ft: 5370 corp: 918/289Kb lim: 1442 exec/s: 6804 rss: 1056Mb L: 654/1353 MS: 3 PersAutoDict-ChangeByte-EraseBytes- DE: " #stride "-
#476693	REDUCE cov: 1389 ft: 5370 corp: 918/289Kb lim: 1442 exec/s: 6809 rss: 1056Mb L: 403/1353 MS: 5 ChangeASCIIInt-ShuffleBytes-ChangeByte-ChangeBinInt-EraseBytes-
#476695	REDUCE cov: 1389 ft: 5370 corp: 918/289Kb lim: 1442 exec/s: 6809 rss: 1056Mb L: 787/1353 MS: 2 InsertByte-EraseBytes-
#476736	REDUCE cov: 1389 ft: 5370 corp: 918/289Kb lim: 1442 exec/s: 6810 rss: 1056Mb L: 185/1353 MS: 1 EraseBytes-
#476837	REDUCE cov: 1389 ft: 5370 corp: 918/289Kb lim: 1442 exec/s: 6811 rss: 1056Mb L: 127/1353 MS: 1 EraseBytes-
#477661	REDUCE cov: 1389 ft: 5370 corp: 918/289Kb lim: 1442 exec/s: 6823 rss: 1056Mb L: 139/1353 MS: 4 CMP-PersAutoDict-ChangeBit-EraseBytes- DE: "\001\000\000\000\000\000\000\010"-"\000\000\000\000\000\000\000\302"-
#478108	REDUCE cov: 1389 ft: 5370 corp: 918/289Kb lim: 1442 exec/s: 6290 rss: 1056Mb L: 232/1353 MS: 2 ChangeBinInt-EraseBytes-
#478132	REDUCE cov: 1389 ft: 5370 corp: 918/289Kb lim: 1442 exec/s: 6291 rss: 1056Mb L: 715/1353 MS: 4 ChangeASCIIInt-InsertRepeatedBytes-InsertByte-EraseBytes-
#478683	REDUCE cov: 1389 ft: 5370 corp: 918/288Kb lim: 1442 exec/s: 6298 rss: 1056Mb L: 678/1353 MS: 1 EraseBytes-
#479114	REDUCE cov: 1389 ft: 5370 corp: 918/288Kb lim: 1442 exec/s: 6222 rss: 1056Mb L: 254/1353 MS: 1 EraseBytes-
#479413	REDUCE cov: 1389 ft: 5370 corp: 918/288Kb lim: 1442 exec/s: 6226 rss: 1056Mb L: 125/1353 MS: 4 ChangeBinInt-ChangeASCIIInt-ChangeByte-EraseBytes-
#479458	REDUCE cov: 1389 ft: 5370 corp: 918/288Kb lim: 1442 exec/s: 6226 rss: 1056Mb L: 177/1353 MS: 5 CopyPart-ChangeBinInt-CMP-CopyPart-EraseBytes- DE: "VP8 "-
#480056	REDUCE cov: 1389 ft: 5370 corp: 918/288Kb lim: 1442 exec/s: 6234 rss: 1056Mb L: 126/1353 MS: 3 ChangeASCIIInt-CMP-EraseBytes- DE: "\000\000\000\000\000\000\0028"-
#480473	REDUCE cov: 1389 ft: 5370 corp: 918/288Kb lim: 1442 exec/s: 6239 rss: 1056Mb L: 287/1353 MS: 2 PersAutoDict-EraseBytes- DE: "\030\000"-
#480724	REDUCE cov: 1389 ft: 5370 corp: 918/288Kb lim: 1442 exec/s: 6243 rss: 1056Mb L: 54/1353 MS: 1 EraseBytes-
#481022	REDUCE cov: 1389 ft: 5370 corp: 918/288Kb lim: 1442 exec/s: 6247 rss: 1056Mb L: 132/1353 MS: 3 ShuffleBytes-ChangeBit-EraseBytes-
#481202	REDUCE cov: 1389 ft: 5370 corp: 918/288Kb lim: 1442 exec/s: 6249 rss: 1056Mb L: 187/1353 MS: 5 ManualDict-CrossOver-ShuffleBytes-InsertByte-EraseBytes- DE: "replv.qb %0, %0"-
#481266	REDUCE cov: 1389 ft: 5370 corp: 918/288Kb lim: 1442 exec/s: 6250 rss: 1056Mb L: 401/1353 MS: 4 ManualDict-EraseBytes-ChangeByte-CopyPart- DE: "movn    %["-
#481862	REDUCE cov: 1389 ft: 5370 corp: 918/288Kb lim: 1442 exec/s: 6257 rss: 1056Mb L: 441/1353 MS: 1 EraseBytes-
#482111	REDUCE cov: 1389 ft: 5370 corp: 918/288Kb lim: 1442 exec/s: 6261 rss: 1056Mb L: 357/1353 MS: 4 ChangeBinInt-InsertByte-InsertRepeatedBytes-EraseBytes-
#482805	REDUCE cov: 1389 ft: 5370 corp: 918/288Kb lim: 1442 exec/s: 6111 rss: 1056Mb L: 332/1353 MS: 4 ChangeASCIIInt-EraseBytes-InsertByte-ManualDict- DE: "(kBPS), [coeff16] "-
#483328	REDUCE cov: 1389 ft: 5370 corp: 918/288Kb lim: 1442 exec/s: 5823 rss: 1057Mb L: 152/1353 MS: 3 ChangeBit-ChangeASCIIInt-EraseBytes-
#483511	REDUCE cov: 1389 ft: 5370 corp: 918/288Kb lim: 1442 exec/s: 5825 rss: 1057Mb L: 463/1353 MS: 3 ChangeByte-ChangeBinInt-EraseBytes-
#483525	NEW    cov: 1389 ft: 5371 corp: 919/289Kb lim: 1442 exec/s: 5825 rss: 1057Mb L: 612/1353 MS: 4 PersAutoDict-ShuffleBytes-InsertRepeatedBytes-PersAutoDict- DE: "\001\000\000\000\000\000\000\010"-"sh     %["-
#484131	REDUCE cov: 1389 ft: 5371 corp: 919/289Kb lim: 1442 exec/s: 5832 rss: 1057Mb L: 567/1353 MS: 1 EraseBytes-
#484213	REDUCE cov: 1389 ft: 5371 corp: 919/289Kb lim: 1442 exec/s: 5833 rss: 1057Mb L: 538/1353 MS: 2 EraseBytes-InsertRepeatedBytes-
#484349	REDUCE cov: 1389 ft: 5371 corp: 919/289Kb lim: 1442 exec/s: 5835 rss: 1057Mb L: 462/1353 MS: 1 CrossOver-
#484432	NEW    cov: 1389 ft: 5372 corp: 920/289Kb lim: 1442 exec/s: 5836 rss: 1057Mb L: 664/1353 MS: 3 ChangeASCIIInt-ShuffleBytes-CopyPart-
#484510	REDUCE cov: 1389 ft: 5372 corp: 920/289Kb lim: 1442 exec/s: 5837 rss: 1057Mb L: 198/1353 MS: 3 InsertByte-InsertByte-EraseBytes-
#484926	REDUCE cov: 1389 ft: 5372 corp: 920/289Kb lim: 1442 exec/s: 5842 rss: 1057Mb L: 259/1353 MS: 1 EraseBytes-
#485057	REDUCE cov: 1389 ft: 5372 corp: 920/289Kb lim: 1442 exec/s: 5844 rss: 1057Mb L: 661/1353 MS: 1 EraseBytes-
#485203	REDUCE cov: 1389 ft: 5372 corp: 920/289Kb lim: 1442 exec/s: 5845 rss: 1057Mb L: 340/1353 MS: 1 EraseBytes-
#485324	REDUCE cov: 1389 ft: 5372 corp: 920/289Kb lim: 1442 exec/s: 5777 rss: 1057Mb L: 183/1353 MS: 1 EraseBytes-
#486265	REDUCE cov: 1389 ft: 5372 corp: 920/289Kb lim: 1442 exec/s: 5788 rss: 1057Mb L: 125/1353 MS: 1 EraseBytes-
#487333	REDUCE cov: 1389 ft: 5374 corp: 921/289Kb lim: 1452 exec/s: 5414 rss: 1057Mb L: 151/1353 MS: 3 PersAutoDict-ChangeASCIIInt-ChangeBinInt- DE: "\001\007"-
#487734	REDUCE cov: 1389 ft: 5374 corp: 921/289Kb lim: 1452 exec/s: 5419 rss: 1057Mb L: 496/1353 MS: 1 CrossOver-
#487972	REDUCE cov: 1389 ft: 5374 corp: 921/289Kb lim: 1452 exec/s: 5421 rss: 1057Mb L: 152/1353 MS: 3 CrossOver-ManualDict-EraseBytes- DE: "addu            %["-
#488073	REDUCE cov: 1389 ft: 5374 corp: 921/289Kb lim: 1452 exec/s: 5423 rss: 1057Mb L: 142/1353 MS: 1 EraseBytes-
#488160	NEW    cov: 1389 ft: 5375 corp: 922/289Kb lim: 1452 exec/s: 5424 rss: 1057Mb L: 113/1353 MS: 2 InsertByte-ChangeASCIIInt-
#488597	NEW    cov: 1389 ft: 5376 corp: 923/290Kb lim: 1452 exec/s: 5428 rss: 1057Mb L: 588/1353 MS: 2 ShuffleBytes-CopyPart-
#489722	REDUCE cov: 1389 ft: 5376 corp: 923/290Kb lim: 1462 exec/s: 5381 rss: 1057Mb L: 191/1353 MS: 5 CrossOver-PersAutoDict-ManualDict-ChangeBinInt-ChangeByte- DE: "(stride), [thresh] "-"usw             %[temp2],   2*"-
#490705	REDUCE cov: 1389 ft: 5376 corp: 923/290Kb lim: 1462 exec/s: 5392 rss: 1057Mb L: 527/1353 MS: 3 EraseBytes-ShuffleBytes-CopyPart-
#491351	REDUCE cov: 1389 ft: 5376 corp: 923/290Kb lim: 1462 exec/s: 5399 rss: 1057Mb L: 332/1353 MS: 1 EraseBytes-
#492186	REDUCE cov: 1389 ft: 5376 corp: 923/290Kb lim: 1462 exec/s: 5408 rss: 1057Mb L: 274/1353 MS: 5 CMP-ManualDict-ChangeASCIIInt-ManualDict-EraseBytes- DE: ":RIF"-"addu   %[temp16],    %["-"lbu      %[temp5],  0+1*"-
#492509	REDUCE cov: 1389 ft: 5376 corp: 923/290Kb lim: 1462 exec/s: 5412 rss: 1057Mb L: 504/1353 MS: 3 ShuffleBytes-EraseBytes-ShuffleBytes-
#492842	REDUCE cov: 1389 ft: 5376 corp: 923/290Kb lim: 1462 exec/s: 5415 rss: 1057Mb L: 390/1353 MS: 3 EraseBytes-PersAutoDict-PersAutoDict- DE: "<< 8"-"MALLOC_FAIL_AT"-
#493103	REDUCE cov: 1389 ft: 5376 corp: 923/290Kb lim: 1462 exec/s: 5418 rss: 1057Mb L: 105/1353 MS: 1 EraseBytes-
#493151	REDUCE cov: 1389 ft: 5376 corp: 923/289Kb lim: 1462 exec/s: 5419 rss: 1057Mb L: 399/1353 MS: 3 InsertRepeatedBytes-CrossOver-EraseBytes-
#493276	REDUCE cov: 1389 ft: 5376 corp: 923/289Kb lim: 1462 exec/s: 5420 rss: 1057Mb L: 339/1353 MS: 5 CrossOver-CrossOver-CMP-CopyPart-EraseBytes- DE: "\000\000\000\000"-
#493427	REDUCE cov: 1389 ft: 5376 corp: 923/289Kb lim: 1462 exec/s: 5422 rss: 1057Mb L: 335/1353 MS: 1 EraseBytes-
#493481	NEW    cov: 1389 ft: 5377 corp: 924/291Kb lim: 1462 exec/s: 5422 rss: 1057Mb L: 1372/1372 MS: 4 CopyPart-ChangeByte-ShuffleBytes-CopyPart-
#493779	NEW    cov: 1389 ft: 5383 corp: 925/291Kb lim: 1462 exec/s: 5426 rss: 1057Mb L: 106/1372 MS: 3 PersAutoDict-ChangeByte-ChangeBit- DE: "$ac1lo"-
#493926	REDUCE cov: 1389 ft: 5383 corp: 925/291Kb lim: 1462 exec/s: 5427 rss: 1057Mb L: 474/1372 MS: 2 EraseBytes-ChangeByte-
#494210	REDUCE cov: 1389 ft: 5383 corp: 925/291Kb lim: 1462 exec/s: 5371 rss: 1057Mb L: 262/1372 MS: 4 ChangeASCIIInt-PersAutoDict-CMP-EraseBytes- DE: "\011\000"-"\001\000\0001"-
#494861	REDUCE cov: 1389 ft: 5383 corp: 925/291Kb lim: 1462 exec/s: 5378 rss: 1057Mb L: 411/1372 MS: 1 EraseBytes-
#494939	NEW    cov: 1389 ft: 5384 corp: 926/291Kb lim: 1462 exec/s: 5379 rss: 1057Mb L: 135/1372 MS: 3 ChangeBit-ShuffleBytes-EraseBytes-
#495561	REDUCE cov: 1389 ft: 5384 corp: 926/291Kb lim: 1462 exec/s: 5386 rss: 1057Mb L: 323/1372 MS: 2 ChangeBit-EraseBytes-
#495987	REDUCE cov: 1389 ft: 5384 corp: 926/291Kb lim: 1462 exec/s: 5061 rss: 1057Mb L: 524/1372 MS: 1 EraseBytes-
#496480	REDUCE cov: 1389 ft: 5384 corp: 926/290Kb lim: 1462 exec/s: 5066 rss: 1057Mb L: 495/1372 MS: 3 InsertByte-ChangeByte-EraseBytes-
#496587	REDUCE cov: 1389 ft: 5384 corp: 926/290Kb lim: 1462 exec/s: 5067 rss: 1057Mb L: 245/1372 MS: 2 ChangeBit-EraseBytes-
#496588	REDUCE cov: 1389 ft: 5384 corp: 926/290Kb lim: 1462 exec/s: 5067 rss: 1057Mb L: 307/1372 MS: 1 EraseBytes-
#496626	REDUCE cov: 1389 ft: 5384 corp: 926/290Kb lim: 1462 exec/s: 5067 rss: 1057Mb L: 709/1372 MS: 3 EraseBytes-ManualDict-CMP- DE: "(c1), [c2]"-"\377\377\377\377\377\377\377\377"-
#496686	REDUCE cov: 1389 ft: 5384 corp: 926/290Kb lim: 1462 exec/s: 5068 rss: 1057Mb L: 124/1372 MS: 5 CrossOver-EraseBytes-ChangeBinInt-ChangeByte-PersAutoDict- DE: "VP4X"-
#496835	REDUCE cov: 1389 ft: 5384 corp: 926/290Kb lim: 1462 exec/s: 5069 rss: 1057Mb L: 208/1372 MS: 4 ChangeByte-InsertByte-ChangeBinInt-EraseBytes-
#497430	REDUCE cov: 1389 ft: 5384 corp: 926/290Kb lim: 1462 exec/s: 5075 rss: 1057Mb L: 544/1372 MS: 5 ChangeASCIIInt-ChangeBit-ChangeBinInt-ChangeBit-EraseBytes-
#497665	REDUCE cov: 1389 ft: 5384 corp: 926/290Kb lim: 1462 exec/s: 5078 rss: 1057Mb L: 363/1372 MS: 5 EraseBytes-ChangeASCIIInt-InsertByte-InsertRepeatedBytes-ChangeBinInt-
#497713	REDUCE cov: 1389 ft: 5385 corp: 927/291Kb lim: 1462 exec/s: 5078 rss: 1057Mb L: 576/1372 MS: 3 CopyPart-InsertRepeatedBytes-ChangeBit-
#497861	REDUCE cov: 1389 ft: 5385 corp: 927/291Kb lim: 1462 exec/s: 5028 rss: 1057Mb L: 317/1372 MS: 3 ManualDict-ShuffleBytes-EraseBytes- DE: "lbu     %[temp7],    "-
#497919	REDUCE cov: 1389 ft: 5385 corp: 927/291Kb lim: 1462 exec/s: 5029 rss: 1057Mb L: 709/1372 MS: 3 PersAutoDict-CMP-EraseBytes- DE: "MALLOC_FAIL_AT"-"WE\277P"-
#498066	REDUCE cov: 1389 ft: 5385 corp: 927/290Kb lim: 1462 exec/s: 5030 rss: 1057Mb L: 249/1372 MS: 2 ShuffleBytes-EraseBytes-
#498142	REDUCE cov: 1389 ft: 5385 corp: 927/290Kb lim: 1462 exec/s: 5031 rss: 1057Mb L: 126/1372 MS: 1 EraseBytes-
#498203	REDUCE cov: 1389 ft: 5385 corp: 927/290Kb lim: 1462 exec/s: 5032 rss: 1057Mb L: 526/1372 MS: 1 EraseBytes-
#498325	REDUCE cov: 1389 ft: 5385 corp: 927/290Kb lim: 1462 exec/s: 5033 rss: 1057Mb L: 612/1372 MS: 2 ChangeBit-EraseBytes-
#498401	REDUCE cov: 1389 ft: 5385 corp: 927/290Kb lim: 1462 exec/s: 5034 rss: 1057Mb L: 175/1372 MS: 1 EraseBytes-
#498444	REDUCE cov: 1389 ft: 5385 corp: 927/290Kb lim: 1462 exec/s: 5034 rss: 1057Mb L: 335/1372 MS: 3 CopyPart-CrossOver-CrossOver-
#498610	REDUCE cov: 1389 ft: 5385 corp: 927/290Kb lim: 1462 exec/s: 5036 rss: 1057Mb L: 161/1372 MS: 1 EraseBytes-
#499006	REDUCE cov: 1389 ft: 5385 corp: 927/290Kb lim: 1462 exec/s: 5040 rss: 1057Mb L: 281/1372 MS: 1 EraseBytes-
#499231	REDUCE cov: 1389 ft: 5385 corp: 927/290Kb lim: 1462 exec/s: 5042 rss: 1057Mb L: 549/1372 MS: 5 ChangeBinInt-CopyPart-CopyPart-InsertRepeatedBytes-EraseBytes-
#499369	REDUCE cov: 1389 ft: 5385 corp: 927/290Kb lim: 1462 exec/s: 5044 rss: 1057Mb L: 587/1372 MS: 3 CrossOver-InsertByte-EraseBytes-
#499510	NEW    cov: 1389 ft: 5386 corp: 928/290Kb lim: 1462 exec/s: 5045 rss: 1057Mb L: 151/1372 MS: 1 ManualDict- DE: "src/enc/cost_enc.h"-
#499694	REDUCE cov: 1389 ft: 5386 corp: 928/290Kb lim: 1462 exec/s: 5047 rss: 1057Mb L: 120/1372 MS: 4 ChangeByte-EraseBytes-ShuffleBytes-ChangeBit-
#499935	REDUCE cov: 1389 ft: 5386 corp: 928/290Kb lim: 1462 exec/s: 5049 rss: 1057Mb L: 191/1372 MS: 1 EraseBytes-
#500738	REDUCE cov: 1389 ft: 5386 corp: 928/290Kb lim: 1462 exec/s: 5057 rss: 1057Mb L: 361/1372 MS: 3 InsertByte-CrossOver-EraseBytes-
#500799	NEW    cov: 1389 ft: 5389 corp: 929/290Kb lim: 1462 exec/s: 5058 rss: 1057Mb L: 34/1372 MS: 1 ChangeBinInt-
#500983	REDUCE cov: 1389 ft: 5389 corp: 929/290Kb lim: 1462 exec/s: 5060 rss: 1057Mb L: 399/1372 MS: 4 PersAutoDict-PersAutoDict-EraseBytes-InsertRepeatedBytes- DE: "(c24), [v]"-"\274\000\000\000\000\000\000\000"-
#501250	REDUCE cov: 1389 ft: 5389 corp: 929/290Kb lim: 1462 exec/s: 5063 rss: 1057Mb L: 348/1372 MS: 2 ChangeASCIIInt-EraseBytes-
#501461	REDUCE cov: 1389 ft: 5389 corp: 929/290Kb lim: 1462 exec/s: 5065 rss: 1057Mb L: 338/1372 MS: 1 EraseBytes-
#501481	REDUCE cov: 1389 ft: 5397 corp: 930/290Kb lim: 1462 exec/s: 5065 rss: 1057Mb L: 455/1372 MS: 5 ManualDict-CopyPart-InsertRepeatedBytes-ChangeBinInt-CopyPart- DE: "subq.ph         %[temp8],     %["-
#502416	NEW    cov: 1389 ft: 5398 corp: 931/291Kb lim: 1462 exec/s: 4925 rss: 1510Mb L: 777/1372 MS: 5 ShuffleBytes-PersAutoDict-CrossOver-ChangeByte-PersAutoDict- DE: "\223\001\000\000\000\000\000\000"-"src/utils/filters_utils.h"-
#503097	REDUCE cov: 1389 ft: 5401 corp: 932/291Kb lim: 1462 exec/s: 4746 rss: 1510Mb L: 124/1372 MS: 1 ChangeBinInt-
#503163	REDUCE cov: 1389 ft: 5401 corp: 932/291Kb lim: 1462 exec/s: 4746 rss: 1510Mb L: 220/1372 MS: 1 EraseBytes-
#503464	REDUCE cov: 1389 ft: 5401 corp: 932/291Kb lim: 1462 exec/s: 4749 rss: 1510Mb L: 291/1372 MS: 1 EraseBytes-
#503480	REDUCE cov: 1389 ft: 5401 corp: 932/291Kb lim: 1462 exec/s: 4749 rss: 1510Mb L: 108/1372 MS: 1 EraseBytes-
#503776	NEW    cov: 1389 ft: 5404 corp: 933/292Kb lim: 1462 exec/s: 4752 rss: 1510Mb L: 534/1372 MS: 1 CrossOver-
#504092	REDUCE cov: 1389 ft: 5404 corp: 933/291Kb lim: 1462 exec/s: 4711 rss: 1510Mb L: 395/1372 MS: 1 CrossOver-
#504476	REDUCE cov: 1389 ft: 5405 corp: 934/292Kb lim: 1462 exec/s: 4714 rss: 1510Mb L: 264/1372 MS: 4 InsertRepeatedBytes-CopyPart-InsertByte-ChangeBinInt-
#504662	REDUCE cov: 1389 ft: 5405 corp: 934/292Kb lim: 1462 exec/s: 4716 rss: 1510Mb L: 177/1372 MS: 1 EraseBytes-
#505147	REDUCE cov: 1389 ft: 5405 corp: 934/292Kb lim: 1462 exec/s: 4721 rss: 1510Mb L: 146/1372 MS: 5 ChangeBit-InsertByte-ChangeASCIIInt-PersAutoDict-EraseBytes- DE: "[0], "-
#505748	REDUCE cov: 1389 ft: 5405 corp: 934/292Kb lim: 1462 exec/s: 4726 rss: 1510Mb L: 333/1372 MS: 1 EraseBytes-
#506395	REDUCE cov: 1389 ft: 5405 corp: 934/292Kb lim: 1462 exec/s: 4732 rss: 1510Mb L: 252/1372 MS: 2 ChangeBinInt-EraseBytes-
#506781	REDUCE cov: 1389 ft: 5405 corp: 934/291Kb lim: 1462 exec/s: 4736 rss: 1510Mb L: 332/1372 MS: 1 EraseBytes-
#507328	REDUCE cov: 1389 ft: 5405 corp: 934/291Kb lim: 1462 exec/s: 4697 rss: 1510Mb L: 96/1372 MS: 2 InsertByte-EraseBytes-
#507362	REDUCE cov: 1389 ft: 5406 corp: 935/292Kb lim: 1462 exec/s: 4697 rss: 1510Mb L: 306/1372 MS: 4 EraseBytes-ChangeBinInt-InsertRepeatedBytes-ShuffleBytes-
#507736	REDUCE cov: 1389 ft: 5406 corp: 935/292Kb lim: 1462 exec/s: 4701 rss: 1510Mb L: 134/1372 MS: 4 ManualDict-CrossOver-ShuffleBytes-EraseBytes- DE: "(x_stride), [fx_scale]"-
#507784	REDUCE cov: 1389 ft: 5406 corp: 935/291Kb lim: 1462 exec/s: 4701 rss: 1510Mb L: 480/1372 MS: 3 CMP-CMP-EraseBytes- DE: "R>FF"-"R\331FF"-
#507964	REDUCE cov: 1389 ft: 5406 corp: 935/291Kb lim: 1462 exec/s: 4703 rss: 1510Mb L: 563/1372 MS: 5 CopyPart-CrossOver-ChangeBit-EraseBytes-CopyPart-
#508043	REDUCE cov: 1389 ft: 5406 corp: 935/291Kb lim: 1462 exec/s: 4704 rss: 1510Mb L: 265/1372 MS: 4 ChangeBinInt-ChangeASCIIInt-ChangeBit-EraseBytes-
#508054	REDUCE cov: 1389 ft: 5406 corp: 935/291Kb lim: 1462 exec/s: 4704 rss: 1510Mb L: 146/1372 MS: 1 EraseBytes-
#508379	REDUCE cov: 1389 ft: 5406 corp: 935/291Kb lim: 1462 exec/s: 4707 rss: 1510Mb L: 183/1372 MS: 5 ChangeByte-EraseBytes-ChangeBinInt-ChangeBit-InsertRepeatedBytes-
#509111	REDUCE cov: 1389 ft: 5406 corp: 935/291Kb lim: 1462 exec/s: 4713 rss: 1510Mb L: 152/1372 MS: 2 ChangeBinInt-EraseBytes-
#510013	NEW    cov: 1389 ft: 5407 corp: 936/292Kb lim: 1462 exec/s: 4722 rss: 1510Mb L: 708/1372 MS: 2 ChangeBit-ChangeBinInt-
#510490	REDUCE cov: 1389 ft: 5408 corp: 937/292Kb lim: 1462 exec/s: 4683 rss: 1510Mb L: 536/1372 MS: 2 CMP-InsertByte- DE: "\234\000\000\000\000\000\000\000"-
#510896	NEW    cov: 1389 ft: 5411 corp: 938/293Kb lim: 1462 exec/s: 4687 rss: 1510Mb L: 724/1372 MS: 1 CrossOver-
#511567	REDUCE cov: 1389 ft: 5411 corp: 938/293Kb lim: 1462 exec/s: 4693 rss: 1510Mb L: 403/1372 MS: 1 EraseBytes-
#512074	NEW    cov: 1389 ft: 5412 corp: 939/293Kb lim: 1462 exec/s: 4697 rss: 1510Mb L: 485/1372 MS: 2 EraseBytes-InsertRepeatedBytes-
#512355	REDUCE cov: 1389 ft: 5412 corp: 939/293Kb lim: 1462 exec/s: 4700 rss: 1510Mb L: 486/1372 MS: 1 EraseBytes-
#512571	REDUCE cov: 1389 ft: 5412 corp: 939/293Kb lim: 1462 exec/s: 4659 rss: 1510Mb L: 528/1372 MS: 1 EraseBytes-
#512647	REDUCE cov: 1389 ft: 5412 corp: 939/293Kb lim: 1462 exec/s: 4618 rss: 1510Mb L: 253/1372 MS: 1 EraseBytes-
#513241	REDUCE cov: 1389 ft: 5412 corp: 939/293Kb lim: 1462 exec/s: 4623 rss: 1510Mb L: 510/1372 MS: 4 InsertByte-CrossOver-EraseBytes-InsertByte-
#513541	REDUCE cov: 1389 ft: 5412 corp: 939/293Kb lim: 1462 exec/s: 4626 rss: 1510Mb L: 340/1372 MS: 5 ChangeASCIIInt-CMP-CopyPart-ChangeBit-CrossOver- DE: "\222\000"-
#513637	REDUCE cov: 1389 ft: 5412 corp: 939/293Kb lim: 1462 exec/s: 4627 rss: 1510Mb L: 515/1372 MS: 1 EraseBytes-
#513949	REDUCE cov: 1389 ft: 5412 corp: 939/293Kb lim: 1462 exec/s: 4630 rss: 1510Mb L: 326/1372 MS: 2 InsertByte-EraseBytes-
#514080	REDUCE cov: 1389 ft: 5412 corp: 939/293Kb lim: 1462 exec/s: 4631 rss: 1510Mb L: 419/1372 MS: 1 EraseBytes-
#514147	REDUCE cov: 1389 ft: 5412 corp: 939/293Kb lim: 1462 exec/s: 4631 rss: 1510Mb L: 349/1372 MS: 2 CMP-EraseBytes- DE: "\000\000\000\000\000\000\000\001"-
#514721	REDUCE cov: 1389 ft: 5412 corp: 939/293Kb lim: 1462 exec/s: 4637 rss: 1510Mb L: 383/1372 MS: 4 PersAutoDict-ChangeByte-InsertRepeatedBytes-EraseBytes- DE: "src/dsp/neon.h"-
#515680	REDUCE cov: 1389 ft: 5412 corp: 939/293Kb lim: 1462 exec/s: 4645 rss: 1510Mb L: 212/1372 MS: 4 ChangeByte-InsertByte-ChangeByte-EraseBytes-
#516081	NEW    cov: 1389 ft: 5413 corp: 940/294Kb lim: 1462 exec/s: 4649 rss: 1510Mb L: 1372/1372 MS: 1 ChangeByte-
#517512	REDUCE cov: 1389 ft: 5413 corp: 940/294Kb lim: 1472 exec/s: 4662 rss: 1510Mb L: 138/1372 MS: 1 EraseBytes-
#518268	REDUCE cov: 1389 ft: 5413 corp: 940/294Kb lim: 1472 exec/s: 4669 rss: 1510Mb L: 85/1372 MS: 1 EraseBytes-
#518287	REDUCE cov: 1389 ft: 5413 corp: 940/294Kb lim: 1472 exec/s: 4669 rss: 1510Mb L: 405/1372 MS: 4 InsertByte-ChangeASCIIInt-InsertRepeatedBytes-EraseBytes-
#518603	REDUCE cov: 1389 ft: 5413 corp: 940/294Kb lim: 1472 exec/s: 4672 rss: 1510Mb L: 683/1372 MS: 1 EraseBytes-
#518899	REDUCE cov: 1389 ft: 5413 corp: 940/294Kb lim: 1472 exec/s: 4633 rss: 1510Mb L: 1335/1372 MS: 1 EraseBytes-
#519036	REDUCE cov: 1389 ft: 5413 corp: 940/294Kb lim: 1472 exec/s: 4634 rss: 1510Mb L: 1046/1372 MS: 2 ShuffleBytes-EraseBytes-
#519416	NEW    cov: 1389 ft: 5414 corp: 941/295Kb lim: 1472 exec/s: 4637 rss: 1510Mb L: 752/1372 MS: 5 ManualDict-ChangeBit-ShuffleBytes-PersAutoDict-ChangeByte- DE: "lbu    %[temp19],    3+"-"(loop_c), [x_stride1]"-
#520132	REDUCE cov: 1389 ft: 5414 corp: 941/295Kb lim: 1472 exec/s: 4644 rss: 1510Mb L: 126/1372 MS: 1 EraseBytes-
#521276	REDUCE cov: 1389 ft: 5414 corp: 941/295Kb lim: 1482 exec/s: 4613 rss: 1510Mb L: 306/1372 MS: 4 ChangeASCIIInt-ChangeASCIIInt-ShuffleBytes-EraseBytes-
#521397	NEW    cov: 1389 ft: 5415 corp: 942/295Kb lim: 1482 exec/s: 4614 rss: 1510Mb L: 450/1372 MS: 1 CopyPart-
#521986	NEW    cov: 1389 ft: 5422 corp: 943/296Kb lim: 1482 exec/s: 4619 rss: 1510Mb L: 1211/1372 MS: 4 ShuffleBytes-ShuffleBytes-ChangeASCIIInt-CopyPart-
#522995	REDUCE cov: 1389 ft: 5422 corp: 943/296Kb lim: 1492 exec/s: 4628 rss: 1510Mb L: 322/1372 MS: 4 EraseBytes-CMP-CopyPart-EraseBytes- DE: "\003\000\000\000\000\000\000\000"-
#524156	REDUCE cov: 1389 ft: 5422 corp: 943/296Kb lim: 1502 exec/s: 4638 rss: 1510Mb L: 322/1372 MS: 1 EraseBytes-
#524288	pulse  cov: 1389 ft: 5422 corp: 943/296Kb lim: 1502 exec/s: 4639 rss: 1510Mb
#524404	REDUCE cov: 1389 ft: 5422 corp: 943/296Kb lim: 1502 exec/s: 4640 rss: 1510Mb L: 349/1372 MS: 3 ManualDict-PersAutoDict-EraseBytes- DE: "mul    %[temp16],    %["-"lbu     %[temp0],    "-
#524782	REDUCE cov: 1389 ft: 5422 corp: 943/296Kb lim: 1502 exec/s: 4644 rss: 1510Mb L: 347/1372 MS: 3 CopyPart-ChangeBit-EraseBytes-
#525370	REDUCE cov: 1389 ft: 5422 corp: 943/296Kb lim: 1502 exec/s: 4649 rss: 1510Mb L: 247/1372 MS: 3 InsertRepeatedBytes-ShuffleBytes-EraseBytes-
#525445	REDUCE cov: 1389 ft: 5422 corp: 943/296Kb lim: 1502 exec/s: 4649 rss: 1510Mb L: 726/1372 MS: 5 ChangeASCIIInt-ChangeASCIIInt-PersAutoDict-ShuffleBytes-EraseBytes- DE: "\001\000\000\000"-
#525691	REDUCE cov: 1389 ft: 5422 corp: 943/296Kb lim: 1502 exec/s: 4531 rss: 1510Mb L: 126/1372 MS: 1 EraseBytes-
#525703	REDUCE cov: 1389 ft: 5422 corp: 943/296Kb lim: 1502 exec/s: 4531 rss: 1510Mb L: 208/1372 MS: 2 ChangeBit-EraseBytes-
#526049	REDUCE cov: 1389 ft: 5422 corp: 943/296Kb lim: 1502 exec/s: 4534 rss: 1510Mb L: 121/1372 MS: 1 EraseBytes-
#526885	NEW    cov: 1389 ft: 5423 corp: 944/296Kb lim: 1502 exec/s: 4542 rss: 1510Mb L: 104/1372 MS: 1 ChangeBit-
#527755	REDUCE cov: 1389 ft: 5423 corp: 944/296Kb lim: 1502 exec/s: 4549 rss: 1510Mb L: 135/1372 MS: 5 ChangeByte-CopyPart-ChangeASCIIInt-ChangeByte-EraseBytes-
#527866	REDUCE cov: 1389 ft: 5423 corp: 944/296Kb lim: 1502 exec/s: 4550 rss: 1510Mb L: 272/1372 MS: 1 EraseBytes-
#528290	NEW    cov: 1389 ft: 5424 corp: 945/297Kb lim: 1502 exec/s: 4515 rss: 1510Mb L: 727/1372 MS: 4 ChangeByte-InsertRepeatedBytes-ChangeBinInt-CrossOver-
#528552	REDUCE cov: 1389 ft: 5424 corp: 945/297Kb lim: 1502 exec/s: 4441 rss: 1510Mb L: 194/1372 MS: 2 InsertByte-EraseBytes-
#528868	REDUCE cov: 1389 ft: 5424 corp: 945/297Kb lim: 1502 exec/s: 4444 rss: 1510Mb L: 804/1372 MS: 1 EraseBytes-
#528938	REDUCE cov: 1389 ft: 5424 corp: 945/297Kb lim: 1502 exec/s: 4444 rss: 1510Mb L: 198/1372 MS: 5 InsertByte-InsertByte-ChangeASCIIInt-ChangeASCIIInt-EraseBytes-
#529599	REDUCE cov: 1389 ft: 5424 corp: 945/297Kb lim: 1502 exec/s: 4450 rss: 1510Mb L: 209/1372 MS: 1 EraseBytes-
#529715	REDUCE cov: 1389 ft: 5424 corp: 945/297Kb lim: 1502 exec/s: 4451 rss: 1510Mb L: 381/1372 MS: 1 EraseBytes-
#529745	REDUCE cov: 1389 ft: 5424 corp: 945/297Kb lim: 1502 exec/s: 4451 rss: 1510Mb L: 473/1372 MS: 5 ChangeByte-ChangeASCIIInt-PersAutoDict-ChangeASCIIInt-EraseBytes- DE: "usw             %[temp10],   0*"-
#529792	REDUCE cov: 1389 ft: 5424 corp: 945/296Kb lim: 1502 exec/s: 4452 rss: 1510Mb L: 847/1372 MS: 2 CopyPart-EraseBytes-
#530265	REDUCE cov: 1389 ft: 5424 corp: 945/296Kb lim: 1502 exec/s: 4456 rss: 1510Mb L: 52/1372 MS: 3 ShuffleBytes-ChangeByte-EraseBytes-
#531021	REDUCE cov: 1389 ft: 5424 corp: 945/296Kb lim: 1502 exec/s: 4462 rss: 1510Mb L: 29/1372 MS: 1 EraseBytes-
#531079	NEW    cov: 1389 ft: 5425 corp: 946/298Kb lim: 1502 exec/s: 4462 rss: 1510Mb L: 1235/1372 MS: 3 InsertByte-ChangeByte-PersAutoDict- DE: "lbu    %[temp18],    3+"-
#531105	REDUCE cov: 1389 ft: 5425 corp: 946/297Kb lim: 1502 exec/s: 4463 rss: 1510Mb L: 293/1372 MS: 1 EraseBytes-
#531298	REDUCE cov: 1389 ft: 5425 corp: 946/297Kb lim: 1502 exec/s: 4427 rss: 1510Mb L: 166/1372 MS: 3 ChangeASCIIInt-EraseBytes-InsertRepeatedBytes-
#532200	REDUCE cov: 1389 ft: 5425 corp: 946/297Kb lim: 1502 exec/s: 4435 rss: 1510Mb L: 525/1372 MS: 2 ManualDict-EraseBytes- DE: "VP8 nnnn"-
#532294	REDUCE cov: 1389 ft: 5425 corp: 946/297Kb lim: 1502 exec/s: 4435 rss: 1510Mb L: 204/1372 MS: 4 CrossOver-InsertByte-ChangeASCIIInt-EraseBytes-
#532496	REDUCE cov: 1389 ft: 5429 corp: 947/297Kb lim: 1502 exec/s: 4437 rss: 1510Mb L: 161/1372 MS: 2 ChangeBit-ChangeByte-
#532617	REDUCE cov: 1389 ft: 5429 corp: 947/297Kb lim: 1502 exec/s: 4438 rss: 1510Mb L: 176/1372 MS: 1 EraseBytes-
#532903	REDUCE cov: 1389 ft: 5429 corp: 947/297Kb lim: 1502 exec/s: 4440 rss: 1510Mb L: 355/1372 MS: 1 EraseBytes-
#532989	REDUCE cov: 1389 ft: 5429 corp: 947/297Kb lim: 1502 exec/s: 4441 rss: 1510Mb L: 242/1372 MS: 1 EraseBytes-
#533906	REDUCE cov: 1389 ft: 5429 corp: 947/297Kb lim: 1502 exec/s: 4449 rss: 1510Mb L: 236/1372 MS: 2 ManualDict-EraseBytes- DE: "veor     "-
#534572	NEW    cov: 1389 ft: 5431 corp: 948/297Kb lim: 1502 exec/s: 4417 rss: 1510Mb L: 34/1372 MS: 1 CMP- DE: "\001\004"-
#535269	REDUCE cov: 1389 ft: 5431 corp: 948/297Kb lim: 1502 exec/s: 4423 rss: 1510Mb L: 126/1372 MS: 2 CopyPart-EraseBytes-
#535875	REDUCE cov: 1389 ft: 5431 corp: 948/297Kb lim: 1502 exec/s: 4428 rss: 1510Mb L: 423/1372 MS: 1 EraseBytes-
	NEW_FUNC[1/1]: 0xaaaac7f1b880 in PredictorAdd0_C /b/libwebp/src/dsp/lossless.c:185
#536396	NEW    cov: 1392 ft: 5434 corp: 949/297Kb lim: 1502 exec/s: 4433 rss: 1510Mb L: 106/1372 MS: 1 ChangeBit-
#537037	REDUCE cov: 1392 ft: 5434 corp: 949/297Kb lim: 1502 exec/s: 4438 rss: 1510Mb L: 164/1372 MS: 1 EraseBytes-
#537683	REDUCE cov: 1392 ft: 5434 corp: 949/297Kb lim: 1502 exec/s: 4443 rss: 1510Mb L: 110/1372 MS: 1 EraseBytes-
#538220	REDUCE cov: 1392 ft: 5434 corp: 949/297Kb lim: 1502 exec/s: 4448 rss: 1510Mb L: 716/1372 MS: 2 ChangeBinInt-EraseBytes-
#538331	REDUCE cov: 1392 ft: 5434 corp: 949/297Kb lim: 1502 exec/s: 4449 rss: 1510Mb L: 65/1372 MS: 1 EraseBytes-
#538758	NEW    cov: 1392 ft: 5435 corp: 950/297Kb lim: 1502 exec/s: 4275 rss: 1510Mb L: 165/1372 MS: 2 EraseBytes-CrossOver-
#539084	REDUCE cov: 1392 ft: 5435 corp: 950/297Kb lim: 1502 exec/s: 4278 rss: 1510Mb L: 18/1372 MS: 1 EraseBytes-
#539172	REDUCE cov: 1392 ft: 5435 corp: 950/297Kb lim: 1502 exec/s: 4279 rss: 1510Mb L: 370/1372 MS: 3 CopyPart-ChangeBit-EraseBytes-
#539549	REDUCE cov: 1392 ft: 5435 corp: 950/297Kb lim: 1502 exec/s: 4282 rss: 1510Mb L: 28/1372 MS: 2 ManualDict-EraseBytes- DE: "usw        %[value],  0+"-
#539725	REDUCE cov: 1392 ft: 5435 corp: 950/297Kb lim: 1502 exec/s: 4249 rss: 1510Mb L: 205/1372 MS: 1 EraseBytes-
#540117	REDUCE cov: 1392 ft: 5435 corp: 950/297Kb lim: 1502 exec/s: 4252 rss: 1510Mb L: 244/1372 MS: 2 EraseBytes-InsertRepeatedBytes-
#540867	REDUCE cov: 1392 ft: 5435 corp: 950/297Kb lim: 1502 exec/s: 4258 rss: 1510Mb L: 399/1372 MS: 5 EraseBytes-InsertByte-InsertByte-ChangeByte-ChangeByte-
#541455	NEW    cov: 1392 ft: 5436 corp: 951/298Kb lim: 1502 exec/s: 4263 rss: 1510Mb L: 708/1372 MS: 3 ShuffleBytes-ManualDict-ChangeBinInt- DE: "sb       %[temp16], 3+3*"-
#542250	REDUCE cov: 1392 ft: 5436 corp: 951/298Kb lim: 1502 exec/s: 4269 rss: 1510Mb L: 290/1372 MS: 5 ChangeBit-ChangeByte-ChangeBit-InsertRepeatedBytes-EraseBytes-
#542393	REDUCE cov: 1392 ft: 5436 corp: 951/298Kb lim: 1502 exec/s: 4270 rss: 1510Mb L: 176/1372 MS: 3 ChangeBit-CMP-EraseBytes- DE: "\377\377\377\377\377\377\377\026"-
#543172	REDUCE cov: 1392 ft: 5436 corp: 951/298Kb lim: 1502 exec/s: 4276 rss: 1510Mb L: 106/1372 MS: 4 ManualDict-ChangeByte-PersAutoDict-EraseBytes- DE: "subqh.ph        %["-"RIFF"-
#543718	REDUCE cov: 1393 ft: 5442 corp: 952/298Kb lim: 1502 exec/s: 4247 rss: 1510Mb L: 165/1372 MS: 1 ChangeBit-
#544291	REDUCE cov: 1393 ft: 5442 corp: 952/298Kb lim: 1502 exec/s: 4252 rss: 1510Mb L: 18/1372 MS: 3 ManualDict-PersAutoDict-EraseBytes- DE: " #DST "-"\001\000\000\000\000\000\0012"-
#544785	REDUCE cov: 1393 ft: 5442 corp: 952/298Kb lim: 1502 exec/s: 4256 rss: 1510Mb L: 470/1372 MS: 4 EraseBytes-ChangeByte-ChangeBinInt-InsertRepeatedBytes-
#545957	REDUCE cov: 1393 ft: 5442 corp: 952/298Kb lim: 1512 exec/s: 4265 rss: 1510Mb L: 354/1372 MS: 2 ChangeByte-EraseBytes-
#545968	REDUCE cov: 1393 ft: 5443 corp: 953/298Kb lim: 1512 exec/s: 4265 rss: 1510Mb L: 274/1372 MS: 1 InsertRepeatedBytes-
#546514	REDUCE cov: 1393 ft: 5443 corp: 953/298Kb lim: 1512 exec/s: 4269 rss: 1510Mb L: 134/1372 MS: 1 EraseBytes-
#546731	NEW    cov: 1393 ft: 5444 corp: 954/298Kb lim: 1512 exec/s: 4238 rss: 1510Mb L: 480/1372 MS: 2 PersAutoDict-ChangeByte- DE: "+&r"-
#547489	REDUCE cov: 1393 ft: 5444 corp: 954/298Kb lim: 1512 exec/s: 4211 rss: 1510Mb L: 524/1372 MS: 3 CopyPart-ChangeASCIIInt-EraseBytes-
#548982	REDUCE cov: 1393 ft: 5444 corp: 954/298Kb lim: 1522 exec/s: 4222 rss: 1510Mb L: 121/1372 MS: 3 InsertByte-CopyPart-EraseBytes-
#549224	REDUCE cov: 1393 ft: 5444 corp: 954/298Kb lim: 1522 exec/s: 4224 rss: 1510Mb L: 250/1372 MS: 2 EraseBytes-ChangeBit-
#549820	REDUCE cov: 1393 ft: 5444 corp: 954/298Kb lim: 1522 exec/s: 4229 rss: 1510Mb L: 715/1372 MS: 1 EraseBytes-
#550341	REDUCE cov: 1393 ft: 5444 corp: 954/298Kb lim: 1522 exec/s: 4201 rss: 1510Mb L: 23/1372 MS: 1 EraseBytes-
#551147	REDUCE cov: 1393 ft: 5444 corp: 954/298Kb lim: 1522 exec/s: 4175 rss: 1510Mb L: 100/1372 MS: 1 EraseBytes-
#551432	REDUCE cov: 1393 ft: 5446 corp: 955/299Kb lim: 1522 exec/s: 4177 rss: 1510Mb L: 657/1372 MS: 5 ChangeByte-ManualDict-ChangeASCIIInt-ChangeBit-CrossOver- DE: "+r"-
#553105	REDUCE cov: 1393 ft: 5448 corp: 956/299Kb lim: 1532 exec/s: 4190 rss: 1510Mb L: 409/1372 MS: 3 ChangeBit-ShuffleBytes-InsertRepeatedBytes-
#553381	NEW    cov: 1393 ft: 5449 corp: 957/300Kb lim: 1532 exec/s: 4192 rss: 1510Mb L: 113/1372 MS: 1 ChangeBit-
#553993	REDUCE cov: 1393 ft: 5449 corp: 957/299Kb lim: 1532 exec/s: 4165 rss: 1510Mb L: 960/1372 MS: 2 InsertRepeatedBytes-EraseBytes-
#554429	REDUCE cov: 1393 ft: 5449 corp: 957/299Kb lim: 1532 exec/s: 4168 rss: 1510Mb L: 359/1372 MS: 1 EraseBytes-
#554549	REDUCE cov: 1393 ft: 5449 corp: 957/299Kb lim: 1532 exec/s: 4169 rss: 1510Mb L: 374/1372 MS: 5 ChangeASCIIInt-CrossOver-InsertByte-ChangeByte-EraseBytes-
#554946	REDUCE cov: 1393 ft: 5449 corp: 957/299Kb lim: 1532 exec/s: 4172 rss: 1510Mb L: 179/1372 MS: 2 ChangeBinInt-EraseBytes-
#555750	REDUCE cov: 1393 ft: 5449 corp: 957/299Kb lim: 1532 exec/s: 4178 rss: 1510Mb L: 449/1372 MS: 4 CrossOver-CrossOver-EraseBytes-InsertRepeatedBytes-
#556640	NEW    cov: 1393 ft: 5450 corp: 958/300Kb lim: 1532 exec/s: 4004 rss: 1510Mb L: 579/1372 MS: 5 ChangeBinInt-ChangeASCIIInt-EraseBytes-CrossOver-InsertByte-
#557077	REDUCE cov: 1393 ft: 5450 corp: 958/300Kb lim: 1532 exec/s: 4007 rss: 1510Mb L: 104/1372 MS: 2 PersAutoDict-EraseBytes- DE: "\250\000\000\000\000\000\000\000"-
#557647	REDUCE cov: 1393 ft: 5450 corp: 958/299Kb lim: 1532 exec/s: 4011 rss: 1510Mb L: 453/1372 MS: 5 CopyPart-EraseBytes-ChangeByte-ChangeBit-InsertRepeatedBytes-
#558309	REDUCE cov: 1393 ft: 5450 corp: 958/299Kb lim: 1532 exec/s: 3987 rss: 1510Mb L: 326/1372 MS: 2 PersAutoDict-EraseBytes- DE: "\"\000\000\000\000\000\000\000"-
#558821	REDUCE cov: 1393 ft: 5450 corp: 958/299Kb lim: 1532 exec/s: 3991 rss: 1510Mb L: 447/1372 MS: 2 EraseBytes-InsertByte-
#559023	REDUCE cov: 1393 ft: 5450 corp: 958/299Kb lim: 1532 exec/s: 3993 rss: 1510Mb L: 530/1372 MS: 2 CrossOver-EraseBytes-
#559094	REDUCE cov: 1393 ft: 5450 corp: 958/299Kb lim: 1532 exec/s: 3993 rss: 1510Mb L: 180/1372 MS: 1 EraseBytes-
#559517	REDUCE cov: 1393 ft: 5450 corp: 958/299Kb lim: 1532 exec/s: 3996 rss: 1510Mb L: 125/1372 MS: 3 ShuffleBytes-ChangeByte-EraseBytes-
#559976	REDUCE cov: 1393 ft: 5450 corp: 958/299Kb lim: 1532 exec/s: 3999 rss: 1510Mb L: 154/1372 MS: 4 ChangeByte-EraseBytes-InsertByte-PersAutoDict- DE: "addiu   %["-
#560058	REDUCE cov: 1393 ft: 5450 corp: 958/299Kb lim: 1532 exec/s: 4000 rss: 1510Mb L: 356/1372 MS: 2 InsertByte-EraseBytes-
#560402	REDUCE cov: 1393 ft: 5450 corp: 958/299Kb lim: 1532 exec/s: 4002 rss: 1510Mb L: 224/1372 MS: 4 CrossOver-InsertRepeatedBytes-ChangeASCIIInt-CMP- DE: "+RIF"-
#560418	REDUCE cov: 1393 ft: 5450 corp: 958/299Kb lim: 1532 exec/s: 4002 rss: 1510Mb L: 378/1372 MS: 1 EraseBytes-
#560544	REDUCE cov: 1393 ft: 5450 corp: 958/299Kb lim: 1532 exec/s: 4003 rss: 1510Mb L: 874/1335 MS: 1 CrossOver-
#560765	REDUCE cov: 1393 ft: 5450 corp: 958/299Kb lim: 1532 exec/s: 4005 rss: 1510Mb L: 96/1335 MS: 1 EraseBytes-
#561088	REDUCE cov: 1393 ft: 5450 corp: 958/299Kb lim: 1532 exec/s: 4007 rss: 1510Mb L: 622/1335 MS: 3 EraseBytes-ShuffleBytes-ChangeByte-
#562369	REDUCE cov: 1393 ft: 5450 corp: 958/299Kb lim: 1542 exec/s: 3988 rss: 1510Mb L: 294/1335 MS: 1 EraseBytes-
#562956	REDUCE cov: 1393 ft: 5450 corp: 958/299Kb lim: 1542 exec/s: 3992 rss: 1510Mb L: 662/1335 MS: 2 ChangeBit-EraseBytes-
#563077	REDUCE cov: 1393 ft: 5450 corp: 958/299Kb lim: 1542 exec/s: 3993 rss: 1510Mb L: 178/1335 MS: 1 EraseBytes-
#563933	REDUCE cov: 1393 ft: 5450 corp: 958/299Kb lim: 1542 exec/s: 3999 rss: 1510Mb L: 793/1335 MS: 1 EraseBytes-
#563951	REDUCE cov: 1393 ft: 5450 corp: 958/299Kb lim: 1542 exec/s: 3999 rss: 1510Mb L: 368/1335 MS: 3 CMP-ChangeBit-EraseBytes- DE: "\000\000\000\000"-
#564318	REDUCE cov: 1393 ft: 5450 corp: 958/299Kb lim: 1542 exec/s: 3946 rss: 1510Mb L: 722/1335 MS: 2 ChangeByte-EraseBytes-
#564344	REDUCE cov: 1393 ft: 5450 corp: 958/298Kb lim: 1542 exec/s: 3946 rss: 1510Mb L: 129/1335 MS: 1 EraseBytes-
#564724	REDUCE cov: 1393 ft: 5450 corp: 958/298Kb lim: 1542 exec/s: 3921 rss: 1510Mb L: 564/1335 MS: 5 ChangeASCIIInt-ManualDict-ChangeBinInt-InsertByte-EraseBytes- DE: "preceu.ph.qbr   %["-
#565306	REDUCE cov: 1393 ft: 5450 corp: 958/298Kb lim: 1542 exec/s: 3925 rss: 1510Mb L: 129/1335 MS: 2 ChangeBit-EraseBytes-
#566182	REDUCE cov: 1393 ft: 5450 corp: 958/298Kb lim: 1542 exec/s: 3931 rss: 1510Mb L: 395/1335 MS: 1 EraseBytes-
#566611	REDUCE cov: 1393 ft: 5450 corp: 958/298Kb lim: 1542 exec/s: 3934 rss: 1510Mb L: 124/1335 MS: 4 PersAutoDict-InsertRepeatedBytes-CMP-EraseBytes- DE: "\245\001\014\231"-"\377\377\377\377\377\377\377\323"-
#567085	REDUCE cov: 1393 ft: 5451 corp: 959/299Kb lim: 1542 exec/s: 3938 rss: 1510Mb L: 700/1335 MS: 4 ChangeASCIIInt-InsertRepeatedBytes-InsertByte-CopyPart-
#567358	REDUCE cov: 1393 ft: 5451 corp: 959/299Kb lim: 1542 exec/s: 3939 rss: 1510Mb L: 350/1335 MS: 3 ShuffleBytes-InsertRepeatedBytes-EraseBytes-
#568129	REDUCE cov: 1393 ft: 5451 corp: 959/299Kb lim: 1542 exec/s: 3918 rss: 1510Mb L: 655/1335 MS: 1 EraseBytes-
#568225	REDUCE cov: 1393 ft: 5451 corp: 959/299Kb lim: 1542 exec/s: 3918 rss: 1510Mb L: 124/1335 MS: 1 EraseBytes-
#568836	REDUCE cov: 1393 ft: 5451 corp: 959/299Kb lim: 1542 exec/s: 3896 rss: 1510Mb L: 331/1335 MS: 1 EraseBytes-
#569343	REDUCE cov: 1393 ft: 5451 corp: 959/299Kb lim: 1542 exec/s: 3899 rss: 1510Mb L: 230/1335 MS: 2 ShuffleBytes-EraseBytes-
#569691	REDUCE cov: 1393 ft: 5451 corp: 959/299Kb lim: 1542 exec/s: 3901 rss: 1510Mb L: 393/1335 MS: 3 InsertRepeatedBytes-ShuffleBytes-EraseBytes-
#569882	REDUCE cov: 1393 ft: 5451 corp: 959/298Kb lim: 1542 exec/s: 3903 rss: 1510Mb L: 386/1335 MS: 1 EraseBytes-
#570897	REDUCE cov: 1393 ft: 5452 corp: 960/299Kb lim: 1552 exec/s: 3910 rss: 1510Mb L: 199/1335 MS: 5 ChangeBinInt-ChangeBinInt-CopyPart-InsertByte-ManualDict- DE: "(a), [r]"-
#571905	REDUCE cov: 1393 ft: 5452 corp: 960/299Kb lim: 1562 exec/s: 3787 rss: 1510Mb L: 188/1335 MS: 3 ChangeBinInt-CopyPart-EraseBytes-
#573278	REDUCE cov: 1393 ft: 5452 corp: 960/299Kb lim: 1572 exec/s: 3771 rss: 1510Mb L: 349/1335 MS: 3 ChangeByte-InsertByte-EraseBytes-
#575944	NEW    cov: 1393 ft: 5453 corp: 961/299Kb lim: 1592 exec/s: 3789 rss: 1510Mb L: 204/1335 MS: 1 CopyPart-
#575960	REDUCE cov: 1393 ft: 5453 corp: 961/299Kb lim: 1592 exec/s: 3789 rss: 1510Mb L: 342/1335 MS: 1 EraseBytes-
#576078	REDUCE cov: 1393 ft: 5453 corp: 961/299Kb lim: 1592 exec/s: 3789 rss: 1510Mb L: 105/1335 MS: 3 PersAutoDict-ChangeASCIIInt-EraseBytes- DE: "lbu      %[temp11], 2+3*"-
#576134	REDUCE cov: 1393 ft: 5453 corp: 961/299Kb lim: 1592 exec/s: 3790 rss: 1510Mb L: 1196/1335 MS: 1 EraseBytes-
#576561	REDUCE cov: 1393 ft: 5453 corp: 961/299Kb lim: 1592 exec/s: 3793 rss: 1510Mb L: 215/1335 MS: 2 ManualDict-EraseBytes- DE: "(hev_thresh), [hstride]"-
#577014	NEW    cov: 1393 ft: 5456 corp: 962/299Kb lim: 1592 exec/s: 3796 rss: 1510Mb L: 34/1335 MS: 3 ChangeBit-ChangeByte-ChangeByte-
#577215	REDUCE cov: 1393 ft: 5459 corp: 963/299Kb lim: 1592 exec/s: 3797 rss: 1510Mb L: 135/1335 MS: 1 ChangeByte-
#578026	REDUCE cov: 1393 ft: 5459 corp: 963/299Kb lim: 1592 exec/s: 3705 rss: 1510Mb L: 303/1335 MS: 1 EraseBytes-
#578302	REDUCE cov: 1393 ft: 5459 corp: 963/299Kb lim: 1592 exec/s: 3707 rss: 1510Mb L: 150/1335 MS: 1 EraseBytes-
#578458	REDUCE cov: 1393 ft: 5459 corp: 963/299Kb lim: 1592 exec/s: 3708 rss: 1510Mb L: 282/1335 MS: 1 EraseBytes-
#578730	REDUCE cov: 1393 ft: 5460 corp: 964/299Kb lim: 1592 exec/s: 3709 rss: 1510Mb L: 682/1335 MS: 2 InsertRepeatedBytes-CopyPart-
#579226	REDUCE cov: 1393 ft: 5460 corp: 964/299Kb lim: 1592 exec/s: 3689 rss: 1510Mb L: 292/1335 MS: 1 EraseBytes-
#580395	REDUCE cov: 1393 ft: 5460 corp: 964/299Kb lim: 1602 exec/s: 3538 rss: 1510Mb L: 365/1335 MS: 4 ManualDict-CMP-EraseBytes-CopyPart- DE: "src/webp/decode.h"-"VP8 "-
#580493	REDUCE cov: 1393 ft: 5462 corp: 965/300Kb lim: 1602 exec/s: 3539 rss: 1510Mb L: 657/1335 MS: 3 PersAutoDict-ShuffleBytes-CMP- DE: "\017\000"-"|\000"-
#581040	REDUCE cov: 1393 ft: 5462 corp: 965/300Kb lim: 1602 exec/s: 3542 rss: 1510Mb L: 214/1335 MS: 2 EraseBytes-InsertRepeatedBytes-
#581056	NEW    cov: 1395 ft: 5464 corp: 966/300Kb lim: 1602 exec/s: 3543 rss: 1510Mb L: 261/1335 MS: 1 InsertRepeatedBytes-
#581433	REDUCE cov: 1395 ft: 5464 corp: 966/300Kb lim: 1602 exec/s: 3545 rss: 1510Mb L: 178/1335 MS: 2 ManualDict-EraseBytes- DE: "subu   %[temp19],    %["-
#581494	REDUCE cov: 1395 ft: 5464 corp: 966/300Kb lim: 1602 exec/s: 3545 rss: 1510Mb L: 288/1335 MS: 1 EraseBytes-
#581935	REDUCE cov: 1395 ft: 5464 corp: 966/300Kb lim: 1602 exec/s: 3526 rss: 1510Mb L: 156/1335 MS: 1 EraseBytes-
#584948	NEW    cov: 1395 ft: 5468 corp: 967/300Kb lim: 1622 exec/s: 3400 rss: 1510Mb L: 273/1335 MS: 3 ShuffleBytes-EraseBytes-EraseBytes-
#585069	REDUCE cov: 1395 ft: 5468 corp: 967/300Kb lim: 1622 exec/s: 3401 rss: 1510Mb L: 129/1335 MS: 1 EraseBytes-
#585917	REDUCE cov: 1395 ft: 5468 corp: 967/300Kb lim: 1622 exec/s: 3406 rss: 1510Mb L: 131/1335 MS: 3 ChangeBit-CrossOver-EraseBytes-
#587650	REDUCE cov: 1395 ft: 5469 corp: 968/300Kb lim: 1632 exec/s: 3416 rss: 1510Mb L: 125/1335 MS: 3 ChangeASCIIInt-ChangeByte-ChangeBit-
#589083	REDUCE cov: 1395 ft: 5469 corp: 968/300Kb lim: 1642 exec/s: 3366 rss: 1510Mb L: 330/1335 MS: 3 ShuffleBytes-ChangeASCIIInt-EraseBytes-
#589494	REDUCE cov: 1395 ft: 5469 corp: 968/300Kb lim: 1642 exec/s: 3368 rss: 1510Mb L: 775/1335 MS: 1 EraseBytes-
#589643	NEW    cov: 1395 ft: 5470 corp: 969/301Kb lim: 1642 exec/s: 3369 rss: 1510Mb L: 686/1335 MS: 4 CrossOver-ManualDict-PersAutoDict-ChangeBit- DE: "sb       %[temp1],  2+0*"-"sh           %[temp5],       "-
#589814	REDUCE cov: 1395 ft: 5470 corp: 969/301Kb lim: 1642 exec/s: 3370 rss: 1510Mb L: 148/1335 MS: 1 EraseBytes-
#589895	REDUCE cov: 1395 ft: 5470 corp: 969/301Kb lim: 1642 exec/s: 3370 rss: 1510Mb L: 225/1335 MS: 1 EraseBytes-
#591956	REDUCE cov: 1395 ft: 5470 corp: 969/301Kb lim: 1662 exec/s: 3363 rss: 1510Mb L: 154/1335 MS: 1 EraseBytes-
#592099	REDUCE cov: 1395 ft: 5470 corp: 969/301Kb lim: 1662 exec/s: 3364 rss: 1510Mb L: 183/1335 MS: 3 CMP-CMP-EraseBytes- DE: "\002\000\000\000\000\000\000\000"-"\000d"-
#592424	REDUCE cov: 1395 ft: 5470 corp: 969/301Kb lim: 1662 exec/s: 3366 rss: 1510Mb L: 280/1335 MS: 5 ChangeBit-ChangeBit-ManualDict-InsertRepeatedBytes-EraseBytes- DE: "sb       %[temp16], 3+1*"-
#593180	REDUCE cov: 1395 ft: 5470 corp: 969/301Kb lim: 1662 exec/s: 3370 rss: 1510Mb L: 280/1335 MS: 1 EraseBytes-
#594139	REDUCE cov: 1395 ft: 5470 corp: 969/301Kb lim: 1662 exec/s: 3375 rss: 1510Mb L: 743/1335 MS: 4 ManualDict-CMP-InsertByte-EraseBytes- DE: "preceu.ph.qbl   %["-"\377\377\377\377\377\377\377\003"-
#594843	REDUCE cov: 1395 ft: 5470 corp: 969/301Kb lim: 1662 exec/s: 3379 rss: 1510Mb L: 176/1335 MS: 4 PersAutoDict-ChangeBit-ManualDict-EraseBytes- DE: "lw     %[temp1],  "-"lbu      %[temp8],  1+1*"-
#594869	NEW    cov: 1395 ft: 5471 corp: 970/301Kb lim: 1662 exec/s: 3379 rss: 1510Mb L: 176/1335 MS: 1 CrossOver-
#594885	REDUCE cov: 1395 ft: 5471 corp: 970/301Kb lim: 1662 exec/s: 3380 rss: 1510Mb L: 532/1335 MS: 1 EraseBytes-
#594991	REDUCE cov: 1395 ft: 5471 corp: 970/301Kb lim: 1662 exec/s: 3380 rss: 1510Mb L: 670/1335 MS: 1 EraseBytes-
#595547	REDUCE cov: 1395 ft: 5471 corp: 970/301Kb lim: 1662 exec/s: 3308 rss: 1510Mb L: 144/1335 MS: 1 EraseBytes-
#595552	NEW    cov: 1395 ft: 5472 corp: 971/301Kb lim: 1662 exec/s: 3308 rss: 1510Mb L: 269/1335 MS: 5 ShuffleBytes-ChangeBit-ShuffleBytes-ChangeByte-CMP- DE: "\361\000\000\000\000\000\000\000"-
#595625	REDUCE cov: 1395 ft: 5472 corp: 971/301Kb lim: 1662 exec/s: 3309 rss: 1510Mb L: 506/1335 MS: 3 EraseBytes-CMP-PersAutoDict- DE: "Z\001\000\000\000\000\000\000"-"\000\000\000\000\000\000\000\003"-
#596412	REDUCE cov: 1395 ft: 5472 corp: 971/301Kb lim: 1662 exec/s: 3313 rss: 1510Mb L: 177/1335 MS: 2 PersAutoDict-EraseBytes- DE: "usw             %[temp4],   3*"-
#596433	REDUCE cov: 1395 ft: 5473 corp: 972/301Kb lim: 1662 exec/s: 3313 rss: 1510Mb L: 192/1335 MS: 1 CopyPart-
#597166	REDUCE cov: 1395 ft: 5473 corp: 972/301Kb lim: 1662 exec/s: 3317 rss: 1510Mb L: 209/1335 MS: 3 InsertRepeatedBytes-InsertRepeatedBytes-EraseBytes-
#597206	REDUCE cov: 1395 ft: 5474 corp: 973/301Kb lim: 1662 exec/s: 3317 rss: 1510Mb L: 238/1335 MS: 5 ShuffleBytes-PersAutoDict-CMP-InsertRepeatedBytes-EraseBytes- DE: "\001\030"-"\232\000\000\000"-
#597710	NEW    cov: 1395 ft: 5475 corp: 974/301Kb lim: 1662 exec/s: 3320 rss: 1510Mb L: 116/1335 MS: 4 PersAutoDict-ChangeASCIIInt-InsertByte-ChangeBit- DE: "\023\000"-
#598671	REDUCE cov: 1395 ft: 5475 corp: 974/301Kb lim: 1662 exec/s: 3218 rss: 1510Mb L: 155/1335 MS: 1 EraseBytes-
#599589	REDUCE cov: 1395 ft: 5475 corp: 974/301Kb lim: 1662 exec/s: 3223 rss: 1510Mb L: 203/1335 MS: 3 ChangeBinInt-PersAutoDict-EraseBytes- DE: "sb               %[temp5],   "-
#599709	REDUCE cov: 1395 ft: 5475 corp: 974/301Kb lim: 1662 exec/s: 3224 rss: 1510Mb L: 716/1335 MS: 5 ManualDict-ChangeByte-ChangeByte-ChangeBinInt-EraseBytes- DE: "usw              %[temp8],   0*"-
#600856	REDUCE cov: 1395 ft: 5475 corp: 974/301Kb lim: 1672 exec/s: 3230 rss: 1510Mb L: 188/1335 MS: 2 ChangeBinInt-EraseBytes-
#601002	REDUCE cov: 1395 ft: 5475 corp: 974/301Kb lim: 1672 exec/s: 3231 rss: 1510Mb L: 537/1335 MS: 1 EraseBytes-
#601004	REDUCE cov: 1395 ft: 5475 corp: 974/301Kb lim: 1672 exec/s: 3231 rss: 1510Mb L: 177/1335 MS: 2 InsertByte-EraseBytes-
#603347	REDUCE cov: 1395 ft: 5475 corp: 974/301Kb lim: 1692 exec/s: 3226 rss: 1510Mb L: 335/1335 MS: 3 ChangeASCIIInt-ChangeBinInt-EraseBytes-
#603650	REDUCE cov: 1395 ft: 5475 corp: 974/301Kb lim: 1692 exec/s: 3228 rss: 1510Mb L: 207/1335 MS: 3 ShuffleBytes-InsertRepeatedBytes-EraseBytes-
#603724	REDUCE cov: 1395 ft: 5475 corp: 974/301Kb lim: 1692 exec/s: 3228 rss: 1510Mb L: 313/1335 MS: 4 ShuffleBytes-ShuffleBytes-ManualDict-EraseBytes- DE: "(a),[b]"-
#604505	REDUCE cov: 1395 ft: 5475 corp: 974/301Kb lim: 1692 exec/s: 3232 rss: 1510Mb L: 274/1335 MS: 1 EraseBytes-
#604886	REDUCE cov: 1395 ft: 5475 corp: 974/301Kb lim: 1692 exec/s: 3234 rss: 1510Mb L: 142/1335 MS: 1 EraseBytes-
#604902	REDUCE cov: 1395 ft: 5475 corp: 974/300Kb lim: 1692 exec/s: 3234 rss: 1510Mb L: 447/1335 MS: 1 EraseBytes-
#604966	REDUCE cov: 1395 ft: 5475 corp: 974/300Kb lim: 1692 exec/s: 3235 rss: 1510Mb L: 15/1335 MS: 4 ManualDict-ChangeBit-CMP-EraseBytes- DE: "[6]},"-"%\000\000\000\000\000\000\000"-
#605696	REDUCE cov: 1395 ft: 5476 corp: 975/301Kb lim: 1692 exec/s: 3239 rss: 1510Mb L: 1010/1335 MS: 5 ShuffleBytes-CopyPart-CopyPart-PersAutoDict-CMP- DE: "(stride), [thresh] "-"SEBP"-
#606202	REDUCE cov: 1395 ft: 5476 corp: 975/301Kb lim: 1692 exec/s: 3241 rss: 1510Mb L: 525/1335 MS: 1 EraseBytes-
#606613	REDUCE cov: 1395 ft: 5476 corp: 975/301Kb lim: 1692 exec/s: 3243 rss: 1510Mb L: 451/1335 MS: 1 EraseBytes-
#606889	REDUCE cov: 1395 ft: 5476 corp: 975/301Kb lim: 1692 exec/s: 3245 rss: 1510Mb L: 362/1335 MS: 1 EraseBytes-
#608206	REDUCE cov: 1395 ft: 5476 corp: 975/301Kb lim: 1702 exec/s: 3235 rss: 1510Mb L: 368/1335 MS: 2 PersAutoDict-EraseBytes- DE: "|\000"-
#608723	REDUCE cov: 1395 ft: 5476 corp: 975/301Kb lim: 1702 exec/s: 3237 rss: 1510Mb L: 339/1335 MS: 2 ManualDict-EraseBytes- DE: "lw     %[temp0],  "-
#608726	REDUCE cov: 1395 ft: 5476 corp: 975/301Kb lim: 1702 exec/s: 3237 rss: 1510Mb L: 229/1335 MS: 3 EraseBytes-EraseBytes-CMP- DE: "\001\000\000\324"-
#608998	REDUCE cov: 1395 ft: 5476 corp: 975/301Kb lim: 1702 exec/s: 3239 rss: 1510Mb L: 360/1335 MS: 2 ChangeBit-EraseBytes-
#609103	NEW    cov: 1395 ft: 5479 corp: 976/301Kb lim: 1702 exec/s: 3239 rss: 1510Mb L: 271/1335 MS: 5 CopyPart-EraseBytes-ChangeByte-PersAutoDict-ChangeBit- DE: "\031\000\000\000\000\000\000\000"-
#609178	REDUCE cov: 1395 ft: 5479 corp: 976/301Kb lim: 1702 exec/s: 3240 rss: 1510Mb L: 1104/1335 MS: 5 EraseBytes-ChangeByte-ShuffleBytes-ChangeASCIIInt-ChangeByte-
#609929	REDUCE cov: 1395 ft: 5479 corp: 976/301Kb lim: 1702 exec/s: 3244 rss: 1510Mb L: 337/1335 MS: 1 EraseBytes-
#609997	REDUCE cov: 1395 ft: 5479 corp: 976/301Kb lim: 1702 exec/s: 3244 rss: 1510Mb L: 604/1335 MS: 3 ChangeASCIIInt-ChangeASCIIInt-EraseBytes-
#610133	REDUCE cov: 1395 ft: 5479 corp: 976/301Kb lim: 1702 exec/s: 3245 rss: 1510Mb L: 293/1335 MS: 1 EraseBytes-
#610630	REDUCE cov: 1395 ft: 5479 corp: 976/301Kb lim: 1702 exec/s: 3248 rss: 1510Mb L: 771/1335 MS: 2 CopyPart-CrossOver-
#610669	REDUCE cov: 1395 ft: 5479 corp: 976/301Kb lim: 1702 exec/s: 3231 rss: 1510Mb L: 761/1335 MS: 4 InsertByte-CMP-ChangeByte-EraseBytes- DE: "\023\000\000\000\000\000\000\000"-
#611382	REDUCE cov: 1395 ft: 5479 corp: 976/301Kb lim: 1702 exec/s: 3234 rss: 1510Mb L: 111/1335 MS: 3 ChangeBinInt-ChangeBit-EraseBytes-
#612281	REDUCE cov: 1395 ft: 5479 corp: 976/301Kb lim: 1702 exec/s: 3239 rss: 1510Mb L: 196/1335 MS: 4 EraseBytes-InsertByte-ChangeByte-CMP- DE: "\020\000\000\000"-
#612432	REDUCE cov: 1395 ft: 5479 corp: 976/301Kb lim: 1702 exec/s: 3240 rss: 1510Mb L: 403/1335 MS: 1 EraseBytes-
#612948	REDUCE cov: 1395 ft: 5479 corp: 976/301Kb lim: 1702 exec/s: 3243 rss: 1510Mb L: 191/1335 MS: 1 EraseBytes-
#614222	REDUCE cov: 1395 ft: 5479 corp: 976/300Kb lim: 1712 exec/s: 3249 rss: 1510Mb L: 272/1335 MS: 4 ChangeByte-InsertByte-EraseBytes-CrossOver-
#614440	REDUCE cov: 1395 ft: 5479 corp: 976/300Kb lim: 1712 exec/s: 3251 rss: 1510Mb L: 207/1335 MS: 3 CopyPart-ChangeByte-EraseBytes-
#614502	REDUCE cov: 1395 ft: 5479 corp: 976/300Kb lim: 1712 exec/s: 3251 rss: 1510Mb L: 578/1335 MS: 2 ManualDict-EraseBytes- DE: "vqsub.s8  "-
#614652	REDUCE cov: 1395 ft: 5479 corp: 976/300Kb lim: 1712 exec/s: 3252 rss: 1510Mb L: 245/1335 MS: 5 CopyPart-ChangeBit-InsertByte-CMP-EraseBytes- DE: "WEVP"-
#615438	REDUCE cov: 1395 ft: 5479 corp: 976/300Kb lim: 1712 exec/s: 3256 rss: 1510Mb L: 811/1335 MS: 1 EraseBytes-
#615480	REDUCE cov: 1395 ft: 5479 corp: 976/300Kb lim: 1712 exec/s: 3256 rss: 1510Mb L: 144/1335 MS: 2 CMP-EraseBytes- DE: "ALPH"-
#615516	REDUCE cov: 1395 ft: 5479 corp: 976/300Kb lim: 1712 exec/s: 3256 rss: 1510Mb L: 321/1335 MS: 1 EraseBytes-
#615998	REDUCE cov: 1395 ft: 5479 corp: 976/300Kb lim: 1712 exec/s: 3242 rss: 1510Mb L: 848/1335 MS: 2 CopyPart-EraseBytes-
#617736	REDUCE cov: 1395 ft: 5479 corp: 976/300Kb lim: 1722 exec/s: 3251 rss: 1510Mb L: 186/1335 MS: 3 ChangeBit-ChangeASCIIInt-EraseBytes-
#618163	REDUCE cov: 1395 ft: 5479 corp: 976/300Kb lim: 1722 exec/s: 3253 rss: 1510Mb L: 127/1335 MS: 2 InsertByte-EraseBytes-
#619544	REDUCE cov: 1395 ft: 5479 corp: 976/300Kb lim: 1732 exec/s: 3193 rss: 1510Mb L: 284/1335 MS: 1 EraseBytes-
#619950	REDUCE cov: 1395 ft: 5479 corp: 976/300Kb lim: 1732 exec/s: 3195 rss: 1510Mb L: 505/1335 MS: 1 EraseBytes-
#620926	REDUCE cov: 1395 ft: 5479 corp: 976/300Kb lim: 1732 exec/s: 3184 rss: 1510Mb L: 291/1335 MS: 1 EraseBytes-
#621297	REDUCE cov: 1395 ft: 5479 corp: 976/300Kb lim: 1732 exec/s: 3186 rss: 1510Mb L: 149/1335 MS: 1 EraseBytes-
#621604	REDUCE cov: 1395 ft: 5479 corp: 976/300Kb lim: 1732 exec/s: 3187 rss: 1510Mb L: 203/1335 MS: 2 ShuffleBytes-EraseBytes-
#621794	REDUCE cov: 1395 ft: 5479 corp: 976/300Kb lim: 1732 exec/s: 3188 rss: 1510Mb L: 353/1335 MS: 5 InsertByte-CMP-InsertRepeatedBytes-InsertByte-EraseBytes- DE: "WE9P"-
#622900	REDUCE cov: 1395 ft: 5479 corp: 976/300Kb lim: 1742 exec/s: 3194 rss: 1510Mb L: 198/1335 MS: 1 EraseBytes-
#623386	REDUCE cov: 1395 ft: 5479 corp: 976/300Kb lim: 1742 exec/s: 3196 rss: 1510Mb L: 172/1335 MS: 1 EraseBytes-
#624819	REDUCE cov: 1395 ft: 5479 corp: 976/300Kb lim: 1752 exec/s: 3187 rss: 1510Mb L: 394/1335 MS: 3 ShuffleBytes-CMP-EraseBytes- DE: "\000\000\000\000\000\000\000\276"-
#627046	REDUCE cov: 1395 ft: 5479 corp: 976/300Kb lim: 1772 exec/s: 3199 rss: 1510Mb L: 125/1335 MS: 2 PersAutoDict-EraseBytes- DE: "\250\000\000\000\000\000\000\000"-
#627338	NEW    cov: 1396 ft: 5480 corp: 977/301Kb lim: 1772 exec/s: 3200 rss: 1510Mb L: 709/1335 MS: 2 InsertByte-ManualDict- DE: "+r"-
#627434	REDUCE cov: 1396 ft: 5480 corp: 977/301Kb lim: 1772 exec/s: 3201 rss: 1510Mb L: 91/1335 MS: 1 EraseBytes-
#628049	REDUCE cov: 1396 ft: 5480 corp: 977/301Kb lim: 1772 exec/s: 3204 rss: 1510Mb L: 533/1335 MS: 5 CopyPart-ChangeByte-CrossOver-EraseBytes-ManualDict- DE: "src/utils/palette.h"-
#628317	REDUCE cov: 1396 ft: 5480 corp: 977/301Kb lim: 1772 exec/s: 3205 rss: 1510Mb L: 201/1335 MS: 3 ManualDict-ChangeByte-EraseBytes- DE: "addu   %[temp20],    %["-
#628603	REDUCE cov: 1396 ft: 5480 corp: 977/301Kb lim: 1772 exec/s: 3207 rss: 1510Mb L: 14/1335 MS: 1 EraseBytes-
#628944	REDUCE cov: 1396 ft: 5480 corp: 977/301Kb lim: 1772 exec/s: 3192 rss: 1510Mb L: 389/1335 MS: 1 EraseBytes-
#629113	REDUCE cov: 1396 ft: 5480 corp: 977/301Kb lim: 1772 exec/s: 3193 rss: 1510Mb L: 513/1335 MS: 4 ShuffleBytes-CopyPart-ChangeASCIIInt-EraseBytes-
#629174	REDUCE cov: 1396 ft: 5480 corp: 977/301Kb lim: 1772 exec/s: 3193 rss: 1510Mb L: 251/1335 MS: 1 EraseBytes-
#629263	REDUCE cov: 1396 ft: 5480 corp: 977/301Kb lim: 1772 exec/s: 3194 rss: 1510Mb L: 85/1335 MS: 4 ShuffleBytes-InsertByte-ShuffleBytes-EraseBytes-
#629709	REDUCE cov: 1396 ft: 5480 corp: 977/301Kb lim: 1772 exec/s: 3196 rss: 1510Mb L: 142/1335 MS: 1 EraseBytes-
#630130	REDUCE cov: 1396 ft: 5480 corp: 977/301Kb lim: 1772 exec/s: 3198 rss: 1510Mb L: 169/1335 MS: 1 EraseBytes-
#630421	REDUCE cov: 1396 ft: 5480 corp: 977/301Kb lim: 1772 exec/s: 3200 rss: 1510Mb L: 189/1335 MS: 1 CrossOver-
#630744	REDUCE cov: 1396 ft: 5480 corp: 977/301Kb lim: 1772 exec/s: 3201 rss: 1510Mb L: 235/1335 MS: 3 CMP-CrossOver-EraseBytes- DE: "`RIF"-
#632632	REDUCE cov: 1396 ft: 5480 corp: 977/300Kb lim: 1782 exec/s: 3195 rss: 1510Mb L: 202/1335 MS: 3 PersAutoDict-InsertByte-EraseBytes- DE: "srl              %["-
#634022	REDUCE cov: 1396 ft: 5480 corp: 977/300Kb lim: 1792 exec/s: 3186 rss: 1510Mb L: 222/1335 MS: 5 InsertByte-ShuffleBytes-ChangeBit-ChangeByte-EraseBytes-
#634498	REDUCE cov: 1396 ft: 5480 corp: 977/300Kb lim: 1792 exec/s: 3188 rss: 1510Mb L: 524/1335 MS: 1 EraseBytes-
#635110	REDUCE cov: 1396 ft: 5480 corp: 977/300Kb lim: 1792 exec/s: 3191 rss: 1510Mb L: 235/1335 MS: 2 ShuffleBytes-EraseBytes-
#635202	REDUCE cov: 1396 ft: 5480 corp: 977/300Kb lim: 1792 exec/s: 3191 rss: 1510Mb L: 198/1335 MS: 2 ChangeByte-EraseBytes-
#635439	REDUCE cov: 1396 ft: 5480 corp: 977/300Kb lim: 1792 exec/s: 3177 rss: 1510Mb L: 489/1335 MS: 2 ChangeByte-EraseBytes-
#635612	REDUCE cov: 1398 ft: 5482 corp: 978/301Kb lim: 1792 exec/s: 3178 rss: 1510Mb L: 601/1335 MS: 3 ShuffleBytes-ChangeASCIIInt-CrossOver-
#635713	REDUCE cov: 1398 ft: 5482 corp: 978/301Kb lim: 1792 exec/s: 3178 rss: 1510Mb L: 200/1335 MS: 1 EraseBytes-
#635789	REDUCE cov: 1398 ft: 5482 corp: 978/301Kb lim: 1792 exec/s: 3178 rss: 1510Mb L: 292/1335 MS: 1 EraseBytes-
#636040	REDUCE cov: 1398 ft: 5482 corp: 978/301Kb lim: 1792 exec/s: 3180 rss: 1510Mb L: 196/1335 MS: 1 EraseBytes-
#636099	REDUCE cov: 1398 ft: 5482 corp: 978/301Kb lim: 1792 exec/s: 3180 rss: 1510Mb L: 198/1335 MS: 4 ChangeBit-PersAutoDict-ChangeASCIIInt-EraseBytes- DE: "c\000\000\000\000\000\000\000"-
#636735	REDUCE cov: 1398 ft: 5482 corp: 978/301Kb lim: 1792 exec/s: 3183 rss: 1510Mb L: 138/1335 MS: 1 EraseBytes-
#636758	REDUCE cov: 1398 ft: 5482 corp: 978/301Kb lim: 1792 exec/s: 3183 rss: 1510Mb L: 217/1335 MS: 3 InsertRepeatedBytes-InsertRepeatedBytes-EraseBytes-
#637870	REDUCE cov: 1398 ft: 5482 corp: 978/301Kb lim: 1802 exec/s: 3189 rss: 1510Mb L: 228/1335 MS: 2 CrossOver-EraseBytes-
#638256	REDUCE cov: 1398 ft: 5482 corp: 978/301Kb lim: 1802 exec/s: 3128 rss: 1510Mb L: 334/1335 MS: 1 CrossOver-
#638768	REDUCE cov: 1398 ft: 5482 corp: 978/301Kb lim: 1802 exec/s: 3131 rss: 1510Mb L: 174/1335 MS: 2 ShuffleBytes-EraseBytes-
#638850	NEW    cov: 1398 ft: 5489 corp: 979/301Kb lim: 1802 exec/s: 3131 rss: 1510Mb L: 34/1335 MS: 2 ShuffleBytes-ChangeByte-
#639068	REDUCE cov: 1398 ft: 5492 corp: 980/301Kb lim: 1802 exec/s: 3132 rss: 1510Mb L: 133/1335 MS: 3 CopyPart-EraseBytes-CrossOver-
#639219	REDUCE cov: 1398 ft: 5492 corp: 980/301Kb lim: 1802 exec/s: 3118 rss: 1510Mb L: 192/1335 MS: 1 EraseBytes-
#640442	REDUCE cov: 1398 ft: 5492 corp: 980/301Kb lim: 1812 exec/s: 3124 rss: 1510Mb L: 83/1335 MS: 3 PersAutoDict-ChangeByte-EraseBytes- DE: "\003\000\000\000\000\000\000\000"-
#641130	REDUCE cov: 1398 ft: 5492 corp: 980/301Kb lim: 1812 exec/s: 3127 rss: 1510Mb L: 464/1335 MS: 3 PersAutoDict-ChangeASCIIInt-EraseBytes- DE: "=&r"-
#641249	REDUCE cov: 1398 ft: 5492 corp: 980/301Kb lim: 1812 exec/s: 3128 rss: 1510Mb L: 320/1335 MS: 4 ChangeASCIIInt-InsertRepeatedBytes-ChangeByte-EraseBytes-
#642165	REDUCE cov: 1398 ft: 5493 corp: 981/301Kb lim: 1812 exec/s: 3132 rss: 1510Mb L: 532/1335 MS: 1 ChangeBit-
#642431	REDUCE cov: 1398 ft: 5493 corp: 981/301Kb lim: 1812 exec/s: 3133 rss: 1510Mb L: 100/1335 MS: 1 EraseBytes-
#642837	NEW    cov: 1398 ft: 5494 corp: 982/301Kb lim: 1812 exec/s: 3135 rss: 1510Mb L: 133/1335 MS: 1 ManualDict- DE: "src/utils/huffman_encode_utils.h"-
#643577	NEW    cov: 1398 ft: 5495 corp: 983/302Kb lim: 1812 exec/s: 3124 rss: 1510Mb L: 331/1335 MS: 5 ChangeASCIIInt-CrossOver-InsertRepeatedBytes-InsertByte-CrossOver-
#643725	NEW    cov: 1398 ft: 5496 corp: 984/302Kb lim: 1812 exec/s: 3124 rss: 1510Mb L: 121/1335 MS: 3 InsertByte-ManualDict-EraseBytes- DE: "Premature end-of-partition0 encountered."-
#644257	REDUCE cov: 1398 ft: 5496 corp: 984/302Kb lim: 1812 exec/s: 3127 rss: 1510Mb L: 733/1335 MS: 2 ChangeASCIIInt-EraseBytes-
#644349	REDUCE cov: 1398 ft: 5496 corp: 984/301Kb lim: 1812 exec/s: 3127 rss: 1510Mb L: 858/1335 MS: 2 PersAutoDict-EraseBytes- DE: "lbu     %[temp0],    "-
#644664	REDUCE cov: 1398 ft: 5496 corp: 984/301Kb lim: 1812 exec/s: 3129 rss: 1510Mb L: 383/1335 MS: 5 ShuffleBytes-EraseBytes-CMP-InsertRepeatedBytes-CopyPart- DE: "VP8 "-
#644851	REDUCE cov: 1398 ft: 5496 corp: 984/301Kb lim: 1812 exec/s: 3130 rss: 1510Mb L: 37/1335 MS: 2 CopyPart-EraseBytes-
#645639	REDUCE cov: 1398 ft: 5496 corp: 984/301Kb lim: 1812 exec/s: 3134 rss: 1510Mb L: 221/1335 MS: 3 InsertByte-InsertByte-EraseBytes-
#645842	NEW    cov: 1398 ft: 5497 corp: 985/302Kb lim: 1812 exec/s: 3135 rss: 1510Mb L: 879/1335 MS: 3 CrossOver-CopyPart-CrossOver-
#645986	REDUCE cov: 1398 ft: 5497 corp: 985/302Kb lim: 1812 exec/s: 3135 rss: 1510Mb L: 138/1335 MS: 4 InsertByte-CMP-ShuffleBytes-EraseBytes- DE: "\001\000\000\000\000\000\000\030"-
#646007	REDUCE cov: 1398 ft: 5497 corp: 985/302Kb lim: 1812 exec/s: 3135 rss: 1510Mb L: 494/1335 MS: 1 EraseBytes-
#646128	REDUCE cov: 1398 ft: 5497 corp: 985/302Kb lim: 1812 exec/s: 3136 rss: 1510Mb L: 281/1335 MS: 1 EraseBytes-
#646706	REDUCE cov: 1398 ft: 5497 corp: 985/302Kb lim: 1812 exec/s: 3139 rss: 1510Mb L: 244/1335 MS: 3 EraseBytes-ShuffleBytes-InsertByte-
#647838	REDUCE cov: 1398 ft: 5499 corp: 986/302Kb lim: 1822 exec/s: 3144 rss: 1510Mb L: 222/1335 MS: 2 PersAutoDict-PersAutoDict- DE: "Z\000\000\000\000\000\000\000"-"\032\011"-
#647855	NEW    cov: 1401 ft: 5502 corp: 987/304Kb lim: 1822 exec/s: 3144 rss: 1510Mb L: 1783/1783 MS: 2 ChangeASCIIInt-CopyPart-
#648891	REDUCE cov: 1401 ft: 5502 corp: 987/304Kb lim: 1832 exec/s: 3134 rss: 1510Mb L: 176/1783 MS: 1 EraseBytes-
#649097	REDUCE cov: 1401 ft: 5502 corp: 987/304Kb lim: 1832 exec/s: 3135 rss: 1510Mb L: 359/1783 MS: 1 EraseBytes-
#649302	REDUCE cov: 1401 ft: 5503 corp: 988/305Kb lim: 1832 exec/s: 3136 rss: 1510Mb L: 864/1783 MS: 5 InsertRepeatedBytes-InsertByte-ChangeByte-CopyPart-EraseBytes-
#650138	NEW    cov: 1401 ft: 5504 corp: 989/306Kb lim: 1832 exec/s: 3110 rss: 1510Mb L: 686/1783 MS: 1 CMP- DE: "\001\000\000\000\000\000\000X"-
#650176	NEW    cov: 1401 ft: 5505 corp: 990/306Kb lim: 1832 exec/s: 3110 rss: 1510Mb L: 217/1783 MS: 3 ChangeBit-EraseBytes-InsertRepeatedBytes-
#650927	REDUCE cov: 1401 ft: 5505 corp: 990/306Kb lim: 1832 exec/s: 3099 rss: 1510Mb L: 184/1783 MS: 1 EraseBytes-
#651518	REDUCE cov: 1401 ft: 5505 corp: 990/306Kb lim: 1832 exec/s: 3102 rss: 1510Mb L: 212/1783 MS: 1 EraseBytes-
#651530	REDUCE cov: 1401 ft: 5505 corp: 990/306Kb lim: 1832 exec/s: 3102 rss: 1510Mb L: 172/1783 MS: 2 InsertByte-EraseBytes-
#651732	REDUCE cov: 1401 ft: 5505 corp: 990/306Kb lim: 1832 exec/s: 3103 rss: 1510Mb L: 576/1783 MS: 2 ChangeByte-EraseBytes-
#652093	REDUCE cov: 1401 ft: 5505 corp: 990/306Kb lim: 1832 exec/s: 3105 rss: 1510Mb L: 437/1783 MS: 1 EraseBytes-
#652169	REDUCE cov: 1401 ft: 5505 corp: 990/306Kb lim: 1832 exec/s: 3105 rss: 1510Mb L: 830/1783 MS: 1 EraseBytes-
#652222	REDUCE cov: 1401 ft: 5505 corp: 990/306Kb lim: 1832 exec/s: 3105 rss: 1510Mb L: 699/1783 MS: 3 ShuffleBytes-EraseBytes-PersAutoDict- DE: "src/utils/rescaler_utils.h"-
#654188	REDUCE cov: 1401 ft: 5505 corp: 990/306Kb lim: 1842 exec/s: 3056 rss: 1510Mb L: 200/1783 MS: 1 EraseBytes-
#654584	REDUCE cov: 1401 ft: 5505 corp: 990/306Kb lim: 1842 exec/s: 3044 rss: 1510Mb L: 164/1783 MS: 1 EraseBytes-
#655033	REDUCE cov: 1401 ft: 5505 corp: 990/305Kb lim: 1842 exec/s: 3046 rss: 1510Mb L: 799/1783 MS: 4 ChangeBinInt-InsertRepeatedBytes-ChangeByte-EraseBytes-
#655684	REDUCE cov: 1401 ft: 5505 corp: 990/305Kb lim: 1842 exec/s: 3049 rss: 1510Mb L: 835/1783 MS: 1 EraseBytes-
#655839	REDUCE cov: 1401 ft: 5507 corp: 991/305Kb lim: 1842 exec/s: 3050 rss: 1510Mb L: 117/1783 MS: 5 ChangeBit-ManualDict-PersAutoDict-ManualDict-EraseBytes- DE: "],    0+"-"],    %["-"src/dsp/dsp.h"-
#656022	REDUCE cov: 1401 ft: 5508 corp: 992/306Kb lim: 1842 exec/s: 3051 rss: 1510Mb L: 177/1783 MS: 3 ManualDict-ChangeByte-EraseBytes- DE: "lh      %[temp19],      "-
#657168	REDUCE cov: 1401 ft: 5508 corp: 992/306Kb lim: 1852 exec/s: 3056 rss: 1510Mb L: 34/1783 MS: 1 EraseBytes-
#657204	REDUCE cov: 1401 ft: 5508 corp: 992/306Kb lim: 1852 exec/s: 3056 rss: 1510Mb L: 782/1783 MS: 1 EraseBytes-
#658166	NEW    cov: 1401 ft: 5510 corp: 993/306Kb lim: 1852 exec/s: 3061 rss: 1510Mb L: 106/1783 MS: 2 CopyPart-ChangeBit-
#658777	REDUCE cov: 1401 ft: 5510 corp: 993/306Kb lim: 1852 exec/s: 3064 rss: 1510Mb L: 381/1783 MS: 1 EraseBytes-
#658893	REDUCE cov: 1401 ft: 5510 corp: 993/306Kb lim: 1852 exec/s: 3064 rss: 1510Mb L: 350/1783 MS: 1 EraseBytes-
#659329	REDUCE cov: 1401 ft: 5510 corp: 993/306Kb lim: 1852 exec/s: 3066 rss: 1510Mb L: 189/1783 MS: 1 EraseBytes-
#659497	REDUCE cov: 1401 ft: 5510 corp: 993/306Kb lim: 1852 exec/s: 3053 rss: 1510Mb L: 178/1783 MS: 3 ChangeBinInt-EraseBytes-ManualDict- DE: "src/dsp/common_sse41.h"-
#659560	NEW    cov: 1401 ft: 5511 corp: 994/306Kb lim: 1852 exec/s: 3053 rss: 1510Mb L: 160/1783 MS: 3 ManualDict-InsertByte-ManualDict- DE: "src/dsp/common_sse41.h"-" #b "-
#660522	NEW    cov: 1401 ft: 5512 corp: 995/306Kb lim: 1852 exec/s: 3057 rss: 1510Mb L: 193/1783 MS: 2 InsertByte-CrossOver-
#660558	NEW    cov: 1401 ft: 5513 corp: 996/308Kb lim: 1852 exec/s: 3058 rss: 1510Mb L: 1783/1783 MS: 1 CopyPart-
#661894	REDUCE cov: 1401 ft: 5513 corp: 996/308Kb lim: 1862 exec/s: 3064 rss: 1510Mb L: 654/1783 MS: 1 EraseBytes-
#662465	REDUCE cov: 1401 ft: 5513 corp: 996/308Kb lim: 1862 exec/s: 3066 rss: 1510Mb L: 113/1783 MS: 1 EraseBytes-
#662920	REDUCE cov: 1401 ft: 5514 corp: 997/308Kb lim: 1862 exec/s: 3069 rss: 1510Mb L: 472/1783 MS: 5 CMP-CopyPart-CopyPart-ChangeBinInt-EraseBytes- DE: "\000\000\000\000\000\000\000\000"-
#663147	REDUCE cov: 1401 ft: 5514 corp: 997/308Kb lim: 1862 exec/s: 3070 rss: 1510Mb L: 142/1783 MS: 2 CopyPart-EraseBytes-
#663151	NEW    cov: 1401 ft: 5515 corp: 998/308Kb lim: 1862 exec/s: 3070 rss: 1510Mb L: 118/1783 MS: 4 ChangeBit-InsertByte-ChangeByte-ChangeByte-
#663187	REDUCE cov: 1401 ft: 5515 corp: 998/308Kb lim: 1862 exec/s: 3070 rss: 1510Mb L: 262/1783 MS: 1 EraseBytes-
#664118	REDUCE cov: 1401 ft: 5516 corp: 999/308Kb lim: 1862 exec/s: 3060 rss: 1510Mb L: 208/1783 MS: 1 ChangeBit-
#664280	REDUCE cov: 1401 ft: 5516 corp: 999/308Kb lim: 1862 exec/s: 3061 rss: 1510Mb L: 179/1783 MS: 2 InsertRepeatedBytes-EraseBytes-
#664646	REDUCE cov: 1401 ft: 5516 corp: 999/308Kb lim: 1862 exec/s: 3062 rss: 1510Mb L: 375/1783 MS: 1 EraseBytes-
#666790	REDUCE cov: 1401 ft: 5516 corp: 999/308Kb lim: 1882 exec/s: 3030 rss: 1510Mb L: 191/1783 MS: 4 ChangeBit-CrossOver-ChangeBit-EraseBytes-
#667326	REDUCE cov: 1401 ft: 5516 corp: 999/308Kb lim: 1882 exec/s: 3033 rss: 1510Mb L: 202/1783 MS: 1 EraseBytes-
#668574	REDUCE cov: 1401 ft: 5516 corp: 999/308Kb lim: 1892 exec/s: 3038 rss: 1510Mb L: 123/1783 MS: 3 CopyPart-InsertRepeatedBytes-EraseBytes-
#669025	REDUCE cov: 1401 ft: 5516 corp: 999/308Kb lim: 1892 exec/s: 3041 rss: 1510Mb L: 464/1783 MS: 1 EraseBytes-
	NEW_FUNC[1/1]: 0xaaaac7f25dec in PredictorAdd0_NEON /b/libwebp/src/dsp/lossless_neon.c:212
#669400	NEW    cov: 1404 ft: 5522 corp: 1000/308Kb lim: 1892 exec/s: 3028 rss: 1510Mb L: 196/1783 MS: 5 CopyPart-ChangeBit-InsertRepeatedBytes-ManualDict-ChangeByte- DE: "(a), [d1]"-
#669421	REDUCE cov: 1404 ft: 5522 corp: 1000/308Kb lim: 1892 exec/s: 3029 rss: 1510Mb L: 223/1783 MS: 1 EraseBytes-
#669799	REDUCE cov: 1404 ft: 5522 corp: 1000/308Kb lim: 1892 exec/s: 3030 rss: 1510Mb L: 332/1783 MS: 3 CopyPart-ShuffleBytes-EraseBytes-
#670580	REDUCE cov: 1404 ft: 5522 corp: 1000/308Kb lim: 1892 exec/s: 3034 rss: 1510Mb L: 1548/1783 MS: 1 EraseBytes-
#670667	REDUCE cov: 1404 ft: 5522 corp: 1000/308Kb lim: 1892 exec/s: 3034 rss: 1510Mb L: 96/1783 MS: 2 CrossOver-EraseBytes-
#671198	REDUCE cov: 1404 ft: 5522 corp: 1000/308Kb lim: 1892 exec/s: 3037 rss: 1510Mb L: 177/1783 MS: 1 EraseBytes-
#671590	REDUCE cov: 1404 ft: 5524 corp: 1001/308Kb lim: 1892 exec/s: 3038 rss: 1510Mb L: 130/1783 MS: 2 ShuffleBytes-PersAutoDict- DE: "\377\377\377\377\377\377\377a"-
#671717	REDUCE cov: 1404 ft: 5524 corp: 1001/308Kb lim: 1892 exec/s: 3039 rss: 1510Mb L: 131/1783 MS: 2 CrossOver-EraseBytes-
#671840	REDUCE cov: 1404 ft: 5524 corp: 1001/308Kb lim: 1892 exec/s: 3040 rss: 1510Mb L: 191/1783 MS: 3 InsertRepeatedBytes-ChangeBinInt-EraseBytes-
#673008	REDUCE cov: 1404 ft: 5524 corp: 1001/308Kb lim: 1902 exec/s: 3045 rss: 1510Mb L: 124/1783 MS: 3 ChangeBit-InsertByte-EraseBytes-
#673670	REDUCE cov: 1404 ft: 5524 corp: 1001/308Kb lim: 1902 exec/s: 3048 rss: 1510Mb L: 185/1783 MS: 2 ChangeBit-EraseBytes-
#674011	REDUCE cov: 1404 ft: 5524 corp: 1001/308Kb lim: 1902 exec/s: 3049 rss: 1510Mb L: 768/1783 MS: 1 EraseBytes-
#674112	REDUCE cov: 1404 ft: 5524 corp: 1001/308Kb lim: 1902 exec/s: 3050 rss: 1510Mb L: 179/1783 MS: 1 EraseBytes-
#674208	REDUCE cov: 1404 ft: 5524 corp: 1001/308Kb lim: 1902 exec/s: 3036 rss: 1510Mb L: 175/1783 MS: 1 EraseBytes-
#674227	REDUCE cov: 1404 ft: 5524 corp: 1001/308Kb lim: 1902 exec/s: 3037 rss: 1510Mb L: 167/1783 MS: 4 ManualDict-ChangeBinInt-PersAutoDict-EraseBytes- DE: "(left_1), [top]"-"sb       %[temp1],  2+0*"-
#674858	REDUCE cov: 1404 ft: 5524 corp: 1001/308Kb lim: 1902 exec/s: 3039 rss: 1510Mb L: 360/1783 MS: 1 EraseBytes-
#674931	REDUCE cov: 1404 ft: 5524 corp: 1001/308Kb lim: 1902 exec/s: 3040 rss: 1510Mb L: 179/1783 MS: 3 EraseBytes-InsertRepeatedBytes-EraseBytes-
#675180	REDUCE cov: 1404 ft: 5524 corp: 1001/308Kb lim: 1902 exec/s: 3041 rss: 1510Mb L: 320/1783 MS: 4 CopyPart-ChangeByte-ShuffleBytes-EraseBytes-
#675356	REDUCE cov: 1404 ft: 5524 corp: 1001/308Kb lim: 1902 exec/s: 3042 rss: 1510Mb L: 126/1783 MS: 1 EraseBytes-
#677217	REDUCE cov: 1404 ft: 5524 corp: 1001/308Kb lim: 1912 exec/s: 2983 rss: 1510Mb L: 242/1783 MS: 1 EraseBytes-
#677515	REDUCE cov: 1404 ft: 5524 corp: 1001/308Kb lim: 1912 exec/s: 2984 rss: 1510Mb L: 318/1783 MS: 3 CMP-EraseBytes-PersAutoDict- DE: "\002\000 \000"-"\000\020\000\000"-
#677539	REDUCE cov: 1404 ft: 5524 corp: 1001/308Kb lim: 1912 exec/s: 2984 rss: 1510Mb L: 386/1783 MS: 4 InsertByte-ShuffleBytes-CrossOver-EraseBytes-
#677640	REDUCE cov: 1404 ft: 5524 corp: 1001/308Kb lim: 1912 exec/s: 2895 rss: 1510Mb L: 148/1783 MS: 1 EraseBytes-
#677951	REDUCE cov: 1404 ft: 5524 corp: 1001/308Kb lim: 1912 exec/s: 2897 rss: 1510Mb L: 350/1783 MS: 1 CrossOver-
#679694	REDUCE cov: 1404 ft: 5524 corp: 1001/308Kb lim: 1922 exec/s: 2904 rss: 1510Mb L: 714/1783 MS: 3 ChangeASCIIInt-ChangeBinInt-EraseBytes-
#679930	REDUCE cov: 1404 ft: 5524 corp: 1001/308Kb lim: 1922 exec/s: 2905 rss: 1510Mb L: 142/1783 MS: 1 EraseBytes-
#680131	REDUCE cov: 1404 ft: 5524 corp: 1001/308Kb lim: 1922 exec/s: 2894 rss: 1510Mb L: 192/1783 MS: 1 EraseBytes-
#680220	REDUCE cov: 1404 ft: 5524 corp: 1001/308Kb lim: 1922 exec/s: 2894 rss: 1510Mb L: 223/1783 MS: 4 InsertRepeatedBytes-EraseBytes-InsertByte-CMP- DE: "\313\000\000\000\000\000\000\000"-
#680281	NEW    cov: 1404 ft: 5529 corp: 1002/308Kb lim: 1922 exec/s: 2894 rss: 1510Mb L: 34/1783 MS: 1 ChangeBinInt-
#680862	REDUCE cov: 1404 ft: 5529 corp: 1002/308Kb lim: 1922 exec/s: 2897 rss: 1510Mb L: 99/1783 MS: 1 EraseBytes-
#682491	REDUCE cov: 1404 ft: 5529 corp: 1002/307Kb lim: 1932 exec/s: 2904 rss: 1510Mb L: 229/1783 MS: 4 ShuffleBytes-ShuffleBytes-CopyPart-EraseBytes-
#684484	REDUCE cov: 1404 ft: 5529 corp: 1002/307Kb lim: 1942 exec/s: 2900 rss: 1510Mb L: 626/1783 MS: 3 ChangeASCIIInt-ChangeBit-CrossOver-
#685385	REDUCE cov: 1404 ft: 5529 corp: 1002/307Kb lim: 1942 exec/s: 2904 rss: 1510Mb L: 325/1783 MS: 1 EraseBytes-
#685418	REDUCE cov: 1404 ft: 5529 corp: 1002/307Kb lim: 1942 exec/s: 2904 rss: 1510Mb L: 483/1783 MS: 3 ChangeASCIIInt-ChangeBit-EraseBytes-
#685512	NEW    cov: 1404 ft: 5530 corp: 1003/307Kb lim: 1942 exec/s: 2904 rss: 1510Mb L: 205/1783 MS: 4 ChangeASCIIInt-ChangeASCIIInt-ManualDict-CopyPart- DE: "lbu      %[temp16], 3+3*"-
#685678	NEW    cov: 1404 ft: 5531 corp: 1004/308Kb lim: 1942 exec/s: 2905 rss: 1510Mb L: 226/1783 MS: 1 ManualDict- DE: "lbu     %[temp3],    "-
#685894	REDUCE cov: 1404 ft: 5531 corp: 1004/307Kb lim: 1942 exec/s: 2906 rss: 1510Mb L: 214/1783 MS: 1 EraseBytes-
#686136	REDUCE cov: 1404 ft: 5531 corp: 1004/307Kb lim: 1942 exec/s: 2858 rss: 1510Mb L: 124/1783 MS: 2 ChangeBinInt-EraseBytes-
#686277	REDUCE cov: 1404 ft: 5531 corp: 1004/307Kb lim: 1942 exec/s: 2859 rss: 1510Mb L: 771/1783 MS: 1 EraseBytes-
#686462	REDUCE cov: 1404 ft: 5531 corp: 1004/307Kb lim: 1942 exec/s: 2860 rss: 1510Mb L: 320/1783 MS: 5 ShuffleBytes-CrossOver-EraseBytes-ChangeByte-CrossOver-
#687368	REDUCE cov: 1404 ft: 5531 corp: 1004/307Kb lim: 1942 exec/s: 2864 rss: 1510Mb L: 202/1783 MS: 1 CrossOver-
#687624	REDUCE cov: 1404 ft: 5531 corp: 1004/307Kb lim: 1942 exec/s: 2865 rss: 1510Mb L: 340/1783 MS: 1 EraseBytes-
#687841	REDUCE cov: 1404 ft: 5531 corp: 1004/307Kb lim: 1942 exec/s: 2866 rss: 1510Mb L: 122/1783 MS: 2 EraseBytes-CopyPart-
#688298	REDUCE cov: 1404 ft: 5531 corp: 1004/307Kb lim: 1942 exec/s: 2867 rss: 1510Mb L: 608/1783 MS: 2 EraseBytes-InsertByte-
#689025	REDUCE cov: 1404 ft: 5531 corp: 1004/307Kb lim: 1942 exec/s: 2859 rss: 1510Mb L: 135/1783 MS: 2 ShuffleBytes-EraseBytes-
#689596	REDUCE cov: 1404 ft: 5531 corp: 1004/307Kb lim: 1942 exec/s: 2861 rss: 1510Mb L: 634/1783 MS: 1 EraseBytes-
#689865	REDUCE cov: 1404 ft: 5531 corp: 1004/307Kb lim: 1942 exec/s: 2862 rss: 1510Mb L: 1065/1783 MS: 4 ChangeByte-ChangeByte-EraseBytes-InsertRepeatedBytes-
#691176	REDUCE cov: 1404 ft: 5531 corp: 1004/307Kb lim: 1952 exec/s: 2867 rss: 1510Mb L: 170/1783 MS: 1 EraseBytes-
#691342	REDUCE cov: 1404 ft: 5531 corp: 1004/307Kb lim: 1952 exec/s: 2868 rss: 1510Mb L: 147/1783 MS: 1 EraseBytes-
#692054	REDUCE cov: 1404 ft: 5531 corp: 1004/307Kb lim: 1952 exec/s: 2871 rss: 1510Mb L: 178/1783 MS: 2 CrossOver-EraseBytes-
#692420	NEW    cov: 1404 ft: 5532 corp: 1005/307Kb lim: 1952 exec/s: 2873 rss: 1510Mb L: 138/1783 MS: 1 InsertRepeatedBytes-
#693023	REDUCE cov: 1404 ft: 5532 corp: 1005/307Kb lim: 1952 exec/s: 2863 rss: 1510Mb L: 334/1783 MS: 3 ChangeBinInt-ShuffleBytes-EraseBytes-
#693045	REDUCE cov: 1404 ft: 5532 corp: 1005/307Kb lim: 1952 exec/s: 2863 rss: 1510Mb L: 473/1783 MS: 2 ChangeBit-EraseBytes-
#693433	REDUCE cov: 1404 ft: 5533 corp: 1006/307Kb lim: 1952 exec/s: 2865 rss: 1510Mb L: 167/1783 MS: 3 ManualDict-InsertByte-InsertByte- DE: "usw             %[temp4],   0*"-
#693604	REDUCE cov: 1404 ft: 5536 corp: 1007/308Kb lim: 1952 exec/s: 2866 rss: 1510Mb L: 106/1783 MS: 1 ChangeByte-
#695655	REDUCE cov: 1404 ft: 5536 corp: 1007/307Kb lim: 1972 exec/s: 2874 rss: 1510Mb L: 317/1783 MS: 1 EraseBytes-
#696265	NEW    cov: 1404 ft: 5539 corp: 1008/308Kb lim: 1972 exec/s: 2877 rss: 1510Mb L: 333/1783 MS: 5 ChangeBinInt-ChangeASCIIInt-InsertRepeatedBytes-CMP-PersAutoDict- DE: "\001\030"-"lh      %[temp18],      "-
#696301	NEW    cov: 1404 ft: 5542 corp: 1009/308Kb lim: 1972 exec/s: 2877 rss: 1510Mb L: 34/1783 MS: 1 ChangeBit-
#697558	REDUCE cov: 1404 ft: 5543 corp: 1010/308Kb lim: 1982 exec/s: 2870 rss: 1510Mb L: 124/1783 MS: 2 ShuffleBytes-ManualDict- DE: "(in), [out]"-
#697850	REDUCE cov: 1404 ft: 5543 corp: 1010/308Kb lim: 1982 exec/s: 2871 rss: 1510Mb L: 131/1783 MS: 2 ChangeBinInt-EraseBytes-
#697997	REDUCE cov: 1404 ft: 5543 corp: 1010/308Kb lim: 1982 exec/s: 2872 rss: 1510Mb L: 126/1783 MS: 2 ChangeByte-EraseBytes-
#698268	REDUCE cov: 1404 ft: 5543 corp: 1010/308Kb lim: 1982 exec/s: 2873 rss: 1510Mb L: 308/1783 MS: 1 EraseBytes-
#699910	REDUCE cov: 1404 ft: 5543 corp: 1010/308Kb lim: 1992 exec/s: 2880 rss: 1510Mb L: 529/1783 MS: 2 ManualDict-EraseBytes- DE: "(hev_thresh), [hstride]"-
#699918	REDUCE cov: 1404 ft: 5543 corp: 1010/308Kb lim: 1992 exec/s: 2880 rss: 1510Mb L: 114/1783 MS: 3 ChangeBit-ChangeByte-EraseBytes-
#700251	REDUCE cov: 1404 ft: 5543 corp: 1010/308Kb lim: 1992 exec/s: 2881 rss: 1510Mb L: 466/1783 MS: 3 InsertRepeatedBytes-CrossOver-EraseBytes-
#701287	REDUCE cov: 1404 ft: 5543 corp: 1010/308Kb lim: 2002 exec/s: 2874 rss: 1510Mb L: 275/1783 MS: 1 EraseBytes-
#701396	REDUCE cov: 1404 ft: 5543 corp: 1010/308Kb lim: 2002 exec/s: 2874 rss: 1510Mb L: 437/1783 MS: 4 CopyPart-EraseBytes-ChangeBinInt-EraseBytes-
#702427	REDUCE cov: 1404 ft: 5543 corp: 1010/308Kb lim: 2012 exec/s: 2878 rss: 1510Mb L: 178/1783 MS: 1 EraseBytes-
#702479	REDUCE cov: 1404 ft: 5543 corp: 1010/308Kb lim: 2012 exec/s: 2879 rss: 1510Mb L: 332/1783 MS: 2 ChangeByte-EraseBytes-
#702660	REDUCE cov: 1404 ft: 5545 corp: 1011/308Kb lim: 2012 exec/s: 2879 rss: 1510Mb L: 221/1783 MS: 1 ChangeBinInt-
#703953	REDUCE cov: 1404 ft: 5545 corp: 1011/308Kb lim: 2022 exec/s: 2850 rss: 1510Mb L: 165/1783 MS: 3 EraseBytes-ChangeBinInt-ManualDict- DE: "usw              %[temp4],   3*"-
#705479	REDUCE cov: 1404 ft: 5545 corp: 1011/308Kb lim: 2032 exec/s: 2856 rss: 1510Mb L: 294/1783 MS: 1 EraseBytes-
#705600	REDUCE cov: 1404 ft: 5545 corp: 1011/308Kb lim: 2032 exec/s: 2856 rss: 1510Mb L: 141/1783 MS: 1 EraseBytes-
#706026	REDUCE cov: 1404 ft: 5545 corp: 1011/308Kb lim: 2032 exec/s: 2858 rss: 1510Mb L: 134/1783 MS: 1 EraseBytes-
#706044	REDUCE cov: 1404 ft: 5545 corp: 1011/308Kb lim: 2032 exec/s: 2858 rss: 1510Mb L: 465/1783 MS: 3 InsertByte-EraseBytes-CrossOver-
#706487	NEW    cov: 1404 ft: 5546 corp: 1012/308Kb lim: 2032 exec/s: 2860 rss: 1510Mb L: 313/1783 MS: 3 ShuffleBytes-ChangeASCIIInt-InsertRepeatedBytes-
#706524	NEW    cov: 1404 ft: 5547 corp: 1013/308Kb lim: 2032 exec/s: 2860 rss: 1510Mb L: 235/1783 MS: 2 CopyPart-InsertRepeatedBytes-
#707238	REDUCE cov: 1404 ft: 5547 corp: 1013/308Kb lim: 2032 exec/s: 2863 rss: 1510Mb L: 299/1783 MS: 4 InsertByte-CrossOver-ChangeBinInt-EraseBytes-
#708797	REDUCE cov: 1404 ft: 5547 corp: 1013/308Kb lim: 2042 exec/s: 2858 rss: 1510Mb L: 378/1783 MS: 4 EraseBytes-InsertByte-InsertRepeatedBytes-PersAutoDict- DE: " \000\000\000\000\000\000\000"-
#710417	REDUCE cov: 1404 ft: 5547 corp: 1013/308Kb lim: 2052 exec/s: 2864 rss: 1510Mb L: 215/1783 MS: 5 PersAutoDict-ChangeByte-EraseBytes-CMP-InsertRepeatedBytes- DE: "\377\377\377\377\377\377\377\272"-"\377\377\377\377\377\377\377\264"-
#710740	REDUCE cov: 1404 ft: 5547 corp: 1013/308Kb lim: 2052 exec/s: 2865 rss: 1510Mb L: 176/1783 MS: 3 ChangeBit-InsertByte-EraseBytes-
#710816	REDUCE cov: 1404 ft: 5547 corp: 1013/308Kb lim: 2052 exec/s: 2866 rss: 1510Mb L: 348/1783 MS: 1 CrossOver-
#711963	REDUCE cov: 1404 ft: 5547 corp: 1013/308Kb lim: 2063 exec/s: 2870 rss: 1510Mb L: 107/1783 MS: 2 EraseBytes-CMP- DE: "\000\000\000\000"-
#713265	REDUCE cov: 1404 ft: 5547 corp: 1013/308Kb lim: 2074 exec/s: 2864 rss: 1510Mb L: 217/1783 MS: 2 ChangeASCIIInt-EraseBytes-
#713342	REDUCE cov: 1404 ft: 5547 corp: 1013/308Kb lim: 2074 exec/s: 2864 rss: 1510Mb L: 185/1783 MS: 2 InsertByte-EraseBytes-
#713514	REDUCE cov: 1404 ft: 5547 corp: 1013/308Kb lim: 2074 exec/s: 2865 rss: 1510Mb L: 320/1783 MS: 2 ShuffleBytes-EraseBytes-
#713946	REDUCE cov: 1404 ft: 5547 corp: 1013/308Kb lim: 2074 exec/s: 2867 rss: 1510Mb L: 211/1783 MS: 2 ChangeByte-EraseBytes-
#713962	REDUCE cov: 1404 ft: 5547 corp: 1013/308Kb lim: 2074 exec/s: 2867 rss: 1510Mb L: 183/1783 MS: 1 EraseBytes-
#714149	REDUCE cov: 1404 ft: 5547 corp: 1013/308Kb lim: 2074 exec/s: 2868 rss: 1510Mb L: 403/1783 MS: 2 ManualDict-EraseBytes- DE: "ulw    %[temp0], "-
#714223	REDUCE cov: 1404 ft: 5547 corp: 1013/308Kb lim: 2074 exec/s: 2868 rss: 1510Mb L: 579/1783 MS: 4 ChangeBinInt-CopyPart-EraseBytes-ChangeASCIIInt-
#716289	REDUCE cov: 1404 ft: 5547 corp: 1013/308Kb lim: 2085 exec/s: 2876 rss: 1510Mb L: 147/1783 MS: 1 EraseBytes-
#717035	REDUCE cov: 1404 ft: 5547 corp: 1013/308Kb lim: 2085 exec/s: 2879 rss: 1510Mb L: 337/1783 MS: 1 EraseBytes-
#717741	REDUCE cov: 1404 ft: 5547 corp: 1013/308Kb lim: 2085 exec/s: 2870 rss: 1510Mb L: 14/1783 MS: 1 EraseBytes-
#717781	REDUCE cov: 1404 ft: 5547 corp: 1013/308Kb lim: 2085 exec/s: 2871 rss: 1510Mb L: 215/1783 MS: 5 ShuffleBytes-ChangeBit-InsertByte-ChangeASCIIInt-EraseBytes-
#717797	REDUCE cov: 1404 ft: 5547 corp: 1013/308Kb lim: 2085 exec/s: 2871 rss: 1510Mb L: 708/1783 MS: 1 EraseBytes-
#717934	REDUCE cov: 1404 ft: 5547 corp: 1013/308Kb lim: 2085 exec/s: 2871 rss: 1510Mb L: 106/1783 MS: 2 CrossOver-EraseBytes-
#718302	REDUCE cov: 1404 ft: 5547 corp: 1013/308Kb lim: 2085 exec/s: 2873 rss: 1510Mb L: 227/1783 MS: 3 ManualDict-PersAutoDict-EraseBytes- DE: "usw              %[temp1],  0*"-"(kC1C2), [ref] "-
#718453	REDUCE cov: 1404 ft: 5547 corp: 1013/308Kb lim: 2085 exec/s: 2873 rss: 1510Mb L: 129/1783 MS: 1 EraseBytes-
#719614	REDUCE cov: 1404 ft: 5547 corp: 1013/308Kb lim: 2096 exec/s: 2878 rss: 1510Mb L: 333/1783 MS: 1 EraseBytes-
#721148	REDUCE cov: 1404 ft: 5547 corp: 1013/308Kb lim: 2107 exec/s: 2873 rss: 1510Mb L: 536/1783 MS: 4 ChangeASCIIInt-CMP-InsertByte-EraseBytes- DE: "t\000"-
#721669	REDUCE cov: 1404 ft: 5547 corp: 1013/308Kb lim: 2107 exec/s: 2875 rss: 1510Mb L: 274/1783 MS: 1 EraseBytes-
#723237	REDUCE cov: 1404 ft: 5547 corp: 1013/308Kb lim: 2118 exec/s: 2847 rss: 1510Mb L: 142/1783 MS: 3 EraseBytes-ShuffleBytes-InsertRepeatedBytes-
#723312	REDUCE cov: 1404 ft: 5547 corp: 1013/308Kb lim: 2118 exec/s: 2847 rss: 1510Mb L: 203/1783 MS: 5 ChangeASCIIInt-CMP-CopyPart-PersAutoDict-EraseBytes- DE: "VP9 "-"\013\000\000\000\000\000\000\000"-
#723379	REDUCE cov: 1404 ft: 5547 corp: 1013/308Kb lim: 2118 exec/s: 2847 rss: 1510Mb L: 227/1783 MS: 2 ChangeBinInt-EraseBytes-
#723538	REDUCE cov: 1404 ft: 5547 corp: 1013/308Kb lim: 2118 exec/s: 2848 rss: 1510Mb L: 780/1783 MS: 4 ManualDict-EraseBytes-ChangeBinInt-ManualDict- DE: "], "-"no memory during frame initialization."-
#724205	REDUCE cov: 1404 ft: 5547 corp: 1013/308Kb lim: 2118 exec/s: 2851 rss: 1510Mb L: 184/1783 MS: 2 EraseBytes-CrossOver-
#725078	REDUCE cov: 1404 ft: 5547 corp: 1013/308Kb lim: 2118 exec/s: 2854 rss: 1510Mb L: 137/1783 MS: 3 ChangeByte-ChangeBit-EraseBytes-
#725186	REDUCE cov: 1404 ft: 5547 corp: 1013/307Kb lim: 2118 exec/s: 2843 rss: 1510Mb L: 189/1783 MS: 3 ChangeByte-ChangeBit-EraseBytes-
#725767	NEW    cov: 1404 ft: 5550 corp: 1014/308Kb lim: 2118 exec/s: 2846 rss: 1510Mb L: 106/1783 MS: 1 ChangeBinInt-
#726351	REDUCE cov: 1404 ft: 5550 corp: 1014/308Kb lim: 2118 exec/s: 2848 rss: 1510Mb L: 673/1783 MS: 4 ChangeByte-ShuffleBytes-ManualDict-EraseBytes- DE: "usw    %[temp6], "-
#727409	REDUCE cov: 1404 ft: 5550 corp: 1014/308Kb lim: 2118 exec/s: 2852 rss: 1510Mb L: 116/1783 MS: 3 CopyPart-ShuffleBytes-EraseBytes-
#727650	REDUCE cov: 1404 ft: 5550 corp: 1014/308Kb lim: 2118 exec/s: 2853 rss: 1510Mb L: 203/1783 MS: 1 EraseBytes-
#728583	REDUCE cov: 1404 ft: 5550 corp: 1014/308Kb lim: 2118 exec/s: 2857 rss: 1510Mb L: 123/1783 MS: 3 PersAutoDict-CopyPart-EraseBytes- DE: "\377\377\377\377\377\377\377s"-
#729428	REDUCE cov: 1404 ft: 5550 corp: 1014/307Kb lim: 2118 exec/s: 2849 rss: 1510Mb L: 276/1783 MS: 5 ShuffleBytes-CrossOver-ChangeBit-ShuffleBytes-EraseBytes-
#730968	REDUCE cov: 1404 ft: 5550 corp: 1014/307Kb lim: 2129 exec/s: 2855 rss: 1510Mb L: 109/1783 MS: 5 InsertRepeatedBytes-InsertByte-CrossOver-ManualDict-EraseBytes- DE: "vabd.u8    q15,"-
#731265	NEW    cov: 1404 ft: 5551 corp: 1015/307Kb lim: 2129 exec/s: 2856 rss: 1510Mb L: 53/1783 MS: 2 ManualDict-ChangeBit- DE: "subq.ph          %["-
#731802	REDUCE cov: 1404 ft: 5551 corp: 1015/307Kb lim: 2129 exec/s: 2858 rss: 1510Mb L: 176/1783 MS: 2 CrossOver-EraseBytes-
#731974	REDUCE cov: 1404 ft: 5551 corp: 1015/307Kb lim: 2129 exec/s: 2859 rss: 1510Mb L: 183/1783 MS: 2 InsertByte-EraseBytes-
#732242	REDUCE cov: 1404 ft: 5552 corp: 1016/308Kb lim: 2129 exec/s: 2849 rss: 1510Mb L: 130/1783 MS: 3 ManualDict-PersAutoDict-ShuffleBytes- DE: "((TOP)), [dst]"-"rotr            %["-
#733828	REDUCE cov: 1404 ft: 5552 corp: 1016/308Kb lim: 2140 exec/s: 2855 rss: 1510Mb L: 183/1783 MS: 1 EraseBytes-
#734169	REDUCE cov: 1404 ft: 5552 corp: 1016/308Kb lim: 2140 exec/s: 2856 rss: 1510Mb L: 229/1783 MS: 1 EraseBytes-
#734535	REDUCE cov: 1404 ft: 5552 corp: 1016/307Kb lim: 2140 exec/s: 2858 rss: 1510Mb L: 429/1783 MS: 1 CrossOver-
#735252	REDUCE cov: 1404 ft: 5552 corp: 1016/307Kb lim: 2140 exec/s: 2860 rss: 1510Mb L: 289/1783 MS: 2 ShuffleBytes-EraseBytes-
#735681	REDUCE cov: 1404 ft: 5552 corp: 1016/307Kb lim: 2140 exec/s: 2862 rss: 1510Mb L: 316/1783 MS: 4 CopyPart-ChangeASCIIInt-EraseBytes-ChangeBit-
#736447	NEW    cov: 1404 ft: 5553 corp: 1017/308Kb lim: 2140 exec/s: 2865 rss: 1510Mb L: 357/1783 MS: 1 InsertRepeatedBytes-
#736677	REDUCE cov: 1404 ft: 5553 corp: 1017/308Kb lim: 2140 exec/s: 2866 rss: 1510Mb L: 708/1783 MS: 5 CMP-InsertByte-ChangeByte-InsertByte-EraseBytes- DE: "\377\377\377\377\377\377\377\006"-
#736706	REDUCE cov: 1404 ft: 5553 corp: 1017/308Kb lim: 2140 exec/s: 2866 rss: 1510Mb L: 199/1783 MS: 4 ChangeByte-PersAutoDict-InsertByte-EraseBytes- DE: "\001\004"-
#738802	REDUCE cov: 1404 ft: 5553 corp: 1017/308Kb lim: 2151 exec/s: 2706 rss: 1510Mb L: 124/1783 MS: 1 EraseBytes-
#742515	REDUCE cov: 1404 ft: 5553 corp: 1017/308Kb lim: 2184 exec/s: 2709 rss: 1510Mb L: 172/1783 MS: 3 ChangeASCIIInt-EraseBytes-InsertRepeatedBytes-
#742689	REDUCE cov: 1404 ft: 5553 corp: 1017/308Kb lim: 2184 exec/s: 2710 rss: 1510Mb L: 624/1783 MS: 4 InsertByte-CrossOver-ChangeASCIIInt-EraseBytes-
#743391	REDUCE cov: 1404 ft: 5553 corp: 1017/308Kb lim: 2184 exec/s: 2713 rss: 1510Mb L: 125/1783 MS: 2 EraseBytes-CrossOver-
#743991	REDUCE cov: 1404 ft: 5553 corp: 1017/308Kb lim: 2184 exec/s: 2715 rss: 1510Mb L: 177/1783 MS: 5 InsertRepeatedBytes-InsertRepeatedBytes-ManualDict-EraseBytes-EraseBytes- DE: "ulw        %[temp1],  "-
#744233	REDUCE cov: 1405 ft: 5554 corp: 1018/308Kb lim: 2184 exec/s: 2716 rss: 1510Mb L: 28/1783 MS: 2 ChangeBit-InsertRepeatedBytes-
#744509	REDUCE cov: 1405 ft: 5554 corp: 1018/308Kb lim: 2184 exec/s: 2717 rss: 1510Mb L: 330/1783 MS: 1 EraseBytes-
#744670	REDUCE cov: 1405 ft: 5554 corp: 1018/308Kb lim: 2184 exec/s: 2717 rss: 1510Mb L: 181/1783 MS: 1 EraseBytes-
#745636	REDUCE cov: 1405 ft: 5554 corp: 1018/308Kb lim: 2184 exec/s: 2711 rss: 1510Mb L: 132/1783 MS: 1 EraseBytes-
#746185	REDUCE cov: 1405 ft: 5554 corp: 1018/308Kb lim: 2184 exec/s: 2713 rss: 1510Mb L: 108/1783 MS: 4 ShuffleBytes-InsertByte-InsertByte-EraseBytes-
#746537	REDUCE cov: 1405 ft: 5554 corp: 1018/308Kb lim: 2184 exec/s: 2714 rss: 1510Mb L: 212/1783 MS: 2 ManualDict-EraseBytes- DE: "sw     %[temp8],  "-
#748871	REDUCE cov: 1405 ft: 5555 corp: 1019/308Kb lim: 2206 exec/s: 2713 rss: 1510Mb L: 427/1783 MS: 4 InsertRepeatedBytes-ChangeBit-InsertByte-InsertRepeatedBytes-
#749947	REDUCE cov: 1405 ft: 5555 corp: 1019/308Kb lim: 2206 exec/s: 2697 rss: 1510Mb L: 1660/1660 MS: 1 EraseBytes-
#750389	REDUCE cov: 1405 ft: 5555 corp: 1019/308Kb lim: 2206 exec/s: 2689 rss: 1510Mb L: 272/1660 MS: 2 ChangeASCIIInt-EraseBytes-
#751036	REDUCE cov: 1405 ft: 5556 corp: 1020/308Kb lim: 2206 exec/s: 2691 rss: 1510Mb L: 213/1660 MS: 2 PersAutoDict-ManualDict- DE: "preceu.ph.qbl   %["-"lh      %[temp18],      "-
#752083	REDUCE cov: 1405 ft: 5556 corp: 1020/308Kb lim: 2206 exec/s: 2695 rss: 1510Mb L: 573/1660 MS: 2 ChangeByte-EraseBytes-
#752489	REDUCE cov: 1405 ft: 5556 corp: 1020/308Kb lim: 2206 exec/s: 2697 rss: 1510Mb L: 124/1660 MS: 1 EraseBytes-
#752725	REDUCE cov: 1405 ft: 5556 corp: 1020/308Kb lim: 2206 exec/s: 2697 rss: 1510Mb L: 164/1660 MS: 1 EraseBytes-
#752814	REDUCE cov: 1405 ft: 5556 corp: 1020/308Kb lim: 2206 exec/s: 2698 rss: 1510Mb L: 483/1660 MS: 4 InsertRepeatedBytes-EraseBytes-ShuffleBytes-ChangeASCIIInt-
#753083	NEW    cov: 1405 ft: 5560 corp: 1021/308Kb lim: 2206 exec/s: 2699 rss: 1510Mb L: 327/1660 MS: 4 ChangeByte-ChangeBit-ChangeBit-CopyPart-
#753342	REDUCE cov: 1405 ft: 5560 corp: 1021/308Kb lim: 2206 exec/s: 2700 rss: 1510Mb L: 207/1660 MS: 4 CrossOver-EraseBytes-ShuffleBytes-CrossOver-
#754010	REDUCE cov: 1405 ft: 5560 corp: 1021/308Kb lim: 2206 exec/s: 2702 rss: 1510Mb L: 670/1660 MS: 3 InsertRepeatedBytes-EraseBytes-ChangeASCIIInt-
#754396	NEW    cov: 1405 ft: 5561 corp: 1022/308Kb lim: 2206 exec/s: 2703 rss: 1510Mb L: 106/1660 MS: 1 ChangeBit-
#754902	REDUCE cov: 1405 ft: 5561 corp: 1022/308Kb lim: 2206 exec/s: 2705 rss: 1510Mb L: 324/1660 MS: 1 EraseBytes-
#755273	REDUCE cov: 1405 ft: 5561 corp: 1022/308Kb lim: 2206 exec/s: 2697 rss: 1510Mb L: 290/1660 MS: 1 EraseBytes-
#756474	REDUCE cov: 1405 ft: 5561 corp: 1022/308Kb lim: 2217 exec/s: 2701 rss: 1510Mb L: 126/1660 MS: 1 EraseBytes-
#757217	REDUCE cov: 1405 ft: 5561 corp: 1022/308Kb lim: 2217 exec/s: 2704 rss: 1510Mb L: 711/1660 MS: 3 InsertByte-EraseBytes-PersAutoDict- DE: "\377\377\377\377\377\377\377\323"-
#758212	REDUCE cov: 1405 ft: 5561 corp: 1022/308Kb lim: 2217 exec/s: 2707 rss: 1510Mb L: 360/1660 MS: 5 EraseBytes-ManualDict-ManualDict-InsertByte-CopyPart- DE: "],    1+"-"addq.ph         %[temp9],     %["-
#758490	REDUCE cov: 1405 ft: 5561 corp: 1022/308Kb lim: 2217 exec/s: 2708 rss: 1510Mb L: 136/1660 MS: 3 EraseBytes-ChangeBit-InsertByte-
#759091	REDUCE cov: 1405 ft: 5561 corp: 1022/308Kb lim: 2217 exec/s: 2711 rss: 1510Mb L: 98/1660 MS: 1 EraseBytes-
#759469	REDUCE cov: 1405 ft: 5561 corp: 1022/308Kb lim: 2217 exec/s: 2702 rss: 1510Mb L: 149/1660 MS: 3 ChangeByte-InsertByte-EraseBytes-
#759672	REDUCE cov: 1405 ft: 5562 corp: 1023/308Kb lim: 2217 exec/s: 2703 rss: 1510Mb L: 109/1660 MS: 3 InsertByte-ChangeByte-ChangeASCIIInt-
#760440	REDUCE cov: 1405 ft: 5562 corp: 1023/308Kb lim: 2217 exec/s: 2706 rss: 1510Mb L: 188/1660 MS: 3 ChangeByte-EraseBytes-InsertRepeatedBytes-
#760546	REDUCE cov: 1405 ft: 5562 corp: 1023/308Kb lim: 2217 exec/s: 2706 rss: 1510Mb L: 125/1660 MS: 1 EraseBytes-
#762088	REDUCE cov: 1405 ft: 5562 corp: 1023/308Kb lim: 2228 exec/s: 2712 rss: 1510Mb L: 204/1660 MS: 2 CopyPart-EraseBytes-
#762593	REDUCE cov: 1405 ft: 5565 corp: 1024/308Kb lim: 2228 exec/s: 2713 rss: 1510Mb L: 198/1660 MS: 5 PersAutoDict-CopyPart-CopyPart-EraseBytes-CMP- DE: "\016\000"-"\002\000"-
#763140	REDUCE cov: 1405 ft: 5565 corp: 1024/308Kb lim: 2228 exec/s: 2706 rss: 1510Mb L: 515/1660 MS: 2 ChangeBit-CrossOver-
#763151	REDUCE cov: 1405 ft: 5565 corp: 1024/308Kb lim: 2228 exec/s: 2706 rss: 1510Mb L: 81/1660 MS: 1 EraseBytes-
#763646	REDUCE cov: 1405 ft: 5566 corp: 1025/309Kb lim: 2228 exec/s: 2707 rss: 1510Mb L: 333/1660 MS: 5 InsertRepeatedBytes-EraseBytes-PersAutoDict-CrossOver-PersAutoDict- DE: "\377\377\377\377\377\377\377\272"-"rotr            %["-
#764382	NEW    cov: 1405 ft: 5568 corp: 1026/309Kb lim: 2228 exec/s: 2710 rss: 1510Mb L: 34/1660 MS: 1 CMP- DE: "\002\000"-
#764885	REDUCE cov: 1405 ft: 5568 corp: 1026/309Kb lim: 2228 exec/s: 2712 rss: 1510Mb L: 142/1660 MS: 3 ChangeBinInt-InsertRepeatedBytes-EraseBytes-
#765643	REDUCE cov: 1405 ft: 5568 corp: 1026/309Kb lim: 2228 exec/s: 2715 rss: 1510Mb L: 178/1660 MS: 3 InsertRepeatedBytes-CrossOver-EraseBytes-
#766527	REDUCE cov: 1405 ft: 5569 corp: 1027/309Kb lim: 2228 exec/s: 2708 rss: 1510Mb L: 236/1660 MS: 4 EraseBytes-CrossOver-ManualDict-InsertRepeatedBytes- DE: "[0],"-
#767703	REDUCE cov: 1405 ft: 5569 corp: 1027/309Kb lim: 2239 exec/s: 2712 rss: 1510Mb L: 312/1660 MS: 1 EraseBytes-
#767825	REDUCE cov: 1405 ft: 5569 corp: 1027/309Kb lim: 2239 exec/s: 2713 rss: 1510Mb L: 184/1660 MS: 2 InsertByte-EraseBytes-
#767891	REDUCE cov: 1405 ft: 5569 corp: 1027/309Kb lim: 2239 exec/s: 2713 rss: 1510Mb L: 306/1660 MS: 1 EraseBytes-
#767995	REDUCE cov: 1405 ft: 5569 corp: 1027/309Kb lim: 2239 exec/s: 2713 rss: 1510Mb L: 349/1660 MS: 4 InsertRepeatedBytes-ChangeASCIIInt-CrossOver-EraseBytes-
#770225	REDUCE cov: 1405 ft: 5569 corp: 1027/309Kb lim: 2261 exec/s: 2619 rss: 1510Mb L: 270/1660 MS: 5 PersAutoDict-CrossOver-ShuffleBytes-EraseBytes-EraseBytes- DE: "\000@"-
#770264	REDUCE cov: 1405 ft: 5569 corp: 1027/309Kb lim: 2261 exec/s: 2619 rss: 1510Mb L: 113/1660 MS: 4 ChangeBinInt-InsertByte-ChangeBinInt-EraseBytes-
#771005	REDUCE cov: 1405 ft: 5569 corp: 1027/309Kb lim: 2261 exec/s: 2622 rss: 1510Mb L: 155/1660 MS: 1 EraseBytes-
#771346	REDUCE cov: 1405 ft: 5569 corp: 1027/309Kb lim: 2261 exec/s: 2623 rss: 1510Mb L: 197/1660 MS: 1 EraseBytes-
#771857	REDUCE cov: 1405 ft: 5569 corp: 1027/309Kb lim: 2261 exec/s: 2625 rss: 1510Mb L: 204/1660 MS: 1 EraseBytes-
#772016	REDUCE cov: 1405 ft: 5570 corp: 1028/310Kb lim: 2261 exec/s: 2625 rss: 1510Mb L: 933/1660 MS: 4 PersAutoDict-CrossOver-ChangeASCIIInt-ChangeBinInt- DE: "\006\000"-
#773342	REDUCE cov: 1405 ft: 5570 corp: 1028/310Kb lim: 2272 exec/s: 2630 rss: 1510Mb L: 110/1660 MS: 1 EraseBytes-
#773850	REDUCE cov: 1405 ft: 5570 corp: 1028/310Kb lim: 2272 exec/s: 2632 rss: 1510Mb L: 122/1660 MS: 3 ChangeBit-ManualDict-EraseBytes- DE: "usw              %[temp3],  2*"-
#774537	REDUCE cov: 1405 ft: 5570 corp: 1028/310Kb lim: 2272 exec/s: 2625 rss: 1510Mb L: 853/1660 MS: 2 ChangeBinInt-EraseBytes-
#775445	REDUCE cov: 1405 ft: 5570 corp: 1028/309Kb lim: 2272 exec/s: 2628 rss: 1510Mb L: 400/1660 MS: 3 PersAutoDict-ManualDict-EraseBytes- DE: "\000d"-"ulw        %[temp0],  "-
#775506	REDUCE cov: 1405 ft: 5570 corp: 1028/309Kb lim: 2272 exec/s: 2628 rss: 1510Mb L: 43/1660 MS: 1 EraseBytes-
#775897	REDUCE cov: 1405 ft: 5570 corp: 1028/309Kb lim: 2272 exec/s: 2630 rss: 1510Mb L: 1612/1612 MS: 1 EraseBytes-
#776185	REDUCE cov: 1405 ft: 5570 corp: 1028/309Kb lim: 2272 exec/s: 2631 rss: 1510Mb L: 696/1612 MS: 3 CMP-ManualDict-EraseBytes- DE: "\000\000\000\000"-"usw             %[temp7],   3*"-
#776796	REDUCE cov: 1405 ft: 5570 corp: 1028/309Kb lim: 2272 exec/s: 2633 rss: 1510Mb L: 388/1612 MS: 1 EraseBytes-
#778590	REDUCE cov: 1405 ft: 5570 corp: 1028/309Kb lim: 2283 exec/s: 2578 rss: 1510Mb L: 157/1612 MS: 4 InsertByte-ManualDict-CrossOver-EraseBytes- DE: " #TEMP0 "-
#779125	REDUCE cov: 1405 ft: 5570 corp: 1028/309Kb lim: 2283 exec/s: 2579 rss: 1510Mb L: 300/1612 MS: 5 ChangeBit-ShuffleBytes-PersAutoDict-ChangeBit-EraseBytes- DE: "Q\000\000\000\000\000\000\000"-
#779221	REDUCE cov: 1405 ft: 5570 corp: 1028/309Kb lim: 2283 exec/s: 2580 rss: 1510Mb L: 141/1612 MS: 1 EraseBytes-
#780067	REDUCE cov: 1405 ft: 5570 corp: 1028/309Kb lim: 2283 exec/s: 2574 rss: 1510Mb L: 239/1612 MS: 1 EraseBytes-
#780440	REDUCE cov: 1405 ft: 5570 corp: 1028/309Kb lim: 2283 exec/s: 2542 rss: 1510Mb L: 568/1612 MS: 3 EraseBytes-ManualDict-ChangeByte- DE: "mul             %[temp18],     %["-
#780791	REDUCE cov: 1405 ft: 5570 corp: 1028/309Kb lim: 2283 exec/s: 2543 rss: 1510Mb L: 492/1612 MS: 1 EraseBytes-
#781491	REDUCE cov: 1405 ft: 5570 corp: 1028/309Kb lim: 2283 exec/s: 2545 rss: 1510Mb L: 435/1612 MS: 5 ChangeBit-CopyPart-CopyPart-ManualDict-CrossOver- DE: "dpa.w.ph        $ac0,      %["-
#781783	NEW    cov: 1405 ft: 5576 corp: 1029/309Kb lim: 2283 exec/s: 2546 rss: 1510Mb L: 630/1612 MS: 2 ShuffleBytes-CopyPart-
#783646	REDUCE cov: 1405 ft: 5576 corp: 1029/309Kb lim: 2294 exec/s: 2544 rss: 1510Mb L: 180/1612 MS: 3 InsertByte-CrossOver-EraseBytes-
#784348	NEW    cov: 1405 ft: 5578 corp: 1030/310Kb lim: 2294 exec/s: 2546 rss: 1510Mb L: 107/1612 MS: 2 ChangeASCIIInt-ChangeBinInt-
#784474	REDUCE cov: 1405 ft: 5578 corp: 1030/310Kb lim: 2294 exec/s: 2546 rss: 1510Mb L: 289/1612 MS: 1 EraseBytes-
#784528	REDUCE cov: 1405 ft: 5578 corp: 1030/309Kb lim: 2294 exec/s: 2547 rss: 1510Mb L: 394/1612 MS: 4 ShuffleBytes-InsertRepeatedBytes-ChangeBinInt-EraseBytes-
#785054	NEW    cov: 1405 ft: 5580 corp: 1031/310Kb lim: 2294 exec/s: 2548 rss: 1510Mb L: 267/1612 MS: 1 PersAutoDict- DE: "usw             %[temp10],   2*"-
#786890	REDUCE cov: 1405 ft: 5580 corp: 1031/310Kb lim: 2305 exec/s: 2538 rss: 1510Mb L: 396/1612 MS: 1 EraseBytes-
#787115	REDUCE cov: 1405 ft: 5580 corp: 1031/310Kb lim: 2305 exec/s: 2539 rss: 1510Mb L: 281/1612 MS: 5 ShuffleBytes-CopyPart-ShuffleBytes-EraseBytes-CopyPart-
#788531	NEW    cov: 1405 ft: 5583 corp: 1032/310Kb lim: 2316 exec/s: 2543 rss: 1510Mb L: 106/1612 MS: 1 ChangeByte-
#789502	NEW    cov: 1405 ft: 5586 corp: 1033/311Kb lim: 2316 exec/s: 2530 rss: 1510Mb L: 974/1612 MS: 1 CrossOver-
#790523	NEW    cov: 1405 ft: 5588 corp: 1034/311Kb lim: 2316 exec/s: 2533 rss: 1510Mb L: 34/1612 MS: 1 ShuffleBytes-
#791200	REDUCE cov: 1405 ft: 5588 corp: 1034/311Kb lim: 2316 exec/s: 2535 rss: 1510Mb L: 146/1612 MS: 2 InsertRepeatedBytes-EraseBytes-
#791366	REDUCE cov: 1405 ft: 5588 corp: 1034/311Kb lim: 2316 exec/s: 2528 rss: 1510Mb L: 106/1612 MS: 1 EraseBytes-
#791632	REDUCE cov: 1405 ft: 5588 corp: 1034/311Kb lim: 2316 exec/s: 2529 rss: 1510Mb L: 125/1612 MS: 1 EraseBytes-
#791958	REDUCE cov: 1405 ft: 5588 corp: 1034/311Kb lim: 2316 exec/s: 2530 rss: 1510Mb L: 583/1612 MS: 1 EraseBytes-
#792324	REDUCE cov: 1405 ft: 5588 corp: 1034/311Kb lim: 2316 exec/s: 2531 rss: 1510Mb L: 271/1612 MS: 1 EraseBytes-
#792526	REDUCE cov: 1405 ft: 5588 corp: 1034/311Kb lim: 2316 exec/s: 2523 rss: 1510Mb L: 147/1612 MS: 2 ChangeByte-EraseBytes-
#792686	REDUCE cov: 1405 ft: 5588 corp: 1034/311Kb lim: 2316 exec/s: 2524 rss: 1510Mb L: 179/1612 MS: 5 EraseBytes-CMP-InsertByte-ChangeASCIIInt-InsertRepeatedBytes- DE: "VP8X"-
#793395	REDUCE cov: 1405 ft: 5588 corp: 1034/311Kb lim: 2316 exec/s: 2526 rss: 1510Mb L: 758/1612 MS: 4 ChangeByte-EraseBytes-ChangeBit-ChangeBit-
#793407	REDUCE cov: 1405 ft: 5588 corp: 1034/311Kb lim: 2316 exec/s: 2526 rss: 1510Mb L: 642/1612 MS: 2 ManualDict-EraseBytes- DE: "],   3+"-
#793916	REDUCE cov: 1405 ft: 5588 corp: 1034/311Kb lim: 2316 exec/s: 2528 rss: 1510Mb L: 137/1612 MS: 4 EraseBytes-ShuffleBytes-ShuffleBytes-PersAutoDict- DE: "\314\013\005\000\000\000\000\000"-
#794002	REDUCE cov: 1405 ft: 5588 corp: 1034/311Kb lim: 2316 exec/s: 2528 rss: 1510Mb L: 145/1612 MS: 1 EraseBytes-
#794123	REDUCE cov: 1405 ft: 5588 corp: 1034/311Kb lim: 2316 exec/s: 2529 rss: 1510Mb L: 630/1612 MS: 1 EraseBytes-
#794198	REDUCE cov: 1405 ft: 5588 corp: 1034/311Kb lim: 2316 exec/s: 2529 rss: 1510Mb L: 151/1612 MS: 5 CMP-InsertByte-CopyPart-ChangeASCIIInt-EraseBytes- DE: "\000\000\000\000\000\000\000\000"-
#794204	NEW    cov: 1405 ft: 5589 corp: 1035/311Kb lim: 2316 exec/s: 2529 rss: 1510Mb L: 34/1612 MS: 1 ChangeBinInt-
#794360	NEW    cov: 1405 ft: 5590 corp: 1036/312Kb lim: 2316 exec/s: 2529 rss: 1510Mb L: 974/1612 MS: 1 ChangeByte-
#796151	REDUCE cov: 1405 ft: 5590 corp: 1036/312Kb lim: 2327 exec/s: 2519 rss: 1510Mb L: 178/1612 MS: 1 EraseBytes-
#797169	REDUCE cov: 1405 ft: 5590 corp: 1036/311Kb lim: 2327 exec/s: 2522 rss: 1510Mb L: 241/1612 MS: 3 ManualDict-CMP-EraseBytes- DE: "movz    %["-"\003\000\000\000"-
#797836	REDUCE cov: 1405 ft: 5590 corp: 1036/311Kb lim: 2327 exec/s: 2508 rss: 1510Mb L: 538/1612 MS: 2 CMP-EraseBytes- DE: "ALPH"-
#799080	REDUCE cov: 1405 ft: 5590 corp: 1036/311Kb lim: 2338 exec/s: 2512 rss: 1510Mb L: 477/1612 MS: 4 InsertRepeatedBytes-ChangeBit-ShuffleBytes-EraseBytes-
#799290	REDUCE cov: 1405 ft: 5590 corp: 1036/311Kb lim: 2338 exec/s: 2513 rss: 1510Mb L: 267/1612 MS: 5 ChangeBit-ChangeBit-InsertByte-ChangeBit-EraseBytes-
#799748	REDUCE cov: 1405 ft: 5590 corp: 1036/311Kb lim: 2338 exec/s: 2514 rss: 1510Mb L: 306/1612 MS: 3 ChangeBit-ManualDict-EraseBytes- DE: "lbu    %[temp18],    1+"-
#800109	REDUCE cov: 1405 ft: 5590 corp: 1036/311Kb lim: 2338 exec/s: 2516 rss: 1510Mb L: 141/1612 MS: 1 EraseBytes-
#800142	NEW    cov: 1405 ft: 5593 corp: 1037/313Kb lim: 2338 exec/s: 2516 rss: 1510Mb L: 1859/1859 MS: 3 InsertByte-InsertRepeatedBytes-CopyPart-
#800163	REDUCE cov: 1405 ft: 5594 corp: 1038/314Kb lim: 2338 exec/s: 2516 rss: 1510Mb L: 1190/1859 MS: 1 EraseBytes-
#800170	REDUCE cov: 1405 ft: 5594 corp: 1038/314Kb lim: 2338 exec/s: 2516 rss: 1510Mb L: 775/1859 MS: 2 ManualDict-EraseBytes- DE: "(x_sub), [x_add]"-
#800263	REDUCE cov: 1405 ft: 5594 corp: 1038/314Kb lim: 2338 exec/s: 2516 rss: 1510Mb L: 199/1859 MS: 3 ChangeASCIIInt-PersAutoDict-EraseBytes- DE: "lbu      %[temp8],  1+1*"-
#801570	REDUCE cov: 1405 ft: 5594 corp: 1038/314Kb lim: 2349 exec/s: 2512 rss: 1510Mb L: 189/1859 MS: 2 InsertByte-EraseBytes-
#802431	REDUCE cov: 1405 ft: 5594 corp: 1038/314Kb lim: 2349 exec/s: 2515 rss: 1510Mb L: 463/1859 MS: 1 EraseBytes-
#803822	NEW    cov: 1405 ft: 5595 corp: 1039/316Kb lim: 2360 exec/s: 2473 rss: 1510Mb L: 1725/1859 MS: 1 CopyPart-
#804353	REDUCE cov: 1405 ft: 5595 corp: 1039/316Kb lim: 2360 exec/s: 2467 rss: 1510Mb L: 98/1859 MS: 1 EraseBytes-
#804461	NEW    cov: 1405 ft: 5596 corp: 1040/318Kb lim: 2360 exec/s: 2467 rss: 1510Mb L: 2098/2098 MS: 3 CopyPart-CopyPart-CopyPart-
#804688	REDUCE cov: 1405 ft: 5596 corp: 1040/318Kb lim: 2360 exec/s: 2468 rss: 1510Mb L: 18/2098 MS: 2 ChangeBit-EraseBytes-
#804944	NEW    cov: 1405 ft: 5601 corp: 1041/318Kb lim: 2360 exec/s: 2469 rss: 1510Mb L: 34/2098 MS: 1 ShuffleBytes-
#805026	REDUCE cov: 1405 ft: 5601 corp: 1041/318Kb lim: 2360 exec/s: 2469 rss: 1510Mb L: 152/2098 MS: 2 EraseBytes-EraseBytes-
#805391	REDUCE cov: 1405 ft: 5601 corp: 1041/318Kb lim: 2360 exec/s: 2470 rss: 1510Mb L: 284/2098 MS: 5 ChangeByte-EraseBytes-ChangeByte-ChangeByte-PersAutoDict- DE: "\002\000 \000"-
#805444	REDUCE cov: 1405 ft: 5601 corp: 1041/318Kb lim: 2360 exec/s: 2470 rss: 1510Mb L: 1588/2098 MS: 3 InsertRepeatedBytes-EraseBytes-CopyPart-
#806156	REDUCE cov: 1405 ft: 5601 corp: 1041/318Kb lim: 2360 exec/s: 2472 rss: 1510Mb L: 328/2098 MS: 2 CMP-EraseBytes- DE: "VPqL"-
#808258	REDUCE cov: 1405 ft: 5601 corp: 1041/318Kb lim: 2371 exec/s: 2479 rss: 1510Mb L: 98/2098 MS: 2 ShuffleBytes-EraseBytes-
#808275	REDUCE cov: 1405 ft: 5601 corp: 1041/318Kb lim: 2371 exec/s: 2479 rss: 1510Mb L: 306/2098 MS: 2 CopyPart-EraseBytes-
#808491	REDUCE cov: 1405 ft: 5601 corp: 1041/317Kb lim: 2371 exec/s: 2480 rss: 1510Mb L: 299/2098 MS: 1 EraseBytes-
#808830	REDUCE cov: 1405 ft: 5602 corp: 1042/320Kb lim: 2371 exec/s: 2473 rss: 1510Mb L: 2297/2297 MS: 4 ChangeASCIIInt-ChangeByte-CMP-CopyPart- DE: "\364\005\000\000\000\000\000\000"-
#811261	REDUCE cov: 1405 ft: 5602 corp: 1042/320Kb lim: 2393 exec/s: 2480 rss: 1510Mb L: 108/2297 MS: 1 EraseBytes-
#811356	REDUCE cov: 1405 ft: 5603 corp: 1043/320Kb lim: 2393 exec/s: 2473 rss: 1510Mb L: 476/2297 MS: 5 InsertByte-CrossOver-ChangeASCIIInt-PersAutoDict-CrossOver- DE: "\251LPH"-
#812998	REDUCE cov: 1405 ft: 5603 corp: 1043/320Kb lim: 2404 exec/s: 2478 rss: 1510Mb L: 187/2297 MS: 2 PersAutoDict-EraseBytes- DE: "src/utils/rescaler_utils.h"-
#814187	NEW    cov: 1405 ft: 5605 corp: 1044/322Kb lim: 2415 exec/s: 2474 rss: 1510Mb L: 2355/2355 MS: 4 ChangeByte-ChangeBit-InsertRepeatedBytes-InsertRepeatedBytes-
#814853	REDUCE cov: 1405 ft: 5605 corp: 1044/322Kb lim: 2415 exec/s: 2476 rss: 1510Mb L: 176/2355 MS: 1 EraseBytes-
#814882	NEW    cov: 1405 ft: 5606 corp: 1045/324Kb lim: 2415 exec/s: 2476 rss: 1510Mb L: 1964/2355 MS: 4 InsertRepeatedBytes-ChangeASCIIInt-InsertByte-CopyPart-
#814949	NEW    cov: 1405 ft: 5607 corp: 1046/325Kb lim: 2415 exec/s: 2477 rss: 1510Mb L: 176/2355 MS: 2 ShuffleBytes-CopyPart-
#815222	REDUCE cov: 1405 ft: 5607 corp: 1046/325Kb lim: 2415 exec/s: 2477 rss: 1510Mb L: 241/2355 MS: 3 ShuffleBytes-EraseBytes-CopyPart-
#816844	REDUCE cov: 1405 ft: 5607 corp: 1046/325Kb lim: 2426 exec/s: 2475 rss: 1510Mb L: 302/2355 MS: 2 PersAutoDict-EraseBytes- DE: "lw     %[temp0],  "-
#816862	REDUCE cov: 1405 ft: 5607 corp: 1046/325Kb lim: 2426 exec/s: 2475 rss: 1510Mb L: 206/2355 MS: 3 ChangeBinInt-ShuffleBytes-EraseBytes-
#817548	REDUCE cov: 1405 ft: 5607 corp: 1046/325Kb lim: 2426 exec/s: 2477 rss: 1510Mb L: 99/2355 MS: 1 EraseBytes-
#817559	NEW    cov: 1405 ft: 5608 corp: 1047/325Kb lim: 2426 exec/s: 2477 rss: 1510Mb L: 132/2355 MS: 1 CMP- DE: "!\000\000\000\000\000\000\000"-
#818080	REDUCE cov: 1405 ft: 5608 corp: 1047/325Kb lim: 2426 exec/s: 2479 rss: 1510Mb L: 109/2355 MS: 1 EraseBytes-
#818102	REDUCE cov: 1405 ft: 5608 corp: 1047/325Kb lim: 2426 exec/s: 2479 rss: 1510Mb L: 200/2355 MS: 2 ManualDict-EraseBytes- DE: "(pout), [max_level1]"-
#818445	REDUCE cov: 1405 ft: 5608 corp: 1047/325Kb lim: 2426 exec/s: 2472 rss: 1510Mb L: 1821/2355 MS: 3 EraseBytes-ChangeASCIIInt-CopyPart-
#819437	REDUCE cov: 1405 ft: 5608 corp: 1047/325Kb lim: 2426 exec/s: 2468 rss: 1510Mb L: 147/2355 MS: 2 PersAutoDict-EraseBytes- DE: "lbu      %[temp1],  0+0*"-
#820008	REDUCE cov: 1405 ft: 5608 corp: 1047/325Kb lim: 2426 exec/s: 2469 rss: 1510Mb L: 106/2355 MS: 1 EraseBytes-
#820490	REDUCE cov: 1405 ft: 5608 corp: 1047/324Kb lim: 2426 exec/s: 2463 rss: 1510Mb L: 1292/2355 MS: 2 InsertByte-EraseBytes-
#820881	REDUCE cov: 1405 ft: 5613 corp: 1048/324Kb lim: 2426 exec/s: 2465 rss: 1510Mb L: 240/2355 MS: 1 CopyPart-
#820904	REDUCE cov: 1405 ft: 5613 corp: 1048/324Kb lim: 2426 exec/s: 2465 rss: 1510Mb L: 443/2355 MS: 3 CMP-ChangeBinInt-EraseBytes- DE: "\377\377\377\377\377\377\377\375"-
#821571	REDUCE cov: 1405 ft: 5613 corp: 1048/324Kb lim: 2426 exec/s: 2467 rss: 1510Mb L: 130/2355 MS: 2 ChangeASCIIInt-EraseBytes-
#822176	REDUCE cov: 1405 ft: 5613 corp: 1048/324Kb lim: 2426 exec/s: 2468 rss: 1510Mb L: 170/2355 MS: 5 InsertByte-ChangeBinInt-InsertByte-CopyPart-EraseBytes-
#822942	REDUCE cov: 1405 ft: 5613 corp: 1048/324Kb lim: 2426 exec/s: 2471 rss: 1510Mb L: 157/2355 MS: 1 EraseBytes-
#823306	REDUCE cov: 1405 ft: 5613 corp: 1048/324Kb lim: 2426 exec/s: 2472 rss: 1510Mb L: 2005/2355 MS: 4 CMP-ChangeBinInt-ChangeBit-EraseBytes- DE: "VPWE"-
#823664	REDUCE cov: 1405 ft: 5613 corp: 1048/324Kb lim: 2426 exec/s: 2444 rss: 1510Mb L: 177/2355 MS: 3 ChangeBit-InsertRepeatedBytes-EraseBytes-
#825445	REDUCE cov: 1405 ft: 5613 corp: 1048/324Kb lim: 2437 exec/s: 2442 rss: 1510Mb L: 160/2355 MS: 1 EraseBytes-
#826911	REDUCE cov: 1405 ft: 5613 corp: 1048/324Kb lim: 2448 exec/s: 2424 rss: 1510Mb L: 118/2355 MS: 1 EraseBytes-
#827793	REDUCE cov: 1405 ft: 5613 corp: 1048/324Kb lim: 2448 exec/s: 2406 rss: 1510Mb L: 394/2355 MS: 2 ChangeByte-EraseBytes-
#828324	REDUCE cov: 1405 ft: 5613 corp: 1048/324Kb lim: 2448 exec/s: 2407 rss: 1510Mb L: 146/2355 MS: 1 EraseBytes-
#828362	REDUCE cov: 1405 ft: 5613 corp: 1048/324Kb lim: 2448 exec/s: 2408 rss: 1510Mb L: 713/2355 MS: 3 ChangeBit-ChangeASCIIInt-EraseBytes-
#828416	REDUCE cov: 1405 ft: 5613 corp: 1048/324Kb lim: 2448 exec/s: 2408 rss: 1510Mb L: 1047/2355 MS: 4 EraseBytes-ManualDict-ManualDict-CrossOver- DE: "=D"-"vcge.u8   "-
#829086	NEW    cov: 1405 ft: 5622 corp: 1049/324Kb lim: 2448 exec/s: 2410 rss: 1510Mb L: 296/2355 MS: 5 InsertRepeatedBytes-InsertByte-PersAutoDict-ChangeASCIIInt-InsertRepeatedBytes- DE: "lbu    %[temp5],  1+"-
#829137	REDUCE cov: 1405 ft: 5622 corp: 1049/324Kb lim: 2448 exec/s: 2410 rss: 1510Mb L: 182/2355 MS: 1 EraseBytes-
#829305	REDUCE cov: 1405 ft: 5622 corp: 1049/324Kb lim: 2448 exec/s: 2410 rss: 1510Mb L: 606/2355 MS: 3 ShuffleBytes-CopyPart-EraseBytes-
#829387	REDUCE cov: 1405 ft: 5622 corp: 1049/324Kb lim: 2448 exec/s: 2411 rss: 1510Mb L: 299/2355 MS: 2 ManualDict-EraseBytes- DE: "ulw          %[temp0],   -1*"-
#830530	REDUCE cov: 1405 ft: 5622 corp: 1049/324Kb lim: 2459 exec/s: 2414 rss: 1510Mb L: 918/2355 MS: 3 ChangeBinInt-ChangeASCIIInt-EraseBytes-
#830928	REDUCE cov: 1405 ft: 5622 corp: 1049/324Kb lim: 2459 exec/s: 2415 rss: 1510Mb L: 321/2355 MS: 3 InsertRepeatedBytes-ShuffleBytes-EraseBytes-
#832214	REDUCE cov: 1405 ft: 5622 corp: 1049/324Kb lim: 2470 exec/s: 2412 rss: 1510Mb L: 774/2355 MS: 1 EraseBytes-
#833671	REDUCE cov: 1405 ft: 5622 corp: 1049/324Kb lim: 2481 exec/s: 2416 rss: 1510Mb L: 87/2355 MS: 2 ChangeByte-EraseBytes-
#833724	REDUCE cov: 1405 ft: 5622 corp: 1049/324Kb lim: 2481 exec/s: 2416 rss: 1510Mb L: 139/2355 MS: 3 CMP-EraseBytes-ManualDict- DE: "\001\000\000\000"-"usw             %[temp7],   3*"-
#834519	REDUCE cov: 1405 ft: 5622 corp: 1049/324Kb lim: 2481 exec/s: 2418 rss: 1510Mb L: 719/2355 MS: 5 ShuffleBytes-CrossOver-ChangeBinInt-ChangeByte-EraseBytes-
#835786	REDUCE cov: 1405 ft: 5622 corp: 1049/324Kb lim: 2492 exec/s: 2415 rss: 1510Mb L: 35/2355 MS: 2 ShuffleBytes-EraseBytes-
#836242	REDUCE cov: 1405 ft: 5622 corp: 1049/324Kb lim: 2492 exec/s: 2416 rss: 1510Mb L: 293/2355 MS: 1 EraseBytes-
#836504	REDUCE cov: 1405 ft: 5622 corp: 1049/324Kb lim: 2492 exec/s: 2417 rss: 1510Mb L: 23/2355 MS: 2 PersAutoDict-EraseBytes- DE: "\006\000"-
#838351	REDUCE cov: 1405 ft: 5622 corp: 1049/324Kb lim: 2503 exec/s: 2415 rss: 1510Mb L: 179/2355 MS: 2 EraseBytes-ManualDict- DE: "[6], "-
#839258	REDUCE cov: 1405 ft: 5622 corp: 1049/324Kb lim: 2503 exec/s: 2418 rss: 1510Mb L: 192/2355 MS: 2 ChangeBit-EraseBytes-
#839314	REDUCE cov: 1405 ft: 5622 corp: 1049/324Kb lim: 2503 exec/s: 2418 rss: 1510Mb L: 115/2355 MS: 1 EraseBytes-
#839955	REDUCE cov: 1405 ft: 5622 corp: 1049/324Kb lim: 2503 exec/s: 2420 rss: 1510Mb L: 578/2355 MS: 1 EraseBytes-
#840347	REDUCE cov: 1405 ft: 5622 corp: 1049/324Kb lim: 2503 exec/s: 2421 rss: 1510Mb L: 192/2355 MS: 2 EraseBytes-PersAutoDict- DE: "usw        %[value],  8+"-
#841283	REDUCE cov: 1405 ft: 5622 corp: 1049/324Kb lim: 2503 exec/s: 2417 rss: 1510Mb L: 1208/2355 MS: 1 EraseBytes-
#841904	REDUCE cov: 1405 ft: 5622 corp: 1049/324Kb lim: 2503 exec/s: 2419 rss: 1510Mb L: 137/2355 MS: 1 EraseBytes-
#843446	REDUCE cov: 1405 ft: 5622 corp: 1049/324Kb lim: 2514 exec/s: 2423 rss: 1510Mb L: 331/2355 MS: 2 ChangeByte-EraseBytes-
#843722	REDUCE cov: 1405 ft: 5622 corp: 1049/324Kb lim: 2514 exec/s: 2417 rss: 1510Mb L: 361/2355 MS: 1 EraseBytes-
#844024	REDUCE cov: 1405 ft: 5622 corp: 1049/323Kb lim: 2514 exec/s: 2418 rss: 1510Mb L: 2116/2297 MS: 2 ChangeBinInt-EraseBytes-
#844860	REDUCE cov: 1405 ft: 5622 corp: 1049/323Kb lim: 2514 exec/s: 2420 rss: 1510Mb L: 502/2297 MS: 1 EraseBytes-
#845993	REDUCE cov: 1405 ft: 5622 corp: 1049/323Kb lim: 2525 exec/s: 2417 rss: 1510Mb L: 441/2297 MS: 3 CMP-ChangeBit-EraseBytes- DE: "\021\000\000\000\000\000\000\000"-
#847209	REDUCE cov: 1405 ft: 5622 corp: 1049/323Kb lim: 2536 exec/s: 2420 rss: 1510Mb L: 270/2297 MS: 1 EraseBytes-
#847911	REDUCE cov: 1405 ft: 5622 corp: 1049/323Kb lim: 2536 exec/s: 2415 rss: 1510Mb L: 224/2297 MS: 2 ChangeBinInt-EraseBytes-
#849408	NEW    cov: 1405 ft: 5623 corp: 1050/323Kb lim: 2547 exec/s: 2419 rss: 1510Mb L: 136/2297 MS: 2 InsertRepeatedBytes-ManualDict- DE: "ulw        %[temp3],  "-
#850224	REDUCE cov: 1405 ft: 5623 corp: 1050/323Kb lim: 2547 exec/s: 2415 rss: 1510Mb L: 646/2297 MS: 1 EraseBytes-
#850885	REDUCE cov: 1405 ft: 5623 corp: 1050/323Kb lim: 2547 exec/s: 2417 rss: 1510Mb L: 320/2297 MS: 1 EraseBytes-
#851536	REDUCE cov: 1405 ft: 5623 corp: 1050/323Kb lim: 2547 exec/s: 2419 rss: 1510Mb L: 139/2297 MS: 1 EraseBytes-
#852978	REDUCE cov: 1405 ft: 5623 corp: 1050/323Kb lim: 2558 exec/s: 2423 rss: 1510Mb L: 294/2297 MS: 2 CrossOver-EraseBytes-
#853529	REDUCE cov: 1405 ft: 5623 corp: 1050/323Kb lim: 2558 exec/s: 2424 rss: 1510Mb L: 189/2297 MS: 1 EraseBytes-
#853856	REDUCE cov: 1405 ft: 5623 corp: 1050/323Kb lim: 2558 exec/s: 2418 rss: 1510Mb L: 888/2297 MS: 2 ChangeASCIIInt-EraseBytes-
#854357	REDUCE cov: 1405 ft: 5623 corp: 1050/323Kb lim: 2558 exec/s: 2420 rss: 1510Mb L: 352/2297 MS: 1 EraseBytes-
#855369	REDUCE cov: 1405 ft: 5623 corp: 1050/323Kb lim: 2558 exec/s: 2423 rss: 1510Mb L: 352/2297 MS: 2 EraseBytes-InsertRepeatedBytes-
#856147	NEW    cov: 1405 ft: 5624 corp: 1051/326Kb lim: 2558 exec/s: 2378 rss: 1510Mb L: 2556/2556 MS: 3 ChangeASCIIInt-CrossOver-CMP- DE: "?\000\000\000\000\000\000\000"-
#857399	REDUCE cov: 1405 ft: 5624 corp: 1051/326Kb lim: 2569 exec/s: 2381 rss: 1510Mb L: 155/2556 MS: 2 ManualDict-EraseBytes- DE: "absq_s.ph        %["-
#858957	REDUCE cov: 1405 ft: 5624 corp: 1051/326Kb lim: 2580 exec/s: 2340 rss: 1510Mb L: 176/2556 MS: 3 CopyPart-PersAutoDict-EraseBytes- DE: "(left_1), [top]"-
#859000	REDUCE cov: 1405 ft: 5624 corp: 1051/326Kb lim: 2580 exec/s: 2340 rss: 1510Mb L: 309/2556 MS: 3 CMP-EraseBytes-InsertRepeatedBytes- DE: "\011\000\000\000\000\000\000\000"-
#859381	NEW    cov: 1405 ft: 5628 corp: 1052/326Kb lim: 2580 exec/s: 2341 rss: 1510Mb L: 104/2556 MS: 1 ChangeBit-
#860238	REDUCE cov: 1405 ft: 5628 corp: 1052/326Kb lim: 2580 exec/s: 2337 rss: 1510Mb L: 410/2556 MS: 2 EraseBytes-ChangeASCIIInt-
#860255	REDUCE cov: 1405 ft: 5628 corp: 1052/326Kb lim: 2580 exec/s: 2337 rss: 1510Mb L: 329/2556 MS: 2 ChangeBinInt-EraseBytes-
#860475	REDUCE cov: 1405 ft: 5628 corp: 1052/326Kb lim: 2580 exec/s: 2338 rss: 1510Mb L: 178/2556 MS: 5 ChangeByte-ShuffleBytes-CopyPart-EraseBytes-ChangeASCIIInt-
#860496	REDUCE cov: 1405 ft: 5628 corp: 1052/326Kb lim: 2580 exec/s: 2338 rss: 1510Mb L: 140/2556 MS: 1 EraseBytes-
#860854	REDUCE cov: 1405 ft: 5628 corp: 1052/326Kb lim: 2580 exec/s: 2339 rss: 1510Mb L: 199/2556 MS: 3 CMP-CopyPart-EraseBytes- DE: "\001\000\000\000\000\000\000\000"-
#861051	REDUCE cov: 1405 ft: 5628 corp: 1052/326Kb lim: 2580 exec/s: 2339 rss: 1510Mb L: 179/2556 MS: 2 CMP-EraseBytes- DE: "\000\000\000\000\000\000\000\304"-
#861144	REDUCE cov: 1405 ft: 5628 corp: 1052/325Kb lim: 2580 exec/s: 2340 rss: 1510Mb L: 99/2556 MS: 3 CopyPart-PersAutoDict-EraseBytes- DE: "(stride), [VP8kclip1]"-
#861625	REDUCE cov: 1405 ft: 5628 corp: 1052/325Kb lim: 2580 exec/s: 2341 rss: 1510Mb L: 17/2556 MS: 1 EraseBytes-
#861738	REDUCE cov: 1405 ft: 5628 corp: 1052/325Kb lim: 2580 exec/s: 2341 rss: 1510Mb L: 382/2556 MS: 3 ChangeBinInt-ChangeByte-EraseBytes-
#862914	REDUCE cov: 1405 ft: 5628 corp: 1052/325Kb lim: 2591 exec/s: 2338 rss: 1510Mb L: 355/2556 MS: 1 EraseBytes-
#862930	REDUCE cov: 1405 ft: 5628 corp: 1052/325Kb lim: 2591 exec/s: 2338 rss: 1510Mb L: 1568/2556 MS: 1 EraseBytes-
#863776	REDUCE cov: 1405 ft: 5628 corp: 1052/325Kb lim: 2591 exec/s: 2303 rss: 1510Mb L: 244/2556 MS: 1 EraseBytes-
#863777	REDUCE cov: 1405 ft: 5628 corp: 1052/325Kb lim: 2591 exec/s: 2303 rss: 1510Mb L: 1211/2556 MS: 1 EraseBytes-
#864557	REDUCE cov: 1405 ft: 5628 corp: 1052/325Kb lim: 2591 exec/s: 2305 rss: 1510Mb L: 420/2556 MS: 5 EraseBytes-ManualDict-ShuffleBytes-InsertByte-InsertByte- DE: "src/dec/vp8_dec.h"-
#865403	REDUCE cov: 1405 ft: 5628 corp: 1052/325Kb lim: 2591 exec/s: 2295 rss: 1510Mb L: 264/2556 MS: 1 EraseBytes-
#866469	REDUCE cov: 1405 ft: 5628 corp: 1052/325Kb lim: 2591 exec/s: 2298 rss: 1510Mb L: 145/2556 MS: 1 EraseBytes-
#867212	REDUCE cov: 1405 ft: 5628 corp: 1052/324Kb lim: 2591 exec/s: 2300 rss: 1510Mb L: 2003/2556 MS: 3 CMP-ChangeBit-EraseBytes- DE: "\001\000\000\000\000\000\000\004"-
#868408	REDUCE cov: 1405 ft: 5628 corp: 1052/324Kb lim: 2602 exec/s: 2303 rss: 1510Mb L: 178/2556 MS: 1 EraseBytes-
#869681	REDUCE cov: 1405 ft: 5628 corp: 1052/324Kb lim: 2613 exec/s: 2300 rss: 1510Mb L: 177/2556 MS: 3 EraseBytes-ShuffleBytes-InsertRepeatedBytes-
#869988	REDUCE cov: 1405 ft: 5628 corp: 1052/324Kb lim: 2613 exec/s: 2301 rss: 1510Mb L: 868/2556 MS: 2 ManualDict-CrossOver- DE: "dpax.w.ph       $ac0,      %["-
#870139	REDUCE cov: 1405 ft: 5628 corp: 1052/324Kb lim: 2613 exec/s: 2301 rss: 1510Mb L: 307/2556 MS: 1 EraseBytes-
#871526	REDUCE cov: 1405 ft: 5628 corp: 1052/324Kb lim: 2624 exec/s: 2299 rss: 1510Mb L: 284/2556 MS: 2 InsertByte-EraseBytes-
#871697	REDUCE cov: 1405 ft: 5628 corp: 1052/324Kb lim: 2624 exec/s: 2299 rss: 1510Mb L: 339/2556 MS: 1 CrossOver-
#872162	REDUCE cov: 1405 ft: 5628 corp: 1052/324Kb lim: 2624 exec/s: 2301 rss: 1510Mb L: 92/2556 MS: 5 CopyPart-ChangeASCIIInt-ShuffleBytes-ShuffleBytes-EraseBytes-
#872378	REDUCE cov: 1405 ft: 5628 corp: 1052/324Kb lim: 2624 exec/s: 2301 rss: 1510Mb L: 143/2556 MS: 1 EraseBytes-
#872696	REDUCE cov: 1405 ft: 5628 corp: 1052/324Kb lim: 2624 exec/s: 2302 rss: 1510Mb L: 351/2556 MS: 3 CMP-EraseBytes-InsertRepeatedBytes- DE: "$\377FF"-
#873304	REDUCE cov: 1405 ft: 5630 corp: 1053/325Kb lim: 2624 exec/s: 2304 rss: 1510Mb L: 626/2556 MS: 3 InsertByte-CrossOver-InsertByte-
#875165	REDUCE cov: 1405 ft: 5630 corp: 1053/325Kb lim: 2635 exec/s: 2291 rss: 1510Mb L: 427/2556 MS: 1 EraseBytes-
#876521	REDUCE cov: 1405 ft: 5630 corp: 1053/325Kb lim: 2646 exec/s: 2294 rss: 1510Mb L: 548/2556 MS: 1 EraseBytes-
#876999	REDUCE cov: 1405 ft: 5630 corp: 1053/325Kb lim: 2646 exec/s: 2289 rss: 1510Mb L: 109/2556 MS: 3 ShuffleBytes-ChangeBit-EraseBytes-
#877006	REDUCE cov: 1405 ft: 5630 corp: 1053/325Kb lim: 2646 exec/s: 2289 rss: 1510Mb L: 451/2556 MS: 2 ChangeASCIIInt-EraseBytes-
#879303	REDUCE cov: 1405 ft: 5630 corp: 1053/325Kb lim: 2668 exec/s: 2295 rss: 1510Mb L: 455/2556 MS: 2 ManualDict-EraseBytes- DE: "[5], "-
#879659	REDUCE cov: 1405 ft: 5630 corp: 1053/325Kb lim: 2668 exec/s: 2290 rss: 1510Mb L: 99/2556 MS: 1 EraseBytes-
#880089	NEW    cov: 1405 ft: 5631 corp: 1054/325Kb lim: 2668 exec/s: 2291 rss: 1510Mb L: 742/2556 MS: 5 ManualDict-CopyPart-ChangeBinInt-PersAutoDict-CMP- DE: "lw          %[coeff],     "-"VP8 nnnn"-"WABP"-
#880255	REDUCE cov: 1405 ft: 5631 corp: 1054/325Kb lim: 2668 exec/s: 2292 rss: 1510Mb L: 59/2556 MS: 1 EraseBytes-
#881916	REDUCE cov: 1405 ft: 5631 corp: 1054/325Kb lim: 2679 exec/s: 2296 rss: 1510Mb L: 448/2556 MS: 1 EraseBytes-
#883512	REDUCE cov: 1405 ft: 5631 corp: 1054/325Kb lim: 2690 exec/s: 2242 rss: 1961Mb L: 120/2556 MS: 1 EraseBytes-
#884150	REDUCE cov: 1405 ft: 5631 corp: 1054/325Kb lim: 2690 exec/s: 2238 rss: 1961Mb L: 592/2556 MS: 3 EraseBytes-ChangeByte-InsertRepeatedBytes-
#884227	REDUCE cov: 1405 ft: 5631 corp: 1054/325Kb lim: 2690 exec/s: 2238 rss: 1961Mb L: 331/2556 MS: 2 PersAutoDict-EraseBytes- DE: "(kC1C2), [ref] "-
#885713	REDUCE cov: 1405 ft: 5631 corp: 1054/325Kb lim: 2701 exec/s: 2208 rss: 1961Mb L: 170/2556 MS: 1 EraseBytes-
#886065	REDUCE cov: 1405 ft: 5631 corp: 1054/325Kb lim: 2701 exec/s: 2209 rss: 1961Mb L: 91/2556 MS: 2 InsertRepeatedBytes-EraseBytes-
#887658	REDUCE cov: 1405 ft: 5631 corp: 1054/325Kb lim: 2712 exec/s: 2208 rss: 1961Mb L: 161/2556 MS: 3 EraseBytes-ShuffleBytes-PersAutoDict- DE: "\000\000\000\354"-
#888647	REDUCE cov: 1405 ft: 5631 corp: 1054/325Kb lim: 2712 exec/s: 2210 rss: 1961Mb L: 261/2556 MS: 4 ChangeBit-ShuffleBytes-ChangeByte-EraseBytes-
#889375	REDUCE cov: 1405 ft: 5631 corp: 1054/325Kb lim: 2712 exec/s: 2212 rss: 1961Mb L: 300/2556 MS: 3 ChangeBit-PersAutoDict-EraseBytes- DE: "addq.ph         %[temp9],     %["-
#890173	REDUCE cov: 1405 ft: 5631 corp: 1054/325Kb lim: 2712 exec/s: 2214 rss: 1961Mb L: 310/2556 MS: 3 CrossOver-EraseBytes-CopyPart-
#890239	REDUCE cov: 1405 ft: 5631 corp: 1054/325Kb lim: 2712 exec/s: 2214 rss: 1961Mb L: 86/2556 MS: 1 EraseBytes-
#891130	REDUCE cov: 1405 ft: 5631 corp: 1054/325Kb lim: 2712 exec/s: 2211 rss: 1961Mb L: 12/2556 MS: 1 EraseBytes-
#891751	REDUCE cov: 1405 ft: 5631 corp: 1054/325Kb lim: 2712 exec/s: 2212 rss: 1961Mb L: 211/2556 MS: 1 EraseBytes-
#891919	REDUCE cov: 1405 ft: 5631 corp: 1054/325Kb lim: 2712 exec/s: 2213 rss: 1961Mb L: 661/2556 MS: 3 CrossOver-ChangeBinInt-EraseBytes-
#892005	REDUCE cov: 1405 ft: 5631 corp: 1054/325Kb lim: 2712 exec/s: 2213 rss: 1961Mb L: 273/2556 MS: 1 EraseBytes-
#892653	REDUCE cov: 1405 ft: 5633 corp: 1055/325Kb lim: 2712 exec/s: 2215 rss: 1961Mb L: 106/2556 MS: 3 ChangeASCIIInt-ChangeBinInt-ChangeBinInt-
#893129	REDUCE cov: 1405 ft: 5633 corp: 1055/325Kb lim: 2712 exec/s: 2216 rss: 1961Mb L: 138/2556 MS: 1 EraseBytes-
#893695	REDUCE cov: 1405 ft: 5633 corp: 1055/325Kb lim: 2712 exec/s: 2217 rss: 1961Mb L: 349/2556 MS: 1 EraseBytes-
#894375	REDUCE cov: 1405 ft: 5633 corp: 1055/325Kb lim: 2712 exec/s: 2202 rss: 1961Mb L: 725/2556 MS: 5 ChangeBinInt-InsertRepeatedBytes-ShuffleBytes-ChangeASCIIInt-EraseBytes-
#894456	REDUCE cov: 1405 ft: 5633 corp: 1055/325Kb lim: 2712 exec/s: 2203 rss: 1961Mb L: 322/2556 MS: 1 EraseBytes-
#894460	REDUCE cov: 1405 ft: 5633 corp: 1055/325Kb lim: 2712 exec/s: 2203 rss: 1961Mb L: 1952/2556 MS: 4 InsertRepeatedBytes-EraseBytes-ChangeASCIIInt-ManualDict- DE: "sb               %[temp5],   "-
#895244	REDUCE cov: 1405 ft: 5633 corp: 1055/325Kb lim: 2712 exec/s: 2205 rss: 1961Mb L: 611/2556 MS: 4 ChangeBit-CrossOver-EraseBytes-InsertRepeatedBytes-
#897382	REDUCE cov: 1405 ft: 5633 corp: 1055/325Kb lim: 2723 exec/s: 2204 rss: 1961Mb L: 417/2556 MS: 3 EraseBytes-InsertByte-InsertRepeatedBytes-
#897878	REDUCE cov: 1405 ft: 5633 corp: 1055/325Kb lim: 2723 exec/s: 2206 rss: 1961Mb L: 142/2556 MS: 1 EraseBytes-
#898318	REDUCE cov: 1405 ft: 5633 corp: 1055/325Kb lim: 2723 exec/s: 2201 rss: 1961Mb L: 178/2556 MS: 5 ManualDict-CrossOver-PersAutoDict-CopyPart-EraseBytes- DE: "sh          %[temp5],     "-"p\000\000\000\000\000\000\000"-
#898989	REDUCE cov: 1405 ft: 5633 corp: 1055/325Kb lim: 2723 exec/s: 2171 rss: 1961Mb L: 133/2556 MS: 1 EraseBytes-
#899742	REDUCE cov: 1405 ft: 5633 corp: 1055/324Kb lim: 2723 exec/s: 2173 rss: 1961Mb L: 408/2556 MS: 3 ChangeByte-CrossOver-EraseBytes-
#900264	REDUCE cov: 1405 ft: 5633 corp: 1055/324Kb lim: 2723 exec/s: 2174 rss: 1961Mb L: 227/2556 MS: 2 ChangeASCIIInt-EraseBytes-
#901935	REDUCE cov: 1405 ft: 5633 corp: 1055/324Kb lim: 2734 exec/s: 2173 rss: 1961Mb L: 126/2556 MS: 1 EraseBytes-
#903094	REDUCE cov: 1405 ft: 5633 corp: 1055/324Kb lim: 2745 exec/s: 2170 rss: 1961Mb L: 150/2556 MS: 4 CMP-InsertByte-ShuffleBytes-EraseBytes- DE: "\244WEB"-
#903250	REDUCE cov: 1405 ft: 5633 corp: 1055/324Kb lim: 2745 exec/s: 2171 rss: 1961Mb L: 88/2556 MS: 1 EraseBytes-
#903851	REDUCE cov: 1405 ft: 5633 corp: 1055/324Kb lim: 2745 exec/s: 2172 rss: 1961Mb L: 278/2556 MS: 1 CrossOver-
#904114	REDUCE cov: 1405 ft: 5633 corp: 1055/324Kb lim: 2745 exec/s: 2173 rss: 1961Mb L: 177/2556 MS: 3 ShuffleBytes-CMP-EraseBytes- DE: "\001\000\000\000\000\000\000r"-
#905146	REDUCE cov: 1405 ft: 5633 corp: 1055/324Kb lim: 2745 exec/s: 2175 rss: 1961Mb L: 77/2556 MS: 2 ChangeByte-EraseBytes-
#905487	REDUCE cov: 1405 ft: 5633 corp: 1055/324Kb lim: 2745 exec/s: 2171 rss: 1961Mb L: 326/2556 MS: 1 EraseBytes-
#905495	REDUCE cov: 1405 ft: 5633 corp: 1055/324Kb lim: 2745 exec/s: 2171 rss: 1961Mb L: 445/2556 MS: 3 EraseBytes-ChangeBinInt-ShuffleBytes-
#907542	REDUCE cov: 1405 ft: 5633 corp: 1055/324Kb lim: 2756 exec/s: 2176 rss: 1961Mb L: 196/2556 MS: 2 ChangeBinInt-EraseBytes-
#908453	REDUCE cov: 1405 ft: 5633 corp: 1055/324Kb lim: 2756 exec/s: 2178 rss: 1961Mb L: 148/2556 MS: 1 EraseBytes-
#909461	NEW    cov: 1417 ft: 5645 corp: 1056/325Kb lim: 2756 exec/s: 2165 rss: 1961Mb L: 238/2556 MS: 3 ChangeASCIIInt-PersAutoDict-ChangeByte- DE: "lh      %[temp18],      "-
#909960	REDUCE cov: 1417 ft: 5645 corp: 1056/325Kb lim: 2756 exec/s: 2161 rss: 1961Mb L: 525/2556 MS: 4 EraseBytes-InsertByte-ChangeByte-InsertRepeatedBytes-
#909986	REDUCE cov: 1417 ft: 5645 corp: 1056/325Kb lim: 2756 exec/s: 2161 rss: 1961Mb L: 107/2556 MS: 1 EraseBytes-
#910674	REDUCE cov: 1417 ft: 5645 corp: 1056/325Kb lim: 2756 exec/s: 2163 rss: 1961Mb L: 535/2556 MS: 3 CMP-InsertByte-EraseBytes- DE: "\001\000\000\003"-
#911264	NEW    cov: 1417 ft: 5648 corp: 1057/326Kb lim: 2756 exec/s: 2164 rss: 1961Mb L: 1405/2556 MS: 5 PersAutoDict-CopyPart-ChangeBinInt-ManualDict-ShuffleBytes- DE: "=D"-"sb       %[temp1],  2+0*"-
#911505	REDUCE cov: 1417 ft: 5648 corp: 1057/326Kb lim: 2756 exec/s: 2165 rss: 1961Mb L: 529/2556 MS: 1 EraseBytes-
#912098	REDUCE cov: 1417 ft: 5648 corp: 1057/325Kb lim: 2756 exec/s: 2161 rss: 1961Mb L: 814/2556 MS: 3 ChangeBit-CrossOver-EraseBytes-
#913553	REDUCE cov: 1417 ft: 5648 corp: 1057/325Kb lim: 2767 exec/s: 2149 rss: 1961Mb L: 280/2556 MS: 5 CMP-ShuffleBytes-InsertByte-ShuffleBytes-EraseBytes- DE: "\003\000\000\000\000\000\000\000"-
#913679	REDUCE cov: 1417 ft: 5648 corp: 1057/325Kb lim: 2767 exec/s: 2149 rss: 1961Mb L: 89/2556 MS: 1 EraseBytes-
#914082	REDUCE cov: 1417 ft: 5650 corp: 1058/325Kb lim: 2767 exec/s: 2150 rss: 1961Mb L: 175/2556 MS: 3 ManualDict-ManualDict-ChangeBit- DE: "ulw    %[temp0], "-"lbu      %[temp16], 3+1*"-
#915073	REDUCE cov: 1417 ft: 5650 corp: 1058/325Kb lim: 2767 exec/s: 2153 rss: 1961Mb L: 1482/2556 MS: 1 EraseBytes-
#915249	REDUCE cov: 1417 ft: 5650 corp: 1058/325Kb lim: 2767 exec/s: 2153 rss: 1961Mb L: 97/2556 MS: 1 EraseBytes-
#915350	REDUCE cov: 1417 ft: 5650 corp: 1058/325Kb lim: 2767 exec/s: 2153 rss: 1961Mb L: 117/2556 MS: 1 EraseBytes-
#915923	REDUCE cov: 1417 ft: 5650 corp: 1058/325Kb lim: 2767 exec/s: 2155 rss: 1961Mb L: 708/2556 MS: 3 InsertRepeatedBytes-ChangeBit-EraseBytes-
#916719	REDUCE cov: 1417 ft: 5650 corp: 1058/325Kb lim: 2767 exec/s: 2151 rss: 1961Mb L: 262/2556 MS: 1 EraseBytes-
#917475	REDUCE cov: 1417 ft: 5650 corp: 1058/325Kb lim: 2767 exec/s: 2128 rss: 1961Mb L: 758/2556 MS: 1 EraseBytes-
#917836	REDUCE cov: 1417 ft: 5650 corp: 1058/325Kb lim: 2767 exec/s: 2129 rss: 1961Mb L: 323/2556 MS: 1 EraseBytes-
#918297	REDUCE cov: 1417 ft: 5650 corp: 1058/325Kb lim: 2767 exec/s: 2130 rss: 1961Mb L: 122/2556 MS: 1 EraseBytes-
#918848	REDUCE cov: 1417 ft: 5650 corp: 1058/325Kb lim: 2767 exec/s: 2126 rss: 1961Mb L: 124/2556 MS: 1 EraseBytes-
#919652	REDUCE cov: 1417 ft: 5650 corp: 1058/325Kb lim: 2767 exec/s: 2128 rss: 1961Mb L: 122/2556 MS: 4 CopyPart-InsertByte-CrossOver-EraseBytes-
#919818	REDUCE cov: 1417 ft: 5650 corp: 1058/325Kb lim: 2767 exec/s: 2129 rss: 1961Mb L: 281/2556 MS: 1 EraseBytes-
#920081	NEW    cov: 1418 ft: 5651 corp: 1059/325Kb lim: 2767 exec/s: 2129 rss: 1961Mb L: 189/2556 MS: 3 InsertRepeatedBytes-InsertByte-PersAutoDict- DE: "\000\000\000\007"-
#921986	REDUCE cov: 1418 ft: 5651 corp: 1059/325Kb lim: 2778 exec/s: 2129 rss: 1961Mb L: 267/2556 MS: 5 ShuffleBytes-ChangeBinInt-EraseBytes-PersAutoDict-InsertRepeatedBytes- DE: "\036\000"-
#924111	REDUCE cov: 1418 ft: 5651 corp: 1059/325Kb lim: 2789 exec/s: 2124 rss: 1961Mb L: 306/2556 MS: 5 ChangeBit-CopyPart-ChangeBinInt-EraseBytes-CMP- DE: "ALPH"-
#924362	REDUCE cov: 1418 ft: 5651 corp: 1059/325Kb lim: 2789 exec/s: 2124 rss: 1961Mb L: 150/2556 MS: 1 EraseBytes-
#924673	REDUCE cov: 1418 ft: 5651 corp: 1059/325Kb lim: 2789 exec/s: 2125 rss: 1961Mb L: 125/2556 MS: 1 EraseBytes-
#924797	REDUCE cov: 1418 ft: 5651 corp: 1059/325Kb lim: 2789 exec/s: 2125 rss: 1961Mb L: 2003/2556 MS: 4 ChangeASCIIInt-InsertByte-PersAutoDict-EraseBytes- DE: "((TOP)), [dst]"-
#925339	REDUCE cov: 1418 ft: 5651 corp: 1059/325Kb lim: 2789 exec/s: 2122 rss: 1961Mb L: 132/2556 MS: 2 ShuffleBytes-EraseBytes-
#927274	REDUCE cov: 1418 ft: 5651 corp: 1059/325Kb lim: 2800 exec/s: 2126 rss: 1961Mb L: 434/2556 MS: 5 CMP-EraseBytes-PersAutoDict-ChangeBinInt-ManualDict- DE: "\377\377\377\013"-"8\002\000\000\000\000\000\000"-"ulw    %[temp1], "-
#927320	REDUCE cov: 1418 ft: 5651 corp: 1059/325Kb lim: 2800 exec/s: 2126 rss: 1961Mb L: 429/2556 MS: 1 EraseBytes-
#929946	REDUCE cov: 1418 ft: 5651 corp: 1059/325Kb lim: 2822 exec/s: 2128 rss: 1961Mb L: 347/2556 MS: 1 EraseBytes-
#930360	REDUCE cov: 1418 ft: 5651 corp: 1059/325Kb lim: 2822 exec/s: 2124 rss: 1961Mb L: 470/2556 MS: 4 InsertRepeatedBytes-ShuffleBytes-ChangeByte-EraseBytes-
#931203	REDUCE cov: 1418 ft: 5651 corp: 1059/325Kb lim: 2822 exec/s: 2126 rss: 1961Mb L: 362/2556 MS: 3 EraseBytes-ChangeBinInt-ChangeBinInt-
#931735	REDUCE cov: 1418 ft: 5651 corp: 1059/325Kb lim: 2822 exec/s: 2127 rss: 1961Mb L: 210/2556 MS: 2 ShuffleBytes-EraseBytes-
#931927	REDUCE cov: 1418 ft: 5651 corp: 1059/325Kb lim: 2822 exec/s: 2127 rss: 1961Mb L: 112/2556 MS: 2 ManualDict-EraseBytes- DE: "lbu     %[temp19],      3+"-
#932478	REDUCE cov: 1418 ft: 5651 corp: 1059/325Kb lim: 2822 exec/s: 2128 rss: 1961Mb L: 373/2556 MS: 1 EraseBytes-
#933199	REDUCE cov: 1418 ft: 5651 corp: 1059/325Kb lim: 2822 exec/s: 2130 rss: 1961Mb L: 327/2556 MS: 1 EraseBytes-
#933521	REDUCE cov: 1418 ft: 5651 corp: 1059/325Kb lim: 2822 exec/s: 2131 rss: 1961Mb L: 301/2556 MS: 2 ChangeBit-EraseBytes-
#934481	REDUCE cov: 1418 ft: 5651 corp: 1059/325Kb lim: 2822 exec/s: 2128 rss: 1961Mb L: 326/2556 MS: 5 ChangeASCIIInt-CrossOver-EraseBytes-ChangeByte-PersAutoDict- DE: "\000\000\000\000\000\000\000h"-
#934943	REDUCE cov: 1418 ft: 5651 corp: 1059/325Kb lim: 2822 exec/s: 2129 rss: 1961Mb L: 110/2556 MS: 2 CopyPart-EraseBytes-
#936614	REDUCE cov: 1418 ft: 5651 corp: 1059/325Kb lim: 2833 exec/s: 2133 rss: 1961Mb L: 278/2556 MS: 1 EraseBytes-
#940731	REDUCE cov: 1418 ft: 5651 corp: 1059/325Kb lim: 2866 exec/s: 2133 rss: 1961Mb L: 320/2556 MS: 2 CopyPart-EraseBytes-
#941413	REDUCE cov: 1418 ft: 5651 corp: 1059/325Kb lim: 2866 exec/s: 2129 rss: 1961Mb L: 77/2556 MS: 2 ChangeByte-EraseBytes-
#941465	REDUCE cov: 1418 ft: 5651 corp: 1059/325Kb lim: 2866 exec/s: 2130 rss: 1961Mb L: 293/2556 MS: 2 ChangeASCIIInt-EraseBytes-
#942134	REDUCE cov: 1418 ft: 5651 corp: 1059/325Kb lim: 2866 exec/s: 2131 rss: 1961Mb L: 709/2556 MS: 4 ChangeByte-ChangeBit-PersAutoDict-EraseBytes- DE: "\377\027"-
#942405	NEW    cov: 1418 ft: 5652 corp: 1060/325Kb lim: 2866 exec/s: 2132 rss: 1961Mb L: 34/2556 MS: 1 CrossOver-
#942629	REDUCE cov: 1418 ft: 5652 corp: 1060/325Kb lim: 2866 exec/s: 2132 rss: 1961Mb L: 500/2556 MS: 4 ShuffleBytes-ChangeByte-ChangeBit-EraseBytes-
#943035	REDUCE cov: 1418 ft: 5652 corp: 1060/325Kb lim: 2866 exec/s: 2133 rss: 1961Mb L: 332/2556 MS: 1 EraseBytes-
#943176	REDUCE cov: 1418 ft: 5652 corp: 1060/325Kb lim: 2866 exec/s: 2133 rss: 1961Mb L: 180/2556 MS: 1 EraseBytes-
#943623	REDUCE cov: 1418 ft: 5652 corp: 1060/325Kb lim: 2866 exec/s: 2134 rss: 1961Mb L: 749/2556 MS: 2 InsertByte-EraseBytes-
#946588	REDUCE cov: 1418 ft: 5652 corp: 1060/325Kb lim: 2888 exec/s: 2103 rss: 1961Mb L: 258/2556 MS: 5 ChangeBit-EraseBytes-CopyPart-EraseBytes-InsertRepeatedBytes-
#947020	NEW    cov: 1418 ft: 5658 corp: 1061/325Kb lim: 2888 exec/s: 2104 rss: 1961Mb L: 116/2556 MS: 2 PersAutoDict-CMP- DE: "\377\377\377\377\377\377\377\003"-"\001\000\000\213"-
#948281	REDUCE cov: 1418 ft: 5658 corp: 1061/325Kb lim: 2899 exec/s: 2102 rss: 1961Mb L: 36/2556 MS: 1 EraseBytes-
#948709	REDUCE cov: 1418 ft: 5658 corp: 1061/325Kb lim: 2899 exec/s: 2094 rss: 1961Mb L: 264/2556 MS: 3 ChangeByte-ChangeByte-EraseBytes-
#949250	REDUCE cov: 1418 ft: 5658 corp: 1061/325Kb lim: 2899 exec/s: 2095 rss: 1961Mb L: 734/2556 MS: 1 EraseBytes-
#949542	REDUCE cov: 1418 ft: 5658 corp: 1061/325Kb lim: 2899 exec/s: 2091 rss: 1961Mb L: 325/2556 MS: 2 ShuffleBytes-EraseBytes-
#950493	REDUCE cov: 1418 ft: 5658 corp: 1061/325Kb lim: 2899 exec/s: 2066 rss: 1961Mb L: 272/2556 MS: 1 EraseBytes-
#950911	REDUCE cov: 1418 ft: 5658 corp: 1061/325Kb lim: 2899 exec/s: 2067 rss: 1961Mb L: 845/2556 MS: 3 ChangeBit-PersAutoDict-EraseBytes- DE: "ulw    %[temp5], "-
#952117	NEW    cov: 1418 ft: 5661 corp: 1062/325Kb lim: 2910 exec/s: 2069 rss: 1961Mb L: 238/2556 MS: 1 CMP- DE: "\376\377\377\366"-
#952498	REDUCE cov: 1418 ft: 5661 corp: 1062/325Kb lim: 2910 exec/s: 2070 rss: 1961Mb L: 351/2556 MS: 1 EraseBytes-
#953679	REDUCE cov: 1418 ft: 5661 corp: 1062/325Kb lim: 2921 exec/s: 2068 rss: 1961Mb L: 291/2556 MS: 1 EraseBytes-
#954891	REDUCE cov: 1418 ft: 5661 corp: 1062/325Kb lim: 2932 exec/s: 2071 rss: 1961Mb L: 98/2556 MS: 2 PersAutoDict-EraseBytes- DE: "(kC1C2), [ref] "-
#955465	REDUCE cov: 1418 ft: 5661 corp: 1062/325Kb lim: 2932 exec/s: 2072 rss: 1961Mb L: 334/2556 MS: 4 ChangeByte-EraseBytes-PersAutoDict-CopyPart- DE: "R>FF"-
#955691	REDUCE cov: 1418 ft: 5661 corp: 1062/325Kb lim: 2932 exec/s: 2073 rss: 1961Mb L: 135/2556 MS: 1 EraseBytes-
#956385	REDUCE cov: 1418 ft: 5661 corp: 1062/325Kb lim: 2932 exec/s: 2074 rss: 1961Mb L: 110/2556 MS: 4 ChangeBit-InsertByte-ManualDict-EraseBytes- DE: "lbu     %[temp16],      0+"-
#957262	REDUCE cov: 1418 ft: 5661 corp: 1062/325Kb lim: 2932 exec/s: 2071 rss: 1961Mb L: 173/2556 MS: 2 CopyPart-EraseBytes-
#957654	REDUCE cov: 1418 ft: 5661 corp: 1062/325Kb lim: 2932 exec/s: 2072 rss: 1961Mb L: 278/2556 MS: 2 CopyPart-EraseBytes-
#958505	REDUCE cov: 1418 ft: 5661 corp: 1062/325Kb lim: 2932 exec/s: 2074 rss: 1961Mb L: 288/2556 MS: 1 EraseBytes-
#959583	REDUCE cov: 1418 ft: 5661 corp: 1062/325Kb lim: 2932 exec/s: 2072 rss: 1961Mb L: 712/2556 MS: 3 ShuffleBytes-CopyPart-EraseBytes-
#960019	REDUCE cov: 1418 ft: 5661 corp: 1062/325Kb lim: 2932 exec/s: 2073 rss: 1961Mb L: 166/2556 MS: 1 EraseBytes-
#960100	REDUCE cov: 1418 ft: 5661 corp: 1062/325Kb lim: 2932 exec/s: 2073 rss: 1961Mb L: 126/2556 MS: 1 EraseBytes-
#960822	REDUCE cov: 1418 ft: 5661 corp: 1062/325Kb lim: 2932 exec/s: 2075 rss: 1961Mb L: 525/2556 MS: 2 EraseBytes-InsertRepeatedBytes-
#961284	REDUCE cov: 1418 ft: 5661 corp: 1062/325Kb lim: 2932 exec/s: 2076 rss: 1961Mb L: 106/2556 MS: 2 ShuffleBytes-EraseBytes-
#962016	REDUCE cov: 1418 ft: 5661 corp: 1062/325Kb lim: 2932 exec/s: 2077 rss: 1961Mb L: 710/2556 MS: 2 CopyPart-EraseBytes-
#962793	REDUCE cov: 1418 ft: 5661 corp: 1062/325Kb lim: 2932 exec/s: 2079 rss: 1961Mb L: 349/2556 MS: 2 InsertRepeatedBytes-EraseBytes-
#963814	REDUCE cov: 1418 ft: 5661 corp: 1062/325Kb lim: 2932 exec/s: 2077 rss: 1961Mb L: 266/2556 MS: 1 EraseBytes-
#965414	REDUCE cov: 1418 ft: 5661 corp: 1062/325Kb lim: 2943 exec/s: 2080 rss: 1961Mb L: 299/2556 MS: 5 ChangeByte-ChangeBit-ShuffleBytes-CMP-EraseBytes- DE: "J\000"-
#966519	REDUCE cov: 1418 ft: 5661 corp: 1062/325Kb lim: 2943 exec/s: 2083 rss: 1961Mb L: 320/2556 MS: 5 CrossOver-ChangeASCIIInt-EraseBytes-ManualDict-PersAutoDict- DE: "lbu    %[temp18],    1+"-"\012\000\000\000\000\000\000\000"-
#967561	REDUCE cov: 1418 ft: 5661 corp: 1062/324Kb lim: 2943 exec/s: 2080 rss: 1961Mb L: 339/2556 MS: 2 InsertByte-EraseBytes-
#967794	REDUCE cov: 1418 ft: 5661 corp: 1062/324Kb lim: 2943 exec/s: 2081 rss: 1961Mb L: 1531/2556 MS: 3 ChangeBit-ChangeBit-EraseBytes-
#968177	REDUCE cov: 1418 ft: 5661 corp: 1062/324Kb lim: 2943 exec/s: 2082 rss: 1961Mb L: 98/2556 MS: 3 ManualDict-EraseBytes-CMP- DE: "(u), [v]"-"^\000\000\000\000\000\000\000"-
#968256	REDUCE cov: 1418 ft: 5661 corp: 1062/324Kb lim: 2943 exec/s: 2082 rss: 1961Mb L: 708/2556 MS: 4 PersAutoDict-EraseBytes-PersAutoDict-PersAutoDict- DE: "vcge.u8   "-"$\377FF"-"sb       %[temp8],  1+3*"-
#968378	REDUCE cov: 1418 ft: 5661 corp: 1062/324Kb lim: 2943 exec/s: 2082 rss: 1961Mb L: 334/2556 MS: 2 ChangeBinInt-EraseBytes-
#969258	REDUCE cov: 1418 ft: 5661 corp: 1062/324Kb lim: 2943 exec/s: 2084 rss: 1961Mb L: 263/2556 MS: 5 PersAutoDict-InsertByte-ManualDict-EraseBytes-CopyPart- DE: "addu   %[temp20],    %["-"usw             %[temp9],    0*"-
#969604	REDUCE cov: 1418 ft: 5661 corp: 1062/324Kb lim: 2943 exec/s: 2085 rss: 1961Mb L: 108/2556 MS: 1 EraseBytes-
#969995	REDUCE cov: 1418 ft: 5661 corp: 1062/324Kb lim: 2943 exec/s: 2086 rss: 1961Mb L: 267/2556 MS: 1 EraseBytes-
#970294	REDUCE cov: 1418 ft: 5662 corp: 1063/325Kb lim: 2943 exec/s: 2086 rss: 1961Mb L: 225/2556 MS: 4 InsertRepeatedBytes-CrossOver-ChangeASCIIInt-CMP- DE: "\015\000\000\000\000\000\000\000"-
#971750	REDUCE cov: 1418 ft: 5662 corp: 1063/325Kb lim: 2954 exec/s: 2085 rss: 1961Mb L: 256/2556 MS: 1 EraseBytes-
#972547	REDUCE cov: 1418 ft: 5662 corp: 1063/325Kb lim: 2954 exec/s: 2087 rss: 1961Mb L: 109/2556 MS: 2 EraseBytes-ManualDict- DE: "(x_add), [x_sub]"-
#973148	REDUCE cov: 1418 ft: 5662 corp: 1063/325Kb lim: 2954 exec/s: 2088 rss: 1961Mb L: 604/2556 MS: 1 EraseBytes-
#973784	REDUCE cov: 1418 ft: 5662 corp: 1063/325Kb lim: 2954 exec/s: 2089 rss: 1961Mb L: 21/2556 MS: 1 EraseBytes-
#974425	REDUCE cov: 1418 ft: 5662 corp: 1063/325Kb lim: 2954 exec/s: 2086 rss: 1961Mb L: 96/2556 MS: 1 EraseBytes-
#975393	NEW    cov: 1418 ft: 5664 corp: 1064/325Kb lim: 2954 exec/s: 2088 rss: 1961Mb L: 209/2556 MS: 3 ChangeByte-ManualDict-ChangeBit- DE: "subq.ph         %[temp8],     %["-
#975469	REDUCE cov: 1418 ft: 5664 corp: 1064/325Kb lim: 2954 exec/s: 2088 rss: 1961Mb L: 106/2556 MS: 1 EraseBytes-
#975511	REDUCE cov: 1418 ft: 5664 corp: 1064/325Kb lim: 2954 exec/s: 2088 rss: 1961Mb L: 236/2556 MS: 2 PersAutoDict-EraseBytes- DE: "I\000\000\000\000\000\000\000"-
#977368	REDUCE cov: 1418 ft: 5664 corp: 1064/325Kb lim: 2965 exec/s: 2088 rss: 1961Mb L: 531/2556 MS: 2 CopyPart-EraseBytes-
#977885	REDUCE cov: 1418 ft: 5664 corp: 1064/325Kb lim: 2965 exec/s: 2085 rss: 1961Mb L: 15/2556 MS: 2 InsertByte-EraseBytes-
#978444	REDUCE cov: 1418 ft: 5664 corp: 1064/325Kb lim: 2965 exec/s: 2086 rss: 1961Mb L: 107/2556 MS: 4 ChangeBit-InsertRepeatedBytes-PersAutoDict-EraseBytes- DE: "vabd.u8    q15,"-
#978566	REDUCE cov: 1418 ft: 5664 corp: 1064/325Kb lim: 2965 exec/s: 2086 rss: 1961Mb L: 77/2556 MS: 2 ChangeByte-EraseBytes-
#978979	REDUCE cov: 1418 ft: 5664 corp: 1064/325Kb lim: 2965 exec/s: 2087 rss: 1961Mb L: 107/2556 MS: 3 ChangeByte-ChangeBinInt-EraseBytes-
#980759	REDUCE cov: 1418 ft: 5664 corp: 1064/325Kb lim: 2976 exec/s: 2060 rss: 1961Mb L: 433/2556 MS: 5 ManualDict-CrossOver-ChangeByte-CopyPart-EraseBytes- DE: "lh              %[temp9],     "-
#980981	REDUCE cov: 1418 ft: 5665 corp: 1065/328Kb lim: 2976 exec/s: 2056 rss: 1961Mb L: 2944/2944 MS: 2 ChangeBinInt-CopyPart-
#981078	REDUCE cov: 1418 ft: 5665 corp: 1065/328Kb lim: 2976 exec/s: 2056 rss: 1961Mb L: 380/2944 MS: 2 ChangeASCIIInt-EraseBytes-
#981138	REDUCE cov: 1418 ft: 5665 corp: 1065/327Kb lim: 2976 exec/s: 2056 rss: 1961Mb L: 211/2944 MS: 5 EraseBytes-ChangeByte-ManualDict-ChangeBit-ChangeBit- DE: "lbu    %[temp3],  3+"-
#982106	REDUCE cov: 1418 ft: 5665 corp: 1065/327Kb lim: 2976 exec/s: 2058 rss: 1961Mb L: 195/2944 MS: 3 CopyPart-InsertByte-EraseBytes-
#982639	REDUCE cov: 1418 ft: 5665 corp: 1065/327Kb lim: 2976 exec/s: 2051 rss: 1961Mb L: 141/2944 MS: 3 ManualDict-PersAutoDict-EraseBytes- DE: "(t_con_5), [t_con_6]"-"lbu      %[temp16], 3+3*"-
#985201	REDUCE cov: 1418 ft: 5669 corp: 1066/328Kb lim: 2998 exec/s: 2043 rss: 1961Mb L: 340/2944 MS: 2 CopyPart-InsertRepeatedBytes-
#986338	REDUCE cov: 1418 ft: 5669 corp: 1066/327Kb lim: 3009 exec/s: 2046 rss: 1961Mb L: 2679/2679 MS: 2 EraseBytes-CopyPart-
#986779	REDUCE cov: 1418 ft: 5669 corp: 1066/327Kb lim: 3009 exec/s: 2047 rss: 1961Mb L: 346/2679 MS: 1 EraseBytes-
#987171	REDUCE cov: 1418 ft: 5669 corp: 1066/327Kb lim: 3009 exec/s: 2048 rss: 1961Mb L: 263/2679 MS: 2 PersAutoDict-EraseBytes- DE: "srl              %["-
#987244	REDUCE cov: 1418 ft: 5669 corp: 1066/327Kb lim: 3009 exec/s: 2048 rss: 1961Mb L: 169/2679 MS: 3 ChangeBinInt-ChangeBinInt-EraseBytes-
#987510	REDUCE cov: 1418 ft: 5669 corp: 1066/327Kb lim: 3009 exec/s: 2048 rss: 1961Mb L: 119/2679 MS: 1 EraseBytes-
#987631	REDUCE cov: 1418 ft: 5669 corp: 1066/327Kb lim: 3009 exec/s: 2049 rss: 1961Mb L: 1182/2679 MS: 1 EraseBytes-
#988683	REDUCE cov: 1418 ft: 5669 corp: 1066/327Kb lim: 3009 exec/s: 2051 rss: 1961Mb L: 115/2679 MS: 2 ChangeBit-EraseBytes-
#989177	REDUCE cov: 1418 ft: 5670 corp: 1067/328Kb lim: 3009 exec/s: 2047 rss: 1961Mb L: 246/2679 MS: 4 CopyPart-ChangeByte-ChangeBit-InsertRepeatedBytes-
#989362	NEW    cov: 1418 ft: 5673 corp: 1068/328Kb lim: 3009 exec/s: 2048 rss: 1961Mb L: 190/2679 MS: 5 ChangeBinInt-ManualDict-ChangeBinInt-InsertByte-CMP- DE: " #p1 "-"\003\000"-
#991953	REDUCE cov: 1418 ft: 5673 corp: 1068/328Kb lim: 3031 exec/s: 2049 rss: 1961Mb L: 190/2679 MS: 1 EraseBytes-
#992235	REDUCE cov: 1418 ft: 5674 corp: 1069/328Kb lim: 3031 exec/s: 2050 rss: 1961Mb L: 108/2679 MS: 2 ChangeBit-ChangeBit-
#992309	REDUCE cov: 1418 ft: 5674 corp: 1069/328Kb lim: 3031 exec/s: 2050 rss: 1961Mb L: 372/2679 MS: 4 ShuffleBytes-ChangeByte-EraseBytes-InsertRepeatedBytes-
#993419	REDUCE cov: 1418 ft: 5674 corp: 1069/328Kb lim: 3042 exec/s: 2048 rss: 1961Mb L: 723/2679 MS: 5 InsertRepeatedBytes-ChangeASCIIInt-InsertRepeatedBytes-EraseBytes-PersAutoDict- DE: "\310\000\000\000"-
#993690	NEW    cov: 1418 ft: 5678 corp: 1070/328Kb lim: 3042 exec/s: 2048 rss: 1961Mb L: 34/2679 MS: 1 ChangeBinInt-
#994343	REDUCE cov: 1418 ft: 5680 corp: 1071/329Kb lim: 3042 exec/s: 2050 rss: 1961Mb L: 803/2679 MS: 3 ChangeBinInt-EraseBytes-ChangeBit-
#994701	REDUCE cov: 1418 ft: 5680 corp: 1071/329Kb lim: 3042 exec/s: 2050 rss: 1961Mb L: 161/2679 MS: 3 PersAutoDict-ShuffleBytes-EraseBytes- DE: "(ppbias), [ppzthresh]"-
#994714	REDUCE cov: 1418 ft: 5680 corp: 1071/329Kb lim: 3042 exec/s: 2050 rss: 1961Mb L: 447/2679 MS: 3 ChangeBinInt-ShuffleBytes-EraseBytes-
#996005	REDUCE cov: 1418 ft: 5680 corp: 1071/328Kb lim: 3053 exec/s: 2049 rss: 1961Mb L: 119/2679 MS: 1 EraseBytes-
#996580	REDUCE cov: 1418 ft: 5680 corp: 1071/328Kb lim: 3053 exec/s: 2050 rss: 1961Mb L: 143/2679 MS: 5 CopyPart-ChangeBinInt-ChangeBinInt-ChangeASCIIInt-EraseBytes-
#996606	REDUCE cov: 1418 ft: 5680 corp: 1071/328Kb lim: 3053 exec/s: 2050 rss: 1961Mb L: 178/2679 MS: 1 EraseBytes-
#997488	REDUCE cov: 1418 ft: 5680 corp: 1071/328Kb lim: 3053 exec/s: 2044 rss: 1961Mb L: 148/2679 MS: 2 CopyPart-EraseBytes-
#999179	REDUCE cov: 1418 ft: 5680 corp: 1071/328Kb lim: 3064 exec/s: 2018 rss: 1961Mb L: 788/2679 MS: 1 EraseBytes-
#999384	REDUCE cov: 1418 ft: 5680 corp: 1071/328Kb lim: 3064 exec/s: 2018 rss: 1961Mb L: 174/2679 MS: 5 CMP-ChangeBit-CMP-ManualDict-EraseBytes- DE: "\000\000\000\000\000\000\000j"-"\000\000\000\000\000\000\000\000"-"precrqu_s.qb.ph  %["-
#999488	REDUCE cov: 1418 ft: 5680 corp: 1071/328Kb lim: 3064 exec/s: 2019 rss: 1961Mb L: 785/2679 MS: 4 ChangeBit-ChangeASCIIInt-ManualDict-EraseBytes- DE: "lbu     %[temp16],      0+"-
#999490	REDUCE cov: 1418 ft: 5680 corp: 1071/328Kb lim: 3064 exec/s: 2019 rss: 1961Mb L: 1264/2679 MS: 2 ChangeASCIIInt-CrossOver-
#999755	REDUCE cov: 1418 ft: 5681 corp: 1072/328Kb lim: 3064 exec/s: 2019 rss: 1961Mb L: 275/2679 MS: 5 ChangeBit-ChangeBinInt-InsertByte-ShuffleBytes-CMP- DE: "\003\000\000\000"-
#999796	NEW    cov: 1418 ft: 5683 corp: 1073/329Kb lim: 3064 exec/s: 2019 rss: 1961Mb L: 238/2679 MS: 1 ShuffleBytes-
#1000118	REDUCE cov: 1418 ft: 5683 corp: 1073/329Kb lim: 3064 exec/s: 2020 rss: 1961Mb L: 74/2679 MS: 2 InsertRepeatedBytes-EraseBytes-
#1000374	REDUCE cov: 1418 ft: 5683 corp: 1073/329Kb lim: 3064 exec/s: 2020 rss: 1961Mb L: 20/2679 MS: 1 EraseBytes-
#1003613	NEW    cov: 1418 ft: 5684 corp: 1074/329Kb lim: 3086 exec/s: 1999 rss: 1961Mb L: 805/2679 MS: 4 ShuffleBytes-InsertByte-InsertByte-PersAutoDict- DE: "!\001\000\000\000\000\000\000"-
#1004236	REDUCE cov: 1418 ft: 5684 corp: 1074/329Kb lim: 3086 exec/s: 2000 rss: 1961Mb L: 714/2679 MS: 3 ChangeBit-ChangeBinInt-EraseBytes-
#1004617	NEW    cov: 1418 ft: 5685 corp: 1075/330Kb lim: 3086 exec/s: 2001 rss: 1961Mb L: 275/2679 MS: 1 ShuffleBytes-
#1005126	REDUCE cov: 1418 ft: 5686 corp: 1076/330Kb lim: 3086 exec/s: 2002 rss: 1961Mb L: 555/2679 MS: 4 CopyPart-ChangeByte-CopyPart-CopyPart-
#1005268	REDUCE cov: 1418 ft: 5686 corp: 1076/330Kb lim: 3086 exec/s: 2002 rss: 1961Mb L: 177/2679 MS: 2 ShuffleBytes-EraseBytes-
#1006394	REDUCE cov: 1418 ft: 5686 corp: 1076/330Kb lim: 3097 exec/s: 2000 rss: 1961Mb L: 168/2679 MS: 1 EraseBytes-
#1006939	REDUCE cov: 1418 ft: 5686 corp: 1076/330Kb lim: 3097 exec/s: 2001 rss: 1961Mb L: 196/2679 MS: 5 InsertRepeatedBytes-ManualDict-EraseBytes-CMP-CopyPart- DE: "subu    %[temp17],      %["-"\001\000\000\000\000\000\000\007"-
#1007782	REDUCE cov: 1418 ft: 5686 corp: 1076/330Kb lim: 3097 exec/s: 2003 rss: 1961Mb L: 503/2679 MS: 3 ManualDict-InsertRepeatedBytes-EraseBytes- DE: "(ppiq), [max_level]"-
#1007968	REDUCE cov: 1418 ft: 5692 corp: 1077/330Kb lim: 3097 exec/s: 2003 rss: 1961Mb L: 139/2679 MS: 1 InsertByte-
#1008510	REDUCE cov: 1418 ft: 5692 corp: 1077/330Kb lim: 3097 exec/s: 2004 rss: 1961Mb L: 270/2679 MS: 2 ShuffleBytes-EraseBytes-
#1008695	REDUCE cov: 1418 ft: 5692 corp: 1077/330Kb lim: 3097 exec/s: 2001 rss: 1961Mb L: 354/2679 MS: 5 InsertRepeatedBytes-ChangeByte-ShuffleBytes-ChangeBit-CrossOver-
#1010036	REDUCE cov: 1418 ft: 5692 corp: 1077/330Kb lim: 3108 exec/s: 2004 rss: 1961Mb L: 245/2679 MS: 1 EraseBytes-
#1011079	REDUCE cov: 1418 ft: 5692 corp: 1077/330Kb lim: 3108 exec/s: 2006 rss: 1961Mb L: 712/2679 MS: 3 ChangeBit-InsertRepeatedBytes-EraseBytes-
#1011627	REDUCE cov: 1418 ft: 5692 corp: 1077/330Kb lim: 3108 exec/s: 2003 rss: 1961Mb L: 624/2679 MS: 3 CopyPart-ChangeBit-EraseBytes-
#1012348	REDUCE cov: 1418 ft: 5692 corp: 1077/330Kb lim: 3108 exec/s: 2004 rss: 1961Mb L: 225/2679 MS: 1 EraseBytes-
#1012501	REDUCE cov: 1418 ft: 5692 corp: 1077/330Kb lim: 3108 exec/s: 2004 rss: 1961Mb L: 173/2679 MS: 3 InsertByte-ChangeBit-EraseBytes-
#1014294	REDUCE cov: 1418 ft: 5692 corp: 1077/330Kb lim: 3119 exec/s: 1996 rss: 1961Mb L: 170/2679 MS: 3 InsertByte-ChangeASCIIInt-EraseBytes-
#1014327	REDUCE cov: 1418 ft: 5692 corp: 1077/330Kb lim: 3119 exec/s: 1996 rss: 1961Mb L: 628/2679 MS: 3 CrossOver-ChangeBinInt-EraseBytes-
#1015734	REDUCE cov: 1418 ft: 5692 corp: 1077/330Kb lim: 3130 exec/s: 1995 rss: 1961Mb L: 561/2679 MS: 2 EraseBytes-ChangeBit-
#1016615	REDUCE cov: 1418 ft: 5694 corp: 1078/330Kb lim: 3130 exec/s: 1997 rss: 1961Mb L: 218/2679 MS: 1 EraseBytes-
#1019379	REDUCE cov: 1418 ft: 5694 corp: 1078/330Kb lim: 3152 exec/s: 1998 rss: 1961Mb L: 606/2679 MS: 4 ChangeByte-ChangeBit-CopyPart-EraseBytes-
#1019810	REDUCE cov: 1418 ft: 5694 corp: 1078/330Kb lim: 3152 exec/s: 1999 rss: 1961Mb L: 171/2679 MS: 1 EraseBytes-
#1019956	REDUCE cov: 1418 ft: 5694 corp: 1078/330Kb lim: 3152 exec/s: 1992 rss: 1961Mb L: 128/2679 MS: 1 EraseBytes-
#1019968	REDUCE cov: 1418 ft: 5694 corp: 1078/330Kb lim: 3152 exec/s: 1992 rss: 1961Mb L: 602/2679 MS: 2 ChangeByte-EraseBytes-
#1020136	REDUCE cov: 1418 ft: 5694 corp: 1078/330Kb lim: 3152 exec/s: 1992 rss: 1961Mb L: 1989/2679 MS: 3 ChangeBinInt-CrossOver-EraseBytes-
#1020582	REDUCE cov: 1418 ft: 5701 corp: 1079/330Kb lim: 3152 exec/s: 1989 rss: 1961Mb L: 353/2679 MS: 1 InsertRepeatedBytes-
#1021580	REDUCE cov: 1418 ft: 5701 corp: 1079/330Kb lim: 3152 exec/s: 1991 rss: 1961Mb L: 744/2679 MS: 3 InsertByte-ManualDict-EraseBytes- DE: "subu            %["-
#1021781	REDUCE cov: 1418 ft: 5701 corp: 1079/330Kb lim: 3152 exec/s: 1991 rss: 1961Mb L: 226/2679 MS: 1 EraseBytes-
#1022204	REDUCE cov: 1418 ft: 5701 corp: 1079/330Kb lim: 3152 exec/s: 1992 rss: 1961Mb L: 298/2679 MS: 3 PersAutoDict-InsertRepeatedBytes-EraseBytes- DE: "\377\377\377\377\377\377\377\272"-
#1022556	REDUCE cov: 1418 ft: 5701 corp: 1079/330Kb lim: 3152 exec/s: 1993 rss: 1961Mb L: 563/2679 MS: 2 ChangeASCIIInt-CrossOver-
#1023657	REDUCE cov: 1418 ft: 5701 corp: 1079/330Kb lim: 3152 exec/s: 1991 rss: 1961Mb L: 1111/2679 MS: 1 EraseBytes-
#1023969	REDUCE cov: 1418 ft: 5701 corp: 1079/330Kb lim: 3152 exec/s: 1992 rss: 1961Mb L: 463/2679 MS: 2 EraseBytes-CMP- DE: "\026\000"-
#1024340	REDUCE cov: 1418 ft: 5701 corp: 1079/330Kb lim: 3152 exec/s: 1992 rss: 1961Mb L: 355/2679 MS: 1 EraseBytes-
#1024366	REDUCE cov: 1418 ft: 5701 corp: 1079/330Kb lim: 3152 exec/s: 1992 rss: 1961Mb L: 430/2679 MS: 1 EraseBytes-
#1025304	REDUCE cov: 1418 ft: 5701 corp: 1079/330Kb lim: 3152 exec/s: 1994 rss: 1961Mb L: 239/2679 MS: 3 ChangeBinInt-EraseBytes-InsertByte-
#1025795	REDUCE cov: 1418 ft: 5701 corp: 1079/330Kb lim: 3152 exec/s: 1995 rss: 1961Mb L: 714/2679 MS: 1 EraseBytes-
#1025957	REDUCE cov: 1418 ft: 5701 corp: 1079/330Kb lim: 3152 exec/s: 1996 rss: 1961Mb L: 201/2679 MS: 2 ShuffleBytes-EraseBytes-
#1025974	REDUCE cov: 1418 ft: 5701 corp: 1079/330Kb lim: 3152 exec/s: 1996 rss: 1961Mb L: 121/2679 MS: 2 InsertByte-EraseBytes-
#1027765	REDUCE cov: 1418 ft: 5701 corp: 1079/330Kb lim: 3163 exec/s: 1999 rss: 1961Mb L: 395/2679 MS: 1 EraseBytes-
#1028302	REDUCE cov: 1418 ft: 5701 corp: 1079/330Kb lim: 3163 exec/s: 1996 rss: 1961Mb L: 148/2679 MS: 2 ShuffleBytes-EraseBytes-
#1028838	REDUCE cov: 1418 ft: 5701 corp: 1079/330Kb lim: 3163 exec/s: 1997 rss: 1961Mb L: 244/2679 MS: 1 EraseBytes-
#1031874	REDUCE cov: 1418 ft: 5701 corp: 1079/330Kb lim: 3185 exec/s: 1995 rss: 1961Mb L: 242/2679 MS: 1 EraseBytes-
#1032930	REDUCE cov: 1418 ft: 5701 corp: 1079/330Kb lim: 3185 exec/s: 1997 rss: 1961Mb L: 121/2679 MS: 1 EraseBytes-
#1033177	NEW    cov: 1418 ft: 5702 corp: 1080/330Kb lim: 3185 exec/s: 1998 rss: 1961Mb L: 626/2679 MS: 2 ManualDict-CrossOver- DE: "src/dsp/common_sse41.h"-
#1033833	REDUCE cov: 1418 ft: 5702 corp: 1080/330Kb lim: 3185 exec/s: 1999 rss: 1961Mb L: 108/2679 MS: 1 EraseBytes-
#1034599	NEW    cov: 1418 ft: 5703 corp: 1081/330Kb lim: 3185 exec/s: 2001 rss: 1961Mb L: 34/2679 MS: 1 ChangeBit-
#1034803	REDUCE cov: 1418 ft: 5703 corp: 1081/330Kb lim: 3185 exec/s: 2001 rss: 1961Mb L: 140/2679 MS: 4 ManualDict-InsertByte-ChangeByte-EraseBytes- DE: "[7],"-
#1035804	REDUCE cov: 1418 ft: 5703 corp: 1081/330Kb lim: 3185 exec/s: 1972 rss: 1961Mb L: 96/2679 MS: 1 EraseBytes-
#1038461	REDUCE cov: 1418 ft: 5704 corp: 1082/330Kb lim: 3207 exec/s: 1974 rss: 1961Mb L: 165/2679 MS: 2 ManualDict-ChangeBinInt- DE: "((((prev_col ^ col) | prev_row ^ row)) > mask)"-
#1038817	NEW    cov: 1418 ft: 5707 corp: 1083/331Kb lim: 3207 exec/s: 1974 rss: 1961Mb L: 364/2679 MS: 1 InsertRepeatedBytes-
#1040468	REDUCE cov: 1418 ft: 5707 corp: 1083/331Kb lim: 3218 exec/s: 1978 rss: 1961Mb L: 137/2679 MS: 1 EraseBytes-
#1041361	NEW    cov: 1418 ft: 5708 corp: 1084/331Kb lim: 3218 exec/s: 1976 rss: 1961Mb L: 381/2679 MS: 3 PersAutoDict-CMP-EraseBytes- DE: "src/enc/vp8i_enc.h"-"o\002\000\000\000\000\000\000"-
#1042238	REDUCE cov: 1418 ft: 5708 corp: 1084/331Kb lim: 3218 exec/s: 1977 rss: 1961Mb L: 13/2679 MS: 2 ChangeBinInt-EraseBytes-
#1042282	REDUCE cov: 1418 ft: 5708 corp: 1084/331Kb lim: 3218 exec/s: 1977 rss: 1961Mb L: 106/2679 MS: 4 ChangeBinInt-ShuffleBytes-ChangeASCIIInt-EraseBytes-
#1043015	REDUCE cov: 1418 ft: 5708 corp: 1084/331Kb lim: 3218 exec/s: 1979 rss: 1961Mb L: 123/2679 MS: 3 PersAutoDict-InsertRepeatedBytes-EraseBytes- DE: "ulw    %[temp5], "-
#1043458	NEW    cov: 1418 ft: 5709 corp: 1085/331Kb lim: 3218 exec/s: 1979 rss: 1961Mb L: 107/2679 MS: 3 InsertByte-ChangeBinInt-ChangeBinInt-
#1045160	REDUCE cov: 1418 ft: 5709 corp: 1085/331Kb lim: 3229 exec/s: 1979 rss: 1961Mb L: 353/2679 MS: 2 ChangeBit-EraseBytes-
#1046461	REDUCE cov: 1418 ft: 5709 corp: 1085/331Kb lim: 3240 exec/s: 1981 rss: 1961Mb L: 198/2679 MS: 1 EraseBytes-
#1047797	NEW    cov: 1418 ft: 5710 corp: 1086/331Kb lim: 3251 exec/s: 1984 rss: 1961Mb L: 34/2679 MS: 1 ChangeByte-
#1048576	pulse  cov: 1418 ft: 5710 corp: 1086/331Kb lim: 3251 exec/s: 1982 rss: 1961Mb
#1049365	REDUCE cov: 1418 ft: 5710 corp: 1086/331Kb lim: 3262 exec/s: 1979 rss: 1961Mb L: 164/2679 MS: 3 ChangeBinInt-InsertRepeatedBytes-EraseBytes-
#1050845	REDUCE cov: 1418 ft: 5710 corp: 1086/331Kb lim: 3273 exec/s: 1967 rss: 1961Mb L: 37/2679 MS: 5 CopyPart-ShuffleBytes-ChangeBinInt-ChangeBit-EraseBytes-
#1051036	REDUCE cov: 1418 ft: 5710 corp: 1086/331Kb lim: 3273 exec/s: 1968 rss: 1961Mb L: 620/2679 MS: 1 EraseBytes-
#1051212	NEW    cov: 1418 ft: 5712 corp: 1087/331Kb lim: 3273 exec/s: 1968 rss: 1961Mb L: 353/2679 MS: 1 ChangeBinInt-
#1051268	REDUCE cov: 1418 ft: 5712 corp: 1087/331Kb lim: 3273 exec/s: 1968 rss: 1961Mb L: 125/2679 MS: 1 EraseBytes-
#1051285	REDUCE cov: 1418 ft: 5712 corp: 1087/331Kb lim: 3273 exec/s: 1968 rss: 1961Mb L: 534/2679 MS: 2 InsertByte-EraseBytes-
#1051364	NEW    cov: 1418 ft: 5713 corp: 1088/332Kb lim: 3273 exec/s: 1968 rss: 1961Mb L: 372/2679 MS: 4 ManualDict-ChangeBit-ChangeByte-CMP- DE: "absq_s.ph        %["-"VP4 "-
#1051540	REDUCE cov: 1418 ft: 5713 corp: 1088/332Kb lim: 3273 exec/s: 1969 rss: 1961Mb L: 220/2679 MS: 1 EraseBytes-
#1052323	REDUCE cov: 1418 ft: 5713 corp: 1088/332Kb lim: 3273 exec/s: 1970 rss: 1961Mb L: 323/2679 MS: 3 InsertByte-InsertByte-EraseBytes-
#1052755	REDUCE cov: 1418 ft: 5713 corp: 1088/332Kb lim: 3273 exec/s: 1971 rss: 1961Mb L: 80/2679 MS: 2 ChangeBit-EraseBytes-
#1052977	NEW    cov: 1418 ft: 5715 corp: 1089/332Kb lim: 3273 exec/s: 1971 rss: 1961Mb L: 364/2679 MS: 2 CMP-ChangeBit- DE: "\236\000\000\000"-
#1053789	REDUCE cov: 1418 ft: 5715 corp: 1089/332Kb lim: 3273 exec/s: 1969 rss: 1961Mb L: 331/2679 MS: 2 ChangeBit-EraseBytes-
#1054080	REDUCE cov: 1418 ft: 5715 corp: 1089/332Kb lim: 3273 exec/s: 1970 rss: 1961Mb L: 1177/2679 MS: 1 EraseBytes-
#1055218	REDUCE cov: 1418 ft: 5715 corp: 1089/332Kb lim: 3284 exec/s: 1968 rss: 1961Mb L: 386/2679 MS: 3 CrossOver-EraseBytes-EraseBytes-
#1055259	REDUCE cov: 1418 ft: 5715 corp: 1089/332Kb lim: 3284 exec/s: 1968 rss: 1961Mb L: 90/2679 MS: 1 EraseBytes-
#1055390	REDUCE cov: 1418 ft: 5715 corp: 1089/332Kb lim: 3284 exec/s: 1969 rss: 1961Mb L: 125/2679 MS: 1 EraseBytes-
#1056432	REDUCE cov: 1418 ft: 5715 corp: 1089/332Kb lim: 3284 exec/s: 1967 rss: 1961Mb L: 259/2679 MS: 2 PersAutoDict-EraseBytes- DE: "M\037\000\000"-
#1056628	REDUCE cov: 1418 ft: 5715 corp: 1089/332Kb lim: 3284 exec/s: 1967 rss: 1961Mb L: 20/2679 MS: 1 EraseBytes-
#1056844	NEW    cov: 1418 ft: 5716 corp: 1090/332Kb lim: 3284 exec/s: 1968 rss: 1961Mb L: 236/2679 MS: 1 EraseBytes-
#1056846	REDUCE cov: 1418 ft: 5716 corp: 1090/332Kb lim: 3284 exec/s: 1968 rss: 1961Mb L: 182/2679 MS: 2 InsertByte-EraseBytes-
#1056890	REDUCE cov: 1418 ft: 5716 corp: 1090/332Kb lim: 3284 exec/s: 1968 rss: 1961Mb L: 712/2679 MS: 4 ChangeASCIIInt-ChangeBit-ChangeBit-EraseBytes-
#1058916	REDUCE cov: 1418 ft: 5716 corp: 1090/332Kb lim: 3295 exec/s: 1971 rss: 1961Mb L: 144/2679 MS: 1 EraseBytes-
#1059084	REDUCE cov: 1418 ft: 5716 corp: 1090/332Kb lim: 3295 exec/s: 1972 rss: 1961Mb L: 99/2679 MS: 3 InsertRepeatedBytes-PersAutoDict-EraseBytes- DE: "slt     %[temp19],      %["-
#1060551	REDUCE cov: 1418 ft: 5716 corp: 1090/332Kb lim: 3306 exec/s: 1971 rss: 1961Mb L: 272/2679 MS: 2 InsertByte-EraseBytes-
#1061527	REDUCE cov: 1418 ft: 5716 corp: 1090/332Kb lim: 3306 exec/s: 1973 rss: 1961Mb L: 328/2679 MS: 1 EraseBytes-
#1063479	REDUCE cov: 1418 ft: 5716 corp: 1090/332Kb lim: 3317 exec/s: 1973 rss: 1961Mb L: 196/2679 MS: 2 CopyPart-EraseBytes-
#1063610	REDUCE cov: 1418 ft: 5716 corp: 1090/332Kb lim: 3317 exec/s: 1973 rss: 1961Mb L: 124/2679 MS: 1 EraseBytes-
#1064698	REDUCE cov: 1418 ft: 5716 corp: 1090/332Kb lim: 3317 exec/s: 1975 rss: 1961Mb L: 192/2679 MS: 3 PersAutoDict-PersAutoDict-EraseBytes- DE: "(b), [w]"-"\003\000"-
#1066888	REDUCE cov: 1418 ft: 5716 corp: 1090/332Kb lim: 3328 exec/s: 1975 rss: 1961Mb L: 1616/2679 MS: 5 CrossOver-CMP-InsertRepeatedBytes-EraseBytes-InsertRepeatedBytes- DE: "\001\000\000\000\000\000\007\261"-
#1067240	NEW    cov: 1418 ft: 5717 corp: 1091/332Kb lim: 3328 exec/s: 1976 rss: 1961Mb L: 708/2679 MS: 2 ChangeASCIIInt-ChangeBinInt-
#1067441	REDUCE cov: 1418 ft: 5717 corp: 1091/332Kb lim: 3328 exec/s: 1976 rss: 1961Mb L: 117/2679 MS: 1 EraseBytes-
#1068012	REDUCE cov: 1418 ft: 5717 corp: 1091/332Kb lim: 3328 exec/s: 1977 rss: 1961Mb L: 189/2679 MS: 1 EraseBytes-
#1069142	REDUCE cov: 1418 ft: 5717 corp: 1091/332Kb lim: 3339 exec/s: 1979 rss: 1961Mb L: 720/2679 MS: 5 CopyPart-ShuffleBytes-CopyPart-CopyPart-EraseBytes-
#1069444	REDUCE cov: 1418 ft: 5717 corp: 1091/332Kb lim: 3339 exec/s: 1976 rss: 1961Mb L: 279/2679 MS: 2 ShuffleBytes-EraseBytes-
#1069565	NEW    cov: 1418 ft: 5720 corp: 1092/333Kb lim: 3339 exec/s: 1977 rss: 1961Mb L: 353/2679 MS: 1 CrossOver-
#1069651	REDUCE cov: 1418 ft: 5720 corp: 1092/333Kb lim: 3339 exec/s: 1977 rss: 1961Mb L: 151/2679 MS: 1 EraseBytes-
#1070402	REDUCE cov: 1418 ft: 5720 corp: 1092/332Kb lim: 3339 exec/s: 1974 rss: 1961Mb L: 555/2679 MS: 1 EraseBytes-
#1071098	REDUCE cov: 1418 ft: 5720 corp: 1092/332Kb lim: 3339 exec/s: 1950 rss: 1961Mb L: 36/2679 MS: 1 EraseBytes-
#1071350	REDUCE cov: 1418 ft: 5720 corp: 1092/332Kb lim: 3339 exec/s: 1951 rss: 1961Mb L: 73/2679 MS: 2 ChangeASCIIInt-EraseBytes-
#1071734	REDUCE cov: 1418 ft: 5720 corp: 1092/332Kb lim: 3339 exec/s: 1952 rss: 1961Mb L: 303/2679 MS: 4 ShuffleBytes-ShuffleBytes-InsertByte-EraseBytes-
#1072476	REDUCE cov: 1418 ft: 5720 corp: 1092/332Kb lim: 3339 exec/s: 1953 rss: 1961Mb L: 127/2679 MS: 2 InsertRepeatedBytes-EraseBytes-
#1072482	REDUCE cov: 1418 ft: 5721 corp: 1093/334Kb lim: 3339 exec/s: 1953 rss: 1961Mb L: 1339/2679 MS: 1 CMP- DE: "VP8W"-
#1073270	NEW    cov: 1418 ft: 5722 corp: 1094/334Kb lim: 3339 exec/s: 1954 rss: 1961Mb L: 131/2679 MS: 3 ManualDict-ShuffleBytes-CopyPart- DE: "(left_1), [top]"-
#1073565	REDUCE cov: 1418 ft: 5722 corp: 1094/334Kb lim: 3339 exec/s: 1955 rss: 1961Mb L: 236/2679 MS: 5 EraseBytes-ChangeBit-PersAutoDict-ManualDict-InsertRepeatedBytes- DE: "\235\000\000\000\000\000\000\000"-"ulw          %[temp0],   -1*"-
#1074083	NEW    cov: 1418 ft: 5729 corp: 1095/334Kb lim: 3339 exec/s: 1949 rss: 1961Mb L: 106/2679 MS: 3 ShuffleBytes-ChangeASCIIInt-ChangeByte-
#1074216	REDUCE cov: 1418 ft: 5729 corp: 1095/334Kb lim: 3339 exec/s: 1949 rss: 1961Mb L: 1450/2679 MS: 3 CMP-ChangeByte-EraseBytes- DE: "[6]}"-
#1074846	REDUCE cov: 1418 ft: 5729 corp: 1095/334Kb lim: 3339 exec/s: 1947 rss: 1961Mb L: 185/2679 MS: 5 ChangeASCIIInt-ChangeBit-CopyPart-ChangeByte-EraseBytes-
#1075457	NEW    cov: 1418 ft: 5731 corp: 1096/334Kb lim: 3339 exec/s: 1948 rss: 1961Mb L: 364/2679 MS: 1 ChangeBit-
#1075766	REDUCE cov: 1418 ft: 5731 corp: 1096/334Kb lim: 3339 exec/s: 1948 rss: 1961Mb L: 591/2679 MS: 4 InsertByte-PersAutoDict-EraseBytes-ChangeBinInt- DE: "\000\000\000\007"-
#1076267	REDUCE cov: 1418 ft: 5731 corp: 1096/334Kb lim: 3339 exec/s: 1949 rss: 1961Mb L: 327/2679 MS: 1 EraseBytes-
#1076425	NEW    cov: 1418 ft: 5732 corp: 1097/335Kb lim: 3339 exec/s: 1950 rss: 1961Mb L: 1499/2679 MS: 3 CrossOver-ChangeASCIIInt-ChangeBinInt-
#1077390	REDUCE cov: 1418 ft: 5732 corp: 1097/335Kb lim: 3339 exec/s: 1951 rss: 1961Mb L: 202/2679 MS: 5 ChangeByte-EraseBytes-PersAutoDict-CMP-InsertByte- DE: "src/utils/palette.h"-"\001\000\000\000\000\000\013\320"-
#1077747	REDUCE cov: 1418 ft: 5732 corp: 1097/335Kb lim: 3339 exec/s: 1952 rss: 1961Mb L: 54/2679 MS: 2 ChangeBinInt-EraseBytes-
#1078382	REDUCE cov: 1418 ft: 5732 corp: 1097/335Kb lim: 3339 exec/s: 1953 rss: 1961Mb L: 720/2679 MS: 5 ShuffleBytes-CopyPart-ChangeByte-EraseBytes-CopyPart-
#1078778	REDUCE cov: 1418 ft: 5732 corp: 1097/335Kb lim: 3339 exec/s: 1950 rss: 1961Mb L: 1402/2679 MS: 1 EraseBytes-
#1080155	REDUCE cov: 1418 ft: 5732 corp: 1097/335Kb lim: 3350 exec/s: 1953 rss: 1961Mb L: 709/2679 MS: 2 CopyPart-EraseBytes-
#1081975	REDUCE cov: 1418 ft: 5732 corp: 1097/335Kb lim: 3361 exec/s: 1953 rss: 1961Mb L: 106/2679 MS: 5 ShuffleBytes-EraseBytes-CMP-CMP-InsertByte- DE: "\003\000\000\000"-"\001\000"-
#1082239	REDUCE cov: 1418 ft: 5732 corp: 1097/335Kb lim: 3361 exec/s: 1949 rss: 1961Mb L: 1242/2679 MS: 4 ShuffleBytes-InsertRepeatedBytes-ChangeByte-EraseBytes-
#1082991	REDUCE cov: 1418 ft: 5732 corp: 1097/335Kb lim: 3361 exec/s: 1951 rss: 1961Mb L: 99/2679 MS: 2 ChangeBinInt-EraseBytes-
#1083408	REDUCE cov: 1418 ft: 5732 corp: 1097/335Kb lim: 3361 exec/s: 1952 rss: 1961Mb L: 76/2679 MS: 2 EraseBytes-InsertByte-
#1084105	REDUCE cov: 1418 ft: 5732 corp: 1097/335Kb lim: 3361 exec/s: 1953 rss: 1961Mb L: 545/2679 MS: 2 EraseBytes-InsertRepeatedBytes-
#1084445	REDUCE cov: 1418 ft: 5732 corp: 1097/335Kb lim: 3361 exec/s: 1953 rss: 1961Mb L: 120/2679 MS: 5 ManualDict-ChangeASCIIInt-InsertByte-PersAutoDict-EraseBytes- DE: "lbu     %[temp6],    "-"[3],"-
#1085206	REDUCE cov: 1418 ft: 5732 corp: 1097/335Kb lim: 3361 exec/s: 1951 rss: 1961Mb L: 239/2679 MS: 1 EraseBytes-
#1085254	REDUCE cov: 1418 ft: 5733 corp: 1098/336Kb lim: 3361 exec/s: 1951 rss: 1961Mb L: 1403/2679 MS: 3 ChangeBit-InsertByte-ChangeASCIIInt-
#1085824	REDUCE cov: 1418 ft: 5733 corp: 1098/336Kb lim: 3361 exec/s: 1952 rss: 1961Mb L: 389/2679 MS: 5 EraseBytes-ShuffleBytes-ShuffleBytes-ChangeBinInt-InsertRepeatedBytes-
#1086340	REDUCE cov: 1418 ft: 5733 corp: 1098/336Kb lim: 3361 exec/s: 1953 rss: 1961Mb L: 144/2679 MS: 1 EraseBytes-
#1088497	REDUCE cov: 1418 ft: 5734 corp: 1099/337Kb lim: 3372 exec/s: 1954 rss: 1961Mb L: 121/2679 MS: 2 ManualDict-ChangeBit- DE: "[3],"-
#1088869	REDUCE cov: 1418 ft: 5734 corp: 1099/336Kb lim: 3372 exec/s: 1954 rss: 1961Mb L: 201/2679 MS: 2 InsertByte-EraseBytes-
#1089008	NEW    cov: 1418 ft: 5735 corp: 1100/338Kb lim: 3372 exec/s: 1955 rss: 1961Mb L: 2051/2679 MS: 4 InsertByte-PersAutoDict-CrossOver-CMP- DE: "\000\000"-"H\000\000\000\000\000\000\000"-
#1089069	REDUCE cov: 1418 ft: 5735 corp: 1100/338Kb lim: 3372 exec/s: 1955 rss: 1961Mb L: 106/2679 MS: 1 EraseBytes-
#1089340	REDUCE cov: 1418 ft: 5735 corp: 1100/338Kb lim: 3372 exec/s: 1955 rss: 1961Mb L: 584/2679 MS: 1 EraseBytes-
#1089519	REDUCE cov: 1418 ft: 5735 corp: 1100/338Kb lim: 3372 exec/s: 1956 rss: 1961Mb L: 1210/2679 MS: 4 ManualDict-EraseBytes-CopyPart-InsertRepeatedBytes- DE: "(gtb), [mask]"-
#1089592	REDUCE cov: 1418 ft: 5735 corp: 1100/338Kb lim: 3372 exec/s: 1956 rss: 1961Mb L: 271/2679 MS: 3 ChangeByte-EraseBytes-ChangeBinInt-
#1089698	REDUCE cov: 1418 ft: 5735 corp: 1100/338Kb lim: 3372 exec/s: 1956 rss: 1961Mb L: 127/2679 MS: 1 EraseBytes-
#1089919	REDUCE cov: 1418 ft: 5735 corp: 1100/338Kb lim: 3372 exec/s: 1956 rss: 1961Mb L: 348/2679 MS: 1 EraseBytes-
#1090285	REDUCE cov: 1418 ft: 5735 corp: 1100/338Kb lim: 3372 exec/s: 1953 rss: 1961Mb L: 74/2679 MS: 1 EraseBytes-
#1090341	REDUCE cov: 1418 ft: 5735 corp: 1100/338Kb lim: 3372 exec/s: 1954 rss: 1961Mb L: 347/2679 MS: 1 EraseBytes-
#1092082	REDUCE cov: 1418 ft: 5735 corp: 1100/338Kb lim: 3383 exec/s: 1943 rss: 1961Mb L: 121/2679 MS: 1 EraseBytes-
#1092533	REDUCE cov: 1418 ft: 5735 corp: 1100/338Kb lim: 3383 exec/s: 1944 rss: 1961Mb L: 22/2679 MS: 1 EraseBytes-
#1092655	REDUCE cov: 1418 ft: 5735 corp: 1100/337Kb lim: 3383 exec/s: 1944 rss: 1961Mb L: 129/2679 MS: 2 CMP-EraseBytes- DE: "\032\000\000\000\000\000\000\000"-
#1092743	REDUCE cov: 1418 ft: 5735 corp: 1100/337Kb lim: 3383 exec/s: 1944 rss: 1961Mb L: 1217/2679 MS: 3 EraseBytes-ChangeASCIIInt-CrossOver-
#1093207	REDUCE cov: 1418 ft: 5735 corp: 1100/337Kb lim: 3383 exec/s: 1945 rss: 1961Mb L: 147/2679 MS: 4 ManualDict-ChangeBit-EraseBytes-InsertRepeatedBytes- DE: "((((prev_col ^ col) | prev_row ^ row)) > mask)"-
#1094917	REDUCE cov: 1418 ft: 5735 corp: 1100/337Kb lim: 3394 exec/s: 1917 rss: 1961Mb L: 182/2679 MS: 5 ShuffleBytes-InsertByte-InsertByte-ChangeBit-EraseBytes-
#1095073	REDUCE cov: 1418 ft: 5735 corp: 1100/337Kb lim: 3394 exec/s: 1917 rss: 1961Mb L: 344/2679 MS: 1 EraseBytes-
#1095604	REDUCE cov: 1418 ft: 5735 corp: 1100/337Kb lim: 3394 exec/s: 1918 rss: 1961Mb L: 324/2679 MS: 1 EraseBytes-
#1097220	REDUCE cov: 1418 ft: 5735 corp: 1100/337Kb lim: 3405 exec/s: 1921 rss: 1961Mb L: 84/2679 MS: 1 EraseBytes-
#1098616	REDUCE cov: 1418 ft: 5735 corp: 1100/337Kb lim: 3416 exec/s: 1920 rss: 1961Mb L: 98/2679 MS: 1 EraseBytes-
#1098906	REDUCE cov: 1418 ft: 5735 corp: 1100/337Kb lim: 3416 exec/s: 1921 rss: 1961Mb L: 143/2679 MS: 5 ChangeBit-ChangeBit-ChangeBit-EraseBytes-ManualDict- DE: "usw             %["-
#1098918	REDUCE cov: 1418 ft: 5735 corp: 1100/337Kb lim: 3416 exec/s: 1921 rss: 1961Mb L: 331/2679 MS: 2 ChangeByte-EraseBytes-
#1098994	REDUCE cov: 1418 ft: 5735 corp: 1100/337Kb lim: 3416 exec/s: 1921 rss: 1961Mb L: 136/2679 MS: 1 EraseBytes-
#1099276	REDUCE cov: 1418 ft: 5735 corp: 1100/337Kb lim: 3416 exec/s: 1921 rss: 1961Mb L: 107/2679 MS: 2 ManualDict-EraseBytes- DE: "replv.ph %0, %0"-
#1099973	REDUCE cov: 1418 ft: 5735 corp: 1100/337Kb lim: 3416 exec/s: 1923 rss: 1961Mb L: 228/2679 MS: 2 CopyPart-EraseBytes-
#1100550	REDUCE cov: 1418 ft: 5735 corp: 1100/337Kb lim: 3416 exec/s: 1924 rss: 1961Mb L: 76/2679 MS: 2 PersAutoDict-EraseBytes- DE: "\000\000\011\031"-
#1102293	REDUCE cov: 1418 ft: 5735 corp: 1100/337Kb lim: 3427 exec/s: 1923 rss: 1961Mb L: 958/2679 MS: 3 InsertRepeatedBytes-InsertRepeatedBytes-EraseBytes-
#1102943	REDUCE cov: 1418 ft: 5735 corp: 1100/337Kb lim: 3427 exec/s: 1924 rss: 1961Mb L: 709/2679 MS: 5 ChangeBinInt-ShuffleBytes-ChangeASCIIInt-InsertRepeatedBytes-EraseBytes-
#1103134	NEW    cov: 1419 ft: 5740 corp: 1101/337Kb lim: 3427 exec/s: 1925 rss: 1961Mb L: 180/2679 MS: 1 ChangeBit-
#1103205	REDUCE cov: 1419 ft: 5740 corp: 1101/337Kb lim: 3427 exec/s: 1925 rss: 1961Mb L: 287/2679 MS: 1 EraseBytes-
#1103492	REDUCE cov: 1419 ft: 5741 corp: 1102/337Kb lim: 3427 exec/s: 1925 rss: 1961Mb L: 142/2679 MS: 2 ChangeBit-ChangeByte-
#1103799	REDUCE cov: 1419 ft: 5741 corp: 1102/337Kb lim: 3427 exec/s: 1926 rss: 1961Mb L: 230/2679 MS: 2 ManualDict-EraseBytes- DE: "ulw          %[temp0],   -1*"-
#1103854	REDUCE cov: 1419 ft: 5741 corp: 1102/337Kb lim: 3427 exec/s: 1926 rss: 1961Mb L: 1988/2679 MS: 5 CMP-InsertRepeatedBytes-CrossOver-ChangeBit-EraseBytes- DE: "\030\000\000\000\000\000\000\000"-
#1104607	REDUCE cov: 1419 ft: 5741 corp: 1102/337Kb lim: 3427 exec/s: 1927 rss: 1961Mb L: 1249/2679 MS: 3 PersAutoDict-CopyPart-EraseBytes- DE: "src/dsp/mips_macro.h"-
#1104978	REDUCE cov: 1419 ft: 5741 corp: 1102/337Kb lim: 3427 exec/s: 1928 rss: 1961Mb L: 136/2679 MS: 1 EraseBytes-
#1105959	REDUCE cov: 1419 ft: 5741 corp: 1102/337Kb lim: 3427 exec/s: 1926 rss: 1961Mb L: 188/2679 MS: 1 EraseBytes-
#1107730	REDUCE cov: 1419 ft: 5741 corp: 1102/337Kb lim: 3438 exec/s: 1923 rss: 1961Mb L: 267/2679 MS: 1 EraseBytes-
#1110027	REDUCE cov: 1420 ft: 5746 corp: 1103/337Kb lim: 3460 exec/s: 1923 rss: 1961Mb L: 107/2679 MS: 2 ChangeBinInt-ChangeBit-
#1110326	REDUCE cov: 1420 ft: 5746 corp: 1103/337Kb lim: 3460 exec/s: 1924 rss: 1961Mb L: 300/2679 MS: 4 ChangeByte-EraseBytes-CMP-CopyPart- DE: "\000\000\000\000"-
#1111167	NEW    cov: 1420 ft: 5747 corp: 1104/337Kb lim: 3460 exec/s: 1925 rss: 1961Mb L: 180/2679 MS: 1 ChangeASCIIInt-
#1115063	REDUCE cov: 1420 ft: 5747 corp: 1104/337Kb lim: 3493 exec/s: 1922 rss: 1961Mb L: 278/2679 MS: 1 EraseBytes-
#1115812	NEW    cov: 1420 ft: 5748 corp: 1105/337Kb lim: 3493 exec/s: 1920 rss: 1961Mb L: 270/2679 MS: 4 InsertByte-InsertRepeatedBytes-InsertRepeatedBytes-ChangeByte-
#1116669	REDUCE cov: 1420 ft: 5748 corp: 1105/337Kb lim: 3493 exec/s: 1921 rss: 1961Mb L: 507/2679 MS: 2 ChangeBinInt-EraseBytes-
#1117155	NEW    cov: 1420 ft: 5749 corp: 1106/338Kb lim: 3493 exec/s: 1922 rss: 1961Mb L: 238/2679 MS: 1 PersAutoDict- DE: "movn    %["-
#1117844	REDUCE cov: 1420 ft: 5750 corp: 1107/338Kb lim: 3493 exec/s: 1924 rss: 1961Mb L: 224/2679 MS: 4 ChangeASCIIInt-ShuffleBytes-CMP-ChangeBit- DE: "\000\020"-
#1118480	REDUCE cov: 1420 ft: 5750 corp: 1107/338Kb lim: 3493 exec/s: 1889 rss: 1961Mb L: 1104/2679 MS: 1 EraseBytes-
#1119984	REDUCE cov: 1420 ft: 5750 corp: 1107/338Kb lim: 3504 exec/s: 1888 rss: 1961Mb L: 329/2679 MS: 4 ChangeASCIIInt-ChangeBinInt-EraseBytes-ChangeByte-
#1120235	REDUCE cov: 1420 ft: 5750 corp: 1107/338Kb lim: 3504 exec/s: 1889 rss: 1961Mb L: 524/2679 MS: 1 EraseBytes-
#1120356	REDUCE cov: 1420 ft: 5750 corp: 1107/338Kb lim: 3504 exec/s: 1889 rss: 1961Mb L: 181/2679 MS: 1 EraseBytes-
#1120392	REDUCE cov: 1420 ft: 5750 corp: 1107/338Kb lim: 3504 exec/s: 1889 rss: 1961Mb L: 179/2679 MS: 1 EraseBytes-
#1120623	NEW    cov: 1420 ft: 5751 corp: 1108/338Kb lim: 3504 exec/s: 1883 rss: 1961Mb L: 106/2679 MS: 1 ChangeBit-
#1123166	REDUCE cov: 1420 ft: 5751 corp: 1108/338Kb lim: 3526 exec/s: 1884 rss: 1961Mb L: 209/2679 MS: 3 InsertRepeatedBytes-CMP-EraseBytes- DE: "\000\000"-
#1124707	REDUCE cov: 1420 ft: 5751 corp: 1108/338Kb lim: 3537 exec/s: 1883 rss: 1961Mb L: 285/2679 MS: 1 EraseBytes-
#1124928	REDUCE cov: 1420 ft: 5751 corp: 1108/338Kb lim: 3537 exec/s: 1884 rss: 1961Mb L: 463/2679 MS: 1 EraseBytes-
#1124964	REDUCE cov: 1420 ft: 5751 corp: 1108/338Kb lim: 3537 exec/s: 1884 rss: 1961Mb L: 234/2679 MS: 1 EraseBytes-
#1124976	REDUCE cov: 1420 ft: 5756 corp: 1109/338Kb lim: 3537 exec/s: 1884 rss: 1961Mb L: 131/2679 MS: 2 PersAutoDict-ChangeBinInt- DE: "src/utils/filters_utils.h"-
#1125824	NEW    cov: 1420 ft: 5759 corp: 1110/338Kb lim: 3537 exec/s: 1885 rss: 1961Mb L: 134/2679 MS: 3 InsertRepeatedBytes-EraseBytes-ChangeBit-
#1127533	NEW    cov: 1420 ft: 5766 corp: 1111/338Kb lim: 3548 exec/s: 1885 rss: 1961Mb L: 238/2679 MS: 4 ChangeBit-ShuffleBytes-ChangeByte-ChangeBit-
#1127765	REDUCE cov: 1420 ft: 5766 corp: 1111/338Kb lim: 3548 exec/s: 1885 rss: 1961Mb L: 142/2679 MS: 2 CopyPart-EraseBytes-
#1128050	REDUCE cov: 1420 ft: 5766 corp: 1111/338Kb lim: 3548 exec/s: 1886 rss: 1961Mb L: 1375/2679 MS: 5 ManualDict-EraseBytes-CrossOver-CMP-ChangeBinInt- DE: "usw    %["-"\266\000"-
#1128091	REDUCE cov: 1421 ft: 5775 corp: 1112/338Kb lim: 3548 exec/s: 1886 rss: 1961Mb L: 54/2679 MS: 1 PersAutoDict- DE: "WE\000\020"-
#1129082	REDUCE cov: 1421 ft: 5775 corp: 1112/338Kb lim: 3548 exec/s: 1884 rss: 1961Mb L: 162/2679 MS: 1 EraseBytes-
#1129428	REDUCE cov: 1421 ft: 5775 corp: 1112/338Kb lim: 3548 exec/s: 1885 rss: 1961Mb L: 387/2679 MS: 1 EraseBytes-
#1129528	REDUCE cov: 1421 ft: 5775 corp: 1112/338Kb lim: 3548 exec/s: 1885 rss: 1961Mb L: 133/2679 MS: 5 ChangeByte-InsertRepeatedBytes-CMP-EraseBytes-EraseBytes- DE: "\036\000\000\000\000\000\000\000"-
#1129646	REDUCE cov: 1421 ft: 5775 corp: 1112/338Kb lim: 3548 exec/s: 1885 rss: 1961Mb L: 241/2679 MS: 3 CrossOver-InsertRepeatedBytes-EraseBytes-
#1129721	DONE   cov: 1421 ft: 5775 corp: 1112/338Kb lim: 3548 exec/s: 1879 rss: 1961Mb
###### Recommended dictionary. ######
"\001\004" # Uses: 285
"M\037\000\000" # Uses: 314
"\362\334\377\377" # Uses: 305
"c\000\000\000\000\000\000\000" # Uses: 270
"\000\316" # Uses: 309
"\377\377\377\377\377\377\377\377" # Uses: 282
"\377\377\377\377" # Uses: 308
"\000\000@\000" # Uses: 289
"Rvld" # Uses: 282
"\000\000\202\356" # Uses: 281
"xxxx" # Uses: 262
"\000\000\000\000\000\000\000\033" # Uses: 255
"\000\000\011\031" # Uses: 274
"8\002\000\000\000\000\000\000" # Uses: 290
"\377\377\377\377\377\377\377\015" # Uses: 279
"\310\000\000\000" # Uses: 247
"\000\000\000\000\000\000\000\020" # Uses: 269
"WE\000\020" # Uses: 272
"\031\000\000\000\000\000\000\000" # Uses: 259
"\007\000" # Uses: 318
"\377\377\377\377\377\377\377\032" # Uses: 272
"t\002\000\000\000\000\000\000" # Uses: 280
"\234\000\000\000\000\000\000\000" # Uses: 278
"\006\000\000\000" # Uses: 288
"\001\000\000\000" # Uses: 240
"\012\000" # Uses: 283
"\376\377\377\366" # Uses: 279
"\377\377\377\377\377\377\377i" # Uses: 245
"\235\000\000\000\000\000\000\000" # Uses: 280
"\377\377\377\377\377\377\005\372" # Uses: 286
"\031\000WE" # Uses: 279
"\001\002" # Uses: 266
"\000\000\000\000\000\000\000\302" # Uses: 282
"\217\000\000\000\000\000\000\000" # Uses: 279
"\001\030" # Uses: 261
"\377\377\377\377\377\377\377s" # Uses: 261
"\036\000" # Uses: 269
"p\000\000\000\000\000\000\000" # Uses: 254
"\000\000\000\000\000\000\000h" # Uses: 234
"\377\377\377\377\377\377\377a" # Uses: 235
"\377\377\377\377\377\377\377\003" # Uses: 250
"VP6X" # Uses: 231
"\"\000\000\000\000\000\000\000" # Uses: 219
"\001\000\000\000\000\000\000\031" # Uses: 236
"VP9 " # Uses: 256
"\016\000" # Uses: 235
"Z\000\000\000\000\000\000\000" # Uses: 257
"\000\000\000\000" # Uses: 256
"\275\002" # Uses: 270
"\355#" # Uses: 255
"\001\000\000\011" # Uses: 246
"x\001\000\000\000\000\000\000" # Uses: 237
"\000\000\000\012" # Uses: 260
"\032\011" # Uses: 237
"\000\007" # Uses: 242
"\274\000\000\000\000\000\000\000" # Uses: 253
"\251LPH" # Uses: 231
"\034\000\000\000\000\000\000\000" # Uses: 223
"s\002\000\000" # Uses: 209
"\366\275X\000\000\000\000\000" # Uses: 243
"\000\000\000\367" # Uses: 230
"\000\000\000\000\000\000\000\004" # Uses: 224
"/\000\000\000\000\000\000\000" # Uses: 220
"\000@" # Uses: 189
"\001\000\000\000\000\000\000\000" # Uses: 176
"\001\007" # Uses: 226
"\001\000\000\000\000\000\000U" # Uses: 240
"\377\377\377\377\377\377\377\006" # Uses: 214
"\004\000\000\000\000\000\000\000" # Uses: 200
"\000\000\000\001" # Uses: 206
"\001\001" # Uses: 217
")\000\000\000" # Uses: 211
"\000\000\000." # Uses: 217
"`\000" # Uses: 232
"Q\000\000\000\000\000\000\000" # Uses: 208
"\010\000\000\000" # Uses: 208
"\000\000\000\007" # Uses: 194
"\031\011\000\000" # Uses: 220
"\004\000" # Uses: 174
"V\020\000\235" # Uses: 216
"\006\000" # Uses: 198
"8Lev" # Uses: 190
"!\000\000\000" # Uses: 189
"\266LPH" # Uses: 172
"\000\000" # Uses: 183
"WEB/" # Uses: 195
"GEBP" # Uses: 185
"\024\000\000\000\000\000\000\000" # Uses: 194
"\377\377\377\377\377\377-u" # Uses: 144
"\224\001\000\000\000\000\000\000" # Uses: 181
"\032\362" # Uses: 180
"\011\000\000\000" # Uses: 165
"U\000\000\000\000\000\000\000" # Uses: 170
" \000\000\000\000\000\000\000" # Uses: 179
"\023\000" # Uses: 196
"\245\001\014\231" # Uses: 162
"\250\000\000\000\000\000\000\000" # Uses: 181
"\000\000\000\000\000\000\000r" # Uses: 148
"\000\000\000\000\000\000\000q" # Uses: 163
"\377\377\377\036" # Uses: 182
"g\000\000\000\000\000\000\000" # Uses: 167
"\011\000\000\000\000\000\000\000" # Uses: 167
"\001\000\000\024" # Uses: 161
"S\000\000\000\000\000\000\000" # Uses: 155
"\000\000\000\354" # Uses: 168
"\000\000\000\014" # Uses: 149
"\377\377\377\217" # Uses: 160
"\215&" # Uses: 162
"\377\377\377\377\377\377\377\272" # Uses: 155
"\252\257\306\273" # Uses: 158
"\000\000\000\011" # Uses: 146
"VIFF" # Uses: 153
"VP\000\000" # Uses: 143
"\011\000" # Uses: 150
"\376\000" # Uses: 143
"\000\000\000\202" # Uses: 150
"\007\000\000\000" # Uses: 164
"\000\000\000\000\000\000\000\003" # Uses: 142
"\377\377\377\000" # Uses: 145
"\005\000\000\000" # Uses: 144
"\030\000" # Uses: 149
"\003\000\000\000\000\000\000\000" # Uses: 144
"`\001\000\000\000\000\000\000" # Uses: 153
"~\000\000K" # Uses: 134
"\223\001\000\000\000\000\000\000" # Uses: 135
"J\000\000\000" # Uses: 128
"\000\000\000\304" # Uses: 127
"\012\000\000\000\000\000\000\000" # Uses: 118
"\001\000\000z" # Uses: 140
"\000\000\000\000\000\000\003\012" # Uses: 123
"\001\000\000\000\000\000\0012" # Uses: 143
"g\002\000\000\000\000\000\000" # Uses: 129
"\000\020\000\000" # Uses: 131
"\013\000\000\000\000\000\000\000" # Uses: 141
"\377\027" # Uses: 138
"\314\013\005\000\000\000\000\000" # Uses: 114
"\017\000" # Uses: 135
"\377;" # Uses: 157
"h\000\000\000" # Uses: 110
"\001\000\000\332" # Uses: 137
"RALP" # Uses: 115
"\001\000\000\000\000\000\002z" # Uses: 133
"6\000" # Uses: 128
"\266\000\000\000" # Uses: 123
"s\000\000\000\000\000\000\000" # Uses: 109
"\000\000\000\231" # Uses: 141
"I\000\000\000\000\000\000\000" # Uses: 116
"!\001\000\000\000\000\000\000" # Uses: 126
"VP4X" # Uses: 144
"\036\225" # Uses: 122
"\013\000" # Uses: 110
"\001\000\000\000\000\000\000\033" # Uses: 118
"\001\000\000\000\000\000\000\010" # Uses: 120
"\000\000\000\000\000\000\0028" # Uses: 110
":RIF" # Uses: 112
"\001\000\0001" # Uses: 120
"WE\277P" # Uses: 115
"R>FF" # Uses: 111
"R\331FF" # Uses: 118
"\222\000" # Uses: 108
"\000\000\000\000\000\000\000\001" # Uses: 125
"\377\377\377\377\377\377\377\026" # Uses: 108
"+RIF" # Uses: 96
"\377\377\377\377\377\377\377\323" # Uses: 94
"|\000" # Uses: 88
"\002\000\000\000\000\000\000\000" # Uses: 82
"\000d" # Uses: 90
"\361\000\000\000\000\000\000\000" # Uses: 78
"Z\001\000\000\000\000\000\000" # Uses: 107
"\232\000\000\000" # Uses: 83
"%\000\000\000\000\000\000\000" # Uses: 98
"SEBP" # Uses: 104
"\001\000\000\324" # Uses: 90
"\023\000\000\000\000\000\000\000" # Uses: 107
"\020\000\000\000" # Uses: 96
"WEVP" # Uses: 109
"WE9P" # Uses: 108
"\000\000\000\000\000\000\000\276" # Uses: 71
"`RIF" # Uses: 91
"\001\000\000\000\000\000\000\030" # Uses: 74
"\001\000\000\000\000\000\000X" # Uses: 102
"\000\000\000\000\000\000\000\000" # Uses: 84
"\002\000 \000" # Uses: 84
"\313\000\000\000\000\000\000\000" # Uses: 77
"\377\377\377\377\377\377\377\264" # Uses: 89
"t\000" # Uses: 64
"\002\000" # Uses: 52
"\003\000\000\000" # Uses: 54
"VPqL" # Uses: 55
"\364\005\000\000\000\000\000\000" # Uses: 51
"!\000\000\000\000\000\000\000" # Uses: 49
"\377\377\377\377\377\377\377\375" # Uses: 48
"VPWE" # Uses: 44
"\021\000\000\000\000\000\000\000" # Uses: 41
"?\000\000\000\000\000\000\000" # Uses: 43
"\000\000\000\000\000\000\000\304" # Uses: 50
"\001\000\000\000\000\000\000\004" # Uses: 39
"$\377FF" # Uses: 41
"WABP" # Uses: 38
"\244WEB" # Uses: 42
"\001\000\000\000\000\000\000r" # Uses: 32
"\001\000\000\003" # Uses: 42
"\377\377\377\013" # Uses: 42
"\001\000\000\213" # Uses: 24
"J\000" # Uses: 33
"^\000\000\000\000\000\000\000" # Uses: 23
"\015\000\000\000\000\000\000\000" # Uses: 30
"\003\000" # Uses: 17
"\000\000\000\000\000\000\000j" # Uses: 16
"\001\000\000\000\000\000\000\007" # Uses: 15
"\026\000" # Uses: 27
"o\002\000\000\000\000\000\000" # Uses: 7
"VP4 " # Uses: 7
"\236\000\000\000" # Uses: 13
"\001\000\000\000\000\000\007\261" # Uses: 11
"VP8W" # Uses: 8
"[6]}" # Uses: 8
"\001\000\000\000\000\000\013\320" # Uses: 9
"\001\000" # Uses: 10
"H\000\000\000\000\000\000\000" # Uses: 2
"\032\000\000\000\000\000\000\000" # Uses: 11
"\030\000\000\000\000\000\000\000" # Uses: 9
"\000\020" # Uses: 1
"\266\000" # Uses: 0
"\036\000\000\000\000\000\000\000" # Uses: 0
###### End of recommended dictionary. ######
Done 1129721 runs in 601 second(s)
stat::number_of_executed_units: 1129721
stat::average_exec_per_sec:     1879
stat::new_units_added:          3317
stat::slowest_unit_time_sec:    0
stat::peak_rss_mb:              1961
